Application,ProcessID,SwapChainAddress,PresentRuntime,SyncInterval,PresentFlags,AllowsTearing,PresentMode,TimeInMs,MsBetweenSimulationStart,MsBetweenPresents,MsBetweenDisplayChange,MsInPresentAPI,MsRenderPresentLatency,MsUntilDisplayed,CPUStartTimeInMs,MsBetweenAppStart,MsCPUBusy,MsCPUWait,MsGPULatency,MsGPUTime,MsGPUBusy,MsGPUWait,MsAnimationError,AnimationTime,MsFlipDelay
ExperienceX.exe,56308,0x216C829D570,DXGI,1,0,0,Composed: Flip,37.0610,NA,16.62180000000000,NA,0.11060000000000,2.31060000000000,NA,20.6488,16.5228,16.4122,0.1106,17.6791,1.0437,1.0437,0.0000,NA,NA,NA
ExperienceX.exe,56308,0x216C7EA03E0,DXGI,1,0,0,Composed: Flip,36.6418,NA,14.63360000000000,NA,0.23130000000000,1.68610000000000,NA,22.0751,14.7980,14.5667,0.2313,0.7604,15.4924,1.6904,13.8020,NA,NA,NA
ExperienceX.exe,56308,0x216C7EA03E0,DXGI,1,0,0,Composed: Flip,55.6109,NA,18.96910000000000,NA,0.13450000000000,0.69370000000000,NA,36.8731,18.8723,18.7378,0.1345,17.9372,1.4943,1.4069,0.0874,NA,NA,NA
ExperienceX.exe,56308,0x216838E1150,DXGI,1,0,0,Composed: Flip,37.6763,NA,17.23610000000000,16.76850000000000,0.07800000000000,2.00040000000000,32.1805,20.6488,17.1055,17.0275,0.0780,18.7228,0.3051,0.3051,0.0000,NA,20.6488,NA
ExperienceX.exe,56308,0x216838E1150,DXGI,1,0,0,Composed: Flip,53.3992,NA,15.72290000000000,NA,0.14630000000000,1.29970000000000,NA,37.7543,15.7912,15.6449,0.1463,1.9224,15.0222,2.1547,12.8675,NA,NA,NA
ExperienceX.exe,56308,0x216C7EA03E0,DXGI,1,0,0,Composed: Flip,70.3838,NA,14.77290000000000,NA,0.36560000000000,2.00780000000000,NA,55.7454,15.0040,14.6384,0.3656,0.5592,16.0870,1.7446,14.3424,NA,NA,NA
ExperienceX.exe,56308,0x216838E1150,DXGI,1,0,0,Composed: Flip,72.6335,NA,19.23430000000000,33.29910000000000,0.40970000000000,1.32290000000000,30.5224,53.5455,19.4977,19.0880,0.4097,20.0020,0.4089,0.4089,0.0000,-0.4024,53.5455,NA
ExperienceX.exe,56308,0x216C7EA03E0,DXGI,1,0,0,Composed: Flip,88.2757,NA,17.89190000000000,NA,0.22290000000000,0.96400000000000,NA,70.7494,17.7492,17.5263,0.2229,17.7076,0.7827,0.7827,0.0000,NA,NA,NA
ExperienceX.exe,56308,0x216838E1150,DXGI,1,0,0,Composed: Flip,87.0159,NA,14.38240000000000,16.53570000000000,0.08470000000000,0.83000000000000,32.6757,73.0432,14.0574,13.9727,0.0847,0.9132,13.8895,2.5998,11.2897,2.9620,73.0432,NA
ExperienceX.exe,56308,0x216C7EA03E0,DXGI,1,0,0,Composed: Flip,103.5265,NA,15.25080000000000,NA,0.27370000000000,0.85330000000000,NA,88.4986,15.3016,15.0279,0.2737,0.7411,15.1401,0.7135,14.4266,NA,NA,NA
ExperienceX.exe,56308,0x216C829D570,DXGI,1,0,0,Composed: Flip,53.3991,NA,16.33810000000000,NA,0.14650000000000,1.41120000000000,33.2582,37.1716,16.3740,16.2275,0.1465,17.5273,0.1114,0.1114,0.0000,NA,37.1716,NA
ExperienceX.exe,56308,0x216C829D570,DXGI,1,0,0,Composed: Flip,71.0063,NA,17.60720000000000,NA,0.33830000000000,2.54120000000000,NA,53.5456,17.7990,17.4607,0.3383,18.8460,1.1559,1.1559,0.0000,NA,NA,NA
ExperienceX.exe,56308,0x216C829D570,DXGI,1,0,0,Composed: Flip,87.0178,NA,16.01150000000000,NA,0.08280000000000,1.43920000000000,NA,71.3446,15.7560,15.6732,0.0828,16.5013,0.6111,0.6111,0.0000,NA,NA,NA
ExperienceX.exe,56308,0x216C829D570,DXGI,1,0,0,Composed: Flip,103.9464,NA,16.92860000000000,NA,0.10590000000000,2.34560000000000,NA,87.1006,16.9517,16.8458,0.1059,18.8430,0.3484,0.3484,0.0000,NA,NA,NA
ExperienceX.exe,56308,0x216C7EA03E0,DXGI,1,0,0,Composed: Flip,121.4055,NA,17.87900000000000,NA,0.06150000000000,0.89460000000000,NA,103.8002,17.6668,17.6053,0.0615,17.4295,1.0704,1.0704,0.0000,NA,NA,NA
ExperienceX.exe,56308,0x216838E1150,DXGI,1,0,0,Composed: Flip,103.9505,NA,16.93460000000000,16.94630000000000,0.10440000000000,1.99310000000000,32.6874,87.1006,16.9543,16.8499,0.1044,17.2792,1.5638,1.5638,0.0000,-2.8889,87.1006,NA
ExperienceX.exe,56308,0x216838E1150,DXGI,1,0,0,Composed: Flip,119.9323,NA,15.98180000000000,NA,0.25060000000000,0.95530000000000,NA,104.0549,16.1280,15.8774,0.2506,2.2371,14.5956,1.7770,12.8186,NA,NA,NA
ExperienceX.exe,56308,0x216C7EA03E0,DXGI,1,0,0,Composed: Flip,137.1381,NA,15.73260000000000,NA,0.38700000000000,0.92940000000000,NA,121.4670,16.0581,15.6711,0.3870,0.8331,15.7674,0.9533,14.8141,NA,NA,NA
ExperienceX.exe,56308,0x216C7EA03E0,DXGI,1,0,0,Composed: Flip,154.4168,NA,17.27870000000000,NA,0.05850000000000,1.25540000000000,NA,137.5251,16.9502,16.8917,0.0585,17.4015,0.7456,0.7388,0.0068,NA,NA,NA
ExperienceX.exe,56308,0x216838E1150,DXGI,1,0,0,Composed: Flip,137.9305,NA,17.99820000000000,33.06400000000000,0.12900000000000,2.00580000000000,31.7714,120.1829,17.8766,17.7476,0.1290,19.3637,0.3897,0.3897,0.0000,0.0183,120.1829,NA
ExperienceX.exe,56308,0x216C7EA03E0,DXGI,1,0,0,Composed: Flip,170.0864,NA,15.66960000000000,NA,0.24190000000000,0.74280000000000,NA,154.4753,15.8530,15.6111,0.2419,15.7936,0.5603,0.5603,0.0000,NA,NA,NA
ExperienceX.exe,56308,0x216838E1150,DXGI,1,0,0,Composed: Flip,170.7277,NA,32.79720000000000,33.27910000000000,0.41640000000000,2.59330000000000,32.2533,138.0595,33.0846,32.6682,0.4164,34.2774,0.9841,0.9841,0.0000,-15.4025,138.0595,NA
ExperienceX.exe,56308,0x216C7EA03E0,DXGI,1,0,0,Composed: Flip,187.9748,NA,17.88840000000000,NA,0.07610000000000,1.23490000000000,NA,170.3283,17.7226,17.6465,0.0761,18.1076,0.7738,0.7675,0.0063,NA,NA,NA
ExperienceX.exe,56308,0x216838E1150,DXGI,1,0,0,Composed: Flip,186.8818,NA,16.15410000000000,16.82460000000000,0.12600000000000,0.93220000000000,32.9238,171.1441,15.8637,15.7377,0.1260,2.1769,14.4930,1.0719,13.4211,16.2600,171.1441,NA
ExperienceX.exe,56308,0x216C7EA03E0,DXGI,1,0,0,Composed: Flip,203.2066,NA,15.23180000000000,NA,0.19990000000000,0.58190000000000,NA,188.0509,15.3556,15.1557,0.1999,1.1588,14.5788,1.6855,12.8933,NA,NA,NA
ExperienceX.exe,56308,0x216C829D570,DXGI,1,0,0,Composed: Flip,119.9325,NA,15.98610000000000,66.32000000000001,0.25030000000000,1.29720000000000,33.0448,104.0523,16.1305,15.8802,0.2503,16.8353,0.3421,0.3421,0.0000,0.5607,104.0523,NA
ExperienceX.exe,56308,0x216C829D570,DXGI,1,0,0,Composed: Flip,138.3153,NA,18.38280000000000,NA,0.11250000000000,1.23130000000000,NA,120.1828,18.2450,18.1325,0.1125,17.8847,1.4791,1.4791,0.0000,NA,NA,NA
ExperienceX.exe,56308,0x216C829D570,DXGI,1,0,0,Composed: Flip,153.2182,NA,14.90290000000000,NA,0.14290000000000,1.70840000000000,NA,138.4278,14.9333,14.7904,0.1429,15.8892,0.6096,0.6096,0.0000,NA,NA,NA
ExperienceX.exe,56308,0x216C829D570,DXGI,1,0,0,Composed: Flip,171.1403,NA,17.92210000000000,NA,0.05960000000000,1.19660000000000,NA,153.3611,17.8388,17.7792,0.0596,17.4681,1.5077,1.5077,0.0000,NA,NA,NA
ExperienceX.exe,56308,0x216C829D570,DXGI,1,0,0,Composed: Flip,186.8821,NA,15.74180000000000,NA,0.12570000000000,1.55380000000000,NA,171.1999,15.8079,15.6822,0.1257,16.6141,0.6219,0.6219,0.0000,NA,NA,NA
ExperienceX.exe,56308,0x216C829D570,DXGI,1,0,0,Composed: Flip,203.5082,NA,16.62610000000000,NA,0.08770000000000,1.85960000000000,NA,187.0078,16.5881,16.5004,0.0877,16.7807,1.5793,1.5793,0.0000,NA,NA,NA
ExperienceX.exe,56308,0x216C7EA03E0,DXGI,1,0,0,Composed: Flip,220.7469,NA,17.54030000000000,NA,0.67030000000000,2.88150000000000,NA,203.4065,18.0107,17.3404,0.6703,19.4577,0.7642,0.7573,0.0069,NA,NA,NA
ExperienceX.exe,56308,0x216838E1150,DXGI,1,0,0,Composed: Flip,203.9429,NA,17.06110000000000,16.72790000000000,0.12650000000000,1.77040000000000,32.5906,187.0078,17.0616,16.9351,0.1265,18.3600,0.3455,0.3455,0.0000,-0.8642,187.0078,NA
ExperienceX.exe,56308,0x216838E1150,DXGI,1,0,0,Composed: Flip,220.2834,NA,16.34050000000000,NA,0.20590000000000,2.58080000000000,NA,204.0694,16.4199,16.2140,0.2059,18.4493,0.3455,0.3455,0.0000,NA,NA,NA
ExperienceX.exe,56308,0x216C7EA03E0,DXGI,1,0,0,Composed: Flip,236.8517,NA,16.10480000000000,NA,0.22420000000000,1.52970000000000,NA,221.4172,15.6587,15.4345,0.2242,15.6721,1.2921,1.2921,0.0000,NA,NA,NA
ExperienceX.exe,56308,0x216C7EA03E0,DXGI,1,0,0,Composed: Flip,254.5687,NA,17.71700000000000,NA,0.14380000000000,0.89220000000000,NA,237.0759,17.6366,17.4928,0.1438,17.2845,1.1005,1.1005,0.0000,NA,NA,NA
ExperienceX.exe,56308,0x216C829D570,DXGI,1,0,0,Composed: Flip,220.2833,NA,16.77510000000000,100.03810000000000,0.20590000000000,2.23540000000000,32.7321,203.5959,16.8933,16.6874,0.2059,2.1174,16.8054,2.6017,14.2037,-0.4945,203.5959,NA
ExperienceX.exe,56308,0x216C829D570,DXGI,1,0,0,Composed: Flip,237.2115,NA,16.92820000000000,NA,0.58790000000000,2.19710000000000,NA,220.4892,17.3102,16.7223,0.5879,17.8922,1.0272,1.0272,0.0000,NA,NA,NA
ExperienceX.exe,56308,0x216C829D570,DXGI,1,0,0,Composed: Flip,253.3173,NA,16.10580000000000,NA,0.32510000000000,0.67850000000000,NA,237.7994,15.8430,15.5179,0.3251,1.9617,14.2347,1.4280,12.8067,NA,NA,NA
ExperienceX.exe,56308,0x216C7EA03E0,DXGI,1,0,0,Composed: Flip,270.1592,NA,15.59050000000000,NA,0.22820000000000,1.23070000000000,NA,254.7125,15.6749,15.4467,0.2282,0.7484,15.9290,1.2992,14.6298,NA,NA,NA
ExperienceX.exe,56308,0x216838E1150,DXGI,1,0,0,Composed: Flip,237.2728,NA,16.98940000000000,33.21200000000000,0.60160000000000,2.48830000000000,32.4727,220.4893,17.3851,16.7835,0.6016,18.9193,0.3525,0.3525,0.0000,0.2695,220.4893,NA
ExperienceX.exe,56308,0x216838E1150,DXGI,1,0,0,Composed: Flip,270.4980,NA,33.22520000000000,NA,1.04130000000000,1.88200000000000,NA,237.8744,33.6649,32.6236,1.0413,33.5155,0.9901,0.9901,0.0000,NA,NA,NA
ExperienceX.exe,56308,0x216C7EA03E0,DXGI,1,0,0,Composed: Flip,288.3626,NA,18.20340000000000,NA,0.12470000000000,0.68300000000000,NA,270.3874,18.0999,17.9752,0.1247,17.7165,0.9417,0.9417,0.0000,NA,NA,NA
ExperienceX.exe,56308,0x216838E1150,DXGI,1,0,0,Composed: Flip,286.9307,NA,16.43270000000000,50.08040000000000,0.24580000000000,0.75750000000000,32.8952,271.5393,15.6372,15.3914,0.2458,1.6213,14.5276,1.5650,12.9626,0.9696,271.5393,NA
ExperienceX.exe,56308,0x216C7EA03E0,DXGI,1,0,0,Composed: Flip,303.2700,NA,14.90740000000000,NA,0.27360000000000,1.33440000000000,NA,288.4873,15.0563,14.7827,0.2736,0.5583,15.5588,1.5356,14.0232,NA,NA,NA
ExperienceX.exe,56308,0x216C829D570,DXGI,1,0,0,Composed: Flip,270.4983,NA,17.18100000000000,50.03440000000001,0.50840000000000,2.66230000000000,32.5515,253.6424,17.3643,16.8559,0.5084,18.7376,0.7806,0.7806,0.0000,0.0121,253.6424,NA
ExperienceX.exe,56308,0x216C829D570,DXGI,1,0,0,Composed: Flip,304.4062,NA,33.90790000000001,NA,0.07130000000000,1.64100000000000,NA,271.0067,33.4708,33.3995,0.0713,34.6699,0.3706,0.3706,0.0000,NA,NA,NA
ExperienceX.exe,56308,0x216C7EA03E0,DXGI,1,0,0,Composed: Flip,321.4614,NA,18.19140000000000,NA,0.51070000000000,1.25700000000000,NA,303.5436,18.4285,17.9178,0.5107,18.5612,0.6136,0.6136,0.0000,NA,NA,NA
ExperienceX.exe,56308,0x216838E1150,DXGI,1,0,0,Composed: Flip,304.4087,NA,17.47800000000000,17.04020000000000,0.51500000000000,1.26790000000000,32.4574,287.1765,17.7472,17.2322,0.5150,17.4279,1.0722,1.0722,0.0000,-1.4030,287.1765,NA
ExperienceX.exe,56308,0x216838E1150,DXGI,1,0,0,Composed: Flip,320.2644,NA,15.85570000000000,NA,0.53020000000000,1.84040000000000,NA,304.9237,15.8709,15.3407,0.5302,17.1774,0.0037,0.0037,0.0000,NA,NA,NA
ExperienceX.exe,56308,0x216C7EA03E0,DXGI,1,0,0,Composed: Flip,337.2757,NA,15.81430000000000,NA,0.10280000000000,0.92310000000000,NA,321.9721,15.4064,15.3036,0.1028,0.7463,15.4804,1.0847,14.3957,NA,NA,NA
ExperienceX.exe,56308,0x216C829D570,DXGI,1,0,0,Composed: Flip,320.1776,NA,15.77140000000000,49.96450000000000,0.12210000000000,1.92350000000000,32.8367,304.4775,15.8222,15.7001,0.1221,1.5697,16.0539,2.9584,13.0955,0.8706,304.4775,NA
ExperienceX.exe,56308,0x216C829D570,DXGI,1,0,0,Composed: Flip,338.8705,NA,18.69290000000000,NA,0.19360000000000,1.37350000000000,NA,320.2997,18.7644,18.5708,0.1936,18.9905,0.9538,0.9538,0.0000,NA,NA,NA
ExperienceX.exe,56308,0x216C7EA03E0,DXGI,1,0,0,Composed: Flip,354.3951,NA,17.11940000000000,NA,0.05480000000000,1.42760000000000,NA,337.3785,17.0714,17.0166,0.0548,18.2176,0.2266,0.2227,0.0039,NA,NA,NA
ExperienceX.exe,56308,0x216838E1150,DXGI,1,0,0,Composed: Flip,337.5817,NA,17.31730000000000,32.78130000000000,0.10220000000000,1.70850000000000,32.0657,320.7946,16.8893,16.7871,0.1022,17.4042,1.0914,1.0914,0.0000,0.8368,320.7946,NA
ExperienceX.exe,56308,0x216838E1150,DXGI,1,0,0,Composed: Flip,353.2919,NA,15.71020000000000,NA,0.18460000000000,1.44000000000000,NA,337.6839,15.7926,15.6080,0.1846,2.5601,14.4879,2.2885,12.1994,NA,NA,NA
ExperienceX.exe,56308,0x216C7EA03E0,DXGI,1,0,0,Composed: Flip,369.9252,NA,15.53010000000000,NA,0.14320000000000,0.79430000000000,NA,354.4499,15.6185,15.4753,0.1432,15.6240,0.6456,0.6456,0.0000,NA,NA,NA
ExperienceX.exe,56308,0x216838E1150,DXGI,1,0,0,Composed: Flip,370.1801,NA,16.88820000000000,33.32110000000000,0.07700000000000,2.34720000000000,32.7884,353.4765,16.7806,16.7036,0.0770,18.6591,0.3917,0.3917,0.0000,-0.6392,353.4765,NA
ExperienceX.exe,56308,0x216C7EA03E0,DXGI,1,0,0,Composed: Flip,387.9313,NA,18.00610000000000,NA,0.38870000000000,1.85380000000000,NA,370.0684,18.2516,17.8629,0.3887,18.3769,1.3398,1.3352,0.0046,NA,NA,NA
ExperienceX.exe,56308,0x216C829D570,DXGI,1,0,0,Composed: Flip,353.2876,NA,14.41710000000000,33.34360000000000,0.18940000000000,2.30850000000000,33.0703,339.0641,14.4129,14.2235,0.1894,15.6678,0.8642,0.8642,0.0000,1.2430,339.0641,NA
ExperienceX.exe,56308,0x216C829D570,DXGI,1,0,0,Composed: Flip,370.1869,NA,16.89930000000000,NA,0.07390000000000,1.94870000000000,NA,353.4770,16.7838,16.7099,0.0739,17.2425,1.4161,1.4161,0.0000,NA,NA,NA
ExperienceX.exe,56308,0x216C829D570,DXGI,1,0,0,Composed: Flip,386.6646,NA,16.47770000000000,NA,0.20120000000000,1.78070000000000,NA,370.2608,16.6050,16.4038,0.2012,17.6056,0.5789,0.5789,0.0000,NA,NA,NA
ExperienceX.exe,56308,0x216C7EA03E0,DXGI,1,0,0,Composed: Flip,403.1999,NA,15.26860000000000,NA,0.17470000000000,0.62010000000000,NA,388.3200,15.0546,14.8799,0.1747,15.0234,0.4766,0.4766,0.0000,NA,NA,NA
ExperienceX.exe,56308,0x216838E1150,DXGI,1,0,0,Composed: Flip,386.6641,NA,16.48400000000000,16.66690000000000,0.20170000000000,1.20230000000000,32.9713,370.2571,16.6087,16.4070,0.2017,2.2702,15.3391,1.8254,13.5137,0.1137,370.2571,NA
ExperienceX.exe,56308,0x216838E1150,DXGI,1,0,0,Composed: Flip,403.4554,NA,16.79130000000000,NA,0.08970000000000,1.92390000000000,NA,386.8658,16.6793,16.5896,0.0897,16.9542,1.5593,1.5593,0.0000,NA,NA,NA
ExperienceX.exe,56308,0x216C7EA03E0,DXGI,1,0,0,Composed: Flip,420.4758,NA,17.27590000000000,NA,0.11780000000000,1.40290000000000,NA,403.3746,17.2190,17.1012,0.1178,17.3858,1.1183,1.1183,0.0000,NA,NA,NA
ExperienceX.exe,56308,0x216C829D570,DXGI,1,0,0,Composed: Flip,403.4646,NA,16.80000000000000,49.96640000000000,0.08820000000000,2.30360000000000,32.8597,386.8658,16.6870,16.5988,0.0882,18.5135,0.3889,0.3889,0.0000,-2.1647,386.8658,NA
ExperienceX.exe,56308,0x216C829D570,DXGI,1,0,0,Composed: Flip,419.8299,NA,16.36530000000000,NA,0.12410000000000,0.93050000000000,NA,403.5528,16.4012,16.2771,0.1241,16.8310,0.3766,0.3766,0.0000,NA,NA,NA
ExperienceX.exe,56308,0x216C7EA03E0,DXGI,1,0,0,Composed: Flip,436.5909,NA,16.11510000000000,NA,0.21120000000000,0.94220000000000,NA,420.5936,16.2085,15.9973,0.2112,1.2851,15.6544,0.8366,14.8178,NA,NA,NA
ExperienceX.exe,56308,0x216C829D570,DXGI,1,0,0,Composed: Flip,437.0095,NA,17.17960000000000,33.71190000000000,0.26860000000000,2.33910000000000,33.0267,419.9540,17.3241,17.0555,0.2686,17.6740,1.7206,1.7206,0.0000,-0.6237,419.9540,NA
ExperienceX.exe,56308,0x216C7EA03E0,DXGI,1,0,0,Composed: Flip,454.6434,NA,18.05250000000000,NA,0.06020000000000,0.89370000000000,NA,436.8021,17.9015,17.8413,0.0602,17.6646,1.0704,1.0704,0.0000,NA,NA,NA
ExperienceX.exe,56308,0x216838E1150,DXGI,1,0,0,Composed: Flip,419.8290,NA,16.37360000000000,33.47310000000000,0.12560000000000,0.55480000000000,33.2795,403.5451,16.4095,16.2839,0.1256,2.2231,14.6156,1.3445,13.2711,-0.1851,403.5451,NA
ExperienceX.exe,56308,0x216838E1150,DXGI,1,0,0,Composed: Flip,437.0085,NA,17.17950000000000,NA,1.14900000000000,2.72120000000000,NA,419.9546,18.2029,17.0539,1.1490,19.3940,0.3811,0.3811,0.0000,NA,NA,NA
ExperienceX.exe,56308,0x216838E1150,DXGI,1,0,0,Composed: Flip,453.4488,NA,16.44030000000000,NA,0.21620000000000,1.01790000000000,NA,438.1575,15.5075,15.2913,0.2162,15.9575,0.3517,0.3517,0.0000,NA,NA,NA
ExperienceX.exe,56308,0x216C7EA03E0,DXGI,1,0,0,Composed: Flip,470.7918,NA,16.14840000000000,NA,0.54010000000000,2.40150000000000,NA,454.7036,16.6283,16.0882,0.5401,0.8335,17.6562,1.7544,15.9018,NA,NA,NA
ExperienceX.exe,56308,0x216C829D570,DXGI,1,0,0,Composed: Flip,453.4494,NA,16.43990000000000,16.65960000000000,0.21560000000000,0.66560000000000,33.2464,437.2781,16.3869,16.1713,0.2156,2.4516,14.3853,1.7654,12.6199,0.6645,437.2781,NA
ExperienceX.exe,56308,0x216C829D570,DXGI,1,0,0,Composed: Flip,471.5856,NA,18.13620000000000,NA,1.63610000000000,2.66430000000000,NA,453.6650,19.5567,17.9206,1.6361,19.5283,1.0566,1.0566,0.0000,NA,NA,NA
ExperienceX.exe,56308,0x216C7EA03E0,DXGI,1,0,0,Composed: Flip,488.9648,NA,18.17300000000000,NA,0.37300000000000,1.69170000000000,NA,471.3319,18.0059,17.6329,0.3730,17.8545,1.4701,1.4514,0.0187,NA,NA,NA
ExperienceX.exe,56308,0x216838E1150,DXGI,1,0,0,Composed: Flip,473.4895,NA,20.04070000000000,50.01600000000001,0.14340000000000,1.13970000000000,29.6350,453.6650,19.9679,19.8245,0.1434,20.5849,0.3793,0.3793,0.0000,0.1039,453.6650,NA
ExperienceX.exe,56308,0x216838E1150,DXGI,1,0,0,Composed: Flip,487.3546,NA,13.86510000000000,NA,0.35420000000000,1.66320000000000,NA,473.6329,14.0759,13.7217,0.3542,0.9963,14.3886,2.6800,11.7086,NA,NA,NA
ExperienceX.exe,56308,0x216C7EA03E0,DXGI,1,0,0,Composed: Flip,503.5460,NA,14.58120000000000,NA,0.26380000000000,0.67220000000000,NA,489.3378,14.4720,14.2082,0.2638,1.3187,13.5617,1.3317,12.2300,NA,NA,NA
ExperienceX.exe,56308,0x216838E1150,DXGI,1,0,0,Composed: Flip,504.0520,NA,16.69740000000000,33.43000000000000,0.13980000000000,2.48750000000000,32.5025,487.7088,16.4830,16.3432,0.1398,18.4405,0.3902,0.3902,0.0000,0.6138,487.7088,NA
ExperienceX.exe,56308,0x216C7EA03E0,DXGI,1,0,0,Composed: Flip,521.8999,NA,18.35390000000000,NA,0.24630000000000,1.18340000000000,NA,503.8098,18.3364,18.0901,0.2463,18.4789,0.7946,0.7946,0.0000,NA,NA,NA
ExperienceX.exe,56308,0x216838E1150,DXGI,1,0,0,Composed: Flip,520.2578,NA,16.20580000000000,16.48430000000000,0.29520000000000,1.47990000000000,32.7810,504.1918,16.3612,16.0660,0.2952,2.3477,15.1982,3.0013,12.1969,-0.0013,504.1918,NA
ExperienceX.exe,56308,0x216C7EA03E0,DXGI,1,0,0,Composed: Flip,537.2557,NA,15.35580000000000,NA,0.39280000000000,1.42170000000000,NA,522.1462,15.5023,15.1095,0.3928,0.9371,15.5941,2.2213,13.3728,NA,NA,NA
ExperienceX.exe,56308,0x216C829D570,DXGI,1,0,0,Composed: Flip,487.3550,NA,15.76940000000000,33.13380000000000,0.36370000000000,1.83140000000000,32.4746,473.2217,14.4970,14.1333,0.3637,15.7961,0.1686,0.1686,0.0000,2.8098,473.2217,NA
ExperienceX.exe,56308,0x216C829D570,DXGI,1,0,0,Composed: Flip,504.9196,NA,17.56460000000000,NA,0.64450000000000,1.22970000000000,NA,487.7187,17.8454,17.2009,0.6445,16.7238,1.7068,1.7068,0.0000,NA,NA,NA
ExperienceX.exe,56308,0x216C829D570,DXGI,1,0,0,Composed: Flip,520.2486,NA,15.32900000000000,NA,0.23900000000000,2.04010000000000,NA,505.5641,14.9235,14.6845,0.2390,16.1736,0.5510,0.5510,0.0000,NA,NA,NA
ExperienceX.exe,56308,0x216C829D570,DXGI,1,0,0,Composed: Flip,538.7151,NA,18.46650000000000,NA,0.43230000000000,1.29740000000000,NA,520.4876,18.6598,18.2275,0.4323,18.1898,1.3351,1.3351,0.0000,NA,NA,NA
ExperienceX.exe,56308,0x216C7EA03E0,DXGI,1,0,0,Composed: Flip,553.7021,NA,16.44640000000000,NA,0.86190000000000,2.26650000000000,NA,537.6485,16.9155,16.0536,0.8619,17.5274,0.7927,0.7927,0.0000,NA,NA,NA
ExperienceX.exe,56308,0x216838E1150,DXGI,1,0,0,Composed: Flip,537.8422,NA,17.58440000000000,16.62100000000000,1.18600000000000,2.54120000000000,31.8176,520.5530,18.4752,17.2892,1.1860,19.4595,0.3709,0.3709,0.0000,-0.2598,520.5530,NA
ExperienceX.exe,56308,0x216838E1150,DXGI,1,0,0,Composed: Flip,553.3338,NA,15.49160000000000,NA,0.12930000000000,1.84210000000000,NA,539.0282,14.4349,14.3056,0.1293,15.7456,0.4021,0.4021,0.0000,NA,NA,NA
ExperienceX.exe,56308,0x216C7EA03E0,DXGI,1,0,0,Composed: Flip,569.9093,NA,16.20720000000000,NA,0.20820000000000,0.83070000000000,NA,554.5640,15.5535,15.3453,0.2082,1.4046,14.7714,0.8804,13.8910,NA,NA,NA
ExperienceX.exe,56308,0x216838E1150,DXGI,1,0,0,Composed: Flip,570.1797,NA,16.84590000000000,33.47200000000000,0.15340000000000,2.52800000000000,32.9521,553.4631,16.8700,16.7166,0.1534,18.8340,0.4106,0.4106,0.0000,-0.5619,553.4631,NA
ExperienceX.exe,56308,0x216C7EA03E0,DXGI,1,0,0,Composed: Flip,589.1274,NA,19.21810000000000,NA,0.09400000000000,1.29860000000000,NA,570.1175,19.1039,19.0099,0.0940,19.5089,0.7996,0.7996,0.0000,NA,NA,NA
ExperienceX.exe,56308,0x0,Other,-1,0,0,Composed: Flip,254.2118,NA,100.47740000000000,100.09690000000001,0.00000000000000,0.14860000000000,32.3031,153.7344,100.4774,100.4774,0.0000,100.2614,0.3646,0.3646,0.0000,NA,153.7344,NA
ExperienceX.exe,56308,0x0,Other,-1,0,0,Composed: Flip,287.9159,NA,33.70410000000000,NA,0.00000000000000,0.18800000000000,NA,254.2118,33.7041,33.7041,0.0000,33.4764,0.4157,0.4157,0.0000,NA,NA,NA
ExperienceX.exe,56308,0x216C7EA03E0,DXGI,1,0,0,Composed: Flip,603.4835,NA,14.35610000000000,NA,0.34030000000000,1.68640000000000,NA,589.2214,14.6024,14.2621,0.3403,1.2046,14.7439,2.3739,12.3700,NA,NA,NA
ExperienceX.exe,56308,0x216C829D570,DXGI,1,0,0,Composed: Flip,553.3408,NA,14.62570000000000,66.90620000000000,0.18850000000000,1.43300000000000,33.3950,539.1474,14.3819,14.1934,0.1885,1.2360,14.3904,2.3915,11.9989,-0.9805,539.1474,NA
ExperienceX.exe,56308,0x216C829D570,DXGI,1,0,0,Composed: Flip,570.1800,NA,16.83920000000000,NA,0.15310000000000,2.11710000000000,NA,553.5293,16.8038,16.6507,0.1531,17.2107,1.5571,1.5571,0.0000,NA,NA,NA
ExperienceX.exe,56308,0x216C829D570,DXGI,1,0,0,Composed: Flip,587.5611,NA,17.38110000000000,NA,0.30690000000000,2.06530000000000,NA,570.3331,17.5349,17.2280,0.3069,19.0591,0.2342,0.2342,0.0000,NA,NA,NA
ExperienceX.exe,56308,0x216C7EA03E0,DXGI,1,0,0,Composed: Flip,621.8480,NA,18.36450000000000,NA,0.18800000000000,2.02430000000000,NA,603.8238,18.2122,18.0242,0.1880,17.8826,2.1659,2.1594,0.0065,NA,NA,NA
ExperienceX.exe,56308,0x216838E1150,DXGI,1,0,0,Composed: Flip,587.5609,NA,17.38120000000000,16.60880000000000,0.30660000000000,1.83130000000000,32.1797,570.3331,17.5344,17.2278,0.3066,2.3746,16.6845,2.6952,13.9893,0.2612,570.3331,NA
ExperienceX.exe,56308,0x216838E1150,DXGI,1,0,0,Composed: Flip,603.7843,NA,16.22340000000000,NA,0.92260000000000,2.58850000000000,NA,587.8675,16.8394,15.9168,0.9226,17.3144,1.1909,1.1909,0.0000,NA,NA,NA
ExperienceX.exe,56308,0x216838E1150,DXGI,1,0,0,Composed: Flip,620.0877,NA,16.30340000000000,NA,0.26480000000000,1.61870000000000,NA,604.7069,15.6456,15.3808,0.2648,16.7994,0.2001,0.2001,0.0000,NA,NA,NA
ExperienceX.exe,56308,0x216C7EA03E0,DXGI,1,0,0,Composed: Flip,636.6738,NA,14.82580000000000,NA,0.27280000000000,1.75460000000000,NA,622.0360,14.9106,14.6378,0.2728,14.9874,1.4050,1.3917,0.0133,NA,NA,NA
ExperienceX.exe,56308,0x0,Other,-1,0,0,Composed: Flip,604.8249,NA,316.90899999999999,349.87970000000001,0.00000000000000,1.89170000000000,31.5697,287.9159,316.9090,316.9090,0.0000,318.4569,0.3438,0.3438,0.0000,-215.6982,287.9159,NA
ExperienceX.exe,56308,0x216C7EA03E0,DXGI,1,0,0,Composed: Flip,654.4367,NA,17.76290000000000,NA,0.09760000000000,1.13570000000000,NA,636.9466,17.5877,17.4901,0.0976,17.5338,1.0920,1.0920,0.0000,NA,NA,NA
ExperienceX.exe,56308,0x216838E1150,DXGI,1,0,0,Composed: Flip,636.9922,NA,16.90450000000000,50.18460000000000,0.12220000000000,2.88730000000000,32.9330,620.3525,16.7619,16.6397,0.1222,19.1382,0.3888,0.3888,0.0000,-0.1652,620.3525,NA
ExperienceX.exe,56308,0x216838E1150,DXGI,1,0,0,Composed: Flip,653.2347,NA,16.24250000000000,NA,0.09150000000000,0.83170000000000,NA,637.1144,16.2118,16.1203,0.0915,2.7651,14.1869,1.7335,12.4534,NA,NA,NA
ExperienceX.exe,56308,0x216C7EA03E0,DXGI,1,0,0,Composed: Flip,670.4321,NA,15.99540000000000,NA,0.38070000000000,1.08660000000000,NA,654.5343,16.2785,15.8978,0.3807,1.0381,15.9463,0.8378,15.1085,NA,NA,NA
ExperienceX.exe,56308,0x216C829D570,DXGI,1,0,0,Composed: Flip,620.0821,NA,32.52100000000000,66.26760000000000,0.29660000000000,1.42420000000000,32.9213,587.8680,32.5107,32.2141,0.2966,18.8486,14.7897,2.3266,12.4631,-17.5470,587.8680,NA
ExperienceX.exe,56308,0x216C829D570,DXGI,1,0,0,Composed: Flip,636.9911,NA,16.90900000000000,NA,0.12460000000000,2.49960000000000,NA,620.3787,16.7370,16.6124,0.1246,18.0497,1.0623,1.0623,0.0000,NA,NA,NA
ExperienceX.exe,56308,0x216C829D570,DXGI,1,0,0,Composed: Flip,671.8913,NA,34.90020000000001,NA,0.08270000000000,1.78400000000000,NA,637.1157,34.8583,34.7756,0.0827,34.4030,2.1566,2.1566,0.0000,NA,NA,NA
ExperienceX.exe,56308,0x216C7EA03E0,DXGI,1,0,0,Composed: Flip,687.8562,NA,17.42410000000000,NA,0.24030000000000,1.68380000000000,NA,670.8128,17.2837,17.0434,0.2403,17.4870,1.2402,1.2402,0.0000,NA,NA,NA
ExperienceX.exe,56308,0x216C829D570,DXGI,1,0,0,Composed: Flip,686.9276,NA,15.03630000000000,66.76510000000000,0.19630000000000,1.37220000000000,32.8409,671.9740,15.1499,14.9536,0.1963,15.9366,0.3892,0.3892,0.0000,17.3409,671.9740,NA
ExperienceX.exe,56308,0x216C7EA03E0,DXGI,1,0,0,Composed: Flip,703.6125,NA,15.75630000000000,NA,0.50740000000000,1.61050000000000,NA,688.0965,16.0234,15.5160,0.5074,1.4435,15.6830,1.4814,14.2016,NA,NA,NA
ExperienceX.exe,56308,0x216838E1150,DXGI,1,0,0,Composed: Flip,673.9947,NA,20.76000000000000,33.14870000000000,0.18500000000000,0.69300000000000,29.0792,653.3262,20.8535,20.6685,0.1850,20.3491,1.0124,1.0124,0.0000,-0.1750,653.3262,NA
ExperienceX.exe,56308,0x216838E1150,DXGI,1,0,0,Composed: Flip,686.9284,NA,12.93370000000000,NA,0.19320000000000,0.98220000000000,NA,674.1797,12.9419,12.7487,0.1932,0.5080,13.2229,1.2473,11.9756,NA,NA,NA
ExperienceX.exe,56308,0x216838E1150,DXGI,1,0,0,Composed: Flip,704.5523,NA,17.62390000000000,NA,0.18390000000000,1.82900000000000,NA,687.1216,17.6146,17.4307,0.1839,18.1014,1.1583,1.1583,0.0000,NA,NA,NA
ExperienceX.exe,56308,0x216C7EA03E0,DXGI,1,0,0,Composed: Flip,721.3110,NA,17.69850000000000,NA,0.13500000000000,1.22000000000000,NA,704.1199,17.3261,17.1911,0.1350,17.6334,0.7777,0.7777,0.0000,NA,NA,NA
ExperienceX.exe,56308,0x216C829D570,DXGI,1,0,0,Composed: Flip,704.4328,NA,17.50520000000000,16.75370000000000,1.07760000000000,2.28090000000000,32.0894,687.1239,18.3865,17.3089,1.0776,19.2574,0.3324,0.3324,0.0000,-1.6038,687.1239,NA
ExperienceX.exe,56308,0x216C829D570,DXGI,1,0,0,Composed: Flip,720.0992,NA,15.66640000000000,NA,0.16570000000000,1.65410000000000,NA,705.5104,14.7545,14.5888,0.1657,15.5465,0.6964,0.6964,0.0000,NA,NA,NA
ExperienceX.exe,56308,0x216C7EA03E0,DXGI,1,0,0,Composed: Flip,736.9658,NA,15.65480000000000,NA,0.26150000000000,0.68310000000000,NA,721.4460,15.7813,15.5198,0.2615,1.0850,15.1179,0.4863,14.6316,NA,NA,NA
ExperienceX.exe,56308,0x216C829D570,DXGI,1,0,0,Composed: Flip,737.0481,NA,16.94890000000000,33.10930000000000,0.09350000000000,2.24610000000000,32.5834,720.2649,16.8767,16.7832,0.0935,17.3840,1.6453,1.6453,0.0000,0.0317,720.2649,NA
ExperienceX.exe,56308,0x216C7EA03E0,DXGI,1,0,0,Composed: Flip,754.0249,NA,17.05910000000000,NA,0.05920000000000,1.22650000000000,NA,737.2273,16.8568,16.7976,0.0592,16.8992,1.1249,1.1190,0.0059,NA,NA,NA
ExperienceX.exe,56308,0x216C829D570,DXGI,1,0,0,Composed: Flip,753.2126,NA,16.16450000000000,16.67870000000000,0.17060000000000,0.52020000000000,33.0976,737.1416,16.2416,16.0710,0.1706,2.5204,14.0708,1.1298,12.9410,0.1980,737.1416,NA
ExperienceX.exe,56308,0x216C7EA03E0,DXGI,1,0,0,Composed: Flip,769.8837,NA,15.85880000000000,NA,0.20510000000000,1.45010000000000,NA,754.0841,16.0047,15.7996,0.2051,15.9861,1.2636,1.2636,0.0000,NA,NA,NA
ExperienceX.exe,56308,0x216C829D570,DXGI,1,0,0,Composed: Flip,770.1292,NA,16.91660000000000,16.85200000000000,0.48530000000000,2.65150000000000,33.0330,753.3832,17.2313,16.7460,0.4853,19.0385,0.3590,0.3590,0.0000,-0.6104,753.3832,NA
ExperienceX.exe,56308,0x216C7EA03E0,DXGI,1,0,0,Composed: Flip,788.4328,NA,18.54910000000000,NA,0.06390000000000,0.66160000000000,NA,770.0888,18.4079,18.3440,0.0639,17.8161,1.1895,1.1809,0.0086,NA,NA,NA
ExperienceX.exe,56308,0x216838E1150,DXGI,1,0,0,Composed: Flip,720.0981,NA,15.54580000000000,49.90570000000000,0.16690000000000,0.95880000000000,32.8815,704.7362,15.5288,15.3619,0.1669,1.9775,14.3432,1.7758,12.5674,1.5043,704.7362,NA
ExperienceX.exe,56308,0x216838E1150,DXGI,1,0,0,Composed: Flip,737.0483,NA,16.95020000000000,NA,0.12810000000000,2.61370000000000,NA,720.2650,16.9114,16.7833,0.1281,19.0292,0.3678,0.3678,0.0000,NA,NA,NA
ExperienceX.exe,56308,0x216838E1150,DXGI,1,0,0,Composed: Flip,753.1938,NA,16.14550000000000,NA,0.08270000000000,0.93270000000000,NA,737.1764,16.1001,16.0174,0.0827,16.5564,0.3937,0.3937,0.0000,NA,NA,NA
ExperienceX.exe,56308,0x216838E1150,DXGI,1,0,0,Composed: Flip,770.1230,NA,16.92920000000000,NA,0.50200000000000,2.29870000000000,NA,753.2765,17.3485,16.8465,0.5020,18.0573,1.0879,1.0879,0.0000,NA,NA,NA
ExperienceX.exe,56308,0x216838E1150,DXGI,1,0,0,Composed: Flip,786.5438,NA,16.42080000000000,NA,0.14370000000000,0.66590000000000,NA,770.6250,16.0625,15.9188,0.1437,2.1557,14.4290,1.6618,12.7672,NA,NA,NA
ExperienceX.exe,56308,0x216C7EA03E0,DXGI,1,0,0,Composed: Flip,803.7008,NA,15.26800000000000,NA,0.37920000000000,0.99880000000000,NA,788.4967,15.5833,15.2041,0.3792,0.5977,15.6052,1.1266,14.4786,NA,NA,NA
ExperienceX.exe,56308,0x216838E1150,DXGI,1,0,0,Composed: Flip,805.4751,NA,18.93130000000000,83.61590000000001,0.09650000000000,1.59220000000000,31.1204,786.6875,18.8841,18.7876,0.0965,18.0121,2.3677,2.3677,0.0000,-1.6646,786.6875,NA
ExperienceX.exe,56308,0x216C7EA03E0,DXGI,1,0,0,Composed: Flip,820.8216,NA,17.12080000000000,NA,0.28270000000000,1.51010000000000,NA,804.0800,17.0243,16.7416,0.2827,17.4123,0.8394,0.8307,0.0087,NA,NA,NA
ExperienceX.exe,56308,0x216838E1150,DXGI,1,0,0,Composed: Flip,819.9385,NA,14.46340000000000,16.38980000000000,0.16420000000000,0.89920000000000,33.0468,805.5716,14.5311,14.3669,0.1642,1.8703,13.3958,1.2765,12.1193,2.4943,805.5716,NA
ExperienceX.exe,56308,0x216C7EA03E0,DXGI,1,0,0,Composed: Flip,837.0207,NA,16.19910000000000,NA,0.23830000000000,3.88280000000000,NA,821.1043,16.1547,15.9164,0.2383,18.9906,0.8086,0.8086,0.0000,NA,NA,NA
ExperienceX.exe,56308,0x216C829D570,DXGI,1,0,0,Composed: Flip,786.5600,NA,16.43080000000000,16.51040000000000,0.18400000000000,1.07420000000000,33.1126,770.6145,16.1295,15.9455,0.1840,16.5952,0.4245,0.4160,0.0085,0.7209,770.6145,NA
ExperienceX.exe,56308,0x216C829D570,DXGI,1,0,0,Composed: Flip,805.2736,NA,18.71360000000000,NA,0.06210000000000,2.16830000000000,NA,786.7440,18.5917,18.5296,0.0621,20.3233,0.3746,0.3746,0.0000,NA,NA,NA
ExperienceX.exe,56308,0x216C829D570,DXGI,1,0,0,Composed: Flip,819.9378,NA,14.66420000000000,NA,0.16440000000000,1.55450000000000,NA,805.3357,14.7665,14.6021,0.1644,15.5020,0.6546,0.6546,0.0000,NA,NA,NA
ExperienceX.exe,56308,0x216C829D570,DXGI,1,0,0,Composed: Flip,837.5908,NA,17.65300000000000,NA,0.08960000000000,1.18470000000000,NA,820.1022,17.5782,17.4886,0.0896,17.8677,0.8056,0.8056,0.0000,NA,NA,NA
ExperienceX.exe,56308,0x216C7EA03E0,DXGI,1,0,0,Composed: Flip,853.5012,NA,16.48050000000000,NA,0.09900000000000,2.25320000000000,NA,837.2590,16.3412,16.2422,0.0990,18.1123,0.3831,0.3831,0.0000,NA,NA,NA
ExperienceX.exe,56308,0x216C829D570,DXGI,1,0,0,Composed: Flip,853.2256,NA,15.63480000000000,66.63030000000001,0.18590000000000,2.14570000000000,33.0773,837.6804,15.7311,15.5452,0.1859,16.9760,0.7149,0.7149,0.0000,0.4356,837.6804,NA
ExperienceX.exe,56308,0x216C7EA03E0,DXGI,1,0,0,Composed: Flip,870.3107,NA,16.80950000000000,NA,0.98700000000000,2.03020000000000,NA,853.6002,17.6975,16.7105,0.9870,2.1542,16.5865,1.7249,14.8616,NA,NA,NA
ExperienceX.exe,56308,0x216838E1150,DXGI,1,0,0,Composed: Flip,837.6300,NA,17.69150000000000,16.77680000000000,0.14520000000000,2.46490000000000,32.1321,820.1027,17.6725,17.5273,0.1452,18.6728,1.3194,1.3194,0.0000,-2.2457,820.1027,NA
ExperienceX.exe,56308,0x216838E1150,DXGI,1,0,0,Composed: Flip,853.2230,NA,15.59300000000000,NA,0.15170000000000,1.43340000000000,NA,837.7752,15.5995,15.4478,0.1517,3.1283,13.7529,2.3053,11.4476,NA,NA,NA
ExperienceX.exe,56308,0x216C7EA03E0,DXGI,1,0,0,Composed: Flip,887.4633,NA,17.15260000000000,NA,0.10020000000000,1.14640000000000,NA,871.2977,16.2658,16.1656,0.1002,16.2115,1.1005,1.1005,0.0000,NA,NA,NA
ExperienceX.exe,56308,0x216C829D570,DXGI,1,0,0,Composed: Flip,870.7786,NA,17.55300000000000,16.74710000000000,0.20790000000000,3.08660000000000,32.2714,853.4115,17.5750,17.3671,0.2079,20.0647,0.3890,0.3890,0.0000,-1.0160,853.4115,NA
ExperienceX.exe,56308,0x216C829D570,DXGI,1,0,0,Composed: Flip,886.5149,NA,15.73630000000000,NA,0.14270000000000,0.57040000000000,NA,870.9865,15.6711,15.5284,0.1427,2.8787,13.2201,1.2612,11.9589,NA,NA,NA
ExperienceX.exe,56308,0x216C7EA03E0,DXGI,1,0,0,Composed: Flip,903.4711,NA,16.00780000000000,NA,0.57740000000000,0.85710000000000,NA,887.5635,16.4850,15.9076,0.5774,1.0462,15.7185,0.5368,15.1817,NA,NA,NA
ExperienceX.exe,56308,0x216838E1150,DXGI,1,0,0,Composed: Flip,886.5152,NA,33.29220000000000,50.05500000000000,0.14240000000000,0.99400000000000,33.3019,853.3747,33.2829,33.1405,0.1424,33.7106,0.4239,0.4239,0.0000,-16.7830,853.3747,NA
ExperienceX.exe,56308,0x216838E1150,DXGI,1,0,0,Composed: Flip,903.8535,NA,17.33830000000000,NA,1.10980000000000,2.30260000000000,NA,886.6576,18.3057,17.1959,1.1098,17.7179,1.7806,1.7806,0.0000,NA,NA,NA
ExperienceX.exe,56308,0x216C7EA03E0,DXGI,1,0,0,Composed: Flip,921.6808,NA,18.20970000000000,NA,0.08290000000000,1.31680000000000,NA,904.0485,17.7152,17.6323,0.0829,17.7899,1.1592,1.1504,0.0088,NA,NA,NA
ExperienceX.exe,56308,0x216838E1150,DXGI,1,0,0,Composed: Flip,920.3579,NA,16.50440000000000,33.21770000000000,0.27760000000000,1.09260000000000,32.6769,904.9633,15.6722,15.3946,0.2776,1.5828,14.9044,2.4037,12.5007,18.3709,904.9633,NA
ExperienceX.exe,56308,0x216C7EA03E0,DXGI,1,0,0,Composed: Flip,936.7612,NA,15.08040000000000,NA,0.19470000000000,0.81790000000000,NA,921.7637,15.1922,14.9975,0.1947,1.2339,14.5815,1.4742,13.1073,NA,NA,NA
ExperienceX.exe,56308,0x216838E1150,DXGI,1,0,0,Composed: Flip,937.2522,NA,16.89430000000000,16.89060000000000,0.09380000000000,2.36080000000000,32.6732,920.6355,16.7105,16.6167,0.0938,17.1979,1.7796,1.7796,0.0000,-1.2184,920.6355,NA
ExperienceX.exe,56308,0x216C7EA03E0,DXGI,1,0,0,Composed: Flip,954.2902,NA,17.52900000000000,NA,0.08270000000000,1.44820000000000,NA,936.9559,17.4170,17.3343,0.0827,17.6459,1.1366,1.1310,0.0056,NA,NA,NA
ExperienceX.exe,56308,0x216838E1150,DXGI,1,0,0,Composed: Flip,953.2862,NA,16.03400000000000,16.45370000000000,0.12670000000000,1.31560000000000,33.0929,937.3460,16.0669,15.9402,0.1267,16.8485,0.4073,0.4073,0.0000,0.2568,937.3460,NA
ExperienceX.exe,56308,0x216C7EA03E0,DXGI,1,0,0,Composed: Flip,970.4097,NA,16.11950000000000,NA,0.27580000000000,1.62760000000000,NA,954.3729,16.3126,16.0368,0.2758,16.3668,1.2976,1.2976,0.0000,NA,NA,NA
ExperienceX.exe,56308,0x216838E1150,DXGI,1,0,0,Composed: Flip,971.8025,NA,18.51630000000000,16.68740000000000,0.07140000000000,1.74730000000000,31.2640,953.4129,18.4610,18.3896,0.0714,19.7423,0.3946,0.3946,0.0000,-0.6205,953.4129,NA
ExperienceX.exe,56308,0x216C7EA03E0,DXGI,1,0,0,Composed: Flip,987.4379,NA,17.02820000000000,NA,0.19270000000000,1.27920000000000,NA,970.6855,16.9451,16.7524,0.1927,16.8914,1.1402,1.1339,0.0063,NA,NA,NA
ExperienceX.exe,56308,0x216838E1150,DXGI,1,0,0,Composed: Flip,986.6035,NA,14.80100000000000,16.86520000000000,0.12200000000000,0.58880000000000,33.3282,971.8739,14.8516,14.7296,0.1220,1.6759,13.6425,1.1858,12.4567,1.5958,971.8739,NA
ExperienceX.exe,56308,0x216C7EA03E0,DXGI,1,0,0,Composed: Flip,1003.3718,NA,15.93390000000000,NA,0.18240000000000,0.67120000000000,NA,987.6306,15.9236,15.7412,0.1824,1.0865,15.3259,0.9318,14.3941,NA,NA,NA
ExperienceX.exe,56308,0x0,Other,-1,0,0,Composed: Flip,653.8533,NA,49.02840000000000,50.25050000000000,0.00000000000000,0.62710000000000,32.7918,604.8249,49.0284,49.0284,0.0000,49.2415,0.4140,0.4140,0.0000,266.6585,604.8249,NA
ExperienceX.exe,56308,0x0,Other,-1,0,0,Composed: Flip,871.6821,NA,217.82880000000000,NA,0.00000000000000,1.79410000000000,NA,653.8533,217.8288,217.8288,0.0000,218.4876,1.1353,1.1353,0.0000,NA,NA,NA
ExperienceX.exe,56308,0x216C7EA03E0,DXGI,1,0,0,Composed: Flip,1021.6775,NA,18.30570000000000,NA,0.13410000000000,1.48330000000000,NA,1003.5542,18.2574,18.1233,0.1341,18.7930,0.8136,0.8136,0.0000,NA,NA,NA
ExperienceX.exe,56308,0x216838E1150,DXGI,1,0,0,Composed: Flip,1003.6657,NA,17.06220000000000,16.46780000000000,0.52450000000000,2.48100000000000,32.7338,986.7255,17.4647,16.9402,0.5245,19.0223,0.3989,0.3989,0.0000,-1.6162,986.7255,NA
ExperienceX.exe,56308,0x216838E1150,DXGI,1,0,0,Composed: Flip,1020.3822,NA,16.71650000000000,NA,0.21040000000000,1.96500000000000,NA,1004.1902,16.4024,16.1920,0.2104,17.6689,0.4881,0.4881,0.0000,NA,NA,NA
ExperienceX.exe,56308,0x216C7EA03E0,DXGI,1,0,0,Composed: Flip,1036.7085,NA,15.03100000000000,NA,0.29570000000000,0.83160000000000,NA,1021.8116,15.1926,14.8969,0.2957,1.3492,14.3793,0.6957,13.6836,NA,NA,NA
ExperienceX.exe,56308,0x216C829D570,DXGI,1,0,0,Composed: Flip,903.8542,NA,17.33930000000000,33.34570000000000,1.04220000000000,2.69190000000000,32.5415,886.6576,18.2388,17.1966,1.0422,19.4985,0.3900,0.3900,0.0000,-0.0996,886.6576,NA
ExperienceX.exe,56308,0x216C829D570,DXGI,1,0,0,Composed: Flip,920.3477,NA,16.49350000000000,NA,0.28650000000000,1.49070000000000,NA,904.8964,15.7378,15.4513,0.2865,16.5541,0.3879,0.3879,0.0000,NA,NA,NA
ExperienceX.exe,56308,0x216C829D570,DXGI,1,0,0,Composed: Flip,939.1757,NA,18.82800000000000,NA,0.14210000000000,0.83290000000000,NA,920.6342,18.6836,18.5415,0.1421,18.9788,0.3956,0.3956,0.0000,NA,NA,NA
ExperienceX.exe,56308,0x216C829D570,DXGI,1,0,0,Composed: Flip,953.2844,NA,14.10870000000000,NA,0.12840000000000,0.91010000000000,NA,939.3178,14.0950,13.9666,0.1284,0.6908,14.1859,2.3437,11.8422,NA,NA,NA
ExperienceX.exe,56308,0x216C829D570,DXGI,1,0,0,Composed: Flip,970.8038,NA,17.51940000000000,NA,0.72970000000000,2.35140000000000,NA,953.4128,18.1207,17.3910,0.7297,18.6245,1.1179,1.1179,0.0000,NA,NA,NA
ExperienceX.exe,56308,0x216C829D570,DXGI,1,0,0,Composed: Flip,986.6562,NA,15.85240000000000,NA,0.20160000000000,0.92070000000000,NA,971.5335,15.3243,15.1227,0.2016,15.6588,0.3846,0.3846,0.0000,NA,NA,NA
ExperienceX.exe,56308,0x216C829D570,DXGI,1,0,0,Composed: Flip,1004.4540,NA,17.79780000000000,NA,0.08730000000000,1.29380000000000,NA,986.8578,17.6835,17.5962,0.0873,17.1852,1.7048,1.7048,0.0000,NA,NA,NA
ExperienceX.exe,56308,0x216C829D570,DXGI,1,0,0,Composed: Flip,1038.3296,NA,33.87560000000000,NA,0.12920000000000,1.37870000000000,NA,1004.5413,33.9175,33.7883,0.1292,34.7130,0.4540,0.4540,0.0000,NA,NA,NA
ExperienceX.exe,56308,0x216C7EA03E0,DXGI,1,0,0,Composed: Flip,1053.8098,NA,17.10130000000000,NA,0.74030000000000,2.29570000000000,NA,1037.0042,17.5459,16.8056,0.7403,18.1495,0.9518,0.9518,0.0000,NA,NA,NA
ExperienceX.exe,56308,0x216838E1150,DXGI,1,0,0,Composed: Flip,1037.7416,NA,17.35940000000000,33.53100000000000,0.21410000000000,1.51270000000000,32.1889,1020.5926,17.3631,17.1490,0.2141,16.9475,1.7142,1.7142,0.0000,0.3361,1020.5926,NA
ExperienceX.exe,56308,0x216838E1150,DXGI,1,0,0,Composed: Flip,1053.4608,NA,15.71920000000000,NA,0.17400000000000,1.69290000000000,NA,1037.9557,15.6791,15.5051,0.1740,16.7219,0.4761,0.4761,0.0000,NA,NA,NA
ExperienceX.exe,56308,0x216C7EA03E0,DXGI,1,0,0,Composed: Flip,1070.2770,NA,16.46720000000000,NA,0.07190000000000,2.21740000000000,NA,1054.5501,15.7988,15.7269,0.0719,1.5554,16.3889,2.0664,14.3225,NA,NA,NA
ExperienceX.exe,56308,0x216C829D570,DXGI,1,0,0,Composed: Flip,1053.4613,NA,15.13170000000000,150.16880000000000,0.17340000000000,1.21630000000000,33.1032,1038.4588,15.1759,15.0025,0.1734,1.2495,14.9693,1.9783,12.9910,1.6324,1038.4588,NA
ExperienceX.exe,56308,0x216C829D570,DXGI,1,0,0,Composed: Flip,1070.5394,NA,17.07810000000000,NA,0.09680000000000,2.99650000000000,NA,1053.6347,17.0015,16.9047,0.0968,18.8597,1.0415,1.0415,0.0000,NA,NA,NA
ExperienceX.exe,56308,0x216C7EA03E0,DXGI,1,0,0,Composed: Flip,1087.9930,NA,17.71600000000000,NA,0.17700000000000,1.81720000000000,NA,1070.3489,17.8211,17.6441,0.1770,18.9811,0.4802,0.4802,0.0000,NA,NA,NA
ExperienceX.exe,56308,0x216838E1150,DXGI,1,0,0,Composed: Flip,1070.5405,NA,17.07970000000000,33.50650000000000,0.10580000000000,3.31690000000000,32.8965,1053.6348,17.0115,16.9057,0.1058,19.9011,0.3215,0.3215,0.0000,-0.4643,1053.6348,NA
ExperienceX.exe,56308,0x216838E1150,DXGI,1,0,0,Composed: Flip,1087.0392,NA,16.49870000000000,NA,0.32440000000000,2.29080000000000,NA,1070.6463,16.7173,16.3929,0.3244,18.0120,0.6717,0.6717,0.0000,NA,NA,NA
ExperienceX.exe,56308,0x216C7EA03E0,DXGI,1,0,0,Composed: Flip,1104.1510,NA,16.15800000000000,NA,0.21020000000000,3.46110000000000,NA,1088.1700,16.1912,15.9810,0.2102,1.6402,17.8019,3.5878,14.2141,NA,NA,NA
ExperienceX.exe,56308,0x216C829D570,DXGI,1,0,0,Composed: Flip,1087.0380,NA,16.49860000000000,33.08370000000000,0.32560000000000,1.62030000000000,32.6102,1070.6362,16.7274,16.4018,0.3256,3.2212,14.8009,2.2431,12.5578,-0.9063,1070.6362,NA
ExperienceX.exe,56308,0x216C829D570,DXGI,1,0,0,Composed: Flip,1105.2289,NA,18.19090000000000,NA,0.26510000000000,3.07870000000000,NA,1087.3636,18.1304,17.8653,0.2651,20.2485,0.6955,0.6955,0.0000,NA,NA,NA
ExperienceX.exe,56308,0x216C7EA03E0,DXGI,1,0,0,Composed: Flip,1120.7004,NA,16.54940000000000,NA,0.05530000000000,1.81950000000000,NA,1104.3612,16.3945,16.3392,0.0553,17.7328,0.4259,0.4233,0.0026,NA,NA,NA
ExperienceX.exe,56308,0x216838E1150,DXGI,1,0,0,Composed: Flip,1105.6589,NA,18.61970000000000,33.05010000000000,0.07470000000000,2.77780000000000,30.8282,1087.3636,18.3700,18.2953,0.0747,20.9440,0.1291,0.1185,0.0106,0.6787,1087.3636,NA
ExperienceX.exe,56308,0x216838E1150,DXGI,1,0,0,Composed: Flip,1119.8686,NA,14.20970000000000,NA,0.40600000000000,1.49520000000000,NA,1105.7336,14.5410,14.1350,0.4060,14.2996,1.3306,1.3306,0.0000,NA,NA,NA
ExperienceX.exe,56308,0x216C7EA03E0,DXGI,1,0,0,Composed: Flip,1136.8280,NA,16.12760000000000,NA,0.10790000000000,0.84490000000000,NA,1120.7557,16.1802,16.0723,0.1079,16.2792,0.6380,0.6114,0.0266,NA,NA,NA
ExperienceX.exe,56308,0x216C829D570,DXGI,1,0,0,Composed: Flip,1119.8691,NA,14.64020000000000,33.47900000000000,0.14740000000000,2.22490000000000,33.2581,1105.4940,14.5225,14.3751,0.1474,15.8698,0.7302,0.7302,0.0000,1.3788,1105.4940,NA
ExperienceX.exe,56308,0x216C829D570,DXGI,1,0,0,Composed: Flip,1138.2357,NA,18.36660000000000,NA,0.11930000000000,1.13150000000000,NA,1120.0165,18.3385,18.2192,0.1193,17.6564,1.6943,1.6943,0.0000,NA,NA,NA
ExperienceX.exe,56308,0x216C7EA03E0,DXGI,1,0,0,Composed: Flip,1154.1823,NA,17.35430000000000,NA,0.11820000000000,1.85080000000000,NA,1136.9359,17.3646,17.2464,0.1182,18.7058,0.3914,0.3914,0.0000,NA,NA,NA
ExperienceX.exe,56308,0x216838E1150,DXGI,1,0,0,Composed: Flip,1137.2754,NA,17.40680000000000,33.19680000000000,0.09730000000000,2.46850000000000,32.4085,1120.2746,17.0981,17.0008,0.0973,19.0926,0.3767,0.3767,0.0000,-0.2858,1120.2746,NA
ExperienceX.exe,56308,0x216838E1150,DXGI,1,0,0,Composed: Flip,1153.5104,NA,16.23500000000000,NA,0.24280000000000,1.39420000000000,NA,1137.3727,16.3805,16.1377,0.2428,2.3712,15.1607,2.0004,13.1603,NA,NA,NA
ExperienceX.exe,56308,0x216C7EA03E0,DXGI,1,0,0,Composed: Flip,1169.8546,NA,15.67230000000000,NA,0.06370000000000,0.77800000000000,NA,1154.3005,15.6178,15.5541,0.0637,1.7326,14.5995,0.8471,13.7524,NA,NA,NA
ExperienceX.exe,56308,0x216838E1150,DXGI,1,0,0,Composed: Flip,1170.7627,NA,17.25230000000000,33.40190000000000,0.35570000000000,1.96550000000000,32.3231,1153.7532,17.3652,17.0095,0.3557,18.5761,0.3989,0.3989,0.0000,0.0767,1153.7532,NA
ExperienceX.exe,56308,0x216C7EA03E0,DXGI,1,0,0,Composed: Flip,1188.1165,NA,18.26190000000000,NA,0.07370000000000,0.85530000000000,NA,1169.9183,18.2719,18.1982,0.0737,18.0272,1.0263,1.0263,0.0000,NA,NA,NA
ExperienceX.exe,56308,0x216838E1150,DXGI,1,0,0,Composed: Flip,1186.6977,NA,15.93500000000000,16.75660000000000,0.25180000000000,0.76740000000000,33.1447,1171.1184,15.8311,15.5793,0.2518,1.6098,14.7369,1.1734,13.5635,0.6086,1171.1184,NA
ExperienceX.exe,56308,0x216C7EA03E0,DXGI,1,0,0,Composed: Flip,1203.5284,NA,15.41190000000000,NA,0.29720000000000,0.91040000000000,NA,1188.1902,15.6354,15.3382,0.2972,0.7816,15.4670,0.9571,14.5099,NA,NA,NA
ExperienceX.exe,56308,0x216838E1150,DXGI,1,0,0,Composed: Flip,1204.5878,NA,17.89010000000000,16.68590000000000,0.09640000000000,1.47110000000000,31.9405,1186.9495,17.7347,17.6383,0.0964,17.4893,1.6201,1.6201,0.0000,-0.8548,1186.9495,NA
ExperienceX.exe,56308,0x216C7EA03E0,DXGI,1,0,0,Composed: Flip,1220.7314,NA,17.20300000000000,NA,0.12900000000000,2.23220000000000,NA,1203.8256,17.0348,16.9058,0.1290,18.2868,0.8512,0.8454,0.0058,NA,NA,NA
ExperienceX.exe,56308,0x216838E1150,DXGI,1,0,0,Composed: Flip,1220.2976,NA,15.70980000000000,16.74840000000000,0.45790000000000,1.36340000000000,32.9791,1204.6842,16.0713,15.6134,0.4579,1.7724,15.2044,2.3723,12.8321,0.9863,1204.6842,NA
ExperienceX.exe,56308,0x216C7EA03E0,DXGI,1,0,0,Composed: Flip,1237.0871,NA,16.35570000000000,NA,0.26860000000000,1.56220000000000,NA,1220.8604,16.4953,16.2267,0.2686,2.1032,15.6857,1.9173,13.7684,NA,NA,NA
ExperienceX.exe,56308,0x216838E1150,DXGI,1,0,0,Composed: Flip,1239.3480,NA,19.05040000000000,16.71040000000000,0.14560000000000,0.89170000000000,30.6391,1220.7555,18.7381,18.5925,0.1456,17.8938,1.5904,1.5904,0.0000,-0.6391,1220.7555,NA
ExperienceX.exe,56308,0x216C7EA03E0,DXGI,1,0,0,Composed: Flip,1255.7206,NA,18.63350000000000,NA,0.25980000000000,1.46230000000000,NA,1237.3557,18.6247,18.3649,0.2598,18.4294,1.3978,1.1840,0.2138,NA,NA,NA
ExperienceX.exe,56308,0x216838E1150,DXGI,1,0,0,Composed: Flip,1253.9369,NA,14.58890000000000,16.48810000000000,0.31170000000000,1.84820000000000,32.5383,1239.4936,14.7550,14.4433,0.3117,15.9320,0.3595,0.3595,0.0000,2.2500,1239.4936,NA
ExperienceX.exe,56308,0x216C7EA03E0,DXGI,1,0,0,Composed: Flip,1271.0672,NA,15.34660000000000,NA,0.54210000000000,2.24580000000000,NA,1255.9804,15.6289,15.0868,0.5421,1.2025,16.1301,2.8139,13.3162,NA,NA,NA
ExperienceX.exe,56308,0x216838E1150,DXGI,1,0,0,Composed: Flip,1271.3930,NA,17.45610000000000,16.67040000000000,0.21530000000000,3.03680000000000,31.7526,1254.2486,17.3597,17.1444,0.2153,19.0644,1.1168,1.1168,0.0000,-1.9154,1254.2486,NA
ExperienceX.exe,56308,0x216C7EA03E0,DXGI,1,0,0,Composed: Flip,1289.8720,NA,18.80480000000000,NA,0.16260000000000,0.91880000000000,NA,1271.6093,18.4253,18.2627,0.1626,18.0202,1.1613,0.9039,0.2574,NA,NA,NA
ExperienceX.exe,56308,0x216838E1150,DXGI,1,0,0,Composed: Flip,1287.1171,NA,15.72410000000000,16.70870000000000,0.35200000000000,2.13130000000000,32.7372,1271.6083,15.8608,15.5088,0.3520,3.1788,14.4613,3.4481,11.0132,0.6510,1271.6083,NA
ExperienceX.exe,56308,0x216C7EA03E0,DXGI,1,0,0,Composed: Flip,1303.7367,NA,13.86470000000000,NA,0.39920000000000,5.09990000000000,NA,1290.0346,14.1013,13.7021,0.3992,17.6756,1.1264,1.1264,0.0000,NA,NA,NA
ExperienceX.exe,56308,0x216C829D570,DXGI,1,0,0,Composed: Flip,1153.5125,NA,15.27680000000000,33.26800000000000,0.24050000000000,2.12920000000000,32.8827,1138.3550,15.3980,15.1575,0.2405,16.5496,0.7371,0.7371,0.0000,-0.4070,1138.3550,NA
ExperienceX.exe,56308,0x216C829D570,DXGI,1,0,0,Composed: Flip,1170.1058,NA,16.59330000000000,NA,0.08570000000000,2.22350000000000,NA,1153.7530,16.4385,16.3528,0.0857,16.8796,1.6967,1.6967,0.0000,NA,NA,NA
ExperienceX.exe,56308,0x216C829D570,DXGI,1,0,0,Composed: Flip,1186.6978,NA,16.59200000000000,NA,0.25170000000000,1.24770000000000,NA,1170.1915,16.7580,16.5063,0.2517,17.2736,0.4804,0.4804,0.0000,NA,NA,NA
ExperienceX.exe,56308,0x216C829D570,DXGI,1,0,0,Composed: Flip,1204.5573,NA,17.85950000000000,NA,0.20120000000000,1.89930000000000,NA,1186.9495,17.8090,17.6078,0.2012,19.1094,0.3977,0.3977,0.0000,NA,NA,NA
ExperienceX.exe,56308,0x216C829D570,DXGI,1,0,0,Composed: Flip,1220.2362,NA,15.67890000000000,NA,0.18360000000000,1.87620000000000,NA,1204.7585,15.6613,15.4777,0.1836,16.9025,0.4514,0.4514,0.0000,NA,NA,NA
ExperienceX.exe,56308,0x216C829D570,DXGI,1,0,0,Composed: Flip,1238.8215,NA,18.58530000000000,NA,0.26920000000000,1.80590000000000,NA,1220.4198,18.6709,18.4017,0.2692,19.8199,0.3877,0.3877,0.0000,NA,NA,NA
ExperienceX.exe,56308,0x216C829D570,DXGI,1,0,0,Composed: Flip,1253.9330,NA,15.11150000000000,NA,0.27740000000000,1.49260000000000,NA,1239.0907,15.1197,14.8423,0.2774,1.5367,14.7982,2.2080,12.5902,NA,NA,NA
ExperienceX.exe,56308,0x216C829D570,DXGI,1,0,0,Composed: Flip,1271.3933,NA,17.46030000000000,NA,0.21530000000000,3.39380000000000,NA,1254.2104,17.3982,17.1829,0.2153,20.2194,0.3573,0.3573,0.0000,NA,NA,NA
ExperienceX.exe,56308,0x216C829D570,DXGI,1,0,0,Composed: Flip,1287.1618,NA,15.76850000000000,NA,0.36770000000000,2.46770000000000,NA,1271.6086,15.9209,15.5532,0.3677,17.6398,0.3811,0.3811,0.0000,NA,NA,NA
ExperienceX.exe,56308,0x216C829D570,DXGI,1,0,0,Composed: Flip,1304.3648,NA,17.20300000000000,NA,0.15000000000000,3.34540000000000,NA,1287.5295,16.9853,16.8353,0.1500,3.5867,16.5940,2.8778,13.7162,NA,NA,NA
ExperienceX.exe,56308,0x216C7EA03E0,DXGI,1,0,0,Composed: Flip,1324.0410,NA,20.30430000000000,NA,0.26460000000000,0.81920000000000,NA,1304.1359,20.1697,19.9051,0.2646,18.9610,1.7633,1.4004,0.3629,NA,NA,NA
ExperienceX.exe,56308,0x216838E1150,DXGI,1,0,0,Composed: Flip,1304.3681,NA,17.25100000000000,16.56920000000000,0.14800000000000,4.89860000000000,32.0554,1287.4691,17.0470,16.8990,0.1480,21.3675,0.4301,0.4301,0.0000,-0.7084,1287.4691,NA
ExperienceX.exe,56308,0x216838E1150,DXGI,1,0,0,Composed: Flip,1320.6317,NA,16.26360000000000,NA,0.47070000000000,2.46520000000000,NA,1304.5161,16.5863,16.1156,0.4707,18.1272,0.4536,0.4536,0.0000,NA,NA,NA
ExperienceX.exe,56308,0x216C7EA03E0,DXGI,1,0,0,Composed: Flip,1336.9079,NA,12.86690000000000,NA,0.32070000000000,1.73080000000000,NA,1324.3056,12.9230,12.6023,0.3207,0.5546,13.7785,1.5439,12.2346,NA,NA,NA
ExperienceX.exe,56308,0x0,Other,-1,0,0,Composed: Flip,1021.3268,NA,149.64470000000000,366.38180000000000,0.00000000000000,0.53230000000000,31.7001,871.6821,149.6447,149.6447,0.0000,134.4646,15.7124,1.9072,13.8052,-99.5246,871.6821,NA
ExperienceX.exe,56308,0x216C7EA03E0,DXGI,1,0,0,Composed: Flip,1355.5069,NA,18.59900000000000,NA,0.25390000000000,2.40120000000000,NA,1337.2286,18.5322,18.2783,0.2539,19.3960,1.2835,1.2546,0.0289,NA,NA,NA
ExperienceX.exe,56308,0x216C829D570,DXGI,1,0,0,Composed: Flip,1320.6810,NA,16.31620000000000,166.85880000000000,0.75360000000000,1.96230000000000,32.5730,1304.5148,16.9198,16.1662,0.7536,4.7519,13.3766,2.5695,10.8071,-0.6990,1304.5148,NA
ExperienceX.exe,56308,0x216C829D570,DXGI,1,0,0,Composed: Flip,1338.9781,NA,18.29710000000000,NA,0.61330000000000,1.18150000000000,NA,1321.4346,18.1568,17.5435,0.6133,17.2041,1.5209,1.5209,0.0000,NA,NA,NA
ExperienceX.exe,56308,0x216C829D570,DXGI,1,0,0,Composed: Flip,1353.8149,NA,14.83680000000000,NA,0.36210000000000,2.80970000000000,NA,1339.5914,14.5856,14.2235,0.3621,16.5389,0.4943,0.4943,0.0000,NA,NA,NA
ExperienceX.exe,56308,0x216C7EA03E0,DXGI,1,0,0,Composed: Flip,1370.5818,NA,15.07490000000000,NA,0.31700000000000,1.48150000000000,NA,1355.7608,15.1380,14.8210,0.3170,2.2210,14.0815,2.0227,12.0588,NA,NA,NA
ExperienceX.exe,56308,0x216838E1150,DXGI,1,0,0,Composed: Flip,1337.5048,NA,16.87310000000000,33.41180000000000,0.12750000000000,3.03180000000000,32.3305,1321.1024,16.5299,16.4024,0.1275,19.0572,0.3770,0.3770,0.0000,0.2215,1321.1024,NA
ExperienceX.exe,56308,0x216838E1150,DXGI,1,0,0,Composed: Flip,1372.9188,NA,35.41400000000000,NA,0.20210000000000,1.28730000000000,NA,1337.6323,35.4886,35.2865,0.2021,34.4846,2.0892,2.0892,0.0000,NA,NA,NA
ExperienceX.exe,56308,0x216C7EA03E0,DXGI,1,0,0,Composed: Flip,1387.9831,NA,17.40130000000000,NA,0.28510000000000,3.59750000000000,NA,1370.8988,17.3694,17.0843,0.2851,20.6735,0.0083,0.0083,0.0000,NA,NA,NA
ExperienceX.exe,56308,0x216C829D570,DXGI,1,0,0,Composed: Flip,1373.3263,NA,19.51140000000000,49.92280000000000,0.40010000000000,1.44710000000000,29.8505,1354.1770,19.5494,19.1493,0.4001,20.0291,0.5673,0.5673,0.0000,-0.2606,1354.1770,NA
ExperienceX.exe,56308,0x216C829D570,DXGI,1,0,0,Composed: Flip,1387.1125,NA,13.78620000000000,NA,0.38030000000000,4.47530000000000,NA,1373.7264,13.7664,13.3861,0.3803,17.8542,0.0072,0.0072,0.0000,NA,NA,NA
ExperienceX.exe,56308,0x216C7EA03E0,DXGI,1,0,0,Composed: Flip,1404.3405,NA,16.35740000000000,NA,0.22990000000000,1.46480000000000,NA,1388.2682,16.3022,16.0723,0.2299,3.3196,14.2175,1.8662,12.3513,NA,NA,NA
ExperienceX.exe,56308,0x216C829D570,DXGI,1,0,0,Composed: Flip,1405.1941,NA,18.08160000000000,33.67320000000000,0.18140000000000,2.21390000000000,31.6559,1387.4928,17.8827,17.7013,0.1814,19.4945,0.4207,0.4207,0.0000,-0.3574,1387.4928,NA
ExperienceX.exe,56308,0x216C7EA03E0,DXGI,1,0,0,Composed: Flip,1420.8767,NA,16.53620000000000,NA,1.27370000000000,2.30990000000000,NA,1404.5704,17.5800,16.3063,1.2737,17.8132,0.8030,0.8030,0.0000,NA,NA,NA
ExperienceX.exe,56308,0x216838E1150,DXGI,1,0,0,Composed: Flip,1387.3651,NA,14.44630000000000,49.96540000000000,0.53440000000000,4.20720000000000,32.4356,1373.1209,14.7786,14.2442,0.5344,1.6525,16.7989,5.9466,10.8523,2.0531,1373.1209,NA
ExperienceX.exe,56308,0x216838E1150,DXGI,1,0,0,Composed: Flip,1405.2357,NA,17.87060000000000,NA,0.13630000000000,1.75160000000000,NA,1387.8995,17.4725,17.3362,0.1363,17.9058,1.1820,1.1820,0.0000,NA,NA,NA
ExperienceX.exe,56308,0x216838E1150,DXGI,1,0,0,Composed: Flip,1420.2854,NA,15.04970000000000,NA,0.28000000000000,2.09820000000000,NA,1405.3720,15.1934,14.9134,0.2800,16.8014,0.2102,0.2102,0.0000,NA,NA,NA
ExperienceX.exe,56308,0x216C7EA03E0,DXGI,1,0,0,Composed: Flip,1437.9459,NA,17.06920000000000,NA,0.45170000000000,4.22790000000000,NA,1422.1504,16.2472,15.7955,0.4517,1.0362,18.9872,3.2098,15.7774,NA,NA,NA
ExperienceX.exe,56308,0x216838E1150,DXGI,1,0,0,Composed: Flip,1440.6201,NA,20.33470000000000,50.09640000000000,0.33730000000000,2.04620000000000,29.2770,1420.5654,20.3920,20.0547,0.3373,21.6084,0.4925,0.4925,0.0000,-2.6519,1420.5654,NA
ExperienceX.exe,56308,0x216C7EA03E0,DXGI,1,0,0,Composed: Flip,1461.2028,NA,23.25690000000000,NA,0.21640000000000,1.65670000000000,NA,1438.3976,23.0216,22.8052,0.2164,23.1274,1.3345,1.3345,0.0000,NA,NA,NA
ExperienceX.exe,56308,0x216838E1150,DXGI,1,0,0,Composed: Flip,1458.2438,NA,17.62370000000000,16.59160000000000,0.42840000000000,3.13220000000000,28.2449,1440.9574,17.7148,17.2864,0.4284,2.2295,18.1891,3.4165,14.7726,3.8004,1440.9574,NA
ExperienceX.exe,56308,0x216C7EA03E0,DXGI,1,0,0,Composed: Flip,1472.1480,NA,10.94520000000000,NA,0.53190000000000,1.54340000000000,NA,1461.4192,11.2607,10.7288,0.5319,1.8013,10.4709,2.7862,7.6847,NA,NA,NA
ExperienceX.exe,56308,0x216C829D570,DXGI,1,0,0,Composed: Flip,1420.2497,NA,15.05560000000000,16.32940000000000,0.31410000000000,1.92370000000000,32.9297,1405.3755,15.1883,14.8742,0.3141,2.0325,14.7654,3.0888,11.6766,1.5533,1405.3755,NA
ExperienceX.exe,56308,0x216C829D570,DXGI,1,0,0,Composed: Flip,1440.3787,NA,20.12900000000000,NA,0.24440000000000,2.80820000000000,NA,1420.5638,20.0593,19.8149,0.2444,22.1025,0.5206,0.5206,0.0000,NA,NA,NA
ExperienceX.exe,56308,0x216C829D570,DXGI,1,0,0,Composed: Flip,1459.1477,NA,18.76900000000000,NA,0.19090000000000,4.07280000000000,NA,1440.6231,18.7155,18.5246,0.1909,22.2364,0.3610,0.3610,0.0000,NA,NA,NA
ExperienceX.exe,56308,0x216C829D570,DXGI,1,0,0,Composed: Flip,1472.0902,NA,12.94250000000000,NA,0.37150000000000,1.99450000000000,NA,1459.3386,13.1231,12.7516,0.3715,14.3528,0.3933,0.3933,0.0000,NA,NA,NA
ExperienceX.exe,56308,0x216C7EA03E0,DXGI,1,0,0,Composed: Flip,1487.9095,NA,15.76150000000000,NA,0.16430000000000,3.68790000000000,NA,1472.6799,15.3939,15.2296,0.1643,18.0208,0.8967,0.6675,0.2292,NA,NA,NA
ExperienceX.exe,56308,0x216838E1150,DXGI,1,0,0,Composed: Flip,1472.8840,NA,14.64020000000000,16.71110000000000,1.48670000000000,2.51320000000000,30.3158,1458.6722,15.6985,14.2118,1.4867,15.4125,1.3125,1.2489,0.0636,1.0037,1458.6722,NA
ExperienceX.exe,56308,0x216838E1150,DXGI,1,0,0,Composed: Flip,1487.1780,NA,14.29400000000000,NA,0.33720000000000,3.46290000000000,NA,1474.3707,13.1445,12.8073,0.3372,15.4480,0.8222,0.6714,0.1508,NA,NA,NA
ExperienceX.exe,56308,0x216C7EA03E0,DXGI,1,0,0,Composed: Flip,1508.5744,NA,20.66490000000000,NA,0.50230000000000,2.99850000000000,NA,1488.0738,21.0029,20.5006,0.5023,3.5616,19.9375,3.0265,16.9110,NA,NA,NA
ExperienceX.exe,56308,0x216838E1150,DXGI,1,0,0,Composed: Flip,1511.9697,NA,24.79170000000000,50.43730000000000,0.45890000000000,1.16670000000000,41.6674,1487.5152,24.9134,24.4545,0.4589,25.2509,0.3703,0.3558,0.0145,-21.5943,1487.5152,NA
ExperienceX.exe,56308,0x216C7EA03E0,DXGI,1,0,0,Composed: Flip,1532.5442,NA,23.96980000000000,NA,0.28390000000000,5.56170000000000,NA,1509.0767,23.7514,23.4675,0.2839,29.0156,0.0136,0.0136,0.0000,NA,NA,NA
ExperienceX.exe,56308,0x216C829D570,DXGI,1,0,0,Composed: Flip,1487.1626,NA,15.07240000000000,66.69520000000000,0.35390000000000,2.65610000000000,32.7120,1472.4617,15.0548,14.7009,0.3539,4.0021,13.3549,3.1351,10.2198,0.3910,1472.4617,NA
ExperienceX.exe,56308,0x216C829D570,DXGI,1,0,0,Composed: Flip,1511.0930,NA,23.93040000000000,NA,0.25840000000000,1.67310000000000,NA,1487.5165,23.8349,23.5765,0.2584,24.0564,1.1932,1.1932,0.0000,NA,NA,NA
ExperienceX.exe,56308,0x216C829D570,DXGI,1,0,0,Composed: Flip,1533.4361,NA,22.34310000000000,NA,0.31400000000000,4.69190000000000,NA,1511.3514,22.3987,22.0847,0.3140,26.7616,0.0150,0.0150,0.0000,NA,NA,NA
ExperienceX.exe,56308,0x216C7EA03E0,DXGI,1,0,0,Composed: Flip,1558.1500,NA,25.60580000000000,NA,0.12790000000000,1.67910000000000,NA,1532.8281,25.4498,25.3219,0.1279,24.5514,2.4496,2.4029,0.0467,NA,NA,NA
ExperienceX.exe,56308,0x216838E1150,DXGI,1,0,0,Composed: Flip,1532.5911,NA,20.62140000000000,16.27080000000000,1.10100000000000,5.49860000000000,37.3168,1512.4286,21.2635,20.1625,1.1010,1.3739,24.2872,9.0445,15.2427,8.6426,1512.4286,NA
ExperienceX.exe,56308,0x216838E1150,DXGI,1,0,0,Composed: Flip,1554.3549,NA,21.76380000000000,NA,0.34000000000000,3.02460000000000,NA,1533.6921,21.0028,20.6628,0.3400,23.0230,0.6644,0.6644,0.0000,NA,NA,NA
ExperienceX.exe,56308,0x216C7EA03E0,DXGI,1,0,0,Composed: Flip,1588.1521,NA,30.00210000000000,NA,0.41210000000000,1.35820000000000,NA,1558.2779,30.2863,29.8742,0.4121,30.8484,0.3840,0.3840,0.0000,NA,NA,NA
ExperienceX.exe,56308,0x216838E1150,DXGI,1,0,0,Composed: Flip,1583.6165,NA,29.26160000000000,67.34610000000001,2.86370000000000,4.67110000000000,53.6375,1554.6949,31.7853,28.9216,2.8637,29.7875,3.8052,2.3615,1.4437,-25.0798,1554.6949,NA
ExperienceX.exe,56308,0x216C7EA03E0,DXGI,1,0,0,Composed: Flip,1604.3334,NA,16.18130000000000,NA,0.41940000000000,2.32590000000000,NA,1588.5642,16.1886,15.7692,0.4194,0.9461,17.1490,3.2131,13.9359,NA,NA,NA
ExperienceX.exe,56308,0x216C829D570,DXGI,1,0,0,Composed: Flip,1554.5224,NA,21.08630000000000,83.46210000000001,0.64350000000000,2.19270000000000,48.8143,1533.7501,21.4158,20.7723,0.6435,4.5201,18.4449,3.2108,15.2341,-22.1737,1533.7501,NA
ExperienceX.exe,56308,0x216C829D570,DXGI,1,0,0,Composed: Flip,1587.6619,NA,33.13950000000000,NA,0.30590000000000,1.46440000000000,NA,1555.1659,32.8019,32.4960,0.3059,33.1217,0.8387,0.8387,0.0000,NA,NA,NA
ExperienceX.exe,56308,0x216C829D570,DXGI,1,0,0,Composed: Flip,1605.0386,NA,17.37670000000000,NA,1.83790000000000,3.50720000000000,NA,1587.9678,18.9087,17.0708,1.8379,20.1819,0.3961,0.3961,0.0000,NA,NA,NA
ExperienceX.exe,56308,0x216C7EA03E0,DXGI,1,0,0,Composed: Flip,1631.6713,NA,27.33790000000000,NA,0.50750000000000,5.38460000000000,NA,1604.7528,27.4260,26.9185,0.5075,32.2942,0.0089,0.0089,0.0000,NA,NA,NA
ExperienceX.exe,56308,0x216C829D570,DXGI,1,0,0,Composed: Flip,1632.4707,NA,27.43210000000000,66.91750000000000,0.65470000000000,4.57630000000000,37.7835,1606.8765,26.2489,25.5942,0.6547,1.6693,28.5012,7.3623,21.1389,6.2089,1606.8765,NA
ExperienceX.exe,56308,0x216C7EA03E0,DXGI,1,0,0,Composed: Flip,1655.6900,NA,24.01870000000000,NA,0.12530000000000,1.42100000000000,NA,1632.1788,23.6365,23.5112,0.1253,24.0674,0.8648,0.8648,0.0000,NA,NA,NA
ExperienceX.exe,56308,0x216838E1150,DXGI,1,0,0,Composed: Flip,1606.4485,NA,22.83200000000000,15.98040000000000,0.13890000000000,1.70120000000000,46.7859,1586.4802,20.1072,19.9683,0.1389,20.1791,1.4904,1.4904,0.0000,15.8049,1586.4802,NA
ExperienceX.exe,56308,0x216838E1150,DXGI,1,0,0,Composed: Flip,1631.8741,NA,25.42560000000000,NA,2.42690000000000,5.19130000000000,NA,1606.5874,27.7136,25.2867,2.4269,30.4685,0.0095,0.0095,0.0000,NA,NA,NA
ExperienceX.exe,56308,0x216838E1150,DXGI,1,0,0,Composed: Flip,1654.1274,NA,22.25330000000000,NA,0.21940000000000,2.11880000000000,NA,1634.3010,20.0458,19.8264,0.2194,21.3019,0.6433,0.6433,0.0000,NA,NA,NA
ExperienceX.exe,56308,0x216C7EA03E0,DXGI,1,0,0,Composed: Flip,1671.4453,NA,15.75530000000000,NA,0.50230000000000,2.44210000000000,NA,1655.8153,16.1323,15.6300,0.5023,1.2957,16.7764,2.4166,14.3598,NA,NA,NA
ExperienceX.exe,56308,0x0,Other,-1,0,0,Composed: Flip,1355.4763,NA,334.14949999999999,333.40430000000003,0.00000000000000,0.65400000000000,30.9549,1021.3268,334.1495,334.1495,0.0000,319.2098,15.5937,2.8208,12.7729,-183.7596,1021.3268,NA
ExperienceX.exe,56308,0x216C7EA03E0,DXGI,1,0,0,Composed: Flip,1690.1908,NA,18.74550000000000,NA,0.12150000000000,0.84330000000000,NA,1671.9476,18.3647,18.2432,0.1215,18.2083,0.8782,0.7143,0.1639,NA,NA,NA
ExperienceX.exe,56308,0x216C829D570,DXGI,1,0,0,Composed: Flip,1654.1258,NA,21.65510000000000,16.23130000000000,0.27370000000000,1.47710000000000,32.3597,1633.1254,21.2741,21.0004,0.2737,3.9400,18.5375,2.5201,16.0174,10.0176,1633.1254,NA
ExperienceX.exe,56308,0x216C829D570,DXGI,1,0,0,Composed: Flip,1672.5528,NA,18.42700000000000,NA,0.20380000000000,3.28470000000000,NA,1654.3995,18.3571,18.1533,0.2038,19.4879,1.9501,1.9501,0.0000,NA,NA,NA
ExperienceX.exe,56308,0x216C829D570,DXGI,1,0,0,Composed: Flip,1687.6741,NA,15.12130000000000,NA,0.48910000000000,1.97490000000000,NA,1672.7566,15.4066,14.9175,0.4891,4.9005,11.9919,2.2438,9.7481,NA,NA,NA
ExperienceX.exe,56308,0x216C7EA03E0,DXGI,1,0,0,Composed: Flip,1704.0481,NA,13.85730000000000,NA,0.31380000000000,2.82710000000000,NA,1690.3123,14.0496,13.7358,0.3138,1.0107,15.5522,2.8785,12.6737,NA,NA,NA
ExperienceX.exe,56308,0x216C829D570,DXGI,1,0,0,Composed: Flip,1706.9094,NA,19.23530000000000,50.18820000000000,0.97290000000000,1.89240000000000,29.7643,1688.1632,19.7191,18.7462,0.9729,18.7120,1.9266,1.8992,0.0274,4.8496,1688.1632,NA
ExperienceX.exe,56308,0x216C7EA03E0,DXGI,1,0,0,Composed: Flip,1721.2143,NA,17.16620000000000,NA,0.13710000000000,2.40640000000000,NA,1704.3619,16.9895,16.8524,0.1371,18.0002,1.2586,1.2444,0.0142,NA,NA,NA
ExperienceX.exe,56308,0x216838E1150,DXGI,1,0,0,Composed: Flip,1676.2401,NA,22.11270000000000,49.89400000000001,0.22110000000000,1.41700000000000,26.8883,1654.3468,22.1144,21.8933,0.2211,21.4907,1.8196,1.8196,0.0000,17.9726,1654.3468,NA
ExperienceX.exe,56308,0x216838E1150,DXGI,1,0,0,Composed: Flip,1707.3008,NA,31.06070000000000,NA,0.21800000000000,1.50640000000000,NA,1676.4612,31.0576,30.8396,0.2180,32.3406,0.0054,0.0054,0.0000,NA,NA,NA
ExperienceX.exe,56308,0x216838E1150,DXGI,1,0,0,Composed: Flip,1720.5157,NA,13.21490000000000,NA,0.37890000000000,1.84640000000000,NA,1707.5188,13.3758,12.9969,0.3789,14.7138,0.1295,0.1295,0.0000,NA,NA,NA
ExperienceX.exe,56308,0x216C7EA03E0,DXGI,1,0,0,Composed: Flip,1737.2674,NA,16.05310000000000,NA,0.41340000000000,2.26780000000000,NA,1721.3514,16.3294,15.9160,0.4134,2.2693,15.9145,2.4570,13.4575,NA,NA,NA
ExperienceX.exe,56308,0x216C829D570,DXGI,1,0,0,Composed: Flip,1720.5205,NA,13.61110000000000,16.45480000000000,0.37170000000000,1.71210000000000,32.6080,1707.8823,13.0099,12.6382,0.3717,0.9249,13.4254,2.7827,10.6427,3.2643,1707.8823,NA
ExperienceX.exe,56308,0x216C829D570,DXGI,1,0,0,Composed: Flip,1739.7021,NA,19.18160000000000,NA,0.52730000000000,1.88040000000000,NA,1720.8922,19.3372,18.8099,0.5273,19.8187,0.8716,0.8716,0.0000,NA,NA,NA
ExperienceX.exe,56308,0x216C7EA03E0,DXGI,1,0,0,Composed: Flip,1756.3712,NA,19.10380000000000,NA,0.38940000000000,1.49530000000000,NA,1737.6808,19.0798,18.6904,0.3894,17.7967,2.3890,1.4730,0.9160,NA,NA,NA
ExperienceX.exe,56308,0x216C829D570,DXGI,1,0,0,Composed: Flip,1753.7448,NA,14.04270000000000,33.30950000000000,0.31090000000000,1.15570000000000,32.6932,1740.2294,13.8263,13.5154,0.3109,1.3531,13.3180,2.6183,10.6997,-0.9624,1740.2294,NA
ExperienceX.exe,56308,0x216C7EA03E0,DXGI,1,0,0,Composed: Flip,1770.3220,NA,13.95080000000000,NA,0.36250000000000,1.44160000000000,NA,1756.7606,13.9239,13.5614,0.3625,1.2743,13.7287,1.9947,11.7340,NA,NA,NA
ExperienceX.exe,56308,0x216838E1150,DXGI,1,0,0,Composed: Flip,1738.0135,NA,17.49780000000000,66.63830000000000,1.50290000000000,2.69740000000000,31.7532,1720.8946,18.6218,17.1189,1.5029,18.6406,1.1757,1.1547,0.0210,-0.0905,1720.8946,NA
ExperienceX.exe,56308,0x216838E1150,DXGI,1,0,0,Composed: Flip,1753.7444,NA,15.73090000000000,NA,0.31140000000000,1.56510000000000,NA,1739.5164,14.5394,14.2280,0.3114,15.3841,0.4090,0.3964,0.0126,NA,NA,NA
ExperienceX.exe,56308,0x216838E1150,DXGI,1,0,0,Composed: Flip,1772.4373,NA,18.69290000000000,NA,0.70020000000000,1.26850000000000,NA,1754.0558,19.0817,18.3815,0.7002,17.7078,1.9422,1.9422,0.0000,NA,NA,NA
ExperienceX.exe,56308,0x216C7EA03E0,DXGI,1,0,0,Composed: Flip,1787.7585,NA,17.43650000000000,NA,1.31670000000000,2.28920000000000,NA,1770.6845,18.3907,17.0740,1.3167,18.1119,1.2513,1.2268,0.0245,NA,NA,NA
ExperienceX.exe,56308,0x216838E1150,DXGI,1,0,0,Composed: Flip,1786.9332,NA,14.49590000000000,50.01350000000000,0.22100000000000,1.86320000000000,32.8470,1773.1375,14.0167,13.7957,0.2210,15.4174,0.2415,0.2415,0.0000,2.2294,1773.1375,NA
ExperienceX.exe,56308,0x216C7EA03E0,DXGI,1,0,0,Composed: Flip,1803.9782,NA,16.21970000000000,NA,0.47060000000000,1.78720000000000,NA,1789.0752,15.3736,14.9030,0.4706,0.9725,15.7177,2.0733,13.6444,NA,NA,NA
ExperienceX.exe,56308,0x216C829D570,DXGI,1,0,0,Composed: Flip,1772.8098,NA,19.06500000000000,16.77130000000000,0.20340000000000,1.28310000000000,30.3995,1754.0557,18.9575,18.7541,0.2034,19.6501,0.3871,0.3871,0.0000,-2.9450,1754.0557,NA
ExperienceX.exe,56308,0x216C829D570,DXGI,1,0,0,Composed: Flip,1786.9330,NA,14.12320000000000,NA,0.22120000000000,1.62190000000000,NA,1773.0132,14.1410,13.9198,0.2212,1.0797,14.4620,2.3833,12.0787,NA,NA,NA
ExperienceX.exe,56308,0x216C829D570,DXGI,1,0,0,Composed: Flip,1806.4031,NA,19.47010000000000,NA,0.26510000000000,1.47930000000000,NA,1787.1542,19.5140,19.2489,0.2651,20.2880,0.4402,0.4402,0.0000,NA,NA,NA
ExperienceX.exe,56308,0x216C7EA03E0,DXGI,1,0,0,Composed: Flip,1825.1104,NA,21.13220000000000,NA,0.16080000000000,0.88170000000000,NA,1804.4488,20.8224,20.6616,0.1608,19.5331,2.0102,2.0102,0.0000,NA,NA,NA
ExperienceX.exe,56308,0x216C829D570,DXGI,1,0,0,Composed: Flip,1820.8257,NA,14.42260000000000,49.98610000000000,0.43340000000000,3.15620000000000,32.3697,1806.6682,14.5909,14.1575,0.4334,17.1757,0.1380,0.1380,0.0000,2.6264,1806.6682,NA
ExperienceX.exe,56308,0x216C7EA03E0,DXGI,1,0,0,Composed: Flip,1837.3532,NA,12.24280000000000,NA,0.42440000000000,2.18070000000000,NA,1825.2712,12.5064,12.0820,0.4244,0.7209,13.5418,1.6703,11.8715,NA,NA,NA
ExperienceX.exe,56308,0x216838E1150,DXGI,1,0,0,Composed: Flip,1806.1358,NA,19.20260000000000,16.63610000000000,0.21000000000000,1.30640000000000,30.2805,1787.1542,19.1916,18.9816,0.2100,18.6112,1.6768,1.6768,0.0000,-2.6194,1787.1542,NA
ExperienceX.exe,56308,0x216838E1150,DXGI,1,0,0,Composed: Flip,1820.8543,NA,14.71850000000000,NA,0.44020000000000,2.98960000000000,NA,1806.3458,14.9487,14.5085,0.4402,1.5366,15.9615,3.9176,12.0439,NA,NA,NA
ExperienceX.exe,56308,0x216838E1150,DXGI,1,0,0,Composed: Flip,1839.4894,NA,18.63510000000000,NA,0.33170000000000,1.71730000000000,NA,1821.2945,18.5266,18.1949,0.3317,18.2394,1.6728,1.6587,0.0141,NA,NA,NA
ExperienceX.exe,56308,0x216C7EA03E0,DXGI,1,0,0,Composed: Flip,1855.8641,NA,18.51090000000000,NA,0.10730000000000,1.25030000000000,NA,1837.7776,18.1938,18.0865,0.1073,18.4176,0.9192,0.8823,0.0369,NA,NA,NA
ExperienceX.exe,56308,0x216838E1150,DXGI,1,0,0,Composed: Flip,1853.6378,NA,14.14840000000000,50.53610000000000,0.28510000000000,2.01920000000000,33.3146,1839.8211,14.1018,13.8167,0.2851,2.2578,13.5781,2.9990,10.5791,2.1308,1839.8211,NA
ExperienceX.exe,56308,0x216C7EA03E0,DXGI,1,0,0,Composed: Flip,1873.1286,NA,17.26450000000000,NA,0.45910000000000,1.89690000000000,NA,1855.9714,17.6163,17.1572,0.4591,1.1430,17.9111,2.0813,15.8298,NA,NA,NA
ExperienceX.exe,56308,0x216C829D570,DXGI,1,0,0,Composed: Flip,1839.5478,NA,18.72210000000000,17.06890000000000,0.21780000000000,2.53110000000000,30.7165,1821.2591,18.5065,18.2887,0.2178,19.9476,0.8722,0.8722,0.0000,-2.4780,1821.2591,NA
ExperienceX.exe,56308,0x216C829D570,DXGI,1,0,0,Composed: Flip,1853.6664,NA,14.11860000000000,NA,0.38490000000000,2.52880000000000,NA,1839.7656,14.2857,13.9008,0.3849,15.8914,0.5382,0.5382,0.0000,NA,NA,NA
ExperienceX.exe,56308,0x216C829D570,DXGI,1,0,0,Composed: Flip,1876.5557,NA,22.88930000000000,NA,0.20870000000000,1.21140000000000,NA,1854.0513,22.7131,22.5044,0.2087,20.9875,2.7283,2.7283,0.0000,NA,NA,NA
ExperienceX.exe,56308,0x216C7EA03E0,DXGI,1,0,0,Composed: Flip,1888.4704,NA,15.34180000000000,NA,1.45660000000000,3.23540000000000,NA,1873.5877,16.3393,14.8827,1.4566,17.1487,0.9694,0.9694,0.0000,NA,NA,NA
ExperienceX.exe,56308,0x216838E1150,DXGI,1,0,0,Composed: Flip,1876.7419,NA,23.10410000000000,16.19830000000000,0.71080000000000,1.50510000000000,26.4088,1853.9229,23.5298,22.8190,0.7108,23.8442,0.4799,0.4799,0.0000,-2.0965,1853.9229,NA
ExperienceX.exe,56308,0x216838E1150,DXGI,1,0,0,Composed: Flip,1887.7058,NA,10.96390000000000,NA,0.38140000000000,3.03060000000000,NA,1877.4527,10.6345,10.2531,0.3814,12.8433,0.4404,0.4404,0.0000,NA,NA,NA
ExperienceX.exe,56308,0x216C7EA03E0,DXGI,1,0,0,Composed: Flip,1903.9182,NA,15.44780000000000,NA,0.40520000000000,3.13720000000000,NA,1889.9270,14.3964,13.9912,0.4052,1.7788,15.3496,3.2817,12.0679,NA,NA,NA
ExperienceX.exe,56308,0x216838E1150,DXGI,1,0,0,Composed: Flip,1906.3768,NA,18.67100000000000,33.27620000000000,0.18310000000000,1.20050000000000,30.0501,1888.0872,18.4727,18.2896,0.1831,18.9682,0.5219,0.5219,0.0000,0.8881,1888.0872,NA
ExperienceX.exe,56308,0x216C7EA03E0,DXGI,1,0,0,Composed: Flip,1923.7554,NA,19.83720000000000,NA,0.40970000000000,1.27730000000000,NA,1904.3234,19.8417,19.4320,0.4097,18.2708,2.4385,2.2934,0.1451,NA,NA,NA
ExperienceX.exe,56308,0x216838E1150,DXGI,1,0,0,Composed: Flip,1920.7223,NA,14.34550000000000,16.93780000000000,0.29190000000000,1.86510000000000,32.6424,1906.5599,14.4543,14.1624,0.2919,1.4368,14.5907,3.7647,10.8260,1.5349,1906.5599,NA
ExperienceX.exe,56308,0x216C7EA03E0,DXGI,1,0,0,Composed: Flip,1939.6950,NA,15.93960000000000,NA,0.33340000000000,1.73680000000000,NA,1924.1651,15.8633,15.5299,0.3334,16.0293,1.2374,1.0365,0.2009,NA,NA,NA
ExperienceX.exe,56308,0x216838E1150,DXGI,1,0,0,Composed: Flip,1940.4350,NA,19.71270000000000,33.69270000000000,1.35990000000000,3.26960000000000,46.6224,1921.0142,20.7807,19.4208,1.3599,20.4176,2.2728,2.2728,0.0000,-19.2384,1921.0142,NA
ExperienceX.exe,56308,0x216C7EA03E0,DXGI,1,0,0,Composed: Flip,1960.4497,NA,20.75470000000000,NA,2.92650000000000,3.86740000000000,NA,1940.0284,23.3478,20.4213,2.9265,23.8876,0.4011,0.4011,0.0000,NA,NA,NA
ExperienceX.exe,56308,0x216C829D570,DXGI,1,0,0,Composed: Flip,1888.1825,NA,11.62680000000000,49.62200000000000,1.73960000000000,2.11350000000000,31.7038,1876.7644,13.1577,11.4181,1.7396,1.4826,12.0490,2.4547,9.5943,5.8833,1876.7644,NA
ExperienceX.exe,56308,0x216C829D570,DXGI,1,0,0,Composed: Flip,1904.7114,NA,16.52890000000000,NA,0.17550000000000,3.28530000000000,NA,1889.9221,14.9648,14.7893,0.1755,17.6552,0.4194,0.4194,0.0000,NA,NA,NA
ExperienceX.exe,56308,0x216C829D570,DXGI,1,0,0,Composed: Flip,1920.7221,NA,16.01070000000000,NA,0.29190000000000,1.87210000000000,NA,1904.8869,16.1271,15.8352,0.2919,17.7005,0.0068,0.0068,0.0000,NA,NA,NA
ExperienceX.exe,56308,0x216C829D570,DXGI,1,0,0,Composed: Flip,1942.2587,NA,21.53660000000000,NA,0.15000000000000,1.85510000000000,NA,1921.0140,21.3947,21.2447,0.1500,22.6906,0.4092,0.4092,0.0000,NA,NA,NA
ExperienceX.exe,56308,0x216C829D570,DXGI,1,0,0,Composed: Flip,1960.4610,NA,18.20230000000000,NA,2.82260000000000,4.33590000000000,NA,1942.4087,20.8749,18.0523,2.8226,21.9084,0.4798,0.4798,0.0000,NA,NA,NA
ExperienceX.exe,56308,0x216C829D570,DXGI,1,0,0,Composed: Flip,1973.4391,NA,12.97810000000000,NA,0.32860000000000,2.80340000000000,NA,1963.2836,10.4841,10.1555,0.3286,12.1300,0.8289,0.8289,0.0000,NA,NA,NA
ExperienceX.exe,56308,0x216C7EA03E0,DXGI,1,0,0,Composed: Flip,1989.7478,NA,29.29810000000000,NA,2.26110000000000,3.32460000000000,NA,1963.3762,28.6327,26.3716,2.2611,28.9184,0.7778,0.7620,0.0158,NA,NA,NA
ExperienceX.exe,56308,0x216C7EA03E0,DXGI,1,0,0,Composed: Flip,1973.3013,NA,0.00000000000000,NA,0.69820000000000,1.97620000000000,NA,1992.0089,0.6982,0.0000,0.6982,0.0000,10.4806,4.3924,6.0882,NA,NA,NA
ExperienceX.exe,56308,0x216838E1150,DXGI,1,0,0,Composed: Flip,1959.7326,NA,19.29760000000000,16.32780000000000,0.71880000000000,4.18340000000000,43.6526,1941.7949,18.6565,17.9377,0.7188,2.3189,19.8022,3.6424,16.1598,4.4529,1941.7949,NA
ExperienceX.exe,56308,0x216838E1150,DXGI,1,0,0,Composed: Flip,1988.8958,NA,29.16320000000000,NA,0.40130000000000,3.39880000000000,NA,1960.4514,28.8457,28.4444,0.4013,31.3435,0.4997,0.4997,0.0000,NA,NA,NA
ExperienceX.exe,56308,0x216838E1150,DXGI,1,0,0,Composed: Flip,1974.3526,NA,0.00000000000000,NA,0.19290000000000,2.87060000000000,NA,1989.2971,0.1929,0.0000,0.1929,0.0000,0.9807,0.9444,0.0363,NA,NA,NA
ExperienceX.exe,56308,0x216C7EA03E0,DXGI,1,0,0,Composed: Flip,2005.1974,NA,31.89610000000000,NA,1.17460000000000,3.72430000000000,NA,1973.9995,32.3725,31.1979,1.1746,19.6540,15.2682,4.0438,11.2244,NA,NA,NA
ExperienceX.exe,56308,0x216C829D570,DXGI,1,0,0,Composed: Flip,1988.8438,NA,15.40470000000000,116.59460000000000,0.46080000000000,2.95110000000000,47.6371,1973.7677,15.5369,15.0761,0.4608,4.0306,13.9966,3.0099,10.9867,-19.5913,1973.7677,NA
ExperienceX.exe,56308,0x216C829D570,DXGI,1,0,0,Composed: Flip,2009.3817,NA,20.53790000000000,NA,0.24240000000000,3.60030000000000,NA,1989.3046,20.3195,20.0771,0.2424,23.6719,0.0055,0.0055,0.0000,NA,NA,NA
ExperienceX.exe,56308,0x216C7EA03E0,DXGI,1,0,0,Composed: Flip,2032.0542,NA,26.85680000000000,NA,2.49020000000000,5.23260000000000,NA,2006.3720,28.1724,25.6822,2.4902,30.3892,0.5256,0.5256,0.0000,NA,NA,NA
ExperienceX.exe,56308,0x216838E1150,DXGI,1,0,0,Composed: Flip,2010.1943,NA,35.84170000000000,50.20020000000000,0.29910000000000,2.78030000000000,43.3911,1974.5455,35.9479,35.6488,0.2991,34.3762,4.0529,4.0393,0.0136,-17.4496,1974.5455,NA
ExperienceX.exe,56308,0x216838E1150,DXGI,1,0,0,Composed: Flip,2034.3870,NA,24.19270000000000,NA,0.33950000000000,2.37420000000000,NA,2010.4934,24.2331,23.8936,0.3395,26.2624,0.0054,0.0054,0.0000,NA,NA,NA
ExperienceX.exe,56308,0x216C7EA03E0,DXGI,1,0,0,Composed: Flip,2055.7366,NA,23.68240000000000,NA,0.14040000000000,2.86050000000000,NA,2034.5444,21.3326,21.1922,0.1404,22.3774,1.6753,1.5246,0.1507,NA,NA,NA
ExperienceX.exe,56308,0x216838E1150,DXGI,1,0,0,Composed: Flip,2054.4504,NA,20.06340000000000,33.11950000000000,0.44160000000000,2.32100000000000,32.2545,2034.7265,20.1655,19.7239,0.4416,21.5183,0.5266,0.4783,0.0483,27.0615,2034.7265,NA
ExperienceX.exe,56308,0x216C7EA03E0,DXGI,1,0,0,Composed: Flip,2073.2522,NA,17.51560000000000,NA,0.43190000000000,2.65760000000000,NA,2055.8770,17.8071,17.3752,0.4319,3.4352,16.5976,2.7306,13.8670,NA,NA,NA
ExperienceX.exe,56308,0x216838E1150,DXGI,1,0,0,Composed: Flip,2076.0526,NA,21.60220000000000,33.08600000000000,0.44250000000000,1.28630000000000,43.7383,2054.8920,21.6031,21.1606,0.4425,21.0178,1.4291,1.3947,0.0344,-12.9205,2054.8920,NA
ExperienceX.exe,56308,0x216C7EA03E0,DXGI,1,0,0,Composed: Flip,2091.8472,NA,18.59500000000000,NA,0.14030000000000,3.95900000000000,NA,2073.6841,18.3034,18.1631,0.1403,20.4099,1.7122,1.5811,0.1311,NA,NA,NA
ExperienceX.exe,56308,0x216C7EA03E0,DXGI,1,0,0,Composed: Flip,2114.5773,NA,22.73010000000000,NA,0.32270000000000,1.75330000000000,NA,2091.9875,22.9125,22.5898,0.3227,23.1373,1.2058,1.2058,0.0000,NA,NA,NA
ExperienceX.exe,56308,0x216838E1150,DXGI,1,0,0,Composed: Flip,2090.9933,NA,14.94070000000000,16.91980000000000,0.43060000000000,3.10070000000000,45.7174,2076.4951,14.9288,14.4982,0.4306,1.1816,16.4173,4.0452,12.3721,4.6833,2076.4951,NA
ExperienceX.exe,56308,0x216838E1150,DXGI,1,0,0,Composed: Flip,2122.5361,NA,31.54280000000000,NA,0.29680000000000,1.49420000000000,NA,2091.4239,31.4090,31.1122,0.2968,24.9067,7.6997,1.7915,5.9082,NA,NA,NA
ExperienceX.exe,56308,0x216C829D570,DXGI,1,0,0,Composed: Flip,2033.9039,NA,24.52220000000000,33.99360000000000,0.63440000000000,2.85190000000000,36.5706,2009.6241,24.9142,24.2798,0.6344,23.5816,3.5501,3.5501,0.0000,1.8628,2009.6241,NA
ExperienceX.exe,56308,0x216C829D570,DXGI,1,0,0,Composed: Flip,2054.4575,NA,20.55360000000000,NA,0.43730000000000,1.78730000000000,NA,2034.5383,20.3565,19.9192,0.4373,2.7485,18.9580,3.4423,15.5157,NA,NA,NA
ExperienceX.exe,56308,0x216C829D570,DXGI,1,0,0,Composed: Flip,2075.9622,NA,21.50470000000000,NA,0.23550000000000,1.71450000000000,NA,2054.8948,21.3029,21.0674,0.2355,22.4441,0.3378,0.3378,0.0000,NA,NA,NA
ExperienceX.exe,56308,0x216C829D570,DXGI,1,0,0,Composed: Flip,2093.8767,NA,17.91450000000000,NA,0.38050000000000,2.54140000000000,NA,2076.1977,18.0595,17.6790,0.3805,19.6085,0.6119,0.4302,0.1817,NA,NA,NA
ExperienceX.exe,56308,0x216C829D570,DXGI,1,0,0,Composed: Flip,2123.0698,NA,29.19310000000000,NA,1.45710000000000,3.46630000000000,NA,2094.2572,30.2697,28.8126,1.4571,29.9706,2.3083,0.9608,1.3475,NA,NA,NA
ExperienceX.exe,56308,0x216C829D570,DXGI,1,0,0,Composed: Flip,2111.0382,NA,0.00000000000000,NA,0.47730000000000,1.65590000000000,NA,2124.5269,0.4773,0.0000,0.4773,0.0000,15.3232,3.2651,12.0581,NA,NA,NA
ExperienceX.exe,56308,0x216838E1150,DXGI,1,0,0,Composed: Flip,2111.8257,NA,0.00000000000000,16.64400000000000,0.59700000000000,3.29910000000000,41.5290,2122.8329,0.5970,0.0000,0.5970,0.0000,2.3976,2.1067,0.2909,29.6938,2122.8329,NA
ExperienceX.exe,56308,0x216838E1150,DXGI,1,0,0,Composed: Flip,2140.7999,NA,28.97420000000000,NA,0.41920000000000,1.61170000000000,NA,2112.4227,28.7964,28.3772,0.4192,28.1765,1.8124,1.8124,0.0000,NA,NA,NA
ExperienceX.exe,56308,0x0,Other,-1,0,0,Composed: Flip,1690.0459,NA,334.56960000000004,333.42920000000004,0.00000000000000,0.11000000000000,29.8145,1355.4763,334.5696,334.5696,0.0000,334.1727,0.5069,0.5069,0.0000,0.7203,1355.4763,NA
ExperienceX.exe,56308,0x216C7EA03E0,DXGI,1,0,0,Composed: Flip,2122.5372,NA,7.95990000000000,NA,0.29280000000000,1.68460000000000,30.6950,2114.9000,7.9300,7.6372,0.2928,9.1303,0.1915,0.1757,0.0158,NA,2114.9000,NA
ExperienceX.exe,56308,0x216C7EA03E0,DXGI,1,0,0,Composed: Flip,2138.2532,NA,15.71600000000000,NA,0.50460000000000,2.34600000000000,NA,2122.8300,15.9278,15.4232,0.5046,16.2059,1.5633,1.2227,0.3406,NA,NA,NA
ExperienceX.exe,56308,0x216C7EA03E0,DXGI,1,0,0,Composed: Flip,2154.8284,NA,16.57520000000000,NA,1.75010000000000,5.57690000000000,NA,2138.7578,17.8207,16.0706,1.7501,19.5383,2.1092,2.0211,0.0881,NA,NA,NA
ExperienceX.exe,56308,0x216C7EA03E0,DXGI,1,0,0,Composed: Flip,2194.7655,NA,39.93710000000000,66.76940000000000,0.43370000000000,4.59580000000000,25.2361,2156.5785,38.6207,38.1870,0.4337,28.3299,14.4529,5.5075,8.9454,-25.0909,2156.5785,NA
ExperienceX.exe,56308,0x216838E1150,DXGI,1,0,0,Composed: Flip,2153.9767,NA,13.17680000000000,49.88490000000000,0.44350000000000,3.16200000000000,49.2629,2141.2191,13.2011,12.7576,0.4435,1.6918,14.2278,4.3712,9.8566,-31.4987,2141.2191,NA
ExperienceX.exe,56308,0x216838E1150,DXGI,1,0,0,Composed: Flip,2180.8714,NA,26.89470000000000,NA,1.46230000000000,2.37720000000000,NA,2154.4202,27.9135,26.4512,1.4623,26.8943,1.9341,1.9341,0.0000,NA,NA,NA
ExperienceX.exe,56308,0x216838E1150,DXGI,1,0,0,Composed: Flip,2197.6909,NA,16.81950000000000,NA,0.67280000000000,1.70200000000000,NA,2182.3337,16.0300,15.3572,0.6728,17.0487,0.0105,0.0105,0.0000,NA,NA,NA
ExperienceX.exe,56308,0x216838E1150,DXGI,1,0,0,Composed: Flip,2207.8771,NA,10.18620000000000,NA,0.27480000000000,1.96300000000000,NA,2198.3637,9.7882,9.5134,0.2748,1.1560,10.3204,3.1143,7.2061,NA,NA,NA
ExperienceX.exe,56308,0x216C829D570,DXGI,1,0,0,Composed: Flip,2139.4582,NA,28.42000000000000,99.54590000000000,0.28170000000000,3.45270000000000,30.5622,2111.5155,28.2244,27.9427,0.2817,30.8961,0.4993,0.4993,0.0000,2.3455,2111.5155,NA
ExperienceX.exe,56308,0x216C829D570,DXGI,1,0,0,Composed: Flip,2154.1441,NA,14.68590000000000,NA,0.51190000000000,4.15200000000000,NA,2139.7399,14.9161,14.4042,0.5119,17.3988,1.1574,1.0619,0.0955,NA,NA,NA
ExperienceX.exe,56308,0x216C829D570,DXGI,1,0,0,Composed: Flip,2180.8724,NA,26.72830000000000,NA,0.24280000000000,3.60430000000000,NA,2154.6560,26.4592,26.2164,0.2428,28.5926,1.2281,1.2281,0.0000,NA,NA,NA
ExperienceX.exe,56308,0x216C829D570,DXGI,1,0,0,Composed: Flip,2196.8321,NA,15.95970000000000,NA,0.14980000000000,2.54720000000000,NA,2181.1152,15.8667,15.7169,0.1498,18.2528,0.0113,0.0113,0.0000,NA,NA,NA
ExperienceX.exe,56308,0x216C829D570,DXGI,1,0,0,Composed: Flip,2207.8779,NA,11.04580000000000,NA,0.27380000000000,2.94930000000000,NA,2196.9819,11.1698,10.8960,0.2738,13.4491,0.3962,0.3684,0.0278,NA,NA,NA
ExperienceX.exe,56308,0x216C829D570,DXGI,1,0,0,Composed: Flip,2220.6217,NA,12.74380000000000,NA,0.37230000000000,2.69350000000000,NA,2208.1517,12.8423,12.4700,0.3723,14.3440,0.8195,0.8195,0.0000,NA,NA,NA
ExperienceX.exe,56308,0x216838E1150,DXGI,1,0,0,Composed: Flip,2220.6332,NA,12.75610000000000,66.86020000000001,0.36060000000000,1.86250000000000,49.4666,2208.1519,12.8419,12.4813,0.3606,13.0176,1.3262,1.3262,0.0000,0.0726,2208.1519,NA
ExperienceX.exe,56308,0x216838E1150,DXGI,1,0,0,Composed: Flip,2246.1861,NA,25.55290000000000,NA,0.17850000000000,1.49460000000000,NA,2220.9938,25.3708,25.1923,0.1785,26.1696,0.5173,0.5173,0.0000,NA,NA,NA
ExperienceX.exe,56308,0x216838E1150,DXGI,1,0,0,Composed: Flip,2274.4744,NA,28.28830000000000,34.39280000000000,0.33400000000000,1.42910000000000,30.0182,2246.3646,28.4438,28.1098,0.3340,28.4597,1.0792,0.9959,0.0833,3.8199,2246.3646,NA
ExperienceX.exe,56308,0x216838E1150,DXGI,1,0,0,Composed: Flip,2282.7554,NA,8.28100000000000,32.37700000000000,0.30970000000000,1.68240000000000,54.1142,2274.8084,8.2567,7.9470,0.3097,2.8906,6.7388,1.6868,5.0520,-3.9332,2274.8084,NA
ExperienceX.exe,56308,0x216838E1150,DXGI,1,0,0,Composed: Flip,2313.1980,NA,30.44260000000000,16.33540000000000,1.39440000000000,2.78030000000000,40.0070,2283.0651,31.5273,30.1329,1.3944,32.3751,0.5381,0.5381,0.0000,-8.0787,2283.0651,NA
ExperienceX.exe,56308,0x216838E1150,DXGI,1,0,0,Composed: Flip,2340.3982,NA,27.20020000000000,16.77560000000000,0.45710000000000,3.05580000000000,29.5824,2314.5924,26.2629,25.8058,0.4571,27.6165,1.2451,1.2451,0.0000,14.7517,2314.5924,NA
ExperienceX.exe,56308,0x216838E1150,DXGI,1,0,0,Composed: Flip,2357.8760,NA,17.47780000000000,34.00530000000000,0.39490000000000,2.22410000000000,46.1099,2340.8553,17.4156,17.0207,0.3949,2.8179,16.4269,2.8798,13.5471,-7.7424,2340.8553,NA
ExperienceX.exe,56308,0x216838E1150,DXGI,1,0,0,Composed: Flip,2388.9723,NA,31.09630000000000,32.92170000000000,0.23370000000000,3.79290000000000,47.9353,2358.2709,30.9351,30.7014,0.2337,32.6372,1.8571,1.8571,0.0000,-15.5061,2358.2709,NA
ExperienceX.exe,56308,0x216838E1150,DXGI,1,0,0,Composed: Flip,2415.1171,NA,26.14480000000000,0.27700000000000,0.30580000000000,3.34550000000000,22.0675,2389.2060,26.2169,25.9111,0.3058,28.8232,0.4334,0.4334,0.0000,30.6581,2389.2060,NA
ExperienceX.exe,56308,0x216838E1150,DXGI,1,0,0,Composed: Flip,2424.5644,NA,9.44730000000000,16.03470000000000,0.40430000000000,2.45710000000000,28.6549,2415.4229,9.5458,9.1415,0.4043,11.5862,0.0124,0.0124,0.0000,10.1822,2415.4229,NA
ExperienceX.exe,56308,0x216838E1150,DXGI,1,0,0,Composed: Flip,2441.7481,NA,17.18370000000000,33.35680000000000,0.37080000000000,2.06130000000000,44.8280,2424.9687,17.1502,16.7794,0.3708,15.2127,3.6280,3.6158,0.0122,-23.8110,2424.9687,NA
ExperienceX.exe,56308,0x216838E1150,DXGI,1,0,0,Composed: Flip,2474.9784,NA,33.23030000000000,33.27820000000000,0.34540000000000,4.39870000000000,44.8759,2442.1189,33.2049,32.8595,0.3454,36.5863,0.6719,0.6719,0.0000,-16.1280,2442.1189,NA
ExperienceX.exe,56308,0x216838E1150,DXGI,1,0,0,Composed: Flip,2493.0609,NA,18.08250000000000,0.05330000000000,0.41860000000000,2.02880000000000,26.8467,2475.3238,18.1557,17.7371,0.4186,4.0533,15.7126,2.8928,12.8198,33.1516,2475.3238,NA
ExperienceX.exe,56308,0x216C829D570,DXGI,1,0,0,Composed: Flip,2245.7564,NA,25.13470000000000,116.50220000000000,0.31400000000000,1.40700000000000,40.7662,2220.9940,25.0764,24.7624,0.3140,4.5472,21.6222,3.8325,17.7897,-7.0237,2220.9940,NA
ExperienceX.exe,56308,0x216C829D570,DXGI,1,0,0,Composed: Flip,2275.9875,NA,30.23110000000000,NA,0.21970000000000,1.71150000000000,NA,2246.0704,30.1368,29.9171,0.2197,29.8331,1.7955,1.7955,0.0000,NA,NA,NA
ExperienceX.exe,56308,0x216C829D570,DXGI,1,0,0,Composed: Flip,2282.8314,NA,6.84390000000000,NA,0.31640000000000,2.76210000000000,NA,2276.2072,6.9406,6.6242,0.3164,8.2306,1.1557,1.1557,0.0000,NA,NA,NA
ExperienceX.exe,56308,0x216C829D570,DXGI,1,0,0,Composed: Flip,2313.0841,NA,30.25270000000000,NA,0.31680000000000,2.35610000000000,NA,2283.1478,30.2531,29.9363,0.3168,31.8706,0.4218,0.4218,0.0000,NA,NA,NA
ExperienceX.exe,56308,0x216C829D570,DXGI,1,0,0,Composed: Flip,2338.8056,NA,25.72150000000000,NA,0.38880000000000,3.40330000000000,NA,2313.4009,25.7935,25.4047,0.3888,2.5774,26.2306,4.1951,22.0355,NA,NA,NA
ExperienceX.exe,56308,0x216C829D570,DXGI,1,0,0,Composed: Flip,2359.7759,NA,20.97030000000000,NA,0.84310000000000,2.11760000000000,NA,2339.1944,21.4246,20.5815,0.8431,22.2958,0.4033,0.3937,0.0096,NA,NA,NA
ExperienceX.exe,56308,0x216C829D570,DXGI,1,0,0,Composed: Flip,2388.2123,NA,28.43640000000000,NA,0.67950000000000,2.69580000000000,NA,2360.6190,28.2728,27.5933,0.6795,1.3107,28.9784,4.2273,24.7511,NA,NA,NA
ExperienceX.exe,56308,0x216C829D570,DXGI,1,0,0,Composed: Flip,2415.3995,NA,27.18720000000000,NA,1.06960000000000,2.24090000000000,NA,2388.8918,27.5773,26.5077,1.0696,4.2627,24.4859,5.1853,19.3006,NA,NA,NA
ExperienceX.exe,56308,0x216C829D570,DXGI,1,0,0,Composed: Flip,2425.3617,NA,9.96220000000000,NA,2.27100000000000,3.66420000000000,NA,2416.4691,11.1636,8.8926,2.2710,11.4797,1.0771,1.0462,0.0309,NA,NA,NA
ExperienceX.exe,56308,0x216C829D570,DXGI,1,0,0,Composed: Flip,2438.2669,NA,12.90520000000000,NA,0.29580000000000,1.86520000000000,NA,2427.6327,10.9300,10.6342,0.2958,1.4510,11.0484,2.7530,8.2954,NA,NA,NA
ExperienceX.exe,56308,0x216C829D570,DXGI,1,0,0,Composed: Flip,2474.6182,NA,36.35130000000000,NA,0.80620000000000,4.08700000000000,NA,2438.5627,36.8617,36.0555,0.8062,40.1376,0.0049,0.0049,0.0000,NA,NA,NA
ExperienceX.exe,56308,0x216C829D570,DXGI,1,0,0,Composed: Flip,2493.8670,NA,19.24880000000000,NA,0.25600000000000,3.77740000000000,NA,2475.4244,18.6986,18.4426,0.2560,21.6039,0.6161,0.5839,0.0322,NA,NA,NA
ExperienceX.exe,56308,0x216C829D570,DXGI,1,0,0,Composed: Flip,2509.7118,NA,15.84480000000000,NA,0.62280000000000,3.20780000000000,NA,2494.1230,16.2116,15.5888,0.6228,18.2319,0.5647,0.5647,0.0000,NA,NA,NA
ExperienceX.exe,56308,0x216838E1150,DXGI,1,0,0,Composed: Flip,2509.9751,NA,16.91420000000000,16.70390000000000,0.18270000000000,3.92660000000000,26.6364,2493.4795,16.6783,16.4956,0.1827,19.4401,0.9821,0.9357,0.0464,1.4518,2493.4795,NA
ExperienceX.exe,56308,0x216838E1150,DXGI,1,0,0,Composed: Flip,2520.5505,NA,10.57540000000000,NA,0.39800000000000,3.21050000000000,NA,2510.1578,10.7907,10.3927,0.3980,12.9708,0.6324,0.6110,0.0214,NA,NA,NA
ExperienceX.exe,56308,0x216C829D570,DXGI,1,0,0,Composed: Flip,2520.5540,NA,10.84220000000000,283.50530000000003,1.16370000000000,2.57460000000000,49.4739,2510.3346,11.3831,10.2194,1.1637,3.7015,9.0925,3.1747,5.9178,5.8353,2510.3346,NA
ExperienceX.exe,56308,0x216C829D570,DXGI,1,0,0,Composed: Flip,2545.6844,NA,25.13040000000000,NA,0.76120000000000,4.26020000000000,NA,2521.7177,24.7279,23.9667,0.7612,26.9525,1.2744,1.2744,0.0000,NA,NA,NA
ExperienceX.exe,56308,0x216C829D570,DXGI,1,0,0,Composed: Flip,2559.4706,NA,13.78620000000000,33.86400000000000,0.21810000000000,1.58040000000000,44.4213,2546.4456,13.2431,13.0250,0.2181,3.4990,11.1064,3.1992,7.9072,2.2470,2546.4456,NA
ExperienceX.exe,56308,0x216C829D570,DXGI,1,0,0,Composed: Flip,2572.4176,NA,12.94700000000000,NA,0.36420000000000,6.93770000000000,NA,2559.6887,13.0931,12.7289,0.3642,19.2455,0.4211,0.4123,0.0088,NA,NA,NA
ExperienceX.exe,56308,0x216838E1150,DXGI,1,0,0,Composed: Flip,2545.9169,NA,25.36640000000000,33.47910000000000,0.32760000000000,2.40310000000000,24.1737,2520.9485,25.2960,24.9684,0.3276,5.1924,22.1791,4.5614,17.6177,-6.0101,2520.9485,NA
ExperienceX.exe,56308,0x216838E1150,DXGI,1,0,0,Composed: Flip,2558.8287,NA,12.91180000000000,NA,0.25730000000000,2.60790000000000,NA,2546.2445,12.8415,12.5842,0.2573,14.8065,0.3856,0.3856,0.0000,NA,NA,NA
ExperienceX.exe,56308,0x216838E1150,DXGI,1,0,0,Composed: Flip,2599.0941,NA,40.26540000000000,NA,0.44360000000000,2.97880000000000,NA,2559.0860,40.4517,40.0081,0.4436,42.8510,0.1359,0.1359,0.0000,NA,NA,NA
ExperienceX.exe,56308,0x216838E1150,DXGI,1,0,0,Composed: Flip,2575.2357,NA,0.00000000000000,49.71320000000000,0.21960000000000,3.69850000000000,44.5681,2599.5377,0.2196,0.0000,0.2196,0.0000,1.2424,1.2424,0.0000,28.8760,2599.5377,NA
ExperienceX.exe,56308,0x216838E1150,DXGI,1,0,0,Composed: Flip,2609.9690,NA,34.73330000000000,16.58850000000000,0.29240000000000,6.16570000000000,26.4233,2575.4553,34.8061,34.5137,0.2924,40.0357,0.6437,0.6272,0.0165,NA,2575.4553,NA
ExperienceX.exe,56308,0x216838E1150,DXGI,1,0,0,Composed: Flip,2620.4211,NA,10.45210000000000,33.63250000000000,0.26860000000000,2.99590000000000,49.6037,2610.2614,10.4283,10.1597,0.2686,10.6799,2.4757,1.6291,0.8466,1.1736,2610.2614,NA
ExperienceX.exe,56308,0x216838E1150,DXGI,1,0,0,Composed: Flip,2648.0705,NA,27.64940000000000,NA,0.52660000000000,1.69900000000000,NA,2620.6897,27.9074,27.3808,0.5266,26.2640,2.8158,2.8158,0.0000,NA,NA,NA
ExperienceX.exe,56308,0x216C7EA03E0,DXGI,1,0,0,Composed: Flip,2207.9479,NA,13.18240000000000,16.37070000000000,0.43040000000000,2.48310000000000,28.4244,2195.1992,13.1791,12.7487,0.4304,14.6576,0.5742,0.5742,0.0000,22.2500,2195.1992,NA
ExperienceX.exe,56308,0x216C7EA03E0,DXGI,1,0,0,Composed: Flip,2222.8073,NA,14.85940000000000,NA,0.12310000000000,1.98360000000000,NA,2208.3783,14.5521,14.4290,0.1231,14.9369,1.4757,1.4226,0.0531,NA,NA,NA
ExperienceX.exe,56308,0x216C7EA03E0,DXGI,1,0,0,Composed: Flip,2245.8103,NA,23.00300000000000,NA,0.44130000000000,2.63840000000000,NA,2222.9304,23.3212,22.8799,0.4413,24.7503,0.7680,0.7680,0.0000,NA,NA,NA
ExperienceX.exe,56308,0x216C7EA03E0,DXGI,1,0,0,Composed: Flip,2271.2470,NA,25.43670000000000,NA,0.55260000000000,3.57730000000000,NA,2246.2516,25.5480,24.9954,0.5526,2.1971,26.3756,4.2284,22.1472,NA,NA,NA
ExperienceX.exe,56308,0x216C7EA03E0,DXGI,1,0,0,Composed: Flip,2283.4148,NA,12.16780000000000,NA,0.11010000000000,3.05870000000000,NA,2271.7996,11.7253,11.6152,0.1101,13.7939,0.8800,0.8503,0.0297,NA,NA,NA
ExperienceX.exe,56308,0x216C7EA03E0,DXGI,1,0,0,Composed: Flip,2313.1452,NA,29.73040000000000,NA,0.33530000000000,1.87320000000000,NA,2283.5249,29.9556,29.6203,0.3353,2.9486,28.5449,3.5279,25.0170,NA,NA,NA
ExperienceX.exe,56308,0x216C7EA03E0,DXGI,1,0,0,Composed: Flip,2337.8795,NA,24.73430000000000,NA,0.54560000000000,5.79370000000000,NA,2313.4805,24.9446,24.3990,0.5456,29.9735,0.2192,0.2192,0.0000,NA,NA,NA
ExperienceX.exe,56308,0x216C7EA03E0,DXGI,1,0,0,Composed: Flip,2359.9667,NA,22.08720000000000,NA,0.63210000000000,1.52350000000000,NA,2338.4251,22.1737,21.5416,0.6321,21.6750,1.3901,1.3901,0.0000,NA,NA,NA
ExperienceX.exe,56308,0x216C7EA03E0,DXGI,1,0,0,Composed: Flip,2390.6604,NA,30.69370000000000,NA,0.64820000000000,2.49410000000000,NA,2360.5988,30.7098,30.0616,0.6482,32.1664,0.3893,0.3893,0.0000,NA,NA,NA
ExperienceX.exe,56308,0x216C7EA03E0,DXGI,1,0,0,Composed: Flip,2415.4924,NA,24.83200000000000,NA,1.04800000000000,2.53680000000000,NA,2391.3086,25.2318,24.1838,1.0480,26.3318,0.3888,0.3888,0.0000,NA,NA,NA
ExperienceX.exe,56308,0x216C7EA03E0,DXGI,1,0,0,Composed: Flip,2424.5609,NA,9.06850000000000,NA,0.42810000000000,2.44130000000000,NA,2416.5404,8.4486,8.0205,0.4281,1.9222,8.5396,3.4629,5.0767,NA,NA,NA
ExperienceX.exe,56308,0x216C7EA03E0,DXGI,1,0,0,Composed: Flip,2437.9883,NA,13.42740000000000,NA,0.46530000000000,2.17750000000000,NA,2424.9890,13.4646,12.9993,0.4653,15.1549,0.0219,0.0219,0.0000,NA,NA,NA
ExperienceX.exe,56308,0x216C7EA03E0,DXGI,1,0,0,Composed: Flip,2472.8867,NA,34.89840000000000,NA,2.52150000000000,5.81360000000000,NA,2438.4536,36.9546,34.4331,2.5215,35.4833,4.7634,4.3338,0.4296,NA,NA,NA
ExperienceX.exe,56308,0x216C7EA03E0,DXGI,1,0,0,Composed: Flip,2493.8087,NA,20.92200000000000,NA,0.34950000000000,3.21960000000000,NA,2475.4082,18.7500,18.4005,0.3495,19.6815,1.9386,1.8195,0.1191,NA,NA,NA
ExperienceX.exe,56308,0x216C7EA03E0,DXGI,1,0,0,Composed: Flip,2509.0454,NA,15.23670000000000,NA,0.53630000000000,3.29110000000000,NA,2494.1582,15.4235,14.8872,0.5363,4.0074,14.1709,4.3225,9.8484,NA,NA,NA
ExperienceX.exe,56308,0x216C7EA03E0,DXGI,1,0,0,Composed: Flip,2524.5888,NA,15.54340000000000,NA,0.16130000000000,1.26530000000000,NA,2509.5817,15.1684,15.0071,0.1613,14.5234,1.7490,1.0913,0.6577,NA,NA,NA
ExperienceX.exe,56308,0x216C7EA03E0,DXGI,1,0,0,Composed: Flip,2546.2919,NA,21.70310000000000,NA,0.27780000000000,2.37830000000000,NA,2524.7501,21.8196,21.5418,0.2778,23.5699,0.3502,0.3502,0.0000,NA,NA,NA
ExperienceX.exe,56308,0x216C7EA03E0,DXGI,1,0,0,Composed: Flip,2600.2442,NA,53.95230000000000,NA,0.33140000000000,1.69280000000000,NA,2546.5697,54.0059,53.6745,0.3314,54.2293,1.1380,1.1380,0.0000,NA,NA,NA
ExperienceX.exe,56308,0x216C7EA03E0,DXGI,1,0,0,Composed: Flip,2572.4141,NA,0.00000000000000,NA,0.36370000000000,5.27770000000000,NA,2600.5756,0.3637,0.0000,0.3637,0.0000,15.2270,4.2834,10.9436,NA,NA,NA
ExperienceX.exe,56308,0x216C7EA03E0,DXGI,1,0,0,Composed: Flip,2612.3414,NA,39.92730000000000,NA,0.19560000000000,2.87330000000000,NA,2572.7778,39.7592,39.5636,0.1956,29.2951,13.1418,7.8017,5.3401,NA,NA,NA
ExperienceX.exe,56308,0x216C7EA03E0,DXGI,1,0,0,Composed: Flip,2620.6706,NA,8.32920000000000,NA,0.67230000000000,3.14880000000000,NA,2612.5370,8.8059,8.1336,0.6723,10.8800,0.4024,0.4024,0.0000,NA,NA,NA
ExperienceX.exe,56308,0x216C7EA03E0,DXGI,1,0,0,Composed: Flip,2660.9784,NA,40.30780000000000,NA,0.86160000000000,5.49000000000000,NA,2621.3429,40.4971,39.6355,0.8616,45.1179,0.0076,0.0076,0.0000,NA,NA,NA
ExperienceX.exe,56308,0x216C7EA03E0,DXGI,1,0,0,Composed: Flip,2645.7975,NA,0.00000000000000,NA,0.44710000000000,5.48130000000000,NA,2661.8400,0.4471,0.0000,0.4471,0.0000,1.5093,1.5093,0.0000,NA,NA,NA
ExperienceX.exe,56308,0x216838E1150,DXGI,1,0,0,Composed: Flip,2663.1414,NA,15.07090000000000,33.24940000000000,0.34660000000000,3.31940000000000,40.1328,2648.5971,14.8909,14.5443,0.3466,2.6894,15.1743,7.7989,7.3754,5.0863,2648.5971,NA
ExperienceX.exe,56308,0x216838E1150,DXGI,1,0,0,Composed: Flip,2670.9509,NA,7.80950000000000,NA,0.42220000000000,1.74180000000000,NA,2663.4880,7.8851,7.4629,0.4222,2.9867,6.2180,1.5353,4.6827,NA,NA,NA
ExperienceX.exe,56308,0x216C829D570,DXGI,1,0,0,Composed: Flip,2599.0773,NA,26.65970000000000,15.87630000000000,0.54050000000000,1.72170000000000,20.6909,2572.7818,26.8360,26.2955,0.5405,25.4345,2.5827,2.5360,0.0467,10.4599,2572.7818,NA
ExperienceX.exe,56308,0x216C829D570,DXGI,1,0,0,Composed: Flip,2609.9681,NA,10.89080000000000,NA,0.29330000000000,5.52290000000000,NA,2599.6178,10.6436,10.3503,0.2933,15.5969,0.2763,0.2763,0.0000,NA,NA,NA
ExperienceX.exe,56308,0x216C829D570,DXGI,1,0,0,Composed: Flip,2620.4210,NA,10.45290000000000,NA,0.26840000000000,3.83000000000000,NA,2610.2614,10.4280,10.1596,0.2684,13.5580,0.4316,0.4188,0.0128,NA,NA,NA
ExperienceX.exe,56308,0x216C829D570,DXGI,1,0,0,Composed: Flip,2664.0984,NA,43.67740000000000,NA,0.17740000000000,2.37630000000000,NA,2620.6894,43.5864,43.4090,0.1774,45.7790,0.0063,0.0063,0.0000,NA,NA,NA
ExperienceX.exe,56308,0x216C829D570,DXGI,1,0,0,Composed: Flip,2647.6710,NA,0.00000000000000,NA,0.23430000000000,3.61550000000000,NA,2664.2758,0.2343,0.0000,0.2343,0.0000,0.0077,0.0077,0.0000,NA,NA,NA
ExperienceX.exe,56308,0x216C829D570,DXGI,1,0,0,Composed: Flip,2670.9451,NA,23.27410000000000,NA,0.43050000000000,2.07430000000000,NA,2647.9053,23.4703,23.0398,0.4305,24.7874,0.3267,0.3267,0.0000,NA,NA,NA
ExperienceX.exe,56308,0x216C829D570,DXGI,1,0,0,Composed: Flip,2697.7001,NA,26.75500000000000,NA,0.45530000000000,6.01840000000000,NA,2671.3756,26.7798,26.3245,0.4553,32.2478,0.0951,0.0951,0.0000,NA,NA,NA
ExperienceX.exe,56308,0x216C829D570,DXGI,1,0,0,Composed: Flip,2730.4628,NA,32.76270000000000,150.71310000000000,2.05070000000000,5.10990000000000,40.0185,2698.1554,34.3581,32.3074,2.0507,5.9182,31.4991,4.5555,26.9436,-25.3395,2698.1554,NA
ExperienceX.exe,56308,0x216838E1150,DXGI,1,0,0,Composed: Flip,2697.7026,NA,26.75170000000000,50.81840000000000,0.37680000000000,6.37100000000000,56.3900,2671.3731,26.7063,26.3295,0.3768,32.3454,0.3551,0.3551,0.0000,-28.0424,2671.3731,NA
ExperienceX.exe,56308,0x216838E1150,DXGI,1,0,0,Composed: Flip,2755.6653,NA,57.96270000000001,NA,0.36540000000000,2.11160000000000,NA,2698.0794,57.9513,57.5859,0.3654,58.0227,1.6748,1.4548,0.2200,NA,NA,NA
ExperienceX.exe,56308,0x216838E1150,DXGI,1,0,0,Composed: Flip,2739.9901,NA,0.00000000000000,NA,0.12340000000000,3.65890000000000,NA,2756.0307,0.1234,0.0000,0.1234,0.0000,0.5652,0.5426,0.0226,NA,NA,NA
ExperienceX.exe,56308,0x216838E1150,DXGI,1,0,0,Composed: Flip,2772.0772,NA,32.08710000000000,49.19930000000000,0.16590000000000,3.01940000000000,31.2147,2740.1135,32.1296,31.9637,0.1659,33.5498,1.4333,1.4333,0.0000,19.5411,2740.1135,NA
ExperienceX.exe,56308,0x216838E1150,DXGI,1,0,0,Composed: Flip,2788.1296,NA,16.05240000000000,16.54790000000000,0.43190000000000,3.63680000000000,31.7102,2772.2431,16.3184,15.8865,0.4319,4.3368,15.1865,4.4881,10.6984,15.5817,2772.2431,NA
ExperienceX.exe,56308,0x216838E1150,DXGI,1,0,0,Composed: Flip,2806.0471,NA,17.91750000000000,16.63250000000000,0.26500000000000,3.37080000000000,30.4252,2788.5615,17.7506,17.4856,0.2650,20.0286,0.8278,0.8278,0.0000,-0.3141,2788.5615,NA
ExperienceX.exe,56308,0x216C7EA03E0,DXGI,1,0,0,Composed: Flip,2670.9987,NA,25.20120000000000,484.53030000000001,0.37160000000000,2.47000000000000,49.9039,2646.2446,25.1257,24.7541,0.3716,26.7748,0.4493,0.4343,0.0150,-33.4849,2646.2446,NA
ExperienceX.exe,56308,0x216C7EA03E0,DXGI,1,0,0,Composed: Flip,2697.7140,NA,26.71530000000000,NA,0.32600000000000,5.90940000000000,NA,2671.3703,26.6697,26.3437,0.3260,27.4516,4.8015,3.3259,1.4756,NA,NA,NA
ExperienceX.exe,56308,0x216C7EA03E0,DXGI,1,0,0,Composed: Flip,2758.2693,NA,60.55530000000000,NA,0.49870000000000,1.51750000000000,NA,2698.0400,60.7280,60.2293,0.4987,60.7091,1.0377,0.9818,0.0559,NA,NA,NA
ExperienceX.exe,56308,0x216C7EA03E0,DXGI,1,0,0,Composed: Flip,2740.1778,NA,0.00000000000000,NA,0.73190000000000,2.85840000000000,NA,2758.7680,0.7319,0.0000,0.7319,0.0000,5.3774,3.2687,2.1087,NA,NA,NA
ExperienceX.exe,56308,0x216C7EA03E0,DXGI,1,0,0,Composed: Flip,2732.6416,NA,0.00000000000000,NA,2.23370000000000,5.01720000000000,NA,2740.9097,2.2337,0.0000,2.2337,0.0000,1.7189,1.7189,0.0000,NA,NA,NA
ExperienceX.exe,56308,0x216C7EA03E0,DXGI,1,0,0,Composed: Flip,2771.3650,NA,38.72340000000001,NA,0.44940000000000,2.29830000000000,NA,2734.8753,36.9391,36.4897,0.4494,25.1532,13.6348,2.7704,10.8644,NA,NA,NA
ExperienceX.exe,56308,0x216C7EA03E0,DXGI,1,0,0,Composed: Flip,2792.0352,NA,20.67020000000000,NA,1.03480000000000,1.68180000000000,NA,2771.8144,21.2556,20.2208,1.0348,20.0028,1.8998,1.7851,0.1147,NA,NA,NA
ExperienceX.exe,56308,0x216C7EA03E0,DXGI,1,0,0,Composed: Flip,2805.2519,NA,13.21670000000000,NA,0.51170000000000,4.57630000000000,NA,2793.0700,12.6936,12.1819,0.5117,16.3479,0.4103,0.4103,0.0000,NA,NA,NA
ExperienceX.exe,56308,0x216C7EA03E0,DXGI,1,0,0,Composed: Flip,2823.3899,NA,18.13800000000000,NA,0.16100000000000,1.50150000000000,NA,2805.7636,17.7873,17.6263,0.1610,17.5105,1.6173,1.6131,0.0042,NA,NA,NA
ExperienceX.exe,56308,0x216C829D570,DXGI,1,0,0,Composed: Flip,2755.6628,NA,25.20000000000000,16.11870000000000,0.37680000000000,3.08630000000000,30.9372,2732.5135,23.5261,23.1493,0.3768,25.2718,0.9638,0.9638,0.0000,18.2394,2732.5135,NA
ExperienceX.exe,56308,0x216C829D570,DXGI,1,0,0,Composed: Flip,2773.7276,NA,18.06480000000000,NA,0.49900000000000,2.45100000000000,NA,2756.0396,18.1870,17.6880,0.4990,19.0570,1.0820,1.0509,0.0311,NA,NA,NA
ExperienceX.exe,56308,0x216C829D570,DXGI,1,0,0,Composed: Flip,2787.9626,NA,14.23500000000000,NA,0.38680000000000,3.85460000000000,NA,2774.2266,14.1228,13.7360,0.3868,17.5506,0.0400,0.0400,0.0000,NA,NA,NA
ExperienceX.exe,56308,0x216C829D570,DXGI,1,0,0,Composed: Flip,2806.0484,NA,18.08580000000000,NA,0.26370000000000,2.54170000000000,NA,2788.3494,17.9627,17.6990,0.2637,5.3676,14.8731,2.2743,12.5988,NA,NA,NA
ExperienceX.exe,56308,0x216C829D570,DXGI,1,0,0,Composed: Flip,2820.7343,NA,14.68590000000000,NA,0.28840000000000,1.77750000000000,NA,2806.3121,14.7106,14.4222,0.2884,3.5161,12.6836,3.0706,9.6130,NA,NA,NA
ExperienceX.exe,56308,0x216C829D570,DXGI,1,0,0,Composed: Flip,2840.0210,NA,19.28670000000000,NA,0.19380000000000,0.92220000000000,NA,2821.0227,19.1921,18.9983,0.1938,18.7446,1.1759,1.1759,0.0000,NA,NA,NA
ExperienceX.exe,56308,0x216C829D570,DXGI,1,0,0,Composed: Flip,2853.7038,NA,13.68280000000000,100.23190000000001,0.28210000000000,2.51310000000000,33.1281,2840.2148,13.7711,13.4890,0.2821,15.4915,0.5106,0.5106,0.0000,7.4694,2840.2148,NA
ExperienceX.exe,56308,0x216838E1150,DXGI,1,0,0,Composed: Flip,2820.8225,NA,14.77540000000000,16.65760000000000,0.41540000000000,2.45160000000000,32.3074,2806.3121,14.9258,14.5104,0.4154,16.1997,0.7623,0.7623,0.0000,1.0930,2806.3121,NA
ExperienceX.exe,56308,0x216838E1150,DXGI,1,0,0,Composed: Flip,2837.5500,NA,16.72750000000000,NA,1.04400000000000,2.21730000000000,NA,2821.2379,17.3561,16.3121,1.0440,16.5650,1.9644,1.9644,0.0000,NA,NA,NA
ExperienceX.exe,56308,0x216838E1150,DXGI,1,0,0,Composed: Flip,2853.7032,NA,16.15320000000000,NA,0.23260000000000,2.00310000000000,NA,2838.5940,15.3418,15.1092,0.2326,2.7855,14.3268,2.5497,11.7771,NA,NA,NA
ExperienceX.exe,56308,0x216838E1150,DXGI,1,0,0,Composed: Flip,2871.4477,NA,17.74450000000000,NA,0.23980000000000,3.94460000000000,NA,2853.9358,17.7517,17.5119,0.2398,20.9966,0.4599,0.4599,0.0000,NA,NA,NA
ExperienceX.exe,56308,0x216838E1150,DXGI,1,0,0,Composed: Flip,2891.3773,NA,19.92960000000000,66.73580000000000,0.41810000000000,1.57210000000000,28.4884,2871.6875,20.1079,19.6898,0.4181,3.7048,17.5571,2.5137,15.0434,-1.3604,2871.6875,NA
ExperienceX.exe,56308,0x216C829D570,DXGI,1,0,0,Composed: Flip,2871.4492,NA,17.74540000000000,16.26640000000000,0.23840000000000,3.48320000000000,31.6491,2853.9859,17.7017,17.4633,0.2384,20.1640,0.7825,0.7825,0.0000,-2.4953,2853.9859,NA
ExperienceX.exe,56308,0x216C829D570,DXGI,1,0,0,Composed: Flip,2892.0480,NA,20.59880000000000,NA,0.21180000000000,2.63180000000000,NA,2871.6876,20.5722,20.3604,0.2118,21.2618,1.7304,1.7304,0.0000,NA,NA,NA
ExperienceX.exe,56308,0x216C829D570,DXGI,1,0,0,Composed: Flip,2906.0112,NA,13.96320000000000,NA,0.57300000000000,1.84290000000000,NA,2892.2598,14.3244,13.7514,0.5730,2.8463,12.7480,3.0224,9.7256,NA,NA,NA
ExperienceX.exe,56308,0x216838E1150,DXGI,1,0,0,Composed: Flip,2907.9021,NA,16.52480000000000,16.88110000000000,1.58700000000000,3.94860000000000,28.8447,2891.7954,17.6937,16.1067,1.5870,16.9471,3.1082,1.9232,1.1850,3.2268,2891.7954,NA
ExperienceX.exe,56308,0x216838E1150,DXGI,1,0,0,Composed: Flip,2920.5782,NA,12.67610000000000,NA,0.99560000000000,2.07340000000000,NA,2909.4891,12.0847,11.0891,0.9956,12.7620,0.4005,0.3745,0.0260,NA,NA,NA
ExperienceX.exe,56308,0x216C7EA03E0,DXGI,1,0,0,Composed: Flip,2837.0215,NA,13.63160000000000,149.19770000000000,0.42980000000000,4.35800000000000,33.0788,2823.5509,13.9004,13.4706,0.4298,17.3923,0.4363,0.4363,0.0000,28.1086,2823.5509,NA
ExperienceX.exe,56308,0x216C7EA03E0,DXGI,1,0,0,Composed: Flip,2854.2758,NA,17.25430000000000,NA,0.10660000000000,2.82880000000000,NA,2837.4513,16.9311,16.8245,0.1066,18.7656,0.8877,0.8877,0.0000,NA,NA,NA
ExperienceX.exe,56308,0x216C7EA03E0,DXGI,1,0,0,Composed: Flip,2871.1050,NA,16.82920000000000,NA,0.66850000000000,3.04490000000000,NA,2854.3824,17.3911,16.7226,0.6685,2.7222,17.0453,2.7994,14.2459,NA,NA,NA
ExperienceX.exe,56308,0x216C7EA03E0,DXGI,1,0,0,Composed: Flip,2892.0478,NA,20.94280000000000,NA,1.44100000000000,3.05830000000000,NA,2871.7735,21.7153,20.2743,1.4410,22.9063,0.4263,0.4263,0.0000,NA,NA,NA
ExperienceX.exe,56308,0x216C7EA03E0,DXGI,1,0,0,Composed: Flip,2906.0386,NA,13.99080000000000,NA,0.54320000000000,2.25510000000000,NA,2893.4888,13.0930,12.5498,0.5432,14.3653,0.4396,0.4193,0.0203,NA,NA,NA
ExperienceX.exe,56308,0x216C7EA03E0,DXGI,1,0,0,Composed: Flip,2923.3714,NA,17.33280000000000,NA,0.13560000000000,1.15880000000000,NA,2906.5818,16.9252,16.7896,0.1356,16.0767,1.8717,1.4581,0.4136,NA,NA,NA
ExperienceX.exe,56308,0x216C7EA03E0,DXGI,1,0,0,Composed: Flip,2937.5118,NA,14.14040000000000,NA,0.36960000000000,1.36900000000000,NA,2923.5070,14.3744,14.0048,0.3696,1.2344,14.1394,2.1909,11.9485,NA,NA,NA
ExperienceX.exe,56308,0x216838E1150,DXGI,1,0,0,Composed: Flip,2939.1723,NA,18.59410000000000,33.12480000000000,0.11690000000000,1.61430000000000,30.6993,2921.5738,17.7154,17.5985,0.1169,17.3070,1.9058,1.9058,0.0000,-3.3464,2921.5738,NA
ExperienceX.exe,56308,0x216838E1150,DXGI,1,0,0,Composed: Flip,2953.9111,NA,14.73880000000000,NA,0.31600000000000,3.44900000000000,NA,2939.2892,14.9379,14.6219,0.3160,17.6155,0.4554,0.4554,0.0000,NA,NA,NA
ExperienceX.exe,56308,0x216C829D570,DXGI,1,0,0,Composed: Flip,2920.5763,NA,14.56510000000000,50.02230000000000,0.47850000000000,1.67480000000000,32.5443,2906.5842,14.4706,13.9921,0.4785,6.7482,8.9187,2.5833,6.3354,2.5760,2906.5842,NA
ExperienceX.exe,56308,0x216C829D570,DXGI,1,0,0,Composed: Flip,2938.9353,NA,18.35900000000000,NA,0.53500000000000,2.15320000000000,NA,2921.0548,18.4155,17.8805,0.5350,19.7318,0.3019,0.3019,0.0000,NA,NA,NA
ExperienceX.exe,56308,0x216C829D570,DXGI,1,0,0,Composed: Flip,2953.9100,NA,14.97470000000000,NA,0.51500000000000,2.07700000000000,NA,2939.4703,14.9547,14.4397,0.5150,1.6182,14.8985,3.1384,11.7601,NA,NA,NA
ExperienceX.exe,56308,0x216C829D570,DXGI,1,0,0,Composed: Flip,2971.1781,NA,17.26810000000000,NA,0.13090000000000,3.39130000000000,NA,2954.4250,16.8840,16.7531,0.1309,19.7012,0.4432,0.4432,0.0000,NA,NA,NA
ExperienceX.exe,56308,0x216838E1150,DXGI,1,0,0,Composed: Flip,2971.1810,NA,17.26990000000000,33.21330000000000,0.12800000000000,2.94520000000000,31.9039,2954.2271,17.0819,16.9539,0.1280,18.3878,1.5113,1.5113,0.0000,-0.5600,2954.2271,NA
ExperienceX.exe,56308,0x216838E1150,DXGI,1,0,0,Composed: Flip,2990.4886,NA,19.30760000000000,NA,0.25890000000000,3.21190000000000,NA,2971.3090,19.4385,19.1796,0.2589,3.2604,19.1311,4.6753,14.4558,NA,NA,NA
ExperienceX.exe,56308,0x216838E1150,DXGI,1,0,0,Composed: Flip,3004.4282,NA,13.93960000000000,33.35770000000000,0.14120000000000,3.97650000000000,32.0144,2990.7475,13.8219,13.6807,0.1412,17.2280,0.4292,0.4292,0.0000,3.1627,2990.7475,NA
ExperienceX.exe,56308,0x216C829D570,DXGI,1,0,0,Composed: Flip,2990.4897,NA,19.31160000000000,66.61370000000001,0.25780000000000,4.47620000000000,29.2446,2971.3090,19.4385,19.1807,0.2578,22.3915,1.2654,1.2654,0.0000,-1.8889,2971.3090,NA
ExperienceX.exe,56308,0x216C829D570,DXGI,1,0,0,Composed: Flip,3004.4935,NA,14.00380000000000,NA,0.27100000000000,3.48200000000000,NA,2990.7475,14.0170,13.7460,0.2710,15.9878,1.2402,1.2402,0.0000,NA,NA,NA
ExperienceX.exe,56308,0x216C829D570,DXGI,1,0,0,Composed: Flip,3020.4451,NA,15.95160000000000,NA,0.28730000000000,1.58950000000000,NA,3004.7645,15.9679,15.6806,0.2873,3.6402,13.6299,3.1122,10.5177,NA,NA,NA
ExperienceX.exe,56308,0x216838E1150,DXGI,1,0,0,Composed: Flip,3020.4456,NA,16.01740000000000,16.65800000000000,0.28670000000000,2.45470000000000,32.6550,3004.5694,16.1629,15.8762,0.2867,17.4652,0.8657,0.8657,0.0000,-2.8361,3004.5694,NA
ExperienceX.exe,56308,0x216838E1150,DXGI,1,0,0,Composed: Flip,3037.7886,NA,17.34300000000000,NA,0.26720000000000,3.74810000000000,NA,3020.7323,17.3235,17.0563,0.2672,20.3739,0.4305,0.4305,0.0000,NA,NA,NA
ExperienceX.exe,56308,0x216838E1150,DXGI,1,0,0,Composed: Flip,3053.6841,NA,15.89550000000000,33.33500000000000,0.23380000000000,2.24480000000000,32.7515,3038.0558,15.8621,15.6283,0.2338,17.3366,0.5365,0.5365,0.0000,0.1514,3038.0558,NA
ExperienceX.exe,56308,0x216C7EA03E0,DXGI,1,0,0,Composed: Flip,2954.5883,NA,17.07650000000000,116.48310000000001,0.21670000000000,2.31640000000000,31.9951,2937.8814,16.9236,16.7069,0.2167,18.1071,0.9162,0.9162,0.0000,-2.1526,2937.8814,NA
ExperienceX.exe,56308,0x216C7EA03E0,DXGI,1,0,0,Composed: Flip,2970.7403,NA,16.15200000000000,NA,0.31560000000000,1.87460000000000,NA,2954.8050,16.2509,15.9353,0.3156,2.5551,15.2548,2.4349,12.8199,NA,NA,NA
ExperienceX.exe,56308,0x216C7EA03E0,DXGI,1,0,0,Composed: Flip,2993.1487,NA,22.40840000000000,NA,0.17050000000000,2.22140000000000,NA,2971.0559,22.2633,22.0928,0.1705,23.9100,0.4042,0.3991,0.0051,NA,NA,NA
ExperienceX.exe,56308,0x216C7EA03E0,DXGI,1,0,0,Composed: Flip,3003.9330,NA,10.78430000000000,NA,0.33440000000000,2.80230000000000,NA,2993.3192,10.9482,10.6138,0.3344,11.3134,2.1027,1.7580,0.3447,NA,NA,NA
ExperienceX.exe,56308,0x216C7EA03E0,DXGI,1,0,0,Composed: Flip,3020.8972,NA,16.96420000000000,NA,0.18150000000000,2.88150000000000,NA,3004.2674,16.8113,16.6298,0.1815,18.6329,0.8784,0.8732,0.0052,NA,NA,NA
ExperienceX.exe,56308,0x216C7EA03E0,DXGI,1,0,0,Composed: Flip,3037.1187,NA,16.22150000000000,NA,0.41050000000000,2.53890000000000,NA,3021.0787,16.4505,16.0400,0.4105,2.7000,15.8789,2.4657,13.4132,NA,NA,NA
ExperienceX.exe,56308,0x216C7EA03E0,DXGI,1,0,0,Composed: Flip,3056.8749,NA,19.75620000000000,NA,0.20270000000000,0.92850000000000,NA,3037.5292,19.5484,19.3457,0.2027,18.3997,1.8745,1.8664,0.0081,NA,NA,NA
ExperienceX.exe,56308,0x216C7EA03E0,DXGI,1,0,0,Composed: Flip,3070.7931,NA,13.91820000000000,NA,0.47820000000000,2.79380000000000,NA,3057.0776,14.1937,13.7155,0.4782,0.7258,15.7835,1.9942,13.7893,NA,NA,NA
ExperienceX.exe,56308,0x216838E1150,DXGI,1,0,0,Composed: Flip,3073.3555,NA,19.67140000000000,16.91210000000000,0.15980000000000,1.96430000000000,29.9922,3053.9179,19.5974,19.4376,0.1598,20.9438,0.4581,0.4581,0.0000,-1.0500,3053.9179,NA
ExperienceX.exe,56308,0x216838E1150,DXGI,1,0,0,Composed: Flip,3087.0065,NA,13.65100000000000,NA,0.38560000000000,1.61420000000000,NA,3073.5153,13.8768,13.4912,0.3856,1.8045,13.3009,2.9864,10.3145,NA,NA,NA
ExperienceX.exe,56308,0x216838E1150,DXGI,1,0,0,Composed: Flip,3105.4480,NA,18.44150000000000,33.06710000000000,0.14740000000000,4.27240000000000,30.9668,3087.3921,18.2033,18.0559,0.1474,20.5253,1.8030,1.8030,0.0000,0.4071,3087.3921,NA
ExperienceX.exe,56308,0x216838E1150,DXGI,1,0,0,Composed: Flip,3120.3988,NA,14.95080000000000,16.83610000000000,0.29160000000000,1.81930000000000,32.8521,3105.5954,15.0950,14.8034,0.2916,4.7668,11.8559,3.3686,8.4873,1.3672,3105.5954,NA
ExperienceX.exe,56308,0x216838E1150,DXGI,1,0,0,Composed: Flip,3139.3788,NA,18.98000000000000,16.51790000000000,0.10220000000000,1.84230000000000,30.3900,3120.6904,18.7906,18.6884,0.1022,20.0817,0.4490,0.4490,0.0000,-1.4229,3120.6904,NA
ExperienceX.exe,56308,0x216838E1150,DXGI,1,0,0,Composed: Flip,3154.0087,NA,14.62990000000000,16.78400000000000,0.21690000000000,1.89160000000000,32.5441,3139.4810,14.7446,14.5277,0.2169,1.7401,14.6792,3.1202,11.5590,2.0066,3139.4810,NA
ExperienceX.exe,56308,0x0,Other,-1,0,0,Composed: Flip,2182.6300,NA,492.58410000000003,500.03140000000002,0.00000000000000,2.27840000000000,37.2618,1690.0459,492.5841,492.5841,0.0000,494.4308,0.4317,0.4317,0.0000,-165.4618,1690.0459,NA
ExperienceX.exe,56308,0x0,Other,-1,0,0,Composed: Flip,2560.8715,NA,378.24150000000003,NA,0.00000000000000,1.59330000000000,NA,2182.6300,378.2415,378.2415,0.0000,378.8066,1.0282,0.9868,0.0414,NA,NA,NA
ExperienceX.exe,56308,0x0,Other,-1,0,0,Composed: Flip,2735.4278,NA,174.55630000000002,NA,0.00000000000000,0.51210000000000,NA,2560.8715,174.5563,174.5563,0.0000,174.7012,0.3672,0.3672,0.0000,NA,NA,NA
ExperienceX.exe,56308,0x216C829D570,DXGI,1,0,0,Composed: Flip,3037.7403,NA,17.29520000000000,50.26340000000000,0.20530000000000,3.36590000000000,32.2574,3020.7324,17.2132,17.0079,0.2053,19.0296,1.3442,1.3442,0.0000,-0.8400,3020.7324,NA
ExperienceX.exe,56308,0x216C829D570,DXGI,1,0,0,Composed: Flip,3053.6827,NA,15.94240000000000,NA,0.23520000000000,1.67370000000000,NA,3037.9456,15.9723,15.7371,0.2352,3.5911,13.8197,3.0093,10.8104,NA,NA,NA
ExperienceX.exe,56308,0x216C829D570,DXGI,1,0,0,Composed: Flip,3071.5619,NA,17.87920000000000,NA,0.50400000000000,3.29980000000000,NA,3053.9179,18.1480,17.6440,0.5040,19.6690,1.2748,1.2748,0.0000,NA,NA,NA
ExperienceX.exe,56308,0x216C829D570,DXGI,1,0,0,Composed: Flip,3087.0323,NA,15.47040000000000,NA,0.32900000000000,4.64440000000000,NA,3072.0659,15.2954,14.9664,0.3290,18.6725,0.9383,0.9383,0.0000,NA,NA,NA
ExperienceX.exe,56308,0x216C829D570,DXGI,1,0,0,Composed: Flip,3107.2436,NA,20.21130000000000,NA,0.73210000000000,3.11860000000000,NA,3087.3613,20.6144,19.8823,0.7321,22.3591,0.6418,0.6418,0.0000,NA,NA,NA
ExperienceX.exe,56308,0x216C829D570,DXGI,1,0,0,Composed: Flip,3120.3982,NA,13.15460000000000,NA,0.29100000000000,2.11130000000000,NA,3107.9757,12.7135,12.4225,0.2910,14.2424,0.2914,0.2914,0.0000,NA,NA,NA
ExperienceX.exe,56308,0x216C829D570,DXGI,1,0,0,Composed: Flip,3138.0433,NA,17.64510000000000,NA,0.32830000000000,2.72880000000000,NA,3120.6892,17.6824,17.3541,0.3283,18.1026,1.9803,1.9803,0.0000,NA,NA,NA
ExperienceX.exe,56308,0x216C829D570,DXGI,1,0,0,Composed: Flip,3154.0198,NA,15.97650000000000,NA,0.24480000000000,2.74660000000000,NA,3138.3716,15.8930,15.6482,0.2448,17.5287,0.8661,0.8661,0.0000,NA,NA,NA
ExperienceX.exe,56308,0x216C829D570,DXGI,1,0,0,Composed: Flip,3176.2874,NA,22.26760000000000,NA,0.23810000000000,1.04020000000000,NA,3154.2646,22.2609,22.0228,0.2381,22.6366,0.4264,0.4264,0.0000,NA,NA,NA
ExperienceX.exe,56308,0x216C829D570,DXGI,1,0,0,Composed: Flip,3204.2544,NA,27.96700000000000,166.45920000000001,1.02570000000000,3.34050000000000,32.2025,3176.5255,28.7546,27.7289,1.0257,30.6357,0.4337,0.4337,0.0000,-10.6661,3176.5255,NA
ExperienceX.exe,56308,0x216C829D570,DXGI,1,0,0,Composed: Flip,3220.4501,NA,16.19570000000000,16.79630000000000,0.30220000000000,1.50410000000000,32.8031,3205.2801,15.4722,15.1700,0.3022,2.3148,14.3593,2.1423,12.2170,11.9583,3205.2801,NA
ExperienceX.exe,56308,0x216838E1150,DXGI,1,0,0,Composed: Flip,3175.9189,NA,21.91020000000000,16.61100000000000,0.12600000000000,0.98230000000000,27.2449,3154.2256,21.8193,21.6933,0.1260,21.1350,1.5406,1.5406,0.0000,-1.8664,3154.2256,NA
ExperienceX.exe,56308,0x216838E1150,DXGI,1,0,0,Composed: Flip,3187.4400,NA,11.52110000000000,NA,0.23980000000000,1.30170000000000,NA,3176.0449,11.6349,11.3951,0.2398,1.2827,11.4141,2.0490,9.3651,NA,NA,NA
ExperienceX.exe,56308,0x216838E1150,DXGI,1,0,0,Composed: Flip,3204.2527,NA,16.81270000000000,NA,1.12820000000000,2.90850000000000,NA,3187.6798,17.7011,16.5729,1.1282,18.2188,1.2626,1.2626,0.0000,NA,NA,NA
ExperienceX.exe,56308,0x216838E1150,DXGI,1,0,0,Composed: Flip,3220.4515,NA,16.19880000000000,NA,0.35320000000000,2.22910000000000,NA,3205.3809,15.4238,15.0706,0.3532,16.5733,0.7264,0.7264,0.0000,NA,NA,NA
ExperienceX.exe,56308,0x216838E1150,DXGI,1,0,0,Composed: Flip,3254.5570,NA,34.10550000000000,83.26270000000001,0.40940000000000,2.57570000000000,31.8695,3220.8047,34.1617,33.7523,0.4094,19.8344,16.4936,3.9717,12.5219,-16.6836,3220.8047,NA
ExperienceX.exe,56308,0x216838E1150,DXGI,1,0,0,Composed: Flip,3272.4280,NA,17.87100000000000,16.66310000000000,0.59090000000000,2.65300000000000,30.6616,3254.9664,18.0525,17.4616,0.5909,18.7479,1.3667,1.3667,0.0000,17.4986,3254.9664,NA
ExperienceX.exe,56308,0x216838E1150,DXGI,1,0,0,Composed: Flip,3287.2239,NA,14.79590000000000,16.82220000000000,0.33250000000000,2.51950000000000,32.6879,3273.0189,14.5375,14.2050,0.3325,16.1806,0.5439,0.5439,0.0000,1.2303,3273.0189,NA
ExperienceX.exe,56308,0x216C829D570,DXGI,1,0,0,Composed: Flip,3237.3516,NA,16.90150000000000,16.56470000000000,0.21660000000000,2.83010000000000,32.4663,3220.7523,16.8159,16.5993,0.2166,17.2112,2.2182,2.2182,0.0000,-1.0925,3220.7523,NA
ExperienceX.exe,56308,0x216C829D570,DXGI,1,0,0,Composed: Flip,3254.5467,NA,17.19510000000000,NA,0.42170000000000,3.02660000000000,NA,3237.5682,17.4002,16.9785,0.4217,19.5645,0.4406,0.4406,0.0000,NA,NA,NA
ExperienceX.exe,56308,0x216C829D570,DXGI,1,0,0,Composed: Flip,3271.0553,NA,16.50860000000000,NA,0.14960000000000,4.46610000000000,NA,3254.9684,16.2365,16.0869,0.1496,20.1126,0.4404,0.4404,0.0000,NA,NA,NA
ExperienceX.exe,56308,0x216C829D570,DXGI,1,0,0,Composed: Flip,3287.1935,NA,16.13820000000000,NA,0.36060000000000,1.90390000000000,NA,3271.2049,16.3492,15.9886,0.3606,4.3165,13.5760,2.3608,11.2152,NA,NA,NA
ExperienceX.exe,56308,0x216C829D570,DXGI,1,0,0,Composed: Flip,3308.4397,NA,21.24620000000000,NA,0.56070000000000,3.29100000000000,NA,3287.5541,21.4463,20.8856,0.5607,22.3487,1.8279,1.8279,0.0000,NA,NA,NA
ExperienceX.exe,56308,0x216838E1150,DXGI,1,0,0,Composed: Flip,3310.6166,NA,23.39270000000000,16.54140000000000,1.15530000000000,1.80440000000000,25.8366,3287.5564,24.2155,23.0602,1.1553,24.1743,0.6903,0.6903,0.0000,-2.0039,3287.5564,NA
ExperienceX.exe,56308,0x216838E1150,DXGI,1,0,0,Composed: Flip,3322.9837,NA,12.36710000000000,NA,0.43370000000000,1.69830000000000,NA,3311.7719,11.6455,11.2118,0.4337,0.6491,12.2610,2.8855,9.3755,NA,NA,NA
ExperienceX.exe,56308,0x216838E1150,DXGI,1,0,0,Composed: Flip,3351.1992,NA,28.21550000000000,50.29840000000000,0.11320000000000,4.55790000000000,35.5524,3323.4174,27.8950,27.7818,0.1132,31.4572,0.8825,0.5104,0.3721,-14.4374,3323.4174,NA
ExperienceX.exe,56308,0x216838E1150,DXGI,1,0,0,Composed: Flip,3375.0206,NA,23.82140000000000,17.15840000000000,0.15800000000000,1.10650000000000,28.8894,3351.3124,23.8662,23.7082,0.1580,22.0002,2.8145,2.5267,0.2878,10.7366,3351.3124,NA
ExperienceX.exe,56308,0x216838E1150,DXGI,1,0,0,Composed: Flip,3387.6200,NA,12.59940000000000,15.82630000000000,0.33640000000000,1.63950000000000,32.1163,3375.1786,12.7778,12.4414,0.3364,1.6150,12.4659,2.4227,10.0432,8.0399,3375.1786,NA
ExperienceX.exe,56308,0x216C829D570,DXGI,1,0,0,Composed: Flip,3322.9797,NA,14.54000000000000,100.18070000000000,0.38890000000000,2.14670000000000,47.0189,3309.0004,14.3682,13.9793,0.3889,15.6816,0.4444,0.4444,0.0000,-11.9326,3309.0004,NA
ExperienceX.exe,56308,0x216C829D570,DXGI,1,0,0,Composed: Flip,3351.4566,NA,28.47690000000000,NA,0.24450000000000,3.41800000000000,NA,3323.3686,28.3325,28.0880,0.2445,3.6282,27.8778,5.5309,22.3469,NA,NA,NA
ExperienceX.exe,56308,0x216C829D570,DXGI,1,0,0,Composed: Flip,3375.4246,NA,23.96800000000000,NA,0.26830000000000,1.18050000000000,NA,3351.7011,23.9918,23.7235,0.2683,24.4260,0.4780,0.4671,0.0109,NA,NA,NA
ExperienceX.exe,56308,0x216C829D570,DXGI,1,0,0,Composed: Flip,3387.6218,NA,12.19720000000000,NA,0.33460000000000,2.09540000000000,NA,3375.6929,12.2635,11.9289,0.3346,13.5666,0.4577,0.4439,0.0138,NA,NA,NA
ExperienceX.exe,56308,0x216C829D570,DXGI,1,0,0,Composed: Flip,3406.5436,NA,18.92180000000000,NA,0.85380000000000,1.80440000000000,NA,3387.9564,19.4410,18.5872,0.8538,19.0590,1.3326,1.3326,0.0000,NA,NA,NA
ExperienceX.exe,56308,0x216838E1150,DXGI,1,0,0,Composed: Flip,3406.2114,NA,18.59140000000000,16.76400000000000,0.35020000000000,2.54840000000000,30.2889,3387.9564,18.6052,18.2550,0.3502,20.3916,0.4118,0.4118,0.0000,-3.9862,3387.9564,NA
ExperienceX.exe,56308,0x216838E1150,DXGI,1,0,0,Composed: Flip,3420.2805,NA,14.06910000000000,NA,0.29870000000000,1.28330000000000,NA,3406.5616,14.0176,13.7189,0.2987,2.1982,12.8040,1.6854,11.1186,NA,NA,NA
ExperienceX.exe,56308,0x216838E1150,DXGI,1,0,0,Composed: Flip,3442.3816,NA,22.10110000000000,50.12000000000000,0.24010000000000,1.22730000000000,44.2387,3420.5792,22.0425,21.8024,0.2401,20.4588,2.5709,2.3787,0.1922,-17.4972,3420.5792,NA
ExperienceX.exe,56308,0x216838E1150,DXGI,1,0,0,Composed: Flip,3459.8632,NA,17.48160000000000,0.12090000000000,0.47450000000000,7.28090000000000,26.8780,3442.6217,17.7160,17.2415,0.4745,1.7611,22.7613,6.7779,15.9834,21.9216,3442.6217,NA
ExperienceX.exe,56308,0x216838E1150,DXGI,1,0,0,Composed: Flip,3476.4030,NA,16.53980000000000,16.47690000000000,0.93250000000000,1.54740000000000,26.8151,3460.3377,16.9978,16.0653,0.9325,15.5665,2.0462,1.5750,0.4712,1.2391,3460.3377,NA
ExperienceX.exe,56308,0x216C829D570,DXGI,1,0,0,Composed: Flip,3420.2815,NA,13.73790000000000,83.11960000000001,0.29770000000000,2.44070000000000,32.8367,3407.3974,13.1818,12.8841,0.2977,14.1664,1.1584,1.1459,0.0125,15.2774,3407.3974,NA
ExperienceX.exe,56308,0x216C829D570,DXGI,1,0,0,Composed: Flip,3442.9243,NA,22.64280000000000,NA,0.75780000000000,1.43100000000000,NA,3420.5792,23.1029,22.3451,0.7578,23.1799,0.5962,0.5747,0.0215,NA,NA,NA
ExperienceX.exe,56308,0x216C829D570,DXGI,1,0,0,Composed: Flip,3463.3295,NA,20.40520000000000,NA,0.26110000000000,3.82660000000000,NA,3443.6821,19.9085,19.6474,0.2611,23.4642,0.0098,0.0098,0.0000,NA,NA,NA
ExperienceX.exe,56308,0x216C829D570,DXGI,1,0,0,Composed: Flip,3473.1801,NA,9.85060000000000,NA,0.36370000000000,2.72410000000000,NA,3463.5906,9.9532,9.5895,0.3637,11.8332,0.4804,0.4804,0.0000,NA,NA,NA
ExperienceX.exe,56308,0x216C829D570,DXGI,1,0,0,Composed: Flip,3489.9439,NA,16.76380000000000,NA,1.05740000000000,3.63520000000000,NA,3473.5438,17.4575,16.4001,1.0574,19.6206,0.4147,0.4147,0.0000,NA,NA,NA
ExperienceX.exe,56308,0x216838E1150,DXGI,1,0,0,Composed: Flip,3489.6664,NA,13.26340000000000,16.79160000000000,0.45330000000000,3.49800000000000,30.3433,3477.3355,12.7842,12.3309,0.4533,0.6149,15.2140,2.7943,12.4197,0.2062,3477.3355,NA
ExperienceX.exe,56308,0x216838E1150,DXGI,1,0,0,Composed: Flip,3504.5589,NA,14.89250000000000,NA,0.20850000000000,4.70050000000000,NA,3490.1197,14.6477,14.4392,0.2085,18.6964,0.4433,0.4433,0.0000,NA,NA,NA
ExperienceX.exe,56308,0x216838E1150,DXGI,1,0,0,Composed: Flip,3520.8699,NA,16.31100000000000,33.19060000000000,0.37970000000000,4.40290000000000,32.3304,3504.7674,16.4822,16.1025,0.3797,4.4920,16.0134,3.0224,12.9910,-5.7587,3504.7674,NA
ExperienceX.exe,56308,0x216838E1150,DXGI,1,0,0,Composed: Flip,3538.6714,NA,17.80150000000000,16.66510000000000,0.15940000000000,3.14360000000000,31.1940,3521.2496,17.5812,17.4218,0.1594,18.8325,1.7329,1.7329,0.0000,-0.1829,3521.2496,NA
ExperienceX.exe,56308,0x216C829D570,DXGI,1,0,0,Composed: Flip,3504.5804,NA,14.63650000000000,83.33460000000001,0.18740000000000,4.23570000000000,31.8724,3491.0013,13.7665,13.5791,0.1874,15.6794,2.1354,1.6878,0.4476,0.2693,3491.0013,NA
ExperienceX.exe,56308,0x216C829D570,DXGI,1,0,0,Composed: Flip,3520.8788,NA,16.29840000000000,NA,0.77370000000000,4.78610000000000,NA,3504.7678,16.8847,16.1110,0.7737,20.5050,0.3921,0.3921,0.0000,NA,NA,NA
ExperienceX.exe,56308,0x216C829D570,DXGI,1,0,0,Composed: Flip,3541.1263,NA,20.24750000000000,NA,0.24890000000000,1.05490000000000,NA,3521.6525,19.7227,19.4738,0.2489,20.1625,0.3662,0.3662,0.0000,NA,NA,NA
ExperienceX.exe,56308,0x216C829D570,DXGI,1,0,0,Composed: Flip,3554.2057,NA,13.07940000000000,NA,0.64200000000000,3.46110000000000,NA,3541.3752,13.4725,12.8305,0.6420,0.8060,15.4856,3.4467,12.0389,NA,NA,NA
ExperienceX.exe,56308,0x216838E1150,DXGI,1,0,0,Composed: Flip,3554.3547,NA,15.68330000000000,33.40780000000000,2.05540000000000,4.15040000000000,48.9185,3538.8308,17.5793,15.5239,2.0554,18.8360,0.8383,0.8383,0.0000,-15.8266,3538.8308,NA
ExperienceX.exe,56308,0x216838E1150,DXGI,1,0,0,Composed: Flip,3586.7585,NA,32.40380000000000,16.50710000000000,0.30240000000000,1.14800000000000,33.0218,3556.4101,30.6508,30.3484,0.3024,30.8617,0.6347,0.6347,0.0000,1.0722,3556.4101,NA
ExperienceX.exe,56308,0x216838E1150,DXGI,1,0,0,Composed: Flip,3608.9118,NA,22.15330000000000,33.42750000000000,0.40920000000000,2.91590000000000,44.2960,3587.0609,22.2601,21.8509,0.4092,23.0422,1.7246,0.8058,0.9188,-2.7767,3587.0609,NA
ExperienceX.exe,56308,0x216C829D570,DXGI,1,0,0,Composed: Flip,3584.0582,NA,29.85250000000000,66.86730000000000,1.07360000000000,1.80300000000000,19.2619,3554.8477,30.2841,29.2105,1.0736,4.2168,26.7967,3.0012,23.7955,-3.0209,3554.8477,NA
ExperienceX.exe,56308,0x216C829D570,DXGI,1,0,0,Composed: Flip,3598.0776,NA,14.01940000000000,NA,0.93820000000000,2.15760000000000,NA,3585.1318,13.8840,12.9458,0.9382,2.7747,12.3287,4.4749,7.8538,NA,NA,NA
ExperienceX.exe,56308,0x216C829D570,DXGI,1,0,0,Composed: Flip,3603.5232,NA,5.44560000000000,NA,0.47190000000000,0.86540000000000,NA,3599.0158,4.9793,4.5074,0.4719,1.5372,3.8356,1.8181,2.0175,NA,NA,NA
ExperienceX.exe,56308,0x216C829D570,DXGI,1,0,0,Composed: Flip,3633.1900,NA,29.66680000000000,NA,0.53440000000000,1.33930000000000,NA,3603.9951,29.7293,29.1949,0.5344,27.9113,2.6229,2.4097,0.2132,NA,NA,NA
ExperienceX.exe,56308,0x216C829D570,DXGI,1,0,0,Composed: Flip,3642.7997,NA,9.60970000000000,67.08720000000001,0.29930000000000,1.63240000000000,27.6076,3633.7244,9.3746,9.0753,0.2993,10.2255,0.4822,0.4589,0.0233,11.7895,3633.7244,NA
ExperienceX.exe,56308,0x216838E1150,DXGI,1,0,0,Composed: Flip,3633.9118,NA,25.00000000000000,0.04330000000000,0.22670000000000,1.05720000000000,19.3393,3609.3210,24.8175,24.5908,0.2267,25.2083,0.4397,0.4397,0.0000,22.2168,3609.3210,NA
ExperienceX.exe,56308,0x216838E1150,DXGI,1,0,0,Composed: Flip,3642.7804,NA,8.86860000000000,NA,0.31860000000000,1.16950000000000,NA,3634.1385,8.9605,8.6419,0.3186,8.9728,0.8386,0.7828,0.0558,NA,NA,NA
ExperienceX.exe,56308,0x216838E1150,DXGI,1,0,0,Composed: Flip,3653.8033,NA,11.02290000000000,NA,0.35790000000000,2.08090000000000,NA,3643.0990,11.0622,10.7043,0.3579,1.4891,11.2961,1.8543,9.4418,NA,NA,NA
ExperienceX.exe,56308,0x216838E1150,DXGI,1,0,0,Composed: Flip,3675.5297,NA,21.72640000000000,49.84740000000000,0.45140000000000,2.06620000000000,27.5688,3654.1612,21.8199,21.3685,0.4514,21.6886,1.7461,1.7461,0.0000,-5.0072,3654.1612,NA
ExperienceX.exe,56308,0x216838E1150,DXGI,1,0,0,Composed: Flip,3688.6993,NA,13.16960000000000,16.72380000000000,0.34190000000000,1.25670000000000,31.1230,3675.9811,13.0601,12.7182,0.3419,1.8374,12.1375,2.5728,9.5647,5.0961,3675.9811,NA
ExperienceX.exe,56308,0x216C829D570,DXGI,1,0,0,Composed: Flip,3653.8049,NA,11.00520000000000,16.20290000000000,0.37770000000000,2.14610000000000,32.8053,3643.0990,11.0836,10.7059,0.3777,12.7852,0.0668,0.0668,0.0000,-6.8283,3643.0990,NA
ExperienceX.exe,56308,0x216C829D570,DXGI,1,0,0,Composed: Flip,3673.8968,NA,20.09190000000000,NA,0.16300000000000,3.92170000000000,NA,3654.1826,19.8772,19.7142,0.1630,23.4133,0.2226,0.2226,0.0000,NA,NA,NA
ExperienceX.exe,56308,0x216C829D570,DXGI,1,0,0,Composed: Flip,3688.7010,NA,14.80420000000000,NA,0.35030000000000,1.82100000000000,NA,3674.0598,14.9915,14.6412,0.3503,15.8962,0.5660,0.4989,0.0671,NA,NA,NA
ExperienceX.exe,56308,0x216C829D570,DXGI,1,0,0,Composed: Flip,3711.8634,NA,23.16240000000000,NA,0.79060000000000,1.59750000000000,NA,3689.0513,23.6027,22.8121,0.7906,21.9578,2.4518,2.2819,0.1699,NA,NA,NA
ExperienceX.exe,56308,0x216838E1150,DXGI,1,0,0,Composed: Flip,3712.5017,NA,23.80240000000000,16.88250000000000,0.56030000000000,1.35390000000000,24.2031,3689.0412,24.0208,23.4605,0.5603,24.4197,0.3947,0.3947,0.0000,-3.8224,3689.0412,NA
ExperienceX.exe,56308,0x216838E1150,DXGI,1,0,0,Composed: Flip,3720.6446,NA,8.14290000000000,NA,0.36170000000000,1.26370000000000,NA,3713.0620,7.9443,7.5826,0.3617,0.7936,8.0527,1.9679,6.0848,NA,NA,NA
ExperienceX.exe,56308,0x216838E1150,DXGI,1,0,0,Composed: Flip,3741.3578,NA,20.71320000000000,33.04340000000000,0.15800000000000,5.14280000000000,28.3904,3721.0063,20.5095,20.3515,0.1580,24.9575,0.5368,0.5368,0.0000,-1.0783,3721.0063,NA
ExperienceX.exe,56308,0x0,Other,-1,0,0,Composed: Flip,3188.5004,NA,453.07260000000002,1000.08160000000009,0.00000000000000,0.69760000000000,31.4730,2735.4278,453.0726,453.0726,0.0000,453.3139,0.4563,0.4563,0.0000,45.3003,2735.4278,NA
ExperienceX.exe,56308,0x0,Other,-1,0,0,Composed: Flip,3239.6179,NA,51.11750000000000,NA,0.00000000000000,1.02120000000000,NA,3188.5004,51.1175,51.1175,0.0000,51.6813,0.4574,0.4574,0.0000,NA,NA,NA
ExperienceX.exe,56308,0x216C829D570,DXGI,1,0,0,Composed: Flip,3720.6883,NA,8.82490000000000,66.64990000000000,0.33170000000000,1.67310000000000,32.5718,3712.6540,8.3660,8.0343,0.3317,9.2543,0.4531,0.4531,0.0000,2.9051,3712.6540,NA
ExperienceX.exe,56308,0x216C829D570,DXGI,1,0,0,Composed: Flip,3738.5373,NA,17.84900000000000,NA,0.18160000000000,7.42650000000000,NA,3721.0200,17.6989,17.5173,0.1816,22.4716,2.4722,2.4722,0.0000,NA,NA,NA
ExperienceX.exe,56308,0x216C829D570,DXGI,1,0,0,Composed: Flip,3753.4635,NA,14.92620000000000,NA,0.44280000000000,5.05730000000000,NA,3738.7189,15.1874,14.7446,0.4428,18.9236,0.8783,0.8783,0.0000,NA,NA,NA
ExperienceX.exe,56308,0x216C829D570,DXGI,1,0,0,Composed: Flip,3770.8779,NA,17.41440000000000,NA,0.22180000000000,7.01230000000000,NA,3753.9063,17.1934,16.9716,0.2218,23.4621,0.5218,0.5218,0.0000,NA,NA,NA
ExperienceX.exe,56308,0x216C829D570,DXGI,1,0,0,Composed: Flip,3787.3998,NA,16.52190000000000,66.77250000000001,0.25070000000000,10.23960000000000,32.6328,3771.0997,16.5508,16.3001,0.2507,23.3963,3.1434,3.1434,0.0000,-8.3268,3771.0997,NA
ExperienceX.exe,56308,0x216C829D570,DXGI,1,0,0,Composed: Flip,3804.9281,NA,17.52830000000000,16.46590000000000,0.23570000000000,6.40340000000000,31.5704,3787.6505,17.5133,17.2776,0.2357,19.4445,4.2365,4.2365,0.0000,0.0849,3787.6505,NA
ExperienceX.exe,56308,0x216C829D570,DXGI,1,0,0,Composed: Flip,3820.5339,NA,15.60580000000000,16.53520000000000,0.15830000000000,5.79520000000000,32.4998,3805.1638,15.5284,15.3701,0.1583,17.6298,3.5355,2.8090,0.7265,0.9781,3805.1638,NA
ExperienceX.exe,56308,0x216C829D570,DXGI,1,0,0,Composed: Flip,3837.1710,NA,16.63710000000000,16.67440000000000,0.07550000000000,11.62400000000000,32.5371,3820.6922,16.5543,16.4788,0.0755,18.9649,9.1379,9.1379,0.0000,-1.1460,3820.6922,NA
ExperienceX.exe,56308,0x216C829D570,DXGI,1,0,0,Composed: Flip,3853.2912,NA,16.12020000000000,16.62230000000000,0.21920000000000,4.28600000000000,33.0392,3837.2465,16.2639,16.0447,0.2192,16.2654,4.0653,4.0653,0.0000,-0.0680,3837.2465,NA
ExperienceX.exe,56308,0x216838E1150,DXGI,1,0,0,Composed: Flip,3753.4750,NA,12.11720000000000,16.88110000000000,0.43470000000000,4.16750000000000,33.1543,3741.5158,12.3939,11.9592,0.4347,4.9848,11.1419,4.6415,6.5004,3.6284,3741.5158,NA
ExperienceX.exe,56308,0x216838E1150,DXGI,1,0,0,Composed: Flip,3787.4006,NA,33.92560000000000,NA,0.24990000000000,7.09540000000000,NA,3753.9097,33.7408,33.4909,0.2499,23.9805,16.6058,8.1036,8.5022,NA,NA,NA
ExperienceX.exe,56308,0x216838E1150,DXGI,1,0,0,Composed: Flip,3804.9371,NA,17.53650000000000,NA,0.26820000000000,7.06090000000000,NA,3787.6505,17.5548,17.2866,0.2682,23.6810,0.6665,0.6665,0.0000,NA,NA,NA
ExperienceX.exe,56308,0x216838E1150,DXGI,1,0,0,Composed: Flip,3820.5332,NA,15.59610000000000,NA,0.15890000000000,2.21640000000000,NA,3805.2053,15.4868,15.3279,0.1589,6.7927,10.7516,5.0969,5.6547,NA,NA,NA
ExperienceX.exe,56308,0x216838E1150,DXGI,1,0,0,Composed: Flip,3837.1664,NA,16.63320000000000,NA,0.08880000000000,12.08490000000000,NA,3820.6921,16.5631,16.4743,0.0888,28.1029,0.4563,0.4481,0.0082,NA,NA,NA
ExperienceX.exe,56308,0x216838E1150,DXGI,1,0,0,Composed: Flip,3853.2919,NA,16.12550000000000,NA,0.21850000000000,5.89490000000000,NA,3837.2552,16.2552,16.0367,0.2185,20.3220,1.6096,1.6096,0.0000,NA,NA,NA
ExperienceX.exe,56308,0x216838E1150,DXGI,1,0,0,Composed: Flip,3870.6820,NA,17.39010000000000,NA,0.21850000000000,11.30800000000000,NA,3853.5104,17.3901,17.1716,0.2185,28.4735,0.0061,0.0061,0.0000,NA,NA,NA
ExperienceX.exe,56308,0x216838E1150,DXGI,1,0,0,Composed: Flip,3886.5913,NA,15.90930000000000,133.04179999999999,0.11600000000000,2.92640000000000,33.0798,3870.9005,15.8068,15.6908,0.1160,15.8809,2.7363,2.7363,0.0000,-3.6571,3870.9005,NA
ExperienceX.exe,56308,0x216838E1150,DXGI,1,0,0,Composed: Flip,3905.4570,NA,18.86570000000000,16.95390000000000,0.08230000000000,8.35490000000000,31.1680,3886.7073,18.8320,18.7497,0.0823,23.2646,3.8400,3.8291,0.0109,-1.1471,3886.7073,NA
ExperienceX.exe,56308,0x216C7EA03E0,DXGI,1,0,0,Composed: Flip,3087.8203,NA,17.02720000000000,133.20890000000000,1.43710000000000,2.91810000000000,31.9720,3071.2713,17.9861,16.5490,1.4371,17.3494,2.1177,0.9895,1.1282,0.1810,3071.2713,NA
ExperienceX.exe,56308,0x216C7EA03E0,DXGI,1,0,0,Composed: Flip,3104.5607,NA,16.74040000000000,NA,0.43530000000000,3.20470000000000,NA,3089.2574,15.7386,15.3033,0.4353,15.8529,2.6551,1.7238,0.9313,NA,NA,NA
ExperienceX.exe,56308,0x216C7EA03E0,DXGI,1,0,0,Composed: Flip,3122.7005,NA,18.13980000000000,NA,0.13270000000000,1.37950000000000,NA,3104.9960,17.8372,17.7045,0.1327,17.5135,1.5705,1.5539,0.0166,NA,NA,NA
ExperienceX.exe,56308,0x216C7EA03E0,DXGI,1,0,0,Composed: Flip,3136.9193,NA,14.21880000000000,NA,0.26910000000000,1.69880000000000,NA,3122.8332,14.3552,14.0861,0.2691,1.2468,14.5381,1.7430,12.7951,NA,NA,NA
ExperienceX.exe,56308,0x216C7EA03E0,DXGI,1,0,0,Composed: Flip,3157.1050,NA,20.18570000000000,NA,0.81530000000000,1.44900000000000,NA,3137.1884,20.7319,19.9166,0.8153,19.5780,1.7876,1.7876,0.0000,NA,NA,NA
ExperienceX.exe,56308,0x216C7EA03E0,DXGI,1,0,0,Composed: Flip,3173.0317,NA,15.92670000000000,NA,0.74480000000000,2.32890000000000,NA,3157.9203,15.8562,15.1114,0.7448,0.6337,16.8066,1.8694,14.9372,NA,NA,NA
ExperienceX.exe,56308,0x216C7EA03E0,DXGI,1,0,0,Composed: Flip,3189.4273,NA,16.39560000000000,NA,0.65410000000000,1.43210000000000,NA,3173.7765,16.3049,15.6508,0.6541,15.4215,1.6614,1.3146,0.3468,NA,NA,NA
ExperienceX.exe,56308,0x216C7EA03E0,DXGI,1,0,0,Composed: Flip,3203.7315,NA,14.30420000000000,NA,0.35390000000000,2.16710000000000,NA,3190.0814,14.0040,13.6501,0.3539,1.2078,14.6094,2.8672,11.7422,NA,NA,NA
ExperienceX.exe,56308,0x216C7EA03E0,DXGI,1,0,0,Composed: Flip,3223.6730,NA,19.94150000000000,NA,0.14230000000000,0.90400000000000,NA,3204.0854,19.7299,19.5876,0.1423,18.5952,1.8964,1.4397,0.4567,NA,NA,NA
ExperienceX.exe,56308,0x216C7EA03E0,DXGI,1,0,0,Composed: Flip,3236.8530,NA,13.18000000000000,NA,0.23030000000000,1.10110000000000,NA,3223.8153,13.2680,13.0377,0.2303,0.7617,13.3771,1.1932,12.1839,NA,NA,NA
ExperienceX.exe,56308,0x216C7EA03E0,DXGI,1,0,0,Composed: Flip,3255.3894,NA,18.53640000000000,NA,0.14120000000000,3.83410000000000,NA,3237.0833,18.4473,18.3061,0.1412,20.4900,1.6502,1.6452,0.0050,NA,NA,NA
ExperienceX.exe,56308,0x216C7EA03E0,DXGI,1,0,0,Composed: Flip,3270.4964,NA,15.10700000000000,NA,0.33970000000000,3.18830000000000,NA,3255.5306,15.3055,14.9658,0.3397,3.6929,14.4612,1.7145,12.7467,NA,NA,NA
ExperienceX.exe,56308,0x216C7EA03E0,DXGI,1,0,0,Composed: Flip,3290.0523,NA,19.55590000000000,NA,0.75200000000000,1.22000000000000,NA,3270.8361,19.9682,19.2162,0.7520,18.9073,1.5289,1.3765,0.1524,NA,NA,NA
ExperienceX.exe,56308,0x216C7EA03E0,DXGI,1,0,0,Composed: Flip,3307.3304,NA,17.27810000000000,NA,0.49540000000000,2.57240000000000,NA,3290.8043,17.0215,16.5261,0.4954,2.1839,16.9146,2.6828,14.2318,NA,NA,NA
ExperienceX.exe,56308,0x216C7EA03E0,DXGI,1,0,0,Composed: Flip,3325.4059,NA,18.07550000000000,NA,0.13780000000000,1.59090000000000,NA,3307.8258,17.7179,17.5801,0.1378,17.3006,1.8704,1.8110,0.0594,NA,NA,NA
ExperienceX.exe,56308,0x216C7EA03E0,DXGI,1,0,0,Composed: Flip,3350.4865,NA,25.08060000000000,NA,0.71610000000000,5.35750000000000,NA,3325.5437,25.6589,24.9428,0.7161,30.2134,0.0869,0.0869,0.0000,NA,NA,NA
ExperienceX.exe,56308,0x216C7EA03E0,DXGI,1,0,0,Composed: Flip,3371.0522,NA,20.56570000000000,NA,0.55210000000000,2.26040000000000,NA,3351.2026,20.4017,19.8496,0.5521,4.6414,17.4686,5.0111,12.4575,NA,NA,NA
ExperienceX.exe,56308,0x216C7EA03E0,DXGI,1,0,0,Composed: Flip,3391.2307,NA,20.17850000000000,NA,1.27190000000000,2.61920000000000,NA,3371.6043,20.8983,19.6264,1.2719,18.6082,3.6374,2.4574,1.1800,NA,NA,NA
ExperienceX.exe,56308,0x216C7EA03E0,DXGI,1,0,0,Composed: Flip,3403.9615,NA,12.73080000000000,NA,0.68340000000000,3.05390000000000,NA,3392.5026,12.1423,11.4589,0.6834,12.9709,1.5419,1.5419,0.0000,NA,NA,NA
ExperienceX.exe,56308,0x216C7EA03E0,DXGI,1,0,0,Composed: Flip,3422.2954,NA,18.33390000000000,NA,0.93300000000000,3.51420000000000,NA,3404.6449,18.5835,17.6505,0.9330,18.0773,3.0874,0.8475,2.2399,NA,NA,NA
ExperienceX.exe,56308,0x216C7EA03E0,DXGI,1,0,0,Composed: Flip,3439.3944,NA,17.09900000000000,NA,0.42730000000000,1.64360000000000,NA,3423.2284,16.5933,16.1660,0.4273,3.5248,14.2848,2.3643,11.9205,NA,NA,NA
ExperienceX.exe,56308,0x216C7EA03E0,DXGI,1,0,0,Composed: Flip,3463.4611,NA,24.06670000000000,NA,0.25310000000000,3.70680000000000,NA,3439.8217,23.8925,23.6394,0.2531,27.3389,0.0073,0.0073,0.0000,NA,NA,NA
ExperienceX.exe,56308,0x216C7EA03E0,DXGI,1,0,0,Composed: Flip,3473.1563,NA,9.69520000000000,NA,0.34450000000000,2.26750000000000,NA,3463.7142,9.7866,9.4421,0.3445,9.9705,1.7391,1.4698,0.2693,NA,NA,NA
ExperienceX.exe,56308,0x216C7EA03E0,DXGI,1,0,0,Composed: Flip,3492.0533,NA,18.89700000000000,NA,0.26020000000000,2.52530000000000,NA,3473.5008,18.8127,18.5525,0.2602,20.0783,0.9995,0.9995,0.0000,NA,NA,NA
ExperienceX.exe,56308,0x216C7EA03E0,DXGI,1,0,0,Composed: Flip,3503.8301,NA,11.77680000000000,NA,0.52030000000000,2.85060000000000,NA,3492.3135,12.0369,11.5166,0.5203,2.2651,12.1021,2.6738,9.4283,NA,NA,NA
ExperienceX.exe,56308,0x216C7EA03E0,DXGI,1,0,0,Composed: Flip,3523.6408,NA,19.81070000000000,NA,0.14470000000000,2.94760000000000,NA,3504.3504,19.4351,19.2904,0.1447,21.3145,0.9235,0.9235,0.0000,NA,NA,NA
ExperienceX.exe,56308,0x216C7EA03E0,DXGI,1,0,0,Composed: Flip,3537.9253,NA,14.28450000000000,NA,0.47950000000000,2.15680000000000,NA,3523.7855,14.6193,14.1398,0.4795,2.8029,13.4937,1.8496,11.6441,NA,NA,NA
ExperienceX.exe,56308,0x216C7EA03E0,DXGI,1,0,0,Composed: Flip,3558.1672,NA,20.24190000000000,NA,0.19090000000000,0.89730000000000,NA,3538.4048,19.9533,19.7624,0.1909,20.1003,0.5594,0.5594,0.0000,NA,NA,NA
ExperienceX.exe,56308,0x216C7EA03E0,DXGI,1,0,0,Composed: Flip,3585.3782,NA,27.21100000000000,NA,0.31790000000000,1.89360000000000,NA,3558.3581,27.3380,27.0201,0.3179,27.5031,1.4106,1.4106,0.0000,NA,NA,NA
ExperienceX.exe,56308,0x216C7EA03E0,DXGI,1,0,0,Composed: Flip,3607.8023,NA,22.42410000000000,NA,0.63690000000000,2.11860000000000,NA,3585.6961,22.7431,22.1062,0.6369,20.0224,4.2024,2.5610,1.6414,NA,NA,NA
ExperienceX.exe,56308,0x216C7EA03E0,DXGI,1,0,0,Composed: Flip,3638.3185,NA,30.51620000000000,NA,0.25750000000000,1.59090000000000,NA,3608.4392,30.1368,29.8793,0.2575,26.5298,4.9404,4.4214,0.5190,NA,NA,NA
ExperienceX.exe,56308,0x216C7EA03E0,DXGI,1,0,0,Composed: Flip,3654.6942,NA,16.37570000000000,NA,2.11550000000000,2.93130000000000,NA,3638.5760,18.2337,16.1182,2.1155,17.3750,1.6745,1.6199,0.0546,NA,NA,NA
ExperienceX.exe,56308,0x216C7EA03E0,DXGI,1,0,0,Composed: Flip,3673.0229,NA,18.32870000000000,NA,0.60160000000000,2.82690000000000,NA,3656.8097,16.8148,16.2132,0.6016,0.8853,18.1548,2.9283,15.2265,NA,NA,NA
ExperienceX.exe,56308,0x216C7EA03E0,DXGI,1,0,0,Composed: Flip,3692.1242,NA,19.10130000000000,NA,0.65130000000000,1.48470000000000,NA,3673.6245,19.1510,18.4997,0.6513,17.2669,2.7175,1.7206,0.9969,NA,NA,NA
ExperienceX.exe,56308,0x216C7EA03E0,DXGI,1,0,0,Composed: Flip,3708.8112,NA,16.68700000000000,NA,0.42690000000000,2.19790000000000,NA,3692.7755,16.4626,16.0357,0.4269,2.1852,16.0484,2.6936,13.3548,NA,NA,NA
ExperienceX.exe,56308,0x216C7EA03E0,DXGI,1,0,0,Composed: Flip,3721.4335,NA,12.62230000000000,NA,0.15330000000000,2.29380000000000,NA,3709.2381,12.3487,12.1954,0.1533,13.1233,1.3659,1.3424,0.0235,NA,NA,NA
ExperienceX.exe,56308,0x216C7EA03E0,DXGI,1,0,0,Composed: Flip,3737.6149,NA,16.18140000000000,NA,0.52860000000000,5.87670000000000,NA,3721.5868,16.5567,16.0281,0.5286,2.1405,19.7643,6.4017,13.3626,NA,NA,NA
ExperienceX.exe,56308,0x216C7EA03E0,DXGI,1,0,0,Composed: Flip,3755.7330,NA,18.11810000000000,NA,0.26960000000000,8.57300000000000,NA,3738.1435,17.8591,17.5895,0.2696,20.3773,5.7852,5.7779,0.0073,NA,NA,NA
ExperienceX.exe,56308,0x216C7EA03E0,DXGI,1,0,0,Composed: Flip,3770.3553,NA,14.62230000000000,NA,0.31290000000000,2.86610000000000,NA,3756.0026,14.6656,14.3527,0.3129,14.7140,2.5048,2.1874,0.3174,NA,NA,NA
ExperienceX.exe,56308,0x216C7EA03E0,DXGI,1,0,0,Composed: Flip,3790.1575,NA,19.80220000000000,NA,0.18190000000000,7.98240000000000,NA,3770.6682,19.6712,19.4893,0.1819,26.9712,0.5005,0.4910,0.0095,NA,NA,NA
ExperienceX.exe,56308,0x216C7EA03E0,DXGI,1,0,0,Composed: Flip,3804.0782,NA,13.92070000000000,NA,0.43340000000000,3.01680000000000,NA,3790.3394,14.1722,13.7388,0.4334,14.2253,2.5303,2.1691,0.3612,NA,NA,NA
ExperienceX.exe,56308,0x216C7EA03E0,DXGI,1,0,0,Composed: Flip,3821.2550,NA,17.17680000000000,NA,0.46870000000000,8.61710000000000,NA,3804.5116,17.2121,16.7434,0.4687,21.8175,3.5430,3.5430,0.0000,NA,NA,NA
ExperienceX.exe,56308,0x216C7EA03E0,DXGI,1,0,0,Composed: Flip,3836.8036,NA,15.54860000000000,NA,0.16450000000000,2.85350000000000,NA,3821.7237,15.2444,15.0799,0.1645,8.1484,9.7850,4.1645,5.6205,NA,NA,NA
ExperienceX.exe,56308,0x216C7EA03E0,DXGI,1,0,0,Composed: Flip,3854.2223,NA,17.41870000000000,NA,0.06580000000000,9.80150000000000,NA,3836.9681,17.3200,17.2542,0.0658,22.2187,4.8370,4.7994,0.0376,NA,NA,NA
ExperienceX.exe,56308,0x216C7EA03E0,DXGI,1,0,0,Composed: Flip,3870.1185,NA,15.89620000000000,NA,0.23760000000000,2.51800000000000,NA,3854.2881,16.0680,15.8304,0.2376,16.0740,2.2744,1.6675,0.6069,NA,NA,NA
ExperienceX.exe,56308,0x216C7EA03E0,DXGI,1,0,0,Composed: Flip,3887.6101,NA,17.49160000000000,NA,0.59670000000000,8.75540000000000,NA,3870.3561,17.8507,17.2540,0.5967,20.0249,5.9845,5.9766,0.0079,NA,NA,NA
ExperienceX.exe,56308,0x216C7EA03E0,DXGI,1,0,0,Composed: Flip,3903.6151,NA,16.00500000000000,NA,0.32180000000000,2.30940000000000,NA,3888.2068,15.7301,15.4083,0.3218,15.9236,1.7941,1.7941,0.0000,NA,NA,NA
ExperienceX.exe,56308,0x216C7EA03E0,DXGI,1,0,0,Composed: Flip,3921.8311,NA,18.21600000000000,NA,0.09770000000000,8.80140000000000,NA,3903.9369,17.9919,17.8942,0.0977,19.6722,7.0234,7.0153,0.0081,NA,NA,NA
ExperienceX.exe,56308,0x216838E1150,DXGI,1,0,0,Composed: Flip,3920.0198,NA,14.56280000000000,16.50490000000000,0.16530000000000,2.70070000000000,33.1101,3905.5393,14.6458,14.4805,0.1653,14.7034,2.4778,2.4778,0.0000,2.3271,3905.5393,NA
ExperienceX.exe,56308,0x216838E1150,DXGI,1,0,0,Composed: Flip,3937.5446,NA,17.52480000000000,NA,0.11990000000000,3.68860000000000,NA,3920.1851,17.4794,17.3595,0.1199,17.3126,3.7355,3.6705,0.0650,NA,NA,NA
ExperienceX.exe,56308,0x216838E1150,DXGI,1,0,0,Composed: Flip,3953.4660,NA,15.92140000000000,33.17300000000000,0.19120000000000,3.70940000000000,32.8369,3937.6645,15.9927,15.8015,0.1912,16.0307,3.4802,3.4802,0.0000,-1.0478,3937.6645,NA
ExperienceX.exe,56308,0x216C829D570,DXGI,1,0,0,Composed: Flip,3870.5868,NA,17.29560000000000,16.83040000000000,0.21870000000000,11.39480000000000,32.5740,3853.5104,17.2951,17.0764,0.2187,19.1261,9.3451,9.1067,0.2384,-0.5665,3853.5104,NA
ExperienceX.exe,56308,0x216C829D570,DXGI,1,0,0,Composed: Flip,3886.5903,NA,16.00350000000000,NA,0.11690000000000,3.79070000000000,NA,3870.8055,15.9017,15.7848,0.1169,18.7122,0.8633,0.8633,0.0000,NA,NA,NA
ExperienceX.exe,56308,0x216C829D570,DXGI,1,0,0,Composed: Flip,3904.9520,NA,18.36170000000000,NA,0.06040000000000,5.01990000000000,NA,3886.7072,18.3052,18.2448,0.0604,19.2173,4.0474,4.0474,0.0000,NA,NA,NA
ExperienceX.exe,56308,0x216C829D570,DXGI,1,0,0,Composed: Flip,3920.1392,NA,15.18720000000000,NA,0.42570000000000,3.46990000000000,NA,3905.0124,15.5525,15.1268,0.4257,17.7081,0.8886,0.8886,0.0000,NA,NA,NA
ExperienceX.exe,56308,0x216C829D570,DXGI,1,0,0,Composed: Flip,3937.5395,NA,17.40030000000000,NA,0.12500000000000,8.24490000000000,NA,3920.5649,17.0996,16.9746,0.1250,20.6683,4.5512,4.5512,0.0000,NA,NA,NA
ExperienceX.exe,56308,0x216C829D570,DXGI,1,0,0,Composed: Flip,3970.6019,NA,33.06240000000000,NA,0.09260000000000,5.52820000000000,NA,3937.6645,33.0300,32.9374,0.0926,34.8829,3.5827,3.5827,0.0000,NA,NA,NA
ExperienceX.exe,56308,0x216C829D570,DXGI,1,0,0,Composed: Flip,3986.5248,NA,15.92290000000000,116.51740000000001,0.12940000000000,8.29180000000000,33.1534,3970.6945,15.9597,15.8303,0.1294,18.9546,5.1675,5.1675,0.0000,0.6667,3970.6945,NA
ExperienceX.exe,56308,0x216838E1150,DXGI,1,0,0,Composed: Flip,3972.2517,NA,18.78570000000000,17.02250000000000,0.14300000000000,8.50080000000000,31.0737,3953.6572,18.7375,18.5945,0.1430,22.4729,4.6224,4.6224,0.0000,-1.0298,3953.6572,NA
ExperienceX.exe,56308,0x216838E1150,DXGI,1,0,0,Composed: Flip,3986.5428,NA,14.29110000000000,NA,0.22750000000000,3.10630000000000,NA,3972.3947,14.3756,14.1481,0.2275,8.3578,8.8966,3.4394,5.4572,NA,NA,NA
ExperienceX.exe,56308,0x216838E1150,DXGI,1,0,0,Composed: Flip,4004.5050,NA,17.96220000000000,NA,0.06650000000000,4.76640000000000,NA,3986.7703,17.8012,17.7347,0.0665,22.0372,0.4639,0.4639,0.0000,NA,NA,NA
ExperienceX.exe,56308,0x216C829D570,DXGI,1,0,0,Composed: Flip,4004.1034,NA,17.57860000000000,16.74020000000000,0.50440000000000,4.70410000000000,32.3150,3986.6542,17.9536,17.4492,0.5044,17.8923,4.2610,4.2610,0.0000,-0.7805,3986.6542,NA
ExperienceX.exe,56308,0x216C829D570,DXGI,1,0,0,Composed: Flip,4036.7475,NA,32.64410000000000,33.34670000000000,0.07760000000000,10.24450000000000,33.0176,4004.6078,32.2173,32.1397,0.0776,34.7625,7.6217,7.6217,0.0000,-15.3931,4004.6078,NA
ExperienceX.exe,56308,0x216C829D570,DXGI,1,0,0,Composed: Flip,4053.3494,NA,16.60190000000000,16.68230000000000,0.14960000000000,4.06960000000000,33.0980,4036.8251,16.6739,16.5243,0.1496,16.8322,3.7617,3.7137,0.0480,15.5350,4036.8251,NA
ExperienceX.exe,56308,0x216838E1150,DXGI,1,0,0,Composed: Flip,4019.9867,NA,15.48170000000000,49.79090000000000,0.16550000000000,5.44960000000000,33.1296,4004.5715,15.5807,15.4152,0.1655,4.6999,16.1649,9.0627,7.1022,1.1234,4004.5715,NA
ExperienceX.exe,56308,0x216838E1150,DXGI,1,0,0,Composed: Flip,4036.7422,NA,16.75550000000000,NA,0.07430000000000,10.71440000000000,NA,4020.1522,16.6643,16.5900,0.0743,26.8398,0.4646,0.4569,0.0077,NA,NA,NA
ExperienceX.exe,56308,0x216838E1150,DXGI,1,0,0,Composed: Flip,4053.3226,NA,16.58040000000000,NA,0.12600000000000,5.48920000000000,NA,4036.8165,16.6321,16.5061,0.1260,20.6025,1.3928,1.3928,0.0000,NA,NA,NA
ExperienceX.exe,56308,0x216838E1150,DXGI,1,0,0,Composed: Flip,4070.9162,NA,17.59360000000000,NA,1.20890000000000,6.72400000000000,NA,4053.4486,18.6765,17.4676,1.2089,23.3844,0.8072,0.8072,0.0000,NA,NA,NA
ExperienceX.exe,56308,0x216C829D570,DXGI,1,0,0,Composed: Flip,4070.9168,NA,17.56740000000000,16.59400000000000,0.44950000000000,5.91620000000000,32.1246,4053.4990,17.8673,17.4178,0.4495,18.8564,4.4776,4.4776,0.0000,0.0799,4053.4990,NA
ExperienceX.exe,56308,0x216C829D570,DXGI,1,0,0,Composed: Flip,4086.9559,NA,16.03910000000000,NA,0.37140000000000,5.69760000000000,NA,4071.3663,15.9610,15.5896,0.3714,6.2739,15.0133,8.1087,6.9046,NA,NA,NA
ExperienceX.exe,56308,0x216838E1150,DXGI,1,0,0,Composed: Flip,4086.9097,NA,15.99350000000000,66.59980000000000,0.18370000000000,6.13980000000000,32.8064,4072.1251,14.9683,14.7846,0.1837,20.5284,0.3960,0.3960,0.0000,0.9538,4072.1251,NA
ExperienceX.exe,56308,0x216838E1150,DXGI,1,0,0,Composed: Flip,4103.8186,NA,16.90890000000000,NA,0.20610000000000,7.97400000000000,NA,4087.0934,16.9313,16.7252,0.2061,24.2670,0.4322,0.4322,0.0000,NA,NA,NA
ExperienceX.exe,56308,0x216838E1150,DXGI,1,0,0,Composed: Flip,4120.1798,NA,16.36120000000000,33.28950000000000,0.18630000000000,2.76180000000000,32.8258,4104.0247,16.3414,16.1551,0.1863,7.7679,11.1490,4.3998,6.7492,-1.3899,4104.0247,NA
ExperienceX.exe,56308,0x216838E1150,DXGI,1,0,0,Composed: Flip,4137.3908,NA,17.21100000000000,16.68660000000000,0.18680000000000,10.95410000000000,32.3014,4120.3661,17.2115,17.0247,0.1868,18.6087,9.3701,9.3701,0.0000,-0.3452,4120.3661,NA
ExperienceX.exe,56308,0x216C829D570,DXGI,1,0,0,Composed: Flip,4103.8183,NA,16.86240000000000,33.45410000000000,1.12860000000000,7.54210000000000,32.6772,4087.3273,17.6196,16.4910,1.1286,18.2000,5.8331,5.8331,0.0000,0.3742,4087.3273,NA
ExperienceX.exe,56308,0x216C829D570,DXGI,1,0,0,Composed: Flip,4120.1789,NA,16.36060000000000,NA,0.18720000000000,3.57630000000000,NA,4104.9469,15.4192,15.2320,0.1872,17.9947,0.8136,0.8136,0.0000,NA,NA,NA
ExperienceX.exe,56308,0x216C829D570,DXGI,1,0,0,Composed: Flip,4137.3896,NA,17.21070000000000,NA,0.18860000000000,11.53400000000000,NA,4120.3661,17.2121,17.0235,0.1886,27.9788,0.5787,0.5743,0.0044,NA,NA,NA
ExperienceX.exe,56308,0x216C829D570,DXGI,1,0,0,Composed: Flip,4153.4817,NA,16.09210000000000,NA,0.27230000000000,2.86570000000000,NA,4137.5782,16.1758,15.9035,0.2723,16.0183,2.7509,2.7509,0.0000,NA,NA,NA
ExperienceX.exe,56308,0x216C829D570,DXGI,1,0,0,Composed: Flip,4170.3589,NA,16.87720000000000,66.63820000000000,0.63190000000000,4.92230000000000,32.7748,4153.7540,17.2368,16.6049,0.6319,17.8819,3.6453,3.6453,0.0000,-0.2115,4153.7540,NA
ExperienceX.exe,56308,0x216C829D570,DXGI,1,0,0,Composed: Flip,4187.0420,NA,16.68310000000000,16.70260000000000,0.20260000000000,4.45960000000000,32.7943,4170.9908,16.2538,16.0512,0.2026,17.9408,2.5700,2.5700,0.0000,0.5342,4170.9908,NA
ExperienceX.exe,56308,0x216838E1150,DXGI,1,0,0,Composed: Flip,4153.3535,NA,15.96270000000000,16.77210000000000,0.13530000000000,4.56050000000000,33.1108,4137.5776,15.9112,15.7759,0.1353,18.7698,1.5666,1.5666,0.0000,0.4394,4137.5776,NA
ExperienceX.exe,56308,0x216838E1150,DXGI,1,0,0,Composed: Flip,4170.3369,NA,16.98340000000000,NA,1.05800000000000,5.36190000000000,NA,4153.4888,17.9061,16.8481,1.0580,21.7924,0.4176,0.4176,0.0000,NA,NA,NA
ExperienceX.exe,56308,0x216838E1150,DXGI,1,0,0,Composed: Flip,4187.0419,NA,16.70500000000000,NA,0.20250000000000,1.88970000000000,NA,4171.3949,15.8495,15.6470,0.2025,4.3039,13.2328,6.8470,6.3858,NA,NA,NA
ExperienceX.exe,56308,0x216838E1150,DXGI,1,0,0,Composed: Flip,4204.0606,NA,17.01870000000000,NA,0.73170000000000,8.70110000000000,NA,4187.2444,17.5479,16.8162,0.7317,21.7425,3.7748,3.7748,0.0000,NA,NA,NA
ExperienceX.exe,56308,0x216838E1150,DXGI,1,0,0,Composed: Flip,4220.3903,NA,16.32970000000000,66.60690000000001,0.20560000000000,5.93540000000000,32.6809,4204.7923,15.8036,15.5980,0.2056,18.1607,3.3727,3.3727,0.0000,0.6078,4204.7923,NA
ExperienceX.exe,56308,0x216838E1150,DXGI,1,0,0,Composed: Flip,4238.5150,NA,18.12470000000000,16.78470000000000,0.13980000000000,9.31360000000000,31.3409,4220.5959,18.0589,17.9191,0.1398,22.8520,4.3807,4.3807,0.0000,-0.9811,4220.5959,NA
ExperienceX.exe,56308,0x216838E1150,DXGI,1,0,0,Composed: Flip,4253.4467,NA,14.93170000000000,16.62670000000000,0.20120000000000,3.25160000000000,33.0359,4238.6548,14.9931,14.7919,0.2012,17.6688,0.3747,0.3747,0.0000,1.4322,4238.6548,NA
ExperienceX.exe,56308,0x216C829D570,DXGI,1,0,0,Composed: Flip,4204.0536,NA,17.01160000000000,16.66290000000000,0.09070000000000,4.93330000000000,32.4456,4187.2446,16.8997,16.8090,0.0907,18.9278,2.8145,2.8145,0.0000,-0.4091,4187.2446,NA
ExperienceX.exe,56308,0x216C829D570,DXGI,1,0,0,Composed: Flip,4220.3895,NA,16.33590000000000,NA,0.20650000000000,2.56350000000000,NA,4204.1443,16.4517,16.2452,0.2065,8.6174,10.1913,4.9544,5.2369,NA,NA,NA
ExperienceX.exe,56308,0x216C829D570,DXGI,1,0,0,Composed: Flip,4238.5131,NA,18.12360000000000,NA,0.12850000000000,4.93480000000000,NA,4220.5960,18.0456,17.9171,0.1285,20.3804,2.4715,2.4715,0.0000,NA,NA,NA
ExperienceX.exe,56308,0x216C829D570,DXGI,1,0,0,Composed: Flip,4253.4474,NA,14.93430000000000,NA,0.20050000000000,2.87620000000000,NA,4238.6416,15.0063,14.8058,0.2005,9.1870,8.4950,3.4714,5.0236,NA,NA,NA
ExperienceX.exe,56308,0x216C829D570,DXGI,1,0,0,Composed: Flip,4272.2079,NA,18.76050000000000,NA,0.09400000000000,1.46370000000000,NA,4253.6479,18.6540,18.5600,0.0940,17.3636,2.6601,2.4951,0.1650,NA,NA,NA
ExperienceX.exe,56308,0x216838E1150,DXGI,1,0,0,Composed: Flip,4272.1200,NA,18.67330000000000,16.64980000000000,0.15710000000000,8.44980000000000,31.0124,4253.6479,18.6292,18.4721,0.1571,22.3197,4.6022,4.6022,0.0000,-1.6567,4253.6479,NA
ExperienceX.exe,56308,0x216838E1150,DXGI,1,0,0,Composed: Flip,4287.0313,NA,14.91130000000000,NA,0.24090000000000,4.71290000000000,NA,4272.2771,14.9951,14.7542,0.2409,8.2927,11.1744,5.3324,5.8420,NA,NA,NA
ExperienceX.exe,56308,0x216C829D570,DXGI,1,0,0,Composed: Flip,4287.0324,NA,14.82450000000000,83.20320000000001,0.23890000000000,5.08840000000000,32.6700,4272.3019,14.9694,14.7305,0.2389,19.4423,0.3766,0.3766,0.0000,1.8541,4272.3019,NA
ExperienceX.exe,56308,0x216C829D570,DXGI,1,0,0,Composed: Flip,4305.2903,NA,18.25790000000000,NA,0.51740000000000,4.67950000000000,NA,4287.2713,18.5364,18.0190,0.5174,22.3336,0.3649,0.3649,0.0000,NA,NA,NA
ExperienceX.exe,56308,0x216838E1150,DXGI,1,0,0,Composed: Flip,4305.9975,NA,18.96620000000000,33.16940000000000,0.17590000000000,3.60740000000000,30.3043,4287.2722,18.9012,18.7253,0.1759,18.7492,3.5835,3.5835,0.0000,0.4549,4287.2722,NA
ExperienceX.exe,56308,0x216838E1150,DXGI,1,0,0,Composed: Flip,4320.2322,NA,14.23470000000000,NA,0.21600000000000,4.91570000000000,NA,4306.1734,14.2748,14.0588,0.2160,17.7271,1.2474,1.2474,0.0000,NA,NA,NA
ExperienceX.exe,56308,0x216C829D570,DXGI,1,0,0,Composed: Flip,4320.2867,NA,14.99640000000000,33.25240000000000,0.26080000000000,3.61380000000000,32.6681,4305.8077,14.7398,14.4790,0.2608,4.1621,13.9307,9.9031,4.0276,0.2534,4305.8077,NA
ExperienceX.exe,56308,0x216C829D570,DXGI,1,0,0,Composed: Flip,4337.1099,NA,16.82320000000000,NA,0.11920000000000,1.35370000000000,NA,4320.5475,16.6816,16.5624,0.1192,17.4110,0.5051,0.4967,0.0084,NA,NA,NA
ExperienceX.exe,56308,0x216C829D570,DXGI,1,0,0,Composed: Flip,4353.2445,NA,16.13460000000000,33.40470000000000,0.14160000000000,1.30490000000000,33.1150,4337.2291,16.1570,16.0154,0.1416,16.6785,0.6418,0.3256,0.3162,-1.9833,4337.2291,NA
ExperienceX.exe,56308,0x216838E1150,DXGI,1,0,0,Composed: Flip,4337.6819,NA,17.44970000000000,33.36750000000000,0.21630000000000,1.01520000000000,31.9874,4320.4482,17.4500,17.2337,0.2163,18.0154,0.2335,0.2335,0.0000,-0.1915,4320.4482,NA
ExperienceX.exe,56308,0x216838E1150,DXGI,1,0,0,Composed: Flip,4353.2441,NA,15.56220000000000,NA,0.14210000000000,0.66350000000000,NA,4337.8982,15.4880,15.3459,0.1421,0.7989,15.2105,2.6635,12.5470,NA,NA,NA
ExperienceX.exe,56308,0x216838E1150,DXGI,1,0,0,Composed: Flip,4370.3133,NA,17.06920000000000,NA,0.10370000000000,1.54500000000000,NA,4353.3862,17.0308,16.9271,0.1037,18.2820,0.1901,0.1901,0.0000,NA,NA,NA
ExperienceX.exe,56308,0x216838E1150,DXGI,1,0,0,Composed: Flip,4386.7459,NA,16.43260000000000,50.00800000000000,0.19300000000000,1.15500000000000,32.9314,4370.4170,16.5219,16.3289,0.1930,1.4413,16.0426,2.7538,13.2888,-0.0392,4370.4170,NA
ExperienceX.exe,56308,0x216838E1150,DXGI,1,0,0,Composed: Flip,4404.6603,NA,17.91440000000000,16.66230000000000,0.22740000000000,0.50610000000000,31.6793,4386.9389,17.9488,17.7214,0.2274,18.1030,0.1245,0.1245,0.0000,-0.1404,4386.9389,NA
ExperienceX.exe,56308,0x216838E1150,DXGI,1,0,0,Composed: Flip,4419.9687,NA,15.30840000000000,16.68000000000000,0.16650000000000,1.06720000000000,33.0509,4404.8877,15.2475,15.0810,0.1665,0.2787,15.8695,2.9987,12.8708,1.2688,4404.8877,NA
ExperienceX.exe,56308,0x216838E1150,DXGI,1,0,0,Composed: Flip,4438.4359,NA,18.46720000000000,16.76820000000000,0.10650000000000,0.43510000000000,31.3519,4420.1352,18.4072,18.3007,0.1065,17.8971,0.8387,0.6872,0.1515,-1.5207,4420.1352,NA
ExperienceX.exe,56308,0x216C829D570,DXGI,1,0,0,Composed: Flip,4370.2883,NA,17.04380000000000,16.68290000000000,0.73180000000000,1.37990000000000,32.7541,4353.3861,17.6340,16.9022,0.7318,17.7931,0.4890,0.4890,0.0000,-0.5259,4353.3861,NA
ExperienceX.exe,56308,0x216C829D570,DXGI,1,0,0,Composed: Flip,4386.7458,NA,16.45750000000000,NA,0.19650000000000,1.34600000000000,NA,4371.0201,15.9222,15.7257,0.1965,16.8808,0.1909,0.1909,0.0000,NA,NA,NA
ExperienceX.exe,56308,0x216C829D570,DXGI,1,0,0,Composed: Flip,4403.8029,NA,17.05710000000000,NA,0.57840000000000,1.23900000000000,NA,4386.9423,17.4390,16.8606,0.5784,17.4291,0.6705,0.6705,0.0000,NA,NA,NA
ExperienceX.exe,56308,0x216C829D570,DXGI,1,0,0,Composed: Flip,4419.9684,NA,16.16550000000000,NA,0.16670000000000,1.24480000000000,NA,4404.3813,15.7538,15.5871,0.1667,16.6546,0.1773,0.1773,0.0000,NA,NA,NA
ExperienceX.exe,56308,0x216C829D570,DXGI,1,0,0,Composed: Flip,4438.4539,NA,18.48550000000000,NA,0.09370000000000,0.58840000000000,NA,4420.1351,18.4125,18.3188,0.0937,18.7359,0.1713,0.1713,0.0000,NA,NA,NA
ExperienceX.exe,56308,0x216C829D570,DXGI,1,0,0,Composed: Flip,4453.4074,NA,14.95350000000000,NA,0.22500000000000,1.44630000000000,NA,4438.5476,15.0848,14.8598,0.2250,16.1406,0.1655,0.1655,0.0000,NA,NA,NA
ExperienceX.exe,56308,0x216C829D570,DXGI,1,0,0,Composed: Flip,4472.9782,NA,19.57080000000000,99.98700000000001,0.08730000000000,1.72960000000000,30.0512,4453.6324,19.4331,19.3458,0.0873,20.1899,0.8855,0.8855,0.0000,0.2593,4453.6324,NA
ExperienceX.exe,56308,0x216838E1150,DXGI,1,0,0,Composed: Flip,4453.4092,NA,14.97330000000000,16.47200000000000,0.22290000000000,1.27900000000000,32.8506,4438.5424,15.0897,14.8668,0.2229,0.4999,15.6459,2.5564,13.0895,1.9352,4438.5424,NA
ExperienceX.exe,56308,0x216838E1150,DXGI,1,0,0,Composed: Flip,4472.7322,NA,19.32300000000000,NA,0.13580000000000,1.09010000000000,NA,4453.6321,19.2359,19.1001,0.1358,17.9739,2.2163,2.2115,0.0048,NA,NA,NA
ExperienceX.exe,56308,0x216838E1150,DXGI,1,0,0,Composed: Flip,4486.4867,NA,13.75450000000000,NA,0.15200000000000,0.51250000000000,NA,4472.8680,13.7707,13.6187,0.1520,1.8398,12.2914,0.4802,11.8112,NA,NA,NA
ExperienceX.exe,56308,0x216838E1150,DXGI,1,0,0,Composed: Flip,4505.1797,NA,18.69300000000000,50.32890000000000,0.07380000000000,0.87850000000000,31.4090,4486.6387,18.6148,18.5410,0.0738,19.2370,0.1825,0.1825,0.0000,-2.2326,4486.6387,NA
ExperienceX.exe,56308,0x216838E1150,DXGI,1,0,0,Composed: Flip,4520.4993,NA,15.31960000000000,16.37800000000000,0.36160000000000,1.43030000000000,32.4674,4505.2535,15.6074,15.2458,0.3616,0.8047,15.8714,1.9403,13.9311,2.2368,4505.2535,NA
ExperienceX.exe,56308,0x216C829D570,DXGI,1,0,0,Composed: Flip,4486.4883,NA,13.51010000000000,16.68500000000000,0.15030000000000,0.69880000000000,33.2261,4473.0655,13.5731,13.4228,0.1503,13.9337,0.1879,0.1789,0.0090,2.7481,4473.0655,NA
ExperienceX.exe,56308,0x216C829D570,DXGI,1,0,0,Composed: Flip,4504.9455,NA,18.45720000000000,NA,0.06130000000000,0.93020000000000,NA,4486.6386,18.3682,18.3069,0.0613,18.0554,1.1817,1.1817,0.0000,NA,NA,NA
ExperienceX.exe,56308,0x216C829D570,DXGI,1,0,0,Composed: Flip,4520.4998,NA,15.55430000000000,NA,0.35020000000000,1.57120000000000,NA,4505.0068,15.8432,15.4930,0.3502,16.9228,0.1414,0.1414,0.0000,NA,NA,NA
ExperienceX.exe,56308,0x216C829D570,DXGI,1,0,0,Composed: Flip,4539.3178,NA,18.81800000000000,NA,0.07500000000000,0.54390000000000,NA,4520.8500,18.5428,18.4678,0.0750,18.3398,0.6719,0.6719,0.0000,NA,NA,NA
ExperienceX.exe,56308,0x216838E1150,DXGI,1,0,0,Composed: Flip,4538.4004,NA,17.90110000000000,16.70620000000000,0.06820000000000,0.75630000000000,31.2725,4520.8609,17.6077,17.5395,0.0682,17.3670,0.9288,0.9266,0.0022,-1.0988,4520.8609,NA
ExperienceX.exe,56308,0x216838E1150,DXGI,1,0,0,Composed: Flip,4553.2437,NA,14.84330000000000,NA,0.15260000000000,1.25520000000000,NA,4538.4686,14.9277,14.7751,0.1526,15.8510,0.1793,0.1793,0.0000,NA,NA,NA
ExperienceX.exe,56308,0x216838E1150,DXGI,1,0,0,Composed: Flip,4571.1009,NA,17.85720000000000,33.46870000000000,0.06480000000000,0.53510000000000,32.0407,4553.3963,17.7694,17.7046,0.0648,17.4987,0.7410,0.7410,0.0000,-0.9333,4553.3963,NA
ExperienceX.exe,56308,0x216C829D570,DXGI,1,0,0,Composed: Flip,4553.2441,NA,13.92630000000000,66.65570000000001,0.15220000000000,1.07550000000000,33.1260,4539.3928,14.0035,13.8513,0.1522,0.4689,14.4579,2.2716,12.1863,-0.3284,4539.3928,NA
ExperienceX.exe,56308,0x216C829D570,DXGI,1,0,0,Composed: Flip,4570.9088,NA,17.66470000000000,NA,0.14420000000000,0.73290000000000,NA,4553.3963,17.6567,17.5125,0.1442,18.2397,0.0057,0.0057,0.0000,NA,NA,NA
ExperienceX.exe,56308,0x216C829D570,DXGI,1,0,0,Composed: Flip,4586.7326,NA,15.82380000000000,NA,0.19580000000000,1.35550000000000,NA,4571.0530,15.8754,15.6796,0.1958,17.0298,0.0053,0.0053,0.0000,NA,NA,NA
ExperienceX.exe,56308,0x216C829D570,DXGI,1,0,0,Composed: Flip,4604.7907,NA,18.05810000000000,49.91220000000001,0.22830000000000,0.68070000000000,31.4916,4586.9284,18.0906,17.8623,0.2283,18.3816,0.1614,0.1256,0.0358,-2.3766,4586.9284,NA
ExperienceX.exe,56308,0x216838E1150,DXGI,1,0,0,Composed: Flip,4586.6940,NA,15.59310000000000,16.53340000000000,0.12330000000000,1.38880000000000,32.9810,4571.1657,15.6516,15.5283,0.1233,0.4760,16.4411,2.9835,13.4576,1.2360,4571.1657,NA
ExperienceX.exe,56308,0x216838E1150,DXGI,1,0,0,Composed: Flip,4604.6788,NA,17.98480000000000,NA,0.05020000000000,0.63120000000000,NA,4586.8173,17.9117,17.8615,0.0502,17.8204,0.6723,0.6346,0.0377,NA,NA,NA
ExperienceX.exe,56308,0x216838E1150,DXGI,1,0,0,Composed: Flip,4619.9557,NA,15.27690000000000,NA,0.12720000000000,0.60390000000000,NA,4604.7290,15.3539,15.2267,0.1272,0.8315,14.9991,2.8144,12.1847,NA,NA,NA
ExperienceX.exe,56308,0x216838E1150,DXGI,1,0,0,Composed: Flip,4636.7692,NA,16.81350000000000,49.94300000000000,0.11630000000000,1.22230000000000,32.8488,4620.0829,16.8026,16.6863,0.1163,17.7475,0.1611,0.1611,0.0000,-1.0258,4620.0829,NA
ExperienceX.exe,56308,0x216838E1150,DXGI,1,0,0,Composed: Flip,4653.3315,NA,16.56230000000000,16.75840000000000,0.21720000000000,0.81160000000000,33.0449,4636.8855,16.6632,16.4460,0.2172,1.1060,16.1516,2.3454,13.8062,0.0442,4636.8855,NA
ExperienceX.exe,56308,0x216C829D570,DXGI,1,0,0,Composed: Flip,4619.9560,NA,15.16530000000000,16.67600000000000,0.12680000000000,0.97780000000000,33.0023,4605.0190,15.0638,14.9370,0.1268,15.5406,0.3742,0.3600,0.0142,1.4146,4605.0190,NA
ExperienceX.exe,56308,0x216C829D570,DXGI,1,0,0,Composed: Flip,4637.4826,NA,17.52660000000000,NA,0.05750000000000,0.34780000000000,NA,4620.0828,17.4573,17.3998,0.0575,17.3141,0.4335,0.4335,0.0000,NA,NA,NA
ExperienceX.exe,56308,0x216C829D570,DXGI,1,0,0,Composed: Flip,4653.3308,NA,15.84820000000000,NA,0.16800000000000,1.07400000000000,NA,4637.5401,15.9587,15.7907,0.1680,16.6030,0.2617,0.2617,0.0000,NA,NA,NA
ExperienceX.exe,56308,0x216C829D570,DXGI,1,0,0,Composed: Flip,4670.9119,NA,17.58110000000000,NA,0.18450000000000,0.65080000000000,NA,4653.4988,17.5976,17.4131,0.1845,17.6575,0.4064,0.4064,0.0000,NA,NA,NA
ExperienceX.exe,56308,0x216838E1150,DXGI,1,0,0,Composed: Flip,4670.0581,NA,16.72660000000000,16.55980000000000,0.87320000000000,1.67570000000000,32.8781,4653.5487,17.3826,16.5094,0.8732,18.0140,0.1711,0.1711,0.0000,0.1034,4653.5487,NA
ExperienceX.exe,56308,0x216838E1150,DXGI,1,0,0,Composed: Flip,4686.7586,NA,16.70050000000000,NA,0.18960000000000,1.07390000000000,NA,4670.9313,16.0169,15.8273,0.1896,16.8953,0.0059,0.0059,0.0000,NA,NA,NA
ExperienceX.exe,56308,0x216C829D570,DXGI,1,0,0,Composed: Flip,4686.7592,NA,15.84730000000000,66.67920000000001,0.18900000000000,1.06740000000000,32.8783,4671.0964,15.8518,15.6628,0.1890,0.6374,16.0928,2.6873,13.4055,-0.6018,4671.0964,NA
ExperienceX.exe,56308,0x216C829D570,DXGI,1,0,0,Composed: Flip,4703.5456,NA,16.78640000000000,NA,0.54930000000000,1.23380000000000,NA,4686.9482,17.1467,16.5974,0.5493,17.1354,0.6958,0.6958,0.0000,NA,NA,NA
ExperienceX.exe,56308,0x216C829D570,DXGI,1,0,0,Composed: Flip,4719.9144,NA,16.36880000000000,33.30380000000000,0.17890000000000,0.58020000000000,33.0269,4704.0949,15.9984,15.8195,0.1789,0.7780,15.6217,2.4293,13.1924,-0.3053,4704.0949,NA
ExperienceX.exe,56308,0x216838E1150,DXGI,1,0,0,Composed: Flip,4704.0789,NA,17.32030000000000,33.38450000000000,0.22970000000000,0.79400000000000,32.2418,4686.9482,17.3604,17.1307,0.2297,17.8312,0.0935,0.0935,0.0000,0.0150,4686.9482,NA
ExperienceX.exe,56308,0x216838E1150,DXGI,1,0,0,Composed: Flip,4719.9149,NA,15.83600000000000,NA,0.17820000000000,0.71090000000000,NA,4704.3086,15.7845,15.6063,0.1782,16.1860,0.1312,0.1216,0.0096,NA,NA,NA
ExperienceX.exe,56308,0x216838E1150,DXGI,1,0,0,Composed: Flip,4737.6177,NA,17.70280000000000,NA,0.25390000000000,0.71460000000000,NA,4720.0931,17.7785,17.5246,0.2539,18.0964,0.1428,0.1428,0.0000,NA,NA,NA
ExperienceX.exe,56308,0x216838E1150,DXGI,1,0,0,Composed: Flip,4753.1750,NA,15.55730000000000,49.95590000000000,0.14510000000000,0.58190000000000,33.1016,4737.8716,15.4485,15.3034,0.1451,0.4607,15.4246,2.3209,13.1037,0.9675,4737.8716,NA
ExperienceX.exe,56308,0x216838E1150,DXGI,1,0,0,Composed: Flip,4770.8404,NA,17.66540000000000,16.69960000000000,0.08530000000000,0.58750000000000,32.1358,4753.3201,17.6056,17.5203,0.0853,17.4876,0.6202,0.6202,0.0000,-1.2511,4753.3201,NA
ExperienceX.exe,56308,0x216C829D570,DXGI,1,0,0,Composed: Flip,4737.4267,NA,17.51230000000000,16.71850000000000,0.57100000000000,0.76280000000000,32.2331,4720.0933,17.9044,17.3334,0.5710,17.4012,0.6950,0.6829,0.0121,-0.7201,4720.0933,NA
ExperienceX.exe,56308,0x216C829D570,DXGI,1,0,0,Composed: Flip,4753.1752,NA,15.74850000000000,NA,0.14490000000000,0.74930000000000,NA,4737.9977,15.3224,15.1775,0.1449,15.7592,0.1676,0.1676,0.0000,NA,NA,NA
ExperienceX.exe,56308,0x216C829D570,DXGI,1,0,0,Composed: Flip,4770.9407,NA,17.76550000000000,NA,0.06060000000000,0.64060000000000,NA,4753.3201,17.6812,17.6206,0.0606,18.1078,0.1534,0.1426,0.0108,NA,NA,NA
ExperienceX.exe,56308,0x216C829D570,DXGI,1,0,0,Composed: Flip,4786.5752,NA,15.63450000000000,NA,0.15350000000000,1.19120000000000,NA,4771.0013,15.7274,15.5739,0.1535,16.5709,0.1942,0.1942,0.0000,NA,NA,NA
ExperienceX.exe,56308,0x216C829D570,DXGI,1,0,0,Composed: Flip,4803.5776,NA,17.00240000000000,66.61270000000000,0.07980000000000,1.29410000000000,32.6949,4786.7287,16.9287,16.8489,0.0798,17.6363,0.5067,0.5067,0.0000,0.0227,4786.7287,NA
ExperienceX.exe,56308,0x216C829D570,DXGI,1,0,0,Composed: Flip,4819.8991,NA,16.32150000000000,16.66340000000000,0.13790000000000,0.97530000000000,33.0368,4803.6574,16.3796,16.2417,0.1379,16.9124,0.3046,0.2944,0.0102,0.2653,4803.6574,NA
ExperienceX.exe,56308,0x216C829D570,DXGI,1,0,0,Composed: Flip,4836.7256,NA,16.82650000000000,16.84920000000000,0.08520000000000,0.88040000000000,33.0595,4820.0370,16.7738,16.6886,0.0852,17.1052,0.4638,0.4638,0.0000,-0.4696,4820.0370,NA
ExperienceX.exe,56308,0x216C7EA03E0,DXGI,1,0,0,Composed: Flip,3937.0502,NA,15.21910000000000,850.02330000000006,0.27080000000000,12.76920000000000,32.7654,3921.9288,15.3922,15.1214,0.2708,23.8556,4.0350,4.0268,0.0082,0.6342,3921.9288,NA
ExperienceX.exe,56308,0x216C7EA03E0,DXGI,1,0,0,Composed: Flip,3954.4354,NA,17.38520000000000,NA,0.19210000000000,4.17130000000000,NA,3937.3210,17.3065,17.1144,0.1921,19.8544,1.4313,1.4313,0.0000,NA,NA,NA
ExperienceX.exe,56308,0x216C7EA03E0,DXGI,1,0,0,Composed: Flip,3970.1540,NA,15.71860000000000,NA,0.19130000000000,2.39340000000000,NA,3954.6275,15.7178,15.5265,0.1913,4.4205,13.4994,3.9127,9.5867,NA,NA,NA
ExperienceX.exe,56308,0x216C7EA03E0,DXGI,1,0,0,Composed: Flip,3987.6904,NA,17.53640000000000,NA,0.06710000000000,8.17040000000000,NA,3970.3453,17.4122,17.3451,0.0671,24.4713,1.0442,1.0289,0.0153,NA,NA,NA
ExperienceX.exe,56308,0x216C7EA03E0,DXGI,1,0,0,Composed: Flip,4003.7741,NA,16.08370000000000,NA,0.12240000000000,0.77240000000000,NA,3987.7575,16.1390,16.0166,0.1224,16.1273,0.6617,0.6617,0.0000,NA,NA,NA
ExperienceX.exe,56308,0x216C7EA03E0,DXGI,1,0,0,Composed: Flip,4020.7505,NA,16.97640000000000,NA,0.41140000000000,9.34120000000000,NA,4003.8965,17.2654,16.8540,0.4114,22.8327,3.3625,3.3552,0.0073,NA,NA,NA
ExperienceX.exe,56308,0x216C7EA03E0,DXGI,1,0,0,Composed: Flip,4036.5923,NA,15.84180000000000,NA,0.13880000000000,2.77800000000000,NA,4021.1619,15.5692,15.4304,0.1388,15.5635,2.6449,2.6104,0.0345,NA,NA,NA
ExperienceX.exe,56308,0x216C7EA03E0,DXGI,1,0,0,Composed: Flip,4055.3965,NA,18.80420000000000,NA,0.20070000000000,8.17840000000000,NA,4036.7311,18.8661,18.6654,0.2007,22.0807,4.7631,4.7515,0.0116,NA,NA,NA
ExperienceX.exe,56308,0x216C7EA03E0,DXGI,1,0,0,Composed: Flip,4070.1736,NA,14.77710000000000,NA,0.25230000000000,2.18180000000000,NA,4055.5972,14.8287,14.5764,0.2523,14.9189,1.8393,1.6742,0.1651,NA,NA,NA
ExperienceX.exe,56308,0x216C7EA03E0,DXGI,1,0,0,Composed: Flip,4087.7101,NA,17.53650000000000,NA,0.14580000000000,5.77140000000000,NA,4070.4259,17.4300,17.2842,0.1458,22.6236,0.4320,0.4320,0.0000,NA,NA,NA
ExperienceX.exe,56308,0x216C7EA03E0,DXGI,1,0,0,Composed: Flip,4103.3892,NA,15.67910000000000,NA,0.32710000000000,2.13810000000000,NA,4087.8559,15.8604,15.5333,0.3271,5.6256,12.0458,4.3822,7.6636,NA,NA,NA
ExperienceX.exe,56308,0x216C7EA03E0,DXGI,1,0,0,Composed: Flip,4121.6929,NA,18.30370000000000,NA,0.18600000000000,7.48850000000000,NA,4103.7163,18.1626,17.9766,0.1860,20.0389,5.4262,5.4167,0.0095,NA,NA,NA
ExperienceX.exe,56308,0x216C7EA03E0,DXGI,1,0,0,Composed: Flip,4136.8260,NA,15.13310000000000,NA,0.20000000000000,2.14880000000000,NA,4121.8789,15.1471,14.9471,0.2000,15.2236,1.8723,1.8225,0.0498,NA,NA,NA
ExperienceX.exe,56308,0x216C7EA03E0,DXGI,1,0,0,Composed: Flip,4154.3359,NA,17.50990000000000,NA,0.05760000000000,8.80560000000000,NA,4137.0260,17.3675,17.3099,0.0576,20.8880,5.2275,5.2193,0.0082,NA,NA,NA
ExperienceX.exe,56308,0x216C7EA03E0,DXGI,1,0,0,Composed: Flip,4169.9853,NA,15.64940000000000,NA,0.22420000000000,1.65060000000000,NA,4154.3935,15.8160,15.5918,0.2242,15.7569,1.4855,1.4416,0.0439,NA,NA,NA
ExperienceX.exe,56308,0x216C7EA03E0,DXGI,1,0,0,Composed: Flip,4188.6199,NA,18.63460000000000,NA,0.07860000000000,3.24790000000000,NA,4170.2095,18.4890,18.4104,0.0786,21.2921,0.3662,0.3662,0.0000,NA,NA,NA
ExperienceX.exe,56308,0x216C7EA03E0,DXGI,1,0,0,Composed: Flip,4203.7010,NA,15.08110000000000,NA,0.23120000000000,2.47140000000000,NA,4188.6985,15.2337,15.0025,0.2312,3.1693,14.3046,4.2358,10.0688,NA,NA,NA
ExperienceX.exe,56308,0x216C7EA03E0,DXGI,1,0,0,Composed: Flip,4222.8761,NA,19.17510000000000,NA,0.15070000000000,3.82080000000000,NA,4203.9322,19.0946,18.9439,0.1507,22.3935,0.3712,0.3712,0.0000,NA,NA,NA
ExperienceX.exe,56308,0x216C7EA03E0,DXGI,1,0,0,Composed: Flip,4237.1146,NA,14.23850000000000,NA,0.23830000000000,3.86180000000000,NA,4223.0268,14.3261,14.0878,0.2383,3.6701,14.2795,5.2825,8.9970,NA,NA,NA
ExperienceX.exe,56308,0x216C7EA03E0,DXGI,1,0,0,Composed: Flip,4254.8044,NA,17.68980000000000,NA,0.11910000000000,7.43930000000000,NA,4237.3529,17.5706,17.4515,0.1191,19.3454,5.5454,5.5372,0.0082,NA,NA,NA
ExperienceX.exe,56308,0x216C7EA03E0,DXGI,1,0,0,Composed: Flip,4270.4284,NA,15.62400000000000,NA,0.36020000000000,5.53920000000000,NA,4254.9235,15.8651,15.5049,0.3602,18.7481,2.2960,2.2960,0.0000,NA,NA,NA
ExperienceX.exe,56308,0x216C7EA03E0,DXGI,1,0,0,Composed: Flip,4288.3078,NA,17.87940000000000,NA,0.35900000000000,4.19760000000000,NA,4270.7886,17.8782,17.5192,0.3590,21.3322,0.3846,0.3846,0.0000,NA,NA,NA
ExperienceX.exe,56308,0x216C7EA03E0,DXGI,1,0,0,Composed: Flip,4303.8338,NA,15.52600000000000,NA,0.38040000000000,2.18760000000000,NA,4288.6668,15.5474,15.1670,0.3804,3.8386,13.5160,5.4985,8.0175,NA,NA,NA
ExperienceX.exe,56308,0x216C7EA03E0,DXGI,1,0,0,Composed: Flip,4320.6946,NA,16.86080000000000,NA,0.13090000000000,4.83820000000000,NA,4304.2142,16.6113,16.4804,0.1309,20.9337,0.3849,0.3849,0.0000,NA,NA,NA
ExperienceX.exe,56308,0x216C7EA03E0,DXGI,1,0,0,Composed: Flip,4336.7376,NA,16.04300000000000,NA,0.29490000000000,1.22090000000000,NA,4320.8255,16.2070,15.9121,0.2949,4.7073,12.4257,3.0321,9.3936,NA,NA,NA
ExperienceX.exe,56308,0x216C7EA03E0,DXGI,1,0,0,Composed: Flip,4354.1970,NA,17.45940000000000,NA,0.08380000000000,0.69000000000000,NA,4337.0325,17.2483,17.1645,0.0838,17.5169,0.3376,0.3376,0.0000,NA,NA,NA
ExperienceX.exe,56308,0x216C7EA03E0,DXGI,1,0,0,Composed: Flip,4369.9828,NA,15.78580000000000,NA,0.21100000000000,1.18830000000000,NA,4354.2808,15.9130,15.7020,0.2110,0.6062,16.2841,1.5049,14.7792,NA,NA,NA
ExperienceX.exe,56308,0x216C7EA03E0,DXGI,1,0,0,Composed: Flip,4387.7146,NA,17.73180000000000,NA,0.06990000000000,0.69780000000000,NA,4370.1938,17.5907,17.5208,0.0699,17.8980,0.3206,0.3176,0.0030,NA,NA,NA
ExperienceX.exe,56308,0x216C7EA03E0,DXGI,1,0,0,Composed: Flip,4403.4120,NA,15.69740000000000,NA,0.23370000000000,0.95940000000000,NA,4387.7845,15.8612,15.6275,0.2337,0.6279,15.9590,1.6906,14.2684,NA,NA,NA
ExperienceX.exe,56308,0x216C7EA03E0,DXGI,1,0,0,Composed: Flip,4421.1197,NA,17.70770000000000,NA,0.10150000000000,0.90840000000000,NA,4403.6457,17.5755,17.4740,0.1015,17.5675,0.8149,0.8149,0.0000,NA,NA,NA
ExperienceX.exe,56308,0x216C7EA03E0,DXGI,1,0,0,Composed: Flip,4436.7199,NA,15.60020000000000,NA,0.38120000000000,1.31240000000000,NA,4421.2212,15.8799,15.4987,0.3812,0.8069,16.0042,1.3429,14.6613,NA,NA,NA
ExperienceX.exe,56308,0x216C7EA03E0,DXGI,1,0,0,Composed: Flip,4454.4734,NA,17.75350000000000,NA,0.09480000000000,0.77200000000000,NA,4437.1011,17.4671,17.3723,0.0948,17.7526,0.3917,0.3805,0.0112,NA,NA,NA
ExperienceX.exe,56308,0x216C7EA03E0,DXGI,1,0,0,Composed: Flip,4470.4343,NA,15.96090000000000,NA,0.26420000000000,0.91340000000000,NA,4454.5682,16.1303,15.8661,0.2642,0.9290,15.8505,1.6838,14.1667,NA,NA,NA
ExperienceX.exe,56308,0x216C7EA03E0,DXGI,1,0,0,Composed: Flip,4488.1217,NA,17.68740000000000,NA,0.16180000000000,0.49640000000000,NA,4470.6985,17.5850,17.4232,0.1618,16.6617,1.2579,1.0081,0.2498,NA,NA,NA
ExperienceX.exe,56308,0x216C7EA03E0,DXGI,1,0,0,Composed: Flip,4503.5602,NA,15.43850000000000,NA,0.09080000000000,1.13380000000000,NA,4488.2835,15.3675,15.2767,0.0908,0.3346,16.0759,1.3062,14.7697,NA,NA,NA
ExperienceX.exe,56308,0x216C7EA03E0,DXGI,1,0,0,Composed: Flip,4521.8336,NA,18.27340000000000,NA,0.17920000000000,0.58640000000000,NA,4503.6510,18.3618,18.1826,0.1792,18.4200,0.3490,0.3365,0.0125,NA,NA,NA
ExperienceX.exe,56308,0x216C7EA03E0,DXGI,1,0,0,Composed: Flip,4537.0698,NA,15.23620000000000,NA,0.29270000000000,1.15810000000000,NA,4522.0128,15.3497,15.0570,0.2927,0.4108,15.8043,2.0815,13.7228,NA,NA,NA
ExperienceX.exe,56308,0x216C7EA03E0,DXGI,1,0,0,Composed: Flip,4553.9679,NA,16.89810000000000,NA,0.06220000000000,0.86580000000000,NA,4537.3625,16.6676,16.6054,0.0622,17.1364,0.3348,0.3348,0.0000,NA,NA,NA
ExperienceX.exe,56308,0x216C7EA03E0,DXGI,1,0,0,Composed: Flip,4569.9624,NA,15.99450000000000,NA,0.24300000000000,0.93260000000000,NA,4554.0301,16.1753,15.9323,0.2430,0.8036,16.0613,1.4980,14.5633,NA,NA,NA
ExperienceX.exe,56308,0x216C7EA03E0,DXGI,1,0,0,Composed: Flip,4587.8310,NA,17.86860000000000,NA,0.05660000000000,0.38390000000000,NA,4570.2054,17.6822,17.6256,0.0566,17.8827,0.1268,0.1268,0.0000,NA,NA,NA
ExperienceX.exe,56308,0x216C7EA03E0,DXGI,1,0,0,Composed: Flip,4603.6699,NA,15.83890000000000,NA,0.09830000000000,0.96780000000000,NA,4587.8876,15.8806,15.7823,0.0983,0.3273,16.4228,1.7480,14.6748,NA,NA,NA
ExperienceX.exe,56308,0x216C7EA03E0,DXGI,1,0,0,Composed: Flip,4620.3169,NA,16.64700000000000,NA,0.25550000000000,1.06660000000000,NA,4603.7682,16.8042,16.5487,0.2555,17.1656,0.4497,0.4445,0.0052,NA,NA,NA
ExperienceX.exe,56308,0x216C7EA03E0,DXGI,1,0,0,Composed: Flip,4636.5352,NA,16.21830000000000,NA,0.10740000000000,0.86170000000000,NA,4620.5724,16.0702,15.9628,0.1074,0.8111,16.0134,1.6700,14.3434,NA,NA,NA
ExperienceX.exe,56308,0x216C7EA03E0,DXGI,1,0,0,Composed: Flip,4654.3719,NA,17.83670000000000,NA,0.08070000000000,0.36400000000000,NA,4636.6426,17.8100,17.7293,0.0807,17.7622,0.3311,0.3311,0.0000,NA,NA,NA
ExperienceX.exe,56308,0x216C7EA03E0,DXGI,1,0,0,Composed: Flip,4669.8982,NA,15.52630000000000,NA,0.30420000000000,1.25810000000000,NA,4654.4526,15.7498,15.4456,0.3042,0.2833,16.4204,1.5228,14.8976,NA,NA,NA
ExperienceX.exe,56308,0x216C7EA03E0,DXGI,1,0,0,Composed: Flip,4688.1028,NA,18.20460000000000,NA,0.26220000000000,1.01060000000000,NA,4670.2024,18.1626,17.9004,0.2622,17.6301,1.2809,1.2809,0.0000,NA,NA,NA
ExperienceX.exe,56308,0x216C7EA03E0,DXGI,1,0,0,Composed: Flip,4703.2019,NA,15.09910000000000,NA,0.19590000000000,0.88170000000000,NA,4688.3650,15.0328,14.8369,0.1959,0.7484,14.9702,0.6735,14.2967,NA,NA,NA
ExperienceX.exe,56308,0x216C7EA03E0,DXGI,1,0,0,Composed: Flip,4721.1402,NA,17.93830000000000,NA,0.05360000000000,0.36580000000000,NA,4703.3978,17.7960,17.7424,0.0536,17.4117,0.6965,0.6876,0.0089,NA,NA,NA
ExperienceX.exe,56308,0x216C7EA03E0,DXGI,1,0,0,Composed: Flip,4736.6476,NA,15.50740000000000,NA,0.27910000000000,0.84690000000000,NA,4721.1938,15.7329,15.4538,0.2791,0.3122,15.9885,1.2508,14.7377,NA,NA,NA
ExperienceX.exe,56308,0x216C7EA03E0,DXGI,1,0,0,Composed: Flip,4753.4787,NA,16.83110000000000,NA,0.06320000000000,1.00200000000000,NA,4736.9267,16.6152,16.5520,0.0632,16.9978,0.5562,0.5523,0.0039,NA,NA,NA
ExperienceX.exe,56308,0x216C7EA03E0,DXGI,1,0,0,Composed: Flip,4770.0135,NA,16.53480000000000,NA,0.32270000000000,0.79420000000000,NA,4753.5419,16.7943,16.4716,0.3227,0.9388,16.3270,1.2594,15.0676,NA,NA,NA
ExperienceX.exe,56308,0x216C7EA03E0,DXGI,1,0,0,Composed: Flip,4786.8746,NA,16.86110000000000,NA,0.08080000000000,1.20790000000000,NA,4770.3362,16.6192,16.5384,0.0808,17.4302,0.3161,0.3161,0.0000,NA,NA,NA
ExperienceX.exe,56308,0x216C7EA03E0,DXGI,1,0,0,Composed: Flip,4803.2883,NA,16.41370000000000,NA,0.20070000000000,1.04730000000000,NA,4786.9554,16.5336,16.3329,0.2007,1.1271,16.2531,1.5606,14.6925,NA,NA,NA
ExperienceX.exe,56308,0x216C7EA03E0,DXGI,1,0,0,Composed: Flip,4820.9625,NA,17.67420000000000,NA,0.08310000000000,0.33020000000000,NA,4803.4890,17.5566,17.4735,0.0831,17.3854,0.4183,0.4183,0.0000,NA,NA,NA
ExperienceX.exe,56308,0x216C7EA03E0,DXGI,1,0,0,Composed: Flip,4836.5425,NA,15.58000000000000,NA,0.15770000000000,0.58350000000000,NA,4821.0456,15.6546,15.4969,0.1577,0.2471,15.8333,1.2085,14.6248,NA,NA,NA
ExperienceX.exe,56308,0x216C7EA03E0,DXGI,1,0,0,Composed: Flip,4854.3538,NA,17.81130000000000,NA,0.10930000000000,0.37050000000000,NA,4836.7002,17.7629,17.6536,0.1093,17.3250,0.6991,0.6940,0.0051,NA,NA,NA
ExperienceX.exe,56308,0x216838E1150,DXGI,1,0,0,Composed: Flip,4786.5754,NA,15.73500000000000,16.63470000000000,0.15260000000000,0.99680000000000,33.0355,4770.9257,15.8023,15.6497,0.1526,1.4883,15.1582,3.0120,12.1462,0.9709,4770.9257,NA
ExperienceX.exe,56308,0x216838E1150,DXGI,1,0,0,Composed: Flip,4803.5839,NA,17.00850000000000,NA,0.60180000000000,1.44070000000000,NA,4786.7280,17.4577,16.8559,0.6018,18.1437,0.1529,0.1529,0.0000,NA,NA,NA
ExperienceX.exe,56308,0x216838E1150,DXGI,1,0,0,Composed: Flip,4819.9188,NA,16.33490000000000,NA,0.14330000000000,0.65100000000000,NA,4804.1857,15.8764,15.7331,0.1433,0.8389,15.5452,2.5152,13.0300,NA,NA,NA
ExperienceX.exe,56308,0x216838E1150,DXGI,1,0,0,Composed: Flip,4836.7279,NA,16.80910000000000,NA,0.09370000000000,1.20340000000000,NA,4820.0621,16.7595,16.6658,0.0937,17.5439,0.3253,0.3253,0.0000,NA,NA,NA
ExperienceX.exe,56308,0x216838E1150,DXGI,1,0,0,Composed: Flip,4853.2643,NA,16.53640000000000,NA,0.09420000000000,0.76090000000000,NA,4836.8216,16.5369,16.4427,0.0942,16.9816,0.2220,0.2220,0.0000,NA,NA,NA
ExperienceX.exe,56308,0x216838E1150,DXGI,1,0,0,Composed: Flip,4870.7665,NA,17.50220000000000,NA,0.18270000000000,1.80680000000000,NA,4853.3585,17.5907,17.4080,0.1827,1.3658,17.8490,1.3297,16.5193,NA,NA,NA
ExperienceX.exe,56308,0x216838E1150,DXGI,1,0,0,Composed: Flip,4886.7884,NA,16.02190000000000,100.38730000000001,0.22040000000000,1.57670000000000,33.2098,4870.9492,16.0596,15.8392,0.2204,2.1844,15.2315,2.9971,12.2344,-0.3638,4870.9492,NA
ExperienceX.exe,56308,0x216C829D570,DXGI,1,0,0,Composed: Flip,4853.2755,NA,16.54990000000000,16.51350000000000,0.13100000000000,0.52770000000000,33.0231,4836.8108,16.5957,16.4647,0.1310,1.1205,15.8719,2.2550,13.6169,0.2603,4836.8108,NA
ExperienceX.exe,56308,0x216C829D570,DXGI,1,0,0,Composed: Flip,4871.3899,NA,18.11440000000000,NA,0.52740000000000,1.60800000000000,NA,4853.4065,18.5108,17.9834,0.5274,19.1668,0.4246,0.4246,0.0000,NA,NA,NA
ExperienceX.exe,56308,0x216C829D570,DXGI,1,0,0,Composed: Flip,4886.7883,NA,15.39840000000000,NA,0.22070000000000,1.67870000000000,NA,4871.9173,15.0917,14.8710,0.2207,16.4478,0.1019,0.1019,0.0000,NA,NA,NA
ExperienceX.exe,56308,0x216C829D570,DXGI,1,0,0,Composed: Flip,4903.9213,NA,17.13300000000000,NA,0.24530000000000,1.40540000000000,NA,4887.0090,17.1576,16.9123,0.2453,17.8956,0.4221,0.4221,0.0000,NA,NA,NA
ExperienceX.exe,56308,0x216838E1150,DXGI,1,0,0,Composed: Flip,4903.9331,NA,17.14470000000000,16.34720000000000,0.24710000000000,1.57000000000000,32.4123,4887.0088,17.1714,16.9243,0.2471,18.3179,0.1764,0.1764,0.0000,-0.2876,4887.0088,NA
ExperienceX.exe,56308,0x216838E1150,DXGI,1,0,0,Composed: Flip,4920.8131,NA,16.88000000000000,NA,0.31860000000000,1.26990000000000,NA,4904.1802,16.9515,16.6329,0.3186,17.6437,0.2591,0.2591,0.0000,NA,NA,NA
ExperienceX.exe,56308,0x216C829D570,DXGI,1,0,0,Composed: Flip,4920.8121,NA,16.89080000000000,66.63800000000001,0.31950000000000,1.01180000000000,32.1245,4904.1666,16.9650,16.6455,0.3195,1.3365,16.3208,2.7117,13.6091,0.7178,4904.1666,NA
ExperienceX.exe,56308,0x216C829D570,DXGI,1,0,0,Composed: Flip,4937.0099,NA,16.19780000000000,NA,0.06950000000000,0.87330000000000,NA,4921.1316,15.9478,15.8783,0.0695,16.0473,0.7043,0.7043,0.0000,NA,NA,NA
ExperienceX.exe,56308,0x216838E1150,DXGI,1,0,0,Composed: Flip,4937.0186,NA,16.20550000000000,33.25100000000000,0.43140000000000,1.00680000000000,32.5778,4921.1317,16.3183,15.8869,0.4314,16.7515,0.1422,0.1422,0.0000,0.8719,4921.1317,NA
ExperienceX.exe,56308,0x216838E1150,DXGI,1,0,0,Composed: Flip,4953.1700,NA,16.15140000000000,NA,0.10870000000000,0.62070000000000,NA,4937.4500,15.8287,15.7200,0.1087,16.1687,0.1720,0.1720,0.0000,NA,NA,NA
ExperienceX.exe,56308,0x216838E1150,DXGI,1,0,0,Composed: Flip,4970.1248,NA,16.95480000000000,33.54940000000000,0.44330000000000,1.16040000000000,33.0210,4953.2787,17.2894,16.8461,0.4433,17.8559,0.1506,0.1506,0.0000,-1.4024,4953.2787,NA
ExperienceX.exe,56308,0x216838E1150,DXGI,1,0,0,Composed: Flip,4986.5557,NA,16.43090000000000,16.46900000000000,0.14280000000000,0.68520000000000,33.0591,4970.5681,16.1304,15.9876,0.1428,16.5219,0.1509,0.1509,0.0000,0.8204,4970.5681,NA
ExperienceX.exe,56308,0x216838E1150,DXGI,1,0,0,Composed: Flip,5004.7872,NA,18.23150000000000,16.66850000000000,0.20450000000000,0.75160000000000,31.4961,4986.6985,18.2932,18.0887,0.2045,1.0898,17.7505,2.1644,15.5861,-0.5381,4986.6985,NA
ExperienceX.exe,56308,0x216838E1150,DXGI,1,0,0,Composed: Flip,5019.8738,NA,15.08660000000000,16.64630000000000,0.09960000000000,0.66720000000000,33.0558,5004.9917,14.9817,14.8821,0.0996,15.4125,0.1368,0.1368,0.0000,1.6469,5004.9917,NA
ExperienceX.exe,56308,0x216C829D570,DXGI,1,0,0,Composed: Flip,4953.1701,NA,16.16020000000000,33.33300000000000,0.10820000000000,0.44860000000000,33.0995,4937.0794,16.1989,16.0907,0.1082,0.9460,15.5933,2.3915,13.2018,-0.4202,4937.0794,NA
ExperienceX.exe,56308,0x216C829D570,DXGI,1,0,0,Composed: Flip,4970.1171,NA,16.94700000000000,NA,0.05830000000000,1.01750000000000,NA,4953.2783,16.8971,16.8388,0.0583,17.4700,0.3863,0.3863,0.0000,NA,NA,NA
ExperienceX.exe,56308,0x216C829D570,DXGI,1,0,0,Composed: Flip,4986.5551,NA,16.43800000000000,NA,0.14320000000000,0.53490000000000,NA,4970.1754,16.5229,16.3797,0.1432,1.1098,15.8048,2.2377,13.5671,NA,NA,NA
ExperienceX.exe,56308,0x216C829D570,DXGI,1,0,0,Composed: Flip,5004.9113,NA,18.35620000000000,NA,0.10780000000000,0.63840000000000,NA,4986.6983,18.3208,18.2130,0.1078,18.8457,0.0057,0.0057,0.0000,NA,NA,NA
ExperienceX.exe,56308,0x216C829D570,DXGI,1,0,0,Composed: Flip,5019.8889,NA,14.97760000000000,NA,0.19740000000000,0.51530000000000,NA,5005.0191,15.0672,14.8698,0.1974,0.5306,14.8545,1.9881,12.8664,NA,NA,NA
ExperienceX.exe,56308,0x216C829D570,DXGI,1,0,0,Composed: Flip,5036.8456,NA,16.95670000000000,NA,0.09010000000000,1.29590000000000,NA,5020.0863,16.8494,16.7593,0.0901,17.8954,0.1598,0.1598,0.0000,NA,NA,NA
ExperienceX.exe,56308,0x216838E1150,DXGI,1,0,0,Composed: Flip,5036.8418,NA,16.96800000000000,16.67590000000000,0.09670000000000,1.13990000000000,32.7637,5019.9734,16.9651,16.8684,0.0967,17.5241,0.4842,0.4842,0.0000,-1.6942,5019.9734,NA
ExperienceX.exe,56308,0x216838E1150,DXGI,1,0,0,Composed: Flip,5071.1436,NA,34.30180000000000,33.35410000000000,0.06480000000000,0.46360000000000,31.8160,5036.9385,34.2699,34.2051,0.0648,33.8664,0.8023,0.8023,0.0000,-16.3890,5036.9385,NA
ExperienceX.exe,56308,0x216C829D570,DXGI,1,0,0,Composed: Flip,5053.2258,NA,16.38020000000000,99.99230000000000,0.14700000000000,0.66150000000000,33.0361,5036.9357,16.4371,16.2901,0.1470,1.2058,15.7458,2.8126,12.9332,-0.1360,5036.9357,NA
ExperienceX.exe,56308,0x216C829D570,DXGI,1,0,0,Composed: Flip,5070.6154,NA,17.38960000000000,NA,0.08020000000000,1.16730000000000,NA,5053.3728,17.3228,17.2426,0.0802,18.2344,0.1755,0.1755,0.0000,NA,NA,NA
ExperienceX.exe,56308,0x216C829D570,DXGI,1,0,0,Composed: Flip,5086.5492,NA,15.93380000000000,NA,0.14950000000000,0.66020000000000,NA,5070.6956,16.0031,15.8536,0.1495,1.0871,15.4267,2.1531,13.2736,NA,NA,NA
ExperienceX.exe,56308,0x216C829D570,DXGI,1,0,0,Composed: Flip,5103.6625,NA,17.11330000000000,50.00590000000000,0.07020000000000,1.27270000000000,32.6053,5086.6987,17.0340,16.9638,0.0702,18.0717,0.1648,0.1648,0.0000,-0.2429,5086.6987,NA
ExperienceX.exe,56308,0x216C829D570,DXGI,1,0,0,Composed: Flip,5119.9203,NA,16.25780000000000,16.70070000000000,0.24900000000000,1.25470000000000,33.0482,5103.7327,16.4366,16.1876,0.2490,1.2025,16.2398,2.9203,13.3195,0.3333,5103.7327,NA
ExperienceX.exe,56308,0x216838E1150,DXGI,1,0,0,Composed: Flip,5086.5499,NA,15.40630000000000,16.64730000000000,0.14890000000000,0.79830000000000,33.0570,5071.2084,15.4904,15.3415,0.1489,16.0010,0.1388,0.1388,0.0000,17.6226,5071.2084,NA
ExperienceX.exe,56308,0x216838E1150,DXGI,1,0,0,Composed: Flip,5103.6558,NA,17.10590000000000,NA,0.07730000000000,1.11460000000000,NA,5086.6988,17.0343,16.9570,0.0773,17.5758,0.4958,0.4958,0.0000,NA,NA,NA
ExperienceX.exe,56308,0x216838E1150,DXGI,1,0,0,Composed: Flip,5119.9214,NA,16.26560000000000,NA,0.24800000000000,1.46870000000000,NA,5103.7331,16.4363,16.1883,0.2480,17.4419,0.2151,0.2151,0.0000,NA,NA,NA
ExperienceX.exe,56308,0x216838E1150,DXGI,1,0,0,Composed: Flip,5137.6082,NA,17.68680000000000,NA,0.07860000000000,0.64800000000000,NA,5120.1694,17.5174,17.4388,0.0786,17.6474,0.4394,0.4394,0.0000,NA,NA,NA
ExperienceX.exe,56308,0x216838E1150,DXGI,1,0,0,Composed: Flip,5153.2158,NA,15.60760000000000,66.65990000000001,0.12810000000000,0.74040000000000,33.0510,5137.6868,15.6571,15.5290,0.1281,16.1208,0.1486,0.1486,0.0000,-0.1815,5137.6868,NA
ExperienceX.exe,56308,0x216838E1150,DXGI,1,0,0,Composed: Flip,5171.0029,NA,17.78710000000000,16.66530000000000,0.07430000000000,0.45820000000000,31.9292,5153.3439,17.7333,17.6590,0.0743,17.5602,0.5570,0.5570,0.0000,-1.0082,5153.3439,NA
ExperienceX.exe,56308,0x216838E1150,DXGI,1,0,0,Composed: Flip,5186.5190,NA,15.51610000000000,16.65990000000000,0.15010000000000,0.68290000000000,33.0730,5171.0772,15.5919,15.4418,0.1501,15.9531,0.1716,0.1716,0.0000,1.0734,5171.0772,NA
ExperienceX.exe,56308,0x216C829D570,DXGI,1,0,0,Composed: Flip,5137.0457,NA,17.12540000000000,16.67370000000000,0.70160000000000,1.34880000000000,32.5965,5120.1693,17.5780,16.8764,0.7016,18.0869,0.1383,0.1383,0.0000,-0.2371,5120.1693,NA
ExperienceX.exe,56308,0x216C829D570,DXGI,1,0,0,Composed: Flip,5153.2160,NA,16.17030000000000,NA,0.12790000000000,0.59160000000000,NA,5137.7473,15.5966,15.4687,0.1279,0.6472,15.4131,2.3886,13.0245,NA,NA,NA
ExperienceX.exe,56308,0x216C829D570,DXGI,1,0,0,Composed: Flip,5170.6303,NA,17.41430000000000,NA,0.58010000000000,0.96940000000000,NA,5153.3439,17.8665,17.2864,0.5801,18.1172,0.1386,0.1386,0.0000,NA,NA,NA
ExperienceX.exe,56308,0x216C829D570,DXGI,1,0,0,Composed: Flip,5186.5181,NA,15.88780000000000,NA,0.15100000000000,0.51220000000000,NA,5171.2104,15.4587,15.3077,0.1510,0.3893,15.4306,2.0322,13.3984,NA,NA,NA
ExperienceX.exe,56308,0x216C829D570,DXGI,1,0,0,Composed: Flip,5204.1709,NA,17.65280000000000,NA,0.08080000000000,0.47890000000000,NA,5186.6691,17.5826,17.5018,0.0808,17.8358,0.1449,0.1449,0.0000,NA,NA,NA
ExperienceX.exe,56308,0x216838E1150,DXGI,1,0,0,Composed: Flip,5204.1012,NA,17.58220000000000,16.70480000000000,0.05740000000000,0.40370000000000,32.1956,5186.6691,17.4895,17.4321,0.0574,17.1048,0.7310,0.7310,0.0000,-1.1129,5186.6691,NA
ExperienceX.exe,56308,0x216838E1150,DXGI,1,0,0,Composed: Flip,5219.8149,NA,15.71370000000000,NA,0.11410000000000,0.44660000000000,NA,5204.1586,15.7704,15.6563,0.1141,0.4912,15.6117,2.0514,13.5603,NA,NA,NA
ExperienceX.exe,56308,0x216C829D570,DXGI,1,0,0,Composed: Flip,5219.8145,NA,15.64360000000000,83.29680000000000,0.11440000000000,0.62750000000000,33.1245,5204.2517,15.6772,15.5628,0.1144,16.0098,0.1805,0.1805,0.0000,0.7856,5204.2517,NA
ExperienceX.exe,56308,0x216C829D570,DXGI,1,0,0,Composed: Flip,5236.8146,NA,17.00010000000000,NA,0.06080000000000,1.11820000000000,NA,5219.9289,16.9465,16.8857,0.0608,18.0001,0.0038,0.0038,0.0000,NA,NA,NA
ExperienceX.exe,56308,0x216838E1150,DXGI,1,0,0,Composed: Flip,5237.1678,NA,17.35290000000000,33.83850000000000,0.05190000000000,0.76120000000000,32.9675,5219.9290,17.2907,17.2388,0.0519,17.1361,0.8639,0.8639,0.0000,-0.5786,5219.9290,NA
ExperienceX.exe,56308,0x216838E1150,DXGI,1,0,0,Composed: Flip,5253.2773,NA,16.10950000000000,NA,0.15680000000000,0.73340000000000,NA,5237.2197,16.2144,16.0576,0.1568,16.6415,0.1495,0.1495,0.0000,NA,NA,NA
ExperienceX.exe,56308,0x216838E1150,DXGI,1,0,0,Composed: Flip,5273.0258,NA,19.74850000000000,32.86010000000000,0.13900000000000,0.47220000000000,29.9696,5253.4341,19.7307,19.5917,0.1390,18.6764,1.3875,1.3658,0.0217,0.6450,5253.4341,NA
ExperienceX.exe,56308,0x216C7EA03E0,DXGI,1,0,0,Composed: Flip,4870.5385,NA,16.18470000000000,933.12540000000001,0.64530000000000,2.59510000000000,32.4025,4854.4631,16.7207,16.0754,0.6453,18.5348,0.1357,0.1357,0.0000,-0.5911,4854.4631,NA
ExperienceX.exe,56308,0x216C7EA03E0,DXGI,1,0,0,Composed: Flip,4888.9363,NA,18.39780000000000,NA,0.20290000000000,0.47940000000000,NA,4871.1838,17.9554,17.7525,0.2029,17.2832,0.9487,0.7218,0.2269,NA,NA,NA
ExperienceX.exe,56308,0x216C7EA03E0,DXGI,1,0,0,Composed: Flip,4903.2842,NA,14.34790000000000,NA,0.39040000000000,1.62040000000000,NA,4889.1392,14.5354,14.1450,0.3904,0.2765,15.4889,1.3013,14.1876,NA,NA,NA
ExperienceX.exe,56308,0x216C7EA03E0,DXGI,1,0,0,Composed: Flip,4922.0922,NA,18.80800000000000,NA,0.12090000000000,0.42780000000000,NA,4903.6746,18.5385,18.4176,0.1209,18.4084,0.4370,0.3294,0.1076,NA,NA,NA
ExperienceX.exe,56308,0x216C7EA03E0,DXGI,1,0,0,Composed: Flip,4936.7549,NA,14.66270000000000,NA,0.07950000000000,0.42400000000000,NA,4922.2131,14.6213,14.5418,0.0795,0.5263,14.4395,1.5158,12.9237,NA,NA,NA
ExperienceX.exe,56308,0x216C7EA03E0,DXGI,1,0,0,Composed: Flip,4953.4719,NA,16.71700000000000,NA,0.38620000000000,0.81480000000000,NA,4936.8344,17.0237,16.6375,0.3862,16.9563,0.4960,0.4836,0.0124,NA,NA,NA
ExperienceX.exe,56308,0x216C7EA03E0,DXGI,1,0,0,Composed: Flip,4969.8549,NA,16.38300000000000,NA,0.15830000000000,0.89340000000000,NA,4953.8581,16.1551,15.9968,0.1583,0.4286,16.4616,1.6652,14.7964,NA,NA,NA
ExperienceX.exe,56308,0x216C7EA03E0,DXGI,1,0,0,Composed: Flip,4987.4389,NA,17.58400000000000,NA,0.05130000000000,0.34940000000000,NA,4970.0132,17.4770,17.4257,0.0513,17.2277,0.5474,0.5432,0.0042,NA,NA,NA
ExperienceX.exe,56308,0x216C7EA03E0,DXGI,1,0,0,Composed: Flip,5003.7029,NA,16.26400000000000,NA,0.34390000000000,1.84110000000000,NA,4987.4902,16.5566,16.2127,0.3439,18.0486,0.0052,0.0052,0.0000,NA,NA,NA
ExperienceX.exe,56308,0x216C7EA03E0,DXGI,1,0,0,Composed: Flip,5020.6006,NA,16.89770000000000,NA,0.07350000000000,0.48950000000000,NA,5004.0468,16.6273,16.5538,0.0735,16.4942,0.5491,0.5055,0.0436,NA,NA,NA
ExperienceX.exe,56308,0x216C7EA03E0,DXGI,1,0,0,Composed: Flip,5036.5693,NA,15.96870000000000,NA,0.19570000000000,0.91870000000000,NA,5020.6741,16.0909,15.8952,0.1957,0.5465,16.2674,1.7743,14.4931,NA,NA,NA
ExperienceX.exe,56308,0x216C7EA03E0,DXGI,1,0,0,Composed: Flip,5054.0672,NA,17.49790000000000,NA,0.04900000000000,0.35220000000000,NA,5036.7650,17.3512,17.3022,0.0490,17.3403,0.3141,0.3141,0.0000,NA,NA,NA
ExperienceX.exe,56308,0x216C7EA03E0,DXGI,1,0,0,Composed: Flip,5069.9924,NA,15.92520000000000,NA,0.47680000000000,0.81250000000000,NA,5054.1162,16.3530,15.8762,0.4768,0.3032,16.3855,1.1902,15.1953,NA,NA,NA
ExperienceX.exe,56308,0x216C7EA03E0,DXGI,1,0,0,Composed: Flip,5087.1741,NA,17.18170000000000,NA,0.04670000000000,0.67640000000000,NA,5070.4692,16.7516,16.7049,0.0467,16.8790,0.5023,0.4972,0.0051,NA,NA,NA
ExperienceX.exe,56308,0x216C7EA03E0,DXGI,1,0,0,Composed: Flip,5103.3170,NA,16.14290000000000,NA,0.20560000000000,0.94530000000000,NA,5087.2208,16.3018,16.0962,0.2056,0.6297,16.4118,1.4441,14.9677,NA,NA,NA
ExperienceX.exe,56308,0x216C7EA03E0,DXGI,1,0,0,Composed: Flip,5121.3122,NA,17.99520000000000,NA,0.66500000000000,1.10530000000000,NA,5103.5226,18.4546,17.7896,0.6650,17.8675,1.0274,0.6786,0.3488,NA,NA,NA
ExperienceX.exe,56308,0x216C7EA03E0,DXGI,1,0,0,Composed: Flip,5136.5248,NA,15.21260000000000,NA,0.28080000000000,1.29200000000000,NA,5121.9772,14.8284,14.5476,0.2808,0.4403,15.3993,1.3153,14.0840,NA,NA,NA
ExperienceX.exe,56308,0x216C7EA03E0,DXGI,1,0,0,Composed: Flip,5153.8661,NA,17.34130000000000,NA,0.37430000000000,0.89610000000000,NA,5136.8056,17.4348,17.0605,0.3743,17.1506,0.8060,0.7573,0.0487,NA,NA,NA
ExperienceX.exe,56308,0x216C7EA03E0,DXGI,1,0,0,Composed: Flip,5170.0484,NA,16.18230000000000,NA,0.24050000000000,0.85570000000000,NA,5154.2404,16.0485,15.8080,0.2405,0.5445,16.1192,1.7646,14.3546,NA,NA,NA
ExperienceX.exe,56308,0x216C7EA03E0,DXGI,1,0,0,Composed: Flip,5186.8349,NA,16.78650000000000,NA,0.05600000000000,0.85060000000000,NA,5170.2889,16.6020,16.5460,0.0560,16.9130,0.4836,0.4744,0.0092,NA,NA,NA
ExperienceX.exe,56308,0x216C7EA03E0,DXGI,1,0,0,Composed: Flip,5203.2447,NA,16.40980000000000,NA,0.28050000000000,0.52920000000000,NA,5186.8909,16.6343,16.3538,0.2805,0.7946,16.0884,1.2990,14.7894,NA,NA,NA
ExperienceX.exe,56308,0x216C7EA03E0,DXGI,1,0,0,Composed: Flip,5220.3516,NA,17.10690000000000,NA,0.04270000000000,0.57400000000000,NA,5203.5252,16.8691,16.8264,0.0427,16.9168,0.4836,0.4760,0.0076,NA,NA,NA
ExperienceX.exe,56308,0x216C7EA03E0,DXGI,1,0,0,Composed: Flip,5236.5531,NA,16.20150000000000,NA,0.13950000000000,0.51200000000000,NA,5220.3943,16.2983,16.1588,0.1395,0.5313,16.1395,1.1993,14.9402,NA,NA,NA
ExperienceX.exe,56308,0x216C7EA03E0,DXGI,1,0,0,Composed: Flip,5254.0768,NA,17.52370000000000,NA,0.30130000000000,0.54100000000000,NA,5236.6926,17.6855,17.3842,0.3013,17.3181,0.6071,0.6012,0.0059,NA,NA,NA
ExperienceX.exe,56308,0x216C7EA03E0,DXGI,1,0,0,Composed: Flip,5271.0167,NA,16.93990000000000,NA,0.55160000000000,0.97870000000000,NA,5254.3781,17.1902,16.6386,0.5516,0.2397,17.3776,1.3810,15.9966,NA,NA,NA
ExperienceX.exe,56308,0x216C7EA03E0,DXGI,1,0,0,Composed: Flip,5287.5430,NA,16.52630000000000,NA,0.15430000000000,0.62440000000000,NA,5271.5683,16.1290,15.9747,0.1543,16.4393,0.1598,0.1598,0.0000,NA,NA,NA
ExperienceX.exe,56308,0x216838E1150,DXGI,1,0,0,Composed: Flip,5286.7373,NA,13.71150000000000,16.60250000000000,0.17680000000000,1.26600000000000,32.8606,5273.1648,13.7493,13.5725,0.1768,1.0192,13.8193,2.3450,11.4743,3.1282,5273.1648,NA
ExperienceX.exe,56308,0x216838E1150,DXGI,1,0,0,Composed: Flip,5304.0014,NA,17.26410000000000,NA,0.12680000000000,0.80770000000000,NA,5286.9141,17.2141,17.0873,0.1268,1.2533,16.6417,1.7986,14.8431,NA,NA,NA
ExperienceX.exe,56308,0x216838E1150,DXGI,1,0,0,Composed: Flip,5319.8616,NA,15.86020000000000,33.32250000000001,0.12760000000000,0.80800000000000,33.0588,5304.1282,15.8610,15.7334,0.1276,1.7585,14.7829,2.0592,12.7237,-2.3591,5304.1282,NA
ExperienceX.exe,56308,0x216C829D570,DXGI,1,0,0,Composed: Flip,5253.2786,NA,16.46400000000000,33.43310000000000,0.19100000000000,0.58260000000000,33.0935,5236.8754,16.5942,16.4032,0.1910,1.0574,15.9284,2.3735,13.5549,-0.8094,5236.8754,NA
ExperienceX.exe,56308,0x216C829D570,DXGI,1,0,0,Composed: Flip,5273.1087,NA,19.83010000000000,NA,0.09470000000000,1.07530000000000,NA,5253.4696,19.7338,19.6391,0.0947,20.0284,0.6860,0.6860,0.0000,NA,NA,NA
ExperienceX.exe,56308,0x216C829D570,DXGI,1,0,0,Composed: Flip,5286.7304,NA,13.62170000000000,NA,0.18190000000000,1.27720000000000,NA,5273.2034,13.7089,13.5270,0.1819,14.7999,0.0043,0.0043,0.0000,NA,NA,NA
ExperienceX.exe,56308,0x216C829D570,DXGI,1,0,0,Composed: Flip,5304.0020,NA,17.27160000000000,NA,0.12920000000000,1.88470000000000,NA,5286.9123,17.2189,17.0897,0.1292,18.1379,0.8365,0.8365,0.0000,NA,NA,NA
ExperienceX.exe,56308,0x216C829D570,DXGI,1,0,0,Composed: Flip,5319.8782,NA,15.87620000000000,NA,0.18320000000000,0.96590000000000,NA,5304.1312,15.9302,15.7470,0.1832,16.5384,0.1745,0.1745,0.0000,NA,NA,NA
ExperienceX.exe,56308,0x216C829D570,DXGI,1,0,0,Composed: Flip,5336.7563,NA,16.87810000000000,NA,0.06710000000000,0.99670000000000,NA,5320.0614,16.7620,16.6949,0.0671,16.9494,0.7422,0.7422,0.0000,NA,NA,NA
ExperienceX.exe,56308,0x216C829D570,DXGI,1,0,0,Composed: Flip,5353.2198,NA,16.46350000000000,99.88950000000000,0.07380000000000,1.44630000000000,33.0418,5336.8234,16.4702,16.3964,0.0738,17.4004,0.4423,0.4423,0.0000,0.0585,5336.8234,NA
ExperienceX.exe,56308,0x216C829D570,DXGI,1,0,0,Composed: Flip,5370.1272,NA,16.90740000000000,16.67110000000000,0.30380000000000,1.07270000000000,32.8055,5353.2936,17.1374,16.8336,0.3038,17.7550,0.1513,0.1513,0.0000,-0.2009,5353.2936,NA
ExperienceX.exe,56308,0x216838E1150,DXGI,1,0,0,Composed: Flip,5336.7794,NA,16.91780000000000,16.68880000000000,0.53780000000000,1.06720000000000,32.8298,5319.9892,17.3280,16.7902,0.5378,17.7638,0.0936,0.0936,0.0000,-0.8278,5319.9892,NA
ExperienceX.exe,56308,0x216838E1150,DXGI,1,0,0,Composed: Flip,5353.2188,NA,16.43940000000000,NA,0.07470000000000,1.00500000000000,NA,5337.3172,15.9763,15.9016,0.0747,0.5294,16.3772,2.5487,13.8285,NA,NA,NA
ExperienceX.exe,56308,0x216838E1150,DXGI,1,0,0,Composed: Flip,5370.1181,NA,16.89930000000000,NA,0.40140000000000,0.93050000000000,NA,5353.2935,17.2260,16.8246,0.4014,17.0533,0.7018,0.7018,0.0000,NA,NA,NA
ExperienceX.exe,56308,0x216838E1150,DXGI,1,0,0,Composed: Flip,5386.4665,NA,16.34840000000000,NA,0.08180000000000,0.70020000000000,NA,5370.5195,16.0288,15.9470,0.0818,16.3718,0.2754,0.2754,0.0000,NA,NA,NA
ExperienceX.exe,56308,0x216C829D570,DXGI,1,0,0,Composed: Flip,5386.4667,NA,16.33950000000000,16.68850000000000,0.08160000000000,0.42460000000000,33.1545,5370.4310,16.1173,16.0357,0.0816,0.7689,15.6914,2.4166,13.2748,0.4489,5370.4310,NA
ExperienceX.exe,56308,0x216C829D570,DXGI,1,0,0,Composed: Flip,5403.7705,NA,17.30380000000000,NA,0.14830000000000,0.91670000000000,NA,5386.5483,17.3705,17.2222,0.1483,17.9417,0.1972,0.1972,0.0000,NA,NA,NA
ExperienceX.exe,56308,0x216C829D570,DXGI,1,0,0,Composed: Flip,5419.8847,NA,16.11420000000000,33.33020000000000,0.11440000000000,0.60870000000000,33.0667,5403.9188,16.0803,15.9659,0.1144,16.4180,0.1566,0.1566,0.0000,0.1576,5403.9188,NA
ExperienceX.exe,56308,0x216C829D570,DXGI,1,0,0,Composed: Flip,5437.8981,NA,18.01340000000000,16.66940000000000,0.10890000000000,0.51270000000000,31.7227,5419.9991,18.0079,17.8990,0.1089,18.2666,0.1451,0.1451,0.0000,-0.5891,5419.9991,NA
ExperienceX.exe,56308,0x216838E1150,DXGI,1,0,0,Composed: Flip,5403.6943,NA,17.22780000000000,66.73600000000000,0.16370000000000,0.79570000000000,32.6509,5386.5483,17.3097,17.1460,0.1637,17.3092,0.6325,0.6325,0.0000,-0.1769,5386.5483,NA
ExperienceX.exe,56308,0x216838E1150,DXGI,1,0,0,Composed: Flip,5419.8814,NA,16.18710000000000,NA,0.11420000000000,0.45540000000000,NA,5403.8580,16.1376,16.0234,0.1142,0.8292,15.6496,2.2405,13.4091,NA,NA,NA
ExperienceX.exe,56308,0x216838E1150,DXGI,1,0,0,Composed: Flip,5437.7256,NA,17.84420000000000,NA,0.41440000000000,0.54010000000000,NA,5419.9956,18.1444,17.7300,0.4144,17.8184,0.4517,0.4517,0.0000,NA,NA,NA
ExperienceX.exe,56308,0x216C829D570,DXGI,1,0,0,Composed: Flip,5453.2018,NA,15.30370000000000,16.96740000000000,0.13630000000000,0.56730000000000,33.3864,5438.0070,15.3311,15.1948,0.1363,0.4038,15.3583,2.1722,13.1861,1.0405,5438.0070,NA
ExperienceX.exe,56308,0x216C829D570,DXGI,1,0,0,Composed: Flip,5470.1980,NA,16.99620000000000,NA,0.09820000000000,0.93680000000000,NA,5453.3381,16.9581,16.8599,0.0982,17.0951,0.7016,0.7016,0.0000,NA,NA,NA
ExperienceX.exe,56308,0x216838E1150,DXGI,1,0,0,Composed: Flip,5470.8911,NA,33.16550000000000,66.75470000000000,0.32780000000000,0.57360000000000,32.2088,5438.1400,33.0789,32.7511,0.3278,32.9948,0.3299,0.3299,0.0000,-15.1630,5438.1400,NA
ExperienceX.exe,56308,0x216838E1150,DXGI,1,0,0,Composed: Flip,5487.2160,NA,16.32490000000000,NA,0.47950000000000,2.62270000000000,NA,5471.2189,16.4766,15.9971,0.4795,18.5994,0.0204,0.0204,0.0000,NA,NA,NA
ExperienceX.exe,56308,0x216838E1150,DXGI,1,0,0,Composed: Flip,5505.8095,NA,18.59350000000000,33.18460000000000,0.60570000000000,1.68230000000000,30.4750,5487.6955,18.7197,18.1140,0.6057,18.6804,1.1159,1.1159,0.0000,16.3709,5487.6955,NA
ExperienceX.exe,56308,0x216838E1150,DXGI,1,0,0,Composed: Flip,5520.2611,NA,14.45160000000000,16.65830000000000,0.27590000000000,1.26050000000000,32.6817,5506.4152,14.1218,13.8459,0.2759,1.0817,14.0247,2.0588,11.9659,2.0614,5506.4152,NA
ExperienceX.exe,56308,0x0,Other,-1,0,0,Composed: Flip,3772.8338,NA,533.21590000000003,583.32680000000005,0.00000000000000,4.53460000000000,30.4664,3239.6179,533.2159,533.2159,0.0000,533.6035,4.1470,4.1470,0.0000,-79.1367,3239.6179,NA
ExperienceX.exe,56308,0x0,Other,-1,0,0,Composed: Flip,3954.8660,NA,182.03220000000002,NA,0.00000000000000,4.18200000000000,NA,3772.8338,182.0322,182.0322,0.0000,185.7729,0.4413,0.4413,0.0000,NA,NA,NA
ExperienceX.exe,56308,0x0,Other,-1,0,0,Composed: Flip,4020.6173,NA,65.75130000000000,NA,0.00000000000000,6.11190000000000,NA,3954.8660,65.7513,65.7513,0.0000,70.5703,1.2929,1.2929,0.0000,NA,NA,NA
ExperienceX.exe,56308,0x0,Other,-1,0,0,Composed: Flip,5053.6644,NA,1033.04710000000000,NA,0.00000000000000,0.44090000000000,NA,4020.6173,1033.0471,1033.0471,0.0000,1033.2700,0.2180,0.2180,0.0000,NA,NA,NA
ExperienceX.exe,56308,0x0,Other,-1,0,0,Composed: Flip,5454.0035,NA,400.33910000000003,NA,0.00000000000000,0.51290000000000,NA,5053.6644,400.3391,400.3391,0.0000,400.2418,0.6102,0.6058,0.0044,NA,NA,NA
ExperienceX.exe,56308,0x216C7EA03E0,DXGI,1,0,0,Composed: Flip,5303.5925,NA,16.04950000000000,433.32490000000001,0.33780000000000,1.45770000000000,32.6734,5287.6973,16.2330,15.8952,0.3378,17.1118,0.2411,0.2411,0.0000,-0.0907,5287.6973,NA
ExperienceX.exe,56308,0x216C7EA03E0,DXGI,1,0,0,Composed: Flip,5320.4424,NA,16.84990000000000,NA,0.14240000000000,0.82680000000000,NA,5303.9303,16.6545,16.5121,0.1424,16.9138,0.4251,0.4251,0.0000,NA,NA,NA
ExperienceX.exe,56308,0x216C7EA03E0,DXGI,1,0,0,Composed: Flip,5336.5200,NA,16.07760000000000,NA,0.14770000000000,0.49080000000000,NA,5320.5848,16.0829,15.9352,0.1477,0.6844,15.7416,1.0389,14.7027,NA,NA,NA
ExperienceX.exe,56308,0x216C7EA03E0,DXGI,1,0,0,Composed: Flip,5353.3709,NA,16.85090000000000,NA,0.07290000000000,1.30000000000000,NA,5336.6677,16.7761,16.7032,0.0729,17.9984,0.0048,0.0048,0.0000,NA,NA,NA
ExperienceX.exe,56308,0x216C7EA03E0,DXGI,1,0,0,Composed: Flip,5369.8810,NA,16.51010000000000,NA,0.14570000000000,0.46580000000000,NA,5353.4438,16.5829,16.4372,0.1457,1.2271,15.6759,1.2098,14.4661,NA,NA,NA
ExperienceX.exe,56308,0x216C7EA03E0,DXGI,1,0,0,Composed: Flip,5386.8879,NA,17.00690000000000,NA,0.05740000000000,0.68060000000000,NA,5370.0267,16.9186,16.8612,0.0574,17.1400,0.4018,0.4018,0.0000,NA,NA,NA
ExperienceX.exe,56308,0x216C7EA03E0,DXGI,1,0,0,Composed: Flip,5403.2017,NA,16.31380000000000,NA,0.19980000000000,0.65580000000000,NA,5386.9453,16.4562,16.2564,0.1998,0.6232,16.2890,1.2643,15.0247,NA,NA,NA
ExperienceX.exe,56308,0x216C7EA03E0,DXGI,1,0,0,Composed: Flip,5420.5618,NA,17.36010000000000,NA,0.05200000000000,0.44640000000000,NA,5403.4015,17.2123,17.1603,0.0520,17.0919,0.5148,0.5148,0.0000,NA,NA,NA
ExperienceX.exe,56308,0x216C7EA03E0,DXGI,1,0,0,Composed: Flip,5436.6575,NA,16.09570000000000,NA,0.12670000000000,1.15650000000000,NA,5420.6138,16.1704,16.0437,0.1267,0.3944,16.8058,1.3764,15.4294,NA,NA,NA
ExperienceX.exe,56308,0x216C7EA03E0,DXGI,1,0,0,Composed: Flip,5453.4858,NA,16.82830000000000,NA,0.25940000000000,0.42040000000000,NA,5436.7842,16.9610,16.7016,0.2594,16.9849,0.1371,0.1371,0.0000,NA,NA,NA
ExperienceX.exe,56308,0x216C7EA03E0,DXGI,1,0,0,Composed: Flip,5469.8831,NA,16.39730000000000,NA,0.15780000000000,0.55010000000000,NA,5453.7452,16.2957,16.1379,0.1578,0.7712,15.9168,1.3416,14.5752,NA,NA,NA
ExperienceX.exe,56308,0x216C7EA03E0,DXGI,1,0,0,Composed: Flip,5487.9266,NA,18.04350000000000,NA,1.14780000000000,2.20020000000000,NA,5470.0409,19.0335,17.8857,1.1478,19.7978,0.2881,0.2783,0.0098,NA,NA,NA
ExperienceX.exe,56308,0x216C7EA03E0,DXGI,1,0,0,Composed: Flip,5504.0156,NA,16.08900000000000,NA,0.78860000000000,2.36030000000000,NA,5489.0744,15.7298,14.9412,0.7886,1.0925,16.2090,2.7249,13.4841,NA,NA,NA
ExperienceX.exe,56308,0x216C7EA03E0,DXGI,1,0,0,Composed: Flip,5521.5041,NA,17.48850000000000,NA,0.15610000000000,0.53260000000000,NA,5504.8042,16.8560,16.6999,0.1561,16.8898,0.3427,0.3427,0.0000,NA,NA,NA
ExperienceX.exe,56308,0x216C7EA03E0,DXGI,1,0,0,Composed: Flip,5536.6547,NA,15.15060000000000,NA,0.33720000000000,0.86000000000000,NA,5521.6602,15.3317,14.9945,0.3372,0.3765,15.4780,1.2759,14.2021,NA,NA,NA
ExperienceX.exe,56308,0x216C7EA03E0,DXGI,1,0,0,Composed: Flip,5553.9686,NA,17.31390000000000,NA,0.10870000000000,0.54290000000000,NA,5536.9919,17.0854,16.9767,0.1087,17.1502,0.3694,0.3640,0.0054,NA,NA,NA
ExperienceX.exe,56308,0x216838E1150,DXGI,1,0,0,Composed: Flip,5536.9838,NA,16.72270000000000,16.64310000000000,0.11220000000000,1.05510000000000,32.6021,5520.5370,16.5590,16.4468,0.1122,16.9777,0.5242,0.5242,0.0000,-2.5213,5520.5370,NA
ExperienceX.exe,56308,0x216838E1150,DXGI,1,0,0,Composed: Flip,5569.9805,NA,32.99670000000000,NA,0.07860000000000,0.38850000000000,NA,5537.0960,32.9631,32.8845,0.0786,17.4155,15.8575,1.4774,14.3801,NA,NA,NA
ExperienceX.exe,56308,0x216838E1150,DXGI,1,0,0,Composed: Flip,5586.5936,NA,16.61310000000000,50.01740000000000,0.15460000000000,0.51050000000000,33.0097,5570.0591,16.6891,16.5345,0.1546,1.1311,15.9139,2.0803,13.8336,-0.4953,5570.0591,NA
ExperienceX.exe,56308,0x216838E1150,DXGI,1,0,0,Composed: Flip,5603.7848,NA,17.19120000000000,16.67770000000000,0.09290000000000,1.25910000000000,32.4962,5586.7482,17.1295,17.0366,0.0929,17.6895,0.6062,0.6062,0.0000,0.0114,5586.7482,NA
ExperienceX.exe,56308,0x216C829D570,DXGI,1,0,0,Composed: Flip,5487.2451,NA,17.04710000000000,33.12620000000000,0.36340000000000,2.57230000000000,32.4693,5470.2962,17.3123,16.9489,0.3634,1.1685,18.3527,3.8116,14.5411,-0.8370,5470.2962,NA
ExperienceX.exe,56308,0x216C829D570,DXGI,1,0,0,Composed: Flip,5506.5463,NA,19.30120000000000,NA,0.06860000000000,0.95060000000000,NA,5487.6085,19.0064,18.9378,0.0686,19.8833,0.0051,0.0051,0.0000,NA,NA,NA
ExperienceX.exe,56308,0x216C829D570,DXGI,1,0,0,Composed: Flip,5520.2615,NA,13.71520000000000,NA,0.27550000000000,1.43250000000000,NA,5506.6149,13.9221,13.6466,0.2755,14.9067,0.1724,0.1724,0.0000,NA,NA,NA
ExperienceX.exe,56308,0x216C829D570,DXGI,1,0,0,Composed: Flip,5537.5812,NA,17.31970000000000,NA,0.06260000000000,0.81220000000000,NA,5520.5370,17.1068,17.0442,0.0626,17.5019,0.3545,0.3545,0.0000,NA,NA,NA
ExperienceX.exe,56308,0x216C829D570,DXGI,1,0,0,Composed: Flip,5553.2223,NA,15.64110000000000,NA,0.11280000000000,0.91980000000000,NA,5537.6438,15.6913,15.5785,0.1128,16.3509,0.1474,0.1474,0.0000,NA,NA,NA
ExperienceX.exe,56308,0x216C829D570,DXGI,1,0,0,Composed: Flip,5569.9825,NA,16.76020000000000,NA,0.06560000000000,1.20770000000000,NA,5553.3351,16.7130,16.6474,0.0656,17.6446,0.2105,0.2105,0.0000,NA,NA,NA
ExperienceX.exe,56308,0x216C829D570,DXGI,1,0,0,Composed: Flip,5586.5942,NA,16.61170000000000,NA,0.15390000000000,0.64140000000000,NA,5570.0481,16.7000,16.5461,0.1539,17.0560,0.1315,0.1315,0.0000,NA,NA,NA
ExperienceX.exe,56308,0x216C829D570,DXGI,1,0,0,Composed: Flip,5604.4938,NA,17.89960000000000,NA,0.07500000000000,0.69450000000000,NA,5586.7481,17.8207,17.7457,0.0750,18.2958,0.1444,0.1444,0.0000,NA,NA,NA
ExperienceX.exe,56308,0x216C829D570,DXGI,1,0,0,Composed: Flip,5619.8463,NA,15.35250000000000,NA,0.14540000000000,0.66190000000000,NA,5604.5688,15.4229,15.2775,0.1454,15.7922,0.1472,0.1472,0.0000,NA,NA,NA
ExperienceX.exe,56308,0x216838E1150,DXGI,1,0,0,Composed: Flip,5619.8471,NA,16.06230000000000,16.77020000000000,0.14460000000000,0.51390000000000,33.2041,5603.8777,16.1140,15.9694,0.1446,1.3106,15.1727,2.5719,12.6008,0.3593,5603.8777,NA
ExperienceX.exe,56308,0x216838E1150,DXGI,1,0,0,Composed: Flip,5636.8342,NA,16.98710000000000,NA,0.41070000000000,0.87110000000000,NA,5619.9917,17.2532,16.8425,0.4107,17.0163,0.6973,0.6973,0.0000,NA,NA,NA
ExperienceX.exe,56308,0x216838E1150,DXGI,1,0,0,Composed: Flip,5653.3957,NA,16.56150000000000,33.21010000000000,0.15380000000000,0.77200000000000,32.8656,5637.2449,16.3046,16.1508,0.1538,16.7560,0.1668,0.1668,0.0000,0.1571,5637.2449,NA
ExperienceX.exe,56308,0x216C829D570,DXGI,1,0,0,Composed: Flip,5636.8460,NA,16.99970000000000,150.10100000000000,0.06720000000000,1.02820000000000,32.9694,5619.9917,16.9215,16.8543,0.0672,17.7136,0.1689,0.1689,0.0000,-0.4055,5619.9917,NA
ExperienceX.exe,56308,0x216C829D570,DXGI,1,0,0,Composed: Flip,5653.3952,NA,16.54920000000000,NA,0.15400000000000,0.60570000000000,NA,5636.9132,16.6360,16.4820,0.1540,0.9610,16.1267,2.3651,13.7616,NA,NA,NA
ExperienceX.exe,56308,0x216C829D570,DXGI,1,0,0,Composed: Flip,5670.7068,NA,17.31160000000000,NA,0.11930000000000,1.32570000000000,NA,5653.5492,17.2769,17.1576,0.1193,18.2120,0.2713,0.2713,0.0000,NA,NA,NA
ExperienceX.exe,56308,0x216838E1150,DXGI,1,0,0,Composed: Flip,5671.7636,NA,18.36790000000000,16.83780000000000,0.13550000000000,0.67420000000000,31.3355,5653.5495,18.3496,18.2141,0.1355,18.4830,0.4053,0.4053,0.0000,-0.5332,5653.5495,NA
ExperienceX.exe,56308,0x216838E1150,DXGI,1,0,0,Composed: Flip,5686.4900,NA,14.72640000000000,NA,0.11510000000000,0.60170000000000,NA,5671.8991,14.7060,14.5909,0.1151,15.0280,0.1646,0.1646,0.0000,NA,NA,NA
ExperienceX.exe,56308,0x216C829D570,DXGI,1,0,0,Composed: Flip,5686.4903,NA,15.78350000000000,49.79550000000000,0.11470000000000,0.43680000000000,33.1206,5670.8261,15.7789,15.6642,0.1147,1.6117,14.4893,1.7670,12.7223,1.0389,5670.8261,NA
ExperienceX.exe,56308,0x216C829D570,DXGI,1,0,0,Composed: Flip,5704.2511,NA,17.76080000000000,NA,0.96310000000000,1.39690000000000,NA,5686.6050,18.6092,17.6461,0.9631,18.9006,0.1424,0.1424,0.0000,NA,NA,NA
ExperienceX.exe,56308,0x216838E1150,DXGI,1,0,0,Composed: Flip,5704.6353,NA,18.14530000000000,33.33140000000000,0.54500000000000,0.87030000000000,31.7952,5686.6051,18.5752,18.0302,0.5450,17.8018,1.0987,1.0987,0.0000,-0.2758,5686.6051,NA
ExperienceX.exe,56308,0x216838E1150,DXGI,1,0,0,Composed: Flip,5719.9233,NA,15.28800000000000,NA,0.14590000000000,0.65020000000000,NA,5705.1803,14.8889,14.7430,0.1459,15.2401,0.1531,0.1531,0.0000,NA,NA,NA
ExperienceX.exe,56308,0x216C7EA03E0,DXGI,1,0,0,Composed: Flip,5569.8040,NA,15.83540000000000,266.90890000000002,0.11410000000000,1.17570000000000,33.3708,5554.0773,15.8408,15.7267,0.1141,16.2917,0.6107,0.5388,0.0719,-0.5289,5554.0773,NA
ExperienceX.exe,56308,0x216C7EA03E0,DXGI,1,0,0,Composed: Flip,5587.3759,NA,17.57190000000000,NA,0.05320000000000,0.53040000000000,NA,5569.9181,17.5110,17.4578,0.0532,17.3175,0.6707,0.6661,0.0046,NA,NA,NA
ExperienceX.exe,56308,0x216C7EA03E0,DXGI,1,0,0,Composed: Flip,5603.6892,NA,16.31330000000000,NA,0.34960000000000,0.74850000000000,NA,5587.4291,16.6097,16.2601,0.3496,0.4772,16.5314,1.4358,15.0956,NA,NA,NA
ExperienceX.exe,56308,0x216C7EA03E0,DXGI,1,0,0,Composed: Flip,5620.8936,NA,17.20440000000000,NA,0.07000000000000,0.51250000000000,NA,5604.0388,16.9248,16.8548,0.0700,16.4694,0.8979,0.5423,0.3556,NA,NA,NA
ExperienceX.exe,56308,0x216C7EA03E0,DXGI,1,0,0,Composed: Flip,5636.5628,NA,15.66920000000000,NA,0.14410000000000,0.39400000000000,NA,5620.9636,15.7433,15.5992,0.1441,0.6519,15.3413,1.5315,13.8098,NA,NA,NA
ExperienceX.exe,56308,0x216C7EA03E0,DXGI,1,0,0,Composed: Flip,5653.7067,NA,17.14390000000000,NA,0.38620000000000,0.94110000000000,NA,5636.7069,17.3860,16.9998,0.3862,17.4608,0.4801,0.4801,0.0000,NA,NA,NA
ExperienceX.exe,56308,0x216C7EA03E0,DXGI,1,0,0,Composed: Flip,5670.2451,NA,16.53840000000000,NA,0.31310000000000,1.51610000000000,NA,5654.0929,16.4653,16.1522,0.3131,0.5549,17.1134,2.0550,15.0584,NA,NA,NA
ExperienceX.exe,56308,0x216C7EA03E0,DXGI,1,0,0,Composed: Flip,5686.7207,NA,16.47560000000000,NA,0.05740000000000,0.89710000000000,NA,5670.5582,16.2199,16.1625,0.0574,16.5335,0.5261,0.5208,0.0053,NA,NA,NA
ExperienceX.exe,56308,0x216C7EA03E0,DXGI,1,0,0,Composed: Flip,5703.6815,NA,16.96080000000000,NA,0.35320000000000,0.72540000000000,NA,5686.7781,17.2566,16.9034,0.3532,0.8397,16.7891,1.3092,15.4799,NA,NA,NA
ExperienceX.exe,56308,0x216C7EA03E0,DXGI,1,0,0,Composed: Flip,5720.5333,NA,16.85180000000000,NA,0.06360000000000,0.53620000000000,NA,5704.0347,16.5622,16.4986,0.0636,16.5388,0.4960,0.4960,0.0000,NA,NA,NA
ExperienceX.exe,56308,0x216C7EA03E0,DXGI,1,0,0,Composed: Flip,5736.8621,NA,16.32880000000000,NA,0.31560000000000,1.13360000000000,NA,5720.5969,16.5808,16.2652,0.3156,0.4726,16.9262,1.5827,15.3435,NA,NA,NA
ExperienceX.exe,56308,0x216838E1150,DXGI,1,0,0,Composed: Flip,5738.2218,NA,18.29850000000000,33.19870000000000,0.05730000000000,0.59390000000000,31.4074,5720.0692,18.2099,18.1526,0.0573,18.6332,0.1133,0.1133,0.0000,0.2654,5720.0692,NA
ExperienceX.exe,56308,0x216838E1150,DXGI,1,0,0,Composed: Flip,5771.3789,NA,33.15710000000000,33.28820000000000,0.68880000000000,1.28740000000000,31.5385,5738.2791,33.7886,33.0998,0.6888,33.4760,0.9112,0.9112,0.0000,-15.0783,5738.2791,NA
ExperienceX.exe,56308,0x216838E1150,DXGI,1,0,0,Composed: Flip,5786.5948,NA,15.21590000000000,16.76750000000000,0.16340000000000,0.87630000000000,33.0901,5772.0677,14.6905,14.5271,0.1634,0.8181,14.5853,2.0470,12.5383,17.0211,5772.0677,NA
ExperienceX.exe,56308,0x216C829D570,DXGI,1,0,0,Composed: Flip,5719.9234,NA,15.67230000000000,33.32020000000000,0.14590000000000,0.49700000000000,33.0077,5705.2142,14.8551,14.7092,0.1459,0.4338,14.7724,1.9928,12.7796,1.0679,5705.2142,NA
ExperienceX.exe,56308,0x216C829D570,DXGI,1,0,0,Composed: Flip,5737.9409,NA,18.01750000000000,NA,0.24800000000000,0.76150000000000,NA,5720.0693,18.1196,17.8716,0.2480,17.9264,0.7067,0.7067,0.0000,NA,NA,NA
ExperienceX.exe,56308,0x216C829D570,DXGI,1,0,0,Composed: Flip,5753.1849,NA,15.24400000000000,NA,0.12430000000000,0.62470000000000,NA,5738.1889,15.1203,14.9960,0.1243,15.4731,0.1476,0.1476,0.0000,NA,NA,NA
ExperienceX.exe,56308,0x216C829D570,DXGI,1,0,0,Composed: Flip,5771.2700,NA,18.08510000000000,NA,0.40730000000000,1.61580000000000,NA,5753.3092,18.3681,17.9608,0.4073,19.3571,0.2195,0.2195,0.0000,NA,NA,NA
ExperienceX.exe,56308,0x216C829D570,DXGI,1,0,0,Composed: Flip,5786.5947,NA,15.32470000000000,NA,0.16230000000000,1.06940000000000,NA,5771.6773,15.0797,14.9174,0.1623,15.7938,0.1930,0.1930,0.0000,NA,NA,NA
ExperienceX.exe,56308,0x216C829D570,DXGI,1,0,0,Composed: Flip,5803.4080,NA,16.81330000000000,NA,0.08080000000000,0.96720000000000,NA,5786.7570,16.7318,16.6510,0.0808,17.1268,0.4914,0.4914,0.0000,NA,NA,NA
ExperienceX.exe,56308,0x216C829D570,DXGI,1,0,0,Composed: Flip,5820.0877,NA,16.67970000000000,100.07490000000000,0.21800000000000,0.97150000000000,32.9183,5803.4888,16.8169,16.5989,0.2180,17.3179,0.2525,0.2429,0.0096,-1.8003,5803.4888,NA
ExperienceX.exe,56308,0x0,Other,-1,0,0,Composed: Flip,5553.6319,NA,99.62840000000000,1782.97199999999998,0.00000000000000,0.36280000000000,32.6403,5454.0035,99.6284,99.6284,0.0000,84.3899,15.6013,2.0925,13.5088,431.4136,5454.0035,NA
ExperienceX.exe,56308,0x0,Other,-1,0,0,Composed: Flip,5753.8523,NA,200.22040000000001,NA,0.00000000000000,0.47590000000000,NA,5553.6319,200.2204,200.2204,0.0000,200.1777,0.5186,0.5119,0.0067,NA,NA,NA
ExperienceX.exe,56308,0x216838E1150,DXGI,1,0,0,Composed: Flip,5804.0234,NA,17.42860000000000,16.57070000000000,0.04300000000000,0.50910000000000,32.2322,5786.7582,17.3082,17.2652,0.0430,17.6170,0.1573,0.1573,0.0000,-1.8802,5786.7582,NA
ExperienceX.exe,56308,0x216838E1150,DXGI,1,0,0,Composed: Flip,5820.0874,NA,16.06400000000000,NA,0.21800000000000,0.71930000000000,NA,5804.0664,16.2390,16.0210,0.2180,0.4661,16.2742,2.3742,13.9000,NA,NA,NA
ExperienceX.exe,56308,0x216838E1150,DXGI,1,0,0,Composed: Flip,5837.7529,NA,17.66550000000000,NA,0.27860000000000,0.67080000000000,NA,5820.3054,17.7261,17.4475,0.2786,17.9752,0.1431,0.1355,0.0076,NA,NA,NA
ExperienceX.exe,56308,0x216838E1150,DXGI,1,0,0,Composed: Flip,5853.3184,NA,15.56550000000000,NA,0.14390000000000,0.60420000000000,NA,5838.0315,15.4308,15.2869,0.1439,0.4673,15.4238,2.7790,12.6448,NA,NA,NA
ExperienceX.exe,56308,0x216838E1150,DXGI,1,0,0,Composed: Flip,5870.4545,NA,17.13610000000000,66.74960000000000,0.17080000000000,1.21660000000000,32.5507,5853.4623,17.1630,16.9922,0.1708,18.0415,0.1673,0.1673,0.0000,-0.0455,5853.4623,NA
ExperienceX.exe,56308,0x216C829D570,DXGI,1,0,0,Composed: Flip,5836.8082,NA,16.72050000000000,16.69540000000000,1.25990000000000,1.47240000000000,32.8932,5820.3057,17.7624,16.5025,1.2599,16.8661,1.1088,0.9846,0.1242,0.1215,5820.3057,NA
ExperienceX.exe,56308,0x216C829D570,DXGI,1,0,0,Composed: Flip,5870.4324,NA,33.62420000000000,NA,0.09360000000000,1.07140000000000,NA,5838.0681,32.4579,32.3643,0.0936,32.7009,0.7348,0.7348,0.0000,NA,NA,NA
ExperienceX.exe,56308,0x216C829D570,DXGI,1,0,0,Composed: Flip,5886.7578,NA,16.32540000000000,NA,0.18380000000000,0.68650000000000,NA,5870.5260,16.4156,16.2318,0.1838,16.7834,0.1349,0.1241,0.0108,NA,NA,NA
ExperienceX.exe,56308,0x216838E1150,DXGI,1,0,0,Composed: Flip,5886.7579,NA,16.30340000000000,16.58920000000000,0.18370000000000,0.55150000000000,32.8365,5870.6253,16.3163,16.1326,0.1837,1.0458,15.6383,2.5366,13.1017,0.5738,5870.6253,NA
ExperienceX.exe,56308,0x216838E1150,DXGI,1,0,0,Composed: Flip,5904.4097,NA,17.65180000000000,NA,0.31390000000000,0.40100000000000,NA,5886.9416,17.7820,17.4681,0.3139,17.4072,0.4619,0.4619,0.0000,NA,NA,NA
ExperienceX.exe,56308,0x216C829D570,DXGI,1,0,0,Composed: Flip,5904.4102,NA,17.65240000000000,66.56140000000001,0.10180000000000,0.56640000000000,31.8526,5886.9416,17.5704,17.4686,0.1018,17.8691,0.1659,0.1659,0.0000,0.0745,5886.9416,NA
ExperienceX.exe,56308,0x216C829D570,DXGI,1,0,0,Composed: Flip,5919.8598,NA,15.44960000000000,NA,0.16110000000000,0.65780000000000,NA,5904.5120,15.5089,15.3478,0.1611,15.9161,0.0895,0.0895,0.0000,NA,NA,NA
ExperienceX.exe,56308,0x216838E1150,DXGI,1,0,0,Composed: Flip,5919.8346,NA,15.42490000000000,33.40850000000000,0.06720000000000,0.59350000000000,33.1683,5904.7236,15.1782,15.1110,0.0672,0.2530,15.4515,2.2448,13.2067,0.6898,5904.7236,NA
ExperienceX.exe,56308,0x216838E1150,DXGI,1,0,0,Composed: Flip,5937.4084,NA,17.57380000000000,NA,0.06170000000000,0.70740000000000,NA,5919.9018,17.5683,17.5066,0.0617,18.0693,0.1447,0.1447,0.0000,NA,NA,NA
ExperienceX.exe,56308,0x216838E1150,DXGI,1,0,0,Composed: Flip,5953.3782,NA,15.96980000000000,33.25840000000000,0.12420000000000,0.41060000000000,32.8831,5937.4701,16.0323,15.9081,0.1242,0.6457,15.6730,2.0874,13.5856,-0.5119,5937.4701,NA
ExperienceX.exe,56308,0x216C829D570,DXGI,1,0,0,Composed: Flip,5937.2236,NA,17.36380000000000,33.32090000000000,0.35890000000000,0.74750000000000,32.3601,5920.0209,17.5616,17.2027,0.3589,17.4502,0.5000,0.5000,0.0000,-0.2416,5920.0209,NA
ExperienceX.exe,56308,0x216C829D570,DXGI,1,0,0,Composed: Flip,5953.4991,NA,16.27550000000000,NA,0.28520000000000,0.61320000000000,NA,5937.5825,16.2018,15.9166,0.2852,16.2063,0.3235,0.2574,0.0661,NA,NA,NA
ExperienceX.exe,56308,0x216C829D570,DXGI,1,0,0,Composed: Flip,5970.4992,NA,17.00010000000000,NA,0.06100000000000,0.75380000000000,NA,5953.7843,16.7759,16.7149,0.0610,17.0029,0.4658,0.4658,0.0000,NA,NA,NA
ExperienceX.exe,56308,0x216C829D570,DXGI,1,0,0,Composed: Flip,5986.5645,NA,16.06530000000000,50.04450000000000,0.16790000000000,0.56680000000000,33.0637,5970.5602,16.1722,16.0043,0.1679,0.8665,15.7046,2.2247,13.4799,0.4948,5970.5602,NA
ExperienceX.exe,56308,0x216C829D570,DXGI,1,0,0,Composed: Flip,6004.1337,NA,17.56920000000000,16.61920000000000,0.27400000000000,0.55710000000000,32.1137,5986.7324,17.6753,17.4013,0.2740,17.4176,0.5408,0.5408,0.0000,-0.4470,5986.7324,NA
ExperienceX.exe,56308,0x216838E1150,DXGI,1,0,0,Composed: Flip,5970.0370,NA,16.65880000000000,16.68430000000000,0.06010000000000,1.38970000000000,32.9086,5953.5024,16.5947,16.5346,0.0601,17.7506,0.1737,0.1737,0.0000,-0.6520,5953.5024,NA
ExperienceX.exe,56308,0x216838E1150,DXGI,1,0,0,Composed: Flip,5986.5649,NA,16.52790000000000,NA,0.16750000000000,0.84760000000000,NA,5970.0971,16.6353,16.4678,0.1675,17.0342,0.2812,0.2812,0.0000,NA,NA,NA
ExperienceX.exe,56308,0x216838E1150,DXGI,1,0,0,Composed: Flip,6004.2624,NA,17.69750000000000,NA,0.06170000000000,0.57760000000000,NA,5986.7324,17.5917,17.5300,0.0617,17.9584,0.1492,0.1492,0.0000,NA,NA,NA
ExperienceX.exe,56308,0x216838E1150,DXGI,1,0,0,Composed: Flip,6019.9121,NA,15.64970000000000,NA,0.16930000000000,1.60910000000000,NA,6004.3241,15.7573,15.5880,0.1693,16.8600,0.3371,0.3371,0.0000,NA,NA,NA
ExperienceX.exe,56308,0x216838E1150,DXGI,1,0,0,Composed: Flip,6037.4788,NA,17.56670000000000,66.70910000000001,0.05220000000000,0.41450000000000,32.1759,6020.0814,17.4496,17.3974,0.0522,17.2911,0.5208,0.5208,0.0000,-0.1301,6020.0814,NA
ExperienceX.exe,56308,0x216838E1150,DXGI,1,0,0,Composed: Flip,6053.1417,NA,15.66290000000000,16.66200000000000,0.12410000000000,1.00110000000000,33.1750,6037.5310,15.7348,15.6107,0.1241,16.2231,0.3887,0.3588,0.0299,0.7876,6037.5310,NA
ExperienceX.exe,56308,0x216838E1150,DXGI,1,0,0,Composed: Flip,6071.2558,NA,18.11410000000000,16.70390000000000,0.13440000000000,1.59900000000000,31.7648,6053.2658,18.1244,17.9900,0.1344,19.4469,0.1421,0.1421,0.0000,-0.9691,6053.2658,NA
ExperienceX.exe,56308,0x216838E1150,DXGI,1,0,0,Composed: Flip,6086.7520,NA,15.49620000000000,16.66640000000000,0.20730000000000,0.72150000000000,32.9350,6071.3902,15.5691,15.3618,0.2073,1.4646,14.6187,2.1740,12.4447,1.4580,6071.3902,NA
ExperienceX.exe,56308,0x216838E1150,DXGI,1,0,0,Composed: Flip,6105.0788,NA,18.32680000000000,16.57780000000000,0.21060000000000,0.61460000000000,31.1860,6086.9593,18.3301,18.1195,0.2106,17.3795,1.3546,1.3546,0.0000,-1.0087,6086.9593,NA
ExperienceX.exe,56308,0x216838E1150,DXGI,1,0,0,Composed: Flip,6120.1874,NA,15.10860000000000,16.66860000000000,0.21130000000000,0.73300000000000,32.7460,6105.2894,15.1093,14.8980,0.2113,0.5318,15.0992,1.8926,13.2066,1.6615,6105.2894,NA
ExperienceX.exe,56308,0x216C829D570,DXGI,1,0,0,Composed: Flip,6019.9260,NA,15.79230000000000,16.67200000000000,0.15540000000000,1.25810000000000,32.9934,6004.4077,15.6737,15.5183,0.1554,0.4323,16.3441,2.4584,13.8857,1.0033,6004.4077,NA
ExperienceX.exe,56308,0x216C829D570,DXGI,1,0,0,Composed: Flip,6036.8043,NA,16.87830000000000,NA,0.57280000000000,1.22960000000000,NA,6020.0814,17.2957,16.7229,0.5728,17.8119,0.1406,0.1406,0.0000,NA,NA,NA
ExperienceX.exe,56308,0x216C829D570,DXGI,1,0,0,Composed: Flip,6053.1412,NA,16.33690000000000,NA,0.12440000000000,0.61290000000000,NA,6037.3771,15.8885,15.7641,0.1244,0.6568,15.7202,2.2337,13.4865,NA,NA,NA
ExperienceX.exe,56308,0x216C829D570,DXGI,1,0,0,Composed: Flip,6071.6740,NA,18.53280000000000,NA,0.07840000000000,1.03870000000000,NA,6053.2656,18.4868,18.4084,0.0784,19.0405,0.4066,0.4066,0.0000,NA,NA,NA
ExperienceX.exe,56308,0x216C829D570,DXGI,1,0,0,Composed: Flip,6105.4248,NA,33.75080000000000,NA,0.06380000000000,0.39640000000000,NA,6071.7524,33.7362,33.6724,0.0638,33.9410,0.1278,0.1278,0.0000,NA,NA,NA
ExperienceX.exe,56308,0x216C829D570,DXGI,1,0,0,Composed: Flip,6120.1875,NA,14.76270000000000,NA,0.21120000000000,0.85800000000000,NA,6105.4886,14.9101,14.6989,0.2112,15.4318,0.1251,0.1251,0.0000,NA,NA,NA
ExperienceX.exe,56308,0x216C829D570,DXGI,1,0,0,Composed: Flip,6137.2105,NA,17.02300000000000,NA,0.43320000000000,0.98560000000000,NA,6120.3987,17.2450,16.8118,0.4332,17.5630,0.2344,0.2344,0.0000,NA,NA,NA
ExperienceX.exe,56308,0x216C829D570,DXGI,1,0,0,Composed: Flip,6153.2426,NA,16.03210000000000,133.35849999999999,0.19630000000000,0.92010000000000,33.0353,6137.6437,15.7952,15.5989,0.1963,16.2830,0.2360,0.2360,0.0000,-0.1225,6137.6437,NA
ExperienceX.exe,56308,0x216C829D570,DXGI,1,0,0,Composed: Flip,6170.1527,NA,16.91010000000000,16.66360000000000,0.08870000000000,1.34230000000000,32.7888,6153.4389,16.8025,16.7138,0.0887,16.9650,1.0911,1.0141,0.0770,-0.8684,6153.4389,NA
ExperienceX.exe,56308,0x216C829D570,DXGI,1,0,0,Composed: Flip,6186.5984,NA,16.44570000000000,16.71670000000000,0.21230000000000,1.03290000000000,33.0598,6170.2414,16.5693,16.3570,0.2123,17.1467,0.2432,0.2432,0.0000,0.0858,6170.2414,NA
ExperienceX.exe,56308,0x216838E1150,DXGI,1,0,0,Composed: Flip,6136.7590,NA,16.57160000000000,16.65550000000000,0.06470000000000,1.20270000000000,32.8299,6120.3987,16.4250,16.3603,0.0647,16.5788,0.9842,0.9842,0.0000,-1.5462,6120.3987,NA
ExperienceX.exe,56308,0x216838E1150,DXGI,1,0,0,Composed: Flip,6153.2421,NA,16.48310000000000,NA,0.19670000000000,0.68460000000000,NA,6136.8237,16.6151,16.4184,0.1967,1.3724,15.7306,2.3705,13.3601,NA,NA,NA
ExperienceX.exe,56308,0x216838E1150,DXGI,1,0,0,Composed: Flip,6170.1481,NA,16.90600000000000,NA,0.69380000000000,1.59340000000000,NA,6153.4388,17.4031,16.7093,0.6938,18.0562,0.2465,0.2465,0.0000,NA,NA,NA
ExperienceX.exe,56308,0x216838E1150,DXGI,1,0,0,Composed: Flip,6186.5684,NA,16.42030000000000,NA,0.07780000000000,0.81970000000000,NA,6170.8419,15.8043,15.7265,0.0778,0.8996,15.6466,2.3726,13.2740,NA,NA,NA
ExperienceX.exe,56308,0x216838E1150,DXGI,1,0,0,Composed: Flip,6203.9280,NA,17.35960000000000,NA,0.06520000000000,1.29690000000000,NA,6186.6462,17.3470,17.2818,0.0652,18.2612,0.3175,0.3175,0.0000,NA,NA,NA
ExperienceX.exe,56308,0x216838E1150,DXGI,1,0,0,Composed: Flip,6219.9707,NA,16.04270000000000,83.38880000000000,0.18400000000000,1.18300000000000,33.0070,6203.9932,16.1615,15.9775,0.1840,16.8086,0.3519,0.3519,0.0000,0.2057,6203.9932,NA
ExperienceX.exe,56308,0x216838E1150,DXGI,1,0,0,Composed: Flip,6237.5163,NA,17.54560000000000,16.62210000000000,0.31070000000000,0.97030000000000,32.0835,6220.1547,17.6723,17.3616,0.3107,18.0870,0.2449,0.2449,0.0000,-0.4606,6220.1547,NA
ExperienceX.exe,56308,0x216838E1150,DXGI,1,0,0,Composed: Flip,6253.3114,NA,15.79510000000000,16.72710000000000,0.17660000000000,1.20700000000000,33.0155,6237.8270,15.6610,15.4844,0.1766,0.6596,16.0318,2.7659,13.2659,0.9452,6237.8270,NA
ExperienceX.exe,56308,0x216C829D570,DXGI,1,0,0,Composed: Flip,6203.4966,NA,16.89820000000000,16.63170000000000,0.68810000000000,1.41080000000000,32.7933,6186.8107,17.3740,16.6859,0.6881,17.3486,0.7481,0.7481,0.0000,-0.0624,6186.8107,NA
ExperienceX.exe,56308,0x216C829D570,DXGI,1,0,0,Composed: Flip,6219.9704,NA,16.47380000000000,NA,0.18430000000000,0.83140000000000,NA,6204.1847,15.9700,15.7857,0.1843,1.0402,15.5769,2.4537,13.1232,NA,NA,NA
ExperienceX.exe,56308,0x216C829D570,DXGI,1,0,0,Composed: Flip,6236.9517,NA,16.98130000000000,NA,0.47370000000000,1.29000000000000,NA,6220.1547,17.2707,16.7970,0.4737,17.3264,0.7606,0.7375,0.0231,NA,NA,NA
ExperienceX.exe,56308,0x216C829D570,DXGI,1,0,0,Composed: Flip,6253.3115,NA,16.35980000000000,NA,0.17650000000000,1.45620000000000,NA,6237.4254,16.0626,15.8861,0.1765,17.0930,0.2493,0.2493,0.0000,NA,NA,NA
ExperienceX.exe,56308,0x216C829D570,DXGI,1,0,0,Composed: Flip,6270.1975,NA,16.88600000000000,NA,0.16970000000000,1.52400000000000,NA,6253.4880,16.8792,16.7095,0.1697,17.2314,1.0021,1.0021,0.0000,NA,NA,NA
ExperienceX.exe,56308,0x216C829D570,DXGI,1,0,0,Composed: Flip,6286.7187,NA,16.52120000000000,83.37090000000001,0.20780000000000,1.39560000000000,32.9421,6270.3672,16.5593,16.3515,0.2078,1.6180,16.1291,3.2955,12.8336,0.1856,6270.3672,NA
ExperienceX.exe,56308,0x216838E1150,DXGI,1,0,0,Composed: Flip,6270.7928,NA,17.48140000000000,16.67940000000000,0.13290000000000,1.19240000000000,32.2135,6253.4880,17.4377,17.3048,0.1329,18.2335,0.2637,0.2637,0.0000,-1.0184,6253.4880,NA
ExperienceX.exe,56308,0x216838E1150,DXGI,1,0,0,Composed: Flip,6286.7238,NA,15.93100000000000,NA,0.20150000000000,1.67680000000000,NA,6270.9257,15.9996,15.7981,0.2015,17.1886,0.2863,0.2863,0.0000,NA,NA,NA
ExperienceX.exe,56308,0x216838E1150,DXGI,1,0,0,Composed: Flip,6304.1984,NA,17.47460000000000,NA,0.09440000000000,1.80380000000000,NA,6286.9253,17.3675,17.2731,0.0944,18.8372,0.2397,0.2397,0.0000,NA,NA,NA
ExperienceX.exe,56308,0x216838E1150,DXGI,1,0,0,Composed: Flip,6320.0657,NA,15.86730000000000,49.91380000000000,0.26740000000000,1.00600000000000,32.8544,6304.2928,16.0403,15.7729,0.2674,1.7094,15.0695,2.5230,12.5465,0.8910,6304.2928,NA
ExperienceX.exe,56308,0x216838E1150,DXGI,1,0,0,Composed: Flip,6336.9490,NA,16.88330000000000,16.68210000000000,0.08960000000000,1.44400000000000,32.6532,6320.3331,16.7055,16.6159,0.0896,17.0783,0.9816,0.9816,0.0000,-0.6418,6320.3331,NA
ExperienceX.exe,56308,0x216838E1150,DXGI,1,0,0,Composed: Flip,6353.1576,NA,16.20860000000000,16.69280000000000,0.08950000000000,0.81990000000000,33.1374,6337.0386,16.2085,16.1190,0.0895,1.5922,15.3467,2.5425,12.8042,0.0127,6337.0386,NA
ExperienceX.exe,56308,0x216C829D570,DXGI,1,0,0,Composed: Flip,6304.2098,NA,17.49110000000000,16.62490000000000,0.09230000000000,1.55270000000000,32.0759,6286.9265,17.3756,17.2833,0.0923,18.3919,0.4441,0.4441,0.0000,-0.0656,6286.9265,NA
ExperienceX.exe,56308,0x216C829D570,DXGI,1,0,0,Composed: Flip,6320.4237,NA,16.21390000000000,NA,0.22290000000000,1.06460000000000,NA,6304.3021,16.3445,16.1216,0.2229,16.7696,0.4166,0.4166,0.0000,NA,NA,NA
ExperienceX.exe,56308,0x216C829D570,DXGI,1,0,0,Composed: Flip,6336.9491,NA,16.52540000000000,NA,0.64430000000000,1.68170000000000,NA,6320.6466,16.9468,16.3025,0.6443,17.7464,0.2378,0.2378,0.0000,NA,NA,NA
ExperienceX.exe,56308,0x216C829D570,DXGI,1,0,0,Composed: Flip,6353.1645,NA,16.21540000000000,NA,0.12370000000000,1.12130000000000,NA,6337.5934,15.6948,15.5711,0.1237,16.3841,0.3083,0.3083,0.0000,NA,NA,NA
ExperienceX.exe,56308,0x216C829D570,DXGI,1,0,0,Composed: Flip,6370.1251,NA,16.96060000000000,NA,0.06630000000000,1.23280000000000,NA,6353.2882,16.9032,16.8369,0.0663,17.0740,0.9957,0.9957,0.0000,NA,NA,NA
ExperienceX.exe,56308,0x216838E1150,DXGI,1,0,0,Composed: Flip,6370.4947,NA,17.33710000000000,16.64880000000000,0.05000000000000,1.10190000000000,32.4491,6353.2471,17.2976,17.2476,0.0500,18.1108,0.2387,0.2387,0.0000,-0.4403,6353.2471,NA
ExperienceX.exe,56308,0x216838E1150,DXGI,1,0,0,Composed: Flip,6386.6348,NA,16.14010000000000,NA,0.19080000000000,1.26950000000000,NA,6370.5447,16.2809,16.0901,0.1908,17.1190,0.2406,0.2406,0.0000,NA,NA,NA
ExperienceX.exe,56308,0x216C829D570,DXGI,1,0,0,Composed: Flip,6386.6208,NA,16.49570000000000,83.29750000000000,0.20460000000000,1.04290000000000,32.9624,6370.1914,16.6340,16.4294,0.2046,1.4052,16.0671,2.6150,13.4521,-0.0326,6370.1914,NA
ExperienceX.exe,56308,0x216C829D570,DXGI,1,0,0,Composed: Flip,6404.2346,NA,17.61380000000000,NA,0.08850000000000,0.78930000000000,NA,6386.8254,17.4977,17.4092,0.0885,17.9462,0.2523,0.2523,0.0000,NA,NA,NA
ExperienceX.exe,56308,0x216838E1150,DXGI,1,0,0,Composed: Flip,6403.8780,NA,17.24320000000000,33.59630000000000,0.07080000000000,0.89360000000000,32.6621,6386.8256,17.1232,17.0524,0.0708,16.9551,0.9909,0.9909,0.0000,-0.0178,6386.8256,NA
ExperienceX.exe,56308,0x216838E1150,DXGI,1,0,0,Composed: Flip,6419.8052,NA,15.92720000000000,NA,0.10690000000000,1.13200000000000,NA,6403.9488,15.9633,15.8564,0.1069,16.5839,0.4045,0.4045,0.0000,NA,NA,NA
ExperienceX.exe,56308,0x0,Other,-1,0,0,Composed: Flip,5853.8512,NA,99.99890000000001,300.08199999999999,0.00000000000000,0.19220000000000,32.5030,5753.8523,99.9989,99.9989,0.0000,100.0703,0.1208,0.1146,0.0062,-0.2332,5753.8523,NA
ExperienceX.exe,56308,0x0,Other,-1,0,0,Composed: Flip,6087.4087,NA,233.55750000000000,NA,0.00000000000000,0.28520000000000,NA,5853.8512,233.5575,233.5575,0.0000,233.6223,0.2204,0.2204,0.0000,NA,NA,NA
ExperienceX.exe,56308,0x216838E1150,DXGI,1,0,0,Composed: Flip,6437.7135,NA,17.90830000000000,33.34260000000000,0.24600000000000,1.20540000000000,32.1692,6419.9121,18.0474,17.8014,0.2460,18.5734,0.4334,0.4334,0.0000,-0.2561,6419.9121,NA
ExperienceX.exe,56308,0x216838E1150,DXGI,1,0,0,Composed: Flip,6472.6089,NA,34.89540000000000,33.29980000000000,0.14310000000000,1.24000000000000,30.5736,6437.9595,34.7925,34.6494,0.1431,17.0129,18.8765,2.3205,16.5560,-15.2524,6437.9595,NA
ExperienceX.exe,56308,0x216838E1150,DXGI,1,0,0,Composed: Flip,6486.8256,NA,14.21670000000000,16.40710000000000,0.14460000000000,1.22640000000000,32.7640,6472.7520,14.2182,14.0736,0.1446,14.7830,0.5170,0.5170,0.0000,18.3854,6472.7520,NA
ExperienceX.exe,56308,0x216C829D570,DXGI,1,0,0,Composed: Flip,6419.8047,NA,15.57010000000000,33.39930000000000,0.10750000000000,0.72800000000000,33.1778,6404.3231,15.5891,15.4816,0.1075,0.7008,15.5088,2.4279,13.0809,0.7324,6404.3231,NA
ExperienceX.exe,56308,0x216C829D570,DXGI,1,0,0,Composed: Flip,6438.1164,NA,18.31170000000000,NA,0.07650000000000,1.04910000000000,NA,6419.9122,18.2807,18.2042,0.0765,19.0067,0.2466,0.2466,0.0000,NA,NA,NA
ExperienceX.exe,56308,0x216C829D570,DXGI,1,0,0,Composed: Flip,6453.2781,NA,15.16170000000000,NA,0.13620000000000,1.19730000000000,NA,6438.1929,15.2214,15.0852,0.1362,16.0346,0.2479,0.2479,0.0000,NA,NA,NA
ExperienceX.exe,56308,0x216C829D570,DXGI,1,0,0,Composed: Flip,6472.5576,NA,19.27950000000000,NA,0.27090000000000,2.23070000000000,NA,6453.4143,19.4142,19.1433,0.2709,20.6092,0.7648,0.7648,0.0000,NA,NA,NA
ExperienceX.exe,56308,0x216C829D570,DXGI,1,0,0,Composed: Flip,6486.8620,NA,14.30440000000000,NA,0.23190000000000,0.67300000000000,NA,6472.8285,14.2654,14.0335,0.2319,1.9598,12.7467,1.9394,10.8073,NA,NA,NA
ExperienceX.exe,56308,0x216C829D570,DXGI,1,0,0,Composed: Flip,6504.0153,NA,17.15330000000000,NA,0.12880000000000,1.72720000000000,NA,6487.0939,17.0502,16.9214,0.1288,17.6780,0.9706,0.9532,0.0174,NA,NA,NA
ExperienceX.exe,56308,0x216838E1150,DXGI,1,0,0,Composed: Flip,6505.3773,NA,18.55170000000000,16.66370000000000,0.17210000000000,0.66450000000000,30.8760,6486.9702,18.5792,18.4071,0.1721,18.7723,0.2993,0.2993,0.0000,-2.4455,6486.9702,NA
ExperienceX.exe,56308,0x216838E1150,DXGI,1,0,0,Composed: Flip,6519.8797,NA,14.50240000000000,NA,0.18340000000000,0.42250000000000,NA,6505.5494,14.5137,14.3303,0.1834,0.4924,14.2604,2.2786,11.9818,NA,NA,NA
ExperienceX.exe,56308,0x216C829D570,DXGI,1,0,0,Composed: Flip,6519.8800,NA,15.86470000000000,99.94580000000001,0.11710000000000,0.68290000000000,33.0483,6504.1441,15.8530,15.7359,0.1171,16.1581,0.2607,0.2607,0.0000,-0.1248,6504.1441,NA
ExperienceX.exe,56308,0x216C829D570,DXGI,1,0,0,Composed: Flip,6536.8659,NA,16.98590000000000,NA,0.17520000000000,1.69090000000000,NA,6519.9971,17.0440,16.8688,0.1752,17.8913,0.6684,0.6684,0.0000,NA,NA,NA
ExperienceX.exe,56308,0x216C829D570,DXGI,1,0,0,Composed: Flip,6553.2802,NA,16.41430000000000,33.35580000000000,0.17850000000000,0.92440000000000,33.0039,6537.0411,16.4176,16.2391,0.1785,16.9295,0.2340,0.2340,0.0000,-0.4588,6537.0411,NA
ExperienceX.exe,56308,0x216C829D570,DXGI,1,0,0,Composed: Flip,6569.9680,NA,16.68780000000000,16.80280000000000,0.06500000000000,1.58460000000000,33.1189,6553.4587,16.5743,16.5093,0.0650,17.8379,0.2560,0.2560,0.0000,-0.3852,6553.4587,NA
ExperienceX.exe,56308,0x216838E1150,DXGI,1,0,0,Composed: Flip,6536.8658,NA,16.98610000000000,33.34340000000000,0.21480000000000,1.94680000000000,32.7309,6520.0631,17.0175,16.8027,0.2148,18.4937,0.2558,0.2558,0.0000,-0.2505,6520.0631,NA
ExperienceX.exe,56308,0x216838E1150,DXGI,1,0,0,Composed: Flip,6553.2801,NA,16.41430000000000,NA,0.17870000000000,0.69050000000000,NA,6537.0806,16.3782,16.1995,0.1787,1.7320,15.1580,2.3852,12.7728,NA,NA,NA
ExperienceX.exe,56308,0x216838E1150,DXGI,1,0,0,Composed: Flip,6569.9648,NA,16.68470000000000,NA,0.07540000000000,1.33180000000000,NA,6553.4588,16.5814,16.5060,0.0754,16.8232,1.0146,1.0146,0.0000,NA,NA,NA
ExperienceX.exe,56308,0x216838E1150,DXGI,1,0,0,Composed: Flip,6586.8524,NA,16.88760000000000,NA,0.20570000000000,0.71500000000000,NA,6570.0402,17.0179,16.8122,0.2057,1.5124,16.0148,2.1391,13.8757,NA,NA,NA
ExperienceX.exe,56308,0x216C829D570,DXGI,1,0,0,Composed: Flip,6586.8529,NA,16.88490000000000,16.52650000000000,0.20510000000000,1.45870000000000,32.7605,6570.0330,17.0250,16.8199,0.2051,17.5344,0.7442,0.4920,0.2522,0.0478,6570.0330,NA
ExperienceX.exe,56308,0x216C829D570,DXGI,1,0,0,Composed: Flip,6604.5480,NA,17.69510000000000,NA,0.36870000000000,1.18320000000000,NA,6587.0580,17.8587,17.4900,0.3687,18.4262,0.2470,0.2470,0.0000,NA,NA,NA
ExperienceX.exe,56308,0x216838E1150,DXGI,1,0,0,Composed: Flip,6604.4008,NA,17.54840000000000,66.65650000000001,0.10620000000000,1.08340000000000,31.8524,6587.0581,17.4489,17.3427,0.1062,17.5882,0.8379,0.8379,0.0000,0.3385,6587.0581,NA
ExperienceX.exe,56308,0x216838E1150,DXGI,1,0,0,Composed: Flip,6619.9015,NA,15.50070000000000,NA,0.15460000000000,1.42180000000000,NA,6604.5070,15.5491,15.3945,0.1546,16.4305,0.3858,0.3858,0.0000,NA,NA,NA
ExperienceX.exe,56308,0x216838E1150,DXGI,1,0,0,Composed: Flip,6637.1230,NA,17.22150000000000,33.33470000000001,0.06430000000000,1.13820000000000,32.4649,6620.0561,17.1312,17.0669,0.0643,17.4716,0.7335,0.7335,0.0000,-0.3367,6620.0561,NA
ExperienceX.exe,56308,0x216838E1150,DXGI,1,0,0,Composed: Flip,6653.1283,NA,16.00530000000000,16.70100000000000,0.11320000000000,0.74120000000000,33.1606,6637.1873,16.0542,15.9410,0.1132,1.3295,15.3527,2.3447,13.0080,0.4302,6637.1873,NA
ExperienceX.exe,56308,0x216838E1150,DXGI,1,0,0,Composed: Flip,6670.8821,NA,17.75380000000000,16.83160000000000,0.06810000000000,1.03880000000000,32.2384,6653.2415,17.7087,17.6406,0.0681,18.4308,0.2486,0.2486,0.0000,-0.7774,6653.2415,NA
ExperienceX.exe,56308,0x216C829D570,DXGI,1,0,0,Composed: Flip,6619.9415,NA,15.39350000000000,33.30040000000000,0.22490000000000,0.99600000000000,32.9723,6604.9167,15.2497,15.0248,0.2249,0.8145,15.2063,2.4952,12.7111,1.5833,6604.9167,NA
ExperienceX.exe,56308,0x216C829D570,DXGI,1,0,0,Composed: Flip,6637.1894,NA,17.24790000000000,NA,0.32680000000000,1.32740000000000,NA,6620.1664,17.3498,17.0230,0.3268,18.0948,0.2556,0.2556,0.0000,NA,NA,NA
ExperienceX.exe,56308,0x216C829D570,DXGI,1,0,0,Composed: Flip,6653.1282,NA,15.93880000000000,NA,0.11330000000000,1.12920000000000,NA,6637.5162,15.7253,15.6120,0.1133,16.3533,0.3879,0.3879,0.0000,NA,NA,NA
ExperienceX.exe,56308,0x216C829D570,DXGI,1,0,0,Composed: Flip,6670.7911,NA,17.66290000000000,NA,0.33070000000000,0.88120000000000,NA,6653.2415,17.8803,17.5496,0.3307,17.4685,0.9623,0.9623,0.0000,NA,NA,NA
ExperienceX.exe,56308,0x216C829D570,DXGI,1,0,0,Composed: Flip,6686.6424,NA,15.85130000000000,NA,0.20420000000000,0.75030000000000,NA,6671.1218,15.7248,15.5206,0.2042,0.7991,15.4718,2.3207,13.1511,NA,NA,NA
ExperienceX.exe,56308,0x216838E1150,DXGI,1,0,0,Composed: Flip,6686.6429,NA,15.76080000000000,16.55220000000000,0.20360000000000,1.47160000000000,33.0298,6670.9502,15.8963,15.6927,0.2036,16.4425,0.7218,0.5463,0.1755,1.1565,6670.9502,NA
ExperienceX.exe,56308,0x216838E1150,DXGI,1,0,0,Composed: Flip,6704.1166,NA,17.47370000000000,NA,1.09850000000000,1.98180000000000,NA,6686.8465,18.3686,17.2701,1.0985,18.9776,0.2743,0.2637,0.0106,NA,NA,NA
ExperienceX.exe,56308,0x216838E1150,DXGI,1,0,0,Composed: Flip,6720.1916,NA,16.07500000000000,33.27880000000000,0.09650000000000,0.95220000000000,32.7599,6705.2151,15.0730,14.9765,0.0965,0.9512,14.9775,3.3752,11.6023,0.9861,6705.2151,NA
ExperienceX.exe,56308,0x216C829D570,DXGI,1,0,0,Composed: Flip,6704.1005,NA,17.45810000000000,83.39420000000000,1.34670000000000,1.72360000000000,32.2075,6686.8466,18.6006,17.2539,1.3467,18.9424,0.0351,0.0351,0.0000,-1.4643,6686.8466,NA
ExperienceX.exe,56308,0x216C829D570,DXGI,1,0,0,Composed: Flip,6720.2094,NA,16.10890000000000,NA,0.21640000000000,1.24210000000000,NA,6705.4472,14.9786,14.7622,0.2164,15.6966,0.3077,0.3077,0.0000,NA,NA,NA
ExperienceX.exe,56308,0x216C829D570,DXGI,1,0,0,Composed: Flip,6737.6986,NA,17.48920000000000,NA,0.39440000000000,1.27630000000000,NA,6720.4258,17.6672,17.2728,0.3944,18.2871,0.2620,0.2620,0.0000,NA,NA,NA
ExperienceX.exe,56308,0x216C829D570,DXGI,1,0,0,Composed: Flip,6753.1786,NA,15.48000000000000,49.93810000000001,0.13130000000000,0.65430000000000,33.0675,6738.0930,15.2169,15.0856,0.1313,0.8819,14.8580,2.1645,12.6935,1.3083,6738.0930,NA
ExperienceX.exe,56308,0x216838E1150,DXGI,1,0,0,Composed: Flip,6737.6203,NA,17.42870000000000,16.64050000000000,0.06290000000000,1.09260000000000,31.9717,6720.2881,17.3951,17.3322,0.0629,17.5989,0.8259,0.8259,0.0000,-1.5675,6720.2881,NA
ExperienceX.exe,56308,0x216838E1150,DXGI,1,0,0,Composed: Flip,6753.1789,NA,15.55860000000000,NA,0.13170000000000,0.90630000000000,NA,6737.6832,15.6274,15.4957,0.1317,16.1497,0.2523,0.2523,0.0000,NA,NA,NA
ExperienceX.exe,56308,0x216838E1150,DXGI,1,0,0,Composed: Flip,6771.0865,NA,17.90760000000000,NA,0.07640000000000,0.69060000000000,NA,6753.3106,17.8523,17.7759,0.0764,17.6329,0.8336,0.8336,0.0000,NA,NA,NA
ExperienceX.exe,56308,0x216C829D570,DXGI,1,0,0,Composed: Flip,6770.6708,NA,17.49220000000000,16.67810000000000,0.59070000000000,1.37820000000000,32.2534,6753.3099,17.9516,17.3609,0.5907,18.4672,0.2719,0.2719,0.0000,-1.4612,6753.3099,NA
ExperienceX.exe,56308,0x216C829D570,DXGI,1,0,0,Composed: Flip,6786.4833,NA,15.81250000000000,NA,0.16870000000000,1.09060000000000,NA,6771.2615,15.3905,15.2218,0.1687,15.9137,0.3987,0.3987,0.0000,NA,NA,NA
ExperienceX.exe,56308,0x216838E1150,DXGI,1,0,0,Composed: Flip,6786.4565,NA,15.37000000000000,49.98630000000000,0.04240000000000,0.71870000000000,33.1218,6771.1629,15.3360,15.2936,0.0424,0.8861,15.1262,2.2921,12.8341,0.8885,6771.1629,NA
ExperienceX.exe,56308,0x216838E1150,DXGI,1,0,0,Composed: Flip,6803.7737,NA,17.31720000000000,NA,0.15190000000000,1.26500000000000,NA,6786.4989,17.4267,17.2748,0.1519,18.2832,0.2566,0.2566,0.0000,NA,NA,NA
ExperienceX.exe,56308,0x216838E1150,DXGI,1,0,0,Composed: Flip,6819.8047,NA,16.03100000000000,33.39060000000000,0.04350000000000,0.49670000000000,33.1642,6803.9256,15.9226,15.8791,0.0435,1.1131,15.2627,2.2185,13.0442,-0.6279,6803.9256,NA
ExperienceX.exe,56308,0x216C829D570,DXGI,1,0,0,Composed: Flip,6803.7919,NA,17.30860000000000,33.44620000000000,0.06210000000000,0.99020000000000,32.5785,6786.6520,17.2020,17.1399,0.0621,17.2066,0.9235,0.9235,0.0000,-0.1041,6786.6520,NA
ExperienceX.exe,56308,0x216C829D570,DXGI,1,0,0,Composed: Flip,6819.8560,NA,16.06410000000000,NA,0.21220000000000,0.91540000000000,NA,6803.8540,16.2142,16.0020,0.2122,16.4474,0.4700,0.4700,0.0000,NA,NA,NA
ExperienceX.exe,56308,0x216C829D570,DXGI,1,0,0,Composed: Flip,6837.8375,NA,17.98150000000000,NA,0.05020000000000,0.89240000000000,NA,6820.0682,17.8195,17.7693,0.0502,18.1316,0.5301,0.5301,0.0000,NA,NA,NA
ExperienceX.exe,56308,0x216838E1150,DXGI,1,0,0,Composed: Flip,6837.3658,NA,17.56110000000000,16.66450000000000,0.33720000000000,0.83400000000000,32.2676,6819.8482,17.8548,17.5176,0.3372,17.7077,0.6439,0.6439,0.0000,-0.7419,6819.8482,NA
ExperienceX.exe,56308,0x216838E1150,DXGI,1,0,0,Composed: Flip,6853.3565,NA,15.99070000000000,NA,0.25650000000000,1.53410000000000,NA,6837.7030,15.9100,15.6535,0.2565,16.9102,0.2774,0.2774,0.0000,NA,NA,NA
ExperienceX.exe,56308,0x216C829D570,DXGI,1,0,0,Composed: Flip,6853.3657,NA,15.52820000000000,49.87640000000000,0.30950000000000,1.24750000000000,32.8811,6837.8877,15.7875,15.4780,0.3095,0.8422,15.8833,2.3624,13.5209,1.3593,6837.8877,NA
ExperienceX.exe,56308,0x216C829D570,DXGI,1,0,0,Composed: Flip,6871.2480,NA,17.88230000000000,NA,0.48600000000000,0.98900000000000,NA,6853.6752,18.0588,17.5728,0.4860,18.3086,0.2532,0.2532,0.0000,NA,NA,NA
ExperienceX.exe,56308,0x216838E1150,DXGI,1,0,0,Composed: Flip,6870.9995,NA,17.64300000000000,33.65210000000000,0.38180000000000,0.98430000000000,32.2860,6853.6130,17.7683,17.3865,0.3818,17.3750,0.9958,0.9958,0.0000,0.1127,6853.6130,NA
ExperienceX.exe,56308,0x216838E1150,DXGI,1,0,0,Composed: Flip,6886.4765,NA,15.47700000000000,NA,0.11750000000000,1.14560000000000,NA,6871.3813,15.2127,15.0952,0.1175,15.8446,0.3962,0.3962,0.0000,NA,NA,NA
ExperienceX.exe,56308,0x0,Other,-1,0,0,Composed: Flip,6453.8605,NA,366.45179999999999,600.12329999999997,0.00000000000000,0.36700000000000,32.6170,6087.4087,366.4518,366.4518,0.0000,351.7568,15.0620,2.5606,12.5014,-266.5669,6087.4087,NA
ExperienceX.exe,56308,0x216838E1150,DXGI,1,0,0,Composed: Flip,6904.5947,NA,18.11820000000000,33.04000000000000,0.17200000000000,1.15740000000000,31.7308,6886.5940,18.1727,18.0007,0.1720,18.8928,0.2653,0.2653,0.0000,-0.0590,6886.5940,NA
ExperienceX.exe,56308,0x216838E1150,DXGI,1,0,0,Composed: Flip,6919.9675,NA,15.37280000000000,NA,0.85080000000000,1.14930000000000,NA,6904.7667,16.0516,15.2008,0.8508,0.9854,15.3647,2.8467,12.5180,NA,NA,NA
ExperienceX.exe,56308,0x216C829D570,DXGI,1,0,0,Composed: Flip,6886.4766,NA,15.22860000000000,33.34880000000000,0.11740000000000,0.74930000000000,33.1190,6871.7340,14.8600,14.7426,0.1174,0.5030,14.9889,2.5249,12.4640,0.4975,6871.7340,NA
ExperienceX.exe,56308,0x216C829D570,DXGI,1,0,0,Composed: Flip,6904.6258,NA,18.14920000000000,NA,0.06700000000000,0.86100000000000,NA,6886.5940,18.0988,18.0318,0.0670,17.7903,1.1025,1.1025,0.0000,NA,NA,NA
ExperienceX.exe,56308,0x216C829D570,DXGI,1,0,0,Composed: Flip,6937.5288,NA,32.90300000000000,NA,0.13280000000000,1.05200000000000,NA,6904.6928,32.9688,32.8360,0.1328,33.6273,0.2607,0.2607,0.0000,NA,NA,NA
ExperienceX.exe,56308,0x216838E1150,DXGI,1,0,0,Composed: Flip,6937.1818,NA,17.21430000000000,33.25820000000000,0.29550000000000,1.13830000000000,32.4019,6920.8183,16.6590,16.3635,0.2955,16.6556,0.8462,0.8462,0.0000,0.9661,6920.8183,NA
ExperienceX.exe,56308,0x216838E1150,DXGI,1,0,0,Composed: Flip,6953.1365,NA,15.95470000000000,NA,0.11670000000000,0.46340000000000,NA,6937.4773,15.7759,15.6592,0.1167,1.1035,15.0191,1.7650,13.2541,NA,NA,NA
ExperienceX.exe,56308,0x216C829D570,DXGI,1,0,0,Composed: Flip,6953.1367,NA,15.60790000000000,66.65630000000000,0.11660000000000,0.75360000000000,33.1152,6937.6616,15.5917,15.4751,0.1166,15.9383,0.2904,0.2904,0.0000,-0.7287,6937.6616,NA
ExperienceX.exe,56308,0x216C829D570,DXGI,1,0,0,Composed: Flip,6970.6244,NA,17.48770000000000,NA,0.05390000000000,1.15310000000000,NA,6953.2533,17.4250,17.3711,0.0539,18.2664,0.2578,0.2578,0.0000,NA,NA,NA
ExperienceX.exe,56308,0x216838E1150,DXGI,1,0,0,Composed: Flip,6970.8846,NA,17.74810000000000,33.41050000000000,0.07120000000000,0.63510000000000,32.1096,6953.2532,17.7026,17.6314,0.0712,17.2181,1.0484,1.0484,0.0000,-0.9756,6953.2532,NA
ExperienceX.exe,56308,0x216838E1150,DXGI,1,0,0,Composed: Flip,6986.4874,NA,15.60280000000000,NA,0.12780000000000,1.02210000000000,NA,6970.9558,15.6594,15.5316,0.1278,16.1441,0.4096,0.4096,0.0000,NA,NA,NA
ExperienceX.exe,56308,0x216838E1150,DXGI,1,0,0,Composed: Flip,7004.4091,NA,17.92170000000000,33.34120000000000,0.41520000000000,1.02830000000000,31.9263,6986.6152,18.2091,17.7939,0.4152,17.9534,0.8688,0.8688,0.0000,0.0208,6986.6152,NA
ExperienceX.exe,56308,0x216838E1150,DXGI,1,0,0,Composed: Flip,7019.9387,NA,15.52960000000000,16.59380000000000,0.17170000000000,0.99360000000000,32.9905,7004.8243,15.2861,15.1144,0.1717,0.8750,15.2330,2.3553,12.8777,1.6153,7004.8243,NA
ExperienceX.exe,56308,0x216C829D570,DXGI,1,0,0,Composed: Flip,6986.4877,NA,15.86330000000000,33.37120000000000,0.12740000000000,0.61220000000000,33.1354,6970.6783,15.9368,15.8094,0.1274,1.0992,15.3224,2.2318,13.0906,-0.3545,6970.6783,NA
ExperienceX.exe,56308,0x216C829D570,DXGI,1,0,0,Composed: Flip,7004.7462,NA,18.25850000000000,NA,0.09680000000000,0.95310000000000,NA,6986.6151,18.2279,18.1311,0.0968,18.8223,0.2619,0.2619,0.0000,NA,NA,NA
ExperienceX.exe,56308,0x216C829D570,DXGI,1,0,0,Composed: Flip,7019.9381,NA,15.19190000000000,NA,0.17270000000000,1.32560000000000,NA,7004.8430,15.2678,15.0951,0.1727,16.0893,0.3314,0.3314,0.0000,NA,NA,NA
ExperienceX.exe,56308,0x216C829D570,DXGI,1,0,0,Composed: Flip,7037.8218,NA,17.88370000000000,NA,0.22710000000000,0.90410000000000,NA,7020.1108,17.9381,17.7110,0.2271,18.3666,0.2485,0.2485,0.0000,NA,NA,NA
ExperienceX.exe,56308,0x216C829D570,DXGI,1,0,0,Composed: Flip,7053.2039,NA,15.38210000000000,66.67260000000000,0.14050000000000,1.23190000000000,33.0918,7038.0489,15.2955,15.1550,0.1405,16.1512,0.2357,0.2357,0.0000,0.6980,7038.0489,NA
ExperienceX.exe,56308,0x0,Other,-1,0,0,Composed: Flip,6921.1830,NA,467.32250000000005,466.43100000000004,0.00000000000000,0.36540000000000,31.7255,6453.8605,467.3225,467.3225,0.0000,467.2563,0.4316,0.4316,0.0000,-99.9792,6453.8605,NA
ExperienceX.exe,56308,0x216838E1150,DXGI,1,0,0,Composed: Flip,7037.5232,NA,17.58450000000000,16.68620000000000,0.06330000000000,0.95420000000000,32.0922,7020.1104,17.4761,17.4128,0.0633,17.5633,0.8037,0.8037,0.0000,-1.4001,7020.1104,NA
ExperienceX.exe,56308,0x216838E1150,DXGI,1,0,0,Composed: Flip,7053.2041,NA,15.68090000000000,NA,0.14020000000000,0.99600000000000,NA,7037.5865,15.7578,15.6176,0.1402,1.1394,15.4742,2.9253,12.5489,NA,NA,NA
ExperienceX.exe,56308,0x216838E1150,DXGI,1,0,0,Composed: Flip,7070.4207,NA,17.21660000000000,NA,0.88280000000000,1.51280000000000,NA,7053.3443,17.9592,17.0764,0.8828,17.4774,1.1118,1.1118,0.0000,NA,NA,NA
ExperienceX.exe,56308,0x216838E1150,DXGI,1,0,0,Composed: Flip,7086.7070,NA,16.28630000000000,NA,0.23990000000000,1.54860000000000,NA,7071.3035,15.6434,15.4035,0.2399,16.9476,0.0045,0.0045,0.0000,NA,NA,NA
ExperienceX.exe,56308,0x216C829D570,DXGI,1,0,0,Composed: Flip,7071.1317,NA,17.92780000000000,16.69110000000000,0.07690000000000,1.12120000000000,31.8551,7053.3444,17.8642,17.7873,0.0769,18.5891,0.3194,0.3194,0.0000,-1.3956,7053.3444,NA
ExperienceX.exe,56308,0x216C829D570,DXGI,1,0,0,Composed: Flip,7103.7736,NA,32.64190000000000,NA,0.07060000000000,1.78270000000000,NA,7071.2086,32.6356,32.5650,0.0706,34.3240,0.0237,0.0237,0.0000,NA,NA,NA
ExperienceX.exe,56308,0x216838E1150,DXGI,1,0,0,Composed: Flip,7105.2228,NA,18.51580000000000,66.62980000000000,0.12360000000000,0.96510000000000,31.0224,7086.9469,18.3995,18.2759,0.1236,18.6094,0.6316,0.6316,0.0000,0.2067,7086.9469,NA
ExperienceX.exe,56308,0x216838E1150,DXGI,1,0,0,Composed: Flip,7119.8305,NA,14.60770000000000,NA,0.15730000000000,0.80200000000000,NA,7105.3464,14.6414,14.4841,0.1573,0.8415,14.4446,1.9498,12.4948,NA,NA,NA
ExperienceX.exe,56308,0x216C829D570,DXGI,1,0,0,Composed: Flip,7119.8302,NA,16.05660000000000,49.92920000000000,0.15760000000000,1.21450000000000,33.0858,7103.8442,16.1436,15.9860,0.1576,16.7883,0.4122,0.4122,0.0000,0.5706,7103.8442,NA
ExperienceX.exe,56308,0x216C829D570,DXGI,1,0,0,Composed: Flip,7137.6930,NA,17.86280000000000,NA,0.05900000000000,0.91920000000000,NA,7119.9878,17.7642,17.7052,0.0590,18.3630,0.2614,0.2614,0.0000,NA,NA,NA
ExperienceX.exe,56308,0x216C829D570,DXGI,1,0,0,Composed: Flip,7153.1246,NA,15.43160000000000,33.37800000000000,0.11160000000000,0.87260000000000,33.1694,7137.7520,15.4842,15.3726,0.1116,15.9583,0.2869,0.2869,0.0000,0.5298,7137.7520,NA
ExperienceX.exe,56308,0x216C829D570,DXGI,1,0,0,Composed: Flip,7170.0163,NA,16.89170000000000,16.67190000000000,0.05620000000000,1.63830000000000,32.9496,7153.2362,16.8363,16.7801,0.0562,18.1481,0.2703,0.2703,0.0000,-1.1877,7153.2362,NA
ExperienceX.exe,56308,0x216838E1150,DXGI,1,0,0,Composed: Flip,7136.6896,NA,16.85910000000000,33.33200000000000,0.07540000000000,1.66120000000000,32.8876,7119.9878,16.7772,16.7018,0.0754,17.4735,0.8895,0.8895,0.0000,-0.2911,7119.9878,NA
ExperienceX.exe,56308,0x216838E1150,DXGI,1,0,0,Composed: Flip,7153.1245,NA,16.43490000000000,NA,0.11180000000000,0.58580000000000,NA,7136.7650,16.4713,16.3595,0.1118,1.8472,15.0981,2.1022,12.9959,NA,NA,NA
ExperienceX.exe,56308,0x216838E1150,DXGI,1,0,0,Composed: Flip,7170.0115,NA,16.88700000000000,NA,0.06100000000000,1.37280000000000,NA,7153.2363,16.8362,16.7752,0.0610,17.0818,1.0662,1.0662,0.0000,NA,NA,NA
ExperienceX.exe,56308,0x216838E1150,DXGI,1,0,0,Composed: Flip,7186.6145,NA,16.60300000000000,NA,0.18100000000000,0.67000000000000,NA,7170.0725,16.7230,16.5420,0.1810,1.5821,15.6299,2.1214,13.5085,NA,NA,NA
ExperienceX.exe,56308,0x216C829D570,DXGI,1,0,0,Composed: Flip,7186.6175,NA,16.60120000000000,16.63310000000000,0.27270000000000,0.91290000000000,32.9815,7170.0725,16.8177,16.5450,0.2727,17.2120,0.2459,0.2459,0.0000,0.2032,7170.0725,NA
ExperienceX.exe,56308,0x216C829D570,DXGI,1,0,0,Composed: Flip,7204.5774,NA,17.95990000000000,NA,0.07660000000000,0.85810000000000,NA,7186.8902,17.7638,17.6872,0.0766,18.2904,0.2549,0.2549,0.0000,NA,NA,NA
ExperienceX.exe,56308,0x216838E1150,DXGI,1,0,0,Composed: Flip,7204.2759,NA,17.66140000000000,66.67770000000000,0.40450000000000,0.90470000000000,31.9790,7186.7955,17.8849,17.4804,0.4045,17.2429,1.1422,1.1422,0.0000,0.1300,7186.7955,NA
ExperienceX.exe,56308,0x216838E1150,DXGI,1,0,0,Composed: Flip,7219.8324,NA,15.55650000000000,NA,0.11710000000000,0.73310000000000,NA,7204.6804,15.2691,15.1520,0.1171,15.6082,0.2769,0.2769,0.0000,NA,NA,NA
ExperienceX.exe,56308,0x216838E1150,DXGI,1,0,0,Composed: Flip,7237.1565,NA,17.32410000000000,33.41720000000000,0.13820000000000,1.20570000000000,32.5156,7219.9495,17.3452,17.2070,0.1382,17.5331,0.8796,0.8796,0.0000,-0.2632,7219.9495,NA
ExperienceX.exe,56308,0x216838E1150,DXGI,1,0,0,Composed: Flip,7253.2381,NA,16.08160000000000,16.60010000000000,0.17760000000000,0.67660000000000,33.0341,7237.2947,16.1210,15.9434,0.1776,1.3759,15.2441,2.0561,13.1880,0.7451,7237.2947,NA
ExperienceX.exe,56308,0x216838E1150,DXGI,1,0,0,Composed: Flip,7270.6632,NA,17.42510000000000,16.64550000000000,0.33390000000000,1.88480000000000,32.2545,7253.4157,17.5814,17.2475,0.3339,17.9832,1.1491,1.1491,0.0000,-0.5245,7253.4157,NA
ExperienceX.exe,56308,0x216838E1150,DXGI,1,0,0,Composed: Flip,7286.5574,NA,15.89420000000000,16.91430000000000,0.14690000000000,0.93710000000000,33.2746,7270.9971,15.7072,15.5603,0.1469,1.8029,14.6945,2.6136,12.0809,0.6671,7270.9971,NA
ExperienceX.exe,56308,0x216838E1150,DXGI,1,0,0,Composed: Flip,7303.5570,NA,16.99960000000000,16.45200000000000,0.55270000000000,1.60680000000000,32.7270,7286.7043,17.4054,16.8527,0.5527,18.2094,0.2501,0.2501,0.0000,-0.7448,7286.7043,NA
ExperienceX.exe,56308,0x216838E1150,DXGI,1,0,0,Composed: Flip,7320.4718,NA,16.91480000000000,16.81390000000000,0.45920000000000,1.75280000000000,32.6261,7304.1097,16.8213,16.3621,0.4592,1.0541,17.0608,3.1206,13.9402,0.5915,7304.1097,NA
ExperienceX.exe,56308,0x216C829D570,DXGI,1,0,0,Composed: Flip,7219.8328,NA,15.25540000000000,33.32600000000000,0.11650000000000,0.45580000000000,33.0922,7204.6540,15.2953,15.1788,0.1165,0.7815,14.8531,2.0522,12.8009,1.2555,7204.6540,NA
ExperienceX.exe,56308,0x216C829D570,DXGI,1,0,0,Composed: Flip,7236.8013,NA,16.96850000000000,NA,0.06970000000000,1.86930000000000,NA,7219.9493,16.9217,16.8520,0.0697,18.4129,0.3084,0.3084,0.0000,NA,NA,NA
ExperienceX.exe,56308,0x216C829D570,DXGI,1,0,0,Composed: Flip,7253.2370,NA,16.43570000000000,NA,0.17870000000000,0.92860000000000,NA,7236.8710,16.5447,16.3660,0.1787,17.0437,0.2509,0.2509,0.0000,NA,NA,NA
ExperienceX.exe,56308,0x216C829D570,DXGI,1,0,0,Composed: Flip,7271.7869,NA,18.54990000000000,NA,0.41380000000000,1.01310000000000,NA,7253.4157,18.7850,18.3712,0.4138,19.1323,0.2520,0.2520,0.0000,NA,NA,NA
ExperienceX.exe,56308,0x216C829D570,DXGI,1,0,0,Composed: Flip,7286.5569,NA,14.77000000000000,NA,0.14730000000000,1.25120000000000,NA,7272.2007,14.5035,14.3562,0.1473,15.2938,0.3136,0.3136,0.0000,NA,NA,NA
ExperienceX.exe,56308,0x216C829D570,DXGI,1,0,0,Composed: Flip,7303.5315,NA,16.97460000000000,NA,0.08860000000000,1.38220000000000,NA,7286.7042,16.9159,16.8273,0.0886,17.1615,1.0480,1.0480,0.0000,NA,NA,NA
ExperienceX.exe,56308,0x216C829D570,DXGI,1,0,0,Composed: Flip,7320.4675,NA,16.93600000000000,NA,0.33990000000000,2.22470000000000,NA,7303.6201,17.1873,16.8474,0.3399,18.6045,0.4676,0.4676,0.0000,NA,NA,NA
ExperienceX.exe,56308,0x216C829D570,DXGI,1,0,0,Composed: Flip,7337.4782,NA,17.01070000000000,NA,1.03800000000000,1.50180000000000,NA,7320.8074,17.7088,16.6708,1.0380,17.9323,0.2403,0.2403,0.0000,NA,NA,NA
ExperienceX.exe,56308,0x216838E1150,DXGI,1,0,0,Composed: Flip,7336.6817,NA,16.20990000000000,16.59280000000000,1.33090000000000,2.05800000000000,33.0090,7320.9310,17.0816,15.7507,1.3309,16.9772,0.8315,0.8315,0.0000,0.2285,7320.9310,NA
ExperienceX.exe,56308,0x216838E1150,DXGI,1,0,0,Composed: Flip,7353.7661,NA,17.08440000000000,NA,0.32510000000000,1.41170000000000,NA,7338.0126,16.0786,15.7535,0.3251,16.9349,0.2303,0.2303,0.0000,NA,NA,NA
ExperienceX.exe,56308,0x216838E1150,DXGI,1,0,0,Composed: Flip,7371.3921,NA,17.62600000000000,33.40590000000000,0.07820000000000,1.01490000000000,31.7045,7354.0912,17.3791,17.3009,0.0782,17.4159,0.8999,0.8999,0.0000,-0.2457,7354.0912,NA
ExperienceX.exe,56308,0x216838E1150,DXGI,1,0,0,Composed: Flip,7386.5509,NA,15.15880000000000,16.62770000000000,0.13670000000000,0.94780000000000,33.1734,7371.4703,15.2173,15.0806,0.1367,15.7698,0.2586,0.2586,0.0000,0.7514,7371.4703,NA
ExperienceX.exe,56308,0x216C829D570,DXGI,1,0,0,Composed: Flip,7353.7675,NA,16.28930000000000,133.36760000000001,0.32410000000000,1.18000000000000,32.5251,7338.5162,15.5754,15.2513,0.3241,0.4638,15.9675,2.3626,13.6049,0.4946,7338.5162,NA
ExperienceX.exe,56308,0x216C829D570,DXGI,1,0,0,Composed: Flip,7370.6739,NA,16.90640000000000,NA,0.16460000000000,1.98730000000000,NA,7354.0916,16.7469,16.5823,0.1646,18.3154,0.2542,0.2542,0.0000,NA,NA,NA
ExperienceX.exe,56308,0x216C829D570,DXGI,1,0,0,Composed: Flip,7386.5508,NA,15.87690000000000,NA,0.13680000000000,0.68930000000000,NA,7370.8385,15.8491,15.7123,0.1368,1.8227,14.5789,2.5139,12.0650,NA,NA,NA
ExperienceX.exe,56308,0x216C829D570,DXGI,1,0,0,Composed: Flip,7403.8769,NA,17.32610000000000,NA,0.12740000000000,1.57250000000000,NA,7386.6876,17.3167,17.1893,0.1274,17.6732,1.0886,1.0886,0.0000,NA,NA,NA
ExperienceX.exe,56308,0x216838E1150,DXGI,1,0,0,Composed: Flip,7404.9301,NA,18.37920000000000,16.69780000000000,0.07610000000000,0.79860000000000,31.4920,7386.6876,18.3186,18.2425,0.0761,18.7618,0.2793,0.2793,0.0000,-1.4805,7386.6876,NA
ExperienceX.exe,56308,0x216838E1150,DXGI,1,0,0,Composed: Flip,7420.0759,NA,15.14580000000000,NA,0.19720000000000,1.23160000000000,NA,7405.0062,15.2669,15.0697,0.1972,0.7225,15.5788,2.6962,12.8826,NA,NA,NA
ExperienceX.exe,56308,0x216C7EA03E0,DXGI,1,0,0,Composed: Flip,5753.4342,NA,16.57210000000000,183.09750000000000,0.37100000000000,0.22780000000000,32.8381,5737.1777,16.6275,16.2565,0.3710,1.6380,14.8463,2.0853,12.7610,0.0029,5737.1777,NA
ExperienceX.exe,56308,0x216C7EA03E0,DXGI,1,0,0,Composed: Flip,5770.3271,NA,16.89290000000000,NA,0.46590000000000,1.42800000000000,NA,5753.8052,16.9878,16.5219,0.4659,0.5230,17.4269,1.8415,15.5854,NA,NA,NA
ExperienceX.exe,56308,0x216C7EA03E0,DXGI,1,0,0,Composed: Flip,5787.3000,NA,16.97290000000000,NA,0.36370000000000,0.68230000000000,NA,5770.7930,16.8707,16.5070,0.3637,16.8711,0.3182,0.3182,0.0000,NA,NA,NA
ExperienceX.exe,56308,0x216C7EA03E0,DXGI,1,0,0,Composed: Flip,5803.1873,NA,15.88730000000000,NA,0.13160000000000,0.67920000000000,NA,5787.6637,15.6552,15.5236,0.1316,0.3186,15.8842,1.2900,14.5942,NA,NA,NA
ExperienceX.exe,56308,0x216C7EA03E0,DXGI,1,0,0,Composed: Flip,5820.7114,NA,17.52410000000000,NA,0.24270000000000,0.72570000000000,NA,5803.3189,17.6352,17.3925,0.2427,17.7403,0.3779,0.3728,0.0051,NA,NA,NA
ExperienceX.exe,56308,0x216C7EA03E0,DXGI,1,0,0,Composed: Flip,5836.5322,NA,15.82080000000000,NA,0.17050000000000,0.53160000000000,NA,5820.9541,15.7486,15.5781,0.1705,0.4830,15.6267,1.3995,14.2272,NA,NA,NA
ExperienceX.exe,56308,0x216C7EA03E0,DXGI,1,0,0,Composed: Flip,5854.5509,NA,18.01870000000000,NA,0.06120000000000,0.42010000000000,NA,5836.7027,17.9094,17.8482,0.0612,17.5520,0.7163,0.5907,0.1256,NA,NA,NA
ExperienceX.exe,56308,0x216C7EA03E0,DXGI,1,0,0,Composed: Flip,5870.0681,NA,15.51720000000000,NA,0.21820000000000,0.64260000000000,NA,5854.6121,15.6742,15.4560,0.2182,0.4044,15.6942,1.5570,14.1372,NA,NA,NA
ExperienceX.exe,56308,0x216C7EA03E0,DXGI,1,0,0,Composed: Flip,5888.4058,NA,18.33770000000000,NA,0.23630000000000,0.74260000000000,NA,5870.2863,18.3558,18.1195,0.2363,17.6059,1.2562,1.2498,0.0064,NA,NA,NA
ExperienceX.exe,56308,0x216C7EA03E0,DXGI,1,0,0,Composed: Flip,5903.3794,NA,14.97360000000000,NA,0.25340000000000,0.96940000000000,NA,5888.6421,14.9907,14.7373,0.2534,0.6325,15.0742,1.9003,13.1739,NA,NA,NA
ExperienceX.exe,56308,0x216C7EA03E0,DXGI,1,0,0,Composed: Flip,5920.8076,NA,17.42820000000000,NA,0.05870000000000,0.30990000000000,NA,5903.6328,17.2335,17.1748,0.0587,16.8848,0.5999,0.5937,0.0062,NA,NA,NA
ExperienceX.exe,56308,0x216C7EA03E0,DXGI,1,0,0,Composed: Flip,5936.5674,NA,15.75980000000000,NA,0.17750000000000,0.87170000000000,NA,5920.8663,15.8786,15.7011,0.1775,0.2512,16.3216,1.2718,15.0498,NA,NA,NA
ExperienceX.exe,56308,0x216C7EA03E0,DXGI,1,0,0,Composed: Flip,5954.2171,NA,17.64970000000000,NA,0.16690000000000,0.38830000000000,NA,5936.7449,17.6391,17.4722,0.1669,17.3674,0.4931,0.4662,0.0269,NA,NA,NA
ExperienceX.exe,56308,0x216C7EA03E0,DXGI,1,0,0,Composed: Flip,5969.8449,NA,15.62780000000000,NA,0.15630000000000,0.94230000000000,NA,5954.3840,15.6172,15.4609,0.1563,0.2654,16.1378,1.7451,14.3927,NA,NA,NA
ExperienceX.exe,56308,0x216C7EA03E0,DXGI,1,0,0,Composed: Flip,5986.8407,NA,16.99580000000000,NA,0.06550000000000,0.92750000000000,NA,5970.0012,16.9050,16.8395,0.0655,17.4113,0.3557,0.3495,0.0062,NA,NA,NA
ExperienceX.exe,56308,0x216C7EA03E0,DXGI,1,0,0,Composed: Flip,6003.4074,NA,16.56670000000000,NA,0.18390000000000,0.74260000000000,NA,5986.9062,16.6851,16.5012,0.1839,0.8620,16.3818,1.7062,14.6756,NA,NA,NA
ExperienceX.exe,56308,0x216C7EA03E0,DXGI,1,0,0,Composed: Flip,6021.2717,NA,17.86430000000000,NA,0.04720000000000,0.83500000000000,NA,6003.5913,17.7276,17.6804,0.0472,17.9299,0.5855,0.5855,0.0000,NA,NA,NA
ExperienceX.exe,56308,0x216C7EA03E0,DXGI,1,0,0,Composed: Flip,6036.4751,NA,15.20340000000000,NA,0.16780000000000,0.89740000000000,NA,6021.3189,15.3240,15.1562,0.1678,0.7878,15.2658,0.8859,14.3799,NA,NA,NA
ExperienceX.exe,56308,0x216C7EA03E0,DXGI,1,0,0,Composed: Flip,6054.1240,NA,17.64890000000000,NA,0.05520000000000,0.33930000000000,NA,6036.6429,17.5363,17.4811,0.0552,17.4999,0.3205,0.3205,0.0000,NA,NA,NA
ExperienceX.exe,56308,0x216C7EA03E0,DXGI,1,0,0,Composed: Flip,6070.1663,NA,16.04230000000000,NA,0.40270000000000,2.13980000000000,NA,6054.1792,16.3898,15.9871,0.4027,0.2841,17.8428,1.5778,16.2650,NA,NA,NA
ExperienceX.exe,56308,0x216C7EA03E0,DXGI,1,0,0,Composed: Flip,6087.9430,NA,17.77670000000000,NA,0.07240000000000,0.38220000000000,NA,6070.5690,17.4464,17.3740,0.0724,17.1249,0.6313,0.6313,0.0000,NA,NA,NA
ExperienceX.exe,56308,0x216C7EA03E0,DXGI,1,0,0,Composed: Flip,6103.4418,NA,15.49880000000000,NA,0.25440000000000,0.89700000000000,NA,6088.0154,15.6808,15.4264,0.2544,0.3098,16.0136,1.1834,14.8302,NA,NA,NA
ExperienceX.exe,56308,0x216C7EA03E0,DXGI,1,0,0,Composed: Flip,6121.0002,NA,17.55840000000000,NA,0.08020000000000,0.60720000000000,NA,6103.6962,17.3842,17.3040,0.0802,17.3493,0.5619,0.5483,0.0136,NA,NA,NA
ExperienceX.exe,56308,0x216C7EA03E0,DXGI,1,0,0,Composed: Flip,6136.5265,NA,15.52630000000000,NA,0.12660000000000,0.45100000000000,NA,6121.0804,15.5727,15.4461,0.1266,0.5270,15.3701,1.4466,13.9235,NA,NA,NA
ExperienceX.exe,56308,0x216C7EA03E0,DXGI,1,0,0,Composed: Flip,6153.5705,NA,17.04400000000000,NA,0.06300000000000,1.25440000000000,NA,6136.6531,16.9804,16.9174,0.0630,17.5096,0.6622,0.6622,0.0000,NA,NA,NA
ExperienceX.exe,56308,0x216C7EA03E0,DXGI,1,0,0,Composed: Flip,6169.8482,NA,16.27770000000000,NA,0.18780000000000,0.55570000000000,NA,6153.6335,16.4025,16.2147,0.1878,1.1914,15.5790,1.1162,14.4628,NA,NA,NA
ExperienceX.exe,56308,0x216C7EA03E0,DXGI,1,0,0,Composed: Flip,6187.6896,NA,17.84140000000000,NA,0.05150000000000,0.63090000000000,NA,6170.0360,17.7051,17.6536,0.0515,17.5953,0.6892,0.6892,0.0000,NA,NA,NA
ExperienceX.exe,56308,0x216C7EA03E0,DXGI,1,0,0,Composed: Flip,6203.2066,NA,15.51700000000000,NA,0.20440000000000,0.93620000000000,NA,6187.7411,15.6699,15.4655,0.2044,0.5794,15.8223,1.2653,14.5570,NA,NA,NA
ExperienceX.exe,56308,0x216C7EA03E0,DXGI,1,0,0,Composed: Flip,6220.8431,NA,17.63650000000000,NA,0.30750000000000,0.89390000000000,NA,6203.4110,17.7396,17.4321,0.3075,17.7427,0.5833,0.5833,0.0000,NA,NA,NA
ExperienceX.exe,56308,0x216C7EA03E0,DXGI,1,0,0,Composed: Flip,6236.6138,NA,15.77070000000000,NA,0.23650000000000,0.86730000000000,NA,6221.1506,15.6997,15.4632,0.2365,0.5864,15.7441,1.2829,14.4612,NA,NA,NA
ExperienceX.exe,56308,0x216C7EA03E0,DXGI,1,0,0,Composed: Flip,6254.3739,NA,17.76010000000000,NA,0.24690000000000,1.35370000000000,NA,6236.8503,17.7705,17.5236,0.2469,17.9174,0.9599,0.9599,0.0000,NA,NA,NA
ExperienceX.exe,56308,0x216C7EA03E0,DXGI,1,0,0,Composed: Flip,6269.8528,NA,15.47890000000000,NA,0.19400000000000,0.86660000000000,NA,6254.6208,15.4260,15.2320,0.1940,1.1068,14.9918,0.8861,14.1057,NA,NA,NA
ExperienceX.exe,56308,0x216C7EA03E0,DXGI,1,0,0,Composed: Flip,6287.1527,NA,17.29990000000000,NA,0.11870000000000,2.22840000000000,NA,6270.0468,17.2246,17.1059,0.1187,18.3538,0.9805,0.9805,0.0000,NA,NA,NA
ExperienceX.exe,56308,0x216C7EA03E0,DXGI,1,0,0,Composed: Flip,6303.5707,NA,16.41800000000000,NA,0.21730000000000,1.74770000000000,NA,6287.2714,16.5166,16.2993,0.2173,2.1097,15.9373,1.8484,14.0889,NA,NA,NA
ExperienceX.exe,56308,0x216C7EA03E0,DXGI,1,0,0,Composed: Flip,6321.3849,NA,17.81420000000000,NA,0.16640000000000,0.55260000000000,NA,6303.7880,17.7633,17.5969,0.1664,17.7003,0.4492,0.4492,0.0000,NA,NA,NA
ExperienceX.exe,56308,0x216C7EA03E0,DXGI,1,0,0,Composed: Flip,6336.5543,NA,15.16940000000000,NA,0.14190000000000,0.85710000000000,NA,6321.5513,15.1449,15.0030,0.1419,0.3862,15.4739,1.2547,14.2192,NA,NA,NA
ExperienceX.exe,56308,0x216C7EA03E0,DXGI,1,0,0,Composed: Flip,6353.7456,NA,17.19130000000000,NA,0.30080000000000,1.03950000000000,NA,6336.6962,17.3502,17.0494,0.3008,17.5896,0.4993,0.4993,0.0000,NA,NA,NA
ExperienceX.exe,56308,0x216C7EA03E0,DXGI,1,0,0,Composed: Flip,6369.8503,NA,16.10470000000000,NA,0.18700000000000,0.51190000000000,NA,6354.0464,15.9909,15.8039,0.1870,0.7387,15.5771,0.9053,14.6718,NA,NA,NA
ExperienceX.exe,56308,0x216C7EA03E0,DXGI,1,0,0,Composed: Flip,6387.8258,NA,17.97550000000000,NA,0.13070000000000,0.61870000000000,NA,6370.0373,17.9192,17.7885,0.1307,17.8670,0.5402,0.5402,0.0000,NA,NA,NA
ExperienceX.exe,56308,0x216C7EA03E0,DXGI,1,0,0,Composed: Flip,6403.2769,NA,15.45110000000000,NA,0.21110000000000,0.50380000000000,NA,6387.9565,15.5315,15.3204,0.2111,0.4880,15.3362,0.9740,14.3622,NA,NA,NA
ExperienceX.exe,56308,0x216C7EA03E0,DXGI,1,0,0,Composed: Flip,6420.3905,NA,17.11360000000000,NA,0.39540000000000,1.04090000000000,NA,6403.4880,17.2979,16.9025,0.3954,17.4492,0.4942,0.4942,0.0000,NA,NA,NA
ExperienceX.exe,56308,0x216C7EA03E0,DXGI,1,0,0,Composed: Flip,6437.1415,NA,16.75100000000000,NA,0.32240000000000,1.34400000000000,NA,6420.7859,16.6780,16.3556,0.3224,0.6455,17.0541,1.5649,15.4892,NA,NA,NA
ExperienceX.exe,56308,0x216C7EA03E0,DXGI,1,0,0,Composed: Flip,6454.1316,NA,16.99010000000000,NA,0.10160000000000,0.84080000000000,NA,6437.4639,16.7693,16.6677,0.1016,17.0115,0.4970,0.4970,0.0000,NA,NA,NA
ExperienceX.exe,56308,0x216C7EA03E0,DXGI,1,0,0,Composed: Flip,6470.4200,NA,16.28840000000000,NA,0.46810000000000,3.60350000000000,NA,6454.2332,16.6549,16.1868,0.4681,19.6157,0.1746,0.1746,0.0000,NA,NA,NA
ExperienceX.exe,56308,0x216C7EA03E0,DXGI,1,0,0,Composed: Flip,6487.9446,NA,17.52460000000000,NA,0.06660000000000,0.71730000000000,NA,6470.8881,17.1231,17.0565,0.0666,17.1639,0.6099,0.5896,0.0203,NA,NA,NA
ExperienceX.exe,56308,0x216C7EA03E0,DXGI,1,0,0,Composed: Flip,6503.6443,NA,15.69970000000000,NA,0.33020000000000,1.12760000000000,NA,6488.0112,15.9633,15.6331,0.3302,0.8514,15.9093,2.0886,13.8207,NA,NA,NA
ExperienceX.exe,56308,0x216C7EA03E0,DXGI,1,0,0,Composed: Flip,6520.5274,NA,16.88310000000000,NA,0.08090000000000,0.82120000000000,NA,6503.9745,16.6338,16.5529,0.0809,16.5884,0.7857,0.7797,0.0060,NA,NA,NA
ExperienceX.exe,56308,0x216C7EA03E0,DXGI,1,0,0,Composed: Flip,6536.5435,NA,16.01610000000000,NA,0.23780000000000,1.34490000000000,NA,6520.6083,16.1730,15.9352,0.2378,0.7403,16.5398,1.7822,14.7576,NA,NA,NA
ExperienceX.exe,56308,0x216C7EA03E0,DXGI,1,0,0,Composed: Flip,6554.1104,NA,17.56690000000000,NA,0.07230000000000,0.81410000000000,NA,6536.7813,17.4014,17.3291,0.0723,17.4233,0.7199,0.7199,0.0000,NA,NA,NA
ExperienceX.exe,56308,0x216C7EA03E0,DXGI,1,0,0,Composed: Flip,6569.7811,NA,15.67070000000000,NA,0.07020000000000,0.50090000000000,NA,6554.1827,15.6686,15.5984,0.0702,0.7418,15.3575,0.8413,14.5162,NA,NA,NA
ExperienceX.exe,56308,0x216C7EA03E0,DXGI,1,0,0,Composed: Flip,6587.9698,NA,18.18870000000000,NA,0.50300000000000,0.85950000000000,NA,6569.8513,18.6215,18.1185,0.5030,18.4603,0.5177,0.5177,0.0000,NA,NA,NA
ExperienceX.exe,56308,0x216C7EA03E0,DXGI,1,0,0,Composed: Flip,6603.7055,NA,15.73570000000000,NA,0.20270000000000,0.94080000000000,NA,6588.4728,15.4354,15.2327,0.2027,0.3565,15.8170,1.4379,14.3791,NA,NA,NA
ExperienceX.exe,56308,0x216C7EA03E0,DXGI,1,0,0,Composed: Flip,6621.5205,NA,17.81500000000000,NA,0.05660000000000,0.45650000000000,NA,6603.9082,17.6689,17.6123,0.0566,17.4151,0.6537,0.6537,0.0000,NA,NA,NA
ExperienceX.exe,56308,0x216C7EA03E0,DXGI,1,0,0,Composed: Flip,6636.5242,NA,15.00370000000000,NA,0.20080000000000,0.98100000000000,NA,6621.5771,15.1479,14.9471,0.2008,0.3999,15.5282,1.3786,14.1496,NA,NA,NA
ExperienceX.exe,56308,0x216C7EA03E0,DXGI,1,0,0,Composed: Flip,6653.3633,NA,16.83910000000000,NA,0.07850000000000,1.40050000000000,NA,6636.7250,16.7168,16.6383,0.0785,17.5324,0.5064,0.5064,0.0000,NA,NA,NA
ExperienceX.exe,56308,0x216C7EA03E0,DXGI,1,0,0,Composed: Flip,6669.9262,NA,16.56290000000000,NA,0.31570000000000,0.78380000000000,NA,6653.4418,16.8001,16.4844,0.3157,1.3220,15.9462,0.9461,15.0001,NA,NA,NA
ExperienceX.exe,56308,0x216C7EA03E0,DXGI,1,0,0,Composed: Flip,6687.7025,NA,17.77630000000000,NA,0.05910000000000,0.80070000000000,NA,6670.2419,17.5197,17.4606,0.0591,17.8726,0.3887,0.3887,0.0000,NA,NA,NA
ExperienceX.exe,56308,0x216C7EA03E0,DXGI,1,0,0,Composed: Flip,6703.6657,NA,15.96320000000000,NA,0.49790000000000,2.12330000000000,NA,6687.7616,16.4020,15.9041,0.4979,0.7416,17.2858,2.2242,15.0616,NA,NA,NA
ExperienceX.exe,56308,0x216C7EA03E0,DXGI,1,0,0,Composed: Flip,6720.9856,NA,17.31990000000000,NA,0.07960000000000,0.91300000000000,NA,6704.1636,16.9016,16.8220,0.0796,17.2879,0.4471,0.4471,0.0000,NA,NA,NA
ExperienceX.exe,56308,0x216C7EA03E0,DXGI,1,0,0,Composed: Flip,6736.9458,NA,15.96020000000000,NA,0.36220000000000,0.94120000000000,NA,6721.0652,16.2428,15.8806,0.3622,0.8334,15.9884,1.7159,14.2725,NA,NA,NA
ExperienceX.exe,56308,0x216C7EA03E0,DXGI,1,0,0,Composed: Flip,6754.0448,NA,17.09900000000000,NA,0.05180000000000,0.77930000000000,NA,6737.3080,16.7886,16.7368,0.0518,16.7772,0.7389,0.7389,0.0000,NA,NA,NA
ExperienceX.exe,56308,0x216C7EA03E0,DXGI,1,0,0,Composed: Flip,6769.9281,NA,15.88330000000000,NA,0.24250000000000,1.01540000000000,NA,6754.0966,16.0740,15.8315,0.2425,0.7275,16.1194,1.1969,14.9225,NA,NA,NA
ExperienceX.exe,56308,0x216C7EA03E0,DXGI,1,0,0,Composed: Flip,6787.2305,NA,17.30240000000000,NA,0.05170000000000,0.87600000000000,NA,6770.1706,17.1116,17.0599,0.0517,17.4033,0.5326,0.5326,0.0000,NA,NA,NA
ExperienceX.exe,56308,0x216C7EA03E0,DXGI,1,0,0,Composed: Flip,6803.2546,NA,16.02410000000000,NA,0.20980000000000,0.60400000000000,NA,6787.2822,16.1822,15.9724,0.2098,0.8243,15.7521,0.8792,14.8729,NA,NA,NA
ExperienceX.exe,56308,0x216C7EA03E0,DXGI,1,0,0,Composed: Flip,6820.3868,NA,17.13220000000000,NA,0.36400000000000,1.03800000000000,NA,6803.4644,17.2864,16.9224,0.3640,17.3070,0.6534,0.6534,0.0000,NA,NA,NA
ExperienceX.exe,56308,0x216C7EA03E0,DXGI,1,0,0,Composed: Flip,6836.7067,NA,16.31990000000000,NA,0.19110000000000,0.84920000000000,NA,6820.7508,16.1470,15.9559,0.1911,0.6740,16.1311,1.2108,14.9203,NA,NA,NA
ExperienceX.exe,56308,0x216C7EA03E0,DXGI,1,0,0,Composed: Flip,6853.7979,NA,17.09120000000000,NA,0.69600000000000,1.80050000000000,NA,6836.8978,17.5961,16.9001,0.6960,17.9928,0.7078,0.6968,0.0110,NA,NA,NA
ExperienceX.exe,56308,0x216C7EA03E0,DXGI,1,0,0,Composed: Flip,6870.0880,NA,16.29010000000000,NA,0.19410000000000,0.90000000000000,NA,6854.4939,15.7882,15.5941,0.1941,1.2912,15.2029,1.7212,13.4817,NA,NA,NA
ExperienceX.exe,56308,0x216C7EA03E0,DXGI,1,0,0,Composed: Flip,6887.0571,NA,16.96910000000000,NA,0.05280000000000,1.08240000000000,NA,6870.2821,16.8278,16.7750,0.0528,17.3400,0.5174,0.5174,0.0000,NA,NA,NA
ExperienceX.exe,56308,0x216C7EA03E0,DXGI,1,0,0,Composed: Flip,6903.6929,NA,16.63580000000000,NA,0.16020000000000,0.54390000000000,NA,6887.1099,16.7432,16.5830,0.1602,1.0296,16.0973,1.0323,15.0650,NA,NA,NA
ExperienceX.exe,56308,0x216C7EA03E0,DXGI,1,0,0,Composed: Flip,6920.1733,NA,16.48040000000000,NA,0.07540000000000,1.64000000000000,NA,6903.8531,16.3956,16.3202,0.0754,17.6953,0.2649,0.2649,0.0000,NA,NA,NA
ExperienceX.exe,56308,0x216C7EA03E0,DXGI,1,0,0,Composed: Flip,6936.6257,NA,16.45240000000000,NA,0.12740000000000,0.84820000000000,NA,6920.2487,16.5044,16.3770,0.1274,1.5646,15.6606,1.6517,14.0089,NA,NA,NA
ExperienceX.exe,56308,0x216C7EA03E0,DXGI,1,0,0,Composed: Flip,6953.9552,NA,17.32950000000000,NA,0.05780000000000,0.69110000000000,NA,6936.7531,17.2599,17.2021,0.0578,17.1372,0.7560,0.7560,0.0000,NA,NA,NA
ExperienceX.exe,56308,0x216C7EA03E0,DXGI,1,0,0,Composed: Flip,6969.8976,NA,15.94240000000000,NA,0.24620000000000,0.57370000000000,NA,6954.0130,16.1308,15.8846,0.2462,0.6333,15.8250,0.8936,14.9314,NA,NA,NA
ExperienceX.exe,56308,0x216C7EA03E0,DXGI,1,0,0,Composed: Flip,6986.7398,NA,16.84220000000000,NA,0.30320000000000,1.31590000000000,NA,6970.1438,16.8992,16.5960,0.3032,17.3657,0.5462,0.5462,0.0000,NA,NA,NA
ExperienceX.exe,56308,0x216C7EA03E0,DXGI,1,0,0,Composed: Flip,7003.5756,NA,16.83580000000000,NA,0.33100000000000,0.99300000000000,NA,6987.0430,16.8636,16.5326,0.3310,1.0127,16.5129,1.3076,15.2053,NA,NA,NA
ExperienceX.exe,56308,0x216C7EA03E0,DXGI,1,0,0,Composed: Flip,7020.7838,NA,17.20820000000000,NA,0.06950000000000,0.97280000000000,NA,7003.9066,16.9467,16.8772,0.0695,17.3571,0.4929,0.4929,0.0000,NA,NA,NA
ExperienceX.exe,56308,0x216C7EA03E0,DXGI,1,0,0,Composed: Flip,7036.7272,NA,15.94340000000000,NA,0.26170000000000,0.94650000000000,NA,7020.8533,16.1356,15.8739,0.2617,0.9033,15.9171,1.4739,14.4432,NA,NA,NA
ExperienceX.exe,56308,0x216C7EA03E0,DXGI,1,0,0,Composed: Flip,7053.8804,NA,17.15320000000000,NA,0.05980000000000,1.09610000000000,NA,7036.9889,16.9513,16.8915,0.0598,17.4469,0.5407,0.5407,0.0000,NA,NA,NA
ExperienceX.exe,56308,0x216C7EA03E0,DXGI,1,0,0,Composed: Flip,7069.9364,NA,16.05600000000000,NA,0.49660000000000,0.71060000000000,NA,7053.9402,16.4928,15.9962,0.4966,1.0363,15.6705,1.0418,14.6287,NA,NA,NA
ExperienceX.exe,56308,0x216C7EA03E0,DXGI,1,0,0,Composed: Flip,7087.9397,NA,18.00330000000000,NA,0.10890000000000,0.79720000000000,NA,7070.4330,17.6156,17.5067,0.1089,17.8226,0.4813,0.4813,0.0000,NA,NA,NA
ExperienceX.exe,56308,0x216C7EA03E0,DXGI,1,0,0,Composed: Flip,7103.4351,NA,15.49540000000000,NA,0.07700000000000,2.09750000000000,NA,7088.0486,15.4635,15.3865,0.0770,0.6883,16.7957,2.6853,14.1104,NA,NA,NA
ExperienceX.exe,56308,0x216C7EA03E0,DXGI,1,0,0,Composed: Flip,7120.1207,NA,16.68560000000000,NA,0.05330000000000,1.45800000000000,NA,7103.5121,16.6619,16.6086,0.0533,17.5326,0.5340,0.5340,0.0000,NA,NA,NA
ExperienceX.exe,56308,0x216C7EA03E0,DXGI,1,0,0,Composed: Flip,7136.5533,NA,16.43260000000000,NA,0.25890000000000,0.90800000000000,NA,7120.1740,16.6382,16.3793,0.2589,1.4047,15.8826,1.3517,14.5309,NA,NA,NA
ExperienceX.exe,56308,0x216C7EA03E0,DXGI,1,0,0,Composed: Flip,7153.3365,NA,16.78320000000000,NA,0.30020000000000,1.38260000000000,NA,7136.8122,16.8245,16.5243,0.3002,17.1850,0.7219,0.7219,0.0000,NA,NA,NA
ExperienceX.exe,56308,0x216C7EA03E0,DXGI,1,0,0,Composed: Flip,7169.8101,NA,16.47360000000000,NA,0.13070000000000,0.50800000000000,NA,7153.6367,16.3041,16.1734,0.1307,1.0824,15.5990,0.8666,14.7324,NA,NA,NA
ExperienceX.exe,56308,0x216C7EA03E0,DXGI,1,0,0,Composed: Flip,7187.4004,NA,17.59030000000000,NA,0.37150000000000,0.84680000000000,NA,7169.9408,17.8311,17.4596,0.3715,17.5896,0.7168,0.7168,0.0000,NA,NA,NA
ExperienceX.exe,56308,0x216C7EA03E0,DXGI,1,0,0,Composed: Flip,7203.3491,NA,15.94870000000000,NA,0.33010000000000,0.68320000000000,NA,7187.7719,15.9073,15.5772,0.3301,0.4753,15.7851,1.1100,14.6751,NA,NA,NA
ExperienceX.exe,56308,0x216C7EA03E0,DXGI,1,0,0,Composed: Flip,7220.5340,NA,17.18490000000000,NA,0.05550000000000,0.79940000000000,NA,7203.6792,16.9103,16.8548,0.0555,16.8863,0.7679,0.7568,0.0111,NA,NA,NA
ExperienceX.exe,56308,0x216C7EA03E0,DXGI,1,0,0,Composed: Flip,7236.5122,NA,15.97820000000000,NA,0.16550000000000,0.97040000000000,NA,7220.5895,16.0882,15.9227,0.1655,0.7439,16.1492,1.8147,14.3345,NA,NA,NA
ExperienceX.exe,56308,0x216C7EA03E0,DXGI,1,0,0,Composed: Flip,7254.0145,NA,17.50230000000000,NA,0.06650000000000,0.91220000000000,NA,7236.6777,17.4033,17.3368,0.0665,17.4879,0.7611,0.7611,0.0000,NA,NA,NA
ExperienceX.exe,56308,0x216C7EA03E0,DXGI,1,0,0,Composed: Flip,7270.1452,NA,16.13070000000000,NA,0.39650000000000,1.25370000000000,NA,7254.0810,16.4607,16.0642,0.3965,0.8457,16.4722,1.4303,15.0419,NA,NA,NA
ExperienceX.exe,56308,0x216C7EA03E0,DXGI,1,0,0,Composed: Flip,7287.4725,NA,17.32730000000000,NA,0.05420000000000,0.88140000000000,NA,7270.5417,16.9850,16.9308,0.0542,17.2664,0.5458,0.5458,0.0000,NA,NA,NA
ExperienceX.exe,56308,0x216C7EA03E0,DXGI,1,0,0,Composed: Flip,7303.2379,NA,15.76540000000000,NA,0.19170000000000,0.62780000000000,NA,7287.5267,15.9029,15.7112,0.1917,0.8272,15.5118,0.9927,14.5191,NA,NA,NA
ExperienceX.exe,56308,0x216C7EA03E0,DXGI,1,0,0,Composed: Flip,7321.0347,NA,17.79680000000000,NA,0.55110000000000,2.48710000000000,NA,7303.4296,18.1562,17.6051,0.5511,19.2626,0.8296,0.8296,0.0000,NA,NA,NA
ExperienceX.exe,56308,0x216C7EA03E0,DXGI,1,0,0,Composed: Flip,7336.5180,NA,15.48330000000000,NA,0.18400000000000,1.36810000000000,NA,7321.5858,15.1162,14.9322,0.1840,1.9360,14.3643,1.2657,13.0986,NA,NA,NA
ExperienceX.exe,56308,0x216C7EA03E0,DXGI,1,0,0,Composed: Flip,7354.4444,NA,17.92640000000000,NA,1.03830000000000,1.53660000000000,NA,7336.7020,18.7807,17.7424,1.0383,18.4758,0.8032,0.7703,0.0329,NA,NA,NA
ExperienceX.exe,56308,0x216C7EA03E0,DXGI,1,0,0,Composed: Flip,7370.2108,NA,15.76640000000000,NA,0.35890000000000,1.29630000000000,NA,7355.4827,15.0870,14.7281,0.3589,0.5247,15.4997,2.0691,13.4306,NA,NA,NA
ExperienceX.exe,56308,0x216C7EA03E0,DXGI,1,0,0,Composed: Flip,7386.8869,NA,16.67610000000000,NA,0.08170000000000,1.40840000000000,NA,7370.5697,16.3989,16.3172,0.0817,16.9290,0.7966,0.7966,0.0000,NA,NA,NA
ExperienceX.exe,56308,0x216C7EA03E0,DXGI,1,0,0,Composed: Flip,7403.5025,NA,16.61560000000000,NA,0.29610000000000,0.85830000000000,NA,7386.9686,16.8300,16.5339,0.2961,1.3267,16.0655,1.3881,14.6774,NA,NA,NA
ExperienceX.exe,56308,0x216C7EA03E0,DXGI,1,0,0,Composed: Flip,7421.5215,NA,18.01900000000000,NA,0.07820000000000,1.00910000000000,NA,7403.7986,17.8011,17.7229,0.0782,18.2983,0.4337,0.4337,0.0000,NA,NA,NA
ExperienceX.exe,56308,0x216C7EA03E0,DXGI,1,0,0,Composed: Flip,7436.8886,NA,15.36710000000000,NA,0.31940000000000,0.87260000000000,NA,7421.5997,15.6083,15.2889,0.3194,0.9309,15.2306,0.8542,14.3764,NA,NA,NA
ExperienceX.exe,56308,0x216C829D570,DXGI,1,0,0,Composed: Flip,7420.0954,NA,16.21850000000000,67.13730000000000,0.29770000000000,2.00150000000000,33.3345,7404.0043,16.3888,16.0911,0.2977,17.3032,0.7894,0.7894,0.0000,-1.6492,7404.0043,NA
ExperienceX.exe,56308,0x216C829D570,DXGI,1,0,0,Composed: Flip,7438.2420,NA,18.14660000000000,NA,0.08580000000000,1.04570000000000,NA,7420.3931,17.9347,17.8489,0.0858,18.8827,0.0119,0.0119,0.0000,NA,NA,NA
ExperienceX.exe,56308,0x216C829D570,DXGI,1,0,0,Composed: Flip,7454.3584,NA,16.11640000000000,NA,0.38140000000000,2.17290000000000,NA,7438.3278,16.4120,16.0306,0.3814,0.9599,17.2436,2.6167,14.6269,NA,NA,NA
ExperienceX.exe,56308,0x216C829D570,DXGI,1,0,0,Composed: Flip,7473.8831,NA,19.52470000000000,49.60440000000001,0.37490000000000,1.83120000000000,29.1512,7454.7398,19.5182,19.1433,0.3749,20.0695,0.9050,0.9050,0.0000,1.1311,7454.7398,NA
ExperienceX.exe,56308,0x216C829D570,DXGI,1,0,0,Composed: Flip,7486.9539,NA,13.07080000000000,16.61030000000000,0.29150000000000,1.56250000000000,32.6907,7474.2580,12.9874,12.6959,0.2915,1.4563,12.8021,1.4475,11.3546,2.9079,7474.2580,NA
ExperienceX.exe,56308,0x216838E1150,DXGI,1,0,0,Composed: Flip,7437.9250,NA,17.84910000000000,33.33240000000000,0.18380000000000,1.35080000000000,31.8295,7420.2731,17.8357,17.6519,0.1838,17.4881,1.5146,1.5146,0.0000,0.2531,7420.2731,NA
ExperienceX.exe,56308,0x216838E1150,DXGI,1,0,0,Composed: Flip,7454.3784,NA,16.45340000000000,NA,0.47940000000000,4.49590000000000,NA,7438.1088,16.7490,16.2696,0.4794,18.4225,2.3430,2.3430,0.0000,NA,NA,NA
ExperienceX.exe,56308,0x216838E1150,DXGI,1,0,0,Composed: Flip,7473.6023,NA,19.22390000000000,NA,0.52070000000000,1.20700000000000,NA,7454.8578,19.2652,18.7445,0.5207,18.2216,1.7299,1.7299,0.0000,NA,NA,NA
ExperienceX.exe,56308,0x216838E1150,DXGI,1,0,0,Composed: Flip,7486.9545,NA,13.35220000000000,NA,0.29050000000000,1.58180000000000,NA,7474.1230,13.1220,12.8315,0.2905,14.3962,0.0171,0.0171,0.0000,NA,NA,NA
ExperienceX.exe,56308,0x216838E1150,DXGI,1,0,0,Composed: Flip,7507.0340,NA,20.07950000000000,NA,0.19040000000000,1.40200000000000,NA,7487.2450,19.9794,19.7890,0.1904,21.1852,0.0058,0.0058,0.0000,NA,NA,NA
ExperienceX.exe,56308,0x216838E1150,DXGI,1,0,0,Composed: Flip,7520.7798,NA,13.74580000000000,83.18980000000001,0.08160000000000,1.14070000000000,32.1645,7507.2244,13.6370,13.5554,0.0816,13.4592,1.2369,1.1650,0.0719,3.7615,7507.2244,NA
ExperienceX.exe,56308,0x216838E1150,DXGI,1,0,0,Composed: Flip,7538.7338,NA,17.95400000000000,16.69030000000000,0.71090000000000,1.04120000000000,30.9008,7520.8614,18.5833,17.8724,0.7109,17.6467,1.2669,1.2669,0.0000,-3.0533,7520.8614,NA
ExperienceX.exe,56308,0x216838E1150,DXGI,1,0,0,Composed: Flip,7553.2053,NA,14.47150000000000,16.60980000000000,0.11290000000000,0.72610000000000,33.0391,7539.4447,13.8735,13.7606,0.1129,14.2061,0.2806,0.2806,0.0000,1.9735,7539.4447,NA
ExperienceX.exe,56308,0x216838E1150,DXGI,1,0,0,Composed: Flip,7570.6055,NA,17.40020000000000,16.69970000000000,0.61340000000000,1.77480000000000,32.3386,7553.3182,17.9007,17.2873,0.6134,18.7881,0.2740,0.2740,0.0000,-2.8262,7553.3182,NA
ExperienceX.exe,56308,0x216C829D570,DXGI,1,0,0,Composed: Flip,7506.4926,NA,19.53870000000000,16.91610000000000,0.76170000000000,1.93760000000000,30.0681,7487.2454,20.0089,19.2472,0.7617,19.7630,1.4218,1.4218,0.0000,-3.9287,7487.2454,NA
ExperienceX.exe,56308,0x216C829D570,DXGI,1,0,0,Composed: Flip,7519.9326,NA,13.44000000000000,NA,0.20010000000000,0.65630000000000,NA,7507.2543,12.8784,12.6783,0.2001,1.1817,12.1529,2.6683,9.4846,NA,NA,NA
ExperienceX.exe,56308,0x216C829D570,DXGI,1,0,0,Composed: Flip,7537.7369,NA,17.80430000000000,NA,0.10600000000000,2.30330000000000,NA,7520.1327,17.7102,17.6042,0.1060,19.6423,0.2652,0.2652,0.0000,NA,NA,NA
ExperienceX.exe,56308,0x216C829D570,DXGI,1,0,0,Composed: Flip,7553.2032,NA,15.46630000000000,NA,0.12130000000000,0.44760000000000,NA,7537.8429,15.4816,15.3603,0.1213,2.1973,13.6106,2.4175,11.1931,NA,NA,NA
ExperienceX.exe,56308,0x216C829D570,DXGI,1,0,0,Composed: Flip,7571.2799,NA,18.07670000000000,NA,0.39620000000000,0.82640000000000,NA,7553.3245,18.3516,17.9554,0.3962,17.6725,1.1093,1.1093,0.0000,NA,NA,NA
ExperienceX.exe,56308,0x216C829D570,DXGI,1,0,0,Composed: Flip,7586.5453,NA,15.26540000000000,NA,0.17110000000000,0.94780000000000,NA,7571.6761,15.0403,14.8692,0.1711,15.5511,0.2659,0.2659,0.0000,NA,NA,NA
ExperienceX.exe,56308,0x216C829D570,DXGI,1,0,0,Composed: Flip,7603.3714,NA,16.82610000000000,99.69980000000001,0.14800000000000,1.33620000000000,32.8891,7586.7164,16.8030,16.6550,0.1480,16.8924,1.0988,1.0988,0.0000,-0.2288,7586.7164,NA
ExperienceX.exe,56308,0x216C829D570,DXGI,1,0,0,Composed: Flip,7619.8168,NA,16.44540000000000,16.67020000000000,0.11900000000000,0.76560000000000,33.1139,7603.5194,16.4164,16.2974,0.1190,1.4637,15.5993,2.2111,13.3882,0.1328,7603.5194,NA
ExperienceX.exe,56308,0x216C829D570,DXGI,1,0,0,Composed: Flip,7637.1198,NA,17.30300000000000,16.76460000000000,0.06520000000000,1.42400000000000,32.5755,7619.9358,17.2492,17.1840,0.0652,18.3243,0.2837,0.2837,0.0000,-0.3482,7619.9358,NA
ExperienceX.exe,56308,0x216C829D570,DXGI,1,0,0,Composed: Flip,7653.1993,NA,16.07950000000000,16.74310000000000,0.16800000000000,0.89820000000000,33.2391,7637.1850,16.1823,16.0143,0.1680,1.3588,15.5537,2.4372,13.1165,0.5061,7637.1850,NA
ExperienceX.exe,56308,0x216838E1150,DXGI,1,0,0,Composed: Flip,7586.5503,NA,15.94480000000000,16.63120000000000,0.16070000000000,0.67690000000000,33.0250,7571.2189,15.4921,15.3314,0.1607,1.1614,14.8469,2.2410,12.6059,1.2695,7571.2189,NA
ExperienceX.exe,56308,0x216838E1150,DXGI,1,0,0,Composed: Flip,7603.3681,NA,16.81780000000000,NA,0.05410000000000,1.61500000000000,NA,7586.7110,16.7112,16.6571,0.0541,17.9966,0.2755,0.2755,0.0000,NA,NA,NA
ExperienceX.exe,56308,0x216838E1150,DXGI,1,0,0,Composed: Flip,7619.8167,NA,16.44860000000000,NA,0.11910000000000,1.08540000000000,NA,7603.4222,16.5136,16.3945,0.1191,17.1602,0.3197,0.3197,0.0000,NA,NA,NA
ExperienceX.exe,56308,0x216838E1150,DXGI,1,0,0,Composed: Flip,7636.7800,NA,16.96330000000000,NA,0.10100000000000,1.48010000000000,NA,7619.9358,16.9452,16.8442,0.1010,17.5168,0.8075,0.8075,0.0000,NA,NA,NA
ExperienceX.exe,56308,0x216838E1150,DXGI,1,0,0,Composed: Flip,7653.1995,NA,16.41950000000000,NA,0.16790000000000,1.30510000000000,NA,7636.8810,16.4864,16.3185,0.1679,17.2165,0.4071,0.4071,0.0000,NA,NA,NA
ExperienceX.exe,56308,0x216838E1150,DXGI,1,0,0,Composed: Flip,7670.6431,NA,17.44360000000000,NA,0.64830000000000,1.47750000000000,NA,7653.3674,17.9240,17.2757,0.6483,17.8758,0.8774,0.8516,0.0258,NA,NA,NA
ExperienceX.exe,56308,0x216838E1150,DXGI,1,0,0,Composed: Flip,7687.0974,NA,16.45430000000000,100.00580000000001,0.28180000000000,1.42900000000000,32.4837,7671.2914,16.0878,15.8060,0.2818,16.6998,0.5352,0.3501,0.1851,0.0667,7671.2914,NA
ExperienceX.exe,56308,0x0,Other,-1,0,0,Composed: Flip,7087.5563,NA,166.37330000000000,166.66870000000000,0.00000000000000,0.69480000000000,32.0209,6921.1830,166.3733,166.3733,0.0000,151.0699,15.9982,3.1851,12.8131,300.6538,6921.1830,NA
ExperienceX.exe,56308,0x216838E1150,DXGI,1,0,0,Composed: Flip,7704.2547,NA,17.15730000000000,16.71860000000000,0.10470000000000,0.92600000000000,32.0450,7687.3792,16.9802,16.8755,0.1047,16.9160,0.8855,0.8855,0.0000,-0.6308,7687.3792,NA
ExperienceX.exe,56308,0x216838E1150,DXGI,1,0,0,Composed: Flip,7719.8177,NA,15.56300000000000,NA,0.13130000000000,1.12690000000000,NA,7704.3594,15.5896,15.4583,0.1313,16.1569,0.4283,0.4283,0.0000,NA,NA,NA
ExperienceX.exe,56308,0x216C829D570,DXGI,1,0,0,Composed: Flip,7671.3079,NA,18.10860000000000,16.48900000000000,0.10790000000000,1.10320000000000,31.6195,7653.3673,18.0485,17.9406,0.1079,18.7533,0.2905,0.2905,0.0000,-0.3067,7653.3673,NA
ExperienceX.exe,56308,0x216C829D570,DXGI,1,0,0,Composed: Flip,7687.0973,NA,15.78940000000000,NA,0.28200000000000,0.89390000000000,NA,7671.4158,15.9635,15.6815,0.2820,0.9953,15.5801,2.2274,13.3527,NA,NA,NA
ExperienceX.exe,56308,0x216C829D570,DXGI,1,0,0,Composed: Flip,7703.6041,NA,16.50680000000000,NA,0.65810000000000,1.85860000000000,NA,7687.3793,16.8829,16.2248,0.6581,17.8014,0.2820,0.2820,0.0000,NA,NA,NA
ExperienceX.exe,56308,0x216C829D570,DXGI,1,0,0,Composed: Flip,7738.3751,NA,34.77100000000000,NA,0.21510000000000,0.77680000000000,NA,7704.2622,34.3280,34.1129,0.2151,34.2962,0.5935,0.5896,0.0039,NA,NA,NA
ExperienceX.exe,56308,0x216C829D570,DXGI,1,0,0,Composed: Flip,7753.2136,NA,14.83850000000000,83.34950000000001,0.07250000000000,0.74160000000000,33.0633,7738.5902,14.6959,14.6234,0.0725,15.0781,0.2869,0.2869,0.0000,1.8734,7738.5902,NA
ExperienceX.exe,56308,0x216C7EA03E0,DXGI,1,0,0,Composed: Flip,7457.4628,NA,20.57420000000000,1700.12810000000013,0.25320000000000,2.15600000000000,28.9376,7437.2080,20.5080,20.2548,0.2532,21.6663,0.7445,0.1997,0.5448,-0.0978,7437.2080,NA
ExperienceX.exe,56308,0x216C7EA03E0,DXGI,1,0,0,Composed: Flip,7470.7248,NA,13.26200000000000,NA,0.75350000000000,2.35460000000000,NA,7457.7160,13.7623,13.0088,0.7535,13.7600,1.6034,1.3972,0.2062,NA,NA,NA
ExperienceX.exe,56308,0x216C7EA03E0,DXGI,1,0,0,Composed: Flip,7487.6027,NA,16.87790000000000,NA,0.12950000000000,2.06760000000000,NA,7471.4783,16.2539,16.1244,0.1295,17.0580,1.1340,1.1340,0.0000,NA,NA,NA
ExperienceX.exe,56308,0x216C7EA03E0,DXGI,1,0,0,Composed: Flip,7503.7996,NA,16.19690000000000,NA,0.55270000000000,3.12890000000000,NA,7487.7322,16.6201,16.0674,0.5527,1.9381,17.2582,3.2012,14.0570,NA,NA,NA
ExperienceX.exe,56308,0x216C7EA03E0,DXGI,1,0,0,Composed: Flip,7521.0305,NA,17.23090000000000,NA,0.59800000000000,1.11030000000000,NA,7504.3523,17.2762,16.6782,0.5980,17.5682,0.2203,0.2203,0.0000,NA,NA,NA
ExperienceX.exe,56308,0x216C7EA03E0,DXGI,1,0,0,Composed: Flip,7537.2906,NA,16.26010000000000,NA,0.06550000000000,1.21750000000000,NA,7521.6285,15.7276,15.6621,0.0655,0.5123,16.3673,1.3166,15.0507,NA,NA,NA
ExperienceX.exe,56308,0x216C7EA03E0,DXGI,1,0,0,Composed: Flip,7553.4406,NA,16.15000000000000,NA,0.06020000000000,1.26530000000000,NA,7537.3561,16.1447,16.0845,0.0602,16.5753,0.7745,0.7745,0.0000,NA,NA,NA
ExperienceX.exe,56308,0x216C7EA03E0,DXGI,1,0,0,Composed: Flip,7570.1329,NA,16.69230000000000,NA,0.30930000000000,0.86410000000000,NA,7553.5008,16.9414,16.6321,0.3093,1.2051,16.2911,1.1236,15.1675,NA,NA,NA
ExperienceX.exe,56308,0x216C7EA03E0,DXGI,1,0,0,Composed: Flip,7587.2302,NA,17.09730000000000,NA,0.05510000000000,1.06380000000000,NA,7570.4422,16.8431,16.7880,0.0551,17.0509,0.8009,0.8009,0.0000,NA,NA,NA
ExperienceX.exe,56308,0x216C7EA03E0,DXGI,1,0,0,Composed: Flip,7603.1559,NA,15.92570000000000,NA,0.08930000000000,0.45290000000000,NA,7587.2853,15.9599,15.8706,0.0893,1.0087,15.3148,0.9517,14.3631,NA,NA,NA
ExperienceX.exe,56308,0x216C7EA03E0,DXGI,1,0,0,Composed: Flip,7620.7362,NA,17.58030000000000,NA,0.06770000000000,0.72890000000000,NA,7603.2452,17.5587,17.4910,0.0677,17.6569,0.5630,0.5630,0.0000,NA,NA,NA
ExperienceX.exe,56308,0x216C7EA03E0,DXGI,1,0,0,Composed: Flip,7636.5121,NA,15.77590000000000,NA,0.18680000000000,0.92030000000000,NA,7620.8039,15.8950,15.7082,0.1868,0.6612,15.9673,1.2431,14.7242,NA,NA,NA
ExperienceX.exe,56308,0x216C7EA03E0,DXGI,1,0,0,Composed: Flip,7654.1628,NA,17.65070000000000,NA,0.05530000000000,0.88800000000000,NA,7636.6989,17.5192,17.4639,0.0553,17.8057,0.5462,0.5462,0.0000,NA,NA,NA
ExperienceX.exe,56308,0x216C7EA03E0,DXGI,1,0,0,Composed: Flip,7670.1839,NA,16.02110000000000,NA,0.29540000000000,1.05930000000000,NA,7654.2181,16.2612,15.9658,0.2954,0.8327,16.1924,1.2726,14.9198,NA,NA,NA
ExperienceX.exe,56308,0x216C7EA03E0,DXGI,1,0,0,Composed: Flip,7688.6626,NA,18.47870000000000,NA,0.36840000000000,0.69630000000000,NA,7670.4793,18.5517,18.1833,0.3684,18.0471,0.8325,0.7497,0.0828,NA,NA,NA
ExperienceX.exe,56308,0x216C7EA03E0,DXGI,1,0,0,Composed: Flip,7703.2457,NA,14.58310000000000,NA,0.21790000000000,1.04950000000000,NA,7689.0310,14.4326,14.2147,0.2179,0.3416,14.9226,2.0187,12.9039,NA,NA,NA
ExperienceX.exe,56308,0x216C7EA03E0,DXGI,1,0,0,Composed: Flip,7720.4485,NA,17.20280000000000,NA,0.20290000000000,1.06960000000000,NA,7703.4636,17.1878,16.9849,0.2029,17.4810,0.5735,0.5735,0.0000,NA,NA,NA
ExperienceX.exe,56308,0x216C7EA03E0,DXGI,1,0,0,Composed: Flip,7736.7330,NA,16.28450000000000,NA,0.30400000000000,1.16930000000000,NA,7720.6514,16.3856,16.0816,0.3040,0.8667,16.3842,1.2127,15.1715,NA,NA,NA
ExperienceX.exe,56308,0x216C7EA03E0,DXGI,1,0,0,Composed: Flip,7753.9866,NA,17.25360000000000,NA,0.05160000000000,0.77330000000000,NA,7737.0370,17.0012,16.9496,0.0516,16.9182,0.8047,0.8047,0.0000,NA,NA,NA
ExperienceX.exe,56308,0x216C7EA03E0,DXGI,1,0,0,Composed: Flip,7769.8525,NA,15.86590000000000,NA,0.21600000000000,0.59630000000000,NA,7754.0382,16.0303,15.8143,0.2160,0.7217,15.6889,0.8299,14.8590,NA,NA,NA
ExperienceX.exe,56308,0x216838E1150,DXGI,1,0,0,Composed: Flip,7737.6488,NA,17.83110000000000,33.29030000000000,0.17650000000000,0.90960000000000,31.9412,7719.9490,17.8763,17.6998,0.1765,17.9533,0.6561,0.6561,0.0000,-0.7205,7719.9490,NA
ExperienceX.exe,56308,0x216838E1150,DXGI,1,0,0,Composed: Flip,7753.2137,NA,15.56490000000000,NA,0.07230000000000,0.45460000000000,NA,7737.8253,15.4607,15.3884,0.0723,1.3266,14.5164,2.5351,11.9813,NA,NA,NA
ExperienceX.exe,56308,0x216838E1150,DXGI,1,0,0,Composed: Flip,7770.1989,NA,16.98520000000000,NA,0.70760000000000,1.77090000000000,NA,7753.2860,17.6205,16.9129,0.7076,18.4056,0.2782,0.2782,0.0000,NA,NA,NA
ExperienceX.exe,56308,0x216838E1150,DXGI,1,0,0,Composed: Flip,7786.6145,NA,16.41560000000000,NA,0.15620000000000,1.46560000000000,NA,7770.9065,15.8642,15.7080,0.1562,16.7581,0.4155,0.4155,0.0000,NA,NA,NA
ExperienceX.exe,56308,0x216838E1150,DXGI,1,0,0,Composed: Flip,7804.7742,NA,18.15970000000000,66.65840000000000,0.07700000000000,0.71740000000000,31.4742,7786.7707,18.0805,18.0035,0.0770,18.4511,0.2698,0.2698,0.0000,0.1633,7786.7707,NA
ExperienceX.exe,56308,0x216C829D570,DXGI,1,0,0,Composed: Flip,7770.2025,NA,16.98890000000000,16.64800000000000,0.09630000000000,1.48910000000000,32.7224,7753.2861,17.0127,16.9164,0.0963,17.1917,1.2138,1.2138,0.0000,-1.9521,7753.2861,NA
ExperienceX.exe,56308,0x216C829D570,DXGI,1,0,0,Composed: Flip,7804.2116,NA,34.00910000000000,NA,0.18110000000000,1.01020000000000,NA,7770.2988,34.0939,33.9128,0.1811,33.7187,1.2043,1.2043,0.0000,NA,NA,NA
ExperienceX.exe,56308,0x216C829D570,DXGI,1,0,0,Composed: Flip,7819.8078,NA,15.59620000000000,NA,0.12230000000000,1.29020000000000,NA,7804.3927,15.5374,15.4151,0.1223,16.3597,0.3456,0.3456,0.0000,NA,NA,NA
ExperienceX.exe,56308,0x216C829D570,DXGI,1,0,0,Composed: Flip,7837.1969,NA,17.38910000000000,66.64940000000000,0.25000000000000,1.27320000000000,32.3774,7819.9301,17.5168,17.2668,0.2500,18.2620,0.2780,0.2780,0.0000,-0.0054,7819.9301,NA
ExperienceX.exe,56308,0x216C829D570,DXGI,1,0,0,Composed: Flip,7853.1918,NA,15.99490000000000,16.89460000000000,0.16140000000000,0.77080000000000,33.2771,7837.4469,15.9063,15.7449,0.1614,1.0232,15.4925,2.2358,13.2567,0.6222,7837.4469,NA
ExperienceX.exe,56308,0x216838E1150,DXGI,1,0,0,Composed: Flip,7819.8080,NA,15.03380000000000,16.66850000000000,0.12210000000000,0.94440000000000,33.1089,7804.8512,15.0789,14.9568,0.1221,0.6404,15.2608,2.4492,12.8116,1.4120,7804.8512,NA
ExperienceX.exe,56308,0x216838E1150,DXGI,1,0,0,Composed: Flip,7837.3896,NA,17.58160000000000,NA,0.07280000000000,0.80250000000000,NA,7819.9301,17.5323,17.4595,0.0728,17.2158,1.0462,1.0462,0.0000,NA,NA,NA
ExperienceX.exe,56308,0x216838E1150,DXGI,1,0,0,Composed: Flip,7853.1780,NA,15.78840000000000,NA,0.08880000000000,1.22560000000000,NA,7837.4624,15.8044,15.7156,0.0888,16.5002,0.4410,0.4410,0.0000,NA,NA,NA
ExperienceX.exe,56308,0x216838E1150,DXGI,1,0,0,Composed: Flip,7870.0458,NA,16.86780000000000,NA,0.81470000000000,2.08650000000000,NA,7853.2668,17.5937,16.7790,0.8147,18.5852,0.2803,0.2803,0.0000,NA,NA,NA
ExperienceX.exe,56308,0x216C829D570,DXGI,1,0,0,Composed: Flip,7870.0739,NA,16.88210000000000,16.45650000000000,0.07700000000000,1.77810000000000,32.8515,7853.3532,16.7977,16.7207,0.0770,17.5616,0.9372,0.9372,0.0000,-0.5502,7853.3532,NA
ExperienceX.exe,56308,0x216C829D570,DXGI,1,0,0,Composed: Flip,7887.0326,NA,16.95870000000000,NA,0.23610000000000,1.25930000000000,NA,7870.1509,17.1178,16.8817,0.2361,18.1373,0.0037,0.0037,0.0000,NA,NA,NA
ExperienceX.exe,56308,0x216C829D570,DXGI,1,0,0,Composed: Flip,7903.6280,NA,16.59540000000000,33.31730000000000,0.08280000000000,1.53120000000000,32.6147,7887.2687,16.4421,16.3593,0.0828,17.0324,0.8581,0.8548,0.0033,0.5982,7887.2687,NA
ExperienceX.exe,56308,0x216838E1150,DXGI,1,0,0,Composed: Flip,7887.0328,NA,16.98700000000000,66.66020000000000,0.23590000000000,1.25330000000000,32.5443,7870.8605,16.4082,16.1723,0.2359,1.2718,16.1538,2.7579,13.3959,-0.6509,7870.8605,NA
ExperienceX.exe,56308,0x216838E1150,DXGI,1,0,0,Composed: Flip,7903.9777,NA,16.94490000000000,NA,0.18050000000000,1.45780000000000,NA,7887.2687,16.8895,16.7090,0.1805,17.8905,0.2763,0.2763,0.0000,NA,NA,NA
ExperienceX.exe,56308,0x216838E1150,DXGI,1,0,0,Composed: Flip,7919.9283,NA,15.95060000000000,NA,0.28480000000000,1.46580000000000,NA,7904.1582,16.0549,15.7701,0.2848,16.7652,0.4707,0.4707,0.0000,NA,NA,NA
ExperienceX.exe,56308,0x216838E1150,DXGI,1,0,0,Composed: Flip,7937.3672,NA,17.43890000000000,49.98690000000001,0.07130000000000,1.08290000000000,32.1968,7920.2131,17.2254,17.1541,0.0713,17.3335,0.9035,0.9035,0.0000,-0.6343,7920.2131,NA
ExperienceX.exe,56308,0x216C829D570,DXGI,1,0,0,Composed: Flip,7919.9277,NA,16.29970000000000,16.65370000000000,0.32750000000000,0.99570000000000,32.9687,7903.7108,16.5444,16.2169,0.3275,1.7247,15.4879,2.4454,13.0425,-0.2116,7903.7108,NA
ExperienceX.exe,56308,0x216C829D570,DXGI,1,0,0,Composed: Flip,7936.8189,NA,16.89120000000000,NA,0.62810000000000,1.91070000000000,NA,7920.2552,17.1918,16.5637,0.6281,18.1949,0.2795,0.2795,0.0000,NA,NA,NA
ExperienceX.exe,56308,0x216C829D570,DXGI,1,0,0,Composed: Flip,7953.1201,NA,16.30120000000000,NA,0.11360000000000,0.47360000000000,NA,7937.4470,15.7867,15.6731,0.1136,1.2826,14.8641,1.8420,13.0221,NA,NA,NA
ExperienceX.exe,56308,0x216838E1150,DXGI,1,0,0,Composed: Flip,7953.1200,NA,15.75280000000000,16.73670000000000,0.11390000000000,0.76570000000000,33.1807,7937.4385,15.7954,15.6815,0.1139,16.1552,0.2920,0.2920,0.0000,0.4887,7937.4385,NA
ExperienceX.exe,56308,0x216838E1150,DXGI,1,0,0,Composed: Flip,7970.9163,NA,17.79630000000000,NA,0.07000000000000,0.97160000000000,NA,7953.2339,17.7524,17.6824,0.0700,17.8938,0.7602,0.7602,0.0000,NA,NA,NA
ExperienceX.exe,56308,0x216838E1150,DXGI,1,0,0,Composed: Flip,7986.6327,NA,15.71640000000000,33.30420000000000,0.13510000000000,0.96970000000000,32.9722,7970.9863,15.7815,15.6464,0.1351,16.3344,0.2817,0.2817,0.0000,0.2436,7970.9863,NA
ExperienceX.exe,56308,0x216838E1150,DXGI,1,0,0,Composed: Flip,8005.2645,NA,18.63180000000000,16.78060000000000,0.11280000000000,1.59970000000000,31.1210,7986.7678,18.6095,18.4967,0.1128,19.7973,0.2991,0.2991,0.0000,-0.9991,7986.7678,NA
ExperienceX.exe,56308,0x216838E1150,DXGI,1,0,0,Composed: Flip,8019.9301,NA,14.66560000000000,16.52630000000000,0.12170000000000,0.88950000000000,32.9817,8005.3773,14.6745,14.5528,0.1217,1.4869,13.9554,2.2481,11.7073,2.0832,8005.3773,NA
ExperienceX.exe,56308,0x216C829D570,DXGI,1,0,0,Composed: Flip,7970.8880,NA,17.76790000000000,50.07980000000001,0.08350000000000,1.28020000000000,32.0882,7953.2337,17.7378,17.6543,0.0835,18.6542,0.2803,0.2803,0.0000,-0.5569,7953.2337,NA
ExperienceX.exe,56308,0x216C829D570,DXGI,1,0,0,Composed: Flip,7986.6326,NA,15.74460000000000,NA,0.13520000000000,0.68810000000000,NA,7970.9715,15.7963,15.6611,0.1352,1.1967,15.1525,1.8830,13.2695,NA,NA,NA
ExperienceX.exe,56308,0x216C829D570,DXGI,1,0,0,Composed: Flip,8004.6528,NA,18.02020000000000,NA,0.79280000000000,1.91230000000000,NA,7986.7678,18.6778,17.8850,0.7928,19.5197,0.2776,0.2776,0.0000,NA,NA,NA
ExperienceX.exe,56308,0x216C829D570,DXGI,1,0,0,Composed: Flip,8038.5556,NA,33.90280000000000,NA,0.07560000000000,0.71790000000000,NA,8005.4456,33.1856,33.1100,0.0756,33.5447,0.2832,0.2832,0.0000,NA,NA,NA
ExperienceX.exe,56308,0x216838E1150,DXGI,1,0,0,Composed: Flip,8037.1513,NA,17.22120000000000,16.74590000000000,0.17420000000000,1.83900000000000,32.5064,8020.0518,17.2737,17.0995,0.1742,17.9792,0.9593,0.9593,0.0000,-2.0714,8020.0518,NA
ExperienceX.exe,56308,0x216838E1150,DXGI,1,0,0,Composed: Flip,8053.1789,NA,16.02760000000000,NA,0.14540000000000,0.91810000000000,NA,8037.3255,15.9988,15.8534,0.1454,1.9480,14.8235,2.2627,12.5608,NA,NA,NA
ExperienceX.exe,56308,0x216838E1150,DXGI,1,0,0,Composed: Flip,8071.3458,NA,18.16690000000000,33.24440000000000,0.18950000000000,1.37960000000000,31.5563,8053.3243,18.2110,18.0215,0.1895,19.1237,0.2774,0.2774,0.0000,0.0281,8053.3243,NA
ExperienceX.exe,56308,0x216C829D570,DXGI,1,0,0,Composed: Flip,8053.1787,NA,14.62310000000000,83.35980000000001,0.14560000000000,1.36830000000000,33.1573,8038.6312,14.6931,14.5475,0.1456,15.4658,0.4500,0.4500,0.0000,2.0377,8038.6312,NA
ExperienceX.exe,56308,0x216C829D570,DXGI,1,0,0,Composed: Flip,8071.4648,NA,18.28610000000000,NA,0.07260000000000,0.98320000000000,NA,8053.3243,18.2131,18.1405,0.0726,18.0184,1.1053,1.1053,0.0000,NA,NA,NA
ExperienceX.exe,56308,0x216C829D570,DXGI,1,0,0,Composed: Flip,8086.7640,NA,15.29920000000000,NA,0.30550000000000,1.74030000000000,NA,8071.5374,15.5321,15.2266,0.3055,16.6896,0.2773,0.2773,0.0000,NA,NA,NA
ExperienceX.exe,56308,0x216C829D570,DXGI,1,0,0,Composed: Flip,8103.5514,NA,16.78740000000000,49.92630000000000,0.89600000000000,1.67470000000000,32.7109,8087.0695,17.3779,16.4819,0.8960,17.2316,0.9250,0.9250,0.0000,-1.4880,8087.0695,NA
ExperienceX.exe,56308,0x216838E1150,DXGI,1,0,0,Composed: Flip,8086.7639,NA,15.41810000000000,16.66780000000000,0.26980000000000,1.46310000000000,32.8060,8071.5353,15.4984,15.2286,0.2698,1.1901,15.5016,2.9156,12.5860,1.5432,8071.5353,NA
ExperienceX.exe,56308,0x216838E1150,DXGI,1,0,0,Composed: Flip,8103.5600,NA,16.79610000000000,NA,0.51870000000000,1.95230000000000,NA,8087.0337,17.0450,16.5263,0.5187,18.1924,0.2862,0.2862,0.0000,NA,NA,NA
ExperienceX.exe,56308,0x216838E1150,DXGI,1,0,0,Composed: Flip,8119.8407,NA,16.28070000000000,NA,0.13840000000000,1.29940000000000,NA,8104.0787,15.9004,15.7620,0.1384,16.6085,0.4529,0.4529,0.0000,NA,NA,NA
ExperienceX.exe,56308,0x216838E1150,DXGI,1,0,0,Composed: Flip,8137.6127,NA,17.77200000000000,50.03310000000000,0.20810000000000,1.05940000000000,31.9903,8119.9791,17.8417,17.6336,0.2081,17.7384,0.9546,0.9546,0.0000,-1.5893,8119.9791,NA
ExperienceX.exe,56308,0x216838E1150,DXGI,1,0,0,Composed: Flip,8153.1673,NA,15.55460000000000,16.65040000000000,0.14080000000000,1.59770000000000,33.0861,8137.8208,15.4873,15.3465,0.1408,16.4000,0.5442,0.5442,0.0000,1.1913,8137.8208,NA
ExperienceX.exe,56308,0x216838E1150,DXGI,1,0,0,Composed: Flip,8170.1244,NA,16.95710000000000,16.70370000000000,0.10650000000000,1.77280000000000,32.8327,8153.3081,16.9228,16.8163,0.1065,17.5970,0.9921,0.9921,0.0000,-1.2164,8153.3081,NA
ExperienceX.exe,56308,0x216838E1150,DXGI,1,0,0,Composed: Flip,8186.5481,NA,16.42370000000000,16.62060000000000,0.15350000000000,0.81430000000000,33.0296,8170.2309,16.4707,16.3172,0.1535,1.9620,15.1695,2.3163,12.8532,0.3022,8170.2309,NA
ExperienceX.exe,56308,0x216C829D570,DXGI,1,0,0,Composed: Flip,8119.8402,NA,16.28880000000000,16.64830000000000,0.13880000000000,0.84700000000000,33.0704,8104.4474,15.5316,15.3928,0.1388,1.0649,15.1749,2.1950,12.9799,0.7296,8104.4474,NA
ExperienceX.exe,56308,0x216C829D570,DXGI,1,0,0,Composed: Flip,8136.8929,NA,17.05270000000000,NA,0.09160000000000,2.08220000000000,NA,8119.9790,17.0055,16.9139,0.0916,18.6931,0.3030,0.3030,0.0000,NA,NA,NA
ExperienceX.exe,56308,0x216C829D570,DXGI,1,0,0,Composed: Flip,8153.1670,NA,16.27410000000000,NA,0.14120000000000,1.05380000000000,NA,8136.9845,16.3237,16.1825,0.1412,1.9906,15.2457,2.1543,13.0914,NA,NA,NA
ExperienceX.exe,56308,0x216C829D570,DXGI,1,0,0,Composed: Flip,8170.1317,NA,16.96470000000000,NA,0.09200000000000,2.06120000000000,NA,8153.3082,16.9155,16.8235,0.0920,18.5890,0.2957,0.2957,0.0000,NA,NA,NA
ExperienceX.exe,56308,0x216C829D570,DXGI,1,0,0,Composed: Flip,8186.5487,NA,16.41700000000000,NA,0.15310000000000,1.18340000000000,NA,8170.2237,16.4781,16.3250,0.1531,17.1387,0.3697,0.3697,0.0000,NA,NA,NA
ExperienceX.exe,56308,0x216C829D570,DXGI,1,0,0,Composed: Flip,8203.9887,NA,17.44000000000000,NA,0.55450000000000,2.07730000000000,NA,8186.7018,17.8414,17.2869,0.5545,17.3075,2.0567,2.0567,0.0000,NA,NA,NA
ExperienceX.exe,56308,0x216838E1150,DXGI,1,0,0,Composed: Flip,8204.2380,NA,17.68990000000000,16.66090000000000,0.35930000000000,1.92630000000000,32.0006,8186.7016,17.8957,17.5364,0.3593,19.3644,0.0983,0.0983,0.0000,-0.1902,8186.7016,NA
ExperienceX.exe,56308,0x216838E1150,DXGI,1,0,0,Composed: Flip,8219.9175,NA,15.67950000000000,NA,0.19140000000000,0.96500000000000,NA,8204.5973,15.5116,15.3202,0.1914,1.5670,14.7182,1.4801,13.2381,NA,NA,NA
ExperienceX.exe,56308,0x216C829D570,DXGI,1,0,0,Composed: Flip,8219.9179,NA,15.92920000000000,100.03380000000000,0.19100000000000,1.93400000000000,33.0265,8204.5432,15.5657,15.3747,0.1910,16.3393,0.9694,0.4931,0.4763,0.0620,8204.5432,NA
ExperienceX.exe,56308,0x216C829D570,DXGI,1,0,0,Composed: Flip,8237.2137,NA,17.29580000000000,NA,0.06840000000000,1.11110000000000,NA,8220.1089,17.1732,17.1048,0.0684,17.0341,1.1818,1.1818,0.0000,NA,NA,NA
ExperienceX.exe,56308,0x216838E1150,DXGI,1,0,0,Composed: Flip,8237.3129,NA,17.39540000000000,33.33720000000000,0.05380000000000,1.33580000000000,32.2629,8220.1089,17.2578,17.2040,0.0538,18.2159,0.3239,0.3239,0.0000,0.0701,8220.1089,NA
ExperienceX.exe,56308,0x216838E1150,DXGI,1,0,0,Composed: Flip,8253.2527,NA,15.93980000000000,NA,0.10950000000000,0.47680000000000,NA,8237.3667,15.9955,15.8860,0.1095,1.2820,15.0808,1.5222,13.5586,NA,NA,NA
ExperienceX.exe,56308,0x216C829D570,DXGI,1,0,0,Composed: Flip,8253.2545,NA,16.04080000000000,33.59020000000000,0.10770000000000,0.75780000000000,33.2801,8237.2821,16.0801,15.9724,0.1077,16.4474,0.2828,0.2828,0.0000,-0.8513,8237.2821,NA
ExperienceX.exe,56308,0x216C829D570,DXGI,1,0,0,Composed: Flip,8270.1448,NA,16.89030000000000,NA,0.10090000000000,1.71130000000000,NA,8253.3622,16.8835,16.7826,0.1009,17.4262,1.0677,1.0677,0.0000,NA,NA,NA
ExperienceX.exe,56308,0x216838E1150,DXGI,1,0,0,Composed: Flip,8270.8517,NA,17.59900000000000,33.51540000000000,0.08820000000000,1.33390000000000,32.2395,8253.3622,17.5777,17.4895,0.0882,18.4939,0.3295,0.3295,0.0000,-0.2621,8253.3622,NA
ExperienceX.exe,56308,0x216838E1150,DXGI,1,0,0,Composed: Flip,8287.1307,NA,16.27900000000000,NA,0.23400000000000,2.58870000000000,NA,8270.9399,16.4248,16.1908,0.2340,18.7697,0.0098,0.0098,0.0000,NA,NA,NA
ExperienceX.exe,56308,0x216C829D570,DXGI,1,0,0,Composed: Flip,8287.1299,NA,16.98510000000000,33.04110000000000,0.23470000000000,1.61180000000000,32.4458,8270.2457,17.1189,16.8842,0.2347,1.9399,16.5561,2.8061,13.7500,-0.0775,8270.2457,NA
ExperienceX.exe,56308,0x216C829D570,DXGI,1,0,0,Composed: Flip,8303.9336,NA,16.80370000000000,NA,0.07590000000000,1.41120000000000,NA,8287.3646,16.6449,16.5690,0.0759,2.3548,15.6254,2.1691,13.4563,NA,NA,NA
ExperienceX.exe,56308,0x216838E1150,DXGI,1,0,0,Composed: Flip,8305.1250,NA,17.99430000000000,33.22340000000000,0.14080000000000,1.29790000000000,31.1896,8287.3647,17.9011,17.7603,0.1408,17.9801,1.0781,1.0781,0.0000,0.7791,8287.3647,NA
ExperienceX.exe,56308,0x216838E1150,DXGI,1,0,0,Composed: Flip,8319.8679,NA,14.74290000000000,NA,0.14760000000000,1.04120000000000,NA,8305.2658,14.7497,14.6021,0.1476,1.7320,13.9113,1.5176,12.3937,NA,NA,NA
ExperienceX.exe,56308,0x216C829D570,DXGI,1,0,0,Composed: Flip,8319.8676,NA,15.93400000000000,33.32620000000000,0.14790000000000,1.58060000000000,33.0343,8304.0095,16.0060,15.8581,0.1479,16.8996,0.5391,0.5391,0.0000,0.4376,8304.0095,NA
ExperienceX.exe,56308,0x216C829D570,DXGI,1,0,0,Composed: Flip,8337.6039,NA,17.73630000000000,NA,0.34100000000000,1.06140000000000,NA,8320.0155,17.9294,17.5884,0.3410,17.8478,0.8020,0.8020,0.0000,NA,NA,NA
ExperienceX.exe,56308,0x216C829D570,DXGI,1,0,0,Composed: Flip,8353.1723,NA,15.56840000000000,33.45540000000000,0.18100000000000,0.92880000000000,33.1850,8337.9449,15.4084,15.2274,0.1810,1.0104,15.1458,2.2836,12.8622,0.4800,8337.9449,NA
ExperienceX.exe,56308,0x216838E1150,DXGI,1,0,0,Composed: Flip,8337.5034,NA,17.63550000000000,33.26810000000000,0.18900000000000,1.45190000000000,32.0793,8320.0155,17.6769,17.4879,0.1890,18.6498,0.2900,0.2900,0.0000,-0.6173,8320.0155,NA
ExperienceX.exe,56308,0x216838E1150,DXGI,1,0,0,Composed: Flip,8353.1641,NA,15.66070000000000,NA,0.14480000000000,1.39750000000000,NA,8337.6924,15.6165,15.4717,0.1448,16.4087,0.4605,0.4605,0.0000,NA,NA,NA
ExperienceX.exe,56308,0x216838E1150,DXGI,1,0,0,Composed: Flip,8370.0926,NA,16.92850000000000,NA,0.55370000000000,1.98100000000000,NA,8353.3089,17.3374,16.7837,0.5537,18.4742,0.2905,0.2905,0.0000,NA,NA,NA
ExperienceX.exe,56308,0x216838E1150,DXGI,1,0,0,Composed: Flip,8386.6859,NA,16.59330000000000,49.99690000000000,0.15090000000000,1.01240000000000,32.8937,8370.6463,16.1905,16.0396,0.1509,16.7817,0.2703,0.2703,0.0000,0.6339,8370.6463,NA
ExperienceX.exe,56308,0x216838E1150,DXGI,1,0,0,Composed: Flip,8403.2772,NA,16.59130000000000,16.67150000000000,0.18260000000000,2.22240000000000,32.9739,8386.8368,16.6230,16.4404,0.1826,16.9659,1.6969,1.6969,0.0000,-0.4810,8386.8368,NA
ExperienceX.exe,56308,0x216838E1150,DXGI,1,0,0,Composed: Flip,8419.9928,NA,16.71560000000000,16.69090000000000,0.33520000000000,2.07340000000000,32.9492,8403.4598,16.8682,16.5330,0.3352,17.9213,0.6851,0.6851,0.0000,-0.0679,8403.4598,NA
ExperienceX.exe,56308,0x216C7EA03E0,DXGI,1,0,0,Composed: Flip,7786.9912,NA,17.13870000000000,333.17770000000002,0.54190000000000,0.67340000000000,32.5869,7770.0685,17.4646,16.9227,0.5419,1.9013,15.6948,2.9065,12.7883,-0.3172,7770.0685,NA
ExperienceX.exe,56308,0x216C7EA03E0,DXGI,1,0,0,Composed: Flip,7803.2256,NA,16.23440000000000,NA,0.22800000000000,0.78830000000000,NA,7787.5331,15.9205,15.6925,0.2280,1.1245,15.3563,1.0333,14.3230,NA,NA,NA
ExperienceX.exe,56308,0x216C7EA03E0,DXGI,1,0,0,Composed: Flip,7820.0507,NA,16.82510000000000,NA,0.42100000000000,1.63200000000000,NA,7803.4536,17.0181,16.5971,0.4210,17.6444,0.5847,0.5847,0.0000,NA,NA,NA
ExperienceX.exe,56308,0x216C7EA03E0,DXGI,1,0,0,Composed: Flip,7836.5272,NA,16.47650000000000,NA,0.18190000000000,0.61870000000000,NA,7820.4717,16.2374,16.0555,0.1819,1.2110,15.4632,1.0542,14.4090,NA,NA,NA
ExperienceX.exe,56308,0x216C7EA03E0,DXGI,1,0,0,Composed: Flip,7853.4930,NA,16.96580000000000,NA,0.07490000000000,1.47360000000000,NA,7836.7091,16.8588,16.7839,0.0749,17.6945,0.5630,0.5630,0.0000,NA,NA,NA
ExperienceX.exe,56308,0x216C7EA03E0,DXGI,1,0,0,Composed: Flip,7869.8426,NA,16.34960000000000,NA,0.15110000000000,1.07220000000000,NA,7853.5679,16.4258,16.2747,0.1511,1.3987,15.9482,1.3470,14.6012,NA,NA,NA
ExperienceX.exe,56308,0x216C7EA03E0,DXGI,1,0,0,Composed: Flip,7888.7039,NA,18.86130000000000,NA,0.43650000000000,0.96720000000000,NA,7869.9937,19.1467,18.7102,0.4365,18.3018,1.3756,1.2278,0.1478,NA,NA,NA
ExperienceX.exe,56308,0x216C7EA03E0,DXGI,1,0,0,Composed: Flip,7903.2506,NA,14.54670000000000,NA,0.23170000000000,1.05050000000000,NA,7889.1404,14.3419,14.1102,0.2317,0.7406,14.4201,2.0745,12.3456,NA,NA,NA
ExperienceX.exe,56308,0x216C7EA03E0,DXGI,1,0,0,Composed: Flip,7920.7502,NA,17.49960000000000,NA,0.06940000000000,1.73240000000000,NA,7903.4823,17.3373,17.2679,0.0694,17.9118,1.0885,1.0885,0.0000,NA,NA,NA
ExperienceX.exe,56308,0x216C7EA03E0,DXGI,1,0,0,Composed: Flip,7936.5317,NA,15.78150000000000,NA,0.19960000000000,1.01490000000000,NA,7920.8196,15.9117,15.7121,0.1996,1.6630,15.0640,1.0885,13.9755,NA,NA,NA
ExperienceX.exe,56308,0x216C7EA03E0,DXGI,1,0,0,Composed: Flip,7953.6634,NA,17.13170000000000,NA,0.23200000000000,1.06990000000000,NA,7936.7313,17.1641,16.9321,0.2320,17.1544,0.8476,0.8476,0.0000,NA,NA,NA
ExperienceX.exe,56308,0x216C7EA03E0,DXGI,1,0,0,Composed: Flip,7969.9738,NA,16.31040000000000,NA,0.26260000000000,1.15390000000000,NA,7953.8954,16.3410,16.0784,0.2626,0.8379,16.3944,1.3087,15.0857,NA,NA,NA
ExperienceX.exe,56308,0x216C7EA03E0,DXGI,1,0,0,Composed: Flip,7987.4576,NA,17.48380000000000,NA,0.04550000000000,1.00440000000000,NA,7970.2364,17.2667,17.2212,0.0455,17.3660,0.8596,0.8596,0.0000,NA,NA,NA
ExperienceX.exe,56308,0x216C7EA03E0,DXGI,1,0,0,Composed: Flip,8003.4268,NA,15.96920000000000,NA,1.16660000000000,2.86070000000000,NA,7987.5031,17.0903,15.9237,1.1666,0.9589,17.8255,1.8646,15.9609,NA,NA,NA
ExperienceX.exe,56308,0x216C7EA03E0,DXGI,1,0,0,Composed: Flip,8020.2059,NA,16.77910000000000,NA,0.06040000000000,1.06960000000000,NA,8004.5934,15.6729,15.6125,0.0604,16.2262,0.4559,0.4559,0.0000,NA,NA,NA
ExperienceX.exe,56308,0x216C7EA03E0,DXGI,1,0,0,Composed: Flip,8036.8112,NA,16.60530000000000,NA,0.20110000000000,1.21980000000000,NA,8020.2663,16.7460,16.5449,0.2011,1.5898,16.1749,1.1647,15.0102,NA,NA,NA
ExperienceX.exe,56308,0x216C7EA03E0,DXGI,1,0,0,Composed: Flip,8053.4494,NA,16.63820000000000,NA,0.82130000000000,1.67840000000000,NA,8037.0123,17.2584,16.4371,0.8213,17.5347,0.5808,0.5775,0.0033,NA,NA,NA
ExperienceX.exe,56308,0x216C7EA03E0,DXGI,1,0,0,Composed: Flip,8070.3183,NA,16.86890000000000,NA,0.20810000000000,1.02440000000000,NA,8054.2707,16.2557,16.0476,0.2081,0.8571,16.2149,1.5324,14.6825,NA,NA,NA
ExperienceX.exe,56308,0x216C7EA03E0,DXGI,1,0,0,Composed: Flip,8087.8240,NA,17.50570000000000,NA,0.40940000000000,1.31180000000000,NA,8070.5264,17.7070,17.2976,0.4094,17.9779,0.6315,0.6315,0.0000,NA,NA,NA
ExperienceX.exe,56308,0x216C7EA03E0,DXGI,1,0,0,Composed: Flip,8103.2083,NA,15.38430000000000,NA,0.23410000000000,1.09280000000000,NA,8088.2334,15.2090,14.9749,0.2341,0.9024,15.1653,1.1834,13.9819,NA,NA,NA
ExperienceX.exe,56308,0x216C7EA03E0,DXGI,1,0,0,Composed: Flip,8120.3890,NA,17.18070000000000,NA,0.23460000000000,1.32840000000000,NA,8103.4424,17.1812,16.9466,0.2346,17.6977,0.5773,0.5773,0.0000,NA,NA,NA
ExperienceX.exe,56308,0x216C7EA03E0,DXGI,1,0,0,Composed: Flip,8136.5866,NA,16.19760000000000,NA,0.22380000000000,1.13090000000000,NA,8120.6236,16.1868,15.9630,0.2238,1.0938,16.0001,1.3692,14.6309,NA,NA,NA
ExperienceX.exe,56308,0x216C7EA03E0,DXGI,1,0,0,Composed: Flip,8153.8364,NA,17.24980000000000,NA,0.06940000000000,1.21690000000000,NA,8136.8104,17.0954,17.0260,0.0694,17.9546,0.2883,0.2883,0.0000,NA,NA,NA
ExperienceX.exe,56308,0x216C7EA03E0,DXGI,1,0,0,Composed: Flip,8169.8658,NA,16.02940000000000,NA,0.18750000000000,1.03930000000000,NA,8153.9058,16.1475,15.9600,0.1875,1.1475,15.8518,1.4228,14.4290,NA,NA,NA
ExperienceX.exe,56308,0x216C7EA03E0,DXGI,1,0,0,Composed: Flip,8187.5411,NA,17.67530000000000,NA,0.08520000000000,0.77690000000000,NA,8170.0533,17.5730,17.4878,0.0852,17.6788,0.5859,0.5859,0.0000,NA,NA,NA
ExperienceX.exe,56308,0x216C7EA03E0,DXGI,1,0,0,Composed: Flip,8203.2431,NA,15.70200000000000,NA,0.09560000000000,0.76620000000000,NA,8187.6263,15.7124,15.6168,0.0956,0.6917,15.6913,1.5253,14.1660,NA,NA,NA
ExperienceX.exe,56308,0x216C7EA03E0,DXGI,1,0,0,Composed: Flip,8220.2604,NA,17.01730000000000,NA,0.92210000000000,2.18460000000000,NA,8203.3387,17.8438,16.9217,0.9221,18.5132,0.5931,0.5931,0.0000,NA,NA,NA
ExperienceX.exe,56308,0x216C7EA03E0,DXGI,1,0,0,Composed: Flip,8236.5092,NA,16.24880000000000,NA,0.16940000000000,0.63380000000000,NA,8221.1825,15.4961,15.3267,0.1694,1.2625,14.6980,0.9423,13.7557,NA,NA,NA
ExperienceX.exe,56308,0x216C7EA03E0,DXGI,1,0,0,Composed: Flip,8253.9769,NA,17.46770000000000,NA,0.35540000000000,0.89140000000000,NA,8236.6786,17.6537,17.2983,0.3554,17.3337,0.8560,0.8507,0.0053,NA,NA,NA
ExperienceX.exe,56308,0x216C7EA03E0,DXGI,1,0,0,Composed: Flip,8269.8471,NA,15.87020000000000,NA,0.17520000000000,0.94130000000000,NA,8254.3323,15.6900,15.5148,0.1752,0.5360,15.9201,1.2281,14.6920,NA,NA,NA
ExperienceX.exe,56308,0x216C7EA03E0,DXGI,1,0,0,Composed: Flip,8289.0854,NA,19.23830000000000,NA,0.07940000000000,0.62420000000000,NA,8270.0223,19.1425,19.0631,0.0794,18.7194,0.9679,0.9679,0.0000,NA,NA,NA
ExperienceX.exe,56308,0x216C7EA03E0,DXGI,1,0,0,Composed: Flip,8303.5390,NA,14.45360000000000,NA,0.21940000000000,3.45880000000000,NA,8289.1648,14.5936,14.3742,0.2194,17.2581,0.5749,0.5749,0.0000,NA,NA,NA
ExperienceX.exe,56308,0x216C7EA03E0,DXGI,1,0,0,Composed: Flip,8320.4379,NA,16.89890000000000,NA,0.20820000000000,1.29690000000000,NA,8303.7584,16.8877,16.6795,0.2082,17.6898,0.2866,0.2866,0.0000,NA,NA,NA
ExperienceX.exe,56308,0x216C7EA03E0,DXGI,1,0,0,Composed: Flip,8336.6336,NA,16.19570000000000,NA,0.15610000000000,1.22970000000000,NA,8320.6461,16.1436,15.9875,0.1561,1.0887,16.1285,1.5689,14.5596,NA,NA,NA
ExperienceX.exe,56308,0x216C7EA03E0,DXGI,1,0,0,Composed: Flip,8354.3502,NA,17.71660000000000,NA,0.05150000000000,0.81430000000000,NA,8336.7897,17.6120,17.5605,0.0515,17.7719,0.6029,0.6029,0.0000,NA,NA,NA
ExperienceX.exe,56308,0x216C7EA03E0,DXGI,1,0,0,Composed: Flip,8369.8529,NA,15.50270000000000,NA,0.17890000000000,0.93080000000000,NA,8354.4017,15.6301,15.4512,0.1789,0.7628,15.6192,1.1833,14.4359,NA,NA,NA
ExperienceX.exe,56308,0x216C7EA03E0,DXGI,1,0,0,Composed: Flip,8388.0000,NA,18.14710000000000,NA,0.06940000000000,0.51680000000000,NA,8370.0318,18.0376,17.9682,0.0694,17.6665,0.8185,0.8141,0.0044,NA,NA,NA
ExperienceX.exe,56308,0x216C7EA03E0,DXGI,1,0,0,Composed: Flip,8403.1569,NA,15.15690000000000,NA,0.35620000000000,0.64580000000000,NA,8388.0694,15.4437,15.0875,0.3562,0.4474,15.2859,1.1743,14.1116,NA,NA,NA
ExperienceX.exe,56308,0x216C7EA03E0,DXGI,1,0,0,Composed: Flip,8420.3804,NA,17.22350000000000,NA,0.79280000000000,1.83990000000000,NA,8403.5131,17.6601,16.8673,0.7928,18.5531,0.1541,0.1541,0.0000,NA,NA,NA
ExperienceX.exe,56308,0x216C7EA03E0,DXGI,1,0,0,Composed: Flip,8436.5176,NA,16.13720000000000,NA,0.13320000000000,0.72720000000000,NA,8421.1732,15.4776,15.3444,0.1332,1.0471,15.0245,1.1569,13.8676,NA,NA,NA
ExperienceX.exe,56308,0x216838E1150,DXGI,1,0,0,Composed: Flip,8436.8029,NA,16.81010000000000,16.71210000000000,0.12320000000000,1.73700000000000,32.8512,8420.3280,16.5981,16.4749,0.1232,16.9249,1.2870,1.2870,0.0000,0.1561,8420.3280,NA
ExperienceX.exe,56308,0x216838E1150,DXGI,1,0,0,Composed: Flip,8453.2781,NA,16.47520000000000,NA,0.14490000000000,0.70110000000000,NA,8436.9261,16.4969,16.3520,0.1449,1.9152,15.1379,2.2154,12.9225,NA,NA,NA
ExperienceX.exe,56308,0x0,Other,-1,0,0,Composed: Flip,7720.2592,NA,632.70290000000000,633.39340000000004,0.00000000000000,0.25710000000000,32.7114,7087.5563,632.7029,632.7029,0.0000,617.9064,15.0536,2.0394,13.0142,-467.0201,7087.5563,NA
ExperienceX.exe,56308,0x0,Other,-1,0,0,Composed: Flip,7787.6750,NA,67.41580000000000,NA,0.00000000000000,0.98260000000000,NA,7720.2592,67.4158,67.4158,0.0000,67.8209,0.5775,0.5775,0.0000,NA,NA,NA
ExperienceX.exe,56308,0x0,Other,-1,0,0,Composed: Flip,8020.6430,NA,232.96800000000002,NA,0.00000000000000,1.21310000000000,NA,7787.6750,232.9680,232.9680,0.0000,233.6005,0.5806,0.5806,0.0000,NA,NA,NA
ExperienceX.exe,56308,0x0,Other,-1,0,0,Composed: Flip,8454.0623,NA,433.41930000000002,NA,0.00000000000000,1.08770000000000,NA,8020.6430,433.4193,433.4193,0.0000,433.6399,0.8671,0.8671,0.0000,NA,NA,NA
ExperienceX.exe,56308,0x216838E1150,DXGI,1,0,0,Composed: Flip,8470.9108,NA,17.63270000000000,33.68500000000000,0.83020000000000,1.66630000000000,32.4283,8453.4230,18.3180,17.4878,0.8302,17.8568,1.2973,1.2973,0.0000,-0.5900,8453.4230,NA
ExperienceX.exe,56308,0x216838E1150,DXGI,1,0,0,Composed: Flip,8504.0681,NA,33.15730000000000,32.90530000000000,0.10700000000000,1.84500000000000,32.1763,8471.7410,32.4341,32.3271,0.1070,32.8064,1.3657,1.3657,0.0000,-14.5873,8471.7410,NA
ExperienceX.exe,56308,0x216838E1150,DXGI,1,0,0,Composed: Flip,8520.1014,NA,16.03330000000000,16.70880000000000,0.29160000000000,1.13710000000000,32.8518,8504.1751,16.2179,15.9263,0.2916,16.9350,0.1284,0.1284,0.0000,15.7253,8504.1751,NA
ExperienceX.exe,56308,0x216C829D570,DXGI,1,0,0,Composed: Flip,8370.0940,NA,16.92170000000000,16.56160000000000,0.07430000000000,1.68910000000000,32.8249,8353.3533,16.8150,16.7407,0.0743,17.4304,0.9994,0.9994,0.0000,-1.1532,8353.3533,NA
ExperienceX.exe,56308,0x216C829D570,DXGI,1,0,0,Composed: Flip,8386.6861,NA,16.59210000000000,NA,0.15080000000000,0.74190000000000,NA,8370.1683,16.6686,16.5178,0.1508,1.9053,15.3544,1.9981,13.3563,NA,NA,NA
ExperienceX.exe,56308,0x216C829D570,DXGI,1,0,0,Composed: Flip,8403.2752,NA,16.58910000000000,NA,0.08790000000000,2.94360000000000,NA,8386.8369,16.5262,16.4383,0.0879,18.6627,0.7192,0.7192,0.0000,NA,NA,NA
ExperienceX.exe,56308,0x216C829D570,DXGI,1,0,0,Composed: Flip,8419.9659,NA,16.69070000000000,NA,0.27590000000000,1.41520000000000,NA,8403.3631,16.8787,16.6028,0.2759,2.8557,15.1623,1.6655,13.4968,NA,NA,NA
ExperienceX.exe,56308,0x216C829D570,DXGI,1,0,0,Composed: Flip,8436.8229,NA,16.85700000000000,NA,0.75190000000000,2.01840000000000,NA,8420.2418,17.3330,16.5811,0.7519,18.2981,0.3014,0.3014,0.0000,NA,NA,NA
ExperienceX.exe,56308,0x216C829D570,DXGI,1,0,0,Composed: Flip,8471.7271,NA,34.90420000000000,NA,0.46550000000000,1.13690000000000,NA,8437.5748,34.6178,34.1523,0.4655,35.0023,0.2869,0.2869,0.0000,NA,NA,NA
ExperienceX.exe,56308,0x216C829D570,DXGI,1,0,0,Composed: Flip,8487.0538,NA,15.32670000000000,NA,0.23590000000000,1.78250000000000,NA,8472.1926,15.0971,14.8612,0.2359,16.3909,0.2528,0.2528,0.0000,NA,NA,NA
ExperienceX.exe,56308,0x216C829D570,DXGI,1,0,0,Composed: Flip,8504.0787,NA,17.02490000000000,NA,0.09500000000000,2.00680000000000,NA,8487.2897,16.8840,16.7890,0.0950,18.6234,0.1724,0.1724,0.0000,NA,NA,NA
ExperienceX.exe,56308,0x216C829D570,DXGI,1,0,0,Composed: Flip,8520.0707,NA,15.99200000000000,NA,0.26280000000000,1.03940000000000,NA,8504.1737,16.1598,15.8970,0.2628,1.9118,15.0246,2.8245,12.2001,NA,NA,NA
ExperienceX.exe,56308,0x216C829D570,DXGI,1,0,0,Composed: Flip,8536.9473,NA,16.87660000000000,NA,0.07320000000000,1.60710000000000,NA,8520.3335,16.6870,16.6138,0.0732,16.9958,1.2251,1.2251,0.0000,NA,NA,NA
ExperienceX.exe,56308,0x216838E1150,DXGI,1,0,0,Composed: Flip,8536.9508,NA,16.84940000000000,16.61810000000000,0.07800000000000,1.92740000000000,32.6205,8520.3930,16.6358,16.5578,0.0780,18.1614,0.3238,0.3238,0.0000,-0.4002,8520.3930,NA
ExperienceX.exe,56308,0x216838E1150,DXGI,1,0,0,Composed: Flip,8553.3860,NA,16.43520000000000,NA,0.17000000000000,1.58260000000000,NA,8537.0288,16.5272,16.3572,0.1700,1.8494,16.0904,2.5525,13.5379,NA,NA,NA
ExperienceX.exe,56308,0x216C829D570,DXGI,1,0,0,Composed: Flip,8553.3373,NA,16.39000000000000,183.31440000000001,0.21880000000000,2.16910000000000,32.8960,8537.0205,16.5356,16.3168,0.2188,17.9481,0.5378,0.5378,0.0000,0.3528,8537.0205,NA
ExperienceX.exe,56308,0x216C829D570,DXGI,1,0,0,Composed: Flip,8570.1328,NA,16.79550000000000,NA,0.08060000000000,1.88810000000000,NA,8553.5561,16.6573,16.5767,0.0806,18.1682,0.2966,0.2966,0.0000,NA,NA,NA
ExperienceX.exe,56308,0x216838E1150,DXGI,1,0,0,Composed: Flip,8570.1352,NA,16.74920000000000,33.33520000000000,0.07690000000000,1.58910000000000,32.7713,8553.5560,16.6561,16.5792,0.0769,16.9605,1.2078,1.2078,0.0000,-0.1722,8553.5560,NA
ExperienceX.exe,56308,0x216838E1150,DXGI,1,0,0,Composed: Flip,8586.4613,NA,16.32610000000000,NA,0.13270000000000,0.79840000000000,NA,8570.2121,16.3819,16.2492,0.1327,16.9154,0.1322,0.1322,0.0000,NA,NA,NA
ExperienceX.exe,56308,0x216C829D570,DXGI,1,0,0,Composed: Flip,8586.4614,NA,16.32860000000000,33.43760000000000,0.13280000000000,0.66610000000000,33.2095,8570.2134,16.3808,16.2480,0.1328,1.8075,15.1066,1.9861,13.1205,-0.2447,8570.2134,NA
ExperienceX.exe,56308,0x216C829D570,DXGI,1,0,0,Composed: Flip,8603.3327,NA,16.87130000000000,NA,0.58170000000000,1.71420000000000,NA,8586.5942,17.3202,16.7385,0.5817,17.1898,1.2629,1.2629,0.0000,NA,NA,NA
ExperienceX.exe,56308,0x216C829D570,DXGI,1,0,0,Composed: Flip,8620.1279,NA,16.79520000000000,33.29170000000000,0.26240000000000,2.76780000000000,32.8347,8603.9144,16.4759,16.2135,0.2624,17.8384,1.1429,1.1429,0.0000,0.4093,8603.9144,NA
ExperienceX.exe,56308,0x216C829D570,DXGI,1,0,0,Composed: Flip,8637.2922,NA,17.16430000000000,16.60730000000000,0.05960000000000,1.28840000000000,32.2777,8620.3903,16.9615,16.9019,0.0596,17.9035,0.2868,0.2868,0.0000,-0.1314,8620.3903,NA
ExperienceX.exe,56308,0x216C829D570,DXGI,1,0,0,Composed: Flip,8653.2522,NA,15.96000000000000,17.08170000000000,0.24800000000000,1.40440000000000,33.3994,8637.3518,16.1484,15.9004,0.2480,1.2288,16.0760,2.8996,13.1764,-0.1202,8637.3518,NA
ExperienceX.exe,56308,0x216C829D570,DXGI,1,0,0,Composed: Flip,8670.1494,NA,16.89720000000000,16.31180000000000,0.12590000000000,2.68280000000000,32.8140,8653.5002,16.7751,16.6492,0.1259,17.6884,1.6436,1.6221,0.0215,-0.1634,8653.5002,NA
ExperienceX.exe,56308,0x216838E1150,DXGI,1,0,0,Composed: Flip,8603.8692,NA,17.40790000000000,33.34870000000000,0.08790000000000,1.46110000000000,32.3860,8586.5940,17.3631,17.2752,0.0879,18.4529,0.2834,0.2834,0.0000,-0.3107,8586.5940,NA
ExperienceX.exe,56308,0x216838E1150,DXGI,1,0,0,Composed: Flip,8620.1275,NA,16.25830000000000,NA,0.26270000000000,1.62530000000000,NA,8603.9571,16.4331,16.1704,0.2627,1.3732,16.4225,2.2563,14.1662,NA,NA,NA
ExperienceX.exe,56308,0x216838E1150,DXGI,1,0,0,Composed: Flip,8636.8273,NA,16.69980000000000,NA,0.79520000000000,1.46650000000000,NA,8620.3902,17.2323,16.4371,0.7952,16.7264,1.1772,1.1772,0.0000,NA,NA,NA
ExperienceX.exe,56308,0x216838E1150,DXGI,1,0,0,Composed: Flip,8653.2518,NA,16.42450000000000,NA,0.24840000000000,1.41190000000000,NA,8637.6225,15.8777,15.6293,0.2484,17.0341,0.0071,0.0071,0.0000,NA,NA,NA
ExperienceX.exe,56308,0x216838E1150,DXGI,1,0,0,Composed: Flip,8670.1544,NA,16.90260000000000,NA,0.19520000000000,2.68270000000000,NA,8653.5002,16.8494,16.6542,0.1952,19.3320,0.0049,0.0049,0.0000,NA,NA,NA
ExperienceX.exe,56308,0x216838E1150,DXGI,1,0,0,Composed: Flip,8687.1550,NA,17.00060000000000,NA,0.24620000000000,1.21430000000000,NA,8670.3496,17.0516,16.8054,0.2462,2.4875,15.5322,2.5891,12.9431,NA,NA,NA
ExperienceX.exe,56308,0x216838E1150,DXGI,1,0,0,Composed: Flip,8703.9166,NA,16.76160000000000,100.02900000000001,0.09350000000000,1.83470000000000,32.3676,8687.4012,16.6089,16.5154,0.0935,18.0612,0.2889,0.2889,0.0000,0.7782,8687.4012,NA
ExperienceX.exe,56308,0x216838E1150,DXGI,1,0,0,Composed: Flip,8719.8412,NA,15.92460000000000,16.62120000000000,0.14940000000000,1.68990000000000,33.0642,8704.0101,15.9805,15.8311,0.1494,16.9695,0.5515,0.5515,0.0000,-0.0123,8704.0101,NA
ExperienceX.exe,56308,0x216838E1150,DXGI,1,0,0,Composed: Flip,8736.9027,NA,17.06150000000000,16.67110000000000,0.06820000000000,2.05990000000000,32.6738,8719.9906,16.9803,16.9121,0.0682,18.6797,0.2923,0.2923,0.0000,-0.6906,8719.9906,NA
ExperienceX.exe,56308,0x216838E1150,DXGI,1,0,0,Composed: Flip,8753.1897,NA,16.28700000000000,16.65380000000000,0.14540000000000,0.50830000000000,33.0406,8736.9709,16.3642,16.2188,0.1454,1.9917,14.7354,1.3849,13.3505,0.3265,8736.9709,NA
ExperienceX.exe,56308,0x216838E1150,DXGI,1,0,0,Composed: Flip,8770.6381,NA,17.44840000000000,16.72160000000000,0.06890000000000,1.05190000000000,32.3138,8753.3351,17.3719,17.3030,0.0689,17.0974,1.2575,1.2575,0.0000,-0.3574,8753.3351,NA
ExperienceX.exe,56308,0x216C829D570,DXGI,1,0,0,Composed: Flip,8687.1553,NA,17.00590000000000,16.61440000000000,0.24580000000000,1.78500000000000,32.4225,8670.2753,17.1258,16.8800,0.2458,18.0940,0.5710,0.5687,0.0023,0.1607,8670.2753,NA
ExperienceX.exe,56308,0x216C829D570,DXGI,1,0,0,Composed: Flip,8704.5014,NA,17.34610000000000,NA,0.57670000000000,0.96100000000000,NA,8687.4011,17.6770,17.1003,0.5767,17.0513,1.0100,1.0100,0.0000,NA,NA,NA
ExperienceX.exe,56308,0x216C829D570,DXGI,1,0,0,Composed: Flip,8719.8419,NA,15.34050000000000,NA,0.14840000000000,1.13770000000000,NA,8705.0781,14.9122,14.7638,0.1484,0.6732,15.2283,2.7073,12.5210,NA,NA,NA
ExperienceX.exe,56308,0x216C829D570,DXGI,1,0,0,Composed: Flip,8737.4841,NA,17.64220000000000,NA,0.05800000000000,1.18620000000000,NA,8719.9903,17.5518,17.4938,0.0580,17.8606,0.8194,0.8194,0.0000,NA,NA,NA
ExperienceX.exe,56308,0x216C829D570,DXGI,1,0,0,Composed: Flip,8753.1903,NA,15.70620000000000,NA,0.14450000000000,0.80340000000000,NA,8737.5421,15.7927,15.6482,0.1445,16.1559,0.2957,0.2957,0.0000,NA,NA,NA
ExperienceX.exe,56308,0x216C829D570,DXGI,1,0,0,Composed: Flip,8770.5644,NA,17.37410000000000,NA,0.32990000000000,1.42640000000000,NA,8753.3348,17.5595,17.2296,0.3299,18.3552,0.3008,0.3008,0.0000,NA,NA,NA
ExperienceX.exe,56308,0x216C829D570,DXGI,1,0,0,Composed: Flip,8786.5136,NA,15.94920000000000,NA,0.14870000000000,1.44670000000000,NA,8770.8943,15.7680,15.6193,0.1487,16.5612,0.5048,0.5048,0.0000,NA,NA,NA
ExperienceX.exe,56308,0x216C829D570,DXGI,1,0,0,Composed: Flip,8803.6240,NA,17.11040000000000,116.67500000000001,0.65530000000000,1.58250000000000,32.6288,8786.6623,17.6170,16.9617,0.6553,17.5875,0.9567,0.9476,0.0091,-0.2880,8786.6623,NA
ExperienceX.exe,56308,0x216838E1150,DXGI,1,0,0,Composed: Flip,8786.5142,NA,15.87610000000000,16.61760000000000,0.14850000000000,0.94130000000000,33.0553,8770.7070,15.9557,15.8072,0.1485,1.2838,15.4647,1.8188,13.6459,0.7543,8770.7070,NA
ExperienceX.exe,56308,0x216838E1150,DXGI,1,0,0,Composed: Flip,8803.9788,NA,17.46460000000000,NA,0.06550000000000,1.52200000000000,NA,8786.6627,17.3816,17.3161,0.0655,18.5438,0.2943,0.2943,0.0000,NA,NA,NA
ExperienceX.exe,56308,0x216838E1150,DXGI,1,0,0,Composed: Flip,8819.8036,NA,15.82480000000000,NA,0.12330000000000,1.39850000000000,NA,8804.0443,15.8826,15.7593,0.1233,16.6638,0.4940,0.4940,0.0000,NA,NA,NA
ExperienceX.exe,56308,0x216C829D570,DXGI,1,0,0,Composed: Flip,8819.8034,NA,16.17940000000000,16.68380000000000,0.12330000000000,0.90470000000000,33.1332,8804.2793,15.6474,15.5241,0.1233,1.2215,15.2073,2.2894,12.9179,0.9332,8804.2793,NA
ExperienceX.exe,56308,0x216C829D570,DXGI,1,0,0,Composed: Flip,8837.8108,NA,18.00740000000000,NA,0.09560000000000,2.24940000000000,NA,8819.9267,17.9797,17.8841,0.0956,19.8360,0.2975,0.2975,0.0000,NA,NA,NA
ExperienceX.exe,56308,0x216C829D570,DXGI,1,0,0,Composed: Flip,8853.2861,NA,15.47530000000000,33.35980000000000,0.21620000000000,1.54590000000000,33.0103,8837.9064,15.5959,15.3797,0.2162,16.4423,0.4833,0.4833,0.0000,0.2673,8837.9064,NA
ExperienceX.exe,56308,0x216838E1150,DXGI,1,0,0,Composed: Flip,8838.0461,NA,18.24250000000000,50.13270000000000,0.08570000000000,1.71660000000000,31.6561,8819.9269,18.2049,18.1192,0.0857,18.6863,1.1495,1.1495,0.0000,-0.9128,8819.9269,NA
ExperienceX.exe,56308,0x216838E1150,DXGI,1,0,0,Composed: Flip,8853.2846,NA,15.23850000000000,NA,0.21450000000000,1.06410000000000,NA,8838.1318,15.3673,15.1528,0.2145,1.9284,14.2885,1.4470,12.8415,NA,NA,NA
ExperienceX.exe,56308,0x216838E1150,DXGI,1,0,0,Composed: Flip,8871.4471,NA,18.16250000000000,NA,1.36440000000000,2.71430000000000,NA,8853.4991,19.3124,17.9480,1.3644,20.0336,0.6287,0.6287,0.0000,NA,NA,NA
ExperienceX.exe,56308,0x216838E1150,DXGI,1,0,0,Composed: Flip,8886.7874,NA,15.34030000000000,50.19810000000000,0.34280000000000,1.03250000000000,33.1129,8872.8115,14.3187,13.9759,0.3428,1.3499,13.6585,1.2791,12.3794,2.6865,8872.8115,NA
ExperienceX.exe,56308,0x216838E1150,DXGI,1,0,0,Composed: Flip,8904.9197,NA,18.13230000000000,16.33570000000000,0.10550000000000,1.57730000000000,31.3163,8887.1302,17.8950,17.7895,0.1055,18.2398,1.1270,1.1270,0.0000,-2.0170,8887.1302,NA
ExperienceX.exe,56308,0x216C829D570,DXGI,1,0,0,Composed: Flip,8872.0316,NA,18.74550000000000,16.70430000000000,0.13390000000000,1.50110000000000,30.9691,8853.5023,18.6632,18.5293,0.1339,19.0335,0.9969,0.9969,0.0000,-1.1084,8853.5023,NA
ExperienceX.exe,56308,0x216C829D570,DXGI,1,0,0,Composed: Flip,8886.7868,NA,14.75520000000000,NA,0.34340000000000,1.62040000000000,NA,8872.1655,14.9647,14.6213,0.3434,15.6544,0.5873,0.5873,0.0000,NA,NA,NA
ExperienceX.exe,56308,0x216C829D570,DXGI,1,0,0,Composed: Flip,8904.2403,NA,17.45350000000000,NA,0.12240000000000,2.86970000000000,NA,8887.1302,17.2325,17.1101,0.1224,19.3668,0.6130,0.6130,0.0000,NA,NA,NA
ExperienceX.exe,56308,0x216C829D570,DXGI,1,0,0,Composed: Flip,8920.3302,NA,16.08990000000000,NA,0.10560000000000,0.95390000000000,NA,8904.3627,16.0731,15.9675,0.1056,16.6375,0.2839,0.2839,0.0000,NA,NA,NA
ExperienceX.exe,56308,0x216838E1150,DXGI,1,0,0,Composed: Flip,8920.3708,NA,15.45110000000000,16.66410000000000,0.16970000000000,0.62940000000000,32.5293,8905.0252,15.5153,15.3456,0.1697,2.0848,13.8902,1.5625,12.3277,1.2309,8905.0252,NA
ExperienceX.exe,56308,0x216838E1150,DXGI,1,0,0,Composed: Flip,8937.4945,NA,17.12370000000000,NA,0.11330000000000,1.62080000000000,NA,8920.5405,17.0673,16.9540,0.1133,18.2491,0.3257,0.3257,0.0000,NA,NA,NA
ExperienceX.exe,56308,0x216C829D570,DXGI,1,0,0,Composed: Flip,8936.9748,NA,16.64460000000000,66.57270000000000,1.00650000000000,1.81480000000000,32.5986,8920.4358,17.5455,16.5390,1.0065,17.2939,1.0599,1.0599,0.0000,0.3608,8920.4358,NA
ExperienceX.exe,56308,0x216C829D570,DXGI,1,0,0,Composed: Flip,8953.1553,NA,16.18050000000000,NA,0.13350000000000,0.74250000000000,NA,8937.9813,15.3075,15.1740,0.1335,15.5937,0.3228,0.3228,0.0000,NA,NA,NA
ExperienceX.exe,56308,0x216838E1150,DXGI,1,0,0,Composed: Flip,8953.1391,NA,15.64460000000000,33.35290000000000,0.06920000000000,0.43590000000000,33.1139,8937.6078,15.6005,15.5313,0.0692,1.5075,14.4597,1.8924,12.5673,-0.7703,8937.6078,NA
ExperienceX.exe,56308,0x216838E1150,DXGI,1,0,0,Composed: Flip,8970.5967,NA,17.45760000000000,NA,0.06790000000000,1.12660000000000,NA,8953.2083,17.4563,17.3884,0.0679,17.2231,1.2919,1.2919,0.0000,NA,NA,NA
ExperienceX.exe,56308,0x216C829D570,DXGI,1,0,0,Composed: Flip,8970.1679,NA,17.01260000000000,33.36410000000000,0.54330000000000,1.85750000000000,32.7696,8953.2888,17.4224,16.8791,0.5433,18.4345,0.3021,0.3021,0.0000,-0.5111,8953.2888,NA
ExperienceX.exe,56308,0x216C829D570,DXGI,1,0,0,Composed: Flip,8986.5687,NA,16.40080000000000,NA,0.17710000000000,1.44860000000000,NA,8970.7112,16.0346,15.8575,0.1771,16.8056,0.5005,0.5005,0.0000,NA,NA,NA
ExperienceX.exe,56308,0x216C829D570,DXGI,1,0,0,Composed: Flip,9004.1634,NA,17.59470000000000,33.30520000000000,0.39520000000000,1.41460000000000,32.0793,8986.7458,17.8128,17.4176,0.3952,18.5188,0.3134,0.3134,0.0000,0.1518,8986.7458,NA
ExperienceX.exe,56308,0x216838E1150,DXGI,1,0,0,Composed: Flip,8986.5618,NA,15.96510000000000,33.31970000000000,0.17820000000000,0.95500000000000,33.0109,8970.6646,16.0754,15.8972,0.1782,1.3608,15.4914,2.4030,13.0884,-0.2629,8970.6646,NA
ExperienceX.exe,56308,0x216838E1150,DXGI,1,0,0,Composed: Flip,9004.3795,NA,17.81770000000000,NA,0.07400000000000,0.88510000000000,NA,8986.7400,17.7135,17.6395,0.0740,17.2218,1.3028,1.3028,0.0000,NA,NA,NA
ExperienceX.exe,56308,0x216838E1150,DXGI,1,0,0,Composed: Flip,9019.8605,NA,15.48100000000000,NA,0.14630000000000,0.91750000000000,NA,9004.4535,15.5533,15.4070,0.1463,15.9398,0.3847,0.3847,0.0000,NA,NA,NA
ExperienceX.exe,56308,0x216C829D570,DXGI,1,0,0,Composed: Flip,9019.8602,NA,15.69680000000000,16.65290000000000,0.14660000000000,0.53310000000000,33.0354,9004.5586,15.4482,15.3016,0.1466,1.0194,14.8153,1.7880,13.0273,1.1599,9004.5586,NA
ExperienceX.exe,56308,0x216C829D570,DXGI,1,0,0,Composed: Flip,9037.3366,NA,17.47640000000000,NA,0.06180000000000,1.24640000000000,NA,9020.0068,17.3916,17.3298,0.0618,17.7406,0.8356,0.8356,0.0000,NA,NA,NA
ExperienceX.exe,56308,0x216838E1150,DXGI,1,0,0,Composed: Flip,9036.7642,NA,16.90370000000000,50.01510000000000,0.47350000000000,2.12710000000000,32.8236,9020.0068,17.2309,16.7574,0.4735,18.5762,0.3083,0.3083,0.0000,-0.6729,9020.0068,NA
ExperienceX.exe,56308,0x216838E1150,DXGI,1,0,0,Composed: Flip,9053.1544,NA,16.39020000000000,NA,0.13690000000000,0.80040000000000,NA,9037.2377,16.0536,15.9167,0.1369,16.4847,0.2324,0.2324,0.0000,NA,NA,NA
ExperienceX.exe,56308,0x216838E1150,DXGI,1,0,0,Composed: Flip,9071.0881,NA,17.93370000000000,33.32350000000000,0.08520000000000,1.67890000000000,31.8232,9053.2913,17.8820,17.7968,0.0852,19.1631,0.3126,0.3126,0.0000,-0.0390,9053.2913,NA
ExperienceX.exe,56308,0x216838E1150,DXGI,1,0,0,Composed: Flip,9087.0195,NA,15.93140000000000,16.89350000000000,0.28460000000000,1.47560000000000,32.7853,9071.1733,16.1308,15.8462,0.2846,1.5937,15.7281,2.5069,13.2212,0.9885,9071.1733,NA
ExperienceX.exe,56308,0x216838E1150,DXGI,1,0,0,Composed: Flip,9104.3061,NA,17.28660000000000,16.43030000000000,0.11760000000000,1.23910000000000,31.9290,9087.3041,17.1196,17.0020,0.1176,17.9362,0.3049,0.3049,0.0000,-0.2995,9087.3041,NA
ExperienceX.exe,56308,0x216C829D570,DXGI,1,0,0,Composed: Flip,9053.1541,NA,15.81750000000000,33.57850000000000,0.13710000000000,0.56830000000000,33.3200,9037.3984,15.8928,15.7557,0.1371,1.4929,14.8311,1.5429,13.2882,-0.7387,9037.3984,NA
ExperienceX.exe,56308,0x216C829D570,DXGI,1,0,0,Composed: Flip,9070.8568,NA,17.70270000000000,NA,0.12630000000000,1.59760000000000,NA,9053.2912,17.6919,17.5656,0.1263,18.3036,0.8596,0.8596,0.0000,NA,NA,NA
ExperienceX.exe,56308,0x216C829D570,DXGI,1,0,0,Composed: Flip,9086.9564,NA,16.09960000000000,NA,0.18860000000000,1.94530000000000,NA,9070.9831,16.1619,15.9733,0.1886,17.5120,0.4066,0.4066,0.0000,NA,NA,NA
ExperienceX.exe,56308,0x216C829D570,DXGI,1,0,0,Composed: Flip,9103.5977,NA,16.64130000000000,NA,0.32690000000000,1.64260000000000,NA,9087.1450,16.7796,16.4527,0.3269,17.1686,0.9267,0.9267,0.0000,NA,NA,NA
ExperienceX.exe,56308,0x216C829D570,DXGI,1,0,0,Composed: Flip,9120.4791,NA,16.88140000000000,NA,0.35670000000000,2.31040000000000,NA,9103.9246,16.9112,16.5545,0.3567,1.6206,17.2443,3.3891,13.8552,NA,NA,NA
ExperienceX.exe,56308,0x216838E1150,DXGI,1,0,0,Composed: Flip,9120.4590,NA,16.15290000000000,16.67730000000000,0.34880000000000,2.46910000000000,32.4534,9104.4237,16.3841,16.0353,0.3488,18.3658,0.1386,0.1386,0.0000,0.4423,9104.4237,NA
ExperienceX.exe,56308,0x216838E1150,DXGI,1,0,0,Composed: Flip,9136.7080,NA,16.24900000000000,NA,0.12340000000000,2.00140000000000,NA,9120.8078,16.0236,15.9002,0.1234,17.0487,0.8529,0.8529,0.0000,NA,NA,NA
ExperienceX.exe,56308,0x216C829D570,DXGI,1,0,0,Composed: Flip,9136.7059,NA,16.22680000000000,83.12400000000001,0.12380000000000,2.31060000000000,32.8922,9120.8358,15.9939,15.8701,0.1238,17.8736,0.3071,0.3071,0.0000,0.3134,9120.8358,NA
ExperienceX.exe,56308,0x216C829D570,DXGI,1,0,0,Composed: Flip,9153.1597,NA,16.45380000000000,NA,0.10350000000000,0.56250000000000,NA,9136.8297,16.4335,16.3300,0.1035,2.1868,14.7057,1.7705,12.9352,NA,NA,NA
ExperienceX.exe,56308,0x216C829D570,DXGI,1,0,0,Composed: Flip,9170.1465,NA,16.98680000000000,33.42170000000000,0.08710000000000,1.85300000000000,32.8733,9153.2632,16.9704,16.8833,0.0871,17.6559,1.0804,1.0804,0.0000,-0.9943,9153.2632,NA
ExperienceX.exe,56308,0x216838E1150,DXGI,1,0,0,Composed: Flip,9153.1623,NA,16.45430000000000,33.32200000000000,0.11060000000000,0.77950000000000,33.0721,9136.8314,16.4415,16.3309,0.1106,16.8908,0.2196,0.2196,0.0000,-0.9143,9136.8314,NA
ExperienceX.exe,56308,0x216838E1150,DXGI,1,0,0,Composed: Flip,9170.1461,NA,16.98380000000000,NA,0.08750000000000,2.15600000000000,NA,9153.2729,16.9607,16.8732,0.0875,18.7266,0.3026,0.3026,0.0000,NA,NA,NA
ExperienceX.exe,56308,0x216838E1150,DXGI,1,0,0,Composed: Flip,9186.4640,NA,16.31790000000000,NA,0.11980000000000,0.49930000000000,NA,9170.2336,16.3502,16.2304,0.1198,2.0685,14.6612,1.7212,12.9400,NA,NA,NA
ExperienceX.exe,56308,0x216C829D570,DXGI,1,0,0,Composed: Flip,9186.4645,NA,16.31800000000000,16.58520000000000,0.11910000000000,0.81120000000000,33.1405,9170.2336,16.3500,16.2309,0.1191,16.7297,0.3124,0.3124,0.0000,0.3852,9170.2336,NA
ExperienceX.exe,56308,0x216C829D570,DXGI,1,0,0,Composed: Flip,9203.8909,NA,17.42640000000000,NA,0.11000000000000,1.68620000000000,NA,9186.5836,17.4173,17.3073,0.1100,17.6223,1.3712,1.3712,0.0000,NA,NA,NA
ExperienceX.exe,56308,0x216C829D570,DXGI,1,0,0,Composed: Flip,9219.8589,NA,15.96800000000000,33.31760000000000,0.15490000000000,0.83230000000000,33.0637,9204.0009,16.0129,15.8580,0.1549,16.3782,0.3121,0.3121,0.0000,0.4497,9204.0009,NA
ExperienceX.exe,56308,0x216838E1150,DXGI,1,0,0,Composed: Flip,9203.9002,NA,17.43620000000000,50.05800000000000,1.00830000000000,1.98190000000000,32.3922,9186.5838,18.3247,17.3164,1.0083,18.9933,0.3050,0.3050,0.0000,-0.3056,9186.5838,NA
ExperienceX.exe,56308,0x216838E1150,DXGI,1,0,0,Composed: Flip,9219.8572,NA,15.95700000000000,NA,0.15430000000000,0.52190000000000,NA,9204.9085,15.1030,14.9487,0.1543,0.9736,14.4970,2.4149,12.0821,NA,NA,NA
ExperienceX.exe,56308,0x216838E1150,DXGI,1,0,0,Composed: Flip,9237.4074,NA,17.55020000000000,NA,0.06040000000000,1.45070000000000,NA,9220.0115,17.4563,17.3959,0.0604,18.2072,0.6394,0.6394,0.0000,NA,NA,NA
ExperienceX.exe,56308,0x216838E1150,DXGI,1,0,0,Composed: Flip,9253.1687,NA,15.76130000000000,49.95090000000000,0.13010000000000,0.84500000000000,33.0746,9237.4678,15.8310,15.7009,0.1301,16.2305,0.3154,0.3154,0.0000,0.9331,9237.4678,NA
ExperienceX.exe,56308,0x216838E1150,DXGI,1,0,0,Composed: Flip,9271.7204,NA,18.55170000000000,16.84830000000000,0.35410000000000,1.61880000000000,31.3712,9253.2988,18.7757,18.4216,0.3541,19.2027,0.8377,0.8377,0.0000,-1.0173,9253.2988,NA
ExperienceX.exe,56308,0x216838E1150,DXGI,1,0,0,Composed: Flip,9286.5543,NA,14.83390000000000,16.48250000000000,0.17170000000000,1.00440000000000,33.0198,9272.0745,14.6515,14.4798,0.1717,1.6205,13.8637,2.2950,11.5687,2.2932,9272.0745,NA
ExperienceX.exe,56308,0x216838E1150,DXGI,1,0,0,Composed: Flip,9305.0135,NA,18.45920000000000,16.67420000000000,0.09480000000000,2.11010000000000,31.2348,9286.7260,18.3823,18.2875,0.0948,20.1141,0.2835,0.2835,0.0000,-2.0227,9286.7260,NA
ExperienceX.exe,56308,0x216838E1150,DXGI,1,0,0,Composed: Flip,9319.8431,NA,14.82960000000000,16.71530000000000,0.13310000000000,0.93060000000000,33.1205,9305.1083,14.8679,14.7348,0.1331,2.0153,13.6501,1.8176,11.8325,1.6670,9305.1083,NA
ExperienceX.exe,56308,0x216C829D570,DXGI,1,0,0,Composed: Flip,9236.9235,NA,17.06460000000000,16.76350000000000,1.43600000000000,1.29520000000000,32.7626,9220.0138,18.3457,16.9097,1.4360,17.1554,1.0495,1.0495,0.0000,-0.7506,9220.0138,NA
ExperienceX.exe,56308,0x216C829D570,DXGI,1,0,0,Composed: Flip,9253.1686,NA,16.24510000000000,NA,0.13000000000000,0.52970000000000,NA,9238.3595,14.9391,14.8091,0.1300,0.4986,14.8402,1.5393,13.3009,NA,NA,NA
ExperienceX.exe,56308,0x216C829D570,DXGI,1,0,0,Composed: Flip,9272.0236,NA,18.85500000000000,NA,0.45730000000000,1.67140000000000,NA,9253.2986,19.1823,18.7250,0.4573,20.0406,0.3558,0.3558,0.0000,NA,NA,NA
ExperienceX.exe,56308,0x216C829D570,DXGI,1,0,0,Composed: Flip,9286.5367,NA,14.51310000000000,NA,0.18930000000000,1.51120000000000,NA,9272.4809,14.2451,14.0558,0.1893,15.0778,0.4892,0.4892,0.0000,NA,NA,NA
ExperienceX.exe,56308,0x216C829D570,DXGI,1,0,0,Composed: Flip,9304.8790,NA,18.34230000000000,NA,0.14950000000000,1.96110000000000,NA,9286.7260,18.3025,18.1530,0.1495,19.1997,0.9144,0.9144,0.0000,NA,NA,NA
ExperienceX.exe,56308,0x216C829D570,DXGI,1,0,0,Composed: Flip,9319.8432,NA,14.96420000000000,NA,0.13290000000000,1.42140000000000,NA,9305.0285,14.9476,14.8147,0.1329,15.7452,0.4909,0.4909,0.0000,NA,NA,NA
ExperienceX.exe,56308,0x216C829D570,DXGI,1,0,0,Composed: Flip,9337.4655,NA,17.62230000000000,NA,0.06380000000000,1.69890000000000,NA,9319.9761,17.5532,17.4894,0.0638,18.8814,0.3069,0.3069,0.0000,NA,NA,NA
ExperienceX.exe,56308,0x216838E1150,DXGI,1,0,0,Composed: Flip,9337.6679,NA,17.82480000000000,16.60930000000000,0.07340000000000,1.18960000000000,31.9050,9319.9762,17.7651,17.6917,0.0734,17.7826,1.0987,1.0987,0.0000,-1.7414,9319.9762,NA
ExperienceX.exe,56308,0x216838E1150,DXGI,1,0,0,Composed: Flip,9353.2228,NA,15.55490000000000,NA,0.05840000000000,1.25880000000000,NA,9337.7413,15.5399,15.4815,0.0584,16.1999,0.5404,0.5404,0.0000,NA,NA,NA
ExperienceX.exe,56308,0x216838E1150,DXGI,1,0,0,Composed: Flip,9370.6666,NA,17.44380000000000,33.32250000000001,0.04460000000000,1.61470000000000,32.2288,9353.2812,17.4300,17.3854,0.0446,18.7124,0.2877,0.2877,0.0000,-0.0175,9353.2812,NA
ExperienceX.exe,56308,0x216838E1150,DXGI,1,0,0,Composed: Flip,9386.4101,NA,15.74350000000000,16.70290000000000,0.09800000000000,0.98700000000000,33.1882,9370.7112,15.7969,15.6989,0.0980,16.3744,0.3115,0.3115,0.0000,0.7271,9370.7112,NA
ExperienceX.exe,56308,0x216838E1150,DXGI,1,0,0,Composed: Flip,9403.9382,NA,17.52810000000000,16.73020000000000,0.06420000000000,1.05330000000000,32.3903,9386.5081,17.4943,17.4301,0.0642,17.4831,1.0003,1.0003,0.0000,-0.9333,9386.5081,NA
ExperienceX.exe,56308,0x216838E1150,DXGI,1,0,0,Composed: Flip,9419.8932,NA,15.95500000000000,16.67310000000000,0.13750000000000,1.03600000000000,33.1084,9404.0024,16.0283,15.8908,0.1375,16.6358,0.2910,0.2910,0.0000,0.8212,9404.0024,NA
ExperienceX.exe,56308,0x216838E1150,DXGI,1,0,0,Composed: Flip,9437.1406,NA,17.24740000000000,16.66000000000000,0.61530000000000,2.07670000000000,32.5210,9420.0307,17.7252,17.1099,0.6153,18.8980,0.2886,0.2886,0.0000,-0.6317,9420.0307,NA
ExperienceX.exe,56308,0x216838E1150,DXGI,1,0,0,Composed: Flip,9453.3320,NA,16.19140000000000,16.90710000000000,0.16550000000000,0.80370000000000,33.2367,9437.7559,15.7416,15.5761,0.1655,1.4614,14.9184,1.5341,13.3843,0.8181,9437.7559,NA
ExperienceX.exe,56308,0x216838E1150,DXGI,1,0,0,Composed: Flip,9470.7247,NA,17.39270000000000,16.41980000000000,0.17820000000000,1.47290000000000,32.2638,9453.4975,17.4054,17.2272,0.1782,17.5724,1.1277,1.1277,0.0000,-0.6782,9453.4975,NA
ExperienceX.exe,56308,0x216838E1150,DXGI,1,0,0,Composed: Flip,9487.0794,NA,16.35470000000000,16.79040000000000,0.19450000000000,2.19600000000000,32.6995,9470.9029,16.3710,16.1765,0.1945,1.5589,16.8136,2.9424,13.8712,0.6150,9470.9029,NA
ExperienceX.exe,56308,0x216C829D570,DXGI,1,0,0,Composed: Flip,9353.2345,NA,15.76900000000000,116.53800000000001,0.13320000000000,0.70670000000000,32.9896,9337.5293,15.8384,15.7052,0.1332,1.6351,14.7768,1.5777,13.1991,0.9775,9337.5293,NA
ExperienceX.exe,56308,0x216C829D570,DXGI,1,0,0,Composed: Flip,9370.4285,NA,17.19400000000000,NA,0.05960000000000,1.56510000000000,NA,9353.3677,17.1204,17.0608,0.0596,17.7157,0.9102,0.9102,0.0000,NA,NA,NA
ExperienceX.exe,56308,0x216C829D570,DXGI,1,0,0,Composed: Flip,9386.4412,NA,16.01270000000000,NA,0.13970000000000,0.64440000000000,NA,9370.4881,16.0928,15.9531,0.1397,1.7932,14.8043,1.6076,13.1967,NA,NA,NA
ExperienceX.exe,56308,0x216C829D570,DXGI,1,0,0,Composed: Flip,9403.8526,NA,17.41140000000000,NA,0.04980000000000,1.45460000000000,NA,9386.5809,17.3215,17.2717,0.0498,18.4106,0.3157,0.3157,0.0000,NA,NA,NA
ExperienceX.exe,56308,0x216C829D570,DXGI,1,0,0,Composed: Flip,9419.9167,NA,16.06410000000000,NA,0.25490000000000,0.72150000000000,NA,9403.9024,16.2692,16.0143,0.2549,1.4048,15.3310,2.0078,13.3232,NA,NA,NA
ExperienceX.exe,56308,0x216C829D570,DXGI,1,0,0,Composed: Flip,9437.6628,NA,17.74610000000000,NA,0.09400000000000,1.26590000000000,NA,9420.1716,17.5852,17.4912,0.0940,17.8577,0.8994,0.8994,0.0000,NA,NA,NA
ExperienceX.exe,56308,0x216C829D570,DXGI,1,0,0,Composed: Flip,9453.3318,NA,15.66900000000000,NA,0.16560000000000,1.31630000000000,NA,9437.7568,15.7406,15.5750,0.1656,16.3789,0.5124,0.5124,0.0000,NA,NA,NA
ExperienceX.exe,56308,0x216C829D570,DXGI,1,0,0,Composed: Flip,9470.3332,NA,17.00140000000000,NA,0.07270000000000,2.12860000000000,NA,9453.4974,16.9085,16.8358,0.0727,18.7002,0.2642,0.2642,0.0000,NA,NA,NA
ExperienceX.exe,56308,0x216C829D570,DXGI,1,0,0,Composed: Flip,9487.0779,NA,16.74470000000000,NA,0.19500000000000,2.20850000000000,NA,9470.4059,16.8670,16.6720,0.1950,18.8744,0.0061,0.0061,0.0000,NA,NA,NA
ExperienceX.exe,56308,0x216C829D570,DXGI,1,0,0,Composed: Flip,9504.7729,NA,17.69500000000000,NA,0.09500000000000,0.91260000000000,NA,9487.2729,17.5950,17.5000,0.0950,17.4281,0.9845,0.9845,0.0000,NA,NA,NA
ExperienceX.exe,56308,0x216838E1150,DXGI,1,0,0,Composed: Flip,9504.4829,NA,17.40350000000000,16.53480000000000,0.14700000000000,1.57510000000000,31.8308,9487.2739,17.3560,17.2090,0.1470,18.4116,0.3725,0.3725,0.0000,-0.1638,9487.2739,NA
ExperienceX.exe,56308,0x216838E1150,DXGI,1,0,0,Composed: Flip,9520.3470,NA,15.86410000000000,NA,0.38580000000000,1.90150000000000,NA,9504.6299,16.1029,15.7171,0.3858,1.4281,16.1905,2.4476,13.7429,NA,NA,NA
ExperienceX.exe,56308,0x216C829D570,DXGI,1,0,0,Composed: Flip,9520.3481,NA,15.57520000000000,166.74810000000002,0.38070000000000,2.38550000000000,32.6241,9504.8679,15.8609,15.4802,0.3807,17.3806,0.4851,0.4851,0.0000,0.5905,9504.8679,NA
ExperienceX.exe,56308,0x216C829D570,DXGI,1,0,0,Composed: Flip,9537.2277,NA,16.87960000000000,NA,0.11240000000000,2.42820000000000,NA,9520.7288,16.6113,16.4989,0.1124,18.5966,0.3305,0.3305,0.0000,NA,NA,NA
ExperienceX.exe,56308,0x216838E1150,DXGI,1,0,0,Composed: Flip,9537.2365,NA,16.88950000000000,33.27260000000000,0.81180000000000,2.08890000000000,32.3498,9520.7328,17.3155,16.5037,0.8118,17.4991,1.0935,1.0935,0.0000,0.1863,9520.7328,NA
ExperienceX.exe,56308,0x216838E1150,DXGI,1,0,0,Composed: Flip,9553.2299,NA,15.99340000000000,NA,0.15930000000000,1.03900000000000,NA,9538.0483,15.3409,15.1816,0.1593,1.6076,14.6130,2.1102,12.5028,NA,NA,NA
ExperienceX.exe,56308,0x216C829D570,DXGI,1,0,0,Composed: Flip,9553.2300,NA,16.00230000000000,33.25600000000000,0.15920000000000,1.54400000000000,32.9982,9537.3401,16.0491,15.8899,0.1592,16.9288,0.5051,0.5051,0.0000,-0.7838,9537.3401,NA
ExperienceX.exe,56308,0x216C829D570,DXGI,1,0,0,Composed: Flip,9570.2998,NA,17.06980000000000,NA,0.08290000000000,2.17840000000000,NA,9553.3892,16.9935,16.9106,0.0829,18.7624,0.3266,0.3266,0.0000,NA,NA,NA
ExperienceX.exe,56308,0x216C829D570,DXGI,1,0,0,Composed: Flip,9586.4651,NA,16.16530000000000,33.34820000000000,0.12060000000000,1.28100000000000,33.1113,9570.3827,16.2030,16.0824,0.1206,16.5959,0.7675,0.7675,0.0000,-0.3056,9570.3827,NA
ExperienceX.exe,56308,0x216838E1150,DXGI,1,0,0,Composed: Flip,9571.1132,NA,17.88330000000000,33.35060000000000,0.09370000000000,1.03840000000000,31.8237,9553.3892,17.8177,17.7240,0.0937,17.6695,1.0929,1.0929,0.0000,-0.6942,9553.3892,NA
ExperienceX.exe,56308,0x216838E1150,DXGI,1,0,0,Composed: Flip,9586.4549,NA,15.34170000000000,NA,0.09800000000000,0.52370000000000,NA,9571.2069,15.3460,15.2480,0.0980,1.2713,14.5004,1.4667,13.0337,NA,NA,NA
ExperienceX.exe,56308,0x216838E1150,DXGI,1,0,0,Composed: Flip,9603.5863,NA,17.13140000000000,NA,0.07120000000000,1.63570000000000,NA,9586.5529,17.1046,17.0334,0.0712,17.3211,1.3480,1.3480,0.0000,NA,NA,NA
ExperienceX.exe,56308,0x216C829D570,DXGI,1,0,0,Composed: Flip,9603.5521,NA,17.08700000000000,16.65760000000000,0.52100000000000,1.98550000000000,32.6819,9586.5857,17.4874,16.9664,0.5210,18.6363,0.3156,0.3156,0.0000,-0.4546,9586.5857,NA
ExperienceX.exe,56308,0x216C829D570,DXGI,1,0,0,Composed: Flip,9619.8376,NA,16.28550000000000,NA,0.11550000000000,0.51230000000000,NA,9604.0731,15.8800,15.7645,0.1155,1.4645,14.8123,1.7869,13.0254,NA,NA,NA
ExperienceX.exe,56308,0x216838E1150,DXGI,1,0,0,Composed: Flip,9619.8371,NA,16.25080000000000,49.97070000000000,0.11600000000000,1.29310000000000,33.0705,9603.6575,16.2956,16.1796,0.1160,16.6924,0.7803,0.7803,0.0000,0.2976,9603.6575,NA
ExperienceX.exe,56308,0x216838E1150,DXGI,1,0,0,Composed: Flip,9636.7026,NA,16.86550000000000,NA,0.11290000000000,1.69770000000000,NA,9619.9531,16.8624,16.7495,0.1129,17.1094,1.3378,1.3378,0.0000,NA,NA,NA
ExperienceX.exe,56308,0x216838E1150,DXGI,1,0,0,Composed: Flip,9653.1781,NA,16.47550000000000,33.33450000000000,0.12400000000000,0.96890000000000,33.0640,9636.8155,16.4866,16.3626,0.1240,1.9043,15.4272,2.0141,13.4131,-0.1765,9636.8155,NA
ExperienceX.exe,56308,0x216838E1150,DXGI,1,0,0,Composed: Flip,9671.0763,NA,17.89820000000000,16.71180000000000,0.32810000000000,1.57590000000000,31.8776,9653.3021,18.1023,17.7742,0.3281,18.9955,0.3546,0.3546,0.0000,-0.2252,9653.3021,NA
ExperienceX.exe,56308,0x216C829D570,DXGI,1,0,0,Composed: Flip,9636.7059,NA,16.86830000000000,33.39840000000000,0.08970000000000,2.01390000000000,32.9265,9619.9531,16.8425,16.7528,0.0897,18.4472,0.3195,0.3195,0.0000,-0.0310,9619.9531,NA
ExperienceX.exe,56308,0x216C829D570,DXGI,1,0,0,Composed: Flip,9653.1789,NA,16.47300000000000,NA,0.12400000000000,1.48970000000000,NA,9636.7956,16.5073,16.3833,0.1240,17.3514,0.5216,0.5216,0.0000,NA,NA,NA
ExperienceX.exe,56308,0x216C829D570,DXGI,1,0,0,Composed: Flip,9671.5086,NA,18.32970000000000,NA,0.06530000000000,0.78900000000000,NA,9653.3029,18.2710,18.2057,0.0653,17.6505,1.3442,1.3442,0.0000,NA,NA,NA
ExperienceX.exe,56308,0x216C829D570,DXGI,1,0,0,Composed: Flip,9686.6123,NA,15.10370000000000,NA,0.18150000000000,1.34420000000000,NA,9671.5739,15.2199,15.0384,0.1815,15.9559,0.4267,0.4267,0.0000,NA,NA,NA
ExperienceX.exe,56308,0x216838E1150,DXGI,1,0,0,Composed: Flip,9686.6119,NA,15.53560000000000,16.74950000000000,0.18190000000000,0.91790000000000,33.0915,9671.4044,15.3894,15.2075,0.1819,1.2478,14.8776,1.9808,12.8968,1.3528,9671.4044,NA
ExperienceX.exe,56308,0x216838E1150,DXGI,1,0,0,Composed: Flip,9703.9521,NA,17.34020000000000,NA,0.08610000000000,1.58390000000000,NA,9686.7938,17.2444,17.1583,0.0861,18.4129,0.3293,0.3293,0.0000,NA,NA,NA
ExperienceX.exe,56308,0x216C829D570,DXGI,1,0,0,Composed: Flip,9703.5488,NA,16.93650000000000,66.71740000000000,0.91610000000000,1.65790000000000,32.8010,9686.7938,17.6711,16.7550,0.9161,17.0217,1.3912,1.3912,0.0000,0.1233,9686.7938,NA
ExperienceX.exe,56308,0x216C829D570,DXGI,1,0,0,Composed: Flip,9720.5971,NA,17.04830000000000,NA,0.39270000000000,1.03750000000000,NA,9704.4649,16.5249,16.1322,0.3927,16.5446,0.6251,0.6251,0.0000,NA,NA,NA
ExperienceX.exe,56308,0x216838E1150,DXGI,1,0,0,Composed: Flip,9720.4097,NA,16.45760000000000,33.19800000000000,0.09040000000000,0.59980000000000,32.4917,9704.0382,16.4619,16.3715,0.0904,1.4978,15.4735,1.8163,13.6572,-0.5642,9704.0382,NA
ExperienceX.exe,56308,0x216838E1150,DXGI,1,0,0,Composed: Flip,9737.2398,NA,16.83010000000000,NA,0.04940000000000,1.68450000000000,NA,9720.5001,16.7891,16.7397,0.0494,18.1044,0.3198,0.3198,0.0000,NA,NA,NA
ExperienceX.exe,56308,0x216838E1150,DXGI,1,0,0,Composed: Flip,9753.1378,NA,15.89800000000000,33.33330000000000,0.11820000000000,0.73370000000000,33.0969,9737.2892,15.9668,15.8486,0.1182,1.6351,14.9472,2.1588,12.7884,-0.0823,9737.2892,NA
ExperienceX.exe,56308,0x216838E1150,DXGI,1,0,0,Composed: Flip,9770.1254,NA,16.98760000000000,16.69760000000000,0.07400000000000,2.04110000000000,32.8069,9753.2560,16.9434,16.8694,0.0740,18.5854,0.3251,0.3251,0.0000,-0.7308,9753.2560,NA
ExperienceX.exe,56308,0x216838E1150,DXGI,1,0,0,Composed: Flip,9786.4506,NA,16.32520000000000,16.67030000000000,0.12050000000000,0.82720000000000,33.1520,9770.1994,16.3717,16.2512,0.1205,1.9671,15.1113,2.5063,12.6050,0.2731,9770.1994,NA
ExperienceX.exe,56308,0x216838E1150,DXGI,1,0,0,Composed: Flip,9804.2527,NA,17.80210000000000,16.70170000000000,0.39730000000000,1.71440000000000,32.0516,9786.5711,18.0789,17.6816,0.3973,19.0771,0.3189,0.3189,0.0000,-0.3300,9786.5711,NA
ExperienceX.exe,56308,0x216838E1150,DXGI,1,0,0,Composed: Flip,9820.0814,NA,15.82870000000000,16.81240000000000,0.25750000000000,1.23800000000000,33.0353,9804.6500,15.6889,15.4314,0.2575,1.3171,15.3523,2.4171,12.9352,1.2665,9804.6500,NA
ExperienceX.exe,56308,0x216838E1150,DXGI,1,0,0,Composed: Flip,9838.2849,NA,18.20350000000000,16.44970000000000,0.09090000000000,1.04390000000000,31.2815,9820.3389,18.0369,17.9460,0.0909,18.2841,0.7058,0.7058,0.0000,-0.7608,9820.3389,NA
ExperienceX.exe,56308,0x216C829D570,DXGI,1,0,0,Composed: Flip,9736.9957,NA,16.39860000000000,33.22250000000000,0.55720000000000,1.60880000000000,32.5766,9720.9898,16.5631,16.0059,0.5572,16.2298,1.3849,1.3849,0.0000,0.9735,9720.9898,NA
ExperienceX.exe,56308,0x216C829D570,DXGI,1,0,0,Composed: Flip,9753.1377,NA,16.14200000000000,NA,0.11830000000000,1.28000000000000,NA,9737.5529,15.7031,15.5848,0.1183,16.3186,0.5462,0.5462,0.0000,NA,NA,NA
ExperienceX.exe,56308,0x216C829D570,DXGI,1,0,0,Composed: Flip,9770.5224,NA,17.38470000000000,NA,0.06630000000000,1.31900000000000,NA,9753.2560,17.3327,17.2664,0.0663,17.2148,1.3706,1.3706,0.0000,NA,NA,NA
ExperienceX.exe,56308,0x216C829D570,DXGI,1,0,0,Composed: Flip,9786.4604,NA,15.93800000000000,NA,0.12450000000000,1.29090000000000,NA,9770.5887,15.9962,15.8717,0.1245,16.6891,0.4735,0.4735,0.0000,NA,NA,NA
ExperienceX.exe,56308,0x216C829D570,DXGI,1,0,0,Composed: Flip,9804.7685,NA,18.30810000000000,NA,0.08310000000000,0.87970000000000,NA,9786.5849,18.2667,18.1836,0.0831,17.9641,1.0992,1.0992,0.0000,NA,NA,NA
ExperienceX.exe,56308,0x216C829D570,DXGI,1,0,0,Composed: Flip,9820.0818,NA,15.31330000000000,NA,0.25700000000000,1.61340000000000,NA,9804.8516,15.4872,15.2302,0.2570,16.4678,0.3758,0.3758,0.0000,NA,NA,NA
ExperienceX.exe,56308,0x216C829D570,DXGI,1,0,0,Composed: Flip,9837.4869,NA,17.40510000000000,NA,0.08110000000000,1.13610000000000,NA,9820.3388,17.2292,17.1481,0.0811,17.4630,0.8212,0.8212,0.0000,NA,NA,NA
ExperienceX.exe,56308,0x216C829D570,DXGI,1,0,0,Composed: Flip,9853.8746,NA,16.38770000000000,NA,0.43200000000000,1.62800000000000,NA,9837.5680,16.7386,16.3066,0.4320,1.7608,16.1738,2.4737,13.7001,NA,NA,NA
ExperienceX.exe,56308,0x216C829D570,DXGI,1,0,0,Composed: Flip,9870.1065,NA,16.23190000000000,133.32390000000001,0.09580000000000,2.16840000000000,32.7897,9854.3066,15.8957,15.7999,0.0958,17.8414,0.1269,0.1269,0.0000,-0.0071,9854.3066,NA
ExperienceX.exe,56308,0x216838E1150,DXGI,1,0,0,Composed: Flip,9853.8750,NA,15.59010000000000,16.67000000000000,0.43490000000000,1.91380000000000,32.3614,9838.3758,15.9341,15.4992,0.4349,17.1268,0.2862,0.2862,0.0000,1.3669,9838.3758,NA
ExperienceX.exe,56308,0x216838E1150,DXGI,1,0,0,Composed: Flip,9870.1132,NA,16.23820000000000,NA,0.09180000000000,2.03480000000000,NA,9854.3099,15.8951,15.8033,0.0918,16.2742,1.5639,1.5639,0.0000,NA,NA,NA
ExperienceX.exe,56308,0x216838E1150,DXGI,1,0,0,Composed: Flip,9886.5587,NA,16.44550000000000,NA,0.19780000000000,0.64090000000000,NA,9870.2050,16.5515,16.3537,0.1978,2.0699,14.9247,1.9856,12.9391,NA,NA,NA
ExperienceX.exe,56308,0x216C829D570,DXGI,1,0,0,Composed: Flip,9886.5590,NA,16.45250000000000,16.79090000000000,0.19740000000000,1.32640000000000,33.1281,9870.2023,16.5541,16.3567,0.1974,16.9973,0.6858,0.6858,0.0000,-0.8952,9870.2023,NA
ExperienceX.exe,56308,0x216C829D570,DXGI,1,0,0,Composed: Flip,9903.4421,NA,16.88310000000000,NA,0.06150000000000,1.94400000000000,NA,9886.7564,16.7472,16.6857,0.0615,18.2952,0.3345,0.3345,0.0000,NA,NA,NA
ExperienceX.exe,56308,0x216838E1150,DXGI,1,0,0,Composed: Flip,9903.9842,NA,17.42550000000000,49.99870000000000,0.05850000000000,1.06740000000000,32.2509,9886.7565,17.2862,17.2277,0.0585,16.9267,1.3684,1.3684,0.0000,-1.6180,9886.7565,NA
ExperienceX.exe,56308,0x216838E1150,DXGI,1,0,0,Composed: Flip,9920.1587,NA,16.17450000000000,NA,0.25760000000000,1.81150000000000,NA,9904.0427,16.3736,16.1160,0.2576,17.2995,0.6280,0.6280,0.0000,NA,NA,NA
ExperienceX.exe,56308,0x216838E1150,DXGI,1,0,0,Composed: Flip,9936.8619,NA,16.70320000000000,33.33070000000000,0.12000000000000,2.78680000000000,32.7039,9920.4163,16.5656,16.4456,0.1200,18.9224,0.3100,0.3100,0.0000,0.3291,9920.4163,NA
ExperienceX.exe,56308,0x216C829D570,DXGI,1,0,0,Composed: Flip,9920.1599,NA,16.71780000000000,33.23240000000000,0.25180000000000,1.18230000000000,32.7596,9903.5036,16.9081,16.6563,0.2518,1.8825,15.9561,2.0091,13.9470,0.0689,9903.5036,NA
ExperienceX.exe,56308,0x216C829D570,DXGI,1,0,0,Composed: Flip,9936.8490,NA,16.68910000000000,NA,0.10260000000000,2.48970000000000,NA,9920.4117,16.5399,16.4373,0.1026,17.9938,0.9332,0.9332,0.0000,NA,NA,NA
ExperienceX.exe,56308,0x216C829D570,DXGI,1,0,0,Composed: Flip,9953.1761,NA,16.32710000000000,NA,0.15930000000000,0.76420000000000,NA,9936.9516,16.3838,16.2245,0.1593,2.6971,14.2916,1.7941,12.4975,NA,NA,NA
ExperienceX.exe,56308,0x216C7EA03E0,DXGI,1,0,0,Composed: Flip,8453.5523,NA,17.03470000000000,666.92590000000007,0.43940000000000,0.73060000000000,32.9517,8436.6508,17.3409,16.9015,0.4394,17.3284,0.3037,0.3037,0.0000,-0.3436,8436.6508,NA
ExperienceX.exe,56308,0x216C7EA03E0,DXGI,1,0,0,Composed: Flip,8470.4090,NA,16.85670000000000,NA,0.41940000000000,0.86510000000000,NA,8453.9917,16.8367,16.4173,0.4194,1.1583,16.1241,1.0008,15.1233,NA,NA,NA
ExperienceX.exe,56308,0x216C7EA03E0,DXGI,1,0,0,Composed: Flip,8488.9273,NA,18.51830000000000,NA,0.14750000000000,1.01610000000000,NA,8470.8284,18.2464,18.0989,0.1475,18.0079,1.1071,1.1071,0.0000,NA,NA,NA
ExperienceX.exe,56308,0x216C7EA03E0,DXGI,1,0,0,Composed: Flip,8503.7239,NA,14.79660000000000,NA,0.29150000000000,0.82350000000000,NA,8489.0748,14.9406,14.6491,0.2915,0.8686,14.6040,0.6387,13.9653,NA,NA,NA
ExperienceX.exe,56308,0x216C7EA03E0,DXGI,1,0,0,Composed: Flip,8521.3329,NA,17.60900000000000,NA,0.08810000000000,0.75560000000000,NA,8504.0154,17.4056,17.3175,0.0881,17.2231,0.8500,0.8500,0.0000,NA,NA,NA
ExperienceX.exe,56308,0x216C7EA03E0,DXGI,1,0,0,Composed: Flip,8536.5737,NA,15.24080000000000,NA,0.33260000000000,0.75560000000000,NA,8521.4210,15.4853,15.1527,0.3326,0.6675,15.2408,0.7860,14.4548,NA,NA,NA
ExperienceX.exe,56308,0x216C7EA03E0,DXGI,1,0,0,Composed: Flip,8554.1531,NA,17.57940000000000,NA,0.56940000000000,1.66050000000000,NA,8536.9063,17.8162,17.2468,0.5694,18.6001,0.3072,0.3072,0.0000,NA,NA,NA
ExperienceX.exe,56308,0x216C7EA03E0,DXGI,1,0,0,Composed: Flip,8569.8559,NA,15.70280000000000,NA,0.13710000000000,0.66060000000000,NA,8554.7225,15.2705,15.1334,0.1371,1.0911,14.7029,0.7993,13.9036,NA,NA,NA
ExperienceX.exe,56308,0x216C7EA03E0,DXGI,1,0,0,Composed: Flip,8586.6633,NA,16.80740000000000,NA,0.42710000000000,1.46310000000000,NA,8569.9930,17.0974,16.6703,0.4271,17.2667,0.8667,0.8667,0.0000,NA,NA,NA
ExperienceX.exe,56308,0x216C7EA03E0,DXGI,1,0,0,Composed: Flip,8603.2160,NA,16.55270000000000,NA,0.21490000000000,0.56800000000000,NA,8587.0904,16.3405,16.1256,0.2149,1.0360,15.6576,1.0034,14.6542,NA,NA,NA
ExperienceX.exe,56308,0x216C7EA03E0,DXGI,1,0,0,Composed: Flip,8621.6603,NA,18.44430000000000,NA,0.13950000000000,1.61440000000000,NA,8603.4309,18.3689,18.2294,0.1395,19.4648,0.3790,0.3790,0.0000,NA,NA,NA
ExperienceX.exe,56308,0x216C7EA03E0,DXGI,1,0,0,Composed: Flip,8636.5446,NA,14.88430000000000,NA,0.16470000000000,0.57200000000000,NA,8621.7998,14.9095,14.7448,0.1647,1.4749,13.8419,0.8152,13.0267,NA,NA,NA
ExperienceX.exe,56308,0x216C7EA03E0,DXGI,1,0,0,Composed: Flip,8655.3790,NA,18.83440000000000,NA,0.12570000000000,0.90960000000000,NA,8636.7093,18.7954,18.6697,0.1257,17.9544,1.6249,1.6062,0.0187,NA,NA,NA
ExperienceX.exe,56308,0x216C7EA03E0,DXGI,1,0,0,Composed: Flip,8669.8650,NA,14.48600000000000,NA,0.19730000000000,1.32360000000000,NA,8655.5047,14.5576,14.3603,0.1973,0.7839,14.9000,1.4809,13.4191,NA,NA,NA
ExperienceX.exe,56308,0x216C7EA03E0,DXGI,1,0,0,Composed: Flip,8687.5897,NA,17.72470000000000,NA,0.17630000000000,3.54500000000000,NA,8670.0623,17.7037,17.5274,0.1763,18.8803,2.1921,2.1882,0.0039,NA,NA,NA
ExperienceX.exe,56308,0x216C7EA03E0,DXGI,1,0,0,Composed: Flip,8703.2873,NA,15.69760000000000,NA,0.28570000000000,1.16510000000000,NA,8687.7660,15.8070,15.5213,0.2857,15.7058,0.9806,0.9128,0.0678,NA,NA,NA
ExperienceX.exe,56308,0x216C7EA03E0,DXGI,1,0,0,Composed: Flip,8720.6393,NA,17.35200000000000,NA,0.25410000000000,1.19650000000000,NA,8703.5730,17.3204,17.0663,0.2541,17.9581,0.3047,0.3047,0.0000,NA,NA,NA
ExperienceX.exe,56308,0x216C7EA03E0,DXGI,1,0,0,Composed: Flip,8736.5668,NA,15.92750000000000,NA,0.18050000000000,1.28410000000000,NA,8720.8934,15.8539,15.6734,0.1805,0.9424,16.0151,1.4485,14.5666,NA,NA,NA
ExperienceX.exe,56308,0x216C7EA03E0,DXGI,1,0,0,Composed: Flip,8753.4257,NA,16.85890000000000,NA,0.06060000000000,1.49590000000000,NA,8736.7473,16.7390,16.6784,0.0606,17.2464,0.9279,0.9205,0.0074,NA,NA,NA
ExperienceX.exe,56308,0x216C7EA03E0,DXGI,1,0,0,Composed: Flip,8769.8757,NA,16.45000000000000,NA,0.19830000000000,0.55680000000000,NA,8753.4863,16.5877,16.3894,0.1983,1.4353,15.5109,1.0552,14.4557,NA,NA,NA
ExperienceX.exe,56308,0x216C7EA03E0,DXGI,1,0,0,Composed: Flip,8786.8186,NA,16.94290000000000,NA,0.45990000000000,1.75830000000000,NA,8770.0740,17.2045,16.7446,0.4599,17.8863,0.6166,0.6166,0.0000,NA,NA,NA
ExperienceX.exe,56308,0x216C7EA03E0,DXGI,1,0,0,Composed: Flip,8803.2955,NA,16.47690000000000,NA,0.24430000000000,0.95430000000000,NA,8787.2785,16.2613,16.0170,0.2443,1.2984,15.6729,1.0769,14.5960,NA,NA,NA
ExperienceX.exe,56308,0x216C7EA03E0,DXGI,1,0,0,Composed: Flip,8820.4282,NA,17.13270000000000,NA,0.20320000000000,1.39490000000000,NA,8803.5398,17.0916,16.8884,0.2032,17.6623,0.6210,0.6210,0.0000,NA,NA,NA
ExperienceX.exe,56308,0x216C7EA03E0,DXGI,1,0,0,Composed: Flip,8836.6664,NA,16.23820000000000,NA,0.44860000000000,1.94680000000000,NA,8820.6314,16.4836,16.0350,0.4486,1.1917,16.7901,1.9615,14.8286,NA,NA,NA
ExperienceX.exe,56308,0x216C7EA03E0,DXGI,1,0,0,Composed: Flip,8853.7154,NA,17.04900000000000,NA,0.64750000000000,1.69690000000000,NA,8837.1150,17.2479,16.6004,0.6475,17.7170,0.5803,0.5803,0.0000,NA,NA,NA
ExperienceX.exe,56308,0x216C7EA03E0,DXGI,1,0,0,Composed: Flip,8870.6202,NA,16.90480000000000,NA,0.49700000000000,1.91560000000000,NA,8854.3629,16.7543,16.2573,0.4970,1.0494,17.1235,2.1384,14.9851,NA,NA,NA
ExperienceX.exe,56308,0x216C7EA03E0,DXGI,1,0,0,Composed: Flip,8887.8048,NA,17.18460000000000,NA,0.71640000000000,1.26340000000000,NA,8871.1172,17.4040,16.6876,0.7164,17.2900,0.6610,0.6610,0.0000,NA,NA,NA
ExperienceX.exe,56308,0x216C7EA03E0,DXGI,1,0,0,Composed: Flip,8903.6895,NA,15.88470000000000,NA,0.36330000000000,1.68050000000000,NA,8888.5212,15.5316,15.1683,0.3633,0.5470,16.3018,1.7700,14.5318,NA,NA,NA
ExperienceX.exe,56308,0x216C7EA03E0,DXGI,1,0,0,Composed: Flip,8921.4053,NA,17.71580000000000,NA,0.06190000000000,0.81710000000000,NA,8904.0528,17.4144,17.3525,0.0619,17.2313,0.9383,0.9258,0.0125,NA,NA,NA
ExperienceX.exe,56308,0x216C7EA03E0,DXGI,1,0,0,Composed: Flip,8936.5570,NA,15.15170000000000,NA,0.21180000000000,1.17270000000000,NA,8921.4672,15.3016,15.0898,0.2118,0.7552,15.5073,1.9835,13.5238,NA,NA,NA
ExperienceX.exe,56308,0x216C7EA03E0,DXGI,1,0,0,Composed: Flip,8953.4148,NA,16.85780000000000,NA,0.29810000000000,1.39170000000000,NA,8936.7688,16.9441,16.6460,0.2981,17.1290,0.9087,0.9087,0.0000,NA,NA,NA
ExperienceX.exe,56308,0x216C7EA03E0,DXGI,1,0,0,Composed: Flip,8969.8854,NA,16.47060000000000,NA,0.20130000000000,0.54600000000000,NA,8953.7129,16.3738,16.1725,0.2013,1.0936,15.6249,0.8708,14.7541,NA,NA,NA
ExperienceX.exe,56308,0x216C7EA03E0,DXGI,1,0,0,Composed: Flip,8987.3465,NA,17.46110000000000,NA,0.17550000000000,1.29820000000000,NA,8970.0867,17.4353,17.2598,0.1755,17.9306,0.6274,0.6274,0.0000,NA,NA,NA
ExperienceX.exe,56308,0x216C7EA03E0,DXGI,1,0,0,Composed: Flip,9003.3190,NA,15.97250000000000,NA,0.28640000000000,0.64280000000000,NA,8987.5220,16.0834,15.7970,0.2864,1.1227,15.3171,1.0805,14.2366,NA,NA,NA
ExperienceX.exe,56308,0x216C7EA03E0,DXGI,1,0,0,Composed: Flip,9020.1383,NA,16.81930000000000,NA,0.64860000000000,1.51510000000000,NA,9003.6054,17.1815,16.5329,0.6486,17.1726,0.8754,0.8754,0.0000,NA,NA,NA
ExperienceX.exe,56308,0x216C7EA03E0,DXGI,1,0,0,Composed: Flip,9036.5191,NA,16.38080000000000,NA,0.17850000000000,1.22830000000000,NA,9020.7869,15.9107,15.7322,0.1785,0.8665,16.0940,1.5554,14.5386,NA,NA,NA
ExperienceX.exe,56308,0x216C7EA03E0,DXGI,1,0,0,Composed: Flip,9054.0056,NA,17.48650000000000,NA,0.04960000000000,0.81700000000000,NA,9036.6976,17.3576,17.3080,0.0496,17.2572,0.8678,0.8678,0.0000,NA,NA,NA
ExperienceX.exe,56308,0x216C7EA03E0,DXGI,1,0,0,Composed: Flip,9070.0703,NA,16.06470000000000,NA,0.37770000000000,1.52450000000000,NA,9054.0552,16.3928,16.0151,0.3777,0.7674,16.7722,1.4343,15.3379,NA,NA,NA
ExperienceX.exe,56308,0x216C7EA03E0,DXGI,1,0,0,Composed: Flip,9088.6702,NA,18.59990000000000,NA,0.05420000000000,1.41950000000000,NA,9070.4480,18.2764,18.2222,0.0542,18.4537,1.1880,1.1880,0.0000,NA,NA,NA
ExperienceX.exe,56308,0x216C7EA03E0,DXGI,1,0,0,Composed: Flip,9103.2259,NA,14.55570000000000,NA,0.24560000000000,1.08770000000000,NA,9088.7244,14.7471,14.5015,0.2456,1.3653,14.2239,1.1367,13.0872,NA,NA,NA
ExperienceX.exe,56308,0x216C7EA03E0,DXGI,1,0,0,Composed: Flip,9122.2693,NA,19.04340000000000,NA,0.11860000000000,1.34850000000000,NA,9103.4715,18.9164,18.7978,0.1186,19.4566,0.6897,0.6865,0.0032,NA,NA,NA
ExperienceX.exe,56308,0x216C7EA03E0,DXGI,1,0,0,Composed: Flip,9136.4606,NA,14.19130000000000,NA,0.43110000000000,1.39590000000000,NA,9122.3879,14.5038,14.0727,0.4311,1.2299,14.2387,2.0084,12.2303,NA,NA,NA
ExperienceX.exe,56308,0x216C7EA03E0,DXGI,1,0,0,Composed: Flip,9153.7087,NA,17.24810000000000,NA,0.04760000000000,1.14780000000000,NA,9136.8917,16.8646,16.8170,0.0476,17.0501,0.9147,0.9147,0.0000,NA,NA,NA
ExperienceX.exe,56308,0x216C7EA03E0,DXGI,1,0,0,Composed: Flip,9169.8756,NA,16.16690000000000,NA,0.13990000000000,1.04350000000000,NA,9153.7563,16.2592,16.1193,0.1399,1.1002,16.0626,1.3006,14.7620,NA,NA,NA
ExperienceX.exe,56308,0x216C7EA03E0,DXGI,1,0,0,Composed: Flip,9186.7149,NA,16.83930000000000,NA,0.05340000000000,1.48910000000000,NA,9170.0155,16.7528,16.6994,0.0534,17.2602,0.9283,0.9283,0.0000,NA,NA,NA
ExperienceX.exe,56308,0x216C7EA03E0,DXGI,1,0,0,Composed: Flip,9203.5582,NA,16.84330000000000,NA,0.20980000000000,0.56040000000000,NA,9186.7683,16.9997,16.7899,0.2098,1.4357,15.9146,0.8526,15.0620,NA,NA,NA
ExperienceX.exe,56308,0x216C7EA03E0,DXGI,1,0,0,Composed: Flip,9220.5668,NA,17.00860000000000,NA,0.05320000000000,1.03830000000000,NA,9203.7680,16.8520,16.7988,0.0532,16.9232,0.9139,0.9082,0.0057,NA,NA,NA
ExperienceX.exe,56308,0x216C7EA03E0,DXGI,1,0,0,Composed: Flip,9236.6263,NA,16.05950000000000,NA,0.20100000000000,0.54290000000000,NA,9220.6200,16.2073,16.0063,0.2010,0.9851,15.5641,1.1568,14.4073,NA,NA,NA
ExperienceX.exe,56308,0x216C7EA03E0,DXGI,1,0,0,Composed: Flip,9253.7809,NA,17.15460000000000,NA,0.16190000000000,1.10020000000000,NA,9236.8273,17.1155,16.9536,0.1619,17.1864,0.8674,0.8674,0.0000,NA,NA,NA
ExperienceX.exe,56308,0x216C7EA03E0,DXGI,1,0,0,Composed: Flip,9270.1674,NA,16.38650000000000,NA,0.40610000000000,2.33410000000000,NA,9253.9428,16.6307,16.2246,0.4061,0.9383,17.6204,2.0402,15.5802,NA,NA,NA
ExperienceX.exe,56308,0x216C7EA03E0,DXGI,1,0,0,Composed: Flip,9286.8574,NA,16.69000000000000,NA,0.82400000000000,1.81540000000000,NA,9270.5735,17.1079,16.2839,0.8240,17.4744,0.6249,0.6249,0.0000,NA,NA,NA
ExperienceX.exe,56308,0x216C7EA03E0,DXGI,1,0,0,Composed: Flip,9303.7521,NA,16.89470000000000,NA,0.35350000000000,2.17360000000000,NA,9287.6814,16.4242,16.0707,0.3535,0.9914,17.2529,1.9256,15.3273,NA,NA,NA
ExperienceX.exe,56308,0x216C7EA03E0,DXGI,1,0,0,Composed: Flip,9320.5824,NA,16.83030000000000,NA,0.28720000000000,1.37180000000000,NA,9304.1056,16.7640,16.4768,0.2872,17.1590,0.6896,0.6896,0.0000,NA,NA,NA
ExperienceX.exe,56308,0x216C7EA03E0,DXGI,1,0,0,Composed: Flip,9336.5506,NA,15.96820000000000,NA,0.24200000000000,1.20820000000000,NA,9320.8696,15.9230,15.6810,0.2420,1.0846,15.8046,1.0698,14.7348,NA,NA,NA
ExperienceX.exe,56308,0x216C7EA03E0,DXGI,1,0,0,Composed: Flip,9353.8553,NA,17.30470000000000,NA,0.42210000000000,1.27470000000000,NA,9336.7926,17.4848,17.0627,0.4221,17.6890,0.6484,0.6484,0.0000,NA,NA,NA
ExperienceX.exe,56308,0x216C7EA03E0,DXGI,1,0,0,Composed: Flip,9369.8514,NA,15.99610000000000,NA,0.19480000000000,1.23200000000000,NA,9354.2774,15.7688,15.5740,0.1948,0.8526,15.9534,1.3020,14.6514,NA,NA,NA
ExperienceX.exe,56308,0x216C7EA03E0,DXGI,1,0,0,Composed: Flip,9386.6529,NA,16.80150000000000,NA,0.26940000000000,1.67500000000000,NA,9370.0462,16.8761,16.6067,0.2694,17.3509,0.9308,0.9308,0.0000,NA,NA,NA
ExperienceX.exe,56308,0x216C7EA03E0,DXGI,1,0,0,Composed: Flip,9403.1484,NA,16.49550000000000,NA,0.17150000000000,0.84280000000000,NA,9386.9223,16.3976,16.2261,0.1715,1.4056,15.6633,0.8403,14.8230,NA,NA,NA
ExperienceX.exe,56308,0x216C7EA03E0,DXGI,1,0,0,Composed: Flip,9420.6436,NA,17.49520000000000,NA,0.28710000000000,1.20940000000000,NA,9403.3199,17.6108,17.3237,0.2871,17.6093,0.9238,0.9160,0.0078,NA,NA,NA
ExperienceX.exe,56308,0x216C7EA03E0,DXGI,1,0,0,Composed: Flip,9436.7403,NA,16.09670000000000,NA,0.35540000000000,1.28900000000000,NA,9420.9307,16.1650,15.8096,0.3554,0.9223,16.1763,1.6450,14.5313,NA,NA,NA
ExperienceX.exe,56308,0x216C7EA03E0,DXGI,1,0,0,Composed: Flip,9453.6405,NA,16.90020000000000,NA,0.09360000000000,1.66130000000000,NA,9437.0957,16.6384,16.5448,0.0936,17.5524,0.6537,0.6537,0.0000,NA,NA,NA
ExperienceX.exe,56308,0x216C7EA03E0,DXGI,1,0,0,Composed: Flip,9470.0415,NA,16.40100000000000,NA,0.19930000000000,1.02840000000000,NA,9453.7341,16.5067,16.3074,0.1993,1.5677,15.7681,1.2714,14.4967,NA,NA,NA
ExperienceX.exe,56308,0x216C7EA03E0,DXGI,1,0,0,Composed: Flip,9490.6664,NA,20.62490000000000,NA,0.55760000000000,1.33650000000000,NA,9470.2408,20.9832,20.4256,0.5576,20.0975,1.6646,1.0667,0.5979,NA,NA,NA
ExperienceX.exe,56308,0x216C7EA03E0,DXGI,1,0,0,Composed: Flip,9503.7147,NA,13.04830000000000,NA,0.30890000000000,0.98630000000000,NA,9491.2240,12.7996,12.4907,0.3089,1.0215,12.4555,2.2969,10.1586,NA,NA,NA
ExperienceX.exe,56308,0x216C7EA03E0,DXGI,1,0,0,Composed: Flip,9522.7842,NA,19.06950000000000,NA,0.14760000000000,1.37040000000000,NA,9504.0236,18.9082,18.7606,0.1476,18.7100,1.4210,1.2166,0.2044,NA,NA,NA
ExperienceX.exe,56308,0x216C7EA03E0,DXGI,1,0,0,Composed: Flip,9536.8122,NA,14.02800000000000,NA,0.51680000000000,1.41970000000000,NA,9522.9318,14.3972,13.8804,0.5168,1.2228,14.0773,1.9616,12.1157,NA,NA,NA
ExperienceX.exe,56308,0x216C7EA03E0,DXGI,1,0,0,Composed: Flip,9554.3287,NA,17.51650000000000,NA,0.14920000000000,1.11120000000000,NA,9537.3290,17.1489,16.9997,0.1492,17.4450,0.6659,0.6659,0.0000,NA,NA,NA
ExperienceX.exe,56308,0x216C7EA03E0,DXGI,1,0,0,Composed: Flip,9569.9300,NA,15.60130000000000,NA,0.20360000000000,1.12870000000000,NA,9554.4779,15.6557,15.4521,0.2036,0.9620,15.6188,1.5270,14.0918,NA,NA,NA
ExperienceX.exe,56308,0x216C7EA03E0,DXGI,1,0,0,Composed: Flip,9587.1910,NA,17.26100000000000,NA,0.36640000000000,1.19330000000000,NA,9570.1336,17.4238,17.0574,0.3664,17.6125,0.6382,0.6382,0.0000,NA,NA,NA
ExperienceX.exe,56308,0x216C7EA03E0,DXGI,1,0,0,Composed: Flip,9603.2674,NA,16.07640000000000,NA,0.18770000000000,0.60660000000000,NA,9587.5574,15.8977,15.7100,0.1877,0.8269,15.4897,0.7968,14.6929,NA,NA,NA
ExperienceX.exe,56308,0x216C7EA03E0,DXGI,1,0,0,Composed: Flip,9620.4300,NA,17.16260000000000,NA,0.05290000000000,1.34240000000000,NA,9603.4551,17.0278,16.9749,0.0529,17.6751,0.6422,0.6422,0.0000,NA,NA,NA
ExperienceX.exe,56308,0x216C7EA03E0,DXGI,1,0,0,Composed: Flip,9636.4994,NA,16.06940000000000,NA,0.12570000000000,0.56310000000000,NA,9620.4829,16.1422,16.0165,0.1257,1.2895,15.2901,0.9919,14.2982,NA,NA,NA
ExperienceX.exe,56308,0x216C7EA03E0,DXGI,1,0,0,Composed: Flip,9654.0336,NA,17.53420000000000,NA,0.37750000000000,1.28280000000000,NA,9636.6251,17.7860,17.4085,0.3775,18.0435,0.6478,0.6478,0.0000,NA,NA,NA
ExperienceX.exe,56308,0x216C7EA03E0,DXGI,1,0,0,Composed: Flip,9669.9786,NA,15.94500000000000,NA,0.36690000000000,0.97480000000000,NA,9654.4111,15.9344,15.5675,0.3669,0.9053,15.6370,0.7711,14.8659,NA,NA,NA
ExperienceX.exe,56308,0x216C7EA03E0,DXGI,1,0,0,Composed: Flip,9687.2683,NA,17.28970000000000,NA,0.45230000000000,1.33990000000000,NA,9670.3455,17.3751,16.9228,0.4523,17.6110,0.6517,0.6517,0.0000,NA,NA,NA
ExperienceX.exe,56308,0x216C7EA03E0,DXGI,1,0,0,Composed: Flip,9703.2428,NA,15.97450000000000,NA,0.20910000000000,0.57270000000000,NA,9687.7206,15.7313,15.5222,0.2091,0.8876,15.2073,0.7739,14.4334,NA,NA,NA
ExperienceX.exe,56308,0x216C7EA03E0,DXGI,1,0,0,Composed: Flip,9721.8354,NA,18.59260000000000,NA,0.11530000000000,0.74500000000000,NA,9703.4519,18.4988,18.3835,0.1153,18.1827,0.9458,0.9379,0.0079,NA,NA,NA
ExperienceX.exe,56308,0x216C7EA03E0,DXGI,1,0,0,Composed: Flip,9736.6790,NA,14.84360000000000,NA,0.22350000000000,0.54060000000000,NA,9721.9507,14.9518,14.7283,0.2235,0.6297,14.6392,1.2704,13.3688,NA,NA,NA
ExperienceX.exe,56308,0x216C7EA03E0,DXGI,1,0,0,Composed: Flip,9753.7340,NA,17.05500000000000,NA,0.03900000000000,1.36170000000000,NA,9736.9025,16.8705,16.8315,0.0390,17.5152,0.6780,0.6780,0.0000,NA,NA,NA
ExperienceX.exe,56308,0x216C7EA03E0,DXGI,1,0,0,Composed: Flip,9769.8444,NA,16.11040000000000,NA,0.18390000000000,0.62640000000000,NA,9753.7730,16.2553,16.0714,0.1839,1.3227,15.3751,0.6797,14.6954,NA,NA,NA
ExperienceX.exe,56308,0x216C7EA03E0,DXGI,1,0,0,Composed: Flip,9787.0504,NA,17.20600000000000,NA,0.05540000000000,1.39120000000000,NA,9770.0283,17.0775,17.0221,0.0554,17.7230,0.6903,0.6903,0.0000,NA,NA,NA
ExperienceX.exe,56308,0x216C7EA03E0,DXGI,1,0,0,Composed: Flip,9803.2146,NA,16.16420000000000,NA,0.21290000000000,1.33440000000000,NA,9787.1058,16.3217,16.1088,0.2129,1.3358,16.1074,1.4612,14.6462,NA,NA,NA
ExperienceX.exe,56308,0x216C7EA03E0,DXGI,1,0,0,Composed: Flip,9821.3353,NA,18.12070000000000,NA,0.33240000000000,1.02200000000000,NA,9803.4275,18.2402,17.9078,0.3324,18.2677,0.6621,0.6621,0.0000,NA,NA,NA
ExperienceX.exe,56308,0x216C7EA03E0,DXGI,1,0,0,Composed: Flip,9836.6886,NA,15.35330000000000,NA,0.40460000000000,1.11320000000000,NA,9821.6677,15.4255,15.0209,0.4046,0.6896,15.4445,1.3489,14.0956,NA,NA,NA
ExperienceX.exe,56308,0x216C7EA03E0,DXGI,1,0,0,Composed: Flip,9854.6759,NA,17.98730000000000,NA,0.96140000000000,1.82230000000000,NA,9837.0932,18.5441,17.5827,0.9614,18.6956,0.7094,0.7094,0.0000,NA,NA,NA
ExperienceX.exe,56308,0x216C7EA03E0,DXGI,1,0,0,Composed: Flip,9869.8467,NA,15.17080000000000,NA,0.20800000000000,0.73740000000000,NA,9855.6373,14.4174,14.2094,0.2080,0.8609,14.0859,0.8592,13.2267,NA,NA,NA
ExperienceX.exe,56308,0x216C7EA03E0,DXGI,1,0,0,Composed: Flip,9887.5130,NA,17.66630000000000,NA,0.20590000000000,1.30290000000000,NA,9870.0547,17.6642,17.4583,0.2059,17.8307,0.9305,0.9305,0.0000,NA,NA,NA
ExperienceX.exe,56308,0x216C7EA03E0,DXGI,1,0,0,Composed: Flip,9903.1653,NA,15.65230000000000,NA,0.14850000000000,0.51790000000000,NA,9887.7189,15.5949,15.4464,0.1485,1.0970,14.8673,1.0040,13.8633,NA,NA,NA
ExperienceX.exe,56308,0x216C7EA03E0,DXGI,1,0,0,Composed: Flip,9921.1884,NA,18.02310000000000,NA,0.19670000000000,1.42280000000000,NA,9903.3138,18.0713,17.8746,0.1967,18.6564,0.6410,0.6410,0.0000,NA,NA,NA
ExperienceX.exe,56308,0x216C7EA03E0,DXGI,1,0,0,Composed: Flip,9936.5127,NA,15.32430000000000,NA,0.20260000000000,1.89280000000000,NA,9921.3851,15.3302,15.1276,0.2026,1.2261,15.7943,2.0615,13.7328,NA,NA,NA
ExperienceX.exe,56308,0x216C7EA03E0,DXGI,1,0,0,Composed: Flip,9954.1415,NA,17.62880000000000,NA,0.19330000000000,1.10310000000000,NA,9936.7153,17.6195,17.4262,0.1933,17.5361,0.9932,0.9858,0.0074,NA,NA,NA
ExperienceX.exe,56308,0x216C7EA03E0,DXGI,1,0,0,Composed: Flip,9969.8587,NA,15.71720000000000,NA,0.27550000000000,0.62580000000000,NA,9954.3348,15.7994,15.5239,0.2755,0.9098,15.2399,1.2466,13.9933,NA,NA,NA
ExperienceX.exe,56308,0x216838E1150,DXGI,1,0,0,Composed: Flip,9953.1764,NA,16.31450000000000,16.67420000000000,0.12350000000000,1.07500000000000,33.0636,9936.9819,16.3180,16.1945,0.1235,16.9584,0.3111,0.3111,0.0000,-0.1086,9936.9819,NA
ExperienceX.exe,56308,0x216838E1150,DXGI,1,0,0,Composed: Flip,9970.2295,NA,17.05310000000000,NA,0.50200000000000,2.01380000000000,NA,9953.2999,17.4316,16.9296,0.5020,18.6063,0.3371,0.3371,0.0000,NA,NA,NA
ExperienceX.exe,56308,0x216838E1150,DXGI,1,0,0,Composed: Flip,10004.1704,NA,33.94090000000000,50.22370000000000,0.05900000000000,1.34630000000000,32.2933,9970.7315,33.4979,33.4389,0.0590,34.4689,0.3163,0.3163,0.0000,-16.4741,9970.7315,NA
ExperienceX.exe,56308,0x216838E1150,DXGI,1,0,0,Composed: Flip,10019.8309,NA,15.66050000000000,16.43840000000000,0.12720000000000,0.86610000000000,33.0712,10004.2294,15.7287,15.6015,0.1272,16.1261,0.3415,0.3415,0.0000,17.0595,10004.2294,NA
ExperienceX.exe,56308,0x216C829D570,DXGI,1,0,0,Composed: Flip,9970.2296,NA,17.05350000000000,50.03470000000000,0.46540000000000,1.67660000000000,32.7246,9953.3354,17.3596,16.8942,0.4654,17.1491,1.4217,1.4217,0.0000,-0.2029,9953.3354,NA
ExperienceX.exe,56308,0x216C829D570,DXGI,1,0,0,Composed: Flip,9986.4874,NA,16.25780000000000,NA,0.10910000000000,1.30630000000000,NA,9970.6950,15.9015,15.7924,0.1091,16.5541,0.5446,0.5446,0.0000,NA,NA,NA
ExperienceX.exe,56308,0x216C829D570,DXGI,1,0,0,Composed: Flip,10003.5224,NA,17.03500000000000,NA,0.07740000000000,1.67800000000000,NA,9986.5965,17.0033,16.9259,0.0774,17.2048,1.3991,1.3991,0.0000,NA,NA,NA
ExperienceX.exe,56308,0x216C829D570,DXGI,1,0,0,Composed: Flip,10019.8305,NA,16.30810000000000,NA,0.12760000000000,0.52500000000000,NA,10003.5998,16.3583,16.2307,0.1276,1.9169,14.8388,1.4597,13.3791,NA,NA,NA
ExperienceX.exe,56308,0x216C829D570,DXGI,1,0,0,Composed: Flip,10039.0095,NA,19.17900000000000,NA,0.10230000000000,0.83190000000000,NA,10019.9581,19.1537,19.0514,0.1023,19.5181,0.3652,0.3652,0.0000,NA,NA,NA
ExperienceX.exe,56308,0x216838E1150,DXGI,1,0,0,Composed: Flip,10038.5003,NA,18.66940000000000,16.75280000000000,0.10930000000000,0.97590000000000,31.1546,10019.9581,18.6515,18.5422,0.1093,18.3891,1.1290,1.1290,0.0000,-1.0241,10019.9581,NA
ExperienceX.exe,56308,0x216838E1150,DXGI,1,0,0,Composed: Flip,10053.1763,NA,14.67600000000000,NA,0.15420000000000,1.60940000000000,NA,10038.6096,14.7209,14.5667,0.1542,15.6313,0.5448,0.5448,0.0000,NA,NA,NA
ExperienceX.exe,56308,0x216C829D570,DXGI,1,0,0,Composed: Flip,10053.1758,NA,14.16630000000000,83.46900000000001,0.15450000000000,1.06510000000000,33.2474,10039.1118,14.2185,14.0640,0.1545,0.7296,14.3995,1.9671,12.4324,2.3074,10039.1118,NA
ExperienceX.exe,56308,0x216C829D570,DXGI,1,0,0,Composed: Flip,10071.1550,NA,17.97920000000000,NA,0.20870000000000,2.80490000000000,NA,10053.3303,18.0334,17.8247,0.2087,19.6750,0.9546,0.9546,0.0000,NA,NA,NA
ExperienceX.exe,56308,0x216838E1150,DXGI,1,0,0,Composed: Flip,10071.6026,NA,18.42630000000000,33.34520000000000,0.66200000000000,1.08660000000000,31.3975,10053.3305,18.9341,18.2721,0.6620,2.1333,17.2254,2.2685,14.9569,0.0272,10053.3305,NA
ExperienceX.exe,56308,0x216838E1150,DXGI,1,0,0,Composed: Flip,10087.0208,NA,15.41820000000000,NA,0.28650000000000,0.84730000000000,NA,10072.2646,15.0427,14.7562,0.2865,1.6953,13.9082,0.9264,12.9818,NA,NA,NA
ExperienceX.exe,56308,0x216C829D570,DXGI,1,0,0,Composed: Flip,10087.0215,NA,15.86650000000000,33.14240000000000,0.28730000000000,1.51940000000000,32.5441,10071.3637,15.9451,15.6578,0.2873,16.5044,0.6728,0.6728,0.0000,-0.8905,10071.3637,NA
ExperienceX.exe,56308,0x216C829D570,DXGI,1,0,0,Composed: Flip,10104.6002,NA,17.57870000000000,NA,0.11990000000000,1.28890000000000,NA,10087.3088,17.4113,17.2914,0.1199,17.6549,0.9254,0.9254,0.0000,NA,NA,NA
ExperienceX.exe,56308,0x216838E1150,DXGI,1,0,0,Composed: Flip,10104.7265,NA,17.70570000000000,33.23560000000001,0.10970000000000,1.51180000000000,31.5092,10087.3073,17.5289,17.4192,0.1097,18.5818,0.3492,0.3492,0.0000,0.7412,10087.3073,NA
ExperienceX.exe,56308,0x216838E1150,DXGI,1,0,0,Composed: Flip,10119.8771,NA,15.15060000000000,NA,0.14220000000000,0.51820000000000,NA,10104.8362,15.1831,15.0409,0.1422,1.4021,14.1570,1.4168,12.7402,NA,NA,NA
ExperienceX.exe,56308,0x216838E1150,DXGI,1,0,0,Composed: Flip,10137.6804,NA,17.80330000000000,33.31970000000000,0.07270000000000,1.37720000000000,31.8750,10120.0193,17.7338,17.6611,0.0727,18.7130,0.3253,0.3253,0.0000,-0.6077,10120.0193,NA
ExperienceX.exe,56308,0x216C829D570,DXGI,1,0,0,Composed: Flip,10119.8775,NA,15.27730000000000,33.31930000000000,0.14190000000000,1.32230000000000,33.0074,10104.7201,15.2993,15.1574,0.1419,15.6752,0.8045,0.8045,0.0000,0.0371,10104.7201,NA
ExperienceX.exe,56308,0x216C829D570,DXGI,1,0,0,Composed: Flip,10137.0787,NA,17.20120000000000,NA,0.51480000000000,1.65360000000000,NA,10120.0194,17.5741,17.0593,0.5148,17.2861,1.4268,1.4268,0.0000,NA,NA,NA
ExperienceX.exe,56308,0x216C829D570,DXGI,1,0,0,Composed: Flip,10153.3289,NA,16.25020000000000,NA,0.07430000000000,1.08450000000000,NA,10137.5935,15.8097,15.7354,0.0743,1.4641,15.3558,2.8807,12.4751,NA,NA,NA
ExperienceX.exe,56308,0x216C829D570,DXGI,1,0,0,Composed: Flip,10170.0804,NA,16.75150000000000,50.02810000000000,0.45990000000000,2.02810000000000,32.8326,10153.4032,17.1371,16.6772,0.4599,18.3684,0.3369,0.3369,0.0000,-1.3450,10153.4032,NA
ExperienceX.exe,56308,0x216838E1150,DXGI,1,0,0,Composed: Flip,10153.1162,NA,15.43580000000000,16.68190000000000,0.15340000000000,1.91280000000000,33.1211,10137.7531,15.5165,15.3631,0.1534,16.6603,0.6156,0.6156,0.0000,1.0519,10137.7531,NA
ExperienceX.exe,56308,0x216838E1150,DXGI,1,0,0,Composed: Flip,10170.0684,NA,16.95220000000000,NA,0.07650000000000,1.70320000000000,NA,10153.2696,16.8753,16.7988,0.0765,17.1025,1.3995,1.3995,0.0000,NA,NA,NA
ExperienceX.exe,56308,0x216838E1150,DXGI,1,0,0,Composed: Flip,10186.5264,NA,16.45800000000000,NA,0.16910000000000,0.74660000000000,NA,10170.1449,16.5506,16.3815,0.1691,1.9636,15.1645,2.0109,13.1536,NA,NA,NA
ExperienceX.exe,56308,0x216838E1150,DXGI,1,0,0,Composed: Flip,10204.3836,NA,17.85720000000000,50.01490000000000,0.09280000000000,1.43630000000000,31.8686,10186.6955,17.7809,17.6881,0.0928,18.7926,0.3318,0.3318,0.0000,-1.0725,10186.6955,NA
ExperienceX.exe,56308,0x216838E1150,DXGI,1,0,0,Composed: Flip,10219.8719,NA,15.48830000000000,16.65960000000000,0.17550000000000,0.63740000000000,33.0399,10204.4764,15.5710,15.3955,0.1755,1.3435,14.6894,1.4159,13.2735,1.1213,10204.4764,NA
ExperienceX.exe,56308,0x216838E1150,DXGI,1,0,0,Composed: Flip,10237.6792,NA,17.80730000000000,16.66670000000000,0.07960000000000,1.52880000000000,31.8993,10220.0474,17.7114,17.6318,0.0796,18.8213,0.3393,0.3393,0.0000,-1.0957,10220.0474,NA
ExperienceX.exe,56308,0x216838E1150,DXGI,1,0,0,Composed: Flip,10253.1883,NA,15.50910000000000,16.75370000000000,0.14790000000000,0.91040000000000,33.1439,10237.7588,15.5774,15.4295,0.1479,15.9824,0.3575,0.3575,0.0000,0.9577,10237.7588,NA
ExperienceX.exe,56308,0x216C829D570,DXGI,1,0,0,Composed: Flip,10186.5268,NA,16.44640000000000,16.65870000000000,0.16880000000000,1.08110000000000,33.0449,10170.5403,16.1553,15.9865,0.1688,16.7327,0.3349,0.3349,0.0000,0.4784,10170.5403,NA
ExperienceX.exe,56308,0x216C829D570,DXGI,1,0,0,Composed: Flip,10204.4073,NA,17.88050000000000,NA,0.08010000000000,1.08080000000000,NA,10186.6956,17.7918,17.7117,0.0801,17.3628,1.4297,1.4297,0.0000,NA,NA,NA
ExperienceX.exe,56308,0x216C829D570,DXGI,1,0,0,Composed: Flip,10219.8714,NA,15.46410000000000,NA,0.19850000000000,0.93400000000000,NA,10204.4874,15.5825,15.3840,0.1985,16.0219,0.2961,0.2961,0.0000,NA,NA,NA
ExperienceX.exe,56308,0x216C829D570,DXGI,1,0,0,Composed: Flip,10237.6456,NA,17.77420000000000,NA,0.06620000000000,1.22310000000000,NA,10220.0699,17.6419,17.5757,0.0662,17.8296,0.9692,0.9692,0.0000,NA,NA,NA
ExperienceX.exe,56308,0x216C829D570,DXGI,1,0,0,Composed: Flip,10253.1882,NA,15.54260000000000,NA,0.14790000000000,0.55300000000000,NA,10237.7118,15.6243,15.4764,0.1479,1.4962,14.5332,1.3057,13.2275,NA,NA,NA
ExperienceX.exe,56308,0x216C829D570,DXGI,1,0,0,Composed: Flip,10270.9058,NA,17.71760000000000,NA,0.09230000000000,1.42970000000000,NA,10253.3361,17.6620,17.5697,0.0923,18.8334,0.1660,0.1660,0.0000,NA,NA,NA
ExperienceX.exe,56308,0x216838E1150,DXGI,1,0,0,Composed: Flip,10270.2448,NA,17.05650000000000,16.56040000000000,0.48070000000000,1.92470000000000,32.6478,10253.3362,17.3893,16.9086,0.4807,17.2267,1.6066,1.6066,0.0000,-0.9830,10253.3362,NA
ExperienceX.exe,56308,0x216838E1150,DXGI,1,0,0,Composed: Flip,10286.7134,NA,16.46860000000000,NA,0.19850000000000,1.28120000000000,NA,10270.7255,16.1864,15.9879,0.1985,16.7342,0.5349,0.5257,0.0092,NA,NA,NA
ExperienceX.exe,56308,0x216C829D570,DXGI,1,0,0,Composed: Flip,10286.7141,NA,15.80830000000000,100.08800000000001,0.19780000000000,0.74560000000000,32.9456,10270.9981,15.9138,15.7160,0.1978,1.3374,15.1242,1.7065,13.4177,0.3698,10270.9981,NA
ExperienceX.exe,56308,0x216C829D570,DXGI,1,0,0,Composed: Flip,10303.4081,NA,16.69400000000000,NA,0.41990000000000,1.94850000000000,NA,10286.9119,16.9161,16.4962,0.4199,17.4849,0.9598,0.9598,0.0000,NA,NA,NA
ExperienceX.exe,56308,0x216C829D570,DXGI,1,0,0,Composed: Flip,10320.0528,NA,16.64470000000000,33.22490000000000,0.27730000000000,1.39810000000000,32.8318,10303.8280,16.5021,16.2248,0.2773,1.8563,15.7666,2.2890,13.4776,-0.3950,10303.8280,NA
ExperienceX.exe,56308,0x216C829D570,DXGI,1,0,0,Composed: Flip,10336.8343,NA,16.78150000000000,16.67760000000000,0.09290000000000,1.92160000000000,32.7279,10320.3301,16.5971,16.5042,0.0929,17.0166,1.4092,1.4092,0.0000,-0.1755,10320.3301,NA
ExperienceX.exe,56308,0x216838E1150,DXGI,1,0,0,Composed: Flip,10303.4018,NA,16.68840000000000,33.35240000000000,0.07580000000000,2.28250000000000,32.8432,10286.9119,16.5657,16.4899,0.0758,18.4447,0.3277,0.3277,0.0000,0.2233,10286.9119,NA
ExperienceX.exe,56308,0x216838E1150,DXGI,1,0,0,Composed: Flip,10320.0511,NA,16.64930000000000,NA,0.27910000000000,1.40470000000000,NA,10303.4776,16.8526,16.5735,0.2791,17.9733,0.0049,0.0049,0.0000,NA,NA,NA
ExperienceX.exe,56308,0x216838E1150,DXGI,1,0,0,Composed: Flip,10336.8392,NA,16.78810000000000,NA,0.09510000000000,2.24920000000000,NA,10320.3302,16.6041,16.5090,0.0951,18.4257,0.3325,0.3325,0.0000,NA,NA,NA
ExperienceX.exe,56308,0x216838E1150,DXGI,1,0,0,Composed: Flip,10370.6706,NA,33.83140000000000,66.67070000000000,0.37300000000000,1.62450000000000,32.2451,10336.9343,34.1093,33.7363,0.3730,34.7088,0.6520,0.6520,0.0000,-16.6483,10336.9343,NA
ExperienceX.exe,56308,0x216838E1150,DXGI,1,0,0,Composed: Flip,10386.5080,NA,15.83740000000000,16.67320000000000,0.10700000000000,0.53180000000000,33.0809,10371.0436,15.5714,15.4644,0.1070,1.5820,14.4142,1.1623,13.2519,17.4361,10371.0436,NA
ExperienceX.exe,56308,0x216C829D570,DXGI,1,0,0,Composed: Flip,10353.0851,NA,16.25080000000000,16.69270000000000,0.10690000000000,0.51140000000000,33.1698,10336.9272,16.2648,16.1579,0.1069,2.1612,14.5081,1.5412,12.9669,-0.0956,10336.9272,NA
ExperienceX.exe,56308,0x216C829D570,DXGI,1,0,0,Composed: Flip,10371.1309,NA,18.04580000000000,NA,0.05300000000000,1.49470000000000,NA,10353.1920,17.9919,17.9389,0.0530,19.1031,0.3305,0.3305,0.0000,NA,NA,NA
ExperienceX.exe,56308,0x216C829D570,DXGI,1,0,0,Composed: Flip,10386.5106,NA,15.37970000000000,NA,0.12880000000000,0.89240000000000,NA,10371.1839,15.4555,15.3267,0.1288,15.8559,0.3632,0.3632,0.0000,NA,NA,NA
ExperienceX.exe,56308,0x216C829D570,DXGI,1,0,0,Composed: Flip,10404.3811,NA,17.87050000000000,NA,0.13580000000000,0.99150000000000,NA,10386.6394,17.8775,17.7417,0.1358,17.3899,1.3433,1.3433,0.0000,NA,NA,NA
ExperienceX.exe,56308,0x216838E1150,DXGI,1,0,0,Composed: Flip,10404.4961,NA,17.98810000000000,16.69670000000000,0.06040000000000,1.23200000000000,31.7895,10386.6150,17.9415,17.8811,0.0604,18.7576,0.3555,0.3555,0.0000,-1.1253,10386.6150,NA
ExperienceX.exe,56308,0x216838E1150,DXGI,1,0,0,Composed: Flip,10419.8650,NA,15.36890000000000,NA,0.18850000000000,0.91830000000000,NA,10404.5565,15.4970,15.3085,0.1885,15.8739,0.3529,0.3529,0.0000,NA,NA,NA
ExperienceX.exe,56308,0x216838E1150,DXGI,1,0,0,Composed: Flip,10437.8616,NA,17.99660000000000,33.49580000000000,0.10050000000000,1.65240000000000,31.9198,10420.0535,17.9086,17.8081,0.1005,19.1280,0.3325,0.3325,0.0000,-0.0573,10420.0535,NA
ExperienceX.exe,56308,0x216838E1150,DXGI,1,0,0,Composed: Flip,10453.1318,NA,15.27020000000000,16.49640000000000,0.13180000000000,0.89710000000000,33.1460,10437.9621,15.3015,15.1697,0.1318,15.7131,0.3537,0.3537,0.0000,1.4122,10437.9621,NA
ExperienceX.exe,56308,0x216C829D570,DXGI,1,0,0,Composed: Flip,10419.8747,NA,15.49360000000000,66.63400000000000,0.21640000000000,0.55570000000000,33.0142,10404.5169,15.5742,15.3578,0.2164,1.2112,14.7023,1.5277,13.1746,0.9557,10404.5169,NA
ExperienceX.exe,56308,0x216C829D570,DXGI,1,0,0,Composed: Flip,10437.8519,NA,17.97720000000000,NA,0.12640000000000,1.32960000000000,NA,10420.0911,17.8872,17.7608,0.1264,18.1051,0.9853,0.9853,0.0000,NA,NA,NA
ExperienceX.exe,56308,0x216C829D570,DXGI,1,0,0,Composed: Flip,10472.3459,NA,34.49400000000000,NA,0.09730000000000,1.11180000000000,NA,10437.9783,34.4649,34.3676,0.0973,35.1424,0.3370,0.3370,0.0000,NA,NA,NA
ExperienceX.exe,56308,0x216838E1150,DXGI,1,0,0,Composed: Flip,10470.6594,NA,17.52760000000000,16.93420000000000,0.14400000000000,2.46130000000000,32.5526,10453.2636,17.5398,17.3958,0.1440,19.2065,0.6506,0.6506,0.0000,-1.6327,10453.2636,NA
ExperienceX.exe,56308,0x216838E1150,DXGI,1,0,0,Composed: Flip,10486.7013,NA,16.04190000000000,NA,0.22470000000000,0.90040000000000,NA,10470.8034,16.1226,15.8979,0.2247,2.6543,14.1440,1.9801,12.1639,NA,NA,NA
ExperienceX.exe,56308,0x216C829D570,DXGI,1,0,0,Composed: Flip,10486.7016,NA,14.35570000000000,66.68320000000000,0.22420000000000,1.23070000000000,32.8705,10472.4432,14.4826,14.2584,0.2242,15.1585,0.3306,0.3306,0.0000,1.2431,10472.4432,NA
ExperienceX.exe,56308,0x216C829D570,DXGI,1,0,0,Composed: Flip,10505.4073,NA,18.70570000000000,NA,0.08390000000000,1.24840000000000,NA,10486.9258,18.5654,18.4815,0.0839,19.4047,0.3252,0.3252,0.0000,NA,NA,NA
ExperienceX.exe,56308,0x216838E1150,DXGI,1,0,0,Composed: Flip,10504.9785,NA,18.27720000000000,33.10880000000000,0.51450000000000,1.35200000000000,31.3423,10486.9260,18.5670,18.0525,0.5145,18.7518,0.6527,0.6527,0.0000,0.5536,10486.9260,NA
ExperienceX.exe,56308,0x216838E1150,DXGI,1,0,0,Composed: Flip,10519.8603,NA,14.88180000000000,NA,0.16400000000000,1.60810000000000,NA,10505.4930,14.5313,14.3673,0.1640,15.5350,0.4404,0.4404,0.0000,NA,NA,NA
ExperienceX.exe,56308,0x216C829D570,DXGI,1,0,0,Composed: Flip,10519.8606,NA,14.45330000000000,33.47760000000000,0.16390000000000,1.16740000000000,33.1891,10505.4912,14.5333,14.3694,0.1639,1.1645,14.3723,2.9784,11.3939,-0.4296,10505.4912,NA
ExperienceX.exe,56308,0x216C829D570,DXGI,1,0,0,Composed: Flip,10538.0466,NA,18.18600000000000,NA,0.07870000000000,1.30770000000000,NA,10520.0245,18.1008,18.0221,0.0787,18.3831,0.9467,0.9467,0.0000,NA,NA,NA
ExperienceX.exe,56308,0x216C829D570,DXGI,1,0,0,Composed: Flip,10553.4364,NA,15.38980000000000,33.17810000000000,0.16500000000000,0.77170000000000,32.7914,10538.1253,15.4761,15.3111,0.1650,2.2697,13.8131,0.8896,12.9235,-0.5440,10538.1253,NA
ExperienceX.exe,56308,0x216C829D570,DXGI,1,0,0,Composed: Flip,10570.0348,NA,16.59840000000000,16.66530000000000,0.59110000000000,1.83140000000000,32.8583,10553.6014,17.0245,16.4334,0.5911,16.7757,1.4891,1.4891,0.0000,-1.1892,10553.6014,NA
ExperienceX.exe,56308,0x216838E1150,DXGI,1,0,0,Composed: Flip,10538.3709,NA,18.51060000000000,33.23810000000000,0.17860000000000,2.02410000000000,31.1880,10520.0243,18.5252,18.3466,0.1786,19.3300,1.0407,1.0407,0.0000,-0.1398,10520.0243,NA
ExperienceX.exe,56308,0x216838E1150,DXGI,1,0,0,Composed: Flip,10553.4359,NA,15.06500000000000,NA,0.16530000000000,1.37740000000000,NA,10538.5495,15.0517,14.8864,0.1653,15.6586,0.6052,0.6052,0.0000,NA,NA,NA
ExperienceX.exe,56308,0x216838E1150,DXGI,1,0,0,Composed: Flip,10570.0350,NA,16.59910000000000,NA,0.07970000000000,2.17730000000000,NA,10553.6012,16.5135,16.4338,0.0797,18.2650,0.3461,0.3461,0.0000,NA,NA,NA
ExperienceX.exe,56308,0x216838E1150,DXGI,1,0,0,Composed: Flip,10586.4737,NA,16.43870000000000,NA,0.11770000000000,0.75220000000000,NA,10570.1147,16.4767,16.3590,0.1177,2.0976,15.0136,1.8312,13.1824,NA,NA,NA
ExperienceX.exe,56308,0x216838E1150,DXGI,1,0,0,Composed: Flip,10603.3707,NA,16.89700000000000,66.78360000000001,0.43540000000000,2.06050000000000,32.9718,10586.5914,17.2147,16.7793,0.4354,18.4823,0.3575,0.3575,0.0000,-0.2165,10586.5914,NA
ExperienceX.exe,56308,0x216838E1150,DXGI,1,0,0,Composed: Flip,10619.8548,NA,16.48410000000000,16.57540000000000,0.17710000000000,1.17090000000000,33.0631,10603.8061,16.2258,16.0487,0.1771,16.8898,0.3298,0.3298,0.0000,0.6393,10603.8061,NA
ExperienceX.exe,56308,0x216C829D570,DXGI,1,0,0,Composed: Flip,10586.4738,NA,16.43900000000000,16.68460000000000,0.11760000000000,1.09190000000000,33.1039,10570.6259,15.9655,15.8479,0.1176,16.6000,0.3398,0.3398,0.0000,0.3399,10570.6259,NA
ExperienceX.exe,56308,0x216C829D570,DXGI,1,0,0,Composed: Flip,10603.3686,NA,16.89480000000000,NA,0.08770000000000,1.70510000000000,NA,10586.5914,16.8649,16.7772,0.0877,17.0141,1.4682,1.4682,0.0000,NA,NA,NA
ExperienceX.exe,56308,0x216C829D570,DXGI,1,0,0,Composed: Flip,10619.8544,NA,16.48580000000000,NA,0.17760000000000,0.84150000000000,NA,10603.4563,16.5757,16.3981,0.1776,1.9749,15.2647,1.8233,13.4414,NA,NA,NA
ExperienceX.exe,56308,0x216C829D570,DXGI,1,0,0,Composed: Flip,10637.5984,NA,17.74400000000000,NA,0.32930000000000,1.61870000000000,NA,10620.0320,17.8957,17.5664,0.3293,18.8848,0.3003,0.3003,0.0000,NA,NA,NA
ExperienceX.exe,56308,0x216838E1150,DXGI,1,0,0,Composed: Flip,10637.5780,NA,17.72320000000000,16.69320000000000,0.31040000000000,1.33880000000000,32.0331,10620.0319,17.8565,17.5461,0.3104,17.3880,1.4969,1.4969,0.0000,-0.4674,10620.0319,NA
ExperienceX.exe,56308,0x216838E1150,DXGI,1,0,0,Composed: Flip,10653.3568,NA,15.77880000000000,NA,0.41790000000000,1.06410000000000,NA,10637.8884,15.8863,15.4684,0.4179,1.3287,15.2038,1.7678,13.4360,NA,NA,NA
ExperienceX.exe,56308,0x216C829D570,DXGI,1,0,0,Composed: Flip,10653.4287,NA,15.83030000000000,67.06120000000000,0.38050000000000,1.32990000000000,33.2102,10637.9277,15.8815,15.5010,0.3805,16.4932,0.3377,0.3377,0.0000,0.2406,10637.9277,NA
ExperienceX.exe,56308,0x216C829D570,DXGI,1,0,0,Composed: Flip,10670.8714,NA,17.44270000000000,NA,0.06320000000000,1.33140000000000,NA,10653.8092,17.1254,17.0622,0.0632,16.7043,1.6893,1.6893,0.0000,NA,NA,NA
ExperienceX.exe,56308,0x216838E1150,DXGI,1,0,0,Composed: Flip,10670.2372,NA,16.88040000000000,33.28410000000000,0.58330000000000,2.12380000000000,32.6580,10653.7747,17.0458,16.4625,0.5833,18.4281,0.1582,0.1582,0.0000,0.4587,10653.7747,NA
ExperienceX.exe,56308,0x216838E1150,DXGI,1,0,0,Composed: Flip,10687.2700,NA,17.03280000000000,NA,0.29180000000000,1.33340000000000,NA,10670.8205,16.7413,16.4495,0.2918,17.1936,0.5893,0.5784,0.0109,NA,NA,NA
ExperienceX.exe,56308,0x216838E1150,DXGI,1,0,0,Composed: Flip,10704.6586,NA,17.38860000000000,33.63970000000000,0.10150000000000,1.32000000000000,31.8763,10687.5618,17.1983,17.0968,0.1015,18.0420,0.3748,0.3748,0.0000,0.1474,10687.5618,NA
ExperienceX.exe,56308,0x216838E1150,DXGI,1,0,0,Composed: Flip,10719.8823,NA,15.22370000000000,16.39440000000000,0.23590000000000,1.30440000000000,33.0470,10704.7601,15.3581,15.1222,0.2359,1.5474,14.8792,1.8709,13.0083,0.8039,10704.7601,NA
ExperienceX.exe,56308,0x216C829D570,DXGI,1,0,0,Composed: Flip,10687.2721,NA,16.40070000000000,32.94610000000000,0.36480000000000,0.74200000000000,32.3129,10670.9346,16.7023,16.3375,0.3648,1.4264,15.6531,1.5318,14.1213,0.0608,10670.9346,NA
ExperienceX.exe,56308,0x216C829D570,DXGI,1,0,0,Composed: Flip,10704.6648,NA,17.39270000000000,NA,0.14130000000000,1.64270000000000,NA,10687.6369,17.1692,17.0279,0.1413,18.3417,0.3289,0.3289,0.0000,NA,NA,NA
ExperienceX.exe,56308,0x216C829D570,DXGI,1,0,0,Composed: Flip,10719.8907,NA,15.22590000000000,NA,0.33860000000000,1.77100000000000,NA,10704.8061,15.4232,15.0846,0.3386,16.3806,0.4750,0.4750,0.0000,NA,NA,NA
ExperienceX.exe,56308,0x216C829D570,DXGI,1,0,0,Composed: Flip,10737.3238,NA,17.43310000000000,NA,0.51780000000000,2.08090000000000,NA,10720.2293,17.6123,17.0945,0.5178,18.8318,0.3436,0.3436,0.0000,NA,NA,NA
ExperienceX.exe,56308,0x216C829D570,DXGI,1,0,0,Composed: Flip,10753.2527,NA,15.92890000000000,66.62520000000001,0.27370000000000,1.81870000000000,32.9575,10737.8416,15.6848,15.4111,0.2737,16.9147,0.3151,0.3151,0.0000,0.2818,10737.8416,NA
ExperienceX.exe,56308,0x216838E1150,DXGI,1,0,0,Composed: Flip,10737.7229,NA,17.84060000000000,16.62430000000000,0.49370000000000,1.33820000000000,31.8307,10720.1182,18.0984,17.6047,0.4937,17.4208,1.5221,1.5221,0.0000,-1.2662,10720.1182,NA
ExperienceX.exe,56308,0x216838E1150,DXGI,1,0,0,Composed: Flip,10753.2524,NA,15.52950000000000,NA,0.28790000000000,1.50390000000000,NA,10738.2166,15.3237,15.0358,0.2879,1.1881,15.3516,2.4628,12.8888,NA,NA,NA
ExperienceX.exe,56308,0x216838E1150,DXGI,1,0,0,Composed: Flip,10770.0820,NA,16.82960000000000,NA,0.06990000000000,2.15160000000000,NA,10753.5403,16.6116,16.5417,0.0699,18.3208,0.3725,0.3725,0.0000,NA,NA,NA
ExperienceX.exe,56308,0x216838E1150,DXGI,1,0,0,Composed: Flip,10786.4435,NA,16.36150000000000,50.04250000000000,0.12310000000000,0.77200000000000,33.1526,10770.1519,16.4147,16.2916,0.1231,2.0817,14.9819,2.0842,12.8977,-0.0088,10770.1519,NA
ExperienceX.exe,56308,0x216838E1150,DXGI,1,0,0,Composed: Flip,10803.8143,NA,17.37080000000000,16.70480000000000,0.65700000000000,2.27430000000000,32.4866,10786.5666,17.9047,17.2477,0.6570,19.1843,0.3377,0.3377,0.0000,-0.2901,10786.5666,NA
ExperienceX.exe,56308,0x216838E1150,DXGI,1,0,0,Composed: Flip,10819.9951,NA,16.18080000000000,16.58630000000000,0.21190000000000,1.17220000000000,32.8921,10804.4713,15.7357,15.5238,0.2119,1.6173,15.0787,1.9653,13.1134,1.3184,10804.4713,NA
ExperienceX.exe,56308,0x216838E1150,DXGI,1,0,0,Composed: Flip,10838.1431,NA,18.14800000000000,16.76110000000000,0.06280000000000,1.20980000000000,31.5052,10820.2070,17.9989,17.9361,0.0628,18.7922,0.3537,0.3537,0.0000,-1.0254,10820.2070,NA
ExperienceX.exe,56308,0x216838E1150,DXGI,1,0,0,Composed: Flip,10853.1163,NA,14.97320000000000,16.66940000000000,0.10390000000000,1.94350000000000,33.2014,10838.2059,15.0143,14.9104,0.1039,16.1915,0.6624,0.6624,0.0000,1.3295,10838.2059,NA
ExperienceX.exe,56308,0x216838E1150,DXGI,1,0,0,Composed: Flip,10870.6001,NA,17.48380000000000,16.62330000000000,0.80860000000000,2.33560000000000,32.3409,10853.2202,18.1885,17.3799,0.8086,19.3739,0.3416,0.3416,0.0000,-1.6090,10853.2202,NA
ExperienceX.exe,56308,0x216838E1150,DXGI,1,0,0,Composed: Flip,10886.8056,NA,16.20550000000000,16.63950000000000,0.19670000000000,0.89520000000000,32.7749,10871.4087,15.5936,15.3969,0.1967,1.5270,14.7651,2.0983,12.6668,1.5490,10871.4087,NA
ExperienceX.exe,56308,0x216C829D570,DXGI,1,0,0,Composed: Flip,10770.0842,NA,16.83150000000000,16.67460000000000,0.06690000000000,1.77690000000000,32.8006,10753.5264,16.6247,16.5578,0.0669,16.8273,1.5074,1.5074,0.0000,-0.9898,10753.5264,NA
ExperienceX.exe,56308,0x216C829D570,DXGI,1,0,0,Composed: Flip,10786.4438,NA,16.35960000000000,NA,0.12280000000000,1.39320000000000,NA,10770.1511,16.4155,16.2927,0.1228,17.0644,0.6215,0.6215,0.0000,NA,NA,NA
ExperienceX.exe,56308,0x216C829D570,DXGI,1,0,0,Composed: Flip,10804.6273,NA,18.18350000000000,NA,0.06140000000000,1.12360000000000,NA,10786.5666,18.1221,18.0607,0.0614,17.6719,1.5124,1.5124,0.0000,NA,NA,NA
ExperienceX.exe,56308,0x216C829D570,DXGI,1,0,0,Composed: Flip,10819.9960,NA,15.36870000000000,NA,0.21090000000000,1.73470000000000,NA,10804.6887,15.5182,15.3073,0.2109,16.4786,0.5634,0.5634,0.0000,NA,NA,NA
ExperienceX.exe,56308,0x216C829D570,DXGI,1,0,0,Composed: Flip,10837.5964,NA,17.60040000000000,NA,0.19730000000000,1.40280000000000,NA,10820.2069,17.5868,17.3895,0.1973,17.3245,1.4678,1.4678,0.0000,NA,NA,NA
ExperienceX.exe,56308,0x216C829D570,DXGI,1,0,0,Composed: Flip,10853.1159,NA,15.51950000000000,NA,0.10440000000000,1.28150000000000,NA,10837.7937,15.4266,15.3222,0.1044,1.5592,15.0445,2.4372,12.6073,NA,NA,NA
ExperienceX.exe,56308,0x216C829D570,DXGI,1,0,0,Composed: Flip,10870.5776,NA,17.46170000000000,NA,0.10530000000000,2.01650000000000,NA,10853.2203,17.4626,17.3573,0.1053,17.7844,1.5894,1.5894,0.0000,NA,NA,NA
ExperienceX.exe,56308,0x216C829D570,DXGI,1,0,0,Composed: Flip,10886.8061,NA,16.22850000000000,NA,0.19620000000000,1.24440000000000,NA,10870.6829,16.3194,16.1232,0.1962,17.0179,0.3497,0.3497,0.0000,NA,NA,NA
ExperienceX.exe,56308,0x216C829D570,DXGI,1,0,0,Composed: Flip,10904.5803,NA,17.77420000000000,NA,0.14650000000000,1.78240000000000,NA,10887.0023,17.7245,17.5780,0.1465,19.0143,0.3461,0.3461,0.0000,NA,NA,NA
ExperienceX.exe,56308,0x216C829D570,DXGI,1,0,0,Composed: Flip,10920.0332,NA,15.45290000000000,150.03630000000001,0.26760000000000,0.87640000000000,32.8879,10904.7268,15.5740,15.3064,0.2676,1.6359,14.5469,1.9822,12.5647,1.1641,10904.7268,NA
ExperienceX.exe,56308,0x216838E1150,DXGI,1,0,0,Composed: Flip,10904.2326,NA,17.42700000000000,16.63770000000000,0.12570000000000,1.78400000000000,31.9856,10887.0023,17.3560,17.2303,0.1257,17.8132,1.2011,1.2011,0.0000,-1.0441,10887.0023,NA
ExperienceX.exe,56308,0x216838E1150,DXGI,1,0,0,Composed: Flip,10920.0331,NA,15.80050000000000,NA,0.26780000000000,1.24800000000000,NA,10904.3583,15.9426,15.6748,0.2678,16.5513,0.3715,0.3715,0.0000,NA,NA,NA
ExperienceX.exe,56308,0x216838E1150,DXGI,1,0,0,Composed: Flip,10936.7199,NA,16.68680000000000,NA,0.08660000000000,2.86840000000000,NA,10920.3009,16.5056,16.4190,0.0866,18.9485,0.3389,0.3389,0.0000,NA,NA,NA
ExperienceX.exe,56308,0x216C829D570,DXGI,1,0,0,Composed: Flip,10936.7169,NA,16.68370000000000,16.68300000000000,0.09210000000000,2.53250000000000,32.8872,10920.3008,16.5082,16.4161,0.0921,17.1976,1.7510,1.7360,0.0150,-1.1090,10920.3008,NA
ExperienceX.exe,56308,0x216C829D570,DXGI,1,0,0,Composed: Flip,10953.3076,NA,16.59070000000000,NA,0.17440000000000,0.88010000000000,NA,10936.8090,16.6730,16.4986,0.1744,17.0765,0.3022,0.3022,0.0000,NA,NA,NA
ExperienceX.exe,56308,0x216838E1150,DXGI,1,0,0,Composed: Flip,10953.3069,NA,16.58700000000000,50.01580000000001,0.17520000000000,0.57860000000000,32.9271,10936.8065,16.6756,16.5004,0.1752,2.7818,14.2972,1.1359,13.1613,-0.2116,10936.8065,NA
ExperienceX.exe,56308,0x216838E1150,DXGI,1,0,0,Composed: Flip,10970.1095,NA,16.80260000000000,NA,0.06980000000000,1.86410000000000,NA,10953.4821,16.6972,16.6274,0.0698,16.9961,1.4954,1.4954,0.0000,NA,NA,NA
ExperienceX.exe,56308,0x216838E1150,DXGI,1,0,0,Composed: Flip,10986.4570,NA,16.34750000000000,33.32940000000000,0.11000000000000,0.93630000000000,33.1064,10970.1793,16.3877,16.2777,0.1100,16.8057,0.4083,0.4083,0.0000,0.0434,10970.1793,NA
ExperienceX.exe,56308,0x216838E1150,DXGI,1,0,0,Composed: Flip,11004.1034,NA,17.64640000000000,16.68470000000000,0.07210000000000,1.14720000000000,32.1447,10986.5670,17.6085,17.5364,0.0721,17.4674,1.2162,1.2162,0.0000,-0.2970,10986.5670,NA
ExperienceX.exe,56308,0x216C829D570,DXGI,1,0,0,Composed: Flip,10970.1142,NA,16.80660000000000,33.27850000000000,0.06450000000000,2.20510000000000,32.7684,10953.4820,16.6967,16.6322,0.0645,18.4916,0.3457,0.3457,0.0000,-0.0973,10953.4820,NA
ExperienceX.exe,56308,0x216C829D570,DXGI,1,0,0,Composed: Flip,10986.4562,NA,16.34200000000000,NA,0.11070000000000,0.52880000000000,NA,10970.1787,16.3882,16.2775,0.1107,2.1406,14.6657,1.2204,13.4453,NA,NA,NA
ExperienceX.exe,56308,0x216C829D570,DXGI,1,0,0,Composed: Flip,11003.4144,NA,16.95820000000000,NA,0.08740000000000,2.17010000000000,NA,10986.5669,16.9349,16.8475,0.0874,18.6837,0.3339,0.3339,0.0000,NA,NA,NA
ExperienceX.exe,56308,0x216C829D570,DXGI,1,0,0,Composed: Flip,11020.1811,NA,16.76670000000000,NA,0.23070000000000,0.85580000000000,NA,11003.5018,16.9100,16.6793,0.2307,2.0827,15.4524,1.6262,13.8262,NA,NA,NA
ExperienceX.exe,56308,0x216C829D570,DXGI,1,0,0,Composed: Flip,11037.7559,NA,17.57480000000000,66.72170000000000,0.51640000000000,1.34550000000000,31.8484,11020.4118,17.8605,17.3441,0.5164,17.6400,1.0496,1.0496,0.0000,0.2081,11020.4118,NA
ExperienceX.exe,56308,0x216838E1150,DXGI,1,0,0,Composed: Flip,11020.1832,NA,16.07980000000000,16.63730000000000,0.22940000000000,1.00240000000000,32.7022,11004.1755,16.2371,16.0077,0.2294,16.8614,0.1487,0.1487,0.0000,0.9712,11004.1755,NA
ExperienceX.exe,56308,0x216838E1150,DXGI,1,0,0,Composed: Flip,11037.7327,NA,17.54950000000000,NA,0.48090000000000,1.70810000000000,NA,11020.4126,17.8010,17.3201,0.4809,18.6888,0.3394,0.3394,0.0000,NA,NA,NA
ExperienceX.exe,56308,0x216838E1150,DXGI,1,0,0,Composed: Flip,11053.1207,NA,15.38800000000000,NA,0.11940000000000,1.65230000000000,NA,11038.2136,15.0265,14.9071,0.1194,15.9680,0.5914,0.5914,0.0000,NA,NA,NA
ExperienceX.exe,56308,0x216C829D570,DXGI,1,0,0,Composed: Flip,11053.1214,NA,15.36550000000000,16.61700000000000,0.11850000000000,1.06020000000000,33.0999,11038.2723,14.9676,14.8491,0.1185,1.1685,14.7408,2.1782,12.5626,1.2435,11038.2723,NA
ExperienceX.exe,56308,0x216C829D570,DXGI,1,0,0,Composed: Flip,11070.5486,NA,17.42720000000000,NA,1.15270000000000,2.42070000000000,NA,11053.2399,18.4614,17.3087,1.1527,19.4228,0.3066,0.3066,0.0000,NA,NA,NA
ExperienceX.exe,56308,0x216838E1150,DXGI,1,0,0,Composed: Flip,11071.5885,NA,18.46780000000000,50.08350000000000,0.22120000000000,1.07420000000000,31.3804,11053.2401,18.5696,18.3484,0.2212,17.6385,1.7841,1.7841,0.0000,-1.0189,11053.2401,NA
ExperienceX.exe,56308,0x216838E1150,DXGI,1,0,0,Composed: Flip,11086.4898,NA,14.90130000000000,NA,0.15240000000000,0.57810000000000,NA,11071.8097,14.8325,14.6801,0.1524,1.1596,14.0986,1.5354,12.5632,NA,NA,NA
ExperienceX.exe,56308,0x216838E1150,DXGI,1,0,0,Composed: Flip,11104.1080,NA,17.61820000000000,33.25470000000000,0.58700000000000,1.67200000000000,32.1156,11086.6422,18.0528,17.4658,0.5870,17.9546,1.1832,1.1832,0.0000,0.1474,11086.6422,NA
ExperienceX.exe,56308,0x216C829D570,DXGI,1,0,0,Composed: Flip,11086.4893,NA,15.94070000000000,33.44330000000000,0.15270000000000,0.94590000000000,33.1753,11071.7013,14.9407,14.7880,0.1527,15.3666,0.3673,0.3673,0.0000,-0.0143,11071.7013,NA
ExperienceX.exe,56308,0x216C829D570,DXGI,1,0,0,Composed: Flip,11103.8398,NA,17.35050000000000,NA,0.71380000000000,2.28130000000000,NA,11086.6420,17.9116,17.1978,0.7138,19.1380,0.3411,0.3411,0.0000,NA,NA,NA
ExperienceX.exe,56308,0x216C829D570,DXGI,1,0,0,Composed: Flip,11120.0489,NA,16.20910000000000,NA,0.21910000000000,1.22070000000000,NA,11104.5536,15.7144,15.4953,0.2191,1.5675,15.1485,2.0050,13.1435,NA,NA,NA
ExperienceX.exe,56308,0x216C829D570,DXGI,1,0,0,Composed: Flip,11136.7343,NA,16.68540000000000,49.87950000000000,0.08630000000000,1.88960000000000,32.8098,11120.2680,16.5526,16.4663,0.0863,16.8708,1.4851,1.4851,0.0000,-1.3128,11120.2680,NA
ExperienceX.exe,56308,0x216C829D570,DXGI,1,0,0,Composed: Flip,11153.1532,NA,16.41890000000000,16.72450000000000,0.16440000000000,0.59490000000000,33.1154,11136.8206,16.4970,16.3326,0.1644,2.1272,14.8003,1.4993,13.3010,-0.1719,11136.8206,NA
ExperienceX.exe,56308,0x216C829D570,DXGI,1,0,0,Composed: Flip,11170.8887,NA,17.73550000000000,16.60450000000000,0.05530000000000,1.07080000000000,31.9844,11153.3176,17.6264,17.5711,0.0553,17.3192,1.3227,1.3227,0.0000,-0.1075,11153.3176,NA
ExperienceX.exe,56308,0x216838E1150,DXGI,1,0,0,Composed: Flip,11120.0490,NA,15.94100000000000,16.65570000000000,0.21900000000000,1.90170000000000,32.8303,11104.6950,15.5730,15.3540,0.2190,16.5781,0.6776,0.6776,0.0000,1.3971,11104.6950,NA
ExperienceX.exe,56308,0x216838E1150,DXGI,1,0,0,Composed: Flip,11136.7370,NA,16.68800000000000,NA,0.08240000000000,2.21080000000000,NA,11120.2680,16.5514,16.4690,0.0824,18.3559,0.3239,0.3239,0.0000,NA,NA,NA
ExperienceX.exe,56308,0x216838E1150,DXGI,1,0,0,Composed: Flip,11153.1311,NA,16.39410000000000,NA,0.09620000000000,0.89200000000000,NA,11136.8194,16.4079,16.3117,0.0962,16.9287,0.2750,0.2750,0.0000,NA,NA,NA
ExperienceX.exe,56308,0x216838E1150,DXGI,1,0,0,Composed: Flip,11170.7815,NA,17.65040000000000,NA,0.06210000000000,1.52670000000000,NA,11153.2273,17.6163,17.5542,0.0621,18.7322,0.3487,0.3487,0.0000,NA,NA,NA
ExperienceX.exe,56308,0x216838E1150,DXGI,1,0,0,Composed: Flip,11186.5264,NA,15.74490000000000,NA,0.13150000000000,0.57260000000000,NA,11170.8436,15.8143,15.6828,0.1315,1.4646,14.7908,1.3759,13.4149,NA,NA,NA
ExperienceX.exe,56308,0x216838E1150,DXGI,1,0,0,Composed: Flip,11203.3107,NA,16.78430000000000,83.34170000000000,0.06440000000000,2.20820000000000,32.9103,11186.6579,16.7172,16.6528,0.0644,18.5248,0.3362,0.3362,0.0000,-1.3788,11186.6579,NA
ExperienceX.exe,56308,0x216C829D570,DXGI,1,0,0,Composed: Flip,11186.5265,NA,15.63780000000000,16.67450000000000,0.13130000000000,0.93860000000000,33.0211,11170.9440,15.7138,15.5825,0.1313,16.1550,0.3661,0.3661,0.0000,0.9519,11170.9440,NA
ExperienceX.exe,56308,0x216C829D570,DXGI,1,0,0,Composed: Flip,11203.3080,NA,16.78150000000000,NA,0.06720000000000,1.87470000000000,NA,11186.6578,16.7174,16.6502,0.0672,16.9762,1.5487,1.5487,0.0000,NA,NA,NA
ExperienceX.exe,56308,0x216C829D570,DXGI,1,0,0,Composed: Flip,11219.8991,NA,16.59110000000000,NA,0.11540000000000,0.87200000000000,NA,11203.3752,16.6393,16.5239,0.1154,2.1437,15.2522,1.6792,13.5730,NA,NA,NA
ExperienceX.exe,56308,0x216838E1150,DXGI,1,0,0,Composed: Flip,11219.8983,NA,16.58760000000000,16.66220000000000,0.11650000000000,1.23240000000000,32.9849,11203.3751,16.6397,16.5232,0.1165,17.3960,0.3596,0.3596,0.0000,0.0550,11203.3751,NA
ExperienceX.exe,56308,0x216838E1150,DXGI,1,0,0,Composed: Flip,11237.0143,NA,17.11600000000000,NA,0.09860000000000,2.23090000000000,NA,11220.0148,17.0981,16.9995,0.0986,18.8756,0.3548,0.3548,0.0000,NA,NA,NA
ExperienceX.exe,56308,0x216838E1150,DXGI,1,0,0,Composed: Flip,11253.1232,NA,16.10890000000000,33.45230000000000,0.15450000000000,0.55370000000000,33.2123,11237.1129,16.1648,16.0103,0.1545,2.1323,14.4317,1.1606,13.2711,0.2855,11237.1129,NA
ExperienceX.exe,56308,0x216838E1150,DXGI,1,0,0,Composed: Flip,11271.1020,NA,17.97880000000000,16.55430000000000,0.12200000000000,3.54510000000000,31.7878,11253.2777,17.9463,17.8243,0.1220,20.9895,0.3799,0.3799,0.0000,-0.3895,11253.2777,NA
ExperienceX.exe,56308,0x216838E1150,DXGI,1,0,0,Composed: Flip,11286.9304,NA,15.82840000000000,16.67320000000000,0.25040000000000,2.32600000000000,32.6326,11271.2240,15.9568,15.7064,0.2504,17.5883,0.4441,0.4441,0.0000,1.2731,11271.2240,NA
ExperienceX.exe,56308,0x216C829D570,DXGI,1,0,0,Composed: Flip,11236.7571,NA,16.85800000000000,50.15490000000000,0.50390000000000,2.13330000000000,32.9454,11220.0145,17.2465,16.7426,0.5039,17.6145,1.2614,1.2614,0.0000,-1.0844,11220.0145,NA
ExperienceX.exe,56308,0x216C829D570,DXGI,1,0,0,Composed: Flip,11253.1877,NA,16.43060000000000,NA,0.21270000000000,0.86250000000000,NA,11237.2610,16.1394,15.9267,0.2127,16.4159,0.3733,0.3733,0.0000,NA,NA,NA
ExperienceX.exe,56308,0x216C829D570,DXGI,1,0,0,Composed: Flip,11271.0939,NA,17.90620000000000,NA,0.13680000000000,3.17330000000000,NA,11253.4004,17.8303,17.6935,0.1368,19.7162,1.1506,1.1506,0.0000,NA,NA,NA
ExperienceX.exe,56308,0x216C829D570,DXGI,1,0,0,Composed: Flip,11286.9307,NA,15.83680000000000,NA,0.25020000000000,1.88160000000000,NA,11271.2307,15.9502,15.7000,0.2502,3.4164,14.1652,2.5962,11.5690,NA,NA,NA
ExperienceX.exe,56308,0x216C829D570,DXGI,1,0,0,Composed: Flip,11303.4315,NA,16.50080000000000,NA,0.49240000000000,2.14880000000000,NA,11287.1809,16.7430,16.2506,0.4924,17.3945,1.0049,1.0049,0.0000,NA,NA,NA
ExperienceX.exe,56308,0x216838E1150,DXGI,1,0,0,Composed: Flip,11304.0417,NA,17.11130000000000,16.65680000000000,0.22920000000000,1.90070000000000,32.1781,11287.1808,17.0901,16.8609,0.2292,18.3995,0.3621,0.3621,0.0000,-0.7000,11287.1808,NA
ExperienceX.exe,56308,0x216838E1150,DXGI,1,0,0,Composed: Flip,11319.9494,NA,15.90770000000000,NA,0.22610000000000,1.30260000000000,NA,11304.2709,15.9046,15.6785,0.2261,1.6715,15.3096,2.2029,13.1067,NA,NA,NA
ExperienceX.exe,56308,0x216838E1150,DXGI,1,0,0,Composed: Flip,11337.4007,NA,17.45130000000000,33.36590000000000,0.05390000000000,1.91230000000000,32.1850,11320.1755,17.2791,17.2252,0.0539,18.7671,0.3704,0.3704,0.0000,-0.3712,11320.1755,NA
ExperienceX.exe,56308,0x216C829D570,DXGI,1,0,0,Composed: Flip,11319.9555,NA,16.52400000000000,83.23960000000001,0.30080000000000,1.99770000000000,32.9866,11303.9239,16.3324,16.0316,0.3008,17.3281,0.7012,0.6484,0.0528,0.6698,11303.9239,NA
ExperienceX.exe,56308,0x216C829D570,DXGI,1,0,0,Composed: Flip,11336.8066,NA,16.85110000000000,NA,0.47840000000000,2.13600000000000,NA,11320.2563,17.0287,16.5503,0.4784,17.6519,1.0344,1.0344,0.0000,NA,NA,NA
ExperienceX.exe,56308,0x216C829D570,DXGI,1,0,0,Composed: Flip,11353.3009,NA,16.49430000000000,NA,0.18570000000000,1.49280000000000,NA,11337.2850,16.2016,16.0159,0.1857,2.0280,15.4807,2.2097,13.2710,NA,NA,NA
ExperienceX.exe,56308,0x216C829D570,DXGI,1,0,0,Composed: Flip,11370.1581,NA,16.85720000000000,49.97580000000000,0.71270000000000,3.00430000000000,32.7598,11353.4866,17.3842,16.6715,0.7127,17.9617,1.7141,1.7141,0.0000,-0.4131,11353.4866,NA
ExperienceX.exe,56308,0x216838E1150,DXGI,1,0,0,Composed: Flip,11353.3051,NA,15.90440000000000,16.62480000000000,0.18190000000000,1.79980000000000,32.9054,11337.4546,16.0324,15.8505,0.1819,17.3391,0.3112,0.3112,0.0000,0.6543,11337.4546,NA
ExperienceX.exe,56308,0x216838E1150,DXGI,1,0,0,Composed: Flip,11370.1702,NA,16.86510000000000,NA,0.07930000000000,3.34940000000000,NA,11353.4870,16.7625,16.6832,0.0793,19.6754,0.3572,0.3572,0.0000,NA,NA,NA
ExperienceX.exe,56308,0x216838E1150,DXGI,1,0,0,Composed: Flip,11386.4602,NA,16.29000000000000,NA,0.08330000000000,1.70440000000000,NA,11370.2495,16.2940,16.2107,0.0833,17.3261,0.5890,0.5890,0.0000,NA,NA,NA
ExperienceX.exe,56308,0x216C829D570,DXGI,1,0,0,Composed: Flip,11386.4610,NA,16.30290000000000,16.92380000000000,0.11630000000000,1.11460000000000,33.3807,11370.8708,15.7065,15.5902,0.1163,2.6488,14.0560,1.6640,12.3920,0.4604,11370.8708,NA
ExperienceX.exe,56308,0x216C829D570,DXGI,1,0,0,Composed: Flip,11404.1354,NA,17.67440000000000,NA,0.08980000000000,2.06270000000000,NA,11386.5773,17.6479,17.5581,0.0898,18.5790,1.0418,1.0418,0.0000,NA,NA,NA
ExperienceX.exe,56308,0x216838E1150,DXGI,1,0,0,Composed: Flip,11404.2989,NA,17.83870000000000,50.00420000000000,0.06840000000000,3.16000000000000,31.9158,11386.5435,17.8238,17.7554,0.0684,19.6546,1.2608,1.2608,0.0000,-0.9153,11386.5435,NA
ExperienceX.exe,56308,0x216838E1150,DXGI,1,0,0,Composed: Flip,11421.1304,NA,16.83150000000000,NA,0.32680000000000,2.10850000000000,NA,11404.3673,17.0899,16.7631,0.3268,18.2866,0.5850,0.5850,0.0000,NA,NA,NA
ExperienceX.exe,56308,0x216838E1150,DXGI,1,0,0,Composed: Flip,11436.7145,NA,15.58410000000000,33.45330000000000,0.49050000000000,2.49240000000000,32.9535,11421.4572,15.7478,15.2573,0.4905,17.3911,0.3586,0.3586,0.0000,1.4604,11421.4572,NA
ExperienceX.exe,56308,0x216838E1150,DXGI,1,0,0,Composed: Flip,11453.1139,NA,16.39940000000000,16.86560000000000,0.17000000000000,1.94250000000000,33.4197,11437.2050,16.0789,15.9089,0.1700,17.5102,0.3412,0.3412,0.0000,-1.1178,11437.2050,NA
ExperienceX.exe,56308,0x216838E1150,DXGI,1,0,0,Composed: Flip,11471.2589,NA,18.14500000000000,16.49220000000000,0.31620000000000,1.60800000000000,31.7669,11453.2839,18.2912,17.9750,0.3162,17.7567,1.8263,1.8186,0.0077,-0.4133,11453.2839,NA
ExperienceX.exe,56308,0x216838E1150,DXGI,1,0,0,Composed: Flip,11487.0668,NA,15.80790000000000,16.75280000000000,0.19360000000000,2.10950000000000,32.7118,11471.5751,15.6853,15.4917,0.1936,16.8912,0.7100,0.7031,0.0069,1.5384,11471.5751,NA
ExperienceX.exe,56308,0x216C829D570,DXGI,1,0,0,Composed: Flip,11421.1293,NA,16.99390000000000,33.03090000000000,0.45800000000000,1.52460000000000,31.7433,11404.2252,17.3621,16.9041,0.4580,3.2337,15.1950,1.2457,13.9493,0.3235,11404.2252,NA
ExperienceX.exe,56308,0x216C829D570,DXGI,1,0,0,Composed: Flip,11436.7024,NA,15.57310000000000,NA,0.06980000000000,2.14590000000000,NA,11421.5873,15.1849,15.1151,0.0698,16.2511,1.0099,1.0099,0.0000,NA,NA,NA
ExperienceX.exe,56308,0x216C829D570,DXGI,1,0,0,Composed: Flip,11453.1137,NA,16.41130000000000,NA,0.16880000000000,1.60150000000000,NA,11436.7722,16.5103,16.3415,0.1688,2.4347,15.5083,2.5092,12.9991,NA,NA,NA
ExperienceX.exe,56308,0x216C829D570,DXGI,1,0,0,Composed: Flip,11471.6721,NA,18.55840000000000,NA,0.40230000000000,1.49870000000000,NA,11453.2825,18.7919,18.3896,0.4023,19.5844,0.3039,0.3039,0.0000,NA,NA,NA
ExperienceX.exe,56308,0x216C829D570,DXGI,1,0,0,Composed: Flip,11487.0683,NA,15.39620000000000,NA,0.19230000000000,1.39800000000000,NA,11472.0744,15.1862,14.9939,0.1923,1.0964,15.2955,3.3438,11.9517,NA,NA,NA
ExperienceX.exe,56308,0x216C829D570,DXGI,1,0,0,Composed: Flip,11505.3200,NA,18.25170000000000,NA,0.66440000000000,2.42590000000000,NA,11487.2606,18.7238,18.0594,0.6644,20.1232,0.3621,0.3621,0.0000,NA,NA,NA
ExperienceX.exe,56308,0x216838E1150,DXGI,1,0,0,Composed: Flip,11504.0450,NA,16.97820000000000,16.51910000000000,0.22870000000000,3.33880000000000,32.2527,11487.2604,17.0133,16.7846,0.2287,18.6876,1.4358,1.2310,0.2048,-0.8338,11487.2604,NA
ExperienceX.exe,56308,0x216838E1150,DXGI,1,0,0,Composed: Flip,11520.5181,NA,16.47310000000000,NA,0.31190000000000,2.61530000000000,NA,11504.2737,16.5563,16.2444,0.3119,18.7461,0.1136,0.1136,0.0000,NA,NA,NA
ExperienceX.exe,56308,0x216838E1150,DXGI,1,0,0,Composed: Flip,11537.5311,NA,17.01300000000000,33.25690000000000,0.32310000000000,1.92400000000000,32.0235,11520.8300,17.0242,16.7011,0.3231,18.2705,0.3546,0.3546,0.0000,0.3127,11520.8300,NA
ExperienceX.exe,56308,0x216C829D570,DXGI,1,0,0,Composed: Flip,11520.5545,NA,15.23450000000000,100.02020000000000,0.28340000000000,2.46530000000000,32.3383,11505.9844,14.8535,14.5701,0.2834,1.7615,15.2739,3.7420,11.5319,1.7390,11505.9844,NA
ExperienceX.exe,56308,0x216C829D570,DXGI,1,0,0,Composed: Flip,11536.9021,NA,16.34760000000000,NA,0.62530000000000,2.19840000000000,NA,11520.8379,16.6895,16.0642,0.6253,17.2364,1.0262,1.0262,0.0000,NA,NA,NA
ExperienceX.exe,56308,0x216C829D570,DXGI,1,0,0,Composed: Flip,11553.1010,NA,16.19890000000000,NA,0.09850000000000,2.11840000000000,NA,11537.5274,15.6721,15.5736,0.0985,1.9277,15.7643,2.2922,13.4721,NA,NA,NA
ExperienceX.exe,56308,0x216C829D570,DXGI,1,0,0,Composed: Flip,11570.8556,NA,17.75460000000000,49.99420000000000,0.06880000000000,1.25240000000000,32.0314,11553.1995,17.7249,17.6561,0.0688,17.4290,1.4795,1.4795,0.0000,-2.7791,11553.1995,NA
ExperienceX.exe,56308,0x216C829D570,DXGI,1,0,0,Composed: Flip,11586.5490,NA,15.69340000000000,16.70380000000000,0.20010000000000,1.16840000000000,33.0418,11570.9244,15.8247,15.6246,0.2001,1.5340,15.2590,2.0109,13.2481,1.0211,11570.9244,NA
ExperienceX.exe,56308,0x216C829D570,DXGI,1,0,0,Composed: Flip,11603.8452,NA,17.29620000000000,16.76300000000000,0.12430000000000,1.95210000000000,32.5086,11586.7491,17.2204,17.0961,0.1243,18.6825,0.3657,0.3657,0.0000,-0.9383,11586.7491,NA
ExperienceX.exe,56308,0x216C829D570,DXGI,1,0,0,Composed: Flip,11619.8510,NA,16.00580000000000,16.54740000000000,0.13390000000000,0.89290000000000,33.0502,11603.9695,16.0154,15.8815,0.1339,1.8278,14.9466,1.4524,13.4942,0.6730,11603.9695,NA
ExperienceX.exe,56308,0x216838E1150,DXGI,1,0,0,Composed: Flip,11553.1012,NA,15.57010000000000,16.68060000000000,0.09830000000000,2.80510000000000,33.1340,11537.8542,15.3453,15.2470,0.0983,17.3652,0.6869,0.6869,0.0000,0.3436,11537.8542,NA
ExperienceX.exe,56308,0x216838E1150,DXGI,1,0,0,Composed: Flip,11570.9040,NA,17.80280000000000,NA,0.07760000000000,1.55440000000000,NA,11553.1995,17.7821,17.7045,0.0776,18.9085,0.3504,0.3504,0.0000,NA,NA,NA
ExperienceX.exe,56308,0x216838E1150,DXGI,1,0,0,Composed: Flip,11586.5383,NA,15.63430000000000,NA,0.09610000000000,1.78660000000000,NA,11570.9816,15.6528,15.5567,0.0961,16.7358,0.6075,0.6075,0.0000,NA,NA,NA
ExperienceX.exe,56308,0x216838E1150,DXGI,1,0,0,Composed: Flip,11603.7614,NA,17.22310000000000,NA,0.28990000000000,1.67020000000000,NA,11586.6344,17.4169,17.1270,0.2899,17.3355,1.4617,1.4617,0.0000,NA,NA,NA
ExperienceX.exe,56308,0x216838E1150,DXGI,1,0,0,Composed: Flip,11619.8607,NA,16.09930000000000,NA,0.12420000000000,1.45870000000000,NA,11604.0513,15.9336,15.8094,0.1242,16.6926,0.5755,0.5755,0.0000,NA,NA,NA
ExperienceX.exe,56308,0x216838E1150,DXGI,1,0,0,Composed: Flip,11637.8646,NA,18.00390000000000,NA,0.07780000000000,1.71170000000000,NA,11619.9849,17.9575,17.8797,0.0778,19.2242,0.3672,0.3672,0.0000,NA,NA,NA
ExperienceX.exe,56308,0x216838E1150,DXGI,1,0,0,Composed: Flip,11653.2193,NA,15.35470000000000,100.10900000000001,0.21180000000000,1.61620000000000,33.1249,11637.9424,15.4887,15.2769,0.2118,16.2536,0.6395,0.6395,0.0000,-0.0208,11637.9424,NA
ExperienceX.exe,56308,0x216C829D570,DXGI,1,0,0,Composed: Flip,11637.8596,NA,18.00860000000000,16.70290000000000,0.43510000000000,1.34950000000000,31.7445,11619.9849,18.3098,17.8747,0.4351,17.9322,1.2920,1.2920,0.0000,-0.6875,11619.9849,NA
ExperienceX.exe,56308,0x216C829D570,DXGI,1,0,0,Composed: Flip,11653.2191,NA,15.35950000000000,NA,0.22350000000000,0.97690000000000,NA,11638.2947,15.1479,14.9244,0.2235,1.2816,14.6197,1.6649,12.9548,NA,NA,NA
ExperienceX.exe,56308,0x216C829D570,DXGI,1,0,0,Composed: Flip,11671.4394,NA,18.22030000000000,NA,0.14950000000000,1.43510000000000,NA,11653.4426,18.1463,17.9968,0.1495,18.4882,0.9437,0.9437,0.0000,NA,NA,NA
ExperienceX.exe,56308,0x216C829D570,DXGI,1,0,0,Composed: Flip,11686.6966,NA,15.25720000000000,50.04190000000001,0.19110000000000,0.70680000000000,32.9494,11671.5889,15.2988,15.1077,0.1911,2.0478,13.7667,1.3732,12.3935,1.5621,11671.5889,NA
ExperienceX.exe,56308,0x216838E1150,DXGI,1,0,0,Composed: Flip,11671.7693,NA,18.55000000000000,16.55330000000000,0.39830000000000,1.86740000000000,31.1282,11653.4311,18.7365,18.3382,0.3983,19.4434,0.7622,0.7622,0.0000,-1.0646,11653.4311,NA
ExperienceX.exe,56308,0x216838E1150,DXGI,1,0,0,Composed: Flip,11686.6963,NA,14.92700000000000,NA,0.19110000000000,1.36270000000000,NA,11672.1676,14.7198,14.5287,0.1911,15.2358,0.6556,0.6556,0.0000,NA,NA,NA
ExperienceX.exe,56308,0x216838E1150,DXGI,1,0,0,Composed: Flip,11703.6243,NA,16.92800000000000,NA,1.06090000000000,2.71750000000000,NA,11686.8874,17.7978,16.7369,1.0609,19.0349,0.4195,0.4195,0.0000,NA,NA,NA
ExperienceX.exe,56308,0x216C829D570,DXGI,1,0,0,Composed: Flip,11703.6298,NA,16.93320000000000,16.58010000000000,0.85010000000000,2.29250000000000,32.5963,11686.8877,17.5922,16.7421,0.8501,17.7375,1.2971,1.2971,0.0000,-1.2813,11686.8877,NA
ExperienceX.exe,56308,0x216C829D570,DXGI,1,0,0,Composed: Flip,11720.0141,NA,16.38430000000000,NA,0.24390000000000,0.99480000000000,NA,11704.4799,15.7781,15.5342,0.2439,16.1289,0.4001,0.4001,0.0000,NA,NA,NA
ExperienceX.exe,56308,0x216C829D570,DXGI,1,0,0,Composed: Flip,11736.8079,NA,16.79380000000000,33.32870000000000,0.56310000000000,3.09250000000000,32.7469,11720.2580,17.1130,16.5499,0.5631,17.4267,2.2157,2.2157,0.0000,0.0416,11720.2580,NA
ExperienceX.exe,56308,0x216C829D570,DXGI,1,0,0,Composed: Flip,11753.1400,NA,16.33210000000000,16.66690000000000,0.09030000000000,0.53440000000000,33.0817,11737.3710,15.8593,15.7690,0.0903,15.8644,0.4390,0.4390,0.0000,0.4461,11737.3710,NA
ExperienceX.exe,56308,0x216838E1150,DXGI,1,0,0,Composed: Flip,11719.9986,NA,16.37430000000000,49.98630000000000,0.18330000000000,0.61020000000000,32.8852,11704.6852,15.4967,15.3134,0.1833,1.6566,14.2670,1.5676,12.6994,1.2678,11704.6852,NA
ExperienceX.exe,56308,0x216838E1150,DXGI,1,0,0,Composed: Flip,11737.1669,NA,17.16830000000000,NA,0.14150000000000,3.08700000000000,NA,11720.1819,17.1265,16.9850,0.1415,19.7185,0.3535,0.3490,0.0045,NA,NA,NA
ExperienceX.exe,56308,0x216838E1150,DXGI,1,0,0,Composed: Flip,11753.1355,NA,15.96860000000000,NA,0.09490000000000,1.19920000000000,NA,11737.3084,15.9220,15.8271,0.0949,16.3660,0.6603,0.6603,0.0000,NA,NA,NA
ExperienceX.exe,56308,0x216838E1150,DXGI,1,0,0,Composed: Flip,11770.0180,NA,16.88250000000000,NA,0.40260000000000,2.06290000000000,NA,11753.2304,17.1902,16.7876,0.4026,17.2177,1.6328,1.6328,0.0000,NA,NA,NA
ExperienceX.exe,56308,0x216C829D570,DXGI,1,0,0,Composed: Flip,11770.0208,NA,16.88080000000000,16.68380000000000,0.06650000000000,2.42090000000000,32.8847,11753.2303,16.8570,16.7905,0.0665,18.8506,0.3608,0.3608,0.0000,-0.8245,11753.2303,NA
ExperienceX.exe,56308,0x216C829D570,DXGI,1,0,0,Composed: Flip,11786.5174,NA,16.49660000000000,NA,0.15470000000000,0.80300000000000,NA,11770.0873,16.5848,16.4301,0.1547,2.3544,14.8787,1.6865,13.1922,NA,NA,NA
ExperienceX.exe,56308,0x216838E1150,DXGI,1,0,0,Composed: Flip,11786.5178,NA,16.49980000000000,66.68210000000001,0.15440000000000,1.25110000000000,33.0481,11770.4206,16.2516,16.0972,0.1544,16.8998,0.4485,0.4485,0.0000,-0.9467,11770.4206,NA
ExperienceX.exe,56308,0x216838E1150,DXGI,1,0,0,Composed: Flip,11804.1655,NA,17.64770000000000,NA,0.06380000000000,1.59920000000000,NA,11786.6722,17.5571,17.4933,0.0638,18.0249,1.0676,1.0676,0.0000,NA,NA,NA
ExperienceX.exe,56308,0x216838E1150,DXGI,1,0,0,Composed: Flip,11819.8292,NA,15.66370000000000,33.30410000000000,0.14270000000000,2.23840000000000,33.0408,11804.2293,15.7426,15.5999,0.1427,16.1649,1.6734,1.6734,0.0000,0.5046,11804.2293,NA
ExperienceX.exe,56308,0x216C829D570,DXGI,1,0,0,Composed: Flip,11804.0772,NA,17.55980000000000,33.30270000000000,0.35460000000000,2.05560000000000,32.1310,11786.6721,17.7597,17.4051,0.3546,19.0926,0.3681,0.3681,0.0000,0.1391,11786.6721,NA
ExperienceX.exe,56308,0x216C829D570,DXGI,1,0,0,Composed: Flip,11819.8287,NA,15.75150000000000,NA,0.14340000000000,0.56550000000000,NA,11804.4318,15.5403,15.3969,0.1434,1.7010,14.2614,1.0056,13.2558,NA,NA,NA
ExperienceX.exe,56308,0x216C829D570,DXGI,1,0,0,Composed: Flip,11837.0922,NA,17.26350000000000,NA,0.07150000000000,1.64630000000000,NA,11819.9721,17.1916,17.1201,0.0715,17.1802,1.5862,1.5862,0.0000,NA,NA,NA
ExperienceX.exe,56308,0x216838E1150,DXGI,1,0,0,Composed: Flip,11837.2052,NA,17.37600000000000,16.72160000000000,0.05770000000000,2.23910000000000,32.3864,11819.9719,17.2910,17.2333,0.0577,18.7666,0.7058,0.7058,0.0000,-0.9790,11819.9719,NA
ExperienceX.exe,56308,0x216838E1150,DXGI,1,0,0,Composed: Flip,11853.0915,NA,15.88630000000000,NA,0.14100000000000,1.00680000000000,NA,11837.2629,15.9696,15.8286,0.1410,16.4017,0.4337,0.4337,0.0000,NA,NA,NA
ExperienceX.exe,56308,0x216C829D570,DXGI,1,0,0,Composed: Flip,11853.0924,NA,16.00020000000000,50.14430000000000,0.14000000000000,0.57220000000000,33.2601,11837.1637,16.0687,15.9287,0.1400,2.2806,14.2203,0.9313,13.2890,0.3473,11837.1637,NA
ExperienceX.exe,56308,0x216C829D570,DXGI,1,0,0,Composed: Flip,11871.7613,NA,18.66890000000000,NA,0.13720000000000,1.11950000000000,NA,11853.2324,18.6661,18.5289,0.1372,19.3199,0.3285,0.3285,0.0000,NA,NA,NA
ExperienceX.exe,56308,0x216C829D570,DXGI,1,0,0,Composed: Flip,11886.7789,NA,15.01760000000000,33.20690000000000,0.05850000000000,1.01460000000000,32.7805,11871.8985,14.9389,14.8804,0.0585,2.6350,13.2600,1.6181,11.6419,1.5279,11871.8985,NA
ExperienceX.exe,56308,0x216838E1150,DXGI,1,0,0,Composed: Flip,11873.2215,NA,20.13000000000000,33.48770000000000,0.19890000000000,1.31200000000000,29.8578,11853.2325,20.1879,19.9890,0.1989,19.6483,1.6527,1.6478,0.0049,-0.2271,11853.2325,NA
ExperienceX.exe,56308,0x216838E1150,DXGI,1,0,0,Composed: Flip,11886.8466,NA,13.62510000000000,NA,0.38160000000000,2.52440000000000,NA,11873.4204,13.8078,13.4262,0.3816,14.3934,1.5572,1.5572,0.0000,NA,NA,NA
ExperienceX.exe,56308,0x216838E1150,DXGI,1,0,0,Composed: Flip,11904.1719,NA,17.32530000000000,NA,0.15460000000000,3.33680000000000,NA,11887.2282,17.0983,16.9437,0.1546,19.9101,0.3704,0.3704,0.0000,NA,NA,NA
ExperienceX.exe,56308,0x216838E1150,DXGI,1,0,0,Composed: Flip,11919.8153,NA,15.64340000000000,49.80110000000001,0.17020000000000,0.88340000000000,33.0651,11904.3265,15.6590,15.4888,0.1702,3.1822,13.1900,1.6945,11.4955,1.2929,11904.3265,NA
ExperienceX.exe,56308,0x216838E1150,DXGI,1,0,0,Composed: Flip,11937.2019,NA,17.38660000000000,16.67620000000000,0.33050000000000,1.90380000000000,32.3547,11919.9855,17.5469,17.2164,0.3305,17.7663,1.3539,1.3539,0.0000,-1.0172,11919.9855,NA
ExperienceX.exe,56308,0x216C829D570,DXGI,1,0,0,Composed: Flip,11904.0805,NA,17.30160000000000,16.69670000000000,1.11680000000000,3.05780000000000,32.1756,11886.8374,18.3599,17.2431,1.1168,18.9812,1.3197,1.3197,0.0000,-1.7578,11886.8374,NA
ExperienceX.exe,56308,0x216C829D570,DXGI,1,0,0,Composed: Flip,11919.8152,NA,15.73470000000000,NA,0.17030000000000,1.52440000000000,NA,11905.1973,14.7882,14.6179,0.1703,15.5014,0.6409,0.6409,0.0000,NA,NA,NA
ExperienceX.exe,56308,0x216C829D570,DXGI,1,0,0,Composed: Flip,11936.8832,NA,17.06800000000000,NA,0.07040000000000,2.59190000000000,NA,11919.9855,16.9681,16.8977,0.0704,19.1202,0.3694,0.3694,0.0000,NA,NA,NA
ExperienceX.exe,56308,0x216C829D570,DXGI,1,0,0,Composed: Flip,11953.1745,NA,16.29130000000000,NA,0.23210000000000,0.99810000000000,NA,11936.9536,16.4530,16.2209,0.2321,17.1319,0.0871,0.0871,0.0000,NA,NA,NA
ExperienceX.exe,56308,0x216C829D570,DXGI,1,0,0,Composed: Flip,11970.5619,NA,17.38740000000000,66.62360000000000,0.07380000000000,2.34230000000000,32.3178,11953.4066,17.2291,17.1553,0.0738,19.1358,0.3618,0.3618,0.0000,-0.0544,11953.4066,NA
ExperienceX.exe,56308,0x216C829D570,DXGI,1,0,0,Composed: Flip,11986.6093,NA,16.04740000000000,16.90880000000000,0.21710000000000,1.23260000000000,33.1792,11970.6357,16.1907,15.9736,0.2171,16.8305,0.3757,0.3757,0.0000,0.3203,11970.6357,NA
ExperienceX.exe,56308,0x216C829D570,DXGI,1,0,0,Composed: Flip,12003.4722,NA,16.86290000000000,16.44700000000000,0.08390000000000,2.24770000000000,32.7633,11986.8264,16.7297,16.6458,0.0839,17.5405,1.3530,1.3530,0.0000,-0.2563,11986.8264,NA
ExperienceX.exe,56308,0x216838E1150,DXGI,1,0,0,Composed: Flip,11953.1389,NA,15.93700000000000,16.68360000000000,0.12250000000000,0.94660000000000,33.1013,11937.5324,15.7290,15.6065,0.1225,1.9427,14.6104,1.2100,13.4004,0.8633,11937.5324,NA
ExperienceX.exe,56308,0x216838E1150,DXGI,1,0,0,Composed: Flip,11970.5598,NA,17.42090000000000,NA,0.07170000000000,1.98260000000000,NA,11953.2614,17.3701,17.2984,0.0717,18.2000,1.0810,1.0810,0.0000,NA,NA,NA
ExperienceX.exe,56308,0x216838E1150,DXGI,1,0,0,Composed: Flip,11986.5882,NA,16.02840000000000,NA,0.15140000000000,0.87800000000000,NA,11970.6315,16.1081,15.9567,0.1514,2.2727,14.5620,1.5051,13.0569,NA,NA,NA
ExperienceX.exe,56308,0x216838E1150,DXGI,1,0,0,Composed: Flip,12003.7457,NA,17.15750000000000,NA,0.06170000000000,2.34580000000000,NA,11986.7396,17.0678,17.0061,0.0617,18.9803,0.3716,0.3716,0.0000,NA,NA,NA
ExperienceX.exe,56308,0x216838E1150,DXGI,1,0,0,Composed: Flip,12020.1452,NA,16.39950000000000,NA,0.18540000000000,1.83290000000000,NA,12003.8074,16.5232,16.3378,0.1854,17.5305,0.6402,0.6402,0.0000,NA,NA,NA
ExperienceX.exe,56308,0x216838E1150,DXGI,1,0,0,Composed: Flip,12036.8173,NA,16.67210000000000,83.38720000000001,0.10210000000000,2.45960000000000,32.8101,12020.3306,16.5888,16.4867,0.1021,17.6305,1.3158,1.3158,0.0000,-0.5890,12020.3306,NA
ExperienceX.exe,56308,0x216838E1150,DXGI,1,0,0,Composed: Flip,12053.1908,NA,16.37350000000000,16.58580000000000,0.12960000000000,0.94540000000000,33.0224,12036.9194,16.4010,16.2714,0.1296,16.8204,0.3964,0.3964,0.0000,0.0030,12036.9194,NA
ExperienceX.exe,56308,0x216838E1150,DXGI,1,0,0,Composed: Flip,12070.9682,NA,17.77740000000000,16.76720000000000,0.32970000000000,2.13080000000000,32.0122,12053.3204,17.9775,17.6478,0.3297,19.4071,0.3715,0.3715,0.0000,-0.3662,12053.3204,NA
ExperienceX.exe,56308,0x216838E1150,DXGI,1,0,0,Composed: Flip,12086.5745,NA,15.60630000000000,16.66430000000000,0.19760000000000,1.56190000000000,33.0702,12071.2979,15.4742,15.2766,0.1976,15.8973,0.9412,0.9412,0.0000,1.3132,12071.2979,NA
ExperienceX.exe,56308,0x216C829D570,DXGI,1,0,0,Composed: Flip,12020.1445,NA,16.67230000000000,16.69590000000000,0.18610000000000,1.19340000000000,32.7869,12003.5561,16.7745,16.5884,0.1861,2.5354,15.2464,1.6445,13.6019,0.0338,12003.5561,NA
ExperienceX.exe,56308,0x216C829D570,DXGI,1,0,0,Composed: Flip,12036.8220,NA,16.67750000000000,NA,0.09450000000000,2.82550000000000,NA,12020.3306,16.5859,16.4914,0.0945,18.9463,0.3706,0.3706,0.0000,NA,NA,NA
ExperienceX.exe,56308,0x216C829D570,DXGI,1,0,0,Composed: Flip,12053.1892,NA,16.36720000000000,NA,0.13130000000000,0.55060000000000,NA,12036.9165,16.4040,16.2727,0.1313,2.7310,14.0923,1.2343,12.8580,NA,NA,NA
ExperienceX.exe,56308,0x216C829D570,DXGI,1,0,0,Composed: Flip,12071.2707,NA,18.08150000000000,NA,0.18510000000000,1.45680000000000,NA,12053.3205,18.1353,17.9502,0.1851,18.3040,1.1030,1.1030,0.0000,NA,NA,NA
ExperienceX.exe,56308,0x216C829D570,DXGI,1,0,0,Composed: Flip,12086.5742,NA,15.30350000000000,NA,0.19790000000000,0.62100000000000,NA,12071.4558,15.3163,15.1184,0.1979,1.6432,14.0962,1.0932,13.0030,NA,NA,NA
ExperienceX.exe,56308,0x216C829D570,DXGI,1,0,0,Composed: Flip,12104.7377,NA,18.16350000000000,NA,0.32180000000000,1.84560000000000,NA,12086.7721,18.2874,17.9656,0.3218,18.6829,1.1283,1.1283,0.0000,NA,NA,NA
ExperienceX.exe,56308,0x216838E1150,DXGI,1,0,0,Composed: Flip,12105.0645,NA,18.49000000000000,16.67690000000000,0.25130000000000,1.87030000000000,31.2571,12086.7721,18.5437,18.2924,0.2513,19.8112,0.3515,0.3515,0.0000,-1.2027,12086.7721,NA
ExperienceX.exe,56308,0x216838E1150,DXGI,1,0,0,Composed: Flip,12120.0755,NA,15.01100000000000,NA,0.20130000000000,1.02300000000000,NA,12105.3158,14.9610,14.7597,0.2013,15.4017,0.3810,0.3810,0.0000,NA,NA,NA
ExperienceX.exe,56308,0x216C829D570,DXGI,1,0,0,Composed: Flip,12120.0787,NA,15.34100000000000,99.95410000000001,0.12520000000000,0.63880000000000,32.8068,12105.0595,15.1444,15.0192,0.1252,1.8753,13.7827,2.0999,11.6828,1.5493,12105.0595,NA
ExperienceX.exe,56308,0x216C829D570,DXGI,1,0,0,Composed: Flip,12137.2062,NA,17.12750000000000,NA,0.10940000000000,2.81030000000000,NA,12120.2039,17.1117,17.0023,0.1094,19.4415,0.3711,0.3711,0.0000,NA,NA,NA
ExperienceX.exe,56308,0x216C829D570,DXGI,1,0,0,Composed: Flip,12153.1252,NA,15.91900000000000,33.42430000000000,0.13050000000000,0.55260000000000,33.1846,12137.3156,15.9401,15.8096,0.1305,2.7009,13.6613,1.2492,12.4121,-1.1682,12137.3156,NA
ExperienceX.exe,56308,0x216838E1150,DXGI,1,0,0,Composed: Flip,12137.2121,NA,17.13660000000000,33.22360000000000,0.10390000000000,2.43330000000000,32.3331,12120.2768,17.0392,16.9353,0.1039,18.0026,1.3660,1.3660,0.0000,0.2811,12120.2768,NA
ExperienceX.exe,56308,0x216838E1150,DXGI,1,0,0,Composed: Flip,12153.1251,NA,15.91300000000000,NA,0.13050000000000,0.95760000000000,NA,12137.3160,15.9396,15.8091,0.1305,16.3618,0.4049,0.4049,0.0000,NA,NA,NA
ExperienceX.exe,56308,0x216838E1150,DXGI,1,0,0,Composed: Flip,12169.9739,NA,16.84880000000000,NA,0.07490000000000,2.04970000000000,NA,12153.2556,16.7932,16.7183,0.0749,17.0736,1.6944,1.6944,0.0000,NA,NA,NA
ExperienceX.exe,56308,0x216838E1150,DXGI,1,0,0,Composed: Flip,12186.7512,NA,16.77730000000000,50.01050000000000,0.20240000000000,2.18060000000000,32.8045,12170.0488,16.9048,16.7024,0.2024,18.1675,0.7155,0.7155,0.0000,-0.2385,12170.0488,NA
ExperienceX.exe,56308,0x216838E1150,DXGI,1,0,0,Composed: Flip,12203.5144,NA,16.76320000000000,16.66930000000000,0.61870000000000,2.31880000000000,32.7106,12186.9536,17.1795,16.5608,0.6187,17.5350,1.3446,1.3446,0.0000,0.2355,12186.9536,NA
ExperienceX.exe,56308,0x216838E1150,DXGI,1,0,0,Composed: Flip,12219.9084,NA,16.39400000000000,16.71100000000000,0.27960000000000,0.84130000000000,33.0276,12204.1331,16.0549,15.7753,0.2796,16.2460,0.3706,0.3706,0.0000,0.4685,12204.1331,NA
ExperienceX.exe,56308,0x216838E1150,DXGI,1,0,0,Composed: Flip,12237.2144,NA,17.30600000000000,16.64070000000000,0.06490000000000,2.21910000000000,32.3623,12220.1880,17.0913,17.0264,0.0649,18.8375,0.4080,0.4080,0.0000,-0.5858,12220.1880,NA
ExperienceX.exe,56308,0x216C829D570,DXGI,1,0,0,Composed: Flip,12169.9776,NA,16.85240000000000,16.57230000000000,0.05820000000000,2.41430000000000,32.9045,12153.2557,16.7801,16.7219,0.0582,18.7679,0.3683,0.3683,0.0000,-0.6322,12153.2557,NA
ExperienceX.exe,56308,0x216C829D570,DXGI,1,0,0,Composed: Flip,12186.7511,NA,16.77350000000000,NA,0.20250000000000,1.46520000000000,NA,12170.0358,16.9178,16.7153,0.2025,2.3561,15.8244,2.1111,13.7133,NA,NA,NA
ExperienceX.exe,56308,0x216C829D570,DXGI,1,0,0,Composed: Flip,12203.5081,NA,16.75700000000000,NA,0.09940000000000,2.69870000000000,NA,12186.9536,16.6539,16.5545,0.0994,18.8796,0.3736,0.3736,0.0000,NA,NA,NA
ExperienceX.exe,56308,0x216C829D570,DXGI,1,0,0,Composed: Flip,12219.7933,NA,16.28520000000000,NA,0.10620000000000,0.58580000000000,NA,12203.6075,16.2920,16.1858,0.1062,2.5993,14.1723,1.1875,12.9848,NA,NA,NA
ExperienceX.exe,56308,0x216C829D570,DXGI,1,0,0,Composed: Flip,12236.7469,NA,16.95360000000000,NA,0.53710000000000,2.27860000000000,NA,12219.8995,17.3845,16.8474,0.5371,18.0421,1.0839,1.0839,0.0000,NA,NA,NA
ExperienceX.exe,56308,0x216C829D570,DXGI,1,0,0,Composed: Flip,12253.3402,NA,16.59330000000000,NA,0.23340000000000,1.96500000000000,NA,12237.2840,16.2896,16.0562,0.2334,17.3894,0.6318,0.6318,0.0000,NA,NA,NA
ExperienceX.exe,56308,0x216C829D570,DXGI,1,0,0,Composed: Flip,12270.8545,NA,17.51430000000000,100.07720000000000,0.31960000000000,1.38850000000000,32.1048,12253.5736,17.6005,17.2809,0.3196,17.1204,1.5490,1.5490,0.0000,0.2407,12253.5736,NA
ExperienceX.exe,56308,0x216C829D570,DXGI,1,0,0,Composed: Flip,12286.8584,NA,16.00390000000000,16.73740000000000,0.18400000000000,1.75620000000000,32.8383,12271.1741,15.8683,15.6843,0.1840,16.3992,1.0413,1.0413,0.0000,0.8631,12271.1741,NA
ExperienceX.exe,56308,0x216838E1150,DXGI,1,0,0,Composed: Flip,12253.3405,NA,16.12610000000000,16.91200000000000,0.23310000000000,1.33290000000000,33.1482,12237.2793,16.2943,16.0612,0.2331,2.1542,15.2399,1.7749,13.4650,0.1793,12237.2793,NA
ExperienceX.exe,56308,0x216838E1150,DXGI,1,0,0,Composed: Flip,12270.7629,NA,17.42240000000000,NA,0.43420000000000,1.84200000000000,NA,12253.5736,17.6235,17.1893,0.4342,18.6694,0.3619,0.3619,0.0000,NA,NA,NA
ExperienceX.exe,56308,0x216838E1150,DXGI,1,0,0,Composed: Flip,12286.8583,NA,16.09540000000000,NA,0.18420000000000,0.71500000000000,NA,12271.1971,15.8454,15.6612,0.1842,1.4078,14.9684,1.3949,13.5735,NA,NA,NA
ExperienceX.exe,56308,0x216838E1150,DXGI,1,0,0,Composed: Flip,12304.4924,NA,17.63410000000000,NA,0.07270000000000,1.79040000000000,NA,12287.0425,17.5226,17.4499,0.0727,18.8985,0.3418,0.3418,0.0000,NA,NA,NA
ExperienceX.exe,56308,0x216838E1150,DXGI,1,0,0,Composed: Flip,12320.1038,NA,15.61140000000000,66.46880000000000,0.22220000000000,1.49640000000000,32.8537,12304.5651,15.7609,15.5387,0.2222,16.5850,0.4501,0.4501,0.0000,0.8170,12304.5651,NA
ExperienceX.exe,56308,0x216C829D570,DXGI,1,0,0,Composed: Flip,12303.6444,NA,16.78600000000000,16.51270000000000,1.08610000000000,2.29660000000000,32.5650,12287.0424,17.6881,16.6020,1.0861,17.5400,1.3586,1.3586,0.0000,-0.6444,12287.0424,NA
ExperienceX.exe,56308,0x216C829D570,DXGI,1,0,0,Composed: Flip,12320.1048,NA,16.46040000000000,NA,0.22130000000000,1.04530000000000,NA,12304.7305,15.5956,15.3743,0.2213,1.5523,14.8673,1.3927,13.4746,NA,NA,NA
ExperienceX.exe,56308,0x216C829D570,DXGI,1,0,0,Composed: Flip,12337.7373,NA,17.63250000000000,NA,0.14310000000000,1.19100000000000,NA,12320.3261,17.5543,17.4112,0.1431,17.3886,1.2136,1.2136,0.0000,NA,NA,NA
ExperienceX.exe,56308,0x216C829D570,DXGI,1,0,0,Composed: Flip,12353.1981,NA,15.46080000000000,50.00830000000001,0.11140000000000,0.59650000000000,33.0196,12337.8804,15.4291,15.3177,0.1114,1.4351,14.4791,1.4247,13.0544,0.8297,12337.8804,NA
ExperienceX.exe,56308,0x216C829D570,DXGI,1,0,0,Composed: Flip,12370.2518,NA,17.05370000000000,16.66190000000000,0.08970000000000,2.06370000000000,32.6278,12353.3095,17.0320,16.9423,0.0897,17.2945,1.7115,1.7115,0.0000,-1.2328,12353.3095,NA
ExperienceX.exe,56308,0x216838E1150,DXGI,1,0,0,Composed: Flip,12337.2006,NA,17.09680000000000,16.58670000000000,0.63350000000000,2.11490000000000,32.3436,12320.3260,17.5081,16.8746,0.6335,18.6023,0.3872,0.3872,0.0000,-0.8258,12320.3260,NA
ExperienceX.exe,56308,0x216838E1150,DXGI,1,0,0,Composed: Flip,12353.1987,NA,15.99810000000000,NA,0.11080000000000,1.31780000000000,NA,12337.8341,15.4754,15.3646,0.1108,15.9605,0.7219,0.7219,0.0000,NA,NA,NA
ExperienceX.exe,56308,0x216838E1150,DXGI,1,0,0,Composed: Flip,12370.6046,NA,17.40590000000000,NA,0.07480000000000,2.08940000000000,NA,12353.3095,17.3699,17.2951,0.0748,19.0060,0.3785,0.3785,0.0000,NA,NA,NA
ExperienceX.exe,56308,0x216838E1150,DXGI,1,0,0,Composed: Flip,12386.5094,NA,15.90480000000000,NA,0.16400000000000,0.65800000000000,NA,12370.6794,15.9940,15.8300,0.1640,2.0146,14.4734,1.2653,13.2081,NA,NA,NA
ExperienceX.exe,56308,0x216C829D570,DXGI,1,0,0,Composed: Flip,12386.5099,NA,16.25810000000000,16.66070000000000,0.16350000000000,1.16490000000000,33.0304,12370.3415,16.3319,16.1684,0.1635,16.8259,0.5074,0.5074,0.0000,0.3713,12370.3415,NA
ExperienceX.exe,56308,0x216C829D570,DXGI,1,0,0,Composed: Flip,12403.3957,NA,16.88580000000000,NA,0.50000000000000,2.05590000000000,NA,12386.6734,17.2223,16.7223,0.5000,17.0879,1.6903,1.6903,0.0000,NA,NA,NA
ExperienceX.exe,56308,0x216838E1150,DXGI,1,0,0,Composed: Flip,12403.8310,NA,17.32160000000000,66.68330000000000,0.13540000000000,2.00920000000000,32.3965,12386.6734,17.2930,17.1576,0.1354,18.7782,0.3886,0.3886,0.0000,-0.3359,12386.6734,NA
ExperienceX.exe,56308,0x216838E1150,DXGI,1,0,0,Composed: Flip,12419.7659,NA,15.93490000000000,NA,0.11120000000000,0.56100000000000,NA,12403.9664,15.9107,15.7995,0.1112,1.8738,14.4867,1.2135,13.2732,NA,NA,NA
ExperienceX.exe,56308,0x216C829D570,DXGI,1,0,0,Composed: Flip,12419.7660,NA,16.37030000000000,33.36610000000000,0.11660000000000,1.00440000000000,33.1404,12403.8957,15.9869,15.8703,0.1166,16.4312,0.4435,0.4435,0.0000,0.1881,12403.8957,NA
ExperienceX.exe,56308,0x216C829D570,DXGI,1,0,0,Composed: Flip,12436.7519,NA,16.98590000000000,NA,0.54930000000000,2.04290000000000,NA,12419.8826,17.4186,16.8693,0.5493,17.1756,1.7366,1.7366,0.0000,NA,NA,NA
ExperienceX.exe,56308,0x216838E1150,DXGI,1,0,0,Composed: Flip,12436.7386,NA,16.97270000000000,33.45510000000000,0.09130000000000,2.43400000000000,32.9440,12419.8771,16.9528,16.8615,0.0913,18.9177,0.3778,0.3778,0.0000,-0.2514,12419.8771,NA
ExperienceX.exe,56308,0x216838E1150,DXGI,1,0,0,Composed: Flip,12453.2308,NA,16.49220000000000,NA,0.16950000000000,0.91290000000000,NA,12436.8299,16.5704,16.4009,0.1695,2.3427,14.9711,1.7133,13.2578,NA,NA,NA
ExperienceX.exe,56308,0x216C829D570,DXGI,1,0,0,Composed: Flip,12453.2310,NA,16.47910000000000,33.35530000000000,0.17470000000000,1.39420000000000,33.0307,12437.3012,16.1045,15.9298,0.1747,16.8425,0.4815,0.4815,0.0000,0.0502,12437.3012,NA
ExperienceX.exe,56308,0x216C829D570,DXGI,1,0,0,Composed: Flip,12471.3555,NA,18.12450000000000,NA,1.03930000000000,1.51390000000000,NA,12453.4057,18.9891,17.9498,1.0393,19.0829,0.3808,0.3808,0.0000,NA,NA,NA
ExperienceX.exe,56308,0x216838E1150,DXGI,1,0,0,Composed: Flip,12470.9507,NA,17.71990000000000,33.35380000000000,0.69330000000000,1.53790000000000,32.0857,12453.4003,18.2437,17.5504,0.6933,17.4024,1.6859,1.6859,0.0000,0.1694,12453.4003,NA
ExperienceX.exe,56308,0x216838E1150,DXGI,1,0,0,Composed: Flip,12486.5946,NA,15.64390000000000,NA,0.20050000000000,1.02760000000000,NA,12471.6440,15.1511,14.9506,0.2005,1.2254,14.7528,1.8259,12.9269,NA,NA,NA
ExperienceX.exe,56308,0x216838E1150,DXGI,1,0,0,Composed: Flip,12505.6223,NA,19.02770000000000,33.17460000000000,0.09110000000000,0.88900000000000,30.5887,12486.7951,18.9183,18.8272,0.0911,17.9891,1.7271,1.7271,0.0000,0.2202,12486.7951,NA
ExperienceX.exe,56308,0x216838E1150,DXGI,1,0,0,Composed: Flip,12520.1749,NA,14.55260000000000,16.68220000000000,0.14710000000000,1.51620000000000,32.7183,12505.7134,14.6086,14.4615,0.1471,15.6098,0.3679,0.3679,0.0000,2.2361,12505.7134,NA
ExperienceX.exe,56308,0x216C829D570,DXGI,1,0,0,Composed: Flip,12486.5951,NA,15.23960000000000,33.39120000000000,0.19990000000000,1.47920000000000,33.0578,12472.3948,14.4002,14.2003,0.1999,15.2274,0.4521,0.4521,0.0000,1.7024,12472.3948,NA
ExperienceX.exe,56308,0x216C829D570,DXGI,1,0,0,Composed: Flip,12504.1678,NA,17.57270000000000,NA,1.14290000000000,2.74780000000000,NA,12486.7950,18.5157,17.3728,1.1429,19.7163,0.4043,0.4043,0.0000,NA,NA,NA
ExperienceX.exe,56308,0x216C829D570,DXGI,1,0,0,Composed: Flip,12520.1643,NA,15.99650000000000,NA,0.05240000000000,1.15890000000000,NA,12505.3107,14.9060,14.8536,0.0524,1.6049,14.4076,2.2003,12.2073,NA,NA,NA
ExperienceX.exe,56308,0x216C829D570,DXGI,1,0,0,Composed: Flip,12537.3239,NA,17.15960000000000,NA,0.07490000000000,1.77770000000000,NA,12520.2167,17.1821,17.1072,0.0749,17.7860,1.0989,1.0989,0.0000,NA,NA,NA
ExperienceX.exe,56308,0x216838E1150,DXGI,1,0,0,Composed: Flip,12537.4048,NA,17.22990000000000,16.93240000000000,0.05320000000000,2.10880000000000,32.4208,12520.3220,17.1360,17.0828,0.0532,18.7796,0.4120,0.4120,0.0000,-2.3238,12520.3220,NA
ExperienceX.exe,56308,0x216838E1150,DXGI,1,0,0,Composed: Flip,12553.1337,NA,15.72890000000000,NA,0.09800000000000,1.27400000000000,NA,12537.4580,15.7737,15.6757,0.0980,16.2666,0.6831,0.6831,0.0000,NA,NA,NA
ExperienceX.exe,56308,0x216C829D570,DXGI,1,0,0,Composed: Flip,12553.1514,NA,15.82750000000000,66.62470000000000,0.11960000000000,0.57320000000000,33.1262,12537.3988,15.8722,15.7526,0.1196,2.1148,14.2110,0.7117,13.4993,-1.6207,12537.3988,NA
ExperienceX.exe,56308,0x216C829D570,DXGI,1,0,0,Composed: Flip,12570.4989,NA,17.34750000000000,NA,0.81250000000000,1.89150000000000,NA,12553.2710,18.0404,17.2279,0.8125,17.7090,1.4104,1.4104,0.0000,NA,NA,NA
ExperienceX.exe,56308,0x216C829D570,DXGI,1,0,0,Composed: Flip,12586.6109,NA,16.11200000000000,33.28110000000000,0.23460000000000,0.98160000000000,32.9478,12571.3114,15.5341,15.2995,0.2346,1.9325,14.3486,1.9044,12.4442,0.6315,12571.3114,NA
ExperienceX.exe,56308,0x216C829D570,DXGI,1,0,0,Composed: Flip,12603.7326,NA,17.12170000000000,16.64630000000000,0.08750000000000,2.12590000000000,32.4724,12586.8455,16.9746,16.8871,0.0875,17.2504,1.7626,1.7626,0.0000,-1.1122,12586.8455,NA
ExperienceX.exe,56308,0x216C829D570,DXGI,1,0,0,Composed: Flip,12619.9049,NA,16.17230000000000,16.87010000000000,0.25230000000000,1.34480000000000,33.1702,12603.8201,16.3371,16.0848,0.2523,17.0195,0.4101,0.4101,0.0000,0.1045,12603.8201,NA
ExperienceX.exe,56308,0x216C829D570,DXGI,1,0,0,Composed: Flip,12636.6587,NA,16.75380000000000,16.51420000000000,0.07170000000000,2.49280000000000,32.9306,12620.1572,16.5732,16.5015,0.0717,18.5958,0.3985,0.3985,0.0000,-0.1771,12620.1572,NA
ExperienceX.exe,56308,0x216C829D570,DXGI,1,0,0,Composed: Flip,12653.5327,NA,16.87400000000000,16.64200000000000,0.06360000000000,0.91800000000000,32.6986,12636.7304,16.8659,16.8023,0.0636,2.4211,15.2992,1.4089,13.8903,-0.0688,12636.7304,NA
ExperienceX.exe,56308,0x216C829D570,DXGI,1,0,0,Composed: Flip,12670.2286,NA,16.69590000000000,16.78200000000000,0.86380000000000,2.36640000000000,32.7847,12653.5963,17.4961,16.6323,0.8638,17.6176,1.3811,1.3811,0.0000,0.0839,12653.5963,NA
ExperienceX.exe,56308,0x216838E1150,DXGI,1,0,0,Composed: Flip,12571.7142,NA,18.58050000000000,33.14860000000000,0.57280000000000,1.52970000000000,31.2600,12553.2317,19.0553,18.4825,0.5728,19.1587,0.8535,0.8535,0.0000,-0.2389,12553.2317,NA
ExperienceX.exe,56308,0x216838E1150,DXGI,1,0,0,Composed: Flip,12586.6116,NA,14.89740000000000,NA,0.28050000000000,1.63730000000000,NA,12572.2870,14.6051,14.3246,0.2805,15.3055,0.6564,0.6564,0.0000,NA,NA,NA
ExperienceX.exe,56308,0x216838E1150,DXGI,1,0,0,Composed: Flip,12604.0123,NA,17.40070000000000,NA,0.06750000000000,2.19560000000000,NA,12586.8921,17.1877,17.1202,0.0675,18.9664,0.3494,0.3494,0.0000,NA,NA,NA
ExperienceX.exe,56308,0x216838E1150,DXGI,1,0,0,Composed: Flip,12619.9043,NA,15.89200000000000,NA,0.25290000000000,0.93530000000000,NA,12604.0798,16.0774,15.8245,0.2529,2.1281,14.6317,1.5873,13.0444,NA,NA,NA
ExperienceX.exe,56308,0x216838E1150,DXGI,1,0,0,Composed: Flip,12636.6548,NA,16.75050000000000,NA,0.07590000000000,2.09820000000000,NA,12620.1572,16.5735,16.4976,0.0759,16.9038,1.6920,1.6920,0.0000,NA,NA,NA
ExperienceX.exe,56308,0x216838E1150,DXGI,1,0,0,Composed: Flip,12653.6168,NA,16.96200000000000,NA,0.25020000000000,1.50510000000000,NA,12636.7307,17.1363,16.8861,0.2502,17.7200,0.6712,0.6712,0.0000,NA,NA,NA
ExperienceX.exe,56308,0x216838E1150,DXGI,1,0,0,Composed: Flip,12670.2373,NA,16.62050000000000,NA,0.10790000000000,2.73650000000000,NA,12653.8670,16.4782,16.3703,0.1079,18.7280,0.3788,0.3788,0.0000,NA,NA,NA
ExperienceX.exe,56308,0x216838E1150,DXGI,1,0,0,Composed: Flip,12686.6402,NA,16.40290000000000,NA,0.20110000000000,1.13260000000000,NA,12670.3452,16.4961,16.2950,0.2011,16.9771,0.4505,0.4505,0.0000,NA,NA,NA
ExperienceX.exe,56308,0x216838E1150,DXGI,1,0,0,Composed: Flip,12705.2352,NA,18.59500000000000,133.40680000000000,0.09120000000000,1.18810000000000,31.1458,12686.8413,18.4851,18.3939,0.0912,18.6033,0.9787,0.9787,0.0000,0.2028,12686.8413,NA
ExperienceX.exe,56308,0x216838E1150,DXGI,1,0,0,Composed: Flip,12719.8843,NA,14.64910000000000,16.47550000000000,0.25610000000000,0.77770000000000,32.9722,12705.3264,14.8140,14.5579,0.2561,1.5384,13.7972,1.3284,12.4688,2.0096,12705.3264,NA
ExperienceX.exe,56308,0x216C829D570,DXGI,1,0,0,Composed: Flip,12686.6405,NA,16.41190000000000,16.55020000000000,0.20050000000000,0.68180000000000,32.9230,12671.0924,15.7486,15.5481,0.2005,1.8814,14.3485,0.9251,13.4234,0.9459,12671.0924,NA
ExperienceX.exe,56308,0x216C829D570,DXGI,1,0,0,Composed: Flip,12705.2369,NA,18.59640000000000,NA,0.07560000000000,1.62790000000000,NA,12686.8410,18.4715,18.3959,0.0756,19.5823,0.4415,0.4415,0.0000,NA,NA,NA
ExperienceX.exe,56308,0x216C829D570,DXGI,1,0,0,Composed: Flip,12719.8931,NA,14.65620000000000,NA,0.32190000000000,1.16870000000000,NA,12705.3125,14.9025,14.5806,0.3219,15.3495,0.3998,0.3998,0.0000,NA,NA,NA
ExperienceX.exe,56308,0x216C829D570,DXGI,1,0,0,Composed: Flip,12737.8912,NA,17.99810000000000,NA,0.04740000000000,2.48640000000000,NA,12720.2150,17.7236,17.6762,0.0474,19.7761,0.3865,0.3822,0.0043,NA,NA,NA
ExperienceX.exe,56308,0x216C829D570,DXGI,1,0,0,Composed: Flip,12753.0310,NA,15.13980000000000,66.63720000000001,0.09130000000000,0.67930000000000,33.1697,12737.9386,15.1837,15.0924,0.0913,15.1819,0.5898,0.5898,0.0000,0.2090,12737.9386,NA
ExperienceX.exe,56308,0x216838E1150,DXGI,1,0,0,Composed: Flip,12737.0914,NA,17.20710000000000,16.65990000000000,0.66100000000000,2.89970000000000,32.4250,12720.1404,17.6120,16.9510,0.6610,17.6044,2.2463,2.2463,0.0000,-1.8459,12720.1404,NA
ExperienceX.exe,56308,0x216838E1150,DXGI,1,0,0,Composed: Flip,12753.0308,NA,15.93940000000000,NA,0.09180000000000,1.06650000000000,NA,12737.7524,15.3702,15.2784,0.0918,15.9579,0.3870,0.3870,0.0000,NA,NA,NA
ExperienceX.exe,56308,0x216838E1150,DXGI,1,0,0,Composed: Flip,12769.9888,NA,16.95800000000000,NA,0.07300000000000,2.50760000000000,NA,12753.1226,16.9392,16.8662,0.0730,18.9558,0.4180,0.4180,0.0000,NA,NA,NA
ExperienceX.exe,56308,0x216838E1150,DXGI,1,0,0,Composed: Flip,12786.4805,NA,16.49170000000000,50.12230000000000,0.16650000000000,0.74350000000000,33.1582,12770.0618,16.5852,16.4187,0.1665,2.4346,14.7276,1.0780,13.6496,-0.2009,12770.0618,NA
ExperienceX.exe,56308,0x216C829D570,DXGI,1,0,0,Composed: Flip,12769.9877,NA,16.95670000000000,16.67390000000000,0.58800000000000,2.09070000000000,32.8869,12753.1223,17.4534,16.8654,0.5880,17.2922,1.6639,1.6639,0.0000,-1.4902,12753.1223,NA
ExperienceX.exe,56308,0x216C829D570,DXGI,1,0,0,Composed: Flip,12786.4802,NA,16.49250000000000,NA,0.16670000000000,0.99220000000000,NA,12770.5757,16.0712,15.9045,0.1667,16.6483,0.2484,0.2484,0.0000,NA,NA,NA
ExperienceX.exe,56308,0x216C829D570,DXGI,1,0,0,Composed: Flip,12803.7764,NA,17.29620000000000,NA,0.11640000000000,2.51120000000000,NA,12786.6469,17.2459,17.1295,0.1164,19.2378,0.4029,0.4029,0.0000,NA,NA,NA
ExperienceX.exe,56308,0x216838E1150,DXGI,1,0,0,Composed: Flip,12804.4303,NA,17.94980000000000,16.56110000000000,0.06560000000000,1.45440000000000,31.7695,12786.6470,17.8489,17.7833,0.0656,17.5312,1.7065,1.7065,0.0000,0.0241,12786.6470,NA
ExperienceX.exe,56308,0x216838E1150,DXGI,1,0,0,Composed: Flip,12820.0811,NA,15.65080000000000,NA,0.20620000000000,1.07510000000000,NA,12804.4959,15.7914,15.5852,0.2062,16.2430,0.4173,0.4173,0.0000,NA,NA,NA
ExperienceX.exe,56308,0x216838E1150,DXGI,1,0,0,Composed: Flip,12836.7818,NA,16.70070000000000,33.45620000000000,0.09260000000000,2.70720000000000,32.8742,12820.2873,16.5871,16.4945,0.0926,18.7924,0.4093,0.4093,0.0000,0.1841,12820.2873,NA
ExperienceX.exe,56308,0x216C829D570,DXGI,1,0,0,Composed: Flip,12820.0812,NA,16.30480000000000,50.04830000000000,0.20620000000000,0.65770000000000,32.8417,12803.8928,16.3946,16.1884,0.2062,2.3948,14.4513,1.4357,13.0156,0.7222,12803.8928,NA
ExperienceX.exe,56308,0x216C829D570,DXGI,1,0,0,Composed: Flip,12837.5569,NA,17.47570000000000,NA,0.05990000000000,1.52280000000000,NA,12820.2874,17.3294,17.2695,0.0599,17.3709,1.4214,1.4214,0.0000,NA,NA,NA
ExperienceX.exe,56308,0x216C829D570,DXGI,1,0,0,Composed: Flip,12853.2259,NA,15.66900000000000,NA,0.25430000000000,0.81400000000000,NA,12837.6168,15.8634,15.6091,0.2543,1.8722,14.5509,1.4913,13.0596,NA,NA,NA
ExperienceX.exe,56308,0x216838E1150,DXGI,1,0,0,Composed: Flip,12853.1913,NA,16.40950000000000,16.57680000000000,0.09570000000000,1.25550000000000,33.0415,12836.8744,16.4126,16.3169,0.0957,17.1655,0.4069,0.4069,0.0000,0.0103,12836.8744,NA
ExperienceX.exe,56308,0x216838E1150,DXGI,1,0,0,Composed: Flip,12871.3166,NA,18.12530000000000,NA,0.45530000000000,1.94050000000000,NA,12853.2870,18.4849,18.0296,0.4553,19.5636,0.4065,0.4065,0.0000,NA,NA,NA
ExperienceX.exe,56308,0x216838E1150,DXGI,1,0,0,Composed: Flip,12886.6015,NA,15.28490000000000,33.50180000000000,0.24230000000000,0.93640000000000,33.1331,12871.7719,15.0719,14.8296,0.2423,1.4852,14.2808,1.6792,12.6016,1.3957,12871.7719,NA
ExperienceX.exe,56308,0x216C829D570,DXGI,1,0,0,Composed: Flip,12871.6745,NA,18.44860000000000,50.03580000000000,0.10070000000000,1.17610000000000,31.2842,12853.4802,18.2950,18.1943,0.1007,18.0984,1.2720,1.2720,0.0000,-0.4484,12853.4802,NA
ExperienceX.exe,56308,0x216C829D570,DXGI,1,0,0,Composed: Flip,12903.6172,NA,31.94270000000000,NA,0.46660000000000,1.76400000000000,NA,12871.7752,32.3086,31.8420,0.4666,32.1552,1.4508,1.4411,0.0097,NA,NA,NA
ExperienceX.exe,56308,0x216838E1150,DXGI,1,0,0,Composed: Flip,12904.4730,NA,17.87150000000000,16.49260000000000,0.06830000000000,1.74620000000000,31.7542,12886.8438,17.6975,17.6292,0.0683,18.5374,0.8380,0.8380,0.0000,-1.4207,12886.8438,NA
ExperienceX.exe,56308,0x216838E1150,DXGI,1,0,0,Composed: Flip,12920.1705,NA,15.69750000000000,NA,0.24120000000000,0.94280000000000,NA,12904.5413,15.8704,15.6292,0.2412,1.6779,14.8941,1.4585,13.4356,NA,NA,NA
ExperienceX.exe,56308,0x216C829D570,DXGI,1,0,0,Composed: Flip,12920.1093,NA,16.49210000000000,49.90920000000001,0.18930000000000,1.41090000000000,32.7586,12904.0838,16.2148,16.0255,0.1893,17.0295,0.4069,0.4069,0.0000,0.6944,12904.0838,NA
ExperienceX.exe,56308,0x216C829D570,DXGI,1,0,0,Composed: Flip,12937.6038,NA,17.49450000000000,NA,0.37170000000000,2.07710000000000,NA,12920.2986,17.6769,17.3052,0.3717,18.9939,0.3884,0.3884,0.0000,NA,NA,NA
ExperienceX.exe,56308,0x216C829D570,DXGI,1,0,0,Composed: Flip,12953.2123,NA,15.60850000000000,33.36940000000000,0.20690000000000,1.19520000000000,33.0250,12937.9755,15.4437,15.2368,0.2069,1.7054,14.7266,1.4624,13.2642,0.5223,12937.9755,NA
ExperienceX.exe,56308,0x216838E1150,DXGI,1,0,0,Composed: Flip,12937.5482,NA,17.37770000000000,33.31440000000000,0.10320000000000,1.74430000000000,31.9934,12920.4117,17.2397,17.1365,0.1032,17.4458,1.4350,1.4350,0.0000,0.2535,12920.4117,NA
ExperienceX.exe,56308,0x216838E1150,DXGI,1,0,0,Composed: Flip,12953.2128,NA,15.66460000000000,NA,0.20640000000000,1.85590000000000,NA,12937.6514,15.7678,15.5614,0.2064,16.7561,0.6612,0.6612,0.0000,NA,NA,NA
ExperienceX.exe,56308,0x216838E1150,DXGI,1,0,0,Composed: Flip,12970.1099,NA,16.89710000000000,NA,0.48920000000000,2.21240000000000,NA,12953.4192,17.1799,16.6907,0.4892,17.5155,1.3876,1.3876,0.0000,NA,NA,NA
ExperienceX.exe,56308,0x216838E1150,DXGI,1,0,0,Composed: Flip,12986.5949,NA,16.48500000000000,49.99450000000000,0.16090000000000,0.99740000000000,32.9412,12970.5991,16.1567,15.9958,0.1609,2.1035,14.8897,1.6762,13.2135,0.1929,12970.5991,NA
ExperienceX.exe,56308,0x216C829D570,DXGI,1,0,0,Composed: Flip,12970.1181,NA,16.90580000000000,16.62580000000000,0.06470000000000,2.58450000000000,32.7450,12953.4192,16.7636,16.6989,0.0647,18.9031,0.3803,0.3803,0.0000,-1.1821,12953.4192,NA
ExperienceX.exe,56308,0x216C829D570,DXGI,1,0,0,Composed: Flip,12986.6124,NA,16.49430000000000,NA,0.35010000000000,1.43260000000000,NA,12970.1828,16.7797,16.4296,0.3501,17.4095,0.4527,0.4527,0.0000,NA,NA,NA
ExperienceX.exe,56308,0x216C829D570,DXGI,1,0,0,Composed: Flip,13003.9325,NA,17.32010000000000,NA,0.31860000000000,1.73750000000000,NA,12986.9625,17.2886,16.9700,0.3186,17.1677,1.5398,1.5398,0.0000,NA,NA,NA
ExperienceX.exe,56308,0x216C829D570,DXGI,1,0,0,Composed: Flip,13019.9497,NA,16.01720000000000,50.00160000000000,0.16630000000000,2.27220000000000,32.9150,13004.2511,15.8649,15.6986,0.1663,17.1951,0.7757,0.7757,0.0000,0.8303,13004.2511,NA
ExperienceX.exe,56308,0x216838E1150,DXGI,1,0,0,Composed: Flip,13003.8436,NA,17.24870000000000,16.70330000000000,0.20980000000000,2.20060000000000,32.3958,12986.7558,17.2976,17.0878,0.2098,18.9142,0.3742,0.3742,0.0000,-0.5466,12986.7558,NA
ExperienceX.exe,56308,0x216838E1150,DXGI,1,0,0,Composed: Flip,13019.9493,NA,16.10570000000000,NA,0.16670000000000,1.49690000000000,NA,13004.0534,16.0626,15.8959,0.1667,1.9908,15.4020,2.1638,13.2382,NA,NA,NA
ExperienceX.exe,56308,0x216838E1150,DXGI,1,0,0,Composed: Flip,13037.6505,NA,17.70120000000000,NA,0.07510000000000,2.06580000000000,NA,13020.1160,17.6096,17.5345,0.0751,19.2081,0.3922,0.3922,0.0000,NA,NA,NA
ExperienceX.exe,56308,0x216838E1150,DXGI,1,0,0,Composed: Flip,13053.1133,NA,15.46280000000000,49.97820000000000,0.15120000000000,0.78250000000000,33.1043,13037.7256,15.5389,15.3877,0.1512,1.9907,14.1795,1.0825,13.0970,0.9916,13037.7256,NA
ExperienceX.exe,56308,0x216C829D570,DXGI,1,0,0,Composed: Flip,13037.7266,NA,17.77690000000000,16.69570000000000,0.10540000000000,1.59750000000000,31.8338,13020.1160,17.7160,17.6106,0.1054,17.7708,1.4373,1.4373,0.0000,-0.8308,13020.1160,NA
ExperienceX.exe,56308,0x216C829D570,DXGI,1,0,0,Composed: Flip,13053.1200,NA,15.39340000000000,NA,0.14420000000000,1.02740000000000,NA,13037.8320,15.4322,15.2880,0.1442,16.0638,0.2516,0.2516,0.0000,NA,NA,NA
ExperienceX.exe,56308,0x216C829D570,DXGI,1,0,0,Composed: Flip,13070.3772,NA,17.25720000000000,NA,0.11730000000000,2.51010000000000,NA,13053.2642,17.2303,17.1130,0.1173,18.4830,1.1401,1.1401,0.0000,NA,NA,NA
ExperienceX.exe,56308,0x216838E1150,DXGI,1,0,0,Composed: Flip,13070.3874,NA,17.27410000000000,16.64780000000000,0.86560000000000,2.89050000000000,32.4780,13053.2645,17.9885,17.1229,0.8656,19.6228,0.3906,0.3906,0.0000,-1.1089,13053.2645,NA
ExperienceX.exe,56308,0x216838E1150,DXGI,1,0,0,Composed: Flip,13103.7355,NA,33.34810000000000,33.39200000000000,0.40920000000000,2.14990000000000,32.5219,13071.2530,32.8917,32.4825,0.4092,34.2427,0.3897,0.3897,0.0000,-15.4035,13071.2530,NA
ExperienceX.exe,56308,0x216838E1150,DXGI,1,0,0,Composed: Flip,13119.7813,NA,16.04580000000000,16.60300000000000,0.11150000000000,0.85330000000000,33.0791,13104.1447,15.7481,15.6366,0.1115,1.7407,14.7492,1.3778,13.3714,16.2887,13104.1447,NA
ExperienceX.exe,56308,0x216838E1150,DXGI,1,0,0,Composed: Flip,13137.7210,NA,17.93970000000000,16.71400000000000,0.06890000000000,1.73980000000000,31.8534,13119.8928,17.8971,17.8282,0.0689,19.1533,0.4147,0.4147,0.0000,-0.9659,13119.8928,NA
ExperienceX.exe,56308,0x216838E1150,DXGI,1,0,0,Composed: Flip,13153.0708,NA,15.34980000000000,16.67000000000000,0.12090000000000,1.12330000000000,33.1736,13137.7899,15.4018,15.2809,0.1209,15.8596,0.5446,0.5446,0.0000,1.2271,13137.7899,NA
ExperienceX.exe,56308,0x216C829D570,DXGI,1,0,0,Composed: Flip,13086.4925,NA,16.11530000000000,49.98180000000000,0.16080000000000,0.60630000000000,33.0497,13070.4945,16.1588,15.9980,0.1608,2.7834,13.8209,1.1047,12.7162,0.3967,13070.4945,NA
ExperienceX.exe,56308,0x216C829D570,DXGI,1,0,0,Composed: Flip,13103.3860,NA,16.89350000000000,NA,0.35770000000000,2.10970000000000,NA,13086.6533,17.0904,16.7327,0.3577,17.2513,1.5911,1.5911,0.0000,NA,NA,NA
ExperienceX.exe,56308,0x216C829D570,DXGI,1,0,0,Composed: Flip,13119.8349,NA,16.44890000000000,NA,0.23980000000000,0.97920000000000,NA,13103.7437,16.3310,16.0912,0.2398,16.8909,0.1795,0.1795,0.0000,NA,NA,NA
ExperienceX.exe,56308,0x216C829D570,DXGI,1,0,0,Composed: Flip,13137.5004,NA,17.66550000000000,NA,0.06270000000000,1.54570000000000,NA,13120.0747,17.4884,17.4257,0.0627,17.2137,1.7577,1.7577,0.0000,NA,NA,NA
ExperienceX.exe,56308,0x216C829D570,DXGI,1,0,0,Composed: Flip,13153.0705,NA,15.57010000000000,NA,0.12120000000000,0.57900000000000,NA,13137.5631,15.6286,15.5074,0.1212,1.8977,14.1887,0.8824,13.3063,NA,NA,NA
ExperienceX.exe,56308,0x216C829D570,DXGI,1,0,0,Composed: Flip,13170.7247,NA,17.65420000000000,NA,0.08390000000000,1.87410000000000,NA,13153.1917,17.6169,17.5330,0.0839,17.6938,1.7133,1.7133,0.0000,NA,NA,NA
ExperienceX.exe,56308,0x216C829D570,DXGI,1,0,0,Composed: Flip,13186.5591,NA,15.83440000000000,100.00260000000000,0.19300000000000,0.99340000000000,32.9857,13170.8086,15.9435,15.7505,0.1930,2.2041,14.5398,1.4884,13.0514,0.3115,13170.8086,NA
ExperienceX.exe,56308,0x216C829D570,DXGI,1,0,0,Composed: Flip,13203.9525,NA,17.39340000000000,16.68180000000000,0.18580000000000,2.26310000000000,32.2741,13186.7521,17.3862,17.2004,0.1858,19.0627,0.4008,0.4008,0.0000,-0.7383,13186.7521,NA
ExperienceX.exe,56308,0x216838E1150,DXGI,1,0,0,Composed: Flip,13171.2799,NA,18.20910000000000,16.70810000000000,0.08800000000000,1.73280000000000,31.6726,13153.1917,18.1762,18.0882,0.0880,19.4071,0.4139,0.4139,0.0000,-1.3063,13153.1917,NA
ExperienceX.exe,56308,0x216838E1150,DXGI,1,0,0,Composed: Flip,13186.5585,NA,15.27860000000000,NA,0.19370000000000,1.71990000000000,NA,13171.3679,15.3843,15.1906,0.1937,16.1846,0.7259,0.7259,0.0000,NA,NA,NA
ExperienceX.exe,56308,0x216838E1150,DXGI,1,0,0,Composed: Flip,13203.7594,NA,17.20090000000000,NA,0.27580000000000,2.05540000000000,NA,13186.7522,17.2830,17.0072,0.2758,17.2294,1.8332,1.8332,0.0000,NA,NA,NA
ExperienceX.exe,56308,0x216838E1150,DXGI,1,0,0,Composed: Flip,13219.8815,NA,16.12210000000000,NA,0.18570000000000,1.07730000000000,NA,13204.0352,16.0320,15.8463,0.1857,2.1804,14.7432,2.1132,12.6300,NA,NA,NA
ExperienceX.exe,56308,0x216838E1150,DXGI,1,0,0,Composed: Flip,13236.7427,NA,16.86120000000000,66.62790000000000,0.07690000000000,2.61040000000000,32.8377,13220.0672,16.7524,16.6755,0.0769,18.8790,0.4069,0.4069,0.0000,0.2476,13220.0672,NA
ExperienceX.exe,56308,0x216838E1150,DXGI,1,0,0,Composed: Flip,13253.4854,NA,16.74270000000000,16.77730000000000,0.16510000000000,1.34280000000000,32.8723,13236.8196,16.8309,16.6658,0.1651,2.5335,15.4751,2.0770,13.3981,-0.0249,13236.8196,NA
ExperienceX.exe,56308,0x216838E1150,DXGI,1,0,0,Composed: Flip,13271.3714,NA,17.88600000000000,16.56730000000000,0.40450000000000,1.79410000000000,31.5536,13253.6505,18.1254,17.7209,0.4045,19.1145,0.4005,0.4005,0.0000,0.2636,13253.6505,NA
ExperienceX.exe,56308,0x216C829D570,DXGI,1,0,0,Composed: Flip,13219.9538,NA,16.00130000000000,16.71890000000000,0.16980000000000,1.66330000000000,32.9917,13204.1383,15.9853,15.8155,0.1698,16.8205,0.6583,0.6583,0.0000,0.6673,13204.1383,NA
ExperienceX.exe,56308,0x216C829D570,DXGI,1,0,0,Composed: Flip,13236.7471,NA,16.79330000000000,NA,0.46310000000000,2.19910000000000,NA,13220.1236,17.0866,16.6235,0.4631,17.0183,1.8043,1.8043,0.0000,NA,NA,NA
ExperienceX.exe,56308,0x216C829D570,DXGI,1,0,0,Composed: Flip,13253.5259,NA,16.77880000000000,NA,0.39710000000000,2.08650000000000,NA,13237.2102,16.7128,16.3157,0.3971,17.6180,0.7842,0.7842,0.0000,NA,NA,NA
ExperienceX.exe,56308,0x216C829D570,DXGI,1,0,0,Composed: Flip,13270.3679,NA,16.84200000000000,NA,0.25610000000000,2.39710000000000,NA,13253.9230,16.7010,16.4449,0.2561,17.0771,1.7649,1.7649,0.0000,NA,NA,NA
ExperienceX.exe,56308,0x216C829D570,DXGI,1,0,0,Composed: Flip,13286.7908,NA,16.42290000000000,NA,0.31500000000000,1.45910000000000,NA,13270.6240,16.4818,16.1668,0.3150,2.5415,15.0844,2.1757,12.9087,NA,NA,NA
ExperienceX.exe,56308,0x216C829D570,DXGI,1,0,0,Composed: Flip,13304.7009,NA,17.91010000000000,83.37670000000000,0.06470000000000,1.44450000000000,31.6213,13287.1058,17.6598,17.5951,0.0647,17.2373,1.8023,1.8023,0.0000,-0.4092,13287.1058,NA
ExperienceX.exe,56308,0x216838E1150,DXGI,1,0,0,Composed: Flip,13286.7556,NA,15.38420000000000,16.77370000000000,0.18540000000000,2.16790000000000,32.9431,13271.7759,15.1651,14.9797,0.1854,16.4740,0.6736,0.6736,0.0000,1.3517,13271.7759,NA
ExperienceX.exe,56308,0x216838E1150,DXGI,1,0,0,Composed: Flip,13304.6811,NA,17.92550000000000,NA,0.06900000000000,1.87530000000000,NA,13286.9410,17.8091,17.7401,0.0690,19.2044,0.4110,0.4110,0.0000,NA,NA,NA
ExperienceX.exe,56308,0x216838E1150,DXGI,1,0,0,Composed: Flip,13320.1080,NA,15.42690000000000,NA,0.21350000000000,0.67650000000000,NA,13304.7501,15.5714,15.3579,0.2135,1.8063,14.2281,1.0220,13.2061,NA,NA,NA
ExperienceX.exe,56308,0x216838E1150,DXGI,1,0,0,Composed: Flip,13337.6147,NA,17.50670000000000,49.85260000000000,0.43390000000000,1.65980000000000,31.9366,13320.3215,17.7271,17.2932,0.4339,17.1673,1.7857,1.7857,0.0000,-1.3070,13320.3215,NA
ExperienceX.exe,56308,0x216C829D570,DXGI,1,0,0,Composed: Flip,13320.1086,NA,15.40770000000000,16.57140000000000,0.21250000000000,1.66620000000000,32.7850,13304.7656,15.5555,15.3430,0.2125,16.0189,0.9903,0.9903,0.0000,1.0884,13304.7656,NA
ExperienceX.exe,56308,0x216C829D570,DXGI,1,0,0,Composed: Flip,13337.0276,NA,16.91900000000000,NA,0.68850000000000,2.64890000000000,NA,13320.3211,17.3950,16.7065,0.6885,18.9534,0.4020,0.4020,0.0000,NA,NA,NA
ExperienceX.exe,56308,0x216C829D570,DXGI,1,0,0,Composed: Flip,13353.1769,NA,16.14930000000000,NA,0.13130000000000,1.91320000000000,NA,13337.7161,15.5921,15.4608,0.1313,16.9768,0.3972,0.3972,0.0000,NA,NA,NA
ExperienceX.exe,56308,0x216C829D570,DXGI,1,0,0,Composed: Flip,13370.8246,NA,17.64770000000000,49.99810000000000,0.07310000000000,1.99520000000000,32.0671,13353.3082,17.5895,17.5164,0.0731,19.1104,0.4012,0.4012,0.0000,-1.4555,13353.3082,NA
ExperienceX.exe,56308,0x216838E1150,DXGI,1,0,0,Composed: Flip,13353.1770,NA,15.56230000000000,16.65230000000000,0.13130000000000,1.51590000000000,33.0266,13338.0486,15.2597,15.1284,0.1313,1.6279,15.0164,2.0094,13.0070,1.0748,13338.0486,NA
ExperienceX.exe,56308,0x216838E1150,DXGI,1,0,0,Composed: Flip,13370.7756,NA,17.59860000000000,NA,0.37340000000000,1.64300000000000,NA,13353.3083,17.8407,17.4673,0.3734,17.2208,1.8895,1.8895,0.0000,NA,NA,NA
ExperienceX.exe,56308,0x216838E1150,DXGI,1,0,0,Composed: Flip,13386.5022,NA,15.72660000000000,NA,0.14330000000000,1.00240000000000,NA,13371.1490,15.4965,15.3532,0.1433,16.1062,0.2494,0.2494,0.0000,NA,NA,NA
ExperienceX.exe,56308,0x216838E1150,DXGI,1,0,0,Composed: Flip,13404.1755,NA,17.67330000000000,50.01510000000000,0.59010000000000,2.06100000000000,32.0432,13386.6455,18.1201,17.5300,0.5901,19.1950,0.3960,0.3960,0.0000,-1.4182,13386.6455,NA
ExperienceX.exe,56308,0x216838E1150,DXGI,1,0,0,Composed: Flip,13419.8748,NA,15.69930000000000,16.66860000000000,0.18550000000000,3.02320000000000,33.0125,13404.7656,15.2947,15.1092,0.1855,16.6862,1.4462,1.4462,0.0000,1.4515,13404.7656,NA
ExperienceX.exe,56308,0x216838E1150,DXGI,1,0,0,Composed: Flip,13437.4599,NA,17.58510000000000,16.63820000000000,0.13400000000000,1.52890000000000,32.0656,13420.0603,17.5336,17.3996,0.1340,17.5245,1.4040,1.4040,0.0000,-1.3435,13420.0603,NA
ExperienceX.exe,56308,0x216838E1150,DXGI,1,0,0,Composed: Flip,13453.1977,NA,15.73780000000000,16.77210000000000,0.17230000000000,0.94480000000000,33.0999,13437.5939,15.7761,15.6038,0.1723,1.8317,14.7169,1.4698,13.2471,0.7615,13437.5939,NA
ExperienceX.exe,56308,0x216C829D570,DXGI,1,0,0,Composed: Flip,13386.5025,NA,15.67790000000000,16.67020000000000,0.14300000000000,0.75270000000000,33.0594,13370.8977,15.7478,15.6048,0.1430,1.9221,14.4354,1.3222,13.1132,0.9193,13370.8977,NA
ExperienceX.exe,56308,0x216C829D570,DXGI,1,0,0,Composed: Flip,13403.5618,NA,17.05930000000000,NA,0.69720000000000,2.27870000000000,NA,13386.6455,17.6135,16.9163,0.6972,17.8228,1.3722,1.3722,0.0000,NA,NA,NA
ExperienceX.exe,56308,0x216C829D570,DXGI,1,0,0,Composed: Flip,13419.8755,NA,16.31370000000000,NA,0.18480000000000,1.57630000000000,NA,13404.2590,15.8013,15.6165,0.1848,1.9775,15.2153,2.1459,13.0694,NA,NA,NA
ExperienceX.exe,56308,0x216C829D570,DXGI,1,0,0,Composed: Flip,13436.8153,NA,16.93980000000000,NA,0.08260000000000,2.61030000000000,NA,13420.0603,16.8376,16.7550,0.0826,18.9285,0.4368,0.4368,0.0000,NA,NA,NA
ExperienceX.exe,56308,0x216C829D570,DXGI,1,0,0,Composed: Flip,13453.1913,NA,16.37600000000000,NA,0.17840000000000,1.69250000000000,NA,13436.8979,16.4718,16.2934,0.1784,17.2446,0.7413,0.7413,0.0000,NA,NA,NA
ExperienceX.exe,56308,0x216C829D570,DXGI,1,0,0,Composed: Flip,13470.0947,NA,16.90340000000000,NA,0.13880000000000,2.41360000000000,NA,13453.3697,16.8638,16.7250,0.1388,17.4731,1.6655,1.6655,0.0000,NA,NA,NA
ExperienceX.exe,56308,0x216C7EA03E0,DXGI,1,0,0,Composed: Flip,9986.7325,NA,16.87380000000000,1533.06120000000010,0.39390000000000,0.51660000000000,32.8327,9970.1342,16.9922,16.5983,0.3939,2.1091,15.0058,2.0195,12.9863,0.4222,9970.1342,NA
ExperienceX.exe,56308,0x216C7EA03E0,DXGI,1,0,0,Composed: Flip,10003.2295,NA,16.49700000000000,NA,0.18430000000000,0.57180000000000,NA,9987.1264,16.2874,16.1031,0.1843,1.3479,15.3270,0.5972,14.7298,NA,NA,NA
ExperienceX.exe,56308,0x216C7EA03E0,DXGI,1,0,0,Composed: Flip,10020.7349,NA,17.50540000000000,NA,0.05780000000000,0.98250000000000,NA,10003.4138,17.3789,17.3211,0.0578,17.2832,1.0204,1.0204,0.0000,NA,NA,NA
ExperienceX.exe,56308,0x216C7EA03E0,DXGI,1,0,0,Composed: Flip,10037.0072,NA,16.27230000000000,NA,0.45520000000000,1.34000000000000,NA,10020.7927,16.6697,16.2145,0.4552,0.9247,16.6298,1.1860,15.4438,NA,NA,NA
ExperienceX.exe,56308,0x216C7EA03E0,DXGI,1,0,0,Composed: Flip,10053.4777,NA,16.47050000000000,NA,0.93630000000000,1.98610000000000,NA,10037.4624,16.9516,16.0153,0.9363,17.3233,0.6781,0.6781,0.0000,NA,NA,NA
ExperienceX.exe,56308,0x216C7EA03E0,DXGI,1,0,0,Composed: Flip,10070.1537,NA,16.67600000000000,NA,0.71540000000000,2.85160000000000,NA,10054.4140,16.4551,15.7397,0.7154,18.2752,0.3161,0.3161,0.0000,NA,NA,NA
ExperienceX.exe,56308,0x216C7EA03E0,DXGI,1,0,0,Composed: Flip,10088.5378,NA,18.38410000000000,NA,0.10690000000000,0.68980000000000,NA,10070.8691,17.7756,17.6687,0.1069,17.6718,0.6867,0.6022,0.0845,NA,NA,NA
ExperienceX.exe,56308,0x216C7EA03E0,DXGI,1,0,0,Composed: Flip,10103.3841,NA,14.84630000000000,NA,0.32540000000000,1.57960000000000,NA,10088.6447,15.0648,14.7394,0.3254,0.6403,15.6787,2.5037,13.1750,NA,NA,NA
ExperienceX.exe,56308,0x216C7EA03E0,DXGI,1,0,0,Composed: Flip,10120.4464,NA,17.06230000000000,NA,0.16480000000000,1.43590000000000,NA,10103.7095,16.9017,16.7369,0.1648,17.4903,0.6825,0.6825,0.0000,NA,NA,NA
ExperienceX.exe,56308,0x216C7EA03E0,DXGI,1,0,0,Composed: Flip,10136.6449,NA,16.19850000000000,NA,0.30490000000000,0.66060000000000,NA,10120.6112,16.3386,16.0337,0.3049,1.2711,15.4232,0.7266,14.6966,NA,NA,NA
ExperienceX.exe,56308,0x216C7EA03E0,DXGI,1,0,0,Composed: Flip,10154.0180,NA,17.37310000000000,NA,0.05770000000000,1.35280000000000,NA,10136.9498,17.1259,17.0682,0.0577,18.0792,0.3418,0.3418,0.0000,NA,NA,NA
ExperienceX.exe,56308,0x216C7EA03E0,DXGI,1,0,0,Composed: Flip,10169.8058,NA,15.78780000000000,NA,0.16170000000000,0.56630000000000,NA,10154.0757,15.8918,15.7301,0.1617,1.2951,15.0013,0.7099,14.2914,NA,NA,NA
ExperienceX.exe,56308,0x216C7EA03E0,DXGI,1,0,0,Composed: Flip,10187.4422,NA,17.63640000000000,NA,0.04530000000000,1.17900000000000,NA,10169.9675,17.5200,17.4747,0.0453,17.6404,1.0133,1.0133,0.0000,NA,NA,NA
ExperienceX.exe,56308,0x216C7EA03E0,DXGI,1,0,0,Composed: Flip,10203.4225,NA,15.98030000000000,NA,0.31520000000000,0.63590000000000,NA,10187.4875,16.2502,15.9350,0.3152,1.1337,15.4372,0.4539,14.9833,NA,NA,NA
ExperienceX.exe,56308,0x216C7EA03E0,DXGI,1,0,0,Composed: Flip,10220.5952,NA,17.17270000000000,NA,0.04400000000000,1.23970000000000,NA,10203.7377,16.9015,16.8575,0.0440,17.0677,1.0295,1.0295,0.0000,NA,NA,NA
ExperienceX.exe,56308,0x216C7EA03E0,DXGI,1,0,0,Composed: Flip,10236.5812,NA,15.98600000000000,NA,0.22280000000000,1.31830000000000,NA,10220.6392,16.1648,15.9420,0.2228,1.1957,16.0646,1.5689,14.4957,NA,NA,NA
ExperienceX.exe,56308,0x216C7EA03E0,DXGI,1,0,0,Composed: Flip,10253.9744,NA,17.39320000000000,NA,0.08600000000000,1.09000000000000,NA,10236.8040,17.2564,17.1704,0.0860,17.2947,0.9657,0.9657,0.0000,NA,NA,NA
ExperienceX.exe,56308,0x216C7EA03E0,DXGI,1,0,0,Composed: Flip,10269.8813,NA,15.90690000000000,NA,0.27570000000000,0.68160000000000,NA,10254.0604,16.0966,15.8209,0.2757,1.0040,15.4985,0.6374,14.8611,NA,NA,NA
ExperienceX.exe,56308,0x216C7EA03E0,DXGI,1,0,0,Composed: Flip,10288.3076,NA,18.42630000000000,NA,0.15540000000000,0.60780000000000,NA,10270.1570,18.3060,18.1506,0.1554,17.8389,0.9195,0.9195,0.0000,NA,NA,NA
ExperienceX.exe,56308,0x216C7EA03E0,DXGI,1,0,0,Composed: Flip,10303.1497,NA,14.84210000000000,NA,0.14390000000000,1.24710000000000,NA,10288.4630,14.8306,14.6867,0.1439,0.4524,15.4814,1.6839,13.7975,NA,NA,NA
ExperienceX.exe,56308,0x216C7EA03E0,DXGI,1,0,0,Composed: Flip,10321.8580,NA,18.70830000000000,NA,0.17670000000000,1.41230000000000,NA,10303.2936,18.7411,18.5644,0.1767,18.1622,1.8145,1.8042,0.0103,NA,NA,NA
ExperienceX.exe,56308,0x216C7EA03E0,DXGI,1,0,0,Composed: Flip,10336.5455,NA,14.68750000000000,NA,0.17640000000000,0.80120000000000,NA,10322.0347,14.6872,14.5108,0.1764,14.7149,0.5971,0.5240,0.0731,NA,NA,NA
ExperienceX.exe,56308,0x216C7EA03E0,DXGI,1,0,0,Composed: Flip,10353.6489,NA,17.10340000000000,NA,0.04570000000000,1.32730000000000,NA,10336.7219,16.9727,16.9270,0.0457,17.2136,1.0407,1.0407,0.0000,NA,NA,NA
ExperienceX.exe,56308,0x216C7EA03E0,DXGI,1,0,0,Composed: Flip,10369.8965,NA,16.24760000000000,NA,0.19020000000000,1.74660000000000,NA,10353.6946,16.3921,16.2019,0.1902,1.2816,16.6669,1.7847,14.8822,NA,NA,NA
ExperienceX.exe,56308,0x216C7EA03E0,DXGI,1,0,0,Composed: Flip,10387.0591,NA,17.16260000000000,NA,0.05130000000000,1.32180000000000,NA,10370.0867,17.0237,16.9724,0.0513,17.3163,0.9779,0.9779,0.0000,NA,NA,NA
ExperienceX.exe,56308,0x216C7EA03E0,DXGI,1,0,0,Composed: Flip,10403.2143,NA,16.15520000000000,NA,0.12950000000000,0.81500000000000,NA,10387.1104,16.2334,16.1039,0.1295,1.2705,15.6484,0.9107,14.7377,NA,NA,NA
ExperienceX.exe,56308,0x216C7EA03E0,DXGI,1,0,0,Composed: Flip,10420.9393,NA,17.72500000000000,NA,0.04920000000000,0.83190000000000,NA,10403.3438,17.6447,17.5955,0.0492,17.4395,0.9879,0.9879,0.0000,NA,NA,NA
ExperienceX.exe,56308,0x216C7EA03E0,DXGI,1,0,0,Composed: Flip,10436.6668,NA,15.72750000000000,NA,0.30100000000000,1.52940000000000,NA,10420.9885,15.9793,15.6783,0.3010,0.7827,16.4250,1.5233,14.9017,NA,NA,NA
ExperienceX.exe,56308,0x216C7EA03E0,DXGI,1,0,0,Composed: Flip,10453.3861,NA,16.71930000000000,NA,0.54120000000000,0.28910000000000,NA,10436.9678,16.9595,16.4183,0.5412,2.5462,14.1612,1.2498,12.9114,NA,NA,NA
ExperienceX.exe,56308,0x216C7EA03E0,DXGI,1,0,0,Composed: Flip,10470.3722,NA,16.98610000000000,NA,0.45070000000000,2.09790000000000,NA,10453.9273,16.8956,16.4449,0.4507,1.0948,17.4480,1.5574,15.8906,NA,NA,NA
ExperienceX.exe,56308,0x216C7EA03E0,DXGI,1,0,0,Composed: Flip,10487.6588,NA,17.28660000000000,NA,0.21360000000000,1.25860000000000,NA,10470.8229,17.0495,16.8359,0.2136,17.1094,0.9851,0.9770,0.0081,NA,NA,NA
ExperienceX.exe,56308,0x216C7EA03E0,DXGI,1,0,0,Composed: Flip,10503.9099,NA,16.25110000000000,NA,0.38680000000000,1.76790000000000,NA,10487.8724,16.4243,16.0375,0.3868,1.0450,16.7604,2.0728,14.6876,NA,NA,NA
ExperienceX.exe,56308,0x216C7EA03E0,DXGI,1,0,0,Composed: Flip,10520.9610,NA,17.05110000000000,NA,0.07020000000000,1.21640000000000,NA,10504.2967,16.7345,16.6643,0.0702,17.1717,0.7090,0.7090,0.0000,NA,NA,NA
ExperienceX.exe,56308,0x216C7EA03E0,DXGI,1,0,0,Composed: Flip,10536.7244,NA,15.76340000000000,NA,0.29690000000000,1.68320000000000,NA,10521.0312,15.9901,15.6932,0.2969,1.1462,16.2302,2.0374,14.1928,NA,NA,NA
ExperienceX.exe,56308,0x216C7EA03E0,DXGI,1,0,0,Composed: Flip,10554.1775,NA,17.45310000000000,NA,0.05120000000000,1.33360000000000,NA,10537.0213,17.2074,17.1562,0.0512,17.7920,0.6978,0.6927,0.0051,NA,NA,NA
ExperienceX.exe,56308,0x216C7EA03E0,DXGI,1,0,0,Composed: Flip,10569.8016,NA,15.62410000000000,NA,0.12310000000000,0.57550000000000,NA,10554.2287,15.6960,15.5729,0.1231,15.7217,0.4267,0.4267,0.0000,NA,NA,NA
ExperienceX.exe,56308,0x216C7EA03E0,DXGI,1,0,0,Composed: Flip,10586.7446,NA,16.94300000000000,NA,0.08330000000000,1.82350000000000,NA,10569.9247,16.9032,16.8199,0.0833,17.6410,1.0024,1.0024,0.0000,NA,NA,NA
ExperienceX.exe,56308,0x216C7EA03E0,DXGI,1,0,0,Composed: Flip,10603.0732,NA,16.32860000000000,NA,0.14650000000000,0.53230000000000,NA,10586.8279,16.3918,16.2453,0.1465,1.7402,15.0374,0.5803,14.4571,NA,NA,NA
ExperienceX.exe,56308,0x216C7EA03E0,DXGI,1,0,0,Composed: Flip,10620.7871,NA,17.71390000000000,NA,0.04150000000000,1.24850000000000,NA,10603.2197,17.6089,17.5674,0.0415,17.8060,1.0099,1.0099,0.0000,NA,NA,NA
ExperienceX.exe,56308,0x216C7EA03E0,DXGI,1,0,0,Composed: Flip,10636.7283,NA,15.94120000000000,NA,0.23640000000000,0.69160000000000,NA,10620.8286,16.1361,15.8997,0.2364,1.2070,15.3843,0.8976,14.4867,NA,NA,NA
ExperienceX.exe,56308,0x216C7EA03E0,DXGI,1,0,0,Composed: Flip,10654.2524,NA,17.52410000000000,NA,0.05070000000000,1.48430000000000,NA,10636.9647,17.3384,17.2877,0.0507,17.7939,0.9781,0.9781,0.0000,NA,NA,NA
ExperienceX.exe,56308,0x216C7EA03E0,DXGI,1,0,0,Composed: Flip,10669.9424,NA,15.69000000000000,NA,0.19210000000000,0.57110000000000,NA,10654.3031,15.8314,15.6393,0.1921,1.4336,14.7768,0.5317,14.2451,NA,NA,NA
ExperienceX.exe,56308,0x216C7EA03E0,DXGI,1,0,0,Composed: Flip,10688.3476,NA,18.40520000000000,NA,0.52660000000000,1.29170000000000,NA,10670.1345,18.7397,18.2131,0.5266,18.4709,1.0339,1.0339,0.0000,NA,NA,NA
ExperienceX.exe,56308,0x216C7EA03E0,DXGI,1,0,0,Composed: Flip,10703.2351,NA,14.88750000000000,NA,0.44830000000000,2.36870000000000,NA,10688.8742,14.8092,14.3609,0.4483,0.7651,15.9645,2.3120,13.6525,NA,NA,NA
ExperienceX.exe,56308,0x216C7EA03E0,DXGI,1,0,0,Composed: Flip,10721.0516,NA,17.81650000000000,NA,0.06900000000000,1.93120000000000,NA,10703.6834,17.4372,17.3682,0.0690,17.9783,1.3211,1.3157,0.0054,NA,NA,NA
ExperienceX.exe,56308,0x216C7EA03E0,DXGI,1,0,0,Composed: Flip,10736.8968,NA,15.84520000000000,NA,0.32560000000000,0.64220000000000,NA,10721.1206,16.1018,15.7762,0.3256,16.0009,0.4175,0.4175,0.0000,NA,NA,NA
ExperienceX.exe,56308,0x216C7EA03E0,DXGI,1,0,0,Composed: Flip,10753.6541,NA,16.75730000000000,NA,0.69320000000000,2.13970000000000,NA,10737.2224,17.1249,16.4317,0.6932,17.8490,0.7224,0.7224,0.0000,NA,NA,NA
ExperienceX.exe,56308,0x216C7EA03E0,DXGI,1,0,0,Composed: Flip,10769.8215,NA,16.16740000000000,NA,0.14760000000000,0.53220000000000,NA,10754.3473,15.6218,15.4742,0.1476,1.4465,14.5599,0.7680,13.7919,NA,NA,NA
ExperienceX.exe,56308,0x216C7EA03E0,DXGI,1,0,0,Composed: Flip,10787.0967,NA,17.27520000000000,NA,0.28830000000000,1.43610000000000,NA,10769.9691,17.4159,17.1276,0.2883,17.8679,0.6958,0.6958,0.0000,NA,NA,NA
ExperienceX.exe,56308,0x216C7EA03E0,DXGI,1,0,0,Composed: Flip,10803.3075,NA,16.21080000000000,NA,0.60070000000000,0.93100000000000,NA,10787.3850,16.5232,15.9225,0.6007,1.1478,15.7057,0.5472,15.1585,NA,NA,NA
ExperienceX.exe,56308,0x216C7EA03E0,DXGI,1,0,0,Composed: Flip,10821.1402,NA,17.83270000000000,NA,0.07500000000000,1.30240000000000,NA,10803.9082,17.3070,17.2320,0.0750,17.8225,0.7119,0.7068,0.0051,NA,NA,NA
ExperienceX.exe,56308,0x216C7EA03E0,DXGI,1,0,0,Composed: Flip,10836.7881,NA,15.64790000000000,NA,0.39100000000000,0.74330000000000,NA,10821.2152,15.9639,15.5729,0.3910,15.8593,0.4569,0.4569,0.0000,NA,NA,NA
ExperienceX.exe,56308,0x216C7EA03E0,DXGI,1,0,0,Composed: Flip,10853.3691,NA,16.58100000000000,NA,0.50380000000000,2.05170000000000,NA,10837.1791,16.6938,16.1900,0.5038,17.8807,0.3610,0.3610,0.0000,NA,NA,NA
ExperienceX.exe,56308,0x216C7EA03E0,DXGI,1,0,0,Composed: Flip,10870.1190,NA,16.74990000000000,NA,0.21780000000000,0.73570000000000,NA,10853.8729,16.4639,16.2461,0.2178,1.5479,15.4339,0.6032,14.8307,NA,NA,NA
ExperienceX.exe,56308,0x216C7EA03E0,DXGI,1,0,0,Composed: Flip,10888.1634,NA,18.04440000000000,NA,0.14080000000000,0.93920000000000,NA,10870.3368,17.9674,17.8266,0.1408,17.7137,1.0521,1.0521,0.0000,NA,NA,NA
ExperienceX.exe,56308,0x216C7EA03E0,DXGI,1,0,0,Composed: Flip,10903.3286,NA,15.16520000000000,NA,0.43260000000000,1.48690000000000,NA,10888.3042,15.4570,15.0244,0.4326,0.7984,15.7129,1.2746,14.4383,NA,NA,NA
ExperienceX.exe,56308,0x216C7EA03E0,DXGI,1,0,0,Composed: Flip,10921.2726,NA,17.94400000000000,NA,0.13110000000000,0.99480000000000,NA,10903.7612,17.6425,17.5114,0.1311,17.5199,0.9863,0.9863,0.0000,NA,NA,NA
ExperienceX.exe,56308,0x216C7EA03E0,DXGI,1,0,0,Composed: Flip,10936.4858,NA,15.21320000000000,NA,0.16760000000000,1.01260000000000,NA,10921.4037,15.2497,15.0821,0.1676,0.8637,15.2310,1.0802,14.1508,NA,NA,NA
ExperienceX.exe,56308,0x216C7EA03E0,DXGI,1,0,0,Composed: Flip,10954.4320,NA,17.94620000000000,NA,0.28140000000000,0.75620000000000,NA,10936.6534,18.0600,17.7786,0.2814,17.5343,1.0005,0.9938,0.0067,NA,NA,NA
ExperienceX.exe,56308,0x216C7EA03E0,DXGI,1,0,0,Composed: Flip,10969.8798,NA,15.44780000000000,NA,0.14850000000000,0.59840000000000,NA,10954.7134,15.3149,15.1664,0.1485,0.4748,15.2900,1.0865,14.2035,NA,NA,NA
ExperienceX.exe,56308,0x216C7EA03E0,DXGI,1,0,0,Composed: Flip,10986.9079,NA,17.02810000000000,NA,0.04540000000000,1.48150000000000,NA,10970.0283,16.9250,16.8796,0.0454,17.3650,0.9961,0.9961,0.0000,NA,NA,NA
ExperienceX.exe,56308,0x216C7EA03E0,DXGI,1,0,0,Composed: Flip,11003.1647,NA,16.25680000000000,NA,0.16240000000000,0.86970000000000,NA,10986.9533,16.3738,16.2114,0.1624,1.4361,15.6450,0.8118,14.8332,NA,NA,NA
ExperienceX.exe,56308,0x216C7EA03E0,DXGI,1,0,0,Composed: Flip,11021.4611,NA,18.29640000000000,NA,0.10940000000000,0.80830000000000,NA,11003.3271,18.2434,18.1340,0.1094,17.8585,1.0838,1.0838,0.0000,NA,NA,NA
ExperienceX.exe,56308,0x216C7EA03E0,DXGI,1,0,0,Composed: Flip,11036.6088,NA,15.14770000000000,NA,0.21200000000000,1.42370000000000,NA,11021.5705,15.2503,15.0383,0.2120,0.6989,15.7631,1.5118,14.2513,NA,NA,NA
ExperienceX.exe,56308,0x216C7EA03E0,DXGI,1,0,0,Composed: Flip,11054.0321,NA,17.42330000000000,NA,0.04960000000000,1.43790000000000,NA,11036.8208,17.2609,17.2113,0.0496,17.9522,0.6970,0.6929,0.0041,NA,NA,NA
ExperienceX.exe,56308,0x216C7EA03E0,DXGI,1,0,0,Composed: Flip,11070.1246,NA,16.09250000000000,NA,0.26460000000000,0.74860000000000,NA,11054.0817,16.3075,16.0429,0.2646,16.2652,0.5263,0.4859,0.0404,NA,NA,NA
ExperienceX.exe,56308,0x216C7EA03E0,DXGI,1,0,0,Composed: Flip,11086.7952,NA,16.67060000000000,NA,0.46930000000000,1.70840000000000,NA,11070.3892,16.8753,16.4060,0.4693,17.0460,1.0684,1.0684,0.0000,NA,NA,NA
ExperienceX.exe,56308,0x216C7EA03E0,DXGI,1,0,0,Composed: Flip,11103.3363,NA,16.54110000000000,NA,0.24220000000000,1.26050000000000,NA,11087.2645,16.3140,16.0718,0.2422,1.2391,16.0932,1.3283,14.7649,NA,NA,NA
ExperienceX.exe,56308,0x216C7EA03E0,DXGI,1,0,0,Composed: Flip,11121.4173,NA,18.08100000000000,NA,0.31240000000000,1.41290000000000,NA,11103.5785,18.1512,17.8388,0.3124,18.3722,0.8795,0.8730,0.0065,NA,NA,NA
ExperienceX.exe,56308,0x216C7EA03E0,DXGI,1,0,0,Composed: Flip,11136.5202,NA,15.10290000000000,NA,0.16200000000000,0.61860000000000,NA,11121.7297,14.9525,14.7905,0.1620,1.1005,14.3086,1.4556,12.8530,NA,NA,NA
ExperienceX.exe,56308,0x216C7EA03E0,DXGI,1,0,0,Composed: Flip,11154.0497,NA,17.52950000000000,NA,0.05470000000000,1.06640000000000,NA,11136.6822,17.4222,17.3675,0.0547,17.3409,1.0930,1.0930,0.0000,NA,NA,NA
ExperienceX.exe,56308,0x216C7EA03E0,DXGI,1,0,0,Composed: Flip,11169.8629,NA,15.81320000000000,NA,0.20630000000000,0.77390000000000,NA,11154.1044,15.9648,15.7585,0.2063,1.0117,15.5207,0.7201,14.8006,NA,NA,NA
ExperienceX.exe,56308,0x216C7EA03E0,DXGI,1,0,0,Composed: Flip,11187.0779,NA,17.21500000000000,NA,0.04000000000000,1.44800000000000,NA,11170.0692,17.0487,17.0087,0.0400,17.3959,1.0608,1.0608,0.0000,NA,NA,NA
ExperienceX.exe,56308,0x216C7EA03E0,DXGI,1,0,0,Composed: Flip,11203.1140,NA,16.03610000000000,NA,0.15460000000000,0.52000000000000,NA,11187.1179,16.1507,15.9961,0.1546,1.4080,15.1081,0.6434,14.4647,NA,NA,NA
ExperienceX.exe,56308,0x216C7EA03E0,DXGI,1,0,0,Composed: Flip,11220.9371,NA,17.82310000000000,NA,0.07940000000000,1.22340000000000,NA,11203.2686,17.7479,17.6685,0.0794,17.8621,1.0298,1.0244,0.0054,NA,NA,NA
ExperienceX.exe,56308,0x216C7EA03E0,DXGI,1,0,0,Composed: Flip,11236.4956,NA,15.55850000000000,NA,0.23100000000000,1.13340000000000,NA,11221.0165,15.7101,15.4791,0.2310,15.6695,0.9430,0.9430,0.0000,NA,NA,NA
ExperienceX.exe,56308,0x216C7EA03E0,DXGI,1,0,0,Composed: Flip,11254.0302,NA,17.53460000000000,NA,0.05840000000000,1.05270000000000,NA,11236.7266,17.3620,17.3036,0.0584,17.3236,1.0327,1.0327,0.0000,NA,NA,NA
ExperienceX.exe,56308,0x216C7EA03E0,DXGI,1,0,0,Composed: Flip,11270.5327,NA,16.50250000000000,NA,0.43600000000000,2.33060000000000,NA,11254.0886,16.8801,16.4441,0.4360,0.9943,17.7804,1.3071,16.4733,NA,NA,NA
ExperienceX.exe,56308,0x216C7EA03E0,DXGI,1,0,0,Composed: Flip,11287.9612,NA,17.42850000000000,NA,0.37290000000000,2.05320000000000,NA,11270.9687,17.3654,16.9925,0.3729,18.2877,0.7580,0.7580,0.0000,NA,NA,NA
ExperienceX.exe,56308,0x216C7EA03E0,DXGI,1,0,0,Composed: Flip,11303.1135,NA,15.15230000000000,NA,0.20670000000000,1.46190000000000,NA,11288.3341,14.9861,14.7794,0.2067,1.6803,14.5610,1.7612,12.7998,NA,NA,NA
ExperienceX.exe,56308,0x216C7EA03E0,DXGI,1,0,0,Composed: Flip,11321.6873,NA,18.57380000000000,NA,0.06170000000000,1.00470000000000,NA,11303.3202,18.4288,18.3671,0.0617,18.6330,0.7388,0.7388,0.0000,NA,NA,NA
ExperienceX.exe,56308,0x216C7EA03E0,DXGI,1,0,0,Composed: Flip,11336.4857,NA,14.79840000000000,NA,0.25970000000000,1.42250000000000,NA,11321.7490,14.9964,14.7367,0.2597,0.9430,15.2162,1.5626,13.6536,NA,NA,NA
ExperienceX.exe,56308,0x216C7EA03E0,DXGI,1,0,0,Composed: Flip,11354.2583,NA,17.77260000000000,NA,0.36370000000000,1.59750000000000,NA,11336.7454,17.8766,17.5129,0.3637,18.3595,0.7509,0.7509,0.0000,NA,NA,NA
ExperienceX.exe,56308,0x216C7EA03E0,DXGI,1,0,0,Composed: Flip,11369.8611,NA,15.60280000000000,NA,0.17170000000000,1.58720000000000,NA,11354.6220,15.4108,15.2391,0.1717,1.2338,15.5925,1.7903,13.8022,NA,NA,NA
ExperienceX.exe,56308,0x216C7EA03E0,DXGI,1,0,0,Composed: Flip,11387.1856,NA,17.32450000000000,NA,0.09730000000000,1.68920000000000,NA,11370.0328,17.2501,17.1528,0.0973,18.1318,0.7102,0.7102,0.0000,NA,NA,NA
ExperienceX.exe,56308,0x216C7EA03E0,DXGI,1,0,0,Composed: Flip,11403.2904,NA,16.10480000000000,NA,0.34890000000000,1.86590000000000,NA,11387.2829,16.3564,16.0075,0.3489,1.5919,16.2815,1.7268,14.5547,NA,NA,NA
ExperienceX.exe,56308,0x216C7EA03E0,DXGI,1,0,0,Composed: Flip,11422.5167,NA,19.22630000000000,NA,0.08740000000000,1.77430000000000,NA,11403.6393,18.9648,18.8774,0.0874,19.5996,1.0521,1.0466,0.0055,NA,NA,NA
ExperienceX.exe,56308,0x216C7EA03E0,DXGI,1,0,0,Composed: Flip,11436.4663,NA,13.94960000000000,NA,0.16580000000000,1.37210000000000,NA,11422.6041,14.0280,13.8622,0.1658,1.6869,13.5474,1.9174,11.6300,NA,NA,NA
ExperienceX.exe,56308,0x216C7EA03E0,DXGI,1,0,0,Composed: Flip,11454.2296,NA,17.76330000000000,NA,0.06590000000000,1.56940000000000,NA,11436.6321,17.6634,17.5975,0.0659,18.4243,0.7426,0.7426,0.0000,NA,NA,NA
ExperienceX.exe,56308,0x216C7EA03E0,DXGI,1,0,0,Composed: Flip,11470.2261,NA,15.99650000000000,NA,0.19550000000000,0.81030000000000,NA,11454.2955,16.1261,15.9306,0.1955,1.5035,15.2374,0.7746,14.4628,NA,NA,NA
ExperienceX.exe,56308,0x216C7EA03E0,DXGI,1,0,0,Composed: Flip,11487.4216,NA,17.19550000000000,NA,0.09960000000000,2.68450000000000,NA,11470.4216,17.0996,17.0000,0.0996,18.8047,0.8798,0.8798,0.0000,NA,NA,NA
ExperienceX.exe,56308,0x216C7EA03E0,DXGI,1,0,0,Composed: Flip,11503.5106,NA,16.08900000000000,NA,0.30180000000000,2.43740000000000,NA,11487.5212,16.2912,15.9894,0.3018,2.5849,15.8419,2.7708,13.0711,NA,NA,NA
ExperienceX.exe,56308,0x216C7EA03E0,DXGI,1,0,0,Composed: Flip,11522.0160,NA,18.50540000000000,NA,0.08580000000000,1.89920000000000,NA,11503.8124,18.2894,18.2036,0.0858,19.3210,0.7818,0.7818,0.0000,NA,NA,NA
ExperienceX.exe,56308,0x216C7EA03E0,DXGI,1,0,0,Composed: Flip,11536.5831,NA,14.56710000000000,NA,0.21700000000000,1.49120000000000,NA,11522.1018,14.6983,14.4813,0.2170,1.8134,14.1591,1.8893,12.2698,NA,NA,NA
ExperienceX.exe,56308,0x216C7EA03E0,DXGI,1,0,0,Composed: Flip,11553.9995,NA,17.41640000000000,NA,0.26880000000000,2.29310000000000,NA,11536.8001,17.4682,17.1994,0.2688,19.1062,0.3863,0.3863,0.0000,NA,NA,NA
ExperienceX.exe,56308,0x216C7EA03E0,DXGI,1,0,0,Composed: Flip,11569.8338,NA,15.83430000000000,NA,0.22710000000000,0.79470000000000,NA,11554.2683,15.7926,15.5655,0.2271,15.7759,0.5843,0.5843,0.0000,NA,NA,NA
ExperienceX.exe,56308,0x216C7EA03E0,DXGI,1,0,0,Composed: Flip,11587.4280,NA,17.59420000000000,NA,0.10860000000000,1.63610000000000,NA,11570.0609,17.4757,17.3671,0.1086,18.2640,0.7392,0.7355,0.0037,NA,NA,NA
ExperienceX.exe,56308,0x216C7EA03E0,DXGI,1,0,0,Composed: Flip,11603.1596,NA,15.73160000000000,NA,0.28730000000000,0.81030000000000,NA,11587.5366,15.9103,15.6230,0.2873,15.8646,0.5687,0.5687,0.0000,NA,NA,NA
ExperienceX.exe,56308,0x216C7EA03E0,DXGI,1,0,0,Composed: Flip,11620.1176,NA,16.95800000000000,NA,0.52590000000000,1.94570000000000,NA,11603.4469,17.1966,16.6707,0.5259,17.8725,0.7439,0.7439,0.0000,NA,NA,NA
ExperienceX.exe,56308,0x216C7EA03E0,DXGI,1,0,0,Composed: Flip,11636.9092,NA,16.79160000000000,NA,0.48460000000000,1.00790000000000,NA,11620.6435,16.7503,16.2657,0.4846,1.4198,15.8538,0.9506,14.9032,NA,NA,NA
ExperienceX.exe,56308,0x216C7EA03E0,DXGI,1,0,0,Composed: Flip,11653.7119,NA,16.80270000000000,NA,0.15180000000000,2.49490000000000,NA,11637.3938,16.4699,16.3181,0.1518,17.4417,1.3713,1.3713,0.0000,NA,NA,NA
ExperienceX.exe,56308,0x216C7EA03E0,DXGI,1,0,0,Composed: Flip,11670.3065,NA,16.59460000000000,NA,0.71120000000000,1.62430000000000,NA,11653.8637,17.1540,16.4428,0.7112,2.3431,15.7240,1.3835,14.3405,NA,NA,NA
ExperienceX.exe,56308,0x216C7EA03E0,DXGI,1,0,0,Composed: Flip,11687.0853,NA,16.77880000000000,NA,0.40880000000000,2.04570000000000,NA,11671.0177,16.4764,16.0676,0.4088,17.0413,1.0720,1.0657,0.0063,NA,NA,NA
ExperienceX.exe,56308,0x216C7EA03E0,DXGI,1,0,0,Composed: Flip,11703.1820,NA,16.09670000000000,NA,0.26800000000000,1.44320000000000,NA,11687.4941,15.9559,15.6879,0.2680,15.9821,1.1490,1.0629,0.0861,NA,NA,NA
ExperienceX.exe,56308,0x216C7EA03E0,DXGI,1,0,0,Composed: Flip,11720.8475,NA,17.66550000000000,NA,0.06830000000000,1.28540000000000,NA,11703.4500,17.4658,17.3975,0.0683,17.5589,1.1240,1.1169,0.0071,NA,NA,NA
ExperienceX.exe,56308,0x216C7EA03E0,DXGI,1,0,0,Composed: Flip,11736.5020,NA,15.65450000000000,NA,0.25650000000000,1.18270000000000,NA,11720.9158,15.8427,15.5862,0.2565,1.2171,15.5518,1.6276,13.9242,NA,NA,NA
ExperienceX.exe,56308,0x216C7EA03E0,DXGI,1,0,0,Composed: Flip,11753.7998,NA,17.29780000000000,NA,0.04960000000000,1.29270000000000,NA,11736.7585,17.0909,17.0413,0.0496,17.5762,0.7578,0.7537,0.0041,NA,NA,NA
ExperienceX.exe,56308,0x216C7EA03E0,DXGI,1,0,0,Composed: Flip,11769.8206,NA,16.02080000000000,NA,0.13800000000000,0.62750000000000,NA,11753.8494,16.1092,15.9712,0.1380,16.1455,0.4532,0.4532,0.0000,NA,NA,NA
ExperienceX.exe,56308,0x216C7EA03E0,DXGI,1,0,0,Composed: Flip,11787.1280,NA,17.30740000000000,NA,0.05110000000000,1.73520000000000,NA,11769.9586,17.2205,17.1694,0.0511,17.8103,1.0943,1.0943,0.0000,NA,NA,NA
ExperienceX.exe,56308,0x216C7EA03E0,DXGI,1,0,0,Composed: Flip,11803.2670,NA,16.13900000000000,NA,0.28190000000000,1.43010000000000,NA,11787.1791,16.3698,16.0879,0.2819,1.6841,15.8339,1.2719,14.5620,NA,NA,NA
ExperienceX.exe,56308,0x216C7EA03E0,DXGI,1,0,0,Composed: Flip,11820.7466,NA,17.47960000000000,NA,0.05390000000000,3.31670000000000,NA,11803.5489,17.2516,17.1977,0.0539,18.5187,1.9957,1.9886,0.0071,NA,NA,NA
ExperienceX.exe,56308,0x216C7EA03E0,DXGI,1,0,0,Composed: Flip,11836.5217,NA,15.77510000000000,NA,0.21620000000000,0.63060000000000,NA,11820.8005,15.9374,15.7212,0.2162,15.8915,0.4603,0.4603,0.0000,NA,NA,NA
ExperienceX.exe,56308,0x216C7EA03E0,DXGI,1,0,0,Composed: Flip,11854.0153,NA,17.49360000000000,NA,0.04850000000000,1.18830000000000,NA,11836.7379,17.3259,17.2774,0.0485,17.3604,1.1053,1.0968,0.0085,NA,NA,NA
ExperienceX.exe,56308,0x216C7EA03E0,DXGI,1,0,0,Composed: Flip,11870.3734,NA,16.35810000000000,NA,0.36980000000000,2.17890000000000,NA,11854.0638,16.6794,16.3096,0.3698,16.7798,1.7087,1.5547,0.1540,NA,NA,NA
ExperienceX.exe,56308,0x216C7EA03E0,DXGI,1,0,0,Composed: Flip,11890.4065,NA,20.03310000000000,NA,0.16640000000000,0.72840000000000,NA,11870.7432,19.8297,19.6633,0.1664,18.6278,1.7639,1.2539,0.5100,NA,NA,NA
ExperienceX.exe,56308,0x216C7EA03E0,DXGI,1,0,0,Composed: Flip,11903.6163,NA,13.20980000000000,NA,0.26460000000000,2.20230000000000,NA,11890.5729,13.3080,13.0434,0.2646,13.5367,1.7090,1.7090,0.0000,NA,NA,NA
ExperienceX.exe,56308,0x216C7EA03E0,DXGI,1,0,0,Composed: Flip,11920.5244,NA,16.90810000000000,NA,0.11060000000000,1.59860000000000,NA,11903.8809,16.7541,16.6435,0.1106,17.4587,0.7834,0.7834,0.0000,NA,NA,NA
ExperienceX.exe,56308,0x216C7EA03E0,DXGI,1,0,0,Composed: Flip,11936.5181,NA,15.99370000000000,NA,0.07940000000000,1.23370000000000,NA,11920.6350,15.9625,15.8831,0.0794,1.4880,15.6288,1.4289,14.1999,NA,NA,NA
ExperienceX.exe,56308,0x216C7EA03E0,DXGI,1,0,0,Composed: Flip,11953.9449,NA,17.42680000000000,NA,0.28830000000000,1.32110000000000,NA,11936.5975,17.6357,17.3474,0.2883,17.5751,1.0934,1.0871,0.0063,NA,NA,NA
ExperienceX.exe,56308,0x216C7EA03E0,DXGI,1,0,0,Composed: Flip,11969.9192,NA,15.97430000000000,NA,0.24980000000000,1.54220000000000,NA,11954.2332,15.9358,15.6860,0.2498,1.0328,16.1954,1.7872,14.4082,NA,NA,NA
ExperienceX.exe,56308,0x216C7EA03E0,DXGI,1,0,0,Composed: Flip,11987.6501,NA,17.73090000000000,NA,0.16650000000000,1.32570000000000,NA,11970.1690,17.6476,17.4811,0.1665,17.6729,1.1339,1.1339,0.0000,NA,NA,NA
ExperienceX.exe,56308,0x216C7EA03E0,DXGI,1,0,0,Composed: Flip,12003.1806,NA,15.53050000000000,NA,0.21810000000000,1.18630000000000,NA,11987.8166,15.5821,15.3640,0.2181,1.1592,15.3911,1.3408,14.0503,NA,NA,NA
ExperienceX.exe,56308,0x216C7EA03E0,DXGI,1,0,0,Composed: Flip,12020.5139,NA,17.33330000000000,NA,0.57230000000000,2.32700000000000,NA,12003.3987,17.6875,17.1152,0.5723,18.5794,0.8628,0.8586,0.0042,NA,NA,NA
ExperienceX.exe,56308,0x216C7EA03E0,DXGI,1,0,0,Composed: Flip,12036.5228,NA,16.00890000000000,NA,0.19750000000000,1.43830000000000,NA,12021.0862,15.6341,15.4366,0.1975,15.6318,1.2431,1.1660,0.0771,NA,NA,NA
ExperienceX.exe,56308,0x216C7EA03E0,DXGI,1,0,0,Composed: Flip,12053.4665,NA,16.94370000000000,NA,0.06000000000000,1.80760000000000,NA,12036.7203,16.8062,16.7462,0.0600,17.4159,1.1379,1.1379,0.0000,NA,NA,NA
ExperienceX.exe,56308,0x216C7EA03E0,DXGI,1,0,0,Composed: Flip,12070.0747,NA,16.60820000000000,NA,0.27490000000000,1.54980000000000,NA,12053.5265,16.8231,16.5482,0.2749,1.7476,16.3504,1.6080,14.7424,NA,NA,NA
ExperienceX.exe,56308,0x216C7EA03E0,DXGI,1,0,0,Composed: Flip,12087.3778,NA,17.30310000000000,NA,0.06380000000000,1.56420000000000,NA,12070.3496,17.0920,17.0282,0.0638,17.7868,0.8056,0.8056,0.0000,NA,NA,NA
ExperienceX.exe,56308,0x216C7EA03E0,DXGI,1,0,0,Composed: Flip,12103.6397,NA,16.26190000000000,NA,0.37410000000000,1.81530000000000,NA,12087.4416,16.5722,16.1981,0.3741,1.5004,16.5130,1.5309,14.9821,NA,NA,NA
ExperienceX.exe,56308,0x216C7EA03E0,DXGI,1,0,0,Composed: Flip,12120.4375,NA,16.79780000000000,NA,0.06890000000000,1.82910000000000,NA,12104.0138,16.4926,16.4237,0.0689,17.0847,1.1681,1.1681,0.0000,NA,NA,NA
ExperienceX.exe,56308,0x216C7EA03E0,DXGI,1,0,0,Composed: Flip,12136.8829,NA,16.44540000000000,NA,0.27250000000000,1.39650000000000,NA,12120.5064,16.6490,16.3765,0.2725,1.7602,16.0128,1.3975,14.6153,NA,NA,NA
ExperienceX.exe,56308,0x216C7EA03E0,DXGI,1,0,0,Composed: Flip,12153.4146,NA,16.53170000000000,NA,0.33730000000000,1.76120000000000,NA,12137.1554,16.5965,16.2592,0.3373,16.9273,1.0931,1.0931,0.0000,NA,NA,NA
ExperienceX.exe,56308,0x216C7EA03E0,DXGI,1,0,0,Composed: Flip,12169.7624,NA,16.34780000000000,NA,0.14380000000000,0.56680000000000,NA,12153.7519,16.1543,16.0105,0.1438,1.4239,15.1534,0.5036,14.6498,NA,NA,NA
ExperienceX.exe,56308,0x216C7EA03E0,DXGI,1,0,0,Composed: Flip,12188.0659,NA,18.30350000000000,NA,0.14440000000000,1.27050000000000,NA,12169.9062,18.3041,18.1597,0.1444,19.0256,0.4046,0.3959,0.0087,NA,NA,NA
ExperienceX.exe,56308,0x216C7EA03E0,DXGI,1,0,0,Composed: Flip,12203.1644,NA,15.09850000000000,NA,0.25810000000000,1.32420000000000,NA,12188.2103,15.2122,14.9541,0.2581,15.2280,1.0503,1.0503,0.0000,NA,NA,NA
ExperienceX.exe,56308,0x216C7EA03E0,DXGI,1,0,0,Composed: Flip,12220.0573,NA,16.89290000000000,NA,0.06990000000000,1.81150000000000,NA,12203.4225,16.7047,16.6348,0.0699,17.3272,1.1191,1.1131,0.0060,NA,NA,NA
ExperienceX.exe,56308,0x216C7EA03E0,DXGI,1,0,0,Composed: Flip,12236.4929,NA,16.43560000000000,NA,0.22240000000000,1.44870000000000,NA,12220.1272,16.5881,16.3657,0.2224,1.7416,16.0728,1.7380,14.3348,NA,NA,NA
ExperienceX.exe,56308,0x216C7EA03E0,DXGI,1,0,0,Composed: Flip,12254.6265,NA,18.13360000000000,NA,0.09510000000000,1.58870000000000,NA,12236.7153,18.0063,17.9112,0.0951,18.5899,0.9100,0.9067,0.0033,NA,NA,NA
ExperienceX.exe,56308,0x216C7EA03E0,DXGI,1,0,0,Composed: Flip,12269.9124,NA,15.28590000000000,NA,0.23470000000000,0.78160000000000,NA,12254.7216,15.4255,15.1908,0.2347,15.4205,0.5519,0.5519,0.0000,NA,NA,NA
ExperienceX.exe,56308,0x216C7EA03E0,DXGI,1,0,0,Composed: Flip,12287.4112,NA,17.49880000000000,NA,0.05240000000000,3.73540000000000,NA,12270.1471,17.3165,17.2641,0.0524,18.4675,2.5320,2.5241,0.0079,NA,NA,NA
ExperienceX.exe,56308,0x216C7EA03E0,DXGI,1,0,0,Composed: Flip,12303.2616,NA,15.85040000000000,NA,0.22660000000000,1.32080000000000,NA,12287.4636,16.0246,15.7980,0.2266,15.9606,1.1582,1.1582,0.0000,NA,NA,NA
ExperienceX.exe,56308,0x216C7EA03E0,DXGI,1,0,0,Composed: Flip,12320.8824,NA,17.62080000000000,NA,0.05130000000000,2.02590000000000,NA,12303.4882,17.4455,17.3942,0.0513,18.1120,1.3081,1.2884,0.0197,NA,NA,NA
ExperienceX.exe,56308,0x216C7EA03E0,DXGI,1,0,0,Composed: Flip,12336.5438,NA,15.66140000000000,NA,0.21910000000000,1.17090000000000,NA,12320.9337,15.8292,15.6101,0.2191,15.7939,0.9871,0.9871,0.0000,NA,NA,NA
ExperienceX.exe,56308,0x216C7EA03E0,DXGI,1,0,0,Composed: Flip,12353.7923,NA,17.24850000000000,NA,0.24760000000000,1.52950000000000,NA,12336.7629,17.2770,17.0294,0.2476,17.7536,0.8053,0.8016,0.0037,NA,NA,NA
ExperienceX.exe,56308,0x216C7EA03E0,DXGI,1,0,0,Composed: Flip,12369.8570,NA,16.06470000000000,NA,0.21800000000000,0.74700000000000,NA,12354.0399,16.0351,15.8171,0.2180,16.0496,0.5145,0.5145,0.0000,NA,NA,NA
ExperienceX.exe,56308,0x216C7EA03E0,DXGI,1,0,0,Composed: Flip,12387.1248,NA,17.26780000000000,NA,0.05460000000000,1.68060000000000,NA,12370.0750,17.1044,17.0498,0.0546,17.5998,1.1306,1.1235,0.0071,NA,NA,NA
ExperienceX.exe,56308,0x216C7EA03E0,DXGI,1,0,0,Composed: Flip,12403.1436,NA,16.01880000000000,NA,0.19210000000000,0.61770000000000,NA,12387.1794,16.1563,15.9642,0.1921,16.1239,0.4580,0.4580,0.0000,NA,NA,NA
ExperienceX.exe,56308,0x216C7EA03E0,DXGI,1,0,0,Composed: Flip,12419.9768,NA,16.83320000000000,NA,0.05700000000000,1.86490000000000,NA,12403.3357,16.6981,16.6411,0.0570,17.4347,1.0713,1.0672,0.0041,NA,NA,NA
ExperienceX.exe,56308,0x216C7EA03E0,DXGI,1,0,0,Composed: Flip,12436.4792,NA,16.50240000000000,NA,0.14290000000000,0.57900000000000,NA,12420.0338,16.5883,16.4454,0.1429,16.5671,0.4573,0.4573,0.0000,NA,NA,NA
ExperienceX.exe,56308,0x216C7EA03E0,DXGI,1,0,0,Composed: Flip,12453.6335,NA,17.15430000000000,NA,0.50900000000000,2.09910000000000,NA,12436.6221,17.5204,17.0114,0.5090,18.0031,1.1074,1.1074,0.0000,NA,NA,NA
ExperienceX.exe,56308,0x216C7EA03E0,DXGI,1,0,0,Composed: Flip,12470.0836,NA,16.45010000000000,NA,0.33190000000000,0.71910000000000,NA,12454.1425,16.2730,15.9411,0.3319,1.5901,15.0701,0.6355,14.4346,NA,NA,NA
ExperienceX.exe,56308,0x216C7EA03E0,DXGI,1,0,0,Composed: Flip,12487.0451,NA,16.96150000000000,NA,0.10520000000000,2.18740000000000,NA,12470.4155,16.7348,16.6296,0.1052,17.6588,1.1582,1.1209,0.0373,NA,NA,NA
ExperienceX.exe,56308,0x216C7EA03E0,DXGI,1,0,0,Composed: Flip,12503.6524,NA,16.60730000000000,NA,0.31920000000000,1.13180000000000,NA,12487.1503,16.8213,16.5021,0.3192,2.0822,15.5517,1.4449,14.1068,NA,NA,NA
ExperienceX.exe,56308,0x216C7EA03E0,DXGI,1,0,0,Composed: Flip,12521.4269,NA,17.77450000000000,NA,0.06030000000000,3.08680000000000,NA,12503.9716,17.5156,17.4553,0.0603,17.7195,2.8226,2.8126,0.0100,NA,NA,NA
ExperienceX.exe,56308,0x216C7EA03E0,DXGI,1,0,0,Composed: Flip,12536.5544,NA,15.12750000000000,NA,0.15910000000000,1.44830000000000,NA,12521.4872,15.2263,15.0672,0.1591,15.2004,1.3151,1.3151,0.0000,NA,NA,NA
ExperienceX.exe,56308,0x216C7EA03E0,DXGI,1,0,0,Composed: Flip,12553.3705,NA,16.81610000000000,NA,0.63020000000000,1.86010000000000,NA,12536.7135,17.2872,16.6570,0.6302,17.6942,0.8229,0.8195,0.0034,NA,NA,NA
ExperienceX.exe,56308,0x216C7EA03E0,DXGI,1,0,0,Composed: Flip,12570.1800,NA,16.80950000000000,NA,0.26400000000000,0.80000000000000,NA,12554.0007,16.4433,16.1793,0.2640,16.3824,0.5969,0.5969,0.0000,NA,NA,NA
ExperienceX.exe,56308,0x216C7EA03E0,DXGI,1,0,0,Composed: Flip,12587.4507,NA,17.27070000000000,NA,0.06910000000000,1.61320000000000,NA,12570.4440,17.0758,17.0067,0.0691,17.8049,0.8150,0.8150,0.0000,NA,NA,NA
ExperienceX.exe,56308,0x216C7EA03E0,DXGI,1,0,0,Composed: Flip,12603.3917,NA,15.94100000000000,NA,0.27720000000000,0.70420000000000,NA,12587.5198,16.1491,15.8719,0.2772,1.5441,15.0320,0.7453,14.2867,NA,NA,NA
ExperienceX.exe,56308,0x216C7EA03E0,DXGI,1,0,0,Composed: Flip,12620.7932,NA,17.40150000000000,NA,0.20790000000000,1.57780000000000,NA,12603.6689,17.3322,17.1243,0.2079,17.5808,1.1213,1.1144,0.0069,NA,NA,NA
ExperienceX.exe,56308,0x216C7EA03E0,DXGI,1,0,0,Composed: Flip,12636.4777,NA,15.68450000000000,NA,0.16000000000000,0.58330000000000,NA,12621.0011,15.6366,15.4766,0.1600,1.3699,14.6900,0.9262,13.7638,NA,NA,NA
ExperienceX.exe,56308,0x216C7EA03E0,DXGI,1,0,0,Composed: Flip,12654.3650,NA,17.88730000000000,NA,0.06110000000000,1.69390000000000,NA,12636.6377,17.7884,17.7273,0.0611,18.4842,0.9370,0.9308,0.0062,NA,NA,NA
ExperienceX.exe,56308,0x216C7EA03E0,DXGI,1,0,0,Composed: Flip,12669.9474,NA,15.58240000000000,NA,0.29040000000000,1.26650000000000,NA,12654.4261,15.8117,15.5213,0.2904,15.7538,1.0340,1.0340,0.0000,NA,NA,NA
ExperienceX.exe,56308,0x216C7EA03E0,DXGI,1,0,0,Composed: Flip,12687.0768,NA,17.12940000000000,NA,0.07020000000000,1.87390000000000,NA,12670.2378,16.9092,16.8390,0.0702,17.5350,1.1779,1.1722,0.0057,NA,NA,NA
ExperienceX.exe,56308,0x216C7EA03E0,DXGI,1,0,0,Composed: Flip,12703.5099,NA,16.43310000000000,NA,0.45400000000000,1.93470000000000,NA,12687.1470,16.8169,16.3629,0.4540,16.6396,1.6580,1.6580,0.0000,NA,NA,NA
ExperienceX.exe,56308,0x216C7EA03E0,DXGI,1,0,0,Composed: Flip,12720.3947,NA,16.88480000000000,NA,0.54940000000000,1.93470000000000,NA,12703.9639,16.9802,16.4308,0.5494,17.0979,1.2676,1.2651,0.0025,NA,NA,NA
ExperienceX.exe,56308,0x216C7EA03E0,DXGI,1,0,0,Composed: Flip,12736.7157,NA,16.32100000000000,NA,0.23560000000000,1.02910000000000,NA,12720.9441,16.0072,15.7716,0.2356,1.3853,15.4154,1.2071,14.2083,NA,NA,NA
ExperienceX.exe,56308,0x216C7EA03E0,DXGI,1,0,0,Composed: Flip,12753.7659,NA,17.05020000000000,NA,0.04830000000000,1.49020000000000,NA,12736.9513,16.8629,16.8146,0.0483,17.1460,1.1588,1.1549,0.0039,NA,NA,NA
ExperienceX.exe,56308,0x216C7EA03E0,DXGI,1,0,0,Composed: Flip,12769.7569,NA,15.99100000000000,NA,0.18090000000000,0.65760000000000,NA,12753.8142,16.1236,15.9427,0.1809,16.0560,0.5443,0.5443,0.0000,NA,NA,NA
ExperienceX.exe,56308,0x216C7EA03E0,DXGI,1,0,0,Composed: Flip,12787.4003,NA,17.64340000000000,NA,0.17270000000000,1.26170000000000,NA,12769.9378,17.6352,17.4625,0.1727,17.5346,1.1896,1.1840,0.0056,NA,NA,NA
ExperienceX.exe,56308,0x216C7EA03E0,DXGI,1,0,0,Composed: Flip,12803.3060,NA,15.90570000000000,NA,0.29580000000000,0.87220000000000,NA,12787.5730,16.0288,15.7330,0.2958,16.0092,0.5960,0.5960,0.0000,NA,NA,NA
ExperienceX.exe,56308,0x216C7EA03E0,DXGI,1,0,0,Composed: Flip,12820.9585,NA,17.65250000000000,NA,0.04140000000000,1.35060000000000,NA,12803.6018,17.3981,17.3567,0.0414,17.5544,1.1529,1.1492,0.0037,NA,NA,NA
ExperienceX.exe,56308,0x216C7EA03E0,DXGI,1,0,0,Composed: Flip,12836.5189,NA,15.56040000000000,NA,0.25940000000000,1.13940000000000,NA,12820.9999,15.7784,15.5190,0.2594,15.8371,0.8213,0.8213,0.0000,NA,NA,NA
ExperienceX.exe,56308,0x216C7EA03E0,DXGI,1,0,0,Composed: Flip,12854.5497,NA,18.03080000000000,NA,0.04940000000000,1.03430000000000,NA,12836.7783,17.8208,17.7714,0.0494,17.6685,1.1372,1.1372,0.0000,NA,NA,NA
ExperienceX.exe,56308,0x216C7EA03E0,DXGI,1,0,0,Composed: Flip,12870.2460,NA,15.69630000000000,NA,0.30290000000000,1.33260000000000,NA,12854.5991,15.9498,15.6469,0.3029,0.9849,15.9946,1.1915,14.8031,NA,NA,NA
ExperienceX.exe,56308,0x216C7EA03E0,DXGI,1,0,0,Composed: Flip,12887.7518,NA,17.50580000000000,NA,0.07130000000000,1.36500000000000,NA,12870.5489,17.2742,17.2029,0.0713,17.7347,0.8332,0.8241,0.0091,NA,NA,NA
ExperienceX.exe,56308,0x216C7EA03E0,DXGI,1,0,0,Composed: Flip,12903.2512,NA,15.49940000000000,NA,0.26070000000000,0.67920000000000,NA,12887.8231,15.6888,15.4281,0.2607,15.6180,0.4893,0.4893,0.0000,NA,NA,NA
ExperienceX.exe,56308,0x216C7EA03E0,DXGI,1,0,0,Composed: Flip,12921.4732,NA,18.22200000000000,NA,0.08860000000000,1.21750000000000,NA,12903.5119,18.0499,17.9613,0.0886,18.0083,1.1705,1.1646,0.0059,NA,NA,NA
ExperienceX.exe,56308,0x216C7EA03E0,DXGI,1,0,0,Composed: Flip,12936.5141,NA,15.04090000000000,NA,0.22350000000000,1.34340000000000,NA,12921.5618,15.1758,14.9523,0.2235,15.1679,1.1278,1.1278,0.0000,NA,NA,NA
ExperienceX.exe,56308,0x216C7EA03E0,DXGI,1,0,0,Composed: Flip,12954.2075,NA,17.69340000000000,NA,0.04910000000000,2.30920000000000,NA,12936.7376,17.5190,17.4699,0.0491,18.3311,1.4480,1.4418,0.0062,NA,NA,NA
ExperienceX.exe,56308,0x216C7EA03E0,DXGI,1,0,0,Composed: Flip,12969.8231,NA,15.61560000000000,NA,0.19910000000000,1.11160000000000,NA,12954.2566,15.7656,15.5665,0.1991,15.8301,0.8480,0.8480,0.0000,NA,NA,NA
ExperienceX.exe,56308,0x216C7EA03E0,DXGI,1,0,0,Composed: Flip,12987.7766,NA,17.95350000000000,NA,0.24100000000000,1.96200000000000,NA,12970.0222,17.9954,17.7544,0.2410,18.0228,1.6936,1.6669,0.0267,NA,NA,NA
ExperienceX.exe,56308,0x216C7EA03E0,DXGI,1,0,0,Composed: Flip,13003.1609,NA,15.38430000000000,NA,0.20600000000000,0.96930000000000,NA,12988.0176,15.3493,15.1433,0.2060,15.4112,0.7014,0.7014,0.0000,NA,NA,NA
ExperienceX.exe,56308,0x216C7EA03E0,DXGI,1,0,0,Composed: Flip,13020.7185,NA,17.55760000000000,NA,0.05790000000000,1.96640000000000,NA,13003.3669,17.4095,17.3516,0.0579,18.8550,0.4630,0.4582,0.0048,NA,NA,NA
ExperienceX.exe,56308,0x216C7EA03E0,DXGI,1,0,0,Composed: Flip,13036.5292,NA,15.81070000000000,NA,0.12080000000000,1.35760000000000,NA,13020.7764,15.8736,15.7528,0.1208,15.8894,1.2210,1.1413,0.0797,NA,NA,NA
ExperienceX.exe,56308,0x216C7EA03E0,DXGI,1,0,0,Composed: Flip,13053.8749,NA,17.34570000000000,NA,0.33220000000000,1.44380000000000,NA,13036.6500,17.5571,17.2249,0.3322,17.4974,1.1713,1.1654,0.0059,NA,NA,NA
ExperienceX.exe,56308,0x216C7EA03E0,DXGI,1,0,0,Composed: Flip,13069.9831,NA,16.10820000000000,NA,0.28290000000000,1.76410000000000,NA,13054.2071,16.0589,15.7760,0.2829,16.0309,1.5092,1.4378,0.0714,NA,NA,NA
ExperienceX.exe,56308,0x216C7EA03E0,DXGI,1,0,0,Composed: Flip,13087.0498,NA,17.06670000000000,NA,0.79710000000000,0.49780000000000,NA,13070.2660,17.5809,16.7838,0.7971,16.8328,0.4488,0.4488,0.0000,NA,NA,NA
ExperienceX.exe,56308,0x216C7EA03E0,DXGI,1,0,0,Composed: Flip,13103.1335,NA,16.08370000000000,NA,0.17270000000000,0.77110000000000,NA,13087.8469,15.4593,15.2866,0.1727,0.9210,15.1367,1.4660,13.6707,NA,NA,NA
ExperienceX.exe,56308,0x216C7EA03E0,DXGI,1,0,0,Composed: Flip,13120.7228,NA,17.58930000000000,NA,0.05550000000000,1.51360000000000,NA,13103.3062,17.4721,17.4166,0.0555,17.5079,1.4223,1.4141,0.0082,NA,NA,NA
ExperienceX.exe,56308,0x216C7EA03E0,DXGI,1,0,0,Composed: Flip,13136.5418,NA,15.81900000000000,NA,0.22770000000000,0.74660000000000,NA,13120.7783,15.9912,15.7635,0.2277,15.9940,0.5161,0.5161,0.0000,NA,NA,NA
ExperienceX.exe,56308,0x216C7EA03E0,DXGI,1,0,0,Composed: Flip,13153.8358,NA,17.29400000000000,NA,0.05160000000000,1.55190000000000,NA,13136.7695,17.1179,17.0663,0.0516,17.4246,1.1936,1.1894,0.0042,NA,NA,NA
ExperienceX.exe,56308,0x216C7EA03E0,DXGI,1,0,0,Composed: Flip,13169.9792,NA,16.14340000000000,NA,0.35280000000000,0.90630000000000,NA,13153.8874,16.4446,16.0918,0.3528,16.4224,0.5757,0.5757,0.0000,NA,NA,NA
ExperienceX.exe,56308,0x216C7EA03E0,DXGI,1,0,0,Composed: Flip,13186.8898,NA,16.91060000000000,NA,0.76270000000000,2.85010000000000,NA,13170.3320,17.3205,16.5578,0.7627,17.9464,1.4615,1.4549,0.0066,NA,NA,NA
ExperienceX.exe,56308,0x216C7EA03E0,DXGI,1,0,0,Composed: Flip,13203.3330,NA,16.44320000000000,NA,0.27400000000000,0.64860000000000,NA,13187.6525,15.9545,15.6805,0.2740,15.8612,0.4679,0.4679,0.0000,NA,NA,NA
ExperienceX.exe,56308,0x216C7EA03E0,DXGI,1,0,0,Composed: Flip,13220.8896,NA,17.55660000000000,NA,0.05060000000000,1.56880000000000,NA,13203.6070,17.3332,17.2826,0.0506,18.0101,0.8413,0.8370,0.0043,NA,NA,NA
ExperienceX.exe,56308,0x216C7EA03E0,DXGI,1,0,0,Composed: Flip,13236.4776,NA,15.58800000000000,NA,0.16540000000000,0.66430000000000,NA,13220.9402,15.7028,15.5374,0.1654,15.7253,0.4764,0.4764,0.0000,NA,NA,NA
ExperienceX.exe,56308,0x216C7EA03E0,DXGI,1,0,0,Composed: Flip,13254.6013,NA,18.12370000000000,NA,0.05520000000000,1.84250000000000,NA,13236.6430,18.0135,17.9583,0.0552,18.9694,0.8314,0.8314,0.0000,NA,NA,NA
ExperienceX.exe,56308,0x216C7EA03E0,DXGI,1,0,0,Composed: Flip,13269.9178,NA,15.31650000000000,NA,0.37990000000000,1.08230000000000,NA,13254.6565,15.6412,15.2613,0.3799,1.7873,14.5563,1.2536,13.3027,NA,NA,NA
ExperienceX.exe,56308,0x216C7EA03E0,DXGI,1,0,0,Composed: Flip,13288.4600,NA,18.54220000000000,NA,0.13460000000000,1.31940000000000,NA,13270.2977,18.2969,18.1623,0.1346,18.6258,0.8559,0.8484,0.0075,NA,NA,NA
ExperienceX.exe,56308,0x216C7EA03E0,DXGI,1,0,0,Composed: Flip,13303.3812,NA,14.92120000000000,NA,0.24340000000000,0.96190000000000,NA,13288.5946,15.0300,14.7866,0.2434,1.1848,14.5637,1.4783,13.0854,NA,NA,NA
ExperienceX.exe,56308,0x216C7EA03E0,DXGI,1,0,0,Composed: Flip,13321.2898,NA,17.90860000000000,NA,0.06640000000000,1.32560000000000,NA,13303.6246,17.7316,17.6652,0.0664,18.1502,0.8406,0.8325,0.0081,NA,NA,NA
ExperienceX.exe,56308,0x216C7EA03E0,DXGI,1,0,0,Composed: Flip,13336.7058,NA,15.41600000000000,NA,0.27200000000000,0.78300000000000,NA,13321.3562,15.6216,15.3496,0.2720,15.6446,0.4880,0.4880,0.0000,NA,NA,NA
ExperienceX.exe,56308,0x216C7EA03E0,DXGI,1,0,0,Composed: Flip,13354.2132,NA,17.50740000000000,NA,0.05050000000000,1.73000000000000,NA,13336.9778,17.2859,17.2354,0.0505,18.1123,0.8531,0.8494,0.0037,NA,NA,NA
ExperienceX.exe,56308,0x216C7EA03E0,DXGI,1,0,0,Composed: Flip,13369.8294,NA,15.61620000000000,NA,0.19180000000000,0.69420000000000,NA,13354.2637,15.7575,15.5657,0.1918,15.7503,0.5096,0.4992,0.0104,NA,NA,NA
ExperienceX.exe,56308,0x216C7EA03E0,DXGI,1,0,0,Composed: Flip,13387.2234,NA,17.39400000000000,NA,0.04640000000000,1.55000000000000,NA,13370.0212,17.2486,17.2022,0.0464,17.4834,1.2688,1.2652,0.0036,NA,NA,NA
ExperienceX.exe,56308,0x216C7EA03E0,DXGI,1,0,0,Composed: Flip,13403.2131,NA,15.98970000000000,NA,0.28900000000000,1.25520000000000,NA,13387.2698,16.2323,15.9433,0.2890,16.2559,0.9426,0.9426,0.0000,NA,NA,NA
ExperienceX.exe,56308,0x216C7EA03E0,DXGI,1,0,0,Composed: Flip,13420.8437,NA,17.63060000000000,NA,0.06150000000000,2.48330000000000,NA,13403.5021,17.4031,17.3416,0.0615,19.3959,0.4290,0.4250,0.0040,NA,NA,NA
ExperienceX.exe,56308,0x216C7EA03E0,DXGI,1,0,0,Composed: Flip,13436.4922,NA,15.64850000000000,NA,0.23100000000000,1.09260000000000,NA,13420.9052,15.8180,15.5870,0.2310,15.8255,0.8541,0.8541,0.0000,NA,NA,NA
ExperienceX.exe,56308,0x216C7EA03E0,DXGI,1,0,0,Composed: Flip,13454.0205,NA,17.52830000000000,NA,0.27580000000000,1.73000000000000,NA,13436.7232,17.5731,17.2973,0.2758,18.1606,0.8667,0.8591,0.0076,NA,NA,NA
ExperienceX.exe,56308,0x216C7EA03E0,DXGI,1,0,0,Composed: Flip,13469.7536,NA,15.73310000000000,NA,0.14740000000000,1.08920000000000,NA,13454.2963,15.6047,15.4573,0.1474,15.6218,0.9247,0.7645,0.1602,NA,NA,NA
ExperienceX.exe,56308,0x216C7EA03E0,DXGI,1,0,0,Composed: Flip,13488.6028,NA,18.84920000000000,NA,0.36770000000000,1.83610000000000,NA,13469.9010,19.0695,18.7018,0.3677,20.0423,0.4956,0.4956,0.0000,NA,NA,NA
ExperienceX.exe,56308,0x216C829D570,DXGI,1,0,0,Composed: Flip,13487.2323,NA,17.13760000000000,100.09910000000001,0.30570000000000,2.69360000000000,32.4287,13470.2335,17.3045,16.9988,0.3057,2.6640,17.0284,3.3691,13.6593,-0.7633,13470.2335,NA
ExperienceX.exe,56308,0x216C829D570,DXGI,1,0,0,Composed: Flip,13503.6404,NA,16.40810000000000,NA,0.81190000000000,1.80290000000000,NA,13487.5380,16.9143,16.1024,0.8119,2.9009,15.0044,2.1996,12.8048,NA,NA,NA
ExperienceX.exe,56308,0x216838E1150,DXGI,1,0,0,Composed: Flip,13470.1062,NA,16.90850000000000,16.59770000000000,0.14300000000000,2.79130000000000,32.7891,13453.3700,16.8792,16.7362,0.1430,19.1383,0.3892,0.3892,0.0000,-0.8216,13453.3700,NA
ExperienceX.exe,56308,0x216838E1150,DXGI,1,0,0,Composed: Flip,13487.3470,NA,17.24080000000000,NA,0.39400000000000,2.59630000000000,NA,13470.2492,17.4918,17.0978,0.3940,19.6767,0.0174,0.0174,0.0000,NA,NA,NA
ExperienceX.exe,56308,0x216838E1150,DXGI,1,0,0,Composed: Flip,13503.5990,NA,16.25200000000000,NA,0.09230000000000,2.63020000000000,NA,13487.7410,15.9503,15.8580,0.0923,18.0710,0.4172,0.4172,0.0000,NA,NA,NA
ExperienceX.exe,56308,0x216838E1150,DXGI,1,0,0,Composed: Flip,13520.1366,NA,16.53760000000000,NA,0.30790000000000,1.47700000000000,NA,13503.6913,16.7532,16.4453,0.3079,2.5379,15.3844,2.6359,12.7485,NA,NA,NA
ExperienceX.exe,56308,0x216838E1150,DXGI,1,0,0,Composed: Flip,13538.2975,NA,18.16090000000000,66.68050000000001,0.22870000000000,1.66010000000000,31.2783,13520.4445,18.0817,17.8530,0.2287,17.6876,1.8255,1.8255,0.0000,0.3940,13520.4445,NA
ExperienceX.exe,56308,0x216838E1150,DXGI,1,0,0,Composed: Flip,13553.1792,NA,14.88170000000000,16.64970000000000,0.15040000000000,0.76800000000000,33.0463,13538.5262,14.8034,14.6530,0.1504,1.8693,13.5517,1.2927,12.2590,1.4320,13538.5262,NA
ExperienceX.exe,56308,0x216C829D570,DXGI,1,0,0,Composed: Flip,13520.1365,NA,16.49610000000000,33.21350000000000,0.27430000000000,2.02440000000000,32.7380,13504.4523,15.9585,15.6842,0.2743,17.1613,0.5473,0.5473,0.0000,1.0053,13504.4523,NA
ExperienceX.exe,56308,0x216C829D570,DXGI,1,0,0,Composed: Flip,13538.5668,NA,18.43030000000000,NA,0.08140000000000,1.82870000000000,NA,13520.4108,18.2374,18.1560,0.0814,19.5468,0.4379,0.4379,0.0000,NA,NA,NA
ExperienceX.exe,56308,0x216C829D570,DXGI,1,0,0,Composed: Flip,13553.1274,NA,14.56060000000000,NA,0.05430000000000,1.46140000000000,NA,13538.6482,14.5335,14.4792,0.0543,15.2990,0.6416,0.6416,0.0000,NA,NA,NA
ExperienceX.exe,56308,0x216C829D570,DXGI,1,0,0,Composed: Flip,13570.2126,NA,17.08520000000000,NA,0.09600000000000,2.61530000000000,NA,13553.1817,17.1269,17.0309,0.0960,19.2419,0.4043,0.4043,0.0000,NA,NA,NA
ExperienceX.exe,56308,0x216838E1150,DXGI,1,0,0,Composed: Flip,13570.7463,NA,17.56710000000000,16.64640000000000,0.32220000000000,1.67730000000000,32.1256,13553.3296,17.7389,17.4167,0.3222,17.5758,1.5182,1.5182,0.0000,-1.8430,13553.3296,NA
ExperienceX.exe,56308,0x216838E1150,DXGI,1,0,0,Composed: Flip,13586.5388,NA,15.79250000000000,NA,0.19490000000000,1.71700000000000,NA,13571.0685,15.6652,15.4703,0.1949,16.4645,0.7228,0.7228,0.0000,NA,NA,NA
ExperienceX.exe,56308,0x216838E1150,DXGI,1,0,0,Composed: Flip,13603.3703,NA,16.83150000000000,33.37100000000000,0.07000000000000,4.00340000000000,32.8726,13586.7337,16.7066,16.6366,0.0700,19.2031,1.4369,1.4328,0.0041,0.0331,13586.7337,NA
ExperienceX.exe,56308,0x216C829D570,DXGI,1,0,0,Composed: Flip,13586.5382,NA,16.32560000000000,66.64790000000001,0.19450000000000,0.99480000000000,32.9842,13570.3086,16.4241,16.2296,0.1945,2.5193,14.7051,1.4267,13.2784,-0.7916,13570.3086,NA
ExperienceX.exe,56308,0x216C829D570,DXGI,1,0,0,Composed: Flip,13603.9294,NA,17.39120000000000,NA,0.11780000000000,2.00740000000000,NA,13586.7327,17.3145,17.1967,0.1178,17.9902,1.2139,1.2139,0.0000,NA,NA,NA
ExperienceX.exe,56308,0x216C829D570,DXGI,1,0,0,Composed: Flip,13619.7573,NA,15.82790000000000,NA,0.14840000000000,1.20140000000000,NA,13604.0472,15.8585,15.7101,0.1484,15.8356,1.0759,1.0759,0.0000,NA,NA,NA
ExperienceX.exe,56308,0x216C829D570,DXGI,1,0,0,Composed: Flip,13636.8092,NA,17.05190000000000,50.40420000000000,0.07950000000000,2.96140000000000,33.1174,13619.9057,16.9830,16.9035,0.0795,17.3222,2.5427,2.5427,0.0000,-0.8071,13619.9057,NA
ExperienceX.exe,56308,0x216838E1150,DXGI,1,0,0,Composed: Flip,13619.7574,NA,16.38710000000000,16.71070000000000,0.14840000000000,2.02870000000000,33.1962,13603.4403,16.4655,16.3171,0.1484,17.5184,0.8274,0.8274,0.0000,-0.0041,13603.4403,NA
ExperienceX.exe,56308,0x216838E1150,DXGI,1,0,0,Composed: Flip,13636.8040,NA,17.04660000000000,NA,0.08360000000000,3.37500000000000,NA,13619.9058,16.9818,16.8982,0.0836,19.8648,0.4084,0.4084,0.0000,NA,NA,NA
ExperienceX.exe,56308,0x216838E1150,DXGI,1,0,0,Composed: Flip,13653.2835,NA,16.47950000000000,NA,0.20070000000000,0.95190000000000,NA,13636.8876,16.5966,16.3959,0.2007,3.2914,14.0564,1.2008,12.8556,NA,NA,NA
ExperienceX.exe,56308,0x216C829D570,DXGI,1,0,0,Composed: Flip,13653.2841,NA,16.47490000000000,16.28710000000000,0.20010000000000,1.37560000000000,32.9296,13636.8887,16.5955,16.3954,0.2001,17.3467,0.4243,0.4243,0.0000,0.6959,13636.8887,NA
ExperienceX.exe,56308,0x216C829D570,DXGI,1,0,0,Composed: Flip,13671.3031,NA,18.01900000000000,NA,2.02470000000000,4.11790000000000,NA,13653.4842,19.8436,17.8189,2.0247,21.4695,0.4673,0.4673,0.0000,NA,NA,NA
ExperienceX.exe,56308,0x216C829D570,DXGI,1,0,0,Composed: Flip,13686.5386,NA,15.23550000000000,33.60350000000000,0.14340000000000,2.08140000000000,33.2786,13673.3278,13.3542,13.2108,0.1434,14.8345,0.4577,0.4577,0.0000,2.8356,13673.3278,NA
ExperienceX.exe,56308,0x216838E1150,DXGI,1,0,0,Composed: Flip,13671.3077,NA,18.02420000000000,49.91310000000000,2.03610000000000,3.64600000000000,31.5590,13653.4842,19.8596,17.8235,2.0361,19.6481,1.8214,1.8214,0.0000,0.1308,13653.4842,NA
ExperienceX.exe,56308,0x216838E1150,DXGI,1,0,0,Composed: Flip,13686.5380,NA,15.23030000000000,NA,0.14400000000000,1.62430000000000,NA,13673.3438,13.3382,13.1942,0.1440,2.0772,12.7413,1.8239,10.9174,NA,NA,NA
ExperienceX.exe,56308,0x216838E1150,DXGI,1,0,0,Composed: Flip,13703.5116,NA,16.97360000000000,NA,0.10420000000000,2.89120000000000,NA,13686.6820,16.9338,16.8296,0.1042,18.5241,1.1967,1.1967,0.0000,NA,NA,NA
ExperienceX.exe,56308,0x216838E1150,DXGI,1,0,0,Composed: Flip,13720.5373,NA,17.02570000000000,50.02530000000000,0.44400000000000,1.28480000000000,32.3547,13703.6158,17.3655,16.9215,0.4440,3.1970,15.0093,1.8218,13.1875,0.1063,13703.6158,NA
ExperienceX.exe,56308,0x216C7EA03E0,DXGI,1,0,0,Composed: Flip,13503.2235,NA,14.62070000000000,3517.07870000000003,0.22970000000000,2.58850000000000,33.4204,13488.9705,14.4827,14.2530,0.2297,16.4728,0.3687,0.3687,0.0000,1.7576,13488.9705,NA
ExperienceX.exe,56308,0x216C7EA03E0,DXGI,1,0,0,Composed: Flip,13521.6688,NA,18.44530000000000,NA,0.08070000000000,1.40330000000000,NA,13503.4532,18.2963,18.2156,0.0807,18.7077,0.9112,0.9112,0.0000,NA,NA,NA
ExperienceX.exe,56308,0x216C7EA03E0,DXGI,1,0,0,Composed: Flip,13537.2310,NA,15.56220000000000,NA,0.27100000000000,0.90110000000000,NA,13521.7495,15.7525,15.4815,0.2710,1.3226,15.0600,1.4598,13.6002,NA,NA,NA
ExperienceX.exe,56308,0x216C7EA03E0,DXGI,1,0,0,Composed: Flip,13554.0246,NA,16.79360000000000,NA,0.08700000000000,1.42550000000000,NA,13537.5020,16.6096,16.5226,0.0870,17.0868,0.8613,0.8559,0.0054,NA,NA,NA
ExperienceX.exe,56308,0x216C7EA03E0,DXGI,1,0,0,Composed: Flip,13569.9111,NA,15.88650000000000,NA,0.22640000000000,0.99430000000000,NA,13554.1116,16.0259,15.7995,0.2264,15.9918,0.8020,0.8020,0.0000,NA,NA,NA
ExperienceX.exe,56308,0x216C7EA03E0,DXGI,1,0,0,Composed: Flip,13587.3246,NA,17.41350000000000,NA,0.16390000000000,1.78810000000000,NA,13570.1375,17.3510,17.1871,0.1639,18.1183,0.8569,0.8569,0.0000,NA,NA,NA
ExperienceX.exe,56308,0x216C7EA03E0,DXGI,1,0,0,Composed: Flip,13603.1972,NA,15.87260000000000,NA,0.12940000000000,1.52570000000000,NA,13587.4885,15.8381,15.7087,0.1294,1.6242,15.6102,1.4657,14.1445,NA,NA,NA
ExperienceX.exe,56308,0x216C7EA03E0,DXGI,1,0,0,Composed: Flip,13619.9621,NA,16.76490000000000,NA,0.41700000000000,2.23490000000000,NA,13603.3266,17.0525,16.6355,0.4170,18.4595,0.4109,0.4069,0.0040,NA,NA,NA
ExperienceX.exe,56308,0x216C7EA03E0,DXGI,1,0,0,Composed: Flip,13636.5483,NA,16.58620000000000,NA,0.15590000000000,0.67960000000000,NA,13620.3791,16.3251,16.1692,0.1559,16.3294,0.5194,0.5194,0.0000,NA,NA,NA
ExperienceX.exe,56308,0x216C7EA03E0,DXGI,1,0,0,Composed: Flip,13654.3750,NA,17.82670000000000,NA,0.22660000000000,1.51700000000000,NA,13636.7042,17.8974,17.6708,0.2266,17.9555,1.2323,1.2323,0.0000,NA,NA,NA
ExperienceX.exe,56308,0x216C7EA03E0,DXGI,1,0,0,Composed: Flip,13670.7572,NA,16.38220000000000,NA,0.38030000000000,2.37510000000000,NA,13654.6016,16.5359,16.1556,0.3803,1.2904,17.2403,2.6029,14.6374,NA,NA,NA
ExperienceX.exe,56308,0x216C7EA03E0,DXGI,1,0,0,Composed: Flip,13687.6615,NA,16.90430000000000,NA,0.24550000000000,1.87120000000000,NA,13671.1375,16.7695,16.5240,0.2455,17.4825,0.9127,0.9127,0.0000,NA,NA,NA
ExperienceX.exe,56308,0x216C7EA03E0,DXGI,1,0,0,Composed: Flip,13703.1145,NA,15.45300000000000,NA,0.23650000000000,2.09160000000000,NA,13687.9070,15.4440,15.2075,0.2365,1.6257,15.6734,1.9362,13.7372,NA,NA,NA
ExperienceX.exe,56308,0x216C7EA03E0,DXGI,1,0,0,Composed: Flip,13721.3158,NA,18.20130000000000,NA,0.90550000000000,2.45930000000000,NA,13703.3510,18.8703,17.9648,0.9055,18.9200,1.5041,1.4959,0.0082,NA,NA,NA
ExperienceX.exe,56308,0x216C7EA03E0,DXGI,1,0,0,Composed: Flip,13737.0403,NA,15.72450000000000,NA,0.36730000000000,1.93860000000000,NA,13722.2213,15.1863,14.8190,0.3673,1.5538,15.2038,1.7384,13.4654,NA,NA,NA
ExperienceX.exe,56308,0x216838E1150,DXGI,1,0,0,Composed: Flip,13737.4960,NA,16.95870000000000,16.74800000000000,0.12500000000000,3.09820000000000,32.1440,13720.9813,16.6397,16.5147,0.1250,19.2043,0.4086,0.4086,0.0000,0.6175,13720.9813,NA
ExperienceX.exe,56308,0x216C829D570,DXGI,1,0,0,Composed: Flip,13703.5101,NA,16.97150000000000,16.65770000000000,1.27100000000000,3.30270000000000,32.9648,13686.6820,18.0991,16.8281,1.2710,19.7208,0.4100,0.4100,0.0000,-3.3035,13686.6820,NA
ExperienceX.exe,56308,0x216C829D570,DXGI,1,0,0,Composed: Flip,13720.3565,NA,16.84640000000000,NA,0.11080000000000,1.91450000000000,NA,13704.7811,15.6862,15.5754,0.1108,17.0410,0.4489,0.4489,0.0000,NA,NA,NA
ExperienceX.exe,56308,0x216C829D570,DXGI,1,0,0,Composed: Flip,13737.4952,NA,17.13870000000000,NA,0.12580000000000,2.69040000000000,NA,13720.4673,17.1537,17.0279,0.1258,18.5116,1.2067,1.2067,0.0000,NA,NA,NA
ExperienceX.exe,56308,0x216C829D570,DXGI,1,0,0,Composed: Flip,13753.1185,NA,15.62330000000000,NA,0.12180000000000,0.64190000000000,NA,13737.6210,15.6193,15.4975,0.1218,2.9732,13.1662,1.4256,11.7406,NA,NA,NA
ExperienceX.exe,56308,0x216C829D570,DXGI,1,0,0,Composed: Flip,13770.4281,NA,17.30960000000000,NA,0.14010000000000,2.83080000000000,NA,13753.2403,17.3279,17.1878,0.1401,19.5991,0.4195,0.4195,0.0000,NA,NA,NA
ExperienceX.exe,56308,0x216C7EA03E0,DXGI,1,0,0,Composed: Flip,13753.3532,NA,16.31290000000000,249.60550000000001,0.06390000000000,0.84190000000000,32.8962,13737.4076,16.0095,15.9456,0.0639,16.3528,0.4347,0.4347,0.0000,-1.1684,13737.4076,NA
ExperienceX.exe,56308,0x216C7EA03E0,DXGI,1,0,0,Composed: Flip,13770.0368,NA,16.68360000000000,NA,0.24000000000000,1.03050000000000,NA,13753.4171,16.8597,16.6197,0.2400,16.8389,0.8113,0.7818,0.0295,NA,NA,NA
ExperienceX.exe,56308,0x216C7EA03E0,DXGI,1,0,0,Composed: Flip,13787.7291,NA,17.69230000000000,NA,0.04560000000000,1.52110000000000,NA,13770.2768,17.4979,17.4523,0.0456,18.1050,0.8684,0.8630,0.0054,NA,NA,NA
ExperienceX.exe,56308,0x216C829D570,DXGI,1,0,0,Composed: Flip,13786.5891,NA,16.16100000000000,83.16980000000001,0.17820000000000,0.96220000000000,33.0556,13770.5682,16.1991,16.0209,0.1782,2.6907,14.2924,1.4985,12.7939,0.7164,13770.5682,NA
ExperienceX.exe,56308,0x216C829D570,DXGI,1,0,0,Composed: Flip,13803.9319,NA,17.34280000000000,NA,0.10960000000000,1.59540000000000,NA,13786.7673,17.2742,17.1646,0.1096,16.9824,1.7776,1.5313,0.2463,NA,NA,NA
ExperienceX.exe,56308,0x216C829D570,DXGI,1,0,0,Composed: Flip,13820.2277,NA,16.29580000000000,33.22730000000000,0.27850000000000,1.76790000000000,32.6443,13804.0415,16.4647,16.1862,0.2785,17.5393,0.4148,0.4148,0.0000,0.2460,13804.0415,NA
ExperienceX.exe,56308,0x216C829D570,DXGI,1,0,0,Composed: Flip,13837.1176,NA,16.88990000000000,16.69590000000000,0.70020000000000,2.16210000000000,32.4503,13820.5062,17.3116,16.6114,0.7002,17.0193,1.7542,1.7542,0.0000,-0.2312,13820.5062,NA
ExperienceX.exe,56308,0x216838E1150,DXGI,1,0,0,Composed: Flip,13770.4173,NA,32.92130000000000,33.33730000000000,0.14210000000000,2.42210000000000,32.5600,13737.6210,32.9384,32.7963,0.1421,33.4463,1.7721,1.7721,0.0000,-16.6976,13737.6210,NA
ExperienceX.exe,56308,0x216838E1150,DXGI,1,0,0,Composed: Flip,13786.5893,NA,16.17200000000000,NA,0.17790000000000,1.79250000000000,NA,13770.5594,16.2078,16.0299,0.1779,16.9919,0.8305,0.8305,0.0000,NA,NA,NA
ExperienceX.exe,56308,0x216838E1150,DXGI,1,0,0,Composed: Flip,13803.9425,NA,17.35320000000000,NA,0.10980000000000,3.25860000000000,NA,13786.7672,17.2851,17.1753,0.1098,20.0216,0.4123,0.4123,0.0000,NA,NA,NA
ExperienceX.exe,56308,0x216838E1150,DXGI,1,0,0,Composed: Flip,13820.2281,NA,16.28560000000000,NA,0.37910000000000,1.35270000000000,NA,13804.0523,16.5549,16.1758,0.3791,3.1488,14.3797,1.9993,12.3804,NA,NA,NA
ExperienceX.exe,56308,0x216838E1150,DXGI,1,0,0,Composed: Flip,13837.1003,NA,16.87220000000000,NA,1.11200000000000,2.58740000000000,NA,13820.6072,17.6051,16.4931,1.1120,18.6725,0.4080,0.4080,0.0000,NA,NA,NA
ExperienceX.exe,56308,0x216838E1150,DXGI,1,0,0,Composed: Flip,13853.1315,NA,16.03120000000000,NA,0.09610000000000,1.00530000000000,NA,13838.2123,15.0153,14.9192,0.0961,15.7021,0.2224,0.2224,0.0000,NA,NA,NA
ExperienceX.exe,56308,0x216838E1150,DXGI,1,0,0,Composed: Flip,13871.3235,NA,18.19200000000000,100.02810000000001,0.06870000000000,2.49970000000000,31.6819,13853.2276,18.1646,18.0959,0.0687,18.6966,1.8990,1.8990,0.0000,15.5785,13853.2276,NA
ExperienceX.exe,56308,0x216838E1150,DXGI,1,0,0,Composed: Flip,13887.0756,NA,15.75210000000000,16.81950000000000,0.18850000000000,0.75030000000000,32.7493,13871.3922,15.8719,15.6834,0.1885,2.8415,13.5922,0.8719,12.7203,1.3451,13871.3922,NA
ExperienceX.exe,56308,0x216838E1150,DXGI,1,0,0,Composed: Flip,13903.9754,NA,16.89980000000000,16.42390000000000,1.12930000000000,3.40340000000000,32.2734,13887.2641,17.8406,16.7113,1.1293,19.6671,0.4476,0.4476,0.0000,-0.5520,13887.2641,NA
ExperienceX.exe,56308,0x216C829D570,DXGI,1,0,0,Composed: Flip,13853.1309,NA,16.01330000000000,16.94300000000000,0.09680000000000,0.78350000000000,33.3800,13837.8178,15.4099,15.3131,0.0968,1.8699,14.2267,1.6773,12.5494,0.3686,13837.8178,NA
ExperienceX.exe,56308,0x216C829D570,DXGI,1,0,0,Composed: Flip,13871.4718,NA,18.34090000000000,NA,0.04420000000000,2.76190000000000,NA,13853.2277,18.2883,18.2441,0.0442,20.5955,0.4105,0.4105,0.0000,NA,NA,NA
ExperienceX.exe,56308,0x216C829D570,DXGI,1,0,0,Composed: Flip,13887.1082,NA,15.63640000000000,NA,0.27300000000000,1.31380000000000,NA,13871.5160,15.8652,15.5922,0.2730,16.3099,0.5961,0.5961,0.0000,NA,NA,NA
ExperienceX.exe,56308,0x216C829D570,DXGI,1,0,0,Composed: Flip,13905.7320,NA,18.62380000000000,NA,0.10290000000000,1.19920000000000,NA,13887.3812,18.4537,18.3508,0.1029,18.1372,1.4128,1.4128,0.0000,NA,NA,NA
ExperienceX.exe,56308,0x216C829D570,DXGI,1,0,0,Composed: Flip,13920.4019,NA,14.66990000000000,NA,0.16730000000000,1.28980000000000,NA,13905.8349,14.7343,14.5670,0.1673,15.8518,0.0050,0.0050,0.0000,NA,NA,NA
ExperienceX.exe,56308,0x216C829D570,DXGI,1,0,0,Composed: Flip,13936.7608,NA,16.35890000000000,83.34520000000001,0.08360000000000,2.27960000000000,33.0953,13920.5692,16.2752,16.1916,0.0836,16.6192,1.8520,1.8520,0.0000,-0.5938,13920.5692,NA
ExperienceX.exe,56308,0x216C829D570,DXGI,1,0,0,Composed: Flip,13953.1180,NA,16.35720000000000,16.35160000000000,0.08700000000000,1.04960000000000,33.0897,13936.8444,16.3606,16.2736,0.0870,16.8671,0.4561,0.4561,0.0000,-0.0764,13936.8444,NA
ExperienceX.exe,56308,0x216838E1150,DXGI,1,0,0,Composed: Flip,13920.4754,NA,16.50000000000000,16.62290000000000,0.14310000000000,1.21130000000000,32.3963,13905.1047,15.5138,15.3707,0.1431,2.2741,14.3079,1.7964,12.5115,1.2177,13905.1047,NA
ExperienceX.exe,56308,0x216838E1150,DXGI,1,0,0,Composed: Flip,13936.7696,NA,16.29420000000000,NA,0.07880000000000,2.66070000000000,NA,13920.6185,16.2299,16.1511,0.0788,18.4219,0.3899,0.3899,0.0000,NA,NA,NA
ExperienceX.exe,56308,0x216838E1150,DXGI,1,0,0,Composed: Flip,13953.1286,NA,16.35900000000000,NA,0.07630000000000,0.58290000000000,NA,13936.8484,16.3565,16.2802,0.0763,2.5819,14.2812,1.1588,13.1224,NA,NA,NA
ExperienceX.exe,56308,0x216838E1150,DXGI,1,0,0,Composed: Flip,13971.3618,NA,18.23320000000000,NA,0.48000000000000,1.53150000000000,NA,13953.2049,18.6369,18.1569,0.4800,17.7800,1.9084,1.9084,0.0000,NA,NA,NA
ExperienceX.exe,56308,0x216838E1150,DXGI,1,0,0,Composed: Flip,13986.4279,NA,15.06610000000000,66.69830000000000,0.11340000000000,0.61790000000000,33.1421,13971.8418,14.6995,14.5861,0.1134,1.4714,13.7326,1.0806,12.6520,0.0388,13971.8418,NA
ExperienceX.exe,56308,0x216838E1150,DXGI,1,0,0,Composed: Flip,14003.6040,NA,17.17610000000000,16.64480000000000,0.12310000000000,2.82960000000000,32.6108,13986.5413,17.1858,17.0627,0.1231,19.4939,0.3984,0.3984,0.0000,-1.9453,13986.5413,NA
ExperienceX.exe,56308,0x216838E1150,DXGI,1,0,0,Composed: Flip,14019.8708,NA,16.26680000000000,16.73150000000000,0.19440000000000,1.43490000000000,33.0755,14003.7271,16.3381,16.1437,0.1944,17.1658,0.4128,0.4128,0.0000,0.4543,14003.7271,NA
ExperienceX.exe,56308,0x216838E1150,DXGI,1,0,0,Composed: Flip,14037.3583,NA,17.48750000000000,16.67670000000000,0.06380000000000,1.71950000000000,32.2647,14020.0652,17.3569,17.2931,0.0638,17.3905,1.6221,1.6221,0.0000,-0.3386,14020.0652,NA
ExperienceX.exe,56308,0x216838E1150,DXGI,1,0,0,Composed: Flip,14053.4895,NA,16.13120000000000,16.67450000000000,0.26710000000000,1.79210000000000,32.8080,14037.4221,16.3345,16.0674,0.2671,17.1733,0.6862,0.6862,0.0000,0.6824,14037.4221,NA
ExperienceX.exe,56308,0x216838E1150,DXGI,1,0,0,Composed: Flip,14070.3621,NA,16.87260000000000,16.57730000000000,0.81720000000000,3.00280000000000,32.5127,14053.7566,17.4227,16.6055,0.8172,19.1939,0.4144,0.4144,0.0000,-0.2428,14053.7566,NA
ExperienceX.exe,56308,0x216838E1150,DXGI,1,0,0,Composed: Flip,14086.9872,NA,16.62510000000000,16.66800000000000,0.20210000000000,2.13770000000000,32.5556,14071.1793,16.0100,15.8079,0.2021,17.1219,0.8237,0.8237,0.0000,0.7547,14071.1793,NA
ExperienceX.exe,56308,0x216838E1150,DXGI,1,0,0,Composed: Flip,14104.1296,NA,17.14240000000000,16.66570000000000,0.08240000000000,1.93600000000000,32.0789,14087.1893,17.0227,16.9403,0.0824,18.4635,0.4128,0.4128,0.0000,-0.6557,14087.1893,NA
ExperienceX.exe,56308,0x216838E1150,DXGI,1,0,0,Composed: Flip,14119.8692,NA,15.73960000000000,16.64820000000000,0.17780000000000,3.22590000000000,32.9875,14104.2120,15.8350,15.6572,0.1778,17.3342,1.5489,1.5489,0.0000,0.3745,14104.2120,NA
ExperienceX.exe,56308,0x216838E1150,DXGI,1,0,0,Composed: Flip,14136.9946,NA,17.12540000000000,16.70020000000000,0.57360000000000,2.19520000000000,32.5623,14120.0470,17.5212,16.9476,0.5736,17.4020,1.7408,1.7408,0.0000,-0.8652,14120.0470,NA
ExperienceX.exe,56308,0x216C829D570,DXGI,1,0,0,Composed: Flip,13971.5367,NA,18.41870000000000,16.75200000000000,0.10210000000000,1.77650000000000,31.4230,13953.2050,18.4338,18.3317,0.1021,19.6883,0.4199,0.4199,0.0000,-0.3914,13953.2050,NA
ExperienceX.exe,56308,0x216C829D570,DXGI,1,0,0,Composed: Flip,13986.4716,NA,14.93490000000000,NA,0.20060000000000,1.00970000000000,NA,13971.6388,15.0334,14.8328,0.2006,15.4070,0.4355,0.4355,0.0000,NA,NA,NA
ExperienceX.exe,56308,0x216C829D570,DXGI,1,0,0,Composed: Flip,14003.6216,NA,17.15000000000000,NA,0.93530000000000,2.41360000000000,NA,13986.6722,17.8847,16.9494,0.9353,17.6497,1.7133,1.7133,0.0000,NA,NA,NA
ExperienceX.exe,56308,0x216C829D570,DXGI,1,0,0,Composed: Flip,14019.8724,NA,16.25080000000000,NA,0.19950000000000,1.02050000000000,NA,14004.5569,15.5150,15.3155,0.1995,1.8767,14.4593,1.7800,12.6793,NA,NA,NA
ExperienceX.exe,56308,0x216C829D570,DXGI,1,0,0,Composed: Flip,14037.2980,NA,17.42560000000000,NA,0.09180000000000,2.18370000000000,NA,14020.0719,17.3179,17.2261,0.0918,19.0059,0.4039,0.4039,0.0000,NA,NA,NA
ExperienceX.exe,56308,0x216C829D570,DXGI,1,0,0,Composed: Flip,14053.4896,NA,16.19160000000000,NA,0.26700000000000,1.10580000000000,NA,14037.3898,16.3668,16.0998,0.2670,2.0919,15.1137,1.6520,13.4617,NA,NA,NA
ExperienceX.exe,56308,0x216C829D570,DXGI,1,0,0,Composed: Flip,14071.4768,NA,17.98720000000000,NA,0.14720000000000,1.47370000000000,NA,14053.7566,17.8674,17.7202,0.1472,17.9745,1.2194,1.2194,0.0000,NA,NA,NA
ExperienceX.exe,56308,0x216C829D570,DXGI,1,0,0,Composed: Flip,14086.9841,NA,15.50730000000000,NA,0.24080000000000,1.31710000000000,NA,14071.6240,15.6009,15.3601,0.2408,1.7409,14.9363,1.6172,13.3191,NA,NA,NA
ExperienceX.exe,56308,0x216C829D570,DXGI,1,0,0,Composed: Flip,14104.2152,NA,17.23110000000000,NA,0.06490000000000,1.43760000000000,NA,14087.2249,17.0552,16.9903,0.0649,16.8525,1.5754,1.5754,0.0000,NA,NA,NA
ExperienceX.exe,56308,0x216C829D570,DXGI,1,0,0,Composed: Flip,14119.8687,NA,15.65350000000000,NA,0.18230000000000,1.67750000000000,NA,14104.2801,15.7709,15.5886,0.1823,1.7855,15.4806,2.0207,13.4599,NA,NA,NA
ExperienceX.exe,56308,0x216C829D570,DXGI,1,0,0,Composed: Flip,14137.8278,NA,17.95910000000000,NA,0.06950000000000,1.78140000000000,NA,14120.0510,17.8463,17.7768,0.0695,19.1388,0.4194,0.4194,0.0000,NA,NA,NA
ExperienceX.exe,56308,0x216C829D570,DXGI,1,0,0,Composed: Flip,14153.1991,NA,15.37130000000000,NA,0.14890000000000,1.41630000000000,NA,14137.8973,15.4507,15.3018,0.1489,15.9832,0.7349,0.7349,0.0000,NA,NA,NA
ExperienceX.exe,56308,0x216C829D570,DXGI,1,0,0,Composed: Flip,14170.1339,NA,16.93480000000000,199.92080000000001,0.07220000000000,2.24870000000000,32.7466,14153.3480,16.8581,16.7859,0.0722,17.1419,1.8927,1.8927,0.0000,0.2222,14153.3480,NA
ExperienceX.exe,56308,0x216C829D570,DXGI,1,0,0,Composed: Flip,14186.5325,NA,16.39860000000000,16.65910000000000,0.16580000000000,1.14940000000000,33.0071,14170.2061,16.4922,16.3264,0.1658,2.6064,14.8694,1.6109,13.2585,0.1990,14170.2061,NA
ExperienceX.exe,56308,0x216838E1150,DXGI,1,0,0,Composed: Flip,14153.1994,NA,16.20480000000000,16.65080000000000,0.14850000000000,0.68110000000000,33.0083,14137.5682,15.7797,15.6312,0.1485,2.0410,14.2713,1.6138,12.6575,0.8704,14137.5682,NA
ExperienceX.exe,56308,0x216838E1150,DXGI,1,0,0,Composed: Flip,14170.4441,NA,17.24470000000000,NA,0.05190000000000,2.36840000000000,NA,14153.3479,17.1481,17.0962,0.0519,19.0347,0.4299,0.4299,0.0000,NA,NA,NA
ExperienceX.exe,56308,0x216838E1150,DXGI,1,0,0,Composed: Flip,14186.5023,NA,16.05820000000000,NA,0.11450000000000,1.18340000000000,NA,14170.4960,16.1208,16.0063,0.1145,17.1859,0.0038,0.0038,0.0000,NA,NA,NA
ExperienceX.exe,56308,0x216838E1150,DXGI,1,0,0,Composed: Flip,14203.3616,NA,16.85930000000000,NA,0.06280000000000,2.32400000000000,NA,14186.6168,16.8076,16.7448,0.0628,17.1770,1.8918,1.8918,0.0000,NA,NA,NA
ExperienceX.exe,56308,0x216C829D570,DXGI,1,0,0,Composed: Flip,14203.3621,NA,16.82960000000000,16.69000000000000,0.06260000000000,3.81890000000000,32.8675,14186.6983,16.7264,16.6638,0.0626,18.9873,1.4954,1.4913,0.0041,-0.1978,14186.6983,NA
ExperienceX.exe,56308,0x216C829D570,DXGI,1,0,0,Composed: Flip,14219.8551,NA,16.49300000000000,NA,0.19150000000000,1.11060000000000,NA,14203.4247,16.6219,16.4304,0.1915,17.2596,0.2814,0.2814,0.0000,NA,NA,NA
ExperienceX.exe,56308,0x216838E1150,DXGI,1,0,0,Composed: Flip,14219.8535,NA,16.49190000000000,66.65900000000001,0.17660000000000,0.83080000000000,33.0132,14203.4244,16.6057,16.4291,0.1766,16.5939,0.6660,0.6660,0.0000,-0.8028,14203.4244,NA
ExperienceX.exe,56308,0x216838E1150,DXGI,1,0,0,Composed: Flip,14236.8441,NA,16.99060000000000,NA,0.58200000000000,2.33290000000000,NA,14220.0301,17.3960,16.8140,0.5820,17.2353,1.9116,1.9116,0.0000,NA,NA,NA
ExperienceX.exe,56308,0x216C829D570,DXGI,1,0,0,Composed: Flip,14236.8268,NA,16.97170000000000,33.30330000000000,0.62680000000000,2.77200000000000,32.7061,14220.0466,17.4070,16.7802,0.6268,19.1304,0.4218,0.4218,0.0000,0.0450,14220.0466,NA
ExperienceX.exe,56308,0x216C829D570,DXGI,1,0,0,Composed: Flip,14253.1346,NA,16.30780000000000,NA,0.15030000000000,1.44940000000000,NA,14237.4536,15.8313,15.6810,0.1503,16.3601,0.7703,0.7703,0.0000,NA,NA,NA
ExperienceX.exe,56308,0x216C829D570,DXGI,1,0,0,Composed: Flip,14270.8192,NA,17.68460000000000,33.38650000000000,0.26800000000000,2.08720000000000,32.1002,14253.2849,17.8023,17.5343,0.2680,19.2064,0.4151,0.4151,0.0000,-0.1482,14253.2849,NA
ExperienceX.exe,56308,0x216C829D570,DXGI,1,0,0,Composed: Flip,14286.8642,NA,16.04500000000000,16.62730000000000,0.17310000000000,1.59140000000000,32.6825,14271.0872,15.9501,15.7770,0.1731,1.8192,15.5492,1.5949,13.9543,1.1750,14271.0872,NA
ExperienceX.exe,56308,0x216838E1150,DXGI,1,0,0,Composed: Flip,14253.1337,NA,16.28960000000000,33.50910000000000,0.15000000000000,0.68000000000000,33.2421,14237.4261,15.8576,15.7076,0.1500,2.1727,14.2149,1.1781,13.0368,0.4926,14237.4261,NA
ExperienceX.exe,56308,0x216838E1150,DXGI,1,0,0,Composed: Flip,14270.4108,NA,17.27710000000000,NA,0.86050000000000,2.08050000000000,NA,14253.2837,17.9876,17.1271,0.8605,17.3025,1.9051,1.9051,0.0000,NA,NA,NA
ExperienceX.exe,56308,0x216838E1150,DXGI,1,0,0,Composed: Flip,14286.8666,NA,16.45580000000000,NA,0.26670000000000,2.35660000000000,NA,14271.2713,15.8620,15.5953,0.2667,17.1843,0.7676,0.7676,0.0000,NA,NA,NA
ExperienceX.exe,56308,0x216838E1150,DXGI,1,0,0,Composed: Flip,14304.9423,NA,18.07570000000000,NA,0.09780000000000,1.77970000000000,NA,14287.1333,17.9068,17.8090,0.0978,18.3243,1.2644,1.2644,0.0000,NA,NA,NA
ExperienceX.exe,56308,0x216838E1150,DXGI,1,0,0,Composed: Flip,14337.0121,NA,32.06980000000000,83.14870000000001,0.28040000000000,2.42290000000000,32.5124,14305.0401,32.2524,31.9720,0.2804,33.9665,0.4284,0.4284,0.0000,-15.5347,14305.0401,NA
ExperienceX.exe,56308,0x216838E1150,DXGI,1,0,0,Composed: Flip,14353.1179,NA,16.10580000000000,16.68190000000000,0.14800000000000,0.76850000000000,33.0885,14337.2925,15.9734,15.8254,0.1480,2.1425,14.4514,0.9457,13.5057,15.5705,14337.2925,NA
ExperienceX.exe,56308,0x216838E1150,DXGI,1,0,0,Composed: Flip,14370.5063,NA,17.38840000000000,16.78410000000000,0.05370000000000,2.27680000000000,32.4842,14353.2659,17.2941,17.2404,0.0537,19.0853,0.4319,0.4319,0.0000,-0.8107,14353.2659,NA
ExperienceX.exe,56308,0x216838E1150,DXGI,1,0,0,Composed: Flip,14386.4918,NA,15.98550000000000,16.62910000000000,0.17730000000000,1.01580000000000,33.1278,14370.5600,16.1091,15.9318,0.1773,2.2231,14.7245,0.9239,13.8006,0.6650,14370.5600,NA
ExperienceX.exe,56308,0x216838E1150,DXGI,1,0,0,Composed: Flip,14404.1510,NA,17.65920000000000,16.61040000000000,0.19760000000000,2.23500000000000,32.0790,14386.6691,17.6795,17.4819,0.1976,19.2941,0.4228,0.4228,0.0000,-0.5013,14386.6691,NA
ExperienceX.exe,56308,0x216838E1150,DXGI,1,0,0,Composed: Flip,14420.3331,NA,16.18210000000000,16.65400000000000,0.54760000000000,1.17210000000000,32.5509,14404.3486,16.5321,15.9845,0.5476,2.0374,15.1192,1.4204,13.6988,1.0255,14404.3486,NA
ExperienceX.exe,56308,0x216838E1150,DXGI,1,0,0,Composed: Flip,14437.8555,NA,17.52240000000000,16.67920000000000,0.07710000000000,1.59670000000000,31.7077,14420.8807,17.0519,16.9748,0.0771,16.6189,1.9526,1.9526,0.0000,-0.1471,14420.8807,NA
ExperienceX.exe,56308,0x216838E1150,DXGI,1,0,0,Composed: Flip,14453.1557,NA,15.30020000000000,16.84330000000000,0.16620000000000,0.67830000000000,33.2508,14437.9326,15.3893,15.2231,0.1662,1.9639,13.9375,1.1121,12.8254,0.2086,14437.9326,NA
ExperienceX.exe,56308,0x216C829D570,DXGI,1,0,0,Composed: Flip,14303.8621,NA,16.99790000000000,16.65190000000000,1.18080000000000,3.32620000000000,32.3365,14287.0373,18.0056,16.8248,1.1808,19.6847,0.4663,0.4663,0.0000,-0.7018,14287.0373,NA
ExperienceX.exe,56308,0x216C829D570,DXGI,1,0,0,Composed: Flip,14319.7912,NA,15.92910000000000,NA,0.13460000000000,0.82950000000000,NA,14305.0429,14.8829,14.7483,0.1346,2.1454,13.4324,1.3029,12.1295,NA,NA,NA
ExperienceX.exe,56308,0x216C829D570,DXGI,1,0,0,Composed: Flip,14337.2729,NA,17.48170000000000,NA,0.05830000000000,1.73370000000000,NA,14319.9258,17.4054,17.3471,0.0583,17.2057,1.8751,1.8751,0.0000,NA,NA,NA
ExperienceX.exe,56308,0x216C829D570,DXGI,1,0,0,Composed: Flip,14353.1171,NA,15.84420000000000,NA,0.14870000000000,1.53130000000000,NA,14337.3312,15.9346,15.7859,0.1487,16.5552,0.7620,0.7620,0.0000,NA,NA,NA
ExperienceX.exe,56308,0x216C829D570,DXGI,1,0,0,Composed: Flip,14370.0444,NA,16.92730000000000,NA,0.06130000000000,2.30680000000000,NA,14353.2658,16.8399,16.7786,0.0613,17.1917,1.8937,1.8937,0.0000,NA,NA,NA
ExperienceX.exe,56308,0x216C829D570,DXGI,1,0,0,Composed: Flip,14386.4916,NA,16.44720000000000,NA,0.17680000000000,1.76380000000000,NA,14370.1057,16.5627,16.3859,0.1768,17.4019,0.7478,0.7478,0.0000,NA,NA,NA
ExperienceX.exe,56308,0x216C829D570,DXGI,1,0,0,Composed: Flip,14404.0445,NA,17.55290000000000,NA,0.19290000000000,1.91870000000000,NA,14386.6684,17.5690,17.3761,0.1929,17.3965,1.8983,1.8983,0.0000,NA,NA,NA
ExperienceX.exe,56308,0x216C829D570,DXGI,1,0,0,Composed: Flip,14420.3309,NA,16.28640000000000,NA,0.44520000000000,1.34680000000000,NA,14404.2374,16.5387,16.0935,0.4452,17.2678,0.1725,0.1725,0.0000,NA,NA,NA
ExperienceX.exe,56308,0x216C829D570,DXGI,1,0,0,Composed: Flip,14438.1075,NA,17.77660000000000,NA,0.06040000000000,1.78900000000000,NA,14420.7761,17.3918,17.3314,0.0604,18.6761,0.4443,0.4443,0.0000,NA,NA,NA
ExperienceX.exe,56308,0x216C829D570,DXGI,1,0,0,Composed: Flip,14453.1565,NA,15.04900000000000,NA,0.16580000000000,1.14130000000000,NA,14438.1679,15.1544,14.9886,0.1658,15.6661,0.4638,0.4638,0.0000,NA,NA,NA
ExperienceX.exe,56308,0x216C829D570,DXGI,1,0,0,Composed: Flip,14471.8277,NA,18.67120000000000,NA,0.21680000000000,1.99060000000000,NA,14453.3223,18.7222,18.5054,0.2168,20.0639,0.4321,0.4321,0.0000,NA,NA,NA
ExperienceX.exe,56308,0x216C829D570,DXGI,1,0,0,Composed: Flip,14487.0062,NA,15.17850000000000,183.41280000000000,0.38770000000000,0.78940000000000,32.6052,14472.0445,15.3494,14.9617,0.3877,1.7738,13.9773,0.9673,13.0100,1.5944,14472.0445,NA
ExperienceX.exe,56308,0x216C829D570,DXGI,1,0,0,Composed: Flip,14504.5213,NA,17.51510000000000,16.61140000000000,0.62980000000000,2.05600000000000,31.7015,14487.3939,17.7572,17.1274,0.6298,18.7602,0.4232,0.4232,0.0000,-1.2620,14487.3939,NA
ExperienceX.exe,56308,0x216C829D570,DXGI,1,0,0,Composed: Flip,14519.9457,NA,15.42440000000000,16.73020000000000,0.17010000000000,0.73520000000000,33.0073,14505.1511,14.9647,14.7946,0.1701,1.4262,14.1036,1.4699,12.6337,1.0270,14505.1511,NA
ExperienceX.exe,56308,0x216838E1150,DXGI,1,0,0,Composed: Flip,14471.2774,NA,18.12170000000000,16.63290000000000,0.20100000000000,2.10880000000000,31.7620,14453.3219,18.1565,17.9555,0.2010,18.5195,1.5448,1.5448,0.0000,-1.2436,14453.3219,NA
ExperienceX.exe,56308,0x216838E1150,DXGI,1,0,0,Composed: Flip,14486.9879,NA,15.71050000000000,NA,0.31460000000000,1.31140000000000,NA,14471.4784,15.8241,15.5095,0.3146,16.3172,0.5037,0.5037,0.0000,NA,NA,NA
ExperienceX.exe,56308,0x216838E1150,DXGI,1,0,0,Composed: Flip,14504.7160,NA,17.72810000000000,NA,0.19850000000000,1.43810000000000,NA,14487.3025,17.6120,17.4135,0.1985,16.9417,1.9099,1.9099,0.0000,NA,NA,NA
ExperienceX.exe,56308,0x216838E1150,DXGI,1,0,0,Composed: Flip,14519.9452,NA,15.22920000000000,NA,0.17060000000000,1.09650000000000,NA,14504.9145,15.2013,15.0307,0.1706,15.7664,0.3608,0.3608,0.0000,NA,NA,NA
ExperienceX.exe,56308,0x216838E1150,DXGI,1,0,0,Composed: Flip,14537.2331,NA,17.28790000000000,NA,0.41040000000000,2.27800000000000,NA,14520.1158,17.5277,17.1173,0.4104,18.9596,0.4357,0.4357,0.0000,NA,NA,NA
ExperienceX.exe,56308,0x216C829D570,DXGI,1,0,0,Composed: Flip,14537.3296,NA,17.38390000000000,16.57500000000000,0.19470000000000,1.74580000000000,32.1984,14520.1158,17.4085,17.2138,0.1947,17.3109,1.6487,1.6487,0.0000,-1.6103,14520.1158,NA
ExperienceX.exe,56308,0x216C829D570,DXGI,1,0,0,Composed: Flip,14553.4383,NA,16.10870000000000,NA,0.13740000000000,1.72430000000000,NA,14537.5243,16.0514,15.9140,0.1374,16.8590,0.7793,0.7793,0.0000,NA,NA,NA
ExperienceX.exe,56308,0x216C829D570,DXGI,1,0,0,Composed: Flip,14569.9042,NA,16.46590000000000,33.32380000000000,0.07180000000000,4.54220000000000,32.9476,14553.5757,16.4003,16.3285,0.0718,18.7037,2.1670,2.1608,0.0062,0.1361,14553.5757,NA
ExperienceX.exe,56308,0x216838E1150,DXGI,1,0,0,Composed: Flip,14553.4382,NA,16.20510000000000,83.14310000000000,0.13740000000000,0.94510000000000,32.7443,14537.6435,15.9321,15.7947,0.1374,1.8676,14.8722,1.3383,13.5339,1.1785,14537.6435,NA
ExperienceX.exe,56308,0x216838E1150,DXGI,1,0,0,Composed: Flip,14569.8992,NA,16.46100000000000,NA,0.07870000000000,2.38020000000000,NA,14553.5756,16.4023,16.3236,0.0787,17.0058,1.6980,1.6980,0.0000,NA,NA,NA
ExperienceX.exe,56308,0x216838E1150,DXGI,1,0,0,Composed: Flip,14586.4340,NA,16.53480000000000,NA,0.11450000000000,1.44800000000000,NA,14569.9779,16.5706,16.4561,0.1145,17.1408,0.7633,0.7633,0.0000,NA,NA,NA
ExperienceX.exe,56308,0x216838E1150,DXGI,1,0,0,Composed: Flip,14604.2883,NA,17.85430000000000,50.04450000000000,0.07920000000000,2.33340000000000,31.9387,14586.5485,17.8190,17.7398,0.0792,19.6506,0.4226,0.4226,0.0000,-1.1395,14586.5485,NA
ExperienceX.exe,56308,0x216838E1150,DXGI,1,0,0,Composed: Flip,14619.8655,NA,15.57720000000000,16.64880000000000,0.19890000000000,0.72260000000000,33.0103,14604.3675,15.6969,15.4980,0.1989,2.2542,13.9664,0.9369,13.0295,1.1702,14604.3675,NA
ExperienceX.exe,56308,0x216C829D570,DXGI,1,0,0,Composed: Flip,14586.4345,NA,16.53030000000000,16.68970000000000,0.11400000000000,0.68420000000000,33.1070,14569.9760,16.5725,16.4585,0.1140,16.5660,0.5767,0.5767,0.0000,-0.2894,14569.9760,NA
ExperienceX.exe,56308,0x216C829D570,DXGI,1,0,0,Composed: Flip,14604.4450,NA,18.01050000000000,NA,0.09870000000000,1.75410000000000,NA,14586.5485,17.9952,17.8965,0.0987,18.3929,1.2577,1.2577,0.0000,NA,NA,NA
ExperienceX.exe,56308,0x216C829D570,DXGI,1,0,0,Composed: Flip,14619.8651,NA,15.42010000000000,NA,0.19920000000000,1.51360000000000,NA,14604.5437,15.5206,15.3214,0.1992,16.0444,0.7906,0.7906,0.0000,NA,NA,NA
ExperienceX.exe,56308,0x216C829D570,DXGI,1,0,0,Composed: Flip,14636.7833,NA,16.91820000000000,NA,0.10560000000000,2.57220000000000,NA,14620.0643,16.8246,16.7190,0.1056,18.0358,1.2554,1.2554,0.0000,NA,NA,NA
ExperienceX.exe,56308,0x216838E1150,DXGI,1,0,0,Composed: Flip,14636.7828,NA,16.91730000000000,16.80750000000000,0.10520000000000,3.00930000000000,32.9005,14620.0644,16.8236,16.7184,0.1052,19.2911,0.4366,0.4366,0.0000,-1.1106,14620.0644,NA
ExperienceX.exe,56308,0x216838E1150,DXGI,1,0,0,Composed: Flip,14653.1706,NA,16.38780000000000,NA,0.22550000000000,1.17160000000000,NA,14636.8880,16.5081,16.2826,0.2255,17.0127,0.4415,0.4415,0.0000,NA,NA,NA
ExperienceX.exe,56308,0x216838E1150,DXGI,1,0,0,Composed: Flip,14673.6799,NA,20.50930000000000,33.29150000000000,0.06830000000000,0.77480000000000,29.2949,14653.3961,20.3521,20.2838,0.0683,20.2036,0.8550,0.8461,0.0089,0.0402,14653.3961,NA
ExperienceX.exe,56308,0x216C829D570,DXGI,1,0,0,Composed: Flip,14653.1707,NA,16.38740000000000,66.65800000000000,0.21720000000000,0.73000000000000,33.0288,14636.8889,16.4990,16.2818,0.2172,2.9032,14.1086,0.9518,13.1568,0.2549,14636.8889,NA
ExperienceX.exe,56308,0x216C829D570,DXGI,1,0,0,Composed: Flip,14671.4870,NA,18.31630000000000,NA,0.11450000000000,2.11270000000000,NA,14653.3879,18.2136,18.0991,0.1145,18.5165,1.6953,1.6953,0.0000,NA,NA,NA
ExperienceX.exe,56308,0x216C829D570,DXGI,1,0,0,Composed: Flip,14686.4885,NA,15.00150000000000,NA,0.16980000000000,1.01660000000000,NA,14671.6015,15.0568,14.8870,0.1698,15.4594,0.4442,0.4442,0.0000,NA,NA,NA
ExperienceX.exe,56308,0x216838E1150,DXGI,1,0,0,Composed: Flip,14686.4644,NA,12.78450000000000,16.56000000000000,0.09340000000000,0.59650000000000,33.0704,14673.7482,12.8096,12.7162,0.0934,0.7065,12.6062,1.4893,11.1169,3.7921,14673.7482,NA
ExperienceX.exe,56308,0x216838E1150,DXGI,1,0,0,Composed: Flip,14704.5435,NA,18.07910000000000,NA,0.06410000000000,1.85310000000000,NA,14686.5578,18.0498,17.9857,0.0641,18.5935,1.2453,1.2453,0.0000,NA,NA,NA
ExperienceX.exe,56308,0x216838E1150,DXGI,1,0,0,Composed: Flip,14719.8157,NA,15.27220000000000,33.33500000000000,0.15870000000000,1.15490000000000,33.0541,14704.6076,15.3668,15.2081,0.1587,15.9224,0.4406,0.4406,0.0000,-2.4756,14704.6076,NA
ExperienceX.exe,56308,0x216838E1150,DXGI,1,0,0,Composed: Flip,14738.6045,NA,18.78880000000000,16.64560000000000,0.05410000000000,2.03140000000000,30.9109,14719.9744,18.6842,18.6301,0.0541,20.1988,0.4627,0.4627,0.0000,-1.2788,14719.9744,NA
ExperienceX.exe,56308,0x216838E1150,DXGI,1,0,0,Composed: Flip,14753.3096,NA,14.70510000000000,NA,0.21860000000000,0.65020000000000,NA,14738.6586,14.8696,14.6510,0.2186,1.9773,13.3239,0.8930,12.4309,NA,NA,NA
ExperienceX.exe,56308,0x216C829D570,DXGI,1,0,0,Composed: Flip,14704.5524,NA,18.06390000000000,50.33610000000000,0.06710000000000,2.27010000000000,31.9832,14686.6583,17.9612,17.8941,0.0671,19.7383,0.4259,0.4259,0.0000,-0.5667,14686.6583,NA
ExperienceX.exe,56308,0x216C829D570,DXGI,1,0,0,Composed: Flip,14719.8153,NA,15.26290000000000,NA,0.15930000000000,0.71470000000000,NA,14704.6195,15.3551,15.1958,0.1593,2.2030,13.7075,0.6388,13.0687,NA,NA,NA
ExperienceX.exe,56308,0x216C829D570,DXGI,1,0,0,Composed: Flip,14737.5054,NA,17.69010000000000,NA,0.46380000000000,2.66780000000000,NA,14719.9746,17.9946,17.5308,0.4638,18.9765,1.2221,1.2221,0.0000,NA,NA,NA
ExperienceX.exe,56308,0x216C829D570,DXGI,1,0,0,Composed: Flip,14770.0383,NA,32.53290000000001,NA,0.06110000000000,3.40760000000000,NA,14737.9692,32.1302,32.0691,0.0611,35.0656,0.4111,0.4062,0.0049,NA,NA,NA
ExperienceX.exe,56308,0x216C829D570,DXGI,1,0,0,Composed: Flip,14786.4601,NA,16.42180000000000,82.98440000000001,0.13860000000000,0.68170000000000,33.0599,14770.0994,16.4993,16.3607,0.1386,16.4702,0.5722,0.5722,0.0000,0.4567,14770.0994,NA
ExperienceX.exe,56308,0x216C829D570,DXGI,1,0,0,Composed: Flip,14803.5071,NA,17.04700000000000,16.68360000000000,0.10660000000000,2.92190000000000,32.6965,14786.5987,17.0150,16.9084,0.1066,19.4150,0.4153,0.4153,0.0000,-0.1843,14786.5987,NA
ExperienceX.exe,56308,0x216838E1150,DXGI,1,0,0,Composed: Flip,14770.0358,NA,16.72620000000000,33.34240000000000,0.06360000000000,2.99900000000000,32.8220,14753.5282,16.5712,16.5076,0.0636,16.9081,2.5985,2.5985,0.0000,0.2114,14753.5282,NA
ExperienceX.exe,56308,0x216838E1150,DXGI,1,0,0,Composed: Flip,14786.4598,NA,16.42400000000000,NA,0.13880000000000,1.05740000000000,NA,14770.0994,16.4992,16.3604,0.1388,17.0424,0.3754,0.3754,0.0000,NA,NA,NA
ExperienceX.exe,56308,0x216838E1150,DXGI,1,0,0,Composed: Flip,14803.5127,NA,17.05290000000000,NA,0.10100000000000,2.50100000000000,NA,14786.5986,17.0151,16.9141,0.1010,17.5121,1.9030,1.9030,0.0000,NA,NA,NA
ExperienceX.exe,56308,0x216838E1150,DXGI,1,0,0,Composed: Flip,14819.7656,NA,16.25290000000000,NA,0.12780000000000,0.64500000000000,NA,14803.6137,16.2797,16.1519,0.1278,2.8153,13.9816,1.1724,12.8092,NA,NA,NA
ExperienceX.exe,56308,0x216C829D570,DXGI,1,0,0,Composed: Flip,14819.7657,NA,16.25860000000000,16.65260000000000,0.12750000000000,1.06760000000000,33.0905,14803.6137,16.2795,16.1520,0.1275,16.7969,0.4227,0.4227,0.0000,0.3624,14803.6137,NA
ExperienceX.exe,56308,0x216C829D570,DXGI,1,0,0,Composed: Flip,14836.9479,NA,17.18220000000000,NA,0.55160000000000,2.64860000000000,NA,14819.8932,17.6063,17.0547,0.5516,19.2826,0.4207,0.4207,0.0000,NA,NA,NA
ExperienceX.exe,56308,0x216C829D570,DXGI,1,0,0,Composed: Flip,14853.1389,NA,16.19100000000000,33.41620000000000,0.20570000000000,2.39510000000000,33.1335,14837.4995,15.8451,15.6394,0.2057,17.2539,0.7806,0.7806,0.0000,0.4696,14837.4995,NA
ExperienceX.exe,56308,0x216C829D570,DXGI,1,0,0,Composed: Flip,14871.5754,NA,18.43650000000000,16.59480000000000,0.11640000000000,2.31770000000000,31.2918,14853.3446,18.3472,18.2308,0.1164,20.1124,0.4361,0.4361,0.0000,-0.7497,14853.3446,NA
ExperienceX.exe,56308,0x216838E1150,DXGI,1,0,0,Composed: Flip,14837.3514,NA,17.58580000000000,66.78430000000000,0.75640000000000,1.82440000000000,32.2907,14819.8934,18.2144,17.4580,0.7564,17.3756,1.9068,1.9068,0.0000,-0.4191,14819.8934,NA
ExperienceX.exe,56308,0x216838E1150,DXGI,1,0,0,Composed: Flip,14853.1385,NA,15.78710000000000,NA,0.20620000000000,1.61490000000000,NA,14838.1078,15.2369,15.0307,0.2062,1.4887,15.1569,1.9558,13.2011,NA,NA,NA
ExperienceX.exe,56308,0x216838E1150,DXGI,1,0,0,Composed: Flip,14871.5640,NA,18.42550000000000,NA,0.09250000000000,1.89300000000000,NA,14853.3447,18.3118,18.2193,0.0925,18.8753,1.2370,1.2370,0.0000,NA,NA,NA
ExperienceX.exe,56308,0x216838E1150,DXGI,1,0,0,Composed: Flip,14886.6868,NA,15.12280000000000,NA,0.05500000000000,1.03760000000000,NA,14871.6565,15.0853,15.0303,0.0550,15.6488,0.4191,0.4191,0.0000,NA,NA,NA
ExperienceX.exe,56308,0x216838E1150,DXGI,1,0,0,Composed: Flip,14904.1529,NA,17.46610000000000,66.57390000000001,0.04850000000000,2.05020000000000,32.0631,14886.7418,17.4596,17.4111,0.0485,19.0372,0.4241,0.4241,0.0000,0.2745,14886.7418,NA
ExperienceX.exe,56308,0x216C829D570,DXGI,1,0,0,Composed: Flip,14886.6891,NA,15.11370000000000,16.65230000000000,0.05840000000000,0.61620000000000,32.8304,14871.6918,15.0557,14.9973,0.0584,2.2013,13.4122,0.6132,12.7990,1.6949,14871.6918,NA
ExperienceX.exe,56308,0x216C829D570,DXGI,1,0,0,Composed: Flip,14903.9680,NA,17.27890000000000,NA,0.16010000000000,1.81100000000000,NA,14886.7475,17.3806,17.2205,0.1601,17.1132,1.9183,1.9183,0.0000,NA,NA,NA
ExperienceX.exe,56308,0x216C829D570,DXGI,1,0,0,Composed: Flip,14919.7770,NA,15.80900000000000,NA,0.15570000000000,1.02350000000000,NA,14904.1281,15.8046,15.6489,0.1557,16.2092,0.4632,0.4632,0.0000,NA,NA,NA
ExperienceX.exe,56308,0x216838E1150,DXGI,1,0,0,Composed: Flip,14919.7566,NA,15.60370000000000,16.67280000000000,0.05880000000000,0.58070000000000,33.1322,14904.2014,15.6140,15.5552,0.0588,2.0017,14.1342,0.8898,13.2444,0.7868,14904.2014,NA
ExperienceX.exe,56308,0x216838E1150,DXGI,1,0,0,Composed: Flip,14936.8765,NA,17.11990000000000,NA,0.08100000000000,2.95080000000000,NA,14919.8154,17.1421,17.0611,0.0810,19.5707,0.4412,0.4412,0.0000,NA,NA,NA
ExperienceX.exe,56308,0x216C829D570,DXGI,1,0,0,Composed: Flip,14936.8680,NA,17.09100000000000,50.02420000000000,0.81360000000000,2.51810000000000,32.6757,14919.9327,17.7489,16.9353,0.8136,17.4406,2.0128,2.0128,0.0000,-1.7833,14919.9327,NA
ExperienceX.exe,56308,0x216C829D570,DXGI,1,0,0,Composed: Flip,14953.1879,NA,16.31990000000000,NA,0.16090000000000,0.67060000000000,NA,14937.6816,15.6672,15.5063,0.1609,2.1457,14.0312,1.0959,12.9353,NA,NA,NA
ExperienceX.exe,56308,0x216C829D570,DXGI,1,0,0,Composed: Flip,14970.1687,NA,16.98080000000000,33.33030000000000,0.52180000000000,2.33840000000000,32.7053,14953.3488,17.3417,16.8199,0.5218,17.1924,1.9659,1.9659,0.0000,0.0858,14953.3488,NA
ExperienceX.exe,56308,0x216C829D570,DXGI,1,0,0,Composed: Flip,14986.8045,NA,16.63580000000000,16.66110000000000,0.25680000000000,1.84600000000000,32.7306,14970.6905,16.3708,16.1140,0.2568,17.7315,0.2285,0.2285,0.0000,0.6806,14970.6905,NA
ExperienceX.exe,56308,0x0,Other,-1,0,0,Composed: Flip,14753.9274,NA,433.64200000000000,433.31160000000000,0.00000000000000,0.46290000000000,32.2544,14320.2854,433.6420,433.6420,0.0000,433.6744,0.4305,0.4305,0.0000,NA,14320.2854,NA
ExperienceX.exe,56308,0x216838E1150,DXGI,1,0,0,Composed: Flip,14953.1886,NA,16.31210000000000,33.42810000000000,0.16010000000000,1.13490000000000,33.1283,14936.9575,16.3912,16.2311,0.1601,16.9010,0.4650,0.4650,0.0000,-0.6720,14936.9575,NA
ExperienceX.exe,56308,0x216838E1150,DXGI,1,0,0,Composed: Flip,14970.4417,NA,17.25310000000000,NA,0.12710000000000,2.50760000000000,NA,14953.3487,17.2201,17.0930,0.1271,19.1584,0.4422,0.4422,0.0000,NA,NA,NA
ExperienceX.exe,56308,0x216838E1150,DXGI,1,0,0,Composed: Flip,14986.8029,NA,16.36120000000000,NA,0.25860000000000,1.61910000000000,NA,14970.5688,16.4927,16.2341,0.2586,2.3805,15.4727,1.9461,13.5266,NA,NA,NA
ExperienceX.exe,56308,0x216838E1150,DXGI,1,0,0,Composed: Flip,15003.9747,NA,17.17180000000000,NA,0.06400000000000,2.28680000000000,NA,14987.0615,16.9772,16.9132,0.0640,18.7631,0.4369,0.4369,0.0000,NA,NA,NA
ExperienceX.exe,56308,0x216838E1150,DXGI,1,0,0,Composed: Flip,15019.8549,NA,15.88020000000000,NA,0.31980000000000,1.11270000000000,NA,15004.0387,16.1360,15.8162,0.3198,2.2228,14.7061,1.6046,13.1015,NA,NA,NA
ExperienceX.exe,56308,0x216838E1150,DXGI,1,0,0,Composed: Flip,15037.0804,NA,17.22550000000000,83.21500000000000,1.09940000000000,2.82370000000000,32.4515,15020.1747,18.0051,16.9057,1.0994,19.2814,0.4480,0.4480,0.0000,0.0022,15020.1747,NA
ExperienceX.exe,56308,0x216838E1150,DXGI,1,0,0,Composed: Flip,15053.6367,NA,16.55630000000000,16.66530000000000,0.25910000000000,1.15050000000000,32.5605,15038.1798,15.7160,15.4569,0.2591,16.1375,0.4699,0.4699,0.0000,1.3398,15038.1798,NA
ExperienceX.exe,56308,0x216838E1150,DXGI,1,0,0,Composed: Flip,15070.1590,NA,16.52230000000000,16.69580000000000,0.11430000000000,4.66090000000000,32.7340,15053.8958,16.3775,16.2632,0.1143,19.3871,1.5370,1.5332,0.0038,-0.9798,15053.8958,NA
ExperienceX.exe,56308,0x216838E1150,DXGI,1,0,0,Composed: Flip,15086.4779,NA,16.31890000000000,16.72510000000000,0.04940000000000,0.59860000000000,33.1402,15070.2733,16.2540,16.2046,0.0494,16.2996,0.5036,0.5036,0.0000,-0.3476,15070.2733,NA
ExperienceX.exe,56308,0x216C829D570,DXGI,1,0,0,Composed: Flip,15003.4780,NA,16.67350000000000,16.70170000000000,0.11580000000000,2.34660000000000,32.7588,14987.0613,16.5325,16.4167,0.1158,16.7714,1.9919,1.9919,0.0000,-0.3309,14987.0613,NA
ExperienceX.exe,56308,0x216C829D570,DXGI,1,0,0,Composed: Flip,15037.0621,NA,33.58410000000000,NA,0.13050000000000,2.39400000000000,NA,15003.5938,33.5988,33.4683,0.1305,34.3098,1.5525,1.5525,0.0000,NA,NA,NA
ExperienceX.exe,56308,0x216C829D570,DXGI,1,0,0,Composed: Flip,15053.5315,NA,16.46940000000000,NA,0.15420000000000,0.78580000000000,NA,15037.1926,16.4931,16.3389,0.1542,2.7115,14.4132,1.4032,13.0100,NA,NA,NA
ExperienceX.exe,56308,0x216C829D570,DXGI,1,0,0,Composed: Flip,15071.4502,NA,17.91870000000000,NA,0.10460000000000,1.83270000000000,NA,15053.6857,17.8691,17.7645,0.1046,18.3767,1.2205,1.2205,0.0000,NA,NA,NA
ExperienceX.exe,56308,0x216C829D570,DXGI,1,0,0,Composed: Flip,15086.4730,NA,15.02280000000000,NA,0.05510000000000,1.11720000000000,NA,15071.5548,14.9733,14.9182,0.0551,15.5217,0.5137,0.5137,0.0000,NA,NA,NA
ExperienceX.exe,56308,0x216C829D570,DXGI,1,0,0,Composed: Flip,15104.5596,NA,18.08660000000000,NA,0.40550000000000,1.55600000000000,NA,15086.5281,18.4370,18.0315,0.4055,18.0327,1.5548,1.5548,0.0000,NA,NA,NA
ExperienceX.exe,56308,0x216C829D570,DXGI,1,0,0,Composed: Flip,15119.9479,NA,15.38830000000000,116.78650000000000,0.24770000000000,1.36100000000000,33.0754,15104.9651,15.2305,14.9828,0.2477,1.5929,14.7509,1.8863,12.8646,1.1173,15104.9651,NA
ExperienceX.exe,56308,0x216838E1150,DXGI,1,0,0,Composed: Flip,15104.4616,NA,17.98370000000000,16.67030000000000,0.07380000000000,2.09640000000000,31.8268,15086.5273,18.0081,17.9343,0.0738,19.5883,0.4424,0.4424,0.0000,-0.4163,15086.5273,NA
ExperienceX.exe,56308,0x216838E1150,DXGI,1,0,0,Composed: Flip,15119.9483,NA,15.48670000000000,NA,0.16650000000000,2.10470000000000,NA,15104.5354,15.5794,15.4129,0.1665,16.7735,0.7441,0.7441,0.0000,NA,NA,NA
ExperienceX.exe,56308,0x216838E1150,DXGI,1,0,0,Composed: Flip,15136.8173,NA,16.86900000000000,NA,0.08230000000000,2.85570000000000,NA,15120.1148,16.7848,16.7025,0.0823,19.1333,0.4249,0.4249,0.0000,NA,NA,NA
ExperienceX.exe,56308,0x216838E1150,DXGI,1,0,0,Composed: Flip,15153.6065,NA,16.78920000000000,49.94620000000000,0.26940000000000,0.79970000000000,32.6281,15136.8996,16.9763,16.7069,0.2694,2.7734,14.7332,1.1207,13.6125,0.4261,15136.8996,NA
ExperienceX.exe,56308,0x216C829D570,DXGI,1,0,0,Composed: Flip,15136.8095,NA,16.86160000000000,16.66750000000000,0.09580000000000,2.43860000000000,32.8813,15120.1956,16.7097,16.6139,0.0958,17.4448,1.6077,1.6077,0.0000,-1.4370,15120.1956,NA
ExperienceX.exe,56308,0x216C829D570,DXGI,1,0,0,Composed: Flip,15153.6068,NA,16.79730000000000,NA,0.20070000000000,1.35020000000000,NA,15136.9053,16.9022,16.7015,0.2007,17.5009,0.5508,0.5508,0.0000,NA,NA,NA
ExperienceX.exe,56308,0x216C829D570,DXGI,1,0,0,Composed: Flip,15170.7407,NA,17.13390000000000,NA,0.12150000000000,2.69930000000000,NA,15153.8075,17.0547,16.9332,0.1215,19.1907,0.4418,0.4418,0.0000,NA,NA,NA
ExperienceX.exe,56308,0x216838E1150,DXGI,1,0,0,Composed: Flip,15171.6001,NA,17.99360000000000,16.78820000000000,0.16710000000000,1.39810000000000,31.4227,15153.8759,17.8913,17.7242,0.1671,17.5842,1.5381,1.5381,0.0000,0.1881,15153.8759,NA
ExperienceX.exe,56308,0x216838E1150,DXGI,1,0,0,Composed: Flip,15186.5347,NA,14.93460000000000,NA,0.15260000000000,0.69790000000000,NA,15171.7672,14.9201,14.7675,0.1526,1.6728,13.7926,1.2084,12.5842,NA,NA,NA
ExperienceX.exe,56308,0x216C829D570,DXGI,1,0,0,Composed: Flip,15186.5323,NA,15.79160000000000,49.94370000000000,0.15520000000000,1.13460000000000,33.1022,15170.8622,15.8253,15.6701,0.1552,16.3704,0.4343,0.4343,0.0000,0.7229,15170.8622,NA
ExperienceX.exe,56308,0x216C829D570,DXGI,1,0,0,Composed: Flip,15204.7460,NA,18.21370000000000,NA,0.25540000000000,1.65950000000000,NA,15186.6875,18.3139,18.0585,0.2554,17.8450,1.8730,1.8730,0.0000,NA,NA,NA
ExperienceX.exe,56308,0x216838E1150,DXGI,1,0,0,Composed: Flip,15204.8314,NA,18.29670000000000,33.38630000000000,0.38790000000000,2.04130000000000,31.5777,15186.6873,18.5320,18.1441,0.3879,19.7182,0.4672,0.4672,0.0000,-0.5749,15186.6873,NA
ExperienceX.exe,56308,0x216838E1150,DXGI,1,0,0,Composed: Flip,15219.9827,NA,15.15130000000000,NA,0.17650000000000,1.80960000000000,NA,15205.2193,14.9399,14.7634,0.1765,15.8252,0.7478,0.7478,0.0000,NA,NA,NA
ExperienceX.exe,56308,0x216838E1150,DXGI,1,0,0,Composed: Flip,15237.3834,NA,17.40070000000000,33.26820000000000,0.08330000000000,3.50820000000000,32.2939,15220.1592,17.3075,17.2242,0.0833,20.3426,0.3898,0.3867,0.0031,0.2037,15220.1592,NA
ExperienceX.exe,56308,0x216838E1150,DXGI,1,0,0,Composed: Flip,15253.1456,NA,15.76220000000000,16.75430000000000,0.15830000000000,1.15370000000000,33.2860,15237.4667,15.8372,15.6789,0.1583,15.8308,1.0018,1.0018,0.0000,0.5532,15237.4667,NA
ExperienceX.exe,56308,0x216838E1150,DXGI,1,0,0,Composed: Flip,15270.8029,NA,17.65730000000000,16.51780000000000,0.25530000000000,2.82780000000000,32.1465,15253.3039,17.7543,17.4990,0.2553,18.4158,1.9110,1.9110,0.0000,-0.6806,15253.3039,NA
ExperienceX.exe,56308,0x216838E1150,DXGI,1,0,0,Composed: Flip,15286.8718,NA,16.06890000000000,16.62290000000000,0.25470000000000,1.36900000000000,32.7005,15271.0582,16.0683,15.8136,0.2547,3.0228,14.1598,2.4834,11.6764,1.1314,15271.0582,NA
ExperienceX.exe,56308,0x216838E1150,DXGI,1,0,0,Composed: Flip,15304.3857,NA,17.51390000000000,16.71690000000000,0.06700000000000,1.46190000000000,31.9035,15287.1265,17.3262,17.2592,0.0670,16.7418,1.9793,1.9793,0.0000,-0.6486,15287.1265,NA
ExperienceX.exe,56308,0x216C829D570,DXGI,1,0,0,Composed: Flip,15219.9826,NA,15.23660000000000,33.21880000000000,0.17670000000000,1.06190000000000,32.8707,15205.0014,15.1579,14.9812,0.1767,1.8713,14.1718,1.5672,12.6046,0.9204,15205.0014,NA
ExperienceX.exe,56308,0x216C829D570,DXGI,1,0,0,Composed: Flip,15238.2821,NA,18.29950000000000,NA,0.11170000000000,2.21970000000000,NA,15220.1593,18.2345,18.1228,0.1117,17.7843,2.5582,2.5582,0.0000,NA,NA,NA
ExperienceX.exe,56308,0x216C829D570,DXGI,1,0,0,Composed: Flip,15253.1505,NA,14.86840000000000,NA,0.18900000000000,1.78790000000000,NA,15238.3938,14.9457,14.7567,0.1890,15.9055,0.6391,0.6391,0.0000,NA,NA,NA
ExperienceX.exe,56308,0x216C829D570,DXGI,1,0,0,Composed: Flip,15270.8043,NA,17.65380000000000,NA,0.25530000000000,3.27670000000000,NA,15253.3395,17.7201,17.4648,0.2553,20.2912,0.4503,0.4503,0.0000,NA,NA,NA
ExperienceX.exe,56308,0x216C829D570,DXGI,1,0,0,Composed: Flip,15286.8715,NA,16.06720000000000,NA,0.20940000000000,2.21200000000000,NA,15271.0596,16.0213,15.8119,0.2094,17.1812,0.8427,0.8427,0.0000,NA,NA,NA
ExperienceX.exe,56308,0x216C829D570,DXGI,1,0,0,Composed: Flip,15303.5460,NA,16.67450000000000,NA,0.74590000000000,2.73930000000000,NA,15287.0809,17.2110,16.4651,0.7459,18.7667,0.4377,0.4377,0.0000,NA,NA,NA
ExperienceX.exe,56308,0x216C829D570,DXGI,1,0,0,Composed: Flip,15319.8923,NA,16.34630000000000,NA,0.14360000000000,0.68420000000000,NA,15304.2919,15.7440,15.6004,0.1436,1.9934,14.2912,1.0516,13.2396,NA,NA,NA
ExperienceX.exe,56308,0x216838E1150,DXGI,1,0,0,Composed: Flip,15319.8925,NA,15.50680000000000,16.57360000000000,0.14350000000000,1.14660000000000,32.9703,15304.4527,15.5833,15.4398,0.1435,16.1238,0.4626,0.4626,0.0000,0.7526,15304.4527,NA
ExperienceX.exe,56308,0x216838E1150,DXGI,1,0,0,Composed: Flip,15353.2064,NA,33.31390000000000,33.39700000000000,0.15830000000000,1.41370000000000,33.0534,15320.0360,33.3287,33.1704,0.1583,21.0600,13.5241,1.9853,11.5388,-17.8137,15320.0360,NA
ExperienceX.exe,56308,0x216C829D570,DXGI,1,0,0,Composed: Flip,15337.2335,NA,17.34120000000000,116.76060000000001,1.77560000000000,3.44570000000000,32.3804,15320.0359,18.9732,17.1976,1.7756,18.4751,2.1682,1.6577,0.5105,-1.7261,15320.0359,NA
ExperienceX.exe,56308,0x216C829D570,DXGI,1,0,0,Composed: Flip,15353.2078,NA,15.97430000000000,NA,0.15710000000000,2.13080000000000,NA,15339.0091,14.3558,14.1987,0.1571,15.6110,0.7185,0.7185,0.0000,NA,NA,NA
ExperienceX.exe,56308,0x216C829D570,DXGI,1,0,0,Composed: Flip,15371.4567,NA,18.24890000000000,NA,0.11750000000000,1.96900000000000,NA,15353.3649,18.2093,18.0918,0.1175,19.6288,0.4320,0.4320,0.0000,NA,NA,NA
ExperienceX.exe,56308,0x216C829D570,DXGI,1,0,0,Composed: Flip,15386.7200,NA,15.26330000000000,50.01580000000001,0.30930000000000,2.00650000000000,32.9097,15371.5742,15.4551,15.1458,0.3093,16.3884,0.7639,0.7639,0.0000,1.5225,15371.5742,NA
ExperienceX.exe,56308,0x216838E1150,DXGI,1,0,0,Composed: Flip,15371.3279,NA,18.12150000000000,16.60180000000000,0.06830000000000,1.66580000000000,31.5337,15353.3647,18.0315,17.9632,0.0683,18.0404,1.5886,1.5886,0.0000,16.7269,15353.3647,NA
ExperienceX.exe,56308,0x216838E1150,DXGI,1,0,0,Composed: Flip,15386.7188,NA,15.39090000000000,NA,0.31060000000000,1.24380000000000,NA,15371.3962,15.6332,15.3226,0.3106,2.0295,14.5369,1.1270,13.4099,NA,NA,NA
ExperienceX.exe,56308,0x216838E1150,DXGI,1,0,0,Composed: Flip,15404.2243,NA,17.50550000000000,NA,0.10820000000000,2.05320000000000,NA,15387.0294,17.3031,17.1949,0.1082,18.8131,0.4350,0.4350,0.0000,NA,NA,NA
ExperienceX.exe,56308,0x216838E1150,DXGI,1,0,0,Composed: Flip,15420.0516,NA,15.82730000000000,50.05450000000000,0.18720000000000,1.41530000000000,32.8645,15404.3325,15.9063,15.7191,0.1872,1.9450,15.1894,1.4870,13.7024,0.9133,15404.3325,NA
ExperienceX.exe,56308,0x216C829D570,DXGI,1,0,0,Composed: Flip,15404.2020,NA,17.48200000000000,16.58450000000000,0.06380000000000,1.64050000000000,32.0122,15387.0293,17.2365,17.1727,0.0638,16.8549,1.9583,1.9583,0.0000,-1.1294,15387.0293,NA
ExperienceX.exe,56308,0x216C829D570,DXGI,1,0,0,Composed: Flip,15420.0518,NA,15.84980000000000,NA,0.18700000000000,2.17290000000000,NA,15404.2658,15.9730,15.7860,0.1870,17.2011,0.7578,0.7578,0.0000,NA,NA,NA
ExperienceX.exe,56308,0x216C829D570,DXGI,1,0,0,Composed: Flip,15436.9106,NA,16.85880000000000,NA,0.10230000000000,3.36950000000000,NA,15420.2388,16.7741,16.6718,0.1023,19.3718,0.6695,0.6662,0.0033,NA,NA,NA
ExperienceX.exe,56308,0x216838E1150,DXGI,1,0,0,Composed: Flip,15437.8583,NA,17.80670000000000,16.70700000000000,0.06070000000000,1.75230000000000,31.7648,15420.2388,17.6802,17.6195,0.0607,17.7458,1.6260,1.6260,0.0000,-0.8007,15420.2388,NA
ExperienceX.exe,56308,0x216838E1150,DXGI,1,0,0,Composed: Flip,15453.2485,NA,15.39020000000000,NA,0.26440000000000,1.78500000000000,NA,15437.9190,15.5939,15.3295,0.2644,15.6014,1.5131,1.5131,0.0000,NA,NA,NA
ExperienceX.exe,56308,0x216C829D570,DXGI,1,0,0,Composed: Flip,15453.2486,NA,16.33800000000000,50.25160000000000,0.26430000000000,3.37930000000000,33.2172,15437.0129,16.5000,16.2357,0.2643,18.0206,1.5944,1.5944,0.0000,-0.2680,15437.0129,NA
ExperienceX.exe,56308,0x216C829D570,DXGI,1,0,0,Composed: Flip,15470.3600,NA,17.11140000000000,NA,0.18250000000000,2.59580000000000,NA,15453.5129,17.0296,16.8471,0.1825,17.4319,2.0110,2.0110,0.0000,NA,NA,NA
ExperienceX.exe,56308,0x216838E1150,DXGI,1,0,0,Composed: Flip,15470.3957,NA,17.14720000000000,33.24430000000000,0.16360000000000,2.97070000000000,32.4717,15453.5129,17.0464,16.8828,0.1636,19.4429,0.4106,0.4106,0.0000,0.0298,15453.5129,NA
ExperienceX.exe,56308,0x216838E1150,DXGI,1,0,0,Composed: Flip,15487.2574,NA,16.86170000000000,NA,0.80960000000000,4.04250000000000,NA,15470.5593,17.5077,16.6981,0.8096,2.8071,17.9335,4.2038,13.7297,NA,NA,NA
ExperienceX.exe,56308,0x216C829D570,DXGI,1,0,0,Composed: Flip,15487.2578,NA,16.89780000000000,33.13910000000000,0.49390000000000,5.36410000000000,32.3471,15470.5425,17.2092,16.7153,0.4939,21.2269,0.8525,0.8525,0.0000,0.3905,15470.5425,NA
ExperienceX.exe,56308,0x216C829D570,DXGI,1,0,0,Composed: Flip,15505.9279,NA,18.67010000000000,NA,0.38710000000000,2.66290000000000,NA,15487.7517,18.5633,18.1762,0.3871,20.4150,0.4241,0.4241,0.0000,NA,NA,NA
ExperienceX.exe,56308,0x216838E1150,DXGI,1,0,0,Composed: Flip,15505.4525,NA,18.19510000000000,33.86270000000000,0.13270000000000,2.71420000000000,31.2776,15488.0670,17.5182,17.3855,0.1327,17.1428,2.9569,2.6665,0.2904,0.6914,15488.0670,NA
ExperienceX.exe,56308,0x216838E1150,DXGI,1,0,0,Composed: Flip,15520.0452,NA,14.59270000000000,NA,0.30810000000000,1.52670000000000,NA,15505.5852,14.7681,14.4600,0.3081,3.0056,12.9811,2.1517,10.8294,NA,NA,NA
ExperienceX.exe,56308,0x216C829D570,DXGI,1,0,0,Composed: Flip,15520.0453,NA,14.11740000000000,33.28620000000000,0.32860000000000,1.94980000000000,32.8458,15506.3150,14.0589,13.7303,0.3286,15.2569,0.4232,0.4232,0.0000,2.4863,15506.3150,NA
ExperienceX.exe,56308,0x216C829D570,DXGI,1,0,0,Composed: Flip,15538.3698,NA,18.32450000000000,NA,0.18080000000000,2.22980000000000,NA,15520.3739,18.1767,17.9959,0.1808,18.9474,1.2783,1.2783,0.0000,NA,NA,NA
ExperienceX.exe,56308,0x216838E1150,DXGI,1,0,0,Composed: Flip,15538.9041,NA,18.85890000000000,32.88360000000000,0.13520000000000,2.13940000000000,30.7096,15520.3533,18.6860,18.5508,0.1352,20.2463,0.4439,0.4439,0.0000,-0.5973,15520.3533,NA
ExperienceX.exe,56308,0x216838E1150,DXGI,1,0,0,Composed: Flip,15553.2053,NA,14.30120000000000,NA,0.15760000000000,0.72220000000000,NA,15539.0393,14.3236,14.1660,0.1576,2.0042,12.8840,1.2682,11.6158,NA,NA,NA
ExperienceX.exe,56308,0x216838E1150,DXGI,1,0,0,Composed: Flip,15570.7428,NA,17.53750000000000,33.33990000000000,0.37420000000000,2.19670000000000,32.2108,15553.3629,17.7541,17.3799,0.3742,17.9820,1.5946,1.5946,0.0000,-0.3303,15553.3629,NA
ExperienceX.exe,56308,0x216838E1150,DXGI,1,0,0,Composed: Flip,15586.5447,NA,15.80190000000000,16.65430000000000,0.06730000000000,0.79570000000000,33.0632,15571.1170,15.4950,15.4277,0.0673,2.2611,13.9623,0.8389,13.1234,1.0998,15571.1170,NA
ExperienceX.exe,56308,0x0,Other,-1,0,0,Composed: Flip,15020.6562,NA,266.72880000000004,266.69499999999999,0.00000000000000,1.48350000000000,32.2206,14753.9274,266.7288,266.7288,0.0000,267.0605,1.1518,1.1518,0.0000,166.9470,14753.9274,NA
ExperienceX.exe,56308,0x0,Other,-1,0,0,Composed: Flip,15339.1628,NA,318.50659999999999,NA,0.00000000000000,1.93320000000000,NA,15020.6562,318.5066,318.5066,0.0000,320.0230,0.4168,0.4168,0.0000,NA,NA,NA
ExperienceX.exe,56308,0x216838E1150,DXGI,1,0,0,Composed: Flip,15604.0280,NA,17.48330000000000,16.63530000000000,1.01290000000000,2.89770000000000,32.2152,15586.6120,18.4289,17.4160,1.0129,18.6984,1.6153,1.6153,0.0000,-1.1403,15586.6120,NA
ExperienceX.exe,56308,0x216838E1150,DXGI,1,0,0,Composed: Flip,15636.8141,NA,32.78610000000000,33.70450000000000,0.09950000000000,3.07760000000000,33.1336,15605.0409,31.8727,31.7732,0.0995,34.3067,0.5441,0.5441,0.0000,-15.2756,15605.0409,NA
ExperienceX.exe,56308,0x216838E1150,DXGI,1,0,0,Composed: Flip,15653.2297,NA,16.41560000000000,16.47250000000000,0.17150000000000,1.44440000000000,33.1905,15636.9136,16.4876,16.3161,0.1715,17.3428,0.4177,0.4177,0.0000,15.4002,15636.9136,NA
ExperienceX.exe,56308,0x216838E1150,DXGI,1,0,0,Composed: Flip,15670.7338,NA,17.50410000000000,16.72090000000000,0.11020000000000,2.39200000000000,32.4073,15653.4012,17.4428,17.3326,0.1102,18.3727,1.3519,1.3519,0.0000,-0.2333,15653.4012,NA
ExperienceX.exe,56308,0x216838E1150,DXGI,1,0,0,Composed: Flip,15686.9647,NA,16.23090000000000,16.44850000000000,0.30840000000000,1.57310000000000,32.6249,15670.8440,16.4291,16.1207,0.3084,17.2287,0.4651,0.4651,0.0000,0.9943,15670.8440,NA
ExperienceX.exe,56308,0x216C829D570,DXGI,1,0,0,Composed: Flip,15553.2073,NA,14.83750000000000,33.39880000000000,0.15570000000000,1.79760000000000,33.0826,15538.5506,14.8124,14.6567,0.1557,15.3769,1.0774,1.0774,0.0000,-1.1632,15538.5506,NA
ExperienceX.exe,56308,0x216C829D570,DXGI,1,0,0,Composed: Flip,15570.2975,NA,17.09020000000000,NA,0.76080000000000,3.08060000000000,NA,15553.3630,17.6953,16.9345,0.7608,19.5765,0.4386,0.4386,0.0000,NA,NA,NA
ExperienceX.exe,56308,0x216C829D570,DXGI,1,0,0,Composed: Flip,15586.6169,NA,16.31940000000000,NA,0.36460000000000,1.16840000000000,NA,15571.0583,15.9232,15.5586,0.3646,16.2821,0.4449,0.4449,0.0000,NA,NA,NA
ExperienceX.exe,56308,0x216C829D570,DXGI,1,0,0,Composed: Flip,15605.0950,NA,18.47810000000000,NA,0.07100000000000,2.27460000000000,NA,15586.9815,18.1845,18.1135,0.0710,19.9442,0.4439,0.4439,0.0000,NA,NA,NA
ExperienceX.exe,56308,0x216C829D570,DXGI,1,0,0,Composed: Flip,15619.9466,NA,14.85160000000000,NA,0.18780000000000,0.67690000000000,NA,15605.1660,14.9684,14.7806,0.1878,2.2036,13.2539,1.1417,12.1122,NA,NA,NA
ExperienceX.exe,56308,0x216C829D570,DXGI,1,0,0,Composed: Flip,15637.2971,NA,17.35050000000000,NA,0.43990000000000,2.05050000000000,NA,15620.1344,17.6026,17.1627,0.4399,17.4480,1.7652,1.7652,0.0000,NA,NA,NA
ExperienceX.exe,56308,0x216C829D570,DXGI,1,0,0,Composed: Flip,15653.2292,NA,15.93210000000000,NA,0.17210000000000,1.02720000000000,NA,15637.7370,15.6643,15.4922,0.1721,2.1547,14.3647,1.0714,13.2933,NA,NA,NA
ExperienceX.exe,56308,0x216C829D570,DXGI,1,0,0,Composed: Flip,15671.6251,NA,18.39590000000000,NA,0.09030000000000,2.54420000000000,NA,15653.4013,18.3141,18.2238,0.0903,19.7245,1.0435,1.0435,0.0000,NA,NA,NA
ExperienceX.exe,56308,0x216C829D570,DXGI,1,0,0,Composed: Flip,15686.9622,NA,15.33710000000000,NA,0.29230000000000,1.11050000000000,NA,15671.7154,15.5391,15.2468,0.2923,2.4539,13.9034,1.1233,12.7801,NA,NA,NA
ExperienceX.exe,56308,0x216C829D570,DXGI,1,0,0,Composed: Flip,15705.3045,NA,18.34230000000000,NA,0.25740000000000,3.28110000000000,NA,15687.2545,18.3074,18.0500,0.2574,20.0645,1.2666,1.2615,0.0051,NA,NA,NA
ExperienceX.exe,56308,0x216838E1150,DXGI,1,0,0,Composed: Flip,15704.9353,NA,17.97060000000000,16.97120000000000,0.26150000000000,2.38370000000000,31.6255,15687.2731,17.9237,17.6622,0.2615,18.0863,1.9596,1.9596,0.0000,-0.5421,15687.2731,NA
ExperienceX.exe,56308,0x216838E1150,DXGI,1,0,0,Composed: Flip,15720.0426,NA,15.10730000000000,NA,0.34090000000000,1.28680000000000,NA,15705.1968,15.1867,14.8458,0.3409,14.8882,1.2444,1.2444,0.0000,NA,NA,NA
ExperienceX.exe,56308,0x0,Other,-1,0,0,Composed: Flip,15620.7162,NA,281.55340000000001,600.00869999999998,0.00000000000000,0.97630000000000,32.1693,15339.1628,281.5534,281.5534,0.0000,281.4607,1.0690,1.0690,0.0000,-14.7733,15339.1628,NA
ExperienceX.exe,56308,0x216838E1150,DXGI,1,0,0,Composed: Flip,15737.8908,NA,17.84820000000000,32.95910000000000,0.14810000000000,3.43790000000000,31.6291,15720.3835,17.6554,17.5073,0.1481,20.4976,0.4476,0.4476,0.0000,0.1513,15720.3835,NA
ExperienceX.exe,56308,0x216838E1150,DXGI,1,0,0,Composed: Flip,15770.0302,NA,32.13940000000000,33.41000000000000,0.08390000000000,3.97180000000000,32.8997,15738.0389,32.0752,31.9913,0.0839,34.4370,1.5261,1.5219,0.0042,-15.7546,15738.0389,NA
ExperienceX.exe,56308,0x216838E1150,DXGI,1,0,0,Composed: Flip,15786.7476,NA,16.71740000000000,16.68990000000000,0.13690000000000,1.10930000000000,32.8722,15770.1141,16.7704,16.6335,0.1369,17.3032,0.4396,0.4396,0.0000,15.3853,15770.1141,NA
ExperienceX.exe,56308,0x0,Other,-1,0,0,Composed: Flip,15753.6216,NA,132.90540000000001,133.42540000000000,0.00000000000000,0.23070000000000,32.6893,15620.7162,132.9054,132.9054,0.0000,120.6125,12.5236,1.4299,11.0937,148.1280,15620.7162,NA
ExperienceX.exe,56308,0x216C829D570,DXGI,1,0,0,Composed: Flip,15719.9184,NA,14.61390000000000,166.61820000000000,0.05490000000000,2.20380000000000,32.9897,15705.5619,14.4114,14.3565,0.0549,15.7675,0.7928,0.7928,0.0000,0.3931,15705.5619,NA
ExperienceX.exe,56308,0x216C829D570,DXGI,1,0,0,Composed: Flip,15737.9303,NA,18.01190000000000,NA,0.28130000000000,2.95080000000000,NA,15719.9733,18.2383,17.9570,0.2813,19.6124,1.2954,1.2954,0.0000,NA,NA,NA
ExperienceX.exe,56308,0x216C829D570,DXGI,1,0,0,Composed: Flip,15753.2419,NA,15.31160000000000,NA,0.12290000000000,1.42870000000000,NA,15738.2116,15.1532,15.0303,0.1229,15.6407,0.8183,0.8183,0.0000,NA,NA,NA
ExperienceX.exe,56308,0x216C829D570,DXGI,1,0,0,Composed: Flip,15770.0462,NA,16.80430000000000,NA,0.48610000000000,2.42970000000000,NA,15753.3648,17.1675,16.6814,0.4861,17.1474,1.9637,1.9637,0.0000,NA,NA,NA
ExperienceX.exe,56308,0x216C829D570,DXGI,1,0,0,Composed: Flip,15786.7472,NA,16.70100000000000,NA,0.13420000000000,0.67010000000000,NA,15770.5323,16.3491,16.2149,0.1342,16.3543,0.5307,0.5307,0.0000,NA,NA,NA
ExperienceX.exe,56308,0x216C829D570,DXGI,1,0,0,Composed: Flip,15805.0473,NA,18.30010000000000,NA,0.05050000000000,1.68460000000000,NA,15786.8814,18.2164,18.1659,0.0505,19.4080,0.4425,0.4425,0.0000,NA,NA,NA
ExperienceX.exe,56308,0x216C829D570,DXGI,1,0,0,Composed: Flip,15820.0214,NA,14.97410000000000,NA,0.24040000000000,1.06000000000000,NA,15805.0978,15.1640,14.9236,0.2404,1.6341,14.3495,1.1259,13.2236,NA,NA,NA
ExperienceX.exe,56308,0x216C829D570,DXGI,1,0,0,Composed: Flip,15838.6931,NA,18.67170000000000,116.81330000000001,0.13680000000000,1.88340000000000,31.0283,15820.2618,18.5681,18.4313,0.1368,19.9721,0.3426,0.3426,0.0000,-2.1134,15820.2618,NA
ExperienceX.exe,56308,0x216C829D570,DXGI,1,0,0,Composed: Flip,15853.3261,NA,14.63300000000000,16.47650000000000,0.23800000000000,0.74190000000000,32.8718,15838.8299,14.7342,14.4962,0.2380,1.7466,13.4915,1.1288,12.3627,2.0916,15838.8299,NA
ExperienceX.exe,56308,0x216C829D570,DXGI,1,0,0,Composed: Flip,15870.6901,NA,17.36400000000000,17.05350000000000,0.13990000000000,2.43810000000000,32.5613,15853.5641,17.2659,17.1260,0.1399,17.6044,1.9597,1.9597,0.0000,-2.3193,15853.5641,NA
ExperienceX.exe,56308,0x216838E1150,DXGI,1,0,0,Composed: Flip,15804.2389,NA,17.49130000000000,17.07990000000000,0.38860000000000,2.05050000000000,32.4608,15786.8845,17.7430,17.3544,0.3886,17.7951,1.6098,1.6098,0.0000,-0.3095,15786.8845,NA
ExperienceX.exe,56308,0x216838E1150,DXGI,1,0,0,Composed: Flip,15838.4810,NA,34.24210000000000,NA,0.51180000000000,1.75290000000000,NA,15804.6275,34.3653,33.8535,0.5118,33.4970,2.1094,2.1094,0.0000,NA,NA,NA
ExperienceX.exe,56308,0x216838E1150,DXGI,1,0,0,Composed: Flip,15853.3214,NA,14.84040000000000,NA,0.24100000000000,1.17640000000000,NA,15838.9928,14.5696,14.3286,0.2410,15.0752,0.4298,0.4298,0.0000,NA,NA,NA
ExperienceX.exe,56308,0x216838E1150,DXGI,1,0,0,Composed: Flip,15870.7322,NA,17.41080000000000,NA,0.11900000000000,2.81550000000000,NA,15853.5624,17.2888,17.1698,0.1190,19.5658,0.4195,0.4195,0.0000,NA,NA,NA
ExperienceX.exe,56308,0x216838E1150,DXGI,1,0,0,Composed: Flip,15886.4466,NA,15.71440000000000,NA,0.17070000000000,1.13970000000000,NA,15870.8512,15.7661,15.5954,0.1707,16.4523,0.2828,0.2828,0.0000,NA,NA,NA
ExperienceX.exe,56308,0x216838E1150,DXGI,1,0,0,Composed: Flip,15905.2890,NA,18.84240000000000,99.85820000000001,0.07940000000000,2.52330000000000,31.2689,15886.6173,18.7511,18.6717,0.0794,20.0102,1.1848,1.1848,0.0000,-0.1254,15886.6173,NA
ExperienceX.exe,56308,0x216C829D570,DXGI,1,0,0,Composed: Flip,15886.4471,NA,15.75700000000000,16.33120000000000,0.17030000000000,0.85640000000000,33.1355,15870.8300,15.7874,15.6171,0.1703,2.7177,13.7558,1.6709,12.0849,0.9347,15870.8300,NA
ExperienceX.exe,56308,0x216C829D570,DXGI,1,0,0,Composed: Flip,15904.7551,NA,18.30800000000000,NA,0.11520000000000,1.87240000000000,NA,15886.6174,18.2529,18.1377,0.1152,18.3810,1.6291,1.6291,0.0000,NA,NA,NA
ExperienceX.exe,56308,0x216C829D570,DXGI,1,0,0,Composed: Flip,15919.8564,NA,15.10130000000000,NA,0.24690000000000,1.34180000000000,NA,15904.8703,15.2330,14.9861,0.2469,16.1396,0.1883,0.1788,0.0095,NA,NA,NA
ExperienceX.exe,56308,0x216838E1150,DXGI,1,0,0,Composed: Flip,15919.8444,NA,14.55540000000000,16.32000000000000,0.20210000000000,1.16550000000000,33.0335,15905.3684,14.6781,14.4760,0.2021,2.4439,13.1976,0.9621,12.2355,2.4311,15905.3684,NA
ExperienceX.exe,56308,0x216838E1150,DXGI,1,0,0,Composed: Flip,15937.3624,NA,17.51800000000000,NA,0.12470000000000,2.51360000000000,NA,15920.0465,17.4406,17.3159,0.1247,17.8693,1.9602,1.9602,0.0000,NA,NA,NA
ExperienceX.exe,56308,0x216838E1150,DXGI,1,0,0,Composed: Flip,15953.2103,NA,15.84790000000000,33.38630000000000,0.20800000000000,2.67010000000000,33.0539,15937.4871,15.9312,15.7232,0.2080,17.5242,0.8691,0.8691,0.0000,-1.2676,15937.4871,NA
ExperienceX.exe,56308,0x216C7EA03E0,DXGI,1,0,0,Composed: Flip,13803.4773,NA,15.74820000000000,50.08690000000000,0.25380000000000,3.31150000000000,32.8590,13787.7747,15.9564,15.7026,0.2538,17.7526,1.2615,1.2615,0.0000,0.2802,13787.7747,NA
ExperienceX.exe,56308,0x216C7EA03E0,DXGI,1,0,0,Composed: Flip,13821.5512,NA,18.07390000000000,NA,0.06930000000000,1.72620000000000,NA,13803.7311,17.8894,17.8201,0.0693,18.2645,1.2818,1.2818,0.0000,NA,NA,NA
ExperienceX.exe,56308,0x216C7EA03E0,DXGI,1,0,0,Composed: Flip,13836.7328,NA,15.18160000000000,NA,0.24240000000000,0.79270000000000,NA,13821.6205,15.3547,15.1123,0.2424,1.6569,14.2481,0.7720,13.4761,NA,NA,NA
ExperienceX.exe,56308,0x216C7EA03E0,DXGI,1,0,0,Composed: Flip,13853.8143,NA,17.08150000000000,NA,0.41340000000000,1.59970000000000,NA,13836.9752,17.2525,16.8391,0.4134,17.1616,1.2772,1.2684,0.0088,NA,NA,NA
ExperienceX.exe,56308,0x216C7EA03E0,DXGI,1,0,0,Composed: Flip,13870.1450,NA,16.33070000000000,NA,0.24640000000000,1.77920000000000,NA,13854.2277,16.1637,15.9173,0.2464,16.2403,1.4562,1.4562,0.0000,NA,NA,NA
ExperienceX.exe,56308,0x216C7EA03E0,DXGI,1,0,0,Composed: Flip,13888.3663,NA,18.22130000000000,NA,0.06290000000000,1.43440000000000,NA,13870.3914,18.0378,17.9749,0.0629,18.0306,1.3787,1.3685,0.0102,NA,NA,NA
ExperienceX.exe,56308,0x216C7EA03E0,DXGI,1,0,0,Composed: Flip,13903.5389,NA,15.17260000000000,NA,0.35720000000000,1.97950000000000,NA,13888.4292,15.4669,15.1097,0.3572,15.5020,1.5872,1.5872,0.0000,NA,NA,NA
ExperienceX.exe,56308,0x216C7EA03E0,DXGI,1,0,0,Composed: Flip,13920.8652,NA,17.32630000000000,NA,0.07520000000000,1.94760000000000,NA,13903.8961,17.0443,16.9691,0.0752,17.7956,1.1211,1.1211,0.0000,NA,NA,NA
ExperienceX.exe,56308,0x216C7EA03E0,DXGI,1,0,0,Composed: Flip,13936.5342,NA,15.66900000000000,NA,0.14140000000000,0.65420000000000,NA,13920.9404,15.7352,15.5938,0.1414,1.8724,14.3756,1.0806,13.2950,NA,NA,NA
ExperienceX.exe,56308,0x216C7EA03E0,DXGI,1,0,0,Composed: Flip,13953.7206,NA,17.18640000000000,NA,0.16050000000000,1.71840000000000,NA,13936.6756,17.2055,17.0450,0.1605,17.4920,1.2714,1.2714,0.0000,NA,NA,NA
ExperienceX.exe,56308,0x216C7EA03E0,DXGI,1,0,0,Composed: Flip,13970.3756,NA,16.65500000000000,NA,0.13620000000000,0.60370000000000,NA,13953.8811,16.6307,16.4945,0.1362,1.5579,15.5403,0.5428,14.9975,NA,NA,NA
ExperienceX.exe,56308,0x216C7EA03E0,DXGI,1,0,0,Composed: Flip,13987.2992,NA,16.92360000000000,NA,0.05490000000000,1.42220000000000,NA,13970.5118,16.8423,16.7874,0.0549,16.9695,1.2401,1.2333,0.0068,NA,NA,NA
ExperienceX.exe,56308,0x216C7EA03E0,DXGI,1,0,0,Composed: Flip,14003.2739,NA,15.97470000000000,NA,0.18490000000000,1.04800000000000,NA,13987.3541,16.1047,15.9198,0.1849,16.0775,0.8903,0.8034,0.0869,NA,NA,NA
ExperienceX.exe,56308,0x216C7EA03E0,DXGI,1,0,0,Composed: Flip,14020.9909,NA,17.71700000000000,NA,0.05700000000000,1.53740000000000,NA,14003.4588,17.5891,17.5321,0.0570,17.8469,1.2226,1.2226,0.0000,NA,NA,NA
ExperienceX.exe,56308,0x216C7EA03E0,DXGI,1,0,0,Composed: Flip,14036.5713,NA,15.58040000000000,NA,0.24190000000000,0.88440000000000,NA,14021.0479,15.7653,15.5234,0.2419,1.4804,14.9274,0.8936,14.0338,NA,NA,NA
ExperienceX.exe,56308,0x216C7EA03E0,DXGI,1,0,0,Composed: Flip,14053.9738,NA,17.40250000000000,NA,0.08750000000000,2.21460000000000,NA,14036.8132,17.2481,17.1606,0.0875,18.4684,0.9068,0.9028,0.0040,NA,NA,NA
ExperienceX.exe,56308,0x216C7EA03E0,DXGI,1,0,0,Composed: Flip,14069.8958,NA,15.92200000000000,NA,0.10110000000000,1.83530000000000,NA,14054.0613,15.9356,15.8345,0.1011,16.0561,1.6137,1.5287,0.0850,NA,NA,NA
ExperienceX.exe,56308,0x216C7EA03E0,DXGI,1,0,0,Composed: Flip,14088.1863,NA,18.29050000000000,NA,0.22340000000000,2.19290000000000,NA,14069.9969,18.4128,18.1894,0.2234,19.1280,1.2543,1.2486,0.0057,NA,NA,NA
ExperienceX.exe,56308,0x216C7EA03E0,DXGI,1,0,0,Composed: Flip,14103.1754,NA,14.98910000000000,NA,0.20340000000000,0.90200000000000,NA,14088.4097,14.9691,14.7657,0.2034,14.9109,0.7568,0.7568,0.0000,NA,NA,NA
ExperienceX.exe,56308,0x216C7EA03E0,DXGI,1,0,0,Composed: Flip,14120.6921,NA,17.51670000000000,NA,0.28780000000000,2.81310000000000,NA,14103.3788,17.6011,17.3133,0.2878,19.7163,0.4101,0.4067,0.0034,NA,NA,NA
ExperienceX.exe,56308,0x216C7EA03E0,DXGI,1,0,0,Composed: Flip,14136.5618,NA,15.86970000000000,NA,0.27070000000000,0.88720000000000,NA,14120.9799,15.8526,15.5819,0.2707,15.7962,0.6729,0.6729,0.0000,NA,NA,NA
ExperienceX.exe,56308,0x216C7EA03E0,DXGI,1,0,0,Composed: Flip,14153.8032,NA,17.24140000000000,NA,0.25560000000000,1.70310000000000,NA,14136.8325,17.2263,16.9707,0.2556,17.7829,0.8909,0.8846,0.0063,NA,NA,NA
ExperienceX.exe,56308,0x216C7EA03E0,DXGI,1,0,0,Composed: Flip,14169.8319,NA,16.02870000000000,NA,0.20010000000000,0.65800000000000,NA,14154.0588,15.9732,15.7731,0.2001,15.9200,0.5111,0.5111,0.0000,NA,NA,NA
ExperienceX.exe,56308,0x216C7EA03E0,DXGI,1,0,0,Composed: Flip,14187.3825,NA,17.55060000000000,NA,0.26240000000000,1.50590000000000,NA,14170.0320,17.6129,17.3505,0.2624,17.6537,1.2027,1.1965,0.0062,NA,NA,NA
ExperienceX.exe,56308,0x216C7EA03E0,DXGI,1,0,0,Composed: Flip,14203.1336,NA,15.75110000000000,NA,0.13320000000000,0.66020000000000,NA,14187.6449,15.6219,15.4887,0.1332,15.6528,0.4961,0.4961,0.0000,NA,NA,NA
ExperienceX.exe,56308,0x216C7EA03E0,DXGI,1,0,0,Composed: Flip,14220.8511,NA,17.71750000000000,NA,0.06440000000000,1.43180000000000,NA,14203.2668,17.6487,17.5843,0.0644,17.6989,1.3172,1.3080,0.0092,NA,NA,NA
ExperienceX.exe,56308,0x216C7EA03E0,DXGI,1,0,0,Composed: Flip,14236.5296,NA,15.67850000000000,NA,0.21480000000000,0.73580000000000,NA,14220.9155,15.8289,15.6141,0.2148,15.8461,0.5038,0.5038,0.0000,NA,NA,NA
ExperienceX.exe,56308,0x216C7EA03E0,DXGI,1,0,0,Composed: Flip,14254.0715,NA,17.54190000000000,NA,0.05280000000000,1.42190000000000,NA,14236.7444,17.3799,17.3271,0.0528,17.8396,0.9094,0.9031,0.0063,NA,NA,NA
ExperienceX.exe,56308,0x216C7EA03E0,DXGI,1,0,0,Composed: Flip,14269.7997,NA,15.72820000000000,NA,0.19970000000000,0.78650000000000,NA,14254.1243,15.8751,15.6754,0.1997,15.9227,0.5392,0.5392,0.0000,NA,NA,NA
ExperienceX.exe,56308,0x216C7EA03E0,DXGI,1,0,0,Composed: Flip,14288.5974,NA,18.79770000000000,NA,0.75690000000000,1.37100000000000,NA,14269.9994,19.3549,18.5980,0.7569,19.2238,0.7452,0.7452,0.0000,NA,NA,NA
ExperienceX.exe,56308,0x216C7EA03E0,DXGI,1,0,0,Composed: Flip,14303.2891,NA,14.69170000000000,NA,0.36720000000000,2.16850000000000,NA,14289.3543,14.3020,13.9348,0.3672,0.6141,15.4892,1.6068,13.8824,NA,NA,NA
ExperienceX.exe,56308,0x216C7EA03E0,DXGI,1,0,0,Composed: Flip,14320.6075,NA,17.31840000000000,NA,0.09980000000000,1.77670000000000,NA,14303.6563,17.0510,16.9512,0.0998,17.8354,0.8925,0.8880,0.0045,NA,NA,NA
ExperienceX.exe,56308,0x216C7EA03E0,DXGI,1,0,0,Composed: Flip,14336.4767,NA,15.86920000000000,NA,0.19590000000000,0.65480000000000,NA,14320.7073,15.9653,15.7694,0.1959,15.9037,0.5205,0.5205,0.0000,NA,NA,NA
ExperienceX.exe,56308,0x216C7EA03E0,DXGI,1,0,0,Composed: Flip,14354.0600,NA,17.58330000000000,NA,0.04770000000000,1.47270000000000,NA,14336.6726,17.4351,17.3874,0.0477,17.9758,0.8843,0.8799,0.0044,NA,NA,NA
ExperienceX.exe,56308,0x216C7EA03E0,DXGI,1,0,0,Composed: Flip,14369.7723,NA,15.71230000000000,NA,0.15490000000000,0.68520000000000,NA,14354.1077,15.8195,15.6646,0.1549,15.8444,0.5054,0.5054,0.0000,NA,NA,NA
ExperienceX.exe,56308,0x216C7EA03E0,DXGI,1,0,0,Composed: Flip,14386.8781,NA,17.10580000000000,NA,0.44580000000000,2.26210000000000,NA,14369.9272,17.3967,16.9509,0.4458,18.3282,0.8848,0.8797,0.0051,NA,NA,NA
ExperienceX.exe,56308,0x216C7EA03E0,DXGI,1,0,0,Composed: Flip,14403.3547,NA,16.47660000000000,NA,0.26570000000000,0.71020000000000,NA,14387.3239,16.2965,16.0308,0.2657,16.2482,0.4928,0.4928,0.0000,NA,NA,NA
ExperienceX.exe,56308,0x216C7EA03E0,DXGI,1,0,0,Composed: Flip,14421.1683,NA,17.81360000000000,NA,0.86750000000000,1.76170000000000,NA,14403.6204,18.4154,17.5479,0.8675,18.0573,1.2523,1.2393,0.0130,NA,NA,NA
ExperienceX.exe,56308,0x216C7EA03E0,DXGI,1,0,0,Composed: Flip,14436.6227,NA,15.45440000000000,NA,0.22450000000000,0.87030000000000,NA,14422.0358,14.8114,14.5869,0.2245,0.8942,14.5630,1.4368,13.1262,NA,NA,NA
ExperienceX.exe,56308,0x216C7EA03E0,DXGI,1,0,0,Composed: Flip,14453.8514,NA,17.22870000000000,NA,0.11400000000000,1.69410000000000,NA,14436.8472,17.1182,17.0042,0.1140,17.4506,1.2477,1.2415,0.0062,NA,NA,NA
ExperienceX.exe,56308,0x216C7EA03E0,DXGI,1,0,0,Composed: Flip,14470.1738,NA,16.32240000000000,NA,0.46600000000000,1.66760000000000,NA,14453.9654,16.6744,16.2084,0.4660,16.5951,1.2809,1.2712,0.0097,NA,NA,NA
ExperienceX.exe,56308,0x216C7EA03E0,DXGI,1,0,0,Composed: Flip,14487.5023,NA,17.32850000000000,NA,0.68270000000000,2.00790000000000,NA,14470.6398,17.5452,16.8625,0.6827,17.6595,1.2109,1.1899,0.0210,NA,NA,NA
ExperienceX.exe,56308,0x216C7EA03E0,DXGI,1,0,0,Composed: Flip,14503.5488,NA,16.04650000000000,NA,0.21440000000000,0.69540000000000,NA,14488.1850,15.5782,15.3638,0.2144,1.3252,14.7340,1.4056,13.3284,NA,NA,NA
ExperienceX.exe,56308,0x216C7EA03E0,DXGI,1,0,0,Composed: Flip,14520.3580,NA,16.80920000000000,NA,0.13420000000000,1.94580000000000,NA,14503.7632,16.7290,16.5948,0.1342,17.2785,1.2621,1.2621,0.0000,NA,NA,NA
ExperienceX.exe,56308,0x216C7EA03E0,DXGI,1,0,0,Composed: Flip,14536.4921,NA,16.13410000000000,NA,0.20490000000000,0.93460000000000,NA,14520.4922,16.2048,15.9999,0.2049,1.8116,15.1229,0.8933,14.2296,NA,NA,NA
ExperienceX.exe,56308,0x216C7EA03E0,DXGI,1,0,0,Composed: Flip,14554.5892,NA,18.09710000000000,NA,0.15940000000000,1.42480000000000,NA,14536.6970,18.0516,17.8922,0.1594,18.4656,0.8514,0.8477,0.0037,NA,NA,NA
ExperienceX.exe,56308,0x216C7EA03E0,DXGI,1,0,0,Composed: Flip,14569.7114,NA,15.12220000000000,NA,0.13530000000000,0.87000000000000,NA,14554.7486,15.0981,14.9628,0.1353,15.1279,0.7049,0.7049,0.0000,NA,NA,NA
ExperienceX.exe,56308,0x216C7EA03E0,DXGI,1,0,0,Composed: Flip,14586.6569,NA,16.94550000000000,NA,0.05500000000000,2.12730000000000,NA,14569.8467,16.8652,16.8102,0.0550,18.0353,0.9022,0.8984,0.0038,NA,NA,NA
ExperienceX.exe,56308,0x216C7EA03E0,DXGI,1,0,0,Composed: Flip,14603.2150,NA,16.55810000000000,NA,0.42380000000000,1.72640000000000,NA,14586.7119,16.9269,16.5031,0.4238,16.7879,1.4416,1.4416,0.0000,NA,NA,NA
ExperienceX.exe,56308,0x216C7EA03E0,DXGI,1,0,0,Composed: Flip,14620.9390,NA,17.72400000000000,NA,0.26950000000000,1.37340000000000,NA,14603.6388,17.5697,17.3002,0.2695,17.7399,0.9337,0.9337,0.0000,NA,NA,NA
ExperienceX.exe,56308,0x216C7EA03E0,DXGI,1,0,0,Composed: Flip,14636.6654,NA,15.72640000000000,NA,0.43450000000000,1.43470000000000,NA,14621.2085,15.8914,15.4569,0.4345,1.1039,15.7877,1.1998,14.5879,NA,NA,NA
ExperienceX.exe,56308,0x216C7EA03E0,DXGI,1,0,0,Composed: Flip,14654.1631,NA,17.49770000000000,NA,0.06520000000000,1.68230000000000,NA,14637.0999,17.1284,17.0632,0.0652,17.2423,1.5032,1.4948,0.0084,NA,NA,NA
ExperienceX.exe,56308,0x216C7EA03E0,DXGI,1,0,0,Composed: Flip,14670.2128,NA,16.04970000000000,NA,0.32160000000000,1.69160000000000,NA,14654.2283,16.3061,15.9845,0.3216,16.4395,1.2366,1.2366,0.0000,NA,NA,NA
ExperienceX.exe,56308,0x216C7EA03E0,DXGI,1,0,0,Composed: Flip,14686.7984,NA,16.58560000000000,NA,0.05490000000000,1.97200000000000,NA,14670.5344,16.3189,16.2640,0.0549,16.9707,1.2653,1.2591,0.0062,NA,NA,NA
ExperienceX.exe,56308,0x216C7EA03E0,DXGI,1,0,0,Composed: Flip,14703.3598,NA,16.56140000000000,NA,0.27550000000000,1.79150000000000,NA,14686.8533,16.7820,16.5065,0.2755,16.7960,1.5020,1.5020,0.0000,NA,NA,NA
ExperienceX.exe,56308,0x216C7EA03E0,DXGI,1,0,0,Composed: Flip,14720.7787,NA,17.41890000000000,NA,0.16460000000000,1.44650000000000,NA,14703.6353,17.3080,17.1434,0.1646,17.3353,1.2546,1.2491,0.0055,NA,NA,NA
ExperienceX.exe,56308,0x216C7EA03E0,DXGI,1,0,0,Composed: Flip,14737.0813,NA,16.30260000000000,NA,0.35500000000000,1.86980000000000,NA,14720.9433,16.4930,16.1380,0.3550,16.5298,1.4780,1.4780,0.0000,NA,NA,NA
ExperienceX.exe,56308,0x216C7EA03E0,DXGI,1,0,0,Composed: Flip,14754.4512,NA,17.36990000000000,NA,0.05330000000000,1.21140000000000,NA,14737.4363,17.0682,17.0149,0.0533,16.9540,1.2723,1.2676,0.0047,NA,NA,NA
ExperienceX.exe,56308,0x216C7EA03E0,DXGI,1,0,0,Composed: Flip,14769.7943,NA,15.34310000000000,NA,0.17810000000000,0.64200000000000,NA,14754.5045,15.4679,15.2898,0.1781,15.4370,0.4948,0.4948,0.0000,NA,NA,NA
ExperienceX.exe,56308,0x216C7EA03E0,DXGI,1,0,0,Composed: Flip,14787.2857,NA,17.49140000000000,NA,0.05500000000000,1.49770000000000,NA,14769.9724,17.3683,17.3133,0.0550,17.5448,1.2662,1.2620,0.0042,NA,NA,NA
ExperienceX.exe,56308,0x216C7EA03E0,DXGI,1,0,0,Composed: Flip,14803.1330,NA,15.84730000000000,NA,0.22000000000000,0.97770000000000,NA,14787.3407,16.0123,15.7923,0.2200,16.0700,0.7000,0.6550,0.0450,NA,NA,NA
ExperienceX.exe,56308,0x216C7EA03E0,DXGI,1,0,0,Composed: Flip,14820.4310,NA,17.29800000000000,NA,0.04130000000000,1.69360000000000,NA,14803.3530,17.1193,17.0780,0.0413,17.4803,1.2913,1.2850,0.0063,NA,NA,NA
ExperienceX.exe,56308,0x216C7EA03E0,DXGI,1,0,0,Composed: Flip,14836.5528,NA,16.12180000000000,NA,0.25910000000000,0.71620000000000,NA,14820.4723,16.3396,16.0805,0.2591,16.2888,0.5079,0.5079,0.0000,NA,NA,NA
ExperienceX.exe,56308,0x216C7EA03E0,DXGI,1,0,0,Composed: Flip,14854.1055,NA,17.55270000000000,NA,0.44290000000000,1.86170000000000,NA,14836.8119,17.7365,17.2936,0.4429,18.7221,0.4332,0.4256,0.0076,NA,NA,NA
ExperienceX.exe,56308,0x216C7EA03E0,DXGI,1,0,0,Composed: Flip,14870.3507,NA,16.24520000000000,NA,0.27290000000000,1.86930000000000,NA,14854.5484,16.0752,15.8023,0.2729,16.1952,1.4764,1.4764,0.0000,NA,NA,NA
ExperienceX.exe,56308,0x216C7EA03E0,DXGI,1,0,0,Composed: Flip,14888.2333,NA,17.88260000000000,NA,0.25600000000000,0.87460000000000,NA,14870.6236,17.8657,17.6097,0.2560,17.1008,1.3835,1.3609,0.0226,NA,NA,NA
ExperienceX.exe,56308,0x216C7EA03E0,DXGI,1,0,0,Composed: Flip,14903.1698,NA,14.93650000000000,NA,0.16830000000000,0.69090000000000,NA,14888.4893,14.8488,14.6805,0.1683,0.6972,14.6742,1.8207,12.8535,NA,NA,NA
ExperienceX.exe,56308,0x216C7EA03E0,DXGI,1,0,0,Composed: Flip,14920.0583,NA,16.88850000000000,NA,0.06610000000000,2.10020000000000,NA,14903.3381,16.7863,16.7202,0.0661,17.4624,1.3580,1.3532,0.0048,NA,NA,NA
ExperienceX.exe,56308,0x216C7EA03E0,DXGI,1,0,0,Composed: Flip,14936.5294,NA,16.47110000000000,NA,0.25320000000000,0.70050000000000,NA,14920.1244,16.6582,16.4050,0.2532,16.5762,0.5293,0.5229,0.0064,NA,NA,NA
ExperienceX.exe,56308,0x216C7EA03E0,DXGI,1,0,0,Composed: Flip,14953.4956,NA,16.96620000000000,NA,0.05860000000000,2.12140000000000,NA,14936.7826,16.7716,16.7130,0.0586,17.5409,1.2935,1.2887,0.0048,NA,NA,NA
ExperienceX.exe,56308,0x216C7EA03E0,DXGI,1,0,0,Composed: Flip,14969.8681,NA,16.37250000000000,NA,0.15450000000000,0.67310000000000,NA,14953.5542,16.4684,16.3139,0.1545,16.4574,0.5296,0.5296,0.0000,NA,NA,NA
ExperienceX.exe,56308,0x216C7EA03E0,DXGI,1,0,0,Composed: Flip,14988.5012,NA,18.63310000000000,NA,0.06530000000000,1.52620000000000,NA,14970.0226,18.5439,18.4786,0.0653,18.6279,1.3769,1.3650,0.0119,NA,NA,NA
ExperienceX.exe,56308,0x216C7EA03E0,DXGI,1,0,0,Composed: Flip,15003.1162,NA,14.61500000000000,NA,0.27800000000000,0.71650000000000,NA,14988.5665,14.8277,14.5497,0.2780,14.7561,0.5101,0.5101,0.0000,NA,NA,NA
ExperienceX.exe,56308,0x216C7EA03E0,DXGI,1,0,0,Composed: Flip,15021.5790,NA,18.46280000000000,NA,0.10800000000000,3.46900000000000,NA,15003.3942,18.2928,18.1848,0.1080,18.7455,2.9083,2.9001,0.0082,NA,NA,NA
ExperienceX.exe,56308,0x216C7EA03E0,DXGI,1,0,0,Composed: Flip,15036.6648,NA,15.08580000000000,NA,0.25100000000000,1.23880000000000,NA,15021.6870,15.2288,14.9778,0.2510,15.2004,1.0162,1.0078,0.0084,NA,NA,NA
ExperienceX.exe,56308,0x216C7EA03E0,DXGI,1,0,0,Composed: Flip,15054.5142,NA,17.84940000000000,NA,0.04630000000000,1.56860000000000,NA,15036.9158,17.6447,17.5984,0.0463,17.8714,1.2956,1.2916,0.0040,NA,NA,NA
ExperienceX.exe,56308,0x216C7EA03E0,DXGI,1,0,0,Composed: Flip,15069.9385,NA,15.42430000000000,NA,0.34580000000000,2.12390000000000,NA,15054.5605,15.7238,15.3780,0.3458,15.6707,1.8312,1.7407,0.0905,NA,NA,NA
ExperienceX.exe,56308,0x216C7EA03E0,DXGI,1,0,0,Composed: Flip,15087.5565,NA,17.61800000000000,NA,0.49180000000000,1.52780000000000,NA,15070.2843,17.7640,17.2722,0.4918,17.3059,1.4941,1.4941,0.0000,NA,NA,NA
ExperienceX.exe,56308,0x216C7EA03E0,DXGI,1,0,0,Composed: Flip,15103.3941,NA,15.83760000000000,NA,0.28670000000000,1.16670000000000,NA,15088.0483,15.6325,15.3458,0.2867,1.0360,15.4765,1.0608,14.4157,NA,NA,NA
ExperienceX.exe,56308,0x216C7EA03E0,DXGI,1,0,0,Composed: Flip,15120.8252,NA,17.43110000000000,NA,0.05870000000000,2.17360000000000,NA,15103.6808,17.2031,17.1444,0.0587,18.3722,0.9458,0.9365,0.0093,NA,NA,NA
ExperienceX.exe,56308,0x216C7EA03E0,DXGI,1,0,0,Composed: Flip,15136.5503,NA,15.72510000000000,NA,0.08740000000000,1.09010000000000,NA,15120.8839,15.7538,15.6664,0.0874,15.8083,0.9482,0.9482,0.0000,NA,NA,NA
ExperienceX.exe,56308,0x216C7EA03E0,DXGI,1,0,0,Composed: Flip,15154.8722,NA,18.32190000000000,NA,0.07890000000000,1.22430000000000,NA,15136.6377,18.3134,18.2345,0.0789,18.3193,1.1395,1.1328,0.0067,NA,NA,NA
ExperienceX.exe,56308,0x216C7EA03E0,DXGI,1,0,0,Composed: Flip,15170.2490,NA,15.37680000000000,NA,0.30720000000000,1.21110000000000,NA,15154.9511,15.6051,15.2979,0.3072,15.5537,0.9553,0.9553,0.0000,NA,NA,NA
ExperienceX.exe,56308,0x216C7EA03E0,DXGI,1,0,0,Composed: Flip,15187.5162,NA,17.26720000000000,NA,0.05250000000000,1.45620000000000,NA,15170.5562,17.0125,16.9600,0.0525,17.1107,1.3055,1.3011,0.0044,NA,NA,NA
ExperienceX.exe,56308,0x216C7EA03E0,DXGI,1,0,0,Composed: Flip,15203.5077,NA,15.99150000000000,NA,0.29950000000000,1.02480000000000,NA,15187.5687,16.2385,15.9390,0.2995,16.2799,0.6839,0.6839,0.0000,NA,NA,NA
ExperienceX.exe,56308,0x216C7EA03E0,DXGI,1,0,0,Composed: Flip,15220.8938,NA,17.38610000000000,NA,0.08410000000000,1.82580000000000,NA,15203.8072,17.1707,17.0866,0.0841,17.9851,0.9273,0.9205,0.0068,NA,NA,NA
ExperienceX.exe,56308,0x216C7EA03E0,DXGI,1,0,0,Composed: Flip,15236.8999,NA,16.00610000000000,NA,0.47980000000000,1.04370000000000,NA,15220.9779,16.4018,15.9220,0.4798,16.2378,0.7279,0.7279,0.0000,NA,NA,NA
ExperienceX.exe,56308,0x216C7EA03E0,DXGI,1,0,0,Composed: Flip,15254.4697,NA,17.56980000000000,NA,0.16290000000000,1.41000000000000,NA,15237.3797,17.2529,17.0900,0.1629,17.5587,0.9413,0.9329,0.0084,NA,NA,NA
ExperienceX.exe,56308,0x216C7EA03E0,DXGI,1,0,0,Composed: Flip,15270.2108,NA,15.74110000000000,NA,0.21730000000000,1.50890000000000,NA,15254.6326,15.7955,15.5782,0.2173,15.9730,1.1141,0.7827,0.3314,NA,NA,NA
ExperienceX.exe,56308,0x216C7EA03E0,DXGI,1,0,0,Composed: Flip,15287.1328,NA,16.92200000000000,NA,0.05400000000000,2.89480000000000,NA,15270.4281,16.7587,16.7047,0.0540,18.6554,0.9441,0.9408,0.0033,NA,NA,NA
ExperienceX.exe,56308,0x216C7EA03E0,DXGI,1,0,0,Composed: Flip,15303.1971,NA,16.06430000000000,NA,0.26250000000000,0.67120000000000,NA,15287.1868,16.2728,16.0103,0.2625,16.1466,0.5349,0.5349,0.0000,NA,NA,NA
ExperienceX.exe,56308,0x216C7EA03E0,DXGI,1,0,0,Composed: Flip,15320.7781,NA,17.58100000000000,NA,0.04850000000000,1.60320000000000,NA,15303.4596,17.3670,17.3185,0.0485,17.5795,1.3422,1.3339,0.0083,NA,NA,NA
ExperienceX.exe,56308,0x216C7EA03E0,DXGI,1,0,0,Composed: Flip,15336.6966,NA,15.91850000000000,NA,0.30680000000000,1.81440000000000,NA,15320.8266,16.1768,15.8700,0.3068,16.2444,1.4400,1.4130,0.0270,NA,NA,NA
ExperienceX.exe,56308,0x216C7EA03E0,DXGI,1,0,0,Composed: Flip,15353.9502,NA,17.25360000000000,NA,0.38450000000000,2.31090000000000,NA,15337.0034,17.3313,16.9468,0.3845,18.3352,0.9225,0.9186,0.0039,NA,NA,NA
ExperienceX.exe,56308,0x216C7EA03E0,DXGI,1,0,0,Composed: Flip,15369.9396,NA,15.98940000000000,NA,0.18030000000000,1.46550000000000,NA,15354.3347,15.7852,15.6049,0.1803,15.8677,1.2027,1.2027,0.0000,NA,NA,NA
ExperienceX.exe,56308,0x216C7EA03E0,DXGI,1,0,0,Composed: Flip,15388.1296,NA,18.19000000000000,NA,0.06650000000000,1.52560000000000,NA,15370.1199,18.0762,18.0097,0.0665,18.6066,0.9287,0.9224,0.0063,NA,NA,NA
ExperienceX.exe,56308,0x216C7EA03E0,DXGI,1,0,0,Composed: Flip,15403.0824,NA,14.95280000000000,NA,0.12900000000000,0.80180000000000,NA,15388.1961,15.0153,14.8863,0.1290,15.0265,0.6616,0.5965,0.0651,NA,NA,NA
ExperienceX.exe,56308,0x216C7EA03E0,DXGI,1,0,0,Composed: Flip,15421.5565,NA,18.47410000000000,NA,0.13040000000000,1.57870000000000,NA,15403.2114,18.4755,18.3451,0.1304,19.0133,0.9105,0.9080,0.0025,NA,NA,NA
ExperienceX.exe,56308,0x216C7EA03E0,DXGI,1,0,0,Composed: Flip,15436.5536,NA,14.99710000000000,NA,0.22280000000000,1.43100000000000,NA,15421.6869,15.0895,14.8667,0.2228,15.0695,1.2282,1.2282,0.0000,NA,NA,NA
ExperienceX.exe,56308,0x216C7EA03E0,DXGI,1,0,0,Composed: Flip,15454.7403,NA,18.18670000000000,NA,0.09560000000000,2.32690000000000,NA,15436.7764,18.0595,17.9639,0.0956,19.8515,0.4393,0.4363,0.0030,NA,NA,NA
ExperienceX.exe,56308,0x216C7EA03E0,DXGI,1,0,0,Composed: Flip,15469.9828,NA,15.24250000000000,NA,0.26610000000000,0.96200000000000,NA,15454.8359,15.4130,15.1469,0.2661,15.3670,0.7419,0.7198,0.0221,NA,NA,NA
ExperienceX.exe,56308,0x216C7EA03E0,DXGI,1,0,0,Composed: Flip,15492.1658,NA,22.18300000000000,NA,0.25110000000000,1.50330000000000,NA,15470.2489,22.1680,21.9169,0.2511,22.3730,1.0472,1.0366,0.0106,NA,NA,NA
ExperienceX.exe,56308,0x216C7EA03E0,DXGI,1,0,0,Composed: Flip,15503.7704,NA,11.60460000000000,NA,0.48080000000000,1.43940000000000,NA,15492.4169,11.8343,11.3535,0.4808,11.9873,0.8056,0.8056,0.0000,NA,NA,NA
ExperienceX.exe,56308,0x216C7EA03E0,DXGI,1,0,0,Composed: Flip,15521.9552,NA,18.18480000000000,NA,0.09190000000000,1.35510000000000,NA,15504.2512,17.7959,17.7040,0.0919,17.7439,1.3152,1.3110,0.0042,NA,NA,NA
ExperienceX.exe,56308,0x216C7EA03E0,DXGI,1,0,0,Composed: Flip,15537.2673,NA,15.31210000000000,NA,0.37490000000000,2.05400000000000,NA,15522.0471,15.5951,15.2202,0.3749,15.7337,1.5405,1.5405,0.0000,NA,NA,NA
ExperienceX.exe,56308,0x216C7EA03E0,DXGI,1,0,0,Composed: Flip,15554.7147,NA,17.44740000000000,NA,0.10340000000000,1.26410000000000,NA,15537.6422,17.1759,17.0725,0.1034,17.3627,0.9739,0.9664,0.0075,NA,NA,NA
ExperienceX.exe,56308,0x216C7EA03E0,DXGI,1,0,0,Composed: Flip,15569.9461,NA,15.23140000000000,NA,0.16670000000000,1.39880000000000,NA,15554.8181,15.2947,15.1280,0.1667,15.2635,1.2633,1.2633,0.0000,NA,NA,NA
ExperienceX.exe,56308,0x216C7EA03E0,DXGI,1,0,0,Composed: Flip,15587.7554,NA,17.80930000000000,NA,0.50670000000000,1.19290000000000,NA,15570.1128,18.1493,17.6426,0.5067,17.6725,1.1630,1.1529,0.0101,NA,NA,NA
ExperienceX.exe,56308,0x216C7EA03E0,DXGI,1,0,0,Composed: Flip,15603.5118,NA,15.75640000000000,NA,0.32260000000000,1.79860000000000,NA,15588.2621,15.5723,15.2497,0.3226,0.6862,16.3621,1.8400,14.5221,NA,NA,NA
ExperienceX.exe,56308,0x216C7EA03E0,DXGI,1,0,0,Composed: Flip,15621.1263,NA,17.61450000000000,NA,0.08830000000000,1.50470000000000,NA,15603.8344,17.3802,17.2919,0.0883,17.8581,0.9385,0.9319,0.0066,NA,NA,NA
ExperienceX.exe,56308,0x216C7EA03E0,DXGI,1,0,0,Composed: Flip,15636.5787,NA,15.45240000000000,NA,0.17200000000000,1.00370000000000,NA,15621.2146,15.5361,15.3641,0.1720,15.5993,0.7685,0.7685,0.0000,NA,NA,NA
ExperienceX.exe,56308,0x216C7EA03E0,DXGI,1,0,0,Composed: Flip,15654.2712,NA,17.69250000000000,NA,0.11390000000000,1.69520000000000,NA,15636.7507,17.6344,17.5205,0.1139,17.9234,1.2923,1.2811,0.0112,NA,NA,NA
ExperienceX.exe,56308,0x216C7EA03E0,DXGI,1,0,0,Composed: Flip,15670.6621,NA,16.39090000000000,NA,0.38080000000000,1.11180000000000,NA,15654.3851,16.6578,16.2770,0.3808,16.5504,0.8384,0.8384,0.0000,NA,NA,NA
ExperienceX.exe,56308,0x216C7EA03E0,DXGI,1,0,0,Composed: Flip,15687.4145,NA,16.75240000000000,NA,0.66120000000000,2.50070000000000,NA,15671.0429,17.0328,16.3716,0.6612,17.4949,1.3774,1.3774,0.0000,NA,NA,NA
ExperienceX.exe,56308,0x216C7EA03E0,DXGI,1,0,0,Composed: Flip,15703.5973,NA,16.18280000000000,NA,0.17730000000000,1.76210000000000,NA,15688.0757,15.6989,15.5216,0.1773,1.8395,15.4442,1.6995,13.7447,NA,NA,NA
ExperienceX.exe,56308,0x216C7EA03E0,DXGI,1,0,0,Composed: Flip,15721.5595,NA,17.96220000000000,NA,0.05180000000000,1.58870000000000,NA,15703.7746,17.8367,17.7849,0.0518,18.3476,1.0260,1.0101,0.0159,NA,NA,NA
ExperienceX.exe,56308,0x216C7EA03E0,DXGI,1,0,0,Composed: Flip,15737.3970,NA,15.83750000000000,NA,0.60080000000000,2.18870000000000,NA,15721.6113,16.3865,15.7857,0.6008,16.4054,1.5690,1.5690,0.0000,NA,NA,NA
ExperienceX.exe,56308,0x216C7EA03E0,DXGI,1,0,0,Composed: Flip,15753.9623,NA,16.56530000000000,NA,0.14000000000000,1.62580000000000,NA,15737.9978,16.1045,15.9645,0.1400,16.6728,0.9175,0.9108,0.0067,NA,NA,NA
ExperienceX.exe,56308,0x216C7EA03E0,DXGI,1,0,0,Composed: Flip,15769.7897,NA,15.82740000000000,NA,0.17140000000000,0.72250000000000,NA,15754.1023,15.8588,15.6874,0.1714,15.8872,0.5227,0.5227,0.0000,NA,NA,NA
ExperienceX.exe,56308,0x216C7EA03E0,DXGI,1,0,0,Composed: Flip,15787.6120,NA,17.82230000000000,NA,0.05450000000000,1.53580000000000,NA,15769.9611,17.7054,17.6509,0.0545,17.8958,1.2909,1.2860,0.0049,NA,NA,NA
ExperienceX.exe,56308,0x216C7EA03E0,DXGI,1,0,0,Composed: Flip,15803.3189,NA,15.70690000000000,NA,0.19650000000000,1.36070000000000,NA,15787.6665,15.8489,15.6524,0.1965,15.8212,1.1919,1.1919,0.0000,NA,NA,NA
ExperienceX.exe,56308,0x216C7EA03E0,DXGI,1,0,0,Composed: Flip,15821.8508,NA,18.53190000000000,NA,0.20100000000000,1.05990000000000,NA,15803.5154,18.5364,18.3354,0.2010,18.4112,0.9841,0.9787,0.0054,NA,NA,NA
ExperienceX.exe,56308,0x216C7EA03E0,DXGI,1,0,0,Composed: Flip,15837.2857,NA,15.43490000000000,NA,0.33780000000000,0.83610000000000,NA,15822.0518,15.5717,15.2339,0.3378,15.4579,0.6121,0.5865,0.0256,NA,NA,NA
ExperienceX.exe,56308,0x216C7EA03E0,DXGI,1,0,0,Composed: Flip,15854.3646,NA,17.07890000000000,NA,0.05980000000000,1.50610000000000,NA,15837.6235,16.8009,16.7411,0.0598,16.8743,1.3729,1.3589,0.0140,NA,NA,NA
ExperienceX.exe,56308,0x216C7EA03E0,DXGI,1,0,0,Composed: Flip,15870.3121,NA,15.94750000000000,NA,0.22940000000000,0.85640000000000,NA,15854.4244,16.1171,15.8877,0.2294,1.4463,15.2978,1.3200,13.9778,NA,NA,NA
ExperienceX.exe,56308,0x216C7EA03E0,DXGI,1,0,0,Composed: Flip,15887.3755,NA,17.06340000000000,NA,0.09340000000000,1.50840000000000,NA,15870.5415,16.9274,16.8340,0.0934,17.0448,1.2976,1.2911,0.0065,NA,NA,NA
ExperienceX.exe,56308,0x216C7EA03E0,DXGI,1,0,0,Composed: Flip,15903.7943,NA,16.41880000000000,NA,0.26520000000000,1.20410000000000,NA,15887.4689,16.5906,16.3254,0.2652,16.5809,0.9486,0.9486,0.0000,NA,NA,NA
ExperienceX.exe,56308,0x216C7EA03E0,DXGI,1,0,0,Composed: Flip,15921.5148,NA,17.72050000000000,NA,0.06340000000000,2.42200000000000,NA,15904.0595,17.5187,17.4553,0.0634,17.2480,2.6293,2.5911,0.0382,NA,NA,NA
ExperienceX.exe,56308,0x216C7EA03E0,DXGI,1,0,0,Composed: Flip,15937.1240,NA,15.60920000000000,NA,0.13780000000000,0.79180000000000,NA,15921.5782,15.6836,15.5458,0.1378,15.8005,0.5371,0.5371,0.0000,NA,NA,NA
ExperienceX.exe,56308,0x216C7EA03E0,DXGI,1,0,0,Composed: Flip,15953.9103,NA,16.78630000000000,NA,0.04890000000000,2.39430000000000,NA,15937.2618,16.6974,16.6485,0.0489,18.6186,0.4242,0.4186,0.0056,NA,NA,NA
ExperienceX.exe,56308,0x216C7EA03E0,DXGI,1,0,0,Composed: Flip,15969.9843,NA,16.07400000000000,NA,0.13780000000000,0.71300000000000,NA,15953.9592,16.1629,16.0251,0.1378,16.2053,0.5328,0.5328,0.0000,NA,NA,NA
ExperienceX.exe,56308,0x216838E1150,DXGI,1,0,0,Composed: Flip,15970.2556,NA,17.04530000000000,16.62850000000000,0.07260000000000,2.39970000000000,32.6371,15953.4183,16.9099,16.8373,0.0726,17.2790,1.9580,1.9580,0.0000,-0.6973,15953.4183,NA
ExperienceX.exe,56308,0x216838E1150,DXGI,1,0,0,Composed: Flip,15986.8023,NA,16.54670000000000,NA,0.25820000000000,2.34350000000000,NA,15970.3282,16.7323,16.4741,0.2582,18.3936,0.4240,0.4181,0.0059,NA,NA,NA
ExperienceX.exe,56308,0x216838E1150,DXGI,1,0,0,Composed: Flip,16003.8336,NA,17.03130000000000,33.37510000000000,0.30850000000000,3.89390000000000,32.4342,15987.0605,17.0816,16.7731,0.3085,19.1260,1.5410,1.5358,0.0052,0.2671,15987.0605,NA
ExperienceX.exe,56308,0x216838E1150,DXGI,1,0,0,Composed: Flip,16019.8026,NA,15.96900000000000,16.63920000000000,0.10690000000000,1.05910000000000,33.1044,16004.1421,15.7674,15.6605,0.1069,16.2598,0.4598,0.4598,0.0000,0.4424,16004.1421,NA
ExperienceX.exe,56308,0x216838E1150,DXGI,1,0,0,Composed: Flip,16036.8769,NA,17.07430000000000,16.79690000000000,0.08040000000000,2.43670000000000,32.8270,16019.9095,17.0478,16.9674,0.0804,17.6629,1.7412,1.7412,0.0000,-1.0295,16019.9095,NA
ExperienceX.exe,56308,0x216C829D570,DXGI,1,0,0,Composed: Flip,15937.3579,NA,17.50150000000000,50.07930000000000,0.78530000000000,2.95750000000000,32.3040,15920.1033,18.0399,17.2546,0.7853,19.7727,0.4394,0.4394,0.0000,-0.8060,15920.1033,NA
ExperienceX.exe,56308,0x216C829D570,DXGI,1,0,0,Composed: Flip,15953.2100,NA,15.85210000000000,NA,0.20820000000000,1.80130000000000,NA,15938.1432,15.2750,15.0668,0.2082,2.1722,14.6959,2.3531,12.3428,NA,NA,NA
ExperienceX.exe,56308,0x216C829D570,DXGI,1,0,0,Composed: Flip,15970.2618,NA,17.05180000000000,NA,0.06630000000000,2.83110000000000,NA,15953.4182,16.9099,16.8436,0.0663,19.2371,0.4376,0.4376,0.0000,NA,NA,NA
ExperienceX.exe,56308,0x216C829D570,DXGI,1,0,0,Composed: Flip,15986.5713,NA,16.30950000000000,NA,0.09160000000000,1.28910000000000,NA,15970.3281,16.3348,16.2432,0.0916,2.7648,14.7675,1.6623,13.1052,NA,NA,NA
ExperienceX.exe,56308,0x216C829D570,DXGI,1,0,0,Composed: Flip,16003.4930,NA,16.92170000000000,NA,0.07160000000000,2.69350000000000,NA,15986.6629,16.9017,16.8301,0.0716,18.2296,1.2940,1.2940,0.0000,NA,NA,NA
ExperienceX.exe,56308,0x216C829D570,DXGI,1,0,0,Composed: Flip,16019.8025,NA,16.30950000000000,NA,0.10740000000000,0.59940000000000,NA,16003.5646,16.3453,16.2379,0.1074,16.3215,0.5158,0.5158,0.0000,NA,NA,NA
ExperienceX.exe,56308,0x216C829D570,DXGI,1,0,0,Composed: Flip,16036.8825,NA,17.08000000000000,NA,0.07340000000000,2.86900000000000,NA,16019.9099,17.0460,16.9726,0.0734,19.4037,0.4379,0.4379,0.0000,NA,NA,NA
ExperienceX.exe,56308,0x216C829D570,DXGI,1,0,0,Composed: Flip,16053.2681,NA,16.38560000000000,NA,0.30670000000000,1.13090000000000,NA,16036.9559,16.6189,16.3122,0.3067,17.1830,0.2601,0.2525,0.0076,NA,NA,NA
ExperienceX.exe,56308,0x216838E1150,DXGI,1,0,0,Composed: Flip,16053.2677,NA,16.39080000000000,16.63330000000000,0.30710000000000,0.87120000000000,33.0695,16036.9573,16.6175,16.3104,0.3071,2.7942,14.3874,1.1427,13.2447,0.4145,16036.9573,NA
ExperienceX.exe,56308,0x216838E1150,DXGI,1,0,0,Composed: Flip,16071.6643,NA,18.39660000000000,NA,0.20740000000000,1.45810000000000,NA,16053.5748,18.2969,18.0895,0.2074,17.5589,1.9887,1.9887,0.0000,NA,NA,NA
ExperienceX.exe,56308,0x216C829D570,DXGI,1,0,0,Composed: Flip,16071.3304,NA,18.06230000000000,133.27020000000002,0.52870000000000,2.22760000000000,31.6017,16053.5748,18.2843,17.7556,0.5287,19.5476,0.4356,0.4356,0.0000,0.2013,16053.5748,NA
ExperienceX.exe,56308,0x216C829D570,DXGI,1,0,0,Composed: Flip,16086.9034,NA,15.57300000000000,NA,0.40040000000000,1.62860000000000,NA,16071.8591,15.4447,15.0443,0.4004,1.6989,14.9740,1.7050,13.2690,NA,NA,NA
ExperienceX.exe,56308,0x216C7EA03E0,DXGI,1,0,0,Composed: Flip,15986.8072,NA,16.82290000000000,2183.20340000000033,0.07170000000000,1.91460000000000,32.7325,15970.1221,16.7568,16.6851,0.0717,17.7383,0.8614,0.8614,0.0000,-0.8560,15970.1221,NA
ExperienceX.exe,56308,0x216C7EA03E0,DXGI,1,0,0,Composed: Flip,16003.1906,NA,16.38340000000000,NA,0.18380000000000,1.70190000000000,NA,15986.8789,16.4955,16.3117,0.1838,16.5017,1.5119,1.5119,0.0000,NA,NA,NA
ExperienceX.exe,56308,0x216C7EA03E0,DXGI,1,0,0,Composed: Flip,16020.5720,NA,17.38140000000000,NA,0.06510000000000,1.61920000000000,NA,16003.3744,17.2627,17.1976,0.0651,17.4873,1.3295,1.3295,0.0000,NA,NA,NA
ExperienceX.exe,56308,0x216C7EA03E0,DXGI,1,0,0,Composed: Flip,16036.5664,NA,15.99440000000000,NA,0.21900000000000,1.00600000000000,NA,16020.6371,16.1483,15.9293,0.2190,1.5541,15.3812,0.8150,14.5662,NA,NA,NA
ExperienceX.exe,56308,0x216C7EA03E0,DXGI,1,0,0,Composed: Flip,16054.7970,NA,18.23060000000000,NA,0.05610000000000,1.06850000000000,NA,16036.7854,18.0677,18.0116,0.0561,17.7232,1.3569,1.3510,0.0059,NA,NA,NA
ExperienceX.exe,56308,0x216C7EA03E0,DXGI,1,0,0,Composed: Flip,16070.2523,NA,15.45530000000000,NA,0.41100000000000,0.88140000000000,NA,16054.8531,15.8102,15.3992,0.4110,1.0124,15.2682,1.3897,13.8785,NA,NA,NA
ExperienceX.exe,56308,0x216C7EA03E0,DXGI,1,0,0,Composed: Flip,16088.7197,NA,18.46740000000000,NA,0.07430000000000,1.41710000000000,NA,16070.6633,18.1307,18.0564,0.0743,18.1718,1.3017,1.2941,0.0076,NA,NA,NA
ExperienceX.exe,56308,0x216C7EA03E0,DXGI,1,0,0,Composed: Flip,16103.2374,NA,14.51770000000000,NA,0.30340000000000,0.94940000000000,NA,16088.7940,14.7468,14.4434,0.3034,14.6541,0.7387,0.7387,0.0000,NA,NA,NA
ExperienceX.exe,56308,0x216838E1150,DXGI,1,0,0,Composed: Flip,16086.9043,NA,15.24000000000000,33.34450000000000,0.39600000000000,1.93080000000000,32.7774,16071.8717,15.4286,15.0326,0.3960,16.6603,0.3031,0.3031,0.0000,1.5699,16071.8717,NA
ExperienceX.exe,56308,0x216838E1150,DXGI,1,0,0,Composed: Flip,16103.7391,NA,16.83480000000000,NA,0.16880000000000,2.36990000000000,NA,16087.3003,16.6076,16.4388,0.1688,16.8865,1.9222,1.9222,0.0000,NA,NA,NA
ExperienceX.exe,56308,0x216838E1150,DXGI,1,0,0,Composed: Flip,16120.1862,NA,16.44710000000000,NA,0.21780000000000,1.97490000000000,NA,16103.9079,16.4961,16.2783,0.2178,17.6724,0.5808,0.5808,0.0000,NA,NA,NA
ExperienceX.exe,56308,0x216C829D570,DXGI,1,0,0,Composed: Flip,16103.7487,NA,16.84530000000000,33.32950000000000,0.76120000000000,2.86430000000000,32.5129,16087.3038,17.2061,16.4449,0.7612,18.8052,0.5040,0.5040,0.0000,0.3995,16087.3038,NA
ExperienceX.exe,56308,0x216C829D570,DXGI,1,0,0,Composed: Flip,16137.4221,NA,33.67340000000000,NA,0.10340000000000,3.29810000000000,NA,16104.5099,33.0156,32.9122,0.1034,35.7367,0.4736,0.4736,0.0000,NA,NA,NA
ExperienceX.exe,56308,0x216838E1150,DXGI,1,0,0,Composed: Flip,16138.8681,NA,18.68190000000000,49.98230000000000,0.19670000000000,1.37850000000000,30.7959,16120.4040,18.6608,18.4641,0.1967,17.7213,2.1213,2.1213,0.0000,-1.4500,16120.4040,NA
ExperienceX.exe,56308,0x216838E1150,DXGI,1,0,0,Composed: Flip,16153.0939,NA,14.22580000000000,NA,0.13450000000000,0.68290000000000,NA,16139.0648,14.1636,14.0291,0.1345,1.6554,13.0566,1.2145,11.8421,NA,NA,NA
ExperienceX.exe,56308,0x216838E1150,DXGI,1,0,0,Composed: Flip,16170.3293,NA,17.23540000000000,33.19810000000000,0.10940000000000,3.35240000000000,32.5328,16153.2284,17.2103,17.1009,0.1094,19.9997,0.4536,0.4536,0.0000,-0.3737,16153.2284,NA
ExperienceX.exe,56308,0x216838E1150,DXGI,1,0,0,Composed: Flip,16186.5848,NA,16.25550000000000,16.83370000000000,0.23140000000000,1.90880000000000,33.1110,16170.4387,16.3775,16.1461,0.2314,17.2956,0.7593,0.7593,0.0000,0.3766,16170.4387,NA
ExperienceX.exe,56308,0x216C829D570,DXGI,1,0,0,Composed: Flip,16153.0945,NA,15.67240000000000,49.95910000000000,0.13400000000000,1.13920000000000,33.1262,16137.5255,15.7030,15.5690,0.1340,16.2513,0.4569,0.4569,0.0000,0.2626,16137.5255,NA
ExperienceX.exe,56308,0x216C829D570,DXGI,1,0,0,Composed: Flip,16170.3314,NA,17.23690000000000,NA,0.10730000000000,2.89670000000000,NA,16153.2285,17.2102,17.1029,0.1073,17.9606,2.0390,2.0390,0.0000,NA,NA,NA
ExperienceX.exe,56308,0x216C829D570,DXGI,1,0,0,Composed: Flip,16186.5846,NA,16.25320000000000,NA,0.23150000000000,1.14970000000000,NA,16170.4387,16.3774,16.1459,0.2315,3.2430,14.0526,1.0827,12.9699,NA,NA,NA
ExperienceX.exe,56308,0x216C829D570,DXGI,1,0,0,Composed: Flip,16204.5552,NA,17.97060000000000,NA,0.06760000000000,1.70330000000000,NA,16186.8161,17.8067,17.7391,0.0676,18.0939,1.3485,1.3485,0.0000,NA,NA,NA
ExperienceX.exe,56308,0x216C829D570,DXGI,1,0,0,Composed: Flip,16220.0619,NA,15.50670000000000,66.74610000000000,0.12440000000000,0.69280000000000,32.9049,16204.6228,15.5635,15.4391,0.1244,2.0938,14.0381,0.7904,13.2477,0.3512,16204.6228,NA
ExperienceX.exe,56308,0x216C829D570,DXGI,1,0,0,Composed: Flip,16236.9212,NA,16.85930000000000,16.80080000000000,0.63550000000000,2.44250000000000,32.8464,16220.1863,17.3704,16.7349,0.6355,17.1584,2.0190,2.0190,0.0000,-1.2373,16220.1863,NA
ExperienceX.exe,56308,0x216838E1150,DXGI,1,0,0,Composed: Flip,16203.4934,NA,16.90860000000000,16.60330000000000,0.25350000000000,3.22320000000000,32.8057,16186.8162,16.9307,16.6772,0.2535,19.4423,0.4581,0.4581,0.0000,-0.2258,16186.8162,NA
ExperienceX.exe,56308,0x216838E1150,DXGI,1,0,0,Composed: Flip,16220.0616,NA,16.56820000000000,NA,0.12490000000000,1.50490000000000,NA,16203.7469,16.4396,16.3147,0.1249,17.0078,0.8118,0.8118,0.0000,NA,NA,NA
ExperienceX.exe,56308,0x216838E1150,DXGI,1,0,0,Composed: Flip,16236.9214,NA,16.85980000000000,NA,0.14530000000000,2.89580000000000,NA,16220.1865,16.8802,16.7349,0.1453,19.1772,0.4535,0.4535,0.0000,NA,NA,NA
ExperienceX.exe,56308,0x216838E1150,DXGI,1,0,0,Composed: Flip,16253.2995,NA,16.37810000000000,NA,0.17640000000000,0.70230000000000,NA,16237.0667,16.4092,16.2328,0.1764,2.7505,14.1846,0.8714,13.3132,NA,NA,NA
ExperienceX.exe,56308,0x216838E1150,DXGI,1,0,0,Composed: Flip,16272.1978,NA,18.89830000000000,66.61020000000001,0.10480000000000,1.45420000000000,30.7115,16253.4759,18.8267,18.7219,0.1048,18.2165,1.9596,1.9596,0.0000,0.0495,16253.4759,NA
ExperienceX.exe,56308,0x216C829D570,DXGI,1,0,0,Composed: Flip,16253.3011,NA,16.37990000000000,16.66490000000000,0.17500000000000,1.21970000000000,33.1314,16237.5567,15.9194,15.7444,0.1750,16.4451,0.5190,0.5190,0.0000,0.7055,16237.5567,NA
ExperienceX.exe,56308,0x216C829D570,DXGI,1,0,0,Composed: Flip,16272.1665,NA,18.86540000000000,NA,0.08010000000000,1.94660000000000,NA,16253.4761,18.7705,18.6904,0.0801,20.1759,0.4611,0.4611,0.0000,NA,NA,NA
ExperienceX.exe,56308,0x216C829D570,DXGI,1,0,0,Composed: Flip,16286.9370,NA,14.77050000000000,NA,0.29110000000000,0.94840000000000,NA,16272.2466,14.9815,14.6904,0.2911,1.8665,13.7723,1.2164,12.5559,NA,NA,NA
ExperienceX.exe,56308,0x216838E1150,DXGI,1,0,0,Composed: Flip,16286.9378,NA,14.74000000000000,16.72890000000000,0.29030000000000,2.03930000000000,32.7004,16272.3026,14.9255,14.6352,0.2903,15.5828,1.0917,1.0917,0.0000,2.0978,16272.3026,NA
ExperienceX.exe,56308,0x216838E1150,DXGI,1,0,0,Composed: Flip,16303.7355,NA,16.79770000000000,NA,0.09000000000000,2.63060000000000,NA,16287.2281,16.5974,16.5074,0.0900,17.6034,1.5346,1.5346,0.0000,NA,NA,NA
ExperienceX.exe,56308,0x216C829D570,DXGI,1,0,0,Composed: Flip,16303.7396,NA,16.80260000000000,49.88390000000000,0.09380000000000,3.09360000000000,32.5768,16287.2281,16.6053,16.5115,0.0938,19.1380,0.4671,0.4671,0.0000,-0.2125,16287.2281,NA
ExperienceX.exe,56308,0x216C829D570,DXGI,1,0,0,Composed: Flip,16320.1321,NA,16.39250000000000,NA,0.28460000000000,1.91530000000000,NA,16303.8334,16.5833,16.2987,0.2846,17.4704,0.7436,0.7436,0.0000,NA,NA,NA
ExperienceX.exe,56308,0x216C829D570,DXGI,1,0,0,Composed: Flip,16337.0073,NA,16.87520000000000,33.27180000000000,0.79640000000000,2.47260000000000,32.5809,16320.4167,17.3870,16.5906,0.7964,17.0549,2.0083,2.0083,0.0000,-0.0832,16320.4167,NA
ExperienceX.exe,56308,0x216838E1150,DXGI,1,0,0,Composed: Flip,16320.1265,NA,16.39100000000000,33.25090000000000,0.24640000000000,1.17730000000000,32.7626,16303.8255,16.5474,16.3010,0.2464,3.0077,14.4706,1.1306,13.3400,-1.7280,16303.8255,NA
ExperienceX.exe,56308,0x216838E1150,DXGI,1,0,0,Composed: Flip,16337.0300,NA,16.90350000000000,NA,0.70570000000000,2.90540000000000,NA,16320.3729,17.3628,16.6571,0.7057,19.1070,0.4555,0.4555,0.0000,NA,NA,NA
ExperienceX.exe,56308,0x216838E1150,DXGI,1,0,0,Composed: Flip,16353.1863,NA,16.15630000000000,NA,0.14300000000000,1.14980000000000,NA,16337.7357,15.5936,15.4506,0.1430,16.3451,0.2553,0.2553,0.0000,NA,NA,NA
ExperienceX.exe,56308,0x216C829D570,DXGI,1,0,0,Composed: Flip,16353.1790,NA,16.17170000000000,16.62460000000000,0.14980000000000,0.90180000000000,33.0338,16337.8037,15.5251,15.3753,0.1498,2.1317,14.1454,1.3100,12.8354,0.7624,16337.8037,NA
ExperienceX.exe,56308,0x216C829D570,DXGI,1,0,0,Composed: Flip,16370.4058,NA,17.22680000000000,NA,0.13520000000000,2.76090000000000,NA,16353.3288,17.2122,17.0770,0.1352,19.3817,0.4562,0.4562,0.0000,NA,NA,NA
ExperienceX.exe,56308,0x216838E1150,DXGI,1,0,0,Composed: Flip,16371.4298,NA,18.24350000000000,50.10520000000000,0.08140000000000,1.28070000000000,31.5645,16353.3293,18.1819,18.1005,0.0814,17.4629,1.9183,1.9183,0.0000,-0.6014,16353.3293,NA
ExperienceX.exe,56308,0x216838E1150,DXGI,1,0,0,Composed: Flip,16386.5825,NA,15.15270000000000,NA,0.23190000000000,0.71830000000000,NA,16371.5112,15.3032,15.0713,0.2319,1.6555,14.1341,1.2975,12.8366,NA,NA,NA
ExperienceX.exe,56308,0x216838E1150,DXGI,1,0,0,Composed: Flip,16404.1234,NA,17.54090000000000,33.26330000000000,0.82850000000000,2.42890000000000,32.1342,16386.8144,18.1375,17.3090,0.8285,18.0957,1.6422,1.6422,0.0000,0.2218,16386.8144,NA
ExperienceX.exe,56308,0x216C829D570,DXGI,1,0,0,Composed: Flip,16386.5837,NA,16.17790000000000,33.30300000000000,0.23060000000000,1.20540000000000,32.9321,16370.5410,16.2733,16.0427,0.2306,16.7598,0.4883,0.4883,0.0000,-0.5657,16370.5410,NA
ExperienceX.exe,56308,0x216C829D570,DXGI,1,0,0,Composed: Flip,16403.7151,NA,17.13140000000000,NA,0.11310000000000,3.29140000000000,NA,16386.8143,17.0139,16.9008,0.1131,19.7380,0.4542,0.4542,0.0000,NA,NA,NA
ExperienceX.exe,56308,0x216C829D570,DXGI,1,0,0,Composed: Flip,16419.7732,NA,16.05810000000000,NA,0.20190000000000,1.90490000000000,NA,16403.8282,16.1469,15.9450,0.2019,17.0633,0.7866,0.7866,0.0000,NA,NA,NA
ExperienceX.exe,56308,0x216838E1150,DXGI,1,0,0,Composed: Flip,16420.1260,NA,16.00260000000000,16.68980000000000,0.17430000000000,0.76550000000000,32.8214,16404.9519,15.3484,15.1741,0.1743,2.0546,13.8850,1.0376,12.8474,1.4477,16404.9519,NA
ExperienceX.exe,56308,0x216838E1150,DXGI,1,0,0,Composed: Flip,16437.9538,NA,17.82780000000000,NA,0.12090000000000,2.04770000000000,NA,16420.3003,17.7744,17.6535,0.1209,19.2377,0.4635,0.4635,0.0000,NA,NA,NA
ExperienceX.exe,56308,0x216838E1150,DXGI,1,0,0,Composed: Flip,16453.3146,NA,15.36080000000000,33.27990000000000,0.18580000000000,1.26020000000000,32.9127,16438.0747,15.4257,15.2399,0.1858,15.9692,0.5309,0.5309,0.0000,-0.1571,16438.0747,NA
ExperienceX.exe,56308,0x216838E1150,DXGI,1,0,0,Composed: Flip,16471.8403,NA,18.52570000000000,16.90400000000000,0.68000000000000,1.87500000000000,31.2910,16453.5004,19.0199,18.3399,0.6800,19.2345,0.9804,0.9804,0.0000,-1.4783,16453.5004,NA
ExperienceX.exe,56308,0x0,Other,-1,0,0,Composed: Flip,15821.2442,NA,67.62260000000001,66.57070000000000,0.00000000000000,0.68240000000000,31.6374,15753.6216,67.6226,67.6226,0.0000,67.4598,0.8452,0.8452,0.0000,66.3347,15753.6216,NA
ExperienceX.exe,56308,0x0,Other,-1,0,0,Composed: Flip,16121.2439,NA,299.99970000000002,NA,0.00000000000000,1.89000000000000,NA,15821.2442,299.9997,299.9997,0.0000,300.9169,0.9728,0.9665,0.0063,NA,NA,NA
ExperienceX.exe,56308,0x216C829D570,DXGI,1,0,0,Composed: Flip,16437.7171,NA,17.94390000000000,50.16210000000000,0.42960000000000,1.82090000000000,31.9608,16419.9751,18.1716,17.7420,0.4296,17.5305,2.0324,2.0324,0.0000,-0.7280,16419.9751,NA
ExperienceX.exe,56308,0x216C829D570,DXGI,1,0,0,Composed: Flip,16453.3147,NA,15.59760000000000,NA,0.19300000000000,0.72920000000000,NA,16438.1467,15.3610,15.1680,0.1930,1.8548,14.0424,0.8763,13.1661,NA,NA,NA
ExperienceX.exe,56308,0x216C829D570,DXGI,1,0,0,Composed: Flip,16471.6364,NA,18.32170000000000,NA,0.17510000000000,1.09850000000000,NA,16453.5077,18.3038,18.1287,0.1751,17.9063,1.3209,1.3209,0.0000,NA,NA,NA
ExperienceX.exe,56308,0x216C829D570,DXGI,1,0,0,Composed: Flip,16486.5675,NA,14.93110000000000,NA,0.22330000000000,0.80300000000000,NA,16471.8115,14.9793,14.7560,0.2233,1.9038,13.6552,0.9404,12.7148,NA,NA,NA
ExperienceX.exe,56308,0x216838E1150,DXGI,1,0,0,Composed: Flip,16486.5667,NA,14.72640000000000,16.45990000000000,0.22410000000000,1.65190000000000,33.0245,16472.5203,14.2705,14.0464,0.2241,14.8502,0.8481,0.8481,0.0000,2.5600,16472.5203,NA
ExperienceX.exe,56308,0x216838E1150,DXGI,1,0,0,Composed: Flip,16504.2753,NA,17.70860000000000,NA,0.14940000000000,3.53590000000000,NA,16486.7908,17.6339,17.4845,0.1494,20.5468,0.4736,0.4736,0.0000,NA,NA,NA
ExperienceX.exe,56308,0x216838E1150,DXGI,1,0,0,Composed: Flip,16520.0326,NA,15.75730000000000,NA,0.18520000000000,1.61160000000000,NA,16504.4247,15.7931,15.6079,0.1852,16.8506,0.3689,0.3689,0.0000,NA,NA,NA
ExperienceX.exe,56308,0x216838E1150,DXGI,1,0,0,Composed: Flip,16537.0456,NA,17.01300000000000,50.01920000000000,0.08440000000000,3.09590000000000,32.5648,16520.2178,16.9122,16.8278,0.0844,19.5145,0.4092,0.4092,0.0000,-2.3217,16520.2178,NA
ExperienceX.exe,56308,0x216838E1150,DXGI,1,0,0,Composed: Flip,16553.1134,NA,16.06780000000000,16.58320000000000,0.11480000000000,1.00090000000000,33.0802,16537.1300,16.0982,15.9834,0.1148,3.0115,13.9728,1.6353,12.3375,0.3290,16537.1300,NA
ExperienceX.exe,56308,0x216838E1150,DXGI,1,0,0,Composed: Flip,16570.3529,NA,17.23950000000000,16.70860000000000,0.13070000000000,2.63650000000000,32.5493,16553.2282,17.2554,17.1247,0.1307,17.9546,1.8066,1.8066,0.0000,-0.6104,16553.2282,NA
ExperienceX.exe,56308,0x216838E1150,DXGI,1,0,0,Composed: Flip,16586.5523,NA,16.19940000000000,16.62810000000000,0.18310000000000,0.74860000000000,32.9780,16570.4836,16.2518,16.0687,0.1831,2.9379,13.8794,1.6122,12.2672,0.6273,16570.4836,NA
ExperienceX.exe,56308,0x216838E1150,DXGI,1,0,0,Composed: Flip,16604.6620,NA,18.10970000000000,16.78740000000000,0.50560000000000,2.77470000000000,31.6557,16586.7354,18.4322,17.9266,0.5056,20.2352,0.4661,0.4597,0.0064,-0.5356,16586.7354,NA
ExperienceX.exe,56308,0x216C829D570,DXGI,1,0,0,Composed: Flip,16520.0320,NA,33.46450000000000,83.20290000000000,0.18590000000000,1.24330000000000,32.8488,16486.7908,33.4271,33.2412,0.1859,21.0204,13.4641,2.1415,11.3226,-16.3872,16486.7908,NA
ExperienceX.exe,56308,0x216C829D570,DXGI,1,0,0,Composed: Flip,16537.0409,NA,17.00890000000000,NA,0.09900000000000,2.69140000000000,NA,16520.2179,16.9220,16.8230,0.0990,17.5074,2.0070,2.0070,0.0000,NA,NA,NA
ExperienceX.exe,56308,0x216C829D570,DXGI,1,0,0,Composed: Flip,16553.1135,NA,16.07260000000000,NA,0.11490000000000,1.81740000000000,NA,16537.1399,16.0885,15.9736,0.1149,16.9744,0.8166,0.8166,0.0000,NA,NA,NA
ExperienceX.exe,56308,0x216C829D570,DXGI,1,0,0,Composed: Flip,16571.4787,NA,18.36520000000000,NA,0.25160000000000,1.94280000000000,NA,16553.2284,18.5019,18.2503,0.2516,19.7610,0.4321,0.4321,0.0000,NA,NA,NA
ExperienceX.exe,56308,0x216C829D570,DXGI,1,0,0,Composed: Flip,16586.5536,NA,15.07490000000000,NA,0.18930000000000,1.16020000000000,NA,16571.7303,15.0126,14.8233,0.1893,15.5706,0.4129,0.4129,0.0000,NA,NA,NA
ExperienceX.exe,56308,0x216C829D570,DXGI,1,0,0,Composed: Flip,16604.5856,NA,18.03200000000000,NA,0.08800000000000,2.38500000000000,NA,16586.7429,17.9307,17.8427,0.0880,17.7624,2.4653,2.4653,0.0000,NA,NA,NA
ExperienceX.exe,56308,0x216C829D570,DXGI,1,0,0,Composed: Flip,16619.8794,NA,15.29380000000000,NA,0.17660000000000,0.70500000000000,NA,16604.6736,15.3824,15.2058,0.1766,15.3875,0.5233,0.5233,0.0000,NA,NA,NA
ExperienceX.exe,56308,0x216C829D570,DXGI,1,0,0,Composed: Flip,16637.8419,NA,17.96250000000000,116.82440000000001,0.38850000000000,1.70150000000000,31.8633,16620.0560,18.1744,17.7859,0.3885,17.4627,2.0247,2.0247,0.0000,16.4408,16620.0560,NA
ExperienceX.exe,56308,0x216C829D570,DXGI,1,0,0,Composed: Flip,16653.2419,NA,15.40000000000000,16.55080000000000,0.22330000000000,1.22600000000000,33.0141,16638.2304,15.2348,15.0115,0.2233,15.7651,0.4724,0.4724,0.0000,1.6236,16638.2304,NA
ExperienceX.exe,56308,0x216C829D570,DXGI,1,0,0,Composed: Flip,16671.6578,NA,18.41590000000000,16.75810000000000,0.13850000000000,2.84150000000000,31.3563,16653.4652,18.3311,18.1926,0.1385,20.5932,0.4409,0.4409,0.0000,-1.5233,16653.4652,NA
ExperienceX.exe,56308,0x216C829D570,DXGI,1,0,0,Composed: Flip,16686.7082,NA,15.05040000000000,16.54380000000000,0.27250000000000,1.99890000000000,32.8497,16671.7963,15.1844,14.9119,0.2725,15.9213,0.9895,0.9758,0.0137,1.7873,16671.7963,NA
ExperienceX.exe,56308,0x216C829D570,DXGI,1,0,0,Composed: Flip,16704.7682,NA,18.06000000000000,16.72790000000000,0.84170000000000,2.26280000000000,31.5176,16686.9807,18.6292,17.7875,0.8417,19.5873,0.4630,0.4630,0.0000,-1.5435,16686.9807,NA
ExperienceX.exe,56308,0x216838E1150,DXGI,1,0,0,Composed: Flip,16619.8785,NA,15.21650000000000,16.56200000000000,0.17750000000000,1.93840000000000,33.0012,16605.1676,14.8884,14.7109,0.1775,15.4168,1.2325,1.1996,0.0329,1.8702,16605.1676,NA
ExperienceX.exe,56308,0x216838E1150,DXGI,1,0,0,Composed: Flip,16637.9960,NA,18.11750000000000,NA,0.15240000000000,2.22470000000000,NA,16620.0560,18.0924,17.9400,0.1524,19.4874,0.6773,0.6773,0.0000,NA,NA,NA
ExperienceX.exe,56308,0x216838E1150,DXGI,1,0,0,Composed: Flip,16653.2418,NA,15.24580000000000,NA,0.22210000000000,0.75370000000000,NA,16638.1484,15.3155,15.0934,0.2221,2.0723,13.7748,0.7645,13.0103,NA,NA,NA
ExperienceX.exe,56308,0x216838E1150,DXGI,1,0,0,Composed: Flip,16670.8286,NA,17.58680000000000,NA,0.86120000000000,3.22980000000000,NA,16653.4639,18.2259,17.3647,0.8612,19.2352,1.3593,1.3593,0.0000,NA,NA,NA
ExperienceX.exe,56308,0x216838E1150,DXGI,1,0,0,Composed: Flip,16686.6434,NA,15.81480000000000,NA,0.12520000000000,1.07420000000000,NA,16671.6898,15.0788,14.9536,0.1252,2.8095,13.2183,1.1778,12.0405,NA,NA,NA
ExperienceX.exe,56308,0x216838E1150,DXGI,1,0,0,Composed: Flip,16704.8824,NA,18.23900000000000,NA,0.73280000000000,1.68560000000000,NA,16686.7686,18.8466,18.1138,0.7328,17.5896,2.2098,2.2098,0.0000,NA,NA,NA
ExperienceX.exe,56308,0x216838E1150,DXGI,1,0,0,Composed: Flip,16719.9054,NA,15.02300000000000,NA,0.35430000000000,1.24310000000000,NA,16705.6152,14.6445,14.2902,0.3543,15.0649,0.4684,0.4684,0.0000,NA,NA,NA
ExperienceX.exe,56308,0x216838E1150,DXGI,1,0,0,Composed: Flip,16737.0351,NA,17.12970000000000,116.64190000000001,0.47170000000000,4.10680000000000,32.4865,16720.2597,17.2471,16.7754,0.4717,19.3007,1.5815,1.5771,0.0044,-1.5498,16720.2597,NA
ExperienceX.exe,56308,0x216838E1150,DXGI,1,0,0,Composed: Flip,16753.1751,NA,16.14000000000000,16.70600000000000,0.19810000000000,1.18860000000000,33.0525,16737.5068,15.8664,15.6683,0.1981,16.3617,0.4952,0.4952,0.0000,0.5411,16737.5068,NA
ExperienceX.exe,56308,0x216838E1150,DXGI,1,0,0,Composed: Flip,16770.7501,NA,17.57500000000000,16.64200000000000,0.10320000000000,3.48540000000000,32.1195,16753.3732,17.4801,17.3769,0.1032,19.2496,1.6127,1.6055,0.0072,-0.7756,16753.3732,NA
ExperienceX.exe,56308,0x216C829D570,DXGI,1,0,0,Composed: Flip,16719.9096,NA,15.14140000000000,16.58820000000000,0.34340000000000,0.77050000000000,32.9644,16705.6099,14.6431,14.2997,0.3434,1.4211,13.6491,1.1927,12.4564,2.0410,16705.6099,NA
ExperienceX.exe,56308,0x216C829D570,DXGI,1,0,0,Composed: Flip,16737.0089,NA,17.09930000000000,NA,0.08000000000000,2.55150000000000,NA,16720.2530,16.8359,16.7559,0.0800,17.2654,2.0420,2.0420,0.0000,NA,NA,NA
ExperienceX.exe,56308,0x216C829D570,DXGI,1,0,0,Composed: Flip,16753.1743,NA,16.16540000000000,NA,0.16550000000000,0.69420000000000,NA,16737.0889,16.2509,16.0854,0.1655,16.2481,0.5315,0.5315,0.0000,NA,NA,NA
ExperienceX.exe,56308,0x216C829D570,DXGI,1,0,0,Composed: Flip,16770.1029,NA,16.92860000000000,NA,0.42080000000000,2.51990000000000,NA,16753.3398,17.1839,16.7631,0.4208,17.2435,2.0395,2.0395,0.0000,NA,NA,NA
ExperienceX.exe,56308,0x216C829D570,DXGI,1,0,0,Composed: Flip,16803.8744,NA,33.77150000000000,83.50520000000000,0.08660000000000,3.05850000000000,32.5048,16770.5237,33.4373,33.3507,0.0866,35.9053,0.5039,0.5039,0.0000,-18.5914,16770.5237,NA
ExperienceX.exe,56308,0x216C829D570,DXGI,1,0,0,Composed: Flip,16819.8750,NA,16.00060000000000,16.52580000000000,0.14990000000000,1.02120000000000,33.0300,16803.9610,16.0639,15.9140,0.1499,2.9719,13.9633,0.9595,13.0038,16.9115,16803.9610,NA
ExperienceX.exe,56308,0x216838E1150,DXGI,1,0,0,Composed: Flip,16786.5237,NA,15.77360000000000,16.66810000000000,0.14750000000000,1.07780000000000,33.0140,16770.8533,15.8179,15.6704,0.1475,15.8490,0.8992,0.8992,0.0000,0.8120,16770.8533,NA
ExperienceX.exe,56308,0x216838E1150,DXGI,1,0,0,Composed: Flip,16803.5551,NA,17.03140000000000,NA,0.92380000000000,1.53050000000000,NA,16786.6712,17.8077,16.8839,0.9238,16.7997,1.6147,1.6147,0.0000,NA,NA,NA
ExperienceX.exe,56308,0x216838E1150,DXGI,1,0,0,Composed: Flip,16819.8745,NA,16.31940000000000,NA,0.15040000000000,1.83920000000000,NA,16804.4789,15.5460,15.3956,0.1504,16.4173,0.8175,0.8175,0.0000,NA,NA,NA
ExperienceX.exe,56308,0x216838E1150,DXGI,1,0,0,Composed: Flip,16837.2730,NA,17.39850000000000,NA,0.09250000000000,3.22420000000000,NA,16820.0249,17.3406,17.2481,0.0925,19.1316,1.3407,1.3407,0.0000,NA,NA,NA
ExperienceX.exe,56308,0x216838E1150,DXGI,1,0,0,Composed: Flip,16853.6264,NA,16.35340000000000,66.72520000000000,0.46060000000000,2.40810000000000,32.6365,16837.3655,16.7215,16.2609,0.4606,17.7645,0.9045,0.9045,0.0000,-0.2130,16837.3655,NA
ExperienceX.exe,56308,0x216838E1150,DXGI,1,0,0,Composed: Flip,16871.0559,NA,17.42950000000000,16.80640000000000,0.22290000000000,2.23780000000000,32.0134,16854.0870,17.1918,16.9689,0.2229,17.4930,1.7137,1.7137,0.0000,-0.0849,16854.0870,NA
ExperienceX.exe,56308,0x216838E1150,DXGI,1,0,0,Composed: Flip,16886.6510,NA,15.59510000000000,16.77450000000000,0.24050000000000,0.79020000000000,33.1928,16871.2788,15.6127,15.3722,0.2405,2.4357,13.7267,1.3130,12.4137,0.4173,16871.2788,NA
ExperienceX.exe,56308,0x216C829D570,DXGI,1,0,0,Composed: Flip,16837.2786,NA,17.40360000000000,16.69190000000000,0.10380000000000,4.80730000000000,32.3183,16820.0249,17.3575,17.2537,0.1038,20.4723,1.5887,1.5842,0.0045,-0.6280,16820.0249,NA
ExperienceX.exe,56308,0x216C829D570,DXGI,1,0,0,Composed: Flip,16853.2669,NA,15.98830000000000,NA,0.07360000000000,1.86310000000000,NA,16837.3824,15.9581,15.8845,0.0736,16.1330,1.6146,1.6146,0.0000,NA,NA,NA
ExperienceX.exe,56308,0x216C829D570,DXGI,1,0,0,Composed: Flip,16872.0950,NA,18.82810000000000,NA,0.10360000000000,1.61950000000000,NA,16853.3405,18.8581,18.7545,0.1036,19.9532,0.4208,0.4208,0.0000,NA,NA,NA
ExperienceX.exe,56308,0x216C829D570,DXGI,1,0,0,Composed: Flip,16886.6540,NA,14.55900000000000,NA,0.29340000000000,1.26330000000000,NA,16872.1986,14.7488,14.4554,0.2934,15.2426,0.4761,0.4761,0.0000,NA,NA,NA
ExperienceX.exe,56308,0x216C829D570,DXGI,1,0,0,Composed: Flip,16904.5399,NA,17.88590000000000,NA,0.17050000000000,2.16330000000000,NA,16886.9474,17.7630,17.5925,0.1705,19.2981,0.4577,0.4577,0.0000,NA,NA,NA
ExperienceX.exe,56308,0x216C829D570,DXGI,1,0,0,Composed: Flip,16920.3286,NA,15.78870000000000,83.29510000000001,0.16640000000000,1.97590000000000,32.5634,16904.7104,15.7846,15.6182,0.1664,17.4174,0.1767,0.1580,0.0187,1.3904,16904.7104,NA
ExperienceX.exe,56308,0x216838E1150,DXGI,1,0,0,Composed: Flip,16904.7625,NA,18.11150000000000,16.53170000000000,0.07290000000000,1.48300000000000,31.6130,16886.8915,17.9439,17.8710,0.0729,17.3343,2.0197,2.0197,0.0000,-0.9190,16886.8915,NA
ExperienceX.exe,56308,0x216838E1150,DXGI,1,0,0,Composed: Flip,16920.3285,NA,15.56600000000000,NA,0.16650000000000,1.79930000000000,NA,16904.8354,15.6596,15.4931,0.1665,1.8678,15.4246,1.9652,13.4594,NA,NA,NA
ExperienceX.exe,56308,0x216838E1150,DXGI,1,0,0,Composed: Flip,16938.8587,NA,18.53020000000000,NA,0.28490000000000,1.67470000000000,NA,16920.4950,18.6486,18.3637,0.2849,18.1933,1.8451,1.8451,0.0000,NA,NA,NA
ExperienceX.exe,56308,0x216838E1150,DXGI,1,0,0,Composed: Flip,16953.2068,NA,14.34810000000000,49.83070000000000,0.19660000000000,0.71860000000000,32.9994,16939.1436,14.2598,14.0632,0.1966,2.6139,12.1679,1.1711,10.9968,2.4214,16939.1436,NA
ExperienceX.exe,56308,0x216838E1150,DXGI,1,0,0,Composed: Flip,16970.4921,NA,17.28530000000000,16.72830000000000,0.04970000000000,3.53810000000000,32.4424,16953.4034,17.1384,17.0887,0.0497,19.0501,1.5767,1.5724,0.0043,-2.4685,16953.4034,NA
ExperienceX.exe,56308,0x216838E1150,DXGI,1,0,0,Composed: Flip,16986.5183,NA,16.02620000000000,16.65750000000000,0.19730000000000,0.74880000000000,33.0737,16970.5418,16.1738,15.9765,0.1973,16.2042,0.5211,0.5211,0.0000,0.4809,16970.5418,NA
ExperienceX.exe,56308,0x216838E1150,DXGI,1,0,0,Composed: Flip,17003.7023,NA,17.18400000000000,16.72360000000000,0.13320000000000,3.19000000000000,32.6133,16986.7156,17.1199,16.9867,0.1332,17.8173,2.3594,2.3594,0.0000,-0.5498,16986.7156,NA
ExperienceX.exe,56308,0x216838E1150,DXGI,1,0,0,Composed: Flip,17019.9193,NA,16.21700000000000,16.54100000000000,0.18490000000000,1.11970000000000,32.9373,17003.8355,16.2687,16.0838,0.1849,16.7534,0.4501,0.4501,0.0000,0.5789,17003.8355,NA
ExperienceX.exe,56308,0x0,Other,-1,0,0,Composed: Flip,16505.4345,NA,384.19060000000002,683.39170000000001,0.00000000000000,1.90310000000000,30.8388,16121.2439,384.1906,384.1906,0.0000,384.4714,1.6223,1.6223,0.0000,-315.7694,16121.2439,NA
ExperienceX.exe,56308,0x0,Other,-1,0,0,Composed: Flip,16787.2362,NA,281.80170000000004,NA,0.00000000000000,1.16590000000000,NA,16505.4345,281.8017,281.8017,0.0000,282.1670,0.8006,0.8006,0.0000,NA,NA,NA
ExperienceX.exe,56308,0x216838E1150,DXGI,1,0,0,Composed: Flip,17038.0437,NA,18.12440000000000,16.71460000000000,0.21060000000000,2.62510000000000,31.5275,17020.1042,18.1501,17.9395,0.2106,17.8418,2.7228,2.7228,0.0000,-0.4459,17020.1042,NA
ExperienceX.exe,56308,0x216838E1150,DXGI,1,0,0,Composed: Flip,17053.1710,NA,15.12730000000000,NA,0.18970000000000,1.86790000000000,NA,17038.2543,15.1064,14.9167,0.1897,15.9624,0.8222,0.8222,0.0000,NA,NA,NA
ExperienceX.exe,56308,0x216C829D570,DXGI,1,0,0,Composed: Flip,16938.9198,NA,18.59120000000000,16.61300000000000,0.12140000000000,2.83770000000000,30.5852,16920.4950,18.5462,18.4248,0.1214,20.0384,1.2241,1.2241,0.0000,-0.8284,16920.4950,NA
ExperienceX.exe,56308,0x216C829D570,DXGI,1,0,0,Composed: Flip,16953.2069,NA,14.28710000000000,NA,0.19640000000000,1.82050000000000,NA,16939.0412,14.3621,14.1657,0.1964,14.8842,1.1020,1.1020,0.0000,NA,NA,NA
ExperienceX.exe,56308,0x216C829D570,DXGI,1,0,0,Composed: Flip,16969.9302,NA,16.72330000000000,NA,0.59150000000000,2.52330000000000,NA,16953.4033,17.1184,16.5269,0.5915,17.0164,2.0338,2.0338,0.0000,NA,NA,NA
ExperienceX.exe,56308,0x216C829D570,DXGI,1,0,0,Composed: Flip,16986.5203,NA,16.59010000000000,NA,0.20020000000000,1.55300000000000,NA,16970.5217,16.1988,15.9986,0.2002,16.7454,0.8062,0.8062,0.0000,NA,NA,NA
ExperienceX.exe,56308,0x216C829D570,DXGI,1,0,0,Composed: Flip,17003.7024,NA,17.18210000000000,NA,0.79170000000000,3.60860000000000,NA,16986.7205,17.7736,16.9819,0.7917,20.1718,0.4187,0.4130,0.0057,NA,NA,NA
ExperienceX.exe,56308,0x216C829D570,DXGI,1,0,0,Composed: Flip,17019.8969,NA,16.19450000000000,NA,0.09960000000000,0.69200000000000,NA,17004.4941,15.5024,15.4028,0.0996,15.5156,0.5792,0.5792,0.0000,NA,NA,NA
ExperienceX.exe,56308,0x216C829D570,DXGI,1,0,0,Composed: Flip,17038.2712,NA,18.37430000000000,NA,0.05980000000000,3.11550000000000,NA,17019.9965,18.3345,18.2747,0.0598,20.6723,0.7179,0.7142,0.0037,NA,NA,NA
ExperienceX.exe,56308,0x216C829D570,DXGI,1,0,0,Composed: Flip,17071.4751,NA,33.20390000000000,NA,0.64470000000000,2.64900000000000,NA,17038.3310,33.7888,33.1441,0.6447,34.3882,1.4049,1.4049,0.0000,NA,NA,NA
ExperienceX.exe,56308,0x216838E1150,DXGI,1,0,0,Composed: Flip,17071.5370,NA,18.36600000000000,33.85480000000000,0.61220000000000,3.03750000000000,31.8890,17053.3607,18.7885,18.1763,0.6122,20.7634,0.4504,0.4464,0.0040,-0.5983,17053.3607,NA
ExperienceX.exe,56308,0x216838E1150,DXGI,1,0,0,Composed: Flip,17086.9514,NA,15.41440000000000,NA,0.19240000000000,2.11990000000000,NA,17072.1492,14.9946,14.8022,0.1924,15.0322,1.8899,1.3444,0.5455,NA,NA,NA
ExperienceX.exe,56308,0x0,Other,-1,0,0,Composed: Flip,17053.8537,NA,266.61750000000001,550.15170000000001,0.00000000000000,0.36300000000000,32.5713,16787.2362,266.6175,266.6175,0.0000,266.1210,0.8595,0.8595,0.0000,115.8406,16787.2362,NA
ExperienceX.exe,56308,0x216838E1150,DXGI,1,0,0,Composed: Flip,17105.1579,NA,18.20650000000000,33.64590000000000,0.18930000000000,3.27050000000000,31.9140,17087.1438,18.2034,18.0141,0.1893,20.8686,0.4160,0.4160,0.0000,0.1372,17087.1438,NA
ExperienceX.exe,56308,0x216838E1150,DXGI,1,0,0,Composed: Flip,17119.8920,NA,14.73410000000000,NA,0.92520000000000,1.03470000000000,NA,17105.3472,15.4700,14.5448,0.9252,3.0812,12.4983,1.6782,10.8201,NA,NA,NA
ExperienceX.exe,56308,0x216C829D570,DXGI,1,0,0,Composed: Flip,17086.9507,NA,15.47560000000000,150.03200000000001,0.19360000000000,2.54950000000000,32.5863,17072.1198,15.0245,14.8309,0.1936,16.9515,0.4289,0.4289,0.0000,1.5928,17072.1198,NA
ExperienceX.exe,56308,0x216C829D570,DXGI,1,0,0,Composed: Flip,17106.9467,NA,19.99600000000000,NA,0.09100000000000,1.06570000000000,NA,17087.1443,19.8934,19.8024,0.0910,19.5429,1.3252,1.3252,0.0000,NA,NA,NA
ExperienceX.exe,56308,0x216C829D570,DXGI,1,0,0,Composed: Flip,17138.4834,NA,31.53670000000000,NA,0.48210000000000,2.49570000000000,NA,17107.0377,31.9278,31.4457,0.4821,32.5083,1.4331,1.4331,0.0000,NA,NA,NA
ExperienceX.exe,56308,0x216838E1150,DXGI,1,0,0,Composed: Flip,17138.6497,NA,18.75770000000000,32.48210000000000,0.41500000000000,2.77930000000000,30.9043,17120.8172,18.2475,17.8325,0.4150,20.1619,0.4499,0.4460,0.0039,1.1913,17120.8172,NA
ExperienceX.exe,56308,0x216838E1150,DXGI,1,0,0,Composed: Flip,17170.6617,NA,32.01200000000000,33.31980000000000,0.05820000000000,1.97900000000000,32.2121,17139.0647,31.6552,31.5970,0.0582,31.5420,2.0340,2.0340,0.0000,-15.0723,17139.0647,NA
ExperienceX.exe,56308,0x216838E1150,DXGI,1,0,0,Composed: Flip,17186.9382,NA,16.27650000000000,16.77270000000000,0.15770000000000,1.31700000000000,32.7083,17170.7199,16.3760,16.2183,0.1577,16.9810,0.5543,0.5543,0.0000,14.8825,17170.7199,NA
ExperienceX.exe,56308,0x216838E1150,DXGI,1,0,0,Composed: Flip,17204.2355,NA,17.29730000000000,16.64180000000000,0.40690000000000,2.18240000000000,32.0528,17187.0959,17.5465,17.1396,0.4069,18.8936,0.4284,0.4284,0.0000,-0.2658,17187.0959,NA
ExperienceX.exe,56308,0x216838E1150,DXGI,1,0,0,Composed: Flip,17219.9775,NA,15.74200000000000,16.68710000000000,0.16240000000000,1.18170000000000,32.9979,17204.6424,15.4975,15.3351,0.1624,16.0470,0.4698,0.4698,0.0000,0.8594,17204.6424,NA
ExperienceX.exe,56308,0x216C829D570,DXGI,1,0,0,Composed: Flip,17153.1472,NA,14.66380000000000,66.88080000000001,0.17780000000000,1.17780000000000,33.2706,17138.9655,14.3595,14.1817,0.1778,14.4109,0.9486,0.9486,0.0000,-0.0351,17138.9655,NA
ExperienceX.exe,56308,0x216C829D570,DXGI,1,0,0,Composed: Flip,17170.1353,NA,16.98810000000000,NA,0.07920000000000,2.95980000000000,NA,17153.3250,16.8895,16.8103,0.0792,19.3157,0.4544,0.4544,0.0000,NA,NA,NA
ExperienceX.exe,56308,0x216C829D570,DXGI,1,0,0,Composed: Flip,17186.9379,NA,16.80260000000000,NA,0.15810000000000,0.76300000000000,NA,17170.2145,16.8815,16.7234,0.1581,2.8806,14.6058,1.0454,13.5604,NA,NA,NA
ExperienceX.exe,56308,0x216C829D570,DXGI,1,0,0,Composed: Flip,17203.9242,NA,16.98630000000000,NA,0.12360000000000,2.06530000000000,NA,17187.0960,16.9518,16.8282,0.1236,16.8276,2.0659,2.0659,0.0000,NA,NA,NA
ExperienceX.exe,56308,0x216C829D570,DXGI,1,0,0,Composed: Flip,17219.9774,NA,16.05320000000000,NA,0.16260000000000,0.71200000000000,NA,17204.0478,16.0922,15.9296,0.1626,2.3701,14.2715,1.3459,12.9256,NA,NA,NA
ExperienceX.exe,56308,0x216C829D570,DXGI,1,0,0,Composed: Flip,17237.0784,NA,17.10100000000000,NA,0.27220000000000,2.44830000000000,NA,17220.1400,17.2106,16.9384,0.2722,17.5604,1.8263,1.8263,0.0000,NA,NA,NA
ExperienceX.exe,56308,0x216838E1150,DXGI,1,0,0,Composed: Flip,17237.0915,NA,17.11400000000000,16.82610000000000,0.25920000000000,2.89110000000000,32.7100,17220.1399,17.2108,16.9516,0.2592,19.3868,0.4559,0.4559,0.0000,-1.3286,17220.1399,NA
ExperienceX.exe,56308,0x216838E1150,DXGI,1,0,0,Composed: Flip,17253.4137,NA,16.32220000000000,NA,0.35910000000000,2.59450000000000,NA,17237.3507,16.4221,16.0630,0.3591,17.2400,1.4175,1.4081,0.0094,NA,NA,NA
ExperienceX.exe,56308,0x216C829D570,DXGI,1,0,0,Composed: Flip,17253.4066,NA,16.32820000000000,100.08190000000000,0.24420000000000,1.18410000000000,33.0931,17237.3506,16.3002,16.0560,0.2442,2.6320,14.6081,1.4791,13.1290,-1.6968,17237.3506,NA
ExperienceX.exe,56308,0x216C829D570,DXGI,1,0,0,Composed: Flip,17270.9225,NA,17.51590000000000,NA,0.22130000000000,4.06220000000000,NA,17253.6508,17.4930,17.2717,0.2213,20.8627,0.4712,0.4712,0.0000,NA,NA,NA
ExperienceX.exe,56308,0x216838E1150,DXGI,1,0,0,Composed: Flip,17270.8108,NA,17.39710000000000,33.40230000000000,0.12550000000000,3.70270000000000,32.3930,17253.7728,17.1635,17.0380,0.1255,19.7931,0.9476,0.9476,0.0000,0.2306,17253.7728,NA
ExperienceX.exe,56308,0x216838E1150,DXGI,1,0,0,Composed: Flip,17287.1946,NA,16.38380000000000,NA,0.31080000000000,2.52680000000000,NA,17270.9363,16.5691,16.2583,0.3108,18.0495,0.7356,0.7356,0.0000,NA,NA,NA
ExperienceX.exe,56308,0x216838E1150,DXGI,1,0,0,Composed: Flip,17306.3725,NA,19.17790000000000,33.10680000000000,0.87530000000000,1.91950000000000,29.9381,17287.5054,19.7424,18.8671,0.8753,19.1642,1.6224,1.6224,0.0000,0.6258,17287.5054,NA
ExperienceX.exe,56308,0x216838E1150,DXGI,1,0,0,Composed: Flip,17319.9696,NA,13.59710000000000,16.78250000000000,0.30470000000000,1.56760000000000,33.1235,17307.2478,13.0265,12.7218,0.3047,1.4341,12.8553,3.0895,9.7658,2.9599,17307.2478,NA
ExperienceX.exe,56308,0x216C829D570,DXGI,1,0,0,Composed: Flip,17287.1318,NA,16.20930000000000,33.11590000000000,0.26240000000000,1.85400000000000,32.4838,17271.1438,16.2504,15.9880,0.2624,3.8409,14.0011,2.5250,11.4761,0.6773,17271.1438,NA
ExperienceX.exe,56308,0x216C829D570,DXGI,1,0,0,Composed: Flip,17306.9509,NA,19.81910000000000,NA,0.68310000000000,1.73100000000000,NA,17287.3942,20.2398,19.5567,0.6831,20.8978,0.3899,0.3899,0.0000,NA,NA,NA
ExperienceX.exe,56308,0x216C829D570,DXGI,1,0,0,Composed: Flip,17319.9695,NA,13.01860000000000,NA,0.32330000000000,2.28610000000000,NA,17307.6340,12.6588,12.3355,0.3233,13.9032,0.7184,0.7184,0.0000,NA,NA,NA
ExperienceX.exe,56308,0x216C829D570,DXGI,1,0,0,Composed: Flip,17337.4596,NA,17.49010000000000,NA,0.25340000000000,3.70100000000000,NA,17320.2928,17.4202,17.1668,0.2534,20.4116,0.4562,0.4562,0.0000,NA,NA,NA
ExperienceX.exe,56308,0x216838E1150,DXGI,1,0,0,Composed: Flip,17337.4600,NA,17.49040000000000,16.44540000000000,0.25600000000000,3.24440000000000,32.0785,17320.2743,17.4417,17.1857,0.2560,18.7395,1.6906,1.6906,0.0000,-3.4189,17320.2743,NA
ExperienceX.exe,56308,0x216838E1150,DXGI,1,0,0,Composed: Flip,17353.8466,NA,16.38660000000000,NA,0.30560000000000,1.66480000000000,NA,17337.7160,16.4362,16.1306,0.3056,17.3624,0.4330,0.4330,0.0000,NA,NA,NA
ExperienceX.exe,56308,0x216C829D570,DXGI,1,0,0,Composed: Flip,17353.8455,NA,16.38590000000000,66.59950000000001,0.30660000000000,1.23290000000000,32.3696,17337.7130,16.4391,16.1325,0.3066,3.4476,13.9178,1.8709,12.0469,-0.0303,17337.7130,NA
ExperienceX.exe,56308,0x216C829D570,DXGI,1,0,0,Composed: Flip,17370.2157,NA,16.37020000000000,NA,0.12810000000000,2.82450000000000,NA,17354.1521,16.1917,16.0636,0.1281,18.4402,0.4479,0.4479,0.0000,NA,NA,NA
ExperienceX.exe,56308,0x216838E1150,DXGI,1,0,0,Composed: Flip,17370.2150,NA,16.36840000000000,33.31950000000001,0.47200000000000,2.37730000000000,32.6430,17354.1522,16.5348,16.0628,0.4720,16.4024,2.0377,2.0377,0.0000,0.5584,17354.1522,NA
ExperienceX.exe,56308,0x216838E1150,DXGI,1,0,0,Composed: Flip,17386.5447,NA,16.32970000000000,NA,0.20930000000000,1.16290000000000,NA,17370.6870,16.0670,15.8577,0.2093,16.5670,0.4536,0.4536,0.0000,NA,NA,NA
ExperienceX.exe,56308,0x216838E1150,DXGI,1,0,0,Composed: Flip,17404.2370,NA,17.69230000000000,33.42670000000000,0.11930000000000,2.29570000000000,32.0477,17386.7540,17.6023,17.4830,0.1193,19.3191,0.4596,0.4596,0.0000,-0.8249,17386.7540,NA
ExperienceX.exe,56308,0x216838E1150,DXGI,1,0,0,Composed: Flip,17420.0113,NA,15.77430000000000,16.59170000000000,0.11590000000000,1.47520000000000,32.8651,17404.3563,15.7709,15.6550,0.1159,16.6680,0.4622,0.4622,0.0000,1.0106,17404.3563,NA
ExperienceX.exe,56308,0x216838E1150,DXGI,1,0,0,Composed: Flip,17438.7786,NA,18.76730000000000,16.88100000000000,0.10900000000000,1.56850000000000,30.9788,17420.1272,18.7604,18.6514,0.1090,18.5592,1.6607,1.6607,0.0000,-1.1101,17420.1272,NA
ExperienceX.exe,56308,0x216838E1150,DXGI,1,0,0,Composed: Flip,17453.1743,NA,14.39570000000000,16.56000000000000,0.18790000000000,1.19430000000000,33.1431,17438.8876,14.4746,14.2867,0.1879,15.0130,0.4680,0.4680,0.0000,2.2004,17438.8876,NA
ExperienceX.exe,56308,0x216838E1150,DXGI,1,0,0,Composed: Flip,17470.8462,NA,17.67190000000000,17.04840000000000,0.25470000000000,4.19210000000000,32.5196,17453.3622,17.7387,17.4840,0.2547,21.2401,0.4360,0.4360,0.0000,-2.5738,17453.3622,NA
ExperienceX.exe,56308,0x216838E1150,DXGI,1,0,0,Composed: Flip,17488.1788,NA,17.33260000000000,16.42860000000000,0.47690000000000,1.23320000000000,31.6156,17471.1009,17.5548,17.0779,0.4769,3.9374,14.3737,2.7946,11.5791,1.3101,17471.1009,NA
ExperienceX.exe,56308,0x216838E1150,DXGI,1,0,0,Composed: Flip,17507.9151,NA,19.73630000000000,17.63760000000000,1.67010000000000,2.63320000000000,29.5169,17488.6557,20.9295,19.2594,1.6701,20.9438,0.9488,0.9488,0.0000,-0.0828,17488.6557,NA
ExperienceX.exe,56308,0x216838E1150,DXGI,1,0,0,Composed: Flip,17520.5229,NA,12.60780000000000,NA,0.30770000000000,2.99990000000000,NA,17509.5852,11.2454,10.9377,0.3077,0.9631,12.9745,3.5066,9.4679,NA,NA,NA
ExperienceX.exe,56308,0x216C7EA03E0,DXGI,1,0,0,Composed: Flip,16120.9676,NA,17.73020000000000,133.31480000000002,0.07560000000000,0.61270000000000,31.8869,16103.5408,17.5024,17.4268,0.0756,3.0722,14.9673,2.2091,12.7582,0.1039,16103.5408,NA
ExperienceX.exe,56308,0x216C7EA03E0,DXGI,1,0,0,Composed: Flip,16136.8638,NA,15.89620000000000,NA,0.13840000000000,1.12470000000000,NA,16121.0432,15.9590,15.8206,0.1384,15.9844,0.9609,0.9521,0.0088,NA,NA,NA
ExperienceX.exe,56308,0x216C7EA03E0,DXGI,1,0,0,Composed: Flip,16153.4051,NA,16.54130000000000,NA,0.53710000000000,2.19930000000000,NA,16137.0022,16.9400,16.4029,0.5371,17.2315,1.3707,1.3637,0.0070,NA,NA,NA
ExperienceX.exe,56308,0x216C7EA03E0,DXGI,1,0,0,Composed: Flip,16169.9690,NA,16.56390000000000,NA,0.14850000000000,1.22010000000000,NA,16153.9422,16.1753,16.0268,0.1485,1.6622,15.5847,1.3938,14.1909,NA,NA,NA
ExperienceX.exe,56308,0x216C7EA03E0,DXGI,1,0,0,Composed: Flip,16187.5663,NA,17.59730000000000,NA,0.65540000000000,1.87790000000000,NA,16170.1175,18.1042,17.4488,0.6554,18.3761,0.9506,0.9442,0.0064,NA,NA,NA
ExperienceX.exe,56308,0x216C7EA03E0,DXGI,1,0,0,Composed: Flip,16203.1451,NA,15.57880000000000,NA,0.95040000000000,1.76490000000000,NA,16188.2217,15.8738,14.9234,0.9504,15.4875,1.2008,1.2008,0.0000,NA,NA,NA
ExperienceX.exe,56308,0x216C7EA03E0,DXGI,1,0,0,Composed: Flip,16220.8411,NA,17.69600000000000,NA,0.04690000000000,1.68660000000000,NA,16204.0955,16.7925,16.7456,0.0469,17.4710,0.9612,0.9527,0.0085,NA,NA,NA
ExperienceX.exe,56308,0x216C7EA03E0,DXGI,1,0,0,Composed: Flip,16236.5988,NA,15.75770000000000,NA,0.10430000000000,0.74590000000000,NA,16220.8880,15.8151,15.7108,0.1043,15.9053,0.5514,0.5514,0.0000,NA,NA,NA
ExperienceX.exe,56308,0x216C7EA03E0,DXGI,1,0,0,Composed: Flip,16253.6320,NA,17.03320000000000,NA,0.55500000000000,2.18740000000000,NA,16236.7031,17.4839,16.9289,0.5550,17.8177,1.2986,1.2931,0.0055,NA,NA,NA
ExperienceX.exe,56308,0x216C7EA03E0,DXGI,1,0,0,Composed: Flip,16270.3342,NA,16.70220000000000,NA,0.27840000000000,1.35820000000000,NA,16254.1870,16.4256,16.1472,0.2784,16.4446,1.0608,1.0182,0.0426,NA,NA,NA
ExperienceX.exe,56308,0x216C7EA03E0,DXGI,1,0,0,Composed: Flip,16288.2638,NA,17.92960000000000,NA,0.12150000000000,1.63450000000000,NA,16270.6126,17.7727,17.6512,0.1215,18.3645,0.9212,0.9212,0.0000,NA,NA,NA
ExperienceX.exe,56308,0x216C7EA03E0,DXGI,1,0,0,Composed: Flip,16303.3058,NA,15.04200000000000,NA,0.26080000000000,1.52570000000000,NA,16288.3853,15.1813,14.9205,0.2608,1.5130,14.9332,1.7094,13.2238,NA,NA,NA
ExperienceX.exe,56308,0x216C7EA03E0,DXGI,1,0,0,Composed: Flip,16321.6326,NA,18.32680000000000,NA,0.06660000000000,1.36250000000000,NA,16303.5666,18.1326,18.0660,0.0666,18.4808,0.9477,0.9415,0.0062,NA,NA,NA
ExperienceX.exe,56308,0x216C7EA03E0,DXGI,1,0,0,Composed: Flip,16336.6342,NA,15.00160000000000,NA,0.25050000000000,0.83740000000000,NA,16321.6992,15.1855,14.9350,0.2505,15.2122,0.5602,0.5602,0.0000,NA,NA,NA
ExperienceX.exe,56308,0x216C7EA03E0,DXGI,1,0,0,Composed: Flip,16353.4699,NA,16.83570000000000,NA,0.59490000000000,2.24570000000000,NA,16336.8847,17.1801,16.5852,0.5949,17.4514,1.3795,1.3748,0.0047,NA,NA,NA
ExperienceX.exe,56308,0x216C7EA03E0,DXGI,1,0,0,Composed: Flip,16369.9585,NA,16.48860000000000,NA,0.24080000000000,0.83370000000000,NA,16354.0648,16.1345,15.8937,0.2408,16.0726,0.6548,0.6548,0.0000,NA,NA,NA
ExperienceX.exe,56308,0x216C7EA03E0,DXGI,1,0,0,Composed: Flip,16387.4816,NA,17.52310000000000,NA,0.18500000000000,2.68020000000000,NA,16370.1993,17.4673,17.2823,0.1850,17.5898,2.3727,2.3678,0.0049,NA,NA,NA
ExperienceX.exe,56308,0x216C7EA03E0,DXGI,1,0,0,Composed: Flip,16403.4312,NA,15.94960000000000,NA,0.23640000000000,1.47890000000000,NA,16387.6666,16.0010,15.7646,0.2364,15.9691,1.2744,1.2744,0.0000,NA,NA,NA
ExperienceX.exe,56308,0x216C7EA03E0,DXGI,1,0,0,Composed: Flip,16420.1922,NA,16.76100000000000,NA,0.59500000000000,2.44140000000000,NA,16403.6676,17.1196,16.5246,0.5950,18.0105,0.9555,0.9509,0.0046,NA,NA,NA
ExperienceX.exe,56308,0x216C7EA03E0,DXGI,1,0,0,Composed: Flip,16436.7164,NA,16.52420000000000,NA,0.17310000000000,0.78920000000000,NA,16420.7872,16.1023,15.9292,0.1731,16.1575,0.5609,0.5609,0.0000,NA,NA,NA
ExperienceX.exe,56308,0x216C7EA03E0,DXGI,1,0,0,Composed: Flip,16454.2372,NA,17.52080000000000,NA,0.05320000000000,1.73160000000000,NA,16436.8895,17.4009,17.3477,0.0532,17.6853,1.3940,1.3831,0.0109,NA,NA,NA
ExperienceX.exe,56308,0x216C7EA03E0,DXGI,1,0,0,Composed: Flip,16470.1000,NA,15.86280000000000,NA,0.23750000000000,1.31400000000000,NA,16454.2904,16.0471,15.8096,0.2375,16.0769,1.0467,1.0168,0.0299,NA,NA,NA
ExperienceX.exe,56308,0x216C7EA03E0,DXGI,1,0,0,Composed: Flip,16487.8567,NA,17.75670000000000,NA,0.21680000000000,1.45670000000000,NA,16470.3375,17.7360,17.5192,0.2168,17.8811,1.0948,1.0855,0.0093,NA,NA,NA
ExperienceX.exe,56308,0x216C7EA03E0,DXGI,1,0,0,Composed: Flip,16503.8110,NA,15.95430000000000,NA,0.51000000000000,1.90430000000000,NA,16488.0735,16.2475,15.7375,0.5100,16.0605,1.5813,1.5373,0.0440,NA,NA,NA
ExperienceX.exe,56308,0x216C7EA03E0,DXGI,1,0,0,Composed: Flip,16521.3691,NA,17.55810000000000,NA,0.09030000000000,2.05500000000000,NA,16504.3210,17.1384,17.0481,0.0903,17.3232,1.7799,1.7746,0.0053,NA,NA,NA
ExperienceX.exe,56308,0x216C7EA03E0,DXGI,1,0,0,Composed: Flip,16536.6396,NA,15.27050000000000,NA,0.31130000000000,1.08570000000000,NA,16521.4594,15.4915,15.1802,0.3113,15.4960,0.7699,0.7699,0.0000,NA,NA,NA
ExperienceX.exe,56308,0x216C7EA03E0,DXGI,1,0,0,Composed: Flip,16553.9560,NA,17.31640000000000,NA,0.05150000000000,1.94290000000000,NA,16536.9509,17.0566,17.0051,0.0515,17.9800,0.9680,0.9639,0.0041,NA,NA,NA
ExperienceX.exe,56308,0x216C7EA03E0,DXGI,1,0,0,Composed: Flip,16569.9601,NA,16.00410000000000,NA,0.22370000000000,1.22270000000000,NA,16554.0075,16.1763,15.9526,0.2237,16.1683,1.0070,0.9792,0.0278,NA,NA,NA
ExperienceX.exe,56308,0x216C7EA03E0,DXGI,1,0,0,Composed: Flip,16587.8167,NA,17.85660000000000,NA,0.06250000000000,1.24930000000000,NA,16570.1838,17.6954,17.6329,0.0625,17.5300,1.3522,1.3435,0.0087,NA,NA,NA
ExperienceX.exe,56308,0x216C7EA03E0,DXGI,1,0,0,Composed: Flip,16603.4258,NA,15.60910000000000,NA,0.39240000000000,1.07950000000000,NA,16587.8792,15.9390,15.5466,0.3924,16.0576,0.5685,0.5685,0.0000,NA,NA,NA
ExperienceX.exe,56308,0x216C7EA03E0,DXGI,1,0,0,Composed: Flip,16620.7955,NA,17.36970000000000,NA,0.08470000000000,2.01460000000000,NA,16603.8182,17.0620,16.9773,0.0847,17.9987,0.9932,0.9875,0.0057,NA,NA,NA
ExperienceX.exe,56308,0x216C7EA03E0,DXGI,1,0,0,Composed: Flip,16636.8475,NA,16.05200000000000,NA,0.13610000000000,0.67120000000000,NA,16620.8802,16.1034,15.9673,0.1361,16.0771,0.5614,0.5614,0.0000,NA,NA,NA
ExperienceX.exe,56308,0x216C7EA03E0,DXGI,1,0,0,Composed: Flip,16653.5169,NA,16.66940000000000,NA,0.12920000000000,2.31160000000000,NA,16636.9836,16.6625,16.5333,0.1292,17.4843,1.3606,1.3606,0.0000,NA,NA,NA
ExperienceX.exe,56308,0x216C7EA03E0,DXGI,1,0,0,Composed: Flip,16670.2807,NA,16.76380000000000,NA,0.33590000000000,2.41840000000000,NA,16653.6461,16.9705,16.6346,0.3359,2.1824,16.8706,1.6573,15.2133,NA,NA,NA
ExperienceX.exe,56308,0x216C7EA03E0,DXGI,1,0,0,Composed: Flip,16688.6398,NA,18.35910000000000,NA,0.06850000000000,1.17120000000000,NA,16670.6166,18.0917,18.0232,0.0685,18.0924,1.1020,1.0918,0.0102,NA,NA,NA
ExperienceX.exe,56308,0x216C7EA03E0,DXGI,1,0,0,Composed: Flip,16703.3737,NA,14.73390000000000,NA,0.14330000000000,0.83940000000000,NA,16688.7083,14.8087,14.6654,0.1433,1.1027,14.4021,1.7511,12.6510,NA,NA,NA
ExperienceX.exe,56308,0x216C7EA03E0,DXGI,1,0,0,Composed: Flip,16720.9392,NA,17.56550000000000,NA,0.41650000000000,1.52980000000000,NA,16703.5170,17.8387,17.4222,0.4165,17.6315,1.3205,1.3135,0.0070,NA,NA,NA
ExperienceX.exe,56308,0x216C7EA03E0,DXGI,1,0,0,Composed: Flip,16736.6972,NA,15.75800000000000,NA,0.22100000000000,0.82120000000000,NA,16721.3557,15.5625,15.3415,0.2210,15.6021,0.5606,0.5606,0.0000,NA,NA,NA
ExperienceX.exe,56308,0x216C7EA03E0,DXGI,1,0,0,Composed: Flip,16753.8702,NA,17.17300000000000,NA,0.17760000000000,1.83660000000000,NA,16736.9182,17.1296,16.9520,0.1776,17.4455,1.3431,1.3390,0.0041,NA,NA,NA
ExperienceX.exe,56308,0x216C7EA03E0,DXGI,1,0,0,Composed: Flip,16769.8470,NA,15.97680000000000,NA,0.18160000000000,0.73630000000000,NA,16754.0478,15.9808,15.7992,0.1816,15.9808,0.5547,0.5547,0.0000,NA,NA,NA
ExperienceX.exe,56308,0x216C7EA03E0,DXGI,1,0,0,Composed: Flip,16787.7889,NA,17.94190000000000,NA,0.06950000000000,1.57930000000000,NA,16770.0286,17.8298,17.7603,0.0695,18.3735,0.9661,0.9582,0.0079,NA,NA,NA
ExperienceX.exe,56308,0x216C7EA03E0,DXGI,1,0,0,Composed: Flip,16803.1240,NA,15.33510000000000,NA,0.23100000000000,3.30500000000000,NA,16787.8584,15.4966,15.2656,0.2310,17.2272,1.3434,1.3434,0.0000,NA,NA,NA
ExperienceX.exe,56308,0x216C7EA03E0,DXGI,1,0,0,Composed: Flip,16820.9777,NA,17.85370000000000,NA,0.10810000000000,1.73210000000000,NA,16803.3550,17.7308,17.6227,0.1081,18.3587,0.9961,0.9811,0.0150,NA,NA,NA
ExperienceX.exe,56308,0x216C7EA03E0,DXGI,1,0,0,Composed: Flip,16836.9577,NA,15.98000000000000,NA,0.15560000000000,2.19880000000000,NA,16821.0858,16.0275,15.8719,0.1556,16.5160,1.5547,1.5547,0.0000,NA,NA,NA
ExperienceX.exe,56308,0x216C7EA03E0,DXGI,1,0,0,Composed: Flip,16854.6225,NA,17.66480000000000,NA,0.09300000000000,1.85990000000000,NA,16837.1133,17.6022,17.5092,0.0930,18.9212,0.4479,0.4433,0.0046,NA,NA,NA
ExperienceX.exe,56308,0x216C7EA03E0,DXGI,1,0,0,Composed: Flip,16870.0955,NA,15.47300000000000,NA,0.33620000000000,1.48450000000000,NA,16854.7155,15.7162,15.3800,0.3362,15.6273,1.2372,1.2372,0.0000,NA,NA,NA
ExperienceX.exe,56308,0x216C7EA03E0,DXGI,1,0,0,Composed: Flip,16887.1833,NA,17.08780000000000,NA,0.89320000000000,2.13020000000000,NA,16870.4317,17.6448,16.7516,0.8932,17.4856,1.3962,1.3857,0.0105,NA,NA,NA
ExperienceX.exe,56308,0x216C7EA03E0,DXGI,1,0,0,Composed: Flip,16903.5157,NA,16.33240000000000,NA,0.19000000000000,0.71010000000000,NA,16888.0765,15.6292,15.4392,0.1900,1.2370,14.9123,0.8287,14.0836,NA,NA,NA
ExperienceX.exe,56308,0x216C7EA03E0,DXGI,1,0,0,Composed: Flip,16923.1282,NA,19.61250000000000,NA,0.09790000000000,0.86700000000000,NA,16903.7057,19.5204,19.4225,0.0979,18.6791,1.6104,1.5840,0.0264,NA,NA,NA
ExperienceX.exe,56308,0x216C7EA03E0,DXGI,1,0,0,Composed: Flip,16937.0074,NA,13.87920000000000,NA,0.37170000000000,1.68090000000000,NA,16923.2261,14.1530,13.7813,0.3717,0.8133,14.6489,2.2858,12.3631,NA,NA,NA
ExperienceX.exe,56308,0x216C7EA03E0,DXGI,1,0,0,Composed: Flip,16954.4644,NA,17.45700000000000,NA,0.05640000000000,1.48040000000000,NA,16937.3791,17.1417,17.0853,0.0564,17.6483,0.9174,0.9113,0.0061,NA,NA,NA
ExperienceX.exe,56308,0x216C7EA03E0,DXGI,1,0,0,Composed: Flip,16969.7011,NA,15.23670000000000,NA,0.06140000000000,0.71860000000000,NA,16954.5208,15.2417,15.1803,0.0614,15.3323,0.5666,0.5666,0.0000,NA,NA,NA
ExperienceX.exe,56308,0x216C7EA03E0,DXGI,1,0,0,Composed: Flip,16987.5206,NA,17.81950000000000,NA,0.13220000000000,1.53190000000000,NA,16969.7625,17.8903,17.7581,0.1322,18.3108,0.9792,0.9748,0.0044,NA,NA,NA
ExperienceX.exe,56308,0x216C7EA03E0,DXGI,1,0,0,Composed: Flip,17003.2903,NA,15.76970000000000,NA,0.28010000000000,1.24260000000000,NA,16987.6528,15.9176,15.6375,0.2801,15.8943,0.9858,0.9858,0.0000,NA,NA,NA
ExperienceX.exe,56308,0x216C7EA03E0,DXGI,1,0,0,Composed: Flip,17021.0027,NA,17.71240000000000,NA,0.05560000000000,1.39150000000000,NA,17003.5704,17.4879,17.4323,0.0556,17.4686,1.3552,1.3458,0.0094,NA,NA,NA
ExperienceX.exe,56308,0x216C7EA03E0,DXGI,1,0,0,Composed: Flip,17036.8166,NA,15.81390000000000,NA,0.34620000000000,1.12940000000000,NA,17021.0583,16.1045,15.7583,0.3462,16.0727,0.8150,0.8150,0.0000,NA,NA,NA
ExperienceX.exe,56308,0x216C7EA03E0,DXGI,1,0,0,Composed: Flip,17053.9579,NA,17.14130000000000,NA,0.10170000000000,2.36280000000000,NA,17037.1628,16.8968,16.7951,0.1017,17.8761,1.2818,1.2758,0.0060,NA,NA,NA
ExperienceX.exe,56308,0x216C7EA03E0,DXGI,1,0,0,Composed: Flip,17070.0850,NA,16.12710000000000,NA,0.33730000000000,2.63420000000000,NA,17054.0596,16.3627,16.0254,0.3373,16.4076,2.2520,2.2520,0.0000,NA,NA,NA
ExperienceX.exe,56308,0x216C7EA03E0,DXGI,1,0,0,Composed: Flip,17089.7787,NA,19.69370000000000,NA,0.07020000000000,1.06340000000000,NA,17070.4223,19.4266,19.3564,0.0702,19.0779,1.3419,1.3419,0.0000,NA,NA,NA
ExperienceX.exe,56308,0x216C7EA03E0,DXGI,1,0,0,Composed: Flip,17104.5186,NA,14.73990000000000,NA,0.31520000000000,2.16860000000000,NA,17089.8489,14.9849,14.6697,0.3152,0.9932,15.8451,1.5924,14.2527,NA,NA,NA
ExperienceX.exe,56308,0x216C7EA03E0,DXGI,1,0,0,Composed: Flip,17121.1256,NA,16.60700000000000,NA,0.10360000000000,1.55730000000000,NA,17104.8338,16.3954,16.2918,0.1036,16.8791,0.9700,0.9643,0.0057,NA,NA,NA
ExperienceX.exe,56308,0x216C7EA03E0,DXGI,1,0,0,Composed: Flip,17137.5739,NA,16.44830000000000,NA,0.32150000000000,1.97210000000000,NA,17121.2292,16.6662,16.3447,0.3215,16.7473,1.5695,1.5695,0.0000,NA,NA,NA
ExperienceX.exe,56308,0x216C7EA03E0,DXGI,1,0,0,Composed: Flip,17154.2643,NA,16.69040000000000,NA,0.05030000000000,1.82360000000000,NA,17137.8954,16.4192,16.3689,0.0503,17.2401,0.9524,0.9445,0.0079,NA,NA,NA
ExperienceX.exe,56308,0x216C7EA03E0,DXGI,1,0,0,Composed: Flip,17169.8573,NA,15.59300000000000,NA,0.18320000000000,0.74940000000000,NA,17154.3146,15.7259,15.5427,0.1832,15.7579,0.5342,0.5342,0.0000,NA,NA,NA
ExperienceX.exe,56308,0x216C7EA03E0,DXGI,1,0,0,Composed: Flip,17188.2131,NA,18.35580000000000,NA,0.18790000000000,1.28560000000000,NA,17170.0405,18.3605,18.1726,0.1879,18.2147,1.2435,1.2352,0.0083,NA,NA,NA
ExperienceX.exe,56308,0x216C7EA03E0,DXGI,1,0,0,Composed: Flip,17203.1697,NA,14.95660000000000,NA,0.18850000000000,0.75390000000000,NA,17188.4010,14.9572,14.7687,0.1885,14.9861,0.5365,0.5365,0.0000,NA,NA,NA
ExperienceX.exe,56308,0x216C7EA03E0,DXGI,1,0,0,Composed: Flip,17220.5986,NA,17.42890000000000,NA,0.48640000000000,1.95680000000000,NA,17203.3582,17.7268,17.2404,0.4864,17.8010,1.3962,1.3862,0.0100,NA,NA,NA
ExperienceX.exe,56308,0x216C7EA03E0,DXGI,1,0,0,Composed: Flip,17236.6191,NA,16.02050000000000,NA,0.20790000000000,1.08130000000000,NA,17221.0850,15.7420,15.5341,0.2079,15.6848,0.9306,0.8981,0.0325,NA,NA,NA
ExperienceX.exe,56308,0x216C7EA03E0,DXGI,1,0,0,Composed: Flip,17254.6973,NA,18.07820000000000,NA,0.10770000000000,1.78680000000000,NA,17236.8270,17.9780,17.8703,0.1077,19.1812,0.4759,0.4759,0.0000,NA,NA,NA
ExperienceX.exe,56308,0x216C7EA03E0,DXGI,1,0,0,Composed: Flip,17270.3673,NA,15.67000000000000,NA,0.39380000000000,3.19860000000000,NA,17254.8050,15.9561,15.5623,0.3938,1.6791,17.0818,3.8234,13.2584,NA,NA,NA
ExperienceX.exe,56308,0x216C7EA03E0,DXGI,1,0,0,Composed: Flip,17287.7045,NA,17.33720000000000,NA,1.68640000000000,3.12920000000000,NA,17270.7611,18.6298,16.9434,1.6864,18.9603,1.1123,1.1123,0.0000,NA,NA,NA
ExperienceX.exe,56308,0x216C7EA03E0,DXGI,1,0,0,Composed: Flip,17304.1328,NA,16.42830000000000,NA,0.54740000000000,2.53680000000000,NA,17289.3909,15.2893,14.7419,0.5474,1.4428,15.8359,2.3643,13.4716,NA,NA,NA
ExperienceX.exe,56308,0x216C7EA03E0,DXGI,1,0,0,Composed: Flip,17321.9828,NA,17.85000000000000,NA,0.14230000000000,1.25260000000000,NA,17304.6802,17.4449,17.3026,0.1423,17.5754,0.9798,0.9749,0.0049,NA,NA,NA
ExperienceX.exe,56308,0x216C7EA03E0,DXGI,1,0,0,Composed: Flip,17336.7719,NA,14.78910000000000,NA,0.38060000000000,2.24190000000000,NA,17322.1251,15.0274,14.6468,0.3806,15.3839,1.5048,1.3456,0.1592,NA,NA,NA
ExperienceX.exe,56308,0x216C7EA03E0,DXGI,1,0,0,Composed: Flip,17354.5782,NA,17.80630000000000,NA,0.87380000000000,2.32860000000000,NA,17337.1525,18.2995,17.4257,0.8738,18.3589,1.3954,1.3882,0.0072,NA,NA,NA
ExperienceX.exe,56308,0x216C7EA03E0,DXGI,1,0,0,Composed: Flip,17369.8493,NA,15.27110000000000,NA,0.17250000000000,0.70530000000000,NA,17355.4520,14.5698,14.3973,0.1725,1.4548,13.6478,0.8499,12.7979,NA,NA,NA
ExperienceX.exe,56308,0x216C7EA03E0,DXGI,1,0,0,Composed: Flip,17387.4757,NA,17.62640000000000,NA,0.05810000000000,1.65090000000000,NA,17370.0218,17.5120,17.4539,0.0581,17.6858,1.4190,1.4095,0.0095,NA,NA,NA
ExperienceX.exe,56308,0x216C7EA03E0,DXGI,1,0,0,Composed: Flip,17403.1749,NA,15.69920000000000,NA,0.12350000000000,0.73510000000000,NA,17387.5338,15.7646,15.6411,0.1235,1.5928,14.7834,1.2015,13.5819,NA,NA,NA
ExperienceX.exe,56308,0x216C7EA03E0,DXGI,1,0,0,Composed: Flip,17421.1194,NA,17.94450000000000,NA,0.21580000000000,1.74090000000000,NA,17403.2984,18.0368,17.8210,0.2158,18.1881,1.3738,1.3738,0.0000,NA,NA,NA
ExperienceX.exe,56308,0x216C7EA03E0,DXGI,1,0,0,Composed: Flip,17436.6650,NA,15.54560000000000,NA,0.28040000000000,2.02140000000000,NA,17421.3352,15.6102,15.3298,0.2804,1.5251,15.8261,1.6344,14.1917,NA,NA,NA
ExperienceX.exe,56308,0x216C7EA03E0,DXGI,1,0,0,Composed: Flip,17453.5823,NA,16.91730000000000,NA,0.07320000000000,2.15620000000000,NA,17436.9454,16.7101,16.6369,0.0732,17.4232,1.3699,1.3620,0.0079,NA,NA,NA
ExperienceX.exe,56308,0x216C7EA03E0,DXGI,1,0,0,Composed: Flip,17470.3021,NA,16.71980000000000,NA,0.25930000000000,2.75870000000000,NA,17453.6555,16.9059,16.6466,0.2593,16.8803,2.5250,2.2811,0.2439,NA,NA,NA
ExperienceX.exe,56308,0x216C7EA03E0,DXGI,1,0,0,Composed: Flip,17489.0016,NA,18.69950000000000,NA,0.17460000000000,1.48930000000000,NA,17470.5614,18.6148,18.4402,0.1746,18.8597,1.0698,1.0698,0.0000,NA,NA,NA
ExperienceX.exe,56308,0x216C7EA03E0,DXGI,1,0,0,Composed: Flip,17504.3473,NA,15.34570000000000,NA,0.49750000000000,3.82310000000000,NA,17489.1762,15.6686,15.1711,0.4975,1.3147,17.6795,2.9536,14.7259,NA,NA,NA
ExperienceX.exe,56308,0x216C7EA03E0,DXGI,1,0,0,Composed: Flip,17537.5633,NA,33.21600000000000,NA,0.29180000000000,3.32880000000000,NA,17504.8448,33.0103,32.7185,0.2918,20.3651,15.6822,3.9038,11.7784,NA,NA,NA
ExperienceX.exe,56308,0x216C7EA03E0,DXGI,1,0,0,Composed: Flip,17523.5608,NA,0.00000000000000,NA,0.31430000000000,1.15400000000000,NA,17537.8551,0.3143,0.0000,0.3143,0.0000,1.1570,1.1130,0.0440,NA,NA,NA
ExperienceX.exe,56308,0x216838E1150,DXGI,1,0,0,Composed: Flip,17538.1685,NA,17.64560000000000,32.28040000000000,0.18060000000000,4.79550000000000,31.5439,17520.8306,17.5185,17.3379,0.1806,21.6587,0.4747,0.4747,0.0000,-0.1055,17520.8306,NA
ExperienceX.exe,56308,0x216838E1150,DXGI,1,0,0,Composed: Flip,17571.4698,NA,33.30130000000000,33.56710000000000,0.23420000000000,3.20370000000000,31.8097,17538.3491,33.3549,33.1207,0.2342,35.8245,0.4999,0.4999,0.0000,-16.0486,17538.3491,NA
ExperienceX.exe,56308,0x216C829D570,DXGI,1,0,0,Composed: Flip,17386.5357,NA,16.32000000000000,33.40990000000000,0.21740000000000,0.71830000000000,33.0893,17370.3438,16.4093,16.1919,0.2174,2.6964,14.2138,1.2365,12.9773,-0.7791,17370.3438,NA
ExperienceX.exe,56308,0x216C829D570,DXGI,1,0,0,Composed: Flip,17404.7380,NA,18.20230000000000,NA,0.11860000000000,1.33510000000000,NA,17386.7531,18.1035,17.9849,0.1186,17.2292,2.0908,2.0908,0.0000,NA,NA,NA
ExperienceX.exe,56308,0x216C829D570,DXGI,1,0,0,Composed: Flip,17420.0321,NA,15.29410000000000,NA,0.27340000000000,0.99220000000000,NA,17404.8566,15.4489,15.1755,0.2734,1.6761,14.4916,1.4539,13.0377,NA,NA,NA
ExperienceX.exe,56308,0x216C829D570,DXGI,1,0,0,Composed: Flip,17437.1020,NA,17.06990000000000,NA,0.12800000000000,3.70310000000000,NA,17420.3055,16.9245,16.7965,0.1280,20.0416,0.4580,0.4580,0.0000,NA,NA,NA
ExperienceX.exe,56308,0x216C829D570,DXGI,1,0,0,Composed: Flip,17453.1777,NA,16.07570000000000,NA,0.19440000000000,0.72290000000000,NA,17437.2300,16.1421,15.9477,0.1944,3.5751,13.0955,0.9762,12.1193,NA,NA,NA
ExperienceX.exe,56308,0x216C829D570,DXGI,1,0,0,Composed: Flip,17470.8031,NA,17.62540000000000,NA,0.13300000000000,3.79920000000000,NA,17453.3721,17.5640,17.4310,0.1330,19.6887,1.5415,1.4869,0.0546,NA,NA,NA
ExperienceX.exe,56308,0x216C829D570,DXGI,1,0,0,Composed: Flip,17487.0480,NA,16.24490000000000,NA,0.27330000000000,2.37310000000000,NA,17470.9361,16.3852,16.1119,0.2733,18.4759,0.0091,0.0091,0.0000,NA,NA,NA
ExperienceX.exe,56308,0x216C829D570,DXGI,1,0,0,Composed: Flip,17505.1624,NA,18.11440000000000,NA,0.28270000000000,4.43710000000000,NA,17487.3213,18.1238,17.8411,0.2827,20.8491,1.4291,1.4291,0.0000,NA,NA,NA
ExperienceX.exe,56308,0x216C829D570,DXGI,1,0,0,Composed: Flip,17538.1690,NA,33.00660000000000,NA,0.17980000000000,4.32030000000000,NA,17505.4451,32.9037,32.7239,0.1798,35.4470,1.5972,1.5972,0.0000,NA,NA,NA
ExperienceX.exe,56308,0x216C829D570,DXGI,1,0,0,Composed: Flip,17520.5118,NA,0.00000000000000,NA,0.31130000000000,3.04600000000000,NA,17538.3488,0.3113,0.0000,0.3113,0.0000,0.0317,0.0317,0.0000,NA,NA,NA
ExperienceX.exe,56308,0x216C829D570,DXGI,1,0,0,Composed: Flip,17554.1830,NA,33.67120000000000,NA,1.32700000000000,3.90670000000000,NA,17520.8231,34.6869,33.3599,1.3270,37.0308,0.2358,0.2358,0.0000,NA,NA,NA
ExperienceX.exe,56308,0x216C829D570,DXGI,1,0,0,Composed: Flip,17571.4714,NA,17.28840000000000,NA,0.98510000000000,2.70220000000000,NA,17555.5100,16.9465,15.9614,0.9851,16.6073,2.0563,2.0563,0.0000,NA,NA,NA
ExperienceX.exe,56308,0x216C829D570,DXGI,1,0,0,Composed: Flip,17586.9264,NA,15.45500000000000,NA,0.26590000000000,1.77500000000000,NA,17572.4565,14.7358,14.4699,0.2659,15.7855,0.4594,0.4594,0.0000,NA,NA,NA
ExperienceX.exe,56308,0x216838E1150,DXGI,1,0,0,Composed: Flip,17586.9272,NA,15.45740000000000,16.43790000000000,0.26310000000000,1.31480000000000,32.7902,17571.7040,15.4863,15.2232,0.2631,2.9695,13.5685,1.7830,11.7855,16.9170,17571.7040,NA
ExperienceX.exe,56308,0x216838E1150,DXGI,1,0,0,Composed: Flip,17606.8844,NA,19.95720000000000,NA,0.62510000000000,2.93490000000000,NA,17587.1903,20.3192,19.6941,0.6251,22.1708,0.4582,0.4582,0.0000,NA,NA,NA
ExperienceX.exe,56308,0x216C829D570,DXGI,1,0,0,Composed: Flip,17606.8837,NA,19.95730000000000,216.72360000000000,0.34270000000000,2.47740000000000,29.4649,17587.1923,20.0341,19.6914,0.3427,20.3193,1.8495,1.8495,0.0000,0.1249,17587.1923,NA
ExperienceX.exe,56308,0x216C829D570,DXGI,1,0,0,Composed: Flip,17620.4076,NA,13.52390000000000,NA,0.29340000000000,1.97680000000000,NA,17607.2264,13.4746,13.1812,0.2934,14.8086,0.3494,0.3494,0.0000,NA,NA,NA
ExperienceX.exe,56308,0x216838E1150,DXGI,1,0,0,Composed: Flip,17620.4077,NA,13.52330000000000,33.32690000000000,0.29150000000000,1.62730000000000,32.6366,17607.5095,13.1897,12.8982,0.2915,2.3098,12.2157,2.6628,9.5529,2.4786,17607.5095,NA
ExperienceX.exe,56308,0x216838E1150,DXGI,1,0,0,Composed: Flip,17638.8877,NA,18.48000000000000,NA,0.17590000000000,1.91560000000000,NA,17620.6992,18.3644,18.1885,0.1759,18.7578,1.3463,1.3463,0.0000,NA,NA,NA
ExperienceX.exe,56308,0x216838E1150,DXGI,1,0,0,Composed: Flip,17653.7374,NA,14.84970000000000,33.28260000000000,0.62900000000000,1.80830000000000,32.5895,17639.0636,15.3028,14.6738,0.6290,15.7929,0.6892,0.6892,0.0000,-1.7285,17639.0636,NA
ExperienceX.exe,56308,0x216838E1150,DXGI,1,0,0,Composed: Flip,17670.9535,NA,17.21610000000000,16.78130000000000,0.20110000000000,3.20940000000000,32.1547,17654.3664,16.7882,16.5871,0.2011,18.0170,1.7795,1.7795,0.0000,-1.4785,17654.3664,NA
ExperienceX.exe,56308,0x216C829D570,DXGI,1,0,0,Composed: Flip,17638.7601,NA,18.35250000000000,33.44280000000000,0.66300000000000,2.52750000000000,31.0313,17620.7010,18.7221,18.0591,0.6630,20.1023,0.4843,0.4843,0.0000,0.0659,17620.7010,NA
ExperienceX.exe,56308,0x216C829D570,DXGI,1,0,0,Composed: Flip,17653.6164,NA,14.85630000000000,NA,0.34060000000000,1.24010000000000,NA,17639.4231,14.5339,14.1933,0.3406,1.8645,13.5689,1.4066,12.1623,NA,NA,NA
ExperienceX.exe,56308,0x216C829D570,DXGI,1,0,0,Composed: Flip,17672.0687,NA,18.45230000000000,NA,0.12720000000000,2.56940000000000,NA,17653.9570,18.2389,18.1117,0.1272,20.2059,0.4752,0.4752,0.0000,NA,NA,NA
ExperienceX.exe,56308,0x216C829D570,DXGI,1,0,0,Composed: Flip,17686.8911,NA,14.82240000000000,NA,0.34580000000000,1.73030000000000,NA,17672.1959,15.0410,14.6952,0.3458,2.4422,13.9833,2.0061,11.9772,NA,NA,NA
ExperienceX.exe,56308,0x216C829D570,DXGI,1,0,0,Composed: Flip,17704.4134,NA,17.52230000000000,66.59850000000000,0.16360000000000,4.01090000000000,31.9765,17687.2369,17.3401,17.1765,0.1636,20.7180,0.4694,0.4694,0.0000,-0.0626,17687.2369,NA
ExperienceX.exe,56308,0x216838E1150,DXGI,1,0,0,Composed: Flip,17686.8931,NA,15.93960000000000,16.66680000000000,0.30690000000000,2.68150000000000,32.8819,17671.1546,16.0454,15.7385,0.3069,17.5040,0.9160,0.9160,0.0000,0.1214,17671.1546,NA
ExperienceX.exe,56308,0x216838E1150,DXGI,1,0,0,Composed: Flip,17704.4110,NA,17.51790000000000,NA,0.20230000000000,3.54390000000000,NA,17687.2000,17.4133,17.2110,0.2023,19.3873,1.3676,1.3676,0.0000,NA,NA,NA
ExperienceX.exe,56308,0x216838E1150,DXGI,1,0,0,Composed: Flip,17720.2244,NA,15.81340000000000,NA,0.19500000000000,2.12860000000000,NA,17704.6133,15.8061,15.6111,0.1950,17.7339,0.0058,0.0058,0.0000,NA,NA,NA
ExperienceX.exe,56308,0x216C829D570,DXGI,1,0,0,Composed: Flip,17720.2578,NA,15.84440000000000,16.49230000000000,0.32750000000000,2.08940000000000,32.6244,17704.5770,16.0083,15.6808,0.3275,3.8473,13.9229,3.3324,10.5905,0.8478,17704.5770,NA
ExperienceX.exe,56308,0x216C829D570,DXGI,1,0,0,Composed: Flip,17740.1946,NA,19.93680000000000,NA,0.20070000000000,2.77920000000000,NA,17720.5853,19.8100,19.6093,0.2007,21.5716,0.8169,0.8169,0.0000,NA,NA,NA
ExperienceX.exe,56308,0x216838E1150,DXGI,1,0,0,Composed: Flip,17738.1332,NA,17.90880000000000,49.75440000000000,0.56870000000000,4.02370000000000,31.3962,17720.4194,18.2825,17.7138,0.5687,18.5445,3.1930,3.1930,0.0000,-0.4896,17720.4194,NA
ExperienceX.exe,56308,0x216838E1150,DXGI,1,0,0,Composed: Flip,17753.3942,NA,15.26100000000000,NA,0.26360000000000,1.97360000000000,NA,17738.7019,14.9559,14.6923,0.2636,15.8349,0.8310,0.8310,0.0000,NA,NA,NA
ExperienceX.exe,56308,0x216838E1150,DXGI,1,0,0,Composed: Flip,17770.9486,NA,17.55440000000000,33.31730000000000,0.67170000000000,1.79350000000000,31.8981,17753.6578,17.9625,17.2908,0.6717,17.1264,1.9579,1.9579,0.0000,-0.0789,17753.6578,NA
ExperienceX.exe,56308,0x216C829D570,DXGI,1,0,0,Composed: Flip,17753.3945,NA,13.19990000000000,33.44520000000000,0.27270000000000,1.14230000000000,32.9329,17740.3953,13.2719,12.9992,0.2727,2.5785,11.5630,1.9210,9.6420,2.3731,17740.3953,NA
ExperienceX.exe,56308,0x216C829D570,DXGI,1,0,0,Composed: Flip,17770.5485,NA,17.15400000000000,NA,0.93630000000000,2.73060000000000,NA,17753.6672,17.8176,16.8813,0.9363,19.0749,0.5370,0.5370,0.0000,NA,NA,NA
ExperienceX.exe,56308,0x216C829D570,DXGI,1,0,0,Composed: Flip,17786.9026,NA,16.35410000000000,NA,0.17340000000000,0.71580000000000,NA,17771.4848,15.5912,15.4178,0.1734,1.7943,14.3393,1.4622,12.8771,NA,NA,NA
ExperienceX.exe,56308,0x0,Other,-1,0,0,Composed: Flip,17121.0383,NA,67.18460000000000,66.43240000000000,0.00000000000000,0.67460000000000,31.8191,17053.8537,67.1846,67.1846,0.0000,67.0730,0.7862,0.7862,0.0000,200.1851,17053.8537,NA
ExperienceX.exe,56308,0x0,Other,-1,0,0,Composed: Flip,17153.8121,NA,32.77380000000000,NA,0.00000000000000,1.32340000000000,NA,17121.0383,32.7738,32.7738,0.0000,33.2867,0.8105,0.8105,0.0000,NA,NA,NA
ExperienceX.exe,56308,0x0,Other,-1,0,0,Composed: Flip,17556.8679,NA,403.05580000000003,NA,0.00000000000000,4.21630000000000,NA,17153.8121,403.0558,403.0558,0.0000,404.2776,2.9945,2.8868,0.1077,NA,NA,NA
ExperienceX.exe,56308,0x216838E1150,DXGI,1,0,0,Composed: Flip,17786.9029,NA,15.95430000000000,16.76030000000000,0.17320000000000,1.18340000000000,32.7041,17771.6203,15.4558,15.2826,0.1732,15.9981,0.4679,0.4679,0.0000,1.2022,17771.6203,NA
ExperienceX.exe,56308,0x216838E1150,DXGI,1,0,0,Composed: Flip,17803.3930,NA,16.49010000000000,NA,0.07330000000000,3.95840000000000,NA,17787.0761,16.3902,16.3169,0.0733,19.8490,0.4263,0.4219,0.0044,NA,NA,NA
ExperienceX.exe,56308,0x216838E1150,DXGI,1,0,0,Composed: Flip,17837.3711,NA,33.97810000000000,50.19560000000000,0.06950000000000,1.89560000000000,32.4315,17803.4663,33.9743,33.9048,0.0695,33.8382,1.9622,1.9622,0.0000,-18.3496,17803.4663,NA
ExperienceX.exe,56308,0x216C829D570,DXGI,1,0,0,Composed: Flip,17803.3884,NA,16.48580000000000,49.91510000000000,0.45200000000000,3.53670000000000,32.8541,17787.0760,16.7644,16.3124,0.4520,16.7935,3.0556,3.0556,0.0000,-3.2344,17787.0760,NA
ExperienceX.exe,56308,0x216C829D570,DXGI,1,0,0,Composed: Flip,17819.8795,NA,16.49110000000000,NA,0.20510000000000,1.76160000000000,NA,17803.8404,16.2442,16.0391,0.2051,16.2492,1.5515,1.5515,0.0000,NA,NA,NA
ExperienceX.exe,56308,0x216C829D570,DXGI,1,0,0,Composed: Flip,17837.4011,NA,17.52160000000000,NA,0.44970000000000,2.30770000000000,NA,17820.0846,17.7662,17.3165,0.4497,19.1821,0.4421,0.4421,0.0000,NA,NA,NA
ExperienceX.exe,56308,0x216C829D570,DXGI,1,0,0,Composed: Flip,17853.0806,NA,15.67950000000000,NA,0.14050000000000,1.50670000000000,NA,17837.8508,15.3703,15.2298,0.1405,16.1077,0.6288,0.6288,0.0000,NA,NA,NA
ExperienceX.exe,56308,0x216C829D570,DXGI,1,0,0,Composed: Flip,17871.8012,NA,18.72060000000000,66.65090000000001,0.22070000000000,1.57380000000000,31.0922,17853.2211,18.8008,18.5801,0.2207,18.1402,2.0137,2.0137,0.0000,-0.5058,17853.2211,NA
ExperienceX.exe,56308,0x216838E1150,DXGI,1,0,0,Composed: Flip,17853.0807,NA,15.70960000000000,16.44630000000000,0.14040000000000,0.87780000000000,33.1682,17837.4406,15.7805,15.6401,0.1404,2.2682,14.2497,1.2546,12.9951,17.5280,17837.4406,NA
ExperienceX.exe,56308,0x216838E1150,DXGI,1,0,0,Composed: Flip,17871.8602,NA,18.77950000000000,NA,0.11320000000000,1.97050000000000,NA,17853.2211,18.7523,18.6391,0.1132,20.1539,0.4557,0.4557,0.0000,NA,NA,NA
ExperienceX.exe,56308,0x216838E1150,DXGI,1,0,0,Composed: Flip,17886.5091,NA,14.64890000000000,NA,0.19170000000000,1.10380000000000,NA,17871.9734,14.7274,14.5357,0.1917,1.8573,13.7822,2.3035,11.4787,NA,NA,NA
ExperienceX.exe,56308,0x216838E1150,DXGI,1,0,0,Composed: Flip,17904.2043,NA,17.69520000000000,50.00940000000000,0.09850000000000,2.50380000000000,32.0540,17886.7008,17.6020,17.5035,0.0985,17.5969,2.4104,2.4104,0.0000,-0.7492,17886.7008,NA
ExperienceX.exe,56308,0x216C829D570,DXGI,1,0,0,Composed: Flip,17886.5092,NA,14.70800000000000,16.76330000000000,0.19150000000000,2.43030000000000,33.1475,17872.0219,14.6788,14.4873,0.1915,15.5910,1.3266,1.2717,0.0549,2.0375,17872.0219,NA
ExperienceX.exe,56308,0x216C829D570,DXGI,1,0,0,Composed: Flip,17903.4542,NA,16.94500000000000,NA,0.49890000000000,3.68920000000000,NA,17886.7007,17.2524,16.7535,0.4989,20.0074,0.4353,0.4316,0.0037,NA,NA,NA
ExperienceX.exe,56308,0x216C829D570,DXGI,1,0,0,Composed: Flip,17920.0748,NA,16.62060000000000,NA,0.13700000000000,0.74020000000000,NA,17903.9531,16.2587,16.1217,0.1370,16.3195,0.5424,0.5424,0.0000,NA,NA,NA
ExperienceX.exe,56308,0x216C829D570,DXGI,1,0,0,Composed: Flip,17936.7623,NA,16.68750000000000,49.89010000000000,0.61810000000000,3.89620000000000,32.7845,17920.2118,17.1686,16.5505,0.6181,18.9648,1.4819,1.4744,0.0075,-1.7002,17920.2118,NA
ExperienceX.exe,56308,0x216838E1150,DXGI,1,0,0,Composed: Flip,17920.0635,NA,15.85920000000000,16.60420000000000,0.14820000000000,1.21720000000000,32.7990,17904.3028,15.9089,15.7607,0.1482,16.5122,0.4657,0.4657,0.0000,0.9978,17904.3028,NA
ExperienceX.exe,56308,0x216838E1150,DXGI,1,0,0,Composed: Flip,17936.7679,NA,16.70440000000000,NA,0.09270000000000,2.40870000000000,NA,17920.2117,16.6489,16.5562,0.0927,17.1451,1.8198,1.8198,0.0000,NA,NA,NA
ExperienceX.exe,56308,0x216838E1150,DXGI,1,0,0,Composed: Flip,17953.0638,NA,16.29590000000000,NA,0.12900000000000,1.46490000000000,NA,17936.8606,16.3322,16.2032,0.1290,16.8599,0.8082,0.8082,0.0000,NA,NA,NA
ExperienceX.exe,56308,0x216C829D570,DXGI,1,0,0,Composed: Flip,17953.0637,NA,16.30140000000000,16.67280000000000,0.12910000000000,0.65680000000000,33.1559,17937.3804,15.8124,15.6833,0.1291,15.8041,0.5360,0.5360,0.0000,0.4958,17937.3804,NA
ExperienceX.exe,56308,0x216C829D570,DXGI,1,0,0,Composed: Flip,17970.0798,NA,17.01610000000000,NA,0.07450000000000,3.10510000000000,NA,17953.1928,16.9615,16.8870,0.0745,19.5093,0.4828,0.4828,0.0000,NA,NA,NA
ExperienceX.exe,56308,0x216838E1150,DXGI,1,0,0,Composed: Flip,17971.4220,NA,18.35820000000000,50.47400000000000,0.06970000000000,1.28010000000000,31.9145,17953.1928,18.2989,18.2292,0.0697,17.6489,1.8604,1.8604,0.0000,-1.5840,17953.1928,NA
ExperienceX.exe,56308,0x216838E1150,DXGI,1,0,0,Composed: Flip,17986.4547,NA,15.03270000000000,NA,0.11400000000000,1.57430000000000,NA,17971.4917,15.0770,14.9630,0.1140,15.7127,0.8246,0.8246,0.0000,NA,NA,NA
ExperienceX.exe,56308,0x216838E1150,DXGI,1,0,0,Composed: Flip,18004.9055,NA,18.45080000000000,32.86150000000000,0.83190000000000,2.85540000000000,31.2925,17986.5687,19.1687,18.3368,0.8319,19.5441,1.6481,1.6481,0.0000,0.5144,17986.5687,NA
ExperienceX.exe,56308,0x216838E1150,DXGI,1,0,0,Composed: Flip,18019.8326,NA,14.92710000000000,16.66120000000000,0.14520000000000,0.69310000000000,33.0266,18005.7374,14.2404,14.0952,0.1452,2.4572,12.3311,1.0291,11.3020,2.5075,18005.7374,NA
ExperienceX.exe,56308,0x216C829D570,DXGI,1,0,0,Composed: Flip,17986.4548,NA,16.37500000000000,33.38230000000000,0.11400000000000,0.74960000000000,33.1471,17970.1543,16.4145,16.3005,0.1140,3.0306,14.0195,1.2221,12.7974,-0.6084,17970.1543,NA
ExperienceX.exe,56308,0x216C829D570,DXGI,1,0,0,Composed: Flip,18006.3286,NA,19.87380000000000,NA,0.11050000000000,1.86600000000000,NA,17986.5688,19.8703,19.7598,0.1105,21.1921,0.4337,0.4337,0.0000,NA,NA,NA
ExperienceX.exe,56308,0x216C829D570,DXGI,1,0,0,Composed: Flip,18019.8318,NA,13.50320000000000,NA,0.14590000000000,1.19190000000000,NA,18006.4391,13.5386,13.3927,0.1459,14.0866,0.4980,0.4980,0.0000,NA,NA,NA
ExperienceX.exe,56308,0x216C829D570,DXGI,1,0,0,Composed: Flip,18038.0634,NA,18.23160000000000,NA,0.10140000000000,3.23980000000000,NA,18019.9777,18.1871,18.0857,0.1014,20.9125,0.4130,0.4070,0.0060,NA,NA,NA
ExperienceX.exe,56308,0x216838E1150,DXGI,1,0,0,Composed: Flip,18037.2164,NA,17.38380000000000,17.01400000000000,0.09080000000000,3.67380000000000,32.6568,18019.9778,17.3294,17.2386,0.0908,17.8054,3.1070,3.1070,0.0000,-2.7736,18019.9778,NA
ExperienceX.exe,56308,0x216838E1150,DXGI,1,0,0,Composed: Flip,18053.0990,NA,15.88260000000000,NA,0.17890000000000,1.90060000000000,NA,18037.3072,15.9707,15.7918,0.1789,16.9278,0.7646,0.7646,0.0000,NA,NA,NA
ExperienceX.exe,56308,0x216C829D570,DXGI,1,0,0,Composed: Flip,18053.0996,NA,15.03620000000000,66.70780000000001,0.17800000000000,1.13540000000000,33.2101,18038.1648,15.1128,14.9348,0.1780,15.1492,0.9210,0.9210,0.0000,1.3027,18038.1648,NA
ExperienceX.exe,56308,0x216C829D570,DXGI,1,0,0,Composed: Flip,18070.7992,NA,17.69960000000000,NA,0.14150000000000,2.99880000000000,NA,18053.2776,17.6631,17.5216,0.1415,20.0631,0.4573,0.4573,0.0000,NA,NA,NA
ExperienceX.exe,56308,0x216C829D570,DXGI,1,0,0,Composed: Flip,18086.9194,NA,16.12020000000000,33.31340000000000,0.30480000000000,1.66910000000000,32.7037,18070.9407,16.2835,15.9787,0.3048,2.8573,14.7905,2.0497,12.7408,-0.5375,18070.9407,NA
ExperienceX.exe,56308,0x216838E1150,DXGI,1,0,0,Composed: Flip,18070.8113,NA,17.71230000000000,33.10500000000000,0.94260000000000,2.52940000000000,32.1669,18053.2779,18.4760,17.5334,0.9426,18.1139,1.9489,1.9489,0.0000,0.1951,18053.2779,NA
ExperienceX.exe,56308,0x216838E1150,DXGI,1,0,0,Composed: Flip,18086.9324,NA,16.12110000000000,NA,0.26330000000000,2.11660000000000,NA,18071.7539,15.4418,15.1785,0.2633,16.8346,0.4605,0.4605,0.0000,NA,NA,NA
ExperienceX.exe,56308,0x216838E1150,DXGI,1,0,0,Composed: Flip,18104.7327,NA,17.80030000000000,NA,0.11240000000000,2.00510000000000,NA,18087.1957,17.6494,17.5370,0.1124,18.1782,1.3639,1.3639,0.0000,NA,NA,NA
ExperienceX.exe,56308,0x216838E1150,DXGI,1,0,0,Composed: Flip,18120.0193,NA,15.28660000000000,49.92730000000000,0.27610000000000,1.34840000000000,32.8862,18104.8451,15.4503,15.1742,0.2761,16.0654,0.4572,0.4572,0.0000,1.6399,18104.8451,NA
ExperienceX.exe,56308,0x0,Other,-1,0,0,Composed: Flip,17820.7337,NA,263.86580000000004,700.01179999999999,0.00000000000000,1.80630000000000,32.1355,17556.8679,263.8658,263.8658,0.0000,264.7732,0.8989,0.8989,0.0000,-196.9976,17556.8679,NA
ExperienceX.exe,56308,0x216838E1150,DXGI,1,0,0,Composed: Flip,18138.7492,NA,18.72990000000000,16.72310000000000,0.16110000000000,1.61110000000000,30.8794,18120.2954,18.6149,18.4538,0.1611,19.5951,0.4698,0.4698,0.0000,-1.2728,18120.2954,NA
ExperienceX.exe,56308,0x216838E1150,DXGI,1,0,0,Composed: Flip,18153.1507,NA,14.40150000000000,NA,0.14560000000000,1.50200000000000,NA,18138.9103,14.3860,14.2404,0.1456,15.2390,0.5034,0.5034,0.0000,NA,NA,NA
ExperienceX.exe,56308,0x216838E1150,DXGI,1,0,0,Composed: Flip,18170.2883,NA,17.13760000000000,33.62940000000000,0.28450000000000,3.62830000000000,32.9697,18153.2963,17.2765,16.9920,0.2845,17.5597,3.0606,3.0606,0.0000,-0.6285,18153.2963,NA
ExperienceX.exe,56308,0x216838E1150,DXGI,1,0,0,Composed: Flip,18186.5167,NA,16.22840000000000,16.31680000000000,0.13780000000000,1.11270000000000,33.0581,18170.5728,16.0817,15.9439,0.1378,16.0970,0.9596,0.9596,0.0000,0.9597,18170.5728,NA
ExperienceX.exe,56308,0x216838E1150,DXGI,1,0,0,Composed: Flip,18205.3743,NA,18.85760000000000,16.93270000000000,0.07790000000000,2.05880000000000,31.1332,18186.6545,18.7977,18.7198,0.0779,20.3076,0.4710,0.4710,0.0000,-0.8510,18186.6545,NA
ExperienceX.exe,56308,0x216C829D570,DXGI,1,0,0,Composed: Flip,18104.9723,NA,18.05290000000000,16.78920000000000,0.21700000000000,2.19130000000000,31.4400,18087.2242,17.9651,17.7481,0.2170,19.5136,0.4258,0.4204,0.0054,-0.5057,18087.2242,NA
ExperienceX.exe,56308,0x216C829D570,DXGI,1,0,0,Composed: Flip,18120.0190,NA,15.04670000000000,NA,0.27630000000000,0.89150000000000,NA,18105.1893,15.1060,14.8297,0.2763,15.1679,0.5533,0.5533,0.0000,NA,NA,NA
ExperienceX.exe,56308,0x216C829D570,DXGI,1,0,0,Composed: Flip,18138.0041,NA,17.98510000000000,NA,0.08890000000000,1.88640000000000,NA,18120.2953,17.7977,17.7088,0.0889,17.4806,2.1146,2.1146,0.0000,NA,NA,NA
ExperienceX.exe,56308,0x216C829D570,DXGI,1,0,0,Composed: Flip,18170.2198,NA,32.21570000000000,NA,0.05690000000000,0.63620000000000,NA,18138.0930,32.1837,32.1268,0.0569,32.1446,0.6184,0.6184,0.0000,NA,NA,NA
ExperienceX.exe,56308,0x216C829D570,DXGI,1,0,0,Composed: Flip,18186.5171,NA,16.29730000000000,NA,0.13740000000000,1.49480000000000,NA,18170.2767,16.3778,16.2404,0.1374,17.3527,0.3825,0.3825,0.0000,NA,NA,NA
ExperienceX.exe,56308,0x216C829D570,DXGI,1,0,0,Composed: Flip,18204.6198,NA,18.10270000000000,NA,0.26670000000000,2.34230000000000,NA,18186.6545,18.2320,17.9653,0.2667,18.9821,1.3255,1.3255,0.0000,NA,NA,NA
ExperienceX.exe,56308,0x216C829D570,DXGI,1,0,0,Composed: Flip,18219.8182,NA,15.19840000000000,NA,0.17370000000000,0.67370000000000,NA,18204.8865,15.1054,14.9317,0.1737,2.5466,13.0588,0.7570,12.3018,NA,NA,NA
ExperienceX.exe,56308,0x216838E1150,DXGI,1,0,0,Composed: Flip,18219.8186,NA,14.44430000000000,16.62000000000000,0.17340000000000,1.20500000000000,33.3089,18205.4522,14.5398,14.3664,0.1734,15.0397,0.5317,0.5317,0.0000,2.1777,18205.4522,NA
ExperienceX.exe,56308,0x216838E1150,DXGI,1,0,0,Composed: Flip,18237.9731,NA,18.15450000000000,NA,0.22100000000000,1.93270000000000,NA,18219.9920,18.2021,17.9811,0.2210,17.7746,2.1392,2.1392,0.0000,NA,NA,NA
ExperienceX.exe,56308,0x216C829D570,DXGI,1,0,0,Composed: Flip,18238.0800,NA,18.26180000000000,133.30940000000001,0.06560000000000,2.23910000000000,31.6417,18219.9919,18.1537,18.0881,0.0656,19.9139,0.4133,0.4133,0.0000,-0.5417,18219.9919,NA
ExperienceX.exe,56308,0x216C829D570,DXGI,1,0,0,Composed: Flip,18253.5059,NA,15.42590000000000,NA,0.23150000000000,0.82000000000000,NA,18238.1456,15.5918,15.3603,0.2315,2.1735,14.0068,1.3412,12.6656,NA,NA,NA
ExperienceX.exe,56308,0x216838E1150,DXGI,1,0,0,Composed: Flip,18253.5061,NA,15.53300000000000,33.26860000000000,0.23210000000000,1.27770000000000,32.8900,18238.1941,15.5441,15.3120,0.2321,16.1318,0.4579,0.4579,0.0000,-0.5267,18238.1941,NA
ExperienceX.exe,56308,0x216838E1150,DXGI,1,0,0,Composed: Flip,18270.6799,NA,17.17380000000000,NA,0.13090000000000,3.73620000000000,NA,18253.7382,17.0726,16.9417,0.1309,20.2347,0.4432,0.4432,0.0000,NA,NA,NA
ExperienceX.exe,56308,0x216838E1150,DXGI,1,0,0,Composed: Flip,18286.7664,NA,16.08650000000000,33.15150000000000,0.26000000000000,2.74940000000000,32.7812,18270.8108,16.2156,15.9556,0.2600,17.9768,0.7282,0.7282,0.0000,-0.5348,18270.8108,NA
ExperienceX.exe,56308,0x216C829D570,DXGI,1,0,0,Composed: Flip,18270.6763,NA,17.17040000000000,33.21550000000000,1.26600000000000,3.29660000000000,32.2609,18253.7374,18.2049,16.9389,1.2660,18.5530,1.6825,1.6825,0.0000,0.5300,18253.7374,NA
ExperienceX.exe,56308,0x216C829D570,DXGI,1,0,0,Composed: Flip,18286.7646,NA,16.08830000000000,NA,0.26190000000000,2.02300000000000,NA,18271.9423,15.0842,14.8223,0.2619,2.4738,14.3715,2.2148,12.1567,NA,NA,NA
ExperienceX.exe,56308,0x216C829D570,DXGI,1,0,0,Composed: Flip,18304.3120,NA,17.54740000000000,NA,0.07500000000000,2.38530000000000,NA,18287.0265,17.3605,17.2855,0.0750,19.2062,0.4646,0.4646,0.0000,NA,NA,NA
ExperienceX.exe,56308,0x216C829D570,DXGI,1,0,0,Composed: Flip,18319.9172,NA,15.60520000000000,49.93130000000000,0.22220000000000,1.18130000000000,32.9513,18304.3870,15.7524,15.5302,0.2222,16.2754,0.4361,0.4361,0.0000,0.7183,18304.3870,NA
ExperienceX.exe,56308,0x216C829D570,DXGI,1,0,0,Composed: Flip,18337.1342,NA,17.21700000000000,16.69010000000000,0.23010000000000,2.70610000000000,32.4244,18320.1394,17.2249,16.9948,0.2301,19.2591,0.4418,0.4418,0.0000,-0.9377,18320.1394,NA
ExperienceX.exe,56308,0x216C829D570,DXGI,1,0,0,Composed: Flip,18353.1810,NA,16.04680000000000,16.73840000000000,0.14110000000000,1.37280000000000,33.1160,18337.3643,15.9578,15.8167,0.1411,2.4760,14.7135,1.6329,13.0806,0.4865,18337.3643,NA
ExperienceX.exe,56308,0x216C829D570,DXGI,1,0,0,Composed: Flip,18370.0871,NA,16.90610000000000,16.63160000000000,0.69480000000000,2.43690000000000,32.8415,18353.3221,17.4598,16.7650,0.6948,17.1812,2.0207,2.0207,0.0000,-0.6738,18353.3221,NA
ExperienceX.exe,56308,0x216838E1150,DXGI,1,0,0,Composed: Flip,18304.6200,NA,17.85360000000000,16.73990000000000,0.07240000000000,1.61270000000000,31.6675,18287.0264,17.6660,17.5936,0.0724,17.6632,1.5431,1.5431,0.0000,-0.5243,18287.0264,NA
ExperienceX.exe,56308,0x216838E1150,DXGI,1,0,0,Composed: Flip,18319.9169,NA,15.29690000000000,NA,0.20770000000000,0.74550000000000,NA,18304.6924,15.4322,15.2245,0.2077,2.0049,13.9651,0.9075,13.0576,NA,NA,NA
ExperienceX.exe,56308,0x216838E1150,DXGI,1,0,0,Composed: Flip,18337.2859,NA,17.36900000000000,NA,0.07310000000000,2.11260000000000,NA,18320.1246,17.2344,17.1613,0.0731,17.6190,1.6549,1.6549,0.0000,NA,NA,NA
ExperienceX.exe,56308,0x216838E1150,DXGI,1,0,0,Composed: Flip,18370.4443,NA,33.15840000000000,NA,0.08930000000000,2.52720000000000,NA,18337.3590,33.1746,33.0853,0.0893,35.1650,0.4475,0.4475,0.0000,NA,NA,NA
ExperienceX.exe,56308,0x216838E1150,DXGI,1,0,0,Composed: Flip,18386.5993,NA,16.15500000000000,NA,0.21920000000000,2.15910000000000,NA,18370.5336,16.2849,16.0657,0.2192,17.4354,0.7894,0.7894,0.0000,NA,NA,NA
ExperienceX.exe,56308,0x216C829D570,DXGI,1,0,0,Composed: Flip,18386.5994,NA,16.51230000000000,16.62540000000000,0.21920000000000,1.36960000000000,32.9546,18370.7819,16.0367,15.8175,0.2192,2.1896,14.9975,1.6633,13.3342,0.8344,18370.7819,NA
ExperienceX.exe,56308,0x216C829D570,DXGI,1,0,0,Composed: Flip,18404.2245,NA,17.62510000000000,NA,0.23970000000000,3.24930000000000,NA,18386.8186,17.6456,17.4059,0.2397,20.2062,0.4490,0.4440,0.0050,NA,NA,NA
ExperienceX.exe,56308,0x216C829D570,DXGI,1,0,0,Composed: Flip,18419.7620,NA,15.53750000000000,33.36130000000000,0.11720000000000,0.66930000000000,33.1533,18404.4642,15.4150,15.2978,0.1172,15.4367,0.5304,0.5304,0.0000,0.3210,18404.4642,NA
ExperienceX.exe,56308,0x216C7EA03E0,DXGI,1,0,0,Composed: Flip,17554.5508,NA,30.99000000000000,1433.41880000000015,0.19280000000000,3.30310000000000,31.7225,17523.8751,30.8685,30.6757,0.1928,19.0889,14.8899,3.6317,11.2582,-13.0845,17523.8751,NA
ExperienceX.exe,56308,0x216C7EA03E0,DXGI,1,0,0,Composed: Flip,17570.6629,NA,16.11210000000000,NA,0.37270000000000,1.45440000000000,NA,17554.7436,16.2920,15.9193,0.3727,16.3099,1.0638,0.7782,0.2856,NA,NA,NA
ExperienceX.exe,56308,0x216C7EA03E0,DXGI,1,0,0,Composed: Flip,17589.0635,NA,18.40060000000000,NA,0.10620000000000,1.20000000000000,NA,17571.0356,18.1341,18.0279,0.1062,17.6658,1.5621,1.5521,0.0100,NA,NA,NA
ExperienceX.exe,56308,0x216C7EA03E0,DXGI,1,0,0,Composed: Flip,17604.2506,NA,15.18710000000000,NA,0.51340000000000,3.26100000000000,NA,17589.1697,15.5943,15.0809,0.5134,16.3431,1.9988,1.9303,0.0685,NA,NA,NA
ExperienceX.exe,56308,0x216C7EA03E0,DXGI,1,0,0,Composed: Flip,17621.1308,NA,16.88020000000000,NA,1.35360000000000,2.48590000000000,NA,17604.7640,17.7204,16.3668,1.3536,17.6204,1.2323,1.2110,0.0213,NA,NA,NA
ExperienceX.exe,56308,0x216C7EA03E0,DXGI,1,0,0,Composed: Flip,17637.0282,NA,15.89740000000000,NA,0.42740000000000,2.42880000000000,NA,17622.4844,14.9712,14.5438,0.4274,1.1405,15.8321,3.1783,12.6538,NA,NA,NA
ExperienceX.exe,56308,0x216C7EA03E0,DXGI,1,0,0,Composed: Flip,17656.3621,NA,19.33390000000000,NA,0.11910000000000,0.91180000000000,NA,17637.4556,19.0256,18.9065,0.1191,18.0901,1.7282,1.6947,0.0335,NA,NA,NA
ExperienceX.exe,56308,0x216C7EA03E0,DXGI,1,0,0,Composed: Flip,17670.4947,NA,14.13260000000000,NA,0.43230000000000,1.88870000000000,NA,17656.4812,14.4458,14.0135,0.4323,0.7927,15.1095,1.6820,13.4275,NA,NA,NA
ExperienceX.exe,56308,0x216C7EA03E0,DXGI,1,0,0,Composed: Flip,17689.5010,NA,19.00630000000000,NA,0.19750000000000,1.07820000000000,NA,17670.9270,18.7715,18.5740,0.1975,18.6476,1.0046,1.0046,0.0000,NA,NA,NA
ExperienceX.exe,56308,0x216C7EA03E0,DXGI,1,0,0,Composed: Flip,17703.8726,NA,14.37160000000000,NA,0.33220000000000,2.71470000000000,NA,17689.6985,14.5063,14.1741,0.3322,0.8807,16.0081,2.0728,13.9353,NA,NA,NA
ExperienceX.exe,56308,0x216C7EA03E0,DXGI,1,0,0,Composed: Flip,17720.9978,NA,17.12520000000000,NA,0.19860000000000,2.56810000000000,NA,17704.2048,16.9916,16.7930,0.1986,18.1482,1.2129,1.2129,0.0000,NA,NA,NA
ExperienceX.exe,56308,0x216C7EA03E0,DXGI,1,0,0,Composed: Flip,17737.2723,NA,16.27450000000000,NA,0.39790000000000,1.55460000000000,NA,17721.1964,16.4738,16.0759,0.3979,2.3695,15.2610,0.8486,14.4124,NA,NA,NA
ExperienceX.exe,56308,0x216C7EA03E0,DXGI,1,0,0,Composed: Flip,17755.1691,NA,17.89680000000000,NA,0.11760000000000,1.14100000000000,NA,17737.6702,17.6165,17.4989,0.1176,17.6976,0.9423,0.9353,0.0070,NA,NA,NA
ExperienceX.exe,56308,0x216C7EA03E0,DXGI,1,0,0,Composed: Flip,17769.8521,NA,14.68300000000000,NA,0.16950000000000,0.93210000000000,NA,17755.2867,14.7349,14.5654,0.1695,14.8203,0.6772,0.6772,0.0000,NA,NA,NA
ExperienceX.exe,56308,0x216C7EA03E0,DXGI,1,0,0,Composed: Flip,17787.8198,NA,17.96770000000000,NA,0.30020000000000,1.63350000000000,NA,17770.0216,18.0984,17.7982,0.3002,18.0647,1.3670,1.3596,0.0074,NA,NA,NA
ExperienceX.exe,56308,0x216C7EA03E0,DXGI,1,0,0,Composed: Flip,17803.1213,NA,15.30150000000000,NA,0.17470000000000,0.74820000000000,NA,17788.1200,15.1760,15.0013,0.1747,15.2098,0.5397,0.5397,0.0000,NA,NA,NA
ExperienceX.exe,56308,0x216C7EA03E0,DXGI,1,0,0,Composed: Flip,17820.7506,NA,17.62930000000000,NA,0.74210000000000,2.22640000000000,NA,17803.2960,18.1967,17.4546,0.7421,19.2440,0.4370,0.4332,0.0038,NA,NA,NA
ExperienceX.exe,56308,0x216C7EA03E0,DXGI,1,0,0,Composed: Flip,17836.4692,NA,15.71860000000000,NA,0.15380000000000,0.83530000000000,NA,17821.4927,15.1303,14.9765,0.1538,15.1902,0.6216,0.6216,0.0000,NA,NA,NA
ExperienceX.exe,56308,0x216C7EA03E0,DXGI,1,0,0,Composed: Flip,17854.0011,NA,17.53190000000000,NA,0.07300000000000,2.50930000000000,NA,17836.6230,17.4511,17.3781,0.0730,17.9643,1.9231,1.9149,0.0082,NA,NA,NA
ExperienceX.exe,56308,0x216C7EA03E0,DXGI,1,0,0,Composed: Flip,17870.2616,NA,16.26050000000000,NA,0.35790000000000,1.09970000000000,NA,17854.0741,16.5454,16.1875,0.3579,16.5643,0.7229,0.7229,0.0000,NA,NA,NA
ExperienceX.exe,56308,0x216C7EA03E0,DXGI,1,0,0,Composed: Flip,17887.5702,NA,17.30860000000000,NA,0.52950000000000,3.28280000000000,NA,17870.6195,17.4802,16.9507,0.5295,18.3200,1.9135,1.9049,0.0086,NA,NA,NA
ExperienceX.exe,56308,0x216C7EA03E0,DXGI,1,0,0,Composed: Flip,17903.1239,NA,15.55370000000000,NA,0.20820000000000,1.17380000000000,NA,17888.0997,15.2324,15.0242,0.2082,15.2820,0.9160,0.9160,0.0000,NA,NA,NA
ExperienceX.exe,56308,0x216C7EA03E0,DXGI,1,0,0,Composed: Flip,17921.3710,NA,18.24710000000000,NA,0.05910000000000,1.26820000000000,NA,17903.3321,18.0980,18.0389,0.0591,17.9486,1.3585,1.3521,0.0064,NA,NA,NA
ExperienceX.exe,56308,0x216C7EA03E0,DXGI,1,0,0,Composed: Flip,17936.4928,NA,15.12180000000000,NA,0.19180000000000,0.86400000000000,NA,17921.4301,15.2545,15.0627,0.1918,15.1809,0.7458,0.7458,0.0000,NA,NA,NA
ExperienceX.exe,56308,0x216C7EA03E0,DXGI,1,0,0,Composed: Flip,17953.6593,NA,17.16650000000000,NA,0.04700000000000,2.80420000000000,NA,17936.6846,17.0217,16.9747,0.0470,17.8441,1.9348,1.9297,0.0051,NA,NA,NA
ExperienceX.exe,56308,0x216C7EA03E0,DXGI,1,0,0,Composed: Flip,17969.8044,NA,16.14510000000000,NA,0.15760000000000,1.03730000000000,NA,17953.7063,16.2557,16.0981,0.1576,16.2820,0.8534,0.7774,0.0760,NA,NA,NA
ExperienceX.exe,56308,0x216C7EA03E0,DXGI,1,0,0,Composed: Flip,17986.6948,NA,16.89040000000000,NA,0.06480000000000,2.31420000000000,NA,17969.9620,16.7976,16.7328,0.0648,18.0670,0.9800,0.9758,0.0042,NA,NA,NA
ExperienceX.exe,56308,0x216C7EA03E0,DXGI,1,0,0,Composed: Flip,18004.2062,NA,17.51140000000000,NA,0.48120000000000,1.90660000000000,NA,17986.7596,17.9278,17.4466,0.4812,18.0045,1.3487,1.3487,0.0000,NA,NA,NA
ExperienceX.exe,56308,0x216C7EA03E0,DXGI,1,0,0,Composed: Flip,18020.6498,NA,16.44360000000000,NA,0.10390000000000,2.68100000000000,NA,18004.6874,16.0663,15.9624,0.1039,16.3363,2.3071,2.2947,0.0124,NA,NA,NA
ExperienceX.exe,56308,0x216C7EA03E0,DXGI,1,0,0,Composed: Flip,18036.6155,NA,15.96570000000000,NA,0.32760000000000,1.16770000000000,NA,18020.7537,16.1894,15.8618,0.3276,16.1216,0.9079,0.9079,0.0000,NA,NA,NA
ExperienceX.exe,56308,0x216C7EA03E0,DXGI,1,0,0,Composed: Flip,18054.4189,NA,17.80340000000000,NA,0.12320000000000,1.51380000000000,NA,18036.9431,17.5990,17.4758,0.1232,18.0565,0.9331,0.9271,0.0060,NA,NA,NA
ExperienceX.exe,56308,0x216C7EA03E0,DXGI,1,0,0,Composed: Flip,18070.4245,NA,16.00560000000000,NA,0.17890000000000,0.96730000000000,NA,18054.5421,16.0613,15.8824,0.1789,16.0925,0.7572,0.7572,0.0000,NA,NA,NA
ExperienceX.exe,56308,0x216C7EA03E0,DXGI,1,0,0,Composed: Flip,18089.4649,NA,19.04040000000000,NA,0.07870000000000,0.90880000000000,NA,18070.6034,18.9402,18.8615,0.0787,18.4456,1.3247,1.3247,0.0000,NA,NA,NA
ExperienceX.exe,56308,0x216C7EA03E0,DXGI,1,0,0,Composed: Flip,18103.2885,NA,13.82360000000000,NA,0.27260000000000,2.08540000000000,NA,18089.5436,14.0175,13.7449,0.2726,0.8301,15.0002,1.9369,13.0633,NA,NA,NA
ExperienceX.exe,56308,0x216C7EA03E0,DXGI,1,0,0,Composed: Flip,18121.2008,NA,17.91230000000000,NA,0.21070000000000,1.59930000000000,NA,18103.5611,17.8504,17.6397,0.2107,17.8066,1.4324,1.4324,0.0000,NA,NA,NA
ExperienceX.exe,56308,0x216C7EA03E0,DXGI,1,0,0,Composed: Flip,18136.8953,NA,15.69450000000000,NA,0.39850000000000,0.87650000000000,NA,18121.4115,15.8823,15.4838,0.3985,1.3886,14.9717,0.9207,14.0510,NA,NA,NA
ExperienceX.exe,56308,0x216C7EA03E0,DXGI,1,0,0,Composed: Flip,18154.2314,NA,17.33610000000000,NA,0.08690000000000,1.42390000000000,NA,18137.2938,17.0245,16.9376,0.0869,17.3589,1.0026,0.9985,0.0041,NA,NA,NA
ExperienceX.exe,56308,0x216C7EA03E0,DXGI,1,0,0,Composed: Flip,18169.9471,NA,15.71570000000000,NA,0.20230000000000,4.45650000000000,NA,18154.3183,15.8311,15.6288,0.2023,19.5983,0.4870,0.4801,0.0069,NA,NA,NA
ExperienceX.exe,56308,0x216C7EA03E0,DXGI,1,0,0,Composed: Flip,18187.1870,NA,17.23990000000000,NA,0.18330000000000,2.79220000000000,NA,18170.1494,17.2209,17.0376,0.1833,17.8625,1.9673,1.9571,0.0102,NA,NA,NA
ExperienceX.exe,56308,0x216C7EA03E0,DXGI,1,0,0,Composed: Flip,18203.7569,NA,16.56990000000000,NA,0.25160000000000,1.87970000000000,NA,18187.3703,16.6382,16.3866,0.2516,16.6885,1.5778,1.5778,0.0000,NA,NA,NA
ExperienceX.exe,56308,0x216C7EA03E0,DXGI,1,0,0,Composed: Flip,18221.0089,NA,17.25200000000000,NA,0.13470000000000,1.35970000000000,NA,18204.0085,17.1351,17.0004,0.1347,17.0151,1.3450,1.3343,0.0107,NA,NA,NA
ExperienceX.exe,56308,0x216C7EA03E0,DXGI,1,0,0,Composed: Flip,18236.9669,NA,15.95800000000000,NA,0.20080000000000,0.74550000000000,NA,18221.1436,16.0241,15.8233,0.2008,16.0202,0.5486,0.5378,0.0108,NA,NA,NA
ExperienceX.exe,56308,0x216C7EA03E0,DXGI,1,0,0,Composed: Flip,18254.4517,NA,17.48480000000000,NA,0.05550000000000,1.93950000000000,NA,18237.1677,17.3395,17.2840,0.0555,17.6161,1.6074,1.5929,0.0145,NA,NA,NA
ExperienceX.exe,56308,0x216C7EA03E0,DXGI,1,0,0,Composed: Flip,18270.1886,NA,15.73690000000000,NA,0.38560000000000,2.10180000000000,NA,18254.5072,16.0670,15.6814,0.3856,16.2236,1.5596,1.3863,0.1733,NA,NA,NA
ExperienceX.exe,56308,0x216C7EA03E0,DXGI,1,0,0,Composed: Flip,18288.5126,NA,18.32400000000000,NA,0.17530000000000,1.43590000000000,NA,18270.5742,18.1137,17.9384,0.1753,18.9416,0.4327,0.4256,0.0071,NA,NA,NA
ExperienceX.exe,56308,0x216C7EA03E0,DXGI,1,0,0,Composed: Flip,18303.2817,NA,14.76910000000000,NA,0.23490000000000,1.40790000000000,NA,18288.6879,14.8287,14.5938,0.2349,14.8500,1.1517,1.1517,0.0000,NA,NA,NA
ExperienceX.exe,56308,0x216C7EA03E0,DXGI,1,0,0,Composed: Flip,18321.1214,NA,17.83970000000000,NA,0.06110000000000,1.31930000000000,NA,18303.5166,17.6659,17.6048,0.0611,17.5819,1.3422,1.3334,0.0088,NA,NA,NA
ExperienceX.exe,56308,0x216C7EA03E0,DXGI,1,0,0,Composed: Flip,18336.5731,NA,15.45170000000000,NA,0.16020000000000,1.17050000000000,NA,18321.1825,15.5508,15.3906,0.1602,15.6243,0.9368,0.9368,0.0000,NA,NA,NA
ExperienceX.exe,56308,0x216C7EA03E0,DXGI,1,0,0,Composed: Flip,18354.1832,NA,17.61010000000000,NA,0.06630000000000,2.78320000000000,NA,18336.7333,17.5162,17.4499,0.0663,18.6116,1.6215,1.6174,0.0041,NA,NA,NA
ExperienceX.exe,56308,0x216C7EA03E0,DXGI,1,0,0,Composed: Flip,18369.7707,NA,15.58750000000000,NA,0.18100000000000,0.73260000000000,NA,18354.2495,15.7022,15.5212,0.1810,15.7057,0.5481,0.5481,0.0000,NA,NA,NA
ExperienceX.exe,56308,0x216C7EA03E0,DXGI,1,0,0,Composed: Flip,18387.4099,NA,17.63920000000000,NA,0.07740000000000,2.97860000000000,NA,18369.9517,17.5356,17.4582,0.0774,18.8067,1.6301,1.6254,0.0047,NA,NA,NA
ExperienceX.exe,56308,0x216C7EA03E0,DXGI,1,0,0,Composed: Flip,18403.2209,NA,15.81100000000000,NA,0.17840000000000,0.96090000000000,NA,18387.4873,15.9120,15.7336,0.1784,15.9319,0.7626,0.7626,0.0000,NA,NA,NA
ExperienceX.exe,56308,0x216C7EA03E0,DXGI,1,0,0,Composed: Flip,18420.0131,NA,16.79220000000000,NA,0.05290000000000,3.16810000000000,NA,18403.3993,16.6667,16.6138,0.0529,17.8526,1.9293,1.9245,0.0048,NA,NA,NA
ExperienceX.exe,56308,0x216C7EA03E0,DXGI,1,0,0,Composed: Flip,18436.5489,NA,16.53580000000000,NA,0.21980000000000,0.80710000000000,NA,18420.0660,16.7027,16.4829,0.2198,16.6415,0.6485,0.6485,0.0000,NA,NA,NA
ExperienceX.exe,56308,0x216C829D570,DXGI,1,0,0,Composed: Flip,18436.8966,NA,17.13460000000000,16.72750000000000,0.86620000000000,2.93490000000000,32.7462,18419.8792,17.8836,17.0174,0.8662,19.5204,0.4319,0.4319,0.0000,-1.3125,18419.8792,NA
ExperienceX.exe,56308,0x216C829D570,DXGI,1,0,0,Composed: Flip,18453.1787,NA,16.28210000000000,NA,0.14250000000000,0.67590000000000,NA,18437.7628,15.5584,15.4159,0.1425,2.0687,14.0231,1.4732,12.5499,NA,NA,NA
ExperienceX.exe,56308,0x216C829D570,DXGI,1,0,0,Composed: Flip,18470.5659,NA,17.38720000000000,33.58360000000000,0.24220000000000,3.53280000000000,32.6605,18453.3212,17.4869,17.2447,0.2422,20.3172,0.4603,0.4603,0.0000,-0.1416,18453.3212,NA
ExperienceX.exe,56308,0x216C829D570,DXGI,1,0,0,Composed: Flip,18487.0018,NA,16.43590000000000,16.42100000000000,0.27670000000000,1.15840000000000,32.6456,18470.8081,16.4704,16.1937,0.2767,3.2906,14.0615,1.7361,12.3254,1.0659,18470.8081,NA
ExperienceX.exe,56308,0x216838E1150,DXGI,1,0,0,Composed: Flip,18404.1292,NA,17.52990000000000,99.98800000000000,0.16880000000000,2.89560000000000,32.1463,18386.8185,17.4795,17.3107,0.1688,17.3633,2.8430,2.8430,0.0000,-0.1959,18386.8185,NA
ExperienceX.exe,56308,0x216838E1150,DXGI,1,0,0,Composed: Flip,18419.7615,NA,15.63230000000000,NA,0.11780000000000,1.49040000000000,NA,18404.2980,15.5813,15.4635,0.1178,16.1333,0.8206,0.8206,0.0000,NA,NA,NA
ExperienceX.exe,56308,0x216838E1150,DXGI,1,0,0,Composed: Flip,18436.8957,NA,17.13420000000000,NA,0.86680000000000,2.50390000000000,NA,18419.8793,17.8832,17.0164,0.8668,17.4767,2.0436,2.0436,0.0000,NA,NA,NA
ExperienceX.exe,56308,0x216838E1150,DXGI,1,0,0,Composed: Flip,18470.5666,NA,33.67090000000000,NA,0.23950000000000,3.07180000000000,NA,18437.7625,33.0436,32.8041,0.2395,34.5272,1.3487,1.3487,0.0000,NA,NA,NA
ExperienceX.exe,56308,0x216838E1150,DXGI,1,0,0,Composed: Flip,18486.9890,NA,16.42240000000000,NA,0.20060000000000,1.63440000000000,NA,18470.8061,16.3835,16.1829,0.2006,17.3541,0.4632,0.4632,0.0000,NA,NA,NA
ExperienceX.exe,56308,0x216838E1150,DXGI,1,0,0,Composed: Flip,18504.9743,NA,17.98530000000000,NA,0.99430000000000,2.31180000000000,NA,18487.1896,18.7790,17.7847,0.9943,20.0890,0.0075,0.0075,0.0000,NA,NA,NA
ExperienceX.exe,56308,0x216838E1150,DXGI,1,0,0,Composed: Flip,18520.2728,NA,15.29850000000000,116.62420000000000,0.23560000000000,1.50400000000000,32.6269,18505.9686,14.5398,14.3042,0.2356,1.8497,13.9585,1.6961,12.2624,2.5259,18505.9686,NA
ExperienceX.exe,56308,0x216838E1150,DXGI,1,0,0,Composed: Flip,18537.6591,NA,17.38630000000000,16.66070000000000,0.08560000000000,1.71950000000000,31.9013,18520.5084,17.2363,17.1507,0.0856,17.1616,1.7086,1.7086,0.0000,-2.1209,18520.5084,NA
ExperienceX.exe,56308,0x216838E1150,DXGI,1,0,0,Composed: Flip,18553.1958,NA,15.53670000000000,16.71070000000000,0.14320000000000,1.16730000000000,33.0753,18537.7447,15.5943,15.4511,0.1432,16.1239,0.4945,0.4945,0.0000,0.5256,18537.7447,NA
ExperienceX.exe,56308,0x216838E1150,DXGI,1,0,0,Composed: Flip,18570.9035,NA,17.70770000000000,16.61960000000000,0.11570000000000,2.64940000000000,31.9872,18553.3390,17.6802,17.5645,0.1157,19.7591,0.4548,0.4507,0.0041,-1.0253,18553.3390,NA
ExperienceX.exe,56308,0x216838E1150,DXGI,1,0,0,Composed: Flip,18586.5930,NA,15.68950000000000,16.79440000000000,0.18870000000000,1.88220000000000,33.0921,18571.0192,15.7625,15.5738,0.1887,16.3154,1.1406,1.1406,0.0000,0.8858,18571.0192,NA
ExperienceX.exe,56308,0x216C829D570,DXGI,1,0,0,Composed: Flip,18504.9813,NA,17.97950000000000,16.63320000000000,0.50640000000000,2.83700000000000,31.2993,18487.2785,18.2092,17.7028,0.5064,20.0076,0.5322,0.5322,0.0000,-0.1628,18487.2785,NA
ExperienceX.exe,56308,0x216C829D570,DXGI,1,0,0,Composed: Flip,18520.2734,NA,15.29210000000000,NA,0.23500000000000,2.32890000000000,NA,18505.4877,15.0207,14.7857,0.2350,16.2891,0.8255,0.8255,0.0000,NA,NA,NA
ExperienceX.exe,56308,0x216C829D570,DXGI,1,0,0,Composed: Flip,18537.6138,NA,17.34040000000000,NA,0.20420000000000,2.23680000000000,NA,18520.5084,17.3096,17.1054,0.2042,18.8702,0.4720,0.4720,0.0000,NA,NA,NA
ExperienceX.exe,56308,0x216C829D570,DXGI,1,0,0,Composed: Flip,18553.1956,NA,15.58180000000000,NA,0.14340000000000,0.67300000000000,NA,18537.8180,15.5210,15.3776,0.1434,2.0326,14.0180,1.3430,12.6750,NA,NA,NA
ExperienceX.exe,56308,0x216C829D570,DXGI,1,0,0,Composed: Flip,18570.8155,NA,17.61990000000000,NA,0.14530000000000,2.28260000000000,NA,18553.3390,17.6218,17.4765,0.1453,18.4247,1.3344,1.3344,0.0000,NA,NA,NA
ExperienceX.exe,56308,0x216C829D570,DXGI,1,0,0,Composed: Flip,18586.5933,NA,15.77780000000000,NA,0.18830000000000,0.74130000000000,NA,18570.9608,15.8208,15.6325,0.1883,15.8448,0.5290,0.5290,0.0000,NA,NA,NA
ExperienceX.exe,56308,0x216C829D570,DXGI,1,0,0,Composed: Flip,18604.2631,NA,17.66980000000000,NA,0.44510000000000,1.80360000000000,NA,18586.7816,17.9266,17.4815,0.4451,17.2492,2.0359,2.0359,0.0000,NA,NA,NA
ExperienceX.exe,56308,0x216838E1150,DXGI,1,0,0,Composed: Flip,18603.6077,NA,17.01470000000000,16.49150000000000,0.09160000000000,2.94070000000000,32.5689,18586.7817,16.9176,16.8260,0.0916,19.2850,0.4817,0.4817,0.0000,-0.7290,18586.7817,NA
ExperienceX.exe,56308,0x216838E1150,DXGI,1,0,0,Composed: Flip,18620.2582,NA,16.65050000000000,NA,0.21710000000000,2.26250000000000,NA,18603.6993,16.7760,16.5589,0.2171,18.0777,0.7437,0.7437,0.0000,NA,NA,NA
ExperienceX.exe,56308,0x216838E1150,DXGI,1,0,0,Composed: Flip,18637.7971,NA,17.53890000000000,33.45110000000000,0.08970000000000,1.43760000000000,31.8306,18620.4753,17.4115,17.3218,0.0897,16.7223,2.0371,2.0371,0.0000,0.2425,18620.4753,NA
ExperienceX.exe,56308,0x216838E1150,DXGI,1,0,0,Composed: Flip,18653.1559,NA,15.35880000000000,16.52990000000000,0.14980000000000,1.23880000000000,33.0017,18637.8868,15.4189,15.2691,0.1498,16.0054,0.5025,0.5025,0.0000,0.8816,18637.8868,NA
ExperienceX.exe,56308,0x216838E1150,DXGI,1,0,0,Composed: Flip,18670.5318,NA,17.37590000000000,16.70580000000000,0.44620000000000,2.45420000000000,32.3316,18653.3057,17.6723,17.2261,0.4462,18.2104,1.4699,1.4699,0.0000,-1.2869,18653.3057,NA
ExperienceX.exe,56308,0x216C829D570,DXGI,1,0,0,Composed: Flip,18620.2581,NA,15.99500000000000,116.56490000000001,0.21710000000000,1.51890000000000,32.5874,18604.7082,15.7670,15.5499,0.2171,1.8402,15.2286,1.6574,13.5712,0.8648,18604.7082,NA
ExperienceX.exe,56308,0x216C829D570,DXGI,1,0,0,Composed: Flip,18636.7923,NA,16.53420000000000,NA,0.14610000000000,2.89180000000000,NA,18620.4752,16.4632,16.3171,0.1461,18.7595,0.4494,0.4494,0.0000,NA,NA,NA
ExperienceX.exe,56308,0x216C829D570,DXGI,1,0,0,Composed: Flip,18653.1549,NA,16.36260000000000,NA,0.15080000000000,0.73730000000000,NA,18636.9384,16.3673,16.2165,0.1508,2.7457,14.2081,1.0406,13.1675,NA,NA,NA
ExperienceX.exe,56308,0x216C829D570,DXGI,1,0,0,Composed: Flip,18670.5345,NA,17.37960000000000,NA,0.09260000000000,2.91140000000000,NA,18653.3057,17.3214,17.2288,0.0926,19.6803,0.4599,0.4599,0.0000,NA,NA,NA
ExperienceX.exe,56308,0x216C829D570,DXGI,1,0,0,Composed: Flip,18686.4721,NA,15.93760000000000,NA,0.16270000000000,1.15910000000000,NA,18670.6271,16.0077,15.8450,0.1627,16.5655,0.4386,0.4386,0.0000,NA,NA,NA
ExperienceX.exe,56308,0x216838E1150,DXGI,1,0,0,Composed: Flip,18686.4723,NA,15.94050000000000,16.68650000000000,0.16260000000000,0.72030000000000,33.0776,18670.9780,15.6569,15.4943,0.1626,2.4679,13.7467,1.4408,12.3059,0.9858,18670.9780,NA
ExperienceX.exe,56308,0x216838E1150,DXGI,1,0,0,Composed: Flip,18704.0564,NA,17.58410000000000,NA,0.59020000000000,2.43980000000000,NA,18686.6349,18.0117,17.4215,0.5902,19.3997,0.4616,0.4616,0.0000,NA,NA,NA
ExperienceX.exe,56308,0x216C829D570,DXGI,1,0,0,Composed: Flip,18704.3873,NA,17.91520000000000,83.37120000000000,0.06730000000000,1.64730000000000,31.8294,18686.6348,17.8198,17.7525,0.0673,17.7507,1.6491,1.6491,0.0000,-1.4446,18686.6348,NA
ExperienceX.exe,56308,0x216C829D570,DXGI,1,0,0,Composed: Flip,18719.8859,NA,15.49860000000000,NA,0.19660000000000,0.97410000000000,NA,18704.4546,15.6279,15.4313,0.1966,2.0416,14.3638,1.2805,13.0833,NA,NA,NA
ExperienceX.exe,56308,0x216838E1150,DXGI,1,0,0,Composed: Flip,18719.8853,NA,15.82890000000000,33.29080000000000,0.19730000000000,1.25630000000000,32.9554,18704.6466,15.4360,15.2387,0.1973,16.2134,0.2816,0.2733,0.0083,0.3778,18704.6466,NA
ExperienceX.exe,56308,0x216838E1150,DXGI,1,0,0,Composed: Flip,18736.7487,NA,16.86340000000000,NA,0.07170000000000,2.44770000000000,NA,18720.0826,16.7378,16.6661,0.0717,17.0754,2.0384,2.0384,0.0000,NA,NA,NA
ExperienceX.exe,56308,0x216838E1150,DXGI,1,0,0,Composed: Flip,18753.3079,NA,16.55920000000000,33.34890000000000,0.34330000000000,1.13490000000000,32.8817,18736.8204,16.8308,16.4875,0.3433,17.2350,0.3874,0.3874,0.0000,-1.1751,18736.8204,NA
ExperienceX.exe,56308,0x216C829D570,DXGI,1,0,0,Composed: Flip,18736.7439,NA,16.85800000000000,33.27400000000000,0.50310000000000,4.03900000000000,32.7468,18720.0825,17.1645,16.6614,0.5031,19.1139,1.5865,1.5822,0.0043,0.1737,18720.0825,NA
ExperienceX.exe,56308,0x216C829D570,DXGI,1,0,0,Composed: Flip,18753.2530,NA,16.50910000000000,NA,0.22310000000000,0.80240000000000,NA,18737.2470,16.2291,16.0060,0.2231,16.1954,0.6130,0.6130,0.0000,NA,NA,NA
ExperienceX.exe,56308,0x216C829D570,DXGI,1,0,0,Composed: Flip,18770.0853,NA,16.83230000000000,NA,0.34860000000000,2.44360000000000,NA,18753.4761,16.9578,16.6092,0.3486,17.0113,2.0415,2.0415,0.0000,NA,NA,NA
ExperienceX.exe,56308,0x216838E1150,DXGI,1,0,0,Composed: Flip,18770.3692,NA,17.06130000000000,16.80520000000000,0.36710000000000,3.78150000000000,32.6256,18753.6512,17.0851,16.7180,0.3671,18.8777,1.6218,1.6176,0.0042,0.0256,18753.6512,NA
ExperienceX.exe,56308,0x216838E1150,DXGI,1,0,0,Composed: Flip,18786.4709,NA,16.10170000000000,NA,0.16060000000000,0.73180000000000,NA,18770.7363,15.8952,15.7346,0.1606,15.9168,0.5496,0.5496,0.0000,NA,NA,NA
ExperienceX.exe,56308,0x216C829D570,DXGI,1,0,0,Composed: Flip,18786.4853,NA,16.40000000000000,50.01470000000000,0.14650000000000,1.82200000000000,33.0201,18770.4339,16.1979,16.0514,0.1465,16.7688,1.1046,1.1046,0.0000,0.3367,18770.4339,NA
ExperienceX.exe,56308,0x216C829D570,DXGI,1,0,0,Composed: Flip,18804.3287,NA,17.84340000000000,NA,0.22600000000000,2.06630000000000,NA,18786.6318,17.9229,17.6969,0.2260,17.9733,1.7899,1.7899,0.0000,NA,NA,NA
ExperienceX.exe,56308,0x216838E1150,DXGI,1,0,0,Composed: Flip,18804.3214,NA,17.85050000000000,33.18240000000000,0.05790000000000,2.52320000000000,31.8558,18786.6315,17.7478,17.6899,0.0579,19.7635,0.4496,0.4496,0.0000,-0.2021,18786.6315,NA
ExperienceX.exe,56308,0x216838E1150,DXGI,1,0,0,Composed: Flip,18819.7020,NA,15.38060000000000,NA,0.11710000000000,0.97200000000000,NA,18804.3793,15.4398,15.3227,0.1171,2.4653,13.8294,1.2332,12.5962,NA,NA,NA
ExperienceX.exe,56308,0x216838E1150,DXGI,1,0,0,Composed: Flip,18837.5497,NA,17.84770000000000,33.38400000000000,0.05840000000000,2.15860000000000,32.0115,18819.8191,17.7890,17.7306,0.0584,19.4175,0.4717,0.4717,0.0000,-0.1964,18819.8191,NA
ExperienceX.exe,56308,0x216838E1150,DXGI,1,0,0,Composed: Flip,18853.1925,NA,15.64280000000000,16.81270000000000,0.20790000000000,1.43660000000000,33.1814,18837.6081,15.7923,15.5844,0.2079,2.1002,14.9208,1.2326,13.6882,0.9763,18837.6081,NA
ExperienceX.exe,56308,0x216838E1150,DXGI,1,0,0,Composed: Flip,18870.5088,NA,17.31630000000000,16.44830000000000,0.19090000000000,2.34890000000000,32.3134,18853.4004,17.2993,17.1084,0.1909,17.3857,2.0716,2.0716,0.0000,-0.6560,18853.4004,NA
ExperienceX.exe,56308,0x216838E1150,DXGI,1,0,0,Composed: Flip,18886.8683,NA,16.35950000000000,16.84500000000000,0.18260000000000,0.91300000000000,32.7989,18870.6997,16.3512,16.1686,0.1826,2.6319,14.4497,1.7736,12.6761,0.4543,18870.6997,NA
ExperienceX.exe,56308,0x216C7EA03E0,DXGI,1,0,0,Composed: Flip,18453.4885,NA,16.93960000000000,900.18860000000006,0.06410000000000,0.87640000000000,32.9734,18436.7687,16.7839,16.7198,0.0641,17.0859,0.5103,0.5103,0.0000,12.7050,18436.7687,NA
ExperienceX.exe,56308,0x216C7EA03E0,DXGI,1,0,0,Composed: Flip,18470.2088,NA,16.72030000000000,NA,0.79130000000000,2.08090000000000,NA,18453.5526,17.4475,16.6562,0.7913,2.2133,16.5238,2.0837,14.4401,NA,NA,NA
ExperienceX.exe,56308,0x216C7EA03E0,DXGI,1,0,0,Composed: Flip,18488.9756,NA,18.76680000000000,NA,0.08090000000000,1.67210000000000,NA,18471.0001,18.0564,17.9755,0.0809,17.6233,2.0243,2.0150,0.0093,NA,NA,NA
ExperienceX.exe,56308,0x216C7EA03E0,DXGI,1,0,0,Composed: Flip,18503.8405,NA,14.86490000000000,NA,0.32460000000000,3.43810000000000,NA,18489.0565,15.1086,14.7840,0.3246,1.5912,16.6309,3.2264,13.4045,NA,NA,NA
ExperienceX.exe,56308,0x216C7EA03E0,DXGI,1,0,0,Composed: Flip,18522.1655,NA,18.32500000000000,NA,0.14980000000000,1.92460000000000,NA,18504.1651,18.1502,18.0004,0.1498,18.4372,1.4878,1.4772,0.0106,NA,NA,NA
ExperienceX.exe,56308,0x216C7EA03E0,DXGI,1,0,0,Composed: Flip,18536.5995,NA,14.43400000000000,NA,0.25250000000000,1.07050000000000,NA,18522.3153,14.5367,14.2842,0.2525,14.4804,0.8743,0.8743,0.0000,NA,NA,NA
ExperienceX.exe,56308,0x216C7EA03E0,DXGI,1,0,0,Composed: Flip,18554.1540,NA,17.55450000000000,NA,0.09870000000000,1.52090000000000,NA,18536.8520,17.4007,17.3020,0.0987,17.5111,1.3118,1.3059,0.0059,NA,NA,NA
ExperienceX.exe,56308,0x216C7EA03E0,DXGI,1,0,0,Composed: Flip,18570.0141,NA,15.86010000000000,NA,0.27460000000000,1.74960000000000,NA,18554.2527,16.0360,15.7614,0.2746,15.9664,1.5446,1.5446,0.0000,NA,NA,NA
ExperienceX.exe,56308,0x216C7EA03E0,DXGI,1,0,0,Composed: Flip,18587.4136,NA,17.39950000000000,NA,0.31610000000000,2.02030000000000,NA,18570.2887,17.4410,17.1249,0.3161,18.1865,0.9587,0.9546,0.0041,NA,NA,NA
ExperienceX.exe,56308,0x216C7EA03E0,DXGI,1,0,0,Composed: Flip,18603.2423,NA,15.82870000000000,NA,0.16090000000000,0.78850000000000,NA,18587.7297,15.6735,15.5126,0.1609,15.7186,0.5825,0.5825,0.0000,NA,NA,NA
ExperienceX.exe,56308,0x216C7EA03E0,DXGI,1,0,0,Composed: Flip,18622.0302,NA,18.78790000000000,NA,0.08050000000000,2.12030000000000,NA,18603.4032,18.7075,18.6270,0.0805,19.1175,1.6298,1.6253,0.0045,NA,NA,NA
ExperienceX.exe,56308,0x216C7EA03E0,DXGI,1,0,0,Composed: Flip,18636.4637,NA,14.43350000000000,NA,0.22170000000000,0.73390000000000,NA,18622.1107,14.5747,14.3530,0.2217,14.5625,0.5244,0.5244,0.0000,NA,NA,NA
ExperienceX.exe,56308,0x216C7EA03E0,DXGI,1,0,0,Composed: Flip,18653.5713,NA,17.10760000000000,NA,0.60650000000000,2.18650000000000,NA,18636.6854,17.4924,16.8859,0.6065,17.7093,1.3631,1.3559,0.0072,NA,NA,NA
ExperienceX.exe,56308,0x216C7EA03E0,DXGI,1,0,0,Composed: Flip,18670.1727,NA,16.60140000000000,NA,0.24170000000000,1.34340000000000,NA,18654.1778,16.2366,15.9949,0.2417,16.2315,1.1068,1.1068,0.0000,NA,NA,NA
ExperienceX.exe,56308,0x216C7EA03E0,DXGI,1,0,0,Composed: Flip,18687.7639,NA,17.59120000000000,NA,0.05350000000000,1.36790000000000,NA,18670.4144,17.4030,17.3495,0.0535,17.2168,1.5006,1.4948,0.0058,NA,NA,NA
ExperienceX.exe,56308,0x216C7EA03E0,DXGI,1,0,0,Composed: Flip,18703.2260,NA,15.46210000000000,NA,0.35100000000000,1.15950000000000,NA,18687.8174,15.7596,15.4086,0.3510,15.6490,0.9191,0.9191,0.0000,NA,NA,NA
ExperienceX.exe,56308,0x216C7EA03E0,DXGI,1,0,0,Composed: Flip,18721.4094,NA,18.18340000000000,NA,0.07060000000000,1.32470000000000,NA,18703.5770,17.9030,17.8324,0.0706,17.6361,1.5210,1.5111,0.0099,NA,NA,NA
ExperienceX.exe,56308,0x216C7EA03E0,DXGI,1,0,0,Composed: Flip,18736.4727,NA,15.06330000000000,NA,0.16470000000000,0.68530000000000,NA,18721.4800,15.1574,14.9927,0.1647,1.2541,14.4239,1.2418,13.1821,NA,NA,NA
ExperienceX.exe,56308,0x216C7EA03E0,DXGI,1,0,0,Composed: Flip,18753.6836,NA,17.21090000000000,NA,0.67890000000000,2.13120000000000,NA,18736.6374,17.7251,17.0462,0.6789,17.8054,1.3720,1.3720,0.0000,NA,NA,NA
ExperienceX.exe,56308,0x216C7EA03E0,DXGI,1,0,0,Composed: Flip,18769.8089,NA,16.12530000000000,NA,0.21580000000000,0.67850000000000,NA,18754.3625,15.6622,15.4464,0.2158,1.4523,14.6726,0.5667,14.1059,NA,NA,NA
ExperienceX.exe,56308,0x216C7EA03E0,DXGI,1,0,0,Composed: Flip,18787.6096,NA,17.80070000000000,NA,0.05400000000000,1.63950000000000,NA,18770.0247,17.6389,17.5849,0.0540,18.2826,0.9418,0.9375,0.0043,NA,NA,NA
ExperienceX.exe,56308,0x216C7EA03E0,DXGI,1,0,0,Composed: Flip,18803.4836,NA,15.87400000000000,NA,0.23000000000000,1.12150000000000,NA,18787.6636,16.0500,15.8200,0.2300,16.1347,0.8068,0.8068,0.0000,NA,NA,NA
ExperienceX.exe,56308,0x216C7EA03E0,DXGI,1,0,0,Composed: Flip,18820.4028,NA,16.91920000000000,NA,0.05100000000000,2.10810000000000,NA,18803.7136,16.7402,16.6892,0.0510,17.3997,1.3976,1.3921,0.0055,NA,NA,NA
ExperienceX.exe,56308,0x216C7EA03E0,DXGI,1,0,0,Composed: Flip,18836.5115,NA,16.10870000000000,NA,0.21090000000000,0.72660000000000,NA,18820.4538,16.2686,16.0577,0.2109,16.2262,0.5581,0.5581,0.0000,NA,NA,NA
ExperienceX.exe,56308,0x216C7EA03E0,DXGI,1,0,0,Composed: Flip,18854.3002,NA,17.78870000000000,NA,0.09610000000000,2.80350000000000,NA,18836.7224,17.6739,17.5778,0.0961,18.7212,1.6601,1.6549,0.0052,NA,NA,NA
ExperienceX.exe,56308,0x216C7EA03E0,DXGI,1,0,0,Composed: Flip,18870.0221,NA,15.72190000000000,NA,0.26610000000000,0.76080000000000,NA,18854.3963,15.8919,15.6258,0.2661,15.8407,0.5459,0.5361,0.0098,NA,NA,NA
ExperienceX.exe,56308,0x216C7EA03E0,DXGI,1,0,0,Composed: Flip,18887.5876,NA,17.56550000000000,NA,0.04710000000000,1.77100000000000,NA,18870.2882,17.3465,17.2994,0.0471,18.1251,0.9453,0.9408,0.0045,NA,NA,NA
ExperienceX.exe,56308,0x216C7EA03E0,DXGI,1,0,0,Composed: Flip,18903.2150,NA,15.62740000000000,NA,0.27660000000000,0.95250000000000,NA,18887.6347,15.8569,15.5803,0.2766,15.7939,0.7389,0.7389,0.0000,NA,NA,NA
ExperienceX.exe,56308,0x216838E1150,DXGI,1,0,0,Composed: Flip,18904.1391,NA,17.27080000000000,16.51850000000000,0.07270000000000,2.32690000000000,32.0466,18887.0509,17.1609,17.0882,0.0727,18.9592,0.4559,0.4559,0.0000,-0.1673,18887.0509,NA
ExperienceX.exe,56308,0x216838E1150,DXGI,1,0,0,Composed: Flip,18920.4316,NA,16.29250000000000,NA,0.43180000000000,2.01650000000000,NA,18904.2118,16.6516,16.2198,0.4318,17.4614,0.7749,0.7749,0.0000,NA,NA,NA
ExperienceX.exe,56308,0x216838E1150,DXGI,1,0,0,Composed: Flip,18936.7382,NA,16.30660000000000,33.29740000000000,0.50460000000000,2.39370000000000,32.7449,18920.8634,16.3794,15.8748,0.5046,16.2581,2.0104,2.0104,0.0000,0.5151,18920.8634,NA
ExperienceX.exe,56308,0x216838E1150,DXGI,1,0,0,Composed: Flip,18953.1593,NA,16.42110000000000,16.67600000000000,0.15410000000000,0.68860000000000,32.9998,18937.2428,16.0706,15.9165,0.1541,2.3411,14.2640,0.7050,13.5590,-0.2966,18937.2428,NA
ExperienceX.exe,56308,0x216838E1150,DXGI,1,0,0,Composed: Flip,18969.9152,NA,16.75590000000000,16.66750000000000,0.05090000000000,3.97880000000000,32.9114,18953.3134,16.6527,16.6018,0.0509,19.0006,1.5800,1.5749,0.0051,-0.5969,18953.3134,NA
ExperienceX.exe,56308,0x216C829D570,DXGI,1,0,0,Composed: Flip,18819.6956,NA,15.36690000000000,33.36540000000000,0.12340000000000,1.41770000000000,33.1752,18804.5547,15.2643,15.1409,0.1234,16.1193,0.4393,0.4393,0.0000,0.7554,18804.5547,NA
ExperienceX.exe,56308,0x216C829D570,DXGI,1,0,0,Composed: Flip,18837.4357,NA,17.74010000000000,NA,0.06130000000000,1.80090000000000,NA,18819.8190,17.6780,17.6167,0.0613,17.4191,1.9985,1.9985,0.0000,NA,NA,NA
ExperienceX.exe,56308,0x216C829D570,DXGI,1,0,0,Composed: Flip,18853.1924,NA,15.75670000000000,NA,0.20790000000000,2.25120000000000,NA,18837.4970,15.9033,15.6954,0.2079,17.1321,0.8145,0.8145,0.0000,NA,NA,NA
ExperienceX.exe,56308,0x216C829D570,DXGI,1,0,0,Composed: Flip,18871.2022,NA,18.00980000000000,NA,0.30020000000000,2.12940000000000,NA,18853.4003,18.1021,17.8019,0.3002,19.4574,0.4739,0.4739,0.0000,NA,NA,NA
ExperienceX.exe,56308,0x216C829D570,DXGI,1,0,0,Composed: Flip,18886.8682,NA,15.66600000000000,NA,0.18300000000000,1.54510000000000,NA,18871.5024,15.5488,15.3658,0.1830,16.2789,0.6320,0.6320,0.0000,NA,NA,NA
ExperienceX.exe,56308,0x216C829D570,DXGI,1,0,0,Composed: Flip,18903.8648,NA,16.99660000000000,NA,0.06740000000000,2.14530000000000,NA,18887.0512,16.8810,16.8136,0.0674,17.1163,1.8426,1.8426,0.0000,NA,NA,NA
ExperienceX.exe,56308,0x216C829D570,DXGI,1,0,0,Composed: Flip,18937.1623,NA,33.29750000000000,NA,0.32280000000000,2.42160000000000,NA,18903.9322,33.5529,33.2301,0.3228,35.1997,0.4520,0.4520,0.0000,NA,NA,NA
ExperienceX.exe,56308,0x216C829D570,DXGI,1,0,0,Composed: Flip,18953.1589,NA,15.99660000000000,NA,0.17670000000000,1.50110000000000,NA,18937.4851,15.8505,15.6738,0.1767,16.3628,0.8121,0.8121,0.0000,NA,NA,NA
ExperienceX.exe,56308,0x216C829D570,DXGI,1,0,0,Composed: Flip,18970.1717,NA,17.01280000000000,NA,0.11880000000000,2.14230000000000,NA,18953.3356,16.9549,16.8361,0.1188,16.9439,2.0345,2.0345,0.0000,NA,NA,NA
ExperienceX.exe,56308,0x216C829D570,DXGI,1,0,0,Composed: Flip,18986.3998,NA,16.22810000000000,NA,0.11940000000000,0.65330000000000,NA,18970.2905,16.2287,16.1093,0.1194,16.2379,0.5247,0.5247,0.0000,NA,NA,NA
ExperienceX.exe,56308,0x216C829D570,DXGI,1,0,0,Composed: Flip,19004.5666,NA,18.16680000000000,183.41650000000001,0.13510000000000,2.02390000000000,31.7207,18986.5192,18.1825,18.0474,0.1351,19.6070,0.4643,0.4643,0.0000,-1.4520,18986.5192,NA
ExperienceX.exe,56308,0x216838E1150,DXGI,1,0,0,Composed: Flip,18986.4001,NA,16.48490000000000,16.66600000000000,0.11910000000000,1.14160000000000,33.0925,18969.9661,16.5531,16.4340,0.1191,17.0870,0.4886,0.4886,0.0000,-0.0133,18969.9661,NA
ExperienceX.exe,56308,0x216838E1150,DXGI,1,0,0,Composed: Flip,19004.4165,NA,18.01640000000000,NA,0.28850000000000,1.70970000000000,NA,18986.5192,18.1858,17.8973,0.2885,17.5751,2.0319,2.0319,0.0000,NA,NA,NA
ExperienceX.exe,56308,0x216838E1150,DXGI,1,0,0,Composed: Flip,19019.7559,NA,15.33940000000000,NA,0.12750000000000,1.49700000000000,NA,19004.7050,15.1784,15.0509,0.1275,15.7259,0.8220,0.8220,0.0000,NA,NA,NA
ExperienceX.exe,56308,0x216C829D570,DXGI,1,0,0,Composed: Flip,19019.7587,NA,15.19210000000000,16.57420000000000,0.12460000000000,0.67220000000000,33.1028,19004.7017,15.1816,15.0570,0.1246,1.8888,13.8404,0.8855,12.9549,1.6083,19004.7017,NA
ExperienceX.exe,56308,0x216C829D570,DXGI,1,0,0,Composed: Flip,19038.0096,NA,18.25090000000000,NA,0.23460000000000,2.27150000000000,NA,19019.8833,18.3609,18.1263,0.2346,19.7463,0.6515,0.6515,0.0000,NA,NA,NA
ExperienceX.exe,56308,0x216838E1150,DXGI,1,0,0,Composed: Flip,19037.6448,NA,17.88890000000000,50.08980000000000,0.08190000000000,1.98480000000000,31.9376,19019.8834,17.8433,17.7614,0.0819,17.9245,1.8217,1.8217,0.0000,-0.1725,19019.8834,NA
ExperienceX.exe,56308,0x216838E1150,DXGI,1,0,0,Composed: Flip,19071.0358,NA,33.39100000000000,33.26910000000000,0.33710000000000,2.21110000000000,31.8157,19037.7267,33.6462,33.3091,0.3371,34.2791,1.2411,1.2411,0.0000,-15.4258,19037.7267,NA
ExperienceX.exe,56308,0x216838E1150,DXGI,1,0,0,Composed: Flip,19086.9670,NA,15.93120000000000,16.63370000000000,0.17550000000000,1.64960000000000,32.5182,19071.3729,15.7696,15.5941,0.1755,2.3206,14.9231,2.2554,12.6677,17.0125,19071.3729,NA
ExperienceX.exe,56308,0x216C829D570,DXGI,1,0,0,Composed: Flip,19053.1632,NA,15.15360000000000,33.53950000000000,0.15950000000000,1.15690000000000,33.2378,19038.2442,15.0785,14.9190,0.1595,15.6157,0.4602,0.4602,0.0000,0.0030,19038.2442,NA
ExperienceX.exe,56308,0x216C829D570,DXGI,1,0,0,Composed: Flip,19071.5317,NA,18.36850000000000,NA,0.07360000000000,2.16180000000000,NA,19053.3227,18.2826,18.2090,0.0736,19.9242,0.4466,0.4466,0.0000,NA,NA,NA
ExperienceX.exe,56308,0x216C829D570,DXGI,1,0,0,Composed: Flip,19086.9687,NA,15.43700000000000,NA,0.19080000000000,1.80590000000000,NA,19071.6053,15.5542,15.3634,0.1908,17.0113,0.1580,0.1580,0.0000,NA,NA,NA
ExperienceX.exe,56308,0x216C829D570,DXGI,1,0,0,Composed: Flip,19103.6268,NA,16.65810000000000,NA,0.09330000000000,2.91810000000000,NA,19087.1595,16.5606,16.4673,0.0933,18.9753,0.4101,0.4101,0.0000,NA,NA,NA
ExperienceX.exe,56308,0x216838E1150,DXGI,1,0,0,Composed: Flip,19104.1532,NA,17.18620000000000,16.73780000000000,0.28390000000000,1.98160000000000,32.0698,19087.1425,17.2946,17.0107,0.2839,17.1842,1.8081,1.8081,0.0000,-0.9682,19087.1425,NA
ExperienceX.exe,56308,0x216838E1150,DXGI,1,0,0,Composed: Flip,19137.5737,NA,33.42050000000000,33.32090000000000,0.10080000000000,2.51750000000000,31.9702,19104.4371,33.2374,33.1366,0.1008,35.2065,0.4476,0.4422,0.0054,-16.0263,19104.4371,NA
ExperienceX.exe,56308,0x216838E1150,DXGI,1,0,0,Composed: Flip,19153.2271,NA,15.65340000000000,16.71110000000000,0.20190000000000,1.03690000000000,33.0279,19137.6745,15.7545,15.5526,0.2019,15.6981,0.8914,0.8914,0.0000,16.5263,19137.6745,NA
ExperienceX.exe,56308,0x216C829D570,DXGI,1,0,0,Composed: Flip,19119.7180,NA,16.09120000000000,66.41900000000000,0.12130000000000,1.77700000000000,33.1020,19103.7201,16.1192,15.9979,0.1213,16.6388,1.1361,1.1361,0.0000,-0.9431,19103.7201,NA
ExperienceX.exe,56308,0x216C829D570,DXGI,1,0,0,Composed: Flip,19137.3534,NA,17.63540000000000,NA,0.10750000000000,2.29020000000000,NA,19119.8393,17.6216,17.5141,0.1075,18.4720,1.3323,1.3323,0.0000,NA,NA,NA
ExperienceX.exe,56308,0x216C829D570,DXGI,1,0,0,Composed: Flip,19153.2277,NA,15.87430000000000,NA,0.20120000000000,1.82670000000000,NA,19137.4609,15.9680,15.7668,0.2012,16.8031,0.7904,0.7904,0.0000,NA,NA,NA
ExperienceX.exe,56308,0x216C829D570,DXGI,1,0,0,Composed: Flip,19170.2585,NA,17.03080000000000,NA,0.68590000000000,2.40150000000000,NA,19153.4289,17.5155,16.8296,0.6859,17.1820,2.0491,2.0491,0.0000,NA,NA,NA
ExperienceX.exe,56308,0x216838E1150,DXGI,1,0,0,Composed: Flip,19170.8796,NA,17.65250000000000,16.59090000000000,0.36660000000000,2.23280000000000,31.9663,19153.4290,17.8172,17.4506,0.3666,19.2310,0.4524,0.4524,0.0000,-0.8364,19153.4290,NA
ExperienceX.exe,56308,0x216838E1150,DXGI,1,0,0,Composed: Flip,19186.5842,NA,15.70460000000000,NA,0.20540000000000,0.96060000000000,NA,19171.2462,15.5434,15.3380,0.2054,1.8662,14.4324,1.2719,13.1605,NA,NA,NA
ExperienceX.exe,56308,0x216C829D570,DXGI,1,0,0,Composed: Flip,19186.5844,NA,16.32590000000000,66.72180000000000,0.20490000000000,1.19830000000000,32.9574,19170.9444,15.8449,15.6400,0.2049,16.6004,0.2379,0.2379,0.0000,0.5025,19170.9444,NA
ExperienceX.exe,56308,0x216C829D570,DXGI,1,0,0,Composed: Flip,19204.0424,NA,17.45800000000000,NA,0.13110000000000,2.29750000000000,NA,19186.7893,17.3842,17.2531,0.1311,18.2158,1.3348,1.3348,0.0000,NA,NA,NA
ExperienceX.exe,56308,0x216C829D570,DXGI,1,0,0,Composed: Flip,19219.8962,NA,15.85380000000000,33.31060000000000,0.17590000000000,1.18420000000000,32.9562,19204.1735,15.8986,15.7227,0.1759,16.4312,0.4757,0.4757,0.0000,-0.0815,19204.1735,NA
ExperienceX.exe,56308,0x216C829D570,DXGI,1,0,0,Composed: Flip,19236.6460,NA,16.74980000000000,16.85370000000000,0.07150000000000,4.08110000000000,33.0601,19220.0721,16.6454,16.5739,0.0715,19.0624,1.5926,1.5885,0.0041,-0.9551,19220.0721,NA
ExperienceX.exe,56308,0x216C829D570,DXGI,1,0,0,Composed: Flip,19253.1208,NA,16.47480000000000,16.59860000000000,0.11800000000000,1.12610000000000,33.1839,19236.7175,16.5213,16.4033,0.1180,17.0402,0.4892,0.4892,0.0000,0.0468,19236.7175,NA
ExperienceX.exe,56308,0x216C829D570,DXGI,1,0,0,Composed: Flip,19272.0065,NA,18.88570000000000,16.59060000000000,0.16180000000000,1.54030000000000,30.8888,19253.2388,18.9295,18.7677,0.1618,18.6608,1.6472,1.6472,0.0000,-0.0693,19253.2388,NA
ExperienceX.exe,56308,0x216838E1150,DXGI,1,0,0,Composed: Flip,19204.2190,NA,17.63480000000000,33.34990000000000,0.06930000000000,2.58090000000000,31.9768,19186.7896,17.4987,17.4294,0.0693,19.5503,0.4600,0.4569,0.0031,0.0107,19186.7896,NA
ExperienceX.exe,56308,0x216838E1150,DXGI,1,0,0,Composed: Flip,19219.8966,NA,15.67760000000000,NA,0.17630000000000,0.70810000000000,NA,19204.2883,15.7846,15.6083,0.1763,15.7866,0.5298,0.5298,0.0000,NA,NA,NA
ExperienceX.exe,56308,0x216838E1150,DXGI,1,0,0,Composed: Flip,19236.6459,NA,16.74930000000000,NA,0.07080000000000,2.48860000000000,NA,19220.0729,16.6438,16.5730,0.0708,17.0239,2.0377,2.0377,0.0000,NA,NA,NA
ExperienceX.exe,56308,0x216838E1150,DXGI,1,0,0,Composed: Flip,19253.1199,NA,16.47400000000000,NA,0.11890000000000,0.63780000000000,NA,19236.7167,16.5221,16.4032,0.1189,16.5219,0.5191,0.5191,0.0000,NA,NA,NA
ExperienceX.exe,56308,0x216838E1150,DXGI,1,0,0,Composed: Flip,19271.5456,NA,18.42570000000000,NA,0.72350000000000,2.44880000000000,NA,19253.2388,19.0303,18.3068,0.7235,20.3080,0.4476,0.4476,0.0000,NA,NA,NA
ExperienceX.exe,56308,0x216838E1150,DXGI,1,0,0,Composed: Flip,19286.7399,NA,15.19430000000000,NA,0.30510000000000,1.57230000000000,NA,19272.2691,14.7759,14.4708,0.3051,1.7253,14.3178,1.9171,12.4007,NA,NA,NA
ExperienceX.exe,56308,0x216C829D570,DXGI,1,0,0,Composed: Flip,19286.7401,NA,14.73360000000000,16.64490000000000,0.30450000000000,2.02700000000000,32.8001,19272.1683,14.8763,14.5718,0.3045,16.1439,0.4549,0.4549,0.0000,2.2846,19272.1683,NA
ExperienceX.exe,56308,0x216C829D570,DXGI,1,0,0,Composed: Flip,19303.8901,NA,17.15000000000000,NA,0.21920000000000,2.61450000000000,NA,19287.0446,17.0647,16.8455,0.2192,17.2825,2.1775,2.1775,0.0000,NA,NA,NA
ExperienceX.exe,56308,0x216838E1150,DXGI,1,0,0,Composed: Flip,19305.0061,NA,18.26620000000000,99.99900000000001,0.17750000000000,1.95020000000000,31.1887,19287.0450,18.1386,17.9611,0.1775,19.4596,0.4517,0.4517,0.0000,0.2564,19287.0450,NA
ExperienceX.exe,56308,0x216838E1150,DXGI,1,0,0,Composed: Flip,19319.8828,NA,14.87670000000000,NA,0.24350000000000,1.90770000000000,NA,19305.1836,14.9427,14.6992,0.2435,16.0379,0.5690,0.5690,0.0000,NA,NA,NA
ExperienceX.exe,56308,0x216838E1150,DXGI,1,0,0,Composed: Flip,19338.2813,NA,18.39850000000000,33.32250000000001,0.07090000000000,1.65470000000000,31.2360,19320.1263,18.2259,18.1550,0.0709,19.3243,0.4854,0.4854,0.0000,-0.2412,19320.1263,NA
ExperienceX.exe,56308,0x216838E1150,DXGI,1,0,0,Composed: Flip,19354.0239,NA,15.74260000000000,16.64690000000000,0.23330000000000,1.41290000000000,32.1403,19338.3522,15.9050,15.6717,0.2333,1.5838,15.5008,1.0626,14.4382,1.5790,19338.3522,NA
ExperienceX.exe,56308,0x216C829D570,DXGI,1,0,0,Composed: Flip,19319.8857,NA,15.99560000000000,33.61290000000000,0.24030000000000,1.33580000000000,33.2674,19304.1093,16.0167,15.7764,0.2403,2.8470,14.2652,1.9816,12.2836,-1.6719,19304.1093,NA
ExperienceX.exe,56308,0x216C829D570,DXGI,1,0,0,Composed: Flip,19337.6920,NA,17.80630000000000,NA,0.37930000000000,1.75860000000000,NA,19320.1260,17.9453,17.5660,0.3793,17.3014,2.0232,2.0232,0.0000,NA,NA,NA
ExperienceX.exe,56308,0x216C829D570,DXGI,1,0,0,Composed: Flip,19354.0195,NA,16.32750000000000,NA,0.19340000000000,2.19780000000000,NA,19338.0713,16.1416,15.9482,0.1934,17.3655,0.7805,0.7805,0.0000,NA,NA,NA
ExperienceX.exe,56308,0x216C829D570,DXGI,1,0,0,Composed: Flip,19369.9875,NA,15.96800000000000,NA,0.08010000000000,2.49790000000000,NA,19354.2129,15.8547,15.7746,0.0801,16.2500,2.0225,2.0225,0.0000,NA,NA,NA
ExperienceX.exe,56308,0x216C829D570,DXGI,1,0,0,Composed: Flip,19386.4204,NA,16.43290000000000,66.37830000000001,0.13720000000000,1.12700000000000,33.1110,19370.0676,16.4900,16.3528,0.1372,16.9997,0.4801,0.4801,0.0000,-0.4200,19370.0676,NA
ExperienceX.exe,56308,0x0,Other,-1,0,0,Composed: Flip,18153.6267,NA,332.89300000000003,333.36160000000001,0.00000000000000,0.52260000000000,32.6041,17820.7337,332.8930,332.8930,0.0000,319.6266,13.7890,1.3291,12.4599,-69.4958,17820.7337,NA
ExperienceX.exe,56308,0x0,Other,-1,0,0,Composed: Flip,18353.8617,NA,200.23500000000001,NA,0.00000000000000,1.48320000000000,NA,18153.6267,200.2350,200.2350,0.0000,200.9271,0.7911,0.7911,0.0000,NA,NA,NA
ExperienceX.exe,56308,0x0,Other,-1,0,0,Composed: Flip,18454.1206,NA,100.25890000000001,NA,0.00000000000000,1.64530000000000,NA,18353.8617,100.2589,100.2589,0.0000,100.5032,1.4010,1.3909,0.0101,NA,NA,NA
ExperienceX.exe,56308,0x0,Other,-1,0,0,Composed: Flip,18921.7692,NA,467.64860000000004,NA,0.00000000000000,2.32040000000000,NA,18454.1206,467.6486,467.6486,0.0000,468.3275,1.6415,1.6374,0.0041,NA,NA,NA
ExperienceX.exe,56308,0x0,Other,-1,0,0,Composed: Flip,19053.7210,NA,131.95180000000002,NA,0.00000000000000,0.13890000000000,NA,18921.7692,131.9518,131.9518,0.0000,118.5119,13.5788,0.8634,12.7154,NA,NA,NA
ExperienceX.exe,56308,0x0,Other,-1,0,0,Composed: Flip,19120.1044,NA,66.38340000000001,NA,0.00000000000000,0.25450000000000,NA,19053.7210,66.3834,66.3834,0.0000,52.8239,13.8140,1.4563,12.3577,NA,NA,NA
ExperienceX.exe,56308,0x216838E1150,DXGI,1,0,0,Composed: Flip,19370.6447,NA,16.62080000000000,16.66170000000000,0.04950000000000,3.43270000000000,32.1812,19354.2572,16.4370,16.3875,0.0495,18.2282,1.5920,1.5886,0.0034,-0.7567,19354.2572,NA
ExperienceX.exe,56308,0x216838E1150,DXGI,1,0,0,Composed: Flip,19386.4117,NA,15.76700000000000,NA,0.11090000000000,0.65560000000000,NA,19370.6942,15.8284,15.7175,0.1109,15.8472,0.5259,0.5259,0.0000,NA,NA,NA
ExperienceX.exe,56308,0x216838E1150,DXGI,1,0,0,Composed: Flip,19403.3251,NA,16.91340000000000,NA,0.06230000000000,2.46350000000000,NA,19386.5226,16.8648,16.8025,0.0623,17.2056,2.0604,2.0604,0.0000,NA,NA,NA
ExperienceX.exe,56308,0x216838E1150,DXGI,1,0,0,Composed: Flip,19438.0166,NA,34.69150000000000,66.75230000000001,0.18360000000000,2.50620000000000,31.5616,19403.3874,34.8128,34.6292,0.1836,36.8768,0.2586,0.2586,0.0000,-17.6221,19403.3874,NA
ExperienceX.exe,56308,0x216838E1150,DXGI,1,0,0,Composed: Flip,19453.3179,NA,15.30130000000000,16.88700000000000,0.05240000000000,0.63460000000000,33.1473,19438.2002,15.1701,15.1177,0.0524,2.3226,13.4297,0.9256,12.5041,17.9258,19438.2002,NA
ExperienceX.exe,56308,0x216C7EA03E0,DXGI,1,0,0,Composed: Flip,18920.8578,NA,17.64280000000000,466.38360000000000,0.10180000000000,0.81540000000000,31.9877,18903.4916,17.4680,17.3662,0.1018,2.9744,15.2072,1.1481,14.0591,0.3393,18903.4916,NA
ExperienceX.exe,56308,0x216C7EA03E0,DXGI,1,0,0,Composed: Flip,18936.4546,NA,15.59680000000000,NA,0.19450000000000,0.66690000000000,NA,18920.9596,15.6895,15.4950,0.1945,15.6267,0.5352,0.5352,0.0000,NA,NA,NA
ExperienceX.exe,56308,0x216C7EA03E0,DXGI,1,0,0,Composed: Flip,18953.9442,NA,17.48960000000000,NA,0.07740000000000,1.67740000000000,NA,18936.6491,17.3725,17.2951,0.0774,18.0109,0.9616,0.9616,0.0000,NA,NA,NA
ExperienceX.exe,56308,0x216C7EA03E0,DXGI,1,0,0,Composed: Flip,18969.6927,NA,15.74850000000000,NA,0.04810000000000,0.58680000000000,NA,18954.0216,15.7192,15.6711,0.0481,1.6000,14.6579,0.9531,13.7048,NA,NA,NA
ExperienceX.exe,56308,0x216C7EA03E0,DXGI,1,0,0,Composed: Flip,18986.6222,NA,16.92950000000000,NA,0.05230000000000,2.27780000000000,NA,18969.7408,16.9337,16.8814,0.0523,17.8009,1.3583,1.3485,0.0098,NA,NA,NA
ExperienceX.exe,56308,0x216C7EA03E0,DXGI,1,0,0,Composed: Flip,19003.2095,NA,16.58730000000000,NA,0.42410000000000,0.88480000000000,NA,18986.6745,16.9591,16.5350,0.4241,16.8845,0.5353,0.5353,0.0000,NA,NA,NA
ExperienceX.exe,56308,0x216C7EA03E0,DXGI,1,0,0,Composed: Flip,19020.3033,NA,17.09380000000000,NA,0.22190000000000,1.89460000000000,NA,19003.6336,16.8916,16.6697,0.2219,17.6193,0.9450,0.9373,0.0077,NA,NA,NA
ExperienceX.exe,56308,0x216C7EA03E0,DXGI,1,0,0,Composed: Flip,19036.8427,NA,16.53940000000000,NA,0.28960000000000,0.96520000000000,NA,19020.5252,16.6071,16.3175,0.2896,16.5384,0.7443,0.7443,0.0000,NA,NA,NA
ExperienceX.exe,56308,0x216C7EA03E0,DXGI,1,0,0,Composed: Flip,19054.0855,NA,17.24280000000000,NA,0.06060000000000,1.57780000000000,NA,19037.1323,17.0138,16.9532,0.0606,17.1878,1.3432,1.3384,0.0048,NA,NA,NA
ExperienceX.exe,56308,0x216C7EA03E0,DXGI,1,0,0,Composed: Flip,19070.0100,NA,15.92450000000000,NA,0.31850000000000,1.99580000000000,NA,19054.1461,16.1824,15.8639,0.3185,16.1977,1.6620,1.6620,0.0000,NA,NA,NA
ExperienceX.exe,56308,0x216C7EA03E0,DXGI,1,0,0,Composed: Flip,19088.4143,NA,18.40430000000000,NA,0.58060000000000,1.50850000000000,NA,19070.3285,18.6664,18.0858,0.5806,18.4461,1.1482,1.1482,0.0000,NA,NA,NA
ExperienceX.exe,56308,0x216C7EA03E0,DXGI,1,0,0,Composed: Flip,19103.2230,NA,14.80870000000000,NA,0.28670000000000,1.10370000000000,NA,19088.9949,14.5148,14.2281,0.2867,0.9279,14.4039,0.9042,13.4997,NA,NA,NA
ExperienceX.exe,56308,0x216C7EA03E0,DXGI,1,0,0,Composed: Flip,19120.7846,NA,17.56160000000000,NA,0.05370000000000,2.74960000000000,NA,19103.5097,17.3286,17.2749,0.0537,17.9853,2.0392,2.0343,0.0049,NA,NA,NA
ExperienceX.exe,56308,0x216C7EA03E0,DXGI,1,0,0,Composed: Flip,19136.5450,NA,15.76040000000000,NA,0.23220000000000,1.76630000000000,NA,19120.8383,15.9389,15.7067,0.2322,15.9134,1.5596,1.5596,0.0000,NA,NA,NA
ExperienceX.exe,56308,0x216C7EA03E0,DXGI,1,0,0,Composed: Flip,19154.1027,NA,17.55770000000000,NA,0.08450000000000,1.88810000000000,NA,19136.7772,17.4100,17.3255,0.0845,18.2772,0.9364,0.9307,0.0057,NA,NA,NA
ExperienceX.exe,56308,0x216C7EA03E0,DXGI,1,0,0,Composed: Flip,19169.8629,NA,15.76020000000000,NA,0.26840000000000,0.74800000000000,NA,19154.1872,15.9441,15.6757,0.2684,15.8574,0.5663,0.5663,0.0000,NA,NA,NA
ExperienceX.exe,56308,0x216C7EA03E0,DXGI,1,0,0,Composed: Flip,19187.6741,NA,17.81120000000000,NA,0.06530000000000,1.45410000000000,NA,19170.1313,17.6081,17.5428,0.0653,17.6514,1.3455,1.3389,0.0066,NA,NA,NA
ExperienceX.exe,56308,0x216C7EA03E0,DXGI,1,0,0,Composed: Flip,19203.2003,NA,15.52620000000000,NA,0.25120000000000,1.80480000000000,NA,19187.7394,15.7121,15.4609,0.2512,15.7242,1.5415,1.5415,0.0000,NA,NA,NA
ExperienceX.exe,56308,0x216C7EA03E0,DXGI,1,0,0,Composed: Flip,19220.7233,NA,17.52300000000000,NA,0.04650000000000,1.71940000000000,NA,19203.4515,17.3183,17.2718,0.0465,17.6289,1.3623,1.3573,0.0050,NA,NA,NA
ExperienceX.exe,56308,0x216C7EA03E0,DXGI,1,0,0,Composed: Flip,19236.4605,NA,15.73720000000000,NA,0.12750000000000,0.63630000000000,NA,19220.7698,15.8182,15.6907,0.1275,15.7980,0.5290,0.5290,0.0000,NA,NA,NA
ExperienceX.exe,56308,0x216C7EA03E0,DXGI,1,0,0,Composed: Flip,19254.1600,NA,17.69950000000000,NA,0.12280000000000,1.43160000000000,NA,19236.5880,17.6948,17.5720,0.1228,17.6589,1.3447,1.3378,0.0069,NA,NA,NA
ExperienceX.exe,56308,0x216C7EA03E0,DXGI,1,0,0,Composed: Flip,19270.1656,NA,16.00560000000000,NA,0.41540000000000,1.73400000000000,NA,19254.2828,16.2982,15.8828,0.4154,16.2595,1.3573,1.3573,0.0000,NA,NA,NA
ExperienceX.exe,56308,0x216C7EA03E0,DXGI,1,0,0,Composed: Flip,19288.2450,NA,18.07940000000000,NA,0.30740000000000,1.89640000000000,NA,19270.5810,17.9714,17.6640,0.3074,18.1861,1.3743,1.3743,0.0000,NA,NA,NA
ExperienceX.exe,56308,0x216C7EA03E0,DXGI,1,0,0,Composed: Flip,19303.3452,NA,15.10020000000000,NA,0.32810000000000,0.86360000000000,NA,19288.5524,15.1209,14.7928,0.3281,1.5890,14.0674,0.6813,13.3861,NA,NA,NA
ExperienceX.exe,56308,0x216C7EA03E0,DXGI,1,0,0,Composed: Flip,19320.7756,NA,17.43040000000000,NA,0.05620000000000,1.99770000000000,NA,19303.6733,17.1585,17.1023,0.0562,18.1172,0.9828,0.9738,0.0090,NA,NA,NA
ExperienceX.exe,56308,0x216C7EA03E0,DXGI,1,0,0,Composed: Flip,19336.6862,NA,15.91060000000000,NA,0.23010000000000,0.74120000000000,NA,19320.8318,16.0845,15.8544,0.2301,16.0389,0.5567,0.5567,0.0000,NA,NA,NA
ExperienceX.exe,56308,0x216C7EA03E0,DXGI,1,0,0,Composed: Flip,19355.3814,NA,18.69520000000000,NA,0.12150000000000,1.81220000000000,NA,19336.9163,18.5866,18.4651,0.1215,19.3010,0.9763,0.9704,0.0059,NA,NA,NA
ExperienceX.exe,56308,0x216C7EA03E0,DXGI,1,0,0,Composed: Flip,19369.7723,NA,14.39090000000000,NA,0.16330000000000,0.69060000000000,NA,19355.5029,14.4327,14.2694,0.1633,14.4265,0.5335,0.5335,0.0000,NA,NA,NA
ExperienceX.exe,56308,0x216C7EA03E0,DXGI,1,0,0,Composed: Flip,19386.6509,NA,16.87860000000000,NA,0.33600000000000,2.21600000000000,NA,19369.9356,17.0513,16.7153,0.3360,17.6118,1.3195,1.3153,0.0042,NA,NA,NA
ExperienceX.exe,56308,0x216C7EA03E0,DXGI,1,0,0,Composed: Flip,19403.0634,NA,16.41250000000000,NA,0.10290000000000,0.66480000000000,NA,19386.9869,16.1794,16.0765,0.1029,16.2047,0.5366,0.5366,0.0000,NA,NA,NA
ExperienceX.exe,56308,0x216C7EA03E0,DXGI,1,0,0,Composed: Flip,19420.6663,NA,17.60290000000000,NA,0.36730000000000,1.98130000000000,NA,19403.1663,17.8673,17.5000,0.3673,18.5352,0.9461,0.9343,0.0118,NA,NA,NA
ExperienceX.exe,56308,0x216C7EA03E0,DXGI,1,0,0,Composed: Flip,19437.0474,NA,16.38110000000000,NA,0.24420000000000,1.04800000000000,NA,19421.0336,16.2580,16.0138,0.2442,16.4213,0.6405,0.6405,0.0000,NA,NA,NA
ExperienceX.exe,56308,0x216C7EA03E0,DXGI,1,0,0,Composed: Flip,19453.9881,NA,16.94070000000000,NA,0.76180000000000,1.80400000000000,NA,19437.2916,17.4583,16.6965,0.7618,17.1380,1.3625,1.3473,0.0152,NA,NA,NA
ExperienceX.exe,56308,0x216C7EA03E0,DXGI,1,0,0,Composed: Flip,19469.9403,NA,15.95220000000000,NA,0.23880000000000,0.79330000000000,NA,19454.7499,15.4292,15.1904,0.2388,1.0422,14.9415,1.3619,13.5796,NA,NA,NA
ExperienceX.exe,56308,0x216C829D570,DXGI,1,0,0,Composed: Flip,19403.3220,NA,16.90160000000000,16.91300000000000,0.54990000000000,2.91260000000000,33.1224,19386.5576,17.3143,16.7644,0.5499,19.2310,0.4460,0.4460,0.0000,-0.4230,19386.5576,NA
ExperienceX.exe,56308,0x216C829D570,DXGI,1,0,0,Composed: Flip,19419.8714,NA,16.54940000000000,NA,0.13760000000000,1.83010000000000,NA,19403.8719,16.1371,15.9995,0.1376,17.0172,0.8124,0.8124,0.0000,NA,NA,NA
ExperienceX.exe,56308,0x216C829D570,DXGI,1,0,0,Composed: Flip,19438.0075,NA,18.13610000000000,NA,0.08830000000000,2.25670000000000,NA,19420.0090,18.0868,17.9985,0.0883,18.0864,2.1688,2.1688,0.0000,NA,NA,NA
ExperienceX.exe,56308,0x216C829D570,DXGI,1,0,0,Composed: Flip,19453.4862,NA,15.47870000000000,NA,0.32170000000000,0.94340000000000,NA,19438.0958,15.7121,15.3904,0.3217,15.8567,0.4771,0.4771,0.0000,NA,NA,NA
ExperienceX.exe,56308,0x216C829D570,DXGI,1,0,0,Composed: Flip,19470.2701,NA,16.78390000000000,NA,0.10500000000000,2.50370000000000,NA,19453.8079,16.5672,16.4622,0.1050,16.9257,2.0402,2.0402,0.0000,NA,NA,NA
ExperienceX.exe,56308,0x216C829D570,DXGI,1,0,0,Composed: Flip,19487.1755,NA,16.90540000000000,NA,0.32000000000000,3.35650000000000,NA,19470.3751,17.1204,16.8004,0.3200,18.7328,1.4241,1.4241,0.0000,NA,NA,NA
ExperienceX.exe,56308,0x216C829D570,DXGI,1,0,0,Composed: Flip,19504.4678,NA,17.29230000000000,99.99060000000000,0.21460000000000,3.13440000000000,31.9672,19487.4955,17.1869,16.9723,0.2146,18.4487,1.6580,1.6580,0.0000,0.9473,19487.4955,NA
ExperienceX.exe,56308,0x216C829D570,DXGI,1,0,0,Composed: Flip,19519.9995,NA,15.53170000000000,16.48520000000000,0.30490000000000,1.53690000000000,32.9207,19504.6824,15.6220,15.3171,0.3049,3.3690,13.4850,1.9694,11.5156,0.7017,19504.6824,NA
ExperienceX.exe,56308,0x216838E1150,DXGI,1,0,0,Composed: Flip,19470.2748,NA,16.95690000000000,16.61030000000000,0.09890000000000,2.92830000000000,32.8007,19453.3703,17.0034,16.9045,0.0989,19.4035,0.4293,0.4293,0.0000,-1.4402,19453.3703,NA
ExperienceX.exe,56308,0x216838E1150,DXGI,1,0,0,Composed: Flip,19487.1521,NA,16.87730000000000,NA,0.34480000000000,1.95580000000000,NA,19470.3737,17.1232,16.7784,0.3448,2.8294,15.9048,2.0125,13.8923,NA,NA,NA
ExperienceX.exe,56308,0x216838E1150,DXGI,1,0,0,Composed: Flip,19504.4674,NA,17.31530000000000,NA,0.89250000000000,3.58400000000000,NA,19487.4969,17.8630,16.9705,0.8925,20.1053,0.4492,0.4492,0.0000,NA,NA,NA
ExperienceX.exe,56308,0x216838E1150,DXGI,1,0,0,Composed: Flip,19519.9618,NA,15.49440000000000,NA,0.13880000000000,1.88870000000000,NA,19505.3599,14.7407,14.6019,0.1388,16.1765,0.3141,0.3141,0.0000,NA,NA,NA
ExperienceX.exe,56308,0x216838E1150,DXGI,1,0,0,Composed: Flip,19538.5405,NA,18.57870000000000,NA,0.37620000000000,2.85090000000000,NA,19520.1006,18.8161,18.4399,0.3762,20.8318,0.4590,0.4525,0.0065,NA,NA,NA
ExperienceX.exe,56308,0x216C829D570,DXGI,1,0,0,Composed: Flip,19538.7629,NA,18.76340000000000,16.58040000000000,0.13140000000000,2.16950000000000,30.7377,19520.3044,18.5899,18.4585,0.1314,17.8286,2.7994,2.7994,0.0000,-0.9584,19520.3044,NA
ExperienceX.exe,56308,0x216C829D570,DXGI,1,0,0,Composed: Flip,19553.3673,NA,14.60440000000000,NA,0.29200000000000,0.88040000000000,NA,19538.8943,14.7650,14.4730,0.2920,14.7352,0.6182,0.6182,0.0000,NA,NA,NA
ExperienceX.exe,56308,0x216C829D570,DXGI,1,0,0,Composed: Flip,19570.0362,NA,16.66890000000000,33.53880000000000,0.50610000000000,2.98540000000000,33.0032,19553.6593,16.8830,16.3769,0.5061,18.8978,0.4645,0.4645,0.0000,-0.1839,19553.6593,NA
ExperienceX.exe,56308,0x216C829D570,DXGI,1,0,0,Composed: Flip,19586.5371,NA,16.50090000000000,16.45470000000000,0.16390000000000,1.66100000000000,32.9570,19570.5423,16.1587,15.9948,0.1639,17.1655,0.4903,0.4903,0.0000,0.4283,19570.5423,NA
ExperienceX.exe,56308,0x216C829D570,DXGI,1,0,0,Composed: Flip,19603.8280,NA,17.29090000000000,16.67370000000000,0.10350000000000,2.50600000000000,32.3398,19586.7010,17.2305,17.1270,0.1035,17.5306,2.1024,2.1024,0.0000,-0.5150,19586.7010,NA
ExperienceX.exe,56308,0x216C829D570,DXGI,1,0,0,Composed: Flip,19619.7519,NA,15.92390000000000,16.75230000000000,0.12010000000000,0.66480000000000,33.1682,19603.9315,15.9405,15.8204,0.1201,2.8702,13.6150,0.7958,12.8192,0.4782,19603.9315,NA
ExperienceX.exe,56308,0x216838E1150,DXGI,1,0,0,Composed: Flip,19553.4009,NA,14.86040000000000,83.10440000000000,0.17820000000000,1.24000000000000,32.7790,19538.9167,14.6624,14.4842,0.1782,15.3310,0.3932,0.3932,0.0000,2.4420,19538.9167,NA
ExperienceX.exe,56308,0x216838E1150,DXGI,1,0,0,Composed: Flip,19570.0285,NA,16.62760000000000,NA,0.14470000000000,2.52860000000000,NA,19553.5791,16.5941,16.4494,0.1447,16.9320,2.0460,2.0460,0.0000,NA,NA,NA
ExperienceX.exe,56308,0x216838E1150,DXGI,1,0,0,Composed: Flip,19603.8274,NA,33.79890000000000,NA,0.50370000000000,2.97430000000000,NA,19570.1732,34.1579,33.6542,0.5037,36.1608,0.4677,0.4677,0.0000,NA,NA,NA
ExperienceX.exe,56308,0x216838E1150,DXGI,1,0,0,Composed: Flip,19619.7515,NA,15.92410000000000,NA,0.12060000000000,1.51600000000000,NA,19604.3311,15.5410,15.4204,0.1206,16.0856,0.8508,0.8508,0.0000,NA,NA,NA
ExperienceX.exe,56308,0x216838E1150,DXGI,1,0,0,Composed: Flip,19636.7038,NA,16.95230000000000,NA,0.69560000000000,3.02100000000000,NA,19619.8721,17.5273,16.8317,0.6956,19.3741,0.4786,0.4735,0.0051,NA,NA,NA
ExperienceX.exe,56308,0x216C829D570,DXGI,1,0,0,Composed: Flip,19636.7046,NA,16.95270000000000,16.80540000000000,0.10750000000000,2.54160000000000,33.0209,19619.8720,16.9401,16.8326,0.1075,17.2666,2.1076,2.1076,0.0000,-0.8649,19619.8720,NA
ExperienceX.exe,56308,0x216C829D570,DXGI,1,0,0,Composed: Flip,19653.2815,NA,16.57690000000000,NA,0.19350000000000,1.87920000000000,NA,19636.8121,16.6629,16.4694,0.1935,17.5056,0.8430,0.8430,0.0000,NA,NA,NA
ExperienceX.exe,56308,0x216C829D570,DXGI,1,0,0,Composed: Flip,19671.5133,NA,18.23180000000000,33.15990000000000,0.32200000000000,2.02850000000000,31.3721,19653.4750,18.3603,18.0383,0.3220,17.7855,2.2813,2.2813,0.0000,0.4431,19653.4750,NA
ExperienceX.exe,56308,0x216C829D570,DXGI,1,0,0,Composed: Flip,19686.7855,NA,15.27220000000000,16.62870000000000,0.23840000000000,0.88540000000000,32.7286,19671.8353,15.1886,14.9502,0.2384,15.0620,0.7736,0.7736,0.0000,1.7316,19671.8353,NA
ExperienceX.exe,56308,0x216C829D570,DXGI,1,0,0,Composed: Flip,19703.9773,NA,17.19180000000000,16.65180000000000,0.81340000000000,2.87300000000000,32.1886,19687.0239,17.7668,16.9534,0.8134,18.0963,1.7301,1.7301,0.0000,-1.4632,19687.0239,NA
ExperienceX.exe,56308,0x216C829D570,DXGI,1,0,0,Composed: Flip,19719.9181,NA,15.94080000000000,16.65630000000000,0.22800000000000,1.31850000000000,32.9041,19704.7907,15.3554,15.1274,0.2280,15.8661,0.5798,0.5798,0.0000,1.1105,19704.7907,NA
ExperienceX.exe,56308,0x0,Other,-1,0,0,Composed: Flip,19420.4505,NA,300.34610000000004,1266.74099999999999,0.00000000000000,0.43860000000000,32.5213,19120.1044,300.3461,300.3461,0.0000,286.1302,14.6545,1.2667,13.3878,32.6297,19120.1044,NA
ExperienceX.exe,56308,0x0,Other,-1,0,0,Composed: Flip,19587.2214,NA,166.77090000000001,NA,0.00000000000000,0.48640000000000,NA,19420.4505,166.7709,166.7709,0.0000,152.5711,14.6862,1.2809,13.4053,NA,NA,NA
ExperienceX.exe,56308,0x216C829D570,DXGI,1,0,0,Composed: Flip,19736.7811,NA,16.86300000000000,16.65880000000000,0.37570000000000,3.01080000000000,32.6999,19720.1461,17.0107,16.6350,0.3757,19.1753,0.4705,0.4705,0.0000,-1.3034,19720.1461,NA
ExperienceX.exe,56308,0x0,Other,-1,0,0,Composed: Flip,19753.4762,NA,166.25480000000002,333.16750000000002,0.00000000000000,0.63590000000000,32.6631,19587.2214,166.2548,166.2548,0.0000,152.5705,14.3202,0.9194,13.4008,133.9495,19587.2214,NA
ExperienceX.exe,56308,0x216838E1150,DXGI,1,0,0,Composed: Flip,19653.2814,NA,16.57760000000000,100.08750000000001,0.19370000000000,1.03630000000000,32.9860,19637.3994,16.0757,15.8820,0.1937,16.0301,0.8882,0.8882,0.0000,-1.6048,19637.3994,NA
ExperienceX.exe,56308,0x216838E1150,DXGI,1,0,0,Composed: Flip,19671.4253,NA,18.14390000000000,NA,0.20550000000000,2.58470000000000,NA,19653.4751,18.1557,17.9502,0.2055,20.0667,0.4682,0.4553,0.0129,NA,NA,NA
ExperienceX.exe,56308,0x216838E1150,DXGI,1,0,0,Composed: Flip,19686.7421,NA,15.31680000000000,NA,0.15330000000000,1.20620000000000,NA,19671.6308,15.2646,15.1113,0.1533,16.0401,0.2774,0.2774,0.0000,NA,NA,NA
ExperienceX.exe,56308,0x216838E1150,DXGI,1,0,0,Composed: Flip,19703.9552,NA,17.21310000000000,NA,0.94320000000000,3.36100000000000,NA,19686.8954,18.0030,17.0598,0.9432,19.9549,0.4659,0.4626,0.0033,NA,NA,NA
ExperienceX.exe,56308,0x216838E1150,DXGI,1,0,0,Composed: Flip,19719.9131,NA,15.95790000000000,NA,0.19830000000000,0.74370000000000,NA,19704.8984,15.2130,15.0147,0.1983,15.2184,0.5400,0.5400,0.0000,NA,NA,NA
ExperienceX.exe,56308,0x216838E1150,DXGI,1,0,0,Composed: Flip,19736.7890,NA,16.87590000000000,NA,0.35130000000000,2.53240000000000,NA,19720.1114,17.0289,16.6776,0.3513,17.0851,2.1249,2.1249,0.0000,NA,NA,NA
ExperienceX.exe,56308,0x216838E1150,DXGI,1,0,0,Composed: Flip,19753.1478,NA,16.35880000000000,NA,0.09610000000000,1.50200000000000,NA,19737.1403,16.1036,16.0075,0.0961,16.9718,0.5377,0.5377,0.0000,NA,NA,NA
ExperienceX.exe,56308,0x216838E1150,DXGI,1,0,0,Composed: Flip,19769.9484,NA,16.80060000000000,NA,0.06320000000000,2.65900000000000,NA,19753.2439,16.7677,16.7045,0.0632,17.2542,2.1093,2.1093,0.0000,NA,NA,NA
ExperienceX.exe,56308,0x216838E1150,DXGI,1,0,0,Composed: Flip,19804.0398,NA,34.09140000000000,149.90080000000000,0.37720000000000,2.49870000000000,32.1284,19770.0116,34.4054,34.0282,0.3772,36.0477,0.4792,0.4792,0.0000,-17.2886,19770.0116,NA
ExperienceX.exe,56308,0x216C829D570,DXGI,1,0,0,Composed: Flip,19769.9497,NA,33.16860000000000,33.34720000000000,0.05790000000000,4.31540000000000,32.8785,19737.1568,32.8508,32.7929,0.0579,35.4506,1.6577,1.6528,0.0049,-16.3365,19737.1568,NA
ExperienceX.exe,56308,0x216C829D570,DXGI,1,0,0,Composed: Flip,19786.3997,NA,16.45000000000000,NA,0.14140000000000,0.65220000000000,NA,19770.0076,16.5335,16.3921,0.1414,16.4952,0.5491,0.5491,0.0000,NA,NA,NA
ExperienceX.exe,56308,0x216C829D570,DXGI,1,0,0,Composed: Flip,19803.9593,NA,17.55960000000000,NA,0.16020000000000,2.10000000000000,NA,19786.5411,17.5784,17.4182,0.1602,17.6554,1.8628,1.8628,0.0000,NA,NA,NA
ExperienceX.exe,56308,0x216C829D570,DXGI,1,0,0,Composed: Flip,19819.8993,NA,15.94000000000000,NA,0.39030000000000,0.96650000000000,NA,19804.1195,16.1701,15.7798,0.3903,16.2545,0.4918,0.4918,0.0000,NA,NA,NA
ExperienceX.exe,56308,0x216838E1150,DXGI,1,0,0,Composed: Flip,19819.7414,NA,15.70160000000000,16.64730000000000,0.04230000000000,0.63260000000000,33.0741,19804.4170,15.3667,15.3244,0.0423,2.1215,13.8355,0.8126,13.0229,17.7581,19804.4170,NA
ExperienceX.exe,56308,0x216838E1150,DXGI,1,0,0,Composed: Flip,19836.5938,NA,16.85240000000000,NA,0.10410000000000,2.75290000000000,NA,19819.7837,16.9142,16.8101,0.1041,17.4748,2.0882,2.0882,0.0000,NA,NA,NA
ExperienceX.exe,56308,0x216838E1150,DXGI,1,0,0,Composed: Flip,19853.0336,NA,16.43980000000000,33.34070000000000,0.11490000000000,1.15420000000000,33.1226,19836.6979,16.4506,16.3357,0.1149,17.0166,0.4733,0.4733,0.0000,-1.0598,19836.6979,NA
ExperienceX.exe,56308,0x216838E1150,DXGI,1,0,0,Composed: Flip,19870.2067,NA,17.17310000000000,16.75980000000000,0.65970000000000,3.55590000000000,32.7093,19853.1485,17.7179,17.0582,0.6597,20.1322,0.4819,0.4819,0.0000,-0.3092,19853.1485,NA
ExperienceX.exe,56308,0x216838E1150,DXGI,1,0,0,Composed: Flip,19886.4478,NA,16.24110000000000,16.65440000000000,0.16140000000000,0.71820000000000,33.1226,19870.8664,15.7428,15.5814,0.1614,2.8962,13.4034,0.6019,12.8015,1.0635,19870.8664,NA
ExperienceX.exe,56308,0x216838E1150,DXGI,1,0,0,Composed: Flip,19904.1415,NA,17.69370000000000,16.67610000000000,0.25520000000000,2.72960000000000,32.1050,19886.6092,17.7875,17.5323,0.2552,18.7016,1.5603,1.5603,0.0000,-0.9333,19886.6092,NA
ExperienceX.exe,56308,0x216838E1150,DXGI,1,0,0,Composed: Flip,19920.0154,NA,15.87390000000000,16.58380000000000,0.15760000000000,0.68550000000000,32.8149,19904.3967,15.7763,15.6187,0.1576,2.9109,13.3933,1.3345,12.0588,1.2037,19904.3967,NA
ExperienceX.exe,56308,0x216C829D570,DXGI,1,0,0,Composed: Flip,19836.5892,NA,16.68990000000000,66.81780000000001,0.06350000000000,4.41770000000000,33.0568,19820.2896,16.3631,16.2996,0.0635,19.0571,1.6602,1.6560,0.0042,16.3150,19820.2896,NA
ExperienceX.exe,56308,0x216C829D570,DXGI,1,0,0,Composed: Flip,19853.0344,NA,16.44520000000000,NA,0.11400000000000,0.68010000000000,NA,19836.6527,16.4957,16.3817,0.1140,16.4997,0.5621,0.5621,0.0000,NA,NA,NA
ExperienceX.exe,56308,0x216C829D570,DXGI,1,0,0,Composed: Flip,19870.2031,NA,17.16870000000000,NA,0.15080000000000,3.07760000000000,NA,19853.1484,17.2055,17.0547,0.1508,18.8776,1.2547,1.2547,0.0000,NA,NA,NA
ExperienceX.exe,56308,0x216C829D570,DXGI,1,0,0,Composed: Flip,19886.4480,NA,16.24490000000000,NA,0.16160000000000,1.19930000000000,NA,19870.3539,16.2557,16.0941,0.1616,16.8121,0.4813,0.4813,0.0000,NA,NA,NA
ExperienceX.exe,56308,0x216C829D570,DXGI,1,0,0,Composed: Flip,19904.1420,NA,17.69400000000000,NA,0.25450000000000,3.16560000000000,NA,19886.6096,17.7869,17.5324,0.2545,20.2615,0.4365,0.4365,0.0000,NA,NA,NA
ExperienceX.exe,56308,0x216C829D570,DXGI,1,0,0,Composed: Flip,19920.0481,NA,15.90610000000000,NA,0.28170000000000,1.14820000000000,NA,19904.3965,15.9333,15.6516,0.2817,16.3044,0.4954,0.4891,0.0063,NA,NA,NA
ExperienceX.exe,56308,0x216C829D570,DXGI,1,0,0,Composed: Flip,19936.7599,NA,16.71180000000000,NA,0.06770000000000,4.21330000000000,NA,19920.3298,16.4978,16.4301,0.0677,20.1758,0.4676,0.4639,0.0037,NA,NA,NA
ExperienceX.exe,56308,0x216838E1150,DXGI,1,0,0,Composed: Flip,19936.7620,NA,16.74660000000000,16.65550000000000,0.06500000000000,3.74360000000000,32.7238,19920.1730,16.6540,16.5890,0.0650,17.0552,3.2774,3.2774,0.0000,-0.8792,19920.1730,NA
ExperienceX.exe,56308,0x216838E1150,DXGI,1,0,0,Composed: Flip,19953.0685,NA,16.30650000000000,NA,0.11470000000000,1.47990000000000,NA,19936.8270,16.3562,16.2415,0.1147,16.9007,0.8207,0.8207,0.0000,NA,NA,NA
