Application,ProcessID,SwapChainAddress,PresentRuntime,SyncInterval,PresentFlags,AllowsTearing,PresentMode,TimeInMs,MsBetweenSimulationStart,MsBetweenPresents,MsBetweenDisplayChange,MsInPresentAPI,MsRenderPresentLatency,MsUntilDisplayed,CPUStartTimeInMs,MsBetweenAppStart,MsCPUBusy,MsCPUWait,MsGPULatency,MsGPUTime,MsGPUBusy,MsGPUWait,MsAnimationError,AnimationTime,MsFlipDelay
ExperienceX.exe,56308,0x216838E1150,DXGI,1,0,0,Composed: Flip,33.6992,NA,16.25540000000000,NA,0.07460000000000,2.38580000000000,NA,18.0476,15.7262,15.6516,0.0746,17.6855,0.3519,0.3519,0.0000,NA,NA,NA
ExperienceX.exe,56308,0x216C829D570,DXGI,1,0,0,Composed: Flip,33.7510,NA,15.78400000000000,NA,0.42100000000000,2.70520000000000,NA,18.1048,16.0672,15.6462,0.4210,17.9802,0.3712,0.3712,0.0000,NA,NA,NA
ExperienceX.exe,56308,0x216C7EA03E0,DXGI,1,0,0,Composed: Flip,33.6830,NA,16.09750000000000,16.66550000000000,0.23680000000000,2.05010000000000,32.4601,17.6452,16.2746,16.0378,0.2368,2.4697,15.6182,3.8425,11.7757,NA,17.6452,NA
ExperienceX.exe,56308,0x216C829D570,DXGI,1,0,0,Composed: Flip,49.6932,NA,15.94220000000000,NA,0.09290000000000,0.53760000000000,NA,34.1720,15.6141,15.5212,0.0929,2.2842,13.7746,1.9666,11.8080,NA,NA,NA
ExperienceX.exe,56308,0x216838E1150,DXGI,1,0,0,Composed: Flip,67.4083,NA,33.70910000000000,NA,0.08120000000000,2.28810000000000,NA,33.7738,33.7157,33.6345,0.0812,35.5603,0.3623,0.3623,0.0000,NA,NA,NA
ExperienceX.exe,56308,0x216838E1150,DXGI,1,0,0,Composed: Flip,83.1166,NA,15.70830000000000,NA,0.14380000000000,1.62390000000000,NA,67.4895,15.7709,15.6271,0.1438,16.8347,0.4163,0.3860,0.0303,NA,NA,NA
ExperienceX.exe,56308,0x216838E1150,DXGI,1,0,0,Composed: Flip,100.4100,NA,17.29340000000000,NA,0.06290000000000,1.83500000000000,32.6482,83.2604,17.2125,17.1496,0.0629,16.7624,2.2222,2.2222,0.0000,NA,83.2604,NA
ExperienceX.exe,56308,0x216C829D570,DXGI,1,0,0,Composed: Flip,67.1669,NA,17.47370000000000,NA,0.45530000000000,2.16720000000000,32.2825,49.7861,17.8361,17.3808,0.4553,17.1699,2.3781,2.3059,0.0722,NA,49.7861,NA
ExperienceX.exe,56308,0x216C829D570,DXGI,1,0,0,Composed: Flip,83.1162,NA,15.94930000000000,NA,0.14430000000000,0.57770000000000,NA,67.6222,15.6383,15.4940,0.1443,2.4378,13.6339,2.2282,11.4057,NA,NA,NA
ExperienceX.exe,56308,0x216C829D570,DXGI,1,0,0,Composed: Flip,100.5892,NA,17.47300000000000,NA,0.09260000000000,2.38570000000000,NA,83.2605,17.4213,17.3287,0.0926,19.3387,0.3757,0.3757,0.0000,NA,NA,NA
ExperienceX.exe,56308,0x216C829D570,DXGI,1,0,0,Composed: Flip,116.3968,NA,15.80760000000000,NA,0.10610000000000,0.90080000000000,NA,100.6818,15.8211,15.7150,0.1061,16.3036,0.3122,0.3122,0.0000,NA,NA,NA
ExperienceX.exe,56308,0x216838E1150,DXGI,1,0,0,Composed: Flip,116.3970,NA,15.98700000000000,16.60800000000000,0.10590000000000,1.28810000000000,33.2692,100.4729,16.0300,15.9241,0.1059,16.8247,0.3875,0.3807,0.0068,0.6045,100.4729,NA
ExperienceX.exe,56308,0x216838E1150,DXGI,1,0,0,Composed: Flip,135.1416,NA,18.74460000000000,NA,0.92130000000000,1.92370000000000,NA,116.5029,19.5600,18.6387,0.9213,18.0926,2.4698,2.3714,0.0984,NA,NA,NA
ExperienceX.exe,56308,0x216838E1150,DXGI,1,0,0,Composed: Flip,150.1340,NA,14.99240000000000,33.35660000000000,0.49570000000000,1.81640000000000,32.8888,136.0629,14.5668,14.0711,0.4957,15.1669,0.7206,0.7206,0.0000,2.2334,136.0629,NA
ExperienceX.exe,56308,0x0,Other,-1,0,0,Composed: Flip,83.7530,NA,33.69430000000000,NA,0.00000000000000,0.57120000000000,32.4124,50.0587,33.6943,33.6943,0.0000,33.6352,0.6303,0.6303,0.0000,NA,50.0587,NA
ExperienceX.exe,56308,0x216838E1150,DXGI,1,0,0,Composed: Flip,167.6684,NA,17.53440000000000,16.89600000000000,0.13740000000000,2.00190000000000,32.2504,150.6297,17.1761,17.0387,0.1374,16.7852,2.2554,2.2554,0.0000,-2.3292,150.6297,NA
ExperienceX.exe,56308,0x216838E1150,DXGI,1,0,0,Composed: Flip,183.4853,NA,15.81690000000000,NA,0.21530000000000,0.91890000000000,NA,167.8058,15.8948,15.6795,0.2153,2.6112,13.9872,2.0494,11.9378,NA,NA,NA
ExperienceX.exe,56308,0x216C829D570,DXGI,1,0,0,Composed: Flip,135.7988,NA,19.40200000000000,66.81450000000001,0.06610000000000,2.64610000000000,30.4651,116.5029,19.3620,19.2959,0.0661,20.5624,1.3796,1.3796,0.0000,-0.0977,116.5029,NA
ExperienceX.exe,56308,0x216C829D570,DXGI,1,0,0,Composed: Flip,149.9786,NA,14.17980000000000,NA,0.07000000000000,2.36920000000000,NA,135.8649,14.1837,14.1137,0.0700,16.0855,0.3974,0.3880,0.0094,NA,NA,NA
ExperienceX.exe,56308,0x216C829D570,DXGI,1,0,0,Composed: Flip,167.9891,NA,18.01050000000000,NA,0.12330000000000,2.42790000000000,NA,150.0486,18.0638,17.9405,0.1233,19.9901,0.3783,0.3783,0.0000,NA,NA,NA
ExperienceX.exe,56308,0x216C829D570,DXGI,1,0,0,Composed: Flip,202.8750,NA,34.88590000000000,NA,0.33280000000000,1.64590000000000,NA,168.1124,35.0954,34.7626,0.3328,36.0661,0.3424,0.3424,0.0000,NA,NA,NA
ExperienceX.exe,56308,0x216C7EA03E0,DXGI,1,0,0,Composed: Flip,49.6933,NA,16.01030000000000,16.70400000000000,0.09280000000000,0.92080000000000,33.1538,33.9198,15.8663,15.7735,0.0928,16.3110,0.3833,0.3833,0.0000,-0.4294,33.9198,NA
ExperienceX.exe,56308,0x216C7EA03E0,DXGI,1,0,0,Composed: Flip,67.3995,NA,17.70620000000000,NA,0.21630000000000,2.66050000000000,NA,49.7861,17.8297,17.6134,0.2163,19.9103,0.3636,0.3636,0.0000,NA,NA,NA
ExperienceX.exe,56308,0x216C7EA03E0,DXGI,1,0,0,Composed: Flip,99.9458,NA,32.54630000000000,NA,0.46560000000000,2.65340000000000,NA,67.6158,32.7956,32.3300,0.4656,34.6292,0.3542,0.3542,0.0000,NA,NA,NA
ExperienceX.exe,56308,0x216C7EA03E0,DXGI,1,0,0,Composed: Flip,116.3964,NA,16.45060000000000,NA,0.10660000000000,0.58900000000000,NA,100.4114,16.0916,15.9850,0.1066,2.5635,14.0105,2.0394,11.9711,NA,NA,NA
ExperienceX.exe,56308,0x216C7EA03E0,DXGI,1,0,0,Composed: Flip,135.3771,NA,18.98070000000000,NA,0.19770000000000,3.42070000000000,NA,116.5030,19.0718,18.8741,0.1977,21.9419,0.3529,0.3529,0.0000,NA,NA,NA
ExperienceX.exe,56308,0x216C7EA03E0,DXGI,1,0,0,Composed: Flip,149.9856,NA,14.60850000000000,NA,0.06870000000000,1.24420000000000,NA,135.5748,14.4795,14.4108,0.0687,3.2230,12.4320,1.8400,10.5920,NA,NA,NA
ExperienceX.exe,56308,0x216C7EA03E0,DXGI,1,0,0,Composed: Flip,167.7338,NA,17.74820000000000,NA,0.15920000000000,2.30490000000000,NA,150.0543,17.8387,17.6795,0.1592,19.6160,0.3684,0.3684,0.0000,NA,NA,NA
ExperienceX.exe,56308,0x216C7EA03E0,DXGI,1,0,0,Composed: Flip,183.4852,NA,15.75140000000000,NA,0.21540000000000,1.28140000000000,NA,167.8930,15.8076,15.5922,0.2154,16.5112,0.3624,0.3624,0.0000,NA,NA,NA
ExperienceX.exe,56308,0x216C7EA03E0,DXGI,1,0,0,Composed: Flip,202.1436,NA,18.65840000000000,NA,0.27420000000000,1.36400000000000,NA,183.7006,18.7172,18.4430,0.2742,17.5970,2.2100,2.2100,0.0000,NA,NA,NA
ExperienceX.exe,56308,0x216C7EA03E0,DXGI,1,0,0,Composed: Flip,216.3439,NA,14.20030000000000,NA,0.13970000000000,1.34070000000000,NA,202.4178,14.0658,13.9261,0.1397,14.8856,0.3812,0.3762,0.0050,NA,NA,NA
ExperienceX.exe,56308,0x216838E1150,DXGI,1,0,0,Composed: Flip,202.2429,NA,18.75760000000000,32.90330000000000,0.27350000000000,1.93560000000000,30.5792,183.7006,18.8158,18.5423,0.2735,19.8070,0.6709,0.6709,0.0000,0.1676,183.7006,NA
ExperienceX.exe,56308,0x216838E1150,DXGI,1,0,0,Composed: Flip,216.3427,NA,14.09980000000000,NA,0.14150000000000,0.59740000000000,NA,202.5164,13.9678,13.8263,0.1415,2.0045,12.4192,3.2798,9.1394,NA,NA,NA
ExperienceX.exe,56308,0x216838E1150,DXGI,1,0,0,Composed: Flip,233.8164,NA,17.47370000000000,NA,0.55630000000000,2.13380000000000,NA,216.4842,17.8885,17.3322,0.5563,17.0540,2.4120,2.3286,0.0834,NA,NA,NA
ExperienceX.exe,56308,0x216838E1150,DXGI,1,0,0,Composed: Flip,249.6698,NA,15.85340000000000,49.99430000000000,0.13690000000000,1.82630000000000,33.1466,234.3727,15.4340,15.2971,0.1369,16.7688,0.3546,0.3492,0.0054,0.6778,234.3727,NA
ExperienceX.exe,56308,0x216C829D570,DXGI,1,0,0,Composed: Flip,216.3436,NA,13.46860000000000,83.19300000000000,0.14000000000000,0.95980000000000,33.1133,203.2078,13.2758,13.1358,0.1400,13.7323,0.3633,0.3633,0.0000,3.5119,203.2078,NA
ExperienceX.exe,56308,0x216C829D570,DXGI,1,0,0,Composed: Flip,234.3574,NA,18.01380000000000,NA,0.13850000000000,1.94490000000000,NA,216.4836,18.0123,17.8738,0.1385,19.4666,0.3521,0.3521,0.0000,NA,NA,NA
ExperienceX.exe,56308,0x216C829D570,DXGI,1,0,0,Composed: Flip,266.8661,NA,32.50870000000000,NA,0.70960000000000,3.12500000000000,NA,234.4959,33.0798,32.3702,0.7096,35.1307,0.3645,0.3645,0.0000,NA,NA,NA
ExperienceX.exe,56308,0x216C829D570,DXGI,1,0,0,Composed: Flip,283.0204,NA,16.15430000000000,66.86170000000000,0.11200000000000,0.51950000000000,33.2982,267.5757,15.5567,15.4447,0.1120,2.4154,13.5488,2.1589,11.3899,-2.4938,267.5757,NA
ExperienceX.exe,56308,0x216C829D570,DXGI,1,0,0,Composed: Flip,300.7450,NA,17.72460000000000,16.86160000000000,0.72160000000000,2.18920000000000,32.4352,283.1324,18.3342,17.6126,0.7216,17.2758,2.5260,2.3750,0.1510,-1.3049,283.1324,NA
ExperienceX.exe,56308,0x216838E1150,DXGI,1,0,0,Composed: Flip,267.5653,NA,17.89550000000000,16.76300000000000,0.06820000000000,1.72940000000000,32.0141,249.8067,17.8268,17.7586,0.0682,17.2194,2.2686,2.2686,0.0000,-1.3290,249.8067,NA
ExperienceX.exe,56308,0x216838E1150,DXGI,1,0,0,Composed: Flip,282.9799,NA,15.41460000000000,NA,0.05530000000000,1.31400000000000,NA,267.6335,15.4017,15.3464,0.0553,16.2610,0.3994,0.3922,0.0072,NA,NA,NA
ExperienceX.exe,56308,0x216838E1150,DXGI,1,0,0,Composed: Flip,301.2197,NA,18.23980000000000,NA,0.13730000000000,2.43930000000000,NA,283.0352,18.3218,18.1845,0.1373,20.2448,0.3790,0.3790,0.0000,NA,NA,NA
ExperienceX.exe,56308,0x216838E1150,DXGI,1,0,0,Composed: Flip,316.7149,NA,15.49520000000000,NA,0.16600000000000,1.52540000000000,NA,301.3570,15.5239,15.3579,0.1660,16.5002,0.3831,0.3758,0.0073,NA,NA,NA
ExperienceX.exe,56308,0x216C7EA03E0,DXGI,1,0,0,Composed: Flip,233.9058,NA,17.56190000000000,183.38100000000000,0.31460000000000,3.63130000000000,32.3223,216.4836,17.7368,17.4222,0.3146,19.8187,1.2348,1.2348,0.0000,-0.8172,216.4836,NA
ExperienceX.exe,56308,0x216C7EA03E0,DXGI,1,0,0,Composed: Flip,249.6632,NA,15.75740000000000,NA,0.14360000000000,1.47830000000000,NA,234.2204,15.5864,15.4428,0.1436,16.5579,0.3632,0.3632,0.0000,NA,NA,NA
ExperienceX.exe,56308,0x216C7EA03E0,DXGI,1,0,0,Composed: Flip,267.5802,NA,17.91700000000000,NA,0.33210000000000,2.04640000000000,NA,249.8068,18.1055,17.7734,0.3321,19.4879,0.3319,0.3319,0.0000,NA,NA,NA
ExperienceX.exe,56308,0x216C7EA03E0,DXGI,1,0,0,Composed: Flip,283.0541,NA,15.47390000000000,NA,0.17460000000000,0.84040000000000,NA,267.9123,15.3164,15.1418,0.1746,15.6276,0.3546,0.3546,0.0000,NA,NA,NA
ExperienceX.exe,56308,0x216C7EA03E0,DXGI,1,0,0,Composed: Flip,300.2076,NA,17.15350000000000,NA,0.69850000000000,3.07240000000000,NA,283.2287,17.6774,16.9789,0.6985,19.7055,0.3458,0.3458,0.0000,NA,NA,NA
ExperienceX.exe,56308,0x216C7EA03E0,DXGI,1,0,0,Composed: Flip,316.7151,NA,16.50750000000000,NA,0.16730000000000,1.14210000000000,NA,300.9061,15.9763,15.8090,0.1673,16.5780,0.3731,0.3731,0.0000,NA,NA,NA
ExperienceX.exe,56308,0x216C7EA03E0,DXGI,1,0,0,Composed: Flip,335.0828,NA,18.36770000000000,NA,0.65910000000000,2.63580000000000,NA,316.8824,18.8595,18.2004,0.6591,20.1891,0.6471,0.6471,0.0000,NA,NA,NA
ExperienceX.exe,56308,0x216838E1150,DXGI,1,0,0,Composed: Flip,334.1249,NA,17.41000000000000,66.75590000000000,0.76200000000000,2.94140000000000,32.2104,316.8809,18.0060,17.2440,0.7620,17.5060,2.6794,2.6502,0.0292,0.3183,316.8809,NA
ExperienceX.exe,56308,0x216838E1150,DXGI,1,0,0,Composed: Flip,349.8860,NA,15.76110000000000,NA,0.20830000000000,1.19930000000000,NA,334.8869,15.2074,14.9991,0.2083,2.8317,13.3667,2.7376,10.6291,NA,NA,NA
ExperienceX.exe,56308,0x216C7EA03E0,DXGI,1,0,0,Composed: Flip,349.8857,NA,14.80290000000000,116.95840000000001,0.20940000000000,1.64860000000000,33.3008,335.7419,14.3532,14.1438,0.2094,15.4080,0.3844,0.3770,0.0074,2.2999,335.7419,NA
ExperienceX.exe,56308,0x216C7EA03E0,DXGI,1,0,0,Composed: Flip,368.2853,NA,18.39960000000000,NA,0.06930000000000,1.47940000000000,NA,350.0951,18.2595,18.1902,0.0693,17.2867,2.3829,2.3009,0.0820,NA,NA,NA
ExperienceX.exe,56308,0x216C829D570,DXGI,1,0,0,Composed: Flip,316.6698,NA,15.92480000000000,16.34700000000000,0.08110000000000,0.81430000000000,32.8574,301.4666,15.2843,15.2032,0.0811,2.1924,13.8251,2.4282,11.3969,1.9872,301.4666,NA
ExperienceX.exe,56308,0x216C829D570,DXGI,1,0,0,Composed: Flip,335.1951,NA,18.52530000000000,NA,0.19050000000000,1.87640000000000,NA,316.7509,18.6347,18.4442,0.1905,20.3154,0.0052,0.0052,0.0000,NA,NA,NA
ExperienceX.exe,56308,0x216C829D570,DXGI,1,0,0,Composed: Flip,349.8855,NA,14.69040000000000,NA,0.20900000000000,1.26440000000000,NA,335.3856,14.7089,14.4999,0.2090,15.6997,0.0646,0.0646,0.0000,NA,NA,NA
ExperienceX.exe,56308,0x216C829D570,DXGI,1,0,0,Composed: Flip,368.0522,NA,18.16670000000000,NA,0.17560000000000,2.08390000000000,NA,350.0945,18.1333,17.9577,0.1756,19.6702,0.3714,0.3714,0.0000,NA,NA,NA
ExperienceX.exe,56308,0x216C829D570,DXGI,1,0,0,Composed: Flip,383.7630,NA,15.71080000000000,NA,0.33620000000000,2.04640000000000,NA,368.2278,15.8714,15.5352,0.3362,17.0122,0.5694,0.5625,0.0069,NA,NA,NA
ExperienceX.exe,56308,0x216C7EA03E0,DXGI,1,0,0,Composed: Flip,383.7635,NA,15.47820000000000,33.25220000000000,0.38100000000000,1.42350000000000,32.6752,368.3546,15.7899,15.4089,0.3810,2.1351,14.6973,2.8600,11.8373,-0.6395,368.3546,NA
ExperienceX.exe,56308,0x216C7EA03E0,DXGI,1,0,0,Composed: Flip,400.3013,NA,16.53780000000000,NA,0.19480000000000,2.01750000000000,NA,384.1445,16.3516,16.1568,0.1948,16.5284,1.6459,1.6459,0.0000,NA,NA,NA
ExperienceX.exe,56308,0x216C7EA03E0,DXGI,1,0,0,Composed: Flip,416.7445,NA,16.44320000000000,33.05290000000000,0.20120000000000,1.01750000000000,32.7471,400.4961,16.4496,16.2484,0.2012,16.8841,0.3818,0.3818,0.0000,-0.9114,400.4961,NA
ExperienceX.exe,56308,0x0,Other,-1,0,0,Composed: Flip,184.0926,NA,100.33960000000000,99.95360000000001,0.00000000000000,1.04580000000000,32.0264,83.7530,100.3396,100.3396,0.0000,101.0136,0.3718,0.3658,0.0060,-66.2593,83.7530,NA
ExperienceX.exe,56308,0x0,Other,-1,0,0,Composed: Flip,250.5727,NA,66.48010000000001,NA,0.00000000000000,0.20560000000000,NA,184.0926,66.4801,66.4801,0.0000,53.4445,13.2412,1.7294,11.5118,NA,NA,NA
ExperienceX.exe,56308,0x216838E1150,DXGI,1,0,0,Composed: Flip,368.1879,NA,18.30190000000000,33.20930000000000,0.08490000000000,2.30180000000000,31.3567,350.0943,18.1785,18.0936,0.0849,20.0418,0.3536,0.3536,0.0000,0.0041,350.0943,NA
ExperienceX.exe,56308,0x216838E1150,DXGI,1,0,0,Composed: Flip,383.7632,NA,15.57530000000000,NA,0.33430000000000,1.47680000000000,NA,368.2728,15.8247,15.4904,0.3343,16.9142,0.0530,0.0530,0.0000,NA,NA,NA
ExperienceX.exe,56308,0x216838E1150,DXGI,1,0,0,Composed: Flip,400.3454,NA,16.58220000000000,NA,0.26030000000000,2.96940000000000,NA,384.0975,16.5082,16.2479,0.2603,18.2213,0.9960,0.9960,0.0000,NA,NA,NA
ExperienceX.exe,56308,0x216838E1150,DXGI,1,0,0,Composed: Flip,416.7459,NA,16.40050000000000,NA,0.20060000000000,1.39580000000000,NA,400.6057,16.3408,16.1402,0.2006,17.1563,0.3797,0.3747,0.0050,NA,NA,NA
ExperienceX.exe,56308,0x216838E1150,DXGI,1,0,0,Composed: Flip,433.6020,NA,16.85610000000000,NA,0.24010000000000,2.21700000000000,NA,416.9465,16.8956,16.6555,0.2401,18.4445,0.4280,0.4280,0.0000,NA,NA,NA
ExperienceX.exe,56308,0x216838E1150,DXGI,1,0,0,Composed: Flip,449.7315,NA,16.12950000000000,NA,0.10940000000000,1.32490000000000,NA,433.8421,15.9988,15.8894,0.1094,16.8304,0.3839,0.3767,0.0072,NA,NA,NA
ExperienceX.exe,56308,0x216C7EA03E0,DXGI,1,0,0,Composed: Flip,433.3464,NA,16.60190000000000,16.66340000000000,0.62090000000000,2.04460000000000,32.8086,416.9457,17.0216,16.4007,0.6209,16.4809,1.9644,1.9644,0.0000,-0.2138,416.9457,NA
ExperienceX.exe,56308,0x216C7EA03E0,DXGI,1,0,0,Composed: Flip,467.2757,NA,33.92930000000000,NA,0.07260000000000,2.42330000000000,NA,433.9673,33.3810,33.3084,0.0726,35.3786,0.3531,0.3531,0.0000,NA,NA,NA
ExperienceX.exe,56308,0x216838E1150,DXGI,1,0,0,Composed: Flip,467.5088,NA,17.77730000000000,99.93850000000000,0.59150000000000,1.83710000000000,31.9743,449.8409,18.2594,17.6679,0.5915,17.0036,2.5014,2.3892,0.1122,-0.1919,449.8409,NA
ExperienceX.exe,56308,0x216838E1150,DXGI,1,0,0,Composed: Flip,482.9998,NA,15.49100000000000,NA,0.11300000000000,2.08480000000000,NA,468.1003,15.0125,14.8995,0.1130,16.6300,0.3543,0.3459,0.0084,NA,NA,NA
ExperienceX.exe,56308,0x216838E1150,DXGI,1,0,0,Composed: Flip,500.4707,NA,17.47090000000000,33.32280000000000,0.32490000000000,1.66850000000000,32.3352,483.1128,17.6828,17.3579,0.3249,17.1034,1.9230,1.9230,0.0000,-0.0509,483.1128,NA
ExperienceX.exe,56308,0x216838E1150,DXGI,1,0,0,Composed: Flip,516.3571,NA,15.88640000000000,16.87920000000000,0.09730000000000,0.90850000000000,33.3280,500.7956,15.6588,15.5615,0.0973,16.1127,0.3573,0.3573,0.0000,0.8036,500.7956,NA
ExperienceX.exe,56308,0x0,Other,-1,0,0,Composed: Flip,450.0858,NA,199.51310000000001,266.66940000000000,0.00000000000000,0.19460000000000,32.7026,250.5727,199.5131,199.5131,0.0000,186.8193,12.8884,1.1398,11.7486,-99.8497,250.5727,NA
ExperienceX.exe,56308,0x216C829D570,DXGI,1,0,0,Composed: Flip,400.3015,NA,16.53850000000000,83.25970000000001,0.77560000000000,3.38470000000000,32.4854,384.0992,16.9779,16.2023,0.7756,19.2156,0.3714,0.3714,0.0000,-0.6271,384.0992,NA
ExperienceX.exe,56308,0x216C829D570,DXGI,1,0,0,Composed: Flip,416.7443,NA,16.44280000000000,NA,0.20150000000000,0.63590000000000,NA,401.0771,15.8687,15.6672,0.2015,2.6091,13.6940,2.0908,11.6032,NA,NA,NA
ExperienceX.exe,56308,0x216C829D570,DXGI,1,0,0,Composed: Flip,434.0210,NA,17.27670000000000,NA,0.08700000000000,3.37100000000000,NA,416.9458,17.1622,17.0752,0.0870,18.8732,1.5730,1.5730,0.0000,NA,NA,NA
ExperienceX.exe,56308,0x216C829D570,DXGI,1,0,0,Composed: Flip,449.7313,NA,15.71030000000000,NA,0.10980000000000,0.94120000000000,NA,434.1080,15.7331,15.6233,0.1098,16.1724,0.3921,0.3921,0.0000,NA,NA,NA
ExperienceX.exe,56308,0x216C829D570,DXGI,1,0,0,Composed: Flip,467.0038,NA,17.27250000000000,NA,0.05780000000000,3.04900000000000,NA,449.8411,17.2205,17.1627,0.0578,19.8579,0.3538,0.3538,0.0000,NA,NA,NA
ExperienceX.exe,56308,0x216C829D570,DXGI,1,0,0,Composed: Flip,482.9908,NA,15.98700000000000,NA,0.11910000000000,1.37240000000000,NA,467.0616,16.0483,15.9292,0.1191,2.9912,14.3104,2.9522,11.3582,NA,NA,NA
ExperienceX.exe,56308,0x216C829D570,DXGI,1,0,0,Composed: Flip,500.4308,NA,17.44000000000000,NA,0.15310000000000,4.25840000000000,NA,483.1099,17.4740,17.3209,0.1531,19.4031,2.1762,2.1706,0.0056,NA,NA,NA
ExperienceX.exe,56308,0x216C829D570,DXGI,1,0,0,Composed: Flip,516.3575,NA,15.92670000000000,NA,0.09680000000000,0.55080000000000,NA,500.5839,15.8704,15.7736,0.0968,15.8805,0.4439,0.4439,0.0000,NA,NA,NA
ExperienceX.exe,56308,0x216C829D570,DXGI,1,0,0,Composed: Flip,535.0922,NA,18.73470000000000,NA,0.15040000000000,1.53340000000000,NA,516.4543,18.7883,18.6379,0.1504,19.8326,0.3387,0.3387,0.0000,NA,NA,NA
ExperienceX.exe,56308,0x216C829D570,DXGI,1,0,0,Composed: Flip,550.1225,NA,15.03030000000000,NA,0.20440000000000,1.75660000000000,NA,535.2426,15.0843,14.8799,0.2044,15.5926,1.0439,0.9710,0.0729,NA,NA,NA
ExperienceX.exe,56308,0x216838E1150,DXGI,1,0,0,Composed: Flip,534.5042,NA,18.14710000000000,16.56240000000000,0.10910000000000,2.48410000000000,31.7433,516.4544,18.1589,18.0498,0.1091,20.1712,0.3627,0.3627,0.0000,-0.9036,516.4544,NA
ExperienceX.exe,56308,0x216838E1150,DXGI,1,0,0,Composed: Flip,550.1227,NA,15.61850000000000,NA,0.20370000000000,0.71250000000000,NA,534.6133,15.7131,15.5094,0.2037,2.3750,13.8469,2.2785,11.5684,NA,NA,NA
ExperienceX.exe,56308,0x216838E1150,DXGI,1,0,0,Composed: Flip,567.6738,NA,17.55110000000000,NA,0.30850000000000,2.82580000000000,NA,550.3264,17.6559,17.3474,0.3085,19.4053,0.7679,0.7679,0.0000,NA,NA,NA
ExperienceX.exe,56308,0x216C829D570,DXGI,1,0,0,Composed: Flip,567.7170,NA,17.59450000000000,166.66200000000001,0.26560000000000,1.64580000000000,31.7319,550.3269,17.6557,17.3901,0.2656,17.0788,1.9571,1.9571,0.0000,-0.4343,550.3269,NA
ExperienceX.exe,56308,0x216C829D570,DXGI,1,0,0,Composed: Flip,582.9447,NA,15.22770000000000,NA,0.06270000000000,0.89900000000000,NA,567.9826,15.0248,14.9621,0.0627,15.4756,0.3855,0.3855,0.0000,NA,NA,NA
ExperienceX.exe,56308,0x216C829D570,DXGI,1,0,0,Composed: Flip,599.9258,NA,16.98110000000000,33.35020000000000,0.61760000000000,2.08260000000000,32.8733,583.0074,17.5360,16.9184,0.6176,17.0152,1.9858,1.9858,0.0000,-0.6697,583.0074,NA
ExperienceX.exe,56308,0x216838E1150,DXGI,1,0,0,Composed: Flip,582.9533,NA,15.27950000000000,49.87800000000000,0.05380000000000,0.50490000000000,33.1722,567.9823,15.0248,14.9710,0.0538,2.5173,12.9586,1.7627,11.1959,1.6499,567.9823,NA
ExperienceX.exe,56308,0x216838E1150,DXGI,1,0,0,Composed: Flip,600.1613,NA,17.20800000000000,NA,0.13840000000000,2.20450000000000,NA,583.0071,17.2926,17.1542,0.1384,19.0013,0.3574,0.3574,0.0000,NA,NA,NA
ExperienceX.exe,56308,0x216838E1150,DXGI,1,0,0,Composed: Flip,616.3445,NA,16.18320000000000,NA,0.09420000000000,0.95320000000000,NA,600.2997,16.1390,16.0448,0.0942,16.5964,0.4016,0.4016,0.0000,NA,NA,NA
ExperienceX.exe,56308,0x0,Other,-1,0,0,Composed: Flip,550.9549,NA,100.86910000000000,99.97920000000001,0.00000000000000,1.27110000000000,31.8127,450.0858,100.8691,100.8691,0.0000,101.7933,0.3469,0.3390,0.0079,99.5339,450.0858,NA
ExperienceX.exe,56308,0x216838E1150,DXGI,1,0,0,Composed: Flip,634.2137,NA,17.86920000000000,50.03580000000000,0.13560000000000,1.61970000000000,31.9476,616.4387,17.9106,17.7750,0.1356,17.2008,2.1939,2.0492,0.1447,-1.5794,616.4387,NA
ExperienceX.exe,56308,0x216838E1150,DXGI,1,0,0,Composed: Flip,649.8071,NA,15.59340000000000,NA,0.15200000000000,0.71820000000000,NA,634.3493,15.6098,15.4578,0.1520,3.5475,12.6285,1.2560,11.3725,NA,NA,NA
ExperienceX.exe,56308,0x216838E1150,DXGI,1,0,0,Composed: Flip,668.2335,NA,18.42640000000000,33.31180000000000,0.15250000000000,1.40980000000000,31.2396,649.9591,18.4269,18.2744,0.1525,17.3008,2.3834,2.3834,0.0000,0.2086,649.9591,NA
ExperienceX.exe,56308,0x216C7EA03E0,DXGI,1,0,0,Composed: Flip,482.9904,NA,15.71470000000000,49.99940000000000,0.11950000000000,1.73990000000000,33.1640,467.3483,15.7616,15.6421,0.1195,17.0149,0.3671,0.3671,0.0000,0.4032,467.3483,NA
ExperienceX.exe,56308,0x216C7EA03E0,DXGI,1,0,0,Composed: Flip,500.6533,NA,17.66290000000000,NA,0.08640000000000,1.85970000000000,NA,483.1099,17.6298,17.5434,0.0864,19.0293,0.3738,0.3738,0.0000,NA,NA,NA
ExperienceX.exe,56308,0x216C7EA03E0,DXGI,1,0,0,Composed: Flip,516.3572,NA,15.70390000000000,NA,0.09710000000000,1.30900000000000,NA,500.7397,15.7146,15.6175,0.0971,16.5259,0.4006,0.3969,0.0037,NA,NA,NA
ExperienceX.exe,56308,0x216C7EA03E0,DXGI,1,0,0,Composed: Flip,534.4091,NA,18.05190000000000,NA,0.16460000000000,1.87780000000000,NA,516.4543,18.1194,17.9548,0.1646,17.3428,2.4898,2.3997,0.0901,NA,NA,NA
ExperienceX.exe,56308,0x216C7EA03E0,DXGI,1,0,0,Composed: Flip,568.1524,NA,33.74330000000000,NA,0.10420000000000,1.57930000000000,NA,534.5737,33.6829,33.5787,0.1042,34.7891,0.3689,0.3689,0.0000,NA,NA,NA
ExperienceX.exe,56308,0x216C7EA03E0,DXGI,1,0,0,Composed: Flip,582.9452,NA,14.79280000000000,NA,0.06190000000000,1.27580000000000,NA,568.2566,14.7505,14.6886,0.0619,15.5871,0.3773,0.3738,0.0035,NA,NA,NA
ExperienceX.exe,56308,0x216C7EA03E0,DXGI,1,0,0,Composed: Flip,600.4867,NA,17.54150000000000,NA,0.11880000000000,4.09150000000000,NA,583.0071,17.5984,17.4796,0.1188,19.3587,2.2124,2.2124,0.0000,NA,NA,NA
ExperienceX.exe,56308,0x216C7EA03E0,DXGI,1,0,0,Composed: Flip,616.3441,NA,15.85740000000000,NA,0.09470000000000,1.33050000000000,NA,600.6055,15.8333,15.7386,0.0947,16.6922,0.3769,0.3739,0.0030,NA,NA,NA
ExperienceX.exe,56308,0x216C7EA03E0,DXGI,1,0,0,Composed: Flip,634.3178,NA,17.97370000000000,NA,0.26560000000000,1.87810000000000,NA,616.4388,18.1446,17.8790,0.2656,19.3946,0.3625,0.3625,0.0000,NA,NA,NA
ExperienceX.exe,56308,0x216C7EA03E0,DXGI,1,0,0,Composed: Flip,666.8751,NA,32.55730000000001,NA,0.09290000000000,3.51690000000000,NA,634.5834,32.3846,32.2917,0.0929,35.4382,0.3704,0.3704,0.0000,NA,NA,NA
ExperienceX.exe,56308,0x216C7EA03E0,DXGI,1,0,0,Composed: Flip,683.1485,NA,16.27340000000000,NA,0.19250000000000,1.41870000000000,NA,666.9680,16.3730,16.1805,0.1925,3.4240,14.1752,2.8557,11.3195,NA,NA,NA
ExperienceX.exe,56308,0x216C829D570,DXGI,1,0,0,Composed: Flip,616.3570,NA,16.43120000000000,16.73840000000000,0.13400000000000,0.53910000000000,33.1805,600.5434,15.9476,15.8136,0.1340,4.0348,12.3179,0.5348,11.7831,0.7976,600.5434,NA
ExperienceX.exe,56308,0x216C829D570,DXGI,1,0,0,Composed: Flip,634.4019,NA,18.04490000000000,NA,0.24160000000000,3.49490000000000,NA,616.4910,18.1525,17.9109,0.2416,19.7049,1.7009,1.7009,0.0000,NA,NA,NA
ExperienceX.exe,56308,0x216C829D570,DXGI,1,0,0,Composed: Flip,649.8077,NA,15.40580000000000,NA,0.15110000000000,1.69500000000000,NA,634.6435,15.3153,15.1642,0.1511,16.4929,0.3663,0.3583,0.0080,NA,NA,NA
ExperienceX.exe,56308,0x216C829D570,DXGI,1,0,0,Composed: Flip,666.8873,NA,17.07960000000000,NA,0.07890000000000,3.13430000000000,NA,649.9588,17.0074,16.9285,0.0789,19.6845,0.3783,0.3783,0.0000,NA,NA,NA
ExperienceX.exe,56308,0x216C829D570,DXGI,1,0,0,Composed: Flip,683.1349,NA,16.24760000000000,NA,0.16050000000000,1.80820000000000,NA,666.9662,16.3292,16.1687,0.1605,17.6010,0.3759,0.3759,0.0000,NA,NA,NA
ExperienceX.exe,56308,0x216C829D570,DXGI,1,0,0,Composed: Flip,700.3247,NA,17.18980000000000,NA,0.27360000000000,4.36470000000000,NA,683.2954,17.3029,17.0293,0.2736,19.1712,2.2228,2.2172,0.0056,NA,NA,NA
ExperienceX.exe,56308,0x216C829D570,DXGI,1,0,0,Composed: Flip,716.4414,NA,16.11670000000000,100.25960000000001,0.11640000000000,1.63660000000000,33.3557,700.5983,15.9595,15.8431,0.1164,17.1234,0.3563,0.3493,0.0070,-0.2047,700.5983,NA
ExperienceX.exe,56308,0x216838E1150,DXGI,1,0,0,Composed: Flip,683.1351,NA,14.90160000000000,16.72010000000000,0.16060000000000,2.16900000000000,33.0581,668.3860,14.9097,14.7491,0.1606,16.5571,0.3610,0.3482,0.0128,1.7068,668.3860,NA
ExperienceX.exe,56308,0x216838E1150,DXGI,1,0,0,Composed: Flip,700.5502,NA,17.41510000000000,NA,0.06440000000000,1.91640000000000,NA,683.2957,17.3189,17.2545,0.0644,18.7893,0.3816,0.3816,0.0000,NA,NA,NA
ExperienceX.exe,56308,0x216838E1150,DXGI,1,0,0,Composed: Flip,716.4477,NA,15.89750000000000,NA,0.11240000000000,0.86950000000000,NA,700.6146,15.9455,15.8331,0.1124,15.9608,0.7418,0.7418,0.0000,NA,NA,NA
ExperienceX.exe,56308,0x216838E1150,DXGI,1,0,0,Composed: Flip,733.7506,NA,17.30290000000000,NA,0.18100000000000,3.75420000000000,NA,716.5601,17.3715,17.1905,0.1810,19.3074,1.6373,1.6373,0.0000,NA,NA,NA
ExperienceX.exe,56308,0x216838E1150,DXGI,1,0,0,Composed: Flip,750.2217,NA,16.47110000000000,66.59670000000000,0.10150000000000,1.71170000000000,32.5682,733.9316,16.3916,16.2901,0.1015,3.5732,14.4286,2.1118,12.3168,-1.0511,733.9316,NA
ExperienceX.exe,56308,0x216C829D570,DXGI,1,0,0,Composed: Flip,733.7975,NA,17.35610000000000,16.47550000000000,0.16900000000000,1.70830000000000,32.4751,716.5578,17.4087,17.2397,0.1690,16.9425,2.0055,2.0055,0.0000,-0.5160,716.5578,NA
ExperienceX.exe,56308,0x216C829D570,DXGI,1,0,0,Composed: Flip,750.3313,NA,16.53380000000000,NA,0.56460000000000,2.76010000000000,NA,733.9665,16.9294,16.3648,0.5646,18.2849,0.8400,0.8306,0.0094,NA,NA,NA
ExperienceX.exe,56308,0x216C829D570,DXGI,1,0,0,Composed: Flip,767.6703,NA,17.33900000000000,NA,0.11240000000000,2.44770000000000,NA,750.8959,16.8868,16.7744,0.1124,18.1274,1.0947,1.0947,0.0000,NA,NA,NA
ExperienceX.exe,56308,0x216838E1150,DXGI,1,0,0,Composed: Flip,767.0810,NA,16.85930000000000,16.64560000000000,0.10000000000000,4.33420000000000,32.3545,750.3232,16.8578,16.7578,0.1000,19.7948,1.2972,1.2972,0.0000,-0.2540,750.3232,NA
ExperienceX.exe,56308,0x216838E1150,DXGI,1,0,0,Composed: Flip,783.0630,NA,15.98200000000000,NA,0.19080000000000,1.61450000000000,NA,767.1810,16.0728,15.8820,0.1908,17.1054,0.3911,0.3911,0.0000,NA,NA,NA
ExperienceX.exe,56308,0x216838E1150,DXGI,1,0,0,Composed: Flip,800.8249,NA,17.76190000000000,34.15230000000000,0.08640000000000,1.80810000000000,32.7629,783.2538,17.6575,17.5711,0.0864,17.0020,2.3772,2.3772,0.0000,-1.2217,783.2538,NA
ExperienceX.exe,56308,0x216C7EA03E0,DXGI,1,0,0,Composed: Flip,700.3481,NA,17.19960000000000,216.64930000000001,0.33550000000000,1.73690000000000,32.4556,683.3410,17.3426,17.0071,0.3355,16.7758,1.9682,1.9682,0.0000,-0.6566,683.3410,NA
ExperienceX.exe,56308,0x216C7EA03E0,DXGI,1,0,0,Composed: Flip,716.4412,NA,16.09310000000000,NA,0.11660000000000,1.28050000000000,NA,700.6836,15.8742,15.7576,0.1166,16.6336,0.4045,0.4045,0.0000,NA,NA,NA
ExperienceX.exe,56308,0x216C7EA03E0,DXGI,1,0,0,Composed: Flip,734.0617,NA,17.62050000000000,NA,0.10870000000000,1.80580000000000,NA,716.5578,17.6126,17.5039,0.1087,18.9480,0.3617,0.3617,0.0000,NA,NA,NA
ExperienceX.exe,56308,0x216C7EA03E0,DXGI,1,0,0,Composed: Flip,750.2239,NA,16.16220000000000,NA,0.08640000000000,2.02750000000000,NA,734.1704,16.1399,16.0535,0.0864,17.7630,0.3180,0.3180,0.0000,NA,NA,NA
ExperienceX.exe,56308,0x216C7EA03E0,DXGI,1,0,0,Composed: Flip,768.0323,NA,17.80840000000000,NA,0.15390000000000,0.99100000000000,NA,750.3103,17.8759,17.7220,0.1539,17.0672,1.6458,1.6458,0.0000,NA,NA,NA
ExperienceX.exe,56308,0x216C7EA03E0,DXGI,1,0,0,Composed: Flip,783.0961,NA,15.06380000000000,NA,0.15810000000000,1.19030000000000,NA,768.1862,15.0680,14.9099,0.1581,3.2290,12.8712,1.2501,11.6211,NA,NA,NA
ExperienceX.exe,56308,0x216C7EA03E0,DXGI,1,0,0,Composed: Flip,800.8212,NA,17.72510000000000,NA,0.09000000000000,2.57060000000000,NA,783.2542,17.6570,17.5670,0.0900,19.7591,0.3785,0.3785,0.0000,NA,NA,NA
ExperienceX.exe,56308,0x216C7EA03E0,DXGI,1,0,0,Composed: Flip,816.3630,NA,15.54180000000000,NA,0.17650000000000,1.26730000000000,NA,800.9112,15.6283,15.4518,0.1765,16.3325,0.3866,0.3866,0.0000,NA,NA,NA
ExperienceX.exe,56308,0x216C7EA03E0,DXGI,1,0,0,Composed: Flip,834.3542,NA,17.99120000000000,133.29290000000000,0.14340000000000,3.38230000000000,31.7424,816.5395,17.9581,17.8147,0.1434,18.4392,2.7578,2.7578,0.0000,-0.0944,816.5395,NA
ExperienceX.exe,56308,0x216C7EA03E0,DXGI,1,0,0,Composed: Flip,849.8395,NA,15.48530000000000,16.68230000000000,0.09950000000000,1.33820000000000,32.9394,834.4976,15.4414,15.3419,0.0995,4.4057,12.2744,1.8418,10.4326,1.2758,834.4976,NA
ExperienceX.exe,56308,0x216838E1150,DXGI,1,0,0,Composed: Flip,816.3633,NA,15.53840000000000,15.98440000000000,0.17620000000000,0.88040000000000,33.2089,800.9113,15.6282,15.4520,0.1762,2.4805,13.8519,1.6707,12.1812,1.6731,800.9113,NA
ExperienceX.exe,56308,0x216838E1150,DXGI,1,0,0,Composed: Flip,834.3551,NA,17.99180000000000,NA,0.12580000000000,3.77690000000000,NA,816.5395,17.9414,17.8156,0.1258,21.1970,0.3955,0.3955,0.0000,NA,NA,NA
ExperienceX.exe,56308,0x216838E1150,DXGI,1,0,0,Composed: Flip,849.8555,NA,15.50040000000000,NA,0.08180000000000,1.71730000000000,NA,834.4809,15.4564,15.3746,0.0818,16.6968,0.3951,0.3951,0.0000,NA,NA,NA
ExperienceX.exe,56308,0x216838E1150,DXGI,1,0,0,Composed: Flip,866.8541,NA,16.99860000000000,NA,0.09040000000000,2.22850000000000,NA,849.9373,17.0072,16.9168,0.0904,18.7529,0.3924,0.3924,0.0000,NA,NA,NA
ExperienceX.exe,56308,0x216838E1150,DXGI,1,0,0,Composed: Flip,883.0463,NA,16.19220000000000,66.66430000000000,0.13930000000000,1.85700000000000,33.1902,866.9445,16.2411,16.1018,0.1393,17.5618,0.3970,0.3901,0.0069,-0.6311,866.9445,NA
ExperienceX.exe,56308,0x0,Other,-1,0,0,Composed: Flip,650.3861,NA,99.43120000000000,100.06560000000000,0.00000000000000,0.75030000000000,32.4471,550.9549,99.4312,99.4312,0.0000,99.5704,0.6111,0.6111,0.0000,0.8035,550.9549,NA
ExperienceX.exe,56308,0x0,Other,-1,0,0,Composed: Flip,816.9253,NA,166.53919999999999,NA,0.00000000000000,1.09520000000000,NA,650.3861,166.5392,166.5392,0.0000,167.2442,0.3902,0.3849,0.0053,NA,NA,NA
ExperienceX.exe,56308,0x216C829D570,DXGI,1,0,0,Composed: Flip,783.0785,NA,15.40820000000000,49.85150000000000,0.19700000000000,1.97070000000000,33.0456,767.7827,15.4928,15.2958,0.1970,16.8948,0.3717,0.3660,0.0057,1.3734,767.7827,NA
ExperienceX.exe,56308,0x216C829D570,DXGI,1,0,0,Composed: Flip,800.7334,NA,17.65490000000000,NA,0.16270000000000,2.27990000000000,NA,783.2755,17.6206,17.4579,0.1627,19.3575,0.3803,0.3803,0.0000,NA,NA,NA
ExperienceX.exe,56308,0x216C829D570,DXGI,1,0,0,Composed: Flip,836.1225,NA,35.38910000000000,NA,0.15400000000000,2.78080000000000,NA,800.8961,35.3804,35.2264,0.1540,37.2359,0.7713,0.7713,0.0000,NA,NA,NA
ExperienceX.exe,56308,0x216C829D570,DXGI,1,0,0,Composed: Flip,850.0192,NA,13.89670000000000,NA,0.36610000000000,1.96430000000000,NA,836.2765,14.1088,13.7427,0.3661,15.2963,0.4107,0.4062,0.0045,NA,NA,NA
ExperienceX.exe,56308,0x216C829D570,DXGI,1,0,0,Composed: Flip,866.6157,NA,16.59650000000000,NA,0.43070000000000,4.71020000000000,NA,850.3853,16.6611,16.2304,0.4307,18.6973,2.2433,2.2370,0.0063,NA,NA,NA
ExperienceX.exe,56308,0x216C829D570,DXGI,1,0,0,Composed: Flip,882.9493,NA,16.33360000000000,NA,0.05330000000000,1.55700000000000,NA,867.0464,15.9562,15.9029,0.0533,16.8324,0.6275,0.6275,0.0000,NA,NA,NA
ExperienceX.exe,56308,0x216C829D570,DXGI,1,0,0,Composed: Flip,901.7841,NA,18.83480000000000,NA,0.67060000000000,1.81270000000000,NA,883.0026,19.4521,18.7815,0.6706,20.1816,0.4126,0.4126,0.0000,NA,NA,NA
ExperienceX.exe,56308,0x216838E1150,DXGI,1,0,0,Composed: Flip,901.2225,NA,18.17620000000000,16.62760000000000,0.29760000000000,1.96170000000000,31.6416,883.1856,18.3345,18.0369,0.2976,17.8019,2.1967,2.1967,0.0000,-0.3865,883.1856,NA
ExperienceX.exe,56308,0x216838E1150,DXGI,1,0,0,Composed: Flip,916.5910,NA,15.36850000000000,NA,0.14070000000000,0.60610000000000,NA,901.5201,15.2116,15.0709,0.1407,2.8437,12.8333,2.0714,10.7619,NA,NA,NA
ExperienceX.exe,56308,0x216838E1150,DXGI,1,0,0,Composed: Flip,934.6377,NA,18.04670000000000,NA,0.11520000000000,2.03600000000000,NA,916.7317,18.0212,17.9060,0.1152,18.8369,1.1051,1.1051,0.0000,NA,NA,NA
ExperienceX.exe,56308,0x216838E1150,DXGI,1,0,0,Composed: Flip,949.8658,NA,15.22810000000000,49.99190000000000,0.13500000000000,1.59780000000000,32.9902,934.7529,15.2479,15.1129,0.1350,16.1744,0.5363,0.5317,0.0046,1.5754,934.7529,NA
ExperienceX.exe,56308,0x216838E1150,DXGI,1,0,0,Composed: Flip,968.1615,NA,18.29570000000000,16.63710000000000,0.32530000000000,1.49000000000000,31.3316,950.0008,18.4860,18.1607,0.3253,17.6087,2.0420,2.0420,0.0000,-1.3892,950.0008,NA
ExperienceX.exe,56308,0x216C829D570,DXGI,1,0,0,Composed: Flip,934.2113,NA,32.42720000000000,150.16860000000000,0.22060000000000,2.85210000000000,32.0814,902.4547,31.9772,31.7566,0.2206,34.2190,0.3897,0.3897,0.0000,-15.4966,902.4547,NA
ExperienceX.exe,56308,0x216C829D570,DXGI,1,0,0,Composed: Flip,949.8704,NA,15.65910000000000,NA,0.17150000000000,1.05690000000000,NA,934.4319,15.6100,15.4385,0.1715,16.0927,0.4027,0.4027,0.0000,NA,NA,NA
ExperienceX.exe,56308,0x216C829D570,DXGI,1,0,0,Composed: Flip,967.3531,NA,17.48270000000000,NA,0.22230000000000,3.47770000000000,NA,950.0419,17.5335,17.3112,0.2223,19.9930,0.7959,0.7959,0.0000,NA,NA,NA
ExperienceX.exe,56308,0x216C829D570,DXGI,1,0,0,Composed: Flip,983.1509,NA,15.79780000000000,NA,0.19580000000000,0.98170000000000,NA,967.5754,15.7713,15.5755,0.1958,16.3635,0.1937,0.1937,0.0000,NA,NA,NA
ExperienceX.exe,56308,0x216C7EA03E0,DXGI,1,0,0,Composed: Flip,867.0191,NA,17.17960000000000,17.02140000000000,0.09460000000000,1.67110000000000,32.7812,849.9390,17.1747,17.0801,0.0946,16.7365,2.0147,2.0147,0.0000,-1.5800,849.9390,NA
ExperienceX.exe,56308,0x216C7EA03E0,DXGI,1,0,0,Composed: Flip,882.9614,NA,15.94230000000000,NA,0.04680000000000,0.91740000000000,NA,867.1137,15.8945,15.8477,0.0468,15.9654,0.7997,0.7997,0.0000,NA,NA,NA
ExperienceX.exe,56308,0x216C7EA03E0,DXGI,1,0,0,Composed: Flip,901.8105,NA,18.84910000000000,NA,0.08360000000000,2.55330000000000,NA,883.0082,18.8859,18.8023,0.0836,20.5886,0.7670,0.7670,0.0000,NA,NA,NA
ExperienceX.exe,56308,0x216C7EA03E0,DXGI,1,0,0,Composed: Flip,916.5493,NA,14.73880000000000,NA,0.13610000000000,1.04630000000000,NA,901.8941,14.7913,14.6552,0.1361,15.3030,0.3985,0.3985,0.0000,NA,NA,NA
ExperienceX.exe,56308,0x216C7EA03E0,DXGI,1,0,0,Composed: Flip,934.2020,NA,17.65270000000000,NA,0.07650000000000,1.36660000000000,NA,916.6854,17.5931,17.5166,0.0765,17.1527,1.7305,1.7305,0.0000,NA,NA,NA
ExperienceX.exe,56308,0x216C7EA03E0,DXGI,1,0,0,Composed: Flip,949.8451,NA,15.64310000000000,NA,0.15560000000000,0.67950000000000,NA,934.2785,15.7222,15.5666,0.1556,2.7849,13.4612,1.8025,11.6587,NA,NA,NA
ExperienceX.exe,56308,0x216C7EA03E0,DXGI,1,0,0,Composed: Flip,968.5506,NA,18.70550000000000,NA,0.06080000000000,1.48430000000000,NA,950.0007,18.6107,18.5499,0.0608,19.6508,0.3834,0.3834,0.0000,NA,NA,NA
ExperienceX.exe,56308,0x216C7EA03E0,DXGI,1,0,0,Composed: Flip,1000.7251,NA,32.17450000000000,NA,0.31290000000000,1.31220000000000,NA,968.6114,32.4266,32.1137,0.3129,31.7479,1.6780,1.6780,0.0000,NA,NA,NA
ExperienceX.exe,56308,0x216C829D570,DXGI,1,0,0,Composed: Flip,1001.1851,NA,18.03420000000000,66.53450000000001,0.16220000000000,3.28100000000000,31.6421,983.3467,18.0006,17.8384,0.1622,19.7995,1.3199,1.3199,0.0000,14.3575,983.3467,NA
ExperienceX.exe,56308,0x216C829D570,DXGI,1,0,0,Composed: Flip,1016.6060,NA,15.42090000000000,NA,0.16550000000000,1.40880000000000,NA,1001.3473,15.4242,15.2587,0.1655,3.1188,13.5487,1.7333,11.8154,NA,NA,NA
ExperienceX.exe,56308,0x216C7EA03E0,DXGI,1,0,0,Composed: Flip,1016.6334,NA,15.90830000000000,150.00130000000001,0.13810000000000,1.60250000000000,33.1682,1001.0380,15.7335,15.5954,0.1381,16.9768,0.2211,0.2211,0.0000,1.0977,1001.0380,NA
ExperienceX.exe,56308,0x216C7EA03E0,DXGI,1,0,0,Composed: Flip,1034.0379,NA,17.40450000000000,NA,0.67740000000000,2.20840000000000,NA,1016.7715,17.9438,17.2664,0.6774,16.8999,2.5749,2.4872,0.0877,NA,NA,NA
ExperienceX.exe,56308,0x216838E1150,DXGI,1,0,0,Composed: Flip,983.1512,NA,14.98970000000000,16.72080000000000,0.19630000000000,0.78770000000000,33.0627,968.4868,14.8607,14.6644,0.1963,2.3440,13.1081,2.0583,11.0498,1.7652,968.4868,NA
ExperienceX.exe,56308,0x216838E1150,DXGI,1,0,0,Composed: Flip,1001.1620,NA,18.01080000000000,NA,0.05950000000000,1.98420000000000,NA,983.3475,17.8740,17.8145,0.0595,18.6898,1.1089,1.1089,0.0000,NA,NA,NA
ExperienceX.exe,56308,0x216838E1150,DXGI,1,0,0,Composed: Flip,1016.6354,NA,15.47340000000000,NA,0.13600000000000,1.97580000000000,NA,1001.2215,15.5499,15.4139,0.1360,17.0144,0.3753,0.3724,0.0029,NA,NA,NA
ExperienceX.exe,56308,0x216838E1150,DXGI,1,0,0,Composed: Flip,1034.3282,NA,17.69280000000000,NA,0.24860000000000,2.30770000000000,NA,1016.7714,17.8054,17.5568,0.2486,19.4749,0.3896,0.3896,0.0000,NA,NA,NA
ExperienceX.exe,56308,0x216838E1150,DXGI,1,0,0,Composed: Flip,1050.2128,NA,15.88460000000000,NA,0.07240000000000,2.86570000000000,NA,1034.5768,15.7084,15.6360,0.0724,18.1376,0.3641,0.3562,0.0079,NA,NA,NA
ExperienceX.exe,56308,0x216838E1150,DXGI,1,0,0,Composed: Flip,1067.6049,NA,17.39210000000000,83.34300000000000,0.18940000000000,2.12020000000000,31.9520,1050.2852,17.5091,17.3197,0.1894,16.8950,2.5449,2.4637,0.0812,-1.5446,1050.2852,NA
ExperienceX.exe,56308,0x216C7EA03E0,DXGI,1,0,0,Composed: Flip,1050.2475,NA,16.20960000000000,33.01530000000000,0.25070000000000,2.46690000000000,32.5694,1034.7153,15.7829,15.5322,0.2507,17.2083,0.7908,0.7908,0.0000,0.6620,1034.7153,NA
ExperienceX.exe,56308,0x216C7EA03E0,DXGI,1,0,0,Composed: Flip,1067.8203,NA,17.57280000000000,NA,0.07280000000000,2.27120000000000,NA,1050.4982,17.3949,17.3221,0.0728,19.2269,0.3664,0.3664,0.0000,NA,NA,NA
ExperienceX.exe,56308,0x216C7EA03E0,DXGI,1,0,0,Composed: Flip,1083.0663,NA,15.24600000000000,NA,0.12090000000000,0.57550000000000,NA,1067.8931,15.2941,15.1732,0.1209,2.5978,13.1509,2.0069,11.1440,NA,NA,NA
ExperienceX.exe,56308,0x216C829D570,DXGI,1,0,0,Composed: Flip,1034.3920,NA,17.78600000000000,33.50730000000000,0.34370000000000,3.55640000000000,31.9425,1016.7715,17.9642,17.6205,0.3437,19.8644,1.3125,1.3125,0.0000,-0.0825,1016.7715,NA
ExperienceX.exe,56308,0x216C829D570,DXGI,1,0,0,Composed: Flip,1050.3787,NA,15.98670000000000,NA,0.50930000000000,1.54490000000000,NA,1034.7357,16.1523,15.6430,0.5093,3.2127,13.9752,2.0797,11.8955,NA,NA,NA
ExperienceX.exe,56308,0x216C829D570,DXGI,1,0,0,Composed: Flip,1067.0829,NA,16.70420000000000,NA,0.39440000000000,3.40800000000000,NA,1050.8880,16.5893,16.1949,0.3944,19.2035,0.3994,0.3994,0.0000,NA,NA,NA
ExperienceX.exe,56308,0x216C829D570,DXGI,1,0,0,Composed: Flip,1083.0668,NA,15.98390000000000,NA,0.12040000000000,1.36550000000000,NA,1067.4773,15.7099,15.5895,0.1204,16.5597,0.3953,0.3898,0.0055,NA,NA,NA
ExperienceX.exe,56308,0x216C829D570,DXGI,1,0,0,Composed: Flip,1100.1781,NA,17.11130000000000,NA,1.06190000000000,2.79370000000000,NA,1083.1872,18.0528,16.9909,1.0619,19.4494,0.3352,0.3352,0.0000,NA,NA,NA
ExperienceX.exe,56308,0x216C829D570,DXGI,1,0,0,Composed: Flip,1116.5866,NA,16.40850000000000,83.23270000000001,0.21090000000000,1.36020000000000,32.9806,1101.2400,15.5575,15.3466,0.2109,2.5379,14.1689,3.1398,11.0291,1.2358,1101.2400,NA
ExperienceX.exe,56308,0x216C829D570,DXGI,1,0,0,Composed: Flip,1134.6976,NA,18.11100000000000,16.80070000000000,0.79340000000000,2.89000000000000,31.6703,1116.7975,18.6935,17.9001,0.7934,20.4350,0.3551,0.3551,0.0000,-1.2432,1116.7975,NA
ExperienceX.exe,56308,0x216838E1150,DXGI,1,0,0,Composed: Flip,1083.0669,NA,15.46200000000000,16.66580000000000,0.12040000000000,0.97010000000000,33.1558,1067.7943,15.3930,15.2726,0.1204,15.8475,0.3952,0.3952,0.0000,0.8433,1067.7943,NA
ExperienceX.exe,56308,0x216838E1150,DXGI,1,0,0,Composed: Flip,1100.1897,NA,17.12280000000000,NA,0.82760000000000,3.58820000000000,NA,1083.1873,17.8300,17.0024,0.8276,19.7845,0.8061,0.8061,0.0000,NA,NA,NA
ExperienceX.exe,56308,0x216838E1150,DXGI,1,0,0,Composed: Flip,1116.5879,NA,16.39820000000000,NA,0.19570000000000,2.10500000000000,NA,1101.0173,15.7663,15.5706,0.1957,17.2749,0.4007,0.3859,0.0148,NA,NA,NA
ExperienceX.exe,56308,0x216838E1150,DXGI,1,0,0,Composed: Flip,1135.1508,NA,18.56290000000000,NA,0.18130000000000,1.66270000000000,NA,1116.7836,18.5485,18.3672,0.1813,17.6049,2.4250,2.4250,0.0000,NA,NA,NA
ExperienceX.exe,56308,0x216838E1150,DXGI,1,0,0,Composed: Flip,1149.9907,NA,14.83990000000000,NA,0.27170000000000,2.03310000000000,NA,1135.3321,14.9303,14.6586,0.2717,16.2377,0.4540,0.4134,0.0406,NA,NA,NA
ExperienceX.exe,56308,0x216838E1150,DXGI,1,0,0,Composed: Flip,1169.6379,NA,19.64720000000000,83.89780000000000,0.41080000000000,1.99470000000000,30.4826,1150.2624,19.7863,19.3755,0.4108,17.7209,3.6493,3.6493,0.0000,-1.4297,1150.2624,NA
ExperienceX.exe,56308,0x216838E1150,DXGI,1,0,0,Composed: Flip,1184.0038,NA,14.36590000000000,32.99790000000000,0.37890000000000,2.75110000000000,49.1146,1170.0487,14.3340,13.9551,0.3789,1.5966,15.1096,4.2620,10.8476,-13.2116,1170.0487,NA
ExperienceX.exe,56308,0x216C7EA03E0,DXGI,1,0,0,Composed: Flip,1100.1905,NA,17.12420000000000,50.21570000000001,0.89630000000000,2.44610000000000,32.8421,1083.1872,17.8996,17.0033,0.8963,17.2337,2.2157,2.2157,0.0000,-1.7438,1083.1872,NA
ExperienceX.exe,56308,0x216C7EA03E0,DXGI,1,0,0,Composed: Flip,1116.5868,NA,16.39630000000000,NA,0.19680000000000,1.70540000000000,NA,1101.0868,15.6968,15.5000,0.1968,16.8600,0.3454,0.3454,0.0000,NA,NA,NA
ExperienceX.exe,56308,0x216C7EA03E0,DXGI,1,0,0,Composed: Flip,1134.8217,NA,18.23490000000000,NA,0.66980000000000,2.41080000000000,NA,1116.7836,18.7079,18.0381,0.6698,20.0299,0.4190,0.4190,0.0000,NA,NA,NA
ExperienceX.exe,56308,0x216C7EA03E0,DXGI,1,0,0,Composed: Flip,1149.9912,NA,15.16950000000000,NA,0.29680000000000,1.57860000000000,NA,1135.4915,14.7965,14.4997,0.2968,16.0623,0.0160,0.0160,0.0000,NA,NA,NA
ExperienceX.exe,56308,0x216C7EA03E0,DXGI,1,0,0,Composed: Flip,1167.3179,NA,17.32670000000000,NA,0.17150000000000,4.32090000000000,NA,1150.2880,17.2014,17.0299,0.1715,21.3446,0.0062,0.0062,0.0000,NA,NA,NA
ExperienceX.exe,56308,0x216C7EA03E0,DXGI,1,0,0,Composed: Flip,1184.0290,NA,16.71110000000000,NA,0.35410000000000,3.46160000000000,NA,1167.4894,16.8937,16.5396,0.3541,19.2962,0.7050,0.1372,0.5678,NA,NA,NA
ExperienceX.exe,56308,0x216C7EA03E0,DXGI,1,0,0,Composed: Flip,1203.2977,NA,19.26870000000000,NA,0.75510000000000,5.59340000000000,NA,1184.3831,19.6697,18.9146,0.7551,24.0674,0.4406,0.4406,0.0000,NA,NA,NA
ExperienceX.exe,56308,0x216838E1150,DXGI,1,0,0,Composed: Flip,1205.4513,NA,21.44750000000000,0.03610000000000,0.14670000000000,2.61190000000000,27.7032,1184.3827,21.2153,21.0686,0.1467,19.9846,3.6959,2.7761,0.9198,14.2979,1184.3827,NA
ExperienceX.exe,56308,0x216838E1150,DXGI,1,0,0,Composed: Flip,1219.0038,NA,13.55250000000000,NA,0.18660000000000,1.44620000000000,NA,1205.5980,13.5924,13.4058,0.1866,14.4691,0.3829,0.3829,0.0000,NA,NA,NA
ExperienceX.exe,56308,0x216838E1150,DXGI,1,0,0,Composed: Flip,1235.3661,NA,16.36230000000000,33.06600000000000,0.50440000000000,2.78900000000000,30.8544,1219.1904,16.6801,16.1757,0.5044,18.5687,0.3960,0.3960,0.0000,1.7417,1219.1904,NA
ExperienceX.exe,56308,0x216838E1150,DXGI,1,0,0,Composed: Flip,1250.0718,NA,14.70570000000000,16.69150000000000,0.18890000000000,2.62490000000000,32.8402,1235.8705,14.3902,14.2013,0.1889,15.9998,0.8264,0.8112,0.0152,-0.0114,1235.8705,NA
ExperienceX.exe,56308,0x216C829D570,DXGI,1,0,0,Composed: Flip,1149.9913,NA,15.29370000000000,16.80180000000000,0.27230000000000,1.56250000000000,33.1784,1135.4910,14.7726,14.5003,0.2723,2.0966,13.9662,2.4354,11.5308,1.8917,1135.4910,NA
ExperienceX.exe,56308,0x216C829D570,DXGI,1,0,0,Composed: Flip,1167.3168,NA,17.32550000000000,NA,0.17300000000000,4.32850000000000,NA,1150.2636,17.2262,17.0532,0.1730,21.3752,0.0065,0.0065,0.0000,NA,NA,NA
ExperienceX.exe,56308,0x216C829D570,DXGI,1,0,0,Composed: Flip,1184.0056,NA,16.68880000000000,NA,0.38420000000000,2.78000000000000,NA,1167.4898,16.9000,16.5158,0.3842,19.2651,0.0307,0.0307,0.0000,NA,NA,NA
ExperienceX.exe,56308,0x216C829D570,DXGI,1,0,0,Composed: Flip,1203.2979,NA,19.29230000000000,NA,2.12470000000000,5.15260000000000,NA,1184.3898,21.0328,18.9081,2.1247,23.6734,0.3873,0.3873,0.0000,NA,NA,NA
ExperienceX.exe,56308,0x216C829D570,DXGI,1,0,0,Composed: Flip,1219.0044,NA,15.70650000000000,NA,0.18590000000000,1.85290000000000,NA,1205.4226,13.7677,13.5818,0.1859,15.0274,0.4073,0.3987,0.0086,NA,NA,NA
ExperienceX.exe,56308,0x216C829D570,DXGI,1,0,0,Composed: Flip,1236.1189,NA,17.11450000000000,NA,0.11420000000000,1.64020000000000,NA,1219.1903,17.0428,16.9286,0.1142,18.1756,0.3932,0.3932,0.0000,NA,NA,NA
ExperienceX.exe,56308,0x216C829D570,DXGI,1,0,0,Composed: Flip,1250.0983,NA,13.97940000000000,NA,0.31740000000000,1.77200000000000,NA,1236.2331,14.1826,13.8652,0.3174,15.1722,0.4650,0.4650,0.0000,NA,NA,NA
ExperienceX.exe,56308,0x216C829D570,DXGI,1,0,0,Composed: Flip,1267.0447,NA,16.94640000000000,NA,0.15970000000000,3.29450000000000,NA,1250.4157,16.7887,16.6290,0.1597,19.5311,0.3924,0.3924,0.0000,NA,NA,NA
ExperienceX.exe,56308,0x216838E1150,DXGI,1,0,0,Composed: Flip,1267.8290,NA,17.75720000000000,16.72980000000000,0.10210000000000,3.06240000000000,31.8128,1250.2607,17.6704,17.5683,0.1021,20.0785,0.5522,0.5522,0.0000,-2.3396,1250.2607,NA
ExperienceX.exe,56308,0x216838E1150,DXGI,1,0,0,Composed: Flip,1283.3831,NA,15.55410000000000,NA,0.26330000000000,1.84180000000000,NA,1267.9311,15.7153,15.4520,0.2633,16.8846,0.4092,0.4015,0.0077,NA,NA,NA
ExperienceX.exe,56308,0x216C829D570,DXGI,1,0,0,Composed: Flip,1283.3828,NA,16.33810000000000,132.98380000000000,0.26280000000000,1.43290000000000,32.7707,1267.2044,16.4412,16.1784,0.2628,17.2868,0.3245,0.3245,0.0000,-1.2704,1267.2044,NA
ExperienceX.exe,56308,0x216C829D570,DXGI,1,0,0,Composed: Flip,1301.2492,NA,17.86640000000000,NA,0.99280000000000,3.10310000000000,NA,1283.6456,18.5964,17.6036,0.9928,20.2897,0.4170,0.4170,0.0000,NA,NA,NA
ExperienceX.exe,56308,0x216838E1150,DXGI,1,0,0,Composed: Flip,1301.1936,NA,17.81050000000000,33.40450000000000,0.55760000000000,3.55740000000000,31.8527,1283.6464,18.1048,17.5472,0.5576,20.7059,0.3987,0.3987,0.0000,-0.0188,1283.6464,NA
ExperienceX.exe,56308,0x216838E1150,DXGI,1,0,0,Composed: Flip,1316.3998,NA,15.20620000000000,NA,0.15940000000000,1.31460000000000,NA,1301.7512,14.8080,14.6486,0.1594,15.5427,0.4205,0.4205,0.0000,NA,NA,NA
ExperienceX.exe,56308,0x216C829D570,DXGI,1,0,0,Composed: Flip,1316.3991,NA,15.14990000000000,33.77830000000000,0.16160000000000,0.89480000000000,33.5327,1302.2420,14.3187,14.1571,0.1616,2.5090,12.5429,2.4562,10.0867,1.2593,1302.2420,NA
ExperienceX.exe,56308,0x216C829D570,DXGI,1,0,0,Composed: Flip,1334.0958,NA,17.69670000000000,NA,0.23020000000000,2.24340000000000,NA,1316.5607,17.7653,17.5351,0.2302,18.0326,1.7459,1.7459,0.0000,NA,NA,NA
ExperienceX.exe,56308,0x216838E1150,DXGI,1,0,0,Composed: Flip,1334.0943,NA,17.69450000000000,33.37420000000000,0.22170000000000,3.80430000000000,32.3262,1316.5592,17.7568,17.5351,0.2217,20.9311,0.4083,0.4083,0.0000,-0.4614,1316.5592,NA
ExperienceX.exe,56308,0x216838E1150,DXGI,1,0,0,Composed: Flip,1350.4716,NA,16.37730000000000,NA,0.25880000000000,1.41780000000000,NA,1334.3160,16.4144,16.1556,0.2588,3.5826,13.9908,3.0989,10.8919,NA,NA,NA
ExperienceX.exe,56308,0x216C829D570,DXGI,1,0,0,Composed: Flip,1350.4815,NA,16.38570000000000,33.05170000000000,0.27090000000000,1.77380000000000,32.5020,1334.3260,16.4264,16.1555,0.2709,17.5634,0.3659,0.3659,0.0000,-0.9677,1334.3260,NA
ExperienceX.exe,56308,0x216C829D570,DXGI,1,0,0,Composed: Flip,1369.0662,NA,18.58470000000000,NA,0.32410000000000,1.12200000000000,NA,1350.7524,18.6379,18.3138,0.3241,17.6079,1.8279,1.8279,0.0000,NA,NA,NA
ExperienceX.exe,56308,0x216C7EA03E0,DXGI,1,0,0,Composed: Flip,1219.0046,NA,15.70690000000000,116.57240000000000,0.18580000000000,1.06250000000000,30.6004,1204.0528,15.1376,14.9518,0.1858,4.8383,11.1760,2.5552,8.6208,4.2932,1204.0528,NA
ExperienceX.exe,56308,0x216C7EA03E0,DXGI,1,0,0,Composed: Flip,1235.3648,NA,16.36020000000000,NA,0.23030000000000,2.00110000000000,NA,1219.1904,16.4047,16.1744,0.2303,15.4552,2.7203,2.7203,0.0000,NA,NA,NA
ExperienceX.exe,56308,0x216C7EA03E0,DXGI,1,0,0,Composed: Flip,1250.0716,NA,14.70680000000000,NA,0.18940000000000,1.33370000000000,NA,1235.5951,14.6659,14.4765,0.1894,2.5600,13.2502,2.5713,10.6789,NA,NA,NA
ExperienceX.exe,56308,0x216C7EA03E0,DXGI,1,0,0,Composed: Flip,1267.0454,NA,16.97380000000000,NA,0.87910000000000,2.90140000000000,NA,1250.2610,17.6635,16.7844,0.8791,17.0356,2.6502,2.5725,0.0777,NA,NA,NA
ExperienceX.exe,56308,0x216C7EA03E0,DXGI,1,0,0,Composed: Flip,1283.3986,NA,16.35320000000000,NA,0.24750000000000,1.09260000000000,NA,1267.9245,15.7216,15.4741,0.2475,2.9669,13.5998,2.1618,11.4380,NA,NA,NA
ExperienceX.exe,56308,0x216C7EA03E0,DXGI,1,0,0,Composed: Flip,1301.3972,NA,17.99860000000000,NA,1.06360000000000,2.53810000000000,NA,1283.6461,18.8147,17.7511,1.0636,17.1587,3.1305,3.1305,0.0000,NA,NA,NA
ExperienceX.exe,56308,0x216C7EA03E0,DXGI,1,0,0,Composed: Flip,1316.4001,NA,15.00290000000000,NA,0.15910000000000,1.72110000000000,NA,1302.4608,14.0984,13.9393,0.1591,15.2536,0.4068,0.3972,0.0096,NA,NA,NA
ExperienceX.exe,56308,0x216C7EA03E0,DXGI,1,0,0,Composed: Flip,1334.0945,NA,17.69440000000000,NA,0.42340000000000,3.39580000000000,NA,1316.5592,17.9587,17.5353,0.4234,19.7800,1.1511,1.1511,0.0000,NA,NA,NA
ExperienceX.exe,56308,0x216C7EA03E0,DXGI,1,0,0,Composed: Flip,1350.4711,NA,16.37660000000000,NA,0.25840000000000,2.21040000000000,NA,1334.5179,16.2116,15.9532,0.2584,17.7374,0.4262,0.4152,0.0110,NA,NA,NA
ExperienceX.exe,56308,0x216C7EA03E0,DXGI,1,0,0,Composed: Flip,1367.7554,NA,17.28430000000000,NA,1.60260000000000,3.54340000000000,NA,1350.7295,18.6285,17.0259,1.6026,19.4587,1.1106,1.1106,0.0000,NA,NA,NA
ExperienceX.exe,56308,0x216C7EA03E0,DXGI,1,0,0,Composed: Flip,1383.6878,NA,15.93240000000000,NA,0.31840000000000,1.25760000000000,NA,1369.3580,14.6482,14.3298,0.3184,2.3336,13.2538,3.6226,9.6312,NA,NA,NA
ExperienceX.exe,56308,0x216838E1150,DXGI,1,0,0,Composed: Flip,1369.1415,NA,18.66990000000000,33.54400000000000,0.26330000000000,2.55010000000000,30.8230,1350.7304,18.6744,18.4111,0.2633,20.5684,0.3928,0.3928,0.0000,0.6272,1350.7304,NA
ExperienceX.exe,56308,0x216838E1150,DXGI,1,0,0,Composed: Flip,1383.6887,NA,14.54720000000000,NA,0.28340000000000,1.98260000000000,NA,1369.4048,14.5673,14.2839,0.2834,15.8661,0.4004,0.3897,0.0107,NA,NA,NA
ExperienceX.exe,56308,0x216838E1150,DXGI,1,0,0,Composed: Flip,1403.7319,NA,20.04320000000000,NA,0.23200000000000,3.03140000000000,NA,1383.9721,19.9918,19.7598,0.2320,22.3411,0.4501,0.4501,0.0000,NA,NA,NA
ExperienceX.exe,56308,0x216838E1150,DXGI,1,0,0,Composed: Flip,1417.0689,NA,13.33700000000000,49.65940000000001,0.26080000000000,1.43860000000000,32.5550,1403.9639,13.3658,13.1050,0.2608,14.1923,0.3513,0.3513,0.0000,3.5741,1403.9639,NA
ExperienceX.exe,56308,0x216C7EA03E0,DXGI,1,0,0,Composed: Flip,1403.8284,NA,20.14060000000000,183.64480000000000,0.14550000000000,2.48480000000000,29.4214,1384.0062,19.9677,19.8222,0.1455,21.2269,1.0801,1.0801,0.0000,-3.6914,1384.0062,NA
ExperienceX.exe,56308,0x216C7EA03E0,DXGI,1,0,0,Composed: Flip,1416.9330,NA,13.10460000000000,NA,0.26560000000000,1.93270000000000,NA,1403.9739,13.2247,12.9591,0.2656,14.5336,0.3582,0.3501,0.0081,NA,NA,NA
ExperienceX.exe,56308,0x216C7EA03E0,DXGI,1,0,0,Composed: Flip,1439.0040,NA,22.07100000000000,NA,0.31250000000000,3.35920000000000,NA,1417.1986,22.1179,21.8054,0.3125,24.7720,0.3926,0.3926,0.0000,NA,NA,NA
ExperienceX.exe,56308,0x216C829D570,DXGI,1,0,0,Composed: Flip,1383.6868,NA,14.62060000000000,33.35390000000000,0.29220000000000,1.58410000000000,32.6506,1369.3903,14.5887,14.2965,0.2922,15.5551,0.3255,0.3255,0.0000,1.7104,1369.3903,NA
ExperienceX.exe,56308,0x216C829D570,DXGI,1,0,0,Composed: Flip,1403.2191,NA,19.53230000000000,NA,0.17280000000000,2.01400000000000,NA,1383.9790,19.4129,19.2401,0.1728,18.2348,3.0193,3.0193,0.0000,NA,NA,NA
ExperienceX.exe,56308,0x216C829D570,DXGI,1,0,0,Composed: Flip,1416.9331,NA,13.71400000000000,NA,0.26550000000000,1.22310000000000,NA,1403.3919,13.8067,13.5412,0.2655,3.3714,11.3929,2.0572,9.3357,NA,NA,NA
ExperienceX.exe,56308,0x216C829D570,DXGI,1,0,0,Composed: Flip,1439.0654,NA,22.13230000000000,NA,0.98930000000000,2.90520000000000,NA,1417.1986,22.8561,21.8668,0.9893,24.4150,0.3570,0.3570,0.0000,NA,NA,NA
ExperienceX.exe,56308,0x216C829D570,DXGI,1,0,0,Composed: Flip,1452.1693,NA,13.10390000000000,NA,0.23710000000000,2.22910000000000,NA,1440.0547,12.3517,12.1146,0.2371,13.8877,0.4560,0.4560,0.0000,NA,NA,NA
ExperienceX.exe,56308,0x216C829D570,DXGI,1,0,0,Composed: Flip,1467.3422,NA,15.17290000000000,83.11880000000001,0.26730000000000,3.10140000000000,32.1140,1452.4064,15.2031,14.9358,0.2673,15.4113,2.6259,2.2349,0.3910,-0.1027,1452.4064,NA
ExperienceX.exe,56308,0x216838E1150,DXGI,1,0,0,Composed: Flip,1438.8962,NA,21.82730000000000,16.66230000000000,0.42050000000000,2.71740000000000,27.3900,1417.3297,21.9870,21.5665,0.4205,20.9036,3.3803,2.7097,0.6706,-3.2965,1417.3297,NA
ExperienceX.exe,56308,0x216838E1150,DXGI,1,0,0,Composed: Flip,1452.1918,NA,13.29560000000000,NA,0.28480000000000,2.52730000000000,NA,1439.3167,13.1599,12.8751,0.2848,15.0817,0.3207,0.3008,0.0199,NA,NA,NA
ExperienceX.exe,56308,0x216838E1150,DXGI,1,0,0,Composed: Flip,1467.3036,NA,15.11180000000000,NA,0.17950000000000,4.37600000000000,NA,1452.4766,15.0065,14.8270,0.1795,18.3483,0.8547,0.8547,0.0000,NA,NA,NA
ExperienceX.exe,56308,0x216838E1150,DXGI,1,0,0,Composed: Flip,1486.5883,NA,19.28470000000000,NA,0.27260000000000,2.45670000000000,NA,1467.4831,19.3778,19.1052,0.2726,21.1691,0.3928,0.3802,0.0126,NA,NA,NA
ExperienceX.exe,56308,0x216838E1150,DXGI,1,0,0,Composed: Flip,1507.0498,NA,20.46150000000000,83.85270000000000,0.67130000000000,2.64750000000000,43.0891,1486.8609,20.8602,20.1889,0.6713,22.4494,0.3870,0.3870,0.0000,-14.3215,1486.8609,NA
ExperienceX.exe,56308,0x216838E1150,DXGI,1,0,0,Composed: Flip,1522.7407,NA,15.69090000000000,NA,1.30560000000000,1.98100000000000,NA,1507.7211,16.3252,15.0196,1.3056,15.8096,1.1910,1.1567,0.0343,NA,NA,NA
ExperienceX.exe,56308,0x216C829D570,DXGI,1,0,0,Composed: Flip,1486.4152,NA,19.07300000000000,16.85600000000000,0.23750000000000,1.83180000000000,29.8970,1467.6095,19.0432,18.8057,0.2375,4.0701,16.5674,2.9189,13.6485,-1.6529,1467.6095,NA
ExperienceX.exe,56308,0x216C829D570,DXGI,1,0,0,Composed: Flip,1506.8881,NA,20.47290000000000,NA,0.44450000000000,1.28440000000000,NA,1486.6527,20.6799,20.2354,0.4445,19.7399,1.7799,1.7799,0.0000,NA,NA,NA
ExperienceX.exe,56308,0x216C829D570,DXGI,1,0,0,Composed: Flip,1540.5679,NA,33.67980000000000,NA,1.24310000000000,2.74770000000000,NA,1507.3326,34.4784,33.2353,1.2431,34.1474,1.8356,1.8356,0.0000,NA,NA,NA
ExperienceX.exe,56308,0x216C7EA03E0,DXGI,1,0,0,Composed: Flip,1452.1696,NA,13.16560000000000,49.79130000000000,0.23670000000000,1.77280000000000,30.8715,1439.3165,13.0898,12.8531,0.2367,3.0467,11.5792,3.2655,8.3137,5.5190,1439.3165,NA
ExperienceX.exe,56308,0x216C7EA03E0,DXGI,1,0,0,Composed: Flip,1468.5628,NA,16.39320000000000,NA,0.23190000000000,2.26210000000000,NA,1452.4063,16.3884,16.1565,0.2319,18.0373,0.3813,0.3813,0.0000,NA,NA,NA
ExperienceX.exe,56308,0x216C7EA03E0,DXGI,1,0,0,Composed: Flip,1486.4144,NA,17.85160000000000,NA,0.23890000000000,2.23780000000000,NA,1468.7947,17.8586,17.6197,0.2389,19.4523,0.4052,0.4052,0.0000,NA,NA,NA
ExperienceX.exe,56308,0x216C7EA03E0,DXGI,1,0,0,Composed: Flip,1506.9604,NA,20.54600000000000,NA,0.19020000000000,2.34990000000000,NA,1486.6533,20.4973,20.3071,0.1902,21.5192,1.1378,1.1378,0.0000,NA,NA,NA
ExperienceX.exe,56308,0x216C7EA03E0,DXGI,1,0,0,Composed: Flip,1541.7054,NA,34.74500000000000,NA,1.03460000000000,2.02020000000000,NA,1507.1506,35.5894,34.5548,1.0346,36.1650,0.4100,0.4100,0.0000,NA,NA,NA
ExperienceX.exe,56308,0x216C7EA03E0,DXGI,1,0,0,Composed: Flip,1521.9673,NA,0.00000000000000,NA,0.35220000000000,1.56340000000000,NA,1542.7400,0.3522,0.0000,0.3522,0.0000,0.3489,0.3489,0.0000,NA,NA,NA
ExperienceX.exe,56308,0x216C7EA03E0,DXGI,1,0,0,Composed: Flip,1552.9251,NA,30.95780000000000,99.93790000000000,0.38770000000000,2.95480000000000,30.0539,1522.3195,30.9933,30.6056,0.3877,33.5399,0.0205,0.0205,0.0000,-16.9349,1522.3195,NA
ExperienceX.exe,56308,0x216838E1150,DXGI,1,0,0,Composed: Flip,1539.7072,NA,16.96650000000000,16.28970000000000,0.41510000000000,1.77280000000000,26.7214,1524.0463,16.0760,15.6609,0.4151,0.8639,16.5698,2.2155,14.3543,20.8957,1524.0463,NA
ExperienceX.exe,56308,0x216838E1150,DXGI,1,0,0,Composed: Flip,1552.9469,NA,13.23970000000000,NA,0.39820000000000,3.56030000000000,NA,1540.1223,13.2228,12.8246,0.3982,16.1155,0.2694,0.2694,0.0000,NA,NA,NA
ExperienceX.exe,56308,0x216838E1150,DXGI,1,0,0,Composed: Flip,1571.8175,NA,18.87060000000000,NA,0.31700000000000,1.90440000000000,NA,1553.3451,18.7894,18.4724,0.3170,3.1621,17.2147,2.9367,14.2780,NA,NA,NA
ExperienceX.exe,56308,0x216838E1150,DXGI,1,0,0,Composed: Flip,1583.6580,NA,11.84050000000000,66.64450000000001,0.41330000000000,1.71140000000000,49.4151,1572.1345,11.9368,11.5235,0.4133,12.9649,0.2700,0.2700,0.0000,-18.5563,1572.1345,NA
ExperienceX.exe,56308,0x216838E1150,DXGI,1,0,0,Composed: Flip,1606.2797,NA,22.62170000000000,16.66280000000000,0.43160000000000,4.86870000000000,43.4562,1584.0713,22.6400,22.2084,0.4316,23.1818,3.8953,2.7088,1.1865,-4.7260,1584.0713,NA
ExperienceX.exe,56308,0x216838E1150,DXGI,1,0,0,Composed: Flip,1619.2984,NA,13.01870000000000,16.73310000000000,0.66330000000000,1.82530000000000,47.1706,1606.7113,13.2504,12.5871,0.6633,14.3979,0.0145,0.0145,0.0000,5.9069,1606.7113,NA
ExperienceX.exe,56308,0x216C829D570,DXGI,1,0,0,Composed: Flip,1521.9645,NA,0.00000000000000,50.37140000000000,0.34850000000000,1.21730000000000,44.7191,1541.8110,0.3485,0.0000,0.3485,0.0000,13.4845,2.4335,11.0510,23.8301,1541.8110,NA
ExperienceX.exe,56308,0x216C829D570,DXGI,1,0,0,Composed: Flip,1552.9264,NA,30.96190000000000,NA,0.41120000000000,2.92960000000000,NA,1522.3130,31.0246,30.6134,0.4112,21.4126,12.1304,4.4863,7.6441,NA,NA,NA
ExperienceX.exe,56308,0x216C829D570,DXGI,1,0,0,Composed: Flip,1571.8169,NA,18.89050000000000,NA,0.50120000000000,2.30210000000000,NA,1553.3376,18.9805,18.4793,0.5012,20.3843,0.3971,0.3971,0.0000,NA,NA,NA
ExperienceX.exe,56308,0x216C829D570,DXGI,1,0,0,Composed: Flip,1583.9413,NA,12.12440000000000,NA,0.77690000000000,4.02380000000000,NA,1572.3181,12.4001,11.6232,0.7769,13.0513,2.5957,0.8920,1.7037,NA,NA,NA
ExperienceX.exe,56308,0x216C829D570,DXGI,1,0,0,Composed: Flip,1606.2983,NA,22.35700000000000,NA,2.29190000000000,5.28650000000000,NA,1584.7182,23.8720,21.5801,2.2919,26.4302,0.4364,0.4364,0.0000,NA,NA,NA
ExperienceX.exe,56308,0x216C829D570,DXGI,1,0,0,Composed: Flip,1619.3060,NA,13.00770000000000,NA,0.37030000000000,2.20220000000000,NA,1608.5902,11.0861,10.7158,0.3703,12.5335,0.3845,0.2879,0.0966,NA,NA,NA
ExperienceX.exe,56308,0x216C829D570,DXGI,1,0,0,Composed: Flip,1641.2420,NA,21.93600000000000,NA,0.43290000000000,4.70820000000000,NA,1619.6763,21.9986,21.5657,0.4329,26.2689,0.0050,0.0050,0.0000,NA,NA,NA
ExperienceX.exe,56308,0x216838E1150,DXGI,1,0,0,Composed: Flip,1641.4158,NA,22.11740000000000,16.73420000000000,0.36910000000000,4.52300000000000,41.7874,1619.9617,21.8232,21.4541,0.3691,20.4390,5.5381,5.5308,0.0073,-3.4838,1619.9617,NA
ExperienceX.exe,56308,0x216838E1150,DXGI,1,0,0,Composed: Flip,1667.6800,NA,26.26420000000000,NA,0.33440000000000,4.20850000000000,NA,1641.7849,26.2295,25.8951,0.3344,29.7762,0.3274,0.3118,0.0156,NA,NA,NA
ExperienceX.exe,56308,0x216838E1150,DXGI,1,0,0,Composed: Flip,1691.3859,NA,23.70590000000000,49.70440000000000,0.27660000000000,3.30290000000000,41.5217,1668.0144,23.6481,23.3715,0.2766,24.6686,2.0058,1.9967,0.0091,-1.6517,1668.0144,NA
ExperienceX.exe,56308,0x216838E1150,DXGI,1,0,0,Composed: Flip,1716.9585,NA,25.57260000000000,16.93720000000000,0.41260000000000,2.40940000000000,32.8863,1691.6625,25.7086,25.2960,0.4126,3.0263,24.6791,2.4444,22.2347,6.7109,1691.6625,NA
ExperienceX.exe,56308,0x216C7EA03E0,DXGI,1,0,0,Composed: Flip,1570.4547,NA,17.52960000000000,16.99210000000000,1.95020000000000,4.02320000000000,29.5164,1553.3128,19.0921,17.1419,1.9502,20.8062,0.3589,0.3589,0.0000,14.0012,1553.3128,NA
ExperienceX.exe,56308,0x216C7EA03E0,DXGI,1,0,0,Composed: Flip,1583.6583,NA,13.20360000000000,NA,0.42890000000000,1.44110000000000,NA,1572.4049,11.6823,11.2534,0.4289,2.0730,10.6215,4.3725,6.2490,NA,NA,NA
ExperienceX.exe,56308,0x216C7EA03E0,DXGI,1,0,0,Composed: Flip,1606.2776,NA,22.61930000000000,NA,0.43460000000000,5.82010000000000,NA,1584.0872,22.6250,22.1904,0.4346,27.4976,0.5129,0.5129,0.0000,NA,NA,NA
ExperienceX.exe,56308,0x216C7EA03E0,DXGI,1,0,0,Composed: Flip,1619.2969,NA,13.01930000000000,NA,0.30270000000000,1.81230000000000,NA,1606.7122,12.8874,12.5847,0.3027,5.3855,9.0115,3.5905,5.4210,NA,NA,NA
ExperienceX.exe,56308,0x216C7EA03E0,DXGI,1,0,0,Composed: Flip,1642.2947,NA,22.99780000000000,NA,0.18460000000000,3.64940000000000,NA,1619.5996,22.8797,22.6951,0.1846,26.3410,0.0035,0.0035,0.0000,NA,NA,NA
ExperienceX.exe,56308,0x216C7EA03E0,DXGI,1,0,0,Composed: Flip,1669.1556,NA,26.86090000000000,NA,0.56830000000000,2.40550000000000,NA,1642.4793,27.2446,26.6763,0.5683,28.6804,0.4014,0.4014,0.0000,NA,NA,NA
ExperienceX.exe,56308,0x216C7EA03E0,DXGI,1,0,0,Composed: Flip,1690.2532,NA,21.09760000000000,NA,0.46540000000000,2.05170000000000,NA,1669.7239,20.9947,20.5293,0.4654,2.1762,20.4048,5.1826,15.2222,NA,NA,NA
ExperienceX.exe,56308,0x216C7EA03E0,DXGI,1,0,0,Composed: Flip,1717.6379,NA,27.38470000000000,NA,0.18920000000000,4.39530000000000,NA,1690.7186,27.1085,26.9193,0.1892,28.6493,2.6653,2.6653,0.0000,NA,NA,NA
ExperienceX.exe,56308,0x216C7EA03E0,DXGI,1,0,0,Composed: Flip,1735.3866,NA,17.74870000000000,NA,0.41040000000000,2.74730000000000,NA,1717.8271,17.9699,17.5595,0.4104,19.9364,0.3704,0.3704,0.0000,NA,NA,NA
ExperienceX.exe,56308,0x216C7EA03E0,DXGI,1,0,0,Composed: Flip,1750.6399,NA,15.25330000000000,183.18110000000001,0.45750000000000,5.12980000000000,32.5123,1735.7970,15.3004,14.8429,0.4575,19.4310,0.5417,0.5293,0.0124,-0.6969,1735.7970,NA
ExperienceX.exe,56308,0x216838E1150,DXGI,1,0,0,Composed: Flip,1735.5105,NA,18.55200000000000,16.40760000000000,0.28560000000000,3.04970000000000,30.7419,1717.3711,18.4250,18.1394,0.2856,20.7628,0.4263,0.4263,0.0000,9.3010,1717.3711,NA
ExperienceX.exe,56308,0x216838E1150,DXGI,1,0,0,Composed: Flip,1750.6384,NA,15.12790000000000,NA,0.39190000000000,3.89600000000000,NA,1735.7961,15.2342,14.8423,0.3919,2.7641,15.9742,5.6278,10.3464,NA,NA,NA
ExperienceX.exe,56308,0x216838E1150,DXGI,1,0,0,Composed: Flip,1767.4382,NA,16.79980000000000,NA,0.85020000000000,3.97710000000000,NA,1751.0303,17.2581,16.4079,0.8502,19.9739,0.4111,0.4111,0.0000,NA,NA,NA
ExperienceX.exe,56308,0x216C7EA03E0,DXGI,1,0,0,Composed: Flip,1767.4386,NA,16.79870000000000,16.97630000000000,0.43280000000000,3.56560000000000,32.6899,1751.0974,16.7740,16.3412,0.4328,17.3288,2.5780,2.5780,0.0000,-1.6759,1751.0974,NA
ExperienceX.exe,56308,0x216C7EA03E0,DXGI,1,0,0,Composed: Flip,1784.2655,NA,16.82690000000000,NA,0.63220000000000,2.85670000000000,NA,1767.8714,17.0263,16.3941,0.6322,3.9393,15.3115,4.6112,10.7003,NA,NA,NA
ExperienceX.exe,56308,0x216838E1150,DXGI,1,0,0,Composed: Flip,1784.3102,NA,16.87200000000000,50.28840000000000,0.50070000000000,2.94330000000000,32.2306,1768.2884,16.5225,16.0218,0.5007,18.9469,0.0182,0.0182,0.0000,0.6289,1768.2884,NA
ExperienceX.exe,56308,0x216838E1150,DXGI,1,0,0,Composed: Flip,1803.0028,NA,18.69260000000000,NA,0.34790000000000,3.23590000000000,NA,1784.8109,18.5398,18.1919,0.3479,19.0791,2.3487,2.3487,0.0000,NA,NA,NA
ExperienceX.exe,56308,0x0,Other,-1,0,0,Composed: Flip,917.1517,NA,100.22640000000000,266.69450000000001,0.00000000000000,0.84470000000000,32.3760,816.9253,100.2264,100.2264,0.0000,100.6703,0.4008,0.3923,0.0085,-0.7241,816.9253,NA
ExperienceX.exe,56308,0x0,Other,-1,0,0,Composed: Flip,983.7153,NA,66.56360000000001,NA,0.00000000000000,0.83080000000000,NA,917.1517,66.5636,66.5636,0.0000,66.9809,0.4135,0.4047,0.0088,NA,NA,NA
ExperienceX.exe,56308,0x216838E1150,DXGI,1,0,0,Composed: Flip,1817.6093,NA,14.60650000000000,33.13270000000000,0.35740000000000,2.09970000000000,32.0642,1803.3507,14.6160,14.2586,0.3574,3.9586,12.3997,4.5631,7.8366,1.9296,1803.3507,NA
ExperienceX.exe,56308,0x216838E1150,DXGI,1,0,0,Composed: Flip,1834.1479,NA,16.53860000000000,NA,0.23340000000000,6.04140000000000,NA,1817.9667,16.4146,16.1812,0.2334,21.7703,0.4523,0.4523,0.0000,NA,NA,NA
ExperienceX.exe,56308,0x216C7EA03E0,DXGI,1,0,0,Composed: Flip,1803.0039,NA,18.73840000000000,32.80890000000000,1.77120000000000,4.30540000000000,29.9335,1784.8977,19.8774,18.1062,1.7712,22.0258,0.3858,0.3858,0.0000,0.9914,1784.8977,NA
ExperienceX.exe,56308,0x216C7EA03E0,DXGI,1,0,0,Composed: Flip,1817.6113,NA,14.60740000000000,NA,0.35850000000000,2.30810000000000,NA,1804.7751,13.1947,12.8362,0.3585,14.9339,0.2104,0.2104,0.0000,NA,NA,NA
ExperienceX.exe,56308,0x216C7EA03E0,DXGI,1,0,0,Composed: Flip,1834.1469,NA,16.53560000000000,NA,0.23400000000000,6.38140000000000,NA,1817.9698,16.4111,16.1771,0.2340,22.2195,0.3390,0.3347,0.0043,NA,NA,NA
ExperienceX.exe,56308,0x216C7EA03E0,DXGI,1,0,0,Composed: Flip,1850.2569,NA,16.11000000000000,NA,0.15070000000000,1.55770000000000,NA,1834.3809,16.0267,15.8760,0.1507,16.9934,0.4403,0.4327,0.0076,NA,NA,NA
ExperienceX.exe,56308,0x216C829D570,DXGI,1,0,0,Composed: Flip,1667.6804,NA,26.43840000000000,149.65510000000000,0.33430000000000,3.47930000000000,48.6583,1641.6749,26.3398,26.0055,0.3343,4.4655,25.0193,3.9677,21.0516,-49.7912,1641.6749,NA
ExperienceX.exe,56308,0x216C829D570,DXGI,1,0,0,Composed: Flip,1690.2557,NA,22.57530000000000,NA,0.58000000000000,2.42730000000000,NA,1668.0147,22.8210,22.2410,0.5800,24.2902,0.3781,0.3781,0.0000,NA,NA,NA
ExperienceX.exe,56308,0x216C829D570,DXGI,1,0,0,Composed: Flip,1719.1154,NA,28.85970000000000,NA,1.21120000000000,3.29450000000000,NA,1690.8357,29.4909,28.2797,1.2112,31.1975,0.3767,0.3767,0.0000,NA,NA,NA
ExperienceX.exe,56308,0x216C829D570,DXGI,1,0,0,Composed: Flip,1735.5659,NA,16.45050000000000,NA,0.23620000000000,2.19760000000000,NA,1720.3266,15.4755,15.2393,0.2362,2.0833,15.3536,3.9459,11.4077,NA,NA,NA
ExperienceX.exe,56308,0x216C829D570,DXGI,1,0,0,Composed: Flip,1750.6389,NA,15.07300000000000,NA,0.37350000000000,4.14380000000000,NA,1735.8021,15.2103,14.8368,0.3735,18.7323,0.2483,0.2303,0.0180,NA,NA,NA
ExperienceX.exe,56308,0x216C829D570,DXGI,1,0,0,Composed: Flip,1769.1261,NA,18.48720000000000,NA,0.41660000000000,2.68460000000000,NA,1751.0124,18.5303,18.1137,0.4166,20.4029,0.3954,0.3954,0.0000,NA,NA,NA
ExperienceX.exe,56308,0x216C829D570,DXGI,1,0,0,Composed: Flip,1784.2659,NA,15.13980000000000,NA,0.61130000000000,3.06970000000000,NA,1769.5427,15.3345,14.7232,0.6113,17.7642,0.0287,0.0287,0.0000,NA,NA,NA
ExperienceX.exe,56308,0x216C829D570,DXGI,1,0,0,Composed: Flip,1803.0160,NA,18.75010000000000,NA,0.49520000000000,3.90750000000000,NA,1784.8772,18.6340,18.1388,0.4952,21.3615,0.6848,0.6848,0.0000,NA,NA,NA
ExperienceX.exe,56308,0x216C829D570,DXGI,1,0,0,Composed: Flip,1817.8225,NA,14.80650000000000,NA,0.95900000000000,2.48440000000000,NA,1803.5112,15.2703,14.3113,0.9590,16.4082,0.3875,0.3669,0.0206,NA,NA,NA
ExperienceX.exe,56308,0x216C829D570,DXGI,1,0,0,Composed: Flip,1850.2567,NA,32.43420000000000,NA,0.15030000000000,0.71890000000000,NA,1818.7815,31.6255,31.4752,0.1503,31.7003,0.4938,0.4938,0.0000,NA,NA,NA
ExperienceX.exe,56308,0x216C829D570,DXGI,1,0,0,Composed: Flip,1868.2847,NA,18.02800000000000,NA,0.05860000000000,1.89770000000000,NA,1850.4070,17.9363,17.8777,0.0586,19.3636,0.4118,0.4118,0.0000,NA,NA,NA
ExperienceX.exe,56308,0x216C829D570,DXGI,1,0,0,Composed: Flip,1884.1324,NA,15.84770000000000,200.05490000000000,0.43600000000000,2.17530000000000,32.2612,1868.3433,16.2251,15.7891,0.4360,17.8835,0.0809,0.0665,0.0144,26.6135,1868.3433,NA
ExperienceX.exe,56308,0x216C829D570,DXGI,1,0,0,Composed: Flip,1902.6751,NA,18.54270000000000,16.53250000000000,1.77890000000000,2.27430000000000,30.2510,1884.5684,19.8856,18.1067,1.7789,17.2643,3.1167,3.1167,0.0000,-0.3074,1884.5684,NA
ExperienceX.exe,56308,0x216C829D570,DXGI,1,0,0,Composed: Flip,1917.1780,NA,14.50290000000000,17.37130000000000,0.35820000000000,2.41780000000000,33.1194,1904.4540,13.0822,12.7240,0.3582,15.1326,0.0092,0.0092,0.0000,2.5143,1904.4540,NA
ExperienceX.exe,56308,0x216C829D570,DXGI,1,0,0,Composed: Flip,1935.9395,NA,18.76150000000000,16.08540000000000,0.33200000000000,3.91160000000000,30.4433,1917.5362,18.7353,18.4033,0.3320,21.1760,1.1389,1.1389,0.0000,-3.0032,1917.5362,NA
ExperienceX.exe,56308,0x216838E1150,DXGI,1,0,0,Composed: Flip,1850.3357,NA,16.18780000000000,33.57370000000000,0.21440000000000,1.03860000000000,32.9115,1834.3813,16.1688,15.9544,0.2144,16.5943,0.3987,0.3987,0.0000,-2.5431,1834.3813,NA
ExperienceX.exe,56308,0x216838E1150,DXGI,1,0,0,Composed: Flip,1867.9350,NA,17.59930000000000,NA,0.45480000000000,3.13520000000000,NA,1850.5501,17.8397,17.3849,0.4548,19.6323,0.8878,0.8878,0.0000,NA,NA,NA
ExperienceX.exe,56308,0x216838E1150,DXGI,1,0,0,Composed: Flip,1884.1329,NA,16.19790000000000,NA,0.47540000000000,2.82450000000000,NA,1868.3898,16.2185,15.7431,0.4754,18.0644,0.5032,0.4934,0.0098,NA,NA,NA
ExperienceX.exe,56308,0x216838E1150,DXGI,1,0,0,Composed: Flip,1902.7100,NA,18.57710000000000,NA,1.26730000000000,2.91690000000000,NA,1884.6083,19.3690,18.1017,1.2673,21.0008,0.0178,0.0178,0.0000,NA,NA,NA
ExperienceX.exe,56308,0x216838E1150,DXGI,1,0,0,Composed: Flip,1917.1842,NA,14.47420000000000,NA,0.54880000000000,2.40090000000000,NA,1903.9773,13.7557,13.2069,0.5488,1.6496,13.9582,3.1502,10.8080,NA,NA,NA
ExperienceX.exe,56308,0x216838E1150,DXGI,1,0,0,Composed: Flip,1935.9195,NA,18.73530000000000,NA,1.21180000000000,2.79270000000000,NA,1917.7330,19.3983,18.1865,1.2118,20.5598,0.4194,0.4194,0.0000,NA,NA,NA
ExperienceX.exe,56308,0x216838E1150,DXGI,1,0,0,Composed: Flip,1952.7656,NA,16.84610000000000,NA,0.50160000000000,5.42060000000000,NA,1937.1313,16.1359,15.6343,0.5016,20.5798,0.4751,0.4678,0.0073,NA,NA,NA
ExperienceX.exe,56308,0x216C829D570,DXGI,1,0,0,Composed: Flip,1953.3505,NA,17.41100000000000,33.37220000000000,0.58380000000000,4.36060000000000,46.4045,1936.2715,17.6628,17.0790,0.5838,20.6610,0.7786,0.7786,0.0000,-14.6369,1936.2715,NA
ExperienceX.exe,56308,0x216C829D570,DXGI,1,0,0,Composed: Flip,1975.8836,NA,22.53310000000000,NA,1.01270000000000,3.00520000000000,NA,1953.9343,22.9620,21.9493,1.0127,24.9362,0.0183,0.0183,0.0000,NA,NA,NA
ExperienceX.exe,56308,0x216838E1150,DXGI,1,0,0,Composed: Flip,1975.0673,NA,22.30170000000000,116.73550000000000,1.57400000000000,3.80320000000000,24.9154,1953.2672,23.3741,21.8001,1.5740,24.1703,1.4330,1.4330,0.0000,2.1504,1953.2672,NA
ExperienceX.exe,56308,0x216838E1150,DXGI,1,0,0,Composed: Flip,1990.3064,NA,15.23910000000000,NA,0.12700000000000,3.33060000000000,NA,1976.6413,13.7921,13.6651,0.1270,16.9742,0.0215,0.0215,0.0000,NA,NA,NA
ExperienceX.exe,56308,0x216838E1150,DXGI,1,0,0,Composed: Flip,2000.9179,NA,10.61150000000000,33.23900000000000,0.52890000000000,3.17180000000000,32.3038,1990.4334,11.0134,10.4845,0.5289,3.3773,10.2790,3.3823,6.8967,3.9272,1990.4334,NA
ExperienceX.exe,56308,0x216C7EA03E0,DXGI,1,0,0,Composed: Flip,1868.2756,NA,18.01870000000000,66.81860000000000,0.06780000000000,1.49500000000000,31.4804,1850.4076,17.9358,17.8680,0.0678,17.1847,2.1783,2.1783,0.0000,-1.3087,1850.4076,NA
ExperienceX.exe,56308,0x216C7EA03E0,DXGI,1,0,0,Composed: Flip,1884.1322,NA,15.85660000000000,NA,0.42230000000000,2.09460000000000,NA,1868.3434,16.2111,15.7888,0.4223,2.7268,15.1566,2.3965,12.7601,NA,NA,NA
ExperienceX.exe,56308,0x216C7EA03E0,DXGI,1,0,0,Composed: Flip,1903.3096,NA,19.17740000000000,NA,1.08760000000000,2.29950000000000,NA,1884.5545,19.8427,18.7551,1.0876,20.3949,0.6597,0.6597,0.0000,NA,NA,NA
ExperienceX.exe,56308,0x216C7EA03E0,DXGI,1,0,0,Composed: Flip,1917.1876,NA,13.87800000000000,NA,0.34940000000000,2.43730000000000,NA,1904.3972,13.1398,12.7904,0.3494,15.2051,0.0226,0.0226,0.0000,NA,NA,NA
ExperienceX.exe,56308,0x216C7EA03E0,DXGI,1,0,0,Composed: Flip,1935.8282,NA,18.64060000000000,NA,0.66460000000000,2.46460000000000,NA,1917.5370,18.9558,18.2912,0.6646,17.5509,3.2049,3.2049,0.0000,NA,NA,NA
ExperienceX.exe,56308,0x216C7EA03E0,DXGI,1,0,0,Composed: Flip,1952.7508,NA,16.92260000000000,NA,0.49980000000000,4.18170000000000,NA,1936.4928,16.7578,16.2580,0.4998,3.3583,17.0814,3.5282,13.5532,NA,NA,NA
ExperienceX.exe,56308,0x216C7EA03E0,DXGI,1,0,0,Composed: Flip,1974.6577,NA,21.90690000000000,NA,2.00800000000000,2.77980000000000,NA,1953.2506,23.4151,21.4071,2.0080,20.3194,3.8675,3.8675,0.0000,NA,NA,NA
ExperienceX.exe,56308,0x216C7EA03E0,DXGI,1,0,0,Composed: Flip,1988.1116,NA,13.45390000000000,NA,0.39280000000000,5.47600000000000,NA,1976.6657,11.8387,11.4459,0.3928,2.2231,14.6988,4.6570,10.0418,NA,NA,NA
ExperienceX.exe,56308,0x216C7EA03E0,DXGI,1,0,0,Composed: Flip,2004.8991,NA,16.78750000000000,NA,0.25850000000000,1.50130000000000,NA,1988.5044,16.6532,16.3947,0.2585,15.5853,2.3107,2.3107,0.0000,NA,NA,NA
ExperienceX.exe,56308,0x216C7EA03E0,DXGI,1,0,0,Composed: Flip,2016.8151,NA,11.91600000000000,NA,0.28770000000000,2.94540000000000,NA,2005.1576,11.9452,11.6575,0.2877,14.2952,0.3077,0.2993,0.0084,NA,NA,NA
ExperienceX.exe,56308,0x216838E1150,DXGI,1,0,0,Composed: Flip,2016.8148,NA,15.89690000000000,16.39550000000000,0.28810000000000,2.63800000000000,32.8024,2001.4468,15.6561,15.3680,0.2881,17.7568,0.2492,0.2492,0.0000,-5.3821,2001.4468,NA
ExperienceX.exe,56308,0x216838E1150,DXGI,1,0,0,Composed: Flip,2037.5859,NA,20.77110000000000,NA,0.24110000000000,1.59810000000000,NA,2017.1029,20.7241,20.4830,0.2411,21.6920,0.3891,0.3891,0.0000,NA,NA,NA
ExperienceX.exe,56308,0x216838E1150,DXGI,1,0,0,Composed: Flip,2056.6079,NA,19.02200000000000,33.59440000000000,0.13740000000000,1.54120000000000,26.6037,2037.8270,18.9183,18.7809,0.1374,19.3935,0.9286,0.9223,0.0063,2.7858,2037.8270,NA
ExperienceX.exe,56308,0x216C829D570,DXGI,1,0,0,Composed: Flip,1987.6999,NA,11.81630000000000,17.81600000000000,0.33080000000000,5.91070000000000,29.8711,1976.8963,11.1344,10.8036,0.3308,16.7029,0.0114,0.0114,0.0000,22.8088,1976.8963,NA
ExperienceX.exe,56308,0x216C829D570,DXGI,1,0,0,Composed: Flip,2005.0969,NA,17.39700000000000,NA,0.52820000000000,1.41160000000000,NA,1988.0307,17.5944,17.0662,0.5282,18.3697,0.1081,0.1081,0.0000,NA,NA,NA
ExperienceX.exe,56308,0x216C829D570,DXGI,1,0,0,Composed: Flip,2016.8150,NA,11.71810000000000,NA,0.28780000000000,2.38860000000000,NA,2005.6251,11.4777,11.1899,0.2878,0.8834,12.6951,2.2854,10.4097,NA,NA,NA
ExperienceX.exe,56308,0x216C829D570,DXGI,1,0,0,Composed: Flip,2037.5367,NA,20.72170000000000,NA,0.29540000000000,2.05730000000000,NA,2017.1028,20.7293,20.4339,0.2954,22.0812,0.4100,0.4100,0.0000,NA,NA,NA
ExperienceX.exe,56308,0x216C829D570,DXGI,1,0,0,Composed: Flip,2054.6998,NA,17.16310000000000,NA,0.39440000000000,1.81050000000000,NA,2037.8321,17.2621,16.8677,0.3944,1.7619,16.9163,3.1132,13.8031,NA,NA,NA
ExperienceX.exe,56308,0x216C829D570,DXGI,1,0,0,Composed: Flip,2068.6790,NA,13.97920000000000,NA,2.25290000000000,5.03840000000000,NA,2055.0942,15.8377,13.5848,2.2529,17.8859,0.7373,0.7373,0.0000,NA,NA,NA
ExperienceX.exe,56308,0x216838E1150,DXGI,1,0,0,Composed: Flip,2067.8234,NA,11.21550000000000,16.44160000000000,0.40160000000000,3.54470000000000,31.8298,2056.7453,11.4797,11.0781,0.4016,1.4038,13.2190,3.3482,9.8708,2.4767,2056.7453,NA
ExperienceX.exe,56308,0x216838E1150,DXGI,1,0,0,Composed: Flip,2085.5372,NA,17.71380000000000,NA,0.33620000000000,2.87760000000000,NA,2068.2250,17.6484,17.3122,0.3362,19.4797,0.7101,0.7101,0.0000,NA,NA,NA
ExperienceX.exe,56308,0x216838E1150,DXGI,1,0,0,Composed: Flip,2103.4250,NA,17.88780000000000,33.34150000000000,1.14670000000000,2.86280000000000,29.5697,2085.8734,18.6983,17.5516,1.1467,19.2689,1.1455,1.1455,0.0000,-4.2134,2085.8734,NA
ExperienceX.exe,56308,0x216838E1150,DXGI,1,0,0,Composed: Flip,2122.7248,NA,19.29980000000000,33.38760000000000,0.17480000000000,2.61330000000000,43.6575,2104.5717,18.3279,18.1531,0.1748,19.5338,1.2326,1.2000,0.0326,-14.6893,2104.5717,NA
ExperienceX.exe,56308,0x216C7EA03E0,DXGI,1,0,0,Composed: Flip,2037.1050,NA,20.28990000000000,166.65720000000002,1.01360000000000,1.68990000000000,29.3082,2017.1028,21.0158,20.0022,1.0136,18.9840,2.7081,2.7081,0.0000,0.0380,2017.1028,NA
ExperienceX.exe,56308,0x216C7EA03E0,DXGI,1,0,0,Composed: Flip,2054.8147,NA,17.70970000000000,NA,0.27950000000000,2.40580000000000,NA,2038.1186,16.9756,16.6961,0.2795,18.3917,0.7102,0.7102,0.0000,NA,NA,NA
ExperienceX.exe,56308,0x216C7EA03E0,DXGI,1,0,0,Composed: Flip,2068.5814,NA,13.76670000000000,NA,2.17760000000000,4.39870000000000,NA,2055.0942,15.6648,13.4872,2.1776,16.2739,1.6120,1.6120,0.0000,NA,NA,NA
ExperienceX.exe,56308,0x216C7EA03E0,DXGI,1,0,0,Composed: Flip,2085.5297,NA,16.94830000000000,NA,0.34270000000000,1.96900000000000,NA,2070.7590,15.1134,14.7707,0.3427,2.9584,13.7813,2.1712,11.6101,NA,NA,NA
ExperienceX.exe,56308,0x216C7EA03E0,DXGI,1,0,0,Composed: Flip,2101.1795,NA,15.64980000000000,NA,0.29640000000000,3.96280000000000,NA,2085.8724,15.6035,15.3071,0.2964,16.0761,3.1938,3.1938,0.0000,NA,NA,NA
ExperienceX.exe,56308,0x216C7EA03E0,DXGI,1,0,0,Composed: Flip,2121.8312,NA,20.65170000000000,NA,0.45560000000000,2.05360000000000,NA,2101.4759,20.8109,20.3553,0.4556,5.2683,17.1406,2.9084,14.2322,NA,NA,NA
ExperienceX.exe,56308,0x216C7EA03E0,DXGI,1,0,0,Composed: Flip,2137.1883,NA,15.35710000000000,NA,0.14630000000000,2.77600000000000,NA,2122.2868,15.0478,14.9015,0.1463,15.6867,1.9908,1.9908,0.0000,NA,NA,NA
ExperienceX.exe,56308,0x216838E1150,DXGI,1,0,0,Composed: Flip,2136.4034,NA,13.67860000000000,0.19430000000000,0.38400000000000,1.52940000000000,30.1732,2122.8996,13.8878,13.5038,0.3840,3.1646,11.8686,1.9833,9.8853,18.1336,2122.8996,NA
ExperienceX.exe,56308,0x216838E1150,DXGI,1,0,0,Composed: Flip,2154.1838,NA,17.78040000000000,NA,0.47530000000000,5.53540000000000,NA,2136.7874,17.8717,17.3964,0.4753,22.9261,0.0057,0.0057,0.0000,NA,NA,NA
ExperienceX.exe,56308,0x216C829D570,DXGI,1,0,0,Composed: Flip,2085.5300,NA,16.85100000000000,100.50900000000000,0.34230000000000,3.21840000000000,32.5500,2070.9319,14.9404,14.5981,0.3423,17.4829,0.3336,0.3071,0.0265,-6.4734,2070.9319,NA
ExperienceX.exe,56308,0x216C829D570,DXGI,1,0,0,Composed: Flip,2103.3099,NA,17.77990000000000,NA,0.30200000000000,3.43430000000000,NA,2085.8723,17.7396,17.4376,0.3020,20.4155,0.4564,0.4564,0.0000,NA,NA,NA
ExperienceX.exe,56308,0x216C829D570,DXGI,1,0,0,Composed: Flip,2121.8334,NA,18.52350000000000,NA,0.46950000000000,2.27210000000000,NA,2103.6119,18.6910,18.2215,0.4695,20.2729,0.2207,0.2207,0.0000,NA,NA,NA
ExperienceX.exe,56308,0x216C829D570,DXGI,1,0,0,Composed: Flip,2138.9585,NA,17.12510000000000,NA,0.18260000000000,1.46500000000000,NA,2122.3029,16.8382,16.6556,0.1826,17.6614,0.4592,0.4413,0.0179,NA,NA,NA
ExperienceX.exe,56308,0x216C829D570,DXGI,1,0,0,Composed: Flip,2154.1104,NA,15.15190000000000,NA,1.23860000000000,5.61670000000000,NA,2139.1411,16.2079,14.9693,1.2386,20.5801,0.0059,0.0059,0.0000,NA,NA,NA
ExperienceX.exe,56308,0x216C829D570,DXGI,1,0,0,Composed: Flip,2169.4891,NA,15.37870000000000,NA,0.43530000000000,4.34530000000000,NA,2155.3490,14.5754,14.1401,0.4353,18.4725,0.0129,0.0129,0.0000,NA,NA,NA
ExperienceX.exe,56308,0x216838E1150,DXGI,1,0,0,Composed: Flip,2170.8082,NA,16.62440000000000,33.25630000000000,1.67670000000000,3.01330000000000,29.0247,2154.6591,17.8258,16.1491,1.6767,14.9395,4.2229,3.2440,0.9789,-1.4968,2154.6591,NA
ExperienceX.exe,56308,0x216838E1150,DXGI,1,0,0,Composed: Flip,2183.6053,NA,12.79710000000000,NA,0.32980000000000,1.48570000000000,NA,2172.4849,11.4502,11.1204,0.3298,2.2822,10.3239,3.2320,7.0919,NA,NA,NA
ExperienceX.exe,56308,0x216838E1150,DXGI,1,0,0,Composed: Flip,2207.6840,NA,24.07870000000000,33.70660000000000,1.18730000000000,3.37200000000000,25.8555,2183.9351,24.9362,23.7489,1.1873,22.1251,4.9958,4.9350,0.0608,-4.4306,2183.9351,NA
ExperienceX.exe,56308,0x216C829D570,DXGI,1,0,0,Composed: Flip,2183.6069,NA,14.11780000000000,115.21480000000001,0.32950000000000,2.60870000000000,49.6879,2169.9244,14.0120,13.6825,0.3295,15.8438,0.4474,0.4303,0.0171,-16.2223,2169.9244,NA
ExperienceX.exe,56308,0x216C829D570,DXGI,1,0,0,Composed: Flip,2208.0030,NA,24.39610000000000,NA,0.40860000000000,3.06910000000000,NA,2183.9364,24.4752,24.0666,0.4086,27.1213,0.0144,0.0144,0.0000,NA,NA,NA
ExperienceX.exe,56308,0x216C829D570,DXGI,1,0,0,Composed: Flip,2220.5676,NA,12.56460000000000,NA,0.49170000000000,3.02650000000000,NA,2208.4116,12.6477,12.1560,0.4917,14.7761,0.4064,0.3985,0.0079,NA,NA,NA
ExperienceX.exe,56308,0x216838E1150,DXGI,1,0,0,Composed: Flip,2220.5585,NA,12.87450000000000,16.17800000000000,0.50390000000000,2.27570000000000,29.1590,2208.8713,12.1911,11.6872,0.5039,2.4895,11.4734,2.8529,8.6205,8.7582,2208.8713,NA
ExperienceX.exe,56308,0x216838E1150,DXGI,1,0,0,Composed: Flip,2235.3907,NA,14.83220000000000,NA,0.32200000000000,4.54370000000000,NA,2221.0624,14.6503,14.3283,0.3220,18.8436,0.0284,0.0284,0.0000,NA,NA,NA
ExperienceX.exe,56308,0x216838E1150,DXGI,1,0,0,Composed: Flip,2258.2753,NA,22.88460000000000,50.51820000000000,0.40360000000000,2.69120000000000,41.9604,2235.7127,22.9662,22.5626,0.4036,24.0743,1.1795,1.1795,0.0000,-23.6768,2235.7127,NA
ExperienceX.exe,56308,0x216838E1150,DXGI,1,0,0,Composed: Flip,2272.2592,NA,13.98390000000000,0.83210000000000,1.61690000000000,3.28720000000000,28.8086,2258.6789,15.1972,13.5803,1.6169,2.2876,14.5799,2.4783,12.1016,22.1341,2258.6789,NA
ExperienceX.exe,56308,0x216838E1150,DXGI,1,0,0,Composed: Flip,2290.9734,NA,18.71420000000000,15.22340000000000,0.13030000000000,3.39590000000000,25.3178,2273.8761,17.2276,17.0973,0.1303,17.7038,2.7894,2.7894,0.0000,-0.0262,2273.8761,NA
ExperienceX.exe,56308,0x216C829D570,DXGI,1,0,0,Composed: Flip,2235.3962,NA,14.82860000000000,49.92830000000000,0.31740000000000,4.50980000000000,47.8269,2221.0593,14.6543,14.3369,0.3174,15.2560,3.5907,3.5155,0.0752,1.2066,2221.0593,NA
ExperienceX.exe,56308,0x216C829D570,DXGI,1,0,0,Composed: Flip,2255.0169,NA,19.62070000000000,NA,0.42230000000000,4.77010000000000,NA,2235.7136,19.7256,19.3033,0.4223,23.6377,0.4357,0.4357,0.0000,NA,NA,NA
ExperienceX.exe,56308,0x216C829D570,DXGI,1,0,0,Composed: Flip,2274.9389,NA,19.92200000000000,NA,0.30270000000000,2.31880000000000,NA,2255.4392,19.8024,19.4997,0.3027,20.1072,1.7113,1.7113,0.0000,NA,NA,NA
ExperienceX.exe,56308,0x216C829D570,DXGI,1,0,0,Composed: Flip,2288.6857,NA,13.74680000000000,NA,0.81330000000000,2.89420000000000,NA,2275.2416,14.2574,13.4441,0.8133,16.2352,0.1031,0.1031,0.0000,NA,NA,NA
ExperienceX.exe,56308,0x216C829D570,DXGI,1,0,0,Composed: Flip,2305.1911,NA,16.50540000000000,NA,0.18610000000000,1.23160000000000,NA,2289.4990,15.8782,15.6921,0.1861,15.4950,1.4287,1.4287,0.0000,NA,NA,NA
ExperienceX.exe,56308,0x216C7EA03E0,DXGI,1,0,0,Composed: Flip,2154.1068,NA,16.91850000000000,116.55890000000001,0.71250000000000,5.60530000000000,28.8653,2137.3346,17.4847,16.7722,0.7125,3.0889,19.2886,5.9460,13.3426,3.6729,2137.3346,NA
ExperienceX.exe,56308,0x216C7EA03E0,DXGI,1,0,0,Composed: Flip,2171.2182,NA,17.11140000000000,NA,1.19410000000000,3.54890000000000,NA,2154.8193,17.5930,16.3989,1.1941,19.0151,0.9327,0.9327,0.0000,NA,NA,NA
ExperienceX.exe,56308,0x216C7EA03E0,DXGI,1,0,0,Composed: Flip,2207.4666,NA,36.24840000000000,NA,1.43310000000000,3.63210000000000,NA,2172.4123,36.4874,35.0543,1.4331,38.6659,0.0205,0.0205,0.0000,NA,NA,NA
ExperienceX.exe,56308,0x216C7EA03E0,DXGI,1,0,0,Composed: Flip,2220.5579,NA,13.09130000000000,NA,0.63620000000000,2.62980000000000,NA,2208.8997,12.2944,11.6582,0.6362,13.9345,0.3535,0.3535,0.0000,NA,NA,NA
ExperienceX.exe,56308,0x216C7EA03E0,DXGI,1,0,0,Composed: Flip,2235.3902,NA,14.83230000000000,NA,0.32490000000000,6.16120000000000,NA,2221.1941,14.5210,14.1961,0.3249,18.7403,1.6170,1.6170,0.0000,NA,NA,NA
ExperienceX.exe,56308,0x216C7EA03E0,DXGI,1,0,0,Composed: Flip,2255.0194,NA,19.62920000000000,NA,0.46190000000000,4.33190000000000,NA,2235.7151,19.7662,19.3043,0.4619,5.8363,17.7999,4.8236,12.9763,NA,NA,NA
ExperienceX.exe,56308,0x216C7EA03E0,DXGI,1,0,0,Composed: Flip,2276.1642,NA,21.14480000000000,NA,0.18710000000000,1.99380000000000,NA,2255.4813,20.8700,20.6829,0.1871,21.7764,0.9003,0.9003,0.0000,NA,NA,NA
ExperienceX.exe,56308,0x216C7EA03E0,DXGI,1,0,0,Composed: Flip,2288.4152,NA,12.25100000000000,NA,0.42650000000000,3.06160000000000,NA,2276.3513,12.4904,12.0639,0.4265,1.8067,13.3188,3.2063,10.1125,NA,NA,NA
ExperienceX.exe,56308,0x216C7EA03E0,DXGI,1,0,0,Composed: Flip,2305.4430,NA,17.02780000000000,NA,0.16550000000000,1.50080000000000,NA,2288.8417,16.7668,16.6013,0.1655,17.5810,0.5211,0.4509,0.0702,NA,NA,NA
ExperienceX.exe,56308,0x216C7EA03E0,DXGI,1,0,0,Composed: Flip,2318.1043,NA,12.66130000000000,NA,0.39220000000000,2.42580000000000,NA,2305.6085,12.8880,12.4958,0.3922,14.6529,0.2687,0.2687,0.0000,NA,NA,NA
ExperienceX.exe,56308,0x216838E1150,DXGI,1,0,0,Composed: Flip,2301.9108,NA,10.93740000000000,33.34270000000000,0.63290000000000,3.08320000000000,47.7231,2291.1037,11.4400,10.8071,0.6329,3.2656,10.6247,2.6298,7.9949,-16.1151,2291.1037,NA
ExperienceX.exe,56308,0x216838E1150,DXGI,1,0,0,Composed: Flip,2318.1056,NA,16.19480000000000,NA,0.36230000000000,2.15580000000000,NA,2302.5437,15.9242,15.5619,0.3623,4.7068,13.0109,3.0484,9.9625,NA,NA,NA
ExperienceX.exe,56308,0x216838E1150,DXGI,1,0,0,Composed: Flip,2341.4882,NA,23.38260000000000,NA,1.94550000000000,3.27700000000000,NA,2318.4679,24.9658,23.0203,1.9455,26.2876,0.0097,0.0097,0.0000,NA,NA,NA
ExperienceX.exe,56308,0x216838E1150,DXGI,1,0,0,Composed: Flip,2350.6590,NA,9.17080000000000,49.99000000000000,0.37450000000000,2.59860000000000,48.9649,2343.4337,7.5998,7.2253,0.3745,9.4228,0.4011,0.3879,0.0132,2.3400,2343.4337,NA
ExperienceX.exe,56308,0x216C829D570,DXGI,1,0,0,Composed: Flip,2318.1385,NA,12.94740000000000,66.51040000000000,0.32800000000000,3.88540000000000,31.5950,2305.3772,13.0893,12.7613,0.3280,15.1529,1.4938,0.4089,1.0849,17.8075,2305.3772,NA
ExperienceX.exe,56308,0x216C829D570,DXGI,1,0,0,Composed: Flip,2342.1763,NA,24.03780000000000,NA,0.35120000000000,2.57920000000000,NA,2318.4665,24.0610,23.7098,0.3512,26.2652,0.0238,0.0238,0.0000,NA,NA,NA
ExperienceX.exe,56308,0x216C829D570,DXGI,1,0,0,Composed: Flip,2350.6584,NA,8.48210000000000,NA,0.39150000000000,1.75890000000000,NA,2342.5275,8.5224,8.1309,0.3915,2.2377,7.6521,2.7230,4.9291,NA,NA,NA
ExperienceX.exe,56308,0x216C829D570,DXGI,1,0,0,Composed: Flip,2377.6379,NA,26.97950000000000,NA,1.73280000000000,5.91960000000000,NA,2351.0499,28.3208,26.5880,1.7328,32.5008,0.0068,0.0068,0.0000,NA,NA,NA
ExperienceX.exe,56308,0x216838E1150,DXGI,1,0,0,Composed: Flip,2375.3694,NA,24.71040000000000,17.25550000000000,0.49580000000000,2.31200000000000,41.5100,2351.0335,24.8317,24.3359,0.4958,23.1872,3.4607,3.3874,0.0733,-9.6557,2351.0335,NA
ExperienceX.exe,56308,0x216838E1150,DXGI,1,0,0,Composed: Flip,2408.9387,NA,33.56930000000000,NA,0.77980000000000,1.98360000000000,NA,2375.8652,33.8533,33.0735,0.7798,34.6640,0.3931,0.3931,0.0000,NA,NA,NA
ExperienceX.exe,56308,0x216C829D570,DXGI,1,0,0,Composed: Flip,2408.0680,NA,30.43010000000000,83.19190000000000,2.32490000000000,2.46120000000000,24.8574,2379.3707,31.0222,28.6973,2.3249,13.8858,17.2727,3.1935,14.0792,-9.1984,2379.3707,NA
ExperienceX.exe,56308,0x216C829D570,DXGI,1,0,0,Composed: Flip,2417.8304,NA,9.76240000000000,NA,0.37540000000000,2.54860000000000,NA,2410.3929,7.8129,7.4375,0.3754,9.2926,0.6935,0.6421,0.0514,NA,NA,NA
ExperienceX.exe,56308,0x216C7EA03E0,DXGI,1,0,0,Composed: Flip,2343.3455,NA,25.24120000000000,183.39220000000000,0.23350000000000,1.38620000000000,23.0188,2318.4965,25.0825,24.8490,0.2335,21.5714,4.6638,4.6638,0.0000,-2.2303,2318.4965,NA
ExperienceX.exe,56308,0x216C7EA03E0,DXGI,1,0,0,Composed: Flip,2350.6508,NA,7.30530000000000,NA,0.38140000000000,2.20570000000000,NA,2343.5790,7.4532,7.0718,0.3814,8.8383,0.4392,0.4392,0.0000,NA,NA,NA
ExperienceX.exe,56308,0x216C7EA03E0,DXGI,1,0,0,Composed: Flip,2389.6773,NA,39.02650000000000,NA,0.38250000000000,3.37300000000000,NA,2351.0322,39.0276,38.6451,0.3825,32.7931,9.2250,2.3638,6.8612,NA,NA,NA
ExperienceX.exe,56308,0x216C7EA03E0,DXGI,1,0,0,Composed: Flip,2375.5322,NA,0.00000000000000,NA,0.23000000000000,8.01580000000000,NA,2390.0598,0.2300,0.0000,0.2300,0.0000,5.8666,5.8482,0.0184,NA,NA,NA
ExperienceX.exe,56308,0x216C7EA03E0,DXGI,1,0,0,Composed: Flip,2419.7014,NA,44.16920000000000,NA,0.23750000000000,2.77720000000000,NA,2375.7622,44.1767,43.9392,0.2375,44.8623,1.8541,1.4913,0.3628,NA,NA,NA
ExperienceX.exe,56308,0x216C7EA03E0,DXGI,1,0,0,Composed: Flip,2436.8657,NA,17.16430000000000,NA,0.51560000000000,5.61270000000000,NA,2419.9389,17.4424,16.9268,0.5156,22.0927,0.4468,0.4468,0.0000,NA,NA,NA
ExperienceX.exe,56308,0x216838E1150,DXGI,1,0,0,Composed: Flip,2417.8341,NA,8.89540000000000,33.48050000000000,0.58690000000000,1.85140000000000,32.5258,2409.7185,8.7025,8.1156,0.5869,1.2038,8.7632,1.5842,7.1790,25.2045,2409.7185,NA
ExperienceX.exe,56308,0x216838E1150,DXGI,1,0,0,Composed: Flip,2436.8658,NA,19.03170000000000,NA,0.48550000000000,5.16580000000000,NA,2418.4210,18.9303,18.4448,0.4855,23.1906,0.4200,0.4200,0.0000,NA,NA,NA
ExperienceX.exe,56308,0x216838E1150,DXGI,1,0,0,Composed: Flip,2451.8938,NA,15.02800000000000,NA,0.37120000000000,1.94240000000000,NA,2437.3513,14.9137,14.5425,0.3712,5.1271,11.3578,3.0783,8.2795,NA,NA,NA
ExperienceX.exe,56308,0x216C829D570,DXGI,1,0,0,Composed: Flip,2436.8675,NA,19.03710000000000,34.46340000000000,0.48050000000000,4.74410000000000,30.5213,2418.2058,19.1422,18.6617,0.4805,5.2797,18.1261,4.2757,13.8504,4.3717,2418.2058,NA
ExperienceX.exe,56308,0x216C829D570,DXGI,1,0,0,Composed: Flip,2451.8936,NA,15.02610000000000,NA,0.34960000000000,3.59240000000000,NA,2437.3480,14.8952,14.5456,0.3496,17.7724,0.3656,0.3515,0.0141,NA,NA,NA
ExperienceX.exe,56308,0x216C829D570,DXGI,1,0,0,Composed: Flip,2472.7645,NA,20.87090000000000,NA,0.92330000000000,1.77010000000000,NA,2452.2432,21.4446,20.5213,0.9233,21.8939,0.3975,0.3975,0.0000,NA,NA,NA
ExperienceX.exe,56308,0x216C829D570,DXGI,1,0,0,Composed: Flip,2483.9438,NA,11.17930000000000,48.96740000000000,0.54110000000000,3.66760000000000,32.4124,2473.6878,10.7971,10.2560,0.5411,0.8468,13.0768,4.0451,9.0317,6.5146,2473.6878,NA
ExperienceX.exe,56308,0x216838E1150,DXGI,1,0,0,Composed: Flip,2471.9539,NA,20.06010000000000,49.38600000000000,0.31170000000000,1.80360000000000,27.7920,2452.2650,20.0006,19.6889,0.3117,17.6156,3.8769,3.8769,0.0000,-6.8395,2452.2650,NA
ExperienceX.exe,56308,0x216838E1150,DXGI,1,0,0,Composed: Flip,2483.9938,NA,12.03990000000000,NA,0.90280000000000,3.62840000000000,NA,2472.2656,12.6310,11.7282,0.9028,15.3482,0.0084,0.0084,0.0000,NA,NA,NA
ExperienceX.exe,56308,0x216838E1150,DXGI,1,0,0,Composed: Flip,2505.9629,NA,21.96910000000000,NA,0.19090000000000,1.05920000000000,NA,2484.8966,21.2572,21.0663,0.1909,19.1890,2.9365,2.9365,0.0000,NA,NA,NA
ExperienceX.exe,56308,0x216C7EA03E0,DXGI,1,0,0,Composed: Flip,2451.8942,NA,15.02850000000000,116.89460000000001,0.34900000000000,3.22620000000000,31.3647,2437.3813,14.8619,14.5129,0.3490,16.5352,1.2039,1.2039,0.0000,1.9902,2437.3813,NA
ExperienceX.exe,56308,0x216C7EA03E0,DXGI,1,0,0,Composed: Flip,2471.9530,NA,20.05880000000000,NA,0.28150000000000,2.18410000000000,NA,2452.2432,19.9913,19.7098,0.2815,21.5143,0.3796,0.3796,0.0000,NA,NA,NA
ExperienceX.exe,56308,0x216C7EA03E0,DXGI,1,0,0,Composed: Flip,2483.9405,NA,11.98750000000000,NA,0.46370000000000,3.69060000000000,NA,2472.2345,12.1697,11.7060,0.4637,15.3902,0.0064,0.0064,0.0000,NA,NA,NA
ExperienceX.exe,56308,0x216C7EA03E0,DXGI,1,0,0,Composed: Flip,2505.0309,NA,21.09040000000000,NA,0.43490000000000,2.23660000000000,NA,2484.4042,21.0616,20.6267,0.4349,22.6179,0.2454,0.2454,0.0000,NA,NA,NA
ExperienceX.exe,56308,0x216C7EA03E0,DXGI,1,0,0,Composed: Flip,2536.1446,NA,31.11370000000000,NA,1.63550000000000,3.44910000000000,NA,2505.4658,32.3143,30.6788,1.6355,33.9681,0.1598,0.1598,0.0000,NA,NA,NA
ExperienceX.exe,56308,0x216C829D570,DXGI,1,0,0,Composed: Flip,2505.9745,NA,22.03070000000000,33.50450000000000,0.17980000000000,1.69110000000000,43.8862,2484.4849,21.6694,21.4896,0.1798,22.7826,0.3981,0.3981,0.0000,-22.7074,2484.4849,NA
ExperienceX.exe,56308,0x216C829D570,DXGI,1,0,0,Composed: Flip,2536.2488,NA,30.27430000000000,NA,0.58880000000000,3.18510000000000,NA,2506.1543,30.6833,30.0945,0.5888,1.5113,31.7683,5.7275,26.0408,NA,NA,NA
ExperienceX.exe,56308,0x216C829D570,DXGI,1,0,0,Composed: Flip,2552.4998,NA,16.25100000000000,NA,0.38470000000000,8.96280000000000,NA,2536.8376,16.0469,15.6622,0.3847,23.6857,0.9393,0.9248,0.0145,NA,NA,NA
ExperienceX.exe,56308,0x216838E1150,DXGI,1,0,0,Composed: Flip,2534.6157,NA,28.65280000000000,66.57150000000000,0.43190000000000,5.44580000000000,31.7017,2506.1538,28.8938,28.4619,0.4319,33.4399,0.4678,0.4678,0.0000,-12.6827,2506.1538,NA
ExperienceX.exe,56308,0x216838E1150,DXGI,1,0,0,Composed: Flip,2552.4993,NA,17.88360000000000,NA,0.40400000000000,8.02400000000000,NA,2535.0476,17.8557,17.4517,0.4040,24.9005,0.5752,0.5752,0.0000,NA,NA,NA
ExperienceX.exe,56308,0x216838E1150,DXGI,1,0,0,Composed: Flip,2569.5049,NA,17.00560000000000,NA,0.26650000000000,2.48970000000000,NA,2552.9033,16.8681,16.6016,0.2665,18.6442,0.4471,0.4471,0.0000,NA,NA,NA
ExperienceX.exe,56308,0x216C829D570,DXGI,1,0,0,Composed: Flip,2569.8532,NA,17.35340000000000,49.89290000000000,0.11480000000000,1.69430000000000,29.9004,2552.8845,17.0835,16.9687,0.1148,15.9591,2.7039,2.7039,0.0000,18.5067,2552.8845,NA
ExperienceX.exe,56308,0x216C829D570,DXGI,1,0,0,Composed: Flip,2586.7053,NA,16.85210000000000,NA,0.56710000000000,3.88720000000000,NA,2569.9680,17.3044,16.7373,0.5671,20.6092,0.0153,0.0153,0.0000,NA,NA,NA
ExperienceX.exe,56308,0x216C829D570,DXGI,1,0,0,Composed: Flip,2604.8298,NA,18.12450000000000,33.55320000000000,1.70320000000000,5.22230000000000,28.4770,2587.2724,19.2606,17.5574,1.7032,16.3412,6.4385,3.6040,2.8345,0.8347,2587.2724,NA
ExperienceX.exe,56308,0x216838E1150,DXGI,1,0,0,Composed: Flip,2586.7451,NA,17.24020000000000,50.21540000000000,0.46610000000000,3.82860000000000,29.7877,2569.7714,17.4398,16.9737,0.4661,19.4128,1.3895,1.3724,0.0171,13.4022,2569.7714,NA
ExperienceX.exe,56308,0x216838E1150,DXGI,1,0,0,Composed: Flip,2605.0728,NA,18.32770000000000,NA,0.73660000000000,5.99500000000000,NA,2587.2112,18.5982,17.8616,0.7366,23.4605,0.3961,0.3961,0.0000,NA,NA,NA
ExperienceX.exe,56308,0x216838E1150,DXGI,1,0,0,Composed: Flip,2619.3703,NA,14.29750000000000,NA,0.31590000000000,3.68850000000000,NA,2605.8094,13.8768,13.5609,0.3159,17.2411,0.0083,0.0083,0.0000,NA,NA,NA
ExperienceX.exe,56308,0x216C7EA03E0,DXGI,1,0,0,Composed: Flip,2552.5602,NA,16.41560000000000,99.71670000000000,1.21120000000000,7.38790000000000,30.4154,2537.7801,15.9913,14.7801,1.2112,2.2814,19.8866,4.0058,15.8808,0.6821,2537.7801,NA
ExperienceX.exe,56308,0x216C7EA03E0,DXGI,1,0,0,Composed: Flip,2569.9527,NA,17.39250000000000,NA,0.09640000000000,2.47360000000000,NA,2553.7714,16.2777,16.1813,0.0964,18.2232,0.4317,0.4317,0.0000,NA,NA,NA
ExperienceX.exe,56308,0x216C7EA03E0,DXGI,1,0,0,Composed: Flip,2586.7066,NA,16.75390000000000,NA,0.49750000000000,2.19930000000000,NA,2570.0491,17.1550,16.6575,0.4975,2.3772,16.4796,4.1615,12.3181,NA,NA,NA
ExperienceX.exe,56308,0x216C7EA03E0,DXGI,1,0,0,Composed: Flip,2605.8926,NA,19.18600000000000,NA,0.53530000000000,4.77910000000000,NA,2587.2041,19.2238,18.6885,0.5353,22.8480,0.6196,0.6196,0.0000,NA,NA,NA
ExperienceX.exe,56308,0x216C7EA03E0,DXGI,1,0,0,Composed: Flip,2619.3720,NA,13.47940000000000,NA,0.32000000000000,3.67360000000000,NA,2606.4279,13.2641,12.9441,0.3200,16.6096,0.0081,0.0081,0.0000,NA,NA,NA
ExperienceX.exe,56308,0x216C7EA03E0,DXGI,1,0,0,Composed: Flip,2642.4440,NA,23.07200000000000,NA,0.14250000000000,1.16430000000000,NA,2619.6920,22.8945,22.7520,0.1425,23.4597,0.4566,0.4566,0.0000,NA,NA,NA
ExperienceX.exe,56308,0x216838E1150,DXGI,1,0,0,Composed: Flip,2641.4842,NA,22.11390000000000,49.95610000000000,0.24960000000000,1.66750000000000,25.0047,2619.6862,22.0476,21.7980,0.2496,18.9565,4.5090,4.4135,0.0955,-0.0413,2619.6862,NA
ExperienceX.exe,56308,0x216838E1150,DXGI,1,0,0,Composed: Flip,2650.7997,NA,9.31550000000000,NA,0.48300000000000,2.40080000000000,NA,2641.7338,9.5489,9.0659,0.4830,11.2729,0.1938,0.1796,0.0142,NA,NA,NA
ExperienceX.exe,56308,0x216C829D570,DXGI,1,0,0,Composed: Flip,2619.3702,NA,14.54040000000000,16.57020000000000,0.32310000000000,3.66020000000000,30.5068,2606.5330,13.1603,12.8372,0.3231,4.5348,11.9626,3.4376,8.5250,2.6904,2606.5330,NA
ExperienceX.exe,56308,0x216C829D570,DXGI,1,0,0,Composed: Flip,2639.5194,NA,20.14920000000000,NA,0.54990000000000,4.52430000000000,NA,2619.6933,20.3760,19.8261,0.5499,23.9150,0.4354,0.4354,0.0000,NA,NA,NA
ExperienceX.exe,56308,0x216C829D570,DXGI,1,0,0,Composed: Flip,2650.8158,NA,11.29640000000000,NA,0.53100000000000,2.19090000000000,NA,2640.0693,11.2775,10.7465,0.5310,12.3249,0.6125,0.6125,0.0000,NA,NA,NA
ExperienceX.exe,56308,0x216C829D570,DXGI,1,0,0,Composed: Flip,2670.7559,NA,19.94010000000000,NA,0.30260000000000,3.65480000000000,NA,2651.3468,19.7117,19.4091,0.3026,22.1522,0.9117,0.9117,0.0000,NA,NA,NA
ExperienceX.exe,56308,0x216C829D570,DXGI,1,0,0,Composed: Flip,2687.2767,NA,16.52080000000000,NA,0.39560000000000,3.08140000000000,NA,2671.0585,16.6138,16.2182,0.3956,19.0105,0.2891,0.2646,0.0245,NA,NA,NA
ExperienceX.exe,56308,0x216838E1150,DXGI,1,0,0,Composed: Flip,2671.4292,NA,20.62950000000000,50.10160000000000,0.23580000000000,1.66580000000000,45.1613,2651.2827,20.3823,20.1465,0.2358,18.3453,3.4670,2.5493,0.9177,-18.5051,2651.2827,NA
ExperienceX.exe,56308,0x216838E1150,DXGI,1,0,0,Composed: Flip,2687.2774,NA,15.84820000000000,NA,0.38980000000000,2.79160000000000,NA,2671.6650,16.0022,15.6124,0.3898,17.8487,0.5553,0.5553,0.0000,NA,NA,NA
ExperienceX.exe,56308,0x216838E1150,DXGI,1,0,0,Composed: Flip,2715.6278,NA,28.35040000000000,49.83470000000001,0.68680000000000,1.79440000000000,50.7974,2687.6672,28.6474,27.9606,0.6868,28.8308,0.9242,0.8599,0.0643,-13.4502,2687.6672,NA
ExperienceX.exe,56308,0x216838E1150,DXGI,1,0,0,Composed: Flip,2746.4153,NA,30.78750000000000,16.70860000000000,0.48640000000000,1.99310000000000,36.7185,2716.3146,30.5871,30.1007,0.4864,2.2908,29.8030,3.9704,25.8326,11.9388,2716.3146,NA
ExperienceX.exe,56308,0x216838E1150,DXGI,1,0,0,Composed: Flip,2758.3504,NA,11.93510000000000,17.38470000000000,0.55930000000000,1.25860000000000,42.1681,2746.9017,12.0080,11.4487,0.5593,10.7476,1.9597,1.6119,0.3478,13.2024,2746.9017,NA
ExperienceX.exe,56308,0x216C7EA03E0,DXGI,1,0,0,Composed: Flip,2650.9681,NA,8.52410000000000,99.91230000000000,0.32760000000000,1.42610000000000,31.9198,2642.5865,8.7092,8.3816,0.3276,1.4572,8.3505,2.3704,5.9801,4.8941,2642.5865,NA
ExperienceX.exe,56308,0x216C7EA03E0,DXGI,1,0,0,Composed: Flip,2670.3954,NA,19.42730000000000,NA,0.73280000000000,3.10360000000000,NA,2651.2957,19.8325,19.0997,0.7328,21.7993,0.4040,0.4040,0.0000,NA,NA,NA
ExperienceX.exe,56308,0x216C7EA03E0,DXGI,1,0,0,Composed: Flip,2687.2863,NA,16.89090000000000,NA,0.78980000000000,2.22740000000000,NA,2671.1282,16.9479,16.1581,0.7898,3.2825,15.1030,3.1448,11.9582,NA,NA,NA
ExperienceX.exe,56308,0x216C7EA03E0,DXGI,1,0,0,Composed: Flip,2713.0692,NA,25.78290000000000,NA,1.64880000000000,3.42880000000000,NA,2688.0761,26.6419,24.9931,1.6488,27.5765,0.8454,0.8454,0.0000,NA,NA,NA
ExperienceX.exe,56308,0x216C7EA03E0,DXGI,1,0,0,Composed: Flip,2746.5078,NA,33.43860000000000,NA,0.27560000000000,2.34360000000000,NA,2714.7180,32.0654,31.7898,0.2756,33.6904,0.4430,0.4430,0.0000,NA,NA,NA
ExperienceX.exe,56308,0x216C7EA03E0,DXGI,1,0,0,Composed: Flip,2755.8467,NA,9.33890000000000,NA,0.26120000000000,1.29990000000000,NA,2746.7834,9.3245,9.0633,0.2612,3.4067,6.9565,3.2972,3.6593,NA,NA,NA
ExperienceX.exe,56308,0x216C7EA03E0,DXGI,1,0,0,Composed: Flip,2772.0282,NA,16.18150000000000,NA,1.55240000000000,2.30070000000000,NA,2756.1079,17.4727,15.9203,1.5524,18.0006,0.2204,0.1959,0.0245,NA,NA,NA
ExperienceX.exe,56308,0x216838E1150,DXGI,1,0,0,Composed: Flip,2769.8182,NA,11.46780000000000,16.00360000000000,0.43880000000000,2.19910000000000,46.7039,2758.9097,11.3473,10.9085,0.4388,1.3912,11.7164,2.8892,8.8272,-3.9956,2758.9097,NA
ExperienceX.exe,56308,0x216838E1150,DXGI,1,0,0,Composed: Flip,2797.8465,NA,28.02830000000000,NA,1.27730000000000,5.08800000000000,NA,2770.2570,28.8668,27.5895,1.2773,32.6664,0.0111,0.0111,0.0000,NA,NA,NA
ExperienceX.exe,56308,0x216C7EA03E0,DXGI,1,0,0,Composed: Flip,2795.7014,NA,23.67320000000000,167.05680000000001,3.57290000000000,7.22200000000000,54.2433,2773.5806,25.6937,22.1208,3.5729,27.9155,1.4273,1.4273,0.0000,-36.0627,2773.5806,NA
ExperienceX.exe,56308,0x216838E1150,DXGI,1,0,0,Composed: Flip,2826.5263,NA,28.67980000000000,49.78050000000000,0.58980000000000,10.11970000000000,39.7763,2799.1238,27.9923,27.4025,0.5898,3.8107,33.7115,7.1062,26.6053,-9.5664,2799.1238,NA
ExperienceX.exe,56308,0x216838E1150,DXGI,1,0,0,Composed: Flip,2851.0734,NA,24.54710000000000,NA,0.84670000000000,4.94110000000000,NA,2827.1161,24.8040,23.9573,0.8467,28.5943,0.3041,0.3041,0.0000,NA,NA,NA
ExperienceX.exe,56308,0x216838E1150,DXGI,1,0,0,Composed: Flip,2872.6107,NA,21.53730000000000,33.72840000000000,3.57220000000000,4.77470000000000,27.4203,2851.9201,24.2628,20.6906,3.5722,22.4037,3.0616,2.4889,0.5727,19.0679,2851.9201,NA
ExperienceX.exe,56308,0x216C7EA03E0,DXGI,1,0,0,Composed: Flip,2851.0340,NA,55.33260000000000,33.02590000000000,0.55200000000000,4.67640000000000,31.9366,2799.2743,52.3117,51.7597,0.5520,52.3318,4.1043,2.3636,1.7407,-7.3322,2799.2743,NA
ExperienceX.exe,56308,0x216C7EA03E0,DXGI,1,0,0,Composed: Flip,2872.6074,NA,21.57340000000000,NA,3.17460000000000,6.21870000000000,NA,2851.5860,24.1960,21.0214,3.1746,26.2228,1.0173,1.0173,0.0000,NA,NA,NA
ExperienceX.exe,56308,0x216C7EA03E0,DXGI,1,0,0,Composed: Flip,2886.3360,NA,13.72860000000000,NA,0.56630000000000,2.29970000000000,NA,2875.7820,11.1203,10.5540,0.5663,12.2498,0.6039,0.5951,0.0088,NA,NA,NA
ExperienceX.exe,56308,0x216838E1150,DXGI,1,0,0,Composed: Flip,2886.3358,NA,13.72510000000000,16.45960000000000,0.39040000000000,1.23200000000000,30.1548,2876.1829,10.5433,10.1529,0.3904,2.6432,8.7417,2.1926,6.5491,7.8032,2876.1829,NA
ExperienceX.exe,56308,0x216838E1150,DXGI,1,0,0,Composed: Flip,2905.2803,NA,18.94450000000000,NA,0.66270000000000,2.54250000000000,NA,2886.7262,19.2168,18.5541,0.6627,20.6418,0.4548,0.4548,0.0000,NA,NA,NA
ExperienceX.exe,56308,0x216838E1150,DXGI,1,0,0,Composed: Flip,2924.3231,NA,19.04280000000000,33.53260000000000,1.79650000000000,3.76000000000000,25.7001,2905.9430,20.1766,18.3801,1.7965,20.7793,1.3608,1.3608,0.0000,-3.7725,2905.9430,NA
ExperienceX.exe,56308,0x216C7EA03E0,DXGI,1,0,0,Composed: Flip,2905.7264,NA,19.39040000000000,66.84490000000001,0.26780000000000,3.02220000000000,44.0891,2886.9023,19.0919,18.8241,0.2678,20.9205,0.9258,0.9258,0.0000,20.7831,2886.9023,NA
ExperienceX.exe,56308,0x216C7EA03E0,DXGI,1,0,0,Composed: Flip,2923.1580,NA,17.43160000000000,NA,0.43390000000000,3.54720000000000,NA,2905.9942,17.5977,17.1638,0.4339,2.7544,17.9566,4.2737,13.6829,NA,NA,NA
ExperienceX.exe,56308,0x216C7EA03E0,DXGI,1,0,0,Composed: Flip,2943.2037,NA,20.04570000000000,NA,0.18620000000000,1.94930000000000,NA,2923.5919,19.7980,19.6118,0.1862,21.1262,0.4349,0.4349,0.0000,NA,NA,NA
ExperienceX.exe,56308,0x216838E1150,DXGI,1,0,0,Composed: Flip,2939.2994,NA,14.97630000000000,16.36330000000000,0.61670000000000,3.73610000000000,27.0871,2926.1196,13.7965,13.1798,0.6167,1.9635,14.9524,2.3938,12.5586,3.8133,2926.1196,NA
ExperienceX.exe,56308,0x216C7EA03E0,DXGI,1,0,0,Composed: Flip,2953.2551,NA,10.05140000000000,50.01410000000000,0.35300000000000,3.08700000000000,46.5745,2943.3899,10.2182,9.8652,0.3530,12.3741,0.5781,0.5781,0.0000,6.4735,2943.3899,NA
ExperienceX.exe,56308,0x216C7EA03E0,DXGI,1,0,0,Composed: Flip,2974.3216,NA,21.06650000000000,NA,0.71840000000000,1.68870000000000,NA,2953.6081,21.4319,20.7135,0.7184,18.1447,4.2575,3.9445,0.3130,NA,NA,NA
ExperienceX.exe,56308,0x216838E1150,DXGI,1,0,0,Composed: Flip,2975.0923,NA,35.79290000000000,50.12440000000000,0.54720000000000,1.62530000000000,41.4186,2939.9161,35.7234,35.1762,0.5472,36.3601,0.4414,0.4414,0.0000,-36.3279,2939.9161,NA
ExperienceX.exe,56308,0x216838E1150,DXGI,1,0,0,Composed: Flip,2998.7435,NA,23.65120000000000,NA,0.36730000000000,2.71700000000000,NA,2975.6395,23.4713,23.1040,0.3673,25.4319,0.3891,0.3891,0.0000,NA,NA,NA
ExperienceX.exe,56308,0x216838E1150,DXGI,1,0,0,Composed: Flip,3033.6714,NA,34.92790000000000,66.51310000000001,0.52000000000000,1.52010000000000,49.3526,2999.1108,35.0806,34.5606,0.5200,2.3497,33.7310,6.1431,27.5879,-7.3184,2999.1108,NA
ExperienceX.exe,56308,0x216C829D570,DXGI,1,0,0,Composed: Flip,2714.0471,NA,26.77040000000000,99.96750000000000,0.39370000000000,1.60550000000000,35.7974,2687.6723,26.7685,26.3748,0.3937,24.4070,3.5733,3.4408,0.1325,-18.8282,2687.6723,NA
ExperienceX.exe,56308,0x216C829D570,DXGI,1,0,0,Composed: Flip,2717.6766,NA,3.62950000000000,NA,0.09910000000000,0.92880000000000,NA,2714.4408,3.3349,3.2358,0.0991,3.1063,1.0583,0.9553,0.1030,NA,NA,NA
ExperienceX.exe,56308,0x216C829D570,DXGI,1,0,0,Composed: Flip,2746.3656,NA,28.68900000000000,NA,0.57970000000000,3.42200000000000,NA,2717.7757,29.1696,28.5899,0.5797,31.0757,0.9362,0.9158,0.0204,NA,NA,NA
ExperienceX.exe,56308,0x216C829D570,DXGI,1,0,0,Composed: Flip,2770.5523,NA,24.18670000000000,NA,0.21450000000000,3.55620000000000,NA,2746.9453,23.8215,23.6070,0.2145,25.0720,2.0912,2.0912,0.0000,NA,NA,NA
ExperienceX.exe,56308,0x216C829D570,DXGI,1,0,0,Composed: Flip,2798.7491,NA,28.19680000000000,NA,0.58040000000000,2.74700000000000,NA,2770.7668,28.5627,27.9823,0.5804,4.7073,26.0220,5.3119,20.7101,NA,NA,NA
ExperienceX.exe,56308,0x216C829D570,DXGI,1,0,0,Composed: Flip,2828.6044,NA,29.85530000000000,NA,0.60080000000000,10.81930000000000,NA,2799.3295,29.8757,29.2749,0.6008,37.7028,2.3914,2.3726,0.0188,NA,NA,NA
ExperienceX.exe,56308,0x216C829D570,DXGI,1,0,0,Composed: Flip,2851.0530,NA,22.44860000000000,NA,0.54030000000000,6.15670000000000,NA,2829.2052,22.3881,21.8478,0.5403,26.8093,1.1952,1.1690,0.0262,NA,NA,NA
ExperienceX.exe,56308,0x216C829D570,DXGI,1,0,0,Composed: Flip,2872.6104,NA,21.55740000000000,NA,3.19750000000000,5.19840000000000,NA,2851.5933,24.2146,21.0171,3.1975,25.7921,0.4234,0.4234,0.0000,NA,NA,NA
ExperienceX.exe,56308,0x216C829D570,DXGI,1,0,0,Composed: Flip,2886.3422,NA,13.73180000000000,NA,0.26590000000000,1.68960000000000,NA,2875.8079,10.8002,10.5343,0.2659,11.7599,0.4640,0.4640,0.0000,NA,NA,NA
ExperienceX.exe,56308,0x216C829D570,DXGI,1,0,0,Composed: Flip,2905.3846,NA,19.04240000000000,NA,0.31350000000000,1.98340000000000,NA,2886.6081,19.0900,18.7765,0.3135,16.7753,3.9846,3.7509,0.2337,NA,NA,NA
ExperienceX.exe,56308,0x216C829D570,DXGI,1,0,0,Composed: Flip,2923.1510,NA,17.76640000000000,NA,0.54100000000000,3.57130000000000,NA,2905.6981,17.9939,17.4529,0.5410,21.0071,0.0171,0.0171,0.0000,NA,NA,NA
ExperienceX.exe,56308,0x216C829D570,DXGI,1,0,0,Composed: Flip,2942.8818,NA,19.73080000000000,NA,0.35080000000000,1.83630000000000,NA,2923.6920,19.5406,19.1898,0.3508,19.5476,1.4785,1.4785,0.0000,NA,NA,NA
ExperienceX.exe,56308,0x216C829D570,DXGI,1,0,0,Composed: Flip,2953.2462,NA,10.36440000000000,NA,0.35890000000000,3.49770000000000,NA,2943.2326,10.3725,10.0136,0.3589,13.1095,0.4018,0.3879,0.0139,NA,NA,NA
ExperienceX.exe,56308,0x216C829D570,DXGI,1,0,0,Composed: Flip,2974.3913,NA,21.14510000000000,NA,0.90530000000000,1.88490000000000,NA,2953.6051,21.6915,20.7862,0.9053,22.4052,0.2659,0.2659,0.0000,NA,NA,NA
ExperienceX.exe,56308,0x216C829D570,DXGI,1,0,0,Composed: Flip,2998.2294,NA,23.83810000000000,NA,0.55290000000000,2.60350000000000,NA,2975.2966,23.4857,22.9328,0.5529,1.4210,24.1153,5.1376,18.9777,NA,NA,NA
ExperienceX.exe,56308,0x216C829D570,DXGI,1,0,0,Composed: Flip,3033.6176,NA,35.38820000000000,NA,0.45330000000000,1.95170000000000,NA,2998.7823,35.2886,34.8353,0.4533,36.4092,0.3778,0.3778,0.0000,NA,NA,NA
ExperienceX.exe,56308,0x216C829D570,DXGI,1,0,0,Composed: Flip,3060.1726,NA,26.55500000000000,NA,1.98590000000000,4.65890000000000,NA,3034.0709,28.0876,26.1017,1.9859,30.4370,0.3236,0.3236,0.0000,NA,NA,NA
ExperienceX.exe,56308,0x216838E1150,DXGI,1,0,0,Composed: Flip,3062.8919,NA,29.22050000000000,16.85250000000000,0.28170000000000,2.44500000000000,36.9846,3034.1914,28.9822,28.7005,0.2817,30.6401,0.5054,0.5054,0.0000,18.2281,3034.1914,NA
ExperienceX.exe,56308,0x216838E1150,DXGI,1,0,0,Composed: Flip,3084.2452,NA,21.35330000000000,NA,0.43570000000000,2.84990000000000,NA,3063.1736,21.5073,21.0716,0.4357,23.8940,0.0275,0.0275,0.0000,NA,NA,NA
ExperienceX.exe,56308,0x216C829D570,DXGI,1,0,0,Composed: Flip,3084.2274,NA,24.05480000000000,366.38730000000004,0.90000000000000,2.72740000000000,32.0044,3062.1585,22.9689,22.0689,0.9000,3.1784,21.6179,3.3278,18.2901,8.0989,3062.1585,NA
ExperienceX.exe,56308,0x216C829D570,DXGI,1,0,0,Composed: Flip,3101.9287,NA,17.70130000000000,NA,3.20310000000000,5.56750000000000,NA,3085.1274,20.0044,16.8013,3.2031,19.9217,2.4471,2.4471,0.0000,NA,NA,NA
ExperienceX.exe,56308,0x216838E1150,DXGI,1,0,0,Composed: Flip,3101.9198,NA,17.67460000000000,33.15920000000000,0.80590000000000,3.12930000000000,31.1159,3084.6809,18.0448,17.2389,0.8059,18.1772,2.1910,2.1910,0.0000,17.3303,3084.6809,NA
ExperienceX.exe,56308,0x216838E1150,DXGI,1,0,0,Composed: Flip,3120.4874,NA,18.56760000000000,NA,0.19820000000000,1.23370000000000,NA,3102.7257,17.9599,17.7617,0.1982,5.0065,13.9889,1.6703,12.3186,NA,NA,NA
ExperienceX.exe,56308,0x216C7EA03E0,DXGI,1,0,0,Composed: Flip,2998.6505,NA,24.32890000000000,50.10300000000000,0.39720000000000,2.42090000000000,51.2821,2975.0400,24.0077,23.6105,0.3972,25.7929,0.2385,0.2385,0.0000,-18.4529,2975.0400,NA
ExperienceX.exe,56308,0x216C7EA03E0,DXGI,1,0,0,Composed: Flip,3033.7074,NA,35.05690000000000,NA,0.31630000000000,2.28850000000000,NA,2999.0477,34.9760,34.6597,0.3163,36.5216,0.4266,0.4266,0.0000,NA,NA,NA
ExperienceX.exe,56308,0x216C7EA03E0,DXGI,1,0,0,Composed: Flip,3060.1693,NA,26.46190000000000,NA,0.36300000000000,4.33860000000000,NA,3034.0237,26.5086,26.1456,0.3630,1.9722,28.5120,4.7817,23.7303,NA,NA,NA
ExperienceX.exe,56308,0x216C7EA03E0,DXGI,1,0,0,Composed: Flip,3084.2297,NA,24.06040000000000,NA,0.67420000000000,2.79520000000000,NA,3060.5323,24.3716,23.6974,0.6742,26.4651,0.0275,0.0275,0.0000,NA,NA,NA
ExperienceX.exe,56308,0x216C7EA03E0,DXGI,1,0,0,Composed: Flip,3106.4251,NA,22.19540000000000,NA,0.26880000000000,1.30710000000000,NA,3084.9039,21.7900,21.5212,0.2688,22.5923,0.2360,0.2360,0.0000,NA,NA,NA
ExperienceX.exe,56308,0x216C7EA03E0,DXGI,1,0,0,Composed: Flip,3120.4867,NA,14.06160000000000,NA,0.19660000000000,1.96490000000000,NA,3106.6939,13.9894,13.7928,0.1966,15.5494,0.2083,0.1966,0.0117,NA,NA,NA
ExperienceX.exe,56308,0x216C7EA03E0,DXGI,1,0,0,Composed: Flip,3136.0996,NA,15.61290000000000,NA,0.10850000000000,2.18160000000000,NA,3120.6833,15.5248,15.4163,0.1085,16.7507,0.8472,0.8472,0.0000,NA,NA,NA
ExperienceX.exe,56308,0x216838E1150,DXGI,1,0,0,Composed: Flip,3134.5317,NA,14.04430000000000,33.22840000000000,1.49260000000000,2.90230000000000,31.7324,3120.6856,15.3387,13.8461,1.4926,14.4490,2.2994,2.2994,0.0000,2.7763,3120.6856,NA
ExperienceX.exe,56308,0x216838E1150,DXGI,1,0,0,Composed: Flip,3151.2547,NA,16.72300000000000,NA,0.37010000000000,3.28230000000000,NA,3136.0243,15.6005,15.2304,0.3701,18.5058,0.0069,0.0069,0.0000,NA,NA,NA
ExperienceX.exe,56308,0x216C829D570,DXGI,1,0,0,Composed: Flip,3120.4879,NA,18.55920000000000,33.63980000000000,0.19550000000000,1.75540000000000,29.3837,3105.1318,15.5516,15.3561,0.1955,16.5893,0.5222,0.5222,0.0000,9.3335,3105.1318,NA
ExperienceX.exe,56308,0x216C829D570,DXGI,1,0,0,Composed: Flip,3135.7713,NA,15.28340000000000,NA,0.28740000000000,2.92830000000000,NA,3120.6834,15.3753,15.0879,0.2874,17.5978,0.4184,0.4184,0.0000,NA,NA,NA
ExperienceX.exe,56308,0x216C829D570,DXGI,1,0,0,Composed: Flip,3151.1480,NA,15.37670000000000,NA,0.47950000000000,3.37950000000000,NA,3136.0587,15.5688,15.0893,0.4795,18.4560,0.0128,0.0128,0.0000,NA,NA,NA
ExperienceX.exe,56308,0x216C829D570,DXGI,1,0,0,Composed: Flip,3170.8010,NA,19.65300000000000,NA,0.23770000000000,1.93360000000000,NA,3151.6275,19.4112,19.1735,0.2377,20.6345,0.4726,0.4726,0.0000,NA,NA,NA
ExperienceX.exe,56308,0x216838E1150,DXGI,1,0,0,Composed: Flip,3168.4983,NA,17.24360000000000,33.39080000000000,0.35740000000000,5.77530000000000,31.1566,3151.6248,17.2309,16.8735,0.3574,21.1098,1.5390,1.5390,0.0000,-2.4516,3151.6248,NA
ExperienceX.exe,56308,0x216838E1150,DXGI,1,0,0,Composed: Flip,3183.8833,NA,15.38500000000000,NA,0.24660000000000,5.46500000000000,NA,3168.8557,15.2742,15.0276,0.2466,20.2926,0.2000,0.1839,0.0161,NA,NA,NA
ExperienceX.exe,56308,0x216838E1150,DXGI,1,0,0,Composed: Flip,3205.2450,NA,21.36170000000000,50.40980000000000,0.47800000000000,4.69690000000000,44.8197,3184.1299,21.5931,21.1151,0.4780,19.0409,6.7711,5.1784,1.5927,-17.9047,3184.1299,NA
ExperienceX.exe,56308,0x216838E1150,DXGI,1,0,0,Composed: Flip,3229.0131,NA,23.76810000000000,16.25900000000000,0.34850000000000,5.96620000000000,37.3106,3205.7230,23.6386,23.2901,0.3485,7.3386,21.9177,9.3038,12.6139,5.3341,3205.7230,NA
ExperienceX.exe,56308,0x216C829D570,DXGI,1,0,0,Composed: Flip,3183.8479,NA,13.04690000000000,83.38220000000000,0.28210000000000,5.30040000000000,49.4059,3171.0387,13.0913,12.8092,0.2821,17.2965,0.8131,0.8131,0.0000,-17.4753,3171.0387,NA
ExperienceX.exe,56308,0x216C829D570,DXGI,1,0,0,Composed: Flip,3205.1410,NA,21.29310000000000,NA,0.38660000000000,7.92060000000000,NA,3184.1300,21.3976,21.0110,0.3866,28.4222,0.5094,0.5094,0.0000,NA,NA,NA
ExperienceX.exe,56308,0x216C829D570,DXGI,1,0,0,Composed: Flip,3228.9634,NA,23.82240000000000,NA,0.33460000000000,7.20170000000000,NA,3205.5276,23.7704,23.4358,0.3346,29.9675,0.6700,0.6700,0.0000,NA,NA,NA
ExperienceX.exe,56308,0x216C829D570,DXGI,1,0,0,Composed: Flip,3251.0055,NA,22.04210000000000,NA,0.49010000000000,5.44350000000000,NA,3229.2980,22.1976,21.7075,0.4901,26.7391,0.4119,0.4119,0.0000,NA,NA,NA
ExperienceX.exe,56308,0x216C829D570,DXGI,1,0,0,Composed: Flip,3272.7259,NA,21.72040000000000,NA,0.47520000000000,8.72140000000000,NA,3251.4956,21.7055,21.2303,0.4752,29.4554,0.4963,0.4963,0.0000,NA,NA,NA
ExperienceX.exe,56308,0x216C7EA03E0,DXGI,1,0,0,Composed: Flip,3151.1487,NA,15.04910000000000,133.03630000000001,0.47430000000000,3.35900000000000,31.8202,3136.2081,15.4149,14.9406,0.4743,2.4915,15.8081,3.6662,12.1419,28.1318,3136.2081,NA
ExperienceX.exe,56308,0x216C7EA03E0,DXGI,1,0,0,Composed: Flip,3168.5017,NA,17.35300000000000,NA,0.35190000000000,3.76030000000000,NA,3151.6230,17.2306,16.8787,0.3519,17.6951,2.9439,2.8767,0.0672,NA,NA,NA
ExperienceX.exe,56308,0x216C7EA03E0,DXGI,1,0,0,Composed: Flip,3183.8569,NA,15.35520000000000,NA,0.27300000000000,4.47830000000000,NA,3168.8536,15.2763,15.0033,0.2730,5.4200,14.0616,5.5588,8.5028,NA,NA,NA
ExperienceX.exe,56308,0x216C7EA03E0,DXGI,1,0,0,Composed: Flip,3205.3808,NA,21.52390000000000,NA,0.34830000000000,7.17140000000000,NA,3184.1299,21.5992,21.2509,0.3483,25.8120,2.6103,2.6103,0.0000,NA,NA,NA
ExperienceX.exe,56308,0x216C7EA03E0,DXGI,1,0,0,Composed: Flip,3229.6908,NA,24.31000000000000,NA,0.11750000000000,5.80430000000000,NA,3205.7291,24.0792,23.9617,0.1175,29.2502,0.5158,0.5158,0.0000,NA,NA,NA
ExperienceX.exe,56308,0x216C7EA03E0,DXGI,1,0,0,Composed: Flip,3250.9983,NA,21.30750000000000,NA,0.49400000000000,6.05150000000000,NA,3229.8083,21.6840,21.1900,0.4940,26.6407,0.6008,0.5846,0.0162,NA,NA,NA
ExperienceX.exe,56308,0x216C7EA03E0,DXGI,1,0,0,Composed: Flip,3288.8626,NA,37.86430000000000,NA,0.59210000000000,5.29050000000000,NA,3251.4923,37.9624,37.3703,0.5921,31.0557,11.6051,9.8325,1.7726,NA,NA,NA
ExperienceX.exe,56308,0x216838E1150,DXGI,1,0,0,Composed: Flip,3251.2295,NA,22.21640000000000,34.81070000000000,0.89400000000000,4.80760000000000,49.9049,3229.3616,22.7619,21.8679,0.8940,6.8035,19.8720,8.0002,11.8718,-11.1721,3229.3616,NA
ExperienceX.exe,56308,0x216838E1150,DXGI,1,0,0,Composed: Flip,3272.7262,NA,21.49670000000000,NA,0.47410000000000,9.82180000000000,NA,3252.1235,21.0768,20.6027,0.4741,29.3238,1.1007,1.1007,0.0000,NA,NA,NA
ExperienceX.exe,56308,0x216C829D570,DXGI,1,0,0,Composed: Flip,3288.7609,NA,16.03500000000000,83.06180000000001,0.63450000000000,6.85690000000000,27.5547,3273.2011,16.1943,15.5598,0.6345,20.9520,1.4647,1.4647,0.0000,19.1006,3273.2011,NA
ExperienceX.exe,56308,0x216C829D570,DXGI,1,0,0,Composed: Flip,3304.2891,NA,15.52820000000000,NA,0.26340000000000,8.64070000000000,NA,3289.3954,15.1571,14.8937,0.2634,14.1942,9.3402,9.3402,0.0000,NA,NA,NA
ExperienceX.exe,56308,0x216C829D570,DXGI,1,0,0,Composed: Flip,3317.7801,NA,13.49100000000000,49.98430000000000,0.88080000000000,6.06000000000000,48.5198,3304.5525,14.1084,13.2276,0.8808,13.4042,5.8834,5.8834,0.0000,-18.6329,3304.5525,NA
ExperienceX.exe,56308,0x0,Other,-1,0,0,Composed: Flip,1835.6607,NA,851.94540000000006,916.64630000000000,0.00000000000000,4.07630000000000,30.5133,983.7153,851.9454,851.9454,0.0000,851.0238,4.9979,4.9979,0.0000,-749.8563,983.7153,NA
ExperienceX.exe,56308,0x0,Other,-1,0,0,Composed: Flip,2185.4776,NA,349.81690000000003,NA,0.00000000000000,0.29060000000000,NA,1835.6607,349.8169,349.8169,0.0000,349.4303,0.6772,0.6772,0.0000,NA,NA,NA
ExperienceX.exe,56308,0x0,Other,-1,0,0,Composed: Flip,2830.7832,NA,645.30560000000003,NA,0.00000000000000,6.24910000000000,NA,2185.4776,645.3056,645.3056,0.0000,651.1684,0.3863,0.3863,0.0000,NA,NA,NA
ExperienceX.exe,56308,0x0,Other,-1,0,0,Composed: Flip,2955.1484,NA,124.36520000000000,NA,0.00000000000000,0.16900000000000,NA,2830.7832,124.3652,124.3652,0.0000,114.3698,10.1644,2.6817,7.4827,NA,NA,NA
ExperienceX.exe,56308,0x216838E1150,DXGI,1,0,0,Composed: Flip,3291.5803,NA,18.85410000000000,31.85160000000000,0.29380000000000,9.39210000000000,41.4057,3273.2003,18.6738,18.3800,0.2938,22.4175,5.3546,4.8136,0.5410,11.9871,3273.2003,NA
ExperienceX.exe,56308,0x216838E1150,DXGI,1,0,0,Composed: Flip,3317.5018,NA,25.92150000000000,NA,0.37150000000000,6.73550000000000,NA,3291.8741,25.9992,25.6277,0.3715,31.9660,0.3972,0.3972,0.0000,NA,NA,NA
ExperienceX.exe,56308,0x216838E1150,DXGI,1,0,0,Composed: Flip,3339.2786,NA,21.77680000000000,NA,0.34700000000000,8.41090000000000,NA,3317.8733,21.7523,21.4053,0.3470,29.0029,0.8133,0.8133,0.0000,NA,NA,NA
ExperienceX.exe,56308,0x216838E1150,DXGI,1,0,0,Composed: Flip,3351.7318,NA,12.45320000000000,NA,0.36890000000000,4.53840000000000,NA,3339.6256,12.4751,12.1062,0.3689,8.0639,8.5807,7.1284,1.4523,NA,NA,NA
ExperienceX.exe,56308,0x216838E1150,DXGI,1,0,0,Composed: Flip,3370.7497,NA,19.01790000000000,83.43030000000000,0.18110000000000,5.76110000000000,45.6666,3352.1007,18.8301,18.6490,0.1811,23.7313,0.6788,0.6788,0.0000,-4.5299,3352.1007,NA
ExperienceX.exe,56308,0x216838E1150,DXGI,1,0,0,Composed: Flip,3390.4578,NA,19.70810000000000,16.92700000000000,0.22610000000000,5.57750000000000,42.8855,3370.9308,19.7531,19.5270,0.2261,23.7470,1.3575,1.3575,0.0000,1.9031,3370.9308,NA
ExperienceX.exe,56308,0x216838E1150,DXGI,1,0,0,Composed: Flip,3416.2378,NA,25.78000000000000,33.11330000000000,0.96530000000000,5.50950000000000,50.2188,3390.6839,26.5192,25.5539,0.9653,5.3514,25.7120,5.7756,19.9364,-13.3602,3390.6839,NA
ExperienceX.exe,56308,0x216C7EA03E0,DXGI,1,0,0,Composed: Flip,3272.7279,NA,0.00000000000000,133.49010000000001,0.55840000000000,8.22310000000000,43.7311,3289.4547,0.5584,0.0000,0.5584,0.0000,7.1673,6.6583,0.5090,19.7565,3289.4547,NA
ExperienceX.exe,56308,0x216C7EA03E0,DXGI,1,0,0,Composed: Flip,3304.2303,NA,31.50240000000000,NA,0.83580000000000,9.23940000000000,NA,3273.2863,31.7798,30.9440,0.8358,39.6435,0.5399,0.5212,0.0187,NA,NA,NA
ExperienceX.exe,56308,0x216C7EA03E0,DXGI,1,0,0,Composed: Flip,3317.5016,NA,13.27130000000000,NA,0.37250000000000,7.52850000000000,NA,3305.0661,12.8080,12.4355,0.3725,19.1712,0.7928,0.7824,0.0104,NA,NA,NA
ExperienceX.exe,56308,0x216C7EA03E0,DXGI,1,0,0,Composed: Flip,3340.2549,NA,22.75330000000000,NA,0.24430000000000,6.62130000000000,NA,3317.8741,22.6251,22.3808,0.2443,28.2072,0.7949,0.7949,0.0000,NA,NA,NA
ExperienceX.exe,56308,0x216C7EA03E0,DXGI,1,0,0,Composed: Flip,3370.2473,NA,29.99240000000000,NA,0.26860000000000,5.07260000000000,NA,3340.4992,30.0167,29.7481,0.2686,27.9809,6.8398,6.8398,0.0000,NA,NA,NA
ExperienceX.exe,56308,0x216C7EA03E0,DXGI,1,0,0,Composed: Flip,3389.5004,NA,19.25310000000000,NA,0.56570000000000,3.20960000000000,NA,3370.5159,19.5502,18.9845,0.5657,5.9949,16.1992,5.4604,10.7388,NA,NA,NA
ExperienceX.exe,56308,0x216C7EA03E0,DXGI,1,0,0,Composed: Flip,3419.7953,NA,30.29490000000000,NA,0.40330000000000,4.05600000000000,NA,3390.0661,30.1325,29.7292,0.4033,31.6812,2.1040,2.1040,0.0000,NA,NA,NA
ExperienceX.exe,56308,0x216C7EA03E0,DXGI,1,0,0,Composed: Flip,3440.9911,NA,21.19580000000000,NA,1.21480000000000,4.12380000000000,NA,3420.1986,22.0073,20.7925,1.2148,18.9080,6.0083,5.3719,0.6364,NA,NA,NA
ExperienceX.exe,56308,0x216838E1150,DXGI,1,0,0,Composed: Flip,3440.0154,NA,23.77760000000000,0.12530000000000,1.67830000000000,6.43780000000000,26.5665,3417.2031,24.4906,22.8123,1.6783,27.9118,1.3383,1.3383,0.0000,26.3939,3417.2031,NA
ExperienceX.exe,56308,0x216838E1150,DXGI,1,0,0,Composed: Flip,3450.7632,NA,10.74780000000000,NA,0.32130000000000,4.64530000000000,NA,3441.6937,9.3908,9.0695,0.3213,5.2157,8.4991,8.4991,0.0000,NA,NA,NA
ExperienceX.exe,56308,0x216838E1150,DXGI,1,0,0,Composed: Flip,3468.2610,NA,17.49780000000000,49.82210000000000,0.34400000000000,9.26060000000000,48.1430,3451.0845,17.5205,17.1765,0.3440,18.0015,8.4356,6.9554,1.4802,-15.9407,3451.0845,NA
ExperienceX.exe,56308,0x216838E1150,DXGI,1,0,0,Composed: Flip,3493.6482,NA,25.38720000000000,16.57660000000000,0.94800000000000,3.73510000000000,39.3324,3468.6050,25.9912,25.0432,0.9480,26.3443,2.4340,2.4267,0.0073,0.9439,3468.6050,NA
ExperienceX.exe,56308,0x216838E1150,DXGI,1,0,0,Composed: Flip,3509.0523,NA,15.40410000000000,16.80180000000000,0.49370000000000,2.83600000000000,40.7301,3494.5962,14.9498,14.4561,0.4937,2.7871,14.5050,3.7980,10.7070,9.1894,3494.5962,NA
ExperienceX.exe,56308,0x216C7EA03E0,DXGI,1,0,0,Composed: Flip,3450.7481,NA,9.75700000000000,166.57370000000000,0.33650000000000,6.14140000000000,32.2846,3442.2059,8.8787,8.5422,0.3365,13.6498,1.0338,1.0168,0.0170,-13.8225,3442.2059,NA
ExperienceX.exe,56308,0x216C7EA03E0,DXGI,1,0,0,Composed: Flip,3469.7487,NA,19.00060000000000,NA,0.28980000000000,7.78490000000000,NA,3451.0846,18.9539,18.6641,0.2898,26.4370,0.0120,0.0120,0.0000,NA,NA,NA
ExperienceX.exe,56308,0x216C7EA03E0,DXGI,1,0,0,Composed: Flip,3490.5805,NA,20.83180000000000,NA,0.58080000000000,4.36880000000000,NA,3470.0385,21.1228,20.5420,0.5808,24.4737,0.4371,0.4371,0.0000,NA,NA,NA
ExperienceX.exe,56308,0x216C7EA03E0,DXGI,1,0,0,Composed: Flip,3512.3209,NA,21.74040000000000,NA,0.27810000000000,3.35040000000000,NA,3491.1613,21.4377,21.1596,0.2781,20.7270,3.7830,3.7830,0.0000,NA,NA,NA
ExperienceX.exe,56308,0x216C7EA03E0,DXGI,1,0,0,Composed: Flip,3537.6245,NA,25.30360000000000,NA,0.33670000000000,5.63300000000000,NA,3512.5990,25.3622,25.0255,0.3367,29.3463,1.3122,1.3122,0.0000,NA,NA,NA
ExperienceX.exe,56308,0x216838E1150,DXGI,1,0,0,Composed: Flip,3538.8120,NA,29.75970000000000,16.74080000000000,0.17550000000000,7.45160000000000,27.7112,3509.5460,29.4415,29.2660,0.1755,33.7115,3.0061,3.0061,0.0000,-1.7910,3509.5460,NA
ExperienceX.exe,56308,0x216838E1150,DXGI,1,0,0,Composed: Flip,3553.0808,NA,14.26880000000000,NA,0.34400000000000,8.98320000000000,NA,3538.9875,14.4373,14.0933,0.3440,20.3544,2.7221,2.7221,0.0000,NA,NA,NA
ExperienceX.exe,56308,0x216C829D570,DXGI,1,0,0,Composed: Flip,3339.2714,NA,21.49130000000000,0.05560000000000,1.00540000000000,6.80990000000000,27.0841,3318.6609,21.6159,20.6105,1.0054,19.9878,7.4326,7.4326,0.0000,14.0528,3318.6609,NA
ExperienceX.exe,56308,0x216C829D570,DXGI,1,0,0,Composed: Flip,3351.7128,NA,12.44140000000000,NA,0.31650000000000,5.60600000000000,NA,3340.2768,11.7525,11.4360,0.3165,16.4848,0.5572,0.5454,0.0118,NA,NA,NA
ExperienceX.exe,56308,0x216C829D570,DXGI,1,0,0,Composed: Flip,3369.3614,NA,17.64860000000000,NA,0.66850000000000,6.47060000000000,NA,3352.0293,18.0006,17.3321,0.6685,23.2906,0.5121,0.5121,0.0000,NA,NA,NA
ExperienceX.exe,56308,0x216C829D570,DXGI,1,0,0,Composed: Flip,3389.4988,NA,20.13740000000000,NA,0.59310000000000,5.17900000000000,NA,3370.0299,20.0620,19.4689,0.5931,22.6801,1.9678,1.9678,0.0000,NA,NA,NA
ExperienceX.exe,56308,0x216C829D570,DXGI,1,0,0,Composed: Flip,3417.1556,NA,27.65680000000000,NA,2.17170000000000,12.29520000000000,NA,3390.0919,29.2354,27.0637,2.1717,33.7594,5.5995,4.7218,0.8777,NA,NA,NA
ExperienceX.exe,56308,0x216C829D570,DXGI,1,0,0,Composed: Flip,3442.5356,NA,25.38000000000000,NA,0.31000000000000,4.37380000000000,NA,3419.3273,23.5183,23.2083,0.3100,27.1259,0.4562,0.4562,0.0000,NA,NA,NA
ExperienceX.exe,56308,0x216C829D570,DXGI,1,0,0,Composed: Flip,3450.7441,NA,8.20850000000000,NA,0.27350000000000,5.11160000000000,NA,3442.8456,8.1720,7.8985,0.2735,12.5629,0.4472,0.4472,0.0000,NA,NA,NA
ExperienceX.exe,56308,0x216C829D570,DXGI,1,0,0,Composed: Flip,3470.0644,NA,19.32030000000000,NA,0.10500000000000,10.73360000000000,NA,3451.0176,19.1518,19.0468,0.1050,26.5160,3.2644,3.2644,0.0000,NA,NA,NA
ExperienceX.exe,56308,0x216C829D570,DXGI,1,0,0,Composed: Flip,3490.5655,NA,20.50110000000000,NA,0.53160000000000,3.94670000000000,NA,3470.1694,20.9277,20.3961,0.5316,10.6286,13.7142,4.3886,9.3256,NA,NA,NA
ExperienceX.exe,56308,0x216C829D570,DXGI,1,0,0,Composed: Flip,3512.3327,NA,21.76720000000000,NA,0.43690000000000,4.23740000000000,NA,3491.0971,21.6725,21.2356,0.4369,24.5742,0.8988,0.8988,0.0000,NA,NA,NA
ExperienceX.exe,56308,0x216C829D570,DXGI,1,0,0,Composed: Flip,3537.6230,NA,25.29030000000000,NA,0.33880000000000,4.32230000000000,NA,3512.7696,25.1922,24.8534,0.3388,3.8005,25.3752,7.0155,18.3597,NA,NA,NA
ExperienceX.exe,56308,0x216C829D570,DXGI,1,0,0,Composed: Flip,3553.0986,NA,15.47560000000000,NA,0.43120000000000,4.50480000000000,NA,3537.9618,15.5680,15.1368,0.4312,8.3018,11.3398,5.0408,6.2990,NA,NA,NA
ExperienceX.exe,56308,0x216C829D570,DXGI,1,0,0,Composed: Flip,3586.3098,NA,33.21120000000000,NA,0.47970000000000,4.85590000000000,NA,3553.5298,33.2597,32.7800,0.4797,37.2725,0.3634,0.3634,0.0000,NA,NA,NA
ExperienceX.exe,56308,0x216C829D570,DXGI,1,0,0,Composed: Flip,3622.6315,NA,36.32170000000000,300.14879999999999,0.38360000000000,6.33870000000000,43.8728,3586.7895,36.2256,35.8420,0.3836,40.8515,1.3292,1.3292,0.0000,-32.0202,3586.7895,NA
ExperienceX.exe,56308,0x216838E1150,DXGI,1,0,0,Composed: Flip,3587.0055,NA,33.92470000000000,66.79090000000001,0.40210000000000,5.05520000000000,46.3086,3553.4248,33.9828,33.5807,0.4021,37.7409,0.8950,0.8950,0.0000,-22.9121,3553.4248,NA
ExperienceX.exe,56308,0x216838E1150,DXGI,1,0,0,Composed: Flip,3621.7808,NA,34.77530000000000,NA,1.37260000000000,5.85050000000000,NA,3587.4076,35.7458,34.3732,1.3726,4.6531,35.5706,11.2702,24.3004,NA,NA,NA
ExperienceX.exe,56308,0x216838E1150,DXGI,1,0,0,Composed: Flip,3651.3634,NA,29.58260000000000,NA,0.59170000000000,9.71030000000000,NA,3623.1534,28.8017,28.2100,0.5917,37.2834,0.6369,0.6369,0.0000,NA,NA,NA
ExperienceX.exe,56308,0x216C829D570,DXGI,1,0,0,Composed: Flip,3652.8527,NA,30.22120000000000,33.62320000000000,0.22110000000000,7.58410000000000,47.2748,3623.0151,30.0587,29.8376,0.2211,5.9551,31.4666,11.5669,19.8997,2.6024,3623.0151,NA
ExperienceX.exe,56308,0x216C829D570,DXGI,1,0,0,Composed: Flip,3680.8666,NA,28.01390000000000,NA,0.32880000000000,6.27360000000000,NA,3653.0738,28.1216,27.7928,0.3288,32.5240,1.5424,1.5424,0.0000,NA,NA,NA
ExperienceX.exe,56308,0x216C7EA03E0,DXGI,1,0,0,Composed: Flip,3553.0800,NA,15.45550000000000,116.61920000000001,0.34480000000000,11.82280000000000,46.5719,3537.9612,15.4636,15.1188,0.3448,24.1028,2.8388,2.8188,0.0200,-20.8639,3537.9612,NA
ExperienceX.exe,56308,0x216C7EA03E0,DXGI,1,0,0,Composed: Flip,3587.0298,NA,33.94980000000000,NA,0.34950000000000,3.77250000000000,NA,3553.4248,33.9545,33.6050,0.3495,31.6473,5.7302,5.7302,0.0000,NA,NA,NA
ExperienceX.exe,56308,0x216C7EA03E0,DXGI,1,0,0,Composed: Flip,3622.4144,NA,35.38460000000000,NA,0.40210000000000,5.22660000000000,NA,3587.3793,35.4372,35.0351,0.4021,40.2520,0.0097,0.0097,0.0000,NA,NA,NA
ExperienceX.exe,56308,0x216C7EA03E0,DXGI,1,0,0,Composed: Flip,3651.3669,NA,28.95250000000000,NA,2.20020000000000,9.72190000000000,NA,3622.8165,30.7506,28.5504,2.2002,38.2572,0.0151,0.0151,0.0000,NA,NA,NA
ExperienceX.exe,56308,0x216C7EA03E0,DXGI,1,0,0,Composed: Flip,3680.7691,NA,29.40220000000000,NA,0.31440000000000,4.82870000000000,NA,3653.5671,27.5164,27.2020,0.3144,30.8933,1.1374,1.1374,0.0000,NA,NA,NA
ExperienceX.exe,56308,0x216C7EA03E0,DXGI,1,0,0,Composed: Flip,3706.0845,NA,25.31540000000000,NA,0.27310000000000,5.47390000000000,NA,3681.0835,25.2741,25.0010,0.2731,30.0918,0.3831,0.3831,0.0000,NA,NA,NA
ExperienceX.exe,56308,0x216C7EA03E0,DXGI,1,0,0,Composed: Flip,3717.9204,NA,11.83590000000000,167.04500000000002,0.37510000000000,2.40880000000000,48.7765,3706.3576,11.9379,11.5628,0.3751,5.9761,7.9955,6.5715,1.4240,1.3514,3706.3576,NA
ExperienceX.exe,56308,0x216838E1150,DXGI,1,0,0,Composed: Flip,3679.2278,NA,27.86440000000000,83.21970000000000,0.33880000000000,5.23260000000000,37.3060,3651.9551,27.6115,27.2727,0.3388,9.1337,23.3716,11.2143,12.1573,15.3106,3651.9551,NA
ExperienceX.exe,56308,0x216838E1150,DXGI,1,0,0,Composed: Flip,3704.7784,NA,25.55060000000000,NA,0.31690000000000,7.55530000000000,NA,3679.5666,25.5287,25.2118,0.3169,31.9918,0.7753,0.7753,0.0000,NA,NA,NA
ExperienceX.exe,56308,0x216838E1150,DXGI,1,0,0,Composed: Flip,3717.9265,NA,13.14810000000000,NA,0.38410000000000,6.70780000000000,NA,3705.0953,13.2153,12.8312,0.3841,17.6490,1.8900,1.8715,0.0185,NA,NA,NA
ExperienceX.exe,56308,0x216838E1150,DXGI,1,0,0,Composed: Flip,3755.1148,NA,37.18830000000001,NA,0.31380000000000,4.74690000000000,NA,3718.3106,37.1180,36.8042,0.3138,40.1803,1.3708,1.3708,0.0000,NA,NA,NA
ExperienceX.exe,56308,0x216C7EA03E0,DXGI,1,0,0,Composed: Flip,3755.1020,NA,37.18160000000000,16.39060000000000,1.23380000000000,3.38890000000000,27.9855,3718.2955,38.0403,36.8065,1.2338,34.7524,5.4430,5.4079,0.0351,-4.4527,3718.2955,NA
ExperienceX.exe,56308,0x216C7EA03E0,DXGI,1,0,0,Composed: Flip,3771.1525,NA,16.05050000000000,NA,0.72030000000000,8.86360000000000,NA,3756.3358,15.5370,14.8167,0.7203,21.0499,2.6304,2.6304,0.0000,NA,NA,NA
ExperienceX.exe,56308,0x216C7EA03E0,DXGI,1,0,0,Composed: Flip,3785.4041,NA,14.25160000000000,33.35520000000000,0.45730000000000,4.94150000000000,31.0386,3771.8728,13.9886,13.5313,0.4573,18.0342,0.4386,0.4253,0.0133,20.2221,3771.8728,NA
ExperienceX.exe,56308,0x216C7EA03E0,DXGI,1,0,0,Composed: Flip,3802.8311,NA,17.42700000000000,16.47260000000000,0.44320000000000,7.29240000000000,30.0842,3785.8614,17.4129,16.9697,0.4432,23.8188,0.4433,0.4433,0.0000,-2.4840,3785.8614,NA
ExperienceX.exe,56308,0x216C829D570,DXGI,1,0,0,Composed: Flip,3703.8293,NA,22.96270000000000,33.38530000000000,1.37920000000000,7.34600000000000,29.6835,3681.1954,24.0131,22.6339,1.3792,5.9448,24.0351,13.0550,10.9801,24.7950,3681.1954,NA
ExperienceX.exe,56308,0x216C829D570,DXGI,1,0,0,Composed: Flip,3717.9187,NA,14.08940000000000,NA,0.38430000000000,4.82560000000000,NA,3705.2085,13.0945,12.7102,0.3843,15.1207,2.4151,2.4151,0.0000,NA,NA,NA
ExperienceX.exe,56308,0x216C829D570,DXGI,1,0,0,Composed: Flip,3755.5750,NA,37.65630000000000,NA,0.22590000000000,7.16460000000000,NA,3718.3030,37.4979,37.2720,0.2259,41.5587,2.8779,2.8779,0.0000,NA,NA,NA
ExperienceX.exe,56308,0x216C829D570,DXGI,1,0,0,Composed: Flip,3771.2567,NA,15.68170000000000,NA,0.61740000000000,8.77840000000000,NA,3755.8009,16.0732,15.4558,0.6174,24.2152,0.0190,0.0190,0.0000,NA,NA,NA
ExperienceX.exe,56308,0x216C829D570,DXGI,1,0,0,Composed: Flip,3785.3966,NA,14.13990000000000,NA,0.40980000000000,3.28680000000000,NA,3771.8741,13.9323,13.5225,0.4098,8.1610,8.6483,5.1144,3.5339,NA,NA,NA
ExperienceX.exe,56308,0x216C829D570,DXGI,1,0,0,Composed: Flip,3801.3029,NA,15.90630000000000,NA,2.84090000000000,7.98080000000000,NA,3785.8064,18.3374,15.4965,2.8409,16.1267,7.3506,6.1943,1.1563,NA,NA,NA
ExperienceX.exe,56308,0x216C829D570,DXGI,1,0,0,Composed: Flip,3817.5623,NA,16.25940000000000,NA,0.56160000000000,4.07460000000000,NA,3804.1438,13.9801,13.4185,0.5616,5.9797,11.5134,8.8555,2.6579,NA,NA,NA
ExperienceX.exe,56308,0x216C829D570,DXGI,1,0,0,Composed: Flip,3839.0349,NA,21.47260000000000,132.89800000000000,0.44900000000000,5.78740000000000,27.3759,3818.1239,21.3600,20.9110,0.4490,19.9022,6.7962,5.8152,0.9810,4.0305,3818.1239,NA
ExperienceX.exe,56308,0x216C829D570,DXGI,1,0,0,Composed: Flip,3850.3333,NA,11.29840000000000,16.68110000000000,0.33020000000000,4.82960000000000,32.7586,3839.4839,11.1796,10.8494,0.3302,15.3576,0.3214,0.3214,0.0000,4.6789,3839.4839,NA
ExperienceX.exe,56308,0x216C7EA03E0,DXGI,1,0,0,Composed: Flip,3817.5624,NA,14.73130000000000,16.74650000000000,0.46400000000000,5.53460000000000,32.0994,3803.2743,14.7521,14.2881,0.4640,18.6359,1.1868,1.1726,0.0142,0.6664,3803.2743,NA
ExperienceX.exe,56308,0x216C7EA03E0,DXGI,1,0,0,Composed: Flip,3840.2102,NA,22.64780000000000,NA,0.25820000000000,4.93230000000000,NA,3818.0264,22.4420,22.1838,0.2582,26.7959,0.3202,0.3202,0.0000,NA,NA,NA
ExperienceX.exe,56308,0x216C7EA03E0,DXGI,1,0,0,Composed: Flip,3850.6835,NA,10.47330000000000,NA,0.30240000000000,4.15800000000000,NA,3840.4684,10.5175,10.2151,0.3024,5.1264,9.2467,9.2055,0.0412,NA,NA,NA
ExperienceX.exe,56308,0x216C7EA03E0,DXGI,1,0,0,Composed: Flip,3869.5477,NA,18.86420000000000,NA,0.18420000000000,8.29020000000000,NA,3850.9859,18.7460,18.5618,0.1842,23.2758,3.5762,3.5762,0.0000,NA,NA,NA
ExperienceX.exe,56308,0x216C7EA03E0,DXGI,1,0,0,Composed: Flip,3883.8004,NA,14.25270000000000,66.56860000000000,0.37180000000000,3.55040000000000,32.4300,3869.7319,14.4403,14.0685,0.3718,8.1060,9.5129,5.5836,3.9293,-0.1110,3869.7319,NA
ExperienceX.exe,56308,0x216C7EA03E0,DXGI,1,0,0,Composed: Flip,3901.1963,NA,17.39590000000000,16.68040000000000,0.35570000000000,8.63500000000000,31.7145,3884.1722,17.3798,17.0241,0.3557,18.3491,7.3100,7.3100,0.0000,-2.2401,3884.1722,NA
ExperienceX.exe,56308,0x216838E1150,DXGI,1,0,0,Composed: Flip,3772.7286,NA,17.61380000000000,83.17320000000001,0.38560000000000,4.65710000000000,26.9784,3755.4286,17.6856,17.3000,0.3856,7.3110,14.6461,9.6795,4.9666,20.3003,3755.4286,NA
ExperienceX.exe,56308,0x216838E1150,DXGI,1,0,0,Composed: Flip,3785.3970,NA,12.66840000000000,NA,0.40370000000000,4.51000000000000,NA,3773.1142,12.6865,12.2828,0.4037,15.5692,1.2236,1.2236,0.0000,NA,NA,NA
ExperienceX.exe,56308,0x216838E1150,DXGI,1,0,0,Composed: Flip,3803.0831,NA,17.68610000000000,NA,0.52370000000000,6.59710000000000,NA,3785.8007,17.8061,17.2824,0.5237,23.4830,0.3965,0.3965,0.0000,NA,NA,NA
ExperienceX.exe,56308,0x216838E1150,DXGI,1,0,0,Composed: Flip,3817.6543,NA,14.57120000000000,NA,0.72800000000000,4.25590000000000,NA,3803.6068,14.7755,14.0475,0.7280,18.0301,0.2733,0.2733,0.0000,NA,NA,NA
ExperienceX.exe,56308,0x216838E1150,DXGI,1,0,0,Composed: Flip,3838.7127,NA,21.05840000000000,NA,0.33960000000000,6.88210000000000,NA,3818.3823,20.6700,20.3304,0.3396,26.7602,0.4523,0.4523,0.0000,NA,NA,NA
ExperienceX.exe,56308,0x216838E1150,DXGI,1,0,0,Composed: Flip,3869.0528,NA,30.34010000000000,NA,0.30090000000000,5.20890000000000,NA,3839.0523,30.3014,30.0005,0.3009,34.3671,0.8423,0.8423,0.0000,NA,NA,NA
ExperienceX.exe,56308,0x216838E1150,DXGI,1,0,0,Composed: Flip,3883.8274,NA,14.77460000000000,NA,0.34110000000000,5.14130000000000,NA,3869.3537,14.8148,14.4737,0.3411,19.2427,0.3723,0.3630,0.0093,NA,NA,NA
ExperienceX.exe,56308,0x216838E1150,DXGI,1,0,0,Composed: Flip,3901.1977,NA,17.37030000000000,NA,0.52340000000000,8.71720000000000,NA,3884.1685,17.5526,17.0292,0.5234,25.6628,0.0836,0.0836,0.0000,NA,NA,NA
ExperienceX.exe,56308,0x216838E1150,DXGI,1,0,0,Composed: Flip,3916.8191,NA,15.62140000000000,NA,0.30890000000000,5.21890000000000,NA,3901.7211,15.4069,15.0980,0.3089,19.8771,0.4398,0.4313,0.0085,NA,NA,NA
ExperienceX.exe,56308,0x216838E1150,DXGI,1,0,0,Composed: Flip,3934.2973,NA,17.47820000000000,183.67010000000002,2.19720000000000,7.70420000000000,49.0798,3917.1280,19.3665,17.1693,2.1972,18.0194,6.8541,6.0957,0.7584,-21.9707,3917.1280,NA
ExperienceX.exe,56308,0x216838E1150,DXGI,1,0,0,Composed: Flip,3960.5175,NA,26.22020000000000,16.60670000000000,0.67600000000000,4.69430000000000,39.4663,3936.4945,24.6990,24.0230,0.6760,25.5961,3.1212,3.1154,0.0058,2.7598,3936.4945,NA
ExperienceX.exe,56308,0x216C7EA03E0,DXGI,1,0,0,Composed: Flip,3916.8205,NA,15.62420000000000,16.85850000000000,0.30830000000000,4.38950000000000,32.9488,3901.5520,15.5768,15.2685,0.3083,11.1384,8.5196,6.5596,1.9600,0.5213,3901.5520,NA
ExperienceX.exe,56308,0x216C7EA03E0,DXGI,1,0,0,Composed: Flip,3935.9231,NA,19.10260000000000,NA,0.31890000000000,6.42760000000000,NA,3917.1288,19.1132,18.7943,0.3189,24.8727,0.3492,0.3492,0.0000,NA,NA,NA
ExperienceX.exe,56308,0x216C7EA03E0,DXGI,1,0,0,Composed: Flip,3956.9395,NA,21.01640000000000,NA,0.53890000000000,5.15110000000000,NA,3936.2420,21.2364,20.6975,0.5389,25.4082,0.4404,0.4404,0.0000,NA,NA,NA
ExperienceX.exe,56308,0x216C7EA03E0,DXGI,1,0,0,Composed: Flip,3981.7966,NA,24.85710000000000,NA,0.36060000000000,2.93890000000000,NA,3957.4784,24.6788,24.3182,0.3606,26.1196,1.1375,1.1375,0.0000,NA,NA,NA
ExperienceX.exe,56308,0x216838E1150,DXGI,1,0,0,Composed: Flip,3978.9869,NA,18.46940000000000,16.75990000000000,0.58780000000000,4.61110000000000,37.7568,3961.1935,18.3812,17.7934,0.5878,4.0183,18.3862,5.0974,13.2888,7.9391,3961.1935,NA
ExperienceX.exe,56308,0x216838E1150,DXGI,1,0,0,Composed: Flip,4005.0169,NA,26.03000000000000,NA,0.79490000000000,5.81270000000000,NA,3979.5747,26.2371,25.4422,0.7949,30.8045,0.4504,0.4504,0.0000,NA,NA,NA
ExperienceX.exe,56308,0x216C7EA03E0,DXGI,1,0,0,Composed: Flip,4006.1029,NA,24.30630000000000,99.89810000000000,0.33640000000000,4.27630000000000,43.5645,3982.1572,24.2821,23.9457,0.3364,27.8588,0.3632,0.3632,0.0000,-19.2929,3982.1572,NA
ExperienceX.exe,56308,0x216C7EA03E0,DXGI,1,0,0,Composed: Flip,4019.2814,NA,13.17850000000000,NA,0.34610000000000,4.13090000000000,NA,4006.4393,13.1882,12.8421,0.3461,4.3903,12.5827,9.8475,2.7352,NA,NA,NA
ExperienceX.exe,56308,0x216838E1150,DXGI,1,0,0,Composed: Flip,4019.3383,NA,14.32140000000000,32.98900000000000,0.33650000000000,4.45900000000000,30.3944,4005.8118,13.8630,13.5265,0.3365,17.6005,0.3850,0.3850,0.0000,11.6293,4005.8118,NA
ExperienceX.exe,56308,0x216838E1150,DXGI,1,0,0,Composed: Flip,4037.9796,NA,18.64130000000000,NA,0.58140000000000,5.38530000000000,NA,4019.6748,18.8862,18.3048,0.5814,23.4484,0.2417,0.2417,0.0000,NA,NA,NA
ExperienceX.exe,56308,0x216C829D570,DXGI,1,0,0,Composed: Flip,3869.0006,NA,18.66730000000000,16.81200000000000,1.10410000000000,4.41880000000000,30.9033,3850.6635,19.4412,18.3371,1.1041,17.7092,5.0467,5.0467,0.0000,-5.6324,3850.6635,NA
ExperienceX.exe,56308,0x216C829D570,DXGI,1,0,0,Composed: Flip,3883.8015,NA,14.80090000000000,NA,0.36870000000000,4.79490000000000,NA,3870.1047,14.0655,13.6968,0.3687,17.2461,1.2456,1.2456,0.0000,NA,NA,NA
ExperienceX.exe,56308,0x216C829D570,DXGI,1,0,0,Composed: Flip,3901.2587,NA,17.45720000000000,NA,2.27740000000000,11.43170000000000,NA,3884.1702,19.3659,17.0885,2.2774,25.7447,2.7755,2.7755,0.0000,NA,NA,NA
ExperienceX.exe,56308,0x216C829D570,DXGI,1,0,0,Composed: Flip,3916.8207,NA,15.56200000000000,NA,0.30780000000000,4.77750000000000,NA,3903.5361,13.5924,13.2846,0.3078,17.6739,0.3882,0.3882,0.0000,NA,NA,NA
ExperienceX.exe,56308,0x216C829D570,DXGI,1,0,0,Composed: Flip,3936.4461,NA,19.62540000000000,NA,1.58940000000000,6.45650000000000,NA,3917.1285,20.9070,19.3176,1.5894,25.2222,0.5519,0.5519,0.0000,NA,NA,NA
ExperienceX.exe,56308,0x216C829D570,DXGI,1,0,0,Composed: Flip,3956.9235,NA,20.47740000000000,NA,0.55390000000000,4.72670000000000,NA,3938.0355,19.4419,18.8880,0.5539,4.8671,18.7476,9.3625,9.3851,NA,NA,NA
ExperienceX.exe,56308,0x216C829D570,DXGI,1,0,0,Composed: Flip,3984.2371,NA,27.31360000000000,NA,1.39050000000000,2.58190000000000,NA,3957.4774,28.1502,26.7597,1.3905,27.2581,2.0835,2.0835,0.0000,NA,NA,NA
ExperienceX.exe,56308,0x216C829D570,DXGI,1,0,0,Composed: Flip,4004.7910,NA,20.55390000000000,NA,0.74430000000000,5.22500000000000,NA,3985.6276,19.9077,19.1634,0.7443,1.1914,23.1970,7.9786,15.2184,NA,NA,NA
ExperienceX.exe,56308,0x216C829D570,DXGI,1,0,0,Composed: Flip,4019.3882,NA,14.59720000000000,NA,0.23940000000000,4.88490000000000,NA,4005.5353,14.0923,13.8529,0.2394,18.2620,0.4758,0.4541,0.0217,NA,NA,NA
ExperienceX.exe,56308,0x216C829D570,DXGI,1,0,0,Composed: Flip,4038.6723,NA,19.28410000000000,NA,0.25860000000000,4.45090000000000,NA,4019.6276,19.3033,19.0447,0.2586,22.8991,0.5965,0.5965,0.0000,NA,NA,NA
ExperienceX.exe,56308,0x216C829D570,DXGI,1,0,0,Composed: Flip,4068.9596,NA,30.28730000000000,199.82070000000002,0.54490000000000,8.64680000000000,30.7650,4038.9309,30.5736,30.0287,0.5449,35.5324,3.1431,3.1431,0.0000,-11.5533,4038.9309,NA
ExperienceX.exe,56308,0x216838E1150,DXGI,1,0,0,Composed: Flip,4050.5328,NA,12.55320000000000,33.28730000000000,0.33180000000000,4.94420000000000,32.4872,4038.5610,12.3036,11.9718,0.3318,16.4787,0.4373,0.4269,0.0104,-0.5381,4038.5610,NA
ExperienceX.exe,56308,0x216838E1150,DXGI,1,0,0,Composed: Flip,4069.1414,NA,18.60860000000000,NA,0.29500000000000,5.32190000000000,NA,4050.8646,18.5718,18.2768,0.2950,19.9860,3.6127,3.6127,0.0000,NA,NA,NA
ExperienceX.exe,56308,0x216838E1150,DXGI,1,0,0,Composed: Flip,4083.8471,NA,14.70570000000000,NA,0.40910000000000,4.02390000000000,NA,4069.4364,14.8198,14.4107,0.4091,8.1700,10.2646,8.0986,2.1660,NA,NA,NA
ExperienceX.exe,56308,0x216C829D570,DXGI,1,0,0,Composed: Flip,4083.8509,NA,14.89130000000000,16.70730000000000,0.40350000000000,5.61230000000000,32.5810,4069.5045,14.7499,14.3464,0.4035,18.6560,1.3027,1.2784,0.0243,13.8663,4069.5045,NA
ExperienceX.exe,56308,0x216C829D570,DXGI,1,0,0,Composed: Flip,4102.4664,NA,18.61550000000000,NA,0.24790000000000,8.57630000000000,NA,4084.2544,18.4599,18.2120,0.2479,26.7812,0.0071,0.0071,0.0000,NA,NA,NA
ExperienceX.exe,56308,0x216C7EA03E0,DXGI,1,0,0,Composed: Flip,4037.7443,NA,18.46290000000000,16.63430000000000,1.03810000000000,4.78240000000000,28.5574,4019.6275,19.1549,18.1168,1.0381,17.3809,5.5183,5.5183,0.0000,20.8360,4019.6275,NA
ExperienceX.exe,56308,0x216C7EA03E0,DXGI,1,0,0,Composed: Flip,4050.4705,NA,12.72620000000000,NA,0.36110000000000,4.56920000000000,NA,4038.7824,12.0492,11.6881,0.3611,15.8613,0.3960,0.3960,0.0000,NA,NA,NA
ExperienceX.exe,56308,0x216C7EA03E0,DXGI,1,0,0,Composed: Flip,4067.8790,NA,17.40850000000000,NA,1.43000000000000,2.97160000000000,NA,4050.8316,18.4774,17.0474,1.4300,17.5317,2.4873,2.4873,0.0000,NA,NA,NA
ExperienceX.exe,56308,0x216C7EA03E0,DXGI,1,0,0,Composed: Flip,4083.8463,NA,15.96730000000000,NA,0.43880000000000,4.31420000000000,NA,4069.3090,14.9761,14.5373,0.4388,18.5620,0.2895,0.2895,0.0000,NA,NA,NA
ExperienceX.exe,56308,0x216C7EA03E0,DXGI,1,0,0,Composed: Flip,4102.3662,NA,18.51990000000000,NA,0.23860000000000,10.21840000000000,NA,4084.2851,18.3197,18.0811,0.2386,26.7576,1.5419,1.5419,0.0000,NA,NA,NA
ExperienceX.exe,56308,0x216C7EA03E0,DXGI,1,0,0,Composed: Flip,4116.9633,NA,14.59710000000000,NA,0.20730000000000,4.27150000000000,NA,4102.6048,14.5658,14.3585,0.2073,18.2326,0.3974,0.3974,0.0000,NA,NA,NA
ExperienceX.exe,56308,0x216838E1150,DXGI,1,0,0,Composed: Flip,4101.9627,NA,18.11560000000000,49.96740000000000,0.80690000000000,9.07290000000000,31.0247,4084.2562,18.5134,17.7065,0.8069,17.1391,9.6403,9.6403,0.0000,-4.2722,4084.2562,NA
ExperienceX.exe,56308,0x216838E1150,DXGI,1,0,0,Composed: Flip,4116.9625,NA,14.99980000000000,NA,0.20790000000000,4.69570000000000,NA,4102.7696,14.4008,14.1929,0.2079,18.4652,0.4234,0.4127,0.0107,NA,NA,NA
ExperienceX.exe,56308,0x216838E1150,DXGI,1,0,0,Composed: Flip,4134.1402,NA,17.17770000000000,NA,0.49310000000000,11.53420000000000,NA,4117.1704,17.4629,16.9698,0.4931,27.9930,0.5110,0.5110,0.0000,NA,NA,NA
ExperienceX.exe,56308,0x216C7EA03E0,DXGI,1,0,0,Composed: Flip,4134.1407,NA,17.17740000000000,99.99020000000000,0.30200000000000,10.65150000000000,32.1512,4117.1706,17.2721,16.9701,0.3020,17.7333,9.8883,9.8883,0.0000,-2.4471,4117.1706,NA
ExperienceX.exe,56308,0x216C7EA03E0,DXGI,1,0,0,Composed: Flip,4150.1770,NA,16.03630000000000,NA,0.31460000000000,5.39760000000000,NA,4134.4427,16.0489,15.7343,0.3146,18.8557,2.2762,2.2762,0.0000,NA,NA,NA
ExperienceX.exe,56308,0x216C829D570,DXGI,1,0,0,Composed: Flip,4116.9145,NA,14.44810000000000,33.19690000000000,0.20490000000000,3.92290000000000,32.7143,4102.7143,14.4051,14.2002,0.2049,9.8703,8.2528,4.8651,3.3877,0.0129,4102.7143,NA
ExperienceX.exe,56308,0x216C829D570,DXGI,1,0,0,Composed: Flip,4134.1411,NA,17.22660000000000,NA,0.28750000000000,11.02230000000000,NA,4117.1194,17.3092,17.0217,0.2875,27.6728,0.3712,0.3712,0.0000,NA,NA,NA
ExperienceX.exe,56308,0x216C829D570,DXGI,1,0,0,Composed: Flip,4150.1750,NA,16.03390000000000,NA,0.31660000000000,3.12340000000000,NA,4134.4286,16.0630,15.7464,0.3166,11.2458,7.6240,5.9580,1.6660,NA,NA,NA
ExperienceX.exe,56308,0x216C829D570,DXGI,1,0,0,Composed: Flip,4169.5116,NA,19.33660000000000,NA,0.23750000000000,7.79350000000000,NA,4150.4916,19.2575,19.0200,0.2375,26.4244,0.3891,0.3891,0.0000,NA,NA,NA
ExperienceX.exe,56308,0x216838E1150,DXGI,1,0,0,Composed: Flip,4150.1763,NA,16.03610000000000,49.97660000000000,0.31840000000000,5.81930000000000,32.7877,4134.6333,15.8614,15.5430,0.3184,20.9413,0.4210,0.4027,0.0183,0.4005,4134.6333,NA
ExperienceX.exe,56308,0x216838E1150,DXGI,1,0,0,Composed: Flip,4167.4792,NA,17.30290000000000,NA,2.14500000000000,9.43680000000000,NA,4150.4947,19.1295,16.9845,2.1450,17.7993,8.6220,7.2969,1.3251,NA,NA,NA
ExperienceX.exe,56308,0x216838E1150,DXGI,1,0,0,Composed: Flip,4183.6163,NA,16.13710000000000,NA,0.26410000000000,4.77590000000000,NA,4169.6242,14.2562,13.9921,0.2641,18.3568,0.4112,0.4037,0.0075,NA,NA,NA
ExperienceX.exe,56308,0x216C829D570,DXGI,1,0,0,Composed: Flip,4183.6175,NA,14.10590000000000,83.62010000000001,0.25690000000000,4.02810000000000,49.6314,4169.7491,14.1253,13.8684,0.2569,12.4218,5.4747,5.4747,0.0000,-16.5853,4169.7491,NA
ExperienceX.exe,56308,0x216C829D570,DXGI,1,0,0,Composed: Flip,4208.6530,NA,25.03550000000000,NA,0.31720000000000,10.33280000000000,NA,4183.8744,25.0958,24.7786,0.3172,34.6771,0.4343,0.4343,0.0000,NA,NA,NA
ExperienceX.exe,56308,0x216C7EA03E0,DXGI,1,0,0,Composed: Flip,4167.4867,NA,17.30970000000000,50.27580000000000,2.14220000000000,14.68420000000000,49.0810,4150.4916,19.1373,16.9951,2.1422,26.8135,4.8658,4.8658,0.0000,-16.9548,4150.4916,NA
ExperienceX.exe,56308,0x216C7EA03E0,DXGI,1,0,0,Composed: Flip,4183.6166,NA,16.12990000000000,NA,0.26460000000000,4.36440000000000,NA,4169.6289,14.2523,13.9877,0.2646,18.0167,0.3354,0.3354,0.0000,NA,NA,NA
ExperienceX.exe,56308,0x216C7EA03E0,DXGI,1,0,0,Composed: Flip,4208.6547,NA,25.03810000000000,NA,0.46580000000000,9.89680000000000,NA,4183.8812,25.2393,24.7735,0.4658,34.3601,0.3102,0.3102,0.0000,NA,NA,NA
ExperienceX.exe,56308,0x216C7EA03E0,DXGI,1,0,0,Composed: Flip,4235.8908,NA,27.23610000000000,NA,1.09890000000000,4.66360000000000,NA,4209.1205,27.8692,26.7703,1.0989,31.1692,0.2647,0.2647,0.0000,NA,NA,NA
ExperienceX.exe,56308,0x216C829D570,DXGI,1,0,0,Composed: Flip,4234.5930,NA,25.94000000000000,33.08530000000000,0.28630000000000,5.68960000000000,31.7412,4208.9702,25.9091,25.6228,0.2863,10.0156,21.2968,8.2987,12.9981,6.1358,4208.9702,NA
ExperienceX.exe,56308,0x216C829D570,DXGI,1,0,0,Composed: Flip,4249.9869,NA,15.39390000000000,NA,0.23010000000000,4.65500000000000,NA,4234.8793,15.3377,15.1076,0.2301,19.3859,0.3767,0.3690,0.0077,NA,NA,NA
ExperienceX.exe,56308,0x216C829D570,DXGI,1,0,0,Composed: Flip,4267.2634,NA,17.27650000000000,33.30610000000000,0.16420000000000,7.76750000000000,32.3769,4250.2170,17.2106,17.0464,0.1642,17.4273,7.3866,7.3866,0.0000,7.9407,4250.2170,NA
ExperienceX.exe,56308,0x216838E1150,DXGI,1,0,0,Composed: Flip,4210.5035,NA,26.88720000000000,66.60670000000000,0.45870000000000,7.73780000000000,39.0672,4183.8804,27.0818,26.6231,0.4587,25.6810,8.6799,8.6799,0.0000,-17.3596,4183.8804,NA
ExperienceX.exe,56308,0x216838E1150,DXGI,1,0,0,Composed: Flip,4235.4544,NA,24.95090000000000,NA,0.10210000000000,4.83530000000000,NA,4210.9622,24.5943,24.4922,0.1021,29.3204,0.0071,0.0071,0.0000,NA,NA,NA
ExperienceX.exe,56308,0x216838E1150,DXGI,1,0,0,Composed: Flip,4249.9868,NA,14.53240000000000,NA,0.21030000000000,3.92620000000000,NA,4235.5565,14.6406,14.4303,0.2103,4.9979,13.3586,11.3979,1.9607,NA,NA,NA
ExperienceX.exe,56308,0x216838E1150,DXGI,1,0,0,Composed: Flip,4267.2626,NA,17.27580000000000,NA,0.16560000000000,8.09930000000000,NA,4250.1971,17.2311,17.0655,0.1656,24.8338,0.3310,0.3310,0.0000,NA,NA,NA
ExperienceX.exe,56308,0x216838E1150,DXGI,1,0,0,Composed: Flip,4283.4904,NA,16.22780000000000,NA,0.21040000000000,4.32660000000000,NA,4267.4282,16.2726,16.0622,0.2104,8.3734,12.0154,9.7936,2.2218,NA,NA,NA
ExperienceX.exe,56308,0x216C7EA03E0,DXGI,1,0,0,Composed: Flip,4249.9877,NA,14.09690000000000,66.40800000000000,0.22920000000000,4.27750000000000,32.9880,4236.9897,13.2272,12.9980,0.2292,16.9233,0.3522,0.3522,0.0000,20.0901,4236.9897,NA
ExperienceX.exe,56308,0x216C7EA03E0,DXGI,1,0,0,Composed: Flip,4267.2631,NA,17.27540000000000,NA,0.16460000000000,8.53850000000000,NA,4250.2169,17.2108,17.0462,0.1646,25.1450,0.4397,0.4397,0.0000,NA,NA,NA
ExperienceX.exe,56308,0x216C7EA03E0,DXGI,1,0,0,Composed: Flip,4283.4909,NA,16.22780000000000,NA,0.21000000000000,4.67950000000000,NA,4267.4277,16.2732,16.0632,0.2100,20.3893,0.3534,0.3534,0.0000,NA,NA,NA
ExperienceX.exe,56308,0x216C7EA03E0,DXGI,1,0,0,Composed: Flip,4301.5871,NA,18.09620000000000,NA,0.13380000000000,10.01270000000000,NA,4283.7009,18.0200,17.8862,0.1338,27.4956,0.4033,0.4033,0.0000,NA,NA,NA
ExperienceX.exe,56308,0x216C829D570,DXGI,1,0,0,Composed: Flip,4283.4906,NA,16.22720000000000,16.67240000000000,0.20990000000000,5.11470000000000,32.8221,4267.4276,16.2729,16.0630,0.2099,20.7428,0.4349,0.4232,0.0117,0.5382,4267.4276,NA
ExperienceX.exe,56308,0x216C829D570,DXGI,1,0,0,Composed: Flip,4301.9389,NA,18.44830000000000,NA,0.07600000000000,10.24110000000000,NA,4283.7005,18.3144,18.2384,0.0760,27.8993,0.5802,0.5802,0.0000,NA,NA,NA
ExperienceX.exe,56308,0x216C829D570,DXGI,1,0,0,Composed: Flip,4316.6049,NA,14.66600000000000,NA,0.10730000000000,4.60910000000000,NA,4302.0149,14.6973,14.5900,0.1073,18.8571,0.3420,0.3420,0.0000,NA,NA,NA
ExperienceX.exe,56308,0x216C829D570,DXGI,1,0,0,Composed: Flip,4335.5997,NA,18.99480000000000,49.93030000000000,0.21110000000000,7.66640000000000,30.6433,4316.7122,19.0986,18.8875,0.2111,23.7119,2.8420,2.8420,0.0000,-0.6457,4316.7122,NA
ExperienceX.exe,56308,0x216838E1150,DXGI,1,0,0,Composed: Flip,4302.1206,NA,18.63020000000000,83.42040000000000,0.15820000000000,9.07590000000000,30.8705,4283.7008,18.5780,18.4198,0.1582,17.3507,10.1450,10.1450,0.0000,16.4000,4283.7008,NA
ExperienceX.exe,56308,0x216838E1150,DXGI,1,0,0,Composed: Flip,4316.6091,NA,14.48850000000000,NA,0.10760000000000,4.26290000000000,NA,4302.2788,14.4379,14.3303,0.1076,9.9012,8.6920,6.2573,2.4347,NA,NA,NA
ExperienceX.exe,56308,0x216838E1150,DXGI,1,0,0,Composed: Flip,4335.5561,NA,18.94700000000000,NA,0.59520000000000,4.86290000000000,NA,4316.7167,19.4346,18.8394,0.5952,17.7770,5.9253,5.9253,0.0000,NA,NA,NA
ExperienceX.exe,56308,0x216838E1150,DXGI,1,0,0,Composed: Flip,4350.0772,NA,14.52110000000000,NA,0.25880000000000,4.80760000000000,NA,4336.1513,14.1847,13.9259,0.2588,18.3437,0.3898,0.3769,0.0129,NA,NA,NA
ExperienceX.exe,56308,0x216838E1150,DXGI,1,0,0,Composed: Flip,4368.9799,NA,18.90270000000000,66.61080000000000,0.84730000000000,8.28230000000000,30.6220,4350.3360,19.4912,18.6439,0.8473,17.6325,9.2937,9.2937,0.0000,0.0244,4350.3360,NA
ExperienceX.exe,56308,0x216838E1150,DXGI,1,0,0,Composed: Flip,4383.4776,NA,14.49770000000000,16.58060000000000,0.34530000000000,4.47500000000000,32.7049,4369.8272,13.9957,13.6504,0.3453,17.8457,0.2797,0.2797,0.0000,2.9106,4369.8272,NA
ExperienceX.exe,56308,0x0,Other,-1,0,0,Composed: Flip,3353.3601,NA,398.21170000000001,1516.84180000000015,0.00000000000000,3.40150000000000,29.6557,2955.1484,398.2117,398.2117,0.0000,401.1218,0.4914,0.4914,0.0000,454.5913,2955.1484,NA
ExperienceX.exe,56308,0x0,Other,-1,0,0,Composed: Flip,3852.3014,NA,498.94130000000001,NA,0.00000000000000,3.27650000000000,NA,3353.3601,498.9413,498.9413,0.0000,501.8028,0.4150,0.4010,0.0140,NA,NA,NA
ExperienceX.exe,56308,0x0,Other,-1,0,0,Composed: Flip,4051.8517,NA,199.55030000000002,NA,0.00000000000000,2.79200000000000,NA,3852.3014,199.5503,199.5503,0.0000,191.0635,11.2788,8.8153,2.4635,NA,NA,NA
ExperienceX.exe,56308,0x0,Other,-1,0,0,Composed: Flip,4351.4085,NA,299.55680000000001,NA,0.00000000000000,1.80750000000000,NA,4051.8517,299.5568,299.5568,0.0000,291.4144,9.9499,8.3921,1.5578,NA,NA,NA
ExperienceX.exe,56308,0x216C7EA03E0,DXGI,1,0,0,Composed: Flip,4316.6053,NA,15.01820000000000,66.58000000000000,0.10700000000000,9.04730000000000,32.9504,4301.7209,14.9914,14.8844,0.1070,19.4931,4.4386,4.4302,0.0084,-1.8488,4301.7209,NA
ExperienceX.exe,56308,0x216C7EA03E0,DXGI,1,0,0,Composed: Flip,4335.3543,NA,18.74900000000000,NA,0.64960000000000,5.06980000000000,NA,4316.7123,19.2916,18.6420,0.6496,23.7067,0.0051,0.0051,0.0000,NA,NA,NA
ExperienceX.exe,56308,0x216C7EA03E0,DXGI,1,0,0,Composed: Flip,4367.2943,NA,31.94000000000000,NA,0.28660000000000,10.30820000000000,NA,4336.0039,31.5770,31.2904,0.2866,41.2583,0.3403,0.3403,0.0000,NA,NA,NA
ExperienceX.exe,56308,0x216C7EA03E0,DXGI,1,0,0,Composed: Flip,4383.4784,NA,16.18410000000000,NA,0.34690000000000,4.19450000000000,NA,4367.5809,16.2444,15.8975,0.3469,10.4767,9.6153,7.8378,1.7775,NA,NA,NA
ExperienceX.exe,56308,0x216C7EA03E0,DXGI,1,0,0,Composed: Flip,4400.7704,NA,17.29200000000000,NA,1.81700000000000,3.14330000000000,NA,4383.8253,18.7621,16.9451,1.8170,20.0262,0.0622,0.0622,0.0000,NA,NA,NA
ExperienceX.exe,56308,0x216C7EA03E0,DXGI,1,0,0,Composed: Flip,4416.6116,NA,15.84120000000000,NA,0.34500000000000,1.33260000000000,NA,4402.5874,14.3692,14.0242,0.3450,2.5754,12.7814,2.4910,10.2904,NA,NA,NA
ExperienceX.exe,56308,0x216838E1150,DXGI,1,0,0,Composed: Flip,4402.3413,NA,18.86370000000000,16.73220000000000,0.44520000000000,1.51020000000000,30.5734,4383.8229,18.9636,18.5184,0.4452,17.4772,2.5514,1.2642,1.2872,-2.7365,4383.8229,NA
ExperienceX.exe,56308,0x216838E1150,DXGI,1,0,0,Composed: Flip,4416.6087,NA,14.26740000000000,NA,0.22770000000000,1.34180000000000,NA,4402.7865,14.0499,13.8222,0.2277,15.1577,0.0063,0.0063,0.0000,NA,NA,NA
ExperienceX.exe,56308,0x216838E1150,DXGI,1,0,0,Composed: Flip,4433.9068,NA,17.29810000000000,NA,1.20770000000000,1.64010000000000,NA,4416.8364,18.2781,17.0704,1.2077,17.3147,1.3958,1.3366,0.0592,NA,NA,NA
ExperienceX.exe,56308,0x216838E1150,DXGI,1,0,0,Composed: Flip,4449.7791,NA,15.87230000000000,50.01730000000001,0.05960000000000,1.25060000000000,33.1529,4435.1145,14.7242,14.6646,0.0596,0.6153,15.2999,3.9669,11.3330,1.2743,4435.1145,NA
ExperienceX.exe,56308,0x216838E1150,DXGI,1,0,0,Composed: Flip,4470.0362,NA,20.25710000000000,16.61220000000000,0.40410000000000,1.55620000000000,29.5080,4449.8387,20.6016,20.1975,0.4041,21.5559,0.1978,0.1978,0.0000,-1.8880,4449.8387,NA
ExperienceX.exe,56308,0x216C7EA03E0,DXGI,1,0,0,Composed: Flip,4434.5834,NA,17.97180000000000,117.28800000000001,0.63890000000000,1.00740000000000,32.2603,4416.9566,18.2657,17.6268,0.6389,18.5903,0.0439,0.0439,0.0000,-2.0523,4416.9566,NA
ExperienceX.exe,56308,0x216C7EA03E0,DXGI,1,0,0,Composed: Flip,4449.7958,NA,15.21240000000000,NA,0.18600000000000,1.36170000000000,NA,4435.2223,14.7595,14.5735,0.1860,15.8074,0.1278,0.1278,0.0000,NA,NA,NA
ExperienceX.exe,56308,0x216C7EA03E0,DXGI,1,0,0,Composed: Flip,4470.1008,NA,20.30500000000000,NA,0.18640000000000,1.29380000000000,NA,4449.9818,20.3054,20.1190,0.1864,21.2779,0.1349,0.1349,0.0000,NA,NA,NA
ExperienceX.exe,56308,0x216C7EA03E0,DXGI,1,0,0,Composed: Flip,4483.3735,NA,13.27270000000000,NA,0.20930000000000,1.47930000000000,NA,4470.2872,13.2956,13.0863,0.2093,14.4718,0.0938,0.0938,0.0000,NA,NA,NA
ExperienceX.exe,56308,0x216C829D570,DXGI,1,0,0,Composed: Flip,4350.0773,NA,14.47760000000000,16.73140000000000,0.20900000000000,4.41770000000000,32.8971,4335.8108,14.4755,14.2665,0.2090,17.4052,1.2790,1.2790,0.0000,2.3672,4335.8108,NA
ExperienceX.exe,56308,0x216C829D570,DXGI,1,0,0,Composed: Flip,4367.2925,NA,17.21520000000000,NA,0.35120000000000,10.76510000000000,NA,4350.2863,17.3574,17.0062,0.3512,27.3162,0.4551,0.4551,0.0000,NA,NA,NA
ExperienceX.exe,56308,0x216C829D570,DXGI,1,0,0,Composed: Flip,4383.4848,NA,16.19230000000000,NA,0.35410000000000,4.92300000000000,NA,4367.6437,16.1952,15.8411,0.3541,20.3089,0.4552,0.4138,0.0414,NA,NA,NA
ExperienceX.exe,56308,0x216C829D570,DXGI,1,0,0,Composed: Flip,4403.8479,NA,20.36310000000000,NA,0.42540000000000,1.31490000000000,NA,4383.8389,20.4344,20.0090,0.4254,20.0748,1.2491,1.2491,0.0000,NA,NA,NA
ExperienceX.exe,56308,0x216C829D570,DXGI,1,0,0,Composed: Flip,4434.5993,NA,30.75140000000000,NA,0.80560000000000,1.13050000000000,NA,4404.2733,31.1316,30.3260,0.8056,31.3175,0.1390,0.1390,0.0000,NA,NA,NA
ExperienceX.exe,56308,0x216C829D570,DXGI,1,0,0,Composed: Flip,4449.8279,NA,15.22860000000000,NA,0.19400000000000,1.48880000000000,NA,4435.4049,14.6170,14.4230,0.1940,15.7526,0.1592,0.1373,0.0219,NA,NA,NA
ExperienceX.exe,56308,0x216C829D570,DXGI,1,0,0,Composed: Flip,4470.0294,NA,20.20150000000000,NA,0.25730000000000,1.23030000000000,NA,4450.0219,20.2648,20.0075,0.2573,18.4415,2.7963,2.1312,0.6651,NA,NA,NA
ExperienceX.exe,56308,0x216C829D570,DXGI,1,0,0,Composed: Flip,4500.3023,NA,30.27290000000000,NA,0.15560000000000,2.02000000000000,NA,4470.2867,30.1712,30.0156,0.1556,31.8411,0.1945,0.1945,0.0000,NA,NA,NA
ExperienceX.exe,56308,0x216C7EA03E0,DXGI,1,0,0,Composed: Flip,4500.3291,NA,16.95560000000000,66.04660000000000,0.85750000000000,2.10110000000000,32.5612,4483.5828,17.6038,16.7463,0.8575,18.7395,0.1079,0.1079,0.0000,0.5796,4483.5828,NA
ExperienceX.exe,56308,0x216C7EA03E0,DXGI,1,0,0,Composed: Flip,4516.8444,NA,16.51530000000000,NA,0.16540000000000,2.19660000000000,NA,4501.1866,15.8232,15.6578,0.1654,17.7015,0.1529,0.1445,0.0084,NA,NA,NA
ExperienceX.exe,56308,0x0,Other,-1,0,0,Composed: Flip,4418.3502,NA,66.94170000000000,1066.50590000000011,0.00000000000000,0.16510000000000,31.1715,4351.4085,66.9417,66.9417,0.0000,66.5420,0.5648,0.4182,0.1466,329.7542,4351.4085,NA
ExperienceX.exe,56308,0x0,Other,-1,0,0,Composed: Flip,4484.3137,NA,65.96350000000000,NA,0.00000000000000,0.66110000000000,NA,4418.3502,65.9635,65.9635,0.0000,66.5026,0.1220,0.1156,0.0064,NA,NA,NA
ExperienceX.exe,56308,0x216C829D570,DXGI,1,0,0,Composed: Flip,4516.8440,NA,16.54170000000000,166.86140000000000,0.16590000000000,2.04410000000000,32.9918,4500.4579,16.5520,16.3861,0.1659,18.3174,0.1128,0.1128,0.0000,-2.2143,4500.4579,NA
ExperienceX.exe,56308,0x216C829D570,DXGI,1,0,0,Composed: Flip,4535.4859,NA,18.64190000000000,NA,0.83970000000000,1.23150000000000,NA,4517.0099,19.3157,18.4760,0.8397,19.2638,0.4437,0.4437,0.0000,NA,NA,NA
ExperienceX.exe,56308,0x216C829D570,DXGI,1,0,0,Composed: Flip,4550.4621,NA,14.97620000000000,NA,0.29750000000000,2.74830000000000,NA,4536.3256,14.4340,14.1365,0.2975,16.8756,0.0092,0.0092,0.0000,NA,NA,NA
ExperienceX.exe,56308,0x216C829D570,DXGI,1,0,0,Composed: Flip,4567.3181,NA,16.85600000000000,49.65750000000000,0.27850000000000,2.93390000000000,32.1752,4550.7596,16.8370,16.5585,0.2785,19.2528,0.2396,0.2396,0.0000,0.6442,4550.7596,NA
ExperienceX.exe,56308,0x216838E1150,DXGI,1,0,0,Composed: Flip,4483.3720,NA,13.33580000000000,16.82160000000000,0.19830000000000,1.38700000000000,32.9938,4470.4403,13.1300,12.9317,0.1983,1.1521,13.1666,2.5742,10.5924,3.7800,4470.4403,NA
ExperienceX.exe,56308,0x216838E1150,DXGI,1,0,0,Composed: Flip,4500.3348,NA,16.96280000000000,NA,0.97260000000000,1.79300000000000,NA,4483.5703,17.7371,16.7645,0.9726,17.0187,1.5388,1.3621,0.1767,NA,NA,NA
ExperienceX.exe,56308,0x216838E1150,DXGI,1,0,0,Composed: Flip,4516.8442,NA,16.50940000000000,NA,0.16580000000000,1.93110000000000,NA,4501.3074,15.7026,15.5368,0.1658,1.1228,16.3451,3.4599,12.8852,NA,NA,NA
ExperienceX.exe,56308,0x216838E1150,DXGI,1,0,0,Composed: Flip,4533.7935,NA,16.94930000000000,NA,0.33130000000000,2.37160000000000,NA,4517.0100,17.1148,16.7835,0.3313,17.4128,1.7423,1.0556,0.6867,NA,NA,NA
ExperienceX.exe,56308,0x216838E1150,DXGI,1,0,0,Composed: Flip,4567.3188,NA,33.52530000000000,NA,0.26580000000000,2.69360000000000,NA,4534.1248,33.4598,33.1940,0.2658,35.8810,0.0066,0.0066,0.0000,NA,NA,NA
ExperienceX.exe,56308,0x216838E1150,DXGI,1,0,0,Composed: Flip,4583.8221,NA,16.50330000000000,NA,0.19850000000000,2.28110000000000,NA,4567.5846,16.4360,16.2375,0.1985,18.5126,0.0060,0.0060,0.0000,NA,NA,NA
ExperienceX.exe,56308,0x216C7EA03E0,DXGI,1,0,0,Composed: Flip,4533.7930,NA,16.94860000000000,33.36700000000000,0.33160000000000,2.48070000000000,32.4643,4517.0098,17.1148,16.7832,0.3316,19.1553,0.1086,0.1086,0.0000,0.0600,4517.0098,NA
ExperienceX.exe,56308,0x216C7EA03E0,DXGI,1,0,0,Composed: Flip,4550.4674,NA,16.67440000000000,NA,0.29360000000000,2.73380000000000,NA,4534.1246,16.6364,16.3428,0.2936,19.0546,0.0220,0.0220,0.0000,NA,NA,NA
ExperienceX.exe,56308,0x216C7EA03E0,DXGI,1,0,0,Composed: Flip,4568.7126,NA,18.24520000000000,NA,0.25360000000000,1.29320000000000,NA,4550.7610,18.2052,17.9516,0.2536,2.4494,16.7954,1.5359,15.2595,NA,NA,NA
ExperienceX.exe,56308,0x216C7EA03E0,DXGI,1,0,0,Composed: Flip,4584.0034,NA,15.29080000000000,NA,0.40420000000000,2.09380000000000,NA,4568.9662,15.4414,15.0372,0.4042,16.6629,0.4681,0.4681,0.0000,NA,NA,NA
ExperienceX.exe,56308,0x216C7EA03E0,DXGI,1,0,0,Composed: Flip,4601.1066,NA,17.10320000000000,NA,0.17330000000000,1.13700000000000,NA,4584.4076,16.8723,16.6990,0.1733,17.6587,0.1773,0.1773,0.0000,NA,NA,NA
ExperienceX.exe,56308,0x216838E1150,DXGI,1,0,0,Composed: Flip,4601.1075,NA,17.28540000000000,116.58150000000001,0.13200000000000,0.95880000000000,31.8398,4584.0206,17.2189,17.0869,0.1320,2.0826,15.9631,1.3451,14.6180,-3.0012,4584.0206,NA
ExperienceX.exe,56308,0x216838E1150,DXGI,1,0,0,Composed: Flip,4616.9794,NA,15.87190000000000,NA,0.15600000000000,1.12410000000000,NA,4601.2395,15.8959,15.7399,0.1560,16.7649,0.0991,0.0928,0.0063,NA,NA,NA
ExperienceX.exe,56308,0x216838E1150,DXGI,1,0,0,Composed: Flip,4635.5579,NA,18.57850000000000,33.24810000000000,0.07120000000000,0.65330000000000,30.6375,4617.1354,18.4937,18.4225,0.0712,18.8808,0.1950,0.1950,0.0000,-0.1333,4617.1354,NA
ExperienceX.exe,56308,0x216838E1150,DXGI,1,0,0,Composed: Flip,4649.9327,NA,14.37480000000000,16.81420000000000,0.23130000000000,0.81370000000000,33.0769,4635.6291,14.5349,14.3036,0.2313,0.5821,14.5352,2.9811,11.5541,1.6795,4635.6291,NA
ExperienceX.exe,56308,0x216838E1150,DXGI,1,0,0,Composed: Flip,4669.0914,NA,19.15870000000000,16.51150000000000,0.49790000000000,1.18390000000000,30.4297,4650.1640,19.4253,18.9274,0.4979,19.9966,0.1147,0.1027,0.0120,-1.9766,4650.1640,NA
ExperienceX.exe,56308,0x216838E1150,DXGI,1,0,0,Composed: Flip,4683.5632,NA,14.47180000000000,16.69570000000000,0.19450000000000,0.92280000000000,32.6536,4669.5893,14.1684,13.9739,0.1945,0.9712,13.9255,2.8754,11.0501,2.7296,4669.5893,NA
ExperienceX.exe,56308,0x216C829D570,DXGI,1,0,0,Composed: Flip,4583.8214,NA,16.50330000000000,17.03100000000000,0.19930000000000,1.80770000000000,32.7029,4567.5966,16.4241,16.2248,0.1993,2.6554,15.3771,3.8698,11.5073,-0.1940,4567.5966,NA
ExperienceX.exe,56308,0x216C829D570,DXGI,1,0,0,Composed: Flip,4601.1904,NA,17.36900000000000,NA,0.44850000000000,1.28300000000000,NA,4584.0207,17.6182,17.1697,0.4485,18.2229,0.2298,0.2298,0.0000,NA,NA,NA
ExperienceX.exe,56308,0x216C829D570,DXGI,1,0,0,Composed: Flip,4635.1700,NA,33.97960000000000,NA,0.13620000000000,0.84620000000000,NA,4601.6389,33.6673,33.5311,0.1362,34.3725,0.0048,0.0048,0.0000,NA,NA,NA
ExperienceX.exe,56308,0x216C829D570,DXGI,1,0,0,Composed: Flip,4649.9520,NA,14.78200000000000,NA,0.21160000000000,1.06900000000000,NA,4635.3062,14.8574,14.6458,0.2116,15.5900,0.1248,0.1203,0.0045,NA,NA,NA
ExperienceX.exe,56308,0x216C829D570,DXGI,1,0,0,Composed: Flip,4667.2944,NA,17.34240000000000,NA,2.20050000000000,2.82100000000000,NA,4650.1636,19.3313,17.1308,2.2005,17.5302,2.4216,2.2969,0.1247,NA,NA,NA
ExperienceX.exe,56308,0x216C829D570,DXGI,1,0,0,Composed: Flip,4683.5931,NA,16.29870000000000,NA,0.21440000000000,0.97850000000000,NA,4669.4949,14.3126,14.0982,0.2144,14.9967,0.0800,0.0742,0.0058,NA,NA,NA
ExperienceX.exe,56308,0x216C829D570,DXGI,1,0,0,Composed: Flip,4702.2938,NA,18.70070000000000,NA,0.13840000000000,0.53380000000000,NA,4683.8075,18.6247,18.4863,0.1384,18.4055,0.6146,0.6146,0.0000,NA,NA,NA
ExperienceX.exe,56308,0x0,Other,-1,0,0,Composed: Flip,4552.0045,NA,67.69080000000001,133.71150000000000,0.00000000000000,1.17470000000000,31.2287,4484.3137,67.6908,67.6908,0.0000,52.4037,16.4618,4.7599,11.7019,-0.8063,4484.3137,NA
ExperienceX.exe,56308,0x0,Other,-1,0,0,Composed: Flip,4617.6957,NA,65.69120000000001,NA,0.00000000000000,0.30870000000000,NA,4552.0045,65.6912,65.6912,0.0000,65.7812,0.2187,0.2187,0.0000,NA,NA,NA
ExperienceX.exe,56308,0x216C7EA03E0,DXGI,1,0,0,Composed: Flip,4616.9881,NA,15.88150000000000,83.26110000000000,0.18870000000000,0.79760000000000,32.5303,4601.2799,15.8969,15.7082,0.1887,1.1935,15.3123,2.9730,12.3393,1.0090,4601.2799,NA
ExperienceX.exe,56308,0x216C7EA03E0,DXGI,1,0,0,Composed: Flip,4635.2707,NA,18.28260000000000,NA,0.16800000000000,0.74070000000000,NA,4617.1768,18.2619,18.0939,0.1680,16.9853,1.8493,1.2907,0.5586,NA,NA,NA
ExperienceX.exe,56308,0x216C7EA03E0,DXGI,1,0,0,Composed: Flip,4649.9219,NA,14.65120000000000,NA,0.18970000000000,0.97430000000000,NA,4635.4387,14.6729,14.4832,0.1897,15.3077,0.1498,0.1498,0.0000,NA,NA,NA
ExperienceX.exe,56308,0x216C7EA03E0,DXGI,1,0,0,Composed: Flip,4669.0725,NA,19.15060000000000,NA,0.25090000000000,1.08810000000000,NA,4650.1116,19.2118,18.9609,0.2509,20.0038,0.0452,0.0452,0.0000,NA,NA,NA
ExperienceX.exe,56308,0x216C7EA03E0,DXGI,1,0,0,Composed: Flip,4683.5623,NA,14.48980000000000,NA,0.19550000000000,0.92930000000000,NA,4669.3234,14.4344,14.2389,0.1955,15.1626,0.0056,0.0056,0.0000,NA,NA,NA
ExperienceX.exe,56308,0x216C7EA03E0,DXGI,1,0,0,Composed: Flip,4700.3753,NA,16.81300000000000,NA,0.16130000000000,1.65650000000000,NA,4683.7578,16.7788,16.6175,0.1613,16.9714,1.3026,1.2634,0.0392,NA,NA,NA
ExperienceX.exe,56308,0x216C7EA03E0,DXGI,1,0,0,Composed: Flip,4716.9165,NA,16.54120000000000,NA,0.29850000000000,1.87150000000000,NA,4700.5366,16.6784,16.3799,0.2985,2.2910,15.9604,3.5205,12.4399,NA,NA,NA
ExperienceX.exe,56308,0x216838E1150,DXGI,1,0,0,Composed: Flip,4701.1586,NA,17.59540000000000,16.67780000000000,0.06350000000000,0.94660000000000,31.7360,4683.7577,17.4644,17.4009,0.0635,18.3378,0.0097,0.0097,0.0000,-2.5094,4683.7577,NA
ExperienceX.exe,56308,0x216838E1150,DXGI,1,0,0,Composed: Flip,4716.9183,NA,15.75970000000000,NA,0.29670000000000,2.09220000000000,NA,4701.2221,15.9929,15.6962,0.2967,17.6661,0.1223,0.1159,0.0064,NA,NA,NA
ExperienceX.exe,56308,0x216838E1150,DXGI,1,0,0,Composed: Flip,4735.1434,NA,18.22510000000000,NA,0.76900000000000,1.06090000000000,NA,4717.2150,18.6974,17.9284,0.7690,18.9858,0.0035,0.0035,0.0000,NA,NA,NA
ExperienceX.exe,56308,0x216838E1150,DXGI,1,0,0,Composed: Flip,4750.2976,NA,15.15420000000000,NA,0.29700000000000,1.85600000000000,NA,4735.9124,14.6822,14.3852,0.2970,0.4312,15.8100,4.1574,11.6526,NA,NA,NA
ExperienceX.exe,56308,0x216C7EA03E0,DXGI,1,0,0,Composed: Flip,4750.2980,NA,33.38150000000000,133.56540000000001,0.29650000000000,2.12220000000000,32.7858,4717.2150,33.3795,33.0830,0.2965,35.0927,0.1125,0.1026,0.0099,-17.6303,4717.2150,NA
ExperienceX.exe,56308,0x216C7EA03E0,DXGI,1,0,0,Composed: Flip,4767.0745,NA,16.77650000000000,NA,0.19650000000000,2.51190000000000,NA,4750.5945,16.6765,16.4800,0.1965,18.9872,0.0047,0.0047,0.0000,NA,NA,NA
ExperienceX.exe,56308,0x216838E1150,DXGI,1,0,0,Composed: Flip,4767.0976,NA,16.80000000000000,66.82470000000001,0.17300000000000,2.47940000000000,32.6217,4750.5946,16.6760,16.5030,0.1730,16.9254,2.0570,1.6556,0.4014,0.0122,4750.5946,NA
ExperienceX.exe,56308,0x216838E1150,DXGI,1,0,0,Composed: Flip,4783.5712,NA,16.47360000000000,NA,0.20580000000000,1.74130000000000,NA,4767.2706,16.5064,16.3006,0.2058,18.0365,0.0054,0.0054,0.0000,NA,NA,NA
ExperienceX.exe,56308,0x216838E1150,DXGI,1,0,0,Composed: Flip,4801.6939,NA,18.12270000000000,33.13730000000000,0.09450000000000,2.01640000000000,31.1627,4783.7770,18.0114,17.9169,0.0945,17.2006,2.7327,2.7327,0.0000,0.0451,4783.7770,NA
ExperienceX.exe,56308,0x216838E1150,DXGI,1,0,0,Composed: Flip,4816.5686,NA,14.87470000000000,16.99430000000000,0.24570000000000,1.28280000000000,33.2823,4801.7884,15.0259,14.7802,0.2457,1.9321,14.1309,2.5976,11.5333,1.0171,4801.7884,NA
ExperienceX.exe,56308,0x216838E1150,DXGI,1,0,0,Composed: Flip,4834.2505,NA,17.68190000000000,16.25450000000000,0.39620000000000,1.14960000000000,31.8549,4816.8143,17.8324,17.4362,0.3962,1.6303,16.9555,1.5343,15.4212,-1.2286,4816.8143,NA
ExperienceX.exe,56308,0x216C829D570,DXGI,1,0,0,Composed: Flip,4716.9184,NA,14.62460000000000,133.21390000000000,0.35670000000000,1.96980000000000,32.8198,4702.4322,14.8429,14.4862,0.3567,16.3558,0.1002,0.1002,0.0000,1.6217,4702.4322,NA
ExperienceX.exe,56308,0x216C829D570,DXGI,1,0,0,Composed: Flip,4733.8344,NA,16.91600000000000,NA,0.23620000000000,2.36640000000000,NA,4717.2751,16.7955,16.5593,0.2362,17.0594,1.8663,1.6130,0.2533,NA,NA,NA
ExperienceX.exe,56308,0x216C829D570,DXGI,1,0,0,Composed: Flip,4750.3040,NA,16.46960000000000,NA,0.29130000000000,2.00370000000000,NA,4734.0706,16.5247,16.2334,0.2913,18.0830,0.1541,0.1541,0.0000,NA,NA,NA
ExperienceX.exe,56308,0x216C829D570,DXGI,1,0,0,Composed: Flip,4767.0734,NA,16.76940000000000,NA,0.19660000000000,2.50830000000000,NA,4750.5953,16.6747,16.4781,0.1966,18.9817,0.0047,0.0047,0.0000,NA,NA,NA
ExperienceX.exe,56308,0x216C829D570,DXGI,1,0,0,Composed: Flip,4783.5721,NA,16.49870000000000,NA,0.20480000000000,1.74680000000000,NA,4767.2700,16.5069,16.3021,0.2048,18.0444,0.0045,0.0045,0.0000,NA,NA,NA
ExperienceX.exe,56308,0x216C829D570,DXGI,1,0,0,Composed: Flip,4801.3794,NA,17.80730000000000,NA,0.19700000000000,2.34110000000000,NA,4783.7769,17.7995,17.6025,0.1970,19.9392,0.0044,0.0044,0.0000,NA,NA,NA
ExperienceX.exe,56308,0x216C829D570,DXGI,1,0,0,Composed: Flip,4816.8027,NA,15.42330000000000,NA,0.53160000000000,1.64190000000000,NA,4801.5764,15.7579,15.2263,0.5316,16.3435,0.5247,0.5247,0.0000,NA,NA,NA
ExperienceX.exe,56308,0x216C829D570,DXGI,1,0,0,Composed: Flip,4834.8616,NA,18.05890000000000,NA,0.07720000000000,0.99040000000000,NA,4817.3343,17.6045,17.5273,0.0772,18.2153,0.3024,0.3024,0.0000,NA,NA,NA
ExperienceX.exe,56308,0x216C829D570,DXGI,1,0,0,Composed: Flip,4850.3229,NA,15.46130000000000,NA,0.19320000000000,0.99130000000000,NA,4834.9388,15.5773,15.3841,0.1932,0.9132,15.4622,3.4147,12.0475,NA,NA,NA
ExperienceX.exe,56308,0x216C7EA03E0,DXGI,1,0,0,Composed: Flip,4783.5718,NA,16.49730000000000,33.08850000000000,0.20520000000000,1.73260000000000,32.6005,4767.2710,16.5060,16.3008,0.2052,2.3154,15.7180,4.1094,11.6086,16.9675,4767.2710,NA
ExperienceX.exe,56308,0x216C7EA03E0,DXGI,1,0,0,Composed: Flip,4802.6741,NA,19.10230000000000,NA,0.15850000000000,1.04200000000000,NA,4783.7770,19.0556,18.8971,0.1585,19.9333,0.0058,0.0058,0.0000,NA,NA,NA
ExperienceX.exe,56308,0x216C7EA03E0,DXGI,1,0,0,Composed: Flip,4816.5991,NA,13.92500000000000,NA,0.30120000000000,1.32080000000000,NA,4802.8326,14.0677,13.7665,0.3012,15.0317,0.0556,0.0556,0.0000,NA,NA,NA
ExperienceX.exe,56308,0x216C7EA03E0,DXGI,1,0,0,Composed: Flip,4834.6284,NA,18.02930000000000,NA,0.20450000000000,0.92120000000000,NA,4816.9003,17.9326,17.7281,0.2045,18.4998,0.1495,0.1495,0.0000,NA,NA,NA
ExperienceX.exe,56308,0x216C7EA03E0,DXGI,1,0,0,Composed: Flip,4850.3209,NA,15.69250000000000,NA,0.33080000000000,1.23650000000000,NA,4834.8329,15.8188,15.4880,0.3308,16.6252,0.0993,0.0928,0.0065,NA,NA,NA
ExperienceX.exe,56308,0x216C7EA03E0,DXGI,1,0,0,Composed: Flip,4867.7159,NA,17.39500000000000,NA,0.16480000000000,1.02610000000000,NA,4850.6517,17.2290,17.0642,0.1648,16.4428,1.6475,0.9370,0.7105,NA,NA,NA
ExperienceX.exe,56308,0x216838E1150,DXGI,1,0,0,Composed: Flip,4850.3210,NA,16.07050000000000,16.86030000000000,0.25980000000000,1.13710000000000,32.6447,4834.6467,15.9341,15.6743,0.2598,16.6675,0.1439,0.1439,0.0000,0.9721,4834.6467,NA
ExperienceX.exe,56308,0x216838E1150,DXGI,1,0,0,Composed: Flip,4867.3682,NA,17.04720000000000,NA,0.64350000000000,1.49160000000000,NA,4850.5808,17.4309,16.7874,0.6435,18.1612,0.1178,0.1178,0.0000,NA,NA,NA
ExperienceX.exe,56308,0x216838E1150,DXGI,1,0,0,Composed: Flip,4883.4058,NA,16.03760000000000,NA,0.18280000000000,1.57740000000000,NA,4868.0117,15.5769,15.3941,0.1828,16.9654,0.0061,0.0061,0.0000,NA,NA,NA
ExperienceX.exe,56308,0x216C7EA03E0,DXGI,1,0,0,Composed: Flip,4883.4156,NA,15.69970000000000,99.99270000000000,0.25110000000000,1.55210000000000,32.7494,4867.8807,15.7860,15.5349,0.2511,1.1674,15.9196,3.7094,12.2102,0.6170,4867.8807,NA
ExperienceX.exe,56308,0x216C7EA03E0,DXGI,1,0,0,Composed: Flip,4901.3957,NA,17.98010000000000,NA,0.53250000000000,0.76120000000000,NA,4883.6667,18.2615,17.7290,0.5325,18.3733,0.1169,0.1169,0.0000,NA,NA,NA
ExperienceX.exe,56308,0x216C829D570,DXGI,1,0,0,Composed: Flip,4867.6955,NA,17.37260000000000,149.72140000000002,0.19100000000000,1.35260000000000,31.7641,4850.5161,17.3704,17.1794,0.1910,18.3437,0.1883,0.1883,0.0000,-1.6375,4850.5161,NA
ExperienceX.exe,56308,0x216C829D570,DXGI,1,0,0,Composed: Flip,4883.4150,NA,15.71950000000000,NA,0.25180000000000,1.56020000000000,NA,4867.8865,15.7803,15.5285,0.2518,17.0840,0.0047,0.0047,0.0000,NA,NA,NA
ExperienceX.exe,56308,0x216C829D570,DXGI,1,0,0,Composed: Flip,4901.1856,NA,17.77060000000000,NA,0.48060000000000,0.85440000000000,NA,4883.6668,17.9994,17.5188,0.4806,18.0505,0.3227,0.3227,0.0000,NA,NA,NA
ExperienceX.exe,56308,0x216C829D570,DXGI,1,0,0,Composed: Flip,4934.5842,NA,33.39860000000000,66.92990000000000,0.39820000000000,0.61290000000000,31.8053,4901.6662,33.3162,32.9180,0.3982,32.6394,0.8915,0.8915,0.0000,-15.7798,4901.6662,NA
ExperienceX.exe,56308,0x216C7EA03E0,DXGI,1,0,0,Composed: Flip,4916.3814,NA,14.98570000000000,33.32220000000000,0.12670000000000,0.65350000000000,33.1058,4901.9282,14.5799,14.4532,0.1267,0.2287,14.8780,3.0317,11.8463,0.7253,4901.9282,NA
ExperienceX.exe,56308,0x216C7EA03E0,DXGI,1,0,0,Composed: Flip,4934.8103,NA,18.42890000000000,NA,0.19650000000000,0.56680000000000,NA,4916.5081,18.4987,18.3022,0.1965,18.6890,0.1800,0.1800,0.0000,NA,NA,NA
ExperienceX.exe,56308,0x216C7EA03E0,DXGI,1,0,0,Composed: Flip,4949.8512,NA,15.04090000000000,NA,0.14640000000000,0.90380000000000,NA,4935.0068,14.9908,14.8444,0.1464,0.6020,15.1462,3.0422,12.1040,NA,NA,NA
ExperienceX.exe,56308,0x216C7EA03E0,DXGI,1,0,0,Composed: Flip,4967.3589,NA,17.50770000000000,49.95900000000000,1.44660000000000,2.65280000000000,32.0873,4949.9976,18.8079,17.3613,1.4466,19.7157,0.2984,0.2984,0.0000,-1.8896,4949.9976,NA
ExperienceX.exe,56308,0x216C7EA03E0,DXGI,1,0,0,Composed: Flip,4983.1720,NA,15.81310000000000,16.90060000000000,0.19970000000000,1.42130000000000,33.1748,4968.8055,14.5662,14.3665,0.1997,15.6481,0.1397,0.1316,0.0081,1.9073,4968.8055,NA
ExperienceX.exe,56308,0x0,Other,-1,0,0,Composed: Flip,4736.0187,NA,118.32300000000001,182.95850000000002,0.00000000000000,0.32490000000000,30.1730,4617.6957,118.3230,118.3230,0.0000,118.5086,0.1393,0.1393,0.0000,-49.5765,4617.6957,NA
ExperienceX.exe,56308,0x0,Other,-1,0,0,Composed: Flip,4916.9326,NA,180.91390000000001,NA,0.00000000000000,0.38010000000000,NA,4736.0187,180.9139,180.9139,0.0000,181.1267,0.1673,0.1613,0.0060,NA,NA,NA
ExperienceX.exe,56308,0x216838E1150,DXGI,1,0,0,Composed: Flip,4901.0747,NA,17.66890000000000,49.82800000000000,0.12840000000000,0.64260000000000,31.7190,4883.5886,17.6145,17.4861,0.1284,17.0909,1.0378,1.0378,0.0000,-0.8861,4883.5886,NA
ExperienceX.exe,56308,0x216838E1150,DXGI,1,0,0,Composed: Flip,4916.3810,NA,15.30630000000000,NA,0.12710000000000,0.76440000000000,NA,4901.2031,15.3050,15.1779,0.1271,15.8318,0.1105,0.1105,0.0000,NA,NA,NA
ExperienceX.exe,56308,0x216838E1150,DXGI,1,0,0,Composed: Flip,4934.5939,NA,18.21290000000000,NA,0.36640000000000,1.01490000000000,NA,4916.5081,18.4522,18.0858,0.3664,18.8690,0.2317,0.2317,0.0000,NA,NA,NA
ExperienceX.exe,56308,0x216838E1150,DXGI,1,0,0,Composed: Flip,4949.9585,NA,15.36460000000000,NA,0.29600000000000,2.09800000000000,NA,4934.9603,15.2942,14.9982,0.2960,16.0502,1.0460,0.5407,0.5053,NA,NA,NA
ExperienceX.exe,56308,0x216838E1150,DXGI,1,0,0,Composed: Flip,4967.3587,NA,17.40020000000000,NA,0.26400000000000,2.35460000000000,NA,4950.2545,17.3682,17.1042,0.2640,17.5659,1.8929,0.8860,1.0069,NA,NA,NA
ExperienceX.exe,56308,0x216838E1150,DXGI,1,0,0,Composed: Flip,4983.1533,NA,15.79460000000000,NA,0.21840000000000,1.30030000000000,NA,4967.6227,15.7490,15.5306,0.2184,16.6760,0.1549,0.1549,0.0000,NA,NA,NA
ExperienceX.exe,56308,0x216838E1150,DXGI,1,0,0,Composed: Flip,5000.9452,NA,17.79190000000000,NA,0.20570000000000,0.77320000000000,NA,4983.3717,17.7792,17.5735,0.2057,18.1711,0.1756,0.1756,0.0000,NA,NA,NA
ExperienceX.exe,56308,0x216C7EA03E0,DXGI,1,0,0,Composed: Flip,5000.9675,NA,17.79550000000000,16.43440000000000,0.11790000000000,0.57530000000000,31.8137,4983.3717,17.7137,17.5958,0.1179,16.9574,1.2137,1.0185,0.1952,-1.8682,4983.3717,NA
ExperienceX.exe,56308,0x216C7EA03E0,DXGI,1,0,0,Composed: Flip,5033.4095,NA,32.44200000000000,NA,0.16280000000000,2.05970000000000,NA,5001.0854,32.4869,32.3241,0.1628,34.0544,0.3294,0.3294,0.0000,NA,NA,NA
ExperienceX.exe,56308,0x216C829D570,DXGI,1,0,0,Composed: Flip,4949.8520,NA,15.26780000000000,16.41090000000000,0.14570000000000,1.15850000000000,32.9484,4934.9824,15.0153,14.8696,0.1457,15.7726,0.2555,0.2555,0.0000,16.9053,4934.9824,NA
ExperienceX.exe,56308,0x216C829D570,DXGI,1,0,0,Composed: Flip,4969.1050,NA,19.25300000000000,NA,0.57010000000000,1.07350000000000,NA,4949.9977,19.6774,19.1073,0.5701,20.0140,0.1668,0.1617,0.0051,NA,NA,NA
ExperienceX.exe,56308,0x216C829D570,DXGI,1,0,0,Composed: Flip,4983.1528,NA,14.04780000000000,NA,0.21230000000000,1.14590000000000,NA,4969.6751,13.6900,13.4777,0.2123,0.6193,14.0043,3.7888,10.2155,NA,NA,NA
ExperienceX.exe,56308,0x216C829D570,DXGI,1,0,0,Composed: Flip,5001.5629,NA,18.41010000000000,NA,0.05990000000000,0.46040000000000,NA,4983.3651,18.2577,18.1978,0.0599,18.3533,0.3049,0.3049,0.0000,NA,NA,NA
ExperienceX.exe,56308,0x216C829D570,DXGI,1,0,0,Composed: Flip,5016.7516,NA,15.18870000000000,NA,0.11120000000000,1.17310000000000,NA,5001.6228,15.2400,15.1288,0.1112,16.2967,0.0052,0.0052,0.0000,NA,NA,NA
ExperienceX.exe,56308,0x216C829D570,DXGI,1,0,0,Composed: Flip,5033.4061,NA,16.65450000000000,NA,0.69200000000000,1.73370000000000,NA,5016.8628,17.2353,16.5433,0.6920,18.1762,0.1008,0.1008,0.0000,NA,NA,NA
ExperienceX.exe,56308,0x216C829D570,DXGI,1,0,0,Composed: Flip,5049.6455,NA,16.23940000000000,NA,0.14660000000000,1.27720000000000,NA,5034.0981,15.6940,15.5474,0.1466,16.6897,0.1349,0.1254,0.0095,NA,NA,NA
ExperienceX.exe,56308,0x216838E1150,DXGI,1,0,0,Composed: Flip,5033.7275,NA,32.78230000000000,133.38770000000000,0.49820000000000,1.31150000000000,32.4539,5001.1509,33.0748,32.5766,0.4982,32.4042,1.4839,0.9260,0.5579,-15.8254,5001.1509,NA
ExperienceX.exe,56308,0x216838E1150,DXGI,1,0,0,Composed: Flip,5049.6309,NA,15.90340000000000,NA,0.07930000000000,0.62500000000000,NA,5034.2257,15.4845,15.4052,0.0793,1.2435,14.7867,3.0642,11.7225,NA,NA,NA
ExperienceX.exe,56308,0x216838E1150,DXGI,1,0,0,Composed: Flip,5067.2833,NA,17.65240000000000,NA,0.27480000000000,0.83100000000000,NA,5049.7102,17.8479,17.5731,0.2748,18.3993,0.0048,0.0048,0.0000,NA,NA,NA
ExperienceX.exe,56308,0x216C7EA03E0,DXGI,1,0,0,Composed: Flip,5049.6312,NA,16.22170000000000,50.04700000000000,0.07930000000000,1.15660000000000,33.1970,5033.5723,16.1382,16.0589,0.0793,16.9320,0.2835,0.2835,0.0000,0.1536,5033.5723,NA
ExperienceX.exe,56308,0x216C7EA03E0,DXGI,1,0,0,Composed: Flip,5067.5218,NA,17.89060000000000,NA,0.06740000000000,0.58770000000000,NA,5049.7105,17.8787,17.8113,0.0674,18.0810,0.3180,0.3180,0.0000,NA,NA,NA
ExperienceX.exe,56308,0x216C7EA03E0,DXGI,1,0,0,Composed: Flip,5083.1116,NA,15.58980000000000,NA,0.10450000000000,0.94740000000000,NA,5067.5892,15.6269,15.5224,0.1045,16.0550,0.4148,0.3362,0.0786,NA,NA,NA
ExperienceX.exe,56308,0x216C7EA03E0,DXGI,1,0,0,Composed: Flip,5100.7973,NA,17.68570000000000,49.93490000000000,0.17680000000000,0.58520000000000,31.9658,5083.2161,17.7580,17.5812,0.1768,17.0689,1.0975,1.0975,0.0000,-0.2911,5083.2161,NA
ExperienceX.exe,56308,0x216838E1150,DXGI,1,0,0,Composed: Flip,5083.1660,NA,15.88270000000000,49.90690000000000,0.16560000000000,1.00690000000000,32.9223,5067.5581,15.7735,15.6079,0.1656,16.5009,0.1139,0.1090,0.0049,16.5003,5067.5581,NA
ExperienceX.exe,56308,0x216838E1150,DXGI,1,0,0,Composed: Flip,5100.5431,NA,17.37710000000000,NA,0.51510000000000,1.11980000000000,NA,5083.3316,17.7266,17.2115,0.5151,18.1964,0.1349,0.1349,0.0000,NA,NA,NA
ExperienceX.exe,56308,0x216838E1150,DXGI,1,0,0,Composed: Flip,5116.2815,NA,15.73840000000000,NA,0.13000000000000,1.03680000000000,NA,5101.0582,15.3533,15.2233,0.1300,16.0533,0.2068,0.2068,0.0000,NA,NA,NA
ExperienceX.exe,56308,0x0,Other,-1,0,0,Composed: Flip,5017.2776,NA,100.34500000000000,283.23720000000003,0.00000000000000,0.64190000000000,32.1513,4916.9326,100.3450,100.3450,0.0000,85.0907,15.8962,3.4645,12.4317,15.9997,4916.9326,NA
ExperienceX.exe,56308,0x0,Other,-1,0,0,Composed: Flip,5017.2932,NA,0.01560000000000,NA,0.00000000000000,0.77840000000000,NA,5017.2776,0.0156,0.0156,0.0000,0.6471,0.1469,0.1348,0.0121,NA,NA,NA
ExperienceX.exe,56308,0x216838E1150,DXGI,1,0,0,Composed: Flip,5133.8102,NA,17.52870000000000,50.01760000000000,0.61510000000000,0.99990000000000,32.2957,5116.4115,18.0138,17.3987,0.6151,18.1220,0.2766,0.2766,0.0000,-1.1642,5116.4115,NA
ExperienceX.exe,56308,0x216838E1150,DXGI,1,0,0,Composed: Flip,5167.7312,NA,33.92100000000000,33.41160000000000,0.08960000000000,0.38080000000000,31.7863,5134.4253,33.3955,33.3059,0.0896,32.7877,0.8990,0.8990,0.0000,-15.3978,5134.4253,NA
ExperienceX.exe,56308,0x216C7EA03E0,DXGI,1,0,0,Composed: Flip,5116.2918,NA,15.49450000000000,16.64960000000000,0.13780000000000,1.17140000000000,33.1209,5100.9741,15.4555,15.3177,0.1378,16.3442,0.1449,0.1381,0.0068,1.1084,5100.9741,NA
ExperienceX.exe,56308,0x216C7EA03E0,DXGI,1,0,0,Composed: Flip,5133.5899,NA,17.29810000000000,NA,0.17680000000000,0.59930000000000,NA,5116.4296,17.3371,17.1603,0.1768,16.9912,0.7684,0.7684,0.0000,NA,NA,NA
ExperienceX.exe,56308,0x216C7EA03E0,DXGI,1,0,0,Composed: Flip,5149.6301,NA,16.04020000000000,NA,0.12800000000000,1.71980000000000,NA,5133.7667,15.9914,15.8634,0.1280,1.0434,16.5398,3.2375,13.3023,NA,NA,NA
ExperienceX.exe,56308,0x216C7EA03E0,DXGI,1,0,0,Composed: Flip,5167.8503,NA,18.22020000000000,NA,0.05940000000000,0.80480000000000,NA,5149.7581,18.1516,18.0922,0.0594,18.6326,0.2644,0.2644,0.0000,NA,NA,NA
ExperienceX.exe,56308,0x216C7EA03E0,DXGI,1,0,0,Composed: Flip,5184.0207,NA,16.17040000000000,NA,0.41030000000000,1.55550000000000,NA,5167.9097,16.5213,16.1110,0.4103,17.6631,0.0034,0.0034,0.0000,NA,NA,NA
ExperienceX.exe,56308,0x216838E1150,DXGI,1,0,0,Composed: Flip,5184.0619,NA,16.33070000000000,16.65330000000000,0.36850000000000,1.50690000000000,32.1089,5167.8208,16.6096,16.2411,0.3685,0.8343,16.9137,3.5888,13.3249,16.7422,5167.8208,NA
ExperienceX.exe,56308,0x216838E1150,DXGI,1,0,0,Composed: Flip,5200.7971,NA,16.73520000000000,NA,0.79410000000000,1.16040000000000,NA,5184.4304,17.1608,16.3667,0.7941,15.9814,1.5457,1.5309,0.0148,NA,NA,NA
ExperienceX.exe,56308,0x216C829D570,DXGI,1,0,0,Composed: Flip,5067.1629,NA,17.51740000000000,116.68380000000001,0.38820000000000,0.62860000000000,32.3213,5049.7921,17.7590,17.3708,0.3882,17.1013,0.8981,0.8981,0.0000,-1.8741,5049.7921,NA
ExperienceX.exe,56308,0x216C829D570,DXGI,1,0,0,Composed: Flip,5083.1115,NA,15.94860000000000,NA,0.10460000000000,0.53270000000000,NA,5067.5511,15.6650,15.5604,0.1046,0.5632,15.5299,3.1490,12.3809,NA,NA,NA
ExperienceX.exe,56308,0x216C829D570,DXGI,1,0,0,Composed: Flip,5100.8433,NA,17.73180000000000,NA,0.12550000000000,0.68470000000000,NA,5083.2161,17.7527,17.6272,0.1255,18.1664,0.1455,0.1455,0.0000,NA,NA,NA
ExperienceX.exe,56308,0x216C829D570,DXGI,1,0,0,Composed: Flip,5116.2917,NA,15.44840000000000,NA,0.13790000000000,0.75680000000000,NA,5100.9688,15.4608,15.3229,0.1379,0.6941,15.3856,3.0088,12.3768,NA,NA,NA
ExperienceX.exe,56308,0x216C829D570,DXGI,1,0,0,Composed: Flip,5133.6097,NA,17.31800000000000,NA,0.38830000000000,0.92380000000000,NA,5116.4296,17.5684,17.1801,0.3883,17.7596,0.3443,0.3443,0.0000,NA,NA,NA
ExperienceX.exe,56308,0x216C829D570,DXGI,1,0,0,Composed: Flip,5150.0330,NA,16.42330000000000,NA,0.11290000000000,1.41700000000000,NA,5133.9980,16.1479,16.0350,0.1129,17.3519,0.1001,0.1001,0.0000,NA,NA,NA
ExperienceX.exe,56308,0x216C829D570,DXGI,1,0,0,Composed: Flip,5167.9046,NA,17.87160000000000,NA,0.05940000000000,0.48610000000000,NA,5150.1459,17.8181,17.7587,0.0594,17.9661,0.2787,0.2787,0.0000,NA,NA,NA
ExperienceX.exe,56308,0x216C829D570,DXGI,1,0,0,Composed: Flip,5183.8376,NA,15.93300000000000,NA,0.29240000000000,1.73440000000000,NA,5167.9640,16.1660,15.8736,0.2924,17.6059,0.0021,0.0021,0.0000,NA,NA,NA
ExperienceX.exe,56308,0x216C829D570,DXGI,1,0,0,Composed: Flip,5200.2197,NA,16.38210000000000,NA,0.67450000000000,1.74390000000000,NA,5184.1300,16.7642,16.0897,0.6745,17.8275,0.0061,0.0061,0.0000,NA,NA,NA
ExperienceX.exe,56308,0x216C829D570,DXGI,1,0,0,Composed: Flip,5216.4178,NA,16.19810000000000,NA,0.21480000000000,1.20740000000000,NA,5200.8942,15.7384,15.5236,0.2148,16.2869,0.4441,0.4441,0.0000,NA,NA,NA
ExperienceX.exe,56308,0x216C829D570,DXGI,1,0,0,Composed: Flip,5233.2697,NA,16.85190000000000,166.76650000000001,0.07670000000000,1.76450000000000,32.9810,5216.6326,16.7138,16.6371,0.0767,0.9926,17.4090,1.1005,16.3085,0.0740,5216.6326,NA
ExperienceX.exe,56308,0x216C7EA03E0,DXGI,1,0,0,Composed: Flip,5201.1338,NA,17.11310000000000,83.40080000000000,0.09500000000000,0.84880000000000,31.6797,5184.4310,16.7978,16.7028,0.0950,17.5326,0.0190,0.0190,0.0000,0.0561,5184.4310,NA
ExperienceX.exe,56308,0x216C7EA03E0,DXGI,1,0,0,Composed: Flip,5216.3888,NA,15.25500000000000,NA,0.10390000000000,0.79230000000000,NA,5201.2288,15.2639,15.1600,0.1039,15.8503,0.1020,0.1020,0.0000,NA,NA,NA
ExperienceX.exe,56308,0x216C7EA03E0,DXGI,1,0,0,Composed: Flip,5234.0853,NA,17.69650000000000,NA,0.11340000000000,1.11990000000000,NA,5216.4927,17.7060,17.5926,0.1134,18.5415,0.1710,0.1710,0.0000,NA,NA,NA
ExperienceX.exe,56308,0x216C7EA03E0,DXGI,1,0,0,Composed: Flip,5249.6026,NA,15.51730000000000,NA,0.08610000000000,0.92500000000000,NA,5234.1987,15.4900,15.4039,0.0861,16.1826,0.1463,0.1463,0.0000,NA,NA,NA
ExperienceX.exe,56308,0x216C829D570,DXGI,1,0,0,Composed: Flip,5249.6131,NA,16.34340000000000,16.54090000000000,0.12110000000000,0.76820000000000,33.1785,5233.3464,16.3878,16.2667,0.1211,2.1820,14.8529,3.0401,11.8128,0.1729,5233.3464,NA
ExperienceX.exe,56308,0x216C829D570,DXGI,1,0,0,Composed: Flip,5267.7913,NA,18.17820000000000,NA,0.06890000000000,0.99750000000000,NA,5249.7342,18.1260,18.0571,0.0689,17.2617,1.7929,1.7667,0.0262,NA,NA,NA
ExperienceX.exe,56308,0x216C7EA03E0,DXGI,1,0,0,Composed: Flip,5266.8290,NA,17.22640000000000,66.59180000000001,0.07150000000000,2.16120000000000,32.5763,5249.6887,17.2118,17.1403,0.0715,19.1001,0.2014,0.2014,0.0000,-1.3341,5249.6887,NA
ExperienceX.exe,56308,0x216C7EA03E0,DXGI,1,0,0,Composed: Flip,5283.0355,NA,16.20650000000000,NA,0.15020000000000,0.91860000000000,NA,5266.9005,16.2852,16.1350,0.1502,2.2776,14.7760,2.8143,11.9617,NA,NA,NA
ExperienceX.exe,56308,0x216838E1150,DXGI,1,0,0,Composed: Flip,5216.3887,NA,15.59160000000000,33.24700000000000,0.10390000000000,0.69040000000000,33.0291,5201.5912,14.9014,14.7975,0.1039,0.3914,15.0965,2.8824,12.2141,0.5234,5201.5912,NA
ExperienceX.exe,56308,0x216838E1150,DXGI,1,0,0,Composed: Flip,5233.8385,NA,17.44980000000000,NA,0.04820000000000,1.68990000000000,NA,5216.4926,17.3941,17.3459,0.0482,18.7126,0.3232,0.3232,0.0000,NA,NA,NA
ExperienceX.exe,56308,0x216838E1150,DXGI,1,0,0,Composed: Flip,5249.6021,NA,15.76360000000000,NA,0.08670000000000,1.04580000000000,NA,5233.8867,15.8021,15.7154,0.0867,16.6409,0.1203,0.1141,0.0062,NA,NA,NA
ExperienceX.exe,56308,0x216838E1150,DXGI,1,0,0,Composed: Flip,5266.7148,NA,17.11270000000000,NA,0.07260000000000,2.46330000000000,NA,5249.6888,17.0986,17.0260,0.0726,19.3014,0.1879,0.1879,0.0000,NA,NA,NA
ExperienceX.exe,56308,0x216838E1150,DXGI,1,0,0,Composed: Flip,5283.0360,NA,16.32120000000000,NA,0.14980000000000,1.06720000000000,NA,5266.7874,16.3984,16.2486,0.1498,17.1667,0.1491,0.1491,0.0000,NA,NA,NA
ExperienceX.exe,56308,0x216838E1150,DXGI,1,0,0,Composed: Flip,5300.3127,NA,17.27670000000000,NA,0.08880000000000,0.74450000000000,NA,5283.1858,17.2157,17.1269,0.0888,17.7104,0.1610,0.1610,0.0000,NA,NA,NA
ExperienceX.exe,56308,0x216838E1150,DXGI,1,0,0,Composed: Flip,5316.3219,NA,16.00920000000000,100.10730000000001,0.06210000000000,0.70120000000000,33.2032,5300.4015,15.9825,15.9204,0.0621,0.6557,15.9659,3.1851,12.7808,-1.2970,5300.4015,NA
ExperienceX.exe,56308,0x216838E1150,DXGI,1,0,0,Composed: Flip,5334.4300,NA,18.10810000000000,16.83890000000000,0.24600000000000,1.21460000000000,31.9340,5316.3840,18.2920,18.0460,0.2460,18.7211,0.5395,0.5395,0.0000,-0.8564,5316.3840,NA
ExperienceX.exe,56308,0x216C829D570,DXGI,1,0,0,Composed: Flip,5283.0359,NA,15.24460000000000,33.30980000000000,0.15020000000000,1.18750000000000,33.0655,5267.8602,15.3259,15.1757,0.1502,16.2430,0.1202,0.1145,0.0057,1.2040,5267.8602,NA
ExperienceX.exe,56308,0x216C829D570,DXGI,1,0,0,Composed: Flip,5300.1436,NA,17.10770000000000,NA,0.25930000000000,0.61580000000000,NA,5283.1861,17.2168,16.9575,0.2593,16.6952,0.8781,0.8781,0.0000,NA,NA,NA
ExperienceX.exe,56308,0x216C829D570,DXGI,1,0,0,Composed: Flip,5316.3221,NA,16.17850000000000,NA,0.06230000000000,0.98790000000000,NA,5300.4029,15.9815,15.9192,0.0623,16.7612,0.1459,0.1399,0.0060,NA,NA,NA
ExperienceX.exe,56308,0x216C829D570,DXGI,1,0,0,Composed: Flip,5334.0423,NA,17.72020000000000,NA,0.12900000000000,0.79800000000000,NA,5316.3844,17.7869,17.6579,0.1290,17.1040,1.3519,1.3414,0.0105,NA,NA,NA
ExperienceX.exe,56308,0x216C829D570,DXGI,1,0,0,Composed: Flip,5349.8816,NA,15.83930000000000,NA,0.12370000000000,1.75810000000000,NA,5334.1713,15.8340,15.7103,0.1237,17.1860,0.2824,0.2753,0.0071,NA,NA,NA
ExperienceX.exe,56308,0x216C829D570,DXGI,1,0,0,Composed: Flip,5367.6260,NA,17.74440000000000,83.32160000000000,0.10790000000000,0.95700000000000,31.7970,5350.0053,17.7286,17.6207,0.1079,18.4133,0.1644,0.1644,0.0000,-1.1765,5350.0053,NA
ExperienceX.exe,56308,0x216838E1150,DXGI,1,0,0,Composed: Flip,5349.8817,NA,15.45170000000000,16.53600000000000,0.12380000000000,1.47560000000000,33.0183,5334.6760,15.3295,15.2057,0.1238,15.8670,0.8143,0.6281,0.1862,1.7560,5334.6760,NA
ExperienceX.exe,56308,0x216838E1150,DXGI,1,0,0,Composed: Flip,5367.6232,NA,17.74150000000000,NA,0.55570000000000,0.66600000000000,NA,5350.0055,18.1734,17.6177,0.5557,17.2888,0.9949,0.9949,0.0000,NA,NA,NA
ExperienceX.exe,56308,0x216838E1150,DXGI,1,0,0,Composed: Flip,5383.3224,NA,15.69920000000000,NA,0.16000000000000,1.27210000000000,NA,5368.1789,15.3035,15.1435,0.1600,16.4086,0.0070,0.0070,0.0000,NA,NA,NA
ExperienceX.exe,56308,0x216C829D570,DXGI,1,0,0,Composed: Flip,5383.3524,NA,15.72640000000000,16.89720000000000,0.16570000000000,1.22630000000000,32.9678,5367.7339,15.7842,15.6185,0.1657,0.8491,15.9957,3.5669,12.4288,0.8314,5367.7339,NA
ExperienceX.exe,56308,0x216C829D570,DXGI,1,0,0,Composed: Flip,5400.2628,NA,16.91040000000000,NA,0.08440000000000,0.55140000000000,NA,5383.5181,16.8291,16.7447,0.0844,1.0764,16.2197,0.8281,15.3916,NA,NA,NA
ExperienceX.exe,56308,0x216C829D570,DXGI,1,0,0,Composed: Flip,5416.5998,NA,16.33700000000000,33.11520000000000,0.21300000000000,0.92400000000000,32.8356,5400.3472,16.4656,16.2526,0.2130,0.9635,16.2131,3.5034,12.7097,-0.5019,5400.3472,NA
ExperienceX.exe,56308,0x216838E1150,DXGI,1,0,0,Composed: Flip,5400.8752,NA,17.55280000000000,49.87030000000000,0.09610000000000,0.43550000000000,31.8951,5383.4824,17.4889,17.3928,0.0961,17.5919,0.2364,0.2364,0.0000,-1.0639,5383.4824,NA
ExperienceX.exe,56308,0x216838E1150,DXGI,1,0,0,Composed: Flip,5416.5999,NA,15.72470000000000,NA,0.21290000000000,1.25410000000000,NA,5400.9713,15.8415,15.6286,0.2129,16.8737,0.0090,0.0090,0.0000,NA,NA,NA
ExperienceX.exe,56308,0x216838E1150,DXGI,1,0,0,Composed: Flip,5433.8497,NA,17.24980000000000,NA,0.65750000000000,1.10840000000000,NA,5416.8128,17.6944,17.0369,0.6575,18.0267,0.1186,0.1186,0.0000,NA,NA,NA
ExperienceX.exe,56308,0x216838E1150,DXGI,1,0,0,Composed: Flip,5449.6444,NA,15.79470000000000,50.00180000000000,0.13350000000000,0.46800000000000,33.1277,5434.5072,15.2707,15.1372,0.1335,0.6064,14.9988,2.7804,12.2184,1.0230,5434.5072,NA
ExperienceX.exe,56308,0x216838E1150,DXGI,1,0,0,Composed: Flip,5467.3042,NA,17.65980000000000,16.66530000000000,0.13990000000000,1.19380000000000,32.1332,5449.7779,17.6662,17.5263,0.1399,18.4853,0.2348,0.2348,0.0000,-1.3946,5449.7779,NA
ExperienceX.exe,56308,0x216838E1150,DXGI,1,0,0,Composed: Flip,5483.2039,NA,15.89970000000000,16.65540000000000,0.19690000000000,1.48000000000000,32.8889,5467.4441,15.9567,15.7598,0.1969,17.1559,0.0839,0.0776,0.0063,1.0108,5467.4441,NA
ExperienceX.exe,56308,0x216C829D570,DXGI,1,0,0,Composed: Flip,5434.3044,NA,17.70460000000000,16.67520000000000,0.20170000000000,0.53510000000000,31.8062,5416.8128,17.6933,17.4916,0.2017,16.7840,1.2427,1.2427,0.0000,-0.2096,5416.8128,NA
ExperienceX.exe,56308,0x216C829D570,DXGI,1,0,0,Composed: Flip,5449.6478,NA,15.34340000000000,NA,0.15360000000000,0.62710000000000,NA,5434.5061,15.2953,15.1417,0.1536,15.6063,0.1625,0.1625,0.0000,NA,NA,NA
ExperienceX.exe,56308,0x216C829D570,DXGI,1,0,0,Composed: Flip,5467.1426,NA,17.49480000000000,NA,0.30230000000000,0.99230000000000,NA,5449.8014,17.6435,17.3412,0.3023,16.9717,1.3618,1.2354,0.1264,NA,NA,NA
ExperienceX.exe,56308,0x216C829D570,DXGI,1,0,0,Composed: Flip,5483.1774,NA,16.03480000000000,NA,0.37290000000000,1.42260000000000,NA,5467.4449,16.1054,15.7325,0.3729,17.1482,0.0069,0.0069,0.0000,NA,NA,NA
ExperienceX.exe,56308,0x216C829D570,DXGI,1,0,0,Composed: Flip,5501.0179,NA,17.84050000000000,NA,0.07690000000000,1.18720000000000,NA,5483.5503,17.5445,17.4676,0.0769,18.3131,0.3417,0.3417,0.0000,NA,NA,NA
ExperienceX.exe,56308,0x216838E1150,DXGI,1,0,0,Composed: Flip,5500.8831,NA,17.67920000000000,16.63530000000000,0.09350000000000,0.84680000000000,31.8450,5483.4008,17.5758,17.4823,0.0935,16.8592,1.4699,1.0761,0.3938,-0.6786,5483.4008,NA
ExperienceX.exe,56308,0x216838E1150,DXGI,1,0,0,Composed: Flip,5533.2035,NA,32.32040000000000,33.45070000000000,0.68630000000000,1.65600000000000,32.9753,5500.9766,32.9132,32.2269,0.6863,32.3851,1.4978,1.1602,0.3376,-15.8749,5500.9766,NA
ExperienceX.exe,56308,0x216C829D570,DXGI,1,0,0,Composed: Flip,5516.3580,NA,15.34010000000000,83.32790000000000,0.12050000000000,0.46240000000000,33.0805,5501.0948,15.3837,15.2632,0.1205,1.1103,14.6153,2.8506,11.7647,0.9541,5501.0948,NA
ExperienceX.exe,56308,0x216C829D570,DXGI,1,0,0,Composed: Flip,5533.5814,NA,17.22340000000000,NA,0.36970000000000,1.28110000000000,NA,5516.4785,17.4726,17.1029,0.3697,18.3810,0.0030,0.0030,0.0000,NA,NA,NA
ExperienceX.exe,56308,0x216C829D570,DXGI,1,0,0,Composed: Flip,5549.8548,NA,16.27340000000000,NA,0.09410000000000,0.98680000000000,NA,5533.9511,15.9978,15.9037,0.0941,16.6615,0.2290,0.2290,0.0000,NA,NA,NA
ExperienceX.exe,56308,0x216C829D570,DXGI,1,0,0,Composed: Flip,5567.4993,NA,17.64450000000000,49.97800000000000,0.16220000000000,0.89130000000000,31.9172,5549.9489,17.7126,17.5504,0.1622,18.3085,0.1332,0.1332,0.0000,-1.1239,5549.9489,NA
ExperienceX.exe,56308,0x216838E1150,DXGI,1,0,0,Composed: Flip,5549.9450,NA,16.74150000000000,16.75960000000000,0.30780000000000,1.00910000000000,32.9934,5533.8898,16.3630,16.0552,0.3078,16.9518,0.1125,0.1085,0.0040,16.1536,5533.8898,NA
ExperienceX.exe,56308,0x216838E1150,DXGI,1,0,0,Composed: Flip,5567.3659,NA,17.42090000000000,NA,0.51890000000000,0.89150000000000,NA,5550.2528,17.6320,17.1131,0.5189,16.8591,1.1455,1.1455,0.0000,NA,NA,NA
ExperienceX.exe,56308,0x216838E1150,DXGI,1,0,0,Composed: Flip,5583.3455,NA,15.97960000000000,NA,0.07000000000000,0.55050000000000,NA,5567.8848,15.5307,15.4607,0.0700,15.8655,0.1457,0.1457,0.0000,NA,NA,NA
ExperienceX.exe,56308,0x0,Other,-1,0,0,Composed: Flip,5150.7975,NA,133.50430000000000,133.71469999999999,0.00000000000000,0.89130000000000,32.3461,5017.2932,133.5043,133.5043,0.0000,134.1568,0.2388,0.2312,0.0076,-33.3541,5017.2932,NA
ExperienceX.exe,56308,0x0,Other,-1,0,0,Composed: Flip,5516.7512,NA,365.95370000000003,NA,0.00000000000000,0.35400000000000,NA,5150.7975,365.9537,365.9537,0.0000,366.1511,0.1566,0.1502,0.0064,NA,NA,NA
ExperienceX.exe,56308,0x216838E1150,DXGI,1,0,0,Composed: Flip,5600.2806,NA,16.93510000000000,49.79890000000000,0.34580000000000,0.85420000000000,32.4567,5583.4155,17.2109,16.8651,0.3458,16.6641,1.0552,1.0552,0.0000,-0.2732,5583.4155,NA
ExperienceX.exe,56308,0x0,Other,-1,0,0,Composed: Flip,5617.0375,NA,100.28630000000001,466.25580000000002,0.00000000000000,0.16150000000000,32.3619,5516.7512,100.2863,100.2863,0.0000,100.2103,0.2375,0.2325,0.0050,33.2022,5516.7512,NA
ExperienceX.exe,56308,0x216838E1150,DXGI,1,0,0,Composed: Flip,5633.6496,NA,33.36900000000000,33.32540000000000,0.09000000000000,0.41450000000000,32.4131,5600.6264,33.1132,33.0232,0.0900,32.6869,0.7508,0.7508,0.0000,-16.1145,5600.6264,NA
ExperienceX.exe,56308,0x0,Other,-1,0,0,Composed: Flip,5650.1170,NA,33.07950000000000,33.34000000000000,0.00000000000000,0.47090000000000,32.6224,5617.0375,33.0795,33.0795,0.0000,33.3514,0.1990,0.1927,0.0063,66.9463,5617.0375,NA
ExperienceX.exe,56308,0x216C829D570,DXGI,1,0,0,Composed: Flip,5583.3430,NA,15.84370000000000,16.65870000000000,0.07250000000000,0.40730000000000,32.7322,5567.6615,15.7540,15.6815,0.0725,1.0408,15.0480,2.4415,12.6065,1.0539,5567.6615,NA
ExperienceX.exe,56308,0x216C829D570,DXGI,1,0,0,Composed: Flip,5599.9884,NA,16.64540000000000,NA,0.11570000000000,1.33130000000000,NA,5583.4155,16.6886,16.5729,0.1157,17.7625,0.1417,0.1417,0.0000,NA,NA,NA
ExperienceX.exe,56308,0x216C829D570,DXGI,1,0,0,Composed: Flip,5616.3090,NA,16.32060000000000,NA,0.15330000000000,0.64880000000000,NA,5600.1041,16.3582,16.2049,0.1533,1.2156,15.6381,3.0486,12.5895,NA,NA,NA
ExperienceX.exe,56308,0x216C829D570,DXGI,1,0,0,Composed: Flip,5633.7146,NA,17.40560000000000,NA,0.05550000000000,0.80660000000000,NA,5616.4623,17.3078,17.2523,0.0555,17.8724,0.1865,0.1865,0.0000,NA,NA,NA
ExperienceX.exe,56308,0x216C829D570,DXGI,1,0,0,Composed: Flip,5649.6782,NA,15.96360000000000,NA,0.15760000000000,0.56630000000000,NA,5633.7701,16.0657,15.9081,0.1576,0.7511,15.7233,2.7775,12.9458,NA,NA,NA
ExperienceX.exe,56308,0x216C829D570,DXGI,1,0,0,Composed: Flip,5666.7999,NA,17.12170000000000,NA,0.24730000000000,1.06750000000000,NA,5649.8358,17.2114,16.9641,0.2473,17.9070,0.1246,0.1246,0.0000,NA,NA,NA
ExperienceX.exe,56308,0x216C829D570,DXGI,1,0,0,Composed: Flip,5683.0300,NA,16.23010000000000,NA,0.18230000000000,0.70000000000000,NA,5667.0472,16.1651,15.9828,0.1823,16.5620,0.1208,0.1208,0.0000,NA,NA,NA
ExperienceX.exe,56308,0x216838E1150,DXGI,1,0,0,Composed: Flip,5667.0556,NA,33.40600000000000,33.33610000000000,0.06400000000000,0.51480000000000,32.3432,5633.7396,33.3800,33.3160,0.0640,32.9057,0.9251,0.9251,0.0000,-0.2229,5633.7396,NA
ExperienceX.exe,56308,0x216838E1150,DXGI,1,0,0,Composed: Flip,5683.0301,NA,15.97450000000000,NA,0.19260000000000,0.86210000000000,NA,5667.1196,16.1031,15.9105,0.1926,16.6104,0.1622,0.1544,0.0078,NA,NA,NA
ExperienceX.exe,56308,0x216838E1150,DXGI,1,0,0,Composed: Flip,5700.1600,NA,17.12990000000000,NA,0.38900000000000,1.00350000000000,NA,5683.2227,17.3263,16.9373,0.3890,17.9347,0.0061,0.0061,0.0000,NA,NA,NA
ExperienceX.exe,56308,0x216838E1150,DXGI,1,0,0,Composed: Flip,5716.3372,NA,16.17720000000000,49.99520000000000,0.06580000000000,0.89840000000000,33.0568,5700.5490,15.8540,15.7882,0.0658,16.4496,0.2370,0.2314,0.0056,16.8142,5700.5490,NA
ExperienceX.exe,56308,0x216C7EA03E0,DXGI,1,0,0,Composed: Flip,5300.1576,NA,17.12210000000000,33.36690000000000,0.35450000000000,0.73860000000000,32.6146,5283.1857,17.3264,16.9719,0.3545,17.5737,0.1368,0.1368,0.0000,0.1301,5283.1857,NA
ExperienceX.exe,56308,0x216C7EA03E0,DXGI,1,0,0,Composed: Flip,5316.3222,NA,16.16460000000000,NA,0.06250000000000,0.84190000000000,NA,5300.5121,15.8726,15.8101,0.0625,16.5110,0.1410,0.1410,0.0000,NA,NA,NA
ExperienceX.exe,56308,0x216C7EA03E0,DXGI,1,0,0,Composed: Flip,5334.4598,NA,18.13760000000000,NA,0.24570000000000,0.64530000000000,NA,5316.3847,18.3208,18.0751,0.2457,18.4556,0.2648,0.2648,0.0000,NA,NA,NA
ExperienceX.exe,56308,0x216C7EA03E0,DXGI,1,0,0,Composed: Flip,5349.8814,NA,15.42160000000000,NA,0.12360000000000,0.65860000000000,NA,5334.7055,15.2995,15.1759,0.1236,0.9391,14.8954,2.0979,12.7975,NA,NA,NA
ExperienceX.exe,56308,0x216C7EA03E0,DXGI,1,0,0,Composed: Flip,5367.5852,NA,17.70380000000000,NA,0.52530000000000,0.83340000000000,NA,5350.0050,18.1055,17.5802,0.5253,18.2842,0.1294,0.1294,0.0000,NA,NA,NA
ExperienceX.exe,56308,0x216C7EA03E0,DXGI,1,0,0,Composed: Flip,5383.3528,NA,15.76760000000000,NA,0.16620000000000,1.23470000000000,NA,5368.1105,15.4085,15.2423,0.1662,16.4682,0.0088,0.0088,0.0000,NA,NA,NA
ExperienceX.exe,56308,0x216C7EA03E0,DXGI,1,0,0,Composed: Flip,5400.3315,NA,16.97870000000000,NA,0.51790000000000,0.74280000000000,NA,5383.5190,17.3304,16.8125,0.5179,17.2952,0.2601,0.2601,0.0000,NA,NA,NA
ExperienceX.exe,56308,0x216C7EA03E0,DXGI,1,0,0,Composed: Flip,5416.5621,NA,16.23060000000000,NA,0.06330000000000,1.21350000000000,NA,5400.8494,15.7760,15.7127,0.0633,16.6744,0.2518,0.2462,0.0056,NA,NA,NA
ExperienceX.exe,56308,0x216C7EA03E0,DXGI,1,0,0,Composed: Flip,5434.1269,NA,17.56480000000000,NA,0.49890000000000,0.98670000000000,NA,5416.6254,18.0004,17.5015,0.4989,18.3327,0.1555,0.1555,0.0000,NA,NA,NA
ExperienceX.exe,56308,0x216C7EA03E0,DXGI,1,0,0,Composed: Flip,5449.6477,NA,15.52080000000000,NA,0.15380000000000,0.76730000000000,NA,5434.6258,15.1757,15.0219,0.1538,15.6491,0.1401,0.1336,0.0065,NA,NA,NA
ExperienceX.exe,56308,0x216C7EA03E0,DXGI,1,0,0,Composed: Flip,5466.9799,NA,17.33220000000000,NA,0.46870000000000,1.28330000000000,NA,5449.8015,17.6471,17.1784,0.4687,18.3334,0.1283,0.1283,0.0000,NA,NA,NA
ExperienceX.exe,56308,0x216C7EA03E0,DXGI,1,0,0,Composed: Flip,5483.2017,NA,16.22180000000000,NA,0.19920000000000,1.39140000000000,NA,5467.4486,15.9523,15.7531,0.1992,1.0494,16.0951,3.3521,12.7430,NA,NA,NA
ExperienceX.exe,56308,0x216C7EA03E0,DXGI,1,0,0,Composed: Flip,5501.0515,NA,17.84980000000000,NA,0.17400000000000,0.81190000000000,NA,5483.4009,17.8246,17.6506,0.1740,18.3290,0.1335,0.1335,0.0000,NA,NA,NA
ExperienceX.exe,56308,0x216C7EA03E0,DXGI,1,0,0,Composed: Flip,5516.3579,NA,15.30640000000000,NA,0.12070000000000,0.59070000000000,NA,5501.2255,15.2531,15.1324,0.1207,15.5949,0.1282,0.1282,0.0000,NA,NA,NA
ExperienceX.exe,56308,0x216C7EA03E0,DXGI,1,0,0,Composed: Flip,5533.7772,NA,17.41930000000000,NA,0.11250000000000,1.27110000000000,NA,5516.4786,17.4111,17.2986,0.1125,18.3839,0.1858,0.1858,0.0000,NA,NA,NA
ExperienceX.exe,56308,0x216C7EA03E0,DXGI,1,0,0,Composed: Flip,5549.8529,NA,16.07570000000000,NA,0.09600000000000,0.66300000000000,NA,5533.8897,16.0592,15.9632,0.0960,1.1586,15.4676,2.9809,12.4867,NA,NA,NA
ExperienceX.exe,56308,0x216C7EA03E0,DXGI,1,0,0,Composed: Flip,5567.7477,NA,17.89480000000000,NA,0.10590000000000,0.95460000000000,NA,5549.9489,17.9047,17.7988,0.1059,18.4417,0.3117,0.3117,0.0000,NA,NA,NA
ExperienceX.exe,56308,0x216C7EA03E0,DXGI,1,0,0,Composed: Flip,5583.3640,NA,15.61630000000000,NA,0.09450000000000,0.69190000000000,NA,5567.8536,15.6049,15.5104,0.0945,16.0424,0.1599,0.1499,0.0100,NA,NA,NA
ExperienceX.exe,56308,0x216C7EA03E0,DXGI,1,0,0,Composed: Flip,5599.9890,NA,16.62500000000000,NA,0.11420000000000,1.18900000000000,NA,5583.4585,16.6447,16.5305,0.1142,17.6763,0.0432,0.0432,0.0000,NA,NA,NA
ExperienceX.exe,56308,0x216C7EA03E0,DXGI,1,0,0,Composed: Flip,5616.3088,NA,16.31980000000000,NA,0.15350000000000,0.65270000000000,NA,5600.1032,16.3591,16.2056,0.1535,16.8546,0.0037,0.0037,0.0000,NA,NA,NA
ExperienceX.exe,56308,0x216C7EA03E0,DXGI,1,0,0,Composed: Flip,5633.8104,NA,17.50160000000000,NA,0.11150000000000,0.52430000000000,NA,5616.4623,17.4596,17.3481,0.1115,17.6018,0.2706,0.2706,0.0000,NA,NA,NA
ExperienceX.exe,56308,0x216C7EA03E0,DXGI,1,0,0,Composed: Flip,5649.6781,NA,15.86770000000000,NA,0.15570000000000,0.71080000000000,NA,5633.9219,15.9119,15.7562,0.1557,16.3226,0.1444,0.1444,0.0000,NA,NA,NA
ExperienceX.exe,56308,0x216C7EA03E0,DXGI,1,0,0,Composed: Flip,5667.0904,NA,17.41230000000000,NA,0.05440000000000,0.65240000000000,NA,5649.8338,17.3110,17.2566,0.0544,17.7366,0.1724,0.1724,0.0000,NA,NA,NA
ExperienceX.exe,56308,0x216C7EA03E0,DXGI,1,0,0,Composed: Flip,5700.3010,NA,33.21060000000000,NA,0.05300000000000,0.85640000000000,NA,5667.1448,33.2092,33.1562,0.0530,32.8416,1.1710,1.1710,0.0000,NA,NA,NA
ExperienceX.exe,56308,0x216C7EA03E0,DXGI,1,0,0,Composed: Flip,5716.3217,NA,16.02070000000000,NA,0.05900000000000,0.56890000000000,NA,5700.3540,16.0267,15.9677,0.0590,0.8269,15.7097,2.9537,12.7560,NA,NA,NA
ExperienceX.exe,56308,0x216C7EA03E0,DXGI,1,0,0,Composed: Flip,5735.1543,NA,18.83260000000000,NA,0.50610000000000,0.76970000000000,NA,5716.3807,19.2797,18.7736,0.5061,17.9722,1.5711,1.5217,0.0494,NA,NA,NA
ExperienceX.exe,56308,0x216838E1150,DXGI,1,0,0,Composed: Flip,5735.5252,NA,19.18800000000000,16.73960000000000,0.14680000000000,0.60520000000000,30.6084,5716.4030,19.2690,19.1222,0.1468,19.5210,0.2064,0.2064,0.0000,-0.8856,5716.4030,NA
ExperienceX.exe,56308,0x216838E1150,DXGI,1,0,0,Composed: Flip,5767.6437,NA,32.11850000000000,33.26320000000000,0.27180000000000,0.63720000000000,31.7531,5735.6720,32.2435,31.9717,0.2718,31.3888,1.2201,1.2201,0.0000,-13.9942,5735.6720,NA
ExperienceX.exe,56308,0x216838E1150,DXGI,1,0,0,Composed: Flip,5783.0680,NA,15.42430000000000,16.69460000000000,0.34170000000000,1.11240000000000,33.0234,5767.9155,15.4942,15.1525,0.3417,16.1445,0.1204,0.1204,0.0000,15.5489,5767.9155,NA
ExperienceX.exe,56308,0x216C829D570,DXGI,1,0,0,Composed: Flip,5700.3146,NA,17.28460000000000,116.78650000000000,0.08650000000000,0.86630000000000,32.5471,5683.2123,17.1888,17.1023,0.0865,17.9512,0.0174,0.0174,0.0000,-1.2357,5683.2123,NA
ExperienceX.exe,56308,0x216C829D570,DXGI,1,0,0,Composed: Flip,5716.3124,NA,15.99780000000000,NA,0.05610000000000,0.68620000000000,NA,5700.4011,15.9674,15.9113,0.0561,16.4895,0.1080,0.1080,0.0000,NA,NA,NA
ExperienceX.exe,56308,0x216C829D570,DXGI,1,0,0,Composed: Flip,5735.3988,NA,19.08640000000000,NA,0.21500000000000,0.88620000000000,NA,5716.3685,19.2453,19.0303,0.2150,19.7619,0.1546,0.1546,0.0000,NA,NA,NA
ExperienceX.exe,56308,0x216C829D570,DXGI,1,0,0,Composed: Flip,5749.5946,NA,14.19580000000000,NA,0.11370000000000,0.60900000000000,NA,5735.6138,14.0945,13.9808,0.1137,0.6712,13.9186,2.8407,11.0779,NA,NA,NA
ExperienceX.exe,56308,0x216C829D570,DXGI,1,0,0,Composed: Flip,5767.8207,NA,18.22610000000000,NA,0.32940000000000,0.59540000000000,NA,5749.7083,18.4418,18.1124,0.3294,18.5726,0.1352,0.1352,0.0000,NA,NA,NA
ExperienceX.exe,56308,0x216C829D570,DXGI,1,0,0,Composed: Flip,5782.9623,NA,15.14160000000000,NA,0.09140000000000,1.09770000000000,NA,5768.1501,14.9036,14.8122,0.0914,0.4236,15.4863,3.1149,12.3714,NA,NA,NA
ExperienceX.exe,56308,0x216C829D570,DXGI,1,0,0,Composed: Flip,5800.1385,NA,17.17620000000000,NA,0.34510000000000,0.88550000000000,NA,5783.0537,17.4299,17.0848,0.3451,17.8383,0.1320,0.1320,0.0000,NA,NA,NA
ExperienceX.exe,56308,0x216838E1150,DXGI,1,0,0,Composed: Flip,5800.1721,NA,17.10410000000000,16.64720000000000,0.31150000000000,0.71990000000000,32.5665,5783.4097,17.0739,16.7624,0.3115,16.5296,0.9527,0.9527,0.0000,-1.1530,5783.4097,NA
ExperienceX.exe,56308,0x216C829D570,DXGI,1,0,0,Composed: Flip,5816.4206,NA,16.28210000000000,116.57090000000001,0.13990000000000,1.02670000000000,33.0120,5800.4836,16.0769,15.9370,0.1399,16.7484,0.2153,0.2153,0.0000,0.7004,5800.4836,NA
ExperienceX.exe,56308,0x216C829D570,DXGI,1,0,0,Composed: Flip,5833.9315,NA,17.51090000000000,NA,0.12160000000000,0.65390000000000,NA,5816.5605,17.4926,17.3710,0.1216,17.8950,0.1299,0.1299,0.0000,NA,NA,NA
ExperienceX.exe,56308,0x216838E1150,DXGI,1,0,0,Composed: Flip,5833.6589,NA,33.48680000000000,33.40270000000000,0.12950000000000,0.63150000000000,32.4824,5800.4836,33.3048,33.1753,0.1295,32.9310,0.8758,0.8758,0.0000,-16.3288,5800.4836,NA
ExperienceX.exe,56308,0x216838E1150,DXGI,1,0,0,Composed: Flip,5849.7290,NA,16.07010000000000,NA,0.07920000000000,1.18820000000000,NA,5833.7884,16.0198,15.9406,0.0792,17.0067,0.1221,0.1171,0.0050,NA,NA,NA
ExperienceX.exe,56308,0x216838E1150,DXGI,1,0,0,Composed: Flip,5867.3886,NA,17.65960000000000,33.26280000000000,0.06340000000000,0.59230000000000,32.0155,5849.8082,17.6438,17.5804,0.0634,17.9893,0.1834,0.1834,0.0000,16.0618,5849.8082,NA
ExperienceX.exe,56308,0x216838E1150,DXGI,1,0,0,Composed: Flip,5882.9348,NA,15.54620000000000,16.70780000000000,0.15490000000000,1.30760000000000,33.1771,5867.4520,15.6377,15.4828,0.1549,16.6410,0.1494,0.1494,0.0000,0.9360,5867.4520,NA
ExperienceX.exe,56308,0x216C829D570,DXGI,1,0,0,Composed: Flip,5849.7676,NA,15.83610000000000,33.30750000000000,0.16440000000000,0.83880000000000,32.9725,5834.0531,15.8789,15.7145,0.1644,0.5323,16.0210,3.0970,12.9240,0.2620,5834.0531,NA
ExperienceX.exe,56308,0x216C829D570,DXGI,1,0,0,Composed: Flip,5867.1517,NA,17.38410000000000,NA,0.26250000000000,0.64580000000000,NA,5849.9320,17.4822,17.2197,0.2625,16.9401,0.9254,0.9254,0.0000,NA,NA,NA
ExperienceX.exe,56308,0x216C829D570,DXGI,1,0,0,Composed: Flip,5882.9207,NA,15.76900000000000,NA,0.15730000000000,1.44510000000000,NA,5867.4142,15.6638,15.5065,0.1573,16.8282,0.1234,0.1156,0.0078,NA,NA,NA
ExperienceX.exe,56308,0x216C829D570,DXGI,1,0,0,Composed: Flip,5900.4741,NA,17.55340000000000,NA,0.11530000000000,0.78040000000000,NA,5883.0780,17.5114,17.3961,0.1153,18.0327,0.1438,0.1438,0.0000,NA,NA,NA
ExperienceX.exe,56308,0x216838E1150,DXGI,1,0,0,Composed: Flip,5899.9516,NA,17.01680000000000,16.68420000000000,0.33780000000000,0.89310000000000,32.8445,5883.0897,17.1997,16.8619,0.3378,16.9892,0.7658,0.7658,0.0000,-1.0465,5883.0897,NA
ExperienceX.exe,56308,0x216838E1150,DXGI,1,0,0,Composed: Flip,5916.4122,NA,16.46060000000000,NA,0.13200000000000,0.92410000000000,NA,5900.2894,16.2548,16.1228,0.1320,17.0434,0.0035,0.0035,0.0000,NA,NA,NA
ExperienceX.exe,56308,0x216C7EA03E0,DXGI,1,0,0,Composed: Flip,5749.5947,NA,14.44040000000000,449.95560000000000,0.11350000000000,0.85340000000000,33.1331,5735.6604,14.0478,13.9343,0.1135,14.5888,0.1989,0.1989,0.0000,2.5191,5735.6604,NA
ExperienceX.exe,56308,0x216C7EA03E0,DXGI,1,0,0,Composed: Flip,5767.8700,NA,18.27530000000000,NA,0.29110000000000,0.70370000000000,NA,5749.7082,18.4529,18.1618,0.2911,18.7079,0.1576,0.1576,0.0000,NA,NA,NA
ExperienceX.exe,56308,0x216C7EA03E0,DXGI,1,0,0,Composed: Flip,5783.0004,NA,15.13040000000000,NA,0.18730000000000,1.35980000000000,NA,5768.1611,15.0266,14.8393,0.1873,16.0193,0.1798,0.1742,0.0056,NA,NA,NA
ExperienceX.exe,56308,0x216C7EA03E0,DXGI,1,0,0,Composed: Flip,5800.3366,NA,17.33620000000000,NA,0.07370000000000,0.82790000000000,NA,5783.1877,17.2226,17.1489,0.0737,17.8363,0.1405,0.1405,0.0000,NA,NA,NA
ExperienceX.exe,56308,0x216C7EA03E0,DXGI,1,0,0,Composed: Flip,5816.4205,NA,16.08390000000000,NA,0.14010000000000,0.78120000000000,NA,5800.4103,16.1503,16.0102,0.1401,0.7542,16.0372,3.0193,13.0179,NA,NA,NA
ExperienceX.exe,56308,0x216C7EA03E0,DXGI,1,0,0,Composed: Flip,5833.8257,NA,17.40520000000000,NA,0.04580000000000,0.62980000000000,NA,5816.5606,17.3109,17.2651,0.0458,17.7298,0.1651,0.1651,0.0000,NA,NA,NA
ExperienceX.exe,56308,0x216C7EA03E0,DXGI,1,0,0,Composed: Flip,5849.7677,NA,15.94200000000000,NA,0.16440000000000,1.02740000000000,NA,5833.8715,16.0606,15.8962,0.1644,16.7349,0.1887,0.1887,0.0000,NA,NA,NA
ExperienceX.exe,56308,0x216C7EA03E0,DXGI,1,0,0,Composed: Flip,5867.3928,NA,17.62510000000000,NA,0.07590000000000,0.70780000000000,NA,5849.9321,17.5366,17.4607,0.0759,18.0488,0.1197,0.1197,0.0000,NA,NA,NA
ExperienceX.exe,56308,0x216C7EA03E0,DXGI,1,0,0,Composed: Flip,5899.9520,NA,32.55920000000000,NA,0.64170000000000,1.15870000000000,NA,5867.4687,33.1250,32.4833,0.6417,33.3760,0.2660,0.2660,0.0000,NA,NA,NA
ExperienceX.exe,56308,0x216C7EA03E0,DXGI,1,0,0,Composed: Flip,5916.4116,NA,16.45960000000000,NA,0.13250000000000,1.07310000000000,NA,5900.5937,15.9504,15.8179,0.1325,16.7426,0.1484,0.1421,0.0063,NA,NA,NA
ExperienceX.exe,56308,0x216C7EA03E0,DXGI,1,0,0,Composed: Flip,5934.0384,NA,17.62680000000000,NA,0.05700000000000,1.08460000000000,NA,5916.5441,17.5513,17.4943,0.0570,18.4741,0.1048,0.1048,0.0000,NA,NA,NA
ExperienceX.exe,56308,0x216838E1150,DXGI,1,0,0,Composed: Flip,5934.4391,NA,18.02690000000000,33.39240000000000,0.17180000000000,0.57910000000000,31.7494,5916.5442,18.0667,17.8949,0.1718,17.0614,1.4126,1.3296,0.0830,0.0621,5916.5442,NA
ExperienceX.exe,56308,0x216838E1150,DXGI,1,0,0,Composed: Flip,5949.7206,NA,15.28150000000000,NA,0.16160000000000,0.83240000000000,NA,5934.6109,15.2713,15.1097,0.1616,15.7789,0.1632,0.1632,0.0000,NA,NA,NA
ExperienceX.exe,56308,0x216C7EA03E0,DXGI,1,0,0,Composed: Flip,5949.7200,NA,15.68160000000000,200.02520000000001,0.16220000000000,0.66980000000000,33.0330,5934.0954,15.7868,15.6246,0.1622,1.1845,15.1099,3.0679,12.0420,-1.5902,5934.0954,NA
ExperienceX.exe,56308,0x216C7EA03E0,DXGI,1,0,0,Composed: Flip,5983.0156,NA,33.29560000000000,33.32480000000000,0.08090000000000,1.11310000000000,33.0622,5949.8822,33.2143,33.1334,0.0809,34.0062,0.2403,0.2403,0.0000,-17.5380,5949.8822,NA
ExperienceX.exe,56308,0x216838E1150,DXGI,1,0,0,Composed: Flip,5967.3690,NA,17.64840000000000,33.20660000000000,0.24770000000000,3.32970000000000,32.0261,5949.8822,17.7345,17.4868,0.2477,18.6866,2.1299,2.1232,0.0067,0.1314,5949.8822,NA
ExperienceX.exe,56308,0x216838E1150,DXGI,1,0,0,Composed: Flip,5982.9943,NA,15.62530000000000,NA,0.10240000000000,1.25280000000000,NA,5967.6167,15.4800,15.3776,0.1024,16.5120,0.1184,0.1123,0.0061,NA,NA,NA
ExperienceX.exe,56308,0x216838E1150,DXGI,1,0,0,Composed: Flip,6000.1777,NA,17.18340000000000,NA,0.14650000000000,0.75560000000000,NA,5983.0967,17.2275,17.0810,0.1465,17.5894,0.2472,0.2472,0.0000,NA,NA,NA
ExperienceX.exe,56308,0x216838E1150,DXGI,1,0,0,Composed: Flip,6016.4764,NA,16.29870000000000,50.03070000000000,0.18440000000000,1.45570000000000,32.9494,6000.3242,16.3366,16.1522,0.1844,17.4905,0.1174,0.1119,0.0055,0.4113,6000.3242,NA
ExperienceX.exe,56308,0x216C7EA03E0,DXGI,1,0,0,Composed: Flip,6000.2216,NA,17.20600000000000,16.64840000000000,0.09640000000000,0.94930000000000,32.5046,5983.0965,17.2215,17.1251,0.0964,17.8368,0.2376,0.2376,0.0000,16.5659,5983.0965,NA
ExperienceX.exe,56308,0x216C7EA03E0,DXGI,1,0,0,Composed: Flip,6016.4756,NA,16.25400000000000,NA,0.23890000000000,1.33910000000000,NA,6000.3180,16.3965,16.1576,0.2389,16.9101,0.5866,0.2479,0.3387,NA,NA,NA
ExperienceX.exe,56308,0x216C7EA03E0,DXGI,1,0,0,Composed: Flip,6034.1394,NA,17.66380000000000,NA,0.10210000000000,0.91660000000000,NA,6016.7145,17.5270,17.4249,0.1021,18.2201,0.1214,0.1214,0.0000,NA,NA,NA
ExperienceX.exe,56308,0x216C829D570,DXGI,1,0,0,Composed: Flip,5916.4120,NA,15.93790000000000,66.69220000000000,0.13190000000000,0.92080000000000,33.0203,5900.5894,15.9545,15.8226,0.1319,0.6651,16.0783,3.3317,12.7466,-0.1559,5900.5894,NA
ExperienceX.exe,56308,0x216C829D570,DXGI,1,0,0,Composed: Flip,5933.4243,NA,17.01230000000000,NA,0.67620000000000,1.85560000000000,NA,5916.5439,17.5566,16.8804,0.6762,18.5791,0.1569,0.1569,0.0000,NA,NA,NA
ExperienceX.exe,56308,0x216C829D570,DXGI,1,0,0,Composed: Flip,5949.7585,NA,16.33420000000000,NA,0.21810000000000,0.90660000000000,NA,5934.1005,15.8761,15.6580,0.2181,16.4525,0.1121,0.1091,0.0030,NA,NA,NA
ExperienceX.exe,56308,0x216C829D570,DXGI,1,0,0,Composed: Flip,5969.6342,NA,19.87570000000000,NA,0.08450000000000,1.15150000000000,NA,5949.9766,19.7421,19.6576,0.0845,20.7997,0.0094,0.0094,0.0000,NA,NA,NA
ExperienceX.exe,56308,0x216C829D570,DXGI,1,0,0,Composed: Flip,5983.0388,NA,13.40460000000000,NA,0.22440000000000,0.84960000000000,NA,5969.7187,13.5445,13.3201,0.2244,1.0824,13.0873,2.8395,10.2478,NA,NA,NA
ExperienceX.exe,56308,0x216C829D570,DXGI,1,0,0,Composed: Flip,6000.1744,NA,17.13560000000000,NA,0.14980000000000,0.51170000000000,NA,5983.2632,17.0610,16.9112,0.1498,16.6561,0.7668,0.7668,0.0000,NA,NA,NA
ExperienceX.exe,56308,0x216C829D570,DXGI,1,0,0,Composed: Flip,6016.4763,NA,16.30190000000000,NA,0.23830000000000,0.75180000000000,NA,6000.3242,16.3904,16.1521,0.2383,0.8467,16.0572,2.8578,13.1994,NA,NA,NA
ExperienceX.exe,56308,0x216C829D570,DXGI,1,0,0,Composed: Flip,6034.1309,NA,17.65460000000000,NA,0.15390000000000,1.07710000000000,NA,6016.7146,17.5702,17.4163,0.1539,18.3414,0.1520,0.1520,0.0000,NA,NA,NA
ExperienceX.exe,56308,0x216838E1150,DXGI,1,0,0,Composed: Flip,6033.9395,NA,17.46310000000000,16.66860000000000,0.34540000000000,0.99510000000000,32.1549,6016.6608,17.6241,17.2787,0.3454,16.7489,1.5249,0.9553,0.5696,-0.3320,6016.6608,NA
ExperienceX.exe,56308,0x216838E1150,DXGI,1,0,0,Composed: Flip,6049.6646,NA,15.72510000000000,NA,0.16320000000000,0.74680000000000,NA,6034.2849,15.5429,15.3797,0.1632,15.9525,0.1740,0.1740,0.0000,NA,NA,NA
ExperienceX.exe,56308,0x216838E1150,DXGI,1,0,0,Composed: Flip,6066.8361,NA,17.17150000000000,NA,0.24710000000000,1.61440000000000,NA,6049.8278,17.2554,17.0083,0.2471,18.4876,0.1351,0.1351,0.0000,NA,NA,NA
ExperienceX.exe,56308,0x216838E1150,DXGI,1,0,0,Composed: Flip,6083.1510,NA,16.31490000000000,50.01260000000000,0.16970000000000,0.77130000000000,32.9560,6067.0832,16.2375,16.0678,0.1697,16.6400,0.1991,0.1991,0.0000,0.4098,6067.0832,NA
ExperienceX.exe,56308,0x216838E1150,DXGI,1,0,0,Composed: Flip,6100.6225,NA,17.47150000000000,16.64360000000000,0.06160000000000,1.08710000000000,32.1281,6083.3207,17.3634,17.3018,0.0616,18.2307,0.1582,0.1582,0.0000,-0.4061,6083.3207,NA
ExperienceX.exe,56308,0x216838E1150,DXGI,1,0,0,Composed: Flip,6116.3224,NA,15.69990000000000,17.20990000000000,0.10790000000000,0.70500000000000,33.6381,6100.6841,15.7462,15.6383,0.1079,1.0255,15.3178,3.1138,12.2040,0.1535,6100.6841,NA
ExperienceX.exe,56308,0x216838E1150,DXGI,1,0,0,Composed: Flip,6134.5256,NA,18.20320000000000,16.10870000000000,0.09190000000000,0.96370000000000,31.5436,6116.4303,18.1872,18.0953,0.0919,18.8170,0.2420,0.2420,0.0000,-0.3625,6116.4303,NA
ExperienceX.exe,56308,0x216C7EA03E0,DXGI,1,0,0,Composed: Flip,6049.6649,NA,15.52550000000000,50.06570000000000,0.16290000000000,0.57250000000000,33.1270,6034.2415,15.5863,15.4234,0.1629,0.9665,15.0294,2.9342,12.0952,1.0793,6034.2415,NA
ExperienceX.exe,56308,0x216C7EA03E0,DXGI,1,0,0,Composed: Flip,6066.8378,NA,17.17290000000000,NA,0.24650000000000,1.30910000000000,NA,6049.8278,17.2565,17.0100,0.2465,17.3775,0.9416,0.9416,0.0000,NA,NA,NA
ExperienceX.exe,56308,0x216C7EA03E0,DXGI,1,0,0,Composed: Flip,6083.1511,NA,16.31330000000000,NA,0.16920000000000,0.57210000000000,NA,6067.0843,16.2360,16.0668,0.1692,1.3662,15.2727,3.2415,12.0312,NA,NA,NA
ExperienceX.exe,56308,0x216C7EA03E0,DXGI,1,0,0,Composed: Flip,6100.5176,NA,17.36650000000000,NA,0.11450000000000,0.89030000000000,NA,6083.3203,17.3118,17.1973,0.1145,16.8053,1.2823,0.9394,0.3429,NA,NA,NA
ExperienceX.exe,56308,0x216C7EA03E0,DXGI,1,0,0,Composed: Flip,6116.3222,NA,15.80460000000000,NA,0.10810000000000,0.70820000000000,NA,6100.6321,15.7982,15.6901,0.1081,16.3964,0.0019,0.0019,0.0000,NA,NA,NA
ExperienceX.exe,56308,0x216C7EA03E0,DXGI,1,0,0,Composed: Flip,6134.2985,NA,17.97630000000000,NA,0.15870000000000,0.78570000000000,NA,6116.4303,18.0269,17.8682,0.1587,17.1306,1.5233,0.9325,0.5908,NA,NA,NA
ExperienceX.exe,56308,0x216C7EA03E0,DXGI,1,0,0,Composed: Flip,6150.6537,NA,16.35520000000000,NA,0.33010000000000,1.91720000000000,NA,6134.4572,16.5266,16.1965,0.3301,18.1070,0.0067,0.0067,0.0000,NA,NA,NA
ExperienceX.exe,56308,0x216C7EA03E0,DXGI,1,0,0,Composed: Flip,6166.6835,NA,16.02980000000000,116.76070000000000,0.56570000000000,1.03590000000000,32.8691,6150.9838,16.2654,15.6997,0.5657,1.5871,15.1485,0.9481,14.2004,-0.0184,6150.9838,NA
ExperienceX.exe,56308,0x216838E1150,DXGI,1,0,0,Composed: Flip,6150.6529,NA,16.12730000000000,16.65420000000000,0.33090000000000,1.05700000000000,32.0705,6134.6175,16.3663,16.0354,0.3309,0.8718,16.2206,3.1386,13.0820,1.5330,6134.6175,NA
ExperienceX.exe,56308,0x216838E1150,DXGI,1,0,0,Composed: Flip,6166.6824,NA,16.02950000000000,NA,0.74670000000000,1.21110000000000,NA,6150.9838,16.4453,15.6986,0.7467,16.7356,0.1741,0.1741,0.0000,NA,NA,NA
ExperienceX.exe,56308,0x216838E1150,DXGI,1,0,0,Composed: Flip,6182.9002,NA,16.21780000000000,NA,0.04450000000000,1.00300000000000,NA,6167.4291,15.5156,15.4711,0.0445,16.2423,0.2318,0.2318,0.0000,NA,NA,NA
ExperienceX.exe,56308,0x216C7EA03E0,DXGI,1,0,0,Composed: Flip,6182.8913,NA,16.20780000000000,16.52080000000000,0.04370000000000,1.24410000000000,33.1821,6167.2492,15.6858,15.6421,0.0437,16.6540,0.2322,0.2285,0.0037,-0.2554,6167.2492,NA
ExperienceX.exe,56308,0x216C7EA03E0,DXGI,1,0,0,Composed: Flip,6202.1793,NA,19.28800000000000,NA,0.16200000000000,1.62400000000000,NA,6182.9350,19.4063,19.2443,0.1620,20.6614,0.2069,0.2069,0.0000,NA,NA,NA
ExperienceX.exe,56308,0x216C829D570,DXGI,1,0,0,Composed: Flip,6066.8368,NA,32.70590000000000,150.03250000000000,0.24740000000000,1.47860000000000,32.6280,6034.2848,32.7994,32.5520,0.2474,33.8621,0.1685,0.1685,0.0000,-16.3371,6034.2848,NA
ExperienceX.exe,56308,0x216C829D570,DXGI,1,0,0,Composed: Flip,6083.1512,NA,16.31440000000000,NA,0.16910000000000,0.92190000000000,NA,6067.0842,16.2361,16.0670,0.1691,16.8381,0.1508,0.1443,0.0065,NA,NA,NA
ExperienceX.exe,56308,0x216C829D570,DXGI,1,0,0,Composed: Flip,6100.4898,NA,17.33860000000000,NA,0.17680000000000,1.06160000000000,NA,6083.3203,17.3463,17.1695,0.1768,18.0876,0.1435,0.1435,0.0000,NA,NA,NA
ExperienceX.exe,56308,0x216C829D570,DXGI,1,0,0,Composed: Flip,6116.3226,NA,15.83280000000000,NA,0.10810000000000,0.96450000000000,NA,6100.6666,15.7641,15.6560,0.1081,16.4143,0.2062,0.2000,0.0062,NA,NA,NA
ExperienceX.exe,56308,0x216C829D570,DXGI,1,0,0,Composed: Flip,6134.5305,NA,18.20790000000000,NA,0.07040000000000,0.71680000000000,NA,6116.4307,18.1702,18.0998,0.0704,18.6535,0.1631,0.1631,0.0000,NA,NA,NA
ExperienceX.exe,56308,0x216C829D570,DXGI,1,0,0,Composed: Flip,6150.6564,NA,16.12590000000000,NA,0.38220000000000,1.90780000000000,NA,6134.6009,16.4377,16.0555,0.3822,17.1090,0.8543,0.8543,0.0000,NA,NA,NA
ExperienceX.exe,56308,0x216C829D570,DXGI,1,0,0,Composed: Flip,6167.3672,NA,16.71080000000000,NA,0.06410000000000,0.65260000000000,NA,6151.0386,16.3927,16.3286,0.0641,16.8549,0.1263,0.1263,0.0000,NA,NA,NA
ExperienceX.exe,56308,0x216C829D570,DXGI,1,0,0,Composed: Flip,6182.8869,NA,15.51970000000000,NA,0.04910000000000,0.78450000000000,NA,6167.4313,15.5047,15.4556,0.0491,0.5885,15.6516,3.1822,12.4694,NA,NA,NA
ExperienceX.exe,56308,0x216C829D570,DXGI,1,0,0,Composed: Flip,6200.8184,NA,17.93150000000000,NA,0.50480000000000,3.21460000000000,NA,6182.9360,18.3872,17.8824,0.5048,20.8673,0.2297,0.2297,0.0000,NA,NA,NA
ExperienceX.exe,56308,0x216C829D570,DXGI,1,0,0,Composed: Flip,6216.2632,NA,15.44480000000000,NA,0.13080000000000,1.16690000000000,NA,6201.3232,15.0708,14.9400,0.1308,15.8716,0.2353,0.2269,0.0084,NA,NA,NA
ExperienceX.exe,56308,0x0,Other,-1,0,0,Composed: Flip,5683.5130,NA,33.39600000000000,33.33920000000000,0.00000000000000,0.09620000000000,32.5656,5650.1170,33.3960,33.3960,0.0000,17.7504,15.7418,2.8137,12.9281,-0.2597,5650.1170,NA
ExperienceX.exe,56308,0x0,Other,-1,0,0,Composed: Flip,5749.9624,NA,66.44940000000000,NA,0.00000000000000,0.60600000000000,NA,5683.5130,66.4494,66.4494,0.0000,66.9351,0.1203,0.1154,0.0049,NA,NA,NA
ExperienceX.exe,56308,0x0,Other,-1,0,0,Composed: Flip,5816.8866,NA,66.92420000000000,NA,0.00000000000000,0.67930000000000,NA,5749.9624,66.9242,66.9242,0.0000,67.4849,0.1186,0.1117,0.0069,NA,NA,NA
ExperienceX.exe,56308,0x0,Other,-1,0,0,Composed: Flip,5883.5002,NA,66.61360000000001,NA,0.00000000000000,0.59280000000000,NA,5816.8866,66.6136,66.6136,0.0000,51.2140,15.9924,3.2579,12.7345,NA,NA,NA
ExperienceX.exe,56308,0x0,Other,-1,0,0,Composed: Flip,5969.6280,NA,86.12780000000001,NA,0.00000000000000,1.07350000000000,NA,5883.5002,86.1278,86.1278,0.0000,87.1995,0.0018,0.0018,0.0000,NA,NA,NA
ExperienceX.exe,56308,0x0,Other,-1,0,0,Composed: Flip,6050.1545,NA,80.52650000000000,NA,0.00000000000000,0.39100000000000,NA,5969.6280,80.5265,80.5265,0.0000,80.7834,0.1341,0.1290,0.0051,NA,NA,NA
ExperienceX.exe,56308,0x216C7EA03E0,DXGI,1,0,0,Composed: Flip,6216.2427,NA,14.06340000000000,33.32840000000000,0.08090000000000,0.95210000000000,33.1591,6202.3413,13.9823,13.9014,0.0809,14.6152,0.2383,0.2383,0.0000,1.7637,6202.3413,NA
ExperienceX.exe,56308,0x216C7EA03E0,DXGI,1,0,0,Composed: Flip,6233.7629,NA,17.52020000000000,NA,0.36450000000000,1.61270000000000,NA,6216.3236,17.8038,17.4393,0.3645,18.8150,0.2370,0.2370,0.0000,NA,NA,NA
ExperienceX.exe,56308,0x216838E1150,DXGI,1,0,0,Composed: Flip,6201.3633,NA,18.46310000000000,50.03070000000000,0.07370000000000,2.23310000000000,31.3908,6182.9447,18.4923,18.4186,0.0737,17.5815,3.0702,2.0509,1.0193,-1.7035,6182.9447,NA
ExperienceX.exe,56308,0x216838E1150,DXGI,1,0,0,Composed: Flip,6216.2425,NA,14.87920000000000,NA,0.08110000000000,0.71400000000000,NA,6201.4370,14.8866,14.8055,0.0811,2.5960,12.9235,2.6852,10.2383,NA,NA,NA
ExperienceX.exe,56308,0x216838E1150,DXGI,1,0,0,Composed: Flip,6233.8079,NA,17.56540000000000,NA,0.35970000000000,2.08940000000000,NA,6216.3236,17.8440,17.4843,0.3597,19.0520,0.5217,0.5217,0.0000,NA,NA,NA
ExperienceX.exe,56308,0x216838E1150,DXGI,1,0,0,Composed: Flip,6249.5725,NA,15.76460000000000,NA,0.09790000000000,1.06820000000000,NA,6234.1676,15.5028,15.4049,0.0979,16.2635,0.2096,0.2096,0.0000,NA,NA,NA
ExperienceX.exe,56308,0x216838E1150,DXGI,1,0,0,Composed: Flip,6267.1083,NA,17.53580000000000,NA,0.04960000000000,1.28270000000000,NA,6249.6704,17.4875,17.4379,0.0496,18.3021,0.4185,0.4185,0.0000,NA,NA,NA
ExperienceX.exe,56308,0x216C829D570,DXGI,1,0,0,Composed: Flip,6234.1116,NA,17.84840000000000,166.61440000000002,0.19220000000000,1.02700000000000,31.9676,6216.3940,17.9098,17.7176,0.1922,17.0499,1.6947,1.2050,0.4897,15.4948,6216.3940,NA
ExperienceX.exe,56308,0x216C829D570,DXGI,1,0,0,Composed: Flip,6249.5790,NA,15.46740000000000,NA,0.11570000000000,1.29930000000000,NA,6234.3038,15.3909,15.2752,0.1157,16.3369,0.2376,0.2322,0.0054,NA,NA,NA
ExperienceX.exe,56308,0x216C829D570,DXGI,1,0,0,Composed: Flip,6266.8836,NA,17.30460000000000,NA,0.05550000000000,1.77120000000000,NA,6249.6947,17.2444,17.1889,0.0555,18.6963,0.2638,0.2638,0.0000,NA,NA,NA
ExperienceX.exe,56308,0x216C829D570,DXGI,1,0,0,Composed: Flip,6283.1865,NA,16.30290000000000,NA,0.04760000000000,1.16770000000000,NA,6266.9391,16.2950,16.2474,0.0476,1.7157,15.6994,3.1289,12.5705,NA,NA,NA
ExperienceX.exe,56308,0x216C7EA03E0,DXGI,1,0,0,Composed: Flip,6267.1705,NA,33.40760000000000,50.09480000000000,0.13180000000000,0.80200000000000,32.3261,6234.1274,33.1749,33.0431,0.1318,32.5817,1.2634,1.2634,0.0000,-18.3087,6234.1274,NA
ExperienceX.exe,56308,0x216C7EA03E0,DXGI,1,0,0,Composed: Flip,6283.2462,NA,16.07570000000000,NA,0.06000000000000,1.71410000000000,NA,6267.3023,16.0039,15.9439,0.0600,17.4254,0.2326,0.2230,0.0096,NA,NA,NA
ExperienceX.exe,56308,0x216C7EA03E0,DXGI,1,0,0,Composed: Flip,6300.9760,NA,17.72980000000000,NA,0.41800000000000,1.34170000000000,NA,6283.3062,18.0878,17.6698,0.4180,18.4962,0.5153,0.5153,0.0000,NA,NA,NA
ExperienceX.exe,56308,0x216C7EA03E0,DXGI,1,0,0,Composed: Flip,6316.4255,NA,15.44950000000000,49.91180000000000,0.07450000000000,0.78840000000000,32.9829,6301.3940,15.1060,15.0315,0.0745,0.9237,14.8962,3.2269,11.6693,17.3548,6301.3940,NA
ExperienceX.exe,56308,0x216C7EA03E0,DXGI,1,0,0,Composed: Flip,6333.8343,NA,17.40880000000000,16.70240000000000,0.12230000000000,1.07600000000000,32.2765,6316.5000,17.4566,17.3343,0.1223,17.1508,1.2595,1.2595,0.0000,-1.5964,6316.5000,NA
ExperienceX.exe,56308,0x216C7EA03E0,DXGI,1,0,0,Composed: Flip,6349.6079,NA,15.77360000000000,17.28070000000000,0.07110000000000,0.90560000000000,33.7836,6333.9566,15.7224,15.6513,0.0711,16.4568,0.1001,0.1001,0.0000,0.1759,6333.9566,NA
ExperienceX.exe,56308,0x216C829D570,DXGI,1,0,0,Composed: Flip,6300.8799,NA,17.69340000000000,66.66580000000000,0.07870000000000,0.69470000000000,31.8651,6283.2341,17.7245,17.6458,0.0787,17.2206,1.1199,1.1199,0.0000,0.1743,6283.2341,NA
ExperienceX.exe,56308,0x216C829D570,DXGI,1,0,0,Composed: Flip,6316.4143,NA,15.53440000000000,NA,0.06840000000000,1.01050000000000,NA,6300.9586,15.5241,15.4557,0.0684,16.2553,0.2109,0.2109,0.0000,NA,NA,NA
ExperienceX.exe,56308,0x216C829D570,DXGI,1,0,0,Composed: Flip,6333.8932,NA,17.47890000000000,NA,0.39930000000000,1.75830000000000,NA,6316.4827,17.8098,17.4105,0.3993,18.7174,0.4514,0.4514,0.0000,NA,NA,NA
ExperienceX.exe,56308,0x216C829D570,DXGI,1,0,0,Composed: Flip,6349.6081,NA,15.71490000000000,NA,0.07100000000000,1.18380000000000,NA,6334.2925,15.3866,15.3156,0.0710,16.2210,0.2784,0.2715,0.0069,NA,NA,NA
ExperienceX.exe,56308,0x216C829D570,DXGI,1,0,0,Composed: Flip,6367.5409,NA,17.93280000000000,NA,0.10940000000000,1.39670000000000,NA,6349.6791,17.9712,17.8618,0.1094,18.7400,0.5185,0.5185,0.0000,NA,NA,NA
ExperienceX.exe,56308,0x216838E1150,DXGI,1,0,0,Composed: Flip,6283.2115,NA,16.10320000000000,83.40630000000000,0.06160000000000,1.51620000000000,32.9489,6267.1579,16.1152,16.0536,0.0616,17.1963,0.3735,0.3735,0.0000,0.8069,6267.1579,NA
ExperienceX.exe,56308,0x216838E1150,DXGI,1,0,0,Composed: Flip,6301.0799,NA,17.86840000000000,NA,0.05610000000000,0.72250000000000,NA,6283.2731,17.8629,17.8068,0.0561,18.3015,0.2278,0.2278,0.0000,NA,NA,NA
ExperienceX.exe,56308,0x216838E1150,DXGI,1,0,0,Composed: Flip,6316.6265,NA,15.54660000000000,NA,0.24490000000000,1.03020000000000,NA,6301.1360,15.7354,15.4905,0.2449,16.2888,0.2319,0.2245,0.0074,NA,NA,NA
ExperienceX.exe,56308,0x216838E1150,DXGI,1,0,0,Composed: Flip,6333.8603,NA,17.23380000000000,NA,0.09720000000000,1.33980000000000,NA,6316.8714,17.0861,16.9889,0.0972,18.0389,0.2898,0.2898,0.0000,NA,NA,NA
ExperienceX.exe,56308,0x216838E1150,DXGI,1,0,0,Composed: Flip,6349.6077,NA,15.74740000000000,NA,0.07060000000000,0.80570000000000,NA,6333.9575,15.7208,15.6502,0.0706,1.6940,14.7619,3.1030,11.6589,NA,NA,NA
ExperienceX.exe,56308,0x216838E1150,DXGI,1,0,0,Composed: Flip,6367.5269,NA,17.91920000000000,NA,0.12780000000000,0.89220000000000,NA,6349.6783,17.9764,17.8486,0.1278,18.6474,0.0934,0.0934,0.0000,NA,NA,NA
ExperienceX.exe,56308,0x216838E1150,DXGI,1,0,0,Composed: Flip,6384.0490,NA,16.52210000000000,NA,0.27540000000000,0.99120000000000,NA,6367.6547,16.6697,16.3943,0.2754,1.2829,16.1026,3.3290,12.7736,NA,NA,NA
ExperienceX.exe,56308,0x216838E1150,DXGI,1,0,0,Composed: Flip,6401.6871,NA,17.63810000000000,116.58300000000001,0.14430000000000,0.79780000000000,31.0563,6384.3244,17.5070,17.3627,0.1443,17.3026,0.8579,0.8579,0.0000,0.5835,6384.3244,NA
ExperienceX.exe,56308,0x216C7EA03E0,DXGI,1,0,0,Composed: Flip,6367.3922,NA,17.78430000000000,16.15570000000000,0.35600000000000,0.93350000000000,32.1550,6349.6790,18.0692,17.7132,0.3560,17.3806,1.2661,1.2661,0.0000,-0.4333,6349.6790,NA
ExperienceX.exe,56308,0x0,Other,-1,0,0,Composed: Flip,6249.9769,NA,199.82240000000002,566.79830000000004,0.00000000000000,0.45420000000000,32.9000,6050.1545,199.8224,199.8224,0.0000,185.7428,14.5338,3.3237,11.2101,-166.7608,6050.1545,NA
ExperienceX.exe,56308,0x0,Other,-1,0,0,Composed: Flip,6384.5093,NA,134.53240000000000,NA,0.00000000000000,0.53930000000000,NA,6249.9769,134.5324,134.5324,0.0000,135.0633,0.0084,0.0084,0.0000,NA,NA,NA
ExperienceX.exe,56308,0x0,Other,-1,0,0,Composed: Flip,6400.9309,NA,16.42160000000000,NA,0.00000000000000,0.69610000000000,NA,6384.5093,16.4216,16.4216,0.0000,16.8751,0.2426,0.2426,0.0000,NA,NA,NA
ExperienceX.exe,56308,0x0,Other,-1,0,0,Composed: Flip,6417.1184,NA,16.18750000000000,NA,0.00000000000000,0.86880000000000,NA,6400.9309,16.1875,16.1875,0.0000,16.8402,0.2161,0.2123,0.0038,NA,NA,NA
ExperienceX.exe,56308,0x216838E1150,DXGI,1,0,0,Composed: Flip,6416.3979,NA,14.71080000000000,16.69670000000000,0.11980000000000,1.11980000000000,33.0422,6401.8314,14.6863,14.5665,0.1198,0.6535,15.0328,3.5056,11.5272,0.8103,6401.8314,NA
ExperienceX.exe,56308,0x216838E1150,DXGI,1,0,0,Composed: Flip,6434.1540,NA,17.75610000000000,NA,0.20200000000000,1.68970000000000,NA,6416.5177,17.8383,17.6363,0.2020,19.0719,0.2541,0.2541,0.0000,NA,NA,NA
ExperienceX.exe,56308,0x216838E1150,DXGI,1,0,0,Composed: Flip,6449.6339,NA,15.47990000000000,NA,0.10290000000000,0.80610000000000,NA,6434.3560,15.3808,15.2779,0.1029,15.8442,0.2398,0.2398,0.0000,NA,NA,NA
ExperienceX.exe,56308,0x216838E1150,DXGI,1,0,0,Composed: Flip,6467.3503,NA,17.71640000000000,49.99830000000000,0.07830000000000,1.12410000000000,32.0881,6449.7368,17.6918,17.6135,0.0783,17.0462,1.6914,1.3526,0.3388,-2.0929,6449.7368,NA
ExperienceX.exe,56308,0x216838E1150,DXGI,1,0,0,Composed: Flip,6483.0170,NA,15.66670000000000,16.64990000000000,0.15960000000000,1.05850000000000,33.0713,6467.4286,15.7480,15.5884,0.1596,1.7554,14.8915,3.2106,11.6809,1.0419,6467.4286,NA
ExperienceX.exe,56308,0x216C7EA03E0,DXGI,1,0,0,Composed: Flip,6434.1391,NA,66.74690000000000,66.59410000000000,0.23740000000000,1.24670000000000,32.0022,6367.7482,66.6283,66.3909,0.2374,65.8798,1.7578,1.3880,0.3698,-48.5249,6367.7482,NA
ExperienceX.exe,56308,0x216C7EA03E0,DXGI,1,0,0,Composed: Flip,6449.6340,NA,15.49490000000000,NA,0.10280000000000,0.56620000000000,NA,6434.3765,15.3603,15.2575,0.1028,1.4672,14.3565,3.2662,11.0903,NA,NA,NA
ExperienceX.exe,56308,0x216C7EA03E0,DXGI,1,0,0,Composed: Flip,6466.6725,NA,17.03850000000000,NA,0.50400000000000,2.24240000000000,NA,6449.7368,17.4397,16.9357,0.5040,18.7376,0.4405,0.4405,0.0000,NA,NA,NA
ExperienceX.exe,56308,0x216C7EA03E0,DXGI,1,0,0,Composed: Flip,6483.0165,NA,16.34400000000000,NA,0.16010000000000,1.53970000000000,NA,6467.1765,16.0001,15.8400,0.1601,17.1099,0.2698,0.2608,0.0090,NA,NA,NA
ExperienceX.exe,56308,0x216C7EA03E0,DXGI,1,0,0,Composed: Flip,6500.5987,NA,17.58220000000000,NA,0.05680000000000,0.97890000000000,NA,6483.1766,17.4789,17.4221,0.0568,16.8511,1.5499,1.3764,0.1735,NA,NA,NA
ExperienceX.exe,56308,0x216838E1150,DXGI,1,0,0,Composed: Flip,6500.3774,NA,17.36040000000000,16.67710000000000,0.12160000000000,1.69290000000000,32.3880,6483.1766,17.3224,17.2008,0.1216,18.6535,0.2402,0.2402,0.0000,-0.9291,6483.1766,NA
ExperienceX.exe,56308,0x216838E1150,DXGI,1,0,0,Composed: Flip,6516.3065,NA,15.92910000000000,NA,0.06560000000000,1.27490000000000,NA,6500.4990,15.8731,15.8075,0.0656,16.8424,0.2400,0.2367,0.0033,NA,NA,NA
ExperienceX.exe,56308,0x216C7EA03E0,DXGI,1,0,0,Composed: Flip,6516.3070,NA,15.70830000000000,83.29470000000001,0.06600000000000,0.81750000000000,33.1290,6500.6555,15.7175,15.6515,0.0660,1.4148,15.0542,3.4518,11.6024,49.6126,6500.6555,NA
ExperienceX.exe,56308,0x216C7EA03E0,DXGI,1,0,0,Composed: Flip,6534.4499,NA,18.14290000000000,NA,0.55990000000000,1.42130000000000,NA,6516.3730,18.6368,18.0769,0.5599,19.0172,0.4810,0.4810,0.0000,NA,NA,NA
ExperienceX.exe,56308,0x216C829D570,DXGI,1,0,0,Composed: Flip,6384.0510,NA,16.51010000000000,83.36950000000000,0.28670000000000,1.84010000000000,32.0635,6367.6503,16.6874,16.4007,0.2867,17.3983,0.8425,0.8330,0.0095,1.0467,6367.6503,NA
ExperienceX.exe,56308,0x216C829D570,DXGI,1,0,0,Composed: Flip,6400.2417,NA,16.19070000000000,NA,0.63070000000000,1.14270000000000,NA,6384.3377,16.5347,15.9040,0.6307,16.0165,1.0302,1.0302,0.0000,NA,NA,NA
ExperienceX.exe,56308,0x216C829D570,DXGI,1,0,0,Composed: Flip,6416.3998,NA,16.15810000000000,NA,0.16120000000000,1.37130000000000,NA,6400.8724,15.6886,15.5274,0.1612,16.6453,0.2534,0.2534,0.0000,NA,NA,NA
ExperienceX.exe,56308,0x216C829D570,DXGI,1,0,0,Composed: Flip,6434.0166,NA,17.61680000000000,NA,0.38060000000000,1.57300000000000,NA,6416.5610,17.8362,17.4556,0.3806,18.8248,0.2038,0.2038,0.0000,NA,NA,NA
ExperienceX.exe,56308,0x216C829D570,DXGI,1,0,0,Composed: Flip,6467.0277,NA,33.01110000000000,NA,0.33900000000000,2.15630000000000,NA,6434.3972,32.9695,32.6305,0.3390,34.5177,0.2691,0.2691,0.0000,NA,NA,NA
ExperienceX.exe,56308,0x216C829D570,DXGI,1,0,0,Composed: Flip,6483.0163,NA,15.98860000000000,NA,0.16070000000000,1.27010000000000,NA,6467.3667,15.8103,15.6496,0.1607,16.7088,0.2109,0.2109,0.0000,NA,NA,NA
ExperienceX.exe,56308,0x216C829D570,DXGI,1,0,0,Composed: Flip,6500.5215,NA,17.50520000000000,NA,0.06410000000000,1.30860000000000,NA,6483.1770,17.4086,17.3445,0.0641,18.4006,0.2525,0.2525,0.0000,NA,NA,NA
ExperienceX.exe,56308,0x216C829D570,DXGI,1,0,0,Composed: Flip,6516.3069,NA,15.78540000000000,NA,0.06610000000000,1.03450000000000,NA,6500.5856,15.7874,15.7213,0.0661,16.5389,0.2169,0.2169,0.0000,NA,NA,NA
ExperienceX.exe,56308,0x216C829D570,DXGI,1,0,0,Composed: Flip,6533.7131,NA,17.40620000000000,NA,0.05810000000000,1.67710000000000,NA,6516.3730,17.3982,17.3401,0.0581,17.1303,1.8869,1.8869,0.0000,NA,NA,NA
ExperienceX.exe,56308,0x216C829D570,DXGI,1,0,0,Composed: Flip,6549.7472,NA,16.03410000000000,NA,0.15070000000000,1.13840000000000,NA,6533.7712,16.1267,15.9760,0.1507,16.8535,0.2609,0.2549,0.0060,NA,NA,NA
ExperienceX.exe,56308,0x216C829D570,DXGI,1,0,0,Composed: Flip,6568.0665,NA,18.31930000000000,183.30710000000002,0.12590000000000,1.48220000000000,31.3551,6549.8979,18.2945,18.1686,0.1259,19.4218,0.2290,0.2290,0.0000,-1.0595,6549.8979,NA
ExperienceX.exe,56308,0x216C829D570,DXGI,1,0,0,Composed: Flip,6583.1453,NA,15.07880000000000,16.87970000000000,0.15670000000000,0.68890000000000,33.1560,6568.1924,15.1096,14.9529,0.1567,1.3563,14.2855,2.7448,11.5407,1.4148,6568.1924,NA
ExperienceX.exe,56308,0x216C7EA03E0,DXGI,1,0,0,Composed: Flip,6549.7477,NA,15.29780000000000,33.34730000000000,0.15030000000000,0.66380000000000,33.0356,6535.0098,14.8882,14.7379,0.1503,1.2343,14.1674,1.8405,12.3269,1.0070,6535.0098,NA
ExperienceX.exe,56308,0x216C7EA03E0,DXGI,1,0,0,Composed: Flip,6568.0306,NA,18.28290000000000,NA,0.10780000000000,1.28910000000000,NA,6549.8980,18.2404,18.1326,0.1078,18.9689,0.4528,0.4528,0.0000,NA,NA,NA
ExperienceX.exe,56308,0x216C7EA03E0,DXGI,1,0,0,Composed: Flip,6583.1452,NA,15.11460000000000,NA,0.15680000000000,0.88640000000000,NA,6568.1384,15.1636,15.0068,0.1568,15.6958,0.1974,0.1974,0.0000,NA,NA,NA
ExperienceX.exe,56308,0x216C7EA03E0,DXGI,1,0,0,Composed: Flip,6600.4492,NA,17.30400000000000,NA,0.06970000000000,1.43250000000000,NA,6583.3020,17.2169,17.1472,0.0697,18.3078,0.2719,0.2719,0.0000,NA,NA,NA
ExperienceX.exe,56308,0x216C829D570,DXGI,1,0,0,Composed: Flip,6600.3719,NA,17.22660000000000,16.45830000000000,0.15360000000000,1.23790000000000,32.3877,6583.3020,17.2235,17.0699,0.1536,16.8210,1.4868,1.4868,0.0000,-1.3487,6583.3020,NA
ExperienceX.exe,56308,0x216C829D570,DXGI,1,0,0,Composed: Flip,6616.7602,NA,16.38830000000000,NA,0.26510000000000,1.22710000000000,NA,6600.5255,16.4998,16.2347,0.2651,17.4545,0.0073,0.0073,0.0000,NA,NA,NA
ExperienceX.exe,56308,0x216838E1150,DXGI,1,0,0,Composed: Flip,6534.4226,NA,18.11610000000000,33.44140000000000,0.53380000000000,1.82150000000000,31.7842,6516.3721,18.5843,18.0505,0.5338,19.4991,0.3729,0.3729,0.0000,-0.2459,6516.3721,NA
ExperienceX.exe,56308,0x216838E1150,DXGI,1,0,0,Composed: Flip,6549.7481,NA,15.32550000000000,NA,0.14970000000000,0.87660000000000,NA,6534.9564,14.9414,14.7917,0.1497,15.4551,0.2132,0.2132,0.0000,NA,NA,NA
ExperienceX.exe,56308,0x216838E1150,DXGI,1,0,0,Composed: Flip,6568.1648,NA,18.41670000000000,NA,0.06670000000000,0.70210000000000,NA,6549.8978,18.3337,18.2670,0.0667,17.4420,1.5271,1.5026,0.0245,NA,NA,NA
ExperienceX.exe,56308,0x216838E1150,DXGI,1,0,0,Composed: Flip,6583.1450,NA,14.98020000000000,NA,0.15670000000000,1.15060000000000,NA,6568.2315,15.0702,14.9135,0.1567,15.8001,0.2640,0.2570,0.0070,NA,NA,NA
ExperienceX.exe,56308,0x216838E1150,DXGI,1,0,0,Composed: Flip,6599.9999,NA,16.85490000000000,NA,0.51910000000000,2.14170000000000,NA,6583.3017,17.2173,16.6982,0.5191,18.5800,0.2599,0.2599,0.0000,NA,NA,NA
ExperienceX.exe,56308,0x216838E1150,DXGI,1,0,0,Composed: Flip,6616.7607,NA,16.76080000000000,NA,0.19070000000000,1.45560000000000,NA,6600.5190,16.4324,16.2417,0.1907,17.4683,0.2290,0.2173,0.0117,NA,NA,NA
ExperienceX.exe,56308,0x216838E1150,DXGI,1,0,0,Composed: Flip,6634.3956,NA,17.63490000000000,NA,0.05570000000000,0.72010000000000,NA,6616.9514,17.4999,17.4442,0.0557,16.7712,1.3931,1.3931,0.0000,NA,NA,NA
ExperienceX.exe,56308,0x216C829D570,DXGI,1,0,0,Composed: Flip,6634.3727,NA,17.61250000000000,33.31750000000000,0.06840000000000,1.24200000000000,31.7044,6617.0253,17.4158,17.3474,0.0684,18.3354,0.2540,0.2540,0.0000,0.4058,6617.0253,NA
ExperienceX.exe,56308,0x216C829D570,DXGI,1,0,0,Composed: Flip,6649.6290,NA,15.25630000000000,NA,0.08500000000000,0.80070000000000,NA,6634.4411,15.2729,15.1879,0.0850,15.7520,0.2366,0.2366,0.0000,NA,NA,NA
ExperienceX.exe,56308,0x216838E1150,DXGI,1,0,0,Composed: Flip,6649.6286,NA,15.23300000000000,116.72970000000001,0.08540000000000,0.56450000000000,33.3079,6634.4513,15.2627,15.1773,0.0854,1.1634,14.5784,3.0305,11.5479,1.3495,6634.4513,NA
ExperienceX.exe,56308,0x216838E1150,DXGI,1,0,0,Composed: Flip,6666.7094,NA,17.08080000000000,NA,0.16650000000000,2.47160000000000,NA,6649.7140,17.1619,16.9954,0.1665,19.2058,0.2612,0.2612,0.0000,NA,NA,NA
ExperienceX.exe,56308,0x216838E1150,DXGI,1,0,0,Composed: Flip,6683.4457,NA,16.73630000000000,33.12610000000000,0.26600000000000,1.47850000000000,32.6169,6666.8759,16.8358,16.5698,0.2660,2.6765,15.3718,3.8001,11.5717,-0.7015,6666.8759,NA
ExperienceX.exe,56308,0x216C829D570,DXGI,1,0,0,Composed: Flip,6666.7087,NA,17.07970000000000,33.32000000000000,0.16560000000000,2.84370000000000,32.6884,6649.7140,17.1603,16.9947,0.1656,19.4670,0.3714,0.3714,0.0000,-0.6313,6649.7140,NA
ExperienceX.exe,56308,0x216C829D570,DXGI,1,0,0,Composed: Flip,6683.4452,NA,16.73650000000000,NA,0.26670000000000,1.70640000000000,NA,6666.8743,16.8376,16.5709,0.2667,18.0499,0.2274,0.2274,0.0000,NA,NA,NA
ExperienceX.exe,56308,0x216C829D570,DXGI,1,0,0,Composed: Flip,6700.0354,NA,16.59020000000000,NA,0.15240000000000,2.53000000000000,NA,6683.7119,16.4759,16.3235,0.1524,18.6178,0.2357,0.2357,0.0000,NA,NA,NA
ExperienceX.exe,56308,0x216C7EA03E0,DXGI,1,0,0,Composed: Flip,6616.7609,NA,16.31170000000000,66.62770000000000,0.26440000000000,1.21910000000000,32.6501,6600.5189,16.5064,16.2420,0.2644,1.6227,15.8384,3.7357,12.1027,-1.1186,6600.5189,NA
ExperienceX.exe,56308,0x216C7EA03E0,DXGI,1,0,0,Composed: Flip,6634.3555,NA,17.59460000000000,NA,0.33760000000000,1.00520000000000,NA,6617.0253,17.6678,17.3302,0.3376,18.0904,0.2450,0.2450,0.0000,NA,NA,NA
ExperienceX.exe,56308,0x216C7EA03E0,DXGI,1,0,0,Composed: Flip,6649.6284,NA,15.27290000000000,NA,0.08600000000000,1.06520000000000,NA,6634.6931,15.0213,14.9353,0.0860,15.7366,0.2639,0.2569,0.0070,NA,NA,NA
ExperienceX.exe,56308,0x216C7EA03E0,DXGI,1,0,0,Composed: Flip,6666.7084,NA,17.08000000000000,NA,0.16720000000000,2.21140000000000,NA,6649.7144,17.1612,16.9940,0.1672,17.3826,1.8228,1.4364,0.3864,NA,NA,NA
ExperienceX.exe,56308,0x216C7EA03E0,DXGI,1,0,0,Composed: Flip,6683.4443,NA,16.73590000000000,NA,0.26760000000000,1.95430000000000,NA,6666.8756,16.8363,16.5687,0.2676,18.2760,0.2470,0.2418,0.0052,NA,NA,NA
ExperienceX.exe,56308,0x216C7EA03E0,DXGI,1,0,0,Composed: Flip,6700.0421,NA,16.59780000000000,NA,0.14360000000000,2.28760000000000,NA,6683.7119,16.4738,16.3302,0.1436,18.3618,0.2560,0.2560,0.0000,NA,NA,NA
ExperienceX.exe,56308,0x216C829D570,DXGI,1,0,0,Composed: Flip,6716.3037,NA,16.26830000000000,50.12510000000000,0.12620000000000,1.12660000000000,33.2185,6700.1878,16.2421,16.1159,0.1262,17.0225,0.2200,0.2200,0.0000,0.3487,6700.1878,NA
ExperienceX.exe,56308,0x216C829D570,DXGI,1,0,0,Composed: Flip,6734.1020,NA,17.79830000000000,NA,0.15420000000000,1.24090000000000,NA,6716.4299,17.8263,17.6721,0.1542,18.6753,0.2377,0.2377,0.0000,NA,NA,NA
ExperienceX.exe,56308,0x216C7EA03E0,DXGI,1,0,0,Composed: Flip,6733.8933,NA,33.85120000000000,116.69990000000000,0.43870000000000,1.83430000000000,32.2176,6700.1857,34.1463,33.7076,0.4387,35.1572,0.3847,0.3847,0.0000,-17.0331,6700.1857,NA
ExperienceX.exe,56308,0x216C7EA03E0,DXGI,1,0,0,Composed: Flip,6749.8676,NA,15.97430000000000,NA,0.15480000000000,1.57540000000000,NA,6734.3320,15.6904,15.5356,0.1548,16.8532,0.2578,0.2578,0.0000,NA,NA,NA
ExperienceX.exe,56308,0x216838E1150,DXGI,1,0,0,Composed: Flip,6700.4075,NA,16.96180000000000,16.67250000000000,0.06850000000000,1.66620000000000,32.3276,6683.7117,16.7643,16.6958,0.0685,16.5071,1.8549,1.4453,0.4096,0.1633,6683.7117,NA
ExperienceX.exe,56308,0x216838E1150,DXGI,1,0,0,Composed: Flip,6716.2983,NA,15.89080000000000,NA,0.12640000000000,0.91200000000000,NA,6700.4760,15.9487,15.8223,0.1264,2.0894,14.6449,3.3956,11.2493,NA,NA,NA
ExperienceX.exe,56308,0x216838E1150,DXGI,1,0,0,Composed: Flip,6734.2397,NA,17.94140000000000,NA,0.06840000000000,0.86550000000000,NA,6716.4247,17.8834,17.8150,0.0684,17.1378,1.5427,1.4569,0.0858,NA,NA,NA
ExperienceX.exe,56308,0x216838E1150,DXGI,1,0,0,Composed: Flip,6749.8675,NA,15.62780000000000,NA,0.15480000000000,1.82640000000000,NA,6734.3081,15.7142,15.5594,0.1548,17.1349,0.2509,0.2456,0.0053,NA,NA,NA
ExperienceX.exe,56308,0x216838E1150,DXGI,1,0,0,Composed: Flip,6766.8399,NA,16.97240000000000,NA,0.16070000000000,1.40810000000000,NA,6750.0223,16.9783,16.8176,0.1607,17.0850,1.1407,1.1407,0.0000,NA,NA,NA
ExperienceX.exe,56308,0x216C829D570,DXGI,1,0,0,Composed: Flip,6749.8684,NA,15.76640000000000,33.37150000000000,0.15410000000000,1.31680000000000,33.0253,6734.2562,15.7663,15.6122,0.1541,1.4714,15.4576,3.4514,12.0062,0.6969,6734.2562,NA
ExperienceX.exe,56308,0x216C829D570,DXGI,1,0,0,Composed: Flip,6767.3155,NA,17.44710000000000,NA,0.07030000000000,1.54030000000000,NA,6750.0225,17.3633,17.2930,0.0703,18.2255,0.6078,0.6078,0.0000,NA,NA,NA
ExperienceX.exe,56308,0x216C829D570,DXGI,1,0,0,Composed: Flip,6783.3126,NA,15.99710000000000,NA,0.24930000000000,1.97780000000000,NA,6767.3858,16.1761,15.9268,0.2493,17.8984,0.0062,0.0062,0.0000,NA,NA,NA
ExperienceX.exe,56308,0x216C7EA03E0,DXGI,1,0,0,Composed: Flip,6766.8391,NA,16.97150000000000,33.38960000000000,0.52900000000000,2.07110000000000,32.6614,6750.0224,17.3457,16.8167,0.5290,18.8334,0.0544,0.0544,0.0000,16.4471,6750.0224,NA
ExperienceX.exe,56308,0x216C7EA03E0,DXGI,1,0,0,Composed: Flip,6783.3139,NA,16.47480000000000,NA,0.38140000000000,1.98250000000000,NA,6767.3681,16.3272,15.9458,0.3814,17.9240,0.0043,0.0043,0.0000,NA,NA,NA
ExperienceX.exe,56308,0x216C7EA03E0,DXGI,1,0,0,Composed: Flip,6800.9099,NA,17.59600000000000,NA,0.08000000000000,1.09090000000000,NA,6783.6953,17.2946,17.2146,0.0800,18.2994,0.0061,0.0061,0.0000,NA,NA,NA
ExperienceX.exe,56308,0x216C7EA03E0,DXGI,1,0,0,Composed: Flip,6816.3059,NA,15.39600000000000,49.95160000000000,0.11280000000000,1.41870000000000,33.1462,6800.9899,15.4288,15.3160,0.1128,16.3426,0.3921,0.3856,0.0065,1.0159,6800.9899,NA
ExperienceX.exe,56308,0x216C7EA03E0,DXGI,1,0,0,Composed: Flip,6833.5537,NA,17.24780000000000,16.61280000000000,0.43720000000000,1.67930000000000,32.5112,6816.4187,17.5722,17.1350,0.4372,18.5572,0.2571,0.2571,0.0000,-1.1840,6816.4187,NA
ExperienceX.exe,56308,0x216C7EA03E0,DXGI,1,0,0,Composed: Flip,6849.7697,NA,16.21600000000000,16.67140000000000,0.18450000000000,1.02660000000000,32.9666,6833.9909,15.9633,15.7788,0.1845,1.2421,15.5633,3.3308,12.2325,0.9008,6833.9909,NA
ExperienceX.exe,56308,0x216838E1150,DXGI,1,0,0,Composed: Flip,6783.3128,NA,16.47290000000000,83.34200000000000,0.24910000000000,1.96940000000000,32.7643,6767.0006,16.5613,16.3122,0.2491,1.9096,16.3720,4.5012,11.8708,-0.0531,6767.0006,NA
ExperienceX.exe,56308,0x216838E1150,DXGI,1,0,0,Composed: Flip,6800.2726,NA,16.95980000000000,NA,0.20020000000000,1.72210000000000,NA,6783.5619,16.9109,16.7107,0.2002,16.9035,1.5293,1.5293,0.0000,NA,NA,NA
ExperienceX.exe,56308,0x216838E1150,DXGI,1,0,0,Composed: Flip,6833.6332,NA,33.36060000000001,NA,0.05290000000000,1.34270000000000,NA,6800.4728,33.2133,33.1604,0.0529,33.8539,0.6492,0.6492,0.0000,NA,NA,NA
ExperienceX.exe,56308,0x216838E1150,DXGI,1,0,0,Composed: Flip,6849.7681,NA,16.13490000000000,NA,0.18480000000000,1.54900000000000,NA,6833.6861,16.2668,16.0820,0.1848,17.3960,0.2350,0.2283,0.0067,NA,NA,NA
ExperienceX.exe,56308,0x216838E1150,DXGI,1,0,0,Composed: Flip,6866.9658,NA,17.19770000000000,NA,0.41610000000000,0.68050000000000,NA,6849.9529,17.4290,17.0129,0.4161,16.7147,0.9787,0.9787,0.0000,NA,NA,NA
ExperienceX.exe,56308,0x216838E1150,DXGI,1,0,0,Composed: Flip,6882.9377,NA,15.97190000000000,100.10540000000000,0.06840000000000,1.28780000000000,33.2448,6867.3819,15.6242,15.5558,0.0684,16.4307,0.4129,0.4129,0.0000,0.2759,6867.3819,NA
ExperienceX.exe,56308,0x216C7EA03E0,DXGI,1,0,0,Composed: Flip,6866.9986,NA,17.22890000000000,16.67410000000000,0.08280000000000,1.72450000000000,32.4118,6849.9542,17.1272,17.0444,0.0828,18.3490,0.4199,0.4199,0.0000,-0.7108,6849.9542,NA
ExperienceX.exe,56308,0x216C7EA03E0,DXGI,1,0,0,Composed: Flip,6882.9371,NA,15.93850000000000,NA,0.06750000000000,0.87550000000000,NA,6867.0814,15.9232,15.8557,0.0675,1.6417,15.0895,3.2507,11.8388,NA,NA,NA
ExperienceX.exe,56308,0x216C7EA03E0,DXGI,1,0,0,Composed: Flip,6899.8904,NA,16.95330000000000,NA,0.57930000000000,2.05780000000000,NA,6883.0046,17.4651,16.8858,0.5793,18.6654,0.2782,0.2782,0.0000,NA,NA,NA
ExperienceX.exe,56308,0x216838E1150,DXGI,1,0,0,Composed: Flip,6899.8822,NA,16.94450000000000,16.76200000000000,0.16910000000000,1.78780000000000,33.0623,6883.0061,17.0452,16.8761,0.1691,17.0980,1.5659,1.4078,0.1581,-1.1378,6883.0061,NA
ExperienceX.exe,56308,0x216838E1150,DXGI,1,0,0,Composed: Flip,6916.5652,NA,16.68300000000000,NA,0.23460000000000,0.90750000000000,NA,6900.0513,16.7485,16.5139,0.2346,2.1400,15.2814,3.3160,11.9654,NA,NA,NA
ExperienceX.exe,56308,0x216C829D570,DXGI,1,0,0,Composed: Flip,6801.3507,NA,18.03810000000000,49.86030000000000,0.07840000000000,1.92240000000000,31.4033,6783.5619,17.8672,17.7888,0.0784,18.4389,1.2723,1.2723,0.0000,-0.5546,6783.5619,NA
ExperienceX.exe,56308,0x216C829D570,DXGI,1,0,0,Composed: Flip,6816.2526,NA,14.90190000000000,NA,0.07980000000000,1.07990000000000,NA,6801.4291,14.9033,14.8235,0.0798,15.6705,0.2329,0.2329,0.0000,NA,NA,NA
ExperienceX.exe,56308,0x216C829D570,DXGI,1,0,0,Composed: Flip,6833.8145,NA,17.56190000000000,NA,0.09690000000000,0.51220000000000,NA,6816.3324,17.5790,17.4821,0.0969,17.0514,0.9429,0.9429,0.0000,NA,NA,NA
ExperienceX.exe,56308,0x216C829D570,DXGI,1,0,0,Composed: Flip,6849.7698,NA,15.95530000000000,NA,0.18420000000000,1.31230000000000,NA,6833.9114,16.0426,15.8584,0.1842,16.8849,0.2858,0.2858,0.0000,NA,NA,NA
ExperienceX.exe,56308,0x216C829D570,DXGI,1,0,0,Composed: Flip,6866.9160,NA,17.14620000000000,NA,0.16560000000000,1.38720000000000,NA,6849.9540,17.1276,16.9620,0.1656,17.6923,0.6569,0.6569,0.0000,NA,NA,NA
ExperienceX.exe,56308,0x216C829D570,DXGI,1,0,0,Composed: Flip,6899.8809,NA,32.96490000000000,NA,0.16930000000000,2.31040000000000,NA,6867.0816,32.9686,32.7993,0.1693,34.8666,0.2431,0.2431,0.0000,NA,NA,NA
ExperienceX.exe,56308,0x216C829D570,DXGI,1,0,0,Composed: Flip,6916.5635,NA,16.68260000000000,NA,0.23270000000000,1.13170000000000,NA,6900.0502,16.7460,16.5133,0.2327,17.4225,0.2225,0.2225,0.0000,NA,NA,NA
ExperienceX.exe,56308,0x216C829D570,DXGI,1,0,0,Composed: Flip,6934.2897,NA,17.72620000000000,NA,0.51380000000000,0.63720000000000,NA,6916.7962,18.0073,17.4935,0.5138,17.1385,0.9922,0.9922,0.0000,NA,NA,NA
ExperienceX.exe,56308,0x216C829D570,DXGI,1,0,0,Composed: Flip,6949.8987,NA,15.60900000000000,150.06510000000000,0.24760000000000,2.60490000000000,32.9204,6934.8035,15.3428,15.0952,0.2476,17.2158,0.4843,0.4735,0.0108,1.1765,6934.8035,NA
ExperienceX.exe,56308,0x216C7EA03E0,DXGI,1,0,0,Composed: Flip,6916.5640,NA,16.67360000000000,50.07130000000000,0.23220000000000,1.37920000000000,32.9177,6900.4697,16.3265,16.0943,0.2322,17.2255,0.2480,0.2427,0.0053,0.4442,6900.4697,NA
ExperienceX.exe,56308,0x216C7EA03E0,DXGI,1,0,0,Composed: Flip,6934.3406,NA,17.77660000000000,NA,0.14860000000000,1.24020000000000,NA,6916.7962,17.6930,17.5444,0.1486,18.1307,0.6539,0.6539,0.0000,NA,NA,NA
ExperienceX.exe,56308,0x216C7EA03E0,DXGI,1,0,0,Composed: Flip,6949.8919,NA,15.55130000000000,NA,0.22700000000000,1.74220000000000,NA,6934.4892,15.6297,15.4027,0.2270,16.7539,0.3910,0.3718,0.0192,NA,NA,NA
ExperienceX.exe,56308,0x216C7EA03E0,DXGI,1,0,0,Composed: Flip,6968.2120,NA,18.32010000000000,NA,0.29390000000000,1.15220000000000,NA,6950.1189,18.3870,18.0931,0.2939,17.2380,2.0073,2.0073,0.0000,NA,NA,NA
ExperienceX.exe,56308,0x216838E1150,DXGI,1,0,0,Composed: Flip,6934.6959,NA,18.13070000000000,33.27530000000000,0.07290000000000,1.36950000000000,31.5239,6916.7998,17.9690,17.8961,0.0729,18.7810,0.4846,0.4846,0.0000,0.5184,6916.7998,NA
ExperienceX.exe,56308,0x216838E1150,DXGI,1,0,0,Composed: Flip,6949.8926,NA,15.19670000000000,NA,0.22640000000000,1.04030000000000,NA,6934.7688,15.3502,15.1238,0.2264,1.2966,14.8675,3.2910,11.5765,NA,NA,NA
ExperienceX.exe,56308,0x216838E1150,DXGI,1,0,0,Composed: Flip,6968.5673,NA,18.67470000000000,NA,0.71520000000000,1.49940000000000,NA,6950.1190,19.1635,18.4483,0.7152,19.6809,0.2668,0.2668,0.0000,NA,NA,NA
ExperienceX.exe,56308,0x216838E1150,DXGI,1,0,0,Composed: Flip,6983.2321,NA,14.66480000000000,NA,0.36380000000000,1.11810000000000,NA,6969.2825,14.3134,13.9496,0.3638,0.7842,14.2835,3.6442,10.6393,NA,NA,NA
ExperienceX.exe,56308,0x216838E1150,DXGI,1,0,0,Composed: Flip,7000.6290,NA,17.39690000000000,66.50430000000000,0.31250000000000,1.38440000000000,32.0951,6983.5959,17.3456,17.0331,0.3125,16.7684,1.6491,1.4175,0.2316,0.2918,6983.5959,NA
ExperienceX.exe,56308,0x216838E1150,DXGI,1,0,0,Composed: Flip,7016.2475,NA,15.61850000000000,16.68360000000000,0.05960000000000,1.29030000000000,33.1602,7000.9415,15.3656,15.3060,0.0596,16.1709,0.4254,0.4178,0.0076,0.6620,7000.9415,NA
ExperienceX.exe,56308,0x216C7EA03E0,DXGI,1,0,0,Composed: Flip,6983.2288,NA,15.01680000000000,66.57460000000000,0.26710000000000,1.37590000000000,32.8275,6968.5059,14.9900,14.7229,0.2671,15.8443,0.2545,0.2545,0.0000,1.4616,6968.5059,NA
ExperienceX.exe,56308,0x216C7EA03E0,DXGI,1,0,0,Composed: Flip,7000.9547,NA,17.72590000000000,NA,0.06950000000000,1.30740000000000,NA,6983.4959,17.5283,17.4588,0.0695,18.5175,0.2487,0.2487,0.0000,NA,NA,NA
ExperienceX.exe,56308,0x216C7EA03E0,DXGI,1,0,0,Composed: Flip,7016.2462,NA,15.29150000000000,NA,0.05500000000000,0.62420000000000,NA,7001.0242,15.2770,15.2220,0.0550,2.2656,13.5806,2.4623,11.1183,NA,NA,NA
ExperienceX.exe,56308,0x216C7EA03E0,DXGI,1,0,0,Composed: Flip,7034.0075,NA,17.76130000000000,NA,0.18790000000000,1.47540000000000,NA,7016.3012,17.8942,17.7063,0.1879,18.9362,0.2455,0.2455,0.0000,NA,NA,NA
ExperienceX.exe,56308,0x216C7EA03E0,DXGI,1,0,0,Composed: Flip,7049.6426,NA,15.63510000000000,66.67040000000000,0.06490000000000,1.20730000000000,33.0841,7034.1954,15.5121,15.4472,0.0649,16.4063,0.2482,0.2434,0.0048,-0.9809,7034.1954,NA
ExperienceX.exe,56308,0x216838E1150,DXGI,1,0,0,Composed: Flip,7033.7594,NA,17.51190000000000,16.65410000000000,0.38910000000000,1.99210000000000,32.3024,7016.3071,17.8414,17.4523,0.3891,19.1758,0.2686,0.2686,0.0000,-1.2885,7016.3071,NA
ExperienceX.exe,56308,0x216838E1150,DXGI,1,0,0,Composed: Flip,7049.6429,NA,15.88350000000000,NA,0.06450000000000,0.95880000000000,NA,7034.1485,15.5589,15.4944,0.0645,16.2013,0.2519,0.2519,0.0000,NA,NA,NA
ExperienceX.exe,56308,0x216838E1150,DXGI,1,0,0,Composed: Flip,7066.5194,NA,16.87650000000000,NA,0.07670000000000,2.29720000000000,NA,7049.7074,16.8887,16.8120,0.0767,18.5743,0.5349,0.5349,0.0000,NA,NA,NA
ExperienceX.exe,56308,0x216C829D570,DXGI,1,0,0,Composed: Flip,6968.7136,NA,18.81490000000000,16.58800000000000,0.10680000000000,1.08630000000000,30.6935,6950.1463,18.6741,18.5673,0.1068,19.2179,0.4357,0.4357,0.0000,-1.2452,6950.1463,NA
ExperienceX.exe,56308,0x216C829D570,DXGI,1,0,0,Composed: Flip,6983.2646,NA,14.55100000000000,NA,0.24350000000000,1.60170000000000,NA,6968.8204,14.6877,14.4442,0.2435,15.7843,0.2616,0.2510,0.0106,NA,NA,NA
ExperienceX.exe,56308,0x216C829D570,DXGI,1,0,0,Composed: Flip,7000.6490,NA,17.38440000000000,NA,0.26630000000000,2.64080000000000,NA,6983.5081,17.4072,17.1409,0.2663,18.7540,1.0277,1.0277,0.0000,NA,NA,NA
ExperienceX.exe,56308,0x216C829D570,DXGI,1,0,0,Composed: Flip,7016.2594,NA,15.61040000000000,NA,0.14740000000000,0.85300000000000,NA,7000.9153,15.4915,15.3441,0.1474,15.9551,0.2420,0.2420,0.0000,NA,NA,NA
ExperienceX.exe,56308,0x216C829D570,DXGI,1,0,0,Composed: Flip,7034.0099,NA,17.75050000000000,NA,0.17570000000000,1.22750000000000,NA,7016.4068,17.7788,17.6031,0.1757,17.0516,1.7790,1.5000,0.2790,NA,NA,NA
ExperienceX.exe,56308,0x216C829D570,DXGI,1,0,0,Composed: Flip,7049.6425,NA,15.63260000000000,NA,0.06500000000000,0.70730000000000,NA,7034.1856,15.5219,15.4569,0.0650,1.5659,14.5983,3.2191,11.3792,NA,NA,NA
ExperienceX.exe,56308,0x216C829D570,DXGI,1,0,0,Composed: Flip,7066.5187,NA,16.87620000000000,NA,0.97490000000000,1.76300000000000,NA,7049.7075,17.7861,16.8112,0.9749,18.3461,0.2281,0.2281,0.0000,NA,NA,NA
ExperienceX.exe,56308,0x216C829D570,DXGI,1,0,0,Composed: Flip,7082.8797,NA,16.36100000000000,NA,0.09920000000000,1.08950000000000,NA,7067.4936,15.4853,15.3861,0.0992,16.1969,0.2787,0.2737,0.0050,NA,NA,NA
ExperienceX.exe,56308,0x216C829D570,DXGI,1,0,0,Composed: Flip,7101.2673,NA,18.38760000000000,133.38240000000002,0.06200000000000,1.40690000000000,31.5222,7082.9789,18.3504,18.2884,0.0620,19.5224,0.1729,0.1729,0.0000,-0.5498,7082.9789,NA
ExperienceX.exe,56308,0x216C829D570,DXGI,1,0,0,Composed: Flip,7116.3172,NA,15.04990000000000,16.60890000000000,0.12030000000000,0.93290000000000,33.0812,7101.3293,15.1082,14.9879,0.1203,1.3449,14.5759,3.4222,11.1537,1.7415,7101.3293,NA
ExperienceX.exe,56308,0x216C7EA03E0,DXGI,1,0,0,Composed: Flip,7066.5164,NA,16.87380000000000,16.75370000000000,0.08100000000000,1.53720000000000,32.9640,7049.7075,16.8899,16.8089,0.0810,16.9961,1.3500,1.3500,0.0000,-1.2416,7049.7075,NA
ExperienceX.exe,56308,0x216C7EA03E0,DXGI,1,0,0,Composed: Flip,7082.8800,NA,16.36360000000000,NA,0.09890000000000,0.81050000000000,NA,7066.5974,16.3815,16.2826,0.0989,16.8498,0.2433,0.2433,0.0000,NA,NA,NA
ExperienceX.exe,56308,0x216C7EA03E0,DXGI,1,0,0,Composed: Flip,7100.8423,NA,17.96230000000000,NA,0.12340000000000,1.34780000000000,NA,7082.9789,17.9868,17.8634,0.1234,17.2504,1.9608,1.9352,0.0256,NA,NA,NA
ExperienceX.exe,56308,0x216C7EA03E0,DXGI,1,0,0,Composed: Flip,7116.3166,NA,15.47430000000000,NA,0.12080000000000,1.15140000000000,NA,7100.9657,15.4717,15.3509,0.1208,16.2844,0.2179,0.2179,0.0000,NA,NA,NA
ExperienceX.exe,56308,0x216C7EA03E0,DXGI,1,0,0,Composed: Flip,7133.8397,NA,17.52310000000000,NA,0.04770000000000,1.39250000000000,NA,7116.4374,17.4500,17.4023,0.0477,18.5450,0.2498,0.2498,0.0000,NA,NA,NA
ExperienceX.exe,56308,0x216838E1150,DXGI,1,0,0,Composed: Flip,7082.8687,NA,16.34930000000000,50.01810000000000,0.05750000000000,0.57850000000000,33.2112,7066.5961,16.3301,16.2726,0.0575,2.2205,14.6306,2.9558,11.6748,0.2709,7066.5961,NA
ExperienceX.exe,56308,0x216838E1150,DXGI,1,0,0,Composed: Flip,7100.8976,NA,18.02890000000000,NA,0.34500000000000,1.60370000000000,NA,7082.9262,18.3164,17.9714,0.3450,19.2639,0.3112,0.3112,0.0000,NA,NA,NA
ExperienceX.exe,56308,0x216838E1150,DXGI,1,0,0,Composed: Flip,7116.3170,NA,15.41940000000000,NA,0.12060000000000,1.39780000000000,NA,7101.2426,15.1950,15.0744,0.1206,16.2254,0.2468,0.2430,0.0038,NA,NA,NA
ExperienceX.exe,56308,0x216838E1150,DXGI,1,0,0,Composed: Flip,7133.6183,NA,17.30130000000000,NA,0.17590000000000,1.86390000000000,NA,7116.4376,17.3566,17.1807,0.1759,18.7946,0.2500,0.2500,0.0000,NA,NA,NA
ExperienceX.exe,56308,0x216838E1150,DXGI,1,0,0,Composed: Flip,7149.5996,NA,15.98130000000000,NA,0.07270000000000,1.54440000000000,NA,7133.7942,15.8781,15.8054,0.0727,17.1315,0.2183,0.2100,0.0083,NA,NA,NA
ExperienceX.exe,56308,0x216C829D570,DXGI,1,0,0,Composed: Flip,7133.5855,NA,17.26830000000000,17.54490000000000,0.34720000000000,1.39690000000000,33.3578,7116.4375,17.4952,17.1480,0.3472,16.9905,1.5544,1.5544,0.0000,-2.4367,7116.4375,NA
ExperienceX.exe,56308,0x216C829D570,DXGI,1,0,0,Composed: Flip,7149.5999,NA,16.01440000000000,NA,0.07270000000000,1.32580000000000,NA,7133.9327,15.7399,15.6672,0.0727,16.6883,0.3047,0.3047,0.0000,NA,NA,NA
ExperienceX.exe,56308,0x216C829D570,DXGI,1,0,0,Composed: Flip,7169.7201,NA,20.12020000000000,NA,0.09890000000000,1.52630000000000,NA,7149.6726,20.1464,20.0475,0.0989,21.3056,0.2682,0.2682,0.0000,NA,NA,NA
ExperienceX.exe,56308,0x216838E1150,DXGI,1,0,0,Composed: Flip,7168.5368,NA,18.93720000000000,83.32590000000000,0.38810000000000,2.94910000000000,30.8690,7149.6723,19.2526,18.8645,0.3881,21.5741,0.2395,0.2395,0.0000,-0.2497,7149.6723,NA
ExperienceX.exe,56308,0x216838E1150,DXGI,1,0,0,Composed: Flip,7183.1019,NA,14.56510000000000,NA,0.07940000000000,0.66470000000000,NA,7168.9249,14.2564,14.1770,0.0794,14.5844,0.2573,0.2573,0.0000,NA,NA,NA
ExperienceX.exe,56308,0x216838E1150,DXGI,1,0,0,Composed: Flip,7200.3250,NA,17.22310000000000,33.36370000000000,0.05610000000000,1.72660000000000,32.4445,7183.1813,17.1998,17.1437,0.0561,18.4602,0.4101,0.4101,0.0000,0.1453,7183.1813,NA
ExperienceX.exe,56308,0x216838E1150,DXGI,1,0,0,Composed: Flip,7216.3366,NA,16.01160000000000,16.63900000000000,0.10730000000000,1.29050000000000,33.0719,7200.3811,16.0628,15.9555,0.1073,17.0125,0.2335,0.2335,0.0000,0.5608,7200.3811,NA
ExperienceX.exe,56308,0x216C7EA03E0,DXGI,1,0,0,Composed: Flip,7149.6000,NA,15.76030000000000,83.36720000000001,0.07250000000000,1.02100000000000,33.2476,7133.8874,15.7851,15.7126,0.0725,1.5948,15.1388,3.2596,11.8792,0.8127,7133.8874,NA
ExperienceX.exe,56308,0x216C7EA03E0,DXGI,1,0,0,Composed: Flip,7169.5818,NA,19.98180000000000,NA,0.13800000000000,1.39640000000000,NA,7149.6725,20.0473,19.9093,0.1380,19.4121,1.8936,1.8936,0.0000,NA,NA,NA
ExperienceX.exe,56308,0x216C7EA03E0,DXGI,1,0,0,Composed: Flip,7183.0955,NA,13.51370000000000,NA,0.08570000000000,0.41380000000000,NA,7169.7198,13.4614,13.3757,0.0857,1.7661,12.0234,3.4313,8.5921,NA,NA,NA
ExperienceX.exe,56308,0x216C7EA03E0,DXGI,1,0,0,Composed: Flip,7200.1517,NA,17.05620000000000,NA,0.09500000000000,1.48980000000000,NA,7183.1812,17.0655,16.9705,0.0950,18.2986,0.1617,0.1617,0.0000,NA,NA,NA
ExperienceX.exe,56308,0x216C7EA03E0,DXGI,1,0,0,Composed: Flip,7216.3363,NA,16.18460000000000,NA,0.42780000000000,1.05730000000000,NA,7200.2467,16.5174,16.0896,0.4278,1.8049,15.3420,3.5563,11.7857,NA,NA,NA
ExperienceX.exe,56308,0x216C7EA03E0,DXGI,1,0,0,Composed: Flip,7234.0908,NA,17.75450000000000,NA,0.10790000000000,0.99140000000000,NA,7216.7641,17.4346,17.3267,0.1079,16.6788,1.6393,1.6393,0.0000,NA,NA,NA
ExperienceX.exe,56308,0x216C829D570,DXGI,1,0,0,Composed: Flip,7183.0956,NA,13.37550000000000,49.17180000000000,0.08570000000000,0.96560000000000,33.0195,7169.8190,13.3623,13.2766,0.0857,13.9476,0.2946,0.2874,0.0072,4.2097,7169.8190,NA
ExperienceX.exe,56308,0x216C829D570,DXGI,1,0,0,Composed: Flip,7200.2121,NA,17.11650000000000,NA,0.05380000000000,1.26770000000000,NA,7183.1813,17.0846,17.0308,0.0538,16.8039,1.4946,1.4946,0.0000,NA,NA,NA
ExperienceX.exe,56308,0x216C829D570,DXGI,1,0,0,Composed: Flip,7216.3369,NA,16.12480000000000,NA,0.10670000000000,1.58050000000000,NA,7200.2659,16.1777,16.0710,0.1067,17.3612,0.2903,0.2853,0.0050,NA,NA,NA
ExperienceX.exe,56308,0x216C829D570,DXGI,1,0,0,Composed: Flip,7233.8800,NA,17.54310000000000,NA,0.09290000000000,1.37710000000000,NA,7216.4436,17.5293,17.4364,0.0929,18.6386,0.1749,0.1749,0.0000,NA,NA,NA
ExperienceX.exe,56308,0x216C829D570,DXGI,1,0,0,Composed: Flip,7249.6212,NA,15.74120000000000,NA,0.14110000000000,0.94580000000000,NA,7233.9729,15.7894,15.6483,0.1411,1.5703,15.0238,3.3590,11.6648,NA,NA,NA
ExperienceX.exe,56308,0x216C7EA03E0,DXGI,1,0,0,Composed: Flip,7249.6220,NA,15.53120000000000,99.97180000000000,0.14040000000000,1.18640000000000,33.1974,7234.1987,15.5637,15.4233,0.1404,16.3683,0.2414,0.2414,0.0000,0.3395,7234.1987,NA
ExperienceX.exe,56308,0x216C7EA03E0,DXGI,1,0,0,Composed: Flip,7267.6022,NA,17.98020000000000,NA,0.74310000000000,1.41420000000000,NA,7249.7624,18.5829,17.8398,0.7431,19.0163,0.2377,0.2377,0.0000,NA,NA,NA
ExperienceX.exe,56308,0x216C829D570,DXGI,1,0,0,Composed: Flip,7268.1472,NA,18.52600000000000,83.44590000000001,0.19680000000000,1.32340000000000,31.4138,7249.7623,18.5817,18.3849,0.1968,19.2541,0.4542,0.4542,0.0000,-3.5026,7249.7623,NA
ExperienceX.exe,56308,0x216C7EA03E0,DXGI,1,0,0,Composed: Flip,7283.1662,NA,15.56400000000000,33.23730000000000,0.21030000000000,1.46240000000000,32.8905,7268.3453,15.0312,14.8209,0.2103,16.0246,0.2587,0.2498,0.0089,0.9093,7268.3453,NA
ExperienceX.exe,56308,0x216C7EA03E0,DXGI,1,0,0,Composed: Flip,7301.2244,NA,18.05820000000000,NA,0.18770000000000,3.25510000000000,NA,7283.3765,18.0356,17.8479,0.1877,20.0796,1.0234,1.0234,0.0000,NA,NA,NA
ExperienceX.exe,56308,0x216838E1150,DXGI,1,0,0,Composed: Flip,7234.0455,NA,17.70890000000000,16.86930000000000,0.23570000000000,1.49770000000000,32.2323,7216.4439,17.8373,17.6016,0.2357,18.8132,0.2861,0.2861,0.0000,-0.8065,7216.4439,NA
ExperienceX.exe,56308,0x216838E1150,DXGI,1,0,0,Composed: Flip,7249.6407,NA,15.59520000000000,NA,0.12170000000000,1.41600000000000,NA,7234.2812,15.4812,15.3595,0.1217,16.5272,0.2483,0.2426,0.0057,NA,NA,NA
ExperienceX.exe,56308,0x216838E1150,DXGI,1,0,0,Composed: Flip,7268.0519,NA,18.41120000000000,NA,0.39150000000000,0.72680000000000,NA,7249.7624,18.6810,18.2895,0.3915,17.5264,1.4899,1.4812,0.0087,NA,NA,NA
ExperienceX.exe,56308,0x216838E1150,DXGI,1,0,0,Composed: Flip,7283.1661,NA,15.11420000000000,NA,0.21080000000000,1.20380000000000,NA,7268.4434,14.9335,14.7227,0.2108,15.6724,0.2541,0.2541,0.0000,NA,NA,NA
ExperienceX.exe,56308,0x216838E1150,DXGI,1,0,0,Composed: Flip,7300.4329,NA,17.26680000000000,NA,0.30380000000000,3.02320000000000,NA,7283.3769,17.3598,17.0560,0.3038,19.8138,0.2654,0.2654,0.0000,NA,NA,NA
ExperienceX.exe,56308,0x216838E1150,DXGI,1,0,0,Composed: Flip,7316.2783,NA,15.84540000000000,NA,0.12340000000000,1.66900000000000,NA,7300.7367,15.6650,15.5416,0.1234,16.9285,0.2821,0.2733,0.0088,NA,NA,NA
ExperienceX.exe,56308,0x216C7EA03E0,DXGI,1,0,0,Composed: Flip,7316.2778,NA,15.05340000000000,33.36800000000000,0.12630000000000,1.38740000000000,33.1469,7301.4121,14.9920,14.8657,0.1263,15.8429,0.4102,0.4102,0.0000,-0.3012,7301.4121,NA
ExperienceX.exe,56308,0x216C7EA03E0,DXGI,1,0,0,Composed: Flip,7334.8295,NA,18.55170000000000,NA,0.15620000000000,1.38220000000000,NA,7316.4041,18.5816,18.4254,0.1562,19.5359,0.2717,0.2717,0.0000,NA,NA,NA
ExperienceX.exe,56308,0x216838E1150,DXGI,1,0,0,Composed: Flip,7334.7240,NA,18.44570000000000,100.00220000000000,0.17620000000000,1.21600000000000,31.5560,7316.4017,18.4985,18.3223,0.1762,17.7047,1.8336,1.8336,0.0000,-0.0444,7316.4017,NA
ExperienceX.exe,56308,0x216838E1150,DXGI,1,0,0,Composed: Flip,7349.6859,NA,14.96190000000000,NA,0.14890000000000,1.59320000000000,NA,7334.9002,14.9346,14.7857,0.1489,16.1203,0.2586,0.2493,0.0093,NA,NA,NA
ExperienceX.exe,56308,0x216C7EA03E0,DXGI,1,0,0,Composed: Flip,7349.7040,NA,14.87450000000000,33.55470000000000,0.24590000000000,1.06200000000000,33.2754,7334.9857,14.9642,14.7183,0.2459,1.4766,14.3037,2.9111,11.3926,0.0189,7334.9857,NA
ExperienceX.exe,56308,0x216C7EA03E0,DXGI,1,0,0,Composed: Flip,7368.3119,NA,18.60790000000000,NA,0.23020000000000,1.19360000000000,NA,7349.9499,18.5922,18.3620,0.2302,19.1904,0.3652,0.3652,0.0000,NA,NA,NA
ExperienceX.exe,56308,0x216C7EA03E0,DXGI,1,0,0,Composed: Flip,7383.5390,NA,15.22710000000000,33.30500000000000,0.21840000000000,1.41340000000000,32.7454,7368.5421,15.2153,14.9969,0.2184,16.0425,0.3678,0.3585,0.0093,0.2514,7368.5421,NA
ExperienceX.exe,56308,0x216C829D570,DXGI,1,0,0,Composed: Flip,7301.2183,NA,33.07110000000000,33.22490000000000,0.25480000000000,1.97240000000000,31.5676,7268.3440,33.1291,32.8743,0.2548,32.5239,2.3228,1.5890,0.7338,-14.6432,7268.3440,NA
ExperienceX.exe,56308,0x216C829D570,DXGI,1,0,0,Composed: Flip,7316.2774,NA,15.05910000000000,NA,0.12600000000000,0.97760000000000,NA,7301.4731,14.9303,14.8043,0.1260,3.0064,12.7755,2.9593,9.8162,NA,NA,NA
ExperienceX.exe,56308,0x216C829D570,DXGI,1,0,0,Composed: Flip,7334.9900,NA,18.71260000000000,NA,0.14330000000000,1.47230000000000,NA,7316.4034,18.7299,18.5866,0.1433,19.8083,0.2506,0.2506,0.0000,NA,NA,NA
ExperienceX.exe,56308,0x216C829D570,DXGI,1,0,0,Composed: Flip,7349.7047,NA,14.71470000000000,NA,0.24510000000000,1.31580000000000,NA,7335.1333,14.8165,14.5714,0.2451,15.6327,0.2545,0.2545,0.0000,NA,NA,NA
ExperienceX.exe,56308,0x216C829D570,DXGI,1,0,0,Composed: Flip,7367.8704,NA,18.16570000000000,NA,0.68180000000000,1.26990000000000,NA,7349.9498,18.6024,17.9206,0.6818,18.9339,0.2566,0.2566,0.0000,NA,NA,NA
ExperienceX.exe,56308,0x216C829D570,DXGI,1,0,0,Composed: Flip,7383.4080,NA,15.53760000000000,NA,0.15510000000000,1.17660000000000,NA,7368.5522,15.0109,14.8558,0.1551,16.0265,0.0059,0.0059,0.0000,NA,NA,NA
ExperienceX.exe,56308,0x216C829D570,DXGI,1,0,0,Composed: Flip,7400.6443,NA,17.23630000000000,NA,0.05880000000000,1.55260000000000,NA,7383.5631,17.1400,17.0812,0.0588,18.4193,0.2145,0.2145,0.0000,NA,NA,NA
ExperienceX.exe,56308,0x216838E1150,DXGI,1,0,0,Composed: Flip,7367.0889,NA,17.40300000000000,33.13590000000000,0.20220000000000,1.79480000000000,32.3270,7349.8348,17.4563,17.2541,0.2022,17.5882,1.4607,1.4607,0.0000,0.2972,7349.8348,NA
ExperienceX.exe,56308,0x216838E1150,DXGI,1,0,0,Composed: Flip,7383.5261,NA,16.43720000000000,NA,0.23480000000000,1.05260000000000,NA,7367.2911,16.4698,16.2350,0.2348,2.2144,15.0732,3.7366,11.3366,NA,NA,NA
ExperienceX.exe,56308,0x216838E1150,DXGI,1,0,0,Composed: Flip,7400.2121,NA,16.68600000000000,NA,0.25480000000000,1.77030000000000,NA,7383.7609,16.7060,16.4512,0.2548,17.6994,0.5221,0.5221,0.0000,NA,NA,NA
ExperienceX.exe,56308,0x216838E1150,DXGI,1,0,0,Composed: Flip,7416.5367,NA,16.32460000000000,NA,0.14650000000000,0.65470000000000,NA,7400.4669,16.2163,16.0698,0.1465,1.7300,14.9945,2.8690,12.1255,NA,NA,NA
ExperienceX.exe,56308,0x216C829D570,DXGI,1,0,0,Composed: Flip,7416.5384,NA,15.89410000000000,116.67540000000001,0.14430000000000,0.91680000000000,32.9229,7400.7031,15.9796,15.8353,0.1443,16.4883,0.2638,0.2638,0.0000,15.6837,7400.7031,NA
ExperienceX.exe,56308,0x216C829D570,DXGI,1,0,0,Composed: Flip,7433.7058,NA,17.16740000000000,NA,0.36840000000000,1.19980000000000,NA,7416.6827,17.3915,17.0231,0.3684,17.9664,0.2565,0.2565,0.0000,NA,NA,NA
ExperienceX.exe,56308,0x216C7EA03E0,DXGI,1,0,0,Composed: Flip,7400.3802,NA,16.84120000000000,16.45540000000000,0.11920000000000,1.08010000000000,32.3596,7383.7574,16.7420,16.6228,0.1192,16.3036,1.3993,1.3993,0.0000,-1.2401,7383.7574,NA
ExperienceX.exe,56308,0x216C7EA03E0,DXGI,1,0,0,Composed: Flip,7416.5382,NA,16.15800000000000,NA,0.14450000000000,1.22340000000000,NA,7400.4994,16.1833,16.0388,0.1445,16.9558,0.3064,0.3008,0.0056,NA,NA,NA
ExperienceX.exe,56308,0x216C7EA03E0,DXGI,1,0,0,Composed: Flip,7433.9025,NA,17.36430000000000,NA,0.12500000000000,1.52020000000000,NA,7416.6827,17.3448,17.2198,0.1250,18.2229,0.5171,0.5171,0.0000,NA,NA,NA
ExperienceX.exe,56308,0x216C7EA03E0,DXGI,1,0,0,Composed: Flip,7449.8197,NA,15.91720000000000,NA,0.15810000000000,0.91670000000000,NA,7434.0275,15.9503,15.7922,0.1581,16.4640,0.2449,0.2449,0.0000,NA,NA,NA
ExperienceX.exe,56308,0x216C7EA03E0,DXGI,1,0,0,Composed: Flip,7467.1184,NA,17.29870000000000,66.66920000000000,0.11910000000000,1.99940000000000,32.2906,7449.9778,17.2597,17.1406,0.1191,18.7195,0.4205,0.4205,0.0000,-0.4488,7449.9778,NA
ExperienceX.exe,56308,0x216838E1150,DXGI,1,0,0,Composed: Flip,7434.0054,NA,17.46870000000000,66.64020000000001,0.07360000000000,0.64370000000000,32.0507,7416.6832,17.3958,17.3222,0.0736,16.7338,1.2321,1.2321,0.0000,0.2082,7416.6832,NA
ExperienceX.exe,56308,0x216838E1150,DXGI,1,0,0,Composed: Flip,7466.9438,NA,32.93840000000000,NA,0.45400000000000,1.49080000000000,NA,7434.0790,33.3188,32.8648,0.4540,32.5895,1.7661,1.5335,0.2326,NA,NA,NA
ExperienceX.exe,56308,0x216838E1150,DXGI,1,0,0,Composed: Flip,7483.0467,NA,16.10290000000000,NA,0.13390000000000,1.69070000000000,NA,7467.3978,15.7828,15.6489,0.1339,17.0902,0.2494,0.2430,0.0064,NA,NA,NA
ExperienceX.exe,56308,0x216C829D570,DXGI,1,0,0,Composed: Flip,7449.8201,NA,16.11430000000000,33.33010000000000,0.15760000000000,0.67140000000000,32.9713,7434.0742,15.9035,15.7459,0.1576,1.3485,15.0688,2.9157,12.1531,0.0410,7434.0742,NA
ExperienceX.exe,56308,0x216C829D570,DXGI,1,0,0,Composed: Flip,7466.5464,NA,16.72630000000000,NA,0.58540000000000,2.15090000000000,NA,7449.9777,17.1541,16.5687,0.5854,18.4569,0.2627,0.2627,0.0000,NA,NA,NA
ExperienceX.exe,56308,0x216C829D570,DXGI,1,0,0,Composed: Flip,7483.0639,NA,16.51750000000000,NA,0.23070000000000,1.42410000000000,NA,7467.1318,16.1628,15.9321,0.2307,17.1523,0.2039,0.2039,0.0000,NA,NA,NA
ExperienceX.exe,56308,0x216C829D570,DXGI,1,0,0,Composed: Flip,7500.4465,NA,17.38260000000000,NA,0.08610000000000,1.84670000000000,NA,7483.2946,17.2380,17.1519,0.0861,18.7501,0.2485,0.2485,0.0000,NA,NA,NA
ExperienceX.exe,56308,0x216838E1150,DXGI,1,0,0,Composed: Flip,7500.4618,NA,17.41510000000000,66.69340000000000,0.18510000000000,1.58290000000000,32.2877,7483.1806,17.4663,17.2812,0.1851,17.0605,1.8036,1.5187,0.2849,-0.1960,7483.1806,NA
ExperienceX.exe,56308,0x216838E1150,DXGI,1,0,0,Composed: Flip,7516.3998,NA,15.93800000000000,NA,0.11470000000000,1.42820000000000,NA,7500.6469,15.8676,15.7529,0.1147,16.9271,0.2540,0.2499,0.0041,NA,NA,NA
ExperienceX.exe,56308,0x216C829D570,DXGI,1,0,0,Composed: Flip,7516.4069,NA,15.96040000000000,66.62560000000001,0.13320000000000,1.16710000000000,33.0101,7500.5326,16.0075,15.8743,0.1332,16.8201,0.2213,0.2213,0.0000,-0.1672,7500.5326,NA
ExperienceX.exe,56308,0x216C829D570,DXGI,1,0,0,Composed: Flip,7533.7324,NA,17.32550000000000,NA,0.06550000000000,2.32140000000000,NA,7516.5401,17.2578,17.1923,0.0655,19.2789,0.2348,0.2348,0.0000,NA,NA,NA
ExperienceX.exe,56308,0x216838E1150,DXGI,1,0,0,Composed: Flip,7534.1514,NA,17.75160000000000,33.31820000000000,0.06730000000000,1.34300000000000,31.9163,7516.5145,17.7042,17.6369,0.0673,17.0285,1.9514,1.8038,0.1476,0.0157,7516.5145,NA
ExperienceX.exe,56308,0x216838E1150,DXGI,1,0,0,Composed: Flip,7549.7499,NA,15.59850000000000,NA,0.23150000000000,1.70290000000000,NA,7534.2187,15.7627,15.5312,0.2315,16.9470,0.2871,0.2825,0.0046,NA,NA,NA
ExperienceX.exe,56308,0x216C829D570,DXGI,1,0,0,Composed: Flip,7549.7498,NA,16.01740000000000,33.46860000000000,0.23900000000000,1.19750000000000,33.1358,7533.7979,16.1909,15.9519,0.2390,2.2559,14.8935,3.4270,11.4665,-0.2033,7533.7979,NA
ExperienceX.exe,56308,0x216C829D570,DXGI,1,0,0,Composed: Flip,7566.8966,NA,17.14680000000000,NA,0.09180000000000,1.75090000000000,NA,7549.9888,16.9996,16.9078,0.0918,18.3983,0.2604,0.2604,0.0000,NA,NA,NA
ExperienceX.exe,56308,0x216838E1150,DXGI,1,0,0,Composed: Flip,7566.8967,NA,17.14680000000000,33.36210000000000,0.09310000000000,1.24840000000000,32.5331,7549.9814,17.0084,16.9153,0.0931,16.7145,1.4492,1.4492,0.0000,0.1048,7549.9814,NA
ExperienceX.exe,56308,0x216838E1150,DXGI,1,0,0,Composed: Flip,7583.1426,NA,16.24590000000000,NA,0.14330000000000,1.19760000000000,NA,7566.9898,16.2961,16.1528,0.1433,17.0700,0.2804,0.2718,0.0086,NA,NA,NA
ExperienceX.exe,56308,0x216C829D570,DXGI,1,0,0,Composed: Flip,7583.1425,NA,16.24590000000000,33.18700000000000,0.14310000000000,0.64110000000000,32.9301,7566.9884,16.2972,16.1541,0.1431,1.6591,15.1361,3.1017,12.0344,0.0035,7566.9884,NA
ExperienceX.exe,56308,0x216C829D570,DXGI,1,0,0,Composed: Flip,7601.0551,NA,17.91260000000000,NA,0.06250000000000,1.95560000000000,NA,7583.2856,17.8320,17.7695,0.0625,19.4749,0.2502,0.2502,0.0000,NA,NA,NA
ExperienceX.exe,56308,0x0,Other,-1,0,0,Composed: Flip,6449.9563,NA,32.83790000000000,199.87730000000002,0.00000000000000,0.74130000000000,32.7979,6417.1184,32.8379,32.8379,0.0000,33.3216,0.2576,0.2515,0.0061,167.0866,6417.1184,NA
ExperienceX.exe,56308,0x0,Other,-1,0,0,Composed: Flip,6716.7840,NA,266.82769999999999,NA,0.00000000000000,0.89130000000000,NA,6449.9563,266.8277,266.8277,0.0000,267.4740,0.2450,0.2391,0.0059,NA,NA,NA
ExperienceX.exe,56308,0x0,Other,-1,0,0,Composed: Flip,6816.8130,NA,100.02900000000001,NA,0.00000000000000,0.28660000000000,NA,6716.7840,100.0290,100.0290,0.0000,86.4891,13.8265,2.0114,11.8151,NA,NA,NA
ExperienceX.exe,56308,0x0,Other,-1,0,0,Composed: Flip,6883.5395,NA,66.72650000000000,NA,0.00000000000000,0.92510000000000,NA,6816.8130,66.7265,66.7265,0.0000,67.4125,0.2391,0.2340,0.0051,NA,NA,NA
ExperienceX.exe,56308,0x0,Other,-1,0,0,Composed: Flip,7283.7623,NA,400.22280000000001,NA,0.00000000000000,0.35350000000000,NA,6883.5395,400.2228,400.2228,0.0000,385.9311,14.6452,3.1639,11.4813,NA,NA,NA
ExperienceX.exe,56308,0x0,Other,-1,0,0,Composed: Flip,7450.2906,NA,166.52830000000000,NA,0.00000000000000,0.72450000000000,NA,7283.7623,166.5283,166.5283,0.0000,166.9741,0.2787,0.2708,0.0079,NA,NA,NA
ExperienceX.exe,56308,0x0,Other,-1,0,0,Composed: Flip,7583.5925,NA,133.30190000000002,NA,0.00000000000000,0.46730000000000,NA,7450.2906,133.3019,133.3019,0.0000,133.4930,0.2762,0.2762,0.0000,NA,NA,NA
ExperienceX.exe,56308,0x216838E1150,DXGI,1,0,0,Composed: Flip,7600.6238,NA,17.48120000000000,33.28370000000000,0.34580000000000,1.60190000000000,32.0897,7583.2859,17.6837,17.3379,0.3458,16.9907,1.9491,1.6073,0.3418,0.0208,7583.2859,NA
ExperienceX.exe,56308,0x216838E1150,DXGI,1,0,0,Composed: Flip,7616.2727,NA,15.64890000000000,NA,0.11070000000000,0.64510000000000,NA,7600.9696,15.4138,15.3031,0.1107,2.0411,13.9071,2.7837,11.1234,NA,NA,NA
ExperienceX.exe,56308,0x216838E1150,DXGI,1,0,0,Composed: Flip,7634.5006,NA,18.22790000000000,NA,0.09490000000000,1.53160000000000,NA,7616.3834,18.2121,18.1172,0.0949,19.3949,0.2539,0.2539,0.0000,NA,NA,NA
ExperienceX.exe,56308,0x216C829D570,DXGI,1,0,0,Composed: Flip,7616.2730,NA,15.21790000000000,33.34100000000000,0.10990000000000,1.16420000000000,33.1406,7601.1176,15.2653,15.1554,0.1099,15.8002,0.5194,0.5194,0.0000,0.7882,7601.1176,NA
ExperienceX.exe,56308,0x216C829D570,DXGI,1,0,0,Composed: Flip,7649.6540,NA,33.38100000000000,NA,0.14230000000000,1.17170000000000,NA,7616.3829,33.4134,33.2711,0.1423,34.1540,0.2888,0.2821,0.0067,NA,NA,NA
ExperienceX.exe,56308,0x216838E1150,DXGI,1,0,0,Composed: Flip,7649.6531,NA,15.15250000000000,50.00340000000000,0.14360000000000,0.88380000000000,33.0638,7634.5955,15.2012,15.0576,0.1436,15.7123,0.2291,0.2291,0.0000,1.3062,7634.5955,NA
ExperienceX.exe,56308,0x216838E1150,DXGI,1,0,0,Composed: Flip,7666.8364,NA,17.18330000000000,NA,0.16180000000000,1.52590000000000,NA,7649.7967,17.2015,17.0397,0.1618,18.3176,0.2480,0.2480,0.0000,NA,NA,NA
ExperienceX.exe,56308,0x216838E1150,DXGI,1,0,0,Composed: Flip,7682.9428,NA,16.10640000000000,33.35190000000000,0.04860000000000,0.55820000000000,33.1260,7666.9982,15.9932,15.9446,0.0486,1.7905,14.7123,2.5113,12.2010,-0.9492,7666.9982,NA
ExperienceX.exe,56308,0x216838E1150,DXGI,1,0,0,Composed: Flip,7700.1328,NA,17.19000000000000,16.69290000000000,0.22760000000000,1.80470000000000,32.6289,7682.9914,17.3690,17.1414,0.2276,18.6775,0.2686,0.2686,0.0000,-0.6997,7682.9914,NA
ExperienceX.exe,56308,0x216C7EA03E0,DXGI,1,0,0,Composed: Flip,7483.0469,NA,15.92850000000000,16.71670000000000,0.13370000000000,1.23720000000000,33.0788,7467.2375,15.9431,15.8094,0.1337,1.8803,15.1663,3.4631,11.7032,0.5430,7467.2375,NA
ExperienceX.exe,56308,0x216C7EA03E0,DXGI,1,0,0,Composed: Flip,7500.4377,NA,17.39080000000000,NA,0.20950000000000,2.11600000000000,NA,7483.1806,17.4666,17.2571,0.2095,19.1126,0.2605,0.2605,0.0000,NA,NA,NA
ExperienceX.exe,56308,0x216C7EA03E0,DXGI,1,0,0,Composed: Flip,7516.4068,NA,15.96910000000000,NA,0.13330000000000,0.94590000000000,NA,7500.6472,15.8929,15.7596,0.1333,1.9065,14.7990,3.5275,11.2715,NA,NA,NA
ExperienceX.exe,56308,0x216C7EA03E0,DXGI,1,0,0,Composed: Flip,7534.2875,NA,17.88070000000000,NA,0.07590000000000,1.53150000000000,NA,7516.5401,17.8233,17.7474,0.0759,18.9543,0.3246,0.3246,0.0000,NA,NA,NA
ExperienceX.exe,56308,0x216C7EA03E0,DXGI,1,0,0,Composed: Flip,7549.7287,NA,15.44120000000000,NA,0.06220000000000,1.43700000000000,NA,7534.3634,15.4275,15.3653,0.0622,16.5839,0.2184,0.2184,0.0000,NA,NA,NA
ExperienceX.exe,56308,0x216C7EA03E0,DXGI,1,0,0,Composed: Flip,7567.1062,NA,17.37750000000000,NA,0.39000000000000,1.28090000000000,NA,7549.7909,17.7053,17.3153,0.3900,18.3542,0.2420,0.2420,0.0000,NA,NA,NA
ExperienceX.exe,56308,0x216C7EA03E0,DXGI,1,0,0,Composed: Flip,7600.5777,NA,33.47150000000000,NA,0.24900000000000,2.18280000000000,NA,7567.4962,33.3305,33.0815,0.2490,34.7295,0.5348,0.5348,0.0000,NA,NA,NA
ExperienceX.exe,56308,0x216C7EA03E0,DXGI,1,0,0,Composed: Flip,7616.2738,NA,15.69610000000000,NA,0.10910000000000,1.39890000000000,NA,7600.8267,15.5562,15.4471,0.1091,16.6105,0.2355,0.2242,0.0113,NA,NA,NA
ExperienceX.exe,56308,0x216C7EA03E0,DXGI,1,0,0,Composed: Flip,7633.2731,NA,16.99930000000000,NA,0.23230000000000,3.01060000000000,NA,7616.3829,17.1225,16.8902,0.2323,19.6493,0.2515,0.2515,0.0000,NA,NA,NA
ExperienceX.exe,56308,0x216C7EA03E0,DXGI,1,0,0,Composed: Flip,7649.6536,NA,16.38050000000000,NA,0.14310000000000,0.65420000000000,NA,7633.5054,16.2913,16.1482,0.1431,2.7783,14.0241,2.9994,11.0247,NA,NA,NA
ExperienceX.exe,56308,0x216C7EA03E0,DXGI,1,0,0,Composed: Flip,7667.1944,NA,17.54080000000000,NA,0.05750000000000,0.91990000000000,NA,7649.7967,17.4552,17.3977,0.0575,16.7865,1.5311,1.5311,0.0000,NA,NA,NA
ExperienceX.exe,56308,0x216C7EA03E0,DXGI,1,0,0,Composed: Flip,7682.9757,NA,15.78130000000000,NA,0.14750000000000,1.08020000000000,NA,7667.2519,15.8713,15.7238,0.1475,16.5221,0.2819,0.2774,0.0045,NA,NA,NA
ExperienceX.exe,56308,0x216C7EA03E0,DXGI,1,0,0,Composed: Flip,7699.8259,NA,16.85020000000000,NA,0.35020000000000,1.84300000000000,NA,7683.1232,17.0529,16.7027,0.3502,17.8484,0.6973,0.6973,0.0000,NA,NA,NA
ExperienceX.exe,56308,0x0,Other,-1,0,0,Composed: Flip,7634.8885,NA,51.29600000000000,1183.29530000000000,0.00000000000000,0.88980000000000,31.1610,7583.5925,51.2960,51.2960,0.0000,50.0378,2.1480,1.5911,0.5569,-16.8212,7583.5925,NA
ExperienceX.exe,56308,0x0,Other,-1,0,0,Composed: Flip,7716.8580,NA,81.96950000000001,NA,0.00000000000000,0.56370000000000,NA,7634.8885,81.9695,81.9695,0.0000,67.0490,15.4842,3.1942,12.2900,NA,NA,NA
ExperienceX.exe,56308,0x216C829D570,DXGI,1,0,0,Composed: Flip,7666.7643,NA,17.11030000000000,49.99080000000000,0.32500000000000,2.02440000000000,32.6401,7649.7963,17.2930,16.9680,0.3250,18.5660,0.4264,0.4264,0.0000,-1.3121,7649.7963,NA
ExperienceX.exe,56308,0x216C829D570,DXGI,1,0,0,Composed: Flip,7682.9758,NA,16.21150000000000,NA,0.14740000000000,0.79820000000000,NA,7667.0893,16.0339,15.8865,0.1474,16.4117,0.2730,0.2730,0.0000,NA,NA,NA
ExperienceX.exe,56308,0x216C829D570,DXGI,1,0,0,Composed: Flip,7699.8260,NA,16.85020000000000,NA,0.07770000000000,1.14560000000000,NA,7683.1232,16.7805,16.7028,0.0777,16.8357,1.0127,1.0127,0.0000,NA,NA,NA
ExperienceX.exe,56308,0x216C829D570,DXGI,1,0,0,Composed: Flip,7716.3889,NA,16.56290000000000,NA,0.16060000000000,1.26510000000000,NA,7699.9037,16.6458,16.4852,0.1606,17.5180,0.2323,0.2323,0.0000,NA,NA,NA
ExperienceX.exe,56308,0x216C829D570,DXGI,1,0,0,Composed: Flip,7734.1688,NA,17.77990000000000,NA,0.15020000000000,1.70250000000000,NA,7716.5495,17.7695,17.6193,0.1502,19.0450,0.2768,0.2768,0.0000,NA,NA,NA
ExperienceX.exe,56308,0x216C829D570,DXGI,1,0,0,Composed: Flip,7749.6268,NA,15.45800000000000,NA,0.13670000000000,1.43550000000000,NA,7734.3190,15.4445,15.3078,0.1367,16.4969,0.2464,0.2407,0.0057,NA,NA,NA
ExperienceX.exe,56308,0x216838E1150,DXGI,1,0,0,Composed: Flip,7716.3794,NA,16.24660000000000,16.62880000000000,0.16560000000000,1.53910000000000,33.0111,7700.3604,16.1846,16.0190,0.1656,17.2936,0.2645,0.2579,0.0066,0.7402,7700.3604,NA
ExperienceX.exe,56308,0x216838E1150,DXGI,1,0,0,Composed: Flip,7734.7264,NA,18.34700000000000,NA,0.07170000000000,0.86810000000000,NA,7716.5450,18.2531,18.1814,0.0717,17.0391,2.0104,1.8321,0.1783,NA,NA,NA
ExperienceX.exe,56308,0x216838E1150,DXGI,1,0,0,Composed: Flip,7768.0879,NA,33.36150000000000,NA,0.42830000000000,1.16020000000000,NA,7734.7981,33.7181,33.2898,0.4283,34.2646,0.1854,0.1854,0.0000,NA,NA,NA
ExperienceX.exe,56308,0x216C829D570,DXGI,1,0,0,Composed: Flip,7768.1024,NA,18.47560000000000,100.05400000000000,0.15550000000000,0.96030000000000,31.3560,7749.7635,18.4944,18.3389,0.1555,17.7180,1.5812,1.5812,0.0000,-0.0868,7749.7635,NA
ExperienceX.exe,56308,0x216C829D570,DXGI,1,0,0,Composed: Flip,7782.9554,NA,14.85300000000000,NA,0.12700000000000,1.26710000000000,NA,7768.2579,14.8245,14.6975,0.1270,15.8157,0.1489,0.1489,0.0000,NA,NA,NA
ExperienceX.exe,56308,0x0,Other,-1,0,0,Composed: Flip,7750.0251,NA,33.16710000000000,116.67860000000000,0.00000000000000,0.79080000000000,32.7030,7716.8580,33.1671,33.1671,0.0000,33.8141,0.1438,0.1438,0.0000,16.5869,7716.8580,NA
ExperienceX.exe,56308,0x216C7EA03E0,DXGI,1,0,0,Composed: Flip,7734.3783,NA,34.55240000000000,250.20470000000000,0.08350000000000,1.92330000000000,31.9521,7700.1761,34.2857,34.2022,0.0835,35.6952,0.4303,0.4303,0.0000,-17.2661,7700.1761,NA
ExperienceX.exe,56308,0x216C7EA03E0,DXGI,1,0,0,Composed: Flip,7749.6270,NA,15.24870000000000,NA,0.13640000000000,1.04510000000000,NA,7734.4618,15.3016,15.1652,0.1364,1.8398,14.3705,3.0981,11.2724,NA,NA,NA
ExperienceX.exe,56308,0x216C7EA03E0,DXGI,1,0,0,Composed: Flip,7768.2208,NA,18.59380000000000,NA,0.80260000000000,1.31880000000000,NA,7749.7634,19.2600,18.4574,0.8026,19.4847,0.2915,0.2915,0.0000,NA,NA,NA
ExperienceX.exe,56308,0x216C7EA03E0,DXGI,1,0,0,Composed: Flip,7782.9555,NA,14.73470000000000,NA,0.12700000000000,1.11810000000000,NA,7769.0234,14.0591,13.9321,0.1270,0.5162,14.5340,3.3455,11.1885,NA,NA,NA
ExperienceX.exe,56308,0x216C7EA03E0,DXGI,1,0,0,Composed: Flip,7800.5289,NA,17.57340000000000,NA,0.11330000000000,0.79270000000000,NA,7783.0825,17.5597,17.4464,0.1133,17.1407,1.0984,1.0984,0.0000,NA,NA,NA
ExperienceX.exe,56308,0x216C7EA03E0,DXGI,1,0,0,Composed: Flip,7816.3231,NA,15.79420000000000,NA,0.14740000000000,1.04850000000000,NA,7800.6422,15.8283,15.6809,0.1474,1.8439,14.8855,3.3364,11.5491,NA,NA,NA
ExperienceX.exe,56308,0x216C7EA03E0,DXGI,1,0,0,Composed: Flip,7833.6814,NA,17.35830000000000,99.72890000000001,0.05380000000000,0.92200000000000,32.3779,7816.4705,17.2647,17.2109,0.0538,16.8294,1.3035,1.3035,0.0000,16.5655,7816.4705,NA
ExperienceX.exe,56308,0x216C7EA03E0,DXGI,1,0,0,Composed: Flip,7849.6372,NA,15.95580000000000,16.69870000000000,0.12060000000000,1.31090000000000,33.1208,7833.7352,16.0226,15.9020,0.1206,16.8804,0.3325,0.3325,0.0000,0.5660,7833.7352,NA
ExperienceX.exe,56308,0x216C829D570,DXGI,1,0,0,Composed: Flip,7800.4582,NA,17.50280000000000,33.26420000000000,0.16260000000000,2.02790000000000,32.2644,7783.0824,17.5384,17.3758,0.1626,18.9559,0.4478,0.4478,0.0000,0.0547,7783.0824,NA
ExperienceX.exe,56308,0x216C829D570,DXGI,1,0,0,Composed: Flip,7816.3229,NA,15.86470000000000,NA,0.14750000000000,1.18820000000000,NA,7800.6208,15.8496,15.7021,0.1475,16.7508,0.1395,0.1395,0.0000,NA,NA,NA
ExperienceX.exe,56308,0x216C829D570,DXGI,1,0,0,Composed: Flip,7833.5141,NA,17.19120000000000,NA,0.09470000000000,1.87370000000000,NA,7816.4704,17.1384,17.0437,0.0947,18.3817,0.5357,0.5357,0.0000,NA,NA,NA
ExperienceX.exe,56308,0x216C829D570,DXGI,1,0,0,Composed: Flip,7849.6373,NA,16.12320000000000,NA,0.12060000000000,1.56400000000000,NA,7833.6088,16.1491,16.0285,0.1206,17.3393,0.2532,0.2458,0.0074,NA,NA,NA
ExperienceX.exe,56308,0x216C829D570,DXGI,1,0,0,Composed: Flip,7867.1940,NA,17.55670000000000,NA,0.05470000000000,1.79190000000000,NA,7849.7579,17.4908,17.4361,0.0547,18.9046,0.3234,0.3234,0.0000,NA,NA,NA
ExperienceX.exe,56308,0x216C7EA03E0,DXGI,1,0,0,Composed: Flip,7867.1057,NA,17.46850000000000,16.68970000000000,0.09150000000000,1.29500000000000,32.3420,7849.7578,17.4394,17.3479,0.0915,16.9395,1.7034,1.7034,0.0000,-0.6671,7849.7578,NA
ExperienceX.exe,56308,0x216C7EA03E0,DXGI,1,0,0,Composed: Flip,7883.0336,NA,15.92790000000000,NA,0.05710000000000,0.75760000000000,NA,7867.1972,15.8935,15.8364,0.0571,16.4745,0.1195,0.1195,0.0000,NA,NA,NA
ExperienceX.exe,56308,0x216838E1150,DXGI,1,0,0,Composed: Flip,7782.9551,NA,14.86720000000000,66.66750000000000,0.12700000000000,1.53130000000000,33.1029,7768.5162,14.5659,14.4389,0.1270,15.7063,0.2639,0.2586,0.0053,1.4883,7768.5162,NA
ExperienceX.exe,56308,0x216838E1150,DXGI,1,0,0,Composed: Flip,7800.4292,NA,17.47410000000000,NA,0.11630000000000,1.60910000000000,NA,7783.0821,17.4634,17.3471,0.1163,18.2395,0.7167,0.7167,0.0000,NA,NA,NA
ExperienceX.exe,56308,0x216838E1150,DXGI,1,0,0,Composed: Flip,7833.6115,NA,33.18230000000001,NA,0.29500000000000,1.24060000000000,NA,7800.5455,33.3610,33.0660,0.2950,34.0579,0.2487,0.2487,0.0000,NA,NA,NA
ExperienceX.exe,56308,0x216838E1150,DXGI,1,0,0,Composed: Flip,7867.1065,NA,33.49500000000000,NA,0.09060000000000,1.55600000000000,NA,7833.9065,33.2906,33.2000,0.0906,34.4942,0.2618,0.2618,0.0000,NA,NA,NA
ExperienceX.exe,56308,0x216838E1150,DXGI,1,0,0,Composed: Flip,7900.8836,NA,33.77710000000000,NA,0.18490000000000,1.20110000000000,NA,7867.1971,33.8714,33.6865,0.1849,34.6252,0.2624,0.2624,0.0000,NA,NA,NA
ExperienceX.exe,56308,0x216C829D570,DXGI,1,0,0,Composed: Flip,7883.0363,NA,15.84230000000000,83.33000000000000,0.05400000000000,1.21670000000000,33.0163,7867.2487,15.8416,15.7876,0.0540,16.5425,0.4618,0.4553,0.0065,0.8363,7867.2487,NA
ExperienceX.exe,56308,0x216C829D570,DXGI,1,0,0,Composed: Flip,7900.1950,NA,17.15870000000000,NA,0.87230000000000,2.46910000000000,NA,7883.0903,17.9770,17.1047,0.8723,18.9944,0.5794,0.5794,0.0000,NA,NA,NA
ExperienceX.exe,56308,0x216C829D570,DXGI,1,0,0,Composed: Flip,7916.3829,NA,16.18790000000000,NA,0.12290000000000,0.92910000000000,NA,7901.0673,15.4385,15.3156,0.1229,15.9605,0.2842,0.2788,0.0054,NA,NA,NA
ExperienceX.exe,56308,0x216C829D570,DXGI,1,0,0,Composed: Flip,7933.2616,NA,16.87870000000000,50.26960000000000,0.11970000000000,1.86840000000000,33.0606,7916.5058,16.8755,16.7558,0.1197,16.9399,1.6843,1.6843,0.0000,-1.0125,7916.5058,NA
ExperienceX.exe,56308,0x216C829D570,DXGI,1,0,0,Composed: Flip,7950.1699,NA,16.90830000000000,16.50690000000000,0.13980000000000,1.58450000000000,32.6592,7933.3813,16.9284,16.7886,0.1398,18.1676,0.2055,0.1987,0.0068,0.3686,7933.3813,NA
ExperienceX.exe,56308,0x216C829D570,DXGI,1,0,0,Composed: Flip,7967.8443,NA,17.67440000000000,16.55760000000000,0.50050000000000,1.30110000000000,31.5424,7950.3097,18.0351,17.5346,0.5005,17.0832,1.7525,1.7525,0.0000,0.3708,7950.3097,NA
ExperienceX.exe,56308,0x216C829D570,DXGI,1,0,0,Composed: Flip,7983.1449,NA,15.30060000000000,16.70420000000000,0.19200000000000,1.71900000000000,32.9460,7968.3448,14.9921,14.8001,0.1920,15.8573,0.6618,0.6536,0.0082,1.3309,7968.3448,NA
ExperienceX.exe,56308,0x216838E1150,DXGI,1,0,0,Composed: Flip,7916.3488,NA,15.46520000000000,133.54270000000000,0.05150000000000,0.43280000000000,33.2519,7901.0685,15.3318,15.2803,0.0515,1.5956,14.1175,3.1011,11.0164,-0.9904,7901.0685,NA
ExperienceX.exe,56308,0x216838E1150,DXGI,1,0,0,Composed: Flip,7933.2589,NA,16.91010000000000,NA,0.47940000000000,2.44150000000000,NA,7916.4003,17.3380,16.8586,0.4794,19.0396,0.2605,0.2605,0.0000,NA,NA,NA
ExperienceX.exe,56308,0x216838E1150,DXGI,1,0,0,Composed: Flip,7950.1691,NA,16.91020000000000,NA,0.14010000000000,1.16440000000000,NA,7933.7383,16.5709,16.4308,0.1401,1.9621,15.6331,3.0469,12.5862,NA,NA,NA
ExperienceX.exe,56308,0x216838E1150,DXGI,1,0,0,Composed: Flip,7968.0529,NA,17.88380000000000,NA,0.29000000000000,1.87240000000000,NA,7950.3092,18.0337,17.7437,0.2900,19.0942,0.5219,0.5219,0.0000,NA,NA,NA
ExperienceX.exe,56308,0x216838E1150,DXGI,1,0,0,Composed: Flip,7983.1414,NA,15.08850000000000,NA,0.19590000000000,1.72660000000000,NA,7968.3429,14.9944,14.7985,0.1959,16.5224,0.0027,0.0027,0.0000,NA,NA,NA
ExperienceX.exe,56308,0x216838E1150,DXGI,1,0,0,Composed: Flip,7999.9052,NA,16.76380000000000,NA,0.55530000000000,3.37300000000000,NA,7983.3373,17.1232,16.5679,0.5553,18.6989,1.2420,1.2420,0.0000,NA,NA,NA
ExperienceX.exe,56308,0x216838E1150,DXGI,1,0,0,Composed: Flip,8016.3373,NA,16.43210000000000,99.80480000000000,0.15550000000000,1.66030000000000,33.0682,8000.4605,16.0323,15.8768,0.1555,17.0693,0.4678,0.4599,0.0079,-0.4128,8000.4605,NA
ExperienceX.exe,56308,0x216C7EA03E0,DXGI,1,0,0,Composed: Flip,7900.1936,NA,17.16000000000000,33.27140000000000,0.87340000000000,1.62870000000000,32.5255,7883.0907,17.9763,17.1029,0.8734,17.4352,1.2964,1.2964,0.0000,0.0615,7883.0907,NA
ExperienceX.exe,56308,0x216C7EA03E0,DXGI,1,0,0,Composed: Flip,7916.3834,NA,16.18980000000000,NA,0.12240000000000,0.64440000000000,NA,7901.0670,15.4388,15.3164,0.1224,15.7146,0.2462,0.2462,0.0000,NA,NA,NA
ExperienceX.exe,56308,0x216C7EA03E0,DXGI,1,0,0,Composed: Flip,7933.8824,NA,17.49900000000000,NA,0.06200000000000,1.55750000000000,NA,7916.5058,17.4386,17.3766,0.0620,18.6242,0.3099,0.3099,0.0000,NA,NA,NA
ExperienceX.exe,56308,0x216C7EA03E0,DXGI,1,0,0,Composed: Flip,7950.2165,NA,16.33410000000000,NA,0.28840000000000,1.33240000000000,NA,7933.9444,16.5605,16.2721,0.2884,17.3891,0.2154,0.2154,0.0000,NA,NA,NA
ExperienceX.exe,56308,0x216C7EA03E0,DXGI,1,0,0,Composed: Flip,7968.1177,NA,17.90120000000000,NA,0.11620000000000,1.28570000000000,NA,7950.5049,17.7290,17.6128,0.1162,18.6405,0.2580,0.2580,0.0000,NA,NA,NA
ExperienceX.exe,56308,0x216C7EA03E0,DXGI,1,0,0,Composed: Flip,7983.1451,NA,15.02740000000000,NA,0.19180000000000,1.05700000000000,NA,7968.2339,15.1030,14.9112,0.1918,1.6914,14.2768,3.5068,10.7700,NA,NA,NA
ExperienceX.exe,56308,0x216C7EA03E0,DXGI,1,0,0,Composed: Flip,8000.5319,NA,17.38680000000000,NA,0.06850000000000,1.50430000000000,NA,7983.3369,17.2635,17.1950,0.0685,18.3841,0.3152,0.3152,0.0000,NA,NA,NA
ExperienceX.exe,56308,0x216C7EA03E0,DXGI,1,0,0,Composed: Flip,8016.3177,NA,15.78580000000000,NA,0.17530000000000,1.21210000000000,NA,8000.6004,15.8926,15.7173,0.1753,16.8608,0.0686,0.0686,0.0000,NA,NA,NA
ExperienceX.exe,56308,0x216C7EA03E0,DXGI,1,0,0,Composed: Flip,8033.5689,NA,17.25120000000000,NA,0.80480000000000,2.21470000000000,NA,8016.4930,17.8807,17.0759,0.8048,19.0319,0.2587,0.2587,0.0000,NA,NA,NA
ExperienceX.exe,56308,0x216838E1150,DXGI,1,0,0,Composed: Flip,8034.4214,NA,18.08410000000000,16.68240000000000,0.45270000000000,1.10350000000000,31.6665,8016.4928,18.3813,17.9286,0.4527,17.5083,1.5238,1.5238,0.0000,-0.6501,8016.4928,NA
ExperienceX.exe,56308,0x216838E1150,DXGI,1,0,0,Composed: Flip,8049.6690,NA,15.24760000000000,NA,0.15140000000000,0.66530000000000,NA,8034.8741,14.9463,14.7949,0.1514,1.1717,14.2885,3.1851,11.1034,NA,NA,NA
ExperienceX.exe,56308,0x216C829D570,DXGI,1,0,0,Composed: Flip,7999.9057,NA,16.76080000000000,16.62390000000000,0.55740000000000,1.81530000000000,32.8091,7983.3369,17.1262,16.5688,0.5574,16.7147,1.6694,1.6190,0.0504,-1.6318,7983.3369,NA
ExperienceX.exe,56308,0x216C829D570,DXGI,1,0,0,Composed: Flip,8016.3185,NA,16.41280000000000,NA,0.17440000000000,1.14270000000000,NA,8000.4631,16.0298,15.8554,0.1744,2.8151,14.1830,2.5199,11.6631,NA,NA,NA
ExperienceX.exe,56308,0x216C829D570,DXGI,1,0,0,Composed: Flip,8034.3838,NA,18.06530000000000,NA,0.32210000000000,1.66200000000000,NA,8016.4929,18.2130,17.8909,0.3221,19.2907,0.2622,0.2622,0.0000,NA,NA,NA
ExperienceX.exe,56308,0x216C829D570,DXGI,1,0,0,Composed: Flip,8049.6590,NA,15.27520000000000,NA,0.16220000000000,0.95490000000000,NA,8034.7059,15.1153,14.9531,0.1622,15.6284,0.2796,0.2796,0.0000,NA,NA,NA
ExperienceX.exe,56308,0x216C829D570,DXGI,1,0,0,Composed: Flip,8067.1215,NA,17.46250000000000,NA,0.10440000000000,1.90320000000000,NA,8049.8212,17.4047,17.3003,0.1044,18.9205,0.2830,0.2830,0.0000,NA,NA,NA
ExperienceX.exe,56308,0x216C7EA03E0,DXGI,1,0,0,Composed: Flip,8049.6692,NA,16.10030000000000,150.05900000000000,0.15120000000000,1.24180000000000,33.1089,8034.3737,15.4467,15.2955,0.1512,16.2402,0.2971,0.2879,0.0092,1.2240,8034.3737,NA
ExperienceX.exe,56308,0x216C7EA03E0,DXGI,1,0,0,Composed: Flip,8066.9293,NA,17.26010000000000,NA,0.36870000000000,1.81240000000000,NA,8049.8204,17.4776,17.1089,0.3687,18.6095,0.3118,0.3118,0.0000,NA,NA,NA
ExperienceX.exe,56308,0x216C7EA03E0,DXGI,1,0,0,Composed: Flip,8083.0337,NA,16.10440000000000,NA,0.08750000000000,1.71340000000000,NA,8067.2980,15.8232,15.7357,0.0875,17.1805,0.2686,0.2636,0.0050,NA,NA,NA
ExperienceX.exe,56308,0x216C829D570,DXGI,1,0,0,Composed: Flip,8083.0342,NA,15.91270000000000,83.44560000000000,0.08690000000000,1.14250000000000,33.1262,8067.2259,15.8952,15.8083,0.0869,1.7988,15.1520,2.9808,12.1712,0.4434,8067.2259,NA
ExperienceX.exe,56308,0x216C829D570,DXGI,1,0,0,Composed: Flip,8100.6866,NA,17.65240000000000,NA,0.11750000000000,0.53020000000000,NA,8083.1211,17.6830,17.5655,0.1175,17.0534,1.0423,1.0423,0.0000,NA,NA,NA
ExperienceX.exe,56308,0x216C829D570,DXGI,1,0,0,Composed: Flip,8116.5049,NA,15.81830000000000,33.25710000000000,0.12880000000000,1.70860000000000,32.9126,8100.8041,15.8296,15.7008,0.1288,17.1456,0.2638,0.2591,0.0047,0.3211,8100.8041,NA
ExperienceX.exe,56308,0x216838E1150,DXGI,1,0,0,Composed: Flip,8067.1385,NA,17.46950000000000,33.36200000000000,0.16660000000000,1.29140000000000,32.3114,8049.8204,17.4847,17.3181,0.1666,16.8978,1.7117,1.7117,0.0000,-0.0344,8049.8204,NA
ExperienceX.exe,56308,0x216838E1150,DXGI,1,0,0,Composed: Flip,8083.0341,NA,15.89560000000000,NA,0.08700000000000,1.44440000000000,NA,8067.3051,15.8160,15.7290,0.0870,16.8716,0.3018,0.3018,0.0000,NA,NA,NA
ExperienceX.exe,56308,0x216838E1150,DXGI,1,0,0,Composed: Flip,8100.7463,NA,17.71220000000000,NA,0.06750000000000,1.23960000000000,NA,8083.1211,17.6927,17.6252,0.0675,18.0957,0.7691,0.7691,0.0000,NA,NA,NA
ExperienceX.exe,56308,0x216838E1150,DXGI,1,0,0,Composed: Flip,8116.5055,NA,15.75920000000000,NA,0.12790000000000,0.99660000000000,NA,8100.8138,15.8196,15.6917,0.1279,1.4039,15.2844,3.1763,12.1081,NA,NA,NA
ExperienceX.exe,56308,0x216838E1150,DXGI,1,0,0,Composed: Flip,8135.1403,NA,18.63480000000000,NA,0.24850000000000,0.71100000000000,NA,8116.6334,18.7554,18.5069,0.2485,18.9551,0.2628,0.2628,0.0000,NA,NA,NA
ExperienceX.exe,56308,0x216C829D570,DXGI,1,0,0,Composed: Flip,8135.1467,NA,18.64180000000000,16.74700000000000,0.05730000000000,1.15870000000000,31.0178,8116.6337,18.5703,18.5130,0.0573,19.2176,0.4541,0.4541,0.0000,-0.9174,8116.6337,NA
ExperienceX.exe,56308,0x216C829D570,DXGI,1,0,0,Composed: Flip,8149.6397,NA,14.49300000000000,NA,0.13610000000000,0.92460000000000,NA,8135.2040,14.5718,14.4357,0.1361,15.0921,0.2682,0.2682,0.0000,NA,NA,NA
ExperienceX.exe,56308,0x216C7EA03E0,DXGI,1,0,0,Composed: Flip,8100.4644,NA,17.43070000000000,50.05320000000000,0.33950000000000,1.75330000000000,32.3669,8083.1212,17.6827,17.3432,0.3395,18.8647,0.2318,0.2318,0.0000,-1.3057,8083.1212,NA
ExperienceX.exe,56308,0x216C7EA03E0,DXGI,1,0,0,Composed: Flip,8116.5048,NA,16.04040000000000,NA,0.12890000000000,1.44490000000000,NA,8100.8039,15.8298,15.7009,0.1289,16.8232,0.3226,0.3226,0.0000,NA,NA,NA
ExperienceX.exe,56308,0x216C7EA03E0,DXGI,1,0,0,Composed: Flip,8134.8986,NA,18.39380000000000,NA,0.15750000000000,0.68990000000000,NA,8116.6337,18.4224,18.2649,0.1575,17.2617,1.6931,1.6931,0.0000,NA,NA,NA
ExperienceX.exe,56308,0x216C7EA03E0,DXGI,1,0,0,Composed: Flip,8149.6398,NA,14.74120000000000,NA,0.13590000000000,0.65630000000000,NA,8135.0561,14.7196,14.5837,0.1359,1.2493,13.9907,2.6960,11.2947,NA,NA,NA
ExperienceX.exe,56308,0x216C7EA03E0,DXGI,1,0,0,Composed: Flip,8167.9020,NA,18.26220000000000,NA,0.42550000000000,1.18140000000000,NA,8149.7757,18.5518,18.1263,0.4255,19.0447,0.2630,0.2630,0.0000,NA,NA,NA
ExperienceX.exe,56308,0x216838E1150,DXGI,1,0,0,Composed: Flip,8149.6436,NA,14.50330000000000,83.26670000000000,0.13130000000000,1.21750000000000,33.0730,8135.3888,14.3861,14.2548,0.1313,15.1755,0.2968,0.2894,0.0074,2.3017,8135.3888,NA
ExperienceX.exe,56308,0x216838E1150,DXGI,1,0,0,Composed: Flip,8167.9918,NA,18.34820000000000,NA,0.07510000000000,1.41320000000000,NA,8149.7749,18.2920,18.2169,0.0751,19.3085,0.3216,0.3216,0.0000,NA,NA,NA
ExperienceX.exe,56308,0x216838E1150,DXGI,1,0,0,Composed: Flip,8182.9143,NA,14.92250000000000,NA,0.10560000000000,1.40450000000000,NA,8168.0669,14.9530,14.8474,0.1056,15.9597,0.2922,0.2871,0.0051,NA,NA,NA
ExperienceX.exe,56308,0x216C829D570,DXGI,1,0,0,Composed: Flip,8168.2003,NA,18.56060000000000,33.41670000000000,0.08500000000000,0.62010000000000,31.3809,8149.7758,18.5095,18.4245,0.0850,17.4139,1.6307,1.6307,0.0000,-0.2746,8149.7758,NA
ExperienceX.exe,56308,0x216C829D570,DXGI,1,0,0,Composed: Flip,8200.9416,NA,32.74130000000000,NA,0.06310000000000,1.88110000000000,NA,8168.2853,32.7194,32.6563,0.0631,33.8854,0.6520,0.6520,0.0000,NA,NA,NA
ExperienceX.exe,56308,0x216C7EA03E0,DXGI,1,0,0,Composed: Flip,8182.9105,NA,15.00850000000000,83.31110000000001,0.10930000000000,0.92430000000000,33.2319,8168.3275,14.6923,14.5830,0.1093,1.0775,14.4298,3.0328,11.3970,1.8952,8168.3275,NA
ExperienceX.exe,56308,0x216C7EA03E0,DXGI,1,0,0,Composed: Flip,8200.8244,NA,17.91390000000000,NA,0.06110000000000,1.34630000000000,NA,8183.0198,17.8657,17.8046,0.0611,18.8372,0.3137,0.3137,0.0000,NA,NA,NA
ExperienceX.exe,56308,0x216C7EA03E0,DXGI,1,0,0,Composed: Flip,8216.4326,NA,15.60820000000000,NA,0.15540000000000,1.35670000000000,NA,8200.8855,15.7025,15.5471,0.1554,16.6696,0.2342,0.2342,0.0000,NA,NA,NA
ExperienceX.exe,56308,0x216838E1150,DXGI,1,0,0,Composed: Flip,8200.5589,NA,17.64460000000000,50.00260000000000,0.19300000000000,1.29810000000000,32.1603,8183.0199,17.7320,17.5390,0.1930,17.2904,1.5467,1.5467,0.0000,-2.3715,8183.0199,NA
ExperienceX.exe,56308,0x216838E1150,DXGI,1,0,0,Composed: Flip,8216.4324,NA,15.87350000000000,NA,0.15890000000000,1.12270000000000,NA,8200.7519,15.8394,15.6805,0.1589,2.0708,14.7324,2.6751,12.0573,NA,NA,NA
ExperienceX.exe,56308,0x216838E1150,DXGI,1,0,0,Composed: Flip,8233.7060,NA,17.27360000000000,NA,0.12180000000000,1.64310000000000,NA,8216.5913,17.2365,17.1147,0.1218,18.4695,0.2883,0.2883,0.0000,NA,NA,NA
ExperienceX.exe,56308,0x216838E1150,DXGI,1,0,0,Composed: Flip,8249.6922,NA,15.98620000000000,50.11760000000000,0.06810000000000,0.44450000000000,33.1446,8233.8278,15.9325,15.8644,0.0681,2.0836,14.2253,2.7031,11.5222,0.6903,8233.8278,NA
ExperienceX.exe,56308,0x216838E1150,DXGI,1,0,0,Composed: Flip,8267.7500,NA,18.05780000000000,16.55930000000000,0.03970000000000,1.33040000000000,31.6461,8249.7603,18.0294,17.9897,0.0397,17.5204,1.7997,1.7997,0.0000,-0.6268,8249.7603,NA
ExperienceX.exe,56308,0x216C829D570,DXGI,1,0,0,Composed: Flip,8216.4325,NA,15.49090000000000,49.90730000000000,0.15540000000000,1.61860000000000,33.0560,8201.0047,15.5832,15.4278,0.1554,16.7846,0.2618,0.2563,0.0055,1.3216,8201.0047,NA
ExperienceX.exe,56308,0x216C829D570,DXGI,1,0,0,Composed: Flip,8234.0549,NA,17.62240000000000,NA,0.09860000000000,1.85650000000000,NA,8216.5879,17.5656,17.4670,0.0986,18.7612,0.5623,0.5623,0.0000,NA,NA,NA
ExperienceX.exe,56308,0x216C829D570,DXGI,1,0,0,Composed: Flip,8249.7174,NA,15.66250000000000,NA,0.13650000000000,0.67840000000000,NA,8234.1535,15.7004,15.5639,0.1365,15.9832,0.2591,0.2591,0.0000,NA,NA,NA
ExperienceX.exe,56308,0x216C829D570,DXGI,1,0,0,Composed: Flip,8267.5990,NA,17.88160000000000,NA,0.05650000000000,2.01060000000000,NA,8249.8539,17.8016,17.7451,0.0565,19.4955,0.2602,0.2602,0.0000,NA,NA,NA
ExperienceX.exe,56308,0x216C829D570,DXGI,1,0,0,Composed: Flip,8283.2005,NA,15.60150000000000,NA,0.22170000000000,1.19150000000000,NA,8267.6555,15.7667,15.5450,0.2217,16.4689,0.2676,0.2676,0.0000,NA,NA,NA
ExperienceX.exe,56308,0x216838E1150,DXGI,1,0,0,Composed: Flip,8283.2034,NA,15.45340000000000,17.14810000000000,0.22010000000000,1.63990000000000,33.3408,8267.7897,15.6338,15.4137,0.2201,16.6023,0.4513,0.4421,0.0092,0.8813,8267.7897,NA
ExperienceX.exe,56308,0x216838E1150,DXGI,1,0,0,Composed: Flip,8300.8040,NA,17.60060000000000,NA,0.05930000000000,1.27080000000000,NA,8283.4235,17.4398,17.3805,0.0593,17.8712,0.7801,0.7801,0.0000,NA,NA,NA
ExperienceX.exe,56308,0x216C829D570,DXGI,1,0,0,Composed: Flip,8300.8046,NA,17.60410000000000,83.23560000000001,0.05920000000000,1.49790000000000,31.9195,8283.4222,17.4416,17.3824,0.0592,18.6526,0.2277,0.2277,0.0000,-0.8181,8283.4222,NA
ExperienceX.exe,56308,0x216C829D570,DXGI,1,0,0,Composed: Flip,8316.9442,NA,16.13960000000000,NA,0.44040000000000,1.19630000000000,NA,8300.8638,16.5208,16.0804,0.4404,16.7131,0.5636,0.5541,0.0095,NA,NA,NA
ExperienceX.exe,56308,0x216838E1150,DXGI,1,0,0,Composed: Flip,8316.8022,NA,15.99820000000000,32.91510000000000,0.07350000000000,0.77470000000000,32.6571,8300.8633,16.0124,15.9389,0.0735,16.6399,0.0737,0.0737,0.0000,0.1585,8300.8633,NA
ExperienceX.exe,56308,0x216838E1150,DXGI,1,0,0,Composed: Flip,8333.7435,NA,16.94130000000000,NA,0.05530000000000,2.16900000000000,NA,8316.8757,16.9231,16.8678,0.0553,18.4796,0.5572,0.5572,0.0000,NA,NA,NA
ExperienceX.exe,56308,0x216C7EA03E0,DXGI,1,0,0,Composed: Flip,8233.6361,NA,17.20350000000000,49.95680000000000,0.28530000000000,1.42470000000000,32.4631,8216.5880,17.3334,17.0481,0.2853,16.8613,1.6115,1.4053,0.2062,-1.6963,8216.5880,NA
ExperienceX.exe,56308,0x216C7EA03E0,DXGI,1,0,0,Composed: Flip,8249.7175,NA,16.08140000000000,NA,0.13650000000000,0.97150000000000,NA,8233.9214,15.9326,15.7961,0.1365,16.4744,0.2932,0.2867,0.0065,NA,NA,NA
ExperienceX.exe,56308,0x216C7EA03E0,DXGI,1,0,0,Composed: Flip,8267.1286,NA,17.41110000000000,NA,0.19650000000000,2.22080000000000,NA,8249.8540,17.4711,17.2746,0.1965,19.2264,0.2690,0.2690,0.0000,NA,NA,NA
ExperienceX.exe,56308,0x216C7EA03E0,DXGI,1,0,0,Composed: Flip,8283.2031,NA,16.07450000000000,NA,0.22040000000000,0.92130000000000,NA,8267.3251,16.0984,15.8780,0.2204,2.2845,14.5148,2.7407,11.7741,NA,NA,NA
ExperienceX.exe,56308,0x216C7EA03E0,DXGI,1,0,0,Composed: Flip,8299.9452,NA,16.74210000000000,NA,0.11360000000000,1.34950000000000,NA,8283.4235,16.6353,16.5217,0.1136,16.7016,1.1696,1.1452,0.0244,NA,NA,NA
ExperienceX.exe,56308,0x216C7EA03E0,DXGI,1,0,0,Composed: Flip,8316.7807,NA,16.83550000000000,NA,0.04600000000000,0.72250000000000,NA,8300.0588,16.7679,16.7219,0.0460,2.2437,15.2007,3.0205,12.1802,NA,NA,NA
ExperienceX.exe,56308,0x216C7EA03E0,DXGI,1,0,0,Composed: Flip,8333.9921,NA,17.21140000000000,NA,0.15950000000000,1.36320000000000,NA,8316.8267,17.3249,17.1654,0.1595,18.2415,0.2871,0.2871,0.0000,NA,NA,NA
ExperienceX.exe,56308,0x216C7EA03E0,DXGI,1,0,0,Composed: Flip,8349.7843,NA,15.79220000000000,NA,0.14500000000000,1.17840000000000,NA,8334.1516,15.7777,15.6327,0.1450,16.5143,0.2968,0.2902,0.0066,NA,NA,NA
ExperienceX.exe,56308,0x216C7EA03E0,DXGI,1,0,0,Composed: Flip,8367.2845,NA,17.50020000000000,133.29830000000001,0.55850000000000,2.17540000000000,32.1130,8349.9293,17.9137,17.3552,0.5585,19.2637,0.2669,0.2669,0.0000,0.0430,8349.9293,NA
ExperienceX.exe,56308,0x216838E1150,DXGI,1,0,0,Composed: Flip,8349.7311,NA,15.98760000000000,33.78390000000000,0.06640000000000,0.61600000000000,33.5121,8333.7988,15.9987,15.9323,0.0664,2.1137,14.4346,2.7328,11.7018,-0.8484,8333.7988,NA
ExperienceX.exe,56308,0x216838E1150,DXGI,1,0,0,Composed: Flip,8367.4189,NA,17.68780000000000,NA,0.22300000000000,1.49270000000000,NA,8349.7975,17.8444,17.6214,0.2230,17.1346,1.9795,1.9795,0.0000,NA,NA,NA
ExperienceX.exe,56308,0x216838E1150,DXGI,1,0,0,Composed: Flip,8383.9881,NA,16.56920000000000,NA,0.39050000000000,2.04170000000000,NA,8367.6419,16.7367,16.3462,0.3905,18.3797,0.0082,0.0082,0.0000,NA,NA,NA
ExperienceX.exe,56308,0x216C829D570,DXGI,1,0,0,Composed: Flip,8333.7189,NA,16.77470000000000,33.40040000000000,0.07120000000000,1.34930000000000,32.4056,8317.3846,16.4055,16.3343,0.0712,16.0538,1.6298,1.5737,0.0561,0.5620,8317.3846,NA
ExperienceX.exe,56308,0x216C829D570,DXGI,1,0,0,Composed: Flip,8349.7844,NA,16.06550000000000,NA,0.14480000000000,0.88150000000000,NA,8333.7901,16.1391,15.9943,0.1448,16.5570,0.3188,0.3188,0.0000,NA,NA,NA
ExperienceX.exe,56308,0x216C829D570,DXGI,1,0,0,Composed: Flip,8367.3585,NA,17.57410000000000,NA,0.28490000000000,1.83450000000000,NA,8349.9292,17.7142,17.4293,0.2849,18.9824,0.2814,0.2814,0.0000,NA,NA,NA
ExperienceX.exe,56308,0x216C829D570,DXGI,1,0,0,Composed: Flip,8399.9612,NA,32.60270000000000,NA,0.53650000000000,2.58660000000000,NA,8367.6434,32.8543,32.3178,0.5365,34.3267,0.5777,0.5777,0.0000,NA,NA,NA
ExperienceX.exe,56308,0x216838E1150,DXGI,1,0,0,Composed: Flip,8400.3744,NA,16.38630000000000,49.55390000000001,0.24990000000000,1.35660000000000,32.4227,8384.3786,16.2457,15.9958,0.2499,15.7297,1.6227,1.6227,0.0000,1.0259,8384.3786,NA
ExperienceX.exe,56308,0x216838E1150,DXGI,1,0,0,Composed: Flip,8433.6874,NA,33.31300000000000,33.26370000000000,0.43520000000000,1.16960000000000,32.3734,8400.6243,33.4983,33.0631,0.4352,32.8618,1.3709,1.3709,0.0000,-17.0180,8400.6243,NA
ExperienceX.exe,56308,0x216838E1150,DXGI,1,0,0,Composed: Flip,8449.6328,NA,15.94540000000000,16.67980000000000,0.13500000000000,1.33100000000000,33.1078,8434.1226,15.6452,15.5102,0.1350,1.5716,15.2696,3.2082,12.0614,16.8185,8434.1226,NA
ExperienceX.exe,56308,0x216C7EA03E0,DXGI,1,0,0,Composed: Flip,8383.9874,NA,16.70290000000000,16.79960000000000,0.28610000000000,2.01800000000000,32.2097,8367.8430,16.4305,16.1444,0.2861,1.6169,16.5455,4.2815,12.2640,1.1141,8367.8430,NA
ExperienceX.exe,56308,0x216C7EA03E0,DXGI,1,0,0,Composed: Flip,8400.3588,NA,16.37140000000000,NA,0.13250000000000,1.61130000000000,NA,8384.2735,16.2178,16.0853,0.1325,17.4575,0.2391,0.2391,0.0000,NA,NA,NA
ExperienceX.exe,56308,0x216C7EA03E0,DXGI,1,0,0,Composed: Flip,8416.4702,NA,16.11140000000000,NA,0.18690000000000,1.34960000000000,NA,8400.4913,16.1658,15.9789,0.1869,2.0565,15.2720,3.3163,11.9557,NA,NA,NA
ExperienceX.exe,56308,0x216C7EA03E0,DXGI,1,0,0,Composed: Flip,8434.0364,NA,17.56620000000000,NA,0.10500000000000,1.07770000000000,NA,8416.6571,17.4843,17.3793,0.1050,18.1999,0.2571,0.2571,0.0000,NA,NA,NA
ExperienceX.exe,56308,0x216C7EA03E0,DXGI,1,0,0,Composed: Flip,8449.6329,NA,15.59650000000000,NA,0.13470000000000,1.85040000000000,NA,8434.1414,15.6262,15.4915,0.1347,17.0587,0.2832,0.2724,0.0108,NA,NA,NA
ExperienceX.exe,56308,0x216C7EA03E0,DXGI,1,0,0,Composed: Flip,8466.8962,NA,17.26330000000000,NA,0.49820000000000,2.47980000000000,NA,8449.7676,17.6268,17.1286,0.4982,19.0568,0.5516,0.5516,0.0000,NA,NA,NA
ExperienceX.exe,56308,0x216838E1150,DXGI,1,0,0,Composed: Flip,8467.1172,NA,17.48440000000000,16.73730000000000,0.07100000000000,1.34000000000000,32.3607,8449.7678,17.4204,17.3494,0.0710,16.8850,1.8044,1.6173,0.1871,-1.0921,8449.7678,NA
ExperienceX.exe,56308,0x216838E1150,DXGI,1,0,0,Composed: Flip,8482.9998,NA,15.88260000000000,NA,0.14390000000000,1.45350000000000,NA,8467.1882,15.9555,15.8116,0.1439,17.2565,0.0086,0.0086,0.0000,NA,NA,NA
ExperienceX.exe,56308,0x216C829D570,DXGI,1,0,0,Composed: Flip,8416.4699,NA,16.50870000000000,83.28310000000000,0.18730000000000,1.53610000000000,32.9377,8400.4977,16.1595,15.9722,0.1873,17.3221,0.1862,0.1862,0.0000,-0.1700,8400.4977,NA
ExperienceX.exe,56308,0x216C829D570,DXGI,1,0,0,Composed: Flip,8434.0643,NA,17.59440000000000,NA,0.07720000000000,1.62990000000000,NA,8416.6572,17.4843,17.4071,0.0772,18.4569,0.5801,0.5801,0.0000,NA,NA,NA
ExperienceX.exe,56308,0x216C829D570,DXGI,1,0,0,Composed: Flip,8449.6382,NA,15.57390000000000,NA,0.21220000000000,1.56190000000000,NA,8434.1415,15.7089,15.4967,0.2122,16.8223,0.2363,0.2363,0.0000,NA,NA,NA
ExperienceX.exe,56308,0x216C829D570,DXGI,1,0,0,Composed: Flip,8467.1174,NA,17.47920000000000,NA,0.07520000000000,1.70700000000000,NA,8449.8504,17.3422,17.2670,0.0752,18.6068,0.3672,0.3672,0.0000,NA,NA,NA
ExperienceX.exe,56308,0x216C829D570,DXGI,1,0,0,Composed: Flip,8483.0027,NA,15.88530000000000,NA,0.14630000000000,1.44200000000000,NA,8467.1926,15.9564,15.8101,0.1463,2.1834,15.0687,3.4029,11.6658,NA,NA,NA
ExperienceX.exe,56308,0x216C829D570,DXGI,1,0,0,Composed: Flip,8501.8572,NA,18.85450000000000,NA,0.48890000000000,1.45360000000000,NA,8483.1490,19.1971,18.7082,0.4889,19.5958,0.5660,0.5660,0.0000,NA,NA,NA
ExperienceX.exe,56308,0x216838E1150,DXGI,1,0,0,Composed: Flip,8501.7493,NA,18.74950000000000,33.25790000000000,0.22210000000000,0.69790000000000,30.9865,8483.1437,18.8277,18.6056,0.2221,17.4277,1.8758,1.6556,0.2202,0.1180,8483.1437,NA
ExperienceX.exe,56308,0x216838E1150,DXGI,1,0,0,Composed: Flip,8516.3023,NA,14.55300000000000,NA,0.12210000000000,0.50230000000000,NA,8501.9714,14.4530,14.3309,0.1221,1.3394,13.4938,2.6414,10.8524,NA,NA,NA
ExperienceX.exe,56308,0x216838E1150,DXGI,1,0,0,Composed: Flip,8534.1018,NA,17.79950000000000,33.45700000000000,0.25760000000000,1.22480000000000,32.0910,8516.4244,17.9350,17.6774,0.2576,17.2029,1.6993,1.6993,0.0000,-0.1763,8516.4244,NA
ExperienceX.exe,56308,0x216C829D570,DXGI,1,0,0,Composed: Flip,8516.3075,NA,14.45030000000000,100.22410000000001,0.13340000000000,1.14910000000000,33.3242,8502.3461,14.0948,13.9614,0.1334,14.4585,0.6520,0.6520,0.0000,1.6243,8502.3461,NA
ExperienceX.exe,56308,0x216C829D570,DXGI,1,0,0,Composed: Flip,8534.1686,NA,17.86110000000000,NA,0.21240000000000,1.76210000000000,NA,8516.4409,17.9401,17.7277,0.2124,19.1955,0.2943,0.2943,0.0000,NA,NA,NA
ExperienceX.exe,56308,0x216C829D570,DXGI,1,0,0,Composed: Flip,8549.9123,NA,15.74370000000000,NA,0.07720000000000,1.27960000000000,NA,8534.3810,15.6085,15.5313,0.0772,16.8058,0.0051,0.0051,0.0000,NA,NA,NA
ExperienceX.exe,56308,0x216C7EA03E0,DXGI,1,0,0,Composed: Flip,8483.0003,NA,16.10410000000000,99.86150000000001,0.14330000000000,1.83370000000000,33.0583,8467.3944,15.7492,15.6059,0.1433,17.0589,0.3807,0.3725,0.0082,-0.3101,8467.3944,NA
ExperienceX.exe,56308,0x216C7EA03E0,DXGI,1,0,0,Composed: Flip,8501.7870,NA,18.78670000000000,NA,0.18630000000000,0.95780000000000,NA,8483.1436,18.8297,18.6434,0.1863,19.3036,0.2976,0.2976,0.0000,NA,NA,NA
ExperienceX.exe,56308,0x216C7EA03E0,DXGI,1,0,0,Composed: Flip,8516.3078,NA,14.52080000000000,NA,0.13310000000000,1.41560000000000,NA,8501.9733,14.4676,14.3345,0.1331,15.4833,0.2668,0.2608,0.0060,NA,NA,NA
ExperienceX.exe,56308,0x216C7EA03E0,DXGI,1,0,0,Composed: Flip,8534.4110,NA,18.10320000000000,NA,0.46170000000000,1.22540000000000,NA,8516.4409,18.4318,17.9701,0.4617,18.8857,0.3098,0.3098,0.0000,NA,NA,NA
ExperienceX.exe,56308,0x216C7EA03E0,DXGI,1,0,0,Composed: Flip,8549.9116,NA,15.50060000000000,NA,0.07660000000000,0.66800000000000,NA,8534.8727,15.1155,15.0389,0.0766,1.0580,14.6489,2.8772,11.7717,NA,NA,NA
ExperienceX.exe,56308,0x216C7EA03E0,DXGI,1,0,0,Composed: Flip,8567.7877,NA,17.87610000000000,NA,0.37090000000000,1.33240000000000,NA,8549.9882,18.1704,17.7995,0.3709,18.9941,0.1378,0.1378,0.0000,NA,NA,NA
ExperienceX.exe,56308,0x216C829D570,DXGI,1,0,0,Composed: Flip,8567.4899,NA,17.57760000000000,49.87660000000000,0.66340000000000,1.49240000000000,32.0184,8549.9895,18.1638,17.5004,0.6634,1.2024,17.7904,1.8503,15.9401,-2.2332,8549.9895,NA
ExperienceX.exe,56308,0x216C829D570,DXGI,1,0,0,Composed: Flip,8583.3581,NA,15.86820000000000,NA,0.44220000000000,1.72260000000000,NA,8568.1533,15.6470,15.2048,0.4422,16.5364,0.3910,0.3767,0.0143,NA,NA,NA
ExperienceX.exe,56308,0x216C7EA03E0,DXGI,1,0,0,Composed: Flip,8583.3405,NA,15.55280000000000,100.08380000000001,0.34280000000000,2.20270000000000,32.8019,8568.1586,15.5247,15.1819,0.3428,16.9221,0.4625,0.4559,0.0066,0.6804,8568.1586,NA
ExperienceX.exe,56308,0x216C7EA03E0,DXGI,1,0,0,Composed: Flip,8601.2195,NA,17.87900000000000,NA,0.06090000000000,1.15660000000000,NA,8583.6833,17.5971,17.5362,0.0609,18.4376,0.2552,0.2552,0.0000,NA,NA,NA
ExperienceX.exe,56308,0x216C829D570,DXGI,1,0,0,Composed: Flip,8600.6593,NA,17.30120000000000,33.21400000000000,0.64610000000000,1.46160000000000,32.0630,8583.8003,17.5051,16.8590,0.6461,16.6250,1.6956,1.6956,0.0000,0.5968,8583.8003,NA
ExperienceX.exe,56308,0x0,Other,-1,0,0,Composed: Flip,7816.8654,NA,66.84030000000000,66.65750000000000,0.00000000000000,1.08970000000000,32.5202,7750.0251,66.8403,66.8403,0.0000,67.4860,0.4440,0.4390,0.0050,-33.4904,7750.0251,NA
ExperienceX.exe,56308,0x0,Other,-1,0,0,Composed: Flip,7850.0013,NA,33.13590000000000,NA,0.00000000000000,0.57050000000000,NA,7816.8654,33.1359,33.1359,0.0000,18.5224,15.1840,3.0244,12.1596,NA,NA,NA
ExperienceX.exe,56308,0x0,Other,-1,0,0,Composed: Flip,7883.3297,NA,33.32840000000000,NA,0.00000000000000,0.34200000000000,NA,7850.0013,33.3284,33.3284,0.0000,18.9846,14.6858,2.6060,12.0798,NA,NA,NA
ExperienceX.exe,56308,0x0,Other,-1,0,0,Composed: Flip,8183.3621,NA,300.03240000000000,NA,0.00000000000000,0.66450000000000,NA,7883.3297,300.0324,300.0324,0.0000,300.5051,0.1918,0.1918,0.0000,NA,NA,NA
ExperienceX.exe,56308,0x0,Other,-1,0,0,Composed: Flip,8384.9897,NA,201.62760000000000,NA,0.00000000000000,1.02870000000000,NA,8183.3621,201.6276,201.6276,0.0000,202.6449,0.0114,0.0114,0.0000,NA,NA,NA
ExperienceX.exe,56308,0x0,Other,-1,0,0,Composed: Flip,8417.0907,NA,32.10100000000000,NA,0.00000000000000,1.24290000000000,NA,8384.9897,32.1010,32.1010,0.0000,33.0163,0.3276,0.3197,0.0079,NA,NA,NA
ExperienceX.exe,56308,0x0,Other,-1,0,0,Composed: Flip,8617.5735,NA,200.48280000000000,NA,0.00000000000000,0.57440000000000,NA,8417.0907,200.4828,200.4828,0.0000,200.7216,0.3356,0.3356,0.0000,NA,NA,NA
ExperienceX.exe,56308,0x216838E1150,DXGI,1,0,0,Composed: Flip,8549.9193,NA,15.81750000000000,16.64360000000000,0.06850000000000,1.26750000000000,32.9171,8534.3594,15.6284,15.5599,0.0685,16.2202,0.6072,0.6072,0.0000,1.2914,8534.3594,NA
ExperienceX.exe,56308,0x216838E1150,DXGI,1,0,0,Composed: Flip,8567.6945,NA,17.77520000000000,NA,0.45880000000000,1.70890000000000,NA,8549.9878,18.1655,17.7067,0.4588,19.1323,0.2833,0.2833,0.0000,NA,NA,NA
ExperienceX.exe,56308,0x216838E1150,DXGI,1,0,0,Composed: Flip,8583.2997,NA,15.60520000000000,NA,0.20130000000000,1.39000000000000,NA,8568.1533,15.3477,15.1464,0.2013,1.2501,15.2863,3.1874,12.0989,NA,NA,NA
ExperienceX.exe,56308,0x216838E1150,DXGI,1,0,0,Composed: Flip,8601.0714,NA,17.77170000000000,NA,0.07200000000000,1.93180000000000,NA,8583.5010,17.6424,17.5704,0.0720,18.8751,0.6271,0.6271,0.0000,NA,NA,NA
ExperienceX.exe,56308,0x216838E1150,DXGI,1,0,0,Composed: Flip,8616.5763,NA,15.50490000000000,NA,0.23430000000000,1.23110000000000,NA,8601.1434,15.6672,15.4329,0.2343,1.8598,14.8042,3.2995,11.5047,NA,NA,NA
ExperienceX.exe,56308,0x216838E1150,DXGI,1,0,0,Composed: Flip,8633.5361,NA,16.95980000000000,NA,0.05600000000000,1.67770000000000,NA,8616.8106,16.7815,16.7255,0.0560,17.6268,0.7764,0.7764,0.0000,NA,NA,NA
ExperienceX.exe,56308,0x216838E1150,DXGI,1,0,0,Composed: Flip,8649.5932,NA,16.05710000000000,NA,0.10760000000000,0.52200000000000,NA,8633.5921,16.1087,16.0011,0.1076,1.9197,14.6034,2.9454,11.6580,NA,NA,NA
ExperienceX.exe,56308,0x216C7EA03E0,DXGI,1,0,0,Composed: Flip,8616.5754,NA,15.35590000000000,33.23050000000000,0.23720000000000,1.82700000000000,32.7975,8601.2804,15.5322,15.2950,0.2372,16.8675,0.2545,0.2500,0.0045,-0.1087,8601.2804,NA
ExperienceX.exe,56308,0x216C7EA03E0,DXGI,1,0,0,Composed: Flip,8633.5309,NA,16.95550000000000,NA,0.23370000000000,0.90650000000000,NA,8616.8126,16.9520,16.7183,0.2337,16.5058,1.1190,1.1190,0.0000,NA,NA,NA
ExperienceX.exe,56308,0x216C7EA03E0,DXGI,1,0,0,Composed: Flip,8649.5933,NA,16.06240000000000,NA,0.10750000000000,1.46640000000000,NA,8633.7646,15.9362,15.8287,0.1075,17.0030,0.2921,0.2830,0.0091,NA,NA,NA
ExperienceX.exe,56308,0x216C7EA03E0,DXGI,1,0,0,Composed: Flip,8667.1153,NA,17.52200000000000,NA,0.06390000000000,0.79380000000000,NA,8649.7008,17.4784,17.4145,0.0639,17.0191,1.1892,1.1892,0.0000,NA,NA,NA
ExperienceX.exe,56308,0x216838E1150,DXGI,1,0,0,Composed: Flip,8667.2885,NA,17.69530000000000,116.58900000000000,0.03950000000000,1.87190000000000,32.1369,8649.7008,17.6272,17.5877,0.0395,18.9696,0.4900,0.4900,0.0000,-1.2476,8649.7008,NA
ExperienceX.exe,56308,0x216838E1150,DXGI,1,0,0,Composed: Flip,8683.3452,NA,16.05670000000000,NA,0.22980000000000,0.94370000000000,NA,8667.3280,16.2470,16.0172,0.2298,1.8324,15.1285,2.5939,12.5346,NA,NA,NA
ExperienceX.exe,56308,0x216838E1150,DXGI,1,0,0,Composed: Flip,8700.3847,NA,17.03950000000000,33.36020000000000,0.15180000000000,1.17610000000000,32.4009,8683.5750,16.9615,16.8097,0.1518,16.5897,1.3961,1.3961,0.0000,0.5140,8683.5750,NA
ExperienceX.exe,56308,0x216838E1150,DXGI,1,0,0,Composed: Flip,8716.5384,NA,16.15370000000000,16.60390000000000,0.10880000000000,1.36640000000000,32.8511,8700.5365,16.1107,16.0019,0.1088,17.0871,0.2812,0.2744,0.0068,0.3576,8700.5365,NA
ExperienceX.exe,56308,0x216838E1150,DXGI,1,0,0,Composed: Flip,8734.0723,NA,17.53390000000000,16.88880000000000,0.05610000000000,1.67940000000000,32.2060,8716.6472,17.4812,17.4251,0.0561,17.2719,1.8326,1.6724,0.1602,-0.7781,8716.6472,NA
ExperienceX.exe,56308,0x216838E1150,DXGI,1,0,0,Composed: Flip,8749.6217,NA,15.54940000000000,16.46420000000000,0.07100000000000,1.19880000000000,33.1208,8734.1284,15.5643,15.4933,0.0710,2.5185,14.1736,3.2165,10.9571,1.0170,8734.1284,NA
ExperienceX.exe,56308,0x216838E1150,DXGI,1,0,0,Composed: Flip,8768.6976,NA,19.07590000000000,16.63620000000000,0.24420000000000,2.36020000000000,30.6811,8749.6927,19.2491,19.0049,0.2442,17.7411,3.6240,3.6102,0.0138,-1.0719,8749.6927,NA
ExperienceX.exe,56308,0x216C7EA03E0,DXGI,1,0,0,Composed: Flip,8683.3456,NA,16.23030000000000,66.80930000000001,0.22910000000000,1.45640000000000,32.8366,8667.1792,16.3955,16.1664,0.2291,17.3448,0.2780,0.2696,0.0084,-0.9105,8667.1792,NA
ExperienceX.exe,56308,0x216C7EA03E0,DXGI,1,0,0,Composed: Flip,8700.3581,NA,17.01250000000000,NA,0.17830000000000,1.46790000000000,NA,8683.5747,16.9617,16.7834,0.1783,17.9861,0.2652,0.2652,0.0000,NA,NA,NA
ExperienceX.exe,56308,0x216C7EA03E0,DXGI,1,0,0,Composed: Flip,8716.5602,NA,16.20210000000000,NA,0.15750000000000,0.82190000000000,NA,8700.5364,16.1813,16.0238,0.1575,1.8690,14.9767,2.9877,11.9890,NA,NA,NA
ExperienceX.exe,56308,0x216C7EA03E0,DXGI,1,0,0,Composed: Flip,8734.8568,NA,18.29660000000000,NA,0.10070000000000,1.22920000000000,NA,8716.7177,18.2398,18.1391,0.1007,19.0340,0.3343,0.3343,0.0000,NA,NA,NA
ExperienceX.exe,56308,0x216C7EA03E0,DXGI,1,0,0,Composed: Flip,8749.6185,NA,14.76170000000000,NA,0.07570000000000,1.47210000000000,NA,8734.9575,14.7367,14.6610,0.0757,15.8630,0.2701,0.2701,0.0000,NA,NA,NA
ExperienceX.exe,56308,0x216C7EA03E0,DXGI,1,0,0,Composed: Flip,8767.6677,NA,18.04920000000000,NA,0.22100000000000,3.40400000000000,NA,8749.6942,18.1945,17.9735,0.2210,21.3690,0.0085,0.0085,0.0000,NA,NA,NA
ExperienceX.exe,56308,0x216C7EA03E0,DXGI,1,0,0,Composed: Flip,8783.0020,NA,15.33430000000000,NA,0.15120000000000,2.14580000000000,NA,8767.8887,15.2645,15.1133,0.1512,16.9599,0.2992,0.2992,0.0000,NA,NA,NA
ExperienceX.exe,56308,0x216C7EA03E0,DXGI,1,0,0,Composed: Flip,8800.3404,NA,17.33840000000000,116.52920000000000,0.78780000000000,1.66750000000000,32.3710,8783.1532,17.9750,17.1872,0.7878,16.9103,1.9444,1.8948,0.0496,-0.5552,8783.1532,NA
ExperienceX.exe,56308,0x216838E1150,DXGI,1,0,0,Composed: Flip,8782.9993,NA,14.30170000000000,16.67340000000000,0.15890000000000,1.84930000000000,33.0528,8768.9418,14.2164,14.0575,0.1589,2.2267,13.6801,2.3906,11.2895,2.5757,8768.9418,NA
ExperienceX.exe,56308,0x216838E1150,DXGI,1,0,0,Composed: Flip,8800.8013,NA,17.80200000000000,NA,0.28890000000000,1.47410000000000,NA,8783.1582,17.9320,17.6431,0.2889,18.8497,0.2675,0.2675,0.0000,NA,NA,NA
ExperienceX.exe,56308,0x216838E1150,DXGI,1,0,0,Composed: Flip,8816.3027,NA,15.50140000000000,NA,0.04330000000000,0.96210000000000,NA,8801.0902,15.2558,15.2125,0.0433,1.7677,14.4069,3.1681,11.2388,NA,NA,NA
ExperienceX.exe,56308,0x0,Other,-1,0,0,Composed: Flip,8650.0331,NA,32.45960000000000,833.52629999999999,0.00000000000000,0.73450000000000,32.8788,8617.5735,32.4596,32.4596,0.0000,32.5417,0.6524,0.6524,0.0000,34.0221,8617.5735,NA
ExperienceX.exe,56308,0x216838E1150,DXGI,1,0,0,Composed: Flip,8833.9389,NA,17.63620000000000,49.99690000000000,0.05450000000000,1.07550000000000,32.1101,8816.3460,17.6474,17.5929,0.0545,17.0347,1.6337,1.6337,0.0000,-2.5927,8816.3460,NA
ExperienceX.exe,56308,0x216838E1150,DXGI,1,0,0,Composed: Flip,8866.7344,NA,32.79550000000000,33.31870000000000,0.06720000000000,1.48960000000000,32.6333,8833.9934,32.8082,32.7410,0.0672,32.5986,1.6320,1.6320,0.0000,-15.6713,8833.9934,NA
ExperienceX.exe,56308,0x216C7EA03E0,DXGI,1,0,0,Composed: Flip,8816.3227,NA,15.98230000000000,16.69000000000000,0.16500000000000,1.56510000000000,33.0787,8801.1282,15.3595,15.1945,0.1650,16.2596,0.5000,0.4949,0.0051,1.2850,8801.1282,NA
ExperienceX.exe,56308,0x216C7EA03E0,DXGI,1,0,0,Composed: Flip,8833.2271,NA,16.90440000000000,NA,0.63520000000000,2.05700000000000,NA,8816.4877,17.3746,16.7394,0.6352,18.5267,0.2697,0.2697,0.0000,NA,NA,NA
ExperienceX.exe,56308,0x216C7EA03E0,DXGI,1,0,0,Composed: Flip,8867.2821,NA,34.05500000000000,NA,0.04900000000000,1.51900000000000,NA,8833.8623,33.4688,33.4198,0.0490,34.6296,0.3092,0.3092,0.0000,NA,NA,NA
ExperienceX.exe,56308,0x216838E1150,DXGI,1,0,0,Composed: Flip,8883.3331,NA,16.59870000000000,16.67940000000000,0.15330000000000,1.34160000000000,32.7140,8866.8016,16.6848,16.5315,0.1533,17.5824,0.2907,0.2844,0.0063,16.1288,8866.8016,NA
ExperienceX.exe,56308,0x216838E1150,DXGI,1,0,0,Composed: Flip,8900.0732,NA,16.74010000000000,NA,0.33150000000000,1.81490000000000,NA,8883.4864,16.9183,16.5868,0.3315,18.1327,0.2690,0.2690,0.0000,NA,NA,NA
ExperienceX.exe,56308,0x216C7EA03E0,DXGI,1,0,0,Composed: Flip,8900.1305,NA,32.84840000000000,83.30860000000000,0.08950000000000,1.48860000000000,32.5795,8867.3311,32.8889,32.7994,0.0895,32.5412,1.7468,1.6849,0.0619,-17.1057,8867.3311,NA
ExperienceX.exe,56308,0x216C7EA03E0,DXGI,1,0,0,Composed: Flip,8916.2997,NA,16.16920000000000,NA,0.11430000000000,1.25130000000000,NA,8900.2200,16.1940,16.0797,0.1143,17.0314,0.2996,0.2943,0.0053,NA,NA,NA
ExperienceX.exe,56308,0x216838E1150,DXGI,1,0,0,Composed: Flip,8916.3449,NA,16.27170000000000,33.32530000000000,0.25620000000000,0.90650000000000,33.0275,8900.4047,16.1964,15.9402,0.2562,16.5562,0.2905,0.2905,0.0000,0.2778,8900.4047,NA
ExperienceX.exe,56308,0x216838E1150,DXGI,1,0,0,Composed: Flip,8934.0302,NA,17.68530000000000,NA,0.14290000000000,2.40120000000000,NA,8916.6011,17.5720,17.4291,0.1429,19.5309,0.2994,0.2994,0.0000,NA,NA,NA
ExperienceX.exe,56308,0x216C829D570,DXGI,1,0,0,Composed: Flip,8633.5455,NA,32.88620000000000,33.41100000000000,0.17660000000000,1.96630000000000,32.5878,8601.3054,32.4167,32.2401,0.1766,33.9084,0.2980,0.2980,0.0000,-15.9059,8601.3054,NA
ExperienceX.exe,56308,0x216C829D570,DXGI,1,0,0,Composed: Flip,8666.8754,NA,33.32990000000000,NA,0.23520000000000,1.79500000000000,NA,8633.7221,33.3885,33.1533,0.2352,34.1870,0.7613,0.7613,0.0000,NA,NA,NA
ExperienceX.exe,56308,0x216C829D570,DXGI,1,0,0,Composed: Flip,8683.3518,NA,16.47640000000000,NA,0.22320000000000,1.17220000000000,NA,8667.1106,16.4644,16.2412,0.2232,17.1783,0.2351,0.2351,0.0000,NA,NA,NA
ExperienceX.exe,56308,0x216C829D570,DXGI,1,0,0,Composed: Flip,8700.4930,NA,17.14120000000000,NA,0.28620000000000,1.91240000000000,NA,8683.5750,17.2042,16.9180,0.2862,18.2510,0.5794,0.5794,0.0000,NA,NA,NA
ExperienceX.exe,56308,0x216C829D570,DXGI,1,0,0,Composed: Flip,8716.5603,NA,16.06730000000000,NA,0.15740000000000,1.06330000000000,NA,8700.7792,15.9385,15.7811,0.1574,16.6029,0.2415,0.2415,0.0000,NA,NA,NA
ExperienceX.exe,56308,0x216C829D570,DXGI,1,0,0,Composed: Flip,8734.5591,NA,17.99880000000000,NA,0.16430000000000,2.08780000000000,NA,8716.7177,18.0057,17.8414,0.1643,19.3683,0.5609,0.5609,0.0000,NA,NA,NA
ExperienceX.exe,56308,0x216C829D570,DXGI,1,0,0,Composed: Flip,8749.6183,NA,15.05920000000000,NA,0.07400000000000,1.75510000000000,NA,8734.7234,14.9689,14.8949,0.0740,16.3672,0.2828,0.2741,0.0087,NA,NA,NA
ExperienceX.exe,56308,0x216C829D570,DXGI,1,0,0,Composed: Flip,8768.4350,NA,18.81670000000000,NA,0.06560000000000,2.65250000000000,NA,8749.6923,18.8083,18.7427,0.0656,21.3843,0.0109,0.0109,0.0000,NA,NA,NA
ExperienceX.exe,56308,0x216C829D570,DXGI,1,0,0,Composed: Flip,8783.0014,NA,14.56640000000000,NA,0.15170000000000,2.41780000000000,NA,8768.5006,14.6525,14.5008,0.1517,16.6472,0.2714,0.2660,0.0054,NA,NA,NA
ExperienceX.exe,56308,0x216C829D570,DXGI,1,0,0,Composed: Flip,8801.1945,NA,18.19310000000000,NA,0.06450000000000,1.66340000000000,NA,8783.1531,18.1059,18.0414,0.0645,19.1223,0.5825,0.5825,0.0000,NA,NA,NA
ExperienceX.exe,56308,0x216C829D570,DXGI,1,0,0,Composed: Flip,8816.3226,NA,15.12810000000000,NA,0.16510000000000,1.06520000000000,NA,8801.2590,15.2287,15.0636,0.1651,16.0058,0.1230,0.1230,0.0000,NA,NA,NA
ExperienceX.exe,56308,0x216C829D570,DXGI,1,0,0,Composed: Flip,8833.2270,NA,16.90440000000000,NA,0.62730000000000,2.33720000000000,NA,8816.4877,17.3666,16.7393,0.6273,18.7964,0.2801,0.2801,0.0000,NA,NA,NA
ExperienceX.exe,56308,0x216C829D570,DXGI,1,0,0,Composed: Flip,8849.6354,NA,16.40840000000000,NA,0.07410000000000,1.00420000000000,NA,8833.8543,15.8552,15.7811,0.0741,1.7099,15.0754,3.2862,11.7892,NA,NA,NA
ExperienceX.exe,56308,0x216C829D570,DXGI,1,0,0,Composed: Flip,8866.8009,NA,17.16550000000000,NA,0.43650000000000,1.69100000000000,NA,8849.7095,17.5279,17.0914,0.4365,18.5145,0.2679,0.2679,0.0000,NA,NA,NA
ExperienceX.exe,56308,0x216C829D570,DXGI,1,0,0,Composed: Flip,8883.3321,NA,16.53120000000000,NA,0.15290000000000,1.05190000000000,NA,8867.2374,16.2476,16.0947,0.1529,16.8646,0.2820,0.2820,0.0000,NA,NA,NA
ExperienceX.exe,56308,0x216C829D570,DXGI,1,0,0,Composed: Flip,8900.3232,NA,16.99110000000000,NA,0.08040000000000,1.83780000000000,NA,8883.4850,16.9186,16.8382,0.0804,18.4031,0.2729,0.2729,0.0000,NA,NA,NA
ExperienceX.exe,56308,0x216C829D570,DXGI,1,0,0,Composed: Flip,8916.2999,NA,15.97670000000000,NA,0.11390000000000,0.66100000000000,NA,8900.4036,16.0102,15.8963,0.1139,1.7574,14.7999,2.9062,11.8937,NA,NA,NA
ExperienceX.exe,56308,0x216C829D570,DXGI,1,0,0,Composed: Flip,8934.6527,NA,18.35280000000000,NA,0.33470000000000,2.07100000000000,NA,8916.4138,18.5736,18.2389,0.3347,20.0176,0.2923,0.2923,0.0000,NA,NA,NA
ExperienceX.exe,56308,0x216C829D570,DXGI,1,0,0,Composed: Flip,8949.5800,NA,14.92730000000000,NA,0.11980000000000,1.04540000000000,NA,8934.9874,14.7124,14.5926,0.1198,1.7363,13.9017,3.1894,10.7123,NA,NA,NA
ExperienceX.exe,56308,0x216C7EA03E0,DXGI,1,0,0,Composed: Flip,8934.1757,NA,17.87600000000000,33.70100000000000,0.07600000000000,1.95630000000000,32.2353,8916.4140,17.8377,17.7617,0.0760,17.3030,2.4150,2.0009,0.4141,15.3819,8916.4140,NA
ExperienceX.exe,56308,0x216C7EA03E0,DXGI,1,0,0,Composed: Flip,8949.5809,NA,15.40520000000000,NA,0.11880000000000,1.58810000000000,NA,8934.2517,15.4480,15.3292,0.1188,16.6549,0.2624,0.2561,0.0063,NA,NA,NA
ExperienceX.exe,56308,0x216C7EA03E0,DXGI,1,0,0,Composed: Flip,8969.4199,NA,19.83900000000000,NA,0.14740000000000,0.85980000000000,NA,8949.6997,19.8676,19.7202,0.1474,20.3020,0.2780,0.2780,0.0000,NA,NA,NA
ExperienceX.exe,56308,0x216838E1150,DXGI,1,0,0,Composed: Flip,8949.5799,NA,15.54970000000000,33.36300000000000,0.11990000000000,1.32670000000000,33.1555,8934.1731,15.5267,15.4068,0.1199,16.4523,0.2812,0.2812,0.0000,0.4054,8934.1731,NA
ExperienceX.exe,56308,0x216838E1150,DXGI,1,0,0,Composed: Flip,8967.4353,NA,17.85540000000000,NA,0.12950000000000,2.56640000000000,NA,8949.6998,17.8650,17.7355,0.1295,19.7726,0.5293,0.5293,0.0000,NA,NA,NA
ExperienceX.exe,56308,0x216838E1150,DXGI,1,0,0,Composed: Flip,8982.9611,NA,15.52580000000000,NA,0.14090000000000,1.27900000000000,NA,8967.5648,15.5372,15.3963,0.1409,16.3645,0.3108,0.3034,0.0074,NA,NA,NA
ExperienceX.exe,56308,0x216838E1150,DXGI,1,0,0,Composed: Flip,9000.1869,NA,17.22580000000000,49.97290000000000,0.15430000000000,2.30640000000000,32.5214,8983.1020,17.2392,17.0849,0.1543,17.4223,1.9690,1.9690,0.0000,-1.0440,8983.1020,NA
ExperienceX.exe,56308,0x216838E1150,DXGI,1,0,0,Composed: Flip,9016.2583,NA,16.07140000000000,16.68190000000000,0.12560000000000,1.06200000000000,33.1319,9000.3412,16.0427,15.9171,0.1256,2.7275,14.2516,3.1990,11.0526,0.5573,9000.3412,NA
ExperienceX.exe,56308,0x0,Other,-1,0,0,Composed: Flip,8850.1163,NA,200.08320000000001,199.99340000000001,0.00000000000000,1.08970000000000,32.7890,8650.0331,200.0832,200.0832,0.0000,200.8798,0.2931,0.2884,0.0047,-167.5338,8650.0331,NA
ExperienceX.exe,56308,0x0,Other,-1,0,0,Composed: Flip,8850.1743,NA,0.05800000000000,NA,0.00000000000000,0.73860000000000,NA,8850.1163,0.0580,0.0580,0.0000,0.5233,0.2733,0.2733,0.0000,NA,NA,NA
ExperienceX.exe,56308,0x0,Other,-1,0,0,Composed: Flip,8883.7375,NA,33.56320000000000,NA,0.00000000000000,0.36450000000000,NA,8850.1743,33.5632,33.5632,0.0000,18.6268,15.3009,3.0038,12.2971,NA,NA,NA
ExperienceX.exe,56308,0x216838E1150,DXGI,1,0,0,Composed: Flip,9033.0122,NA,16.75390000000000,16.66310000000000,0.07070000000000,2.05890000000000,33.0411,9016.3839,16.6990,16.6283,0.0707,16.9957,1.6915,1.6915,0.0000,-0.6204,9016.3839,NA
ExperienceX.exe,56308,0x216C829D570,DXGI,1,0,0,Composed: Flip,8967.4343,NA,17.85430000000000,333.40379999999999,0.13080000000000,2.03810000000000,32.1028,8949.6998,17.8653,17.7345,0.1308,18.2884,1.4842,1.4842,0.0000,14.9906,8949.6998,NA
ExperienceX.exe,56308,0x216C829D570,DXGI,1,0,0,Composed: Flip,8982.9659,NA,15.53160000000000,NA,0.13620000000000,0.96340000000000,NA,8967.5651,15.5370,15.4008,0.1362,16.0579,0.3063,0.3063,0.0000,NA,NA,NA
ExperienceX.exe,56308,0x216C829D570,DXGI,1,0,0,Composed: Flip,9001.4382,NA,18.47230000000000,NA,0.22130000000000,1.63050000000000,NA,8983.1021,18.5574,18.3361,0.2213,19.6909,0.2757,0.2757,0.0000,NA,NA,NA
ExperienceX.exe,56308,0x216C829D570,DXGI,1,0,0,Composed: Flip,9016.2579,NA,14.81970000000000,NA,0.12590000000000,1.33600000000000,NA,9001.6595,14.7243,14.5984,0.1259,15.6608,0.2736,0.2736,0.0000,NA,NA,NA
ExperienceX.exe,56308,0x216C829D570,DXGI,1,0,0,Composed: Flip,9033.7290,NA,17.47110000000000,NA,0.06740000000000,1.91750000000000,NA,9016.3838,17.4126,17.3452,0.0674,19.0198,0.2429,0.2429,0.0000,NA,NA,NA
ExperienceX.exe,56308,0x216C829D570,DXGI,1,0,0,Composed: Flip,9049.6401,NA,15.91110000000000,NA,0.13070000000000,1.32900000000000,NA,9033.7964,15.9744,15.8437,0.1307,16.9019,0.2708,0.2708,0.0000,NA,NA,NA
ExperienceX.exe,56308,0x216C829D570,DXGI,1,0,0,Composed: Flip,9066.4621,NA,16.82200000000000,NA,0.08670000000000,2.72100000000000,NA,9049.7708,16.7780,16.6913,0.0867,18.8566,0.5557,0.5557,0.0000,NA,NA,NA
ExperienceX.exe,56308,0x216838E1150,DXGI,1,0,0,Composed: Flip,9066.4589,NA,33.44670000000000,33.40370000000000,0.08550000000000,1.88620000000000,32.9981,9033.0829,33.4615,33.3760,0.0855,33.8583,1.4039,1.4039,0.0000,-16.7047,9033.0829,NA
ExperienceX.exe,56308,0x216838E1150,DXGI,1,0,0,Composed: Flip,9082.9437,NA,16.48480000000000,NA,0.07100000000000,1.31690000000000,NA,9066.5444,16.4703,16.3993,0.0710,16.8477,0.8685,0.5349,0.3336,NA,NA,NA
ExperienceX.exe,56308,0x216C7EA03E0,DXGI,1,0,0,Composed: Flip,8982.9618,NA,13.54190000000000,49.64640000000000,0.14010000000000,0.66120000000000,33.0956,8969.5673,13.5346,13.3945,0.1401,0.7124,13.3433,3.0777,10.2656,3.5069,8969.5673,NA
ExperienceX.exe,56308,0x216C7EA03E0,DXGI,1,0,0,Composed: Flip,9001.5109,NA,18.54910000000000,NA,0.17130000000000,1.28210000000000,NA,8983.1019,18.5803,18.4090,0.1713,19.3914,0.2997,0.2997,0.0000,NA,NA,NA
ExperienceX.exe,56308,0x216C7EA03E0,DXGI,1,0,0,Composed: Flip,9016.2585,NA,14.74760000000000,NA,0.12550000000000,1.63010000000000,NA,9001.6822,14.7018,14.5763,0.1255,15.9117,0.2947,0.2888,0.0059,NA,NA,NA
ExperienceX.exe,56308,0x216C7EA03E0,DXGI,1,0,0,Composed: Flip,9033.9233,NA,17.66480000000000,NA,0.05730000000000,1.48030000000000,NA,9016.3840,17.5966,17.5393,0.0573,18.6871,0.3325,0.3325,0.0000,NA,NA,NA
ExperienceX.exe,56308,0x216C7EA03E0,DXGI,1,0,0,Composed: Flip,9049.6404,NA,15.71710000000000,NA,0.13030000000000,1.60920000000000,NA,9033.9806,15.7901,15.6598,0.1303,16.9885,0.2805,0.2757,0.0048,NA,NA,NA
ExperienceX.exe,56308,0x216C7EA03E0,DXGI,1,0,0,Composed: Flip,9066.4602,NA,16.81980000000000,NA,0.08690000000000,2.16720000000000,NA,9049.7707,16.7764,16.6895,0.0869,18.5744,0.2823,0.2823,0.0000,NA,NA,NA
ExperienceX.exe,56308,0x216C7EA03E0,DXGI,1,0,0,Composed: Flip,9082.9400,NA,16.47980000000000,NA,0.07470000000000,0.45210000000000,NA,9066.5471,16.4676,16.3929,0.0747,2.6360,14.2090,2.6816,11.5274,NA,NA,NA
ExperienceX.exe,56308,0x216C7EA03E0,DXGI,1,0,0,Composed: Flip,9100.5658,NA,17.62580000000000,NA,0.37250000000000,2.18370000000000,NA,9083.0147,17.9236,17.5511,0.3725,18.9420,0.7928,0.7928,0.0000,NA,NA,NA
ExperienceX.exe,56308,0x216838E1150,DXGI,1,0,0,Composed: Flip,9101.0218,NA,18.07810000000000,33.26290000000000,0.08620000000000,2.97700000000000,31.6981,9083.0147,18.0933,18.0071,0.0862,19.7348,1.2493,1.2493,0.0000,16.6689,9083.0147,NA
ExperienceX.exe,56308,0x216838E1150,DXGI,1,0,0,Composed: Flip,9116.2587,NA,15.23690000000000,NA,0.06310000000000,1.55890000000000,NA,9101.1080,15.2138,15.1507,0.0631,16.4324,0.2772,0.2727,0.0045,NA,NA,NA
ExperienceX.exe,56308,0x216838E1150,DXGI,1,0,0,Composed: Flip,9133.9434,NA,17.68470000000000,33.45360000000000,0.05350000000000,0.94300000000000,32.2301,9116.3218,17.6751,17.6216,0.0535,17.1316,1.4330,1.4330,0.0000,-0.1465,9116.3218,NA
ExperienceX.exe,56308,0x216838E1150,DXGI,1,0,0,Composed: Flip,9150.0182,NA,16.07480000000000,16.78800000000000,0.10230000000000,0.69360000000000,32.9433,9133.9969,16.1236,16.0213,0.1023,1.7568,14.9581,2.5924,12.3657,0.8871,9133.9969,NA
ExperienceX.exe,56308,0x216C7EA03E0,DXGI,1,0,0,Composed: Flip,9116.2910,NA,15.72520000000000,133.57080000000002,0.13680000000000,0.96630000000000,33.3372,9100.9383,15.4895,15.3527,0.1368,3.0605,13.2585,1.7277,11.5308,-2.1998,9100.9383,NA
ExperienceX.exe,56308,0x216C7EA03E0,DXGI,1,0,0,Composed: Flip,9133.3128,NA,17.02180000000000,NA,0.59370000000000,1.86300000000000,NA,9116.4278,17.4787,16.8850,0.5937,18.4586,0.2894,0.2894,0.0000,NA,NA,NA
ExperienceX.exe,56308,0x216C7EA03E0,DXGI,1,0,0,Composed: Flip,9150.0224,NA,16.70960000000000,NA,0.09650000000000,1.28250000000000,NA,9133.9065,16.2124,16.1159,0.0965,17.0770,0.3214,0.3129,0.0085,NA,NA,NA
ExperienceX.exe,56308,0x216C7EA03E0,DXGI,1,0,0,Composed: Flip,9168.2222,NA,18.19980000000000,NA,0.85210000000000,2.05470000000000,NA,9150.1189,18.9554,18.1033,0.8521,19.4160,0.7420,0.7420,0.0000,NA,NA,NA
ExperienceX.exe,56308,0x216838E1150,DXGI,1,0,0,Composed: Flip,9167.1910,NA,17.17280000000000,16.49590000000000,1.24820000000000,2.34390000000000,32.2664,9150.1205,18.3187,17.0705,1.2482,17.5832,1.8312,1.8312,0.0000,-0.3723,9150.1205,NA
ExperienceX.exe,56308,0x216838E1150,DXGI,1,0,0,Composed: Flip,9183.2866,NA,16.09560000000000,NA,0.11240000000000,1.41290000000000,NA,9168.4392,14.9598,14.8474,0.1124,15.8784,0.3819,0.3741,0.0078,NA,NA,NA
ExperienceX.exe,56308,0x216838E1150,DXGI,1,0,0,Composed: Flip,9200.8631,NA,17.57650000000000,33.25390000000000,0.40420000000000,1.48410000000000,31.8482,9183.3990,17.8683,17.4641,0.4042,17.0992,1.8490,1.8490,0.0000,0.0246,9183.3990,NA
ExperienceX.exe,56308,0x216838E1150,DXGI,1,0,0,Composed: Flip,9216.3461,NA,15.48300000000000,16.75040000000000,0.13750000000000,0.90930000000000,33.1156,9201.2673,15.2163,15.0788,0.1375,1.6723,14.3158,3.0867,11.2291,1.1179,9201.2673,NA
ExperienceX.exe,56308,0x216C7EA03E0,DXGI,1,0,0,Composed: Flip,9183.2870,NA,15.06480000000000,66.46450000000000,0.11200000000000,0.74560000000000,32.8057,9169.0743,14.3247,14.2127,0.1120,1.2105,13.7478,2.8868,10.8610,1.6715,9169.0743,NA
ExperienceX.exe,56308,0x216C7EA03E0,DXGI,1,0,0,Composed: Flip,9200.1640,NA,16.87700000000000,NA,0.10100000000000,2.45500000000000,NA,9183.3990,16.8660,16.7650,0.1010,18.9482,0.2718,0.2718,0.0000,NA,NA,NA
ExperienceX.exe,56308,0x216C7EA03E0,DXGI,1,0,0,Composed: Flip,9216.3460,NA,16.18200000000000,NA,0.13720000000000,1.20270000000000,NA,9200.2650,16.2182,16.0810,0.1372,16.9904,0.2933,0.2933,0.0000,NA,NA,NA
ExperienceX.exe,56308,0x216C7EA03E0,DXGI,1,0,0,Composed: Flip,9233.1947,NA,16.84870000000000,NA,0.53280000000000,2.42730000000000,NA,9216.4832,17.2443,16.7115,0.5328,18.5514,0.5874,0.5874,0.0000,NA,NA,NA
ExperienceX.exe,56308,0x216C7EA03E0,DXGI,1,0,0,Composed: Flip,9249.7309,NA,16.53620000000000,66.72610000000000,0.14530000000000,1.45210000000000,33.0879,9233.7275,16.1487,16.0034,0.1453,17.1644,0.2911,0.2825,0.0086,-2.0729,9233.7275,NA
ExperienceX.exe,56308,0x216838E1150,DXGI,1,0,0,Composed: Flip,9233.6817,NA,17.33560000000000,16.60220000000000,0.05940000000000,1.05060000000000,32.3822,9216.4836,17.2575,17.1981,0.0594,16.7986,1.4501,1.4501,0.0000,-1.3859,9216.4836,NA
ExperienceX.exe,56308,0x216838E1150,DXGI,1,0,0,Composed: Flip,9249.7308,NA,16.04910000000000,NA,0.14540000000000,1.16110000000000,NA,9233.7411,16.1351,15.9897,0.1454,16.8618,0.2890,0.2890,0.0000,NA,NA,NA
ExperienceX.exe,56308,0x216838E1150,DXGI,1,0,0,Composed: Flip,9267.3103,NA,17.57950000000000,NA,0.05830000000000,0.70160000000000,NA,9249.8762,17.4924,17.4341,0.0583,16.9359,1.1998,1.1998,0.0000,NA,NA,NA
ExperienceX.exe,56308,0x216C7EA03E0,DXGI,1,0,0,Composed: Flip,9267.0637,NA,17.33280000000000,16.59350000000000,0.33260000000000,2.09510000000000,32.3486,9249.8762,17.5201,17.1875,0.3326,18.9765,0.3061,0.3061,0.0000,-0.4448,9249.8762,NA
ExperienceX.exe,56308,0x216C7EA03E0,DXGI,1,0,0,Composed: Flip,9283.1229,NA,16.05920000000000,NA,0.20570000000000,1.28330000000000,NA,9267.3963,15.9323,15.7266,0.2057,16.2726,0.7373,0.5587,0.1786,NA,NA,NA
ExperienceX.exe,56308,0x216C829D570,DXGI,1,0,0,Composed: Flip,9082.9402,NA,16.47810000000000,116.50530000000001,0.07490000000000,1.60630000000000,33.1022,9066.5488,16.4663,16.3914,0.0749,17.7118,0.2859,0.2798,0.0061,0.3437,9066.5488,NA
ExperienceX.exe,56308,0x216C829D570,DXGI,1,0,0,Composed: Flip,9100.8679,NA,17.92770000000000,NA,0.06670000000000,1.08880000000000,NA,9083.0151,17.9195,17.8528,0.0667,17.3616,1.5800,1.5800,0.0000,NA,NA,NA
ExperienceX.exe,56308,0x216C829D570,DXGI,1,0,0,Composed: Flip,9116.2912,NA,15.42330000000000,NA,0.13650000000000,1.24920000000000,NA,9100.9346,15.4931,15.3566,0.1365,16.3227,0.2831,0.2831,0.0000,NA,NA,NA
ExperienceX.exe,56308,0x216C829D570,DXGI,1,0,0,Composed: Flip,9133.7063,NA,17.41510000000000,NA,0.19860000000000,2.04740000000000,NA,9116.4277,17.4772,17.2786,0.1986,18.7481,0.5779,0.5779,0.0000,NA,NA,NA
ExperienceX.exe,56308,0x216C829D570,DXGI,1,0,0,Composed: Flip,9167.0621,NA,33.35580000000000,NA,0.17450000000000,3.22270000000000,NA,9133.9049,33.3317,33.1572,0.1745,36.3720,0.0079,0.0079,0.0000,NA,NA,NA
ExperienceX.exe,56308,0x216C829D570,DXGI,1,0,0,Composed: Flip,9183.2970,NA,16.23490000000000,NA,0.17360000000000,1.02060000000000,NA,9167.2366,16.2340,16.0604,0.1736,16.7960,0.2850,0.2850,0.0000,NA,NA,NA
ExperienceX.exe,56308,0x216C829D570,DXGI,1,0,0,Composed: Flip,9200.1698,NA,16.87280000000000,NA,0.09680000000000,2.76980000000000,NA,9183.4706,16.7960,16.6992,0.0968,19.1484,0.3206,0.3206,0.0000,NA,NA,NA
ExperienceX.exe,56308,0x216C829D570,DXGI,1,0,0,Composed: Flip,9216.3462,NA,16.17640000000000,NA,0.13720000000000,1.49140000000000,NA,9200.2666,16.2168,16.0796,0.1372,17.2821,0.2889,0.2823,0.0066,NA,NA,NA
ExperienceX.exe,56308,0x216C829D570,DXGI,1,0,0,Composed: Flip,9233.5449,NA,17.19870000000000,NA,0.11520000000000,1.48970000000000,NA,9216.4834,17.1767,17.0615,0.1152,18.2489,0.3023,0.3023,0.0000,NA,NA,NA
ExperienceX.exe,56308,0x216C829D570,DXGI,1,0,0,Composed: Flip,9266.9612,NA,33.41630000000000,NA,0.25320000000000,1.89150000000000,NA,9233.6601,33.5543,33.3011,0.2532,34.3518,0.8408,0.8408,0.0000,NA,NA,NA
ExperienceX.exe,56308,0x216C829D570,DXGI,1,0,0,Composed: Flip,9283.1228,NA,16.16160000000000,NA,0.20590000000000,0.54610000000000,NA,9267.2144,16.1143,15.9084,0.2059,1.9444,14.5101,2.3689,12.1412,NA,NA,NA
ExperienceX.exe,56308,0x216C829D570,DXGI,1,0,0,Composed: Flip,9300.1711,NA,17.04830000000000,NA,0.57150000000000,2.04200000000000,NA,9283.3287,17.4139,16.8424,0.5715,18.6039,0.2805,0.2805,0.0000,NA,NA,NA
ExperienceX.exe,56308,0x216C829D570,DXGI,1,0,0,Composed: Flip,9316.6471,NA,16.47600000000000,233.48080000000002,0.32430000000000,1.84400000000000,32.8761,9300.7426,16.2288,15.9045,0.3243,17.0275,0.7210,0.7210,0.0000,0.7130,9300.7426,NA
ExperienceX.exe,56308,0x216C7EA03E0,DXGI,1,0,0,Composed: Flip,9300.1943,NA,17.07140000000000,33.30980000000000,0.10480000000000,1.73830000000000,32.5278,9283.3286,16.9705,16.8657,0.1048,16.6735,1.9305,1.7757,0.1548,0.1426,9283.3286,NA
ExperienceX.exe,56308,0x216C7EA03E0,DXGI,1,0,0,Composed: Flip,9316.6477,NA,16.45340000000000,NA,0.20450000000000,2.13010000000000,NA,9300.2991,16.5531,16.3486,0.2045,18.1920,0.2867,0.2833,0.0034,NA,NA,NA
ExperienceX.exe,56308,0x216C7EA03E0,DXGI,1,0,0,Composed: Flip,9333.8435,NA,17.19580000000000,NA,0.36790000000000,1.89800000000000,NA,9316.8522,17.3592,16.9913,0.3679,18.5937,0.2956,0.2956,0.0000,NA,NA,NA
ExperienceX.exe,56308,0x216838E1150,DXGI,1,0,0,Composed: Flip,9283.1302,NA,15.81990000000000,50.14740000000000,0.19920000000000,1.55080000000000,33.0811,9267.3686,15.9608,15.7616,0.1992,17.0376,0.2748,0.2688,0.0060,0.7376,9267.3686,NA
ExperienceX.exe,56308,0x216838E1150,DXGI,1,0,0,Composed: Flip,9300.4934,NA,17.36320000000000,NA,0.24190000000000,2.00500000000000,NA,9283.3294,17.4059,17.1640,0.2419,18.8837,0.2853,0.2853,0.0000,NA,NA,NA
ExperienceX.exe,56308,0x216838E1150,DXGI,1,0,0,Composed: Flip,9316.5384,NA,16.04500000000000,NA,0.07040000000000,1.23170000000000,NA,9300.7353,15.8735,15.8031,0.0704,1.7631,15.2717,3.4868,11.7849,NA,NA,NA
ExperienceX.exe,56308,0x216838E1150,DXGI,1,0,0,Composed: Flip,9333.6879,NA,17.14950000000000,NA,0.58570000000000,2.33340000000000,NA,9316.6088,17.6648,17.0791,0.5857,19.1327,0.2798,0.2798,0.0000,NA,NA,NA
ExperienceX.exe,56308,0x216838E1150,DXGI,1,0,0,Composed: Flip,9350.0551,NA,16.36720000000000,NA,0.11610000000000,1.13870000000000,NA,9334.2736,15.8976,15.7815,0.1161,16.6202,0.3000,0.3000,0.0000,NA,NA,NA
ExperienceX.exe,56308,0x216838E1150,DXGI,1,0,0,Composed: Flip,9367.1622,NA,17.10710000000000,83.16020000000000,0.06370000000000,0.92080000000000,32.2093,9350.1712,17.0547,16.9910,0.0637,16.4674,1.4444,1.4444,0.0000,-0.3576,9350.1712,NA
ExperienceX.exe,56308,0x216C829D570,DXGI,1,0,0,Composed: Flip,9333.9271,NA,17.28000000000000,16.51410000000000,0.06810000000000,1.51880000000000,32.1102,9316.9714,17.0238,16.9557,0.0681,16.4756,1.9989,1.7601,0.2388,-0.2853,9316.9714,NA
ExperienceX.exe,56308,0x216C829D570,DXGI,1,0,0,Composed: Flip,9349.8882,NA,15.96110000000000,NA,0.24370000000000,1.61990000000000,NA,9333.9952,16.1367,15.8930,0.2437,17.1986,0.3143,0.3067,0.0076,NA,NA,NA
ExperienceX.exe,56308,0x216C829D570,DXGI,1,0,0,Composed: Flip,9366.4703,NA,16.58210000000000,NA,0.47630000000000,2.49980000000000,NA,9350.1319,16.8147,16.3384,0.4763,18.2355,0.6027,0.6027,0.0000,NA,NA,NA
ExperienceX.exe,56308,0x216C829D570,DXGI,1,0,0,Composed: Flip,9383.3053,NA,16.83500000000000,NA,0.16140000000000,0.58390000000000,NA,9366.9466,16.5201,16.3587,0.1614,2.0235,14.9191,2.5099,12.4092,NA,NA,NA
ExperienceX.exe,56308,0x216838E1150,DXGI,1,0,0,Composed: Flip,9383.3062,NA,16.14400000000000,16.67200000000000,0.16070000000000,1.14630000000000,32.7373,9367.2259,16.2410,16.0803,0.1607,16.9415,0.2851,0.2810,0.0041,0.3827,9367.2259,NA
ExperienceX.exe,56308,0x216838E1150,DXGI,1,0,0,Composed: Flip,9400.5514,NA,17.24520000000000,NA,0.10390000000000,1.40530000000000,NA,9383.4669,17.1884,17.0845,0.1039,18.2052,0.2846,0.2846,0.0000,NA,NA,NA
ExperienceX.exe,56308,0x216C7EA03E0,DXGI,1,0,0,Composed: Flip,9350.0038,NA,16.16030000000000,50.24010000000001,0.20320000000000,0.89000000000000,32.9584,9334.2114,15.9956,15.7924,0.2032,1.8099,14.8725,3.1175,11.7550,0.6427,9334.2114,NA
ExperienceX.exe,56308,0x216C7EA03E0,DXGI,1,0,0,Composed: Flip,9366.8285,NA,16.82470000000000,NA,0.09650000000000,1.53890000000000,NA,9350.2070,16.7180,16.6215,0.0965,17.8760,0.2844,0.2844,0.0000,NA,NA,NA
ExperienceX.exe,56308,0x216C7EA03E0,DXGI,1,0,0,Composed: Flip,9400.2173,NA,33.38880000000000,NA,0.50210000000000,2.04390000000000,NA,9366.9250,33.7944,33.2923,0.5021,35.0317,0.3045,0.3045,0.0000,NA,NA,NA
ExperienceX.exe,56308,0x216C7EA03E0,DXGI,1,0,0,Composed: Flip,9416.2855,NA,16.06820000000000,NA,0.15430000000000,0.75460000000000,NA,9400.7194,15.7204,15.5661,0.1543,16.0209,0.2998,0.2998,0.0000,NA,NA,NA
ExperienceX.exe,56308,0x216838E1150,DXGI,1,0,0,Composed: Flip,9416.2688,NA,15.71740000000000,33.34330000000000,0.07000000000000,0.47150000000000,33.1180,9400.6553,15.6835,15.6135,0.0700,1.6059,14.4791,2.4769,12.0022,0.0861,9400.6553,NA
ExperienceX.exe,56308,0x216838E1150,DXGI,1,0,0,Composed: Flip,9434.0287,NA,17.75990000000000,NA,0.33010000000000,0.92330000000000,NA,9416.3388,18.0200,17.6899,0.3301,17.3748,1.2384,1.2384,0.0000,NA,NA,NA
ExperienceX.exe,56308,0x216C829D570,DXGI,1,0,0,Composed: Flip,9400.2462,NA,16.94090000000000,66.76720000000000,0.40950000000000,1.42590000000000,32.5583,9383.4667,17.1890,16.7795,0.4095,16.4813,1.7241,1.7241,0.0000,-0.2719,9383.4667,NA
ExperienceX.exe,56308,0x216C829D570,DXGI,1,0,0,Composed: Flip,9416.2854,NA,16.03920000000000,NA,0.10790000000000,1.08170000000000,NA,9400.6557,15.7376,15.6297,0.1079,16.3844,0.3270,0.3207,0.0063,NA,NA,NA
ExperienceX.exe,56308,0x216C829D570,DXGI,1,0,0,Composed: Flip,9434.4524,NA,18.16700000000000,NA,0.06220000000000,1.31470000000000,NA,9416.3933,18.1213,18.0591,0.0622,18.5587,0.8151,0.8151,0.0000,NA,NA,NA
ExperienceX.exe,56308,0x216C829D570,DXGI,1,0,0,Composed: Flip,9449.5691,NA,15.11670000000000,NA,0.10930000000000,0.78950000000000,NA,9434.5146,15.1638,15.0545,0.1093,15.5415,0.3025,0.3025,0.0000,NA,NA,NA
ExperienceX.exe,56308,0x216C829D570,DXGI,1,0,0,Composed: Flip,9466.9751,NA,17.40600000000000,66.56380000000000,0.49850000000000,1.17260000000000,32.3932,9449.6784,17.7952,17.2967,0.4985,16.9749,1.4944,1.4944,0.0000,-0.3521,9449.6784,NA
ExperienceX.exe,56308,0x216838E1150,DXGI,1,0,0,Composed: Flip,9449.5692,NA,15.54050000000000,33.32490000000000,0.10930000000000,0.48690000000000,33.1425,9434.3588,15.3197,15.2104,0.1093,1.6934,14.0039,2.3705,11.6334,0.3786,9434.3588,NA
ExperienceX.exe,56308,0x216838E1150,DXGI,1,0,0,Composed: Flip,9467.1281,NA,17.55890000000000,NA,0.13910000000000,1.90160000000000,NA,9449.6785,17.5887,17.4496,0.1391,18.7477,0.6035,0.6035,0.0000,NA,NA,NA
ExperienceX.exe,56308,0x216838E1150,DXGI,1,0,0,Composed: Flip,9482.9761,NA,15.84800000000000,NA,0.17390000000000,0.89540000000000,NA,9467.2672,15.8828,15.7089,0.1739,16.1234,0.4809,0.4809,0.0000,NA,NA,NA
ExperienceX.exe,56308,0x216838E1150,DXGI,1,0,0,Composed: Flip,9499.8278,NA,16.85170000000000,49.99470000000000,0.43650000000000,1.85470000000000,32.8786,9483.1500,17.1143,16.6778,0.4365,16.8124,1.7201,1.7201,0.0000,-1.2035,9483.1500,NA
ExperienceX.exe,56308,0x216C7EA03E0,DXGI,1,0,0,Composed: Flip,9434.0351,NA,17.74960000000000,83.08680000000001,0.35020000000000,2.01710000000000,32.0139,9416.4398,17.9455,17.5953,0.3502,19.3273,0.2851,0.2851,0.0000,-0.8584,9416.4398,NA
ExperienceX.exe,56308,0x216C7EA03E0,DXGI,1,0,0,Composed: Flip,9449.5695,NA,15.53440000000000,NA,0.10890000000000,1.12180000000000,NA,9434.3853,15.2931,15.1842,0.1089,15.9733,0.3327,0.3261,0.0066,NA,NA,NA
ExperienceX.exe,56308,0x216C7EA03E0,DXGI,1,0,0,Composed: Flip,9467.4084,NA,17.83890000000000,NA,0.10790000000000,1.01780000000000,NA,9449.6784,17.8379,17.7300,0.1079,18.4693,0.2785,0.2785,0.0000,NA,NA,NA
ExperienceX.exe,56308,0x216C7EA03E0,DXGI,1,0,0,Composed: Flip,9482.9094,NA,15.50100000000000,NA,0.07010000000000,0.48120000000000,NA,9467.5163,15.4632,15.3931,0.0701,1.5134,14.3609,2.7900,11.5709,NA,NA,NA
ExperienceX.exe,56308,0x216C7EA03E0,DXGI,1,0,0,Composed: Flip,9500.4307,NA,17.52130000000000,NA,0.14490000000000,1.83970000000000,NA,9482.9795,17.5961,17.4512,0.1449,18.9879,0.3030,0.3030,0.0000,NA,NA,NA
ExperienceX.exe,56308,0x216C7EA03E0,DXGI,1,0,0,Composed: Flip,9516.3369,NA,15.90620000000000,NA,0.18200000000000,0.74080000000000,NA,9500.5756,15.9433,15.7613,0.1820,16.3560,0.1461,0.1461,0.0000,NA,NA,NA
ExperienceX.exe,56308,0x216C7EA03E0,DXGI,1,0,0,Composed: Flip,9533.6883,NA,17.35140000000000,100.28370000000001,0.07860000000000,1.93050000000000,32.6444,9516.5189,17.2480,17.1694,0.0786,16.8832,2.2167,2.1346,0.0821,-0.2046,9516.5189,NA
ExperienceX.exe,56308,0x216C829D570,DXGI,1,0,0,Composed: Flip,9482.9097,NA,15.93460000000000,16.68010000000000,0.06970000000000,1.26730000000000,33.1387,9467.4736,15.5058,15.4361,0.0697,16.3979,0.3055,0.2998,0.0057,1.1151,9467.4736,NA
ExperienceX.exe,56308,0x216C829D570,DXGI,1,0,0,Composed: Flip,9500.4900,NA,17.58030000000000,NA,0.06360000000000,1.47740000000000,NA,9482.9794,17.5742,17.5106,0.0636,18.7031,0.2849,0.2849,0.0000,NA,NA,NA
ExperienceX.exe,56308,0x216C829D570,DXGI,1,0,0,Composed: Flip,9516.3366,NA,15.84660000000000,NA,0.18220000000000,1.07010000000000,NA,9500.5536,15.9652,15.7830,0.1822,16.5241,0.3290,0.3235,0.0055,NA,NA,NA
ExperienceX.exe,56308,0x216C829D570,DXGI,1,0,0,Composed: Flip,9533.6804,NA,17.34380000000000,NA,0.06130000000000,2.24030000000000,NA,9516.5188,17.2229,17.1616,0.0613,19.1000,0.3019,0.3019,0.0000,NA,NA,NA
ExperienceX.exe,56308,0x216C829D570,DXGI,1,0,0,Composed: Flip,9549.5763,NA,15.89590000000000,NA,0.05980000000000,1.28730000000000,NA,9533.7417,15.8944,15.8346,0.0598,16.8454,0.2765,0.2765,0.0000,NA,NA,NA
ExperienceX.exe,56308,0x216C7EA03E0,DXGI,1,0,0,Composed: Flip,9549.5759,NA,15.88760000000000,16.36860000000000,0.06000000000000,1.57580000000000,33.1254,9533.7669,15.8690,15.8090,0.0600,17.0967,0.2881,0.2827,0.0054,0.8794,9533.7669,NA
ExperienceX.exe,56308,0x216C7EA03E0,DXGI,1,0,0,Composed: Flip,9568.9434,NA,19.36750000000000,NA,0.40130000000000,2.55910000000000,NA,9549.6359,19.7088,19.3075,0.4013,21.6014,0.2652,0.2652,0.0000,NA,NA,NA
ExperienceX.exe,56308,0x216838E1150,DXGI,1,0,0,Composed: Flip,9516.3048,NA,16.47700000000000,16.66110000000000,0.10670000000000,0.62680000000000,33.0627,9500.2643,16.1472,16.0405,0.1067,2.0061,14.6612,2.7334,11.9278,0.4532,9500.2643,NA
ExperienceX.exe,56308,0x216838E1150,DXGI,1,0,0,Composed: Flip,9533.5480,NA,17.24320000000000,NA,0.11030000000000,4.36010000000000,NA,9516.4115,17.2468,17.1365,0.1103,19.5092,1.9874,1.9874,0.0000,NA,NA,NA
ExperienceX.exe,56308,0x216838E1150,DXGI,1,0,0,Composed: Flip,9549.5782,NA,16.03020000000000,NA,0.05750000000000,1.00890000000000,NA,9533.6583,15.9774,15.9199,0.0575,4.2498,12.6790,1.2977,11.3813,NA,NA,NA
ExperienceX.exe,56308,0x216838E1150,DXGI,1,0,0,Composed: Flip,9567.7632,NA,18.18500000000000,NA,1.35960000000000,4.40820000000000,NA,9549.6357,19.4871,18.1275,1.3596,21.8668,0.6689,0.6689,0.0000,NA,NA,NA
ExperienceX.exe,56308,0x216838E1150,DXGI,1,0,0,Composed: Flip,9582.8984,NA,15.13520000000000,NA,0.05590000000000,1.04220000000000,NA,9569.1228,13.8315,13.7756,0.0559,3.0486,11.7692,1.9447,9.8245,NA,NA,NA
ExperienceX.exe,56308,0x216C7EA03E0,DXGI,1,0,0,Composed: Flip,9582.8929,NA,13.94950000000000,33.39110000000000,0.04730000000000,1.68600000000000,33.1995,9569.3447,13.5955,13.5482,0.0473,14.8949,0.3393,0.3331,0.0062,2.1867,9569.3447,NA
ExperienceX.exe,56308,0x216C7EA03E0,DXGI,1,0,0,Composed: Flip,9601.0570,NA,18.16410000000000,NA,0.13720000000000,1.81830000000000,NA,9582.9402,18.2540,18.1168,0.1372,19.3111,0.6240,0.6240,0.0000,NA,NA,NA
ExperienceX.exe,56308,0x216C829D570,DXGI,1,0,0,Composed: Flip,9568.8172,NA,19.24090000000000,83.32190000000000,0.20550000000000,2.42010000000000,30.5531,9549.6361,19.3866,19.1811,0.2055,18.5338,3.0674,3.0674,0.0000,-1.1594,9549.6361,NA
ExperienceX.exe,56308,0x216C829D570,DXGI,1,0,0,Composed: Flip,9582.9450,NA,14.12780000000000,NA,0.20850000000000,1.29460000000000,NA,9569.0227,14.1308,13.9223,0.2085,14.9179,0.2990,0.2990,0.0000,NA,NA,NA
ExperienceX.exe,56308,0x216C829D570,DXGI,1,0,0,Composed: Flip,9600.8435,NA,17.89850000000000,NA,0.43980000000000,1.40780000000000,NA,9583.1535,18.1298,17.6900,0.4398,18.7915,0.3063,0.3063,0.0000,NA,NA,NA
ExperienceX.exe,56308,0x216C829D570,DXGI,1,0,0,Composed: Flip,9616.3436,NA,15.50010000000000,NA,0.17990000000000,0.89530000000000,NA,9601.2833,15.2402,15.0603,0.1799,15.7420,0.2136,0.2136,0.0000,NA,NA,NA
ExperienceX.exe,56308,0x216C7EA03E0,DXGI,1,0,0,Composed: Flip,9616.3032,NA,15.24620000000000,33.38810000000000,0.05810000000000,1.26620000000000,33.1773,9601.1942,15.1671,15.1090,0.0581,16.0447,0.3305,0.3243,0.0062,-1.5386,9601.1942,NA
ExperienceX.exe,56308,0x216C7EA03E0,DXGI,1,0,0,Composed: Flip,9633.4178,NA,17.11460000000000,NA,0.32350000000000,2.23660000000000,NA,9616.3613,17.3800,17.0565,0.3235,19.0083,0.2848,0.2848,0.0000,NA,NA,NA
ExperienceX.exe,56308,0x216C7EA03E0,DXGI,1,0,0,Composed: Flip,9649.8969,NA,16.47910000000000,33.25760000000000,0.09410000000000,1.37630000000000,32.8412,9633.7413,16.2497,16.1556,0.0941,17.2119,0.3200,0.3127,0.0073,-0.7105,9633.7413,NA
ExperienceX.exe,56308,0x216C7EA03E0,DXGI,1,0,0,Composed: Flip,9667.1376,NA,17.24070000000000,16.65310000000000,0.09360000000000,1.05810000000000,32.2536,9649.9910,17.2402,17.1466,0.0936,16.6794,1.5253,1.5253,0.0000,-0.4034,9649.9910,NA
ExperienceX.exe,56308,0x216C829D570,DXGI,1,0,0,Composed: Flip,9633.6386,NA,17.29500000000000,66.66860000000000,0.07550000000000,1.40680000000000,32.4003,9616.5235,17.1906,17.1151,0.0755,16.7244,1.7975,1.7975,0.0000,0.2188,9616.5235,NA
ExperienceX.exe,56308,0x216C829D570,DXGI,1,0,0,Composed: Flip,9649.8976,NA,16.25900000000000,NA,0.09330000000000,0.77500000000000,NA,9633.7141,16.2768,16.1835,0.0933,1.9403,15.0182,2.4786,12.5396,NA,NA,NA
ExperienceX.exe,56308,0x216C829D570,DXGI,1,0,0,Composed: Flip,9667.1320,NA,17.23440000000000,NA,0.09730000000000,1.36110000000000,NA,9649.9909,17.2384,17.1411,0.0973,18.2048,0.2974,0.2974,0.0000,NA,NA,NA
ExperienceX.exe,56308,0x216C829D570,DXGI,1,0,0,Composed: Flip,9682.9333,NA,15.80130000000000,NA,0.07490000000000,0.47450000000000,NA,9667.2293,15.7789,15.7040,0.0749,2.5232,13.6553,1.6193,12.0360,NA,NA,NA
ExperienceX.exe,56308,0x216838E1150,DXGI,1,0,0,Composed: Flip,9600.7466,NA,17.84820000000000,83.34050000000001,0.17680000000000,1.19840000000000,31.9614,9582.9543,17.9691,17.7923,0.1768,17.4522,1.5385,1.5385,0.0000,-0.6505,9582.9543,NA
ExperienceX.exe,56308,0x216838E1150,DXGI,1,0,0,Composed: Flip,9616.3010,NA,15.55440000000000,NA,0.05850000000000,0.72430000000000,NA,9600.9234,15.4361,15.3776,0.0585,1.9519,14.1500,2.5751,11.5749,NA,NA,NA
ExperienceX.exe,56308,0x216838E1150,DXGI,1,0,0,Composed: Flip,9633.6026,NA,17.30160000000000,NA,0.11170000000000,1.76700000000000,NA,9616.3595,17.3548,17.2431,0.1117,18.6859,0.3242,0.3242,0.0000,NA,NA,NA
ExperienceX.exe,56308,0x216838E1150,DXGI,1,0,0,Composed: Flip,9649.8973,NA,16.29470000000000,NA,0.09820000000000,1.05590000000000,NA,9633.7143,16.2812,16.1830,0.0982,16.9583,0.2806,0.2806,0.0000,NA,NA,NA
ExperienceX.exe,56308,0x216838E1150,DXGI,1,0,0,Composed: Flip,9666.9392,NA,17.04190000000000,NA,0.37120000000000,2.81330000000000,NA,9649.9955,17.3149,16.9437,0.3712,18.4976,1.2594,1.2594,0.0000,NA,NA,NA
ExperienceX.exe,56308,0x216838E1150,DXGI,1,0,0,Composed: Flip,9682.9348,NA,15.99560000000000,NA,0.07380000000000,1.11470000000000,NA,9667.3104,15.6982,15.6244,0.0738,16.4167,0.3224,0.3153,0.0071,NA,NA,NA
ExperienceX.exe,56308,0x216838E1150,DXGI,1,0,0,Composed: Flip,9700.3853,NA,17.45050000000000,NA,0.33880000000000,1.65650000000000,NA,9683.0086,17.7155,17.3767,0.3388,18.7296,0.3036,0.3036,0.0000,NA,NA,NA
ExperienceX.exe,56308,0x216C829D570,DXGI,1,0,0,Composed: Flip,9700.4002,NA,17.46690000000000,66.67590000000000,0.23220000000000,1.33800000000000,32.3146,9683.0082,17.6242,17.3920,0.2322,17.1900,1.5400,1.5400,0.0000,-0.1912,9683.0082,NA
ExperienceX.exe,56308,0x216C7EA03E0,DXGI,1,0,0,Composed: Flip,9682.9326,NA,15.79500000000000,16.67240000000000,0.07520000000000,0.79450000000000,33.1310,9667.2312,15.7766,15.7014,0.0752,16.1766,0.3193,0.3193,0.0000,0.5678,9667.2312,NA
ExperienceX.exe,56308,0x216C7EA03E0,DXGI,1,0,0,Composed: Flip,9700.3957,NA,17.46310000000000,NA,0.12140000000000,2.30060000000000,NA,9683.0078,17.5093,17.3879,0.1214,19.0340,0.6545,0.6545,0.0000,NA,NA,NA
ExperienceX.exe,56308,0x216C7EA03E0,DXGI,1,0,0,Composed: Flip,9716.4384,NA,16.04270000000000,NA,0.16800000000000,0.84500000000000,NA,9700.5171,16.0893,15.9213,0.1680,2.1792,14.5871,2.9801,11.6070,NA,NA,NA
ExperienceX.exe,56308,0x216C7EA03E0,DXGI,1,0,0,Composed: Flip,9734.6567,NA,18.21830000000000,NA,0.10730000000000,1.25770000000000,NA,9716.6064,18.1576,18.0503,0.1073,17.0834,2.2246,1.9252,0.2994,NA,NA,NA
ExperienceX.exe,56308,0x216838E1150,DXGI,1,0,0,Composed: Flip,9716.4009,NA,16.01560000000000,116.73460000000000,0.08170000000000,1.18650000000000,33.0417,9700.7241,15.7585,15.6768,0.0817,16.5593,0.3040,0.3040,0.0000,1.0352,9700.7241,NA
ExperienceX.exe,56308,0x216838E1150,DXGI,1,0,0,Composed: Flip,9734.6814,NA,18.28050000000000,NA,0.08210000000000,1.53970000000000,NA,9716.4826,18.2809,18.1988,0.0821,19.4318,0.3067,0.3067,0.0000,NA,NA,NA
ExperienceX.exe,56308,0x216838E1150,DXGI,1,0,0,Composed: Flip,9749.7478,NA,15.06640000000000,NA,0.21250000000000,1.60600000000000,NA,9734.7635,15.1968,14.9843,0.2125,16.3935,0.1968,0.1968,0.0000,NA,NA,NA
ExperienceX.exe,56308,0x216C829D570,DXGI,1,0,0,Composed: Flip,9734.8349,NA,34.43470000000000,33.49400000000000,0.06580000000000,1.69240000000000,31.3739,9700.6324,34.2683,34.2025,0.0658,35.5887,0.3062,0.3062,0.0000,-15.8698,9700.6324,NA
ExperienceX.exe,56308,0x216C829D570,DXGI,1,0,0,Composed: Flip,9749.7479,NA,14.91300000000000,NA,0.21270000000000,1.40910000000000,NA,9734.9007,15.0599,14.8472,0.2127,1.6266,14.6297,3.4164,11.2133,NA,NA,NA
ExperienceX.exe,56308,0x216C829D570,DXGI,1,0,0,Composed: Flip,9768.2778,NA,18.52990000000000,NA,0.17400000000000,2.52910000000000,NA,9749.9606,18.4912,18.3172,0.1740,20.5635,0.2828,0.2828,0.0000,NA,NA,NA
ExperienceX.exe,56308,0x216C7EA03E0,DXGI,1,0,0,Composed: Flip,9749.7481,NA,15.09140000000000,66.67390000000000,0.21240000000000,1.91190000000000,32.9894,9734.7640,15.1965,14.9841,0.2124,16.5898,0.3062,0.3022,0.0040,0.8589,9734.7640,NA
ExperienceX.exe,56308,0x216C7EA03E0,DXGI,1,0,0,Composed: Flip,9767.0260,NA,17.27790000000000,NA,0.24500000000000,3.49810000000000,NA,9749.9605,17.3105,17.0655,0.2450,19.1387,1.4249,1.4249,0.0000,NA,NA,NA
ExperienceX.exe,56308,0x216C7EA03E0,DXGI,1,0,0,Composed: Flip,9782.9971,NA,15.97110000000000,NA,0.09480000000000,0.49390000000000,NA,9767.2710,15.8209,15.7261,0.0948,3.5359,12.6841,1.5987,11.0854,NA,NA,NA
ExperienceX.exe,56308,0x216838E1150,DXGI,1,0,0,Composed: Flip,9767.8199,NA,18.07210000000000,49.92670000000000,0.18890000000000,1.27930000000000,31.5494,9749.9603,18.0485,17.8596,0.1889,17.4696,1.6693,1.6693,0.0000,-0.6905,9749.9603,NA
ExperienceX.exe,56308,0x216838E1150,DXGI,1,0,0,Composed: Flip,9783.0389,NA,15.21900000000000,NA,0.16070000000000,0.75170000000000,NA,9768.0088,15.1908,15.0301,0.1607,15.4822,0.2996,0.2996,0.0000,NA,NA,NA
ExperienceX.exe,56308,0x216838E1150,DXGI,1,0,0,Composed: Flip,9800.6307,NA,17.59180000000000,NA,0.07880000000000,1.42620000000000,NA,9783.1996,17.5099,17.4311,0.0788,16.8450,2.0123,1.8604,0.1519,NA,NA,NA
ExperienceX.exe,56308,0x216838E1150,DXGI,1,0,0,Composed: Flip,9816.2900,NA,15.65930000000000,50.00970000000000,0.19470000000000,0.87940000000000,33.0890,9800.7095,15.7752,15.5805,0.1947,16.1570,0.3029,0.3029,0.0000,0.7395,9800.7095,NA
ExperienceX.exe,56308,0x216C7EA03E0,DXGI,1,0,0,Composed: Flip,9800.5114,NA,17.51430000000000,50.11890000000000,0.12460000000000,2.15380000000000,32.3450,9783.0919,17.5441,17.4195,0.1246,19.3010,0.2723,0.2723,0.0000,-1.7910,9783.0919,NA
ExperienceX.exe,56308,0x216C7EA03E0,DXGI,1,0,0,Composed: Flip,9816.2902,NA,15.77880000000000,NA,0.19590000000000,1.20080000000000,NA,9800.6360,15.8501,15.6542,0.1959,16.5334,0.3216,0.3162,0.0054,NA,NA,NA
ExperienceX.exe,56308,0x216C7EA03E0,DXGI,1,0,0,Composed: Flip,9833.5153,NA,17.22510000000000,NA,0.55200000000000,2.58370000000000,NA,9816.4861,17.5812,17.0292,0.5520,19.3167,0.2962,0.2962,0.0000,NA,NA,NA
ExperienceX.exe,56308,0x216838E1150,DXGI,1,0,0,Composed: Flip,9833.9190,NA,17.62900000000000,16.65160000000000,0.24610000000000,1.58810000000000,32.1116,9816.4847,17.6804,17.4343,0.2461,17.1958,1.8266,1.8266,0.0000,-0.8764,9816.4847,NA
ExperienceX.exe,56308,0x216838E1150,DXGI,1,0,0,Composed: Flip,9849.5715,NA,15.65250000000000,NA,0.11910000000000,0.82140000000000,NA,9834.1651,15.5255,15.4064,0.1191,15.8996,0.3282,0.3282,0.0000,NA,NA,NA
ExperienceX.exe,56308,0x216838E1150,DXGI,1,0,0,Composed: Flip,9867.0149,NA,17.44340000000000,33.34450000000000,0.11290000000000,2.66060000000000,32.3602,9849.6906,17.4372,17.3243,0.1129,18.9726,1.0123,1.0123,0.0000,-0.1386,9849.6906,NA
ExperienceX.exe,56308,0x216838E1150,DXGI,1,0,0,Composed: Flip,9882.9448,NA,15.92990000000000,16.67600000000000,0.10070000000000,1.14630000000000,33.1063,9867.1278,15.9177,15.8170,0.1007,16.6289,0.3344,0.3278,0.0066,0.7612,9867.1278,NA
ExperienceX.exe,56308,0x216C829D570,DXGI,1,0,0,Composed: Flip,9783.0387,NA,14.76090000000000,49.82810000000000,0.16090000000000,1.09420000000000,32.9982,9768.4518,14.7478,14.5869,0.1609,15.3388,0.3423,0.3371,0.0052,17.9913,9768.4518,NA
ExperienceX.exe,56308,0x216C829D570,DXGI,1,0,0,Composed: Flip,9800.3420,NA,17.30330000000000,NA,0.36850000000000,2.05090000000000,NA,9783.1996,17.5109,17.1424,0.3685,18.8573,0.3360,0.3360,0.0000,NA,NA,NA
ExperienceX.exe,56308,0x216C829D570,DXGI,1,0,0,Composed: Flip,9816.2892,NA,15.94720000000000,NA,0.19740000000000,0.57730000000000,NA,9800.7105,15.7761,15.5787,0.1974,1.9547,14.2013,2.6431,11.5582,NA,NA,NA
ExperienceX.exe,56308,0x216C829D570,DXGI,1,0,0,Composed: Flip,9833.8706,NA,17.58140000000000,NA,0.11210000000000,1.93220000000000,NA,9816.4866,17.4961,17.3840,0.1121,19.0205,0.2957,0.2957,0.0000,NA,NA,NA
ExperienceX.exe,56308,0x216C829D570,DXGI,1,0,0,Composed: Flip,9866.7911,NA,32.92050000000000,NA,0.30410000000000,1.87210000000000,NA,9833.9827,33.1125,32.8084,0.3041,33.8346,0.8459,0.8459,0.0000,NA,NA,NA
ExperienceX.exe,56308,0x216C829D570,DXGI,1,0,0,Composed: Flip,9916.2972,NA,49.50610000000000,133.33600000000001,0.15850000000000,1.29570000000000,33.0757,9867.0952,49.3605,49.2020,0.1585,50.1751,0.3226,0.3175,0.0051,-34.6926,9867.0952,NA
ExperienceX.exe,56308,0x216838E1150,DXGI,1,0,0,Composed: Flip,9899.8190,NA,16.87420000000000,16.77910000000000,0.08140000000000,2.53860000000000,33.0112,9883.0455,16.8549,16.7735,0.0814,19.0011,0.3110,0.3110,0.0000,-0.8614,9883.0455,NA
ExperienceX.exe,56308,0x216838E1150,DXGI,1,0,0,Composed: Flip,9916.2855,NA,16.46650000000000,NA,0.11060000000000,0.98480000000000,NA,9899.9004,16.4957,16.3851,0.1106,17.0693,0.3006,0.3006,0.0000,NA,NA,NA
ExperienceX.exe,56308,0x216838E1150,DXGI,1,0,0,Composed: Flip,9933.8268,NA,17.54130000000000,NA,0.28430000000000,1.89130000000000,NA,9916.3961,17.7150,17.4307,0.2843,18.4744,0.8476,0.8476,0.0000,NA,NA,NA
ExperienceX.exe,56308,0x216838E1150,DXGI,1,0,0,Composed: Flip,9949.6044,NA,15.77760000000000,49.86790000000001,0.06120000000000,0.46710000000000,33.0937,9934.1111,15.5545,15.4933,0.0612,1.9358,14.0246,2.1562,11.8684,1.1977,9934.1111,NA
ExperienceX.exe,56308,0x216838E1150,DXGI,1,0,0,Composed: Flip,9969.1581,NA,19.55370000000000,16.80460000000000,0.33470000000000,1.43040000000000,30.3446,9949.6656,19.8272,19.4925,0.3347,20.4175,0.5054,0.5054,0.0000,-1.2501,9949.6656,NA
ExperienceX.exe,56308,0x216838E1150,DXGI,1,0,0,Composed: Flip,9982.9154,NA,13.75730000000000,16.54040000000000,0.10990000000000,1.06620000000000,33.1277,9969.4928,13.5325,13.4226,0.1099,14.2218,0.2670,0.2670,0.0000,3.2868,9969.4928,NA
ExperienceX.exe,56308,0x216C7EA03E0,DXGI,1,0,0,Composed: Flip,9849.5714,NA,16.05610000000000,49.85960000000000,0.11940000000000,1.14300000000000,33.1446,9834.0673,15.6235,15.5041,0.1194,16.3256,0.3215,0.3167,0.0048,1.1158,9834.0673,NA
ExperienceX.exe,56308,0x216C7EA03E0,DXGI,1,0,0,Composed: Flip,9866.7426,NA,17.17120000000000,NA,0.16560000000000,1.07470000000000,NA,9849.6908,17.2174,17.0518,0.1656,16.8787,1.2478,1.2478,0.0000,NA,NA,NA
ExperienceX.exe,56308,0x216C7EA03E0,DXGI,1,0,0,Composed: Flip,9882.9446,NA,16.20200000000000,NA,0.10150000000000,0.81210000000000,NA,9866.9082,16.1379,16.0364,0.1015,16.5208,0.3277,0.3277,0.0000,NA,NA,NA
ExperienceX.exe,56308,0x216C7EA03E0,DXGI,1,0,0,Composed: Flip,9900.1513,NA,17.20670000000000,NA,0.35150000000000,1.89530000000000,NA,9883.0461,17.4567,17.1052,0.3515,18.1578,0.8427,0.8427,0.0000,NA,NA,NA
ExperienceX.exe,56308,0x216C7EA03E0,DXGI,1,0,0,Composed: Flip,9934.0194,NA,33.86810000000000,NA,0.12010000000000,0.85110000000000,NA,9900.5028,33.6367,33.5166,0.1201,33.1125,1.2552,1.2552,0.0000,NA,NA,NA
ExperienceX.exe,56308,0x216C7EA03E0,DXGI,1,0,0,Composed: Flip,9949.5983,NA,15.57890000000000,NA,0.06770000000000,0.78480000000000,NA,9934.1395,15.5265,15.4588,0.0677,15.9320,0.3116,0.3116,0.0000,NA,NA,NA
ExperienceX.exe,56308,0x216C7EA03E0,DXGI,1,0,0,Composed: Flip,9969.1569,NA,19.55860000000000,NA,0.27780000000000,0.92620000000000,NA,9949.6660,19.7687,19.4909,0.2778,18.2500,2.1671,2.1671,0.0000,NA,NA,NA
ExperienceX.exe,56308,0x216C7EA03E0,DXGI,1,0,0,Composed: Flip,9982.9150,NA,13.75810000000000,NA,0.11030000000000,0.79960000000000,NA,9969.4347,13.5906,13.4803,0.1103,3.0099,11.2700,1.4137,9.8563,NA,NA,NA
ExperienceX.exe,56308,0x216C7EA03E0,DXGI,1,0,0,Composed: Flip,10000.7363,NA,17.82130000000000,NA,0.11180000000000,0.72420000000000,NA,9983.0253,17.8228,17.7110,0.1118,17.1325,1.3027,1.3027,0.0000,NA,NA,NA
ExperienceX.exe,56308,0x216C829D570,DXGI,1,0,0,Composed: Flip,9933.9807,NA,17.68350000000000,16.99630000000000,0.07290000000000,2.06620000000000,32.3885,9916.4557,17.5979,17.5250,0.0729,19.2624,0.3288,0.3288,0.0000,32.3642,9916.4557,NA
ExperienceX.exe,56308,0x216C829D570,DXGI,1,0,0,Composed: Flip,9949.6388,NA,15.65810000000000,NA,0.16040000000000,1.08440000000000,NA,9934.0536,15.7456,15.5852,0.1604,16.3295,0.3401,0.3359,0.0042,NA,NA,NA
ExperienceX.exe,56308,0x216C829D570,DXGI,1,0,0,Composed: Flip,9971.2678,NA,21.62900000000000,NA,0.51620000000000,1.17680000000000,NA,9949.7992,21.9848,21.4686,0.5162,20.7893,1.8561,1.8561,0.0000,NA,NA,NA
ExperienceX.exe,56308,0x216C829D570,DXGI,1,0,0,Composed: Flip,9982.9307,NA,11.66290000000000,NA,0.17560000000000,1.37200000000000,NA,9971.7840,11.3223,11.1467,0.1756,12.1976,0.3211,0.3155,0.0056,NA,NA,NA
ExperienceX.exe,56308,0x216C829D570,DXGI,1,0,0,Composed: Flip,10000.4206,NA,17.48990000000000,NA,0.10330000000000,1.97510000000000,NA,9983.1063,17.4176,17.3143,0.1033,18.3542,0.9352,0.9352,0.0000,NA,NA,NA
ExperienceX.exe,56308,0x216C829D570,DXGI,1,0,0,Composed: Flip,10016.2998,NA,15.87920000000000,NA,0.17180000000000,1.42540000000000,NA,10000.5239,15.9477,15.7759,0.1718,17.0212,0.1801,0.1801,0.0000,NA,NA,NA
ExperienceX.exe,56308,0x216C829D570,DXGI,1,0,0,Composed: Flip,10033.1408,NA,16.84100000000000,99.70990000000000,0.73420000000000,2.18870000000000,32.9383,10016.4716,17.4034,16.6692,0.7342,16.9275,1.9304,1.9304,0.0000,0.3060,10016.4716,NA
ExperienceX.exe,56308,0x216838E1150,DXGI,1,0,0,Composed: Flip,10000.6561,NA,17.74070000000000,16.65340000000000,0.05680000000000,2.04540000000000,32.0404,9983.0253,17.6876,17.6308,0.0568,19.3704,0.3058,0.3058,0.0000,-3.1209,9983.0253,NA
ExperienceX.exe,56308,0x216838E1150,DXGI,1,0,0,Composed: Flip,10016.2972,NA,15.64110000000000,NA,0.10800000000000,1.73800000000000,NA,10000.7129,15.6923,15.5843,0.1080,17.0123,0.3100,0.3046,0.0054,NA,NA,NA
ExperienceX.exe,56308,0x216838E1150,DXGI,1,0,0,Composed: Flip,10033.1409,NA,16.84370000000000,NA,0.19790000000000,2.45100000000000,NA,10016.4052,16.9336,16.7357,0.1979,18.9243,0.2624,0.2624,0.0000,NA,NA,NA
ExperienceX.exe,56308,0x216838E1150,DXGI,1,0,0,Composed: Flip,10049.8510,NA,16.71010000000000,NA,0.06020000000000,1.35430000000000,NA,10033.3388,16.5724,16.5122,0.0602,17.5166,0.3499,0.3400,0.0099,NA,NA,NA
ExperienceX.exe,56308,0x216C7EA03E0,DXGI,1,0,0,Composed: Flip,10016.3010,NA,15.56470000000000,166.80190000000002,0.17050000000000,1.24410000000000,33.2169,10000.8481,15.6234,15.4529,0.1705,1.8534,14.8436,2.9183,11.9253,-0.0211,10000.8481,NA
ExperienceX.exe,56308,0x216C7EA03E0,DXGI,1,0,0,Composed: Flip,10033.1486,NA,16.84760000000000,NA,0.18910000000000,2.77310000000000,NA,10016.4715,16.8662,16.6771,0.1891,19.1204,0.3298,0.3298,0.0000,NA,NA,NA
ExperienceX.exe,56308,0x216C7EA03E0,DXGI,1,0,0,Composed: Flip,10049.8522,NA,16.70360000000000,NA,0.07700000000000,0.67010000000000,NA,10033.3377,16.5915,16.5145,0.0770,2.5840,14.6006,2.6248,11.9758,NA,NA,NA
ExperienceX.exe,56308,0x216C7EA03E0,DXGI,1,0,0,Composed: Flip,10066.6539,NA,16.80170000000000,NA,0.84020000000000,2.73730000000000,NA,10049.9292,17.5649,16.7247,0.8402,19.1523,0.3097,0.3097,0.0000,NA,NA,NA
ExperienceX.exe,56308,0x216838E1150,DXGI,1,0,0,Composed: Flip,10066.6540,NA,16.80300000000000,66.70300000000000,0.96390000000000,2.42750000000000,32.7455,10049.9112,17.7067,16.7428,0.9639,17.2976,1.8727,1.8727,0.0000,0.1829,10049.9112,NA
ExperienceX.exe,56308,0x216838E1150,DXGI,1,0,0,Composed: Flip,10082.9036,NA,16.24960000000000,NA,0.07190000000000,0.77580000000000,NA,10067.6179,15.3576,15.2857,0.0719,15.7434,0.3181,0.3181,0.0000,NA,NA,NA
ExperienceX.exe,56308,0x216838E1150,DXGI,1,0,0,Composed: Flip,10099.9303,NA,17.02670000000000,33.36850000000000,0.12080000000000,1.94380000000000,32.8377,10082.9755,17.0756,16.9548,0.1208,17.0278,1.8708,1.8708,0.0000,-0.3042,10082.9755,NA
ExperienceX.exe,56308,0x216838E1150,DXGI,1,0,0,Composed: Flip,10116.5036,NA,16.57330000000000,16.76710000000000,0.09390000000000,0.50570000000000,33.0315,10100.0511,16.5464,16.4525,0.0939,2.4509,14.5073,2.2568,12.2505,0.3085,10100.0511,NA
ExperienceX.exe,56308,0x216C7EA03E0,DXGI,1,0,0,Composed: Flip,10082.9033,NA,16.24940000000000,66.69970000000001,0.07220000000000,0.45800000000000,33.3143,10067.4941,15.4814,15.4092,0.0722,2.2090,13.6582,2.2878,11.3704,-0.0537,10067.4941,NA
ExperienceX.exe,56308,0x216C7EA03E0,DXGI,1,0,0,Composed: Flip,10100.3440,NA,17.44070000000000,NA,0.26240000000000,2.15800000000000,NA,10082.9755,17.6309,17.3685,0.2624,19.2107,0.3158,0.3158,0.0000,NA,NA,NA
ExperienceX.exe,56308,0x216C7EA03E0,DXGI,1,0,0,Composed: Flip,10134.2406,NA,33.89660000000000,NA,0.16000000000000,1.58980000000000,NA,10100.6064,33.7942,33.6342,0.1600,34.9076,0.3164,0.3164,0.0000,NA,NA,NA
ExperienceX.exe,56308,0x216838E1150,DXGI,1,0,0,Composed: Flip,10133.4644,NA,16.96080000000000,16.86680000000000,0.60630000000000,2.04960000000000,32.9375,10116.5975,17.4732,16.8669,0.6063,17.0183,1.8982,1.8982,0.0000,-0.3204,10116.5975,NA
ExperienceX.exe,56308,0x216838E1150,DXGI,1,0,0,Composed: Flip,10149.8871,NA,16.42270000000000,NA,0.18580000000000,1.04370000000000,NA,10134.0707,16.0022,15.8164,0.1858,16.5886,0.2715,0.2715,0.0000,NA,NA,NA
ExperienceX.exe,56308,0x216C7EA03E0,DXGI,1,0,0,Composed: Flip,10149.8865,NA,15.64590000000000,66.54410000000000,0.18640000000000,1.37710000000000,32.8752,10134.4006,15.6723,15.4859,0.1864,16.5302,0.3328,0.3262,0.0066,0.3624,10134.4006,NA
ExperienceX.exe,56308,0x216C7EA03E0,DXGI,1,0,0,Composed: Flip,10169.4372,NA,19.55070000000000,NA,1.06690000000000,1.61110000000000,NA,10150.0729,20.4312,19.3643,1.0669,20.1361,0.8393,0.8393,0.0000,NA,NA,NA
ExperienceX.exe,56308,0x216C829D570,DXGI,1,0,0,Composed: Flip,10049.8747,NA,16.73390000000000,16.63500000000000,0.18240000000000,0.98070000000000,32.8394,10033.8750,16.1821,15.9997,0.1824,16.6473,0.3331,0.3331,0.0000,0.7684,10033.8750,NA
ExperienceX.exe,56308,0x216C829D570,DXGI,1,0,0,Composed: Flip,10067.5770,NA,17.70230000000000,NA,0.34970000000000,2.12610000000000,NA,10050.0571,17.8696,17.5199,0.3497,19.3341,0.3119,0.3119,0.0000,NA,NA,NA
ExperienceX.exe,56308,0x216C829D570,DXGI,1,0,0,Composed: Flip,10082.9042,NA,15.32720000000000,NA,0.07150000000000,1.12220000000000,NA,10067.9267,15.0490,14.9775,0.0715,15.7527,0.3470,0.3406,0.0064,NA,NA,NA
ExperienceX.exe,56308,0x216C829D570,DXGI,1,0,0,Composed: Flip,10100.5159,NA,17.61170000000000,NA,0.08080000000000,1.67030000000000,NA,10082.9757,17.6210,17.5402,0.0808,18.8984,0.3121,0.3121,0.0000,NA,NA,NA
ExperienceX.exe,56308,0x216C829D570,DXGI,1,0,0,Composed: Flip,10116.4908,NA,15.97490000000000,NA,0.08190000000000,1.13350000000000,NA,10100.5967,15.9760,15.8941,0.0819,16.8199,0.2077,0.1999,0.0078,NA,NA,NA
ExperienceX.exe,56308,0x216C829D570,DXGI,1,0,0,Composed: Flip,10134.2559,NA,17.76510000000000,NA,0.14280000000000,1.87870000000000,NA,10116.5727,17.8260,17.6832,0.1428,19.2577,0.3042,0.3042,0.0000,NA,NA,NA
ExperienceX.exe,56308,0x216C829D570,DXGI,1,0,0,Composed: Flip,10149.8872,NA,15.63130000000000,NA,0.18580000000000,0.77210000000000,NA,10134.3987,15.6743,15.4885,0.1858,1.7359,14.5247,2.4992,12.0255,NA,NA,NA
ExperienceX.exe,56308,0x216C829D570,DXGI,1,0,0,Composed: Flip,10169.4708,NA,19.58360000000000,NA,1.23370000000000,1.85130000000000,NA,10150.0730,20.6315,19.3978,1.2337,20.9753,0.2738,0.2738,0.0000,NA,NA,NA
ExperienceX.exe,56308,0x216C829D570,DXGI,1,0,0,Composed: Flip,10183.0248,NA,13.55400000000000,NA,0.15580000000000,0.86900000000000,NA,10170.7045,12.4761,12.3203,0.1558,12.8691,0.3202,0.3202,0.0000,NA,NA,NA
ExperienceX.exe,56308,0x0,Other,-1,0,0,Composed: Flip,9050.1933,NA,166.45580000000001,199.81050000000002,0.00000000000000,0.50500000000000,32.5225,8883.7375,166.4558,166.4558,0.0000,151.9090,15.0518,3.3419,11.7099,33.8939,8883.7375,NA
ExperienceX.exe,56308,0x0,Other,-1,0,0,Composed: Flip,9150.5084,NA,100.31510000000000,NA,0.00000000000000,0.47510000000000,NA,9050.1933,100.3151,100.3151,0.0000,100.5185,0.2717,0.2717,0.0000,NA,NA,NA
ExperienceX.exe,56308,0x0,Other,-1,0,0,Composed: Flip,9250.2399,NA,99.73150000000001,NA,0.00000000000000,0.36300000000000,NA,9150.5084,99.7315,99.7315,0.0000,85.1136,14.9809,3.0515,11.9294,NA,NA,NA
ExperienceX.exe,56308,0x0,Other,-1,0,0,Composed: Flip,9384.1501,NA,133.91020000000000,NA,0.00000000000000,0.01730000000000,NA,9250.2399,133.9102,133.9102,0.0000,133.6493,0.2782,0.2782,0.0000,NA,NA,NA
ExperienceX.exe,56308,0x0,Other,-1,0,0,Composed: Flip,9716.8407,NA,332.69060000000002,NA,0.00000000000000,1.04450000000000,NA,9384.1501,332.6906,332.6906,0.0000,333.4373,0.2978,0.2900,0.0078,NA,NA,NA
ExperienceX.exe,56308,0x0,Other,-1,0,0,Composed: Flip,9849.9308,NA,133.09010000000001,NA,0.00000000000000,0.13390000000000,NA,9716.8407,133.0901,133.0901,0.0000,119.2583,13.9657,2.1148,11.8509,NA,NA,NA
ExperienceX.exe,56308,0x0,Other,-1,0,0,Composed: Flip,9883.2654,NA,33.33460000000000,NA,0.00000000000000,0.16360000000000,NA,9849.9308,33.3346,33.3346,0.0000,19.7447,13.7535,1.5534,12.2001,NA,NA,NA
ExperienceX.exe,56308,0x0,Other,-1,0,0,Composed: Flip,9900.6094,NA,17.34400000000000,NA,0.00000000000000,0.59450000000000,NA,9883.2654,17.3440,17.3440,0.0000,16.6666,1.2719,1.2719,0.0000,NA,NA,NA
ExperienceX.exe,56308,0x0,Other,-1,0,0,Composed: Flip,9916.7066,NA,16.09720000000000,NA,0.00000000000000,0.26310000000000,NA,9900.6094,16.0972,16.0972,0.0000,1.7482,14.6121,2.3680,12.2441,NA,NA,NA
ExperienceX.exe,56308,0x0,Other,-1,0,0,Composed: Flip,10116.8450,NA,200.13840000000002,NA,0.00000000000000,0.57160000000000,NA,9916.7066,200.1384,200.1384,0.0000,200.3027,0.4073,0.4073,0.0000,NA,NA,NA
ExperienceX.exe,56308,0x0,Other,-1,0,0,Composed: Flip,10217.0748,NA,100.22980000000001,NA,0.00000000000000,0.51340000000000,NA,10116.8450,100.2298,100.2298,0.0000,100.1559,0.5873,0.5573,0.0300,NA,NA,NA
ExperienceX.exe,56308,0x216C829D570,DXGI,1,0,0,Composed: Flip,10200.3685,NA,17.34370000000000,150.03270000000001,0.29520000000000,3.55800000000000,32.3783,10183.1806,17.4831,17.1879,0.2952,17.6436,3.1023,2.9780,0.1243,-0.7271,10183.1806,NA
ExperienceX.exe,56308,0x216C829D570,DXGI,1,0,0,Composed: Flip,10216.3965,NA,16.02800000000000,NA,0.17190000000000,0.60440000000000,NA,10200.6637,15.9047,15.7328,0.1719,3.8605,12.4767,2.1195,10.3572,NA,NA,NA
ExperienceX.exe,56308,0x216C7EA03E0,DXGI,1,0,0,Composed: Flip,10183.0246,NA,13.58740000000000,33.36130000000000,0.15610000000000,0.54900000000000,33.0984,10170.5041,12.6766,12.5205,0.1561,0.8180,12.2515,2.9273,9.3242,2.7422,10170.5041,NA
ExperienceX.exe,56308,0x216C7EA03E0,DXGI,1,0,0,Composed: Flip,10200.3675,NA,17.34290000000000,NA,0.25660000000000,4.15670000000000,NA,10183.1807,17.4434,17.1868,0.2566,21.0304,0.3131,0.3131,0.0000,NA,NA,NA
ExperienceX.exe,56308,0x216C7EA03E0,DXGI,1,0,0,Composed: Flip,10234.2971,NA,33.92960000000000,NA,0.17530000000000,2.15160000000000,NA,10200.6241,33.8483,33.6730,0.1753,35.1380,0.6866,0.6866,0.0000,NA,NA,NA
ExperienceX.exe,56308,0x216C829D570,DXGI,1,0,0,Composed: Flip,10234.4738,NA,18.07730000000000,33.39570000000001,0.07570000000000,0.96250000000000,31.6687,10216.5684,17.9811,17.9054,0.0757,16.9330,1.9349,1.6870,0.2479,-0.0079,10216.5684,NA
ExperienceX.exe,56308,0x216838E1150,DXGI,1,0,0,Composed: Flip,10167.4918,NA,17.60470000000000,33.13590000000000,0.35440000000000,2.71720000000000,32.0460,10150.0729,17.7733,17.4189,0.3544,17.9913,2.1448,2.0679,0.0769,0.3395,10150.0729,NA
ExperienceX.exe,56308,0x216838E1150,DXGI,1,0,0,Composed: Flip,10183.0250,NA,15.53320000000000,NA,0.15550000000000,1.21610000000000,NA,10167.8462,15.3343,15.1788,0.1555,16.0476,0.3473,0.3438,0.0035,NA,NA,NA
ExperienceX.exe,56308,0x216838E1150,DXGI,1,0,0,Composed: Flip,10200.3673,NA,17.34230000000000,NA,1.50100000000000,3.84380000000000,NA,10183.1805,18.6878,17.1868,1.5010,20.7460,0.2846,0.2846,0.0000,NA,NA,NA
ExperienceX.exe,56308,0x216838E1150,DXGI,1,0,0,Composed: Flip,10233.9419,NA,33.57460000000000,NA,0.60780000000000,1.82020000000000,NA,10201.8683,32.6814,32.0736,0.6078,33.5680,0.3258,0.3258,0.0000,NA,NA,NA
ExperienceX.exe,56308,0x216838E1150,DXGI,1,0,0,Composed: Flip,10249.5522,NA,15.61030000000000,NA,0.10130000000000,1.46380000000000,NA,10234.5497,15.1038,15.0025,0.1013,1.8990,14.5673,3.1671,11.4002,NA,NA,NA
ExperienceX.exe,56308,0x216838E1150,DXGI,1,0,0,Composed: Flip,10267.7478,NA,18.19560000000000,NA,0.08750000000000,1.81870000000000,NA,10249.6535,18.1818,18.0943,0.0875,19.0717,0.8413,0.8413,0.0000,NA,NA,NA
ExperienceX.exe,56308,0x216C829D570,DXGI,1,0,0,Composed: Flip,10267.7172,NA,33.24340000000000,33.26330000000000,0.21210000000000,2.18310000000000,31.6886,10234.5495,33.3798,33.1677,0.2121,35.0170,0.3338,0.3338,0.0000,-15.2822,10234.5495,NA
ExperienceX.exe,56308,0x216C829D570,DXGI,1,0,0,Composed: Flip,10283.4759,NA,15.75870000000000,NA,0.28280000000000,1.98850000000000,NA,10267.9293,15.8294,15.5466,0.2828,17.5315,0.0036,0.0036,0.0000,NA,NA,NA
ExperienceX.exe,56308,0x216838E1150,DXGI,1,0,0,Composed: Flip,10283.4746,NA,15.72680000000000,116.60050000000001,0.16440000000000,1.98380000000000,32.6637,10267.8353,15.8037,15.6393,0.1644,16.9409,0.6822,0.6713,0.0109,1.1619,10267.8353,NA
ExperienceX.exe,56308,0x216838E1150,DXGI,1,0,0,Composed: Flip,10300.8196,NA,17.34500000000000,NA,0.23610000000000,1.92190000000000,NA,10283.6390,17.4167,17.1806,0.2361,18.8344,0.2681,0.2681,0.0000,NA,NA,NA
ExperienceX.exe,56308,0x216C829D570,DXGI,1,0,0,Composed: Flip,10301.2423,NA,17.76640000000000,33.31580000000000,0.05930000000000,1.23110000000000,31.4793,10283.7587,17.5429,17.4836,0.0593,16.7437,1.9710,1.9710,0.0000,15.8934,10283.7587,NA
ExperienceX.exe,56308,0x216C829D570,DXGI,1,0,0,Composed: Flip,10316.4049,NA,15.16260000000000,NA,0.08100000000000,0.62850000000000,NA,10301.3016,15.1843,15.1033,0.0810,1.7632,13.9686,2.3418,11.6268,NA,NA,NA
ExperienceX.exe,56308,0x216C7EA03E0,DXGI,1,0,0,Composed: Flip,10249.5523,NA,15.25520000000000,66.88440000000000,0.10120000000000,1.74910000000000,33.4551,10234.4724,15.1811,15.0799,0.1012,16.5436,0.2854,0.2854,0.0000,-2.9161,10234.4724,NA
ExperienceX.exe,56308,0x216C7EA03E0,DXGI,1,0,0,Composed: Flip,10268.0152,NA,18.46290000000000,NA,0.06390000000000,0.71000000000000,NA,10249.6535,18.4256,18.3617,0.0639,17.6864,1.3853,1.3853,0.0000,NA,NA,NA
ExperienceX.exe,56308,0x216C7EA03E0,DXGI,1,0,0,Composed: Flip,10283.4739,NA,15.45870000000000,NA,0.28570000000000,1.30230000000000,NA,10268.0791,15.6805,15.3948,0.2857,1.8212,14.8759,2.7990,12.0769,NA,NA,NA
ExperienceX.exe,56308,0x216C7EA03E0,DXGI,1,0,0,Composed: Flip,10300.9157,NA,17.44180000000000,NA,0.26970000000000,2.14910000000000,NA,10283.7596,17.4258,17.1561,0.2697,18.9819,0.3233,0.3233,0.0000,NA,NA,NA
ExperienceX.exe,56308,0x216C7EA03E0,DXGI,1,0,0,Composed: Flip,10316.4578,NA,15.54210000000000,NA,0.16590000000000,1.01740000000000,NA,10301.1854,15.4383,15.2724,0.1659,15.8480,0.4418,0.4418,0.0000,NA,NA,NA
ExperienceX.exe,56308,0x216C7EA03E0,DXGI,1,0,0,Composed: Flip,10333.2275,NA,16.76970000000000,NA,0.52740000000000,3.60680000000000,NA,10316.6237,17.1312,16.6038,0.5274,18.7798,1.4308,1.4308,0.0000,NA,NA,NA
ExperienceX.exe,56308,0x216838E1150,DXGI,1,0,0,Composed: Flip,10316.4584,NA,15.63880000000000,33.25530000000000,0.16520000000000,1.17560000000000,32.9352,10301.0557,15.5679,15.4027,0.1652,16.4195,0.1588,0.1543,0.0045,-0.0349,10301.0557,NA
ExperienceX.exe,56308,0x216838E1150,DXGI,1,0,0,Composed: Flip,10333.5293,NA,17.07090000000000,NA,0.13770000000000,1.87420000000000,NA,10316.6236,17.0434,16.9057,0.1377,18.4646,0.3153,0.3153,0.0000,NA,NA,NA
ExperienceX.exe,56308,0x216838E1150,DXGI,1,0,0,Composed: Flip,10349.6055,NA,16.07620000000000,NA,0.09060000000000,0.73440000000000,NA,10333.6670,16.0291,15.9385,0.0906,16.3573,0.3156,0.3156,0.0000,NA,NA,NA
ExperienceX.exe,56308,0x216C829D570,DXGI,1,0,0,Composed: Flip,10333.2277,NA,16.82280000000000,33.49670000000000,0.52470000000000,1.86050000000000,32.9906,10316.4859,17.2665,16.7418,0.5247,16.8764,1.7259,1.6614,0.0645,-0.7695,10316.4859,NA
ExperienceX.exe,56308,0x216C829D570,DXGI,1,0,0,Composed: Flip,10349.5657,NA,16.33800000000000,NA,0.06600000000000,0.45860000000000,NA,10333.7524,15.8793,15.8133,0.0660,3.0819,13.1900,1.7589,11.4311,NA,NA,NA
ExperienceX.exe,56308,0x216C829D570,DXGI,1,0,0,Composed: Flip,10366.8986,NA,17.33290000000000,NA,0.05880000000000,2.91680000000000,NA,10349.6317,17.3257,17.2669,0.0588,19.8410,0.3427,0.3427,0.0000,NA,NA,NA
ExperienceX.exe,56308,0x216C829D570,DXGI,1,0,0,Composed: Flip,10383.8542,NA,16.95560000000000,49.82460000000000,0.31720000000000,2.80260000000000,32.1887,10366.9574,17.2140,16.8968,0.3172,2.9877,16.7117,4.7966,11.9151,0.6469,10366.9574,NA
ExperienceX.exe,56308,0x216838E1150,DXGI,1,0,0,Composed: Flip,10368.4419,NA,18.83640000000000,49.98510000000000,0.15460000000000,1.03080000000000,30.9368,10349.6961,18.9004,18.7458,0.1546,17.4375,2.3391,2.2690,0.0701,-1.3447,10349.6961,NA
ExperienceX.exe,56308,0x216838E1150,DXGI,1,0,0,Composed: Flip,10399.8773,NA,31.43540000000000,NA,0.53020000000000,2.47280000000000,NA,10368.5965,31.8110,31.2808,0.5302,33.4308,0.3228,0.3228,0.0000,NA,NA,NA
ExperienceX.exe,56308,0x216838E1150,DXGI,1,0,0,Composed: Flip,10416.2697,NA,16.39240000000000,49.99970000000000,0.13870000000000,1.43710000000000,33.1087,10400.4075,16.0009,15.8622,0.1387,16.9963,0.3030,0.3030,0.0000,0.7117,10400.4075,NA
ExperienceX.exe,56308,0x216C7EA03E0,DXGI,1,0,0,Composed: Flip,10349.5734,NA,16.34590000000000,100.09950000000001,0.05830000000000,1.11620000000000,33.5335,10333.7549,15.8768,15.8185,0.0583,16.5850,0.3497,0.3430,0.0067,-0.8170,10333.7549,NA
ExperienceX.exe,56308,0x216C7EA03E0,DXGI,1,0,0,Composed: Flip,10367.6790,NA,18.10560000000000,NA,0.65820000000000,2.26610000000000,NA,10349.6317,18.7055,18.0473,0.6582,20.1837,0.1297,0.1297,0.0000,NA,NA,NA
ExperienceX.exe,56308,0x216C7EA03E0,DXGI,1,0,0,Composed: Flip,10383.8587,NA,16.17970000000000,NA,0.39320000000000,2.80200000000000,NA,10368.3372,15.9147,15.5215,0.3932,18.3210,0.0025,0.0025,0.0000,NA,NA,NA
ExperienceX.exe,56308,0x216C7EA03E0,DXGI,1,0,0,Composed: Flip,10399.8786,NA,16.01990000000000,NA,0.14860000000000,2.78960000000000,NA,10384.2519,15.7753,15.6267,0.1486,18.0982,0.3181,0.3181,0.0000,NA,NA,NA
ExperienceX.exe,56308,0x216C7EA03E0,DXGI,1,0,0,Composed: Flip,10416.2372,NA,16.35860000000000,NA,0.07860000000000,1.16660000000000,NA,10400.0272,16.2886,16.2100,0.0786,2.6410,14.7356,2.9366,11.7990,NA,NA,NA
ExperienceX.exe,56308,0x216C7EA03E0,DXGI,1,0,0,Composed: Flip,10433.2683,NA,17.03110000000000,NA,0.51540000000000,2.05280000000000,NA,10416.3158,17.4679,16.9525,0.5154,18.6832,0.3221,0.3221,0.0000,NA,NA,NA
ExperienceX.exe,56308,0x216838E1150,DXGI,1,0,0,Composed: Flip,10433.5036,NA,17.23390000000000,16.74420000000000,0.23150000000000,1.49540000000000,32.6190,10416.4084,17.3267,17.0952,0.2315,16.9386,1.6520,1.6520,0.0000,-0.7433,10416.4084,NA
ExperienceX.exe,56308,0x216838E1150,DXGI,1,0,0,Composed: Flip,10449.6194,NA,16.11580000000000,NA,0.13890000000000,2.50570000000000,NA,10433.7351,16.0232,15.8843,0.1389,18.0264,0.3636,0.3481,0.0155,NA,NA,NA
ExperienceX.exe,56308,0x216C7EA03E0,DXGI,1,0,0,Composed: Flip,10449.6196,NA,16.35130000000000,99.62860000000001,0.13870000000000,2.14190000000000,33.1159,10433.7837,15.9746,15.8359,0.1387,17.9536,0.0242,0.0242,0.0000,0.4002,10433.7837,NA
ExperienceX.exe,56308,0x216C7EA03E0,DXGI,1,0,0,Composed: Flip,10467.8599,NA,18.24030000000000,NA,0.14260000000000,1.32940000000000,NA,10449.7583,18.2442,18.1016,0.1426,17.3884,2.0426,2.0058,0.0368,NA,NA,NA
ExperienceX.exe,56308,0x216C7EA03E0,DXGI,1,0,0,Composed: Flip,10482.9642,NA,15.10430000000000,33.33770000000000,0.17980000000000,1.88560000000000,33.1090,10468.0025,15.1415,14.9617,0.1798,16.5179,0.3294,0.3237,0.0057,0.8811,10468.0025,NA
ExperienceX.exe,56308,0x216C829D570,DXGI,1,0,0,Composed: Flip,10399.8785,NA,16.02430000000000,16.69960000000000,0.45280000000000,2.14880000000000,32.8640,10384.1714,16.1599,15.7071,0.4528,15.9045,1.9514,1.9514,0.0000,0.5144,10384.1714,NA
ExperienceX.exe,56308,0x216C829D570,DXGI,1,0,0,Composed: Flip,10433.9356,NA,34.05710000000000,NA,0.06210000000000,2.76540000000000,NA,10400.3313,33.6664,33.6043,0.0621,34.9898,1.3799,1.3799,0.0000,NA,NA,NA
ExperienceX.exe,56308,0x216C829D570,DXGI,1,0,0,Composed: Flip,10467.7941,NA,33.85850000000000,NA,0.18380000000000,1.70210000000000,NA,10433.9977,33.9802,33.7964,0.1838,35.1916,0.3069,0.3069,0.0000,NA,NA,NA
ExperienceX.exe,56308,0x216C829D570,DXGI,1,0,0,Composed: Flip,10482.9644,NA,15.17030000000000,NA,0.17990000000000,1.55600000000000,NA,10467.9779,15.1664,14.9865,0.1799,16.2450,0.2975,0.2975,0.0000,NA,NA,NA
ExperienceX.exe,56308,0x216C829D570,DXGI,1,0,0,Composed: Flip,10500.3443,NA,17.37990000000000,NA,0.74350000000000,2.23920000000000,NA,10483.1443,17.9435,17.2000,0.7435,17.3067,2.1325,2.0276,0.1049,NA,NA,NA
ExperienceX.exe,56308,0x216838E1150,DXGI,1,0,0,Composed: Flip,10467.5685,NA,17.94910000000000,33.42010000000001,0.38960000000000,2.24790000000000,31.9742,10449.7583,18.1998,17.8102,0.3896,19.7379,0.3202,0.3202,0.0000,-0.0702,10449.7583,NA
ExperienceX.exe,56308,0x216838E1150,DXGI,1,0,0,Composed: Flip,10482.9647,NA,15.39620000000000,NA,0.17630000000000,1.25820000000000,NA,10467.9581,15.1829,15.0066,0.1763,1.8583,14.4065,3.1325,11.2740,NA,NA,NA
ExperienceX.exe,56308,0x216838E1150,DXGI,1,0,0,Composed: Flip,10500.9963,NA,18.03160000000000,NA,0.14510000000000,1.91330000000000,NA,10483.1410,18.0004,17.8553,0.1451,19.4425,0.3261,0.3261,0.0000,NA,NA,NA
ExperienceX.exe,56308,0x216838E1150,DXGI,1,0,0,Composed: Flip,10516.3096,NA,15.31330000000000,NA,0.21120000000000,0.97750000000000,NA,10501.1414,15.3794,15.1682,0.2112,15.6494,0.4963,0.4963,0.0000,NA,NA,NA
ExperienceX.exe,56308,0x216C7EA03E0,DXGI,1,0,0,Composed: Flip,10500.6470,NA,17.68280000000000,16.73970000000000,0.51840000000000,2.59030000000000,32.1659,10483.1440,18.0214,17.5030,0.5184,19.7656,0.3277,0.3277,0.0000,-1.5982,10483.1440,NA
ExperienceX.exe,56308,0x216C7EA03E0,DXGI,1,0,0,Composed: Flip,10516.2651,NA,15.61810000000000,NA,0.04810000000000,0.52570000000000,NA,10501.1654,15.1478,15.0997,0.0481,2.0719,13.5535,2.4329,11.1206,NA,NA,NA
ExperienceX.exe,56308,0x216C7EA03E0,DXGI,1,0,0,Composed: Flip,10535.4222,NA,19.15710000000000,NA,0.08630000000000,1.19210000000000,NA,10516.3132,19.1953,19.1090,0.0863,19.9731,0.3280,0.3280,0.0000,NA,NA,NA
ExperienceX.exe,56308,0x216C7EA03E0,DXGI,1,0,0,Composed: Flip,10549.8927,NA,14.47050000000000,49.90090000000000,0.17670000000000,1.41600000000000,32.8211,10535.5085,14.5609,14.3842,0.1767,15.4684,0.3318,0.3318,0.0000,2.4636,10535.5085,NA
ExperienceX.exe,56308,0x216C829D570,DXGI,1,0,0,Composed: Flip,10516.2671,NA,15.92280000000000,116.76610000000001,0.04600000000000,1.38960000000000,33.2415,10501.0878,15.2253,15.1793,0.0460,16.1993,0.3696,0.3574,0.0122,0.1503,10501.0878,NA
ExperienceX.exe,56308,0x216C829D570,DXGI,1,0,0,Composed: Flip,10533.9471,NA,17.68000000000000,NA,0.06110000000000,1.72720000000000,NA,10516.3131,17.6951,17.6340,0.0611,17.5193,1.8419,1.7907,0.0512,NA,NA,NA
ExperienceX.exe,56308,0x216C829D570,DXGI,1,0,0,Composed: Flip,10567.5643,NA,33.61720000000000,NA,0.08330000000000,2.01010000000000,NA,10534.0082,33.6394,33.5561,0.0833,35.2354,0.3308,0.3308,0.0000,NA,NA,NA
ExperienceX.exe,56308,0x216C7EA03E0,DXGI,1,0,0,Composed: Flip,10567.3406,NA,17.44790000000000,16.65180000000000,0.12950000000000,1.57580000000000,32.0250,10550.0694,17.4007,17.2712,0.1295,16.8932,1.9538,1.9538,0.0000,-2.0909,10550.0694,NA
ExperienceX.exe,56308,0x216C7EA03E0,DXGI,1,0,0,Composed: Flip,10582.9482,NA,15.60760000000000,NA,0.11490000000000,1.83560000000000,NA,10567.4701,15.5930,15.4781,0.1149,16.9834,0.3303,0.3252,0.0051,NA,NA,NA
ExperienceX.exe,56308,0x216838E1150,DXGI,1,0,0,Composed: Flip,10535.2226,NA,18.91300000000000,66.51210000000000,0.23370000000000,1.06370000000000,30.8322,10516.5208,18.9355,18.7018,0.2337,19.1535,0.6120,0.6120,0.0000,0.2504,10516.5208,NA
ExperienceX.exe,56308,0x216838E1150,DXGI,1,0,0,Composed: Flip,10549.8928,NA,14.67020000000000,NA,0.17570000000000,1.08410000000000,NA,10535.4563,14.6122,14.4365,0.1757,1.1580,14.3626,2.7073,11.6553,NA,NA,NA
ExperienceX.exe,56308,0x216838E1150,DXGI,1,0,0,Composed: Flip,10567.2996,NA,17.40680000000000,NA,0.19890000000000,1.94400000000000,NA,10550.0685,17.4300,17.2311,0.1989,18.8479,0.3272,0.3272,0.0000,NA,NA,NA
ExperienceX.exe,56308,0x216838E1150,DXGI,1,0,0,Composed: Flip,10582.9483,NA,15.64870000000000,NA,0.11470000000000,1.50520000000000,NA,10567.4985,15.5645,15.4498,0.1147,16.6429,0.3121,0.3121,0.0000,NA,NA,NA
ExperienceX.exe,56308,0x216838E1150,DXGI,1,0,0,Composed: Flip,10600.2285,NA,17.28020000000000,NA,0.13360000000000,2.08810000000000,NA,10583.0630,17.2991,17.1655,0.1336,18.9670,0.2866,0.2866,0.0000,NA,NA,NA
ExperienceX.exe,56308,0x216838E1150,DXGI,1,0,0,Composed: Flip,10616.2809,NA,16.05240000000000,83.47110000000001,0.08110000000000,1.27840000000000,33.2450,10600.3621,15.9999,15.9188,0.0811,16.8733,0.3239,0.3239,0.0000,0.3702,10600.3621,NA
ExperienceX.exe,56308,0x216838E1150,DXGI,1,0,0,Composed: Flip,10633.7246,NA,17.44370000000000,16.52590000000000,0.05470000000000,1.23900000000000,32.3272,10616.3620,17.4173,17.3626,0.0547,16.9478,1.6538,1.6538,0.0000,-0.5260,10616.3620,NA
ExperienceX.exe,56308,0x216838E1150,DXGI,1,0,0,Composed: Flip,10649.9674,NA,16.24280000000000,16.68870000000000,0.24630000000000,1.37980000000000,32.7731,10633.7793,16.4344,16.1881,0.2463,17.2503,0.3176,0.3176,0.0000,0.7286,10633.7793,NA
ExperienceX.exe,56308,0x216C7EA03E0,DXGI,1,0,0,Composed: Flip,10600.1972,NA,17.24900000000000,33.33440000000000,0.43050000000000,1.83280000000000,32.5028,10583.0631,17.5646,17.1341,0.4305,16.9706,1.9963,1.9963,0.0000,-0.3407,10583.0631,NA
ExperienceX.exe,56308,0x216C7EA03E0,DXGI,1,0,0,Composed: Flip,10616.2771,NA,16.07990000000000,NA,0.08520000000000,0.95830000000000,NA,10600.6277,15.7346,15.6494,0.0852,2.0143,14.5934,2.8286,11.7648,NA,NA,NA
ExperienceX.exe,56308,0x216C7EA03E0,DXGI,1,0,0,Composed: Flip,10633.1610,NA,16.88390000000000,NA,0.14050000000000,3.51850000000000,NA,10616.3623,16.9392,16.7987,0.1405,18.9222,1.3950,1.3950,0.0000,NA,NA,NA
ExperienceX.exe,56308,0x216C7EA03E0,DXGI,1,0,0,Composed: Flip,10649.9683,NA,16.80730000000000,NA,0.24570000000000,1.71380000000000,NA,10633.3015,16.9125,16.6668,0.2457,18.0457,0.3349,0.3263,0.0086,NA,NA,NA
ExperienceX.exe,56308,0x216C7EA03E0,DXGI,1,0,0,Composed: Flip,10667.2325,NA,17.26420000000000,NA,0.54470000000000,2.30470000000000,NA,10650.2140,17.5632,17.0185,0.5447,18.9968,0.3264,0.3264,0.0000,NA,NA,NA
ExperienceX.exe,56308,0x216838E1150,DXGI,1,0,0,Composed: Flip,10667.1233,NA,17.15590000000000,16.73540000000000,0.26070000000000,2.08750000000000,32.3526,10650.2137,17.1703,16.9096,0.2607,16.6539,2.3432,2.0424,0.3008,-0.3010,10650.2137,NA
ExperienceX.exe,56308,0x216838E1150,DXGI,1,0,0,Composed: Flip,10683.0236,NA,15.90030000000000,NA,0.10930000000000,0.78470000000000,NA,10667.3840,15.7489,15.6396,0.1093,2.4792,13.9451,2.7011,11.2440,NA,NA,NA
ExperienceX.exe,56308,0x216C829D570,DXGI,1,0,0,Composed: Flip,10582.9487,NA,15.38440000000000,66.56590000000000,0.11440000000000,1.19270000000000,33.1258,10567.6476,15.4155,15.3011,0.1144,1.9268,14.5670,2.8393,11.7277,-0.0061,10567.6476,NA
ExperienceX.exe,56308,0x216C829D570,DXGI,1,0,0,Composed: Flip,10600.7090,NA,17.76030000000000,NA,0.14390000000000,1.93300000000000,NA,10583.0631,17.7898,17.6459,0.1439,19.2535,0.3254,0.3254,0.0000,NA,NA,NA
ExperienceX.exe,56308,0x216C829D570,DXGI,1,0,0,Composed: Flip,10616.2773,NA,15.56830000000000,NA,0.08490000000000,1.60290000000000,NA,10600.8529,15.5093,15.4244,0.0849,16.7064,0.3209,0.3168,0.0041,NA,NA,NA
ExperienceX.exe,56308,0x216C829D570,DXGI,1,0,0,Composed: Flip,10633.5391,NA,17.26180000000000,NA,0.05520000000000,1.74540000000000,NA,10616.3622,17.2321,17.1769,0.0552,18.6014,0.3209,0.3209,0.0000,NA,NA,NA
ExperienceX.exe,56308,0x216C829D570,DXGI,1,0,0,Composed: Flip,10649.9682,NA,16.42910000000000,NA,0.24560000000000,1.06140000000000,NA,10633.5943,16.6195,16.3739,0.2456,3.0852,14.3501,2.1416,12.2085,NA,NA,NA
ExperienceX.exe,56308,0x216C829D570,DXGI,1,0,0,Composed: Flip,10666.6838,NA,16.71560000000000,NA,0.60750000000000,3.17940000000000,NA,10650.2138,17.0775,16.4700,0.6075,19.3234,0.3260,0.3260,0.0000,NA,NA,NA
ExperienceX.exe,56308,0x216C829D570,DXGI,1,0,0,Composed: Flip,10683.0584,NA,16.37460000000000,NA,0.17260000000000,1.41880000000000,NA,10667.2913,15.9397,15.7671,0.1726,16.8324,0.3535,0.3462,0.0073,NA,NA,NA
ExperienceX.exe,56308,0x216C829D570,DXGI,1,0,0,Composed: Flip,10701.0089,NA,17.95050000000000,NA,0.41460000000000,4.01780000000000,NA,10683.2310,18.1925,17.7779,0.4146,21.4715,0.3242,0.3242,0.0000,NA,NA,NA
ExperienceX.exe,56308,0x216C7EA03E0,DXGI,1,0,0,Composed: Flip,10683.0370,NA,15.80450000000000,83.35740000000000,0.09830000000000,1.08670000000000,33.0204,10667.7772,15.3581,15.2598,0.0983,16.0311,0.3154,0.3154,0.0000,1.3567,10667.7772,NA
ExperienceX.exe,56308,0x216C7EA03E0,DXGI,1,0,0,Composed: Flip,10701.9052,NA,18.86820000000000,NA,0.19600000000000,2.79730000000000,NA,10683.1353,18.9659,18.7699,0.1960,21.2503,0.3169,0.3169,0.0000,NA,NA,NA
ExperienceX.exe,56308,0x216C7EA03E0,DXGI,1,0,0,Composed: Flip,10716.2993,NA,14.39410000000000,NA,0.14820000000000,1.58580000000000,NA,10702.1012,14.3463,14.1981,0.1482,15.4535,0.3304,0.3304,0.0000,NA,NA,NA
ExperienceX.exe,56308,0x216C829D570,DXGI,1,0,0,Composed: Flip,10716.3041,NA,15.29520000000000,133.33600000000001,0.19820000000000,1.25060000000000,33.1064,10701.4235,15.0788,14.8806,0.1982,3.6032,12.5280,3.1170,9.4110,0.4399,10701.4235,NA
ExperienceX.exe,56308,0x216C829D570,DXGI,1,0,0,Composed: Flip,10733.8836,NA,17.57950000000000,NA,0.07020000000000,1.90300000000000,NA,10716.5023,17.4515,17.3813,0.0702,18.9663,0.3180,0.3180,0.0000,NA,NA,NA
ExperienceX.exe,56308,0x216838E1150,DXGI,1,0,0,Composed: Flip,10701.6480,NA,18.62440000000000,33.23830000000000,0.08390000000000,2.73760000000000,31.0662,10683.1329,18.5990,18.5151,0.0839,17.2788,3.9739,2.2071,1.7668,-0.3191,10683.1329,NA
ExperienceX.exe,56308,0x216838E1150,DXGI,1,0,0,Composed: Flip,10716.2989,NA,14.65090000000000,NA,0.14880000000000,1.91590000000000,NA,10701.7319,14.7158,14.5670,0.1488,16.1532,0.3297,0.3221,0.0076,NA,NA,NA
ExperienceX.exe,56308,0x216838E1150,DXGI,1,0,0,Composed: Flip,10733.8641,NA,17.56520000000000,NA,0.06800000000000,2.98570000000000,NA,10716.4477,17.4844,17.4164,0.0680,19.3389,1.0632,1.0632,0.0000,NA,NA,NA
ExperienceX.exe,56308,0x216838E1150,DXGI,1,0,0,Composed: Flip,10749.7578,NA,15.89370000000000,NA,0.20860000000000,1.96170000000000,NA,10733.9321,16.0343,15.8257,0.2086,17.4627,0.3247,0.3163,0.0084,NA,NA,NA
ExperienceX.exe,56308,0x216838E1150,DXGI,1,0,0,Composed: Flip,10768.3192,NA,18.56140000000000,66.68210000000001,0.17610000000000,1.59840000000000,31.0771,10749.9664,18.5289,18.3528,0.1761,17.6354,2.3158,2.2218,0.0940,0.1514,10749.9664,NA
ExperienceX.exe,56308,0x216838E1150,DXGI,1,0,0,Composed: Flip,10783.0532,NA,14.73400000000000,16.67010000000000,0.13680000000000,0.56210000000000,33.0132,10768.4953,14.6947,14.5579,0.1368,2.0739,13.0461,2.2531,10.7930,1.8588,10768.4953,NA
ExperienceX.exe,56308,0x216838E1150,DXGI,1,0,0,Composed: Flip,10799.9118,NA,16.85860000000000,16.73060000000000,0.38450000000000,3.71970000000000,32.8852,10783.1900,17.1063,16.7218,0.3845,19.3164,1.1251,1.1251,0.0000,-2.0359,10783.1900,NA
ExperienceX.exe,56308,0x216C7EA03E0,DXGI,1,0,0,Composed: Flip,10733.9808,NA,17.68150000000000,50.27920000000000,0.09110000000000,1.48780000000000,32.3558,10716.4475,17.6244,17.5333,0.0911,17.1297,1.8914,1.7598,0.1316,-1.6089,10716.4475,NA
ExperienceX.exe,56308,0x216C7EA03E0,DXGI,1,0,0,Composed: Flip,10749.7570,NA,15.77620000000000,NA,0.20940000000000,1.63780000000000,NA,10734.0719,15.8945,15.6851,0.2094,16.9940,0.3289,0.3289,0.0000,NA,NA,NA
ExperienceX.exe,56308,0x216C7EA03E0,DXGI,1,0,0,Composed: Flip,10768.4797,NA,18.72270000000000,NA,0.73320000000000,2.08950000000000,NA,10749.9664,19.2465,18.5133,0.7332,19.9552,0.6476,0.6476,0.0000,NA,NA,NA
ExperienceX.exe,56308,0x216C7EA03E0,DXGI,1,0,0,Composed: Flip,10800.1988,NA,31.71910000000000,NA,0.29080000000000,1.97280000000000,NA,10769.2129,31.2767,30.9859,0.2908,30.8306,2.1281,2.1141,0.0140,NA,NA,NA
ExperienceX.exe,56308,0x216C7EA03E0,DXGI,1,0,0,Composed: Flip,10816.3224,NA,16.12360000000000,NA,1.09060000000000,1.05430000000000,NA,10800.4896,16.9234,15.8328,1.0906,3.1419,13.7452,2.1097,11.6355,NA,NA,NA
ExperienceX.exe,56308,0x216838E1150,DXGI,1,0,0,Composed: Flip,10816.3225,NA,16.41070000000000,16.57680000000000,0.14200000000000,1.35650000000000,33.0513,10800.2963,16.1682,16.0262,0.1420,17.0804,0.3023,0.3023,0.0000,0.5295,10800.2963,NA
ExperienceX.exe,56308,0x216838E1150,DXGI,1,0,0,Composed: Flip,10833.9003,NA,17.57780000000000,NA,0.14750000000000,2.82410000000000,NA,10816.4645,17.5833,17.4358,0.1475,19.9814,0.2785,0.2785,0.0000,NA,NA,NA
ExperienceX.exe,56308,0x216838E1150,DXGI,1,0,0,Composed: Flip,10849.5798,NA,15.67950000000000,33.43400000000000,0.05710000000000,0.57670000000000,33.2280,10834.0478,15.5891,15.5320,0.0571,3.0150,13.0937,1.8706,11.2231,0.3175,10834.0478,NA
ExperienceX.exe,56308,0x216C829D570,DXGI,1,0,0,Composed: Flip,10749.7641,NA,15.88050000000000,33.35410000000000,0.26050000000000,1.30180000000000,33.0005,10733.9538,16.0708,15.8103,0.2605,2.8960,14.2161,2.6766,11.5395,-0.8238,10733.9538,NA
ExperienceX.exe,56308,0x216C829D570,DXGI,1,0,0,Composed: Flip,10768.7967,NA,19.03260000000000,NA,0.16160000000000,1.12490000000000,NA,10750.0246,18.9337,18.7721,0.1616,19.8930,0.0040,0.0040,0.0000,NA,NA,NA
ExperienceX.exe,56308,0x216C829D570,DXGI,1,0,0,Composed: Flip,10800.4919,NA,31.69520000000000,NA,0.11440000000000,2.01450000000000,NA,10768.9583,31.6480,31.5336,0.1144,33.2133,0.3348,0.3348,0.0000,NA,NA,NA
ExperienceX.exe,56308,0x216C829D570,DXGI,1,0,0,Composed: Flip,10816.3230,NA,15.83110000000000,NA,0.14140000000000,1.68380000000000,NA,10800.6063,15.8581,15.7167,0.1414,17.0727,0.3278,0.3222,0.0056,NA,NA,NA
ExperienceX.exe,56308,0x216C829D570,DXGI,1,0,0,Composed: Flip,10833.8941,NA,17.57110000000000,NA,0.41230000000000,3.16870000000000,NA,10816.4644,17.8420,17.4297,0.4123,20.2600,0.3384,0.3384,0.0000,NA,NA,NA
ExperienceX.exe,56308,0x216C829D570,DXGI,1,0,0,Composed: Flip,10849.6039,NA,15.70980000000000,NA,0.12950000000000,1.13970000000000,NA,10834.3064,15.4270,15.2975,0.1295,16.0783,0.3589,0.3534,0.0055,NA,NA,NA
ExperienceX.exe,56308,0x216C829D570,DXGI,1,0,0,Composed: Flip,10867.3610,NA,17.75710000000000,NA,0.06810000000000,1.19010000000000,NA,10849.7334,17.6957,17.6276,0.0681,17.4038,1.4139,1.4139,0.0000,NA,NA,NA
ExperienceX.exe,56308,0x216838E1150,DXGI,1,0,0,Composed: Flip,10867.6255,NA,18.04570000000000,16.58990000000000,0.15450000000000,2.23280000000000,31.7722,10849.6369,18.1431,17.9886,0.1545,19.9013,0.3201,0.3201,0.0000,-1.0008,10849.6369,NA
ExperienceX.exe,56308,0x216838E1150,DXGI,1,0,0,Composed: Flip,10883.1860,NA,15.56050000000000,NA,0.19970000000000,1.31260000000000,NA,10867.7800,15.6057,15.4060,0.1997,2.0783,14.6403,2.6648,11.9755,NA,NA,NA
ExperienceX.exe,56308,0x216838E1150,DXGI,1,0,0,Composed: Flip,10900.3560,NA,17.17000000000000,33.34360000000000,0.48570000000000,1.46720000000000,32.3853,10883.3857,17.4560,16.9703,0.4857,16.7174,1.7201,1.7201,0.0000,0.4052,10883.3857,NA
ExperienceX.exe,56308,0x216C829D570,DXGI,1,0,0,Composed: Flip,10883.1867,NA,15.82570000000000,133.29360000000000,0.19920000000000,1.64310000000000,32.8715,10867.4291,15.9568,15.7576,0.1992,17.0695,0.3312,0.3312,0.0000,0.1817,10867.4291,NA
ExperienceX.exe,56308,0x216C829D570,DXGI,1,0,0,Composed: Flip,10900.8259,NA,17.63920000000000,NA,0.06330000000000,2.01810000000000,NA,10883.3859,17.5033,17.4400,0.0633,18.7750,0.6831,0.6831,0.0000,NA,NA,NA
ExperienceX.exe,56308,0x216C829D570,DXGI,1,0,0,Composed: Flip,10916.2282,NA,15.40230000000000,NA,0.05870000000000,0.49200000000000,NA,10900.8892,15.3977,15.3390,0.0587,1.9548,13.8762,1.8831,11.9931,NA,NA,NA
ExperienceX.exe,56308,0x216C829D570,DXGI,1,0,0,Composed: Flip,10934.2663,NA,18.03810000000000,50.21130000000000,0.17340000000000,1.93620000000000,32.0032,10916.2869,18.1528,17.9794,0.1734,19.5777,0.3379,0.3379,0.0000,-1.3535,10916.2869,NA
ExperienceX.exe,56308,0x216838E1150,DXGI,1,0,0,Composed: Flip,10916.3049,NA,15.94890000000000,16.72250000000000,0.18290000000000,1.10090000000000,33.1589,10900.8417,15.6461,15.4632,0.1829,16.2130,0.3511,0.3456,0.0055,0.7335,10900.8417,NA
ExperienceX.exe,56308,0x216838E1150,DXGI,1,0,0,Composed: Flip,10934.2620,NA,17.95710000000000,NA,0.17780000000000,1.60260000000000,NA,10916.4878,17.9520,17.7742,0.1778,19.0406,0.3362,0.3362,0.0000,NA,NA,NA
ExperienceX.exe,56308,0x216838E1150,DXGI,1,0,0,Composed: Flip,10949.8932,NA,15.63120000000000,NA,0.25120000000000,1.81130000000000,NA,10934.4398,15.7046,15.4534,0.2512,17.2600,0.0047,0.0047,0.0000,NA,NA,NA
ExperienceX.exe,56308,0x216838E1150,DXGI,1,0,0,Composed: Flip,10968.5979,NA,18.70470000000000,50.03420000000001,0.48260000000000,1.38860000000000,30.9001,10950.1444,18.9361,18.4535,0.4826,19.4713,0.3708,0.3708,0.0000,-0.7315,10950.1444,NA
ExperienceX.exe,56308,0x216838E1150,DXGI,1,0,0,Composed: Flip,10982.9643,NA,14.36640000000000,16.56180000000000,0.13350000000000,1.24030000000000,33.0955,10969.0805,14.0173,13.8838,0.1335,1.1996,13.9245,3.5843,10.3402,2.3743,10969.0805,NA
ExperienceX.exe,56308,0x216C7EA03E0,DXGI,1,0,0,Composed: Flip,10833.4403,NA,17.11790000000000,99.93790000000000,0.79030000000000,3.00560000000000,32.8342,10817.4130,16.8176,16.0273,0.7903,16.2083,2.8246,2.7292,0.0954,1.0276,10817.4130,NA
ExperienceX.exe,56308,0x216C7EA03E0,DXGI,1,0,0,Composed: Flip,10849.6040,NA,16.16370000000000,NA,0.12940000000000,0.78070000000000,NA,10834.2306,15.5028,15.3734,0.1294,15.9259,0.2282,0.2282,0.0000,NA,NA,NA
ExperienceX.exe,56308,0x216C7EA03E0,DXGI,1,0,0,Composed: Flip,10867.3979,NA,17.79390000000000,NA,0.05380000000000,2.14030000000000,NA,10849.7334,17.7183,17.6645,0.0538,18.8177,0.9871,0.9871,0.0000,NA,NA,NA
ExperienceX.exe,56308,0x216C7EA03E0,DXGI,1,0,0,Composed: Flip,10883.1859,NA,15.78800000000000,NA,0.20000000000000,2.10410000000000,NA,10867.4517,15.9342,15.7342,0.2000,17.3781,0.4602,0.4536,0.0066,NA,NA,NA
ExperienceX.exe,56308,0x216C7EA03E0,DXGI,1,0,0,Composed: Flip,10900.3127,NA,17.12680000000000,NA,0.06840000000000,1.84820000000000,NA,10883.3859,16.9952,16.9268,0.0684,18.4373,0.3377,0.3377,0.0000,NA,NA,NA
ExperienceX.exe,56308,0x216C7EA03E0,DXGI,1,0,0,Composed: Flip,10916.2294,NA,15.91670000000000,NA,0.05750000000000,0.82530000000000,NA,10900.3811,15.9058,15.8483,0.0575,16.3391,0.3345,0.3345,0.0000,NA,NA,NA
ExperienceX.exe,56308,0x216C7EA03E0,DXGI,1,0,0,Composed: Flip,10934.3460,NA,18.11660000000000,NA,0.15990000000000,1.18240000000000,NA,10916.2869,18.2190,18.0591,0.1599,17.2018,2.0397,2.0397,0.0000,NA,NA,NA
ExperienceX.exe,56308,0x216C7EA03E0,DXGI,1,0,0,Composed: Flip,10949.8947,NA,15.54870000000000,NA,0.24980000000000,1.80510000000000,NA,10934.5059,15.6386,15.3888,0.2498,17.1891,0.0048,0.0048,0.0000,NA,NA,NA
ExperienceX.exe,56308,0x216C7EA03E0,DXGI,1,0,0,Composed: Flip,10968.0408,NA,18.14610000000000,NA,1.03890000000000,1.57490000000000,NA,10950.1445,18.9352,17.8963,1.0389,1.5600,17.9112,2.1689,15.7423,NA,NA,NA
ExperienceX.exe,56308,0x216C7EA03E0,DXGI,1,0,0,Composed: Flip,10982.9641,NA,14.92330000000000,NA,0.13390000000000,1.55860000000000,NA,10969.0797,14.0183,13.8844,0.1339,15.1249,0.3181,0.3181,0.0000,NA,NA,NA
ExperienceX.exe,56308,0x216C7EA03E0,DXGI,1,0,0,Composed: Flip,11001.0291,NA,18.06500000000000,NA,0.41770000000000,2.17610000000000,NA,10983.0980,18.3488,17.9311,0.4177,19.7726,0.3346,0.3346,0.0000,NA,NA,NA
ExperienceX.exe,56308,0x216C7EA03E0,DXGI,1,0,0,Composed: Flip,11016.3137,NA,15.28460000000000,183.08650000000000,0.21520000000000,1.19870000000000,33.0473,11001.4468,15.0821,14.8669,0.2152,1.7584,14.3072,2.7744,11.5328,0.9473,11001.4468,NA
ExperienceX.exe,56308,0x216838E1150,DXGI,1,0,0,Composed: Flip,11001.3541,NA,18.38980000000000,16.69990000000000,0.31760000000000,1.22250000000000,31.4056,10983.0978,18.5739,18.2563,0.3176,17.3854,2.0934,2.0934,0.0000,-2.6826,10983.0978,NA
ExperienceX.exe,56308,0x216838E1150,DXGI,1,0,0,Composed: Flip,11016.3139,NA,14.95980000000000,NA,0.21520000000000,1.54460000000000,NA,11001.6717,14.8574,14.6422,0.2152,15.8407,0.3461,0.3461,0.0000,NA,NA,NA
ExperienceX.exe,56308,0x216838E1150,DXGI,1,0,0,Composed: Flip,11034.0086,NA,17.69470000000000,NA,0.08310000000000,1.57180000000000,NA,11016.5291,17.5626,17.4795,0.0831,16.9179,2.1334,2.0808,0.0526,NA,NA,NA
ExperienceX.exe,56308,0x216838E1150,DXGI,1,0,0,Composed: Flip,11049.5715,NA,15.56290000000000,49.98510000000000,0.11840000000000,0.99880000000000,33.1733,11034.0917,15.5982,15.4798,0.1184,2.1529,14.3257,3.0152,11.3105,1.0088,11034.0917,NA
ExperienceX.exe,56308,0x216838E1150,DXGI,1,0,0,Composed: Flip,11066.7577,NA,17.18620000000000,16.75550000000000,0.05890000000000,1.58750000000000,32.7426,11049.6899,17.1267,17.0678,0.0589,16.9122,1.7431,1.7431,0.0000,-1.1573,11049.6899,NA
ExperienceX.exe,56308,0x216838E1150,DXGI,1,0,0,Composed: Flip,11082.9964,NA,16.23870000000000,16.56880000000000,0.12110000000000,1.54440000000000,33.0727,11066.8166,16.3009,16.1798,0.1211,17.3197,0.4045,0.3858,0.0187,0.5579,11066.8166,NA
ExperienceX.exe,56308,0x216838E1150,DXGI,1,0,0,Composed: Flip,11102.0625,NA,19.06610000000000,16.64490000000000,0.21880000000000,2.02010000000000,30.6515,11083.1175,19.1638,18.9450,0.2188,17.8077,3.1574,3.1574,0.0000,-0.3440,11083.1175,NA
ExperienceX.exe,56308,0x216838E1150,DXGI,1,0,0,Composed: Flip,11116.2823,NA,14.21980000000000,16.66810000000000,0.06040000000000,0.95060000000000,33.0998,11102.2813,14.0614,14.0010,0.0604,2.6876,12.2640,1.9247,10.3393,2.4957,11102.2813,NA
ExperienceX.exe,56308,0x216838E1150,DXGI,1,0,0,Composed: Flip,11133.6950,NA,17.41270000000000,17.02670000000000,0.18940000000000,2.52910000000000,32.7138,11116.3427,17.5417,17.3523,0.1894,19.5525,0.3289,0.3289,0.0000,-2.9653,11116.3427,NA
ExperienceX.exe,56308,0x216838E1150,DXGI,1,0,0,Composed: Flip,11149.5927,NA,15.89770000000000,16.39420000000000,0.09050000000000,0.73780000000000,33.2103,11133.8844,15.7988,15.7083,0.0905,2.3397,14.1064,2.0586,12.0478,1.1475,11133.8844,NA
ExperienceX.exe,56308,0x216838E1150,DXGI,1,0,0,Composed: Flip,11167.1268,NA,17.53410000000000,16.65140000000000,0.16340000000000,2.30210000000000,32.3276,11149.6832,17.6070,17.4436,0.1634,17.9583,1.7874,1.7874,0.0000,-0.8526,11149.6832,NA
ExperienceX.exe,56308,0x216838E1150,DXGI,1,0,0,Composed: Flip,11183.2011,NA,16.07430000000000,16.73760000000000,0.23800000000000,1.68900000000000,32.9909,11167.2902,16.1489,15.9109,0.2380,16.8284,0.7715,0.7616,0.0099,0.8694,11167.2902,NA
ExperienceX.exe,56308,0x216C7EA03E0,DXGI,1,0,0,Composed: Flip,11033.6428,NA,17.32910000000000,16.67620000000000,0.48250000000000,2.60180000000000,32.3944,11016.5289,17.5964,17.1139,0.4825,19.3830,0.3327,0.3327,0.0000,-1.5941,11016.5289,NA
ExperienceX.exe,56308,0x216C7EA03E0,DXGI,1,0,0,Composed: Flip,11049.5752,NA,15.93240000000000,NA,0.11470000000000,1.34090000000000,NA,11034.1253,15.5646,15.4499,0.1147,16.4450,0.3458,0.3458,0.0000,NA,NA,NA
ExperienceX.exe,56308,0x216C7EA03E0,DXGI,1,0,0,Composed: Flip,11066.9234,NA,17.34820000000000,NA,0.27550000000000,3.00000000000000,NA,11049.6899,17.5090,17.2335,0.2755,18.9738,1.2597,1.2597,0.0000,NA,NA,NA
ExperienceX.exe,56308,0x216C7EA03E0,DXGI,1,0,0,Composed: Flip,11082.9960,NA,16.07260000000000,NA,0.12140000000000,1.14030000000000,NA,11067.1989,15.9185,15.7971,0.1214,16.3722,0.5652,0.5652,0.0000,NA,NA,NA
ExperienceX.exe,56308,0x216C7EA03E0,DXGI,1,0,0,Composed: Flip,11101.6507,NA,18.65470000000000,NA,0.14340000000000,2.70540000000000,NA,11083.1174,18.6767,18.5333,0.1434,20.9652,0.2735,0.2735,0.0000,NA,NA,NA
ExperienceX.exe,56308,0x216C7EA03E0,DXGI,1,0,0,Composed: Flip,11116.3116,NA,14.66090000000000,NA,0.13130000000000,1.38550000000000,NA,11101.7941,14.6488,14.5175,0.1313,15.5608,0.3422,0.3368,0.0054,NA,NA,NA
ExperienceX.exe,56308,0x216C7EA03E0,DXGI,1,0,0,Composed: Flip,11133.9323,NA,17.62070000000000,NA,0.06650000000000,1.00060000000000,NA,11116.4429,17.5559,17.4894,0.0665,17.0681,1.4219,1.4219,0.0000,NA,NA,NA
ExperienceX.exe,56308,0x216C7EA03E0,DXGI,1,0,0,Composed: Flip,11149.5921,NA,15.65980000000000,NA,0.09130000000000,1.43090000000000,NA,11133.9988,15.6846,15.5933,0.0913,16.6829,0.3413,0.3338,0.0075,NA,NA,NA
ExperienceX.exe,56308,0x216C7EA03E0,DXGI,1,0,0,Composed: Flip,11169.7887,NA,20.19660000000000,NA,0.20630000000000,0.71390000000000,NA,11149.6834,20.3116,20.1053,0.2063,20.5822,0.2370,0.2370,0.0000,NA,NA,NA
ExperienceX.exe,56308,0x216C7EA03E0,DXGI,1,0,0,Composed: Flip,11183.2001,NA,13.41140000000000,NA,0.24260000000000,0.91850000000000,NA,11169.9950,13.4477,13.2051,0.2426,0.5076,13.6160,2.5471,11.0689,NA,NA,NA
ExperienceX.exe,56308,0x216C7EA03E0,DXGI,1,0,0,Composed: Flip,11200.3155,NA,17.11540000000000,NA,0.18920000000000,2.73370000000000,NA,11183.4427,17.0620,16.8728,0.1892,19.2870,0.3195,0.3195,0.0000,NA,NA,NA
ExperienceX.exe,56308,0x216838E1150,DXGI,1,0,0,Composed: Flip,11200.9448,NA,17.74370000000000,16.58240000000000,0.24440000000000,1.78490000000000,31.8296,11183.4391,17.7501,17.5057,0.2444,17.1872,2.1034,2.1034,0.0000,-0.4335,11183.4391,NA
ExperienceX.exe,56308,0x216838E1150,DXGI,1,0,0,Composed: Flip,11216.5777,NA,15.63290000000000,NA,0.23320000000000,1.56940000000000,NA,11201.1892,15.6217,15.3885,0.2332,2.2052,14.7527,3.8687,10.8840,NA,NA,NA
ExperienceX.exe,56308,0x216C7EA03E0,DXGI,1,0,0,Composed: Flip,11216.6114,NA,16.29590000000000,183.53130000000002,0.34210000000000,2.09090000000000,32.9571,11200.5047,16.4488,16.1067,0.3421,17.8447,0.3529,0.3447,0.0082,0.4445,11200.5047,NA
ExperienceX.exe,56308,0x216C7EA03E0,DXGI,1,0,0,Composed: Flip,11234.2022,NA,17.59080000000000,NA,0.18550000000000,1.82160000000000,NA,11216.9535,17.4342,17.2487,0.1855,18.7596,0.3107,0.3107,0.0000,NA,NA,NA
ExperienceX.exe,56308,0x216C7EA03E0,DXGI,1,0,0,Composed: Flip,11249.9160,NA,15.71380000000000,33.50710000000000,0.06750000000000,1.38770000000000,33.1596,11234.3877,15.5958,15.5283,0.0675,16.5576,0.3584,0.3498,0.0086,0.3759,11234.3877,NA
ExperienceX.exe,56308,0x216C7EA03E0,DXGI,1,0,0,Composed: Flip,11267.2869,NA,17.37090000000000,16.31130000000000,0.22330000000000,1.70520000000000,32.1000,11249.9835,17.5267,17.3034,0.2233,16.9139,2.0947,2.0947,0.0000,-0.7155,11249.9835,NA
ExperienceX.exe,56308,0x216C7EA03E0,DXGI,1,0,0,Composed: Flip,11283.3395,NA,16.05260000000000,16.84690000000000,0.18340000000000,0.73610000000000,32.8943,11267.5102,16.0127,15.8293,0.1834,2.1603,14.4051,2.1727,12.2324,0.6798,11267.5102,NA
ExperienceX.exe,56308,0x216C829D570,DXGI,1,0,0,Composed: Flip,10949.8939,NA,15.62760000000000,16.45390000000000,0.25090000000000,1.80110000000000,32.8295,10934.4397,15.7051,15.4542,0.2509,1.7628,15.4925,3.2759,12.2166,1.6989,10934.4397,NA
ExperienceX.exe,56308,0x216C829D570,DXGI,1,0,0,Composed: Flip,10968.4349,NA,18.54100000000000,NA,0.18980000000000,1.84520000000000,NA,10950.1448,18.4799,18.2901,0.1898,19.8417,0.2936,0.2936,0.0000,NA,NA,NA
ExperienceX.exe,56308,0x216C829D570,DXGI,1,0,0,Composed: Flip,10982.9640,NA,14.52910000000000,NA,0.13400000000000,1.91430000000000,NA,10968.6247,14.4733,14.3393,0.1340,15.8980,0.3556,0.3467,0.0089,NA,NA,NA
ExperienceX.exe,56308,0x216C829D570,DXGI,1,0,0,Composed: Flip,11000.9213,NA,17.95730000000000,NA,0.57460000000000,1.94930000000000,NA,10983.0980,18.3979,17.8233,0.5746,19.4786,0.2940,0.2940,0.0000,NA,NA,NA
ExperienceX.exe,56308,0x216C829D570,DXGI,1,0,0,Composed: Flip,11016.3142,NA,15.39290000000000,NA,0.21470000000000,1.88590000000000,NA,11001.4959,15.0330,14.8183,0.2147,16.3626,0.3416,0.3332,0.0084,NA,NA,NA
ExperienceX.exe,56308,0x216C829D570,DXGI,1,0,0,Composed: Flip,11034.0621,NA,17.74790000000000,NA,0.39460000000000,1.84980000000000,NA,11016.5289,17.9278,17.5332,0.3946,19.0515,0.3315,0.3315,0.0000,NA,NA,NA
ExperienceX.exe,56308,0x216C829D570,DXGI,1,0,0,Composed: Flip,11049.5746,NA,15.51250000000000,NA,0.11530000000000,1.67210000000000,NA,11034.4567,15.2332,15.1179,0.1153,16.4594,0.3306,0.3262,0.0044,NA,NA,NA
ExperienceX.exe,56308,0x216C829D570,DXGI,1,0,0,Composed: Flip,11067.0456,NA,17.47100000000000,NA,0.06110000000000,1.61810000000000,NA,11049.6899,17.4168,17.3557,0.0611,18.6553,0.3185,0.3185,0.0000,NA,NA,NA
ExperienceX.exe,56308,0x216C829D570,DXGI,1,0,0,Composed: Flip,11082.9967,NA,15.95110000000000,NA,0.12070000000000,0.57440000000000,NA,11067.1067,16.0107,15.8900,0.1207,2.8167,13.6477,1.4879,12.1598,NA,NA,NA
ExperienceX.exe,56308,0x216C829D570,DXGI,1,0,0,Composed: Flip,11101.8972,NA,18.90050000000000,NA,0.12480000000000,3.07170000000000,NA,11083.1174,18.9046,18.7798,0.1248,21.2387,0.6128,0.6128,0.0000,NA,NA,NA
ExperienceX.exe,56308,0x216C829D570,DXGI,1,0,0,Composed: Flip,11116.3119,NA,14.41470000000000,NA,0.13100000000000,1.04300000000000,NA,11102.0220,14.4209,14.2899,0.1310,15.2109,0.1220,0.1220,0.0000,NA,NA,NA
ExperienceX.exe,56308,0x216C829D570,DXGI,1,0,0,Composed: Flip,11133.6988,NA,17.38690000000000,NA,0.27490000000000,2.19640000000000,NA,11116.4429,17.5308,17.2559,0.2749,18.4900,0.9623,0.9623,0.0000,NA,NA,NA
ExperienceX.exe,56308,0x216C829D570,DXGI,1,0,0,Composed: Flip,11149.5928,NA,15.89400000000000,NA,0.09060000000000,1.08890000000000,NA,11133.9737,15.7097,15.6191,0.0906,16.3568,0.3512,0.3512,0.0000,NA,NA,NA
ExperienceX.exe,56308,0x216C829D570,DXGI,1,0,0,Composed: Flip,11183.2008,NA,33.60800000000000,NA,0.25900000000000,1.69380000000000,NA,11149.6834,33.7764,33.5174,0.2590,35.2082,0.0030,0.0030,0.0000,NA,NA,NA
ExperienceX.exe,56308,0x216C829D570,DXGI,1,0,0,Composed: Flip,11200.1743,NA,16.97350000000000,NA,0.10100000000000,3.22010000000000,NA,11183.4598,16.8155,16.7145,0.1010,19.5894,0.3452,0.3452,0.0000,NA,NA,NA
ExperienceX.exe,56308,0x216C829D570,DXGI,1,0,0,Composed: Flip,11216.6103,NA,16.43600000000000,NA,0.30740000000000,1.73910000000000,NA,11200.2753,16.6424,16.3350,0.3074,17.8718,0.2023,0.2023,0.0000,NA,NA,NA
ExperienceX.exe,56308,0x216C829D570,DXGI,1,0,0,Composed: Flip,11233.9052,NA,17.29490000000000,NA,0.09120000000000,2.44490000000000,NA,11216.9177,17.0787,16.9875,0.0912,19.1061,0.3263,0.3263,0.0000,NA,NA,NA
ExperienceX.exe,56308,0x216C829D570,DXGI,1,0,0,Composed: Flip,11249.8961,NA,15.99090000000000,NA,0.05100000000000,0.59280000000000,NA,11233.9964,15.9507,15.8997,0.0510,2.3537,14.1388,2.4627,11.6761,NA,NA,NA
ExperienceX.exe,56308,0x216C829D570,DXGI,1,0,0,Composed: Flip,11267.2183,NA,17.32220000000000,NA,0.41020000000000,2.11150000000000,NA,11249.9471,17.6814,17.2712,0.4102,19.0450,0.3377,0.3377,0.0000,NA,NA,NA
ExperienceX.exe,56308,0x216C829D570,DXGI,1,0,0,Composed: Flip,11283.3491,NA,16.13080000000000,NA,0.16100000000000,1.05950000000000,NA,11267.6285,15.8816,15.7206,0.1610,16.4471,0.3330,0.3330,0.0000,NA,NA,NA
ExperienceX.exe,56308,0x216C829D570,DXGI,1,0,0,Composed: Flip,11300.3084,NA,16.95930000000000,NA,0.12640000000000,3.25850000000000,NA,11283.5101,16.9247,16.7983,0.1264,18.6043,1.4525,1.4525,0.0000,NA,NA,NA
ExperienceX.exe,56308,0x216C7EA03E0,DXGI,1,0,0,Composed: Flip,11299.8726,NA,16.53310000000000,16.54300000000000,0.40450000000000,1.89850000000000,32.9042,11283.5229,16.7542,16.3497,0.4045,16.4694,1.7788,1.7788,0.0000,-0.5303,11283.5229,NA
ExperienceX.exe,56308,0x216C7EA03E0,DXGI,1,0,0,Composed: Flip,11316.5393,NA,16.66670000000000,NA,0.08450000000000,1.24120000000000,NA,11300.2771,16.3467,16.2622,0.0845,3.2898,14.2136,2.1926,12.0210,NA,NA,NA
ExperienceX.exe,56308,0x216838E1150,DXGI,1,0,0,Composed: Flip,11234.2470,NA,17.66930000000000,33.29430000000000,0.11040000000000,1.46610000000000,31.8217,11216.8109,17.5465,17.4361,0.1104,16.7602,2.1420,2.1420,0.0000,0.0775,11216.8109,NA
ExperienceX.exe,56308,0x216838E1150,DXGI,1,0,0,Composed: Flip,11249.9136,NA,15.66660000000000,NA,0.06330000000000,1.03170000000000,NA,11234.3574,15.6195,15.5562,0.0633,16.1315,0.4564,0.4564,0.0000,NA,NA,NA
ExperienceX.exe,56308,0x216838E1150,DXGI,1,0,0,Composed: Flip,11267.4784,NA,17.56480000000000,NA,0.06770000000000,2.19210000000000,NA,11249.9769,17.5692,17.5015,0.0677,19.3529,0.3407,0.3407,0.0000,NA,NA,NA
ExperienceX.exe,56308,0x216838E1150,DXGI,1,0,0,Composed: Flip,11283.3442,NA,15.86580000000000,NA,0.17090000000000,1.45440000000000,NA,11267.5461,15.9690,15.7981,0.1709,16.8625,0.3900,0.3821,0.0079,NA,NA,NA
ExperienceX.exe,56308,0x216838E1150,DXGI,1,0,0,Composed: Flip,11300.2321,NA,16.88790000000000,NA,0.04800000000000,1.88230000000000,NA,11283.5151,16.7650,16.7170,0.0480,18.2560,0.3433,0.3433,0.0000,NA,NA,NA
ExperienceX.exe,56308,0x216838E1150,DXGI,1,0,0,Composed: Flip,11316.6129,NA,16.38080000000000,NA,0.07340000000000,1.98360000000000,NA,11300.2801,16.4062,16.3328,0.0734,17.9770,0.3394,0.3280,0.0114,NA,NA,NA
ExperienceX.exe,56308,0x216838E1150,DXGI,1,0,0,Composed: Flip,11334.0173,NA,17.40440000000000,NA,0.46360000000000,2.78370000000000,NA,11316.6863,17.7946,17.3310,0.4636,19.3917,0.7230,0.7230,0.0000,NA,NA,NA
ExperienceX.exe,56308,0x216838E1150,DXGI,1,0,0,Composed: Flip,11350.1087,NA,16.09140000000000,116.71430000000001,0.23660000000000,2.06530000000000,32.6743,11334.4809,15.8644,15.6278,0.2366,17.3617,0.3314,0.3256,0.0058,0.9557,11334.4809,NA
ExperienceX.exe,56308,0x216C7EA03E0,DXGI,1,0,0,Composed: Flip,11334.1607,NA,17.62140000000000,33.32220000000000,0.06260000000000,1.58970000000000,31.9383,11316.6238,17.5995,17.5369,0.0626,17.0011,2.1255,1.8144,0.3111,-0.2213,11316.6238,NA
ExperienceX.exe,56308,0x216C7EA03E0,DXGI,1,0,0,Composed: Flip,11350.1081,NA,15.94740000000000,NA,0.23730000000000,1.42580000000000,NA,11334.2233,16.1221,15.8848,0.2373,2.5777,14.7329,2.9444,11.7885,NA,NA,NA
ExperienceX.exe,56308,0x216C7EA03E0,DXGI,1,0,0,Composed: Flip,11367.5077,NA,17.39960000000000,NA,0.31350000000000,1.77360000000000,NA,11350.3454,17.4758,17.1623,0.3135,18.6249,0.3110,0.3110,0.0000,NA,NA,NA
ExperienceX.exe,56308,0x216C829D570,DXGI,1,0,0,Composed: Flip,11316.5364,NA,16.22800000000000,366.98410000000001,0.08780000000000,1.72070000000000,33.1711,11300.4348,16.1894,16.1016,0.0878,17.3457,0.4766,0.4766,0.0000,-0.9890,11300.4348,NA
ExperienceX.exe,56308,0x216C829D570,DXGI,1,0,0,Composed: Flip,11334.0179,NA,17.48150000000000,NA,0.08250000000000,2.06010000000000,NA,11316.6242,17.4762,17.3937,0.0825,19.1262,0.3276,0.3276,0.0000,NA,NA,NA
ExperienceX.exe,56308,0x216C829D570,DXGI,1,0,0,Composed: Flip,11350.1105,NA,16.09260000000000,NA,0.23510000000000,1.73210000000000,NA,11334.1004,16.2452,16.0101,0.2351,17.4335,0.3087,0.3087,0.0000,NA,NA,NA
ExperienceX.exe,56308,0x216C829D570,DXGI,1,0,0,Composed: Flip,11367.3068,NA,17.19630000000000,NA,0.48230000000000,2.73300000000000,NA,11350.3456,17.4435,16.9612,0.4823,18.9357,0.7585,0.7585,0.0000,NA,NA,NA
ExperienceX.exe,56308,0x216C829D570,DXGI,1,0,0,Composed: Flip,11383.1522,NA,15.84540000000000,NA,0.43470000000000,1.13530000000000,NA,11367.7891,15.7978,15.3631,0.4347,2.2507,14.2477,2.6199,11.6278,NA,NA,NA
ExperienceX.exe,56308,0x216C829D570,DXGI,1,0,0,Composed: Flip,11400.3274,NA,17.17520000000000,83.05750000000000,1.36820000000000,2.12910000000000,32.4376,11383.5869,18.1087,16.7405,1.3682,16.8544,2.0152,1.9658,0.0494,0.0946,11383.5869,NA
ExperienceX.exe,56308,0x216C829D570,DXGI,1,0,0,Composed: Flip,11416.4432,NA,16.11580000000000,16.61230000000000,0.15310000000000,1.20340000000000,32.9341,11401.6956,14.9007,14.7476,0.1531,15.5858,0.3652,0.3560,0.0092,1.4964,11401.6956,NA
ExperienceX.exe,56308,0x216C829D570,DXGI,1,0,0,Composed: Flip,11433.8907,NA,17.44750000000000,16.72960000000000,0.09000000000000,1.31810000000000,32.2162,11416.5963,17.3844,17.2944,0.0900,16.8111,1.8014,1.8014,0.0000,-1.8289,11416.5963,NA
ExperienceX.exe,56308,0x216838E1150,DXGI,1,0,0,Composed: Flip,11367.9282,NA,17.81950000000000,16.64560000000000,0.16700000000000,1.04210000000000,31.5004,11350.3453,17.7499,17.5829,0.1670,16.7329,1.8921,1.8921,0.0000,-0.7812,11350.3453,NA
ExperienceX.exe,56308,0x216838E1150,DXGI,1,0,0,Composed: Flip,11383.2854,NA,15.35720000000000,NA,0.31650000000000,2.32760000000000,NA,11368.0952,15.5067,15.1902,0.3165,17.1513,0.3665,0.3625,0.0040,NA,NA,NA
ExperienceX.exe,56308,0x216838E1150,DXGI,1,0,0,Composed: Flip,11400.9280,NA,17.64260000000000,NA,0.09190000000000,1.85840000000000,NA,11383.6019,17.4180,17.3261,0.0919,18.8546,0.3299,0.3299,0.0000,NA,NA,NA
ExperienceX.exe,56308,0x216838E1150,DXGI,1,0,0,Composed: Flip,11416.4422,NA,15.51420000000000,NA,0.15360000000000,0.83920000000000,NA,11401.0199,15.5759,15.4223,0.1536,15.8821,0.3794,0.3794,0.0000,NA,NA,NA
ExperienceX.exe,56308,0x216838E1150,DXGI,1,0,0,Composed: Flip,11433.6032,NA,17.16100000000000,NA,0.34100000000000,3.43880000000000,NA,11416.5958,17.3484,17.0074,0.3410,18.9578,1.4884,1.4884,0.0000,NA,NA,NA
ExperienceX.exe,56308,0x216838E1150,DXGI,1,0,0,Composed: Flip,11449.5563,NA,15.95310000000000,NA,0.05800000000000,1.18000000000000,NA,11433.9442,15.6701,15.6121,0.0580,16.4385,0.3536,0.3495,0.0041,NA,NA,NA
ExperienceX.exe,56308,0x216C7EA03E0,DXGI,1,0,0,Composed: Flip,11383.1524,NA,15.64470000000000,50.06150000000000,0.32260000000000,2.09410000000000,33.0081,11367.8212,15.6538,15.3312,0.3226,16.4663,0.9590,0.9590,0.0000,1.1359,11367.8212,NA
ExperienceX.exe,56308,0x216C7EA03E0,DXGI,1,0,0,Composed: Flip,11400.8033,NA,17.65090000000000,NA,1.10650000000000,2.70930000000000,NA,11383.4750,18.4348,17.3283,1.1065,19.3114,0.7262,0.7262,0.0000,NA,NA,NA
ExperienceX.exe,56308,0x216C7EA03E0,DXGI,1,0,0,Composed: Flip,11416.3734,NA,15.57010000000000,NA,0.06160000000000,0.52860000000000,NA,11401.9098,14.5252,14.4636,0.0616,1.6028,13.3894,2.2699,11.1195,NA,NA,NA
ExperienceX.exe,56308,0x216C7EA03E0,DXGI,1,0,0,Composed: Flip,11433.6039,NA,17.23050000000000,NA,0.40920000000000,1.94970000000000,NA,11416.4350,17.5781,17.1689,0.4092,18.7738,0.3448,0.3448,0.0000,NA,NA,NA
ExperienceX.exe,56308,0x216C7EA03E0,DXGI,1,0,0,Composed: Flip,11449.5522,NA,15.94830000000000,NA,0.05410000000000,0.46300000000000,NA,11434.0131,15.5932,15.5391,0.0541,3.0289,12.9732,0.8685,12.1047,NA,NA,NA
ExperienceX.exe,56308,0x216C7EA03E0,DXGI,1,0,0,Composed: Flip,11467.6262,NA,18.07400000000000,NA,0.07730000000000,1.66520000000000,NA,11449.6063,18.0972,18.0199,0.0773,17.5122,2.1729,2.1729,0.0000,NA,NA,NA
ExperienceX.exe,56308,0x216838E1150,DXGI,1,0,0,Composed: Flip,11468.1324,NA,18.57610000000000,100.10340000000001,0.27640000000000,1.84610000000000,31.3996,11449.6143,18.7945,18.5181,0.2764,20.0260,0.3382,0.3382,0.0000,-0.8344,11449.6143,NA
ExperienceX.exe,56308,0x216838E1150,DXGI,1,0,0,Composed: Flip,11483.2094,NA,15.07700000000000,NA,0.08390000000000,0.91440000000000,NA,11468.4088,14.8845,14.8006,0.0839,1.5697,14.1453,2.7121,11.4332,NA,NA,NA
ExperienceX.exe,56308,0x216C829D570,DXGI,1,0,0,Composed: Flip,11449.5559,NA,15.66520000000000,16.77770000000000,0.05000000000000,0.82680000000000,33.3287,11433.9807,15.6252,15.5752,0.0500,16.0345,0.3675,0.3675,0.0000,0.6067,11433.9807,NA
ExperienceX.exe,56308,0x216C829D570,DXGI,1,0,0,Composed: Flip,11467.9388,NA,18.38290000000000,NA,0.24620000000000,1.70150000000000,NA,11449.6059,18.5791,18.3329,0.2462,19.6855,0.3489,0.3489,0.0000,NA,NA,NA
ExperienceX.exe,56308,0x216C829D570,DXGI,1,0,0,Composed: Flip,11483.2606,NA,15.32180000000000,NA,0.25530000000000,1.41770000000000,NA,11468.1850,15.3309,15.0756,0.2553,16.1357,0.3576,0.3497,0.0079,NA,NA,NA
ExperienceX.exe,56308,0x216C829D570,DXGI,1,0,0,Composed: Flip,11502.1039,NA,18.84330000000000,NA,0.13230000000000,1.21030000000000,NA,11483.5159,18.7203,18.5880,0.1323,19.4518,0.3465,0.3465,0.0000,NA,NA,NA
ExperienceX.exe,56308,0x216838E1150,DXGI,1,0,0,Composed: Flip,11500.2697,NA,17.06030000000000,33.17510000000000,0.11730000000000,3.39000000000000,32.4374,11483.2933,17.0937,16.9764,0.1173,20.0209,0.3455,0.3455,0.0000,0.5039,11483.2933,NA
ExperienceX.exe,56308,0x216838E1150,DXGI,1,0,0,Composed: Flip,11516.4286,NA,16.15890000000000,NA,0.16230000000000,1.67550000000000,NA,11500.3870,16.2039,16.0416,0.1623,17.5917,0.1254,0.1254,0.0000,NA,NA,NA
ExperienceX.exe,56308,0x216C829D570,DXGI,1,0,0,Composed: Flip,11516.4289,NA,14.32500000000000,66.68760000000000,0.16140000000000,1.54980000000000,33.1433,11502.2362,14.3541,14.1927,0.1614,1.4235,14.3190,2.7808,11.5382,1.5679,11502.2362,NA
ExperienceX.exe,56308,0x216C829D570,DXGI,1,0,0,Composed: Flip,11533.2313,NA,16.80240000000000,NA,0.11510000000000,2.72750000000000,NA,11516.5903,16.7561,16.6410,0.1151,19.0334,0.3351,0.3351,0.0000,NA,NA,NA
ExperienceX.exe,56308,0x216838E1150,DXGI,1,0,0,Composed: Flip,11533.2316,NA,16.80300000000000,33.65050000000000,0.11350000000000,2.39210000000000,33.1260,11516.5909,16.7542,16.6407,0.1135,16.8923,2.1405,2.1405,0.0000,-0.3529,11516.5909,NA
ExperienceX.exe,56308,0x216838E1150,DXGI,1,0,0,Composed: Flip,11550.0480,NA,16.81640000000000,NA,0.21520000000000,1.44610000000000,NA,11533.3451,16.9181,16.7029,0.2152,17.4532,0.6958,0.6958,0.0000,NA,NA,NA
ExperienceX.exe,56308,0x216838E1150,DXGI,1,0,0,Composed: Flip,11570.3003,NA,20.25230000000000,33.22540000000000,0.40460000000000,2.00520000000000,29.2827,11550.2632,20.4417,20.0371,0.4046,18.4423,3.6000,3.6000,0.0000,0.4469,11550.2632,NA
ExperienceX.exe,56308,0x216C7EA03E0,DXGI,1,0,0,Composed: Flip,11483.2095,NA,15.58330000000000,99.96740000000000,0.08380000000000,1.11120000000000,32.9184,11467.7035,15.5898,15.5060,0.0838,16.4203,0.1969,0.1969,0.0000,-0.0851,11467.7035,NA
ExperienceX.exe,56308,0x216C7EA03E0,DXGI,1,0,0,Composed: Flip,11500.2705,NA,17.06100000000000,NA,0.11690000000000,2.69720000000000,NA,11483.2933,17.0941,16.9772,0.1169,17.3367,2.3377,2.2062,0.1315,NA,NA,NA
ExperienceX.exe,56308,0x216C7EA03E0,DXGI,1,0,0,Composed: Flip,11533.2312,NA,32.96070000000000,NA,0.11400000000000,3.07410000000000,NA,11500.3874,32.9578,32.8438,0.1140,35.5714,0.3465,0.3465,0.0000,NA,NA,NA
ExperienceX.exe,56308,0x216C7EA03E0,DXGI,1,0,0,Composed: Flip,11550.0470,NA,16.81580000000000,NA,0.21620000000000,0.75130000000000,NA,11533.3452,16.9180,16.7018,0.2162,2.9601,14.4930,2.5915,11.9015,NA,NA,NA
ExperienceX.exe,56308,0x216C7EA03E0,DXGI,1,0,0,Composed: Flip,11571.1750,NA,21.12800000000000,NA,0.52440000000000,1.13540000000000,NA,11550.2632,21.4362,20.9118,0.5244,22.0423,0.0049,0.0049,0.0000,NA,NA,NA
ExperienceX.exe,56308,0x216C7EA03E0,DXGI,1,0,0,Composed: Flip,11583.2915,NA,12.11650000000000,NA,0.14690000000000,1.00510000000000,NA,11571.6994,11.7390,11.5921,0.1469,12.5903,0.0069,0.0069,0.0000,NA,NA,NA
ExperienceX.exe,56308,0x216C7EA03E0,DXGI,1,0,0,Composed: Flip,11602.3043,NA,19.01280000000000,117.10750000000000,0.10380000000000,0.90310000000000,30.9311,11583.4384,18.9697,18.8659,0.1038,17.5275,2.2415,2.2415,0.0000,-1.3726,11583.4384,NA
ExperienceX.exe,56308,0x216838E1150,DXGI,1,0,0,Composed: Flip,11583.2926,NA,12.99230000000000,16.71950000000000,0.14580000000000,0.99710000000000,33.0099,11570.7049,12.7335,12.5877,0.1458,2.0583,11.5265,2.8764,8.6501,3.7222,11570.7049,NA
ExperienceX.exe,56308,0x216838E1150,DXGI,1,0,0,Composed: Flip,11601.6266,NA,18.33400000000000,NA,0.19780000000000,2.25900000000000,NA,11583.4384,18.3860,18.1882,0.1978,20.1446,0.3026,0.3026,0.0000,NA,NA,NA
ExperienceX.exe,56308,0x216838E1150,DXGI,1,0,0,Composed: Flip,11616.7655,NA,15.13890000000000,NA,0.22470000000000,2.71050000000000,NA,11601.8244,15.1658,14.9411,0.2247,16.6152,1.0364,0.6398,0.3966,NA,NA,NA
ExperienceX.exe,56308,0x216C7EA03E0,DXGI,1,0,0,Composed: Flip,11616.7653,NA,14.46100000000000,16.23520000000000,0.22630000000000,1.67430000000000,32.7053,11602.4081,14.5835,14.3572,0.2263,1.4775,14.5540,3.5416,11.0124,2.7345,11602.4081,NA
ExperienceX.exe,56308,0x216C7EA03E0,DXGI,1,0,0,Composed: Flip,11635.9314,NA,19.16610000000000,NA,0.28190000000000,2.09720000000000,NA,11616.9916,19.2217,18.9398,0.2819,20.6814,0.3556,0.3556,0.0000,NA,NA,NA
ExperienceX.exe,56308,0x216838E1150,DXGI,1,0,0,Composed: Flip,11635.9169,NA,19.15140000000000,49.84770000000000,0.17050000000000,1.75610000000000,30.2333,11616.9902,19.0972,18.9267,0.1705,18.4903,2.1925,2.1925,0.0000,-3.5624,11616.9902,NA
ExperienceX.exe,56308,0x216838E1150,DXGI,1,0,0,Composed: Flip,11649.8725,NA,13.95560000000000,NA,0.19490000000000,1.64550000000000,NA,11636.0874,13.9800,13.7851,0.1949,15.0589,0.3717,0.3636,0.0081,NA,NA,NA
ExperienceX.exe,56308,0x0,Other,-1,0,0,Composed: Flip,10217.6453,NA,0.57050000000000,1166.66630000000009,0.00000000000000,0.26160000000000,31.7368,10217.0748,0.5705,0.5705,0.0000,0.5134,0.3187,0.3092,0.0095,166.6710,10217.0748,NA
ExperienceX.exe,56308,0x0,Other,-1,0,0,Composed: Flip,10250.2513,NA,32.60600000000000,NA,0.00000000000000,1.38620000000000,NA,10217.6453,32.6060,32.6060,0.0000,33.6561,0.3361,0.3295,0.0066,NA,NA,NA
ExperienceX.exe,56308,0x0,Other,-1,0,0,Composed: Flip,10385.4169,NA,135.16560000000001,NA,0.00000000000000,1.24790000000000,NA,10250.2513,135.1656,135.1656,0.0000,136.4106,0.0029,0.0029,0.0000,NA,NA,NA
ExperienceX.exe,56308,0x0,Other,-1,0,0,Composed: Flip,10417.1021,NA,31.68520000000000,NA,0.00000000000000,0.92360000000000,NA,10385.4169,31.6852,31.6852,0.0000,32.2899,0.3189,0.3139,0.0050,NA,NA,NA
ExperienceX.exe,56308,0x0,Other,-1,0,0,Composed: Flip,10450.5767,NA,33.47460000000000,NA,0.00000000000000,1.16060000000000,NA,10417.1021,33.4746,33.4746,0.0000,19.5989,15.0363,2.6397,12.3966,NA,NA,NA
ExperienceX.exe,56308,0x0,Other,-1,0,0,Composed: Flip,10550.5712,NA,99.99450000000000,NA,0.00000000000000,1.05710000000000,NA,10450.5767,99.9945,99.9945,0.0000,100.7320,0.3196,0.3129,0.0067,NA,NA,NA
ExperienceX.exe,56308,0x0,Other,-1,0,0,Composed: Flip,10783.4442,NA,232.87300000000002,NA,0.00000000000000,0.49940000000000,NA,10550.5712,232.8730,232.8730,0.0000,233.0441,0.3283,0.3283,0.0000,NA,NA,NA
ExperienceX.exe,56308,0x0,Other,-1,0,0,Composed: Flip,10783.4340,NA,0.00000000000000,NA,0.00000000000000,0.86760000000000,NA,10783.4442,0.0000,0.0000,0.0000,0.4994,0.3580,0.3544,0.0036,NA,NA,NA
ExperienceX.exe,56308,0x0,Other,-1,0,0,Composed: Flip,11168.3862,NA,384.95220000000000,NA,0.00000000000000,1.87940000000000,NA,10783.4340,384.9522,384.9522,0.0000,385.9949,0.8367,0.8367,0.0000,NA,NA,NA
ExperienceX.exe,56308,0x0,Other,-1,0,0,Composed: Flip,11517.0821,NA,348.69589999999999,NA,0.00000000000000,1.36340000000000,NA,11168.3862,348.6959,348.6959,0.0000,349.7179,0.3414,0.3362,0.0052,NA,NA,NA
ExperienceX.exe,56308,0x0,Other,-1,0,0,Composed: Flip,11617.8792,NA,100.79710000000000,NA,0.00000000000000,1.98290000000000,NA,11517.0821,100.7971,100.7971,0.0000,102.3939,0.3861,0.3750,0.0111,NA,NA,NA
ExperienceX.exe,56308,0x216838E1150,DXGI,1,0,0,Composed: Flip,11667.8504,NA,17.97790000000000,33.34480000000000,0.17870000000000,1.30090000000000,31.6446,11650.0674,17.9617,17.7830,0.1787,17.1901,1.8938,1.8938,0.0000,-0.2676,11650.0674,NA
ExperienceX.exe,56308,0x216838E1150,DXGI,1,0,0,Composed: Flip,11683.1542,NA,15.30380000000000,NA,0.21990000000000,1.64660000000000,NA,11668.0291,15.3450,15.1251,0.2199,16.3969,0.3748,0.3679,0.0069,NA,NA,NA
ExperienceX.exe,56308,0x0,Other,-1,0,0,Composed: Flip,11683.8974,NA,66.01820000000001,1466.69600000000014,0.00000000000000,0.17780000000000,32.1807,11617.8792,66.0182,66.0182,0.0000,52.4407,13.7553,2.6272,11.1281,-65.8916,11617.8792,NA
ExperienceX.exe,56308,0x216C829D570,DXGI,1,0,0,Composed: Flip,11550.0503,NA,16.81900000000000,33.26260000000000,0.27190000000000,1.80270000000000,32.7845,11533.3464,16.9758,16.7039,0.2719,18.1477,0.3589,0.3501,0.0088,-2.1524,11533.3464,NA
ExperienceX.exe,56308,0x216C829D570,DXGI,1,0,0,Composed: Flip,11571.2057,NA,21.15540000000000,NA,0.34140000000000,1.55750000000000,NA,11550.3222,21.2249,20.8835,0.3414,21.9882,0.4528,0.4528,0.0000,NA,NA,NA
ExperienceX.exe,56308,0x216C829D570,DXGI,1,0,0,Composed: Flip,11583.3774,NA,12.17170000000000,NA,0.44080000000000,1.88760000000000,NA,11571.5471,12.2711,11.8303,0.4408,12.7495,0.9684,0.9484,0.0200,NA,NA,NA
ExperienceX.exe,56308,0x216C829D570,DXGI,1,0,0,Composed: Flip,11601.4157,NA,18.03830000000000,NA,1.18080000000000,2.16730000000000,NA,11583.8182,18.7783,17.5975,1.1808,19.3892,0.3756,0.3756,0.0000,NA,NA,NA
ExperienceX.exe,56308,0x216C829D570,DXGI,1,0,0,Composed: Flip,11635.0348,NA,33.61910000000000,NA,0.30530000000000,3.33100000000000,NA,11602.5965,32.7436,32.4383,0.3053,35.4321,0.3372,0.3372,0.0000,NA,NA,NA
ExperienceX.exe,56308,0x216C829D570,DXGI,1,0,0,Composed: Flip,11649.8739,NA,14.83910000000000,NA,0.19320000000000,1.27240000000000,NA,11635.3401,14.7270,14.5338,0.1932,15.4510,0.3552,0.3552,0.0000,NA,NA,NA
ExperienceX.exe,56308,0x216C829D570,DXGI,1,0,0,Composed: Flip,11668.6130,NA,18.73910000000000,NA,0.19850000000000,1.70690000000000,NA,11650.0671,18.7444,18.5459,0.1985,19.4514,0.8014,0.8014,0.0000,NA,NA,NA
ExperienceX.exe,56308,0x216C829D570,DXGI,1,0,0,Composed: Flip,11683.1549,NA,14.54190000000000,NA,0.20780000000000,1.27110000000000,NA,11668.8115,14.5512,14.3434,0.2078,15.2637,0.3508,0.3508,0.0000,NA,NA,NA
ExperienceX.exe,56308,0x216C829D570,DXGI,1,0,0,Composed: Flip,11700.8008,NA,17.64590000000000,NA,0.41410000000000,1.83700000000000,NA,11683.3627,17.8522,17.4381,0.4141,18.9432,0.3319,0.3319,0.0000,NA,NA,NA
ExperienceX.exe,56308,0x216C829D570,DXGI,1,0,0,Composed: Flip,11716.3416,NA,15.54080000000000,NA,0.14090000000000,0.95020000000000,NA,11701.2149,15.2676,15.1267,0.1409,15.7036,0.3733,0.3733,0.0000,NA,NA,NA
ExperienceX.exe,56308,0x216C7EA03E0,DXGI,1,0,0,Composed: Flip,11649.8738,NA,13.94240000000000,33.33020000000000,0.19320000000000,0.91730000000000,32.9270,11636.2133,13.8537,13.6605,0.1932,2.1525,12.4253,2.8228,9.6025,0.4750,11636.2133,NA
ExperienceX.exe,56308,0x216C7EA03E0,DXGI,1,0,0,Composed: Flip,11666.9295,NA,17.05570000000000,NA,0.20820000000000,2.58900000000000,NA,11650.0670,17.0707,16.8625,0.2082,19.0843,0.3672,0.3672,0.0000,NA,NA,NA
ExperienceX.exe,56308,0x216C7EA03E0,DXGI,1,0,0,Composed: Flip,11700.9306,NA,34.00110000000000,NA,0.23430000000000,2.50970000000000,NA,11667.1377,34.0272,33.7929,0.2343,35.5001,0.8025,0.8025,0.0000,NA,NA,NA
ExperienceX.exe,56308,0x216C7EA03E0,DXGI,1,0,0,Composed: Flip,11716.3410,NA,15.41040000000000,NA,0.14020000000000,0.57750000000000,NA,11701.1649,15.3163,15.1761,0.1402,2.2754,13.4782,1.7557,11.7225,NA,NA,NA
ExperienceX.exe,56308,0x216C7EA03E0,DXGI,1,0,0,Composed: Flip,11733.3451,NA,17.00410000000000,NA,0.17600000000000,3.28190000000000,NA,11716.4812,17.0399,16.8639,0.1760,19.7938,0.3520,0.3520,0.0000,NA,NA,NA
ExperienceX.exe,56308,0x216838E1150,DXGI,1,0,0,Composed: Flip,11701.0887,NA,17.93450000000000,33.24740000000000,0.08760000000000,1.21720000000000,31.6537,11683.3741,17.8022,17.7146,0.0876,17.0572,1.8746,1.8746,0.0000,0.0593,11683.3741,NA
ExperienceX.exe,56308,0x216838E1150,DXGI,1,0,0,Composed: Flip,11733.3498,NA,32.26110000000000,NA,1.15600000000000,3.65310000000000,NA,11701.1763,33.3295,32.1735,1.1560,35.4507,0.3759,0.3759,0.0000,NA,NA,NA
ExperienceX.exe,56308,0x216838E1150,DXGI,1,0,0,Composed: Flip,11749.7381,NA,16.38830000000000,NA,0.29990000000000,1.29120000000000,NA,11734.5058,15.5322,15.2323,0.2999,2.4971,14.0264,3.0978,10.9286,NA,NA,NA
ExperienceX.exe,56308,0x216C7EA03E0,DXGI,1,0,0,Composed: Flip,11749.7382,NA,16.39310000000000,100.02260000000001,0.42850000000000,1.64330000000000,33.0852,11733.5211,16.6456,16.2171,0.4285,17.5082,0.3522,0.3522,0.0000,-2.7148,11733.5211,NA
ExperienceX.exe,56308,0x216C7EA03E0,DXGI,1,0,0,Composed: Flip,11768.8056,NA,19.06740000000000,NA,0.87870000000000,1.34200000000000,NA,11750.1667,19.5176,18.6389,0.8787,19.6195,0.3614,0.3614,0.0000,NA,NA,NA
ExperienceX.exe,56308,0x216C829D570,DXGI,1,0,0,Composed: Flip,11733.3587,NA,17.01710000000000,183.42560000000000,0.10100000000000,2.91630000000000,32.9017,11716.4825,16.9772,16.8762,0.1010,17.1774,2.6151,2.2721,0.3430,-0.2895,11716.4825,NA
ExperienceX.exe,56308,0x216C829D570,DXGI,1,0,0,Composed: Flip,11749.7386,NA,16.37990000000000,NA,0.29910000000000,1.98900000000000,NA,11733.4597,16.5780,16.2789,0.2991,17.9218,0.3461,0.3400,0.0061,NA,NA,NA
ExperienceX.exe,56308,0x216C829D570,DXGI,1,0,0,Composed: Flip,11767.7507,NA,18.01210000000000,NA,0.06810000000000,2.03550000000000,NA,11750.0377,17.7811,17.7130,0.0681,18.4752,1.2733,1.2733,0.0000,NA,NA,NA
ExperienceX.exe,56308,0x216C829D570,DXGI,1,0,0,Composed: Flip,11783.1268,NA,15.37610000000000,NA,0.18510000000000,1.26110000000000,NA,11767.8188,15.4931,15.3080,0.1851,16.0058,0.5633,0.5633,0.0000,NA,NA,NA
ExperienceX.exe,56308,0x216C829D570,DXGI,1,0,0,Composed: Flip,11801.5572,NA,18.43040000000000,66.43510000000001,0.49640000000000,1.84570000000000,31.1383,11783.3119,18.7417,18.2453,0.4964,17.5715,2.5195,2.5195,0.0000,0.3943,11783.3119,NA
ExperienceX.exe,56308,0x216838E1150,DXGI,1,0,0,Composed: Flip,11766.7869,NA,17.04880000000000,66.72530000000000,0.10950000000000,1.72600000000000,32.6808,11750.0380,16.8584,16.7489,0.1095,16.9327,1.5422,1.5035,0.0387,-0.0614,11750.0380,NA
ExperienceX.exe,56308,0x216838E1150,DXGI,1,0,0,Composed: Flip,11783.1273,NA,16.34040000000000,NA,0.18450000000000,0.69730000000000,NA,11766.8964,16.4154,16.2309,0.1845,3.2512,13.6770,2.1063,11.5707,NA,NA,NA
ExperienceX.exe,56308,0x216838E1150,DXGI,1,0,0,Composed: Flip,11801.7042,NA,18.57690000000000,NA,0.08450000000000,1.99450000000000,NA,11783.3118,18.4769,18.3924,0.0845,20.0911,0.2958,0.2958,0.0000,NA,NA,NA
ExperienceX.exe,56308,0x216838E1150,DXGI,1,0,0,Composed: Flip,11816.2803,NA,14.57610000000000,NA,0.06710000000000,0.87980000000000,NA,11801.7887,14.5587,14.4916,0.0671,15.1878,0.1836,0.1836,0.0000,NA,NA,NA
ExperienceX.exe,56308,0x216C829D570,DXGI,1,0,0,Composed: Flip,11816.3023,NA,14.74510000000000,16.70790000000000,0.15020000000000,0.67420000000000,33.1011,11802.0536,14.3989,14.2487,0.1502,2.3999,12.5230,1.6445,10.8785,2.0338,11802.0536,NA
ExperienceX.exe,56308,0x216C829D570,DXGI,1,0,0,Composed: Flip,11834.1918,NA,17.88950000000000,NA,0.05470000000000,2.37860000000000,NA,11816.4525,17.7940,17.7393,0.0547,19.7231,0.3948,0.3948,0.0000,NA,NA,NA
ExperienceX.exe,56308,0x216C829D570,DXGI,1,0,0,Composed: Flip,11849.6665,NA,15.47470000000000,33.30750000000000,0.05870000000000,1.55020000000000,33.0444,11834.2465,15.4787,15.4200,0.0587,16.6058,0.3644,0.3571,0.0073,-1.1146,11834.2465,NA
ExperienceX.exe,56308,0x0,Other,-1,0,0,Composed: Flip,11716.7356,NA,32.83820000000000,33.22730000000000,0.00000000000000,0.92070000000000,32.5698,11683.8974,32.8382,32.8382,0.0000,33.3944,0.3645,0.3607,0.0038,32.7909,11683.8974,NA
ExperienceX.exe,56308,0x216838E1150,DXGI,1,0,0,Composed: Flip,11833.7670,NA,17.48670000000000,66.59920000000000,0.06610000000000,2.04530000000000,32.2999,11816.3474,17.4857,17.4196,0.0661,17.2355,2.2294,2.2294,0.0000,-0.2898,11816.3474,NA
ExperienceX.exe,56308,0x216838E1150,DXGI,1,0,0,Composed: Flip,11849.7186,NA,15.95160000000000,NA,0.05890000000000,0.74820000000000,NA,11833.8331,15.9444,15.8855,0.0589,2.7373,13.8964,1.8304,12.0660,NA,NA,NA
ExperienceX.exe,56308,0x216838E1150,DXGI,1,0,0,Composed: Flip,11867.1282,NA,17.40960000000000,NA,0.38500000000000,2.32540000000000,NA,11849.7775,17.7357,17.3507,0.3850,18.6274,1.0487,1.0487,0.0000,NA,NA,NA
ExperienceX.exe,56308,0x0,Other,-1,0,0,Composed: Flip,11883.2051,NA,166.46950000000001,166.75210000000001,0.00000000000000,0.58540000000000,32.8524,11716.7356,166.4695,166.4695,0.0000,166.8377,0.2172,0.2172,0.0000,-133.9139,11716.7356,NA
ExperienceX.exe,56308,0x0,Other,-1,0,0,Composed: Flip,11883.2129,NA,0.00780000000000,NA,0.00000000000000,0.36040000000000,NA,11883.2051,0.0078,0.0078,0.0000,0.0000,13.7261,1.7810,11.9451,NA,NA,NA
ExperienceX.exe,56308,0x216C7EA03E0,DXGI,1,0,0,Composed: Flip,11783.1275,NA,14.32190000000000,33.20540000000000,0.18440000000000,1.58020000000000,32.9013,11769.6843,13.6276,13.4432,0.1844,14.7036,0.3198,0.3093,0.0105,2.9578,11769.6843,NA
ExperienceX.exe,56308,0x216C7EA03E0,DXGI,1,0,0,Composed: Flip,11801.8551,NA,18.72760000000000,NA,0.05410000000000,2.59840000000000,NA,11783.3119,18.5973,18.5432,0.0541,20.3868,0.7548,0.7548,0.0000,NA,NA,NA
ExperienceX.exe,56308,0x216C7EA03E0,DXGI,1,0,0,Composed: Flip,11816.3024,NA,14.44730000000000,NA,0.15000000000000,1.24540000000000,NA,11801.9092,14.5432,14.3932,0.1500,15.2509,0.3877,0.3819,0.0058,NA,NA,NA
ExperienceX.exe,56308,0x216C7EA03E0,DXGI,1,0,0,Composed: Flip,11834.0666,NA,17.76420000000000,NA,0.12430000000000,2.10900000000000,NA,11816.4524,17.7385,17.6142,0.1243,19.3599,0.3633,0.3633,0.0000,NA,NA,NA
ExperienceX.exe,56308,0x216C7EA03E0,DXGI,1,0,0,Composed: Flip,11849.7595,NA,15.69290000000000,NA,0.16880000000000,1.09280000000000,NA,11834.1909,15.7374,15.5686,0.1688,16.2759,0.3855,0.3855,0.0000,NA,NA,NA
ExperienceX.exe,56308,0x216C7EA03E0,DXGI,1,0,0,Composed: Flip,11867.1283,NA,17.36880000000000,NA,0.38390000000000,1.27660000000000,NA,11849.9283,17.5839,17.2000,0.3839,16.9185,1.5581,1.5581,0.0000,NA,NA,NA
ExperienceX.exe,56308,0x216C7EA03E0,DXGI,1,0,0,Composed: Flip,11900.2585,NA,33.13020000000000,NA,0.05480000000000,2.04810000000000,NA,11867.5122,32.8011,32.7463,0.0548,34.4379,0.3565,0.3565,0.0000,NA,NA,NA
ExperienceX.exe,56308,0x216C7EA03E0,DXGI,1,0,0,Composed: Flip,11916.5689,NA,16.31040000000000,NA,0.10090000000000,0.90870000000000,NA,11900.3133,16.3565,16.2556,0.1009,16.9319,0.2324,0.2324,0.0000,NA,NA,NA
ExperienceX.exe,56308,0x216838E1150,DXGI,1,0,0,Composed: Flip,11900.3035,NA,33.17530000000000,66.64860000000000,0.45350000000000,1.64660000000000,32.4120,11867.5132,33.2438,32.7903,0.4535,32.5608,1.8761,1.8761,0.0000,-15.4828,11867.5132,NA
ExperienceX.exe,56308,0x216838E1150,DXGI,1,0,0,Composed: Flip,11933.8612,NA,33.55770000000000,NA,0.23000000000000,1.92690000000000,NA,11900.7570,33.3342,33.1042,0.2300,34.7267,0.3044,0.3044,0.0000,NA,NA,NA
ExperienceX.exe,56308,0x216838E1150,DXGI,1,0,0,Composed: Flip,11949.7590,NA,15.89780000000000,50.21000000000000,0.18390000000000,0.63640000000000,33.1665,11934.0912,15.8517,15.6678,0.1839,3.2787,13.0255,1.0367,11.9888,16.3680,11934.0912,NA
ExperienceX.exe,56308,0x216C7EA03E0,DXGI,1,0,0,Composed: Flip,11933.8810,NA,17.31210000000000,150.07590000000002,0.06650000000000,1.60270000000000,32.2237,11916.6698,17.2777,17.2112,0.0665,16.8760,1.9379,1.9379,0.0000,-3.0904,11916.6698,NA
ExperienceX.exe,56308,0x216C7EA03E0,DXGI,1,0,0,Composed: Flip,11949.7591,NA,15.87810000000000,NA,0.18380000000000,1.39460000000000,NA,11933.9475,15.9954,15.8116,0.1838,16.8142,0.3920,0.3860,0.0060,NA,NA,NA
ExperienceX.exe,56308,0x216C7EA03E0,DXGI,1,0,0,Composed: Flip,11967.5892,NA,17.83010000000000,NA,0.64910000000000,2.50890000000000,NA,11949.9429,18.2954,17.6463,0.6491,19.7267,0.4285,0.4285,0.0000,NA,NA,NA
ExperienceX.exe,56308,0x216838E1150,DXGI,1,0,0,Composed: Flip,11968.4242,NA,18.66520000000000,16.43610000000000,0.08550000000000,0.81310000000000,30.9374,11949.9429,18.5668,18.4813,0.0855,17.0495,2.2449,2.2449,0.0000,-0.5844,11949.9429,NA
ExperienceX.exe,56308,0x216838E1150,DXGI,1,0,0,Composed: Flip,11983.3822,NA,14.95800000000000,NA,0.28020000000000,0.80330000000000,NA,11968.5097,15.1527,14.8725,0.2802,1.5884,14.0874,2.3584,11.7290,NA,NA,NA
ExperienceX.exe,56308,0x216C7EA03E0,DXGI,1,0,0,Composed: Flip,11983.3825,NA,15.79330000000000,50.16260000000000,0.28000000000000,1.17850000000000,32.8848,11968.2383,15.4242,15.1442,0.2800,15.9472,0.3755,0.3755,0.0000,1.4059,11968.2383,NA
ExperienceX.exe,56308,0x216C7EA03E0,DXGI,1,0,0,Composed: Flip,12000.5339,NA,17.15140000000000,NA,0.14450000000000,1.86150000000000,NA,11983.6625,17.0159,16.8714,0.1445,18.3910,0.3419,0.3419,0.0000,NA,NA,NA
ExperienceX.exe,56308,0x216838E1150,DXGI,1,0,0,Composed: Flip,12000.3602,NA,16.97800000000000,33.37550000000000,0.18350000000000,1.69330000000000,32.3769,11983.6624,16.8813,16.6978,0.1835,16.3768,2.0143,1.9817,0.0326,0.3440,11983.6624,NA
ExperienceX.exe,56308,0x216838E1150,DXGI,1,0,0,Composed: Flip,12016.6954,NA,16.33520000000000,NA,0.18690000000000,0.77130000000000,NA,12000.5437,16.3386,16.1517,0.1869,3.4633,13.4597,1.4092,12.0505,NA,NA,NA
ExperienceX.exe,56308,0x216838E1150,DXGI,1,0,0,Composed: Flip,12033.7302,NA,17.03480000000000,33.33880000000000,0.06800000000000,1.45280000000000,32.3457,12016.8823,16.9159,16.8479,0.0680,16.4247,1.8760,1.8760,0.0000,-0.1189,12016.8823,NA
ExperienceX.exe,56308,0x216838E1150,DXGI,1,0,0,Composed: Flip,12049.5999,NA,15.86970000000000,16.79170000000000,0.12720000000000,1.31910000000000,33.2677,12033.7982,15.9289,15.8017,0.1272,16.7452,0.3756,0.3699,0.0057,0.1242,12033.7982,NA
ExperienceX.exe,56308,0x216C7EA03E0,DXGI,1,0,0,Composed: Flip,12016.6955,NA,16.16160000000000,33.09760000000000,0.18670000000000,1.05890000000000,32.6694,12000.6784,16.2038,16.0171,0.1867,16.7883,0.2877,0.2877,0.0000,-0.6575,12000.6784,NA
ExperienceX.exe,56308,0x216C7EA03E0,DXGI,1,0,0,Composed: Flip,12033.5674,NA,16.87190000000000,NA,0.10980000000000,1.98670000000000,NA,12016.8822,16.7950,16.6852,0.1098,18.3008,0.3711,0.3711,0.0000,NA,NA,NA
ExperienceX.exe,56308,0x216C7EA03E0,DXGI,1,0,0,Composed: Flip,12049.5903,NA,16.02290000000000,NA,0.13670000000000,0.61000000000000,NA,12033.6772,16.0498,15.9131,0.1367,3.4961,13.0270,1.1253,11.9017,NA,NA,NA
ExperienceX.exe,56308,0x216C7EA03E0,DXGI,1,0,0,Composed: Flip,12067.0335,NA,17.44320000000000,NA,0.09080000000000,3.22270000000000,NA,12049.7270,17.3973,17.3065,0.0908,19.7707,0.7585,0.7585,0.0000,NA,NA,NA
ExperienceX.exe,56308,0x216C829D570,DXGI,1,0,0,Composed: Flip,11867.2089,NA,17.54240000000000,16.66660000000000,0.29110000000000,2.63830000000000,32.1686,11849.7252,17.7748,17.4837,0.2911,19.7284,0.3936,0.3936,0.0000,-1.1879,11849.7252,NA
ExperienceX.exe,56308,0x216C829D570,DXGI,1,0,0,Composed: Flip,11882.9148,NA,15.70590000000000,NA,0.08380000000000,1.25670000000000,NA,11867.5000,15.4986,15.4148,0.0838,16.2905,0.3810,0.3736,0.0074,NA,NA,NA
ExperienceX.exe,56308,0x216C829D570,DXGI,1,0,0,Composed: Flip,11900.6836,NA,17.76880000000000,NA,0.07210000000000,3.20770000000000,NA,11882.9986,17.7571,17.6850,0.0721,19.3080,1.5847,1.5847,0.0000,NA,NA,NA
ExperienceX.exe,56308,0x216C829D570,DXGI,1,0,0,Composed: Flip,11916.5697,NA,15.88610000000000,NA,0.09990000000000,0.67550000000000,NA,11900.7557,15.9139,15.8140,0.0999,3.1356,13.3539,0.9447,12.4092,NA,NA,NA
ExperienceX.exe,56308,0x216C829D570,DXGI,1,0,0,Composed: Flip,11934.0136,NA,17.44390000000000,NA,0.30110000000000,3.35630000000000,NA,11916.6696,17.6451,17.3440,0.3011,19.1185,1.5818,1.5818,0.0000,NA,NA,NA
ExperienceX.exe,56308,0x216C829D570,DXGI,1,0,0,Composed: Flip,11949.7594,NA,15.74580000000000,NA,0.18360000000000,1.00230000000000,NA,11934.3147,15.6283,15.4447,0.1836,16.0807,0.3663,0.3663,0.0000,NA,NA,NA
ExperienceX.exe,56308,0x216C829D570,DXGI,1,0,0,Composed: Flip,11968.0128,NA,18.25340000000000,NA,0.11320000000000,1.65680000000000,NA,11949.9430,18.1830,18.0698,0.1132,19.2943,0.4323,0.4323,0.0000,NA,NA,NA
ExperienceX.exe,56308,0x216C829D570,DXGI,1,0,0,Composed: Flip,11983.3829,NA,15.37010000000000,NA,0.14050000000000,1.79970000000000,NA,11968.1260,15.3974,15.2569,0.1405,16.4350,0.6216,0.6112,0.0104,NA,NA,NA
ExperienceX.exe,56308,0x216C829D570,DXGI,1,0,0,Composed: Flip,12000.2566,NA,16.87370000000000,NA,0.21550000000000,3.75040000000000,NA,11983.5234,16.9487,16.7332,0.2155,18.8720,1.6116,1.6116,0.0000,NA,NA,NA
ExperienceX.exe,56308,0x216C829D570,DXGI,1,0,0,Composed: Flip,12016.6927,NA,16.43610000000000,NA,0.19780000000000,1.46370000000000,NA,12000.4721,16.4184,16.2206,0.1978,17.2823,0.4020,0.3934,0.0086,NA,NA,NA
ExperienceX.exe,56308,0x216C829D570,DXGI,1,0,0,Composed: Flip,12033.6703,NA,16.97760000000000,NA,0.06390000000000,3.50300000000000,NA,12016.8905,16.8437,16.7798,0.0639,18.6636,1.6192,1.6192,0.0000,NA,NA,NA
ExperienceX.exe,56308,0x216C829D570,DXGI,1,0,0,Composed: Flip,12049.5897,NA,15.91940000000000,NA,0.13740000000000,0.95370000000000,NA,12033.7342,15.9929,15.8555,0.1374,16.4661,0.3431,0.3431,0.0000,NA,NA,NA
ExperienceX.exe,56308,0x216C829D570,DXGI,1,0,0,Composed: Flip,12067.0396,NA,17.44990000000000,NA,0.13150000000000,2.45810000000000,NA,12049.7271,17.4440,17.3125,0.1315,19.4243,0.3463,0.3463,0.0000,NA,NA,NA
ExperienceX.exe,56308,0x216C829D570,DXGI,1,0,0,Composed: Flip,12083.2120,NA,16.17240000000000,NA,0.15080000000000,1.15860000000000,NA,12067.1711,16.1917,16.0409,0.1508,16.8271,0.3724,0.3724,0.0000,NA,NA,NA
ExperienceX.exe,56308,0x0,Other,-1,0,0,Composed: Flip,11916.8829,NA,33.67000000000000,33.35970000000000,0.00000000000000,0.96110000000000,32.5343,11883.2129,33.6700,33.6700,0.0000,34.2647,0.3664,0.3627,0.0037,133.1176,11883.2129,NA
ExperienceX.exe,56308,0x216838E1150,DXGI,1,0,0,Composed: Flip,12067.4430,NA,17.84310000000000,16.54190000000000,0.50710000000000,1.70840000000000,31.9665,12049.7271,18.2230,17.7159,0.5071,17.5148,1.9095,1.9095,0.0000,-0.6130,12049.7271,NA
ExperienceX.exe,56308,0x216838E1150,DXGI,1,0,0,Composed: Flip,12083.1620,NA,15.71900000000000,NA,0.05880000000000,0.83620000000000,NA,12067.9501,15.2707,15.2119,0.0588,2.3061,13.7420,1.7606,11.9814,NA,NA,NA
ExperienceX.exe,56308,0x216838E1150,DXGI,1,0,0,Composed: Flip,12100.6880,NA,17.52600000000000,NA,0.54290000000000,2.60610000000000,NA,12083.2208,18.0101,17.4672,0.5429,19.7077,0.3656,0.3656,0.0000,NA,NA,NA
ExperienceX.exe,56308,0x216838E1150,DXGI,1,0,0,Composed: Flip,12116.2559,NA,15.56790000000000,NA,0.10780000000000,1.34220000000000,NA,12101.2309,15.1328,15.0250,0.1078,15.9802,0.3870,0.3803,0.0067,NA,NA,NA
ExperienceX.exe,56308,0x216838E1150,DXGI,1,0,0,Composed: Flip,12134.5865,NA,18.33060000000000,66.89690000000000,0.06580000000000,2.26000000000000,31.7199,12116.3637,18.2886,18.2228,0.0658,19.7244,0.7584,0.7584,0.0000,-0.2603,12116.3637,NA
ExperienceX.exe,56308,0x216838E1150,DXGI,1,0,0,Composed: Flip,12149.8045,NA,15.21800000000000,16.45120000000000,0.22410000000000,1.45410000000000,32.9531,12134.6523,15.3763,15.1522,0.2241,16.4063,0.2000,0.1948,0.0052,1.8374,12134.6523,NA
ExperienceX.exe,56308,0x216C7EA03E0,DXGI,1,0,0,Composed: Flip,12083.2122,NA,16.17870000000000,66.68690000000001,0.23040000000000,1.56730000000000,32.8396,12067.1243,16.3183,16.0879,0.2304,17.2463,0.4089,0.3892,0.0197,-0.2410,12067.1243,NA
ExperienceX.exe,56308,0x216C7EA03E0,DXGI,1,0,0,Composed: Flip,12100.9002,NA,17.68800000000000,NA,0.32710000000000,2.02830000000000,NA,12083.4426,17.7847,17.4576,0.3271,19.1259,0.3600,0.3600,0.0000,NA,NA,NA
ExperienceX.exe,56308,0x216C7EA03E0,DXGI,1,0,0,Composed: Flip,12134.1322,NA,33.23200000000000,NA,0.40700000000000,1.95590000000000,NA,12101.2273,33.3119,32.9049,0.4070,34.5378,0.3230,0.3230,0.0000,NA,NA,NA
ExperienceX.exe,56308,0x216C7EA03E0,DXGI,1,0,0,Composed: Flip,12149.7928,NA,15.66060000000000,NA,0.23470000000000,1.26580000000000,NA,12134.5392,15.4883,15.2536,0.2347,16.0200,0.4994,0.4994,0.0000,NA,NA,NA
ExperienceX.exe,56308,0x216C7EA03E0,DXGI,1,0,0,Composed: Flip,12167.6143,NA,17.82150000000000,NA,0.06910000000000,2.34780000000000,NA,12150.0275,17.6559,17.5868,0.0691,19.5166,0.4180,0.4180,0.0000,NA,NA,NA
ExperienceX.exe,56308,0x216C7EA03E0,DXGI,1,0,0,Composed: Flip,12183.1386,NA,15.52430000000000,100.04620000000000,0.16610000000000,1.34060000000000,32.9594,12167.6834,15.6213,15.4552,0.1661,16.4108,0.3850,0.3787,0.0063,0.5129,12167.6834,NA
ExperienceX.exe,56308,0x216C829D570,DXGI,1,0,0,Composed: Flip,12100.9073,NA,17.69530000000000,233.38770000000002,0.32010000000000,1.66120000000000,31.8579,12083.3628,17.8646,17.5445,0.3201,16.9597,2.2460,2.2460,0.0000,0.2499,12083.3628,NA
ExperienceX.exe,56308,0x216C829D570,DXGI,1,0,0,Composed: Flip,12116.2617,NA,15.35440000000000,NA,0.14200000000000,0.57840000000000,NA,12101.2274,15.1763,15.0343,0.1420,2.0667,13.5460,1.6296,11.9164,NA,NA,NA
ExperienceX.exe,56308,0x216C829D570,DXGI,1,0,0,Composed: Flip,12134.2328,NA,17.97110000000000,NA,0.07420000000000,1.53230000000000,NA,12116.4037,17.9033,17.8291,0.0742,17.4380,1.9234,1.9234,0.0000,NA,NA,NA
ExperienceX.exe,56308,0x216C829D570,DXGI,1,0,0,Composed: Flip,12149.7926,NA,15.55980000000000,NA,0.23480000000000,0.76660000000000,NA,12134.3070,15.7204,15.4856,0.2348,2.5395,13.7127,1.4630,12.2497,NA,NA,NA
ExperienceX.exe,56308,0x216C829D570,DXGI,1,0,0,Composed: Flip,12168.2060,NA,18.41340000000000,NA,0.10800000000000,2.11380000000000,NA,12150.0274,18.2866,18.1786,0.1080,19.9347,0.3577,0.3577,0.0000,NA,NA,NA
ExperienceX.exe,56308,0x216C829D570,DXGI,1,0,0,Composed: Flip,12183.1384,NA,14.93240000000000,NA,0.16630000000000,0.95580000000000,NA,12168.3140,14.9907,14.8244,0.1663,15.3979,0.3823,0.3823,0.0000,NA,NA,NA
ExperienceX.exe,56308,0x216C829D570,DXGI,1,0,0,Composed: Flip,12202.1233,NA,18.98490000000000,NA,0.21730000000000,2.11680000000000,NA,12183.3047,19.0359,18.8186,0.2173,20.1703,0.7651,0.7651,0.0000,NA,NA,NA
ExperienceX.exe,56308,0x216838E1150,DXGI,1,0,0,Composed: Flip,12167.5714,NA,17.76690000000000,16.91680000000000,0.10100000000000,1.97270000000000,32.1030,12150.0286,17.6438,17.5428,0.1010,17.3365,2.1790,2.1790,0.0000,-1.5405,12150.0286,NA
ExperienceX.exe,56308,0x216838E1150,DXGI,1,0,0,Composed: Flip,12183.1383,NA,15.56690000000000,NA,0.16620000000000,0.57360000000000,NA,12167.6724,15.6321,15.4659,0.1662,2.6474,13.3921,1.9911,11.4010,NA,NA,NA
ExperienceX.exe,56308,0x216838E1150,DXGI,1,0,0,Composed: Flip,12200.6791,NA,17.54080000000000,NA,0.16390000000000,2.79590000000000,NA,12183.3045,17.5385,17.3746,0.1639,19.8115,0.3590,0.3590,0.0000,NA,NA,NA
ExperienceX.exe,56308,0x216838E1150,DXGI,1,0,0,Composed: Flip,12216.3627,NA,15.68360000000000,NA,0.14150000000000,0.49420000000000,NA,12200.8430,15.6612,15.5197,0.1415,3.3971,12.6168,2.1421,10.4747,NA,NA,NA
ExperienceX.exe,56308,0x0,Other,-1,0,0,Composed: Flip,12116.7421,NA,199.85920000000002,200.05020000000002,0.00000000000000,0.46900000000000,32.7253,11916.8829,199.8592,199.8592,0.0000,199.9572,0.3710,0.3710,0.0000,-166.3802,11916.8829,NA
ExperienceX.exe,56308,0x216C829D570,DXGI,1,0,0,Composed: Flip,12216.3037,NA,14.18040000000000,116.61080000000001,0.07250000000000,1.33430000000000,33.0723,12202.3406,14.0356,13.9631,0.0725,14.9692,0.3282,0.3240,0.0042,2.3670,12202.3406,NA
ExperienceX.exe,56308,0x216C829D570,DXGI,1,0,0,Composed: Flip,12234.7006,NA,18.39690000000000,NA,0.04640000000000,2.60240000000000,NA,12216.3762,18.3708,18.3244,0.0464,20.1450,0.7818,0.7818,0.0000,NA,NA,NA
ExperienceX.exe,56308,0x216838E1150,DXGI,1,0,0,Composed: Flip,12233.4717,NA,17.10900000000000,66.44680000000000,0.59840000000000,2.70840000000000,32.6495,12216.5042,17.5659,16.9675,0.5984,17.1859,2.4900,2.4900,0.0000,0.0288,12216.5042,NA
ExperienceX.exe,56308,0x216838E1150,DXGI,1,0,0,Composed: Flip,12249.6440,NA,16.17230000000000,NA,0.15030000000000,0.59940000000000,NA,12234.0701,15.7242,15.5739,0.1503,3.2329,12.9404,1.4614,11.4790,NA,NA,NA
ExperienceX.exe,56308,0x216838E1150,DXGI,1,0,0,Composed: Flip,12266.7746,NA,17.13060000000000,NA,0.04570000000000,2.53490000000000,NA,12249.7943,17.0260,16.9803,0.0457,18.4449,1.0703,1.0703,0.0000,NA,NA,NA
ExperienceX.exe,56308,0x216C829D570,DXGI,1,0,0,Composed: Flip,12266.6169,NA,31.91630000000000,50.02280000000000,0.10370000000000,3.05770000000000,32.7819,12234.7470,31.9736,31.8699,0.1037,34.5625,0.3651,0.3651,0.0000,-17.6164,12234.7470,NA
ExperienceX.exe,56308,0x216C829D570,DXGI,1,0,0,Composed: Flip,12283.0897,NA,16.47280000000000,NA,0.30370000000000,1.41230000000000,NA,12266.7206,16.6728,16.3691,0.3037,17.4551,0.3263,0.3182,0.0081,NA,NA,NA
ExperienceX.exe,56308,0x216C829D570,DXGI,1,0,0,Composed: Flip,12300.9801,NA,17.89040000000000,33.63000000000000,0.16840000000000,1.57620000000000,32.0487,12283.3934,17.7551,17.5867,0.1684,16.8630,2.2999,2.2999,0.0000,15.0164,12283.3934,NA
ExperienceX.exe,56308,0x216838E1150,DXGI,1,0,0,Composed: Flip,12283.0879,NA,16.31330000000000,50.15240000000000,0.30830000000000,0.78780000000000,33.1857,12266.8203,16.5759,16.2676,0.3083,2.8543,14.2011,1.6884,12.5127,0.1637,12266.8203,NA
ExperienceX.exe,56308,0x216838E1150,DXGI,1,0,0,Composed: Flip,12300.8125,NA,17.72460000000000,NA,0.28140000000000,2.53490000000000,NA,12283.3962,17.6977,17.4163,0.2814,19.5244,0.4268,0.4268,0.0000,NA,NA,NA
ExperienceX.exe,56308,0x216838E1150,DXGI,1,0,0,Composed: Flip,12316.7306,NA,15.91810000000000,NA,0.07160000000000,1.32170000000000,NA,12301.0939,15.7083,15.6367,0.0716,16.5671,0.3913,0.3854,0.0059,NA,NA,NA
ExperienceX.exe,56308,0x216838E1150,DXGI,1,0,0,Composed: Flip,12334.0251,NA,17.29450000000000,49.85120000000001,0.72200000000000,3.50350000000000,32.0997,12316.8022,17.9449,17.2229,0.7220,17.5296,3.1968,3.1968,0.0000,0.1307,12316.8022,NA
ExperienceX.exe,56308,0x216838E1150,DXGI,1,0,0,Composed: Flip,12349.7471,NA,15.72200000000000,16.57840000000000,0.23440000000000,1.71410000000000,32.9561,12334.7471,15.2344,15.0000,0.2344,16.3225,0.3916,0.3820,0.0096,1.3665,12334.7471,NA
ExperienceX.exe,56308,0x216838E1150,DXGI,1,0,0,Composed: Flip,12367.8138,NA,18.06670000000000,16.76630000000000,0.08320000000000,1.61310000000000,31.6557,12349.9815,17.9155,17.8323,0.0832,17.0993,2.3461,2.3461,0.0000,-1.5319,12349.9815,NA
ExperienceX.exe,56308,0x216838E1150,DXGI,1,0,0,Composed: Flip,12382.9271,NA,15.11330000000000,16.65360000000000,0.13580000000000,0.85590000000000,33.1960,12367.8970,15.1659,15.0301,0.1358,15.4981,0.3879,0.3879,0.0000,1.2619,12367.8970,NA
ExperienceX.exe,56308,0x216C829D570,DXGI,1,0,0,Composed: Flip,12316.6219,NA,15.64180000000000,16.39850000000000,0.07400000000000,0.66550000000000,32.8054,12301.1485,15.5474,15.4734,0.0740,2.1989,13.9400,1.6596,12.2804,1.3566,12301.1485,NA
ExperienceX.exe,56308,0x216C829D570,DXGI,1,0,0,Composed: Flip,12334.8677,NA,18.24580000000000,NA,0.07540000000000,3.40170000000000,NA,12316.6959,18.2472,18.1718,0.0754,21.1928,0.3807,0.3807,0.0000,NA,NA,NA
ExperienceX.exe,56308,0x216C829D570,DXGI,1,0,0,Composed: Flip,12349.7460,NA,14.87830000000000,NA,0.22890000000000,0.94860000000000,NA,12334.9431,15.0318,14.8029,0.2289,3.3263,12.4252,1.0103,11.4149,NA,NA,NA
ExperienceX.exe,56308,0x216C829D570,DXGI,1,0,0,Composed: Flip,12366.7747,NA,17.02870000000000,NA,0.64200000000000,3.00240000000000,NA,12349.9749,17.4418,16.7998,0.6420,19.4520,0.3502,0.3502,0.0000,NA,NA,NA
ExperienceX.exe,56308,0x216C829D570,DXGI,1,0,0,Composed: Flip,12382.8423,NA,16.06760000000000,NA,0.05670000000000,1.35030000000000,NA,12367.4167,15.4823,15.4256,0.0567,16.3663,0.4096,0.4009,0.0087,NA,NA,NA
ExperienceX.exe,56308,0x216C829D570,DXGI,1,0,0,Composed: Flip,12400.4537,NA,17.61140000000000,NA,0.13970000000000,2.94380000000000,NA,12382.8990,17.6944,17.5547,0.1397,20.1410,0.3575,0.3575,0.0000,NA,NA,NA
ExperienceX.exe,56308,0x216838E1150,DXGI,1,0,0,Composed: Flip,12400.7876,NA,17.86050000000000,16.68640000000000,0.24630000000000,1.86520000000000,32.0219,12383.0629,17.9710,17.7247,0.2463,17.2528,2.3371,2.3371,0.0000,-1.5205,12383.0629,NA
ExperienceX.exe,56308,0x216838E1150,DXGI,1,0,0,Composed: Flip,12416.3911,NA,15.60350000000000,NA,0.17330000000000,1.13480000000000,NA,12401.0339,15.5305,15.3572,0.1733,15.9856,0.5064,0.5064,0.0000,NA,NA,NA
ExperienceX.exe,56308,0x216C7EA03E0,DXGI,1,0,0,Composed: Flip,12200.6782,NA,17.53960000000000,16.73700000000000,0.16480000000000,2.43780000000000,32.1568,12183.3047,17.5383,17.3735,0.1648,17.8502,1.9611,1.9611,0.0000,-1.1157,12183.3047,NA
ExperienceX.exe,56308,0x216C7EA03E0,DXGI,1,0,0,Composed: Flip,12216.3029,NA,15.62470000000000,NA,0.07340000000000,1.00690000000000,NA,12200.8430,15.5333,15.4599,0.0734,16.0139,0.4529,0.4529,0.0000,NA,NA,NA
ExperienceX.exe,56308,0x216C7EA03E0,DXGI,1,0,0,Composed: Flip,12234.2703,NA,17.96740000000000,NA,0.17060000000000,2.25090000000000,NA,12216.3763,18.0646,17.8940,0.1706,19.8038,0.3411,0.3411,0.0000,NA,NA,NA
ExperienceX.exe,56308,0x216C7EA03E0,DXGI,1,0,0,Composed: Flip,12249.6441,NA,15.37380000000000,NA,0.15030000000000,0.97220000000000,NA,12234.4409,15.3535,15.2032,0.1503,15.8025,0.3729,0.3729,0.0000,NA,NA,NA
ExperienceX.exe,56308,0x216C7EA03E0,DXGI,1,0,0,Composed: Flip,12266.7826,NA,17.13850000000000,NA,0.42610000000000,1.45660000000000,NA,12249.7944,17.4143,16.9882,0.4261,16.8607,1.5841,1.5841,0.0000,NA,NA,NA
ExperienceX.exe,56308,0x216C7EA03E0,DXGI,1,0,0,Composed: Flip,12300.9934,NA,34.21080000000000,NA,0.18960000000000,1.92720000000000,NA,12267.2087,33.9743,33.7847,0.1896,35.3476,0.3643,0.3643,0.0000,NA,NA,NA
ExperienceX.exe,56308,0x216C7EA03E0,DXGI,1,0,0,Composed: Flip,12316.7323,NA,15.73890000000000,NA,0.07520000000000,0.92870000000000,NA,12301.1830,15.6245,15.5493,0.0752,16.1044,0.3736,0.3736,0.0000,NA,NA,NA
ExperienceX.exe,56308,0x216C7EA03E0,DXGI,1,0,0,Composed: Flip,12333.9960,NA,17.26370000000000,NA,0.14890000000000,3.89270000000000,NA,12316.8075,17.3374,17.1885,0.1489,20.7211,0.3601,0.3601,0.0000,NA,NA,NA
ExperienceX.exe,56308,0x216C7EA03E0,DXGI,1,0,0,Composed: Flip,12349.7461,NA,15.75010000000000,NA,0.22920000000000,1.32350000000000,NA,12334.1449,15.8304,15.6012,0.2292,16.5497,0.3750,0.3750,0.0000,NA,NA,NA
ExperienceX.exe,56308,0x216C7EA03E0,DXGI,1,0,0,Composed: Flip,12366.7886,NA,17.04250000000000,NA,0.14630000000000,3.34900000000000,NA,12349.9753,16.9596,16.8133,0.1463,19.8018,0.3605,0.3605,0.0000,NA,NA,NA
ExperienceX.exe,56308,0x216C7EA03E0,DXGI,1,0,0,Composed: Flip,12382.8538,NA,16.06520000000000,NA,0.04770000000000,0.54130000000000,NA,12366.9349,15.9666,15.9189,0.0477,3.2027,13.2575,1.8171,11.4404,NA,NA,NA
ExperienceX.exe,56308,0x216C7EA03E0,DXGI,1,0,0,Composed: Flip,12400.4693,NA,17.61550000000000,NA,0.06630000000000,2.57070000000000,NA,12382.9015,17.6341,17.5678,0.0663,19.7513,0.3872,0.3872,0.0000,NA,NA,NA
ExperienceX.exe,56308,0x216C7EA03E0,DXGI,1,0,0,Composed: Flip,12416.3910,NA,15.92170000000000,NA,0.17320000000000,0.62850000000000,NA,12400.5356,16.0286,15.8554,0.1732,2.8619,13.6220,1.6162,12.0058,NA,NA,NA
ExperienceX.exe,56308,0x216838E1150,DXGI,1,0,0,Composed: Flip,12433.7800,NA,17.38890000000000,33.33840000000000,0.16340000000000,1.76190000000000,32.3679,12416.5644,17.3790,17.2156,0.1634,16.9736,2.0039,2.0039,0.0000,0.1631,12416.5644,NA
ExperienceX.exe,56308,0x216838E1150,DXGI,1,0,0,Composed: Flip,12449.5960,NA,15.81600000000000,NA,0.04770000000000,0.88430000000000,NA,12433.9434,15.7003,15.6526,0.0477,16.1378,0.3991,0.3991,0.0000,NA,NA,NA
ExperienceX.exe,56308,0x216C7EA03E0,DXGI,1,0,0,Composed: Flip,12449.5950,NA,33.20400000000000,249.90140000000002,0.04910000000000,0.48620000000000,33.1414,12416.5642,33.0799,33.0308,0.0491,33.0781,0.4389,0.4389,0.0000,-16.6419,12416.5642,NA
ExperienceX.exe,56308,0x216C7EA03E0,DXGI,1,0,0,Composed: Flip,12467.9882,NA,18.39320000000000,NA,0.19400000000000,3.81470000000000,NA,12449.6441,18.5381,18.3441,0.1940,20.5031,1.6557,1.6519,0.0038,NA,NA,NA
ExperienceX.exe,56308,0x216838E1150,DXGI,1,0,0,Composed: Flip,12468.0003,NA,18.40430000000000,33.21580000000000,0.08140000000000,1.78300000000000,31.3634,12449.6437,18.4380,18.3566,0.0814,17.6218,2.5178,2.5178,0.0000,-0.1365,12449.6437,NA
ExperienceX.exe,56308,0x216838E1150,DXGI,1,0,0,Composed: Flip,12483.0032,NA,15.00290000000000,NA,0.16890000000000,1.68850000000000,NA,12468.0817,15.0904,14.9215,0.1689,16.2345,0.3755,0.3669,0.0086,NA,NA,NA
ExperienceX.exe,56308,0x216C829D570,DXGI,1,0,0,Composed: Flip,12416.3908,NA,15.93710000000000,99.94600000000000,0.17340000000000,1.38340000000000,32.9825,12400.5934,15.9708,15.7974,0.1734,16.9325,0.2483,0.2409,0.0074,-0.5011,12400.5934,NA
ExperienceX.exe,56308,0x216C829D570,DXGI,1,0,0,Composed: Flip,12434.0286,NA,17.63780000000000,NA,0.05820000000000,4.74200000000000,NA,12416.5642,17.5226,17.4644,0.0582,19.3299,2.8765,2.8701,0.0064,NA,NA,NA
ExperienceX.exe,56308,0x216C829D570,DXGI,1,0,0,Composed: Flip,12449.6321,NA,15.60350000000000,NA,0.16940000000000,1.25450000000000,NA,12434.0868,15.7147,15.5453,0.1694,16.3935,0.4063,0.4015,0.0048,NA,NA,NA
ExperienceX.exe,56308,0x216C829D570,DXGI,1,0,0,Composed: Flip,12468.0520,NA,18.41990000000000,NA,0.06240000000000,2.09520000000000,NA,12449.8015,18.3129,18.2505,0.0624,19.9818,0.3639,0.3639,0.0000,NA,NA,NA
ExperienceX.exe,56308,0x216C829D570,DXGI,1,0,0,Composed: Flip,12483.0048,NA,14.95280000000000,NA,0.16780000000000,1.31140000000000,NA,12468.1144,15.0582,14.8904,0.1678,15.7990,0.4028,0.4028,0.0000,NA,NA,NA
ExperienceX.exe,56308,0x216C829D570,DXGI,1,0,0,Composed: Flip,12500.4360,NA,17.43120000000000,NA,0.09450000000000,3.50390000000000,NA,12483.1726,17.3579,17.2634,0.0945,20.3999,0.3674,0.3674,0.0000,NA,NA,NA
ExperienceX.exe,56308,0x216C829D570,DXGI,1,0,0,Composed: Flip,12516.4053,NA,15.96930000000000,100.02730000000001,0.12590000000000,0.59390000000000,32.9953,12500.5305,16.0007,15.8748,0.1259,3.4094,13.0593,0.8682,12.1911,-0.0902,12500.5305,NA
ExperienceX.exe,56308,0x216C7EA03E0,DXGI,1,0,0,Composed: Flip,12483.0028,NA,15.01460000000000,33.43050000000000,0.16950000000000,0.91060000000000,33.1641,12468.1822,14.9901,14.8206,0.1695,15.0122,0.7190,0.7190,0.0000,18.1875,12468.1822,NA
ExperienceX.exe,56308,0x216C7EA03E0,DXGI,1,0,0,Composed: Flip,12500.2131,NA,17.21030000000000,NA,0.22700000000000,3.35940000000000,NA,12483.1723,17.2678,17.0408,0.2270,20.0332,0.3670,0.3670,0.0000,NA,NA,NA
ExperienceX.exe,56308,0x216C7EA03E0,DXGI,1,0,0,Composed: Flip,12516.4058,NA,16.19270000000000,NA,0.12540000000000,1.36570000000000,NA,12500.4401,16.0911,15.9657,0.1254,16.9294,0.4020,0.3978,0.0042,NA,NA,NA
ExperienceX.exe,56308,0x216C7EA03E0,DXGI,1,0,0,Composed: Flip,12535.0888,NA,18.68300000000000,NA,0.11610000000000,1.63970000000000,NA,12516.5312,18.6737,18.5576,0.1161,19.8062,0.3911,0.3911,0.0000,NA,NA,NA
ExperienceX.exe,56308,0x216838E1150,DXGI,1,0,0,Composed: Flip,12499.8141,NA,16.81090000000000,33.33520000000000,0.48670000000000,3.39140000000000,32.8848,12483.1721,17.1287,16.6420,0.4867,16.7754,3.2580,3.2580,0.0000,0.1932,12483.1721,NA
ExperienceX.exe,56308,0x216838E1150,DXGI,1,0,0,Composed: Flip,12534.6580,NA,34.84390000000000,NA,0.56820000000000,2.46530000000000,NA,12500.3008,34.9254,34.3572,0.5682,36.4277,0.3948,0.3948,0.0000,NA,NA,NA
ExperienceX.exe,56308,0x216C7EA03E0,DXGI,1,0,0,Composed: Flip,12549.6250,NA,14.53620000000000,66.52940000000001,0.12010000000000,1.18700000000000,33.0713,12535.2049,14.5402,14.4201,0.1201,1.9184,13.6887,2.6387,11.0500,0.4933,12535.2049,NA
ExperienceX.exe,56308,0x216C7EA03E0,DXGI,1,0,0,Composed: Flip,12567.4307,NA,17.80570000000000,NA,0.20010000000000,3.49260000000000,NA,12549.7451,17.8857,17.6856,0.2001,20.3313,0.8469,0.8469,0.0000,NA,NA,NA
ExperienceX.exe,56308,0x216C7EA03E0,DXGI,1,0,0,Composed: Flip,12582.9337,NA,15.50300000000000,33.34070000000000,0.11620000000000,1.39550000000000,33.1033,12567.6308,15.4191,15.3029,0.1162,16.2937,0.4047,0.4011,0.0036,-0.9148,12567.6308,NA
ExperienceX.exe,56308,0x216C7EA03E0,DXGI,1,0,0,Composed: Flip,12599.8816,NA,16.94790000000000,16.66470000000000,0.50430000000000,4.37080000000000,32.8201,12583.0499,17.3360,16.8317,0.5043,19.9696,1.2329,1.2329,0.0000,-1.2456,12583.0499,NA
ExperienceX.exe,56308,0x216838E1150,DXGI,1,0,0,Composed: Flip,12568.5659,NA,33.90790000000001,66.66410000000000,0.09020000000000,1.19690000000000,30.7971,12535.2262,33.4299,33.3397,0.0902,15.7834,18.7532,2.1138,16.6394,-14.6100,12535.2262,NA
ExperienceX.exe,56308,0x216838E1150,DXGI,1,0,0,Composed: Flip,12582.9334,NA,14.36750000000000,NA,0.11610000000000,0.99110000000000,NA,12568.6561,14.3934,14.2773,0.1161,14.8517,0.4167,0.4167,0.0000,NA,NA,NA
ExperienceX.exe,56308,0x216838E1150,DXGI,1,0,0,Composed: Flip,12599.8823,NA,16.94890000000000,NA,0.11670000000000,1.91380000000000,NA,12583.0495,16.9495,16.8328,0.1167,17.0641,1.6825,1.6825,0.0000,NA,NA,NA
ExperienceX.exe,56308,0x216838E1150,DXGI,1,0,0,Composed: Flip,12616.3248,NA,16.44250000000000,NA,0.11400000000000,0.97350000000000,NA,12599.9990,16.4398,16.3258,0.1140,17.1499,0.1494,0.1494,0.0000,NA,NA,NA
ExperienceX.exe,56308,0x216838E1150,DXGI,1,0,0,Composed: Flip,12633.4549,NA,17.13010000000000,66.92090000000000,0.15400000000000,1.84550000000000,32.8290,12616.4388,17.1701,17.0161,0.1540,16.8481,2.0135,2.0135,0.0000,14.2917,12616.4388,NA
ExperienceX.exe,56308,0x216838E1150,DXGI,1,0,0,Composed: Flip,12649.5665,NA,16.11160000000000,16.45280000000000,0.04610000000000,0.51820000000000,33.1702,12633.6089,16.0037,15.9576,0.0461,16.0116,0.4642,0.4642,0.0000,0.7173,12633.6089,NA
ExperienceX.exe,56308,0x216838E1150,DXGI,1,0,0,Composed: Flip,12668.0050,NA,18.43850000000000,16.86230000000000,0.06780000000000,0.97330000000000,31.5940,12649.6126,18.4602,18.3924,0.0678,17.5216,1.8441,1.8441,0.0000,-0.8586,12649.6126,NA
ExperienceX.exe,56308,0x216C7EA03E0,DXGI,1,0,0,Composed: Flip,12616.3282,NA,16.44660000000000,16.65760000000000,0.12330000000000,0.82070000000000,33.0311,12600.3859,16.0656,15.9423,0.1233,3.8665,12.8965,0.7553,12.1412,0.6784,12600.3859,NA
ExperienceX.exe,56308,0x216C7EA03E0,DXGI,1,0,0,Composed: Flip,12633.1716,NA,16.84340000000000,NA,0.41260000000000,2.51020000000000,NA,12616.4515,17.1327,16.7201,0.4126,18.8489,0.3814,0.3814,0.0000,NA,NA,NA
ExperienceX.exe,56308,0x216C7EA03E0,DXGI,1,0,0,Composed: Flip,12649.5575,NA,16.38590000000000,NA,0.06710000000000,1.32270000000000,NA,12633.5842,16.0404,15.9733,0.0671,16.8850,0.4110,0.4061,0.0049,NA,NA,NA
ExperienceX.exe,56308,0x216C7EA03E0,DXGI,1,0,0,Composed: Flip,12668.3029,NA,18.74540000000000,NA,0.61100000000000,1.30960000000000,NA,12649.6246,19.2893,18.6783,0.6110,19.3537,0.6342,0.6342,0.0000,NA,NA,NA
ExperienceX.exe,56308,0x216C7EA03E0,DXGI,1,0,0,Composed: Flip,12682.9905,NA,14.68760000000000,NA,0.15280000000000,0.64760000000000,NA,12668.9139,14.2294,14.0766,0.1528,1.5011,13.2231,1.5514,11.6717,NA,NA,NA
ExperienceX.exe,56308,0x0,Other,-1,0,0,Composed: Flip,12250.0893,NA,133.34720000000002,133.29200000000000,0.00000000000000,0.92070000000000,32.6701,12116.7421,133.3472,133.3472,0.0000,133.8742,0.3937,0.3882,0.0055,66.5672,12116.7421,NA
ExperienceX.exe,56308,0x0,Other,-1,0,0,Composed: Flip,12283.8468,NA,33.75750000000000,NA,0.00000000000000,0.32890000000000,NA,12250.0893,33.7575,33.7575,0.0000,33.7864,0.3000,0.3000,0.0000,NA,NA,NA
ExperienceX.exe,56308,0x0,Other,-1,0,0,Composed: Flip,12434.1975,NA,150.35070000000002,NA,0.00000000000000,1.69660000000000,NA,12283.8468,150.3507,150.3507,0.0000,151.6951,0.3522,0.3522,0.0000,NA,NA,NA
ExperienceX.exe,56308,0x0,Other,-1,0,0,Composed: Flip,12516.7755,NA,82.57800000000000,NA,0.00000000000000,0.59400000000000,NA,12434.1975,82.5780,82.5780,0.0000,82.8017,0.3703,0.3703,0.0000,NA,NA,NA
ExperienceX.exe,56308,0x0,Other,-1,0,0,Composed: Flip,12550.0488,NA,33.27330000000000,NA,0.00000000000000,0.96080000000000,NA,12516.7755,33.2733,33.2733,0.0000,34.0557,0.1784,0.1784,0.0000,NA,NA,NA
ExperienceX.exe,56308,0x216838E1150,DXGI,1,0,0,Composed: Flip,12682.9904,NA,14.98540000000000,16.65010000000000,0.15270000000000,1.45230000000000,33.2587,12668.0728,15.0703,14.9176,0.1527,15.9642,0.4057,0.4013,0.0044,1.8101,12668.0728,NA
ExperienceX.exe,56308,0x216838E1150,DXGI,1,0,0,Composed: Flip,12700.5388,NA,17.54840000000000,NA,1.00730000000000,5.12040000000000,NA,12683.1431,18.4030,17.3957,1.0073,21.3174,1.1987,1.1987,0.0000,NA,NA,NA
ExperienceX.exe,56308,0x216C829D570,DXGI,1,0,0,Composed: Flip,12534.6584,NA,18.25310000000000,16.86200000000000,0.18740000000000,1.67900000000000,31.6042,12516.5312,18.3146,18.1272,0.1874,17.3353,2.4709,2.4709,0.0000,-0.8613,12516.5312,NA
ExperienceX.exe,56308,0x216C829D570,DXGI,1,0,0,Composed: Flip,12549.6251,NA,14.96670000000000,NA,0.12010000000000,1.20610000000000,NA,12534.8458,14.8994,14.7793,0.1201,15.9662,0.0192,0.0192,0.0000,NA,NA,NA
ExperienceX.exe,56308,0x216C829D570,DXGI,1,0,0,Composed: Flip,12568.1985,NA,18.57340000000000,NA,0.34760000000000,1.87790000000000,NA,12549.7452,18.8009,18.4533,0.3476,20.0176,0.3136,0.3136,0.0000,NA,NA,NA
ExperienceX.exe,56308,0x216C829D570,DXGI,1,0,0,Composed: Flip,12582.9339,NA,14.73540000000000,NA,0.11580000000000,0.57390000000000,NA,12568.5461,14.5036,14.3878,0.1158,2.3772,12.5845,1.7239,10.8606,NA,NA,NA
ExperienceX.exe,56308,0x216C829D570,DXGI,1,0,0,Composed: Flip,12599.8814,NA,16.94750000000000,NA,0.11840000000000,3.13810000000000,NA,12583.0497,16.9501,16.8317,0.1184,18.7464,1.2234,1.2234,0.0000,NA,NA,NA
ExperienceX.exe,56308,0x216C829D570,DXGI,1,0,0,Composed: Flip,12616.3283,NA,16.44690000000000,NA,0.12330000000000,1.37130000000000,NA,12599.9998,16.4518,16.3285,0.1233,17.2985,0.4013,0.3969,0.0044,NA,NA,NA
ExperienceX.exe,56308,0x216C829D570,DXGI,1,0,0,Composed: Flip,12633.5221,NA,17.19380000000000,NA,0.27690000000000,3.86930000000000,NA,12616.4516,17.3474,17.0705,0.2769,19.2302,1.7096,1.7059,0.0037,NA,NA,NA
ExperienceX.exe,56308,0x216C829D570,DXGI,1,0,0,Composed: Flip,12649.5545,NA,16.03240000000000,NA,0.05130000000000,0.91470000000000,NA,12633.7990,15.8068,15.7555,0.0513,16.2857,0.3845,0.3845,0.0000,NA,NA,NA
ExperienceX.exe,56308,0x216C829D570,DXGI,1,0,0,Composed: Flip,12668.1806,NA,18.62610000000000,NA,0.41530000000000,2.23440000000000,NA,12649.6058,18.9901,18.5748,0.4153,20.0067,0.8025,0.8025,0.0000,NA,NA,NA
ExperienceX.exe,56308,0x216C829D570,DXGI,1,0,0,Composed: Flip,12682.9907,NA,14.81010000000000,NA,0.15260000000000,1.04630000000000,NA,12668.5959,14.5474,14.3948,0.1526,15.0422,0.3989,0.3989,0.0000,NA,NA,NA
ExperienceX.exe,56308,0x216C829D570,DXGI,1,0,0,Composed: Flip,12700.5392,NA,17.54850000000000,NA,0.20030000000000,3.92130000000000,NA,12683.1433,17.5962,17.3959,0.2003,20.9360,0.3812,0.3812,0.0000,NA,NA,NA
ExperienceX.exe,56308,0x216C829D570,DXGI,1,0,0,Composed: Flip,12716.7135,NA,16.17430000000000,NA,0.18700000000000,1.73870000000000,NA,12700.7395,16.1610,15.9740,0.1870,17.7052,0.0075,0.0075,0.0000,NA,NA,NA
ExperienceX.exe,56308,0x216C829D570,DXGI,1,0,0,Composed: Flip,12734.8943,NA,18.18080000000000,NA,0.19190000000000,2.70950000000000,NA,12716.9005,18.1857,17.9938,0.1919,20.3018,0.4015,0.4015,0.0000,NA,NA,NA
ExperienceX.exe,56308,0x216838E1150,DXGI,1,0,0,Composed: Flip,12735.2556,NA,34.71680000000000,49.91860000000000,0.05860000000000,1.63800000000000,30.9121,12701.5461,33.7681,33.7095,0.0586,32.8445,2.5030,2.5030,0.0000,-16.4453,12701.5461,NA
ExperienceX.exe,56308,0x216838E1150,DXGI,1,0,0,Composed: Flip,12750.5969,NA,15.34130000000000,NA,0.46930000000000,2.79250000000000,NA,12735.3142,15.7520,15.2827,0.4693,16.9297,1.1455,1.0764,0.0691,NA,NA,NA
ExperienceX.exe,56308,0x216838E1150,DXGI,1,0,0,Composed: Flip,12767.7736,NA,17.17670000000000,33.26370000000000,0.07180000000000,1.94180000000000,31.6578,12751.0662,16.7792,16.7074,0.0718,16.0323,2.6169,2.6169,0.0000,16.2564,12751.0662,NA
ExperienceX.exe,56308,0x216838E1150,DXGI,1,0,0,Composed: Flip,12783.4448,NA,15.67120000000000,16.74290000000000,0.30080000000000,2.11130000000000,32.7295,12767.8454,15.9002,15.5994,0.3008,15.8540,1.8567,1.8567,0.0000,0.0363,12767.8454,NA
ExperienceX.exe,56308,0x0,Other,-1,0,0,Composed: Flip,12717.3464,NA,167.29760000000002,466.88320000000004,0.00000000000000,1.09830000000000,32.2962,12550.0488,167.2976,167.2976,0.0000,155.6104,12.7855,2.2532,10.5323,-33.5765,12550.0488,NA
ExperienceX.exe,56308,0x0,Other,-1,0,0,Composed: Flip,12784.5634,NA,67.21700000000000,NA,0.00000000000000,2.21660000000000,NA,12717.3464,67.2170,67.2170,0.0000,68.2097,1.2239,1.2191,0.0048,NA,NA,NA
ExperienceX.exe,56308,0x0,Other,-1,0,0,Composed: Flip,12784.5195,NA,0.00000000000000,NA,0.00000000000000,2.26940000000000,NA,12784.5634,0.0000,0.0000,0.0000,2.2199,0.0056,0.0056,0.0000,NA,NA,NA
ExperienceX.exe,56308,0x216C7EA03E0,DXGI,1,0,0,Composed: Flip,12700.5389,NA,17.54840000000000,83.73120000000000,0.20280000000000,3.54040000000000,32.5516,12683.1433,17.5984,17.3956,0.2028,17.7631,3.1729,2.7655,0.4074,-0.9738,12683.1433,NA
ExperienceX.exe,56308,0x216C7EA03E0,DXGI,1,0,0,Composed: Flip,12716.7149,NA,16.17600000000000,NA,0.18570000000000,2.01860000000000,NA,12700.7417,16.1589,15.9732,0.1857,17.7105,0.2813,0.2674,0.0139,NA,NA,NA
ExperienceX.exe,56308,0x216C7EA03E0,DXGI,1,0,0,Composed: Flip,12735.4093,NA,18.69440000000000,NA,0.06500000000000,1.79300000000000,NA,12716.9006,18.5737,18.5087,0.0650,19.9930,0.3087,0.3087,0.0000,NA,NA,NA
ExperienceX.exe,56308,0x216C7EA03E0,DXGI,1,0,0,Composed: Flip,12750.6877,NA,15.27840000000000,NA,0.58400000000000,1.55620000000000,NA,12735.4743,15.7974,15.2134,0.5840,16.3959,0.3737,0.3737,0.0000,NA,NA,NA
ExperienceX.exe,56308,0x216C7EA03E0,DXGI,1,0,0,Composed: Flip,12766.8516,NA,16.16390000000000,NA,0.69840000000000,3.26650000000000,NA,12751.2717,16.2783,15.5799,0.6984,18.4437,0.4027,0.4027,0.0000,NA,NA,NA
ExperienceX.exe,56308,0x216C7EA03E0,DXGI,1,0,0,Composed: Flip,12801.5411,NA,34.68950000000000,NA,0.09140000000000,1.41910000000000,NA,12767.5500,34.0825,33.9911,0.0914,33.0378,2.3724,2.3724,0.0000,NA,NA,NA
ExperienceX.exe,56308,0x0,Other,-1,0,0,Composed: Flip,12816.9060,NA,32.38650000000000,99.70850000000000,0.00000000000000,1.94910000000000,32.4451,12784.5195,32.3865,32.3865,0.0000,33.5405,0.7951,0.7886,0.0065,134.7622,12784.5195,NA
ExperienceX.exe,56308,0x216838E1150,DXGI,1,0,0,Composed: Flip,12801.5510,NA,18.10620000000000,16.68410000000000,0.11500000000000,3.23740000000000,31.3074,12783.7456,17.9204,17.8054,0.1150,19.2146,1.8282,1.8282,0.0000,-0.7839,12783.7456,NA
ExperienceX.exe,56308,0x216838E1150,DXGI,1,0,0,Composed: Flip,12816.4107,NA,14.85970000000000,NA,0.20990000000000,1.64930000000000,NA,12801.6660,14.9546,14.7447,0.2099,15.9766,0.4174,0.4174,0.0000,NA,NA,NA
ExperienceX.exe,56308,0x216838E1150,DXGI,1,0,0,Composed: Flip,12834.3109,NA,17.90020000000000,NA,0.30040000000000,1.17180000000000,NA,12816.6206,17.9907,17.6903,0.3004,17.1741,1.6880,1.6880,0.0000,NA,NA,NA
ExperienceX.exe,56308,0x216838E1150,DXGI,1,0,0,Composed: Flip,12849.5750,NA,15.26410000000000,NA,0.10740000000000,1.37570000000000,NA,12834.6113,15.0711,14.9637,0.1074,15.9368,0.4026,0.3991,0.0035,NA,NA,NA
ExperienceX.exe,56308,0x216838E1150,DXGI,1,0,0,Composed: Flip,12867.2335,NA,17.65850000000000,66.47990000000000,0.41110000000000,1.78400000000000,32.1048,12849.6824,17.9622,17.5511,0.4111,17.3071,2.0280,2.0280,0.0000,-0.5431,12849.6824,NA
ExperienceX.exe,56308,0x216C7EA03E0,DXGI,1,0,0,Composed: Flip,12834.6959,NA,33.15480000000000,132.94780000000000,0.05770000000000,2.29760000000000,31.3424,12801.6325,33.1211,33.0634,0.0577,34.9763,0.3847,0.3847,0.0000,-14.4586,12801.6325,NA
ExperienceX.exe,56308,0x216C7EA03E0,DXGI,1,0,0,Composed: Flip,12867.6946,NA,32.99870000000000,NA,0.10150000000000,1.70090000000000,NA,12834.7536,33.0425,32.9410,0.1015,34.2639,0.3780,0.3780,0.0000,NA,NA,NA
ExperienceX.exe,56308,0x216C7EA03E0,DXGI,1,0,0,Composed: Flip,12882.8834,NA,15.18880000000000,NA,0.06650000000000,1.10960000000000,NA,12867.7961,15.1538,15.0873,0.0665,15.8189,0.3780,0.3780,0.0000,NA,NA,NA
ExperienceX.exe,56308,0x216838E1150,DXGI,1,0,0,Composed: Flip,12882.8858,NA,15.65230000000000,16.66510000000000,0.06240000000000,0.72920000000000,33.1176,12867.6446,15.3036,15.2412,0.0624,2.5509,13.4195,2.0679,11.3516,1.2971,12867.6446,NA
ExperienceX.exe,56308,0x216838E1150,DXGI,1,0,0,Composed: Flip,12899.7800,NA,16.89420000000000,NA,0.44570000000000,3.28010000000000,NA,12882.9482,17.2775,16.8318,0.4457,19.6963,0.4156,0.4156,0.0000,NA,NA,NA
ExperienceX.exe,56308,0x216838E1150,DXGI,1,0,0,Composed: Flip,12916.1935,NA,16.41350000000000,33.39020000000000,0.05130000000000,0.54760000000000,33.2001,12900.2257,16.0191,15.9678,0.0513,2.8344,13.6810,1.6383,12.0427,-0.8091,12900.2257,NA
ExperienceX.exe,56308,0x216838E1150,DXGI,1,0,0,Composed: Flip,12934.5484,NA,18.35490000000000,16.82030000000000,0.16950000000000,1.88570000000000,31.6655,12916.2448,18.4731,18.3036,0.1695,17.5256,2.6637,2.1642,0.4995,-0.8012,12916.2448,NA
ExperienceX.exe,56308,0x216C7EA03E0,DXGI,1,0,0,Composed: Flip,12899.7804,NA,16.89700000000000,66.65830000000000,0.30860000000000,2.48150000000000,32.9162,12882.9499,17.1391,16.8305,0.3086,16.9366,2.3754,2.3754,0.0000,14.6591,12882.9499,NA
ExperienceX.exe,56308,0x216C7EA03E0,DXGI,1,0,0,Composed: Flip,12916.2228,NA,16.44240000000000,NA,0.12220000000000,1.30470000000000,NA,12900.0890,16.2560,16.1338,0.1222,17.0369,0.4016,0.3970,0.0046,NA,NA,NA
ExperienceX.exe,56308,0x216C7EA03E0,DXGI,1,0,0,Composed: Flip,12933.5435,NA,17.32070000000000,NA,0.21000000000000,3.26440000000000,NA,12916.3450,17.4085,17.1985,0.2100,20.0891,0.3738,0.3738,0.0000,NA,NA,NA
ExperienceX.exe,56308,0x216C7EA03E0,DXGI,1,0,0,Composed: Flip,12949.9762,NA,16.43270000000000,NA,0.38630000000000,2.38630000000000,NA,12933.7535,16.6090,16.2227,0.3863,18.2246,0.3844,0.3784,0.0060,NA,NA,NA
ExperienceX.exe,56308,0x216838E1150,DXGI,1,0,0,Composed: Flip,12949.9436,NA,15.39520000000000,16.57950000000000,0.30120000000000,1.65410000000000,32.8498,12934.7179,15.5269,15.2257,0.3012,2.8723,14.0075,2.8422,11.1653,1.8936,12934.7179,NA
ExperienceX.exe,56308,0x216838E1150,DXGI,1,0,0,Composed: Flip,12967.5440,NA,17.60040000000000,NA,0.65920000000000,2.52550000000000,NA,12950.2448,17.9584,17.2992,0.6592,19.4457,0.3790,0.3790,0.0000,NA,NA,NA
ExperienceX.exe,56308,0x216C829D570,DXGI,1,0,0,Composed: Flip,12750.5945,NA,15.70020000000000,216.64580000000001,0.37330000000000,1.27570000000000,32.3139,12735.0862,15.8816,15.5083,0.3733,2.5176,14.2664,2.1260,12.1404,1.9092,12735.0862,NA
ExperienceX.exe,56308,0x216C829D570,DXGI,1,0,0,Composed: Flip,12767.4259,NA,16.83140000000000,NA,0.17410000000000,5.65370000000000,NA,12750.9678,16.6322,16.4581,0.1741,19.1503,2.9615,2.9553,0.0062,NA,NA,NA
ExperienceX.exe,56308,0x216C829D570,DXGI,1,0,0,Composed: Flip,12801.5222,NA,34.09630000000000,NA,0.11070000000000,3.65530000000000,NA,12767.6000,34.0329,33.9222,0.1107,37.1884,0.3891,0.3891,0.0000,NA,NA,NA
ExperienceX.exe,56308,0x216C829D570,DXGI,1,0,0,Composed: Flip,12816.4115,NA,14.88930000000000,NA,0.21380000000000,1.23110000000000,NA,12801.6329,14.9924,14.7786,0.2138,15.0151,0.9946,0.9946,0.0000,NA,NA,NA
ExperienceX.exe,56308,0x216C829D570,DXGI,1,0,0,Composed: Flip,12834.8539,NA,18.44240000000000,NA,0.06790000000000,1.75490000000000,NA,12816.6253,18.2965,18.2286,0.0679,18.8574,1.1261,1.1261,0.0000,NA,NA,NA
ExperienceX.exe,56308,0x216C829D570,DXGI,1,0,0,Composed: Flip,12849.5751,NA,14.72120000000000,NA,0.10730000000000,0.97300000000000,NA,12834.9218,14.7606,14.6533,0.1073,15.2201,0.4062,0.4062,0.0000,NA,NA,NA
ExperienceX.exe,56308,0x216C829D570,DXGI,1,0,0,Composed: Flip,12867.2443,NA,17.66920000000000,NA,0.44830000000000,2.95120000000000,NA,12849.6824,18.0102,17.5619,0.4483,19.7131,0.8000,0.8000,0.0000,NA,NA,NA
ExperienceX.exe,56308,0x216C829D570,DXGI,1,0,0,Composed: Flip,12882.8764,NA,15.63210000000000,NA,0.07180000000000,1.35880000000000,NA,12867.6926,15.2556,15.1838,0.0718,16.3004,0.2422,0.2355,0.0067,NA,NA,NA
ExperienceX.exe,56308,0x216C829D570,DXGI,1,0,0,Composed: Flip,12899.7797,NA,16.90330000000000,NA,0.44660000000000,2.86480000000000,NA,12882.9482,17.2781,16.8315,0.4466,19.3137,0.3826,0.3826,0.0000,NA,NA,NA
ExperienceX.exe,56308,0x216C829D570,DXGI,1,0,0,Composed: Flip,12916.2227,NA,16.44300000000000,NA,0.12230000000000,0.90320000000000,NA,12900.2263,16.1187,15.9964,0.1223,16.5148,0.3848,0.3848,0.0000,NA,NA,NA
ExperienceX.exe,56308,0x216C829D570,DXGI,1,0,0,Composed: Flip,12935.4839,NA,19.26120000000000,NA,0.17020000000000,2.10630000000000,NA,12916.3450,19.3091,19.1389,0.1702,20.4629,0.7823,0.7823,0.0000,NA,NA,NA
ExperienceX.exe,56308,0x216C829D570,DXGI,1,0,0,Composed: Flip,12949.9416,NA,14.45770000000000,NA,0.30600000000000,2.03650000000000,NA,12935.6541,14.5935,14.2875,0.3060,15.9436,0.3804,0.3804,0.0000,NA,NA,NA
ExperienceX.exe,56308,0x216C829D570,DXGI,1,0,0,Composed: Flip,12967.1208,NA,17.17920000000000,NA,0.61380000000000,3.34750000000000,NA,12950.2476,17.4870,16.8732,0.6138,19.8219,0.3988,0.3988,0.0000,NA,NA,NA
ExperienceX.exe,56308,0x216C829D570,DXGI,1,0,0,Composed: Flip,12983.0806,NA,15.95980000000000,NA,0.19170000000000,1.31830000000000,NA,12967.7346,15.5377,15.3460,0.1917,2.7337,13.9306,2.6985,11.2321,NA,NA,NA
ExperienceX.exe,56308,0x216C7EA03E0,DXGI,1,0,0,Composed: Flip,12967.6774,NA,17.70120000000000,66.65860000000001,0.27340000000000,2.01310000000000,31.6778,12950.3625,17.5883,17.3149,0.2734,16.9280,2.4000,2.4000,0.0000,0.7540,12950.3625,NA
ExperienceX.exe,56308,0x216C7EA03E0,DXGI,1,0,0,Composed: Flip,13000.4148,NA,32.73740000000000,NA,0.05850000000000,1.63560000000000,NA,12967.9508,32.5225,32.4640,0.0585,32.0304,2.0692,2.0692,0.0000,NA,NA,NA
ExperienceX.exe,56308,0x216838E1150,DXGI,1,0,0,Composed: Flip,12983.0819,NA,15.53790000000000,33.29960000000000,0.19040000000000,1.64150000000000,33.0111,12968.2032,15.0691,14.8787,0.1904,16.1957,0.3245,0.3245,0.0000,0.1857,12968.2032,NA
ExperienceX.exe,56308,0x216838E1150,DXGI,1,0,0,Composed: Flip,13000.1953,NA,17.11340000000000,NA,0.06010000000000,2.19480000000000,NA,12983.2723,16.9831,16.9230,0.0601,18.7781,0.3397,0.3397,0.0000,NA,NA,NA
ExperienceX.exe,56308,0x216838E1150,DXGI,1,0,0,Composed: Flip,13016.4045,NA,16.20920000000000,NA,0.12030000000000,0.58880000000000,NA,13000.2554,16.2694,16.1491,0.1203,3.2803,13.4576,1.5615,11.8961,NA,NA,NA
ExperienceX.exe,56308,0x216838E1150,DXGI,1,0,0,Composed: Flip,13033.6087,NA,17.20420000000000,49.93980000000001,0.28500000000000,1.93650000000000,32.4241,13016.5248,17.3689,17.0839,0.2850,16.8777,2.1427,2.1427,0.0000,-1.6182,13016.5248,NA
ExperienceX.exe,56308,0x216C7EA03E0,DXGI,1,0,0,Composed: Flip,13016.4046,NA,15.98980000000000,50.06370000000000,0.12020000000000,1.49100000000000,33.0143,13000.4733,16.0515,15.9313,0.1202,17.0779,0.3444,0.3370,0.0074,0.0471,13000.4733,NA
ExperienceX.exe,56308,0x216C7EA03E0,DXGI,1,0,0,Composed: Flip,13033.6502,NA,17.24560000000000,NA,0.22970000000000,2.20700000000000,NA,13016.5248,17.3551,17.1254,0.2297,19.0204,0.3120,0.3120,0.0000,NA,NA,NA
ExperienceX.exe,56308,0x216C7EA03E0,DXGI,1,0,0,Composed: Flip,13049.6720,NA,16.02180000000000,NA,0.17490000000000,1.08180000000000,NA,13033.8799,15.9670,15.7921,0.1749,2.3160,14.5579,2.8263,11.7316,NA,NA,NA
ExperienceX.exe,56308,0x216C7EA03E0,DXGI,1,0,0,Composed: Flip,13067.6168,NA,17.94480000000000,49.92470000000000,0.37470000000000,2.24190000000000,31.7268,13049.8469,18.1446,17.7699,0.3747,19.6767,0.3351,0.3351,0.0000,-0.5511,13049.8469,NA
ExperienceX.exe,56308,0x216838E1150,DXGI,1,0,0,Composed: Flip,13049.6705,NA,16.06180000000000,16.65950000000000,0.17600000000000,1.49030000000000,33.0218,13033.8937,15.9528,15.7768,0.1760,16.8601,0.4070,0.4070,0.0000,0.7094,13033.8937,NA
ExperienceX.exe,56308,0x216838E1150,DXGI,1,0,0,Composed: Flip,13067.2764,NA,17.60590000000000,NA,0.48600000000000,2.24720000000000,NA,13049.8465,17.9159,17.4299,0.4860,19.3392,0.3379,0.3379,0.0000,NA,NA,NA
ExperienceX.exe,56308,0x216838E1150,DXGI,1,0,0,Composed: Flip,13082.8984,NA,15.62200000000000,NA,0.09600000000000,1.44780000000000,NA,13067.7624,15.2320,15.1360,0.0960,16.2308,0.3530,0.3475,0.0055,NA,NA,NA
ExperienceX.exe,56308,0x216838E1150,DXGI,1,0,0,Composed: Flip,13100.7912,NA,17.89280000000000,49.99680000000000,0.06950000000000,1.46100000000000,31.8979,13082.9944,17.8663,17.7968,0.0695,17.0393,2.2185,2.1642,0.0543,-0.8961,13082.9944,NA
ExperienceX.exe,56308,0x216838E1150,DXGI,1,0,0,Composed: Flip,13116.5771,NA,15.78590000000000,16.67440000000000,0.06970000000000,1.44260000000000,32.7864,13100.8607,15.7861,15.7164,0.0697,2.0659,15.0931,3.2226,11.8705,1.1919,13100.8607,NA
ExperienceX.exe,56308,0x216C7EA03E0,DXGI,1,0,0,Composed: Flip,13082.9004,NA,15.28360000000000,16.90270000000000,0.12610000000000,0.78170000000000,33.3459,13067.9915,15.0350,14.9089,0.1261,1.8672,13.8234,2.6874,11.1360,1.2419,13067.9915,NA
ExperienceX.exe,56308,0x216C7EA03E0,DXGI,1,0,0,Composed: Flip,13100.4506,NA,17.55020000000000,NA,0.35220000000000,2.47600000000000,NA,13083.0265,17.7763,17.4241,0.3522,19.5647,0.3354,0.3354,0.0000,NA,NA,NA
ExperienceX.exe,56308,0x216C7EA03E0,DXGI,1,0,0,Composed: Flip,13116.6352,NA,16.18460000000000,NA,0.24520000000000,1.73690000000000,NA,13100.8028,16.0776,15.8324,0.2452,17.2275,0.3418,0.3393,0.0025,NA,NA,NA
ExperienceX.exe,56308,0x216C7EA03E0,DXGI,1,0,0,Composed: Flip,13133.8010,NA,17.16580000000000,NA,0.12800000000000,1.62750000000000,NA,13116.8804,17.0486,16.9206,0.1280,16.4768,2.0713,2.0713,0.0000,NA,NA,NA
ExperienceX.exe,56308,0x216C7EA03E0,DXGI,1,0,0,Composed: Flip,13149.6439,NA,15.84290000000000,66.55200000000001,0.07860000000000,0.55330000000000,33.1544,13133.9290,15.7935,15.7149,0.0786,3.1759,13.0923,1.4122,11.6801,-0.6145,13133.9290,NA
ExperienceX.exe,56308,0x216C7EA03E0,DXGI,1,0,0,Composed: Flip,13167.7253,NA,18.08140000000000,16.57520000000000,0.08300000000000,2.08520000000000,31.6482,13149.7225,18.0858,18.0028,0.0830,17.6738,2.4142,2.2057,0.2085,-0.7817,13149.7225,NA
ExperienceX.exe,56308,0x216838E1150,DXGI,1,0,0,Composed: Flip,13133.7260,NA,17.14890000000000,16.72880000000000,0.24460000000000,3.37890000000000,32.3663,13116.6468,17.3238,17.0792,0.2446,19.1234,1.3347,1.3347,0.0000,-0.9427,13116.6468,NA
ExperienceX.exe,56308,0x216838E1150,DXGI,1,0,0,Composed: Flip,13149.5763,NA,15.85030000000000,NA,0.13120000000000,0.88630000000000,NA,13133.9706,15.7369,15.6057,0.1312,16.2266,0.2654,0.2654,0.0000,NA,NA,NA
ExperienceX.exe,56308,0x216838E1150,DXGI,1,0,0,Composed: Flip,13167.6460,NA,18.06970000000000,NA,0.50480000000000,2.45150000000000,NA,13149.7075,18.4433,17.9385,0.5048,20.1030,0.2870,0.2870,0.0000,NA,NA,NA
ExperienceX.exe,56308,0x216838E1150,DXGI,1,0,0,Composed: Flip,13183.2760,NA,15.63000000000000,NA,0.28100000000000,1.47070000000000,NA,13168.1508,15.4062,15.1252,0.2810,16.2437,0.3522,0.3476,0.0046,NA,NA,NA
ExperienceX.exe,56308,0x216C7EA03E0,DXGI,1,0,0,Composed: Flip,13183.2712,NA,15.54590000000000,16.71910000000000,0.28740000000000,0.85590000000000,32.8214,13167.8083,15.7503,15.4629,0.2874,2.6263,13.6925,2.4577,11.2348,1.3667,13167.8083,NA
ExperienceX.exe,56308,0x216C7EA03E0,DXGI,1,0,0,Composed: Flip,13201.3419,NA,18.07070000000000,NA,0.11040000000000,1.05960000000000,NA,13183.5586,17.8937,17.7833,0.1104,16.9080,1.9349,1.9349,0.0000,NA,NA,NA
ExperienceX.exe,56308,0x216838E1150,DXGI,1,0,0,Composed: Flip,13200.2337,NA,16.95770000000000,66.97520000000000,0.90530000000000,2.38610000000000,32.8338,13183.5570,17.5820,16.6767,0.9053,18.8445,0.2183,0.2183,0.0000,-0.0650,13183.5570,NA
ExperienceX.exe,56308,0x216838E1150,DXGI,1,0,0,Composed: Flip,13216.3321,NA,16.09840000000000,NA,0.12880000000000,2.45930000000000,NA,13201.1390,15.3219,15.1931,0.1288,17.3096,0.3428,0.3343,0.0085,NA,NA,NA
ExperienceX.exe,56308,0x216838E1150,DXGI,1,0,0,Composed: Flip,13234.9689,NA,18.63680000000000,32.98440000000000,0.17880000000000,1.60000000000000,31.0830,13216.4609,18.6868,18.5080,0.1788,17.6869,2.4211,2.1484,0.2727,-0.0805,13216.4609,NA
ExperienceX.exe,56308,0x216838E1150,DXGI,1,0,0,Composed: Flip,13249.5961,NA,14.62720000000000,16.66340000000000,0.10540000000000,1.22210000000000,33.1192,13235.1477,14.5538,14.4484,0.1054,15.2903,0.3802,0.3731,0.0071,2.0234,13235.1477,NA
ExperienceX.exe,56308,0x216838E1150,DXGI,1,0,0,Composed: Flip,13266.6111,NA,17.01500000000000,16.66020000000000,0.15520000000000,2.23340000000000,32.7644,13249.7015,17.0648,16.9096,0.1552,17.0734,2.0696,2.0696,0.0000,-2.1064,13249.7015,NA
ExperienceX.exe,56308,0x216838E1150,DXGI,1,0,0,Composed: Flip,13282.9925,NA,16.38140000000000,16.67110000000000,0.26600000000000,0.62980000000000,33.0541,13266.7663,16.4922,16.2262,0.2660,2.7542,14.1018,1.9370,12.1648,0.3937,13266.7663,NA
ExperienceX.exe,56308,0x216838E1150,DXGI,1,0,0,Composed: Flip,13299.9044,NA,16.91190000000000,16.63490000000000,0.51460000000000,1.91960000000000,32.7771,13283.2585,17.1605,16.6459,0.5146,16.8249,1.7406,1.7406,0.0000,-0.1427,13283.2585,NA
ExperienceX.exe,56308,0x216838E1150,DXGI,1,0,0,Composed: Flip,13316.2377,NA,16.33330000000000,16.94570000000000,0.08540000000000,0.79950000000000,33.3895,13300.4190,15.9041,15.8187,0.0854,16.2519,0.3663,0.3663,0.0000,0.2148,13300.4190,NA
ExperienceX.exe,56308,0x216C829D570,DXGI,1,0,0,Composed: Flip,12999.8723,NA,16.79170000000000,249.77520000000001,0.57630000000000,3.66340000000000,32.8113,12983.2723,17.1763,16.6000,0.5763,19.1178,1.1456,1.1456,0.0000,-1.5891,12983.2723,NA
ExperienceX.exe,56308,0x216C829D570,DXGI,1,0,0,Composed: Flip,13016.4119,NA,16.53960000000000,NA,0.21390000000000,1.13930000000000,NA,13000.4486,16.1772,15.9633,0.2139,16.5447,0.5579,0.5579,0.0000,NA,NA,NA
ExperienceX.exe,56308,0x216C829D570,DXGI,1,0,0,Composed: Flip,13033.5853,NA,17.17340000000000,NA,0.17250000000000,2.61060000000000,NA,13016.6258,17.1320,16.9595,0.1725,19.2314,0.3387,0.3387,0.0000,NA,NA,NA
ExperienceX.exe,56308,0x216C829D570,DXGI,1,0,0,Composed: Flip,13049.6706,NA,16.08530000000000,NA,0.17620000000000,1.77980000000000,NA,13033.7578,16.0890,15.9128,0.1762,17.4030,0.2896,0.2833,0.0063,NA,NA,NA
ExperienceX.exe,56308,0x216C829D570,DXGI,1,0,0,Composed: Flip,13067.6734,NA,18.00280000000000,NA,0.09210000000000,1.51230000000000,NA,13049.8468,17.9187,17.8266,0.0921,17.0220,2.3169,2.1692,0.1477,NA,NA,NA
ExperienceX.exe,56308,0x216C829D570,DXGI,1,0,0,Composed: Flip,13082.9003,NA,15.22690000000000,NA,0.12620000000000,1.09290000000000,NA,13067.7655,15.2610,15.1348,0.1262,15.9166,0.3111,0.3111,0.0000,NA,NA,NA
ExperienceX.exe,56308,0x216C829D570,DXGI,1,0,0,Composed: Flip,13100.4824,NA,17.58210000000000,NA,0.21580000000000,2.10880000000000,NA,13083.0265,17.6717,17.4559,0.2158,19.2257,0.3390,0.3390,0.0000,NA,NA,NA
ExperienceX.exe,56308,0x216C829D570,DXGI,1,0,0,Composed: Flip,13133.7156,NA,33.23320000000000,NA,0.24500000000000,2.05460000000000,NA,13100.6982,33.2624,33.0174,0.2450,34.7303,0.3417,0.3417,0.0000,NA,NA,NA
ExperienceX.exe,56308,0x216C829D570,DXGI,1,0,0,Composed: Flip,13149.5766,NA,15.86100000000000,NA,0.14010000000000,1.26810000000000,NA,13133.9606,15.7561,15.6160,0.1401,16.5020,0.3821,0.3759,0.0062,NA,NA,NA
ExperienceX.exe,56308,0x216C829D570,DXGI,1,0,0,Composed: Flip,13167.6642,NA,18.08760000000000,NA,0.34880000000000,2.77040000000000,NA,13149.7167,18.2963,17.9475,0.3488,20.3808,0.3371,0.3371,0.0000,NA,NA,NA
ExperienceX.exe,56308,0x216C829D570,DXGI,1,0,0,Composed: Flip,13183.2745,NA,15.61030000000000,NA,0.28250000000000,1.12000000000000,NA,13168.0130,15.5440,15.2615,0.2825,16.1141,0.2674,0.2674,0.0000,NA,NA,NA
ExperienceX.exe,56308,0x216C829D570,DXGI,1,0,0,Composed: Flip,13202.1327,NA,18.85820000000000,NA,0.24310000000000,1.20980000000000,NA,13183.5570,18.8188,18.5757,0.2431,19.0628,0.7227,0.7227,0.0000,NA,NA,NA
ExperienceX.exe,56308,0x216C829D570,DXGI,1,0,0,Composed: Flip,13216.3327,NA,14.20000000000000,NA,0.12580000000000,1.79620000000000,NA,13202.3758,14.0827,13.9569,0.1258,0.9667,14.7864,3.2399,11.5465,NA,NA,NA
ExperienceX.exe,56308,0x216C829D570,DXGI,1,0,0,Composed: Flip,13234.6068,NA,18.27410000000000,NA,0.56990000000000,2.30520000000000,NA,13216.4585,18.7182,18.1483,0.5699,20.1104,0.3431,0.3431,0.0000,NA,NA,NA
ExperienceX.exe,56308,0x216C829D570,DXGI,1,0,0,Composed: Flip,13249.5954,NA,14.98860000000000,NA,0.10590000000000,0.53670000000000,NA,13235.1767,14.5246,14.4187,0.1059,2.0891,12.8663,2.3780,10.4883,NA,NA,NA
ExperienceX.exe,56308,0x216C829D570,DXGI,1,0,0,Composed: Flip,13266.9419,NA,17.34650000000000,NA,0.50660000000000,2.24940000000000,NA,13249.7013,17.7472,17.2406,0.5066,19.1432,0.3468,0.3468,0.0000,NA,NA,NA
ExperienceX.exe,56308,0x216C829D570,DXGI,1,0,0,Composed: Flip,13282.9966,NA,16.05470000000000,NA,0.30910000000000,1.31620000000000,NA,13267.4485,15.8572,15.5481,0.3091,16.5891,0.2752,0.2704,0.0048,NA,NA,NA
ExperienceX.exe,56308,0x216C829D570,DXGI,1,0,0,Composed: Flip,13300.5373,NA,17.54070000000000,NA,0.05790000000000,2.33490000000000,NA,13283.3057,17.2895,17.2316,0.0579,18.8582,0.7083,0.7083,0.0000,NA,NA,NA
ExperienceX.exe,56308,0x216C829D570,DXGI,1,0,0,Composed: Flip,13316.2002,NA,15.66290000000000,NA,0.06950000000000,0.47070000000000,NA,13300.5952,15.6745,15.6050,0.0695,2.2770,13.7987,1.9593,11.8394,NA,NA,NA
ExperienceX.exe,56308,0x216C829D570,DXGI,1,0,0,Composed: Flip,13333.1781,NA,16.97790000000000,NA,0.11140000000000,2.20580000000000,NA,13316.2697,17.0198,16.9084,0.1114,18.7805,0.3337,0.3337,0.0000,NA,NA,NA
ExperienceX.exe,56308,0x216838E1150,DXGI,1,0,0,Composed: Flip,13333.6660,NA,17.42830000000000,16.39160000000000,0.05330000000000,1.38420000000000,32.3528,13316.3231,17.3962,17.3429,0.0533,16.9078,1.8193,1.8193,0.0000,-0.4875,13316.3231,NA
ExperienceX.exe,56308,0x216838E1150,DXGI,1,0,0,Composed: Flip,13350.1751,NA,16.50910000000000,NA,0.35860000000000,1.95630000000000,NA,13333.7193,16.8144,16.4558,0.3586,18.1153,0.2968,0.2840,0.0128,NA,NA,NA
ExperienceX.exe,56308,0x216C7EA03E0,DXGI,1,0,0,Composed: Flip,13216.3328,NA,14.99090000000000,33.26640000000000,0.12530000000000,2.11580000000000,33.0262,13201.4523,15.0058,14.8805,0.1253,16.6766,0.3197,0.3197,0.0000,0.3776,13201.4523,NA
ExperienceX.exe,56308,0x216C7EA03E0,DXGI,1,0,0,Composed: Flip,13234.6443,NA,18.31150000000000,NA,0.20560000000000,2.62150000000000,NA,13216.4581,18.3918,18.1862,0.2056,20.4539,0.3538,0.3538,0.0000,NA,NA,NA
ExperienceX.exe,56308,0x216C7EA03E0,DXGI,1,0,0,Composed: Flip,13249.5953,NA,14.95100000000000,NA,0.10620000000000,0.84270000000000,NA,13234.8499,14.8516,14.7454,0.1062,15.2822,0.3059,0.3059,0.0000,NA,NA,NA
ExperienceX.exe,56308,0x216C7EA03E0,DXGI,1,0,0,Composed: Flip,13266.9839,NA,17.38860000000000,NA,0.40090000000000,2.53660000000000,NA,13249.7015,17.6833,17.2824,0.4009,19.4898,0.3292,0.3292,0.0000,NA,NA,NA
ExperienceX.exe,56308,0x216C7EA03E0,DXGI,1,0,0,Composed: Flip,13282.9927,NA,16.00880000000000,NA,0.26570000000000,1.04490000000000,NA,13267.3848,15.8736,15.6079,0.2657,16.2375,0.4153,0.4153,0.0000,NA,NA,NA
ExperienceX.exe,56308,0x216C7EA03E0,DXGI,1,0,0,Composed: Flip,13300.7383,NA,17.74560000000000,NA,0.10450000000000,1.42560000000000,NA,13283.2584,17.5844,17.4799,0.1045,18.5656,0.3399,0.3399,0.0000,NA,NA,NA
ExperienceX.exe,56308,0x216C7EA03E0,DXGI,1,0,0,Composed: Flip,13316.2380,NA,15.49970000000000,NA,0.08520000000000,1.15130000000000,NA,13300.8428,15.4804,15.3952,0.0852,16.1944,0.3521,0.3461,0.0060,NA,NA,NA
ExperienceX.exe,56308,0x216C7EA03E0,DXGI,1,0,0,Composed: Flip,13333.1784,NA,16.94040000000000,NA,0.11020000000000,2.92530000000000,NA,13316.3232,16.9654,16.8552,0.1102,19.0607,0.7198,0.7198,0.0000,NA,NA,NA
ExperienceX.exe,56308,0x216C7EA03E0,DXGI,1,0,0,Composed: Flip,13350.1750,NA,16.99660000000000,NA,0.36080000000000,1.65960000000000,NA,13333.2886,17.2472,16.8864,0.3608,18.5379,0.0081,0.0081,0.0000,NA,NA,NA
ExperienceX.exe,56308,0x216C7EA03E0,DXGI,1,0,0,Composed: Flip,13367.3591,NA,17.18410000000000,NA,0.15700000000000,0.82570000000000,NA,13350.5358,16.9803,16.8233,0.1570,16.1869,1.4621,1.4621,0.0000,NA,NA,NA
ExperienceX.exe,56308,0x216838E1150,DXGI,1,0,0,Composed: Flip,13366.4653,NA,16.29020000000000,33.38140000000000,0.70890000000000,3.83690000000000,32.9349,13350.5337,16.6405,15.9316,0.7089,18.6109,1.1576,1.1576,0.0000,0.8292,13350.5337,NA
ExperienceX.exe,56308,0x216838E1150,DXGI,1,0,0,Composed: Flip,13383.1670,NA,16.70170000000000,NA,0.17390000000000,0.54350000000000,NA,13367.1742,16.1667,15.9928,0.1739,3.1280,13.4083,1.1951,12.2132,NA,NA,NA
ExperienceX.exe,56308,0x216C829D570,DXGI,1,0,0,Composed: Flip,13350.1757,NA,16.99760000000000,350.12500000000000,0.38900000000000,1.65080000000000,32.6329,13333.2895,17.2752,16.8862,0.3890,2.8142,15.7228,3.1385,12.5843,-0.1078,13333.2895,NA
ExperienceX.exe,56308,0x216C829D570,DXGI,1,0,0,Composed: Flip,13367.0230,NA,16.84730000000000,NA,0.39580000000000,2.12160000000000,NA,13350.5647,16.8541,16.4583,0.3958,17.6201,0.9598,0.9598,0.0000,NA,NA,NA
ExperienceX.exe,56308,0x216C829D570,DXGI,1,0,0,Composed: Flip,13399.9914,NA,32.96840000000000,NA,0.48910000000000,3.77230000000000,NA,13367.4188,33.0617,32.5726,0.4891,34.8763,1.4686,1.4686,0.0000,NA,NA,NA
ExperienceX.exe,56308,0x216838E1150,DXGI,1,0,0,Composed: Flip,13400.6046,NA,17.43760000000000,33.29530000000000,0.12030000000000,1.34800000000000,32.0909,13383.3409,17.3840,17.2637,0.1203,16.7131,1.8986,1.8324,0.0662,-0.4881,13383.3409,NA
ExperienceX.exe,56308,0x216838E1150,DXGI,1,0,0,Composed: Flip,13416.1778,NA,15.57320000000000,NA,0.08820000000000,0.57850000000000,NA,13400.7249,15.5411,15.4529,0.0882,3.0388,12.9926,1.5743,11.4183,NA,NA,NA
ExperienceX.exe,56308,0x216C7EA03E0,DXGI,1,0,0,Composed: Flip,13383.1690,NA,15.80990000000000,166.63970000000000,0.17190000000000,0.87850000000000,32.8297,13367.5161,15.8248,15.6529,0.1719,16.1944,0.3370,0.3370,0.0000,-0.5759,13367.5161,NA
ExperienceX.exe,56308,0x216C7EA03E0,DXGI,1,0,0,Composed: Flip,13400.6795,NA,17.51050000000000,NA,0.07030000000000,1.61560000000000,NA,13383.3409,17.4089,17.3386,0.0703,18.6117,0.3425,0.3425,0.0000,NA,NA,NA
ExperienceX.exe,56308,0x216C7EA03E0,DXGI,1,0,0,Composed: Flip,13416.1811,NA,15.50160000000000,NA,0.11080000000000,1.21970000000000,NA,13400.7498,15.5421,15.4313,0.1108,16.2825,0.3685,0.3648,0.0037,NA,NA,NA
ExperienceX.exe,56308,0x216C7EA03E0,DXGI,1,0,0,Composed: Flip,13434.4670,NA,18.28590000000000,NA,0.06090000000000,1.51530000000000,NA,13416.2919,18.2360,18.1751,0.0609,19.3704,0.3200,0.3200,0.0000,NA,NA,NA
ExperienceX.exe,56308,0x216838E1150,DXGI,1,0,0,Composed: Flip,13433.4716,NA,17.29380000000000,33.37130000000001,0.67240000000000,2.19070000000000,32.5952,13416.2660,17.8780,17.2056,0.6724,17.5907,1.8056,1.8056,0.0000,-0.4462,13416.2660,NA
ExperienceX.exe,56308,0x216838E1150,DXGI,1,0,0,Composed: Flip,13449.5311,NA,16.05950000000000,NA,0.10740000000000,0.88210000000000,NA,13434.1440,15.4945,15.3871,0.1074,15.9007,0.3685,0.3685,0.0000,NA,NA,NA
ExperienceX.exe,56308,0x216838E1150,DXGI,1,0,0,Composed: Flip,13467.3697,NA,17.83860000000000,33.30020000000000,0.06450000000000,1.46670000000000,31.9973,13449.6385,17.7957,17.7312,0.0645,17.1277,2.0702,2.0702,0.0000,0.0723,13449.6385,NA
ExperienceX.exe,56308,0x216C7EA03E0,DXGI,1,0,0,Composed: Flip,13449.5312,NA,15.06420000000000,66.80140000000000,0.10730000000000,0.51350000000000,33.2689,13434.5279,15.1106,15.0033,0.1073,2.2046,13.3122,2.1679,11.1443,0.2104,13434.5279,NA
ExperienceX.exe,56308,0x216C7EA03E0,DXGI,1,0,0,Composed: Flip,13466.5640,NA,17.03280000000000,NA,0.79970000000000,2.60360000000000,NA,13449.6385,17.7252,16.9255,0.7997,19.1979,0.3312,0.3312,0.0000,NA,NA,NA
ExperienceX.exe,56308,0x216C7EA03E0,DXGI,1,0,0,Composed: Flip,13483.2009,NA,16.63690000000000,NA,0.16880000000000,0.66390000000000,NA,13467.3637,16.0060,15.8372,0.1688,2.1226,14.3785,1.8370,12.5415,NA,NA,NA
ExperienceX.exe,56308,0x216838E1150,DXGI,1,0,0,Composed: Flip,13483.2016,NA,15.83190000000000,16.69150000000000,0.24580000000000,1.44500000000000,32.8569,13467.4342,16.0132,15.7674,0.2458,16.4306,0.7818,0.7818,0.0000,1.1042,13467.4342,NA
ExperienceX.exe,56308,0x216838E1150,DXGI,1,0,0,Composed: Flip,13500.2496,NA,17.04800000000000,NA,0.49830000000000,1.90970000000000,NA,13483.4474,17.3005,16.8022,0.4983,18.3779,0.3340,0.3340,0.0000,NA,NA,NA
ExperienceX.exe,56308,0x216838E1150,DXGI,1,0,0,Composed: Flip,13516.3307,NA,16.08110000000000,33.31340000000000,0.10050000000000,0.84810000000000,33.0412,13500.7479,15.6833,15.5828,0.1005,16.0840,0.3469,0.3469,0.0000,0.0003,13500.7479,NA
ExperienceX.exe,56308,0x216838E1150,DXGI,1,0,0,Composed: Flip,13533.4848,NA,17.15410000000000,16.70110000000000,0.06880000000000,1.90160000000000,32.5882,13516.4312,17.1224,17.0536,0.0688,16.8726,2.0826,2.0826,0.0000,-1.0178,13516.4312,NA
ExperienceX.exe,56308,0x216C7EA03E0,DXGI,1,0,0,Composed: Flip,13500.5840,NA,17.38310000000000,49.88240000000000,0.05210000000000,1.24130000000000,32.0985,13483.3697,17.2664,17.2143,0.0521,16.6747,1.7809,1.7809,0.0000,-1.0406,13483.3697,NA
ExperienceX.exe,56308,0x216C7EA03E0,DXGI,1,0,0,Composed: Flip,13516.3218,NA,15.73780000000000,NA,0.10940000000000,1.23130000000000,NA,13500.6361,15.7951,15.6857,0.1094,16.5427,0.3743,0.3666,0.0077,NA,NA,NA
ExperienceX.exe,56308,0x216C7EA03E0,DXGI,1,0,0,Composed: Flip,13533.5873,NA,17.26550000000000,NA,0.06560000000000,2.12560000000000,NA,13516.4312,17.2217,17.1561,0.0656,18.9552,0.3265,0.3265,0.0000,NA,NA,NA
ExperienceX.exe,56308,0x216C7EA03E0,DXGI,1,0,0,Composed: Flip,13549.7184,NA,16.13110000000000,NA,0.08550000000000,1.45820000000000,NA,13533.6529,16.1510,16.0655,0.0855,17.1926,0.3311,0.3250,0.0061,NA,NA,NA
ExperienceX.exe,56308,0x216C7EA03E0,DXGI,1,0,0,Composed: Flip,13567.4638,NA,17.74540000000000,66.66990000000000,0.27660000000000,1.55510000000000,31.8886,13549.8039,17.9365,17.6599,0.2766,17.1217,2.0933,2.0933,0.0000,-0.2357,13549.8039,NA
ExperienceX.exe,56308,0x216C7EA03E0,DXGI,1,0,0,Composed: Flip,13582.9598,NA,15.49600000000000,16.65530000000000,0.13770000000000,1.49090000000000,33.0479,13567.7404,15.3571,15.2194,0.1377,16.3486,0.3617,0.3557,0.0060,1.2812,13567.7404,NA
ExperienceX.exe,56308,0x216C7EA03E0,DXGI,1,0,0,Composed: Flip,13600.2888,NA,17.32900000000000,16.70140000000000,0.36090000000000,1.81670000000000,32.4203,13583.0975,17.5522,17.1913,0.3609,16.8675,2.1405,2.1184,0.0221,-1.3443,13583.0975,NA
ExperienceX.exe,56308,0x216C829D570,DXGI,1,0,0,Composed: Flip,13416.1810,NA,16.18960000000000,66.54350000000001,0.11100000000000,0.85130000000000,33.1711,13400.4805,15.8115,15.7005,0.1110,16.2758,0.2760,0.2760,0.0000,0.6475,13400.4805,NA
ExperienceX.exe,56308,0x216C829D570,DXGI,1,0,0,Composed: Flip,13434.6350,NA,18.45400000000000,NA,0.13730000000000,2.09750000000000,NA,13416.2920,18.4803,18.3430,0.1373,19.6903,0.7502,0.7502,0.0000,NA,NA,NA
ExperienceX.exe,56308,0x216C829D570,DXGI,1,0,0,Composed: Flip,13449.5303,NA,14.89530000000000,NA,0.10870000000000,1.29800000000000,NA,13434.7723,14.8667,14.7580,0.1087,15.6409,0.4151,0.4058,0.0093,NA,NA,NA
ExperienceX.exe,56308,0x216C829D570,DXGI,1,0,0,Composed: Flip,13466.9488,NA,17.41850000000000,NA,0.42630000000000,2.53750000000000,NA,13449.6390,17.7361,17.3098,0.4263,19.5286,0.3187,0.3187,0.0000,NA,NA,NA
ExperienceX.exe,56308,0x216C829D570,DXGI,1,0,0,Composed: Flip,13483.2053,NA,16.25650000000000,NA,0.24220000000000,1.80160000000000,NA,13467.3751,16.0724,15.8302,0.2422,17.2715,0.3603,0.3522,0.0081,NA,NA,NA
ExperienceX.exe,56308,0x216C829D570,DXGI,1,0,0,Composed: Flip,13500.2566,NA,17.05130000000000,NA,0.34290000000000,2.61120000000000,NA,13483.4475,17.1520,16.8091,0.3429,18.7118,0.7085,0.7085,0.0000,NA,NA,NA
ExperienceX.exe,56308,0x216C829D570,DXGI,1,0,0,Composed: Flip,13516.3219,NA,16.06530000000000,NA,0.10930000000000,0.51000000000000,NA,13500.5995,15.8317,15.7224,0.1093,2.2683,13.9641,2.1727,11.7914,NA,NA,NA
ExperienceX.exe,56308,0x216C829D570,DXGI,1,0,0,Composed: Flip,13533.9241,NA,17.60220000000000,NA,0.09530000000000,2.13060000000000,NA,13516.4312,17.5882,17.4929,0.0953,19.2817,0.3418,0.3418,0.0000,NA,NA,NA
ExperienceX.exe,56308,0x216C829D570,DXGI,1,0,0,Composed: Flip,13549.7839,NA,15.85980000000000,NA,0.36740000000000,1.06160000000000,NA,13534.0194,16.1319,15.7645,0.3674,16.4526,0.3735,0.3735,0.0000,NA,NA,NA
ExperienceX.exe,56308,0x216C829D570,DXGI,1,0,0,Composed: Flip,13567.0774,NA,17.29350000000000,NA,0.06950000000000,2.62310000000000,NA,13550.1513,16.9956,16.9261,0.0695,19.2127,0.3365,0.3365,0.0000,NA,NA,NA
ExperienceX.exe,56308,0x216C829D570,DXGI,1,0,0,Composed: Flip,13582.9594,NA,15.88200000000000,NA,0.13810000000000,1.12960000000000,NA,13567.1469,15.9506,15.8125,0.1381,16.3685,0.5736,0.5736,0.0000,NA,NA,NA
ExperienceX.exe,56308,0x216C829D570,DXGI,1,0,0,Composed: Flip,13600.3801,NA,17.42070000000000,NA,0.09010000000000,2.39100000000000,NA,13583.0975,17.3727,17.2826,0.0901,19.3401,0.3335,0.3335,0.0000,NA,NA,NA
ExperienceX.exe,56308,0x216C829D570,DXGI,1,0,0,Composed: Flip,13616.1723,NA,15.79220000000000,NA,0.05330000000000,0.64900000000000,NA,13600.4702,15.7554,15.7021,0.0533,2.3009,14.0502,2.5085,11.5417,NA,NA,NA
ExperienceX.exe,56308,0x216838E1150,DXGI,1,0,0,Composed: Flip,13549.7188,NA,16.23400000000000,16.62290000000000,0.08510000000000,0.75320000000000,32.9771,13533.5536,16.2503,16.1652,0.0851,2.5011,14.4173,2.3576,12.0597,0.4995,13533.5536,NA
ExperienceX.exe,56308,0x216838E1150,DXGI,1,0,0,Composed: Flip,13567.4657,NA,17.74690000000000,NA,0.14570000000000,1.89830000000000,NA,13549.8039,17.8075,17.6618,0.1457,19.2150,0.3451,0.3451,0.0000,NA,NA,NA
ExperienceX.exe,56308,0x216838E1150,DXGI,1,0,0,Composed: Flip,13582.9550,NA,15.48930000000000,NA,0.11590000000000,0.56040000000000,NA,13567.6114,15.4595,15.3436,0.1159,2.0891,13.8149,1.9853,11.8296,NA,NA,NA
ExperienceX.exe,56308,0x216838E1150,DXGI,1,0,0,Composed: Flip,13600.3794,NA,17.42440000000000,NA,0.06250000000000,2.05820000000000,NA,13583.0709,17.3710,17.3085,0.0625,19.0346,0.3321,0.3321,0.0000,NA,NA,NA
ExperienceX.exe,56308,0x216838E1150,DXGI,1,0,0,Composed: Flip,13616.1872,NA,15.80780000000000,NA,0.05210000000000,1.05950000000000,NA,13600.4419,15.7974,15.7453,0.0521,16.3794,0.4254,0.4254,0.0000,NA,NA,NA
ExperienceX.exe,56308,0x216838E1150,DXGI,1,0,0,Composed: Flip,13633.5635,NA,17.37630000000000,NA,0.47690000000000,2.52470000000000,NA,13616.2393,17.8011,17.3242,0.4769,19.5201,0.3288,0.3288,0.0000,NA,NA,NA
ExperienceX.exe,56308,0x216838E1150,DXGI,1,0,0,Composed: Flip,13649.5307,NA,15.96720000000000,99.98250000000000,0.12010000000000,1.21850000000000,33.1477,13634.0404,15.6104,15.4903,0.1201,16.3421,0.3667,0.3613,0.0054,0.5043,13634.0404,NA
ExperienceX.exe,56308,0x216C7EA03E0,DXGI,1,0,0,Composed: Flip,13616.1725,NA,15.88370000000000,16.63320000000000,0.05430000000000,1.42940000000000,33.1698,13600.6497,15.5771,15.5228,0.0543,16.5970,0.3552,0.3495,0.0057,0.9190,13600.6497,NA
ExperienceX.exe,56308,0x216C7EA03E0,DXGI,1,0,0,Composed: Flip,13633.5568,NA,17.38430000000000,NA,0.11840000000000,2.20260000000000,NA,13616.2268,17.4484,17.3300,0.1184,19.1925,0.3401,0.3401,0.0000,NA,NA,NA
ExperienceX.exe,56308,0x216C7EA03E0,DXGI,1,0,0,Composed: Flip,13667.2635,NA,33.70670000000000,NA,0.04780000000000,0.94720000000000,NA,13633.6752,33.6361,33.5883,0.0478,33.1111,1.4244,1.4244,0.0000,NA,NA,NA
ExperienceX.exe,56308,0x216C829D570,DXGI,1,0,0,Composed: Flip,13633.9858,NA,17.81350000000000,216.68530000000001,0.06090000000000,1.43350000000000,32.0516,13616.2256,17.8211,17.7602,0.0609,17.1289,2.0648,2.0648,0.0000,-0.9402,13616.2256,NA
ExperienceX.exe,56308,0x216C829D570,DXGI,1,0,0,Composed: Flip,13649.5304,NA,15.54460000000000,NA,0.12030000000000,0.58040000000000,NA,13634.0467,15.6040,15.4837,0.1203,2.0415,14.0226,2.2315,11.7911,NA,NA,NA
ExperienceX.exe,56308,0x216C829D570,DXGI,1,0,0,Composed: Flip,13666.6361,NA,17.10570000000000,NA,0.52610000000000,2.55480000000000,NA,13649.6507,17.5115,16.9854,0.5261,18.5600,0.9802,0.9802,0.0000,NA,NA,NA
ExperienceX.exe,56308,0x216C829D570,DXGI,1,0,0,Composed: Flip,13682.9062,NA,16.27010000000000,NA,0.17150000000000,1.96660000000000,NA,13667.1622,15.9155,15.7440,0.1715,17.3627,0.3479,0.3417,0.0062,NA,NA,NA
ExperienceX.exe,56308,0x216838E1150,DXGI,1,0,0,Composed: Flip,13667.3584,NA,17.82770000000000,16.65670000000000,0.05820000000000,3.02070000000000,31.9767,13649.6508,17.7658,17.7076,0.0582,19.5401,1.1882,1.1882,0.0000,-1.0463,13649.6508,NA
ExperienceX.exe,56308,0x216838E1150,DXGI,1,0,0,Composed: Flip,13682.8995,NA,15.54110000000000,NA,0.13730000000000,1.62540000000000,NA,13667.4166,15.6202,15.4829,0.1373,16.7972,0.3111,0.3111,0.0000,NA,NA,NA
ExperienceX.exe,56308,0x216838E1150,DXGI,1,0,0,Composed: Flip,13699.7853,NA,16.88580000000000,NA,0.37600000000000,2.24820000000000,NA,13683.0368,17.1245,16.7485,0.3760,18.6488,0.3479,0.3479,0.0000,NA,NA,NA
ExperienceX.exe,56308,0x216838E1150,DXGI,1,0,0,Composed: Flip,13716.2486,NA,16.46330000000000,50.18310000000000,0.09620000000000,0.58020000000000,33.2696,13700.1613,16.1835,16.0873,0.0962,3.3408,13.3267,1.0399,12.2868,0.3274,13700.1613,NA
ExperienceX.exe,56308,0x216C7EA03E0,DXGI,1,0,0,Composed: Flip,13682.9063,NA,15.64280000000000,66.65930000000000,0.17140000000000,1.30750000000000,33.0953,13667.3113,15.7664,15.5950,0.1714,3.0678,13.8347,1.8119,12.0228,0.0023,13667.3113,NA
ExperienceX.exe,56308,0x216C7EA03E0,DXGI,1,0,0,Composed: Flip,13716.2678,NA,33.36150000000000,NA,0.14410000000000,0.86080000000000,NA,13683.0777,33.3342,33.1901,0.1441,33.7511,0.2998,0.2998,0.0000,NA,NA,NA
ExperienceX.exe,56308,0x216C7EA03E0,DXGI,1,0,0,Composed: Flip,13735.5231,NA,19.25530000000000,NA,0.09580000000000,1.52390000000000,NA,13716.4119,19.2070,19.1112,0.0958,18.0956,2.5395,2.1676,0.3719,NA,NA,NA
ExperienceX.exe,56308,0x216C7EA03E0,DXGI,1,0,0,Composed: Flip,13749.9710,NA,14.44790000000000,66.67530000000001,0.17330000000000,0.92370000000000,32.7059,13735.6189,14.5254,14.3521,0.1733,2.1167,13.1591,2.6430,10.5161,1.6323,13735.6189,NA
ExperienceX.exe,56308,0x216838E1150,DXGI,1,0,0,Composed: Flip,13734.8680,NA,18.61940000000000,16.53810000000000,0.27590000000000,2.86760000000000,31.1883,13716.3448,18.7991,18.5232,0.2759,21.0489,0.3419,0.3419,0.0000,-0.3546,13716.3448,NA
ExperienceX.exe,56308,0x216838E1150,DXGI,1,0,0,Composed: Flip,13749.9761,NA,15.10810000000000,NA,0.21930000000000,1.58070000000000,NA,13735.1439,15.0515,14.8322,0.2193,16.0337,0.3792,0.3674,0.0118,NA,NA,NA
ExperienceX.exe,56308,0x216838E1150,DXGI,1,0,0,Composed: Flip,13767.5041,NA,17.52800000000000,NA,0.16140000000000,2.90440000000000,NA,13750.1954,17.4701,17.3087,0.1614,18.7488,1.4643,1.4643,0.0000,NA,NA,NA
ExperienceX.exe,56308,0x216C829D570,DXGI,1,0,0,Composed: Flip,13700.1125,NA,17.20630000000000,66.89320000000001,0.26710000000000,1.57310000000000,32.8181,13683.0777,17.3019,17.0348,0.2671,16.8588,1.7491,1.7491,0.0000,-0.0411,13683.0777,NA
ExperienceX.exe,56308,0x216C829D570,DXGI,1,0,0,Composed: Flip,13735.0248,NA,34.91230000000000,NA,0.32530000000000,2.36890000000000,NA,13700.3796,34.9705,34.6452,0.3253,36.6674,0.3467,0.3467,0.0000,NA,NA,NA
ExperienceX.exe,56308,0x216C829D570,DXGI,1,0,0,Composed: Flip,13749.9763,NA,14.95150000000000,NA,0.21750000000000,1.20130000000000,NA,13735.3501,14.8437,14.6262,0.2175,15.5446,0.2829,0.2829,0.0000,NA,NA,NA
ExperienceX.exe,56308,0x216C829D570,DXGI,1,0,0,Composed: Flip,13767.6288,NA,17.65250000000000,NA,0.06910000000000,1.31540000000000,NA,13750.1938,17.5041,17.4350,0.0691,18.4067,0.3437,0.3437,0.0000,NA,NA,NA
ExperienceX.exe,56308,0x216C829D570,DXGI,1,0,0,Composed: Flip,13782.8570,NA,15.22820000000000,NA,0.04630000000000,0.46950000000000,NA,13767.6979,15.2054,15.1591,0.0463,2.7106,12.9180,1.2311,11.6869,NA,NA,NA
ExperienceX.exe,56308,0x0,Other,-1,0,0,Composed: Flip,12849.8799,NA,32.97390000000000,33.33790000000000,0.00000000000000,0.26200000000000,32.8091,12816.9060,32.9739,32.9739,0.0000,20.0875,13.1484,1.8146,11.3338,-0.9514,12816.9060,NA
ExperienceX.exe,56308,0x0,Other,-1,0,0,Composed: Flip,12983.6245,NA,133.74460000000002,NA,0.00000000000000,1.42600000000000,NA,12849.8799,133.7446,133.7446,0.0000,134.8435,0.3271,0.3212,0.0059,NA,NA,NA
ExperienceX.exe,56308,0x0,Other,-1,0,0,Composed: Flip,13117.4857,NA,133.86120000000000,NA,0.00000000000000,0.54460000000000,NA,12983.6245,133.8612,133.8612,0.0000,134.3952,0.0106,0.0106,0.0000,NA,NA,NA
ExperienceX.exe,56308,0x0,Other,-1,0,0,Composed: Flip,13383.6686,NA,266.18290000000002,NA,0.00000000000000,0.72270000000000,NA,13117.4857,266.1829,266.1829,0.0000,266.5618,0.3438,0.3384,0.0054,NA,NA,NA
ExperienceX.exe,56308,0x0,Other,-1,0,0,Composed: Flip,13649.9401,NA,266.27150000000000,NA,0.00000000000000,0.44240000000000,NA,13383.6686,266.2715,266.2715,0.0000,266.4422,0.2717,0.2717,0.0000,NA,NA,NA
ExperienceX.exe,56308,0x0,Other,-1,0,0,Composed: Flip,13700.4492,NA,50.50910000000000,NA,0.00000000000000,3.05290000000000,NA,13649.9401,50.5091,50.5091,0.0000,52.0934,1.4686,1.4686,0.0000,NA,NA,NA
ExperienceX.exe,56308,0x0,Other,-1,0,0,Composed: Flip,13717.0530,NA,16.60380000000000,NA,0.00000000000000,0.41740000000000,NA,13700.4492,16.6038,16.6038,0.0000,16.6794,0.3418,0.3289,0.0129,NA,NA,NA
ExperienceX.exe,56308,0x216C829D570,DXGI,1,0,0,Composed: Flip,13800.1800,NA,17.32300000000000,99.74850000000001,0.09990000000000,1.92880000000000,32.4991,13782.9033,17.3766,17.2767,0.0999,17.1132,2.0923,2.0923,0.0000,0.0771,13782.9033,NA
ExperienceX.exe,56308,0x216C829D570,DXGI,1,0,0,Composed: Flip,13816.2681,NA,16.08810000000000,NA,0.15530000000000,0.51540000000000,NA,13800.2799,16.1435,15.9882,0.1553,2.5116,13.9920,2.2846,11.7074,NA,NA,NA
ExperienceX.exe,56308,0x216C7EA03E0,DXGI,1,0,0,Composed: Flip,13767.5372,NA,17.56620000000000,16.66570000000000,0.12790000000000,1.06330000000000,31.8054,13750.1443,17.5208,17.3929,0.1279,16.7000,1.7562,1.7562,0.0000,-2.1403,13750.1443,NA
ExperienceX.exe,56308,0x216C7EA03E0,DXGI,1,0,0,Composed: Flip,13782.8628,NA,15.32560000000000,NA,0.06200000000000,1.17440000000000,NA,13767.6651,15.2597,15.1977,0.0620,16.0282,0.3439,0.3382,0.0057,NA,NA,NA
ExperienceX.exe,56308,0x216C7EA03E0,DXGI,1,0,0,Composed: Flip,13800.1992,NA,17.33640000000000,NA,0.35530000000000,2.25910000000000,NA,13782.9248,17.6297,17.2744,0.3553,19.1840,0.3495,0.3495,0.0000,NA,NA,NA
ExperienceX.exe,56308,0x216C7EA03E0,DXGI,1,0,0,Composed: Flip,13833.9136,NA,33.71440000000000,NA,0.05800000000000,1.43900000000000,NA,13800.5545,33.4171,33.3591,0.0580,34.4764,0.3217,0.3217,0.0000,NA,NA,NA
ExperienceX.exe,56308,0x216838E1150,DXGI,1,0,0,Composed: Flip,13782.8561,NA,15.35200000000000,49.94130000000001,0.04730000000000,0.83720000000000,33.1415,13767.6655,15.2379,15.1906,0.0473,15.6610,0.3668,0.3668,0.0000,1.3794,13767.6655,NA
ExperienceX.exe,56308,0x216838E1150,DXGI,1,0,0,Composed: Flip,13799.9033,NA,17.04720000000000,NA,0.52630000000000,2.88820000000000,NA,13782.9034,17.5262,16.9999,0.5263,19.5549,0.3332,0.3332,0.0000,NA,NA,NA
ExperienceX.exe,56308,0x216838E1150,DXGI,1,0,0,Composed: Flip,13816.2683,NA,16.36500000000000,NA,0.15480000000000,1.11280000000000,NA,13800.4296,15.9935,15.8387,0.1548,16.3539,0.5976,0.5976,0.0000,NA,NA,NA
ExperienceX.exe,56308,0x216838E1150,DXGI,1,0,0,Composed: Flip,13833.7106,NA,17.44230000000000,NA,0.05460000000000,3.73820000000000,NA,13816.4231,17.3421,17.2875,0.0546,18.9295,2.0962,2.0962,0.0000,NA,NA,NA
ExperienceX.exe,56308,0x216838E1150,DXGI,1,0,0,Composed: Flip,13849.5368,NA,15.82620000000000,NA,0.10310000000000,0.80070000000000,NA,13833.7652,15.8747,15.7716,0.1031,3.6836,12.8887,0.8493,12.0394,NA,NA,NA
ExperienceX.exe,56308,0x216838E1150,DXGI,1,0,0,Composed: Flip,13867.4638,NA,17.92700000000000,83.40400000000001,0.33060000000000,1.73740000000000,31.9378,13849.6399,18.1545,17.8239,0.3306,17.6815,1.8798,1.8798,0.0000,-1.4296,13849.6399,NA
ExperienceX.exe,56308,0x216838E1150,DXGI,1,0,0,Composed: Flip,13882.9064,NA,15.44260000000000,16.60650000000000,0.08750000000000,0.58170000000000,33.1017,13867.7944,15.1995,15.1120,0.0875,15.1886,0.5051,0.5051,0.0000,1.5480,13867.7944,NA
ExperienceX.exe,56308,0x216838E1150,DXGI,1,0,0,Composed: Flip,13900.2591,NA,17.35270000000000,16.66970000000000,0.30340000000000,1.92740000000000,32.4187,13882.9939,17.5686,17.2652,0.3034,17.0677,2.1249,2.1249,0.0000,-1.4702,13882.9939,NA
ExperienceX.exe,56308,0x216838E1150,DXGI,1,0,0,Composed: Flip,13916.2212,NA,15.96210000000000,16.83000000000000,0.11580000000000,0.82360000000000,33.2866,13900.5625,15.7745,15.6587,0.1158,2.2939,14.1884,2.0755,12.1129,0.7386,13900.5625,NA
ExperienceX.exe,56308,0x216838E1150,DXGI,1,0,0,Composed: Flip,13933.1166,NA,16.89540000000000,16.70000000000000,0.42490000000000,2.22540000000000,33.0912,13916.3370,17.2045,16.7796,0.4249,16.9267,2.0783,2.0783,0.0000,-0.9255,13916.3370,NA
ExperienceX.exe,56308,0x216C829D570,DXGI,1,0,0,Composed: Flip,13833.4921,NA,17.22400000000000,33.41910000000000,0.46750000000000,1.53880000000000,32.6061,13816.4234,17.5362,17.0687,0.4675,16.8546,1.7529,1.7529,0.0000,0.1010,13816.4234,NA
ExperienceX.exe,56308,0x216C829D570,DXGI,1,0,0,Composed: Flip,13849.5724,NA,16.08030000000000,NA,0.14050000000000,1.10290000000000,NA,13833.9596,15.7533,15.6128,0.1405,16.3779,0.3378,0.3378,0.0000,NA,NA,NA
ExperienceX.exe,56308,0x216C829D570,DXGI,1,0,0,Composed: Flip,13867.8767,NA,18.30430000000000,NA,0.29090000000000,3.64140000000000,NA,13849.7129,18.4547,18.1638,0.2909,19.4883,2.3169,2.3169,0.0000,NA,NA,NA
ExperienceX.exe,56308,0x216C829D570,DXGI,1,0,0,Composed: Flip,13882.9296,NA,15.05290000000000,NA,0.17400000000000,0.81360000000000,NA,13868.1676,14.9360,14.7620,0.1740,15.3205,0.2551,0.2551,0.0000,NA,NA,NA
ExperienceX.exe,56308,0x216C829D570,DXGI,1,0,0,Composed: Flip,13900.5277,NA,17.59810000000000,NA,0.12160000000000,2.32870000000000,NA,13883.1036,17.5457,17.4241,0.1216,19.4109,0.3419,0.3419,0.0000,NA,NA,NA
ExperienceX.exe,56308,0x216C829D570,DXGI,1,0,0,Composed: Flip,13916.2213,NA,15.69360000000000,NA,0.11590000000000,1.49230000000000,NA,13900.6493,15.6879,15.5720,0.1159,16.6820,0.3823,0.3664,0.0159,NA,NA,NA
ExperienceX.exe,56308,0x216C829D570,DXGI,1,0,0,Composed: Flip,13933.6649,NA,17.44360000000000,NA,0.07010000000000,2.35760000000000,NA,13916.3372,17.3978,17.3277,0.0701,19.3309,0.3544,0.3544,0.0000,NA,NA,NA
ExperienceX.exe,56308,0x216C829D570,DXGI,1,0,0,Composed: Flip,13949.9795,NA,16.31460000000000,NA,0.23200000000000,0.90270000000000,NA,13933.7350,16.4765,16.2445,0.2320,16.8437,0.3035,0.3035,0.0000,NA,NA,NA
ExperienceX.exe,56308,0x216C829D570,DXGI,1,0,0,Composed: Flip,13967.8580,NA,17.87850000000000,133.47520000000000,0.48860000000000,2.25820000000000,31.7154,13950.2115,18.1351,17.6465,0.4886,19.5630,0.3417,0.3417,0.0000,0.3129,13950.2115,NA
ExperienceX.exe,56308,0x216C7EA03E0,DXGI,1,0,0,Composed: Flip,13849.5730,NA,15.65940000000000,83.33790000000000,0.13990000000000,1.46860000000000,33.1075,13833.9716,15.7413,15.6014,0.1399,16.7037,0.3663,0.3596,0.0067,0.4894,13833.9716,NA
ExperienceX.exe,56308,0x216C7EA03E0,DXGI,1,0,0,Composed: Flip,13868.0303,NA,18.45730000000000,NA,0.05530000000000,3.84050000000000,NA,13849.7129,18.3727,18.3174,0.0553,21.8052,0.3527,0.3470,0.0057,NA,NA,NA
ExperienceX.exe,56308,0x216C7EA03E0,DXGI,1,0,0,Composed: Flip,13882.9299,NA,14.89960000000000,NA,0.17360000000000,1.17760000000000,NA,13868.0856,15.0179,14.8443,0.1736,15.6576,0.3643,0.3591,0.0052,NA,NA,NA
ExperienceX.exe,56308,0x216C7EA03E0,DXGI,1,0,0,Composed: Flip,13900.5648,NA,17.63490000000000,NA,0.08450000000000,1.94970000000000,NA,13883.1035,17.5458,17.4613,0.0845,19.0830,0.3280,0.3280,0.0000,NA,NA,NA
ExperienceX.exe,56308,0x216C7EA03E0,DXGI,1,0,0,Composed: Flip,13916.2214,NA,15.65660000000000,NA,0.11580000000000,1.10990000000000,NA,13900.6493,15.6879,15.5721,0.1158,16.3955,0.2865,0.2865,0.0000,NA,NA,NA
ExperienceX.exe,56308,0x216C7EA03E0,DXGI,1,0,0,Composed: Flip,13933.1159,NA,16.89450000000000,NA,0.42560000000000,2.55220000000000,NA,13916.3372,17.2043,16.7787,0.4256,19.0048,0.3261,0.3261,0.0000,NA,NA,NA
ExperienceX.exe,56308,0x216C7EA03E0,DXGI,1,0,0,Composed: Flip,13967.6687,NA,34.55280000000000,NA,0.18400000000000,1.76420000000000,NA,13933.5415,34.3112,34.1272,0.1840,33.6675,2.2239,2.1589,0.0650,NA,NA,NA
ExperienceX.exe,56308,0x0,Other,-1,0,0,Composed: Flip,13816.7841,NA,99.73110000000000,966.64770000000010,0.00000000000000,0.93590000000000,32.5526,13717.0530,99.7311,99.7311,0.0000,100.3281,0.3389,0.3339,0.0050,-66.5007,13717.0530,NA
ExperienceX.exe,56308,0x0,Other,-1,0,0,Composed: Flip,13950.4901,NA,133.70600000000002,NA,0.00000000000000,0.08860000000000,NA,13816.7841,133.7060,133.7060,0.0000,119.2384,14.5562,1.8069,12.7493,NA,NA,NA
ExperienceX.exe,56308,0x0,Other,-1,0,0,Composed: Flip,13983.3264,NA,32.83630000000000,NA,0.00000000000000,1.05520000000000,NA,13950.4901,32.8363,32.8363,0.0000,33.5515,0.3400,0.3349,0.0051,NA,NA,NA
ExperienceX.exe,56308,0x216838E1150,DXGI,1,0,0,Composed: Flip,13949.9794,NA,16.86280000000000,16.46870000000000,0.21960000000000,1.24500000000000,32.6971,13933.5415,16.6575,16.4379,0.2196,17.3407,0.3422,0.3366,0.0056,0.7358,13933.5415,NA
ExperienceX.exe,56308,0x216838E1150,DXGI,1,0,0,Composed: Flip,13968.0654,NA,18.08600000000000,NA,0.15460000000000,1.70910000000000,NA,13950.1990,18.0210,17.8664,0.1546,19.2339,0.3416,0.3416,0.0000,NA,NA,NA
ExperienceX.exe,56308,0x216838E1150,DXGI,1,0,0,Composed: Flip,13982.9322,NA,14.86680000000000,NA,0.10900000000000,0.72490000000000,NA,13968.2200,14.8212,14.7122,0.1090,1.8962,13.5409,2.6062,10.9347,NA,NA,NA
ExperienceX.exe,56308,0x216838E1150,DXGI,1,0,0,Composed: Flip,14001.3927,NA,18.46050000000000,NA,0.43670000000000,1.83750000000000,NA,13983.0412,18.7882,18.3515,0.4367,19.8726,0.3164,0.3164,0.0000,NA,NA,NA
ExperienceX.exe,56308,0x216838E1150,DXGI,1,0,0,Composed: Flip,14016.2618,NA,14.86910000000000,NA,0.13950000000000,0.56220000000000,NA,14001.8294,14.5719,14.4324,0.1395,1.7372,13.2574,2.3911,10.8663,NA,NA,NA
ExperienceX.exe,56308,0x216C7EA03E0,DXGI,1,0,0,Composed: Flip,14001.6308,NA,33.96210000000000,150.02200000000002,0.07400000000000,1.28300000000000,31.0717,13967.8527,33.8521,33.7781,0.0740,32.7613,2.2998,2.1712,0.1286,-16.1409,13967.8527,NA
ExperienceX.exe,56308,0x216C7EA03E0,DXGI,1,0,0,Composed: Flip,14016.2620,NA,14.63120000000000,NA,0.13930000000000,1.13110000000000,NA,14001.7048,14.6965,14.5572,0.1393,15.1192,0.5691,0.5691,0.0000,NA,NA,NA
ExperienceX.exe,56308,0x216C7EA03E0,DXGI,1,0,0,Composed: Flip,14033.5364,NA,17.27440000000000,NA,0.33550000000000,2.12890000000000,NA,14016.4013,17.4706,17.1351,0.3355,18.9733,0.2907,0.2907,0.0000,NA,NA,NA
ExperienceX.exe,56308,0x216838E1150,DXGI,1,0,0,Composed: Flip,14033.6674,NA,17.40560000000000,83.33340000000000,0.12580000000000,1.70720000000000,32.3425,14016.4013,17.3919,17.2661,0.1258,16.8742,2.0991,2.0991,0.0000,-0.4736,14016.4013,NA
ExperienceX.exe,56308,0x216838E1150,DXGI,1,0,0,Composed: Flip,14049.6844,NA,16.01700000000000,NA,0.12870000000000,1.07680000000000,NA,14033.7932,16.0199,15.8912,0.1287,2.2090,14.7590,2.7692,11.9898,NA,NA,NA
ExperienceX.exe,56308,0x216838E1150,DXGI,1,0,0,Composed: Flip,14066.8186,NA,17.13420000000000,33.34260000000000,0.07120000000000,1.89800000000000,32.5339,14049.8131,17.0767,17.0055,0.0712,16.8174,2.0861,2.0861,0.0000,0.0692,14049.8131,NA
ExperienceX.exe,56308,0x216838E1150,DXGI,1,0,0,Composed: Flip,14083.0830,NA,16.26440000000000,16.67780000000000,0.07890000000000,1.37920000000000,32.9473,14066.8898,16.2721,16.1932,0.0789,17.2360,0.3364,0.3364,0.0000,0.3989,14066.8898,NA
ExperienceX.exe,56308,0x216838E1150,DXGI,1,0,0,Composed: Flip,14100.4313,NA,17.34830000000000,16.64540000000000,0.40210000000000,1.78500000000000,32.2444,14083.1619,17.6715,17.2694,0.4021,16.9825,2.0719,2.0719,0.0000,-0.3733,14083.1619,NA
ExperienceX.exe,56308,0x216838E1150,DXGI,1,0,0,Composed: Flip,14116.2801,NA,15.84880000000000,16.66700000000000,0.13140000000000,1.24960000000000,33.0626,14100.8334,15.5781,15.4467,0.1314,16.3308,0.3655,0.3594,0.0061,1.0045,14100.8334,NA
ExperienceX.exe,56308,0x216838E1150,DXGI,1,0,0,Composed: Flip,14134.5311,NA,18.25100000000000,16.66120000000000,0.24270000000000,1.62840000000000,31.4728,14116.4115,18.3623,18.1196,0.2427,17.0989,2.6491,2.2779,0.3712,-1.0831,14116.4115,NA
ExperienceX.exe,56308,0x216C7EA03E0,DXGI,1,0,0,Composed: Flip,14049.6924,NA,16.15600000000000,50.06370000000000,0.15880000000000,1.42460000000000,33.0738,14033.8719,15.9793,15.8205,0.1588,16.8893,0.3558,0.3558,0.0000,15.9555,14033.8719,NA
ExperienceX.exe,56308,0x216C7EA03E0,DXGI,1,0,0,Composed: Flip,14066.7978,NA,17.10540000000000,NA,0.08860000000000,2.22910000000000,NA,14049.8512,17.0352,16.9466,0.0886,18.8654,0.3103,0.3103,0.0000,NA,NA,NA
ExperienceX.exe,56308,0x216C7EA03E0,DXGI,1,0,0,Composed: Flip,14083.2341,NA,16.43630000000000,NA,0.23230000000000,0.89170000000000,NA,14066.8864,16.5800,16.3477,0.2323,2.4723,14.7671,2.7898,11.9773,NA,NA,NA
ExperienceX.exe,56308,0x216C7EA03E0,DXGI,1,0,0,Composed: Flip,14099.9884,NA,16.75430000000000,NA,0.59520000000000,2.56250000000000,NA,14083.4664,17.1172,16.5220,0.5952,18.7499,0.3346,0.3346,0.0000,NA,NA,NA
ExperienceX.exe,56308,0x216C7EA03E0,DXGI,1,0,0,Composed: Flip,14116.2818,NA,16.29340000000000,NA,0.12950000000000,0.61640000000000,NA,14100.5836,15.8277,15.6982,0.1295,2.2901,14.0245,2.3036,11.7209,NA,NA,NA
ExperienceX.exe,56308,0x216C7EA03E0,DXGI,1,0,0,Composed: Flip,14134.0587,NA,17.77690000000000,NA,0.61290000000000,2.38200000000000,NA,14116.4113,18.2603,17.6474,0.6129,19.7482,0.2812,0.2812,0.0000,NA,NA,NA
ExperienceX.exe,56308,0x216C7EA03E0,DXGI,1,0,0,Composed: Flip,14149.5327,NA,15.47400000000000,NA,0.12700000000000,0.65350000000000,NA,14134.6716,14.9881,14.8611,0.1270,2.1004,13.4142,2.3655,11.0487,NA,NA,NA
ExperienceX.exe,56308,0x216838E1150,DXGI,1,0,0,Composed: Flip,14149.5320,NA,15.00090000000000,16.88680000000000,0.12800000000000,1.26610000000000,33.3587,14134.7738,14.8862,14.7582,0.1280,15.6497,0.3746,0.3692,0.0054,1.4755,14134.7738,NA
ExperienceX.exe,56308,0x216838E1150,DXGI,1,0,0,Composed: Flip,14166.5419,NA,17.00990000000000,NA,0.13290000000000,3.43230000000000,NA,14149.6600,17.0148,16.8819,0.1329,19.9712,0.3430,0.3430,0.0000,NA,NA,NA
ExperienceX.exe,56308,0x216838E1150,DXGI,1,0,0,Composed: Flip,14183.2026,NA,16.66070000000000,33.40040000000000,0.12280000000000,1.00410000000000,33.0885,14166.6748,16.6506,16.5278,0.1228,17.2995,0.2324,0.2324,0.0000,-1.4994,14166.6748,NA
ExperienceX.exe,56308,0x216C829D570,DXGI,1,0,0,Composed: Flip,13982.9482,NA,15.09020000000000,16.46250000000000,0.14490000000000,1.09340000000000,33.0877,13968.3466,14.7465,14.6016,0.1449,15.3105,0.3845,0.3845,0.0000,1.6726,13968.3466,NA
ExperienceX.exe,56308,0x216C829D570,DXGI,1,0,0,Composed: Flip,14000.9155,NA,17.96730000000000,NA,0.61590000000000,2.65110000000000,NA,13983.0931,18.4383,17.8224,0.6159,20.1371,0.3364,0.3364,0.0000,NA,NA,NA
ExperienceX.exe,56308,0x216C829D570,DXGI,1,0,0,Composed: Flip,14033.8513,NA,32.93580000000000,NA,0.06990000000000,2.15090000000000,NA,14001.5314,32.3898,32.3199,0.0699,34.1339,0.3369,0.3369,0.0000,NA,NA,NA
ExperienceX.exe,56308,0x216C829D570,DXGI,1,0,0,Composed: Flip,14049.6918,NA,15.84050000000000,NA,0.15930000000000,1.74930000000000,NA,14033.9212,15.9299,15.7706,0.1593,17.1958,0.3241,0.3185,0.0056,NA,NA,NA
ExperienceX.exe,56308,0x216C829D570,DXGI,1,0,0,Composed: Flip,14067.1180,NA,17.42620000000000,NA,0.07100000000000,2.24070000000000,NA,14049.8511,17.3379,17.2669,0.0710,19.1758,0.3318,0.3318,0.0000,NA,NA,NA
ExperienceX.exe,56308,0x216C829D570,DXGI,1,0,0,Composed: Flip,14083.2325,NA,16.11450000000000,NA,0.44510000000000,1.56630000000000,NA,14067.1890,16.4886,16.0435,0.4451,17.2732,0.3366,0.3331,0.0035,NA,NA,NA
ExperienceX.exe,56308,0x216C829D570,DXGI,1,0,0,Composed: Flip,14100.3667,NA,17.13420000000000,NA,0.36610000000000,2.50700000000000,NA,14083.6776,17.0552,16.6891,0.3661,18.8733,0.3228,0.3228,0.0000,NA,NA,NA
ExperienceX.exe,56308,0x216C829D570,DXGI,1,0,0,Composed: Flip,14116.2799,NA,15.91320000000000,NA,0.13130000000000,0.88430000000000,NA,14100.7328,15.6784,15.5471,0.1313,16.1654,0.2660,0.2660,0.0000,NA,NA,NA
ExperienceX.exe,56308,0x216C829D570,DXGI,1,0,0,Composed: Flip,14134.2327,NA,17.95280000000000,NA,0.53100000000000,2.53930000000000,NA,14116.4112,18.3525,17.8215,0.5310,20.0295,0.3313,0.3313,0.0000,NA,NA,NA
ExperienceX.exe,56308,0x216C829D570,DXGI,1,0,0,Composed: Flip,14149.5325,NA,15.29980000000000,NA,0.12720000000000,0.89100000000000,NA,14134.7637,14.8960,14.7688,0.1272,15.4225,0.2373,0.2373,0.0000,NA,NA,NA
ExperienceX.exe,56308,0x216C829D570,DXGI,1,0,0,Composed: Flip,14166.5414,NA,17.00890000000000,NA,0.13190000000000,3.08980000000000,NA,14149.6597,17.0136,16.8817,0.1319,19.6433,0.3282,0.3282,0.0000,NA,NA,NA
ExperienceX.exe,56308,0x216C829D570,DXGI,1,0,0,Composed: Flip,14183.2024,NA,16.66100000000000,NA,0.12330000000000,1.35410000000000,NA,14166.6733,16.6524,16.5291,0.1233,17.5334,0.3498,0.3409,0.0089,NA,NA,NA
ExperienceX.exe,56308,0x216C829D570,DXGI,1,0,0,Composed: Flip,14201.3271,NA,18.12470000000000,NA,0.11370000000000,1.38270000000000,NA,14183.3257,18.1151,18.0014,0.1137,17.2821,2.1020,2.1020,0.0000,NA,NA,NA
ExperienceX.exe,56308,0x216838E1150,DXGI,1,0,0,Composed: Flip,14201.5222,NA,18.31960000000000,16.41310000000000,0.06190000000000,1.52720000000000,31.1820,14183.3254,18.2587,18.1968,0.0619,19.3844,0.3396,0.3396,0.0000,0.2375,14183.3254,NA
ExperienceX.exe,56308,0x216838E1150,DXGI,1,0,0,Composed: Flip,14216.5879,NA,15.06570000000000,NA,0.17980000000000,1.93980000000000,NA,14201.5841,15.1836,15.0038,0.1798,16.6126,0.3310,0.3240,0.0070,NA,NA,NA
ExperienceX.exe,56308,0x216C829D570,DXGI,1,0,0,Composed: Flip,14216.5892,NA,15.26210000000000,233.34630000000001,0.17920000000000,1.60750000000000,32.7930,14201.4408,15.3276,15.1484,0.1792,16.4278,0.3281,0.3281,0.0000,-0.2521,14201.4408,NA
ExperienceX.exe,56308,0x216C829D570,DXGI,1,0,0,Composed: Flip,14233.9242,NA,17.33500000000000,NA,0.14870000000000,2.14330000000000,NA,14216.7684,17.3045,17.1558,0.1487,18.9684,0.3307,0.3307,0.0000,NA,NA,NA
ExperienceX.exe,56308,0x216838E1150,DXGI,1,0,0,Composed: Flip,14233.1861,NA,16.59820000000000,33.31430000000000,0.45710000000000,2.20450000000000,32.8324,14216.7677,16.8755,16.4184,0.4571,16.5503,2.0726,2.0726,0.0000,0.1280,14216.7677,NA
ExperienceX.exe,56308,0x216838E1150,DXGI,1,0,0,Composed: Flip,14249.6335,NA,16.44740000000000,NA,0.11080000000000,1.09960000000000,NA,14233.6432,16.1011,15.9903,0.1108,16.7283,0.3616,0.3616,0.0000,NA,NA,NA
ExperienceX.exe,56308,0x216C7EA03E0,DXGI,1,0,0,Composed: Flip,14166.5424,NA,17.00970000000000,116.59880000000001,0.13040000000000,2.76060000000000,32.8226,14149.6597,17.0131,16.8827,0.1304,17.0930,2.5503,2.1478,0.4025,-0.8110,14149.6597,NA
ExperienceX.exe,56308,0x216C7EA03E0,DXGI,1,0,0,Composed: Flip,14183.2027,NA,16.66030000000000,NA,0.12270000000000,0.77160000000000,NA,14166.6728,16.6526,16.5299,0.1227,3.3014,14.0001,2.5350,11.4651,NA,NA,NA
ExperienceX.exe,56308,0x216C7EA03E0,DXGI,1,0,0,Composed: Flip,14201.3036,NA,18.10090000000000,NA,0.14220000000000,2.09340000000000,NA,14183.3254,18.1204,17.9782,0.1422,19.7240,0.3476,0.3476,0.0000,NA,NA,NA
ExperienceX.exe,56308,0x216C7EA03E0,DXGI,1,0,0,Composed: Flip,14216.5878,NA,15.28420000000000,NA,0.17990000000000,1.28080000000000,NA,14201.4458,15.3219,15.1420,0.1799,1.9512,14.4716,2.9681,11.5035,NA,NA,NA
ExperienceX.exe,56308,0x216C7EA03E0,DXGI,1,0,0,Composed: Flip,14233.7695,NA,17.18170000000000,NA,0.12350000000000,1.96730000000000,NA,14216.7677,17.1253,17.0018,0.1235,18.6229,0.3462,0.3462,0.0000,NA,NA,NA
ExperienceX.exe,56308,0x216C7EA03E0,DXGI,1,0,0,Composed: Flip,14266.9509,NA,33.18140000000000,NA,0.29260000000000,3.31500000000000,NA,14233.8930,33.3505,33.0579,0.2926,34.9101,1.4628,1.4628,0.0000,NA,NA,NA
ExperienceX.exe,56308,0x216838E1150,DXGI,1,0,0,Composed: Flip,14266.5154,NA,16.88190000000000,33.41640000000000,0.06890000000000,1.94800000000000,32.9195,14249.7443,16.8400,16.7711,0.0689,16.9688,1.7503,1.7503,0.0000,-0.4398,14249.7443,NA
ExperienceX.exe,56308,0x216C7EA03E0,DXGI,1,0,0,Composed: Flip,14282.9477,NA,15.99680000000000,116.69920000000000,0.13650000000000,0.67050000000000,33.1165,14267.2435,15.8407,15.7042,0.1365,3.0224,13.3523,1.2061,12.1462,0.8846,14267.2435,NA
ExperienceX.exe,56308,0x216C7EA03E0,DXGI,1,0,0,Composed: Flip,14300.7003,NA,17.75260000000000,NA,0.06760000000000,1.89800000000000,NA,14283.0842,17.6837,17.6161,0.0676,19.1683,0.3458,0.3458,0.0000,NA,NA,NA
ExperienceX.exe,56308,0x216C829D570,DXGI,1,0,0,Composed: Flip,14249.6341,NA,15.70990000000000,33.34330000000000,0.11150000000000,0.73740000000000,33.0914,14234.0729,15.6727,15.5612,0.1115,1.9946,14.3040,2.5478,11.7562,-0.7112,14234.0729,NA
ExperienceX.exe,56308,0x216C829D570,DXGI,1,0,0,Composed: Flip,14266.9857,NA,17.35160000000000,NA,0.08300000000000,1.81740000000000,NA,14249.7456,17.3231,17.2401,0.0830,18.7178,0.3397,0.3397,0.0000,NA,NA,NA
ExperienceX.exe,56308,0x216C829D570,DXGI,1,0,0,Composed: Flip,14300.3851,NA,33.39940000000000,NA,0.41540000000000,2.53890000000000,NA,14267.0687,33.7318,33.3164,0.4154,35.5296,0.3257,0.3257,0.0000,NA,NA,NA
ExperienceX.exe,56308,0x216C829D570,DXGI,1,0,0,Composed: Flip,14316.3648,NA,15.97970000000000,NA,0.21900000000000,1.78940000000000,NA,14300.8005,15.7833,15.5643,0.2190,17.0200,0.3337,0.3280,0.0057,NA,NA,NA
ExperienceX.exe,56308,0x216838E1150,DXGI,1,0,0,Composed: Flip,14300.0138,NA,33.49840000000000,33.33130000000000,0.14010000000000,2.23870000000000,32.7524,14266.5843,33.5696,33.4295,0.1401,33.5759,2.0923,2.0923,0.0000,-16.4913,14266.5843,NA
ExperienceX.exe,56308,0x216838E1150,DXGI,1,0,0,Composed: Flip,14316.3607,NA,16.34690000000000,NA,0.21260000000000,1.11730000000000,NA,14300.1539,16.4194,16.2068,0.2126,2.7701,14.5540,2.3691,12.1849,NA,NA,NA
ExperienceX.exe,56308,0x216838E1150,DXGI,1,0,0,Composed: Flip,14333.6058,NA,17.24510000000000,NA,0.10270000000000,2.60700000000000,NA,14316.5733,17.1352,17.0325,0.1027,18.8848,0.7547,0.7547,0.0000,NA,NA,NA
ExperienceX.exe,56308,0x216838E1150,DXGI,1,0,0,Composed: Flip,14349.6793,NA,16.07350000000000,50.08330000000000,0.11980000000000,1.20710000000000,33.1702,14333.7085,16.0906,15.9708,0.1198,2.5043,14.6736,2.4861,12.1875,17.0409,14333.7085,NA
ExperienceX.exe,56308,0x216838E1150,DXGI,1,0,0,Composed: Flip,14368.8146,NA,19.13530000000000,16.48440000000000,0.06350000000000,0.92650000000000,30.5193,14349.7991,19.0790,19.0155,0.0635,17.8197,2.1223,2.1223,0.0000,-0.3938,14349.7991,NA
ExperienceX.exe,56308,0x216C829D570,DXGI,1,0,0,Composed: Flip,14333.6338,NA,17.26900000000000,83.50880000000001,0.17070000000000,1.51720000000000,32.6005,14316.5838,17.2207,17.0500,0.1707,16.7881,1.7791,1.7791,0.0000,-0.9979,14316.5838,NA
ExperienceX.exe,56308,0x216C829D570,DXGI,1,0,0,Composed: Flip,14349.7425,NA,16.10870000000000,NA,0.29340000000000,1.81340000000000,NA,14333.8045,16.2314,15.9380,0.2934,17.4117,0.3397,0.3328,0.0069,NA,NA,NA
ExperienceX.exe,56308,0x216C829D570,DXGI,1,0,0,Composed: Flip,14367.9629,NA,18.22040000000000,NA,0.15090000000000,2.08370000000000,NA,14350.0359,18.0779,17.9270,0.1509,19.7052,0.3055,0.3055,0.0000,NA,NA,NA
ExperienceX.exe,56308,0x216C829D570,DXGI,1,0,0,Composed: Flip,14383.1772,NA,15.21430000000000,NA,0.14220000000000,1.28510000000000,NA,14368.1138,15.2056,15.0634,0.1422,15.9614,0.3871,0.3772,0.0099,NA,NA,NA
ExperienceX.exe,56308,0x216C829D570,DXGI,1,0,0,Composed: Flip,14400.1951,NA,17.01790000000000,66.45910000000001,0.28600000000000,1.85000000000000,32.4983,14383.3194,17.1617,16.8757,0.2860,16.6461,2.0796,2.0796,0.0000,0.2765,14383.3194,NA
ExperienceX.exe,56308,0x216C7EA03E0,DXGI,1,0,0,Composed: Flip,14316.3649,NA,15.66460000000000,33.33640000000000,0.21910000000000,1.45560000000000,33.0357,14300.7679,15.8161,15.5970,0.2191,16.7101,0.3425,0.3425,0.0000,0.1880,14300.7679,NA
ExperienceX.exe,56308,0x216C7EA03E0,DXGI,1,0,0,Composed: Flip,14333.8985,NA,17.53360000000000,NA,0.05980000000000,1.55960000000000,NA,14316.5840,17.3743,17.3145,0.0598,18.5670,0.3071,0.3071,0.0000,NA,NA,NA
ExperienceX.exe,56308,0x216C7EA03E0,DXGI,1,0,0,Composed: Flip,14349.6808,NA,15.78230000000000,NA,0.11870000000000,1.53540000000000,NA,14333.9583,15.8412,15.7225,0.1187,16.9281,0.3298,0.3298,0.0000,NA,NA,NA
ExperienceX.exe,56308,0x216C7EA03E0,DXGI,1,0,0,Composed: Flip,14367.9009,NA,18.22010000000000,NA,0.45960000000000,2.50350000000000,NA,14349.7995,18.5610,18.1014,0.4596,20.2471,0.3578,0.3578,0.0000,NA,NA,NA
ExperienceX.exe,56308,0x216C7EA03E0,DXGI,1,0,0,Composed: Flip,14383.1768,NA,15.27590000000000,NA,0.14280000000000,0.54780000000000,NA,14368.3605,14.9591,14.8163,0.1428,2.0439,13.3202,2.5933,10.7269,NA,NA,NA
ExperienceX.exe,56308,0x216C7EA03E0,DXGI,1,0,0,Composed: Flip,14400.2248,NA,17.04800000000000,NA,0.25440000000000,2.15410000000000,NA,14383.3196,17.1596,16.9052,0.2544,18.7255,0.3338,0.3338,0.0000,NA,NA,NA
ExperienceX.exe,56308,0x216C7EA03E0,DXGI,1,0,0,Composed: Flip,14416.3608,NA,16.13600000000000,NA,0.05730000000000,0.84510000000000,NA,14400.4792,15.9389,15.8816,0.0573,16.4798,0.2469,0.2469,0.0000,NA,NA,NA
ExperienceX.exe,56308,0x216838E1150,DXGI,1,0,0,Composed: Flip,14383.1775,NA,14.36290000000000,16.70030000000000,0.14210000000000,0.89770000000000,32.8567,14368.8781,14.4415,14.2994,0.1421,14.8465,0.3506,0.3506,0.0000,2.3787,14368.8781,NA
ExperienceX.exe,56308,0x216838E1150,DXGI,1,0,0,Composed: Flip,14400.2282,NA,17.05070000000000,NA,0.08390000000000,2.48700000000000,NA,14383.3196,16.9925,16.9086,0.0839,19.0593,0.3363,0.3363,0.0000,NA,NA,NA
ExperienceX.exe,56308,0x216838E1150,DXGI,1,0,0,Composed: Flip,14416.3604,NA,16.13220000000000,NA,0.05730000000000,0.59860000000000,NA,14400.3121,16.1056,16.0483,0.0573,2.4031,14.2438,1.9644,12.2794,NA,NA,NA
ExperienceX.exe,56308,0x216838E1150,DXGI,1,0,0,Composed: Flip,14433.4509,NA,17.09050000000000,NA,0.15750000000000,1.24370000000000,NA,14416.4177,17.1907,17.0332,0.1575,16.8352,1.4417,1.4417,0.0000,NA,NA,NA
ExperienceX.exe,56308,0x216838E1150,DXGI,1,0,0,Composed: Flip,14449.6917,NA,16.24080000000000,66.71490000000000,0.13530000000000,1.44810000000000,33.0574,14433.6084,16.2186,16.0833,0.1353,17.1723,0.3591,0.3504,0.0087,-1.9846,14433.6084,NA
ExperienceX.exe,56308,0x216838E1150,DXGI,1,0,0,Composed: Flip,14466.9665,NA,17.27480000000000,16.67360000000000,0.20440000000000,1.81870000000000,32.4562,14449.8270,17.3439,17.1395,0.2044,16.8809,2.0773,2.0773,0.0000,-0.4550,14449.8270,NA
ExperienceX.exe,56308,0x216C7EA03E0,DXGI,1,0,0,Composed: Flip,14433.4489,NA,17.08810000000000,116.61570000000000,0.26220000000000,3.04380000000000,32.5674,14416.4181,17.2930,17.0308,0.2622,18.2765,1.7981,1.7981,0.0000,-0.9655,14416.4181,NA
ExperienceX.exe,56308,0x216C7EA03E0,DXGI,1,0,0,Composed: Flip,14449.6468,NA,16.19790000000000,NA,0.18030000000000,0.78250000000000,NA,14433.7111,16.1160,15.9357,0.1803,3.0996,13.6186,1.2897,12.3289,NA,NA,NA
ExperienceX.exe,56308,0x216C7EA03E0,DXGI,1,0,0,Composed: Flip,14466.5351,NA,16.88830000000000,NA,0.63000000000000,2.59090000000000,NA,14449.8271,17.3380,16.7080,0.6300,18.9581,0.3408,0.3408,0.0000,NA,NA,NA
ExperienceX.exe,56308,0x216C7EA03E0,DXGI,1,0,0,Composed: Flip,14483.1078,NA,16.57270000000000,NA,0.08410000000000,1.54340000000000,NA,14467.1651,16.0268,15.9427,0.0841,17.0358,0.4503,0.4426,0.0077,NA,NA,NA
ExperienceX.exe,56308,0x216C7EA03E0,DXGI,1,0,0,Composed: Flip,14500.8190,NA,17.71120000000000,66.65050000000001,0.31640000000000,1.85240000000000,31.8478,14483.1919,17.9435,17.6271,0.3164,17.1683,2.3112,2.1899,0.1213,0.1233,14483.1919,NA
ExperienceX.exe,56308,0x216C829D570,DXGI,1,0,0,Composed: Flip,14416.4208,NA,16.22570000000000,16.65910000000000,0.20190000000000,1.14380000000000,32.9317,14400.4811,16.1416,15.9397,0.2019,16.7248,0.3587,0.3541,0.0046,0.5026,14400.4811,NA
ExperienceX.exe,56308,0x216C829D570,DXGI,1,0,0,Composed: Flip,14433.4414,NA,17.02060000000000,NA,0.16690000000000,3.36930000000000,NA,14416.6227,16.9856,16.8187,0.1669,19.8700,0.3180,0.3180,0.0000,NA,NA,NA
ExperienceX.exe,56308,0x216C829D570,DXGI,1,0,0,Composed: Flip,14449.6734,NA,16.23200000000000,NA,0.20090000000000,1.10730000000000,NA,14433.6083,16.2660,16.0651,0.2009,16.8210,0.3514,0.3514,0.0000,NA,NA,NA
ExperienceX.exe,56308,0x216C829D570,DXGI,1,0,0,Composed: Flip,14467.3395,NA,17.66610000000000,NA,0.07710000000000,2.12280000000000,NA,14449.8743,17.5423,17.4652,0.0771,19.2517,0.3363,0.3363,0.0000,NA,NA,NA
ExperienceX.exe,56308,0x216C829D570,DXGI,1,0,0,Composed: Flip,14483.1340,NA,15.79450000000000,NA,0.30470000000000,1.06690000000000,NA,14467.4166,16.0221,15.7174,0.3047,16.4685,0.3158,0.3158,0.0000,NA,NA,NA
ExperienceX.exe,56308,0x216C829D570,DXGI,1,0,0,Composed: Flip,14500.9090,NA,17.77500000000000,NA,0.16600000000000,2.07220000000000,NA,14483.4387,17.6363,17.4703,0.1660,19.2327,0.3098,0.3098,0.0000,NA,NA,NA
ExperienceX.exe,56308,0x216C829D570,DXGI,1,0,0,Composed: Flip,14516.1828,NA,15.27380000000000,NA,0.05140000000000,0.49690000000000,NA,14501.0750,15.1592,15.1078,0.0514,2.2427,13.3620,2.3430,11.0190,NA,NA,NA
ExperienceX.exe,56308,0x216C829D570,DXGI,1,0,0,Composed: Flip,14534.2690,NA,18.08620000000000,116.64800000000001,0.20700000000000,1.55710000000000,31.7315,14516.2342,18.2418,18.0348,0.2070,17.1761,2.4158,2.2039,0.2119,-0.8949,14516.2342,NA
ExperienceX.exe,56308,0x216838E1150,DXGI,1,0,0,Composed: Flip,14483.1077,NA,16.14120000000000,16.57650000000000,0.08410000000000,0.77740000000000,32.8915,14467.1709,16.0209,15.9368,0.0841,2.2914,14.4228,2.6490,11.7738,0.7674,14467.1709,NA
ExperienceX.exe,56308,0x216838E1150,DXGI,1,0,0,Composed: Flip,14501.0267,NA,17.91900000000000,NA,0.07200000000000,2.29100000000000,NA,14483.1918,17.9069,17.8349,0.0720,19.7894,0.3365,0.3365,0.0000,NA,NA,NA
ExperienceX.exe,56308,0x216838E1150,DXGI,1,0,0,Composed: Flip,14516.1990,NA,15.17230000000000,NA,0.05390000000000,0.81630000000000,NA,14501.0987,15.1542,15.1003,0.0539,15.5810,0.3356,0.3356,0.0000,NA,NA,NA
ExperienceX.exe,56308,0x216838E1150,DXGI,1,0,0,Composed: Flip,14534.2985,NA,18.09950000000000,NA,0.10890000000000,1.87380000000000,NA,14516.2529,18.1545,18.0456,0.1089,19.5732,0.3462,0.3462,0.0000,NA,NA,NA
ExperienceX.exe,56308,0x216838E1150,DXGI,1,0,0,Composed: Flip,14549.6762,NA,15.37770000000000,NA,0.13760000000000,0.89190000000000,NA,14534.4074,15.4064,15.2688,0.1376,2.1016,14.0591,2.6011,11.4580,NA,NA,NA
ExperienceX.exe,56308,0x216C829D570,DXGI,1,0,0,Composed: Flip,14549.7133,NA,15.44430000000000,16.76240000000000,0.24550000000000,1.16940000000000,33.0496,14534.4760,15.4828,15.2373,0.2455,16.0921,0.3146,0.3146,0.0000,1.4794,14534.4760,NA
ExperienceX.exe,56308,0x216C829D570,DXGI,1,0,0,Composed: Flip,14567.5065,NA,17.79320000000000,NA,0.05100000000000,2.89130000000000,NA,14549.9588,17.5987,17.5477,0.0510,18.9516,1.4874,1.4874,0.0000,NA,NA,NA
ExperienceX.exe,56308,0x216838E1150,DXGI,1,0,0,Composed: Flip,14566.9873,NA,17.31110000000000,83.37700000000001,0.38930000000000,1.59290000000000,32.3889,14549.8138,17.5628,17.1735,0.3893,16.9473,1.8191,1.8191,0.0000,-0.7341,14549.8138,NA
ExperienceX.exe,56308,0x216838E1150,DXGI,1,0,0,Composed: Flip,14582.9999,NA,16.01260000000000,NA,0.12200000000000,1.22680000000000,NA,14567.3766,15.7453,15.6233,0.1220,16.4772,0.3729,0.3662,0.0067,NA,NA,NA
ExperienceX.exe,56308,0x216C829D570,DXGI,1,0,0,Composed: Flip,14582.9564,NA,15.44990000000000,33.22850000000000,0.10070000000000,0.89740000000000,33.0350,14567.5575,15.4996,15.3989,0.1007,15.9445,0.3518,0.3518,0.0000,-0.1470,14567.5575,NA
ExperienceX.exe,56308,0x216C829D570,DXGI,1,0,0,Composed: Flip,14600.1166,NA,17.16020000000000,NA,0.44250000000000,2.87930000000000,NA,14583.0571,17.5020,17.0595,0.4425,19.7101,0.2287,0.2287,0.0000,NA,NA,NA
ExperienceX.exe,56308,0x216C829D570,DXGI,1,0,0,Composed: Flip,14616.2151,NA,16.09850000000000,33.33710000000000,0.11350000000000,1.22050000000000,33.1134,14600.5591,15.7695,15.6560,0.1135,16.5149,0.3616,0.3558,0.0058,-0.3355,14600.5591,NA
ExperienceX.exe,56308,0x216C829D570,DXGI,1,0,0,Composed: Flip,14633.7045,NA,17.48940000000000,16.69010000000000,0.39080000000000,1.94950000000000,32.3141,14616.3286,17.7667,17.3759,0.3908,17.0760,2.2494,2.2494,0.0000,-0.9206,14616.3286,NA
ExperienceX.exe,56308,0x216C7EA03E0,DXGI,1,0,0,Composed: Flip,14516.1867,NA,15.36770000000000,16.73520000000000,0.04740000000000,1.18110000000000,33.2153,14501.1354,15.0987,15.0513,0.0474,15.8799,0.3525,0.3493,0.0032,1.2083,14501.1354,NA
ExperienceX.exe,56308,0x216C7EA03E0,DXGI,1,0,0,Composed: Flip,14533.9484,NA,17.76170000000000,NA,0.18540000000000,2.56060000000000,NA,14516.2341,17.8997,17.7143,0.1854,19.9382,0.3367,0.3367,0.0000,NA,NA,NA
ExperienceX.exe,56308,0x216C7EA03E0,DXGI,1,0,0,Composed: Flip,14549.6767,NA,15.72830000000000,NA,0.13720000000000,1.56730000000000,NA,14534.1338,15.6801,15.5429,0.1372,16.7489,0.3613,0.3539,0.0074,NA,NA,NA
ExperienceX.exe,56308,0x216C7EA03E0,DXGI,1,0,0,Composed: Flip,14566.9565,NA,17.27980000000000,NA,0.35010000000000,1.95390000000000,NA,14549.8139,17.4927,17.1426,0.3501,18.7663,0.3302,0.3302,0.0000,NA,NA,NA
ExperienceX.exe,56308,0x216C7EA03E0,DXGI,1,0,0,Composed: Flip,14582.9570,NA,16.00050000000000,NA,0.10010000000000,0.54500000000000,NA,14567.3066,15.7505,15.6504,0.1001,3.0912,13.1042,1.5311,11.5731,NA,NA,NA
ExperienceX.exe,56308,0x216C7EA03E0,DXGI,1,0,0,Composed: Flip,14600.4287,NA,17.47170000000000,NA,0.20710000000000,2.33850000000000,NA,14583.0571,17.5787,17.3716,0.2071,19.2829,0.4272,0.4272,0.0000,NA,NA,NA
ExperienceX.exe,56308,0x216C7EA03E0,DXGI,1,0,0,Composed: Flip,14616.2146,NA,15.78590000000000,NA,0.11400000000000,0.49480000000000,NA,14600.6358,15.6928,15.5788,0.1140,2.3601,13.7135,2.3000,11.4135,NA,NA,NA
ExperienceX.exe,56308,0x216C7EA03E0,DXGI,1,0,0,Composed: Flip,14633.7148,NA,17.50020000000000,NA,0.39820000000000,2.56390000000000,NA,14616.3286,17.7844,17.3862,0.3982,19.6213,0.3288,0.3288,0.0000,NA,NA,NA
ExperienceX.exe,56308,0x216C7EA03E0,DXGI,1,0,0,Composed: Flip,14649.5382,NA,15.82340000000000,NA,0.16710000000000,1.25530000000000,NA,14634.1130,15.5923,15.4252,0.1671,16.3101,0.3704,0.3641,0.0063,NA,NA,NA
ExperienceX.exe,56308,0x0,Other,-1,0,0,Composed: Flip,14016.9587,NA,33.63230000000000,200.10750000000002,0.00000000000000,0.86750000000000,32.4855,13983.3264,33.6323,33.6323,0.0000,34.0667,0.4331,0.4266,0.0065,66.1659,13983.3264,NA
ExperienceX.exe,56308,0x0,Other,-1,0,0,Composed: Flip,14250.1133,NA,233.15460000000002,NA,0.00000000000000,0.95860000000000,NA,14016.9587,233.1546,233.1546,0.0000,233.7744,0.3388,0.3317,0.0071,NA,NA,NA
ExperienceX.exe,56308,0x0,Other,-1,0,0,Composed: Flip,14283.4776,NA,33.36430000000000,NA,0.00000000000000,0.41770000000000,NA,14250.1133,33.3643,33.3643,0.0000,33.5049,0.2771,0.2771,0.0000,NA,NA,NA
ExperienceX.exe,56308,0x0,Other,-1,0,0,Composed: Flip,14283.5052,NA,0.02760000000000,NA,0.00000000000000,0.76020000000000,NA,14283.4776,0.0276,0.0276,0.0000,0.4177,0.3701,0.3608,0.0093,NA,NA,NA
ExperienceX.exe,56308,0x216838E1150,DXGI,1,0,0,Composed: Flip,14600.8083,NA,17.80840000000000,33.28600000000000,0.07550000000000,1.53170000000000,31.8539,14583.1219,17.7619,17.6864,0.0755,17.1260,2.0921,2.0921,0.0000,0.0221,14583.1219,NA
ExperienceX.exe,56308,0x216838E1150,DXGI,1,0,0,Composed: Flip,14616.2138,NA,15.40550000000000,NA,0.11510000000000,0.86020000000000,NA,14600.8838,15.4451,15.3300,0.1151,15.8256,0.3646,0.3646,0.0000,NA,NA,NA
ExperienceX.exe,56308,0x216838E1150,DXGI,1,0,0,Composed: Flip,14633.8838,NA,17.67000000000000,NA,0.12720000000000,2.06610000000000,NA,14616.3289,17.6821,17.5549,0.1272,19.3251,0.2959,0.2959,0.0000,NA,NA,NA
ExperienceX.exe,56308,0x216838E1150,DXGI,1,0,0,Composed: Flip,14649.5380,NA,15.65420000000000,NA,0.16740000000000,0.53410000000000,NA,14634.0110,15.6944,15.5270,0.1674,2.2677,13.7934,2.3235,11.4699,NA,NA,NA
ExperienceX.exe,56308,0x216838E1150,DXGI,1,0,0,Composed: Flip,14667.0579,NA,17.51990000000000,NA,0.08340000000000,1.58630000000000,NA,14649.7054,17.4359,17.3525,0.0834,18.5923,0.3465,0.3465,0.0000,NA,NA,NA
ExperienceX.exe,56308,0x216838E1150,DXGI,1,0,0,Composed: Flip,14683.0377,NA,15.97980000000000,NA,0.10710000000000,0.78270000000000,NA,14667.1413,16.0035,15.8964,0.1071,2.2046,14.4745,1.9517,12.5228,NA,NA,NA
ExperienceX.exe,56308,0x0,Other,-1,0,0,Composed: Flip,14683.6545,NA,400.14930000000004,666.62959999999998,0.00000000000000,0.29530000000000,32.4193,14283.5052,400.1493,400.1493,0.0000,400.3152,0.1294,0.1294,0.0000,-366.4508,14283.5052,NA
ExperienceX.exe,56308,0x216C829D570,DXGI,1,0,0,Composed: Flip,14649.5381,NA,15.83360000000000,16.75550000000000,0.16740000000000,0.88500000000000,33.2360,14634.0953,15.6102,15.4428,0.1674,15.9768,0.3510,0.3510,0.0000,1.0112,14634.0953,NA
ExperienceX.exe,56308,0x216C829D570,DXGI,1,0,0,Composed: Flip,14666.9841,NA,17.44600000000000,NA,0.12200000000000,2.36180000000000,NA,14649.7055,17.4006,17.2786,0.1220,18.9387,0.7017,0.7017,0.0000,NA,NA,NA
ExperienceX.exe,56308,0x216C829D570,DXGI,1,0,0,Composed: Flip,14700.3987,NA,33.41460000000000,NA,0.05730000000000,2.30830000000000,NA,14667.1061,33.3499,33.2926,0.0573,35.2700,0.3309,0.3309,0.0000,NA,NA,NA
ExperienceX.exe,56308,0x216C829D570,DXGI,1,0,0,Composed: Flip,14716.4988,NA,16.10010000000000,NA,0.30320000000000,1.83990000000000,NA,14700.4560,16.3460,16.0428,0.3032,17.5409,0.3418,0.3303,0.0115,NA,NA,NA
ExperienceX.exe,56308,0x216838E1150,DXGI,1,0,0,Composed: Flip,14700.1222,NA,17.08450000000000,100.02760000000001,0.14470000000000,1.91220000000000,32.5676,14683.1448,17.1221,16.9774,0.1447,16.7931,2.0965,2.0965,0.0000,-0.0047,14683.1448,NA
ExperienceX.exe,56308,0x216838E1150,DXGI,1,0,0,Composed: Flip,14716.4875,NA,16.36530000000000,NA,0.23330000000000,1.50940000000000,NA,14700.2669,16.4539,16.2206,0.2333,17.3655,0.3645,0.3645,0.0000,NA,NA,NA
ExperienceX.exe,56308,0x216838E1150,DXGI,1,0,0,Composed: Flip,14733.3394,NA,16.85190000000000,NA,0.12900000000000,2.26160000000000,NA,14716.7208,16.7476,16.6186,0.1290,16.7033,2.1769,2.1584,0.0185,NA,NA,NA
ExperienceX.exe,56308,0x216C829D570,DXGI,1,0,0,Composed: Flip,14733.3422,NA,16.84340000000000,83.24210000000001,0.73880000000000,2.93590000000000,32.6740,14716.8020,17.2790,16.5402,0.7388,19.1405,0.3356,0.3356,0.0000,-0.5354,14716.8020,NA
ExperienceX.exe,56308,0x216C829D570,DXGI,1,0,0,Composed: Flip,14749.8188,NA,16.47660000000000,NA,0.12540000000000,1.49160000000000,NA,14734.0810,15.8632,15.7378,0.1254,16.8721,0.3573,0.3517,0.0056,NA,NA,NA
ExperienceX.exe,56308,0x216C829D570,DXGI,1,0,0,Composed: Flip,14766.5460,NA,16.72720000000000,33.59230000000000,0.11740000000000,2.36340000000000,33.0625,14749.9442,16.7192,16.6018,0.1174,16.8286,2.1366,2.1366,0.0000,-0.4501,14749.9442,NA
ExperienceX.exe,56308,0x216C829D570,DXGI,1,0,0,Composed: Flip,14782.8605,NA,16.31450000000000,16.40250000000000,0.04980000000000,0.97480000000000,33.1505,14766.6634,16.2469,16.1971,0.0498,16.7312,0.4407,0.4407,0.0000,0.3167,14766.6634,NA
ExperienceX.exe,56308,0x216C829D570,DXGI,1,0,0,Composed: Flip,14800.9307,NA,18.07020000000000,16.68540000000000,0.60640000000000,3.17250000000000,31.7657,14782.9103,18.6268,18.0204,0.6064,17.7494,3.4435,3.4435,0.0000,-0.4385,14782.9103,NA
ExperienceX.exe,56308,0x216838E1150,DXGI,1,0,0,Composed: Flip,14749.8192,NA,16.47980000000000,49.97950000000000,0.12520000000000,0.85450000000000,32.8501,14733.4684,16.4760,16.3508,0.1252,2.8097,14.3956,2.6015,11.7941,0.3441,14733.4684,NA
ExperienceX.exe,56308,0x216838E1150,DXGI,1,0,0,Composed: Flip,14766.5449,NA,16.72570000000000,NA,0.70170000000000,2.96940000000000,NA,14749.9444,17.3022,16.6005,0.7017,19.2203,0.3496,0.3496,0.0000,NA,NA,NA
ExperienceX.exe,56308,0x216838E1150,DXGI,1,0,0,Composed: Flip,14782.8807,NA,16.33580000000000,NA,0.05370000000000,0.51390000000000,NA,14767.2466,15.6878,15.6341,0.0537,2.2677,13.8803,2.2634,11.6169,NA,NA,NA
ExperienceX.exe,56308,0x216838E1150,DXGI,1,0,0,Composed: Flip,14800.9453,NA,18.06460000000000,NA,0.19760000000000,3.59500000000000,NA,14782.9344,18.2085,18.0109,0.1976,21.1688,0.4371,0.4371,0.0000,NA,NA,NA
ExperienceX.exe,56308,0x216838E1150,DXGI,1,0,0,Composed: Flip,14816.2204,NA,15.27510000000000,NA,0.06590000000000,1.28120000000000,NA,14801.1429,15.1434,15.0775,0.0659,15.9347,0.4240,0.4240,0.0000,NA,NA,NA
ExperienceX.exe,56308,0x216838E1150,DXGI,1,0,0,Composed: Flip,14833.7478,NA,17.52740000000000,83.35320000000000,0.05630000000000,1.75790000000000,32.2747,14816.2863,17.5178,17.4615,0.0563,17.0171,2.2023,2.2023,0.0000,-0.5353,14816.2863,NA
ExperienceX.exe,56308,0x216838E1150,DXGI,1,0,0,Composed: Flip,14849.5454,NA,15.79760000000000,16.69440000000000,0.05230000000000,0.54130000000000,33.1715,14833.8041,15.7936,15.7413,0.0523,15.8015,0.4811,0.4811,0.0000,0.8234,14833.8041,NA
ExperienceX.exe,56308,0x216838E1150,DXGI,1,0,0,Composed: Flip,14866.9544,NA,17.40900000000000,16.63400000000000,0.14080000000000,1.94110000000000,32.3965,14849.5977,17.4975,17.3567,0.1408,17.0993,2.1985,2.1985,0.0000,-0.8404,14849.5977,NA
ExperienceX.exe,56308,0x216C829D570,DXGI,1,0,0,Composed: Flip,14816.2385,NA,15.30780000000000,16.63280000000000,0.13810000000000,1.67090000000000,33.0907,14801.5371,14.8395,14.7014,0.1381,15.9645,0.4078,0.4028,0.0050,1.9940,14801.5371,NA
ExperienceX.exe,56308,0x216C829D570,DXGI,1,0,0,Composed: Flip,14833.7459,NA,17.50740000000000,NA,0.05550000000000,4.63660000000000,NA,14816.3766,17.4248,17.3693,0.0555,19.5205,2.4854,2.4795,0.0059,NA,NA,NA
ExperienceX.exe,56308,0x216C829D570,DXGI,1,0,0,Composed: Flip,14849.5851,NA,15.83920000000000,NA,0.12910000000000,1.37110000000000,NA,14833.8014,15.9128,15.7837,0.1291,16.7216,0.4332,0.4271,0.0061,NA,NA,NA
ExperienceX.exe,56308,0x216C829D570,DXGI,1,0,0,Composed: Flip,14867.1429,NA,17.55780000000000,NA,0.43870000000000,3.98430000000000,NA,14849.7142,17.8674,17.4287,0.4387,19.5810,1.8320,1.8280,0.0040,NA,NA,NA
ExperienceX.exe,56308,0x216C829D570,DXGI,1,0,0,Composed: Flip,14883.0562,NA,15.91330000000000,NA,0.16710000000000,1.33120000000000,NA,14867.5816,15.6417,15.4746,0.1671,16.3829,0.4229,0.4229,0.0000,NA,NA,NA
ExperienceX.exe,56308,0x216C7EA03E0,DXGI,1,0,0,Composed: Flip,14667.0549,NA,17.51670000000000,149.93910000000000,0.08640000000000,1.24280000000000,32.2862,14649.7053,17.4360,17.3496,0.0864,16.8360,1.7564,1.7564,0.0000,-1.3692,14649.7053,NA
ExperienceX.exe,56308,0x216C7EA03E0,DXGI,1,0,0,Composed: Flip,14683.0378,NA,15.98290000000000,NA,0.10700000000000,1.25540000000000,NA,14667.1413,16.0035,15.8965,0.1070,16.8085,0.3434,0.3396,0.0038,NA,NA,NA
ExperienceX.exe,56308,0x216C7EA03E0,DXGI,1,0,0,Composed: Flip,14700.1205,NA,17.08270000000000,NA,0.06480000000000,2.25560000000000,NA,14683.1448,17.0405,16.9757,0.0648,18.8896,0.3417,0.3417,0.0000,NA,NA,NA
ExperienceX.exe,56308,0x216C7EA03E0,DXGI,1,0,0,Composed: Flip,14733.8687,NA,33.74820000000000,NA,0.08270000000000,2.07380000000000,NA,14700.1853,33.7661,33.6834,0.0827,35.4157,0.3415,0.3415,0.0000,NA,NA,NA
ExperienceX.exe,56308,0x216C7EA03E0,DXGI,1,0,0,Composed: Flip,14749.8464,NA,15.97770000000000,NA,0.09780000000000,1.10670000000000,NA,14733.9514,15.9928,15.8950,0.0978,16.7223,0.2794,0.2794,0.0000,NA,NA,NA
ExperienceX.exe,56308,0x216C7EA03E0,DXGI,1,0,0,Composed: Flip,14767.1987,NA,17.35230000000000,NA,0.06260000000000,1.96600000000000,NA,14749.9442,17.3171,17.2545,0.0626,18.9652,0.2553,0.2553,0.0000,NA,NA,NA
ExperienceX.exe,56308,0x216C7EA03E0,DXGI,1,0,0,Composed: Flip,14782.8650,NA,15.66630000000000,NA,0.04500000000000,1.39220000000000,NA,14767.2613,15.6487,15.6037,0.0450,16.5740,0.4219,0.4182,0.0037,NA,NA,NA
ExperienceX.exe,56308,0x216C7EA03E0,DXGI,1,0,0,Composed: Flip,14801.2284,NA,18.36340000000000,NA,0.20760000000000,3.75270000000000,NA,14782.9100,18.5260,18.3184,0.2076,21.6303,0.4408,0.4408,0.0000,NA,NA,NA
ExperienceX.exe,56308,0x216C7EA03E0,DXGI,1,0,0,Composed: Flip,14816.2384,NA,15.01000000000000,NA,0.13820000000000,0.83920000000000,NA,14801.4360,14.9406,14.8024,0.1382,3.5451,12.0965,1.3318,10.7647,NA,NA,NA
ExperienceX.exe,56308,0x216C7EA03E0,DXGI,1,0,0,Composed: Flip,14833.5528,NA,17.31440000000000,NA,0.07360000000000,2.34430000000000,NA,14816.3766,17.2498,17.1762,0.0736,19.1291,0.3914,0.3914,0.0000,NA,NA,NA
ExperienceX.exe,56308,0x216C7EA03E0,DXGI,1,0,0,Composed: Flip,14849.5858,NA,16.03300000000000,NA,0.12830000000000,0.93720000000000,NA,14833.6264,16.0877,15.9594,0.1283,16.4603,0.4363,0.4363,0.0000,NA,NA,NA
ExperienceX.exe,56308,0x216C7EA03E0,DXGI,1,0,0,Composed: Flip,14867.4236,NA,17.83780000000000,NA,0.08380000000000,1.87160000000000,NA,14849.7141,17.7933,17.7095,0.0838,19.1814,0.3997,0.3997,0.0000,NA,NA,NA
ExperienceX.exe,56308,0x216C7EA03E0,DXGI,1,0,0,Composed: Flip,14883.0535,NA,15.62990000000000,NA,0.09720000000000,0.91100000000000,NA,14867.5074,15.6433,15.5461,0.0972,15.6648,0.7923,0.7923,0.0000,NA,NA,NA
ExperienceX.exe,56308,0x216C7EA03E0,DXGI,1,0,0,Composed: Flip,14900.1916,NA,17.13810000000000,NA,0.08650000000000,2.39030000000000,NA,14883.1507,17.1274,17.0409,0.0865,19.0215,0.4097,0.4097,0.0000,NA,NA,NA
ExperienceX.exe,56308,0x216838E1150,DXGI,1,0,0,Composed: Flip,14883.0532,NA,16.09880000000000,16.64920000000000,0.09720000000000,1.78000000000000,32.9469,14867.0952,16.0552,15.9580,0.0972,17.2922,0.4458,0.4347,0.0111,0.8483,14867.0952,NA
ExperienceX.exe,56308,0x216838E1150,DXGI,1,0,0,Composed: Flip,14900.3864,NA,17.33320000000000,NA,0.04910000000000,4.64730000000000,NA,14883.1504,17.2851,17.2360,0.0491,19.4315,2.4518,2.4456,0.0062,NA,NA,NA
ExperienceX.exe,56308,0x216838E1150,DXGI,1,0,0,Composed: Flip,14916.2415,NA,15.85510000000000,NA,0.07070000000000,0.53690000000000,NA,14900.4355,15.8767,15.8060,0.0707,15.8655,0.4774,0.4774,0.0000,NA,NA,NA
ExperienceX.exe,56308,0x216C829D570,DXGI,1,0,0,Composed: Flip,14900.4052,NA,17.34900000000000,83.35820000000001,0.08700000000000,1.76700000000000,32.2822,14883.2233,17.2689,17.1819,0.0870,16.7413,2.2076,2.2076,0.0000,-1.6720,14883.2233,NA
ExperienceX.exe,56308,0x216C829D570,DXGI,1,0,0,Composed: Flip,14916.2723,NA,15.86710000000000,NA,0.15640000000000,0.95120000000000,NA,14900.4922,15.9365,15.7801,0.1564,16.2862,0.4451,0.4451,0.0000,NA,NA,NA
ExperienceX.exe,56308,0x216C829D570,DXGI,1,0,0,Composed: Flip,14934.1224,NA,17.85010000000000,NA,0.32430000000000,2.85820000000000,NA,14916.4287,18.0180,17.6937,0.3243,20.1415,0.4104,0.4104,0.0000,NA,NA,NA
ExperienceX.exe,56308,0x216C7EA03E0,DXGI,1,0,0,Composed: Flip,14916.2206,NA,16.02900000000000,249.98480000000001,0.07410000000000,1.43110000000000,33.1053,14900.2781,16.0166,15.9425,0.0741,16.9454,0.4282,0.4220,0.0062,0.5880,14900.2781,NA
ExperienceX.exe,56308,0x216C7EA03E0,DXGI,1,0,0,Composed: Flip,14934.1716,NA,17.95100000000000,NA,0.27390000000000,2.39860000000000,NA,14916.2947,18.1508,17.8769,0.2739,19.8490,0.4265,0.4265,0.0000,NA,NA,NA
ExperienceX.exe,56308,0x216C7EA03E0,DXGI,1,0,0,Composed: Flip,14949.5252,NA,15.35360000000000,NA,0.04920000000000,0.54560000000000,NA,14934.4455,15.1289,15.0797,0.0492,2.5351,13.0902,1.5310,11.5592,NA,NA,NA
ExperienceX.exe,56308,0x216C829D570,DXGI,1,0,0,Composed: Flip,14949.5253,NA,15.40290000000000,50.10020000000000,0.04890000000000,0.96460000000000,33.2623,14934.4467,15.1275,15.0786,0.0489,15.6241,0.4191,0.4191,0.0000,1.1232,14934.4467,NA
ExperienceX.exe,56308,0x216C829D570,DXGI,1,0,0,Composed: Flip,14968.3741,NA,18.84880000000000,NA,0.14650000000000,2.37570000000000,NA,14949.5742,18.9464,18.7999,0.1465,20.7743,0.4013,0.4013,0.0000,NA,NA,NA
ExperienceX.exe,56308,0x216838E1150,DXGI,1,0,0,Composed: Flip,14934.4505,NA,18.20900000000000,50.32110000000000,0.15700000000000,1.69320000000000,31.8707,14916.3122,18.2953,18.1383,0.1570,17.2017,2.6298,2.6298,0.0000,-1.1041,14916.3122,NA
ExperienceX.exe,56308,0x216838E1150,DXGI,1,0,0,Composed: Flip,14949.5281,NA,15.07760000000000,NA,0.04980000000000,1.39940000000000,NA,14934.6075,14.9704,14.9206,0.0498,15.8824,0.4376,0.4333,0.0043,NA,NA,NA
ExperienceX.exe,56308,0x216838E1150,DXGI,1,0,0,Composed: Flip,14967.8906,NA,18.36250000000000,NA,0.63070000000000,2.45790000000000,NA,14949.5779,18.9434,18.3127,0.6307,17.9935,2.7771,2.7111,0.0660,NA,NA,NA
ExperienceX.exe,56308,0x216838E1150,DXGI,1,0,0,Composed: Flip,14983.1881,NA,15.29750000000000,NA,0.20300000000000,2.18910000000000,NA,14968.5213,14.8698,14.6668,0.2030,16.4363,0.4196,0.4077,0.0119,NA,NA,NA
ExperienceX.exe,56308,0x216838E1150,DXGI,1,0,0,Composed: Flip,15000.1132,NA,16.92510000000000,66.34040000000000,0.08660000000000,4.63940000000000,32.5484,14983.3911,16.8087,16.7221,0.0866,18.3986,2.9629,2.9629,0.0000,0.7385,14983.3911,NA
ExperienceX.exe,56308,0x216838E1150,DXGI,1,0,0,Composed: Flip,15016.3688,NA,16.25560000000000,16.67400000000000,0.16620000000000,1.73640000000000,32.9668,15000.1998,16.3352,16.1690,0.1662,17.4927,0.4127,0.4127,0.0000,0.1347,15000.1998,NA
ExperienceX.exe,56308,0x216C829D570,DXGI,1,0,0,Composed: Flip,14983.1889,NA,14.81480000000000,33.27200000000000,0.20200000000000,1.76870000000000,32.8707,14968.5206,14.8703,14.6683,0.2020,15.9705,0.4665,0.4665,0.0000,0.8019,14968.5206,NA
ExperienceX.exe,56308,0x216C829D570,DXGI,1,0,0,Composed: Flip,15000.4453,NA,17.25640000000000,NA,0.06440000000000,4.73250000000000,NA,14983.3909,17.1188,17.0544,0.0644,21.3617,0.4252,0.4184,0.0068,NA,NA,NA
ExperienceX.exe,56308,0x216C829D570,DXGI,1,0,0,Composed: Flip,15016.3690,NA,15.92370000000000,NA,0.16620000000000,2.15890000000000,NA,15000.5097,16.0255,15.8593,0.1662,17.5955,0.4227,0.4182,0.0045,NA,NA,NA
ExperienceX.exe,56308,0x216C829D570,DXGI,1,0,0,Composed: Flip,15033.9494,NA,17.58040000000000,NA,0.05460000000000,2.87590000000000,NA,15016.5352,17.4688,17.4142,0.0546,19.8396,0.4505,0.4505,0.0000,NA,NA,NA
ExperienceX.exe,56308,0x216C7EA03E0,DXGI,1,0,0,Composed: Flip,14967.9882,NA,18.46300000000000,50.01280000000001,0.13430000000000,3.17910000000000,31.3505,14949.5744,18.5481,18.4138,0.1343,21.1754,0.4175,0.4175,0.0000,-0.7165,14949.5744,NA
ExperienceX.exe,56308,0x216C7EA03E0,DXGI,1,0,0,Composed: Flip,14983.1883,NA,15.20010000000000,NA,0.20280000000000,1.30280000000000,NA,14968.1225,15.2686,15.0658,0.2028,3.0448,13.3238,2.5374,10.7864,NA,NA,NA
ExperienceX.exe,56308,0x216C7EA03E0,DXGI,1,0,0,Composed: Flip,15000.3371,NA,17.14880000000000,NA,0.11700000000000,1.45260000000000,NA,14983.3911,17.0630,16.9460,0.1170,16.5574,1.8412,1.8412,0.0000,NA,NA,NA
ExperienceX.exe,56308,0x216C7EA03E0,DXGI,1,0,0,Composed: Flip,15033.2017,NA,32.86460000000000,NA,0.88400000000000,3.17310000000000,NA,15000.4541,33.6316,32.7476,0.8840,35.5156,0.4051,0.4051,0.0000,NA,NA,NA
ExperienceX.exe,56308,0x216C7EA03E0,DXGI,1,0,0,Composed: Flip,15049.5034,NA,16.30170000000000,NA,0.08240000000000,1.02820000000000,NA,15034.0857,15.5001,15.4177,0.0824,16.0902,0.3557,0.3557,0.0000,NA,NA,NA
ExperienceX.exe,56308,0x216838E1150,DXGI,1,0,0,Composed: Flip,15033.9373,NA,17.56850000000000,16.79040000000000,0.14270000000000,2.03240000000000,32.1887,15016.5350,17.5450,17.4023,0.1427,16.7243,2.7104,2.7104,0.0000,-0.4552,15016.5350,NA
ExperienceX.exe,56308,0x216838E1150,DXGI,1,0,0,Composed: Flip,15049.5074,NA,15.57010000000000,NA,0.07690000000000,0.66850000000000,NA,15034.0800,15.5043,15.4274,0.0769,2.7453,13.3506,1.3178,12.0328,NA,NA,NA
ExperienceX.exe,56308,0x216838E1150,DXGI,1,0,0,Composed: Flip,15066.9671,NA,17.45970000000000,NA,1.41410000000000,4.91040000000000,NA,15049.5843,18.7969,17.3828,1.4141,21.9065,0.3867,0.3867,0.0000,NA,NA,NA
ExperienceX.exe,56308,0x216838E1150,DXGI,1,0,0,Composed: Flip,15082.9120,NA,15.94490000000000,49.89140000000000,0.07620000000000,0.68040000000000,33.1054,15068.3812,14.6070,14.5308,0.0762,3.4963,11.7149,0.7981,10.9168,1.9548,15068.3812,NA
ExperienceX.exe,56308,0x216C829D570,DXGI,1,0,0,Composed: Flip,15049.5035,NA,15.55410000000000,66.61380000000000,0.08230000000000,1.48530000000000,33.1699,15034.0040,15.5818,15.4995,0.0823,16.5276,0.4572,0.4532,0.0040,-1.1304,15034.0040,NA
ExperienceX.exe,56308,0x216C829D570,DXGI,1,0,0,Composed: Flip,15067.3404,NA,17.83690000000000,NA,0.22990000000000,2.39310000000000,NA,15049.5858,17.9845,17.7546,0.2299,17.4370,2.7107,2.6790,0.0317,NA,NA,NA
ExperienceX.exe,56308,0x216C829D570,DXGI,1,0,0,Composed: Flip,15082.9019,NA,15.56150000000000,NA,0.08600000000000,1.47090000000000,NA,15067.5703,15.4176,15.3316,0.0860,16.3597,0.4428,0.4392,0.0036,NA,NA,NA
ExperienceX.exe,56308,0x216C829D570,DXGI,1,0,0,Composed: Flip,15099.8481,NA,16.94620000000000,NA,0.39290000000000,4.29170000000000,NA,15082.9879,17.2531,16.8602,0.3929,20.7368,0.4151,0.4151,0.0000,NA,NA,NA
ExperienceX.exe,56308,0x216838E1150,DXGI,1,0,0,Composed: Flip,15100.3814,NA,17.46940000000000,16.64780000000000,0.04740000000000,3.34330000000000,32.2838,15082.9882,17.4406,17.3932,0.0474,16.9965,3.7400,3.7400,0.0000,-2.0408,15082.9882,NA
ExperienceX.exe,56308,0x216C7EA03E0,DXGI,1,0,0,Composed: Flip,15067.7987,NA,18.29530000000000,100.06860000000000,0.06820000000000,3.69210000000000,31.6086,15049.5858,18.2811,18.2129,0.0682,20.1477,1.7573,1.7573,0.0000,-0.0572,15049.5858,NA
ExperienceX.exe,56308,0x216C7EA03E0,DXGI,1,0,0,Composed: Flip,15099.8482,NA,32.04950000000000,NA,0.41980000000000,4.76150000000000,NA,15067.8669,32.4011,31.9813,0.4198,36.2729,0.4699,0.4667,0.0032,NA,NA,NA
ExperienceX.exe,56308,0x216C7EA03E0,DXGI,1,0,0,Composed: Flip,15116.2521,NA,16.40390000000000,NA,0.12860000000000,1.09310000000000,NA,15100.2680,16.1127,15.9841,0.1286,16.6202,0.4570,0.4570,0.0000,NA,NA,NA
ExperienceX.exe,56308,0x216C7EA03E0,DXGI,1,0,0,Composed: Flip,15133.2107,NA,16.95860000000000,NA,0.19350000000000,2.89600000000000,NA,15116.3807,17.0235,16.8300,0.1935,19.3056,0.4204,0.4204,0.0000,NA,NA,NA
ExperienceX.exe,56308,0x216C7EA03E0,DXGI,1,0,0,Composed: Flip,15149.6416,NA,16.43090000000000,83.30110000000001,0.17610000000000,1.53230000000000,33.0668,15133.4042,16.4135,16.2374,0.1761,17.3391,0.4306,0.4237,0.0069,0.5173,15133.4042,NA
ExperienceX.exe,56308,0x0,Other,-1,0,0,Composed: Flip,14717.2505,NA,33.59600000000000,33.33330000000000,0.00000000000000,0.38190000000000,32.1566,14683.6545,33.5960,33.5960,0.0000,19.0525,14.9254,2.3462,12.5792,366.8160,14683.6545,NA
ExperienceX.exe,56308,0x0,Other,-1,0,0,Composed: Flip,15016.8660,NA,299.61550000000000,NA,0.00000000000000,0.82650000000000,NA,14717.2505,299.6155,299.6155,0.0000,299.2862,1.1558,1.1558,0.0000,NA,NA,NA
ExperienceX.exe,56308,0x0,Other,-1,0,0,Composed: Flip,15083.1892,NA,66.32320000000000,NA,0.00000000000000,0.74080000000000,NA,15016.8660,66.3232,66.3232,0.0000,66.7264,0.3376,0.3376,0.0000,NA,NA,NA
ExperienceX.exe,56308,0x0,Other,-1,0,0,Composed: Flip,15116.7136,NA,33.52440000000000,NA,0.00000000000000,0.17460000000000,NA,15083.1892,33.5244,33.5244,0.0000,33.2148,0.4842,0.4842,0.0000,NA,NA,NA
ExperienceX.exe,56308,0x216838E1150,DXGI,1,0,0,Composed: Flip,15133.6120,NA,33.23060000000000,33.48830000000000,0.18100000000000,2.07430000000000,32.5415,15100.4288,33.3642,33.1832,0.1810,32.9898,2.2677,2.2677,0.0000,-16.0477,15100.4288,NA
ExperienceX.exe,56308,0x216838E1150,DXGI,1,0,0,Composed: Flip,15149.6419,NA,16.02990000000000,NA,0.13090000000000,0.64910000000000,NA,15133.7930,15.9798,15.8489,0.1309,16.0000,0.4980,0.4980,0.0000,NA,NA,NA
ExperienceX.exe,56308,0x216838E1150,DXGI,1,0,0,Composed: Flip,15167.8552,NA,18.21330000000000,NA,0.27480000000000,1.34450000000000,NA,15149.7728,18.3572,18.0824,0.2748,17.5237,1.9032,1.9032,0.0000,NA,NA,NA
ExperienceX.exe,56308,0x216838E1150,DXGI,1,0,0,Composed: Flip,15182.9963,NA,15.14110000000000,NA,0.17020000000000,1.84000000000000,NA,15168.1300,15.0365,14.8663,0.1702,15.9643,0.7420,0.7322,0.0098,NA,NA,NA
ExperienceX.exe,56308,0x0,Other,-1,0,0,Composed: Flip,15183.5027,NA,66.78910000000000,466.66060000000004,0.00000000000000,0.59160000000000,32.5650,15116.7136,66.7891,66.7891,0.0000,66.9200,0.4607,0.4607,0.0000,-33.6015,15116.7136,NA
ExperienceX.exe,56308,0x216C829D570,DXGI,1,0,0,Composed: Flip,15116.2526,NA,16.40450000000000,66.72450000000001,0.12800000000000,1.53610000000000,33.1453,15100.2410,16.1396,16.0116,0.1280,17.1042,0.4435,0.4378,0.0057,-0.4875,15100.2410,NA
ExperienceX.exe,56308,0x216C829D570,DXGI,1,0,0,Composed: Flip,15133.7072,NA,17.45460000000000,NA,0.27970000000000,4.29700000000000,NA,15116.3806,17.6063,17.3266,0.2797,19.7261,1.8975,1.8936,0.0039,NA,NA,NA
ExperienceX.exe,56308,0x216C829D570,DXGI,1,0,0,Composed: Flip,15149.6415,NA,15.93430000000000,NA,0.14040000000000,1.10180000000000,NA,15133.9869,15.7950,15.6546,0.1404,16.3041,0.4523,0.4523,0.0000,NA,NA,NA
ExperienceX.exe,56308,0x216C829D570,DXGI,1,0,0,Composed: Flip,15167.6956,NA,18.05410000000000,NA,0.35260000000000,2.73880000000000,NA,15149.7819,18.2663,17.9137,0.3526,19.4178,1.2347,1.2347,0.0000,NA,NA,NA
ExperienceX.exe,56308,0x216C829D570,DXGI,1,0,0,Composed: Flip,15201.4987,NA,33.80310000000000,NA,0.20900000000000,2.23650000000000,NA,15168.0482,33.6595,33.4505,0.2090,35.2601,0.4269,0.4269,0.0000,NA,NA,NA
ExperienceX.exe,56308,0x216838E1150,DXGI,1,0,0,Composed: Flip,15201.0664,NA,18.07010000000000,66.60650000000000,0.05300000000000,2.24190000000000,31.6936,15183.1665,17.9529,17.8999,0.0530,18.6016,1.5402,1.5402,0.0000,16.1312,15183.1665,NA
ExperienceX.exe,56308,0x216838E1150,DXGI,1,0,0,Composed: Flip,15216.3250,NA,15.25860000000000,NA,0.15070000000000,1.05070000000000,NA,15201.1194,15.3563,15.2056,0.1507,15.8496,0.4067,0.4067,0.0000,NA,NA,NA
ExperienceX.exe,56308,0x216838E1150,DXGI,1,0,0,Composed: Flip,15234.0164,NA,17.69140000000000,NA,0.11120000000000,3.61750000000000,NA,15216.4757,17.6519,17.5407,0.1112,20.7369,0.4213,0.4213,0.0000,NA,NA,NA
ExperienceX.exe,56308,0x216C7EA03E0,DXGI,1,0,0,Composed: Flip,15167.0708,NA,17.42920000000000,16.68090000000000,1.04750000000000,3.79330000000000,32.3185,15149.8177,18.3006,17.2531,1.0475,20.6167,0.4297,0.4297,0.0000,-0.2674,15149.8177,NA
ExperienceX.exe,56308,0x216C7EA03E0,DXGI,1,0,0,Composed: Flip,15182.9964,NA,15.92560000000000,NA,0.16950000000000,0.63720000000000,NA,15168.1183,15.0476,14.8781,0.1695,2.7458,12.7695,1.9645,10.8050,NA,NA,NA
ExperienceX.exe,56308,0x216C7EA03E0,DXGI,1,0,0,Composed: Flip,15200.3875,NA,17.39110000000000,NA,0.09780000000000,1.38060000000000,NA,15183.1659,17.3194,17.2216,0.0978,17.0277,1.5745,1.5745,0.0000,NA,NA,NA
ExperienceX.exe,56308,0x216C7EA03E0,DXGI,1,0,0,Composed: Flip,15216.3251,NA,15.93760000000000,NA,0.15050000000000,0.64390000000000,NA,15200.4853,15.9903,15.8398,0.1505,3.2499,13.2338,1.3041,11.9297,NA,NA,NA
ExperienceX.exe,56308,0x216C7EA03E0,DXGI,1,0,0,Composed: Flip,15233.3353,NA,17.01020000000000,NA,0.97330000000000,4.72120000000000,NA,15216.4756,17.8330,16.8597,0.9733,21.1583,0.4226,0.4190,0.0036,NA,NA,NA
ExperienceX.exe,56308,0x216C7EA03E0,DXGI,1,0,0,Composed: Flip,15249.5654,NA,16.23010000000000,NA,0.09650000000000,1.02810000000000,NA,15234.3086,15.3533,15.2568,0.0965,16.0587,0.2262,0.2262,0.0000,NA,NA,NA
ExperienceX.exe,56308,0x216C7EA03E0,DXGI,1,0,0,Composed: Flip,15267.5839,NA,18.01850000000000,100.03040000000000,0.16800000000000,1.74760000000000,31.8358,15249.6619,18.0900,17.9220,0.1680,17.4143,2.2553,2.2553,0.0000,-0.1862,15249.6619,NA
ExperienceX.exe,56308,0x216C7EA03E0,DXGI,1,0,0,Composed: Flip,15282.8524,NA,15.26850000000000,16.63150000000000,0.08460000000000,1.76800000000000,33.1988,15267.7519,15.1851,15.1005,0.0846,16.4852,0.3833,0.3833,0.0000,1.4585,15267.7519,NA
ExperienceX.exe,56308,0x216838E1150,DXGI,1,0,0,Composed: Flip,15249.5657,NA,15.54930000000000,49.91130000000000,0.09630000000000,1.47220000000000,33.1056,15234.1276,15.5344,15.4381,0.0963,16.4659,0.4444,0.4388,0.0056,1.0498,15234.1276,NA
ExperienceX.exe,56308,0x216838E1150,DXGI,1,0,0,Composed: Flip,15267.5108,NA,17.94510000000000,NA,0.20310000000000,2.25540000000000,NA,15249.6620,18.0519,17.8488,0.2031,19.6695,0.4347,0.4347,0.0000,NA,NA,NA
ExperienceX.exe,56308,0x216838E1150,DXGI,1,0,0,Composed: Flip,15282.9060,NA,15.39520000000000,NA,0.13220000000000,1.33110000000000,NA,15267.7139,15.3243,15.1921,0.1322,15.2580,1.2652,1.2652,0.0000,NA,NA,NA
ExperienceX.exe,56308,0x216838E1150,DXGI,1,0,0,Composed: Flip,15300.1585,NA,17.25250000000000,NA,0.28420000000000,4.14560000000000,NA,15283.0382,17.4045,17.1203,0.2842,20.8448,0.4211,0.4211,0.0000,NA,NA,NA
ExperienceX.exe,56308,0x216C7EA03E0,DXGI,1,0,0,Composed: Flip,15300.1617,NA,17.30930000000000,16.96660000000000,0.83080000000000,3.72130000000000,32.8561,15282.9370,18.0555,17.2247,0.8308,17.4866,3.4594,3.4594,0.0000,-1.7815,15282.9370,NA
ExperienceX.exe,56308,0x216C7EA03E0,DXGI,1,0,0,Composed: Flip,15316.3558,NA,16.19410000000000,NA,0.06820000000000,1.07480000000000,NA,15300.9925,15.4315,15.3633,0.0682,3.7404,12.6977,1.6038,11.0939,NA,NA,NA
ExperienceX.exe,56308,0x216838E1150,DXGI,1,0,0,Composed: Flip,15316.3680,NA,16.20950000000000,66.78880000000001,0.06830000000000,1.93870000000000,33.0921,15300.4427,15.9936,15.9253,0.0683,17.4311,0.4329,0.4247,0.0082,-0.4737,15300.4427,NA
ExperienceX.exe,56308,0x216838E1150,DXGI,1,0,0,Composed: Flip,15334.8502,NA,18.48220000000000,NA,0.10020000000000,2.41050000000000,NA,15316.4363,18.5141,18.4139,0.1002,20.3809,0.4435,0.4435,0.0000,NA,NA,NA
ExperienceX.exe,56308,0x216C7EA03E0,DXGI,1,0,0,Composed: Flip,15334.8752,NA,18.51940000000000,32.98390000000000,0.20070000000000,1.94200000000000,31.1265,15316.4240,18.6519,18.4512,0.2007,17.6319,2.7613,2.7613,0.0000,0.5031,15316.4240,NA
ExperienceX.exe,56308,0x216C7EA03E0,DXGI,1,0,0,Composed: Flip,15349.8260,NA,14.95080000000000,NA,0.22850000000000,1.04040000000000,NA,15335.0759,14.9786,14.7501,0.2285,2.5743,13.2162,1.6663,11.5499,NA,NA,NA
ExperienceX.exe,56308,0x216838E1150,DXGI,1,0,0,Composed: Flip,15349.8730,NA,15.02280000000000,33.21780000000000,0.18120000000000,2.13510000000000,32.8049,15334.9504,15.1038,14.9226,0.1812,15.9160,1.1417,1.1417,0.0000,1.2899,15334.9504,NA
ExperienceX.exe,56308,0x216838E1150,DXGI,1,0,0,Composed: Flip,15366.8906,NA,17.01760000000000,NA,0.39240000000000,2.44830000000000,NA,15350.0542,17.2288,16.8364,0.3924,18.8822,0.4025,0.4025,0.0000,NA,NA,NA
ExperienceX.exe,56308,0x216838E1150,DXGI,1,0,0,Composed: Flip,15382.9128,NA,16.02220000000000,33.46010000000000,0.21100000000000,2.64030000000000,33.2252,15367.2830,15.8408,15.6298,0.2110,17.8448,0.4253,0.4184,0.0069,-1.1275,15367.2830,NA
ExperienceX.exe,56308,0x216838E1150,DXGI,1,0,0,Composed: Flip,15400.3400,NA,17.42720000000000,16.53290000000000,0.13850000000000,2.00200000000000,32.3309,15383.1238,17.3547,17.2162,0.1385,16.9582,2.2600,2.2600,0.0000,-0.6921,15383.1238,NA
ExperienceX.exe,56308,0x216838E1150,DXGI,1,0,0,Composed: Flip,15416.5731,NA,16.23310000000000,16.66310000000000,0.23300000000000,1.40660000000000,32.7609,15400.4785,16.3276,16.0946,0.2330,17.0452,0.4560,0.4491,0.0069,0.6916,15400.4785,NA
ExperienceX.exe,56308,0x216C7EA03E0,DXGI,1,0,0,Composed: Flip,15366.4961,NA,16.67010000000000,33.34890000000000,0.76300000000000,2.44030000000000,32.8545,15350.0545,17.2046,16.4416,0.7630,16.6013,2.2806,2.2806,0.0000,0.2816,15350.0545,NA
ExperienceX.exe,56308,0x216C7EA03E0,DXGI,1,0,0,Composed: Flip,15382.9146,NA,16.41850000000000,NA,0.23440000000000,1.79860000000000,NA,15367.2591,15.8899,15.6555,0.2344,15.9387,1.5154,1.5037,0.0117,NA,NA,NA
ExperienceX.exe,56308,0x216C7EA03E0,DXGI,1,0,0,Composed: Flip,15400.6814,NA,17.76680000000000,NA,0.12390000000000,4.63700000000000,NA,15383.1490,17.6563,17.5324,0.1239,19.6189,2.5505,2.5448,0.0057,NA,NA,NA
ExperienceX.exe,56308,0x216C7EA03E0,DXGI,1,0,0,Composed: Flip,15416.4773,NA,15.79590000000000,NA,0.08430000000000,1.04640000000000,NA,15400.8053,15.7563,15.6720,0.0843,16.2682,0.4502,0.4502,0.0000,NA,NA,NA
ExperienceX.exe,56308,0x216C7EA03E0,DXGI,1,0,0,Composed: Flip,15433.5795,NA,17.10220000000000,NA,0.33670000000000,4.95290000000000,NA,15416.5616,17.3546,17.0179,0.3367,21.5495,0.4213,0.4150,0.0063,NA,NA,NA
ExperienceX.exe,56308,0x216838E1150,DXGI,1,0,0,Composed: Flip,15433.1612,NA,16.58810000000000,16.81970000000000,0.55280000000000,4.94990000000000,32.9925,15416.8061,16.9079,16.3551,0.5528,18.3538,2.9512,2.9512,0.0000,-0.4921,15416.8061,NA
ExperienceX.exe,56308,0x216838E1150,DXGI,1,0,0,Composed: Flip,15449.5182,NA,16.35700000000000,NA,0.07730000000000,0.52780000000000,NA,15433.7140,15.8815,15.8042,0.0773,15.8427,0.4893,0.4893,0.0000,NA,NA,NA
ExperienceX.exe,56308,0x216C7EA03E0,DXGI,1,0,0,Composed: Flip,15449.5055,NA,15.92600000000000,83.33600000000000,0.05010000000000,0.99870000000000,33.1811,15433.9162,15.6394,15.5893,0.0501,16.1298,0.4582,0.4582,0.0000,0.5257,15433.9162,NA
ExperienceX.exe,56308,0x216C7EA03E0,DXGI,1,0,0,Composed: Flip,15468.0366,NA,18.53110000000000,NA,0.06570000000000,2.83080000000000,NA,15449.5556,18.5467,18.4810,0.0657,20.3685,0.9433,0.9433,0.0000,NA,NA,NA
ExperienceX.exe,56308,0x216C829D570,DXGI,1,0,0,Composed: Flip,15233.9182,NA,32.41950000000000,116.70700000000001,0.15020000000000,3.29440000000000,32.1867,15201.7077,32.3607,32.2105,0.1502,31.7800,3.7249,3.7249,0.0000,-15.2403,15201.7077,NA
ExperienceX.exe,56308,0x216C829D570,DXGI,1,0,0,Composed: Flip,15249.5652,NA,15.64700000000000,NA,0.09680000000000,0.80210000000000,NA,15234.0684,15.5936,15.4968,0.0968,15.5939,0.7050,0.7050,0.0000,NA,NA,NA
ExperienceX.exe,56308,0x216C829D570,DXGI,1,0,0,Composed: Flip,15267.7567,NA,18.19150000000000,NA,0.07580000000000,3.54790000000000,NA,15249.6620,18.1705,18.0947,0.0758,20.1042,1.5384,1.5349,0.0035,NA,NA,NA
ExperienceX.exe,56308,0x216C829D570,DXGI,1,0,0,Composed: Flip,15282.8488,NA,15.09210000000000,NA,0.08820000000000,2.22030000000000,NA,15267.8325,15.1045,15.0163,0.0882,16.7879,0.4487,0.4400,0.0087,NA,NA,NA
ExperienceX.exe,56308,0x216C829D570,DXGI,1,0,0,Composed: Flip,15300.1597,NA,17.31090000000000,NA,0.63640000000000,4.57320000000000,NA,15282.9370,17.8591,17.2227,0.6364,21.3671,0.4288,0.4288,0.0000,NA,NA,NA
ExperienceX.exe,56308,0x216C829D570,DXGI,1,0,0,Composed: Flip,15316.4099,NA,16.25020000000000,NA,0.32950000000000,1.46390000000000,NA,15300.7961,15.9433,15.6138,0.3295,16.6345,0.4432,0.4432,0.0000,NA,NA,NA
ExperienceX.exe,56308,0x216C829D570,DXGI,1,0,0,Composed: Flip,15334.4539,NA,18.04400000000000,NA,0.23130000000000,3.19630000000000,NA,15316.7394,17.9458,17.7145,0.2313,20.5213,0.3895,0.3895,0.0000,NA,NA,NA
ExperienceX.exe,56308,0x216C829D570,DXGI,1,0,0,Composed: Flip,15349.8254,NA,15.37150000000000,NA,0.22910000000000,2.63060000000000,NA,15334.6852,15.3693,15.1402,0.2291,17.3229,0.4479,0.4441,0.0038,NA,NA,NA
ExperienceX.exe,56308,0x216C829D570,DXGI,1,0,0,Composed: Flip,15367.1126,NA,17.28720000000000,NA,0.14640000000000,4.79660000000000,NA,15350.0545,17.2045,17.0581,0.1464,19.2844,2.5703,2.5645,0.0058,NA,NA,NA
ExperienceX.exe,56308,0x216C829D570,DXGI,1,0,0,Composed: Flip,15383.2788,NA,16.16620000000000,NA,0.12370000000000,1.84900000000000,NA,15367.2590,16.1435,16.0198,0.1237,17.4542,0.4146,0.4146,0.0000,NA,NA,NA
ExperienceX.exe,56308,0x216C829D570,DXGI,1,0,0,Composed: Flip,15400.5839,NA,17.30510000000000,NA,0.38610000000000,2.18400000000000,NA,15383.4025,17.5675,17.1814,0.3861,18.9395,0.4259,0.4259,0.0000,NA,NA,NA
ExperienceX.exe,56308,0x216C829D570,DXGI,1,0,0,Composed: Flip,15416.4693,NA,15.88540000000000,NA,0.07190000000000,0.60420000000000,NA,15400.9700,15.5712,15.4993,0.0719,15.6040,0.4995,0.4995,0.0000,NA,NA,NA
ExperienceX.exe,56308,0x216C829D570,DXGI,1,0,0,Composed: Flip,15433.6269,NA,17.15760000000000,NA,0.09070000000000,1.53300000000000,NA,15416.5412,17.1764,17.0857,0.0907,16.7656,1.8531,1.8531,0.0000,NA,NA,NA
ExperienceX.exe,56308,0x216C829D570,DXGI,1,0,0,Composed: Flip,15449.4996,NA,15.87270000000000,NA,0.05600000000000,1.44870000000000,NA,15433.7176,15.8380,15.7820,0.0560,16.7866,0.4441,0.4367,0.0074,NA,NA,NA
ExperienceX.exe,56308,0x216C829D570,DXGI,1,0,0,Composed: Flip,15467.8698,NA,18.37020000000000,NA,0.39050000000000,2.05430000000000,NA,15449.5556,18.7047,18.3142,0.3905,19.9456,0.4229,0.4229,0.0000,NA,NA,NA
ExperienceX.exe,56308,0x216C829D570,DXGI,1,0,0,Composed: Flip,15482.9191,NA,15.04930000000000,NA,0.16020000000000,1.01880000000000,NA,15468.2603,14.8190,14.6588,0.1602,15.4134,0.2642,0.2642,0.0000,NA,NA,NA
ExperienceX.exe,56308,0x216838E1150,DXGI,1,0,0,Composed: Flip,15467.5013,NA,17.98310000000000,33.17420000000000,0.09200000000000,1.99990000000000,31.8266,15449.5955,17.9978,17.9058,0.0920,17.5845,2.3212,2.3212,0.0000,-0.3848,15449.5955,NA
ExperienceX.exe,56308,0x216838E1150,DXGI,1,0,0,Composed: Flip,15482.8834,NA,15.38210000000000,NA,0.11280000000000,1.51570000000000,NA,15467.5933,15.4029,15.2901,0.1128,16.3446,0.4612,0.4530,0.0082,NA,NA,NA
ExperienceX.exe,56308,0x216838E1150,DXGI,1,0,0,Composed: Flip,15500.5072,NA,17.62380000000000,NA,0.39420000000000,3.01260000000000,NA,15482.9962,17.9052,17.5110,0.3942,20.0918,0.4318,0.4318,0.0000,NA,NA,NA
ExperienceX.exe,56308,0x216C829D570,DXGI,1,0,0,Composed: Flip,15500.6915,NA,17.77240000000000,266.56350000000003,0.19610000000000,1.96420000000000,31.9769,15483.0793,17.8083,17.6122,0.1961,16.9074,2.6690,2.6690,0.0000,14.8081,15483.0793,NA
ExperienceX.exe,56308,0x216C829D570,DXGI,1,0,0,Composed: Flip,15516.2765,NA,15.58500000000000,NA,0.11040000000000,0.62710000000000,NA,15500.8876,15.4993,15.3889,0.1104,2.6322,13.3838,1.5843,11.7995,NA,NA,NA
ExperienceX.exe,56308,0x216C7EA03E0,DXGI,1,0,0,Composed: Flip,15482.8827,NA,14.84610000000000,33.34170000000000,0.11350000000000,0.79100000000000,33.1456,15468.1023,14.8939,14.7804,0.1135,2.7651,12.8063,1.8638,10.9425,0.8444,15468.1023,NA
ExperienceX.exe,56308,0x216C7EA03E0,DXGI,1,0,0,Composed: Flip,15500.1414,NA,17.25870000000000,NA,0.05440000000000,2.94660000000000,NA,15482.9962,17.1996,17.1452,0.0544,19.6595,0.4323,0.4323,0.0000,NA,NA,NA
ExperienceX.exe,56308,0x216C7EA03E0,DXGI,1,0,0,Composed: Flip,15516.2764,NA,16.13500000000000,NA,0.11060000000000,1.06480000000000,NA,15500.1958,16.1912,16.0806,0.1106,16.7078,0.4376,0.4376,0.0000,NA,NA,NA
ExperienceX.exe,56308,0x216C7EA03E0,DXGI,1,0,0,Composed: Flip,15533.8510,NA,17.57460000000000,NA,0.07150000000000,3.63780000000000,NA,15516.3870,17.5355,17.4640,0.0715,20.6843,0.4175,0.4175,0.0000,NA,NA,NA
ExperienceX.exe,56308,0x216C7EA03E0,DXGI,1,0,0,Composed: Flip,15550.4146,NA,16.56360000000000,66.75300000000000,0.32330000000000,2.98830000000000,32.3667,15533.9225,16.8154,16.4921,0.3233,18.8719,0.6085,0.6024,0.0061,-0.9328,15533.9225,NA
ExperienceX.exe,56308,0x216838E1150,DXGI,1,0,0,Composed: Flip,15516.2766,NA,15.76940000000000,50.36290000000000,0.11010000000000,1.52580000000000,33.4142,15500.9014,15.4853,15.3752,0.1101,16.4398,0.4612,0.4542,0.0070,0.9430,15500.9014,NA
ExperienceX.exe,56308,0x216838E1150,DXGI,1,0,0,Composed: Flip,15533.5364,NA,17.25980000000000,NA,0.33960000000000,4.37880000000000,NA,15516.3867,17.4893,17.1497,0.3396,21.1021,0.4264,0.4218,0.0046,NA,NA,NA
ExperienceX.exe,56308,0x216838E1150,DXGI,1,0,0,Composed: Flip,15550.4616,NA,16.92520000000000,NA,0.27590000000000,1.62370000000000,NA,15533.8760,16.8615,16.5856,0.2759,16.7510,1.4583,1.4583,0.0000,NA,NA,NA
ExperienceX.exe,56308,0x216838E1150,DXGI,1,0,0,Composed: Flip,15567.8280,NA,17.36640000000000,NA,0.23890000000000,1.86810000000000,NA,15550.7375,17.3294,17.0905,0.2389,16.6196,2.3390,2.3390,0.0000,NA,NA,NA
ExperienceX.exe,56308,0x216C829D570,DXGI,1,0,0,Composed: Flip,15533.5481,NA,17.27160000000000,33.51750000000000,0.06430000000000,3.52320000000000,32.6378,15516.3869,17.2255,17.1612,0.0643,16.9560,3.7284,3.7284,0.0000,-0.2099,15516.3869,NA
ExperienceX.exe,56308,0x216C829D570,DXGI,1,0,0,Composed: Flip,15550.4852,NA,16.93710000000000,NA,0.34660000000000,2.30920000000000,NA,15533.6124,17.2194,16.8728,0.3466,18.4729,0.7091,0.7091,0.0000,NA,NA,NA
ExperienceX.exe,56308,0x216C829D570,DXGI,1,0,0,Composed: Flip,15568.4954,NA,18.01020000000000,NA,0.06370000000000,3.66230000000000,NA,15550.8318,17.7273,17.6636,0.0637,20.4367,0.8892,0.8769,0.0123,NA,NA,NA
ExperienceX.exe,56308,0x216C829D570,DXGI,1,0,0,Composed: Flip,15583.0836,NA,14.58820000000000,NA,0.07670000000000,0.73950000000000,NA,15568.5591,14.6012,14.5245,0.0767,14.7423,0.5217,0.5217,0.0000,NA,NA,NA
ExperienceX.exe,56308,0x216838E1150,DXGI,1,0,0,Composed: Flip,15583.1024,NA,15.27440000000000,66.35040000000001,0.06800000000000,2.74040000000000,32.9388,15568.0669,15.1035,15.0355,0.0680,15.7562,2.0197,1.9990,0.0207,0.8151,15568.0669,NA
ExperienceX.exe,56308,0x216838E1150,DXGI,1,0,0,Composed: Flip,15600.6044,NA,17.50200000000000,NA,0.46180000000000,3.15430000000000,NA,15583.1704,17.8958,17.4340,0.4618,20.1669,0.4214,0.4214,0.0000,NA,NA,NA
ExperienceX.exe,56308,0x216C829D570,DXGI,1,0,0,Composed: Flip,15600.6037,NA,17.52010000000000,66.60920000000000,0.45960000000000,2.26900000000000,32.1914,15583.1603,17.9030,17.4434,0.4596,16.9376,2.7748,2.7748,0.0000,0.1642,15583.1603,NA
ExperienceX.exe,56308,0x216C829D570,DXGI,1,0,0,Composed: Flip,15616.3159,NA,15.71220000000000,NA,0.23100000000000,1.02450000000000,NA,15601.0633,15.4836,15.2526,0.2310,15.8914,0.3857,0.3857,0.0000,NA,NA,NA
ExperienceX.exe,56308,0x216838E1150,DXGI,1,0,0,Composed: Flip,15616.3052,NA,15.70080000000000,33.30940000000000,0.06650000000000,1.49630000000000,33.0454,15601.0662,15.3055,15.2390,0.0665,16.2742,0.4611,0.4577,0.0034,-0.3101,15601.0662,NA
ExperienceX.exe,56308,0x216838E1150,DXGI,1,0,0,Composed: Flip,15634.0316,NA,17.72640000000000,NA,0.37870000000000,3.27690000000000,NA,15616.3717,18.0386,17.6599,0.3787,20.0236,0.9132,0.9132,0.0000,NA,NA,NA
ExperienceX.exe,56308,0x216C829D570,DXGI,1,0,0,Composed: Flip,15634.0608,NA,17.74490000000000,33.21250000000000,0.12900000000000,1.90730000000000,31.9468,15616.5469,17.6429,17.5139,0.1290,17.0484,2.3728,2.3728,0.0000,0.1741,15616.5469,NA
ExperienceX.exe,56308,0x216C829D570,DXGI,1,0,0,Composed: Flip,15649.6490,NA,15.58820000000000,NA,0.16290000000000,0.65820000000000,NA,15634.1898,15.6221,15.4592,0.1629,3.1187,12.9987,1.2177,11.7810,NA,NA,NA
ExperienceX.exe,56308,0x216838E1150,DXGI,1,0,0,Composed: Flip,15649.6308,NA,15.59920000000000,33.63170000000000,0.11560000000000,1.12780000000000,33.3515,15634.4103,15.3361,15.2205,0.1156,15.8969,0.4514,0.4514,0.0000,-0.2876,15634.4103,NA
ExperienceX.exe,56308,0x216838E1150,DXGI,1,0,0,Composed: Flip,15666.4535,NA,16.82270000000000,NA,0.43480000000000,5.57900000000000,NA,15649.7464,17.1419,16.7071,0.4348,19.6687,2.6174,2.6044,0.0130,NA,NA,NA
ExperienceX.exe,56308,0x216838E1150,DXGI,1,0,0,Composed: Flip,15683.4098,NA,16.95630000000000,33.01830000000000,0.04440000000000,0.65560000000000,32.5908,15666.8883,16.5659,16.5215,0.0444,16.5793,0.5978,0.5978,0.0000,-0.5403,15666.8883,NA
ExperienceX.exe,56308,0x216C829D570,DXGI,1,0,0,Composed: Flip,15666.4627,NA,16.81370000000000,33.39530000000000,0.08560000000000,2.50290000000000,32.9402,15649.8119,16.7364,16.6508,0.0856,16.7970,2.3567,2.3567,0.0000,-0.1303,15649.8119,NA
ExperienceX.exe,56308,0x216C829D570,DXGI,1,0,0,Composed: Flip,15683.4717,NA,17.00900000000000,NA,0.24400000000000,1.24710000000000,NA,15666.5483,17.1674,16.9234,0.2440,17.5171,0.6534,0.6534,0.0000,NA,NA,NA
ExperienceX.exe,56308,0x216C829D570,DXGI,1,0,0,Composed: Flip,15700.9438,NA,17.47210000000000,NA,0.16550000000000,5.08230000000000,NA,15683.7157,17.3936,17.2281,0.1655,19.6683,2.6421,2.6363,0.0058,NA,NA,NA
ExperienceX.exe,56308,0x216838E1150,DXGI,1,0,0,Composed: Flip,15700.9705,NA,17.56070000000000,16.78820000000000,0.27570000000000,1.99320000000000,31.8183,15683.4542,17.7920,17.5163,0.2757,17.1294,2.3801,2.3801,0.0000,-0.2223,15683.4542,NA
ExperienceX.exe,56308,0x216838E1150,DXGI,1,0,0,Composed: Flip,15716.1882,NA,15.21770000000000,NA,0.04100000000000,0.62900000000000,NA,15701.2462,14.9830,14.9420,0.0410,14.9777,0.5933,0.5933,0.0000,NA,NA,NA
ExperienceX.exe,56308,0x0,Other,-1,0,0,Composed: Flip,15217.0199,NA,33.51720000000000,33.30160000000000,0.00000000000000,0.81260000000000,32.3494,15183.5027,33.5172,33.5172,0.0000,33.8730,0.4568,0.4512,0.0056,33.4875,15183.5027,NA
ExperienceX.exe,56308,0x216838E1150,DXGI,1,0,0,Composed: Flip,15734.6205,NA,18.43230000000000,33.38620000000000,0.37020000000000,2.48540000000000,31.5545,15716.2292,18.7615,18.3913,0.3702,17.4459,3.4308,3.2569,0.1739,-0.6112,15716.2292,NA
ExperienceX.exe,56308,0x216838E1150,DXGI,1,0,0,Composed: Flip,15749.5038,NA,14.88330000000000,NA,0.06760000000000,1.03370000000000,NA,15734.9907,14.5807,14.5131,0.0676,15.2093,0.3375,0.3375,0.0000,NA,NA,NA
ExperienceX.exe,56308,0x216C829D570,DXGI,1,0,0,Composed: Flip,15716.1751,NA,15.23130000000000,49.93340000000000,0.04650000000000,1.47620000000000,33.1612,15701.1093,15.1123,15.0658,0.0465,16.0874,0.4546,0.4507,0.0039,1.3640,15701.1093,NA
ExperienceX.exe,56308,0x216C829D570,DXGI,1,0,0,Composed: Flip,15735.6970,NA,19.52190000000000,NA,0.13560000000000,3.16980000000000,NA,15716.2216,19.6110,19.4754,0.1356,21.3120,1.3332,1.3287,0.0045,NA,NA,NA
ExperienceX.exe,56308,0x216C829D570,DXGI,1,0,0,Composed: Flip,15767.7427,NA,32.04570000000000,NA,0.24520000000000,2.64150000000000,NA,15735.8326,32.1553,31.9101,0.2452,34.1279,0.4237,0.4237,0.0000,NA,NA,NA
ExperienceX.exe,56308,0x216C829D570,DXGI,1,0,0,Composed: Flip,15783.2780,NA,15.53530000000000,66.65820000000001,0.18420000000000,0.83040000000000,32.7165,15767.9879,15.4743,15.2901,0.1842,2.8570,13.2635,1.1532,12.1103,0.2204,15767.9879,NA
ExperienceX.exe,56308,0x216838E1150,DXGI,1,0,0,Composed: Flip,15767.6057,NA,18.10190000000000,33.17080000000000,0.38250000000000,2.35480000000000,31.7401,15749.5714,18.4168,18.0343,0.3825,17.5917,2.7974,2.7974,0.0000,0.1714,15749.5714,NA
ExperienceX.exe,56308,0x216838E1150,DXGI,1,0,0,Composed: Flip,15783.2883,NA,15.68260000000000,NA,0.17290000000000,1.17190000000000,NA,15767.9882,15.4730,15.3001,0.1729,16.1202,0.3518,0.3518,0.0000,NA,NA,NA
ExperienceX.exe,56308,0x216838E1150,DXGI,1,0,0,Composed: Flip,15800.2217,NA,16.93340000000000,NA,0.14440000000000,3.45490000000000,NA,15783.4612,16.9049,16.7605,0.1444,19.7787,0.4367,0.4367,0.0000,NA,NA,NA
ExperienceX.exe,56308,0x216C7EA03E0,DXGI,1,0,0,Composed: Flip,15567.6293,NA,17.21470000000000,16.54160000000000,0.84600000000000,3.63920000000000,31.6936,15550.7379,17.7374,16.8914,0.8460,18.9582,1.5724,1.5724,0.0000,0.2738,15550.7379,NA
ExperienceX.exe,56308,0x216C7EA03E0,DXGI,1,0,0,Composed: Flip,15583.2079,NA,15.57860000000000,NA,0.26650000000000,2.64660000000000,NA,15568.4753,14.9991,14.7326,0.2665,17.3687,0.0105,0.0105,0.0000,NA,NA,NA
ExperienceX.exe,56308,0x216C7EA03E0,DXGI,1,0,0,Composed: Flip,15601.0209,NA,17.81300000000000,NA,0.07480000000000,2.31640000000000,NA,15583.4744,17.6213,17.5465,0.0748,19.3983,0.4646,0.4646,0.0000,NA,NA,NA
ExperienceX.exe,56308,0x216C7EA03E0,DXGI,1,0,0,Composed: Flip,15616.3045,NA,15.28360000000000,NA,0.05860000000000,0.65020000000000,NA,15601.0957,15.2674,15.2088,0.0586,2.6630,13.1960,1.2989,11.8971,NA,NA,NA
ExperienceX.exe,56308,0x216C7EA03E0,DXGI,1,0,0,Composed: Flip,15633.9847,NA,17.68020000000000,NA,0.26850000000000,2.41060000000000,NA,15616.3631,17.8901,17.6216,0.2685,19.6050,0.4272,0.4272,0.0000,NA,NA,NA
ExperienceX.exe,56308,0x216C7EA03E0,DXGI,1,0,0,Composed: Flip,15649.6491,NA,15.66440000000000,NA,0.16280000000000,1.58340000000000,NA,15634.2532,15.5587,15.3959,0.1628,16.5054,0.4739,0.4676,0.0063,NA,NA,NA
ExperienceX.exe,56308,0x216C7EA03E0,DXGI,1,0,0,Composed: Flip,15666.8024,NA,17.15330000000000,NA,0.36230000000000,2.61270000000000,NA,15649.8119,17.3528,16.9905,0.3623,19.1537,0.4495,0.4495,0.0000,NA,NA,NA
ExperienceX.exe,56308,0x216C7EA03E0,DXGI,1,0,0,Composed: Flip,15683.4713,NA,16.66890000000000,NA,0.24430000000000,1.46610000000000,NA,15667.1647,16.5509,16.3066,0.2443,17.5541,0.2186,0.2100,0.0086,NA,NA,NA
ExperienceX.exe,56308,0x216C7EA03E0,DXGI,1,0,0,Composed: Flip,15700.8980,NA,17.42670000000000,NA,0.17640000000000,2.48600000000000,NA,15683.7156,17.3588,17.1824,0.1764,19.2481,0.4203,0.4203,0.0000,NA,NA,NA
ExperienceX.exe,56308,0x216C7EA03E0,DXGI,1,0,0,Composed: Flip,15716.1762,NA,15.27820000000000,NA,0.04540000000000,1.02050000000000,NA,15701.0744,15.1472,15.1018,0.0454,15.7428,0.3795,0.3795,0.0000,NA,NA,NA
ExperienceX.exe,56308,0x216C7EA03E0,DXGI,1,0,0,Composed: Flip,15734.1237,NA,17.94750000000000,NA,0.73880000000000,3.40990000000000,NA,15716.2216,18.6409,17.9021,0.7388,20.8843,0.4277,0.4277,0.0000,NA,NA,NA
ExperienceX.exe,56308,0x216C7EA03E0,DXGI,1,0,0,Composed: Flip,15749.4863,NA,15.36260000000000,NA,0.06640000000000,0.71370000000000,NA,15734.8625,14.6902,14.6238,0.0664,14.6948,0.6427,0.6427,0.0000,NA,NA,NA
ExperienceX.exe,56308,0x216C7EA03E0,DXGI,1,0,0,Composed: Flip,15767.9240,NA,18.43770000000000,NA,0.08140000000000,2.92090000000000,NA,15749.5527,18.4527,18.3713,0.0814,20.8315,0.4607,0.4607,0.0000,NA,NA,NA
ExperienceX.exe,56308,0x216C7EA03E0,DXGI,1,0,0,Composed: Flip,15783.2782,NA,15.35420000000000,NA,0.18410000000000,1.65900000000000,NA,15768.0054,15.4569,15.2728,0.1841,16.4548,0.4770,0.4693,0.0077,NA,NA,NA
ExperienceX.exe,56308,0x216C7EA03E0,DXGI,1,0,0,Composed: Flip,15799.8152,NA,16.53700000000000,NA,0.13610000000000,3.42470000000000,NA,15783.4623,16.4890,16.3529,0.1361,19.3349,0.4427,0.4427,0.0000,NA,NA,NA
ExperienceX.exe,56308,0x216C7EA03E0,DXGI,1,0,0,Composed: Flip,15816.2333,NA,16.41810000000000,NA,0.13460000000000,1.52250000000000,NA,15799.9513,16.4166,16.2820,0.1346,17.3352,0.4693,0.4613,0.0080,NA,NA,NA
ExperienceX.exe,56308,0x216C829D570,DXGI,1,0,0,Composed: Flip,15799.8214,NA,16.54340000000000,16.65150000000000,0.52330000000000,2.97580000000000,32.8246,15783.4622,16.8825,16.3592,0.5233,16.5606,2.7744,2.7744,0.0000,-1.1772,15783.4622,NA
ExperienceX.exe,56308,0x216C829D570,DXGI,1,0,0,Composed: Flip,15816.2332,NA,16.41180000000000,NA,0.13480000000000,1.05330000000000,NA,15800.3447,16.0233,15.8885,0.1348,16.4713,0.4705,0.4705,0.0000,NA,NA,NA
ExperienceX.exe,56308,0x216C829D570,DXGI,1,0,0,Composed: Flip,15833.1411,NA,16.90790000000000,NA,0.22250000000000,5.68540000000000,NA,15816.3680,16.9956,16.7731,0.2225,19.8043,2.6542,2.6483,0.0059,NA,NA,NA
ExperienceX.exe,56308,0x216C7EA03E0,DXGI,1,0,0,Composed: Flip,15833.1406,NA,16.90730000000000,266.67290000000003,0.22300000000000,2.60430000000000,32.8552,15816.3679,16.9957,16.7727,0.2230,17.0314,2.3456,2.3456,0.0000,-1.0429,15816.3679,NA
ExperienceX.exe,56308,0x216C7EA03E0,DXGI,1,0,0,Composed: Flip,15849.6953,NA,16.55470000000000,NA,0.10170000000000,0.61780000000000,NA,15833.3636,16.4334,16.3317,0.1017,16.4343,0.5152,0.5152,0.0000,NA,NA,NA
ExperienceX.exe,56308,0x216C829D570,DXGI,1,0,0,Composed: Flip,15849.6965,NA,16.55540000000000,50.03300000000000,0.10030000000000,1.53950000000000,32.9825,15833.3636,16.4332,16.3329,0.1003,17.3964,0.4760,0.4698,0.0062,-0.1316,15833.3636,NA
ExperienceX.exe,56308,0x216C829D570,DXGI,1,0,0,Composed: Flip,15866.5165,NA,16.82000000000000,NA,0.43060000000000,5.52630000000000,NA,15849.7968,17.1503,16.7197,0.4306,19.6138,2.6322,2.6255,0.0067,NA,NA,NA
ExperienceX.exe,56308,0x216C829D570,DXGI,1,0,0,Composed: Flip,15883.0065,NA,16.49000000000000,33.34830000000000,0.15430000000000,1.09870000000000,33.0208,15866.9471,16.2137,16.0594,0.1543,16.7306,0.4275,0.4275,0.0000,0.2352,15866.9471,NA
ExperienceX.exe,56308,0x216838E1150,DXGI,1,0,0,Composed: Flip,15816.2151,NA,15.99340000000000,50.03800000000000,0.08320000000000,0.60090000000000,33.1687,15800.3661,15.9322,15.8490,0.0832,3.3105,13.1394,1.3473,11.7921,0.7567,15800.3661,NA
ExperienceX.exe,56308,0x216838E1150,DXGI,1,0,0,Composed: Flip,15833.1405,NA,16.92540000000000,NA,0.22360000000000,3.03180000000000,NA,15816.2983,17.0658,16.8422,0.2236,19.4466,0.4274,0.4274,0.0000,NA,NA,NA
ExperienceX.exe,56308,0x216838E1150,DXGI,1,0,0,Composed: Flip,15849.6962,NA,16.55570000000000,NA,0.10080000000000,1.06380000000000,NA,15833.3641,16.4329,16.3321,0.1008,16.9490,0.4469,0.4469,0.0000,NA,NA,NA
ExperienceX.exe,56308,0x216838E1150,DXGI,1,0,0,Composed: Flip,15866.8375,NA,17.14130000000000,NA,0.42290000000000,2.57310000000000,NA,15849.7970,17.4634,17.0405,0.4229,19.1809,0.4327,0.4327,0.0000,NA,NA,NA
ExperienceX.exe,56308,0x216838E1150,DXGI,1,0,0,Composed: Flip,15883.0066,NA,16.16910000000000,NA,0.15460000000000,0.67110000000000,NA,15867.2604,15.9008,15.7462,0.1546,15.8749,0.5424,0.5424,0.0000,NA,NA,NA
ExperienceX.exe,56308,0x216838E1150,DXGI,1,0,0,Composed: Flip,15900.3015,NA,17.29490000000000,NA,0.15080000000000,4.10520000000000,NA,15883.1612,17.2911,17.1403,0.1508,20.3186,0.9269,0.9269,0.0000,NA,NA,NA
ExperienceX.exe,56308,0x216838E1150,DXGI,1,0,0,Composed: Flip,15916.4612,NA,16.15970000000000,100.40550000000000,0.14760000000000,0.85000000000000,33.3281,15900.4523,16.1565,16.0089,0.1476,3.9544,12.9045,1.7506,11.1539,-0.3193,15900.4523,NA
ExperienceX.exe,56308,0x216C7EA03E0,DXGI,1,0,0,Composed: Flip,15866.8430,NA,17.14770000000000,33.44740000000000,0.41340000000000,2.13490000000000,32.6002,15849.7970,17.4594,17.0460,0.4134,16.8480,2.3329,2.3329,0.0000,-0.0183,15849.7970,NA
ExperienceX.exe,56308,0x216C7EA03E0,DXGI,1,0,0,Composed: Flip,15883.0067,NA,16.16370000000000,NA,0.15430000000000,1.55910000000000,NA,15867.2564,15.9046,15.7503,0.1543,16.8488,0.4606,0.4531,0.0075,NA,NA,NA
ExperienceX.exe,56308,0x216C7EA03E0,DXGI,1,0,0,Composed: Flip,15900.3007,NA,17.29400000000000,NA,0.15500000000000,3.17910000000000,NA,15883.1610,17.2947,17.1397,0.1550,19.9128,0.4060,0.4060,0.0000,NA,NA,NA
ExperienceX.exe,56308,0x216C7EA03E0,DXGI,1,0,0,Composed: Flip,15916.4610,NA,16.16030000000000,NA,0.14780000000000,1.59210000000000,NA,15900.4557,16.1531,16.0053,0.1478,17.1391,0.4583,0.4552,0.0031,NA,NA,NA
ExperienceX.exe,56308,0x216C7EA03E0,DXGI,1,0,0,Composed: Flip,15933.8316,NA,17.37060000000000,NA,0.34700000000000,2.89980000000000,NA,15916.6088,17.5698,17.2228,0.3470,19.6871,0.4355,0.4355,0.0000,NA,NA,NA
ExperienceX.exe,56308,0x216838E1150,DXGI,1,0,0,Composed: Flip,15933.3348,NA,16.87360000000000,16.35360000000000,0.84370000000000,2.96110000000000,32.8081,15916.6088,17.5697,16.7260,0.8437,16.9128,2.7743,2.7743,0.0000,-0.1971,15916.6088,NA
ExperienceX.exe,56308,0x216838E1150,DXGI,1,0,0,Composed: Flip,15950.6464,NA,17.31160000000000,NA,0.46370000000000,3.78530000000000,NA,15934.1785,16.9316,16.4679,0.4637,19.8563,0.3969,0.3844,0.0125,NA,NA,NA
ExperienceX.exe,56308,0x216C829D570,DXGI,1,0,0,Composed: Flip,15900.2951,NA,17.28860000000000,16.65800000000000,0.19240000000000,2.77870000000000,32.3902,15883.1608,17.3267,17.1343,0.1924,17.5100,2.4030,2.4030,0.0000,-0.4443,15883.1608,NA
ExperienceX.exe,56308,0x216C829D570,DXGI,1,0,0,Composed: Flip,15916.4613,NA,16.16620000000000,NA,0.14750000000000,1.13350000000000,NA,15900.4875,16.1213,15.9738,0.1475,16.8237,0.2836,0.2836,0.0000,NA,NA,NA
ExperienceX.exe,56308,0x216C829D570,DXGI,1,0,0,Composed: Flip,15933.3340,NA,16.87270000000000,NA,0.59970000000000,3.82650000000000,NA,15916.6088,17.3249,16.7252,0.5997,20.1226,0.4291,0.4291,0.0000,NA,NA,NA
ExperienceX.exe,56308,0x216C829D570,DXGI,1,0,0,Composed: Flip,15950.5710,NA,17.23700000000000,NA,0.51900000000000,2.25820000000000,NA,15933.9337,17.1563,16.6373,0.5190,3.2268,15.6687,2.2824,13.3863,NA,NA,NA
ExperienceX.exe,56308,0x216C829D570,DXGI,1,0,0,Composed: Flip,15967.2270,NA,16.65600000000000,NA,0.37630000000000,4.69040000000000,NA,15951.0900,16.5133,16.1370,0.3763,20.3898,0.4376,0.4376,0.0000,NA,NA,NA
ExperienceX.exe,56308,0x216838E1150,DXGI,1,0,0,Composed: Flip,15967.2288,NA,16.58240000000000,33.30660000000000,0.36880000000000,4.25100000000000,32.2207,15951.1101,16.4875,16.1187,0.3688,16.9005,3.4692,3.4692,0.0000,1.1947,15951.1101,NA
ExperienceX.exe,56308,0x216838E1150,DXGI,1,0,0,Composed: Flip,15983.7223,NA,16.49350000000000,NA,0.35970000000000,2.34370000000000,NA,15967.5976,16.4844,16.1247,0.3597,4.7798,13.6886,3.7364,9.9522,NA,NA,NA
ExperienceX.exe,56308,0x216838E1150,DXGI,1,0,0,Composed: Flip,16002.3281,NA,18.60580000000000,34.01960000000000,0.27260000000000,2.99970000000000,31.1410,15984.0820,18.5187,18.2461,0.2726,20.8052,0.4406,0.4406,0.0000,-1.0477,15984.0820,NA
ExperienceX.exe,56308,0x216838E1150,DXGI,1,0,0,Composed: Flip,16016.5586,NA,14.23050000000000,16.00730000000000,0.11570000000000,2.21010000000000,32.9178,16002.6007,14.0736,13.9579,0.1157,2.7271,13.4409,3.4449,9.9960,2.5114,16002.6007,NA
ExperienceX.exe,56308,0x216C829D570,DXGI,1,0,0,Composed: Flip,15983.7184,NA,16.49140000000000,83.44510000000001,0.35330000000000,3.41940000000000,32.4120,15967.6033,16.4684,16.1151,0.3533,19.1253,0.4092,0.3960,0.0132,0.9974,15967.6033,NA
ExperienceX.exe,56308,0x216C829D570,DXGI,1,0,0,Composed: Flip,16002.8076,NA,19.08920000000000,NA,0.07450000000000,1.62380000000000,NA,15984.0717,18.8104,18.7359,0.0745,17.3311,3.0286,3.0286,0.0000,NA,NA,NA
ExperienceX.exe,56308,0x216C829D570,DXGI,1,0,0,Composed: Flip,16016.6172,NA,13.80960000000000,NA,0.40880000000000,2.15810000000000,NA,16002.8821,14.1439,13.7351,0.4088,15.8866,0.0066,0.0066,0.0000,NA,NA,NA
ExperienceX.exe,56308,0x216C829D570,DXGI,1,0,0,Composed: Flip,16036.3005,NA,19.68330000000000,NA,0.85040000000000,3.18520000000000,NA,16017.0260,20.1249,19.2745,0.8504,21.2128,1.2469,1.2469,0.0000,NA,NA,NA
ExperienceX.exe,56308,0x216C829D570,DXGI,1,0,0,Composed: Flip,16049.8654,NA,13.56490000000000,66.80020000000000,0.24810000000000,1.58140000000000,33.0652,16037.1509,12.9626,12.7145,0.2481,2.7899,11.5060,2.1307,9.3753,2.7474,16037.1509,NA
ExperienceX.exe,56308,0x216838E1150,DXGI,1,0,0,Composed: Flip,16035.1975,NA,18.63890000000000,16.55490000000000,0.36950000000000,4.74330000000000,30.8338,16016.6743,18.8927,18.5232,0.3695,22.8114,0.4551,0.4551,0.0000,-2.4813,16016.6743,NA
ExperienceX.exe,56308,0x216838E1150,DXGI,1,0,0,Composed: Flip,16049.8587,NA,14.66120000000000,NA,0.07880000000000,2.34730000000000,NA,16035.5670,14.3705,14.2917,0.0788,16.1286,0.5104,0.4803,0.0301,NA,NA,NA
ExperienceX.exe,56308,0x216838E1150,DXGI,1,0,0,Composed: Flip,16066.6345,NA,16.77580000000000,NA,0.51350000000000,4.93440000000000,NA,16049.9375,17.2105,16.6970,0.5135,19.6505,1.9809,1.9747,0.0062,NA,NA,NA
ExperienceX.exe,56308,0x216C829D570,DXGI,1,0,0,Composed: Flip,16067.0034,NA,17.13800000000000,16.45700000000000,0.15420000000000,2.15140000000000,32.3842,16050.1135,17.0441,16.8899,0.1542,16.6819,2.3594,2.3594,0.0000,-3.4944,16050.1135,NA
ExperienceX.exe,56308,0x216C829D570,DXGI,1,0,0,Composed: Flip,16083.5796,NA,16.57620000000000,NA,0.67580000000000,2.76150000000000,NA,16067.1576,17.0978,16.4220,0.6758,18.7601,0.4234,0.4234,0.0000,NA,NA,NA
ExperienceX.exe,56308,0x216838E1150,DXGI,1,0,0,Composed: Flip,16083.5654,NA,16.93090000000000,50.02950000000001,0.60120000000000,2.35230000000000,32.4954,16067.1480,17.0186,16.4174,0.6012,16.8591,1.9106,1.9106,0.0000,0.4442,16067.1480,NA
ExperienceX.exe,56308,0x216838E1150,DXGI,1,0,0,Composed: Flip,16101.3736,NA,17.80820000000000,NA,0.19550000000000,4.12070000000000,NA,16084.1666,17.4025,17.2070,0.1955,19.3640,1.9637,1.9601,0.0036,NA,NA,NA
ExperienceX.exe,56308,0x216838E1150,DXGI,1,0,0,Composed: Flip,16116.7822,NA,15.40860000000000,33.31360000000000,0.77180000000000,1.99940000000000,32.5922,16101.5691,15.9849,15.2131,0.7718,16.7593,0.4532,0.4459,0.0073,1.1075,16101.5691,NA
ExperienceX.exe,56308,0x216C829D570,DXGI,1,0,0,Composed: Flip,16101.1516,NA,17.57200000000000,33.29580000000000,0.51950000000000,1.95340000000000,31.5318,16084.2554,17.4157,16.8962,0.5195,16.4745,2.3751,2.3751,0.0000,0.8461,16084.2554,NA
ExperienceX.exe,56308,0x216C829D570,DXGI,1,0,0,Composed: Flip,16116.5748,NA,15.42320000000000,NA,0.15800000000000,1.32950000000000,NA,16101.6711,15.0617,14.9037,0.1580,15.3326,0.9006,0.9006,0.0000,NA,NA,NA
ExperienceX.exe,56308,0x216C829D570,DXGI,1,0,0,Composed: Flip,16134.0591,NA,17.48430000000000,NA,0.15250000000000,2.64720000000000,NA,16116.7328,17.4788,17.3263,0.1525,18.6615,1.3120,1.3120,0.0000,NA,NA,NA
ExperienceX.exe,56308,0x216838E1150,DXGI,1,0,0,Composed: Flip,16133.7647,NA,16.98250000000000,16.82750000000000,0.17710000000000,3.37100000000000,32.4372,16117.5540,16.3878,16.2107,0.1771,19.1523,0.4294,0.4294,0.0000,-0.8426,16117.5540,NA
ExperienceX.exe,56308,0x216838E1150,DXGI,1,0,0,Composed: Flip,16149.5964,NA,15.83170000000000,NA,0.13470000000000,1.08710000000000,NA,16133.9418,15.7893,15.6546,0.1347,16.3014,0.4403,0.4403,0.0000,NA,NA,NA
ExperienceX.exe,56308,0x216C829D570,DXGI,1,0,0,Composed: Flip,16149.5967,NA,15.53760000000000,49.97600000000000,0.13400000000000,1.54630000000000,33.0627,16134.2116,15.5191,15.3851,0.1340,16.4719,0.4595,0.4523,0.0072,-0.0198,16134.2116,NA
ExperienceX.exe,56308,0x216C829D570,DXGI,1,0,0,Composed: Flip,16167.7505,NA,18.15380000000000,NA,0.54840000000000,2.84690000000000,NA,16149.7307,18.5682,18.0198,0.5484,20.4309,0.4358,0.4358,0.0000,NA,NA,NA
ExperienceX.exe,56308,0x216838E1150,DXGI,1,0,0,Composed: Flip,16167.7166,NA,18.12020000000000,33.14730000000000,0.53280000000000,2.44500000000000,31.6326,16149.7311,18.5183,17.9855,0.5328,17.6218,2.8087,2.8087,0.0000,-0.9702,16149.7311,NA
ExperienceX.exe,56308,0x216838E1150,DXGI,1,0,0,Composed: Flip,16182.8220,NA,15.10540000000000,NA,0.09760000000000,1.05560000000000,NA,16168.2494,14.6702,14.5726,0.0976,15.1888,0.4394,0.4394,0.0000,NA,NA,NA
ExperienceX.exe,56308,0x216C829D570,DXGI,1,0,0,Composed: Flip,16182.8364,NA,15.08590000000000,33.38930000000000,0.11390000000000,0.60180000000000,33.2123,16168.2989,14.6514,14.5375,0.1139,2.7434,12.3959,1.1034,11.2925,0.6980,16168.2989,NA
ExperienceX.exe,56308,0x216C829D570,DXGI,1,0,0,Composed: Flip,16200.2734,NA,17.43700000000000,NA,0.34750000000000,4.51210000000000,NA,16182.9503,17.6706,17.3231,0.3475,21.4052,0.4300,0.4268,0.0032,NA,NA,NA
ExperienceX.exe,56308,0x216838E1150,DXGI,1,0,0,Composed: Flip,16200.3501,NA,17.52810000000000,33.30240000000000,0.39410000000000,4.00540000000000,32.3015,16182.9196,17.8246,17.4305,0.3941,19.0165,2.4194,2.4194,0.0000,-0.1139,16182.9196,NA
ExperienceX.exe,56308,0x216838E1150,DXGI,1,0,0,Composed: Flip,16216.3507,NA,16.00060000000000,NA,0.22900000000000,1.15360000000000,NA,16200.7442,15.8355,15.6065,0.2290,16.4974,0.2627,0.2627,0.0000,NA,NA,NA
ExperienceX.exe,56308,0x216C829D570,DXGI,1,0,0,Composed: Flip,16216.3513,NA,16.07790000000000,33.38130000000000,0.24500000000000,1.60690000000000,33.0787,16200.6209,15.9754,15.7304,0.2450,16.8834,0.4539,0.4483,0.0056,-1.0593,16200.6209,NA
ExperienceX.exe,56308,0x216C829D570,DXGI,1,0,0,Composed: Flip,16233.8264,NA,17.47510000000000,NA,0.06540000000000,2.68260000000000,NA,16216.5963,17.2955,17.2301,0.0654,19.4704,0.4423,0.4423,0.0000,NA,NA,NA
ExperienceX.exe,56308,0x216838E1150,DXGI,1,0,0,Composed: Flip,16234.0573,NA,17.70660000000000,33.40190000000000,0.05840000000000,2.00940000000000,31.9962,16216.5797,17.5360,17.4776,0.0584,16.7321,2.7549,2.7549,0.0000,0.2582,16216.5797,NA
ExperienceX.exe,56308,0x216838E1150,DXGI,1,0,0,Composed: Flip,16249.6207,NA,15.56340000000000,NA,0.04800000000000,1.49700000000000,NA,16234.1157,15.5530,15.5050,0.0480,16.5392,0.4628,0.4564,0.0064,NA,NA,NA
ExperienceX.exe,56308,0x216C829D570,DXGI,1,0,0,Composed: Flip,16249.6390,NA,15.81260000000000,33.24910000000000,0.11180000000000,0.55060000000000,33.0401,16233.8918,15.8590,15.7472,0.1118,3.0593,13.2385,1.1985,12.0400,0.0218,16233.8918,NA
ExperienceX.exe,56308,0x216C829D570,DXGI,1,0,0,Composed: Flip,16267.6541,NA,18.01510000000000,NA,0.19030000000000,2.82790000000000,NA,16249.7508,18.0936,17.9033,0.1903,20.2839,0.4473,0.4473,0.0000,NA,NA,NA
ExperienceX.exe,56308,0x216C829D570,DXGI,1,0,0,Composed: Flip,16282.9183,NA,15.26420000000000,33.30740000000000,0.16810000000000,1.10160000000000,33.0682,16267.8444,15.2420,15.0739,0.1681,15.9086,0.2669,0.2669,0.0000,0.6452,16267.8444,NA
ExperienceX.exe,56308,0x216838E1150,DXGI,1,0,0,Composed: Flip,16267.6013,NA,17.98060000000000,33.28850000000000,0.24280000000000,1.99750000000000,31.7407,16249.6687,18.1754,17.9326,0.2428,17.1613,2.7688,2.7688,0.0000,-0.1995,16249.6687,NA
ExperienceX.exe,56308,0x216838E1150,DXGI,1,0,0,Composed: Flip,16282.9173,NA,15.31600000000000,NA,0.16180000000000,0.83570000000000,NA,16267.8441,15.2350,15.0732,0.1618,2.6379,13.2710,1.3346,11.9364,NA,NA,NA
ExperienceX.exe,56308,0x216838E1150,DXGI,1,0,0,Composed: Flip,16300.1473,NA,17.23000000000000,NA,0.53540000000000,4.94210000000000,NA,16283.0791,17.6036,17.0682,0.5354,21.5871,0.4232,0.4197,0.0035,NA,NA,NA
ExperienceX.exe,56308,0x216C7EA03E0,DXGI,1,0,0,Composed: Flip,15950.6426,NA,16.81100000000000,83.58950000000000,0.46660000000000,3.39220000000000,32.3901,15934.1786,16.9306,16.4640,0.4666,19.2355,0.6207,0.6207,0.0000,0.7921,15934.1786,NA
ExperienceX.exe,56308,0x216C7EA03E0,DXGI,1,0,0,Composed: Flip,15967.2309,NA,16.58830000000000,NA,0.36720000000000,5.14650000000000,NA,15951.1092,16.4889,16.1217,0.3672,20.8082,0.4600,0.4600,0.0000,NA,NA,NA
ExperienceX.exe,56308,0x216C7EA03E0,DXGI,1,0,0,Composed: Flip,15983.7185,NA,16.48760000000000,NA,0.43100000000000,3.01010000000000,NA,15967.5981,16.5514,16.1204,0.4310,18.5423,0.5882,0.5882,0.0000,NA,NA,NA
ExperienceX.exe,56308,0x216C7EA03E0,DXGI,1,0,0,Composed: Flip,16002.7282,NA,19.00970000000000,NA,0.28610000000000,2.15900000000000,NA,15984.1495,18.8648,18.5787,0.2861,20.2819,0.4558,0.4558,0.0000,NA,NA,NA
ExperienceX.exe,56308,0x216C7EA03E0,DXGI,1,0,0,Composed: Flip,16016.5595,NA,13.83130000000000,NA,0.11600000000000,2.63540000000000,NA,16003.0143,13.6612,13.5452,0.1160,15.7610,0.4196,0.4080,0.0116,NA,NA,NA
ExperienceX.exe,56308,0x216C7EA03E0,DXGI,1,0,0,Composed: Flip,16036.2873,NA,19.72780000000000,NA,0.22770000000000,1.95150000000000,NA,16016.6755,19.8395,19.6118,0.2277,19.0883,2.4750,2.4750,0.0000,NA,NA,NA
ExperienceX.exe,56308,0x216C7EA03E0,DXGI,1,0,0,Composed: Flip,16049.8655,NA,13.57820000000000,NA,0.24780000000000,1.83010000000000,NA,16036.5150,13.5983,13.3505,0.2478,14.9318,0.2488,0.2488,0.0000,NA,NA,NA
ExperienceX.exe,56308,0x216C7EA03E0,DXGI,1,0,0,Composed: Flip,16067.0414,NA,17.17590000000000,NA,0.11440000000000,2.54660000000000,NA,16050.1133,17.0425,16.9281,0.1144,19.0415,0.4332,0.4332,0.0000,NA,NA,NA
ExperienceX.exe,56308,0x216C7EA03E0,DXGI,1,0,0,Composed: Flip,16101.1521,NA,34.11070000000000,NA,0.49950000000000,2.37850000000000,NA,16067.1558,34.4958,33.9963,0.4995,35.9492,0.4256,0.4256,0.0000,NA,NA,NA
ExperienceX.exe,56308,0x216C7EA03E0,DXGI,1,0,0,Composed: Flip,16116.5626,NA,15.41050000000000,NA,0.18770000000000,1.76580000000000,NA,16101.6516,15.0987,14.9110,0.1877,16.2527,0.4241,0.4241,0.0000,NA,NA,NA
ExperienceX.exe,56308,0x216C7EA03E0,DXGI,1,0,0,Composed: Flip,16133.2356,NA,16.67300000000000,NA,0.62250000000000,2.15870000000000,NA,16116.7503,17.1078,16.4853,0.6225,16.7173,1.9267,1.9267,0.0000,NA,NA,NA
ExperienceX.exe,56308,0x216C7EA03E0,DXGI,1,0,0,Composed: Flip,16149.5968,NA,16.36120000000000,NA,0.13400000000000,0.64640000000000,NA,16133.8581,15.8727,15.7387,0.1340,3.2776,13.1075,1.0340,12.0735,NA,NA,NA
ExperienceX.exe,56308,0x216C7EA03E0,DXGI,1,0,0,Composed: Flip,16168.1145,NA,18.51770000000000,NA,0.25550000000000,2.92780000000000,NA,16149.7308,18.6392,18.3837,0.2555,20.8666,0.4449,0.4449,0.0000,NA,NA,NA
ExperienceX.exe,56308,0x216C7EA03E0,DXGI,1,0,0,Composed: Flip,16182.8372,NA,14.72270000000000,NA,0.08240000000000,1.51070000000000,NA,16168.3700,14.5496,14.4672,0.0824,15.5076,0.4703,0.4657,0.0046,NA,NA,NA
ExperienceX.exe,56308,0x216C7EA03E0,DXGI,1,0,0,Composed: Flip,16200.2313,NA,17.39410000000000,NA,0.07000000000000,1.70480000000000,NA,16182.9196,17.3817,17.3117,0.0700,17.1154,1.9011,1.9011,0.0000,NA,NA,NA
ExperienceX.exe,56308,0x216C7EA03E0,DXGI,1,0,0,Composed: Flip,16216.3508,NA,16.11950000000000,NA,0.22890000000000,0.89080000000000,NA,16200.3013,16.2784,16.0495,0.2289,16.2378,0.7025,0.7025,0.0000,NA,NA,NA
ExperienceX.exe,56308,0x216C7EA03E0,DXGI,1,0,0,Composed: Flip,16233.1381,NA,16.78730000000000,NA,0.67640000000000,3.81300000000000,NA,16216.5797,17.2348,16.5584,0.6764,19.9293,0.4421,0.4421,0.0000,NA,NA,NA
ExperienceX.exe,56308,0x216C7EA03E0,DXGI,1,0,0,Composed: Flip,16249.6391,NA,16.50100000000000,NA,0.11190000000000,1.01580000000000,NA,16233.8145,15.9365,15.8246,0.1119,16.3751,0.4653,0.4653,0.0000,NA,NA,NA
ExperienceX.exe,56308,0x216C7EA03E0,DXGI,1,0,0,Composed: Flip,16268.0541,NA,18.41500000000000,NA,0.06290000000000,1.98060000000000,NA,16249.7510,18.3660,18.3031,0.0629,19.8478,0.4359,0.4359,0.0000,NA,NA,NA
ExperienceX.exe,56308,0x216C7EA03E0,DXGI,1,0,0,Composed: Flip,16282.9174,NA,14.86330000000000,NA,0.16170000000000,1.57140000000000,NA,16268.1170,14.9621,14.8004,0.1617,15.9029,0.4689,0.4621,0.0068,NA,NA,NA
ExperienceX.exe,56308,0x216C7EA03E0,DXGI,1,0,0,Composed: Flip,16300.1501,NA,17.23270000000000,NA,0.53380000000000,2.11710000000000,NA,16283.0791,17.6048,17.0710,0.5338,17.2758,1.9123,1.9123,0.0000,NA,NA,NA
ExperienceX.exe,56308,0x216838E1150,DXGI,1,0,0,Composed: Flip,16316.2224,NA,16.07510000000000,50.08660000000000,0.05870000000000,0.66200000000000,33.2062,16300.6827,15.5984,15.5397,0.0587,15.6045,0.5972,0.5972,0.0000,0.9274,16300.6827,NA
ExperienceX.exe,56308,0x216838E1150,DXGI,1,0,0,Composed: Flip,16333.7601,NA,17.53770000000000,NA,0.36670000000000,1.40740000000000,NA,16316.2811,17.8457,17.4790,0.3667,16.9721,1.9143,1.9143,0.0000,NA,NA,NA
ExperienceX.exe,56308,0x216838E1150,DXGI,1,0,0,Composed: Flip,16349.7926,NA,16.03250000000000,33.39340000000000,0.33340000000000,1.70090000000000,33.0294,16334.1268,15.9992,15.6658,0.3334,16.7891,0.5776,0.5776,0.0000,0.0507,16334.1268,NA
ExperienceX.exe,56308,0x216838E1150,DXGI,1,0,0,Composed: Flip,16367.7375,NA,17.94490000000000,16.51660000000000,0.11600000000000,1.61230000000000,31.6011,16350.1260,17.7275,17.6115,0.1160,16.8751,2.3487,2.3487,0.0000,-0.5174,16350.1260,NA
ExperienceX.exe,56308,0x216C7EA03E0,DXGI,1,0,0,Composed: Flip,16333.8614,NA,33.71130000000000,383.08650000000000,0.14320000000000,4.35710000000000,32.2578,16300.6839,33.3207,33.1775,0.1432,34.4836,3.0510,3.0510,0.0000,-16.5812,16300.6839,NA
ExperienceX.exe,56308,0x216C7EA03E0,DXGI,1,0,0,Composed: Flip,16349.7145,NA,15.85310000000000,NA,0.06720000000000,1.20140000000000,NA,16334.0046,15.7771,15.7099,0.0672,15.9354,0.9759,0.9759,0.0000,NA,NA,NA
ExperienceX.exe,56308,0x216C7EA03E0,DXGI,1,0,0,Composed: Flip,16366.8736,NA,17.15910000000000,NA,0.71380000000000,4.87510000000000,NA,16349.7817,17.8057,17.0919,0.7138,19.9984,1.9686,1.9650,0.0036,NA,NA,NA
ExperienceX.exe,56308,0x216C7EA03E0,DXGI,1,0,0,Composed: Flip,16383.1942,NA,16.32060000000000,NA,0.19920000000000,1.79090000000000,NA,16367.5874,15.8060,15.6068,0.1992,16.6535,0.7442,0.7351,0.0091,NA,NA,NA
ExperienceX.exe,56308,0x216C829D570,DXGI,1,0,0,Composed: Flip,16300.5739,NA,17.65560000000000,16.67400000000000,0.15930000000000,4.09230000000000,32.0866,16283.0864,17.6468,17.4875,0.1593,19.1808,2.3990,2.3990,0.0000,-1.4320,16283.0864,NA
ExperienceX.exe,56308,0x216C829D570,DXGI,1,0,0,Composed: Flip,16316.2414,NA,15.66750000000000,NA,0.14100000000000,1.00610000000000,NA,16300.7332,15.6492,15.5082,0.1410,16.1512,0.3631,0.3631,0.0000,NA,NA,NA
ExperienceX.exe,56308,0x216C829D570,DXGI,1,0,0,Composed: Flip,16333.4815,NA,17.24010000000000,NA,0.15860000000000,5.19040000000000,NA,16316.3824,17.2577,17.0991,0.1586,21.8361,0.4534,0.4469,0.0065,NA,NA,NA
ExperienceX.exe,56308,0x216C829D570,DXGI,1,0,0,Composed: Flip,16349.7925,NA,16.31100000000000,NA,0.28540000000000,1.95760000000000,NA,16333.6401,16.4378,16.1524,0.2854,17.8534,0.2566,0.2501,0.0065,NA,NA,NA
ExperienceX.exe,56308,0x216C829D570,DXGI,1,0,0,Composed: Flip,16367.2389,NA,17.44640000000000,NA,0.20190000000000,2.54120000000000,NA,16350.0779,17.3629,17.1610,0.2019,19.2719,0.4303,0.4303,0.0000,NA,NA,NA
ExperienceX.exe,56308,0x216C829D570,DXGI,1,0,0,Composed: Flip,16383.1946,NA,15.95570000000000,NA,0.19880000000000,1.04630000000000,NA,16367.4408,15.9526,15.7538,0.1988,16.3653,0.4348,0.4348,0.0000,NA,NA,NA
ExperienceX.exe,56308,0x216C829D570,DXGI,1,0,0,Composed: Flip,16400.5409,NA,17.34630000000000,NA,0.11220000000000,4.93650000000000,NA,16383.3934,17.2597,17.1475,0.1122,21.6452,0.4388,0.4326,0.0062,NA,NA,NA
ExperienceX.exe,56308,0x216C829D570,DXGI,1,0,0,Composed: Flip,16416.1278,NA,15.58690000000000,116.66320000000000,0.09040000000000,0.57720000000000,33.1959,16400.6531,15.5651,15.4747,0.0904,15.5224,0.5295,0.5295,0.0000,0.9035,16400.6531,NA
ExperienceX.exe,56308,0x216C7EA03E0,DXGI,1,0,0,Composed: Flip,16400.5153,NA,17.32110000000000,66.59530000000001,0.13790000000000,4.52330000000000,32.1992,16383.3934,17.2598,17.1219,0.1379,18.5972,3.0480,3.0480,0.0000,16.1142,16383.3934,NA
ExperienceX.exe,56308,0x216C7EA03E0,DXGI,1,0,0,Composed: Flip,16416.1280,NA,15.61270000000000,NA,0.09020000000000,1.47910000000000,NA,16400.6532,15.5650,15.4748,0.0902,16.4805,0.4734,0.4682,0.0052,NA,NA,NA
ExperienceX.exe,56308,0x216C7EA03E0,DXGI,1,0,0,Composed: Flip,16433.2150,NA,17.08700000000000,NA,0.08670000000000,4.47080000000000,NA,16416.2182,17.0835,16.9968,0.0867,21.0375,0.4301,0.4273,0.0028,NA,NA,NA
ExperienceX.exe,56308,0x216C829D570,DXGI,1,0,0,Composed: Flip,16433.5943,NA,17.46650000000000,16.66280000000000,0.31150000000000,3.22000000000000,32.3922,16416.2182,17.6876,17.3761,0.3115,17.1316,3.4645,3.4645,0.0000,-1.0977,16416.2182,NA
ExperienceX.exe,56308,0x216C829D570,DXGI,1,0,0,Composed: Flip,16449.5571,NA,15.96280000000000,NA,0.14540000000000,0.62410000000000,NA,16433.9058,15.7967,15.6513,0.1454,15.7649,0.5105,0.5105,0.0000,NA,NA,NA
ExperienceX.exe,56308,0x216838E1150,DXGI,1,0,0,Composed: Flip,16383.1536,NA,15.41610000000000,16.64250000000000,0.09930000000000,0.65250000000000,32.8275,16367.8535,15.3994,15.3001,0.0993,15.4174,0.5352,0.5352,0.0000,1.0850,16367.8535,NA
ExperienceX.exe,56308,0x216838E1150,DXGI,1,0,0,Composed: Flip,16400.3508,NA,17.19720000000000,NA,0.33900000000000,1.63980000000000,NA,16383.2529,17.4369,17.0979,0.3390,16.8203,1.9174,1.9174,0.0000,NA,NA,NA
ExperienceX.exe,56308,0x216838E1150,DXGI,1,0,0,Composed: Flip,16416.1130,NA,15.76220000000000,NA,0.04410000000000,1.02070000000000,NA,16400.6898,15.4673,15.4232,0.0441,16.0152,0.4287,0.4287,0.0000,NA,NA,NA
ExperienceX.exe,56308,0x216838E1150,DXGI,1,0,0,Composed: Flip,16433.2109,NA,17.09790000000000,NA,0.70090000000000,4.04480000000000,NA,16416.1571,17.7547,17.0538,0.7009,20.6572,0.4414,0.4414,0.0000,NA,NA,NA
ExperienceX.exe,56308,0x216838E1150,DXGI,1,0,0,Composed: Flip,16449.5960,NA,16.38510000000000,NA,0.06340000000000,1.05290000000000,NA,16433.9118,15.7476,15.6842,0.0634,16.2694,0.4677,0.4677,0.0000,NA,NA,NA
ExperienceX.exe,56308,0x216838E1150,DXGI,1,0,0,Composed: Flip,16466.4308,NA,16.83480000000000,NA,0.65490000000000,1.99590000000000,NA,16449.6594,17.4263,16.7714,0.6549,16.8731,1.8942,1.8942,0.0000,NA,NA,NA
ExperienceX.exe,56308,0x216C7EA03E0,DXGI,1,0,0,Composed: Flip,16449.5897,NA,16.37470000000000,50.00110000000000,0.11250000000000,1.51400000000000,33.1259,16433.3017,16.4005,16.2880,0.1125,17.3472,0.4548,0.4495,0.0053,-0.0928,16433.3017,NA
ExperienceX.exe,56308,0x216C7EA03E0,DXGI,1,0,0,Composed: Flip,16466.4309,NA,16.84120000000000,NA,0.32490000000000,5.51550000000000,NA,16449.7022,17.0536,16.7287,0.3249,21.7929,0.4513,0.4434,0.0079,NA,NA,NA
ExperienceX.exe,56308,0x216C7EA03E0,DXGI,1,0,0,Composed: Flip,16483.1845,NA,16.75360000000000,NA,0.13610000000000,2.58150000000000,NA,16466.7558,16.5648,16.4287,0.1361,18.5479,0.4623,0.4569,0.0054,NA,NA,NA
ExperienceX.exe,56308,0x216C829D570,DXGI,1,0,0,Composed: Flip,16466.7624,NA,17.20530000000000,33.34080000000000,0.10010000000000,4.73270000000000,32.5649,16449.7025,17.1600,17.0599,0.1001,18.7242,3.0684,3.0684,0.0000,0.1435,16449.7025,NA
ExperienceX.exe,56308,0x216C829D570,DXGI,1,0,0,Composed: Flip,16483.1830,NA,16.42060000000000,NA,0.13780000000000,0.95840000000000,NA,16466.8625,16.4583,16.3205,0.1378,16.4269,0.8520,0.8520,0.0000,NA,NA,NA
ExperienceX.exe,56308,0x216C829D570,DXGI,1,0,0,Composed: Flip,16500.3727,NA,17.18970000000000,NA,0.45870000000000,4.50480000000000,NA,16483.3208,17.5106,17.0519,0.4587,21.1315,0.4252,0.4215,0.0037,NA,NA,NA
ExperienceX.exe,56308,0x216838E1150,DXGI,1,0,0,Composed: Flip,16483.2362,NA,16.80540000000000,100.06270000000001,0.28340000000000,2.06750000000000,32.8076,16467.0857,16.4339,16.1505,0.2834,17.0557,1.1623,1.1623,0.0000,-0.8305,16467.0857,NA
ExperienceX.exe,56308,0x216838E1150,DXGI,1,0,0,Composed: Flip,16500.4557,NA,17.21950000000000,NA,0.28560000000000,3.99660000000000,NA,16483.5196,17.2217,16.9361,0.2856,20.4969,0.4358,0.4358,0.0000,NA,NA,NA
ExperienceX.exe,56308,0x216838E1150,DXGI,1,0,0,Composed: Flip,16516.2802,NA,15.82450000000000,NA,0.13450000000000,0.66650000000000,NA,16500.7413,15.6734,15.5389,0.1345,15.7022,0.5032,0.5032,0.0000,NA,NA,NA
ExperienceX.exe,56308,0x216C829D570,DXGI,1,0,0,Composed: Flip,16516.2787,NA,15.90600000000000,49.98180000000000,0.16290000000000,1.58720000000000,33.0304,16500.8314,15.6102,15.4473,0.1629,16.5809,0.4536,0.4496,0.0040,1.1471,16500.8314,NA
ExperienceX.exe,56308,0x216C829D570,DXGI,1,0,0,Composed: Flip,16533.6501,NA,17.37140000000000,NA,0.09190000000000,3.59140000000000,NA,16516.4416,17.3004,17.2085,0.0919,20.3828,0.4171,0.4171,0.0000,NA,NA,NA
ExperienceX.exe,56308,0x216838E1150,DXGI,1,0,0,Composed: Flip,16533.6521,NA,17.37190000000000,49.93790000000000,0.67820000000000,2.69920000000000,32.3296,16516.4147,17.9156,17.2374,0.6782,17.0011,2.9355,2.8829,0.0526,-0.6089,16516.4147,NA
ExperienceX.exe,56308,0x216838E1150,DXGI,1,0,0,Composed: Flip,16549.5187,NA,15.86660000000000,NA,0.06620000000000,1.52030000000000,NA,16534.3303,15.2546,15.1884,0.0662,16.2361,0.4726,0.4670,0.0056,NA,NA,NA
ExperienceX.exe,56308,0x216C829D570,DXGI,1,0,0,Composed: Flip,16549.5372,NA,15.88710000000000,33.36090000000000,0.12390000000000,0.63360000000000,33.1328,16533.7420,15.9191,15.7952,0.1239,3.4995,12.9293,1.7931,11.1362,-0.4503,16533.7420,NA
ExperienceX.exe,56308,0x216C829D570,DXGI,1,0,0,Composed: Flip,16566.8977,NA,17.36050000000000,NA,0.08160000000000,3.51520000000000,NA,16549.6611,17.3182,17.2366,0.0816,20.3163,0.4355,0.4355,0.0000,NA,NA,NA
ExperienceX.exe,56308,0x216838E1150,DXGI,1,0,0,Composed: Flip,16567.3314,NA,17.81270000000000,33.45610000000000,0.05940000000000,2.21150000000000,32.1064,16549.5849,17.8059,17.7465,0.0594,17.1730,2.7850,2.7850,0.0000,-0.2859,16549.5849,NA
ExperienceX.exe,56308,0x216838E1150,DXGI,1,0,0,Composed: Flip,16582.8913,NA,15.55990000000000,NA,0.06010000000000,1.56440000000000,NA,16567.3908,15.5606,15.5005,0.0601,16.6109,0.4540,0.4489,0.0051,NA,NA,NA
ExperienceX.exe,56308,0x216838E1150,DXGI,1,0,0,Composed: Flip,16600.3603,NA,17.46900000000000,33.20400000000000,0.14200000000000,4.68380000000000,32.2815,16582.9514,17.5509,17.4089,0.1420,19.6001,2.4926,2.4926,0.0000,0.1625,16582.9514,NA
ExperienceX.exe,56308,0x216C829D570,DXGI,1,0,0,Composed: Flip,16582.9373,NA,16.03960000000000,33.31860000000000,0.13190000000000,0.55860000000000,33.0513,16566.9793,16.0899,15.9580,0.1319,3.4336,13.0830,0.9964,12.0866,-0.0813,16566.9793,NA
ExperienceX.exe,56308,0x216C829D570,DXGI,1,0,0,Composed: Flip,16601.2598,NA,18.32250000000000,NA,0.11950000000000,4.22460000000000,NA,16583.0692,18.3101,18.1906,0.1195,21.9749,0.4403,0.4370,0.0033,NA,NA,NA
ExperienceX.exe,56308,0x216C829D570,DXGI,1,0,0,Composed: Flip,16616.1897,NA,14.92990000000000,NA,0.12150000000000,0.65120000000000,NA,16601.3793,14.9319,14.8104,0.1215,14.9358,0.5258,0.5258,0.0000,NA,NA,NA
ExperienceX.exe,56308,0x216838E1150,DXGI,1,0,0,Composed: Flip,16616.1893,NA,15.82900000000000,16.68430000000000,0.12180000000000,1.60580000000000,33.1368,16600.5023,15.8088,15.6870,0.1218,16.8173,0.4755,0.4704,0.0051,0.8666,16600.5023,NA
ExperienceX.exe,56308,0x216838E1150,DXGI,1,0,0,Composed: Flip,16633.3513,NA,17.16200000000000,NA,0.07390000000000,4.75130000000000,NA,16616.3111,17.1141,17.0402,0.0739,21.3450,0.4465,0.4434,0.0031,NA,NA,NA
ExperienceX.exe,56308,0x216C829D570,DXGI,1,0,0,Composed: Flip,16633.0902,NA,16.90050000000000,49.99480000000001,0.59180000000000,4.56590000000000,32.8932,16616.3112,17.3708,16.7790,0.5918,18.8489,2.4960,2.4960,0.0000,-0.6629,16616.3112,NA
ExperienceX.exe,56308,0x216C829D570,DXGI,1,0,0,Composed: Flip,16649.5694,NA,16.47920000000000,NA,0.13020000000000,0.62030000000000,NA,16633.6820,16.0176,15.8874,0.1302,15.9849,0.5228,0.5228,0.0000,NA,NA,NA
ExperienceX.exe,56308,0x216C7EA03E0,DXGI,1,0,0,Composed: Flip,16500.6452,NA,17.46070000000000,49.93630000000000,0.09620000000000,3.37130000000000,32.0067,16483.3206,17.4208,17.3246,0.0962,16.8130,3.8829,3.8829,0.0000,0.0826,16483.3206,NA
ExperienceX.exe,56308,0x216C7EA03E0,DXGI,1,0,0,Composed: Flip,16516.2793,NA,15.63410000000000,NA,0.13540000000000,1.13300000000000,NA,16500.7414,15.6733,15.5379,0.1354,16.2053,0.4656,0.4656,0.0000,NA,NA,NA
ExperienceX.exe,56308,0x216C7EA03E0,DXGI,1,0,0,Composed: Flip,16534.2539,NA,17.97460000000000,NA,0.17010000000000,2.57050000000000,NA,16516.4147,18.0093,17.8392,0.1701,19.9366,0.4731,0.4731,0.0000,NA,NA,NA
ExperienceX.exe,56308,0x216C7EA03E0,DXGI,1,0,0,Composed: Flip,16549.5373,NA,15.28340000000000,NA,0.12380000000000,1.02910000000000,NA,16534.4240,15.2371,15.1133,0.1238,15.7468,0.3956,0.3956,0.0000,NA,NA,NA
ExperienceX.exe,56308,0x216C7EA03E0,DXGI,1,0,0,Composed: Flip,16567.1546,NA,17.61730000000000,NA,0.05700000000000,2.82280000000000,NA,16549.6611,17.5505,17.4935,0.0570,19.8818,0.4345,0.4345,0.0000,NA,NA,NA
ExperienceX.exe,56308,0x216C7EA03E0,DXGI,1,0,0,Composed: Flip,16582.9376,NA,15.78300000000000,NA,0.13160000000000,1.06410000000000,NA,16567.2116,15.8576,15.7260,0.1316,16.2843,0.5058,0.5058,0.0000,NA,NA,NA
ExperienceX.exe,56308,0x216C7EA03E0,DXGI,1,0,0,Composed: Flip,16600.8804,NA,17.94280000000000,NA,0.23100000000000,1.67110000000000,NA,16583.0692,18.0422,17.8112,0.2310,17.5098,1.9725,1.9725,0.0000,NA,NA,NA
ExperienceX.exe,56308,0x216C7EA03E0,DXGI,1,0,0,Composed: Flip,16616.1896,NA,15.30920000000000,NA,0.12160000000000,1.13000000000000,NA,16601.1114,15.1998,15.0782,0.1216,15.7295,0.4787,0.4787,0.0000,NA,NA,NA
ExperienceX.exe,56308,0x216C7EA03E0,DXGI,1,0,0,Composed: Flip,16633.3390,NA,17.14940000000000,NA,0.08610000000000,1.82110000000000,NA,16616.3112,17.1139,17.0278,0.0861,16.8942,1.9547,1.9547,0.0000,NA,NA,NA
ExperienceX.exe,56308,0x216C7EA03E0,DXGI,1,0,0,Composed: Flip,16649.5690,NA,16.23000000000000,NA,0.13060000000000,1.10410000000000,NA,16633.4251,16.2745,16.1439,0.1306,16.7646,0.4834,0.4834,0.0000,NA,NA,NA
ExperienceX.exe,56308,0x216C7EA03E0,DXGI,1,0,0,Composed: Flip,16666.9035,NA,17.33450000000000,NA,0.05570000000000,1.54000000000000,NA,16649.6996,17.2596,17.2039,0.0557,16.7891,1.9548,1.9548,0.0000,NA,NA,NA
ExperienceX.exe,56308,0x216838E1150,DXGI,1,0,0,Composed: Flip,16649.5696,NA,16.21830000000000,33.32740000000000,0.13030000000000,1.58010000000000,33.0839,16633.4252,16.2747,16.1444,0.1303,17.2479,0.4766,0.4693,0.0073,-0.4045,16633.4252,NA
ExperienceX.exe,56308,0x216838E1150,DXGI,1,0,0,Composed: Flip,16666.8234,NA,17.25380000000000,NA,0.07820000000000,6.06320000000000,NA,16649.6999,17.2017,17.1235,0.0782,22.7362,0.4505,0.4471,0.0034,NA,NA,NA
ExperienceX.exe,56308,0x216838E1150,DXGI,1,0,0,Composed: Flip,16682.7889,NA,15.96550000000000,NA,0.05090000000000,1.53050000000000,NA,16666.9016,15.9382,15.8873,0.0509,16.9337,0.4841,0.4783,0.0058,NA,NA,NA
ExperienceX.exe,56308,0x216838E1150,DXGI,1,0,0,Composed: Flip,16699.9677,NA,17.17880000000000,50.02200000000001,0.13630000000000,6.13320000000000,32.7078,16682.8398,17.2642,17.1279,0.1363,17.3855,5.8756,5.8756,0.0000,-0.6074,16682.8398,NA
ExperienceX.exe,56308,0x216838E1150,DXGI,1,0,0,Composed: Flip,16716.2132,NA,16.24550000000000,16.63650000000000,0.06440000000000,1.52640000000000,33.0988,16700.1040,16.1736,16.1092,0.0644,17.1584,0.4772,0.4732,0.0040,0.6277,16700.1040,NA
ExperienceX.exe,56308,0x216838E1150,DXGI,1,0,0,Composed: Flip,16733.6613,NA,17.44810000000000,16.87000000000000,0.05930000000000,2.07770000000000,32.5207,16716.2776,17.4430,17.3837,0.0593,17.0219,2.4395,2.4395,0.0000,-0.6964,16716.2776,NA
ExperienceX.exe,56308,0x216C829D570,DXGI,1,0,0,Composed: Flip,16666.8351,NA,17.26570000000000,33.38630000000000,0.06580000000000,5.60100000000000,32.5346,16649.6996,17.2013,17.1355,0.0658,18.7439,3.9926,3.9926,0.0000,0.0021,16649.6996,NA
ExperienceX.exe,56308,0x216C829D570,DXGI,1,0,0,Composed: Flip,16682.7853,NA,15.95020000000000,NA,0.05170000000000,0.58370000000000,NA,16666.9009,15.9361,15.8844,0.0517,15.9541,0.5140,0.5140,0.0000,NA,NA,NA
ExperienceX.exe,56308,0x216C829D570,DXGI,1,0,0,Composed: Flip,16699.9703,NA,17.18500000000000,NA,0.11040000000000,6.56480000000000,NA,16682.8370,17.2437,17.1333,0.1104,23.2639,0.4342,0.4342,0.0000,NA,NA,NA
ExperienceX.exe,56308,0x216C829D570,DXGI,1,0,0,Composed: Flip,16716.2076,NA,16.23730000000000,NA,0.06140000000000,1.05480000000000,NA,16700.0807,16.1883,16.1269,0.0614,16.7097,0.4720,0.4720,0.0000,NA,NA,NA
ExperienceX.exe,56308,0x216C829D570,DXGI,1,0,0,Composed: Flip,16733.1358,NA,16.92820000000000,NA,0.12090000000000,5.79290000000000,NA,16716.2690,16.9877,16.8668,0.1209,19.9229,2.7368,2.7305,0.0063,NA,NA,NA
ExperienceX.exe,56308,0x216C829D570,DXGI,1,0,0,Composed: Flip,16749.4966,NA,16.36080000000000,NA,0.07150000000000,0.62990000000000,NA,16733.2567,16.3114,16.2399,0.0715,16.3360,0.5338,0.5338,0.0000,NA,NA,NA
ExperienceX.exe,56308,0x216838E1150,DXGI,1,0,0,Composed: Flip,16749.6084,NA,15.94710000000000,16.54140000000000,0.12470000000000,1.45120000000000,33.1150,16733.7206,16.0125,15.8878,0.1247,16.8664,0.4726,0.4669,0.0057,0.9016,16733.7206,NA
ExperienceX.exe,56308,0x216838E1150,DXGI,1,0,0,Composed: Flip,16766.7729,NA,17.16450000000000,NA,0.14370000000000,6.27740000000000,NA,16749.7331,17.1835,17.0398,0.1437,21.2717,2.0455,2.0405,0.0050,NA,NA,NA
ExperienceX.exe,56308,0x216838E1150,DXGI,1,0,0,Composed: Flip,16782.9695,NA,16.19660000000000,33.33330000000000,0.15070000000000,1.05590000000000,33.0872,16766.9166,16.2036,16.0529,0.1507,16.1869,0.9219,0.9219,0.0000,-0.1373,16766.9166,NA
ExperienceX.exe,56308,0x216C829D570,DXGI,1,0,0,Composed: Flip,16766.7271,NA,17.23050000000000,99.94020000000000,0.13340000000000,3.79400000000000,32.5828,16749.5681,17.2924,17.1590,0.1334,17.6156,3.3374,3.3374,0.0000,-0.0717,16749.5681,NA
ExperienceX.exe,56308,0x216C829D570,DXGI,1,0,0,Composed: Flip,16800.2035,NA,33.47640000000000,NA,0.07370000000000,4.53980000000000,NA,16766.8605,33.4167,33.3430,0.0737,37.4294,0.4534,0.4500,0.0034,NA,NA,NA
ExperienceX.exe,56308,0x216C7EA03E0,DXGI,1,0,0,Composed: Flip,16682.8023,NA,15.89880000000000,183.34360000000001,0.07150000000000,1.03300000000000,33.1932,16666.9592,15.9146,15.8431,0.0715,16.4098,0.4663,0.4663,0.0000,0.2950,16666.9592,NA
ExperienceX.exe,56308,0x216C7EA03E0,DXGI,1,0,0,Composed: Flip,16699.9669,NA,17.16460000000000,NA,0.13720000000000,7.02590000000000,NA,16682.8738,17.2303,17.0931,0.1372,23.6613,0.4577,0.4512,0.0065,NA,NA,NA
ExperienceX.exe,56308,0x216C7EA03E0,DXGI,1,0,0,Composed: Flip,16716.2070,NA,16.24010000000000,NA,0.06210000000000,0.58340000000000,NA,16700.1041,16.1650,16.1029,0.0621,16.1609,0.5254,0.5254,0.0000,NA,NA,NA
ExperienceX.exe,56308,0x216C7EA03E0,DXGI,1,0,0,Composed: Flip,16733.4835,NA,17.27650000000000,NA,0.25260000000000,2.70840000000000,NA,16716.2691,17.4670,17.2144,0.2526,19.4699,0.4529,0.4529,0.0000,NA,NA,NA
ExperienceX.exe,56308,0x216C7EA03E0,DXGI,1,0,0,Composed: Flip,16749.5311,NA,16.04760000000000,NA,0.04550000000000,1.05590000000000,NA,16733.7361,15.8405,15.7950,0.0455,16.3904,0.4605,0.4605,0.0000,NA,NA,NA
ExperienceX.exe,56308,0x216C7EA03E0,DXGI,1,0,0,Composed: Flip,16767.8841,NA,18.35300000000000,NA,0.21470000000000,3.12070000000000,NA,16749.5766,18.5222,18.3075,0.2147,20.9445,0.4837,0.4837,0.0000,NA,NA,NA
ExperienceX.exe,56308,0x216C7EA03E0,DXGI,1,0,0,Composed: Flip,16782.9696,NA,15.08550000000000,NA,0.15050000000000,1.47660000000000,NA,16768.0988,15.0213,14.8708,0.1505,15.9266,0.4208,0.4208,0.0000,NA,NA,NA
ExperienceX.exe,56308,0x216C7EA03E0,DXGI,1,0,0,Composed: Flip,16800.1036,NA,17.13400000000000,NA,0.08010000000000,4.18630000000000,NA,16783.1201,17.0636,16.9835,0.0801,20.7187,0.4511,0.4511,0.0000,NA,NA,NA
ExperienceX.exe,56308,0x216C7EA03E0,DXGI,1,0,0,Composed: Flip,16816.6321,NA,16.52850000000000,NA,0.13220000000000,1.02100000000000,NA,16800.1837,16.5806,16.4484,0.1322,16.5891,0.8803,0.8803,0.0000,NA,NA,NA
ExperienceX.exe,56308,0x216C829D570,DXGI,1,0,0,Composed: Flip,16816.6322,NA,16.42870000000000,50.02910000000000,0.13190000000000,1.48030000000000,32.7068,16800.2772,16.4869,16.3550,0.1319,17.3759,0.4594,0.4594,0.0000,0.6800,16800.2772,NA
ExperienceX.exe,56308,0x216C829D570,DXGI,1,0,0,Composed: Flip,16833.5421,NA,16.90990000000000,NA,0.08400000000000,2.66340000000000,NA,16816.7641,16.8620,16.7780,0.0840,18.9693,0.4721,0.4721,0.0000,NA,NA,NA
ExperienceX.exe,56308,0x216C829D570,DXGI,1,0,0,Composed: Flip,16849.5094,NA,15.96730000000000,33.35300000000000,0.07310000000000,1.56760000000000,33.1826,16833.6261,15.9564,15.8833,0.0731,16.9809,0.4700,0.4635,0.0065,-0.0041,16833.6261,NA
ExperienceX.exe,56308,0x216C7EA03E0,DXGI,1,0,0,Composed: Flip,16833.7621,NA,17.13000000000000,149.98730000000000,0.05750000000000,1.97130000000000,32.2207,16816.7643,17.0553,16.9978,0.0575,16.5619,2.4072,2.4072,0.0000,-0.1822,16816.7643,NA
ExperienceX.exe,56308,0x216C7EA03E0,DXGI,1,0,0,Composed: Flip,16849.5095,NA,15.74740000000000,NA,0.06860000000000,0.63010000000000,NA,16833.8196,15.7585,15.6899,0.0686,15.7729,0.5471,0.5471,0.0000,NA,NA,NA
ExperienceX.exe,56308,0x216C7EA03E0,DXGI,1,0,0,Composed: Flip,16866.5372,NA,17.02770000000000,NA,0.18000000000000,2.27920000000000,NA,16849.5781,17.1391,16.9591,0.1800,17.2456,1.9927,1.9927,0.0000,NA,NA,NA
ExperienceX.exe,56308,0x216C7EA03E0,DXGI,1,0,0,Composed: Flip,16882.9368,NA,16.39960000000000,50.00630000000000,0.12650000000000,1.62180000000000,33.0523,16866.7172,16.3461,16.2196,0.1265,17.3667,0.4747,0.4660,0.0087,-0.0534,16866.7172,NA
ExperienceX.exe,56308,0x0,Other,-1,0,0,Composed: Flip,15749.7942,NA,532.77430000000004,533.54039999999998,0.00000000000000,1.19210000000000,33.1155,15217.0199,532.7743,532.7743,0.0000,533.5176,0.4488,0.4412,0.0076,-500.0232,15217.0199,NA
ExperienceX.exe,56308,0x0,Other,-1,0,0,Composed: Flip,16085.0768,NA,335.28260000000000,NA,0.00000000000000,1.71490000000000,NA,15749.7942,335.2826,335.2826,0.0000,336.5469,0.4506,0.4419,0.0087,NA,NA,NA
ExperienceX.exe,56308,0x0,Other,-1,0,0,Composed: Flip,16316.7005,NA,231.62370000000001,NA,0.00000000000000,1.02100000000000,NA,16085.0768,231.6237,231.6237,0.0000,232.1707,0.4740,0.4686,0.0054,NA,NA,NA
ExperienceX.exe,56308,0x0,Other,-1,0,0,Composed: Flip,16783.4521,NA,466.75160000000000,NA,0.00000000000000,1.44090000000000,NA,16316.7005,466.7516,466.7516,0.0000,467.7457,0.4468,0.4412,0.0056,NA,NA,NA
ExperienceX.exe,56308,0x216C829D570,DXGI,1,0,0,Composed: Flip,16866.5360,NA,17.02660000000000,16.75220000000000,0.63050000000000,5.42710000000000,32.9082,16849.5825,17.5840,16.9535,0.6305,19.2339,3.1467,3.1467,0.0000,-0.7958,16849.5825,NA
ExperienceX.exe,56308,0x216C829D570,DXGI,1,0,0,Composed: Flip,16882.9371,NA,16.40110000000000,NA,0.12620000000000,0.72270000000000,NA,16867.1665,15.8968,15.7706,0.1262,15.8884,0.6049,0.6049,0.0000,NA,NA,NA
ExperienceX.exe,56308,0x216C829D570,DXGI,1,0,0,Composed: Flip,16900.9105,NA,17.97340000000000,NA,0.46860000000000,4.40030000000000,NA,16883.0633,18.3158,17.8472,0.4686,20.1805,2.0670,2.0622,0.0048,NA,NA,NA
ExperienceX.exe,56308,0x216C829D570,DXGI,1,0,0,Composed: Flip,16916.1970,NA,15.28650000000000,NA,0.06960000000000,1.07990000000000,NA,16901.3791,14.8875,14.8179,0.0696,15.4126,0.4852,0.4852,0.0000,NA,NA,NA
ExperienceX.exe,56308,0x0,Other,-1,0,0,Composed: Flip,16916.4767,NA,133.02459999999999,1166.56490000000008,0.00000000000000,1.26520000000000,32.9979,16783.4521,133.0246,133.0246,0.0000,133.8248,0.4650,0.4623,0.0027,399.8673,16783.4521,NA
ExperienceX.exe,56308,0x216C829D570,DXGI,1,0,0,Composed: Flip,16933.7512,NA,17.55420000000000,66.59160000000000,0.06690000000000,2.12880000000000,32.2846,16916.2666,17.5515,17.4846,0.0669,17.1715,2.4419,2.4419,0.0000,0.0925,16916.2666,NA
ExperienceX.exe,56308,0x216C829D570,DXGI,1,0,0,Composed: Flip,16949.9065,NA,16.15530000000000,NA,0.28190000000000,2.65520000000000,NA,16933.8181,16.3703,16.0884,0.2819,18.2715,0.4721,0.4671,0.0050,NA,NA,NA
ExperienceX.exe,56308,0x216838E1150,DXGI,1,0,0,Composed: Flip,16800.3232,NA,17.35370000000000,16.68850000000000,0.04690000000000,3.51560000000000,32.4220,16783.1202,17.2499,17.2030,0.0469,16.7223,3.9963,3.9963,0.0000,-0.4849,16783.1202,NA
ExperienceX.exe,56308,0x216838E1150,DXGI,1,0,0,Composed: Flip,16816.8231,NA,16.49990000000000,NA,0.13070000000000,1.74810000000000,NA,16800.3701,16.5837,16.4530,0.1307,17.7424,0.4587,0.4523,0.0064,NA,NA,NA
ExperienceX.exe,56308,0x216838E1150,DXGI,1,0,0,Composed: Flip,16833.4839,NA,16.66080000000000,NA,0.44950000000000,5.42600000000000,NA,16816.9538,16.9796,16.5301,0.4495,19.2517,2.7044,2.6987,0.0057,NA,NA,NA
ExperienceX.exe,56308,0x216838E1150,DXGI,1,0,0,Composed: Flip,16849.5091,NA,16.02520000000000,NA,0.06930000000000,1.09790000000000,NA,16833.9334,15.6450,15.5757,0.0693,16.2062,0.4674,0.4674,0.0000,NA,NA,NA
ExperienceX.exe,56308,0x216838E1150,DXGI,1,0,0,Composed: Flip,16866.5378,NA,17.02870000000000,NA,0.18130000000000,5.88130000000000,NA,16849.5784,17.1407,16.9594,0.1813,22.3847,0.4560,0.4494,0.0066,NA,NA,NA
ExperienceX.exe,56308,0x216838E1150,DXGI,1,0,0,Composed: Flip,16882.9358,NA,16.39800000000000,NA,0.12730000000000,1.14810000000000,NA,16866.7191,16.3440,16.2167,0.1273,16.9407,0.4241,0.4241,0.0000,NA,NA,NA
ExperienceX.exe,56308,0x216838E1150,DXGI,1,0,0,Composed: Flip,16900.6658,NA,17.73000000000000,NA,0.53210000000000,2.57800000000000,NA,16883.0631,18.1348,17.6027,0.5321,19.7493,0.4314,0.4314,0.0000,NA,NA,NA
ExperienceX.exe,56308,0x216838E1150,DXGI,1,0,0,Composed: Flip,16933.2626,NA,32.59680000000000,NA,0.09950000000000,4.02500000000000,NA,16901.1979,32.1642,32.0647,0.0995,35.1293,0.9604,0.9604,0.0000,NA,NA,NA
ExperienceX.exe,56308,0x216838E1150,DXGI,1,0,0,Composed: Flip,16967.8737,NA,34.61110000000000,NA,0.17670000000000,3.82260000000000,NA,16933.3621,34.6883,34.5116,0.1767,37.8961,0.4381,0.4338,0.0043,NA,NA,NA
ExperienceX.exe,56308,0x216C7EA03E0,DXGI,1,0,0,Composed: Flip,16900.6809,NA,17.74410000000000,16.67900000000000,0.17520000000000,2.13150000000000,31.9872,16883.0633,17.7928,17.6176,0.1752,17.3122,2.4369,2.4369,0.0000,-0.3329,16883.0633,NA
ExperienceX.exe,56308,0x216C7EA03E0,DXGI,1,0,0,Composed: Flip,16916.1968,NA,15.51590000000000,NA,0.07000000000000,0.59490000000000,NA,16900.8561,15.4107,15.3407,0.0700,15.4274,0.5082,0.5082,0.0000,NA,NA,NA
ExperienceX.exe,56308,0x216C7EA03E0,DXGI,1,0,0,Composed: Flip,16934.1632,NA,17.96640000000000,NA,0.04990000000000,2.16400000000000,NA,16916.2668,17.9463,17.8964,0.0499,19.6132,0.4472,0.4472,0.0000,NA,NA,NA
ExperienceX.exe,56308,0x216C7EA03E0,DXGI,1,0,0,Composed: Flip,16949.8867,NA,15.72350000000000,NA,0.30530000000000,2.20290000000000,NA,16934.2131,15.9789,15.6736,0.3053,17.5316,0.3449,0.3449,0.0000,NA,NA,NA
ExperienceX.exe,56308,0x216C7EA03E0,DXGI,1,0,0,Composed: Flip,16967.5543,NA,17.66760000000000,NA,0.07330000000000,1.62390000000000,NA,16950.1920,17.4356,17.3623,0.0733,17.0047,1.9815,1.9815,0.0000,NA,NA,NA
ExperienceX.exe,56308,0x216C7EA03E0,DXGI,1,0,0,Composed: Flip,16983.0446,NA,15.49030000000000,NA,0.05680000000000,0.91190000000000,NA,16967.6276,15.4738,15.4170,0.0568,15.4858,0.8431,0.8431,0.0000,NA,NA,NA
ExperienceX.exe,56308,0x216838E1150,DXGI,1,0,0,Composed: Flip,16983.0544,NA,15.18070000000000,183.22640000000001,0.05580000000000,1.38470000000000,32.9172,16968.0504,15.0598,15.0040,0.0558,15.9061,0.4826,0.4826,0.0000,1.7038,16968.0504,NA
ExperienceX.exe,56308,0x216838E1150,DXGI,1,0,0,Composed: Flip,17000.3865,NA,17.33210000000000,NA,0.13610000000000,2.40220000000000,NA,16983.1102,17.4124,17.2763,0.1361,19.2216,0.4569,0.4569,0.0000,NA,NA,NA
ExperienceX.exe,56308,0x216838E1150,DXGI,1,0,0,Composed: Flip,17016.1600,NA,15.77350000000000,33.33300000000000,0.12970000000000,1.82870000000000,33.1446,17000.5226,15.7671,15.6374,0.1297,17.0122,0.4539,0.4539,0.0000,-0.8608,17000.5226,NA
ExperienceX.exe,56308,0x216C7EA03E0,DXGI,1,0,0,Composed: Flip,17000.3135,NA,17.26890000000000,100.21070000000000,0.34920000000000,2.01830000000000,32.5653,16983.1014,17.5613,17.2121,0.3492,16.8151,2.4153,2.4153,0.0000,-0.1726,16983.1014,NA
ExperienceX.exe,56308,0x216C7EA03E0,DXGI,1,0,0,Composed: Flip,17016.1604,NA,15.84690000000000,NA,0.12930000000000,1.37440000000000,NA,17000.6627,15.6270,15.4977,0.1293,15.6505,1.2216,1.2216,0.0000,NA,NA,NA
ExperienceX.exe,56308,0x216C7EA03E0,DXGI,1,0,0,Composed: Flip,17035.3938,NA,19.23340000000000,NA,0.15420000000000,1.46880000000000,NA,17016.2897,19.2583,19.1041,0.1542,20.1215,0.4514,0.4514,0.0000,NA,NA,NA
ExperienceX.exe,56308,0x216838E1150,DXGI,1,0,0,Composed: Flip,17033.6631,NA,17.50310000000000,16.67030000000000,0.10570000000000,2.74810000000000,32.3118,17016.2897,17.4791,17.3734,0.1057,17.6949,2.4266,2.4266,0.0000,-0.9032,17016.2897,NA
ExperienceX.exe,56308,0x216838E1150,DXGI,1,0,0,Composed: Flip,17049.4759,NA,15.81280000000000,NA,0.10470000000000,1.54000000000000,NA,17033.7688,15.8118,15.7071,0.1047,16.7626,0.4845,0.4800,0.0045,NA,NA,NA
ExperienceX.exe,56308,0x216838E1150,DXGI,1,0,0,Composed: Flip,17066.6764,NA,17.20050000000000,33.38060000000000,0.07510000000000,3.37470000000000,32.6791,17049.5806,17.1709,17.0958,0.0751,16.9188,3.5517,3.5517,0.0000,-0.0897,17049.5806,NA
ExperienceX.exe,56308,0x216838E1150,DXGI,1,0,0,Composed: Flip,17082.8724,NA,16.19600000000000,16.74930000000000,0.08790000000000,0.61940000000000,33.2324,17066.7515,16.2088,16.1209,0.0879,16.2269,0.5134,0.5134,0.0000,0.4216,17066.7515,NA
ExperienceX.exe,56308,0x216C829D570,DXGI,1,0,0,Composed: Flip,16967.8720,NA,17.96550000000000,33.28620000000000,0.14970000000000,3.38620000000000,31.4500,16950.1884,17.8333,17.6836,0.1497,18.9898,2.0800,2.0800,0.0000,0.6356,16950.1884,NA
ExperienceX.exe,56308,0x216C829D570,DXGI,1,0,0,Composed: Flip,16983.1169,NA,15.24490000000000,NA,0.24070000000000,1.79320000000000,NA,16968.0217,15.3359,15.0952,0.2407,16.4174,0.4710,0.4655,0.0055,NA,NA,NA
ExperienceX.exe,56308,0x216C829D570,DXGI,1,0,0,Composed: Flip,17000.0758,NA,16.95890000000000,NA,0.07400000000000,5.44200000000000,NA,16983.3576,16.7922,16.7182,0.0740,19.4311,2.7291,2.7235,0.0056,NA,NA,NA
ExperienceX.exe,56308,0x216C829D570,DXGI,1,0,0,Composed: Flip,17016.1602,NA,16.08440000000000,NA,0.59200000000000,2.26170000000000,NA,17000.1498,16.6024,16.0104,0.5920,17.8389,0.4332,0.4256,0.0076,NA,NA,NA
ExperienceX.exe,56308,0x216C829D570,DXGI,1,0,0,Composed: Flip,17034.9917,NA,18.83150000000000,NA,0.06960000000000,2.83010000000000,NA,17016.7522,18.3091,18.2395,0.0696,20.1104,0.9592,0.9592,0.0000,NA,NA,NA
ExperienceX.exe,56308,0x216C829D570,DXGI,1,0,0,Composed: Flip,17049.4334,NA,14.44170000000000,NA,0.09330000000000,0.64860000000000,NA,17035.0613,14.4654,14.3721,0.0933,2.7605,12.2602,1.6704,10.5898,NA,NA,NA
ExperienceX.exe,56308,0x216C829D570,DXGI,1,0,0,Composed: Flip,17066.9601,NA,17.52670000000000,NA,0.05540000000000,5.74380000000000,NA,17049.5267,17.4888,17.4334,0.0554,20.9728,2.2044,2.1971,0.0073,NA,NA,NA
ExperienceX.exe,56308,0x216C829D570,DXGI,1,0,0,Composed: Flip,17082.8688,NA,15.90870000000000,NA,0.09160000000000,1.10200000000000,NA,17067.0155,15.9449,15.8533,0.0916,16.4763,0.4790,0.4790,0.0000,NA,NA,NA
ExperienceX.exe,56308,0x216C829D570,DXGI,1,0,0,Composed: Flip,17100.5265,NA,17.65770000000000,NA,0.17130000000000,3.46080000000000,NA,17082.9604,17.7374,17.5661,0.1713,20.5676,0.4593,0.4593,0.0000,NA,NA,NA
ExperienceX.exe,56308,0x216C829D570,DXGI,1,0,0,Composed: Flip,17116.3587,NA,15.83220000000000,150.05030000000002,0.10340000000000,0.64110000000000,33.0136,17100.6978,15.7643,15.6609,0.1034,3.2895,13.0125,1.3702,11.6423,0.4591,17100.6978,NA
ExperienceX.exe,56308,0x216C829D570,DXGI,1,0,0,Composed: Flip,17133.0639,NA,16.70520000000000,16.68010000000000,0.06630000000000,4.20120000000000,32.9885,17116.4621,16.6681,16.6018,0.0663,16.7799,4.0231,4.0231,0.0000,-0.9158,17116.4621,NA
ExperienceX.exe,56308,0x216C7EA03E0,DXGI,1,0,0,Composed: Flip,17049.4521,NA,14.05830000000000,49.77360000000000,0.07460000000000,1.07930000000000,33.2003,17035.5480,13.9787,13.9041,0.0746,14.5340,0.4494,0.4494,0.0000,2.6730,17035.5480,NA
ExperienceX.exe,56308,0x216C7EA03E0,DXGI,1,0,0,Composed: Flip,17066.8550,NA,17.40290000000000,NA,0.08520000000000,3.64450000000000,NA,17049.5267,17.4135,17.3283,0.0852,20.5244,0.4484,0.4484,0.0000,NA,NA,NA
ExperienceX.exe,56308,0x216C7EA03E0,DXGI,1,0,0,Composed: Flip,17082.8685,NA,16.01350000000000,NA,0.09200000000000,1.57250000000000,NA,17066.9402,16.0203,15.9283,0.0920,17.0306,0.4702,0.4669,0.0033,NA,NA,NA
ExperienceX.exe,56308,0x216C7EA03E0,DXGI,1,0,0,Composed: Flip,17101.1022,NA,18.23370000000000,NA,0.35120000000000,2.42580000000000,NA,17082.9605,18.4929,18.1417,0.3512,20.1101,0.4574,0.4574,0.0000,NA,NA,NA
ExperienceX.exe,56308,0x216C7EA03E0,DXGI,1,0,0,Composed: Flip,17116.3583,NA,15.25610000000000,NA,0.10390000000000,1.11800000000000,NA,17101.4534,15.0088,14.9049,0.1039,15.5464,0.4765,0.4765,0.0000,NA,NA,NA
ExperienceX.exe,56308,0x216C7EA03E0,DXGI,1,0,0,Composed: Flip,17133.0632,NA,16.70490000000000,NA,0.07570000000000,5.07800000000000,NA,17116.4622,16.6767,16.6010,0.0757,21.2270,0.4520,0.4483,0.0037,NA,NA,NA
ExperienceX.exe,56308,0x216838E1150,DXGI,1,0,0,Composed: Flip,17100.5451,NA,17.67270000000000,16.57230000000000,0.19360000000000,2.52550000000000,32.1320,17082.9603,17.7784,17.5848,0.1936,17.2474,2.8629,2.8629,0.0000,-0.3635,17082.9603,NA
ExperienceX.exe,56308,0x216838E1150,DXGI,1,0,0,Composed: Flip,17116.3585,NA,15.81340000000000,NA,0.10410000000000,1.58930000000000,NA,17100.7387,15.7239,15.6198,0.1041,16.7376,0.4715,0.4684,0.0031,NA,NA,NA
ExperienceX.exe,56308,0x216838E1150,DXGI,1,0,0,Composed: Flip,17133.0636,NA,16.70510000000000,NA,0.06670000000000,4.62560000000000,NA,17116.4626,16.6677,16.6010,0.0667,20.8025,0.4241,0.4241,0.0000,NA,NA,NA
ExperienceX.exe,56308,0x216838E1150,DXGI,1,0,0,Composed: Flip,17149.6844,NA,16.62080000000000,NA,0.13000000000000,1.62460000000000,NA,17133.1303,16.6841,16.5541,0.1300,17.6921,0.4866,0.4814,0.0052,NA,NA,NA
ExperienceX.exe,56308,0x216838E1150,DXGI,1,0,0,Composed: Flip,17168.0090,NA,18.32460000000000,NA,0.30430000000000,2.84510000000000,NA,17149.8144,18.4989,18.1946,0.3043,20.6398,0.3999,0.3999,0.0000,NA,NA,NA
ExperienceX.exe,56308,0x216C7EA03E0,DXGI,1,0,0,Composed: Flip,17167.1027,NA,34.03950000000000,116.72250000000001,1.52760000000000,3.35150000000000,32.2722,17133.1389,35.4914,33.9638,1.5276,34.3531,2.9622,2.9622,0.0000,-19.1316,17133.1389,NA
ExperienceX.exe,56308,0x216C7EA03E0,DXGI,1,0,0,Composed: Flip,17183.2248,NA,16.12210000000000,NA,0.11040000000000,1.65820000000000,NA,17168.6303,14.7049,14.5945,0.1104,15.7667,0.4860,0.4798,0.0062,NA,NA,NA
ExperienceX.exe,56308,0x216C7EA03E0,DXGI,1,0,0,Composed: Flip,17200.2182,NA,16.99340000000000,33.85180000000000,0.27420000000000,4.43940000000000,33.0085,17183.3352,17.1572,16.8830,0.2742,17.3145,4.0079,3.8067,0.2012,16.3445,17183.3352,NA
ExperienceX.exe,56308,0x216838E1150,DXGI,1,0,0,Composed: Flip,17183.2243,NA,15.21530000000000,83.33520000000000,0.11080000000000,0.67530000000000,32.7880,17168.3133,15.0218,14.9110,0.1108,3.0109,12.5754,1.3592,11.2162,2.0178,17168.3133,NA
ExperienceX.exe,56308,0x216838E1150,DXGI,1,0,0,Composed: Flip,17200.2183,NA,16.99400000000000,NA,1.14430000000000,5.37050000000000,NA,17183.3351,18.0275,16.8832,1.1443,21.7801,0.4736,0.4736,0.0000,NA,NA,NA
ExperienceX.exe,56308,0x216838E1150,DXGI,1,0,0,Composed: Flip,17216.4179,NA,16.19960000000000,NA,0.08110000000000,0.88890000000000,NA,17201.3626,15.1364,15.0553,0.0811,4.2262,11.7180,1.0696,10.6484,NA,NA,NA
ExperienceX.exe,56308,0x216838E1150,DXGI,1,0,0,Composed: Flip,17234.9390,NA,18.52110000000000,50.09780000000000,0.09510000000000,3.15880000000000,31.1711,17216.4990,18.5351,18.4400,0.0951,17.4338,4.1650,4.1650,0.0000,-1.9121,17216.4990,NA
ExperienceX.exe,56308,0x216C829D570,DXGI,1,0,0,Composed: Flip,17149.6843,NA,16.62040000000000,16.72020000000000,0.13020000000000,0.98010000000000,33.0883,17133.1302,16.6843,16.5541,0.1302,16.6962,0.8380,0.8380,0.0000,-0.0521,17133.1302,NA
ExperienceX.exe,56308,0x216C829D570,DXGI,1,0,0,Composed: Flip,17167.1007,NA,17.41640000000000,NA,0.40830000000000,4.22350000000000,NA,17149.8145,17.6945,17.2862,0.4083,21.0396,0.4701,0.4701,0.0000,NA,NA,NA
ExperienceX.exe,56308,0x216C829D570,DXGI,1,0,0,Composed: Flip,17183.2251,NA,16.12440000000000,NA,0.11010000000000,1.17190000000000,NA,17167.5090,15.8262,15.7161,0.1101,16.3906,0.4974,0.4974,0.0000,NA,NA,NA
ExperienceX.exe,56308,0x216C829D570,DXGI,1,0,0,Composed: Flip,17201.2902,NA,18.06510000000000,NA,0.30730000000000,3.82500000000000,NA,17183.3352,18.2623,17.9550,0.3073,21.3224,0.4576,0.4576,0.0000,NA,NA,NA
ExperienceX.exe,56308,0x216C829D570,DXGI,1,0,0,Composed: Flip,17216.4841,NA,15.19390000000000,NA,0.29610000000000,1.92280000000000,NA,17201.5975,15.1827,14.8866,0.2961,16.3276,0.4818,0.4705,0.0113,NA,NA,NA
ExperienceX.exe,56308,0x216C829D570,DXGI,1,0,0,Composed: Flip,17234.5429,NA,18.05880000000000,NA,0.13950000000000,4.49210000000000,NA,17216.7802,17.9022,17.7627,0.1395,21.7720,0.4828,0.4768,0.0060,NA,NA,NA
ExperienceX.exe,56308,0x216C829D570,DXGI,1,0,0,Composed: Flip,17249.5082,NA,14.96530000000000,NA,0.10290000000000,0.64450000000000,NA,17234.6824,14.9287,14.8258,0.1029,14.9360,0.5343,0.5343,0.0000,NA,NA,NA
ExperienceX.exe,56308,0x216838E1150,DXGI,1,0,0,Composed: Flip,17249.5084,NA,14.56940000000000,16.55740000000000,0.10290000000000,1.62620000000000,33.1591,17235.0341,14.5772,14.4743,0.1029,15.6202,0.4803,0.4770,0.0033,1.9777,17235.0341,NA
ExperienceX.exe,56308,0x216838E1150,DXGI,1,0,0,Composed: Flip,17266.8468,NA,17.33840000000000,NA,1.09190000000000,4.07760000000000,NA,17249.6113,18.3274,17.2355,1.0919,20.8417,0.4714,0.4714,0.0000,NA,NA,NA
ExperienceX.exe,56308,0x216838E1150,DXGI,1,0,0,Composed: Flip,17283.1028,NA,16.25600000000000,33.33970000000000,0.18040000000000,1.67040000000000,32.9044,17267.9387,15.3445,15.1641,0.1804,16.3646,0.4699,0.4612,0.0087,-0.4351,17267.9387,NA
ExperienceX.exe,56308,0x216838E1150,DXGI,1,0,0,Composed: Flip,17300.2884,NA,17.18560000000000,16.71890000000000,0.31030000000000,3.90890000000000,32.4377,17283.2832,17.3155,17.0052,0.3103,16.7802,4.1339,4.1339,0.0000,-1.3744,17283.2832,NA
ExperienceX.exe,56308,0x216C7EA03E0,DXGI,1,0,0,Composed: Flip,17216.4181,NA,16.19990000000000,16.08590000000000,0.08220000000000,1.50700000000000,32.8945,17200.4924,16.0079,15.9257,0.0822,16.8144,0.6183,0.6183,0.0000,1.0713,17200.4924,NA
ExperienceX.exe,56308,0x216C7EA03E0,DXGI,1,0,0,Composed: Flip,17234.2713,NA,17.85320000000000,NA,0.06170000000000,4.28090000000000,NA,17216.5003,17.8327,17.7710,0.0617,21.5975,0.4544,0.4544,0.0000,NA,NA,NA
ExperienceX.exe,56308,0x216C7EA03E0,DXGI,1,0,0,Composed: Flip,17249.5081,NA,15.23680000000000,NA,0.10300000000000,1.14620000000000,NA,17234.3330,15.2781,15.1751,0.1030,15.8197,0.5016,0.5016,0.0000,NA,NA,NA
ExperienceX.exe,56308,0x216C7EA03E0,DXGI,1,0,0,Composed: Flip,17267.5276,NA,18.01950000000000,NA,0.22400000000000,2.92540000000000,NA,17249.6111,18.1405,17.9165,0.2240,20.3779,0.4640,0.4640,0.0000,NA,NA,NA
ExperienceX.exe,56308,0x216C7EA03E0,DXGI,1,0,0,Composed: Flip,17283.0171,NA,15.48950000000000,NA,0.08490000000000,1.28620000000000,NA,17267.7516,15.3504,15.2655,0.0849,16.0315,0.5202,0.5202,0.0000,NA,NA,NA
ExperienceX.exe,56308,0x216C7EA03E0,DXGI,1,0,0,Composed: Flip,17300.7029,NA,17.68580000000000,NA,0.10350000000000,3.95900000000000,NA,17283.1020,17.7044,17.6009,0.1035,21.0953,0.4646,0.4646,0.0000,NA,NA,NA
ExperienceX.exe,56308,0x216C7EA03E0,DXGI,1,0,0,Composed: Flip,17316.2254,NA,15.52250000000000,NA,0.11410000000000,0.65080000000000,NA,17300.8064,15.5331,15.4190,0.1141,15.5316,0.5382,0.5382,0.0000,NA,NA,NA
ExperienceX.exe,56308,0x216838E1150,DXGI,1,0,0,Composed: Flip,17316.2252,NA,15.93680000000000,16.62510000000000,0.11440000000000,1.16320000000000,33.1260,17300.5987,15.7409,15.6265,0.1144,16.2775,0.5122,0.5122,0.0000,0.6904,17300.5987,NA
ExperienceX.exe,56308,0x216838E1150,DXGI,1,0,0,Composed: Flip,17333.4423,NA,17.21710000000000,NA,0.20180000000000,2.16860000000000,NA,17316.3396,17.3045,17.1027,0.2018,17.2163,2.0550,2.0550,0.0000,NA,NA,NA
ExperienceX.exe,56308,0x216C829D570,DXGI,1,0,0,Composed: Flip,17267.7343,NA,18.22610000000000,116.56850000000000,0.19860000000000,2.25470000000000,31.6068,17249.6111,18.3218,18.1232,0.1986,17.4033,2.9746,2.9746,0.0000,-0.0876,17249.6111,NA
ExperienceX.exe,56308,0x216C829D570,DXGI,1,0,0,Composed: Flip,17283.1018,NA,15.36750000000000,NA,0.18160000000000,0.68130000000000,NA,17267.9329,15.3505,15.1689,0.1816,2.9915,12.8587,0.8511,12.0076,NA,NA,NA
ExperienceX.exe,56308,0x216C829D570,DXGI,1,0,0,Composed: Flip,17299.9000,NA,16.79820000000000,NA,0.54650000000000,5.22530000000000,NA,17283.2834,17.1631,16.6166,0.5465,21.3785,0.4634,0.4604,0.0030,NA,NA,NA
ExperienceX.exe,56308,0x216C829D570,DXGI,1,0,0,Composed: Flip,17316.2233,NA,16.32330000000000,NA,0.11120000000000,1.62410000000000,NA,17300.4465,15.8880,15.7768,0.1112,16.9419,0.4590,0.4533,0.0057,NA,NA,NA
ExperienceX.exe,56308,0x216C829D570,DXGI,1,0,0,Composed: Flip,17334.3272,NA,18.10390000000000,NA,0.19750000000000,2.69330000000000,NA,17316.3345,18.1902,17.9927,0.1975,19.2764,1.4096,1.4096,0.0000,NA,NA,NA
ExperienceX.exe,56308,0x216C829D570,DXGI,1,0,0,Composed: Flip,17349.6072,NA,15.28000000000000,NA,0.16390000000000,1.75030000000000,NA,17334.5247,15.2464,15.0825,0.1639,16.3431,0.4897,0.4851,0.0046,NA,NA,NA
ExperienceX.exe,56308,0x216C829D570,DXGI,1,0,0,Composed: Flip,17368.1300,NA,18.52280000000000,100.01620000000000,0.16020000000000,1.67520000000000,31.2273,17349.7711,18.5191,18.3589,0.1602,17.4930,2.5411,2.5411,0.0000,0.1438,17349.7711,NA
ExperienceX.exe,56308,0x216838E1150,DXGI,1,0,0,Composed: Flip,17349.6415,NA,16.19920000000000,33.32950000000000,0.19230000000000,0.84220000000000,33.0392,17333.6441,16.1897,15.9974,0.1923,3.8622,12.9774,1.0848,11.8926,-0.2841,17333.6441,NA
ExperienceX.exe,56308,0x216838E1150,DXGI,1,0,0,Composed: Flip,17367.6866,NA,18.04510000000000,NA,0.68480000000000,2.59500000000000,NA,17349.8338,18.5376,17.8528,0.6848,19.9714,0.4764,0.4764,0.0000,NA,NA,NA
ExperienceX.exe,56308,0x216838E1150,DXGI,1,0,0,Composed: Flip,17382.9056,NA,15.21900000000000,NA,0.14070000000000,0.68120000000000,NA,17368.3714,14.6749,14.5342,0.1407,2.9059,12.3095,1.1233,11.1862,NA,NA,NA
ExperienceX.exe,56308,0x216C829D570,DXGI,1,0,0,Composed: Flip,17382.9060,NA,14.77600000000000,16.88970000000000,0.14030000000000,1.66730000000000,33.3410,17368.2902,14.7561,14.6158,0.1403,15.7947,0.4884,0.4815,0.0069,1.6294,17368.2902,NA
ExperienceX.exe,56308,0x216C829D570,DXGI,1,0,0,Composed: Flip,17400.2894,NA,17.38340000000000,NA,0.06970000000000,5.60700000000000,NA,17383.0463,17.3128,17.2431,0.0697,22.3780,0.4721,0.4662,0.0059,NA,NA,NA
ExperienceX.exe,56308,0x216838E1150,DXGI,1,0,0,Composed: Flip,17400.5088,NA,17.60320000000000,49.96250000000001,0.11940000000000,4.44660000000000,32.1344,17383.0463,17.5819,17.4625,0.1194,17.0485,4.8606,4.8606,0.0000,-0.5603,17383.0463,NA
ExperienceX.exe,56308,0x216838E1150,DXGI,1,0,0,Composed: Flip,17416.6772,NA,16.16840000000000,NA,0.25310000000000,0.96260000000000,NA,17400.6282,16.3021,16.0490,0.2531,16.2044,0.8072,0.8072,0.0000,NA,NA,NA
ExperienceX.exe,56308,0x216838E1150,DXGI,1,0,0,Composed: Flip,17433.1240,NA,16.44680000000000,33.38050000000000,0.28830000000000,4.89640000000000,32.8997,17416.9303,16.4820,16.1937,0.2883,16.2341,4.8560,4.8560,0.0000,0.5035,17416.9303,NA
ExperienceX.exe,56308,0x216C829D570,DXGI,1,0,0,Composed: Flip,17416.6784,NA,16.38900000000000,33.08890000000000,0.24970000000000,1.57280000000000,32.6575,17400.3591,16.5690,16.3193,0.2497,17.2807,0.6114,0.6114,0.0000,-1.0200,17400.3591,NA
ExperienceX.exe,56308,0x216C829D570,DXGI,1,0,0,Composed: Flip,17433.7406,NA,17.06220000000000,NA,0.07730000000000,5.22130000000000,NA,17416.9281,16.8898,16.8125,0.0773,21.5712,0.4626,0.4559,0.0067,NA,NA,NA
ExperienceX.exe,56308,0x216C829D570,DXGI,1,0,0,Composed: Flip,17449.4978,NA,15.75720000000000,NA,0.06690000000000,0.60460000000000,NA,17433.8179,15.7468,15.6799,0.0669,15.7515,0.5330,0.5330,0.0000,NA,NA,NA
ExperienceX.exe,56308,0x216C7EA03E0,DXGI,1,0,0,Composed: Flip,17334.4325,NA,18.20710000000000,116.86710000000001,0.08630000000000,3.07380000000000,31.7472,17316.3395,18.1793,18.0930,0.0863,20.6810,0.4858,0.4858,0.0000,-1.0200,17316.3395,NA
ExperienceX.exe,56308,0x216C7EA03E0,DXGI,1,0,0,Composed: Flip,17349.6076,NA,15.17510000000000,NA,0.16350000000000,1.26020000000000,NA,17334.5188,15.2523,15.0888,0.1635,15.9649,0.3841,0.3841,0.0000,NA,NA,NA
ExperienceX.exe,56308,0x216C7EA03E0,DXGI,1,0,0,Composed: Flip,17367.7820,NA,18.17440000000000,NA,0.43200000000000,3.49530000000000,NA,17349.7711,18.4429,18.0109,0.4320,20.5105,0.9957,0.9957,0.0000,NA,NA,NA
ExperienceX.exe,56308,0x216C7EA03E0,DXGI,1,0,0,Composed: Flip,17400.3120,NA,32.53000000000000,NA,0.33240000000000,5.11230000000000,NA,17368.2140,32.4304,32.0980,0.3324,36.7414,0.4689,0.4689,0.0000,NA,NA,NA
ExperienceX.exe,56308,0x216C7EA03E0,DXGI,1,0,0,Composed: Flip,17416.6783,NA,16.36630000000000,NA,0.24980000000000,2.03750000000000,NA,17400.6444,16.2837,16.0339,0.2498,17.6068,0.4646,0.4605,0.0041,NA,NA,NA
ExperienceX.exe,56308,0x216C7EA03E0,DXGI,1,0,0,Composed: Flip,17433.6439,NA,16.96560000000000,NA,0.13810000000000,4.85540000000000,NA,17416.9281,16.8539,16.7158,0.1381,21.0923,0.4789,0.4789,0.0000,NA,NA,NA
ExperienceX.exe,56308,0x216C7EA03E0,DXGI,1,0,0,Composed: Flip,17449.5024,NA,15.85850000000000,NA,0.06290000000000,1.08990000000000,NA,17433.7820,15.7833,15.7204,0.0629,16.3204,0.4899,0.4899,0.0000,NA,NA,NA
ExperienceX.exe,56308,0x216C7EA03E0,DXGI,1,0,0,Composed: Flip,17467.0818,NA,17.57940000000000,NA,0.04690000000000,3.22010000000000,NA,17449.5653,17.5634,17.5165,0.0469,20.2743,0.4623,0.4623,0.0000,NA,NA,NA
ExperienceX.exe,56308,0x216C829D570,DXGI,1,0,0,Composed: Flip,17467.4685,NA,17.97070000000000,49.98340000000000,0.15520000000000,2.37110000000000,31.8508,17449.5647,18.0590,17.9038,0.1552,17.2887,2.9862,2.9862,0.0000,-0.7778,17449.5647,NA
ExperienceX.exe,56308,0x216C829D570,DXGI,1,0,0,Composed: Flip,17482.9859,NA,15.51740000000000,NA,0.19690000000000,1.47570000000000,NA,17467.6237,15.5591,15.3622,0.1969,3.1532,13.6847,2.2317,11.4530,NA,NA,NA
ExperienceX.exe,56308,0x216C829D570,DXGI,1,0,0,Composed: Flip,17501.1235,NA,18.13760000000000,33.33150000000000,0.33450000000000,1.79400000000000,31.5273,17483.1828,18.2752,17.9407,0.3345,17.2238,2.5109,2.5109,0.0000,0.2866,17483.1828,NA
ExperienceX.exe,56308,0x216C829D570,DXGI,1,0,0,Composed: Flip,17516.2254,NA,15.10190000000000,16.68390000000000,0.15270000000000,0.81550000000000,33.1093,17501.4580,14.9201,14.7674,0.1527,14.8860,0.6969,0.6969,0.0000,1.5913,17501.4580,NA
ExperienceX.exe,56308,0x216838E1150,DXGI,1,0,0,Composed: Flip,17449.5453,NA,16.42130000000000,16.66620000000000,0.14190000000000,1.53500000000000,33.1446,17433.4123,16.2749,16.1330,0.1419,17.1800,0.4880,0.4847,0.0033,-0.1842,17433.4123,NA
ExperienceX.exe,56308,0x216838E1150,DXGI,1,0,0,Composed: Flip,17467.4204,NA,17.87510000000000,NA,0.20380000000000,3.35650000000000,NA,17449.6872,17.9370,17.7332,0.2038,20.6147,0.4750,0.4750,0.0000,NA,NA,NA
ExperienceX.exe,56308,0x216838E1150,DXGI,1,0,0,Composed: Flip,17482.9806,NA,15.56020000000000,NA,0.19440000000000,1.96170000000000,NA,17467.6242,15.5508,15.3564,0.1944,16.8374,0.4807,0.4807,0.0000,NA,NA,NA
ExperienceX.exe,56308,0x216838E1150,DXGI,1,0,0,Composed: Flip,17501.1273,NA,18.14670000000000,NA,0.15310000000000,2.25310000000000,NA,17483.1750,18.1054,17.9523,0.1531,19.7425,0.4629,0.4629,0.0000,NA,NA,NA
ExperienceX.exe,56308,0x216838E1150,DXGI,1,0,0,Composed: Flip,17516.2011,NA,15.07380000000000,NA,0.07060000000000,1.69780000000000,NA,17501.2804,14.9913,14.9207,0.0706,16.0871,0.5314,0.5195,0.0119,NA,NA,NA
ExperienceX.exe,56308,0x216838E1150,DXGI,1,0,0,Composed: Flip,17533.0599,NA,16.85880000000000,NA,0.64660000000000,5.06080000000000,NA,17516.2717,17.4348,16.7882,0.6466,21.3704,0.4786,0.4786,0.0000,NA,NA,NA
ExperienceX.exe,56308,0x216838E1150,DXGI,1,0,0,Composed: Flip,17549.5656,NA,16.50570000000000,100.04990000000001,0.13140000000000,1.16020000000000,33.1742,17533.7065,15.9905,15.8591,0.1314,16.5313,0.4880,0.4880,0.0000,0.2443,17533.7065,NA
ExperienceX.exe,56308,0x216C829D570,DXGI,1,0,0,Composed: Flip,17533.3624,NA,17.13700000000000,16.76190000000000,0.05760000000000,4.27970000000000,32.7342,17516.3781,17.0419,16.9843,0.0576,16.8226,4.4414,4.4414,0.0000,-1.8418,17516.3781,NA
ExperienceX.exe,56308,0x216C829D570,DXGI,1,0,0,Composed: Flip,17549.5604,NA,16.19800000000000,NA,0.13290000000000,0.67740000000000,NA,17533.4200,16.2733,16.1404,0.1329,16.2822,0.5356,0.5356,0.0000,NA,NA,NA
ExperienceX.exe,56308,0x216C829D570,DXGI,1,0,0,Composed: Flip,17567.4114,NA,17.85100000000000,NA,0.15820000000000,4.83480000000000,NA,17549.6933,17.8763,17.7181,0.1582,20.4302,2.1227,2.1183,0.0044,NA,NA,NA
ExperienceX.exe,56308,0x216838E1150,DXGI,1,0,0,Composed: Flip,17567.5074,NA,17.94180000000000,16.61590000000000,0.47610000000000,2.15870000000000,31.8483,17549.6970,18.2865,17.8104,0.4761,17.4515,2.5176,2.5176,0.0000,-0.6254,17549.6970,NA
ExperienceX.exe,56308,0x216838E1150,DXGI,1,0,0,Composed: Flip,17583.0872,NA,15.57980000000000,NA,0.14940000000000,2.35130000000000,NA,17567.9835,15.2531,15.1037,0.1494,16.9794,0.4756,0.4670,0.0086,NA,NA,NA
ExperienceX.exe,56308,0x216C829D570,DXGI,1,0,0,Composed: Flip,17583.0859,NA,15.67450000000000,49.88100000000000,0.15050000000000,1.87700000000000,32.8917,17567.5696,15.6668,15.5163,0.1505,17.3295,0.0638,0.0638,0.0000,1.3105,17567.5696,NA
ExperienceX.exe,56308,0x216C829D570,DXGI,1,0,0,Composed: Flip,17599.8292,NA,16.74330000000000,NA,0.09860000000000,4.17250000000000,NA,17583.2364,16.6914,16.5928,0.0986,20.2742,0.4911,0.4911,0.0000,NA,NA,NA
ExperienceX.exe,56308,0x216C7EA03E0,DXGI,1,0,0,Composed: Flip,17482.9804,NA,15.89860000000000,149.80670000000001,0.19450000000000,2.42410000000000,33.0060,17467.1287,16.0462,15.8517,0.1945,17.8136,0.4622,0.4542,0.0080,0.9825,17467.1287,NA
ExperienceX.exe,56308,0x216C7EA03E0,DXGI,1,0,0,Composed: Flip,17501.1433,NA,18.16290000000000,NA,0.13730000000000,5.07050000000000,NA,17483.1749,18.1057,17.9684,0.1373,20.2055,2.8334,2.8282,0.0052,NA,NA,NA
ExperienceX.exe,56308,0x216C7EA03E0,DXGI,1,0,0,Composed: Flip,17516.2025,NA,15.05920000000000,NA,0.06920000000000,1.16500000000000,NA,17501.2806,14.9911,14.9219,0.0692,15.7603,0.3266,0.3266,0.0000,NA,NA,NA
ExperienceX.exe,56308,0x216C7EA03E0,DXGI,1,0,0,Composed: Flip,17533.0609,NA,16.85840000000000,NA,0.08490000000000,6.04840000000000,NA,17516.2717,16.8741,16.7892,0.0849,21.8490,0.9886,0.9723,0.0163,NA,NA,NA
ExperienceX.exe,56308,0x216C7EA03E0,DXGI,1,0,0,Composed: Flip,17549.5601,NA,16.49920000000000,NA,0.13320000000000,1.66370000000000,NA,17533.1458,16.5475,16.4143,0.1332,17.5800,0.4980,0.4923,0.0057,NA,NA,NA
ExperienceX.exe,56308,0x216C7EA03E0,DXGI,1,0,0,Composed: Flip,17568.0307,NA,18.47060000000000,NA,0.05630000000000,2.09280000000000,NA,17549.6933,18.3937,18.3374,0.0563,19.9728,0.4574,0.4574,0.0000,NA,NA,NA
ExperienceX.exe,56308,0x216C7EA03E0,DXGI,1,0,0,Composed: Flip,17583.0905,NA,15.05980000000000,NA,0.25910000000000,1.80860000000000,NA,17568.0870,15.2626,15.0035,0.2591,15.1331,1.6790,1.6790,0.0000,NA,NA,NA
ExperienceX.exe,56308,0x216C7EA03E0,DXGI,1,0,0,Composed: Flip,17600.6077,NA,17.51720000000000,NA,0.06650000000000,2.90290000000000,NA,17583.3496,17.3246,17.2581,0.0665,19.6919,0.4691,0.4691,0.0000,NA,NA,NA
ExperienceX.exe,56308,0x216C7EA03E0,DXGI,1,0,0,Composed: Flip,17616.1690,NA,15.56130000000000,NA,0.10380000000000,0.74470000000000,NA,17600.6742,15.5986,15.4948,0.1038,3.3275,12.9120,1.5606,11.3514,NA,NA,NA
ExperienceX.exe,56308,0x216C829D570,DXGI,1,0,0,Composed: Flip,17616.1693,NA,16.34010000000000,33.32830000000000,0.10350000000000,1.98340000000000,33.1366,17599.9278,16.3450,16.2415,0.1035,17.7548,0.4701,0.4653,0.0048,-0.9701,17599.9278,NA
ExperienceX.exe,56308,0x216C829D570,DXGI,1,0,0,Composed: Flip,17633.3053,NA,17.13600000000000,NA,0.07070000000000,6.77540000000000,NA,17616.2728,17.1032,17.0325,0.0707,21.4912,2.3167,2.3052,0.0115,NA,NA,NA
ExperienceX.exe,56308,0x216C7EA03E0,DXGI,1,0,0,Composed: Flip,17633.5625,NA,17.39350000000000,149.98170000000002,0.04680000000000,3.73340000000000,32.4056,17616.2728,17.3365,17.2897,0.0468,17.1241,3.8990,3.8990,0.0000,-0.8376,17616.2728,NA
ExperienceX.exe,56308,0x216C7EA03E0,DXGI,1,0,0,Composed: Flip,17649.5270,NA,15.96450000000000,NA,0.04980000000000,0.66760000000000,NA,17633.6093,15.9675,15.9177,0.0498,15.9692,0.6161,0.6161,0.0000,NA,NA,NA
ExperienceX.exe,56308,0x216C7EA03E0,DXGI,1,0,0,Composed: Flip,17666.8615,NA,17.33450000000000,33.37200000000000,0.05490000000000,4.98020000000000,32.4786,17649.5768,17.3396,17.2847,0.0549,18.9552,3.3097,3.3097,0.0000,-0.0680,17649.5768,NA
ExperienceX.exe,56308,0x216838E1150,DXGI,1,0,0,Composed: Flip,17600.9234,NA,17.83620000000000,33.38610000000000,0.07650000000000,2.11810000000000,31.8184,17583.2366,17.7633,17.6868,0.0765,16.7876,3.0173,3.0173,0.0000,0.1535,17583.2366,NA
ExperienceX.exe,56308,0x216838E1150,DXGI,1,0,0,Composed: Flip,17616.1912,NA,15.26780000000000,NA,0.11490000000000,1.49140000000000,NA,17600.9999,15.3062,15.1913,0.1149,15.9138,0.7689,0.7689,0.0000,NA,NA,NA
ExperienceX.exe,56308,0x216838E1150,DXGI,1,0,0,Composed: Flip,17633.1984,NA,17.00720000000000,NA,0.14530000000000,4.56560000000000,NA,17616.3061,17.0376,16.8923,0.1453,20.9898,0.4681,0.4681,0.0000,NA,NA,NA
ExperienceX.exe,56308,0x216838E1150,DXGI,1,0,0,Composed: Flip,17649.5356,NA,16.33720000000000,NA,0.04680000000000,1.06110000000000,NA,17633.3437,16.2387,16.1919,0.0468,16.8509,0.4021,0.4021,0.0000,NA,NA,NA
ExperienceX.exe,56308,0x216838E1150,DXGI,1,0,0,Composed: Flip,17666.7458,NA,17.21020000000000,NA,0.31490000000000,1.78620000000000,NA,17649.5824,17.4783,17.1634,0.3149,16.9030,2.0466,2.0466,0.0000,NA,NA,NA
ExperienceX.exe,56308,0x216838E1150,DXGI,1,0,0,Composed: Flip,17683.0083,NA,16.26250000000000,NA,0.06720000000000,0.64870000000000,NA,17667.0607,16.0148,15.9476,0.0672,16.0430,0.5533,0.5533,0.0000,NA,NA,NA
ExperienceX.exe,56308,0x0,Other,-1,0,0,Composed: Flip,16950.6968,NA,34.22010000000000,33.25950000000000,0.00000000000000,1.04790000000000,32.0373,16916.4767,34.2201,34.2201,0.0000,20.8109,14.4571,2.0985,12.3586,99.7651,16916.4767,NA
ExperienceX.exe,56308,0x0,Other,-1,0,0,Composed: Flip,17150.1435,NA,199.44670000000002,NA,0.00000000000000,0.67890000000000,NA,16950.6968,199.4467,199.4467,0.0000,199.9676,0.1580,0.1580,0.0000,NA,NA,NA
ExperienceX.exe,56308,0x0,Other,-1,0,0,Composed: Flip,17383.3167,NA,233.17320000000001,NA,0.00000000000000,0.76820000000000,NA,17150.1435,233.1732,233.1732,0.0000,233.4433,0.4981,0.4981,0.0000,NA,NA,NA
ExperienceX.exe,56308,0x216838E1150,DXGI,1,0,0,Composed: Flip,17700.6099,NA,17.60160000000000,99.94830000000000,0.06080000000000,4.52310000000000,32.0802,17683.0755,17.5952,17.5344,0.0608,20.4014,1.6561,1.6498,0.0063,-0.1094,17683.0755,NA
ExperienceX.exe,56308,0x216838E1150,DXGI,1,0,0,Composed: Flip,17716.2882,NA,15.67830000000000,NA,0.11480000000000,1.61680000000000,NA,17700.6707,15.7323,15.6175,0.1148,16.7488,0.4855,0.4823,0.0032,NA,NA,NA
ExperienceX.exe,56308,0x216C829D570,DXGI,1,0,0,Composed: Flip,17649.5271,NA,16.22180000000000,33.41790000000000,0.05050000000000,1.57050000000000,33.1967,17633.3760,16.2016,16.1511,0.0505,17.2207,0.5009,0.4959,0.0050,0.0303,17633.3760,NA
ExperienceX.exe,56308,0x216C829D570,DXGI,1,0,0,Composed: Flip,17666.9682,NA,17.44110000000000,NA,0.09190000000000,5.34780000000000,NA,17649.5776,17.4825,17.3906,0.0919,22.2641,0.4743,0.4677,0.0066,NA,NA,NA
ExperienceX.exe,56308,0x216C829D570,DXGI,1,0,0,Composed: Flip,17683.0088,NA,16.04060000000000,NA,0.06530000000000,1.15240000000000,NA,17667.0601,16.0140,15.9487,0.0653,16.5969,0.5042,0.5042,0.0000,NA,NA,NA
ExperienceX.exe,56308,0x216C829D570,DXGI,1,0,0,Composed: Flip,17700.3954,NA,17.38660000000000,NA,0.10670000000000,1.68510000000000,NA,17683.0741,17.4280,17.3213,0.1067,16.9481,2.0583,2.0583,0.0000,NA,NA,NA
ExperienceX.exe,56308,0x216C829D570,DXGI,1,0,0,Composed: Flip,17734.1341,NA,33.73870000000000,NA,0.49280000000000,3.79730000000000,NA,17700.5021,34.1248,33.6320,0.4928,37.0151,0.4142,0.4142,0.0000,NA,NA,NA
ExperienceX.exe,56308,0x216838E1150,DXGI,1,0,0,Composed: Flip,17734.7887,NA,18.50050000000000,33.47310000000000,0.50140000000000,2.26990000000000,31.3745,17716.4030,18.8871,18.3857,0.5014,17.3288,3.3268,3.1767,0.1501,-0.1456,17716.4030,NA
ExperienceX.exe,56308,0x216838E1150,DXGI,1,0,0,Composed: Flip,17749.8966,NA,15.10790000000000,NA,0.15910000000000,1.21940000000000,NA,17735.2901,14.7656,14.6065,0.1591,15.3151,0.5108,0.5108,0.0000,NA,NA,NA
ExperienceX.exe,56308,0x216C7EA03E0,DXGI,1,0,0,Composed: Flip,17683.0087,NA,16.14720000000000,16.66710000000000,0.06500000000000,1.62380000000000,32.9985,17666.9164,16.1573,16.0923,0.0650,17.2448,0.4713,0.4671,0.0042,0.6725,17666.9164,NA
ExperienceX.exe,56308,0x216C7EA03E0,DXGI,1,0,0,Composed: Flip,17700.2354,NA,17.22670000000000,NA,0.41680000000000,3.24150000000000,NA,17683.0737,17.5785,17.1617,0.4168,19.0068,1.3964,1.3964,0.0000,NA,NA,NA
ExperienceX.exe,56308,0x216C7EA03E0,DXGI,1,0,0,Composed: Flip,17716.2880,NA,16.05260000000000,NA,0.11520000000000,0.64910000000000,NA,17700.6522,15.7510,15.6358,0.1152,15.7314,0.5535,0.5535,0.0000,NA,NA,NA
ExperienceX.exe,56308,0x216C7EA03E0,DXGI,1,0,0,Composed: Flip,17733.5131,NA,17.22510000000000,NA,0.35480000000000,4.00410000000000,NA,17716.4032,17.4647,17.1099,0.3548,20.6554,0.4586,0.4586,0.0000,NA,NA,NA
ExperienceX.exe,56308,0x216C7EA03E0,DXGI,1,0,0,Composed: Flip,17749.8965,NA,16.38340000000000,NA,0.15920000000000,0.70870000000000,NA,17733.8679,16.1878,16.0286,0.1592,4.0635,12.6738,1.6476,11.0262,NA,NA,NA
ExperienceX.exe,56308,0x216C7EA03E0,DXGI,1,0,0,Composed: Flip,17768.4428,NA,18.54630000000000,NA,0.40710000000000,6.09820000000000,NA,17750.0557,18.7942,18.3871,0.4071,24.0198,0.4655,0.4618,0.0037,NA,NA,NA
ExperienceX.exe,56308,0x216C7EA03E0,DXGI,1,0,0,Composed: Flip,17782.9253,NA,14.48250000000000,100.21550000000001,0.14280000000000,1.69100000000000,33.2974,17768.8499,14.2182,14.0754,0.1428,15.2762,0.4902,0.4841,0.0061,1.7180,17768.8499,NA
ExperienceX.exe,56308,0x216C7EA03E0,DXGI,1,0,0,Composed: Flip,17800.3907,NA,17.46540000000000,16.43470000000000,0.22160000000000,2.73450000000000,32.2667,17783.0681,17.5442,17.3226,0.2216,17.0795,2.9776,2.9776,0.0000,-2.2165,17783.0681,NA
ExperienceX.exe,56308,0x216838E1150,DXGI,1,0,0,Composed: Flip,17768.9801,NA,19.08350000000000,33.20310000000000,0.14450000000000,5.09540000000000,30.3862,17750.0557,19.0689,18.9244,0.1445,20.8332,3.1866,3.1866,0.0000,0.4496,17750.0557,NA
ExperienceX.exe,56308,0x216838E1150,DXGI,1,0,0,Composed: Flip,17782.9261,NA,13.94600000000000,NA,0.14200000000000,0.78210000000000,NA,17769.1246,13.9435,13.8015,0.1420,13.9595,0.6241,0.6241,0.0000,NA,NA,NA
ExperienceX.exe,56308,0x216838E1150,DXGI,1,0,0,Composed: Flip,17799.9777,NA,17.05160000000000,NA,0.73570000000000,3.63860000000000,NA,17783.0681,17.6453,16.9096,0.7357,20.0571,0.4911,0.4911,0.0000,NA,NA,NA
ExperienceX.exe,56308,0x216838E1150,DXGI,1,0,0,Composed: Flip,17816.6921,NA,16.71440000000000,NA,0.10800000000000,1.13140000000000,NA,17800.7134,16.0867,15.9787,0.1080,16.6435,0.4666,0.4666,0.0000,NA,NA,NA
ExperienceX.exe,56308,0x216C829D570,DXGI,1,0,0,Composed: Flip,17749.9077,NA,15.77360000000000,99.97200000000001,0.24970000000000,1.74780000000000,32.7881,17734.6269,15.5305,15.2808,0.2497,16.4891,0.5395,0.5147,0.0248,1.2789,17734.6269,NA
ExperienceX.exe,56308,0x216C829D570,DXGI,1,0,0,Composed: Flip,17768.4706,NA,18.56290000000000,NA,0.38120000000000,2.41830000000000,NA,17750.1574,18.6944,18.3132,0.3812,17.9087,2.8228,2.8228,0.0000,NA,NA,NA
ExperienceX.exe,56308,0x216C829D570,DXGI,1,0,0,Composed: Flip,17783.0580,NA,14.58740000000000,NA,0.19000000000000,1.06810000000000,NA,17768.8518,14.3962,14.2062,0.1900,14.8564,0.4179,0.4179,0.0000,NA,NA,NA
ExperienceX.exe,56308,0x216C829D570,DXGI,1,0,0,Composed: Flip,17800.4311,NA,17.37310000000000,NA,0.73040000000000,3.72300000000000,NA,17783.2480,17.9135,17.1831,0.7304,20.3683,0.5378,0.5378,0.0000,NA,NA,NA
ExperienceX.exe,56308,0x216C829D570,DXGI,1,0,0,Composed: Flip,17816.7887,NA,16.35760000000000,NA,0.28240000000000,1.53580000000000,NA,17801.1615,15.9096,15.6272,0.2824,16.6620,0.5010,0.4923,0.0087,NA,NA,NA
ExperienceX.exe,56308,0x216C829D570,DXGI,1,0,0,Composed: Flip,17833.8583,NA,17.06960000000000,NA,0.11530000000000,3.43970000000000,NA,17817.0711,16.9025,16.7872,0.1153,19.7548,0.4721,0.4721,0.0000,NA,NA,NA
ExperienceX.exe,56308,0x216C829D570,DXGI,1,0,0,Composed: Flip,17849.5820,NA,15.72370000000000,99.94360000000000,0.13630000000000,1.58740000000000,33.0574,17833.9736,15.7447,15.6084,0.1363,16.7250,0.4708,0.4661,0.0047,-0.5969,17833.9736,NA
ExperienceX.exe,56308,0x216C829D570,DXGI,1,0,0,Composed: Flip,17866.6129,NA,17.03090000000000,16.70470000000000,0.08800000000000,4.88600000000000,32.7312,17849.7183,16.9826,16.8946,0.0880,17.1536,4.6270,4.6270,0.0000,-0.9600,17849.7183,NA
ExperienceX.exe,56308,0x216838E1150,DXGI,1,0,0,Composed: Flip,17833.8561,NA,17.16400000000000,66.63610000000000,0.11730000000000,2.49600000000000,32.1463,17816.8001,17.1733,17.0560,0.1173,16.5764,2.9756,2.9756,0.0000,0.1083,17816.8001,NA
ExperienceX.exe,56308,0x216838E1150,DXGI,1,0,0,Composed: Flip,17849.5664,NA,15.71030000000000,NA,0.07800000000000,1.13220000000000,NA,17833.9734,15.6710,15.5930,0.0780,16.4259,0.2993,0.2993,0.0000,NA,NA,NA
ExperienceX.exe,56308,0x216838E1150,DXGI,1,0,0,Composed: Flip,17866.6792,NA,17.11280000000000,NA,0.07790000000000,5.75550000000000,NA,17849.6444,17.1127,17.0348,0.0779,22.3252,0.4651,0.4597,0.0054,NA,NA,NA
ExperienceX.exe,56308,0x216838E1150,DXGI,1,0,0,Composed: Flip,17882.8522,NA,16.17300000000000,NA,0.11250000000000,0.64790000000000,NA,17866.7571,16.2076,16.0951,0.1125,16.2017,0.5413,0.5413,0.0000,NA,NA,NA
ExperienceX.exe,56308,0x216C829D570,DXGI,1,0,0,Composed: Flip,17882.8528,NA,16.23990000000000,16.84130000000000,0.11220000000000,1.12310000000000,33.3326,17866.7009,16.2641,16.1519,0.1122,16.7992,0.4758,0.4758,0.0000,0.1413,17866.7009,NA
ExperienceX.exe,56308,0x216C829D570,DXGI,1,0,0,Composed: Flip,17900.7449,NA,17.89210000000000,NA,0.14630000000000,2.87830000000000,NA,17882.9650,17.9262,17.7799,0.1463,19.2587,1.3995,1.3995,0.0000,NA,NA,NA
ExperienceX.exe,56308,0x216C829D570,DXGI,1,0,0,Composed: Flip,17916.7052,NA,15.96030000000000,33.35600000000000,0.19660000000000,1.29760000000000,32.8362,17900.8912,16.0106,15.8140,0.1966,15.7552,1.3564,1.3564,0.0000,0.8343,17900.8912,NA
ExperienceX.exe,56308,0x216838E1150,DXGI,1,0,0,Composed: Flip,17900.7204,NA,17.86820000000000,66.74850000000001,0.06400000000000,4.52940000000000,32.0305,17882.9647,17.8197,17.7557,0.0640,20.6585,1.6266,1.6222,0.0044,-0.5839,17882.9647,NA
ExperienceX.exe,56308,0x216838E1150,DXGI,1,0,0,Composed: Flip,17916.5725,NA,15.85210000000000,NA,0.04720000000000,2.38540000000000,NA,17900.7844,15.8353,15.7881,0.0472,17.6058,0.5677,0.5566,0.0111,NA,NA,NA
ExperienceX.exe,56308,0x216838E1150,DXGI,1,0,0,Composed: Flip,17933.8796,NA,17.30710000000000,NA,0.09540000000000,3.23650000000000,NA,17916.6197,17.3553,17.2599,0.0954,20.1002,0.3962,0.3962,0.0000,NA,NA,NA
ExperienceX.exe,56308,0x216C7EA03E0,DXGI,1,0,0,Composed: Flip,17816.6913,NA,16.30060000000000,16.67840000000000,0.10930000000000,0.66560000000000,32.6445,17800.6123,16.1883,16.0790,0.1093,3.5418,13.2028,1.3454,11.8574,0.8658,17800.6123,NA
ExperienceX.exe,56308,0x216C7EA03E0,DXGI,1,0,0,Composed: Flip,17833.5419,NA,16.85060000000000,NA,0.05970000000000,3.28400000000000,NA,17816.8006,16.8010,16.7413,0.0597,19.5515,0.4738,0.4738,0.0000,NA,NA,NA
ExperienceX.exe,56308,0x216C7EA03E0,DXGI,1,0,0,Composed: Flip,17849.5660,NA,16.02410000000000,NA,0.07860000000000,0.83330000000000,NA,17833.6016,16.0430,15.9644,0.0786,3.6964,13.1013,1.2883,11.8130,NA,NA,NA
ExperienceX.exe,56308,0x216C7EA03E0,DXGI,1,0,0,Composed: Flip,17867.3195,NA,17.75350000000000,NA,0.11770000000000,4.65010000000000,NA,17849.6446,17.7926,17.6749,0.1177,21.8543,0.4707,0.4707,0.0000,NA,NA,NA
ExperienceX.exe,56308,0x216C7EA03E0,DXGI,1,0,0,Composed: Flip,17882.8529,NA,15.53340000000000,NA,0.11190000000000,1.62450000000000,NA,17867.4372,15.5276,15.4157,0.1119,16.5387,0.5015,0.4940,0.0075,NA,NA,NA
ExperienceX.exe,56308,0x216C7EA03E0,DXGI,1,0,0,Composed: Flip,17900.7268,NA,17.87390000000000,NA,0.05840000000000,1.49690000000000,NA,17882.9648,17.8204,17.7620,0.0584,17.1972,2.0617,2.0617,0.0000,NA,NA,NA
ExperienceX.exe,56308,0x216C7EA03E0,DXGI,1,0,0,Composed: Flip,17916.7063,NA,15.97950000000000,NA,0.39200000000000,1.68390000000000,NA,17900.7852,16.3131,15.9211,0.3920,17.2176,0.3874,0.3874,0.0000,NA,NA,NA
ExperienceX.exe,56308,0x216C7EA03E0,DXGI,1,0,0,Composed: Flip,17934.2126,NA,17.50630000000000,NA,0.06700000000000,3.57700000000000,NA,17917.0983,17.1813,17.1143,0.0670,20.0178,0.6735,0.6697,0.0038,NA,NA,NA
ExperienceX.exe,56308,0x216838E1150,DXGI,1,0,0,Composed: Flip,17950.1123,NA,16.23270000000000,50.18300000000000,0.15770000000000,0.66550000000000,32.8216,17933.9750,16.2950,16.1373,0.1577,16.2612,0.5416,0.5416,0.0000,0.8273,17933.9750,NA
ExperienceX.exe,56308,0x216838E1150,DXGI,1,0,0,Composed: Flip,17967.0418,NA,16.92950000000000,NA,0.87350000000000,5.48550000000000,NA,17950.2700,17.6453,16.7718,0.8735,21.7942,0.4631,0.4588,0.0043,NA,NA,NA
ExperienceX.exe,56308,0x216C7EA03E0,DXGI,1,0,0,Composed: Flip,17967.0406,NA,32.82800000000000,149.98920000000001,0.24780000000000,5.02360000000000,32.2844,17934.2796,33.0088,32.7610,0.2478,35.1821,2.6025,2.6025,0.0000,-16.3219,17934.2796,NA
ExperienceX.exe,56308,0x216C7EA03E0,DXGI,1,0,0,Composed: Flip,17983.3392,NA,16.29860000000000,NA,0.24260000000000,1.87840000000000,NA,17967.2884,16.2934,16.0508,0.2426,16.7821,1.1471,1.1287,0.0184,NA,NA,NA
ExperienceX.exe,56308,0x216C7EA03E0,DXGI,1,0,0,Composed: Flip,17999.8410,NA,16.50180000000000,33.44510000000000,0.47090000000000,2.65360000000000,32.9291,17983.5818,16.7301,16.2592,0.4709,16.3971,2.5157,2.5157,0.0000,15.8571,17983.5818,NA
ExperienceX.exe,56308,0x216C829D570,DXGI,1,0,0,Composed: Flip,17933.8616,NA,17.15640000000000,16.55620000000000,0.60250000000000,2.85830000000000,32.2360,17916.9018,17.5623,16.9598,0.6025,16.7650,3.0531,3.0531,0.0000,-0.5456,17916.9018,NA
ExperienceX.exe,56308,0x216C829D570,DXGI,1,0,0,Composed: Flip,17950.1122,NA,16.25060000000000,NA,0.15760000000000,1.17200000000000,NA,17934.4641,15.8057,15.6481,0.1576,16.3137,0.5064,0.5064,0.0000,NA,NA,NA
ExperienceX.exe,56308,0x216C829D570,DXGI,1,0,0,Composed: Flip,17967.0381,NA,16.92590000000000,NA,0.99600000000000,2.42360000000000,NA,17950.2698,17.7643,16.7683,0.9960,17.1339,2.0580,2.0580,0.0000,NA,NA,NA
ExperienceX.exe,56308,0x216C829D570,DXGI,1,0,0,Composed: Flip,17983.3389,NA,16.30080000000000,NA,0.24300000000000,1.88460000000000,NA,17968.0341,15.5478,15.3048,0.2430,17.1855,0.0039,0.0039,0.0000,NA,NA,NA
ExperienceX.exe,56308,0x216C829D570,DXGI,1,0,0,Composed: Flip,18000.5103,NA,17.17140000000000,NA,0.09680000000000,5.29770000000000,NA,17983.5819,17.0252,16.9284,0.0968,19.3911,2.8350,2.8288,0.0062,NA,NA,NA
ExperienceX.exe,56308,0x216C829D570,DXGI,1,0,0,Composed: Flip,18016.2594,NA,15.74910000000000,NA,0.13920000000000,1.17330000000000,NA,18000.6071,15.7915,15.6523,0.1392,16.5140,0.3116,0.3116,0.0000,NA,NA,NA
ExperienceX.exe,56308,0x216838E1150,DXGI,1,0,0,Composed: Flip,17983.2905,NA,16.24870000000000,33.08400000000000,0.14850000000000,0.78000000000000,32.7274,17967.9153,15.5237,15.3752,0.1485,15.4957,0.6595,0.6595,0.0000,0.8563,17967.9153,NA
ExperienceX.exe,56308,0x216838E1150,DXGI,1,0,0,Composed: Flip,17999.8418,NA,16.55130000000000,NA,0.46980000000000,3.13120000000000,NA,17983.4390,16.8726,16.4028,0.4698,19.0556,0.4784,0.4784,0.0000,NA,NA,NA
ExperienceX.exe,56308,0x216838E1150,DXGI,1,0,0,Composed: Flip,18016.2527,NA,16.41090000000000,NA,0.14550000000000,1.77640000000000,NA,18000.3116,16.0866,15.9411,0.1455,17.1211,0.5964,0.5896,0.0068,NA,NA,NA
ExperienceX.exe,56308,0x216838E1150,DXGI,1,0,0,Composed: Flip,18033.9415,NA,17.68880000000000,NA,0.38350000000000,4.21370000000000,NA,18016.3982,17.9268,17.5433,0.3835,21.2996,0.4574,0.4574,0.0000,NA,NA,NA
ExperienceX.exe,56308,0x216838E1150,DXGI,1,0,0,Composed: Flip,18049.5170,NA,15.57550000000000,66.72180000000000,0.05200000000000,0.70070000000000,33.2227,18034.3250,15.2440,15.1920,0.0520,15.2807,0.6120,0.6120,0.0000,-0.3121,18034.3250,NA
ExperienceX.exe,56308,0x216838E1150,DXGI,1,0,0,Composed: Flip,18067.3129,NA,17.79590000000000,16.68080000000000,0.04920000000000,3.75650000000000,32.1076,18049.5690,17.7931,17.7439,0.0492,21.0357,0.4647,0.4647,0.0000,-1.4368,18049.5690,NA
ExperienceX.exe,56308,0x216838E1150,DXGI,1,0,0,Composed: Flip,18083.0532,NA,15.74030000000000,16.64850000000000,0.17450000000000,0.75670000000000,33.0158,18067.3621,15.8656,15.6911,0.1745,3.7073,12.7405,0.8301,11.9104,1.1446,18067.3621,NA
ExperienceX.exe,56308,0x0,Other,-1,0,0,Composed: Flip,17716.7340,NA,333.41730000000001,766.70200000000000,0.00000000000000,0.68550000000000,32.7021,17383.3167,333.4173,333.4173,0.0000,333.6204,0.4824,0.4824,0.0000,-299.8620,17383.3167,NA
ExperienceX.exe,56308,0x0,Other,-1,0,0,Composed: Flip,17950.5515,NA,233.81750000000002,NA,0.00000000000000,1.21380000000000,NA,17716.7340,233.8175,233.8175,0.0000,234.5502,0.4811,0.4752,0.0059,NA,NA,NA
ExperienceX.exe,56308,0x216838E1150,DXGI,1,0,0,Composed: Flip,18100.4404,NA,17.38720000000000,16.60960000000000,0.11880000000000,3.31720000000000,32.2382,18083.2277,17.3315,17.2127,0.1188,17.5256,3.0043,3.0043,0.0000,-0.7440,18083.2277,NA
ExperienceX.exe,56308,0x216C7EA03E0,DXGI,1,0,0,Composed: Flip,18016.2525,NA,16.41150000000000,16.55210000000000,0.14610000000000,0.86860000000000,33.0697,18000.3119,16.0867,15.9406,0.1461,16.0563,0.7529,0.7529,0.0000,0.1780,18000.3119,NA
ExperienceX.exe,56308,0x216C7EA03E0,DXGI,1,0,0,Composed: Flip,18034.0920,NA,17.83950000000000,NA,0.14710000000000,4.53550000000000,NA,18016.3986,17.8405,17.6934,0.1471,21.7566,0.4723,0.4691,0.0032,NA,NA,NA
ExperienceX.exe,56308,0x216C7EA03E0,DXGI,1,0,0,Composed: Flip,18049.5494,NA,15.45740000000000,NA,0.15700000000000,1.59120000000000,NA,18034.2391,15.4673,15.3103,0.1570,16.4064,0.4951,0.4880,0.0071,NA,NA,NA
ExperienceX.exe,56308,0x216C7EA03E0,DXGI,1,0,0,Composed: Flip,18067.4823,NA,17.93290000000000,NA,0.37100000000000,3.12240000000000,NA,18049.7064,18.1469,17.7759,0.3710,19.5096,1.3887,1.3887,0.0000,NA,NA,NA
ExperienceX.exe,56308,0x216C7EA03E0,DXGI,1,0,0,Composed: Flip,18083.0539,NA,15.57160000000000,NA,0.17380000000000,1.72360000000000,NA,18067.8533,15.3744,15.2006,0.1738,16.5227,0.4015,0.3933,0.0082,NA,NA,NA
ExperienceX.exe,56308,0x216C7EA03E0,DXGI,1,0,0,Composed: Flip,18101.2577,NA,18.20380000000000,NA,0.06590000000000,2.96080000000000,NA,18083.2277,18.0959,18.0300,0.0659,20.5299,0.4609,0.4609,0.0000,NA,NA,NA
ExperienceX.exe,56308,0x216C7EA03E0,DXGI,1,0,0,Composed: Flip,18116.3148,NA,15.05710000000000,NA,0.13610000000000,2.35600000000000,NA,18101.3236,15.1273,14.9912,0.1361,16.8954,0.4518,0.4437,0.0081,NA,NA,NA
ExperienceX.exe,56308,0x216C7EA03E0,DXGI,1,0,0,Composed: Flip,18133.9446,NA,17.62980000000000,NA,0.59480000000000,3.06660000000000,NA,18116.4509,18.0885,17.4937,0.5948,20.0853,0.4750,0.4750,0.0000,NA,NA,NA
ExperienceX.exe,56308,0x216C829D570,DXGI,1,0,0,Composed: Flip,18034.1529,NA,17.89350000000000,100.11500000000001,0.07300000000000,3.54490000000000,32.0597,18016.3986,17.8273,17.7543,0.0730,17.1560,4.1432,4.1432,0.0000,-0.6182,18016.3986,NA
ExperienceX.exe,56308,0x216C829D570,DXGI,1,0,0,Composed: Flip,18049.5492,NA,15.39630000000000,NA,0.15730000000000,1.09630000000000,NA,18034.2259,15.4806,15.3233,0.1573,15.9918,0.4278,0.4278,0.0000,NA,NA,NA
ExperienceX.exe,56308,0x216C829D570,DXGI,1,0,0,Composed: Flip,18067.6480,NA,18.09880000000000,NA,0.12800000000000,1.56800000000000,NA,18049.7065,18.0695,17.9415,0.1280,17.4391,2.0704,2.0704,0.0000,NA,NA,NA
ExperienceX.exe,56308,0x216C829D570,DXGI,1,0,0,Composed: Flip,18083.0535,NA,15.40550000000000,NA,0.17440000000000,1.32250000000000,NA,18067.7760,15.4519,15.2775,0.1744,16.0339,0.5661,0.5661,0.0000,NA,NA,NA
ExperienceX.exe,56308,0x216C829D570,DXGI,1,0,0,Composed: Flip,18100.4898,NA,17.43630000000000,NA,0.55780000000000,6.63590000000000,NA,18083.2279,17.8197,17.2619,0.5578,20.9906,2.9072,2.8984,0.0088,NA,NA,NA
ExperienceX.exe,56308,0x216C829D570,DXGI,1,0,0,Composed: Flip,18116.3153,NA,15.82550000000000,NA,0.13620000000000,1.42540000000000,NA,18101.0476,15.4039,15.2677,0.1362,15.4075,1.2856,1.2856,0.0000,NA,NA,NA
ExperienceX.exe,56308,0x216C829D570,DXGI,1,0,0,Composed: Flip,18134.1413,NA,17.82600000000000,NA,0.22490000000000,3.34280000000000,NA,18116.4515,17.9147,17.6898,0.2249,20.5597,0.4729,0.4729,0.0000,NA,NA,NA
ExperienceX.exe,56308,0x216C829D570,DXGI,1,0,0,Composed: Flip,18149.5152,NA,15.37390000000000,NA,0.07850000000000,1.62970000000000,NA,18134.3662,15.2275,15.1490,0.0785,16.2780,0.5007,0.4940,0.0067,NA,NA,NA
ExperienceX.exe,56308,0x216C829D570,DXGI,1,0,0,Composed: Flip,18167.0733,NA,17.55810000000000,133.31440000000001,0.05340000000000,2.65030000000000,32.4537,18149.5937,17.5330,17.4796,0.0534,17.0264,3.1035,3.1035,0.0000,-0.1193,18149.5937,NA
ExperienceX.exe,56308,0x216838E1150,DXGI,1,0,0,Composed: Flip,18133.8034,NA,33.36300000000000,33.30680000000000,0.27080000000000,2.73280000000000,32.1820,18100.5592,33.5150,33.2442,0.2708,32.9779,2.9991,2.9991,0.0000,-15.9753,18100.5592,NA
ExperienceX.exe,56308,0x216838E1150,DXGI,1,0,0,Composed: Flip,18149.5148,NA,15.71140000000000,NA,0.07890000000000,1.12940000000000,NA,18134.0742,15.5195,15.4406,0.0789,16.2927,0.2773,0.2773,0.0000,NA,NA,NA
ExperienceX.exe,56308,0x216838E1150,DXGI,1,0,0,Composed: Flip,18166.8590,NA,17.34420000000000,NA,0.43750000000000,3.73120000000000,NA,18149.5937,17.7028,17.2653,0.4375,20.4940,0.5025,0.5025,0.0000,NA,NA,NA
ExperienceX.exe,56308,0x216838E1150,DXGI,1,0,0,Composed: Flip,18183.0208,NA,16.16180000000000,NA,0.22150000000000,1.10610000000000,NA,18167.2965,15.9458,15.7243,0.2215,15.9040,0.9264,0.9264,0.0000,NA,NA,NA
ExperienceX.exe,56308,0x216C7EA03E0,DXGI,1,0,0,Composed: Flip,18149.5151,NA,15.57050000000000,133.42120000000000,0.07860000000000,0.85180000000000,33.2283,18134.5394,15.0543,14.9757,0.0786,2.9447,12.8828,0.9240,11.9588,0.8063,18134.5394,NA
ExperienceX.exe,56308,0x216C7EA03E0,DXGI,1,0,0,Composed: Flip,18166.8426,NA,17.32750000000000,NA,0.14730000000000,3.24510000000000,NA,18149.5937,17.3962,17.2489,0.1473,20.1299,0.3641,0.3641,0.0000,NA,NA,NA
ExperienceX.exe,56308,0x216C7EA03E0,DXGI,1,0,0,Composed: Flip,18183.0220,NA,16.17940000000000,NA,0.22030000000000,2.06870000000000,NA,18166.9899,16.2524,16.0321,0.2203,17.6180,0.4828,0.4732,0.0096,NA,NA,NA
ExperienceX.exe,56308,0x216C7EA03E0,DXGI,1,0,0,Composed: Flip,18200.5133,NA,17.49130000000000,NA,0.13520000000000,4.25640000000000,NA,18183.2423,17.4062,17.2710,0.1352,21.0298,0.4976,0.4976,0.0000,NA,NA,NA
ExperienceX.exe,56308,0x216C829D570,DXGI,1,0,0,Composed: Flip,18183.0222,NA,15.94890000000000,16.53260000000000,0.22490000000000,1.58570000000000,33.0374,18167.1267,16.1204,15.8955,0.2249,17.0002,0.4810,0.4810,0.0000,1.0004,18167.1267,NA
ExperienceX.exe,56308,0x216C829D570,DXGI,1,0,0,Composed: Flip,18200.5141,NA,17.49190000000000,NA,0.13440000000000,3.75800000000000,NA,18183.2471,17.4014,17.2670,0.1344,20.5642,0.4608,0.4608,0.0000,NA,NA,NA
ExperienceX.exe,56308,0x216C829D570,DXGI,1,0,0,Composed: Flip,18216.2993,NA,15.78520000000000,NA,0.13090000000000,1.12500000000000,NA,18200.6485,15.7817,15.6508,0.1309,16.4180,0.3578,0.3578,0.0000,NA,NA,NA
ExperienceX.exe,56308,0x216838E1150,DXGI,1,0,0,Composed: Flip,18201.8497,NA,18.82890000000000,66.70450000000001,0.20750000000000,1.96160000000000,30.8402,18183.2423,18.8149,18.6074,0.2075,17.5831,2.9859,2.9859,0.0000,15.9786,18183.2423,NA
ExperienceX.exe,56308,0x216838E1150,DXGI,1,0,0,Composed: Flip,18216.2992,NA,14.44950000000000,NA,0.13060000000000,0.76730000000000,NA,18202.0572,14.3726,14.2420,0.1306,2.7125,12.2968,1.7871,10.5097,NA,NA,NA
ExperienceX.exe,56308,0x216838E1150,DXGI,1,0,0,Composed: Flip,18234.3303,NA,18.03110000000000,NA,0.22530000000000,3.25940000000000,NA,18216.4298,18.1258,17.9005,0.2253,20.6734,0.4865,0.4865,0.0000,NA,NA,NA
ExperienceX.exe,56308,0x216838E1150,DXGI,1,0,0,Composed: Flip,18249.8166,NA,15.48630000000000,50.01900000000001,0.09660000000000,0.93710000000000,32.8923,18234.5556,15.3576,15.2610,0.0966,3.0341,13.1640,1.4229,11.7411,1.2943,18234.5556,NA
ExperienceX.exe,56308,0x216C829D570,DXGI,1,0,0,Composed: Flip,18234.0895,NA,17.79020000000000,49.92220000000000,0.53950000000000,2.54830000000000,31.8923,18216.4302,18.1988,17.6593,0.5395,17.2159,2.9917,2.9917,0.0000,-0.6187,18216.4302,NA
ExperienceX.exe,56308,0x216C829D570,DXGI,1,0,0,Composed: Flip,18249.8429,NA,15.75340000000000,NA,0.20490000000000,1.11470000000000,NA,18234.6290,15.4188,15.2139,0.2049,16.1247,0.2039,0.2039,0.0000,NA,NA,NA
ExperienceX.exe,56308,0x216C829D570,DXGI,1,0,0,Composed: Flip,18267.3354,NA,17.49250000000000,NA,0.33660000000000,5.32980000000000,NA,18250.0478,17.6242,17.2876,0.3366,19.7108,2.9066,2.9005,0.0061,NA,NA,NA
ExperienceX.exe,56308,0x216838E1150,DXGI,1,0,0,Composed: Flip,18266.5222,NA,16.70560000000000,16.65710000000000,0.06430000000000,2.76580000000000,32.8438,18249.9132,16.6733,16.6090,0.0643,16.8691,2.5057,2.5057,0.0000,-1.2995,18249.9132,NA
ExperienceX.exe,56308,0x216838E1150,DXGI,1,0,0,Composed: Flip,18283.0120,NA,16.48980000000000,NA,0.32100000000000,1.77940000000000,NA,18266.5865,16.7465,16.4255,0.3210,17.7184,0.4865,0.4817,0.0048,NA,NA,NA
ExperienceX.exe,56308,0x216C829D570,DXGI,1,0,0,Composed: Flip,18283.0108,NA,15.67540000000000,50.27920000000000,0.32210000000000,0.94370000000000,33.2502,18267.6720,15.6609,15.3388,0.3221,15.5886,0.6939,0.6939,0.0000,0.9626,18267.6720,NA
ExperienceX.exe,56308,0x216C829D570,DXGI,1,0,0,Composed: Flip,18300.8043,NA,17.79350000000000,NA,0.37740000000000,3.34260000000000,NA,18283.3329,17.8488,17.4714,0.3774,20.3531,0.4609,0.4609,0.0000,NA,NA,NA
ExperienceX.exe,56308,0x216C829D570,DXGI,1,0,0,Composed: Flip,18316.6826,NA,15.87830000000000,33.20960000000000,0.09500000000000,0.93170000000000,32.7880,18301.1817,15.5959,15.5009,0.0950,2.9652,13.4674,0.7907,12.6767,0.3001,18301.1817,NA
ExperienceX.exe,56308,0x216C7EA03E0,DXGI,1,0,0,Composed: Flip,18216.2994,NA,15.78610000000000,66.71470000000001,0.13070000000000,1.61810000000000,33.1587,18200.6485,15.7816,15.6509,0.1307,16.7758,0.4932,0.4861,0.0071,-0.6056,18200.6485,NA
ExperienceX.exe,56308,0x216C7EA03E0,DXGI,1,0,0,Composed: Flip,18233.9774,NA,17.67800000000000,NA,0.13430000000000,3.12580000000000,NA,18216.4301,17.6816,17.5473,0.1343,20.2077,0.4654,0.4654,0.0000,NA,NA,NA
ExperienceX.exe,56308,0x216C7EA03E0,DXGI,1,0,0,Composed: Flip,18249.8430,NA,15.86560000000000,NA,0.20490000000000,1.62060000000000,NA,18234.1117,15.9362,15.7313,0.2049,16.8459,0.5060,0.4987,0.0073,NA,NA,NA
ExperienceX.exe,56308,0x216C7EA03E0,DXGI,1,0,0,Composed: Flip,18267.2437,NA,17.40070000000000,NA,0.10100000000000,2.51490000000000,NA,18250.0479,17.2968,17.1958,0.1010,19.2401,0.4706,0.4706,0.0000,NA,NA,NA
ExperienceX.exe,56308,0x216C7EA03E0,DXGI,1,0,0,Composed: Flip,18283.0124,NA,15.76870000000000,NA,0.20420000000000,1.29250000000000,NA,18267.3447,15.8719,15.6677,0.2042,16.6098,0.3504,0.3504,0.0000,NA,NA,NA
ExperienceX.exe,56308,0x216C7EA03E0,DXGI,1,0,0,Composed: Flip,18299.9948,NA,16.98240000000000,NA,0.07230000000000,3.69120000000000,NA,18283.2166,16.8505,16.7782,0.0723,19.9758,0.4936,0.4936,0.0000,NA,NA,NA
ExperienceX.exe,56308,0x216C7EA03E0,DXGI,1,0,0,Composed: Flip,18316.7157,NA,16.72090000000000,NA,0.19830000000000,1.39680000000000,NA,18300.0671,16.8469,16.6486,0.1983,17.5472,0.4982,0.4982,0.0000,NA,NA,NA
ExperienceX.exe,56308,0x216C7EA03E0,DXGI,1,0,0,Composed: Flip,18334.2516,NA,17.53590000000000,NA,0.49530000000000,2.51000000000000,NA,18316.9140,17.8329,17.3376,0.4953,19.3515,0.4961,0.4961,0.0000,NA,NA,NA
ExperienceX.exe,56308,0x216838E1150,DXGI,1,0,0,Composed: Flip,18300.7276,NA,17.71560000000000,33.35690000000000,0.14410000000000,2.46480000000000,31.9953,18283.3330,17.5387,17.3946,0.1441,16.9033,2.9561,2.9561,0.0000,0.0629,18283.3330,NA
ExperienceX.exe,56308,0x216838E1150,DXGI,1,0,0,Composed: Flip,18316.7076,NA,15.98000000000000,NA,0.08890000000000,1.89570000000000,NA,18300.8717,15.9248,15.8359,0.0889,17.2408,0.4908,0.4870,0.0038,NA,NA,NA
ExperienceX.exe,56308,0x216838E1150,DXGI,1,0,0,Composed: Flip,18334.1123,NA,17.40470000000000,NA,0.09970000000000,4.76100000000000,NA,18316.7965,17.4155,17.3158,0.0997,19.9651,2.1117,2.1075,0.0042,NA,NA,NA
ExperienceX.exe,56308,0x216838E1150,DXGI,1,0,0,Composed: Flip,18349.9656,NA,15.85330000000000,NA,0.20870000000000,1.43520000000000,NA,18334.2120,15.9623,15.7536,0.2087,16.6917,0.4971,0.4971,0.0000,NA,NA,NA
ExperienceX.exe,56308,0x216C829D570,DXGI,1,0,0,Composed: Flip,18334.2384,NA,17.55580000000000,16.56250000000000,0.09650000000000,2.02710000000000,31.7947,18316.7776,17.5573,17.4608,0.0965,16.9759,2.5120,2.5120,0.0000,-0.9666,18316.7776,NA
ExperienceX.exe,56308,0x216C829D570,DXGI,1,0,0,Composed: Flip,18349.8275,NA,15.58910000000000,NA,0.06830000000000,2.05000000000000,NA,18334.3349,15.5609,15.4926,0.0683,17.0659,0.4767,0.4679,0.0088,NA,NA,NA
ExperienceX.exe,56308,0x216C829D570,DXGI,1,0,0,Composed: Flip,18367.2398,NA,17.41230000000000,NA,0.04830000000000,5.30360000000000,NA,18349.8958,17.3923,17.3440,0.0483,19.8072,2.8404,2.8334,0.0070,NA,NA,NA
ExperienceX.exe,56308,0x216C7EA03E0,DXGI,1,0,0,Composed: Flip,18349.9651,NA,15.71350000000000,133.20359999999999,0.20930000000000,0.93860000000000,32.6966,18334.7469,15.4275,15.2182,0.2093,15.2372,0.9196,0.9196,0.0000,0.8948,18334.7469,NA
ExperienceX.exe,56308,0x216C7EA03E0,DXGI,1,0,0,Composed: Flip,18366.6199,NA,16.65480000000000,NA,0.50970000000000,3.08310000000000,NA,18350.1744,16.9552,16.4455,0.5097,19.0762,0.4524,0.4524,0.0000,NA,NA,NA
ExperienceX.exe,56308,0x216C7EA03E0,DXGI,1,0,0,Composed: Flip,18382.9105,NA,16.29060000000000,NA,0.13660000000000,1.21600000000000,NA,18367.1296,15.9175,15.7809,0.1366,16.4841,0.5128,0.5128,0.0000,NA,NA,NA
ExperienceX.exe,56308,0x216C829D570,DXGI,1,0,0,Composed: Flip,18382.9104,NA,15.67060000000000,50.10100000000000,0.13670000000000,0.70330000000000,33.2237,18367.2881,15.7590,15.6223,0.1367,15.7646,0.5610,0.5610,0.0000,0.4095,18367.2881,NA
ExperienceX.exe,56308,0x216C829D570,DXGI,1,0,0,Composed: Flip,18400.5715,NA,17.66110000000000,NA,0.08990000000000,3.59290000000000,NA,18383.0471,17.6143,17.5244,0.0899,20.6317,0.4856,0.4856,0.0000,NA,NA,NA
ExperienceX.exe,56308,0x216838E1150,DXGI,1,0,0,Composed: Flip,18366.9181,NA,16.95250000000000,66.59140000000001,0.21200000000000,2.33250000000000,32.3962,18350.1743,16.9558,16.7438,0.2120,16.5503,2.5260,2.5260,0.0000,0.2499,18350.1743,NA
ExperienceX.exe,56308,0x216838E1150,DXGI,1,0,0,Composed: Flip,18382.9094,NA,15.99130000000000,NA,0.13820000000000,1.80090000000000,NA,18367.1301,15.9175,15.7793,0.1382,16.9964,0.5838,0.5771,0.0067,NA,NA,NA
ExperienceX.exe,56308,0x216838E1150,DXGI,1,0,0,Composed: Flip,18401.0147,NA,18.10530000000000,NA,0.16160000000000,2.66410000000000,NA,18383.0476,18.1287,17.9671,0.1616,20.1347,0.4965,0.4965,0.0000,NA,NA,NA
ExperienceX.exe,56308,0x216838E1150,DXGI,1,0,0,Composed: Flip,18416.4844,NA,15.46970000000000,NA,0.20420000000000,1.83510000000000,NA,18401.1763,15.5123,15.3081,0.2042,16.6410,0.5022,0.4972,0.0050,NA,NA,NA
ExperienceX.exe,56308,0x216C7EA03E0,DXGI,1,0,0,Composed: Flip,18401.0410,NA,18.13050000000000,50.27120000000000,0.12860000000000,2.14130000000000,31.8919,18383.0471,18.1225,17.9939,0.1286,17.0513,3.0839,3.0839,0.0000,-1.9710,18383.0471,NA
ExperienceX.exe,56308,0x216C7EA03E0,DXGI,1,0,0,Composed: Flip,18416.4856,NA,15.44460000000000,NA,0.20500000000000,0.84580000000000,NA,18401.1696,15.5210,15.3160,0.2050,2.9948,13.1670,0.9868,12.1802,NA,NA,NA
ExperienceX.exe,56308,0x216C7EA03E0,DXGI,1,0,0,Composed: Flip,18434.1179,NA,17.63230000000000,NA,0.21900000000000,2.78880000000000,NA,18416.6906,17.6463,17.4273,0.2190,19.7358,0.4803,0.4803,0.0000,NA,NA,NA
ExperienceX.exe,56308,0x216C829D570,DXGI,1,0,0,Composed: Flip,18416.4845,NA,15.91300000000000,33.26220000000000,0.20390000000000,1.33280000000000,32.9118,18400.6614,16.0270,15.8231,0.2039,16.6700,0.4859,0.4859,0.0000,0.1111,18400.6614,NA
ExperienceX.exe,56308,0x216C829D570,DXGI,1,0,0,Composed: Flip,18434.3826,NA,17.89810000000000,NA,0.05370000000000,5.48870000000000,NA,18416.6884,17.7479,17.6942,0.0537,20.2183,2.9646,2.9592,0.0054,NA,NA,NA
ExperienceX.exe,56308,0x216C829D570,DXGI,1,0,0,Composed: Flip,18449.7779,NA,15.39530000000000,NA,0.10030000000000,1.22860000000000,NA,18434.4363,15.4419,15.3416,0.1003,16.2061,0.3641,0.3641,0.0000,NA,NA,NA
ExperienceX.exe,56308,0x216838E1150,DXGI,1,0,0,Composed: Flip,18434.0514,NA,17.56700000000000,66.66130000000000,0.12370000000000,2.37500000000000,31.9242,18416.6886,17.4865,17.3628,0.1237,17.1490,2.5888,2.5888,0.0000,-0.1470,18416.6886,NA
ExperienceX.exe,56308,0x216838E1150,DXGI,1,0,0,Composed: Flip,18449.7784,NA,15.72700000000000,NA,0.10140000000000,1.72590000000000,NA,18434.1751,15.7047,15.6033,0.1014,16.8314,0.4978,0.4928,0.0050,NA,NA,NA
ExperienceX.exe,56308,0x216838E1150,DXGI,1,0,0,Composed: Flip,18466.4268,NA,16.64840000000000,NA,0.08640000000000,3.73280000000000,NA,18449.8798,16.6334,16.5470,0.0864,19.7957,0.4841,0.4841,0.0000,NA,NA,NA
ExperienceX.exe,56308,0x216C829D570,DXGI,1,0,0,Composed: Flip,18466.4300,NA,16.65210000000000,49.90380000000000,0.08360000000000,3.24550000000000,32.8701,18449.8782,16.6354,16.5518,0.0836,16.7175,3.0798,3.0798,0.0000,-0.6870,18449.8782,NA
ExperienceX.exe,56308,0x216C829D570,DXGI,1,0,0,Composed: Flip,18482.8626,NA,16.43260000000000,NA,0.11760000000000,1.68420000000000,NA,18466.5136,16.4666,16.3490,0.1176,17.5129,0.5203,0.5145,0.0058,NA,NA,NA
ExperienceX.exe,56308,0x216C7EA03E0,DXGI,1,0,0,Composed: Flip,18449.7778,NA,15.65990000000000,49.70570000000000,0.10040000000000,0.86460000000000,32.8608,18434.3369,15.5413,15.4409,0.1004,15.5762,0.7293,0.7293,0.0000,1.5841,18434.3369,NA
ExperienceX.exe,56308,0x216C7EA03E0,DXGI,1,0,0,Composed: Flip,18466.4278,NA,16.65000000000000,NA,0.08530000000000,4.22150000000000,NA,18449.8782,16.6349,16.5496,0.0853,20.2814,0.4897,0.4897,0.0000,NA,NA,NA
ExperienceX.exe,56308,0x216C7EA03E0,DXGI,1,0,0,Composed: Flip,18482.8630,NA,16.43520000000000,NA,0.11730000000000,1.16350000000000,NA,18466.5131,16.4672,16.3499,0.1173,17.1338,0.3796,0.3796,0.0000,NA,NA,NA
ExperienceX.exe,56308,0x216C7EA03E0,DXGI,1,0,0,Composed: Flip,18500.2260,NA,17.36300000000000,NA,0.09180000000000,7.59230000000000,NA,18482.9803,17.3375,17.2457,0.0918,21.9971,2.8409,2.8316,0.0093,NA,NA,NA
ExperienceX.exe,56308,0x216838E1150,DXGI,1,0,0,Composed: Flip,18482.8631,NA,16.43630000000000,50.00520000000000,0.11710000000000,0.78380000000000,33.1177,18466.5132,16.4670,16.3499,0.1171,4.1361,12.9976,0.9054,12.0922,-0.1806,18466.5132,NA
ExperienceX.exe,56308,0x216838E1150,DXGI,1,0,0,Composed: Flip,18500.2198,NA,17.35670000000000,NA,0.10710000000000,4.75760000000000,NA,18482.9802,17.3467,17.2396,0.1071,21.5103,0.4869,0.4869,0.0000,NA,NA,NA
ExperienceX.exe,56308,0x216838E1150,DXGI,1,0,0,Composed: Flip,18516.2404,NA,16.02060000000000,NA,0.20940000000000,1.07590000000000,NA,18500.3269,16.1229,15.9135,0.2094,16.4817,0.5077,0.5077,0.0000,NA,NA,NA
ExperienceX.exe,56308,0x216C7EA03E0,DXGI,1,0,0,Composed: Flip,18516.1754,NA,15.94940000000000,66.67230000000001,0.05640000000000,1.64490000000000,33.1355,18500.3178,15.9140,15.8576,0.0564,16.9985,0.5040,0.5000,0.0040,-0.6914,18500.3178,NA
ExperienceX.exe,56308,0x216C7EA03E0,DXGI,1,0,0,Composed: Flip,18534.8941,NA,18.71870000000000,NA,0.11770000000000,2.94430000000000,NA,18516.2318,18.7800,18.6623,0.1177,21.1132,0.4934,0.4934,0.0000,NA,NA,NA
ExperienceX.exe,56308,0x216838E1150,DXGI,1,0,0,Composed: Flip,18533.7313,NA,17.49090000000000,50.05210000000000,0.99110000000000,3.61370000000000,32.3016,18516.4498,18.2726,17.2815,0.9911,16.9837,3.9115,3.9115,0.0000,-0.1155,18516.4498,NA
ExperienceX.exe,56308,0x216838E1150,DXGI,1,0,0,Composed: Flip,18549.6251,NA,15.89380000000000,NA,0.19170000000000,2.45150000000000,NA,18534.7224,15.0944,14.9027,0.1917,16.8443,0.5099,0.5067,0.0032,NA,NA,NA
ExperienceX.exe,56308,0x216C829D570,DXGI,1,0,0,Composed: Flip,18500.2202,NA,17.35760000000000,33.34850000000000,0.09770000000000,4.27030000000000,32.4284,18482.9802,17.3377,17.2400,0.0977,16.8709,4.6394,4.6394,0.0000,-0.2465,18482.9802,NA
ExperienceX.exe,56308,0x216C829D570,DXGI,1,0,0,Composed: Flip,18516.1555,NA,15.93530000000000,NA,0.07440000000000,0.65310000000000,NA,18500.3179,15.9120,15.8376,0.0744,15.9395,0.5512,0.5512,0.0000,NA,NA,NA
ExperienceX.exe,56308,0x216C829D570,DXGI,1,0,0,Composed: Flip,18534.6793,NA,18.52380000000000,NA,0.10300000000000,3.64360000000000,NA,18516.2299,18.5524,18.4494,0.1030,21.6085,0.4845,0.4802,0.0043,NA,NA,NA
ExperienceX.exe,56308,0x216C829D570,DXGI,1,0,0,Composed: Flip,18549.6239,NA,14.94460000000000,NA,0.19200000000000,1.94280000000000,NA,18534.7823,15.0336,14.8416,0.1920,16.2694,0.5150,0.5150,0.0000,NA,NA,NA
ExperienceX.exe,56308,0x216C829D570,DXGI,1,0,0,Composed: Flip,18567.6959,NA,18.07200000000000,NA,0.21360000000000,5.62450000000000,NA,18549.8159,18.0936,17.8800,0.2136,23.0268,0.4777,0.4745,0.0032,NA,NA,NA
ExperienceX.exe,56308,0x216C829D570,DXGI,1,0,0,Composed: Flip,18582.7923,NA,15.09640000000000,83.31250000000000,0.05690000000000,1.12450000000000,33.1688,18567.9095,14.9397,14.8828,0.0569,15.5047,0.5026,0.5026,0.0000,1.6168,18567.9095,NA
ExperienceX.exe,56308,0x216C829D570,DXGI,1,0,0,Composed: Flip,18600.1752,NA,17.38290000000000,16.67510000000000,0.08330000000000,4.57610000000000,32.4610,18582.8492,17.4093,17.3260,0.0833,19.5089,2.3932,2.3932,0.0000,-1.7354,18582.8492,NA
ExperienceX.exe,56308,0x216838E1150,DXGI,1,0,0,Composed: Flip,18567.8980,NA,18.27290000000000,33.26530000000000,0.09140000000000,4.94470000000000,31.4002,18549.8168,18.1726,18.0812,0.0914,20.3376,2.6883,2.6883,0.0000,0.1017,18549.8168,NA
ExperienceX.exe,56308,0x216838E1150,DXGI,1,0,0,Composed: Flip,18582.8591,NA,14.96110000000000,NA,0.14850000000000,1.57610000000000,NA,18567.9894,15.0182,14.8697,0.1485,15.9274,0.5184,0.5129,0.0055,NA,NA,NA
ExperienceX.exe,56308,0x216838E1150,DXGI,1,0,0,Composed: Flip,18600.1573,NA,17.29820000000000,NA,0.16480000000000,5.07440000000000,NA,18583.0076,17.3145,17.1497,0.1648,21.7437,0.4804,0.4767,0.0037,NA,NA,NA
ExperienceX.exe,56308,0x216838E1150,DXGI,1,0,0,Composed: Flip,18616.1743,NA,16.01700000000000,NA,0.12300000000000,1.66610000000000,NA,18600.3221,15.9752,15.8522,0.1230,17.0891,0.4292,0.4240,0.0052,NA,NA,NA
ExperienceX.exe,56308,0x216838E1150,DXGI,1,0,0,Composed: Flip,18633.2476,NA,17.07330000000000,66.71730000000001,0.23240000000000,3.48080000000000,32.7679,18616.2973,17.1827,16.9503,0.2324,17.3257,3.1054,3.1054,0.0000,-0.2368,18616.2973,NA
ExperienceX.exe,56308,0x216838E1150,DXGI,1,0,0,Composed: Flip,18649.4805,NA,16.23290000000000,16.62240000000000,0.10900000000000,1.65420000000000,33.1574,18633.4800,16.1095,16.0005,0.1090,17.1487,0.5060,0.5023,0.0037,0.5603,18633.4800,NA
ExperienceX.exe,56308,0x216C829D570,DXGI,1,0,0,Composed: Flip,18616.1741,NA,15.99890000000000,16.66090000000000,0.12280000000000,0.80190000000000,33.1230,18600.2585,16.0384,15.9156,0.1228,16.0082,0.7093,0.7093,0.0000,0.7484,18600.2585,NA
ExperienceX.exe,56308,0x216C829D570,DXGI,1,0,0,Composed: Flip,18649.4691,NA,33.29500000000000,NA,0.10390000000000,0.64270000000000,NA,18616.2969,33.2761,33.1722,0.1039,21.3946,12.4203,0.7680,11.6523,NA,NA,NA
ExperienceX.exe,56308,0x216C829D570,DXGI,1,0,0,Composed: Flip,18666.5882,NA,17.11910000000000,NA,0.38640000000000,6.10340000000000,NA,18649.5730,17.4016,17.0152,0.3864,22.6259,0.4927,0.4857,0.0070,NA,NA,NA
ExperienceX.exe,56308,0x216838E1150,DXGI,1,0,0,Composed: Flip,18667.1483,NA,17.66780000000000,16.69700000000000,0.06280000000000,5.05060000000000,32.1866,18649.5895,17.6216,17.5588,0.0628,19.1914,3.4180,3.4180,0.0000,-0.5875,18649.5895,NA
ExperienceX.exe,56308,0x216838E1150,DXGI,1,0,0,Composed: Flip,18682.8960,NA,15.74770000000000,NA,0.04510000000000,1.15410000000000,NA,18667.2111,15.7300,15.6849,0.0451,16.3237,0.5153,0.5153,0.0000,NA,NA,NA
ExperienceX.exe,56308,0x216C829D570,DXGI,1,0,0,Composed: Flip,18682.8990,NA,16.31080000000000,66.67490000000001,0.04170000000000,0.63580000000000,33.0730,18666.9746,15.9661,15.9244,0.0417,15.9722,0.5880,0.5880,0.0000,0.0412,18666.9746,NA
ExperienceX.exe,56308,0x216C829D570,DXGI,1,0,0,Composed: Flip,18700.2139,NA,17.31490000000000,NA,0.41080000000000,5.84170000000000,NA,18682.9407,17.6840,17.2732,0.4108,22.6208,0.4941,0.4888,0.0053,NA,NA,NA
ExperienceX.exe,56308,0x216838E1150,DXGI,1,0,0,Composed: Flip,18700.2088,NA,17.31280000000000,33.29980000000000,0.13230000000000,4.87190000000000,32.4259,18682.9411,17.4000,17.2677,0.1323,17.0664,5.0732,5.0732,0.0000,0.0518,18682.9411,NA
ExperienceX.exe,56308,0x216838E1150,DXGI,1,0,0,Composed: Flip,18716.1843,NA,15.97550000000000,NA,0.05070000000000,1.11060000000000,NA,18700.3411,15.8939,15.8432,0.0507,16.4547,0.4991,0.4991,0.0000,NA,NA,NA
ExperienceX.exe,56308,0x216838E1150,DXGI,1,0,0,Composed: Flip,18733.0658,NA,16.88150000000000,33.37100000000000,0.13800000000000,5.74450000000000,32.9399,18716.2350,16.9688,16.8308,0.1380,19.1411,3.4342,3.4342,0.0000,-0.0771,18716.2350,NA
ExperienceX.exe,56308,0x216838E1150,DXGI,1,0,0,Composed: Flip,18749.8665,NA,16.80070000000000,16.71880000000000,0.12840000000000,0.94460000000000,32.8580,18733.2038,16.7911,16.6627,0.1284,16.8445,0.7628,0.7628,0.0000,0.2500,18733.2038,NA
ExperienceX.exe,56308,0x216C7EA03E0,DXGI,1,0,0,Composed: Flip,18549.6238,NA,14.72970000000000,33.32670000000000,0.19220000000000,1.42790000000000,33.0138,18535.0118,14.8042,14.6120,0.1922,14.7617,1.2782,1.2782,0.0000,1.3673,18535.0118,NA
ExperienceX.exe,56308,0x216C7EA03E0,DXGI,1,0,0,Composed: Flip,18568.0975,NA,18.47370000000000,NA,0.06840000000000,2.05690000000000,NA,18549.8160,18.3499,18.2815,0.0684,17.6229,2.7155,2.7155,0.0000,NA,NA,NA
ExperienceX.exe,56308,0x216C7EA03E0,DXGI,1,0,0,Composed: Flip,18582.7922,NA,14.69470000000000,NA,0.05370000000000,0.62200000000000,NA,18568.1659,14.6800,14.6263,0.0537,14.7013,0.5470,0.5470,0.0000,NA,NA,NA
ExperienceX.exe,56308,0x216C7EA03E0,DXGI,1,0,0,Composed: Flip,18600.3512,NA,17.55900000000000,NA,0.04610000000000,2.00690000000000,NA,18582.8459,17.5514,17.5053,0.0461,17.1116,2.4006,2.4006,0.0000,NA,NA,NA
ExperienceX.exe,56308,0x216C7EA03E0,DXGI,1,0,0,Composed: Flip,18616.1740,NA,15.82280000000000,NA,0.12300000000000,1.23720000000000,NA,18600.3973,15.8997,15.7767,0.1230,16.5787,0.4352,0.4352,0.0000,NA,NA,NA
ExperienceX.exe,56308,0x216C7EA03E0,DXGI,1,0,0,Composed: Flip,18633.2492,NA,17.07520000000000,NA,0.23000000000000,4.44230000000000,NA,18616.2970,17.1822,16.9522,0.2300,20.9049,0.4896,0.4896,0.0000,NA,NA,NA
ExperienceX.exe,56308,0x216C7EA03E0,DXGI,1,0,0,Composed: Flip,18649.4803,NA,16.23110000000000,NA,0.10920000000000,1.14840000000000,NA,18633.4792,16.1103,16.0011,0.1092,16.6326,0.5169,0.5169,0.0000,NA,NA,NA
ExperienceX.exe,56308,0x216C7EA03E0,DXGI,1,0,0,Composed: Flip,18667.1371,NA,17.65680000000000,NA,0.07500000000000,1.64380000000000,NA,18649.5895,17.6226,17.5476,0.0750,17.0798,2.1116,2.1116,0.0000,NA,NA,NA
ExperienceX.exe,56308,0x216C7EA03E0,DXGI,1,0,0,Composed: Flip,18682.8964,NA,15.75930000000000,NA,0.04440000000000,1.64890000000000,NA,18667.2121,15.7287,15.6843,0.0444,16.8380,0.4952,0.4878,0.0074,NA,NA,NA
ExperienceX.exe,56308,0x216C7EA03E0,DXGI,1,0,0,Composed: Flip,18700.2191,NA,17.32270000000000,NA,0.08860000000000,5.34240000000000,NA,18682.9408,17.3669,17.2783,0.0886,22.1399,0.4808,0.4808,0.0000,NA,NA,NA
ExperienceX.exe,56308,0x216C7EA03E0,DXGI,1,0,0,Composed: Flip,18716.1827,NA,15.96360000000000,NA,0.04420000000000,0.61310000000000,NA,18700.3077,15.9192,15.8750,0.0442,15.9278,0.5603,0.5603,0.0000,NA,NA,NA
ExperienceX.exe,56308,0x216C7EA03E0,DXGI,1,0,0,Composed: Flip,18733.6389,NA,17.45620000000000,NA,0.05730000000000,5.67230000000000,NA,18716.2269,17.4693,17.4120,0.0573,22.5834,0.5009,0.4941,0.0068,NA,NA,NA
ExperienceX.exe,56308,0x216C7EA03E0,DXGI,1,0,0,Composed: Flip,18749.8669,NA,16.22800000000000,NA,0.12760000000000,1.77840000000000,NA,18733.6962,16.2983,16.1707,0.1276,17.4268,0.5223,0.5164,0.0059,NA,NA,NA
ExperienceX.exe,56308,0x216C7EA03E0,DXGI,1,0,0,Composed: Flip,18767.7914,NA,17.92450000000000,NA,0.05900000000000,1.76740000000000,NA,18749.9945,17.8559,17.7969,0.0590,17.1378,2.4265,2.4265,0.0000,NA,NA,NA
ExperienceX.exe,56308,0x216838E1150,DXGI,1,0,0,Composed: Flip,18766.7856,NA,16.91910000000000,16.58650000000000,0.94510000000000,5.20230000000000,32.5254,18749.9949,17.7358,16.7907,0.9451,20.7490,1.2440,1.2385,0.0055,0.2046,18749.9949,NA
ExperienceX.exe,56308,0x216838E1150,DXGI,1,0,0,Composed: Flip,18783.0359,NA,16.25030000000000,NA,0.09750000000000,1.85080000000000,NA,18767.7307,15.4027,15.3052,0.0975,16.6449,0.5111,0.5111,0.0000,NA,NA,NA
ExperienceX.exe,56308,0x216C7EA03E0,DXGI,1,0,0,Composed: Flip,18783.0368,NA,15.24540000000000,233.31960000000001,0.09670000000000,1.33880000000000,32.9204,18767.8504,15.2831,15.1864,0.0967,15.3192,1.2060,1.2060,0.0000,-0.4810,18767.8504,NA
ExperienceX.exe,56308,0x216C7EA03E0,DXGI,1,0,0,Composed: Flip,18800.5825,NA,17.54570000000000,NA,0.17940000000000,2.54030000000000,NA,18783.1335,17.6284,17.4490,0.1794,19.4912,0.4981,0.4981,0.0000,NA,NA,NA
ExperienceX.exe,56308,0x216C7EA03E0,DXGI,1,0,0,Composed: Flip,18816.1367,NA,15.55420000000000,33.33830000000000,0.12530000000000,1.16170000000000,33.1588,18800.7619,15.5001,15.3748,0.1253,16.0233,0.5132,0.5132,0.0000,-0.4268,18800.7619,NA
ExperienceX.exe,56308,0x216838E1150,DXGI,1,0,0,Composed: Flip,18800.4087,NA,17.37280000000000,33.39530000000000,0.09520000000000,2.21600000000000,32.2976,18783.1334,17.3705,17.2753,0.0952,16.9057,2.5856,2.5856,0.0000,-0.2568,18783.1334,NA
ExperienceX.exe,56308,0x216838E1150,DXGI,1,0,0,Composed: Flip,18816.1359,NA,15.72720000000000,NA,0.12640000000000,1.67190000000000,NA,18800.5039,15.7584,15.6320,0.1264,16.7945,0.5094,0.5035,0.0059,NA,NA,NA
ExperienceX.exe,56308,0x216838E1150,DXGI,1,0,0,Composed: Flip,18833.7221,NA,17.58620000000000,NA,0.08830000000000,4.95710000000000,NA,18816.2623,17.5481,17.4598,0.0883,21.9282,0.4887,0.4835,0.0052,NA,NA,NA
ExperienceX.exe,56308,0x216C7EA03E0,DXGI,1,0,0,Composed: Flip,18833.6992,NA,17.56250000000000,16.80020000000000,0.37900000000000,4.01060000000000,32.3965,18816.2620,17.8162,17.4372,0.3790,17.1404,4.3074,4.3074,0.0000,-1.3001,18816.2620,NA
ExperienceX.exe,56308,0x216C7EA03E0,DXGI,1,0,0,Composed: Flip,18849.4937,NA,15.79450000000000,NA,0.11950000000000,1.69720000000000,NA,18834.0782,15.5350,15.4155,0.1195,16.5929,0.5198,0.5114,0.0084,NA,NA,NA
ExperienceX.exe,56308,0x216C7EA03E0,DXGI,1,0,0,Composed: Flip,18867.5577,NA,18.06400000000000,33.21180000000000,0.13480000000000,4.24990000000000,31.7498,18849.6132,18.0793,17.9445,0.1348,19.5164,2.6780,2.6780,0.0000,0.1394,18849.6132,NA
ExperienceX.exe,56308,0x216838E1150,DXGI,1,0,0,Composed: Flip,18849.4930,NA,15.77090000000000,49.95540000000000,0.12060000000000,0.66600000000000,33.1687,18833.8104,15.8032,15.6826,0.1206,15.7946,0.5540,0.5540,0.0000,0.7216,18833.8104,NA
ExperienceX.exe,56308,0x216838E1150,DXGI,1,0,0,Composed: Flip,18867.6126,NA,18.11960000000000,NA,0.08800000000000,1.51700000000000,NA,18849.6136,18.0870,17.9990,0.0880,17.3975,2.1185,2.1185,0.0000,NA,NA,NA
ExperienceX.exe,56308,0x216838E1150,DXGI,1,0,0,Composed: Flip,18882.9138,NA,15.30120000000000,NA,0.12030000000000,0.69440000000000,NA,18867.7006,15.3335,15.2132,0.1203,15.3531,0.5545,0.5545,0.0000,NA,NA,NA
ExperienceX.exe,56308,0x216838E1150,DXGI,1,0,0,Composed: Flip,18900.3323,NA,17.41850000000000,49.98230000000000,0.04310000000000,3.34660000000000,32.3117,18883.0341,17.3413,17.2982,0.0431,16.8414,3.8034,3.8034,0.0000,-0.7586,18883.0341,NA
ExperienceX.exe,56308,0x216838E1150,DXGI,1,0,0,Composed: Flip,18916.2933,NA,15.96100000000000,16.65010000000000,0.05440000000000,0.61180000000000,33.0008,18900.3754,15.9723,15.9179,0.0544,15.9791,0.5506,0.5506,0.0000,0.6912,18900.3754,NA
ExperienceX.exe,56308,0x216C829D570,DXGI,1,0,0,Composed: Flip,18716.1847,NA,15.97080000000000,33.44740000000000,0.04990000000000,1.61650000000000,33.2347,18700.6247,15.6099,15.5600,0.0499,16.6702,0.5063,0.5028,0.0035,0.2027,18700.6247,NA
ExperienceX.exe,56308,0x216C829D570,DXGI,1,0,0,Composed: Flip,18733.5011,NA,17.31640000000000,NA,0.33280000000000,1.87500000000000,NA,18716.2346,17.5993,17.2665,0.3328,17.0271,2.1144,2.1144,0.0000,NA,NA,NA
ExperienceX.exe,56308,0x216C829D570,DXGI,1,0,0,Composed: Flip,18749.9147,NA,16.41360000000000,NA,0.27910000000000,1.20830000000000,NA,18733.8339,16.3599,16.0808,0.2791,16.9772,0.3119,0.3119,0.0000,NA,NA,NA
ExperienceX.exe,56308,0x216C829D570,DXGI,1,0,0,Composed: Flip,18767.4510,NA,17.53630000000000,NA,0.15010000000000,3.29290000000000,NA,18750.1938,17.4073,17.2572,0.1501,19.3650,1.1851,1.1851,0.0000,NA,NA,NA
ExperienceX.exe,56308,0x216C829D570,DXGI,1,0,0,Composed: Flip,18783.0619,NA,15.61090000000000,NA,0.27290000000000,2.33010000000000,NA,18767.6011,15.7337,15.4608,0.2729,17.2856,0.5053,0.5028,0.0025,NA,NA,NA
ExperienceX.exe,56308,0x216C829D570,DXGI,1,0,0,Composed: Flip,18800.6280,NA,17.56610000000000,NA,0.13390000000000,5.48370000000000,NA,18783.3348,17.4271,17.2932,0.1339,19.7880,2.9889,2.9705,0.0184,NA,NA,NA
ExperienceX.exe,56308,0x216C829D570,DXGI,1,0,0,Composed: Flip,18816.1366,NA,15.50860000000000,NA,0.12550000000000,0.64860000000000,NA,18800.7619,15.5002,15.3747,0.1255,15.4763,0.5470,0.5470,0.0000,NA,NA,NA
ExperienceX.exe,56308,0x216C829D570,DXGI,1,0,0,Composed: Flip,18833.9490,NA,17.81240000000000,NA,0.06040000000000,4.24150000000000,NA,18816.2621,17.7473,17.6869,0.0604,21.4477,0.4807,0.4807,0.0000,NA,NA,NA
ExperienceX.exe,56308,0x216C829D570,DXGI,1,0,0,Composed: Flip,18849.4934,NA,15.54440000000000,NA,0.11980000000000,1.17770000000000,NA,18834.0094,15.6038,15.4840,0.1198,16.1496,0.5121,0.5121,0.0000,NA,NA,NA
ExperienceX.exe,56308,0x216C829D570,DXGI,1,0,0,Composed: Flip,18866.9587,NA,17.46530000000000,NA,0.12730000000000,5.33000000000000,NA,18849.6132,17.4728,17.3455,0.1273,22.1944,0.4811,0.4760,0.0051,NA,NA,NA
ExperienceX.exe,56308,0x216C829D570,DXGI,1,0,0,Composed: Flip,18900.2054,NA,33.24670000000000,NA,0.04350000000000,7.13780000000000,NA,18867.0860,33.1629,33.1194,0.0435,37.0805,3.1767,3.1702,0.0065,NA,NA,NA
ExperienceX.exe,56308,0x216C829D570,DXGI,1,0,0,Composed: Flip,18916.3699,NA,16.16450000000000,NA,0.22630000000000,1.06900000000000,NA,18900.2489,16.3473,16.1210,0.2263,16.6562,0.5338,0.5338,0.0000,NA,NA,NA
ExperienceX.exe,56308,0x216C829D570,DXGI,1,0,0,Composed: Flip,18933.7560,NA,17.38610000000000,NA,0.16310000000000,3.86460000000000,NA,18916.5962,17.3229,17.1598,0.1631,19.9706,1.0538,1.0538,0.0000,NA,NA,NA
ExperienceX.exe,56308,0x0,Other,-1,0,0,Composed: Flip,18116.8240,NA,166.27250000000001,399.88610000000000,0.00000000000000,1.39500000000000,32.4982,17950.5515,166.2725,166.2725,0.0000,167.1892,0.4783,0.4783,0.0000,167.3487,17950.5515,NA
ExperienceX.exe,56308,0x0,Other,-1,0,0,Composed: Flip,18634.0039,NA,517.17989999999998,NA,0.00000000000000,3.19800000000000,NA,18116.8240,517.1799,517.1799,0.0000,519.9044,0.4735,0.4735,0.0000,NA,NA,NA
ExperienceX.exe,56308,0x0,Other,-1,0,0,Composed: Flip,18883.2697,NA,249.26580000000001,NA,0.00000000000000,1.36390000000000,NA,18634.0039,249.2658,249.2658,0.0000,250.1145,0.5152,0.5084,0.0068,NA,NA,NA
ExperienceX.exe,56308,0x216838E1150,DXGI,1,0,0,Composed: Flip,18933.6719,NA,17.37860000000000,16.68360000000000,0.05260000000000,2.41200000000000,32.3058,18916.3477,17.3768,17.3242,0.0526,17.1311,2.6051,2.6051,0.0000,-0.7113,18916.3477,NA
ExperienceX.exe,56308,0x216838E1150,DXGI,1,0,0,Composed: Flip,18949.5327,NA,15.86080000000000,NA,0.12230000000000,0.64880000000000,NA,18933.7245,15.9305,15.8082,0.1223,3.8961,12.5609,0.6633,11.8976,NA,NA,NA
ExperienceX.exe,56308,0x216838E1150,DXGI,1,0,0,Composed: Flip,18966.4857,NA,16.95300000000000,NA,0.71130000000000,7.52260000000000,NA,18949.6550,17.5420,16.8307,0.7113,20.8638,3.4895,3.4847,0.0048,NA,NA,NA
ExperienceX.exe,56308,0x216838E1150,DXGI,1,0,0,Composed: Flip,18982.9017,NA,16.41600000000000,50.01330000000000,0.14420000000000,1.21620000000000,33.0893,18967.1970,15.8489,15.7047,0.1442,16.4522,0.4687,0.4687,0.0000,0.8360,18967.1970,NA
ExperienceX.exe,56308,0x216C829D570,DXGI,1,0,0,Composed: Flip,18949.5328,NA,15.77680000000000,233.23900000000000,0.12230000000000,1.67210000000000,33.1256,18933.9191,15.7360,15.6137,0.1223,16.7764,0.5094,0.5040,0.0054,0.0554,18933.9191,NA
ExperienceX.exe,56308,0x216C829D570,DXGI,1,0,0,Composed: Flip,18982.9173,NA,33.38450000000000,NA,0.15750000000000,1.70400000000000,NA,18949.6551,33.4197,33.2622,0.1575,34.4628,0.5034,0.4994,0.0040,NA,NA,NA
ExperienceX.exe,56308,0x216C829D570,DXGI,1,0,0,Composed: Flip,19000.9164,NA,17.99910000000000,NA,0.04800000000000,5.62820000000000,NA,18983.0748,17.8896,17.8416,0.0480,20.5394,2.9304,2.9243,0.0061,NA,NA,NA
ExperienceX.exe,56308,0x216838E1150,DXGI,1,0,0,Composed: Flip,19000.3022,NA,17.40050000000000,16.64170000000000,0.56370000000000,2.82550000000000,32.3305,18983.0459,17.8200,17.2563,0.5637,17.4739,2.6079,2.6079,0.0000,-0.7928,18983.0459,NA
ExperienceX.exe,56308,0x216838E1150,DXGI,1,0,0,Composed: Flip,19016.3882,NA,16.08600000000000,NA,0.08930000000000,1.68200000000000,NA,19000.8659,15.6116,15.5223,0.0893,16.6935,0.5108,0.5065,0.0043,NA,NA,NA
ExperienceX.exe,56308,0x216838E1150,DXGI,1,0,0,Composed: Flip,19033.4346,NA,17.04640000000000,33.34990000000000,0.27050000000000,3.67680000000000,32.5480,19016.4775,17.2276,16.9571,0.2705,16.7755,3.8584,3.8584,0.0000,0.0817,19016.4775,NA
ExperienceX.exe,56308,0x216838E1150,DXGI,1,0,0,Composed: Flip,19049.4563,NA,16.02170000000000,16.71810000000000,0.10420000000000,1.73040000000000,33.2444,19033.7051,15.8554,15.7512,0.1042,16.9144,0.5672,0.5616,0.0056,0.5095,19033.7051,NA
ExperienceX.exe,56308,0x216C7EA03E0,DXGI,1,0,0,Composed: Flip,18882.9131,NA,15.35540000000000,16.68980000000000,0.12100000000000,1.20530000000000,33.0842,18867.6925,15.3416,15.2206,0.1210,15.9157,0.5102,0.5102,0.0000,1.3895,18867.6925,NA
ExperienceX.exe,56308,0x216C7EA03E0,DXGI,1,0,0,Composed: Flip,18900.0236,NA,17.11050000000000,NA,0.05920000000000,4.14290000000000,NA,18883.0341,17.0487,16.9895,0.0592,20.6448,0.4876,0.4876,0.0000,NA,NA,NA
ExperienceX.exe,56308,0x216C7EA03E0,DXGI,1,0,0,Composed: Flip,18916.3704,NA,16.34680000000000,NA,0.22610000000000,1.56680000000000,NA,18900.0828,16.5137,16.2876,0.2261,17.3561,0.4983,0.4916,0.0067,NA,NA,NA
ExperienceX.exe,56308,0x216C7EA03E0,DXGI,1,0,0,Composed: Flip,18933.3209,NA,16.95050000000000,NA,0.09530000000000,3.24590000000000,NA,18916.5965,16.8197,16.7244,0.0953,19.4874,0.4829,0.4829,0.0000,NA,NA,NA
ExperienceX.exe,56308,0x216C7EA03E0,DXGI,1,0,0,Composed: Flip,18949.5325,NA,16.21160000000000,NA,0.12250000000000,1.16300000000000,NA,18933.4162,16.2388,16.1163,0.1225,16.7653,0.5140,0.5140,0.0000,NA,NA,NA
ExperienceX.exe,56308,0x216C7EA03E0,DXGI,1,0,0,Composed: Flip,18967.4281,NA,17.89560000000000,NA,0.13430000000000,3.09070000000000,NA,18949.6550,17.9074,17.7731,0.1343,20.3698,0.4940,0.4940,0.0000,NA,NA,NA
ExperienceX.exe,56308,0x216C7EA03E0,DXGI,1,0,0,Composed: Flip,18982.9015,NA,15.47340000000000,NA,0.14420000000000,0.74770000000000,NA,18967.5624,15.4833,15.3391,0.1442,15.4815,0.6053,0.6053,0.0000,NA,NA,NA
ExperienceX.exe,56308,0x216C7EA03E0,DXGI,1,0,0,Composed: Flip,19000.7745,NA,17.87300000000000,NA,0.07390000000000,2.83970000000000,NA,18983.0457,17.8027,17.7288,0.0739,20.0820,0.4865,0.4865,0.0000,NA,NA,NA
ExperienceX.exe,56308,0x216C7EA03E0,DXGI,1,0,0,Composed: Flip,19016.3874,NA,15.61290000000000,NA,0.09020000000000,1.17200000000000,NA,19000.8484,15.6292,15.5390,0.0902,16.4488,0.2622,0.2622,0.0000,NA,NA,NA
ExperienceX.exe,56308,0x216C7EA03E0,DXGI,1,0,0,Composed: Flip,19033.0861,NA,16.69870000000000,NA,0.09710000000000,6.86210000000000,NA,19016.4776,16.7056,16.6085,0.0971,21.1047,2.3659,2.3579,0.0080,NA,NA,NA
ExperienceX.exe,56308,0x216C7EA03E0,DXGI,1,0,0,Composed: Flip,19067.4802,NA,34.39410000000000,NA,0.06240000000000,2.87060000000000,NA,19033.1832,34.3594,34.2970,0.0624,36.6879,0.4797,0.4797,0.0000,NA,NA,NA
ExperienceX.exe,56308,0x216C7EA03E0,DXGI,1,0,0,Composed: Flip,19082.9532,NA,15.47300000000000,200.00360000000001,0.08580000000000,1.68720000000000,33.0477,19067.5426,15.4964,15.4106,0.0858,16.5775,0.5203,0.5141,0.0062,-0.1535,19067.5426,NA
ExperienceX.exe,56308,0x216838E1150,DXGI,1,0,0,Composed: Flip,19067.4488,NA,17.99250000000000,16.63990000000000,0.14610000000000,2.42230000000000,31.8918,19049.5605,18.0344,17.8883,0.1461,17.1963,3.1143,3.1143,0.0000,-0.7845,19049.5605,NA
ExperienceX.exe,56308,0x216838E1150,DXGI,1,0,0,Composed: Flip,19082.9850,NA,15.53620000000000,NA,0.14670000000000,0.67340000000000,NA,19067.5949,15.5368,15.3901,0.1467,3.2494,12.8141,0.6867,12.1274,NA,NA,NA
ExperienceX.exe,56308,0x216838E1150,DXGI,1,0,0,Composed: Flip,19100.5607,NA,17.57570000000000,NA,0.17360000000000,3.72190000000000,NA,19083.1317,17.6026,17.4290,0.1736,20.6429,0.5080,0.5080,0.0000,NA,NA,NA
ExperienceX.exe,56308,0x216838E1150,DXGI,1,0,0,Composed: Flip,19116.2382,NA,15.67750000000000,50.07360000000000,0.11830000000000,0.77920000000000,33.1760,19100.7343,15.6222,15.5039,0.1183,3.5483,12.7348,0.7276,12.0072,1.1002,19100.7343,NA
ExperienceX.exe,56308,0x0,Other,-1,0,0,Composed: Flip,18967.3726,NA,84.10290000000001,850.09370000000001,0.00000000000000,2.65220000000000,32.0433,18883.2697,84.1029,84.1029,0.0000,83.3924,3.3627,3.3627,0.0000,82.6245,18883.2697,NA
ExperienceX.exe,56308,0x0,Other,-1,0,0,Composed: Flip,19049.8534,NA,82.48080000000000,NA,0.00000000000000,0.31240000000000,NA,18967.3726,82.4808,82.4808,0.0000,82.1923,0.6009,0.6009,0.0000,NA,NA,NA
ExperienceX.exe,56308,0x0,Other,-1,0,0,Composed: Flip,19116.6630,NA,66.80960000000000,NA,0.00000000000000,0.76300000000000,NA,19049.8534,66.8096,66.8096,0.0000,67.1640,0.4086,0.4086,0.0000,NA,NA,NA
ExperienceX.exe,56308,0x216C829D570,DXGI,1,0,0,Composed: Flip,19016.3886,NA,15.47220000000000,66.63670000000000,0.08900000000000,0.90860000000000,32.9065,19000.9644,15.5132,15.4242,0.0890,15.5178,0.8150,0.8150,0.0000,0.4086,19000.9644,NA
ExperienceX.exe,56308,0x216C829D570,DXGI,1,0,0,Composed: Flip,19033.0865,NA,16.69790000000000,NA,0.09880000000000,4.49580000000000,NA,19016.4776,16.7077,16.6089,0.0988,20.6338,0.4709,0.4709,0.0000,NA,NA,NA
ExperienceX.exe,56308,0x216C829D570,DXGI,1,0,0,Composed: Flip,19049.4564,NA,16.36990000000000,NA,0.10510000000000,1.16310000000000,NA,19033.1853,16.3762,16.2711,0.1051,16.9805,0.4537,0.4537,0.0000,NA,NA,NA
ExperienceX.exe,56308,0x216C829D570,DXGI,1,0,0,Composed: Flip,19067.4050,NA,17.94860000000000,NA,0.11880000000000,3.43930000000000,NA,19049.5615,17.9623,17.8435,0.1188,20.7893,0.4935,0.4935,0.0000,NA,NA,NA
ExperienceX.exe,56308,0x216C829D570,DXGI,1,0,0,Composed: Flip,19082.9491,NA,15.54410000000000,NA,0.07600000000000,1.17100000000000,NA,19067.5238,15.5013,15.4253,0.0760,16.1346,0.4617,0.4617,0.0000,NA,NA,NA
ExperienceX.exe,56308,0x216C829D570,DXGI,1,0,0,Composed: Flip,19100.8323,NA,17.88320000000000,NA,0.05310000000000,2.94230000000000,NA,19083.0251,17.8603,17.8072,0.0531,20.2674,0.4821,0.4821,0.0000,NA,NA,NA
ExperienceX.exe,56308,0x216C829D570,DXGI,1,0,0,Composed: Flip,19116.2380,NA,15.40570000000000,NA,0.11820000000000,1.68460000000000,NA,19100.8854,15.4708,15.3526,0.1182,16.5406,0.4966,0.4899,0.0067,NA,NA,NA
ExperienceX.exe,56308,0x216C829D570,DXGI,1,0,0,Composed: Flip,19133.5316,NA,17.29360000000000,NA,0.36260000000000,5.72200000000000,NA,19116.3562,17.5380,17.1754,0.3626,22.4123,0.4851,0.4788,0.0063,NA,NA,NA
ExperienceX.exe,56308,0x216C829D570,DXGI,1,0,0,Composed: Flip,19149.6597,NA,16.12810000000000,NA,0.12860000000000,0.68160000000000,NA,19133.8942,15.8941,15.7655,0.1286,15.8833,0.5638,0.5638,0.0000,NA,NA,NA
ExperienceX.exe,56308,0x216C829D570,DXGI,1,0,0,Composed: Flip,19168.4111,NA,18.75140000000000,150.10360000000000,0.25580000000000,2.33030000000000,30.9876,19149.7883,18.8786,18.6228,0.2558,17.7688,3.1843,3.1843,0.0000,-1.2797,19149.7883,NA
ExperienceX.exe,56308,0x216838E1150,DXGI,1,0,0,Composed: Flip,19133.7939,NA,17.55570000000000,16.75010000000000,0.09620000000000,4.97460000000000,32.3704,19116.3565,17.5336,17.4374,0.0962,18.9913,3.4207,3.4207,0.0000,-1.1279,19116.3565,NA
ExperienceX.exe,56308,0x216838E1150,DXGI,1,0,0,Composed: Flip,19168.2203,NA,34.42640000000000,NA,0.38090000000000,3.43970000000000,NA,19133.8901,34.7111,34.3302,0.3809,37.2868,0.4831,0.4831,0.0000,NA,NA,NA
ExperienceX.exe,56308,0x216838E1150,DXGI,1,0,0,Composed: Flip,19183.2357,NA,15.01540000000000,NA,0.19310000000000,0.75020000000000,NA,19168.6012,14.8276,14.6345,0.1931,3.0588,12.3259,0.8605,11.4654,NA,NA,NA
ExperienceX.exe,56308,0x216838E1150,DXGI,1,0,0,Composed: Flip,19200.8570,NA,17.62130000000000,66.53140000000000,0.15120000000000,3.81190000000000,31.8387,19183.4288,17.5794,17.4282,0.1512,16.8699,4.3702,4.3702,0.0000,0.5409,19183.4288,NA
ExperienceX.exe,56308,0x216C7EA03E0,DXGI,1,0,0,Composed: Flip,19100.4553,NA,17.50210000000000,16.65480000000000,0.53680000000000,2.83720000000000,32.2004,19083.0390,17.9531,17.4163,0.5368,17.1666,3.0869,3.0869,0.0000,-1.1584,19083.0390,NA
ExperienceX.exe,56308,0x216C7EA03E0,DXGI,1,0,0,Composed: Flip,19133.3951,NA,32.93980000000000,NA,0.21260000000000,1.95270000000000,NA,19100.9921,32.6156,32.4030,0.2126,32.2439,2.1118,2.1118,0.0000,NA,NA,NA
ExperienceX.exe,56308,0x216C7EA03E0,DXGI,1,0,0,Composed: Flip,19168.0065,NA,34.61140000000000,NA,0.11230000000000,3.17040000000000,NA,19133.6077,34.5111,34.3988,0.1123,37.1337,0.4355,0.4355,0.0000,NA,NA,NA
ExperienceX.exe,56308,0x216C7EA03E0,DXGI,1,0,0,Composed: Flip,19183.2369,NA,15.23040000000000,NA,0.19190000000000,1.40490000000000,NA,19168.1188,15.3100,15.1181,0.1919,15.8671,0.6559,0.6559,0.0000,NA,NA,NA
ExperienceX.exe,56308,0x216C7EA03E0,DXGI,1,0,0,Composed: Flip,19200.5528,NA,17.31590000000000,NA,0.40870000000000,4.56620000000000,NA,19183.4288,17.5327,17.1240,0.4087,21.2401,0.4501,0.4501,0.0000,NA,NA,NA
ExperienceX.exe,56308,0x216C7EA03E0,DXGI,1,0,0,Composed: Flip,19216.2140,NA,15.66120000000000,NA,0.14070000000000,1.23490000000000,NA,19200.9615,15.3932,15.2525,0.1407,16.2129,0.2745,0.2745,0.0000,NA,NA,NA
ExperienceX.exe,56308,0x216C7EA03E0,DXGI,1,0,0,Composed: Flip,19233.7559,NA,17.54190000000000,133.40610000000001,0.11860000000000,2.20100000000000,32.3059,19216.3547,17.5198,17.4012,0.1186,16.9963,2.6059,2.6059,0.0000,-0.0904,19216.3547,NA
ExperienceX.exe,56308,0x216C7EA03E0,DXGI,1,0,0,Composed: Flip,19249.5054,NA,15.74950000000000,16.63700000000000,0.10740000000000,1.33540000000000,33.1934,19233.8745,15.7383,15.6309,0.1074,16.3147,0.6516,0.6516,0.0000,0.8828,19233.8745,NA
ExperienceX.exe,56308,0x216C7EA03E0,DXGI,1,0,0,Composed: Flip,19267.6621,NA,18.15670000000000,16.76750000000000,0.10740000000000,4.68450000000000,31.8042,19249.6128,18.1567,18.0493,0.1074,21.0017,1.7321,1.7251,0.0070,-1.0292,19249.6128,NA
ExperienceX.exe,56308,0x216838E1150,DXGI,1,0,0,Composed: Flip,19216.2143,NA,15.35730000000000,16.61280000000000,0.14040000000000,0.96010000000000,33.0942,19201.0082,15.3465,15.2061,0.1404,15.3547,0.8115,0.8115,0.0000,0.9666,19201.0082,NA
ExperienceX.exe,56308,0x216838E1150,DXGI,1,0,0,Composed: Flip,19233.6132,NA,17.39890000000000,NA,0.39650000000000,2.87040000000000,NA,19216.3547,17.6550,17.2585,0.3965,19.6022,0.5267,0.5267,0.0000,NA,NA,NA
ExperienceX.exe,56308,0x216838E1150,DXGI,1,0,0,Composed: Flip,19249.5070,NA,15.89380000000000,NA,0.10580000000000,1.71950000000000,NA,19234.0097,15.6031,15.4973,0.1058,16.8311,0.3857,0.3777,0.0080,NA,NA,NA
ExperienceX.exe,56308,0x216838E1150,DXGI,1,0,0,Composed: Flip,19267.6735,NA,18.16650000000000,NA,0.09980000000000,2.94100000000000,NA,19249.6128,18.1605,18.0607,0.0998,19.6333,1.3684,1.3684,0.0000,NA,NA,NA
ExperienceX.exe,56308,0x216838E1150,DXGI,1,0,0,Composed: Flip,19282.9101,NA,15.23660000000000,NA,0.05390000000000,1.22260000000000,NA,19267.7733,15.1907,15.1368,0.0539,15.9717,0.3877,0.3877,0.0000,NA,NA,NA
ExperienceX.exe,56308,0x216C7EA03E0,DXGI,1,0,0,Composed: Flip,19282.9069,NA,15.24480000000000,16.50500000000000,0.05710000000000,0.83810000000000,33.0644,19267.7695,15.1945,15.1374,0.0571,15.2800,0.6955,0.6955,0.0000,1.6517,19267.7695,NA
ExperienceX.exe,56308,0x216C7EA03E0,DXGI,1,0,0,Composed: Flip,19300.9573,NA,18.05040000000000,NA,0.29210000000000,2.96140000000000,NA,19282.9640,18.2854,17.9933,0.2921,20.4561,0.4986,0.4986,0.0000,NA,NA,NA
ExperienceX.exe,56308,0x216C829D570,DXGI,1,0,0,Composed: Flip,19183.2352,NA,14.82410000000000,16.58000000000000,0.19370000000000,1.76480000000000,32.7435,19168.6669,14.7620,14.5683,0.1937,15.9749,0.3582,0.3525,0.0057,2.2986,19168.6669,NA
ExperienceX.exe,56308,0x216C829D570,DXGI,1,0,0,Composed: Flip,19200.1285,NA,16.89330000000000,NA,0.13470000000000,5.48790000000000,NA,19183.4289,16.8343,16.6996,0.1347,21.6901,0.4974,0.4938,0.0036,NA,NA,NA
ExperienceX.exe,56308,0x216C829D570,DXGI,1,0,0,Composed: Flip,19216.2141,NA,16.08560000000000,NA,0.14100000000000,1.73160000000000,NA,19200.2632,16.0919,15.9509,0.1410,17.1857,0.4968,0.4939,0.0029,NA,NA,NA
ExperienceX.exe,56308,0x216C829D570,DXGI,1,0,0,Composed: Flip,19233.2443,NA,17.03020000000000,NA,0.50360000000000,6.13330000000000,NA,19216.3551,17.3928,16.8892,0.5036,20.1285,2.8940,2.8885,0.0055,NA,NA,NA
ExperienceX.exe,56308,0x216C829D570,DXGI,1,0,0,Composed: Flip,19249.5052,NA,16.26090000000000,NA,0.10770000000000,0.68400000000000,NA,19233.7479,15.8650,15.7573,0.1077,15.8753,0.5660,0.5660,0.0000,NA,NA,NA
ExperienceX.exe,56308,0x216C829D570,DXGI,1,0,0,Composed: Flip,19267.5679,NA,18.06270000000000,NA,0.51720000000000,1.67820000000000,NA,19249.6129,18.4722,17.9550,0.5172,17.4226,2.2106,2.2106,0.0000,NA,NA,NA
ExperienceX.exe,56308,0x216C829D570,DXGI,1,0,0,Composed: Flip,19282.9921,NA,15.42420000000000,NA,0.20490000000000,1.65430000000000,NA,19268.0851,15.1119,14.9070,0.2049,16.0476,0.5137,0.5066,0.0071,NA,NA,NA
ExperienceX.exe,56308,0x216C829D570,DXGI,1,0,0,Composed: Flip,19300.7138,NA,17.72170000000000,NA,0.37200000000000,3.69340000000000,NA,19283.1970,17.8888,17.5168,0.3720,20.7217,0.4885,0.4885,0.0000,NA,NA,NA
ExperienceX.exe,56308,0x216C829D570,DXGI,1,0,0,Composed: Flip,19316.1592,NA,15.44540000000000,NA,0.12020000000000,0.69090000000000,NA,19301.0858,15.1936,15.0734,0.1202,3.3214,12.4429,0.7209,11.7220,NA,NA,NA
ExperienceX.exe,56308,0x216C7EA03E0,DXGI,1,0,0,Composed: Flip,19316.1599,NA,15.20260000000000,33.36150000000000,0.11960000000000,1.70820000000000,33.1729,19301.2494,15.0301,14.9105,0.1196,16.1136,0.5051,0.4999,0.0052,0.1184,19301.2494,NA
ExperienceX.exe,56308,0x216C7EA03E0,DXGI,1,0,0,Composed: Flip,19333.6273,NA,17.46740000000000,NA,0.06300000000000,3.38100000000000,NA,19316.2795,17.4108,17.3478,0.0630,19.2861,1.4427,1.4427,0.0000,NA,NA,NA
ExperienceX.exe,56308,0x216C7EA03E0,DXGI,1,0,0,Composed: Flip,19349.5383,NA,15.91100000000000,33.35970000000000,0.10990000000000,1.11520000000000,33.1542,19333.6903,15.9579,15.8480,0.1099,16.4791,0.4841,0.4841,0.0000,-0.9188,19333.6903,NA
ExperienceX.exe,56308,0x216838E1150,DXGI,1,0,0,Composed: Flip,19301.0957,NA,18.18560000000000,83.33890000000001,0.14590000000000,2.32440000000000,31.5517,19282.9640,18.2776,18.1317,0.1459,17.3852,3.0709,3.0709,0.0000,-1.3831,19282.9640,NA
ExperienceX.exe,56308,0x216838E1150,DXGI,1,0,0,Composed: Flip,19316.1593,NA,15.06360000000000,NA,0.12040000000000,1.20370000000000,NA,19301.2416,15.0381,14.9177,0.1204,15.6085,0.5129,0.5129,0.0000,NA,NA,NA
ExperienceX.exe,56308,0x216838E1150,DXGI,1,0,0,Composed: Flip,19333.2018,NA,17.04250000000000,NA,0.07180000000000,2.36380000000000,NA,19316.2797,16.9939,16.9221,0.0718,17.1354,2.1505,2.1505,0.0000,NA,NA,NA
ExperienceX.exe,56308,0x216838E1150,DXGI,1,0,0,Composed: Flip,19349.5381,NA,16.33630000000000,NA,0.11010000000000,1.64630000000000,NA,19333.2736,16.3746,16.2645,0.1101,17.3799,0.5309,0.5219,0.0090,NA,NA,NA
ExperienceX.exe,56308,0x216838E1150,DXGI,1,0,0,Composed: Flip,19367.6149,NA,18.07680000000000,NA,0.38470000000000,1.79530000000000,NA,19349.6482,18.3514,17.9667,0.3847,17.5796,2.1824,2.1824,0.0000,NA,NA,NA
ExperienceX.exe,56308,0x216C829D570,DXGI,1,0,0,Composed: Flip,19333.2022,NA,17.04300000000000,150.12830000000000,0.07890000000000,4.28290000000000,32.9048,19316.2794,17.0017,16.9228,0.0789,20.7289,0.4768,0.4768,0.0000,-2.5158,19316.2794,NA
ExperienceX.exe,56308,0x216C829D570,DXGI,1,0,0,Composed: Flip,19349.4954,NA,16.29320000000000,NA,0.08010000000000,0.67400000000000,NA,19333.2811,16.2944,16.2143,0.0801,4.2040,12.6843,0.8048,11.8795,NA,NA,NA
ExperienceX.exe,56308,0x216C829D570,DXGI,1,0,0,Composed: Flip,19366.9263,NA,17.43090000000000,NA,0.20850000000000,3.95590000000000,NA,19349.5755,17.5593,17.3508,0.2085,19.8347,1.4720,1.4720,0.0000,NA,NA,NA
ExperienceX.exe,56308,0x216C829D570,DXGI,1,0,0,Composed: Flip,19383.1880,NA,16.26170000000000,NA,0.17360000000000,2.52190000000000,NA,19367.1348,16.2268,16.0532,0.1736,18.0503,0.5248,0.5214,0.0034,NA,NA,NA
ExperienceX.exe,56308,0x216C7EA03E0,DXGI,1,0,0,Composed: Flip,19366.9266,NA,17.38830000000000,16.65140000000000,1.16810000000000,5.19030000000000,32.4173,19349.6482,18.4465,17.2784,1.1681,21.2340,1.2347,1.2265,0.0082,-0.6935,19349.6482,NA
ExperienceX.exe,56308,0x216C7EA03E0,DXGI,1,0,0,Composed: Flip,19383.1867,NA,16.26010000000000,NA,0.17470000000000,1.99840000000000,NA,19368.0947,15.2667,15.0920,0.1747,16.5904,0.5000,0.5000,0.0000,NA,NA,NA
ExperienceX.exe,56308,0x216C7EA03E0,DXGI,1,0,0,Composed: Flip,19400.4370,NA,17.25030000000000,NA,0.57990000000000,5.81300000000000,NA,19383.3614,17.6555,17.0756,0.5799,22.4678,0.4208,0.4146,0.0062,NA,NA,NA
ExperienceX.exe,56308,0x216C7EA03E0,DXGI,1,0,0,Composed: Flip,19416.1672,NA,15.73020000000000,49.94460000000000,0.11590000000000,0.63240000000000,33.1213,19401.0169,15.2662,15.1503,0.1159,15.2249,0.5578,0.5578,0.0000,1.4241,19401.0169,NA
ExperienceX.exe,56308,0x0,Other,-1,0,0,Composed: Flip,19149.9891,NA,33.32610000000000,183.37630000000001,0.00000000000000,1.36940000000000,32.8031,19116.6630,33.3261,33.3261,0.0000,34.1921,0.5034,0.4973,0.0061,50.0170,19116.6630,NA
ExperienceX.exe,56308,0x0,Other,-1,0,0,Composed: Flip,19150.0273,NA,0.03820000000000,NA,0.00000000000000,0.82780000000000,NA,19149.9891,0.0382,0.0382,0.0000,0.3522,0.5138,0.5138,0.0000,NA,NA,NA
ExperienceX.exe,56308,0x216C7EA03E0,DXGI,1,0,0,Composed: Flip,19433.5960,NA,17.42880000000000,16.65740000000000,0.10810000000000,5.23610000000000,32.3499,19416.2831,17.4210,17.3129,0.1081,19.0873,3.4617,3.4617,0.0000,-1.3912,19416.2831,NA
ExperienceX.exe,56308,0x216C829D570,DXGI,1,0,0,Composed: Flip,19400.4382,NA,17.25020000000000,66.52100000000000,0.25420000000000,5.39100000000000,32.1898,19383.3616,17.3308,17.0766,0.2542,18.9401,3.5275,3.5275,0.0000,0.5612,19383.3616,NA
ExperienceX.exe,56308,0x216C829D570,DXGI,1,0,0,Composed: Flip,19416.1674,NA,15.72920000000000,NA,0.11570000000000,1.12620000000000,NA,19400.6924,15.5907,15.4750,0.1157,16.1072,0.4940,0.4940,0.0000,NA,NA,NA
ExperienceX.exe,56308,0x216C829D570,DXGI,1,0,0,Composed: Flip,19433.4262,NA,17.25880000000000,NA,0.27820000000000,5.89480000000000,NA,19416.2831,17.4213,17.1431,0.2782,22.5490,0.4889,0.4816,0.0073,NA,NA,NA
ExperienceX.exe,56308,0x216C829D570,DXGI,1,0,0,Composed: Flip,19449.4744,NA,16.04820000000000,NA,0.13250000000000,1.13240000000000,NA,19433.7044,15.9025,15.7700,0.1325,15.9427,0.9597,0.9597,0.0000,NA,NA,NA
ExperienceX.exe,56308,0x216C829D570,DXGI,1,0,0,Composed: Flip,19466.3424,NA,16.86800000000000,NA,0.46160000000000,4.38820000000000,NA,19449.6069,17.1971,16.7355,0.4616,20.6440,0.4797,0.4797,0.0000,NA,NA,NA
ExperienceX.exe,56308,0x216838E1150,DXGI,1,0,0,Composed: Flip,19383.1872,NA,15.57230000000000,83.31080000000000,0.17590000000000,1.49790000000000,32.7710,19367.9996,15.3635,15.1876,0.1759,15.3901,1.2954,1.2954,0.0000,1.7248,19367.9996,NA
ExperienceX.exe,56308,0x216838E1150,DXGI,1,0,0,Composed: Flip,19400.8854,NA,17.69820000000000,NA,0.07720000000000,1.41630000000000,NA,19383.3631,17.5995,17.5223,0.0772,16.8204,2.1182,2.1182,0.0000,NA,NA,NA
ExperienceX.exe,56308,0x216838E1150,DXGI,1,0,0,Composed: Flip,19416.1497,NA,15.26430000000000,NA,0.07030000000000,1.65870000000000,NA,19400.9626,15.2574,15.1871,0.0703,16.3310,0.5148,0.5094,0.0054,NA,NA,NA
ExperienceX.exe,56308,0x216838E1150,DXGI,1,0,0,Composed: Flip,19433.4804,NA,17.33070000000000,NA,0.30820000000000,1.89000000000000,NA,19416.2200,17.5686,17.2604,0.3082,17.0363,2.1141,2.1141,0.0000,NA,NA,NA
ExperienceX.exe,56308,0x216838E1150,DXGI,1,0,0,Composed: Flip,19449.4743,NA,15.99390000000000,NA,0.13260000000000,1.61790000000000,NA,19433.7886,15.8183,15.6857,0.1326,16.8182,0.4854,0.4854,0.0000,NA,NA,NA
ExperienceX.exe,56308,0x216838E1150,DXGI,1,0,0,Composed: Flip,19466.5548,NA,17.08050000000000,NA,0.07090000000000,6.55370000000000,NA,19449.6069,17.0188,16.9479,0.0709,21.1237,2.3779,2.3692,0.0087,NA,NA,NA
ExperienceX.exe,56308,0x216838E1150,DXGI,1,0,0,Composed: Flip,19482.9616,NA,16.40680000000000,NA,0.05830000000000,1.52480000000000,NA,19466.6257,16.3942,16.3359,0.0583,17.3165,0.5442,0.5442,0.0000,NA,NA,NA
ExperienceX.exe,56308,0x216838E1150,DXGI,1,0,0,Composed: Flip,19500.6397,NA,17.67810000000000,116.69010000000000,0.14140000000000,2.34460000000000,32.0086,19483.0199,17.7612,17.6198,0.1414,17.3275,2.6369,2.6369,0.0000,-1.6698,19483.0199,NA
ExperienceX.exe,56308,0x216838E1150,DXGI,1,0,0,Composed: Flip,19516.7753,NA,16.13560000000000,16.68540000000000,0.14360000000000,0.75120000000000,32.5584,19500.7811,16.1378,15.9942,0.1436,16.1441,0.6013,0.6013,0.0000,1.0758,19500.7811,NA
ExperienceX.exe,56308,0x216C7EA03E0,DXGI,1,0,0,Composed: Flip,19466.3394,NA,32.74340000000000,33.37650000000000,0.47810000000000,3.91150000000000,32.9830,19433.7041,33.1134,32.6353,0.4781,32.7018,3.8450,3.8450,0.0000,-15.9555,19433.7041,NA
ExperienceX.exe,56308,0x216C7EA03E0,DXGI,1,0,0,Composed: Flip,19482.9613,NA,16.62190000000000,NA,0.05920000000000,0.98090000000000,NA,19466.8175,16.2030,16.1438,0.0592,16.2058,0.9189,0.9189,0.0000,NA,NA,NA
ExperienceX.exe,56308,0x216C7EA03E0,DXGI,1,0,0,Composed: Flip,19499.9117,NA,16.95040000000000,NA,0.28620000000000,3.61880000000000,NA,19483.0205,17.1774,16.8912,0.2862,19.9638,0.5462,0.5462,0.0000,NA,NA,NA
ExperienceX.exe,56308,0x216C7EA03E0,DXGI,1,0,0,Composed: Flip,19516.7610,NA,16.84930000000000,NA,0.20790000000000,1.26200000000000,NA,19500.1979,16.7710,16.5631,0.2079,17.3286,0.4965,0.4965,0.0000,NA,NA,NA
ExperienceX.exe,56308,0x216C7EA03E0,DXGI,1,0,0,Composed: Flip,19533.1675,NA,16.40650000000000,NA,0.56470000000000,3.33890000000000,NA,19516.9689,16.7633,16.1986,0.5647,18.9988,0.5387,0.5387,0.0000,NA,NA,NA
ExperienceX.exe,56308,0x216C829D570,DXGI,1,0,0,Composed: Flip,19482.9971,NA,16.65470000000000,83.70900000000000,0.16770000000000,1.95620000000000,33.3399,19466.8040,16.3608,16.1931,0.1677,17.6824,0.4669,0.4602,0.0067,-0.2666,19466.8040,NA
ExperienceX.exe,56308,0x216C829D570,DXGI,1,0,0,Composed: Flip,19500.6083,NA,17.61120000000000,NA,0.06900000000000,5.85580000000000,NA,19483.1648,17.5125,17.4435,0.0690,20.3657,2.9336,2.9280,0.0056,NA,NA,NA
ExperienceX.exe,56308,0x216C829D570,DXGI,1,0,0,Composed: Flip,19516.7629,NA,16.15460000000000,NA,0.20610000000000,1.77770000000000,NA,19500.6773,16.2917,16.0856,0.2061,17.3457,0.5176,0.5102,0.0074,NA,NA,NA
ExperienceX.exe,56308,0x216C829D570,DXGI,1,0,0,Composed: Flip,19534.0212,NA,17.25830000000000,NA,0.07170000000000,5.38400000000000,NA,19516.9690,17.1239,17.0522,0.0717,19.5374,2.8988,2.8928,0.0060,NA,NA,NA
ExperienceX.exe,56308,0x216C829D570,DXGI,1,0,0,Composed: Flip,19549.5682,NA,15.54700000000000,NA,0.12820000000000,0.67730000000000,NA,19534.0929,15.6035,15.4753,0.1282,15.5980,0.5546,0.5546,0.0000,NA,NA,NA
ExperienceX.exe,56308,0x216C7EA03E0,DXGI,1,0,0,Composed: Flip,19549.5685,NA,16.40100000000000,83.40610000000001,0.12780000000000,1.69180000000000,33.1600,19533.7322,15.9641,15.8363,0.1278,17.0261,0.5020,0.4984,0.0036,16.6220,19533.7322,NA
ExperienceX.exe,56308,0x216C7EA03E0,DXGI,1,0,0,Composed: Flip,19566.8608,NA,17.29230000000000,NA,0.41230000000000,1.86500000000000,NA,19549.6963,17.5768,17.1645,0.4123,16.9028,2.1267,2.1267,0.0000,NA,NA,NA
ExperienceX.exe,56308,0x216838E1150,DXGI,1,0,0,Composed: Flip,19533.9149,NA,17.13960000000000,16.62890000000000,0.18400000000000,2.05280000000000,32.0477,19516.9189,17.1800,16.9960,0.1840,16.4478,2.6010,2.6010,0.0000,-0.4911,19516.9189,NA
ExperienceX.exe,56308,0x216838E1150,DXGI,1,0,0,Composed: Flip,19549.5590,NA,15.64410000000000,NA,0.05800000000000,1.19930000000000,NA,19534.0989,15.5181,15.4601,0.0580,16.1466,0.5128,0.5128,0.0000,NA,NA,NA
ExperienceX.exe,56308,0x216838E1150,DXGI,1,0,0,Composed: Flip,19567.0825,NA,17.52350000000000,NA,0.42870000000000,5.56280000000000,NA,19549.6170,17.8942,17.4655,0.4287,22.5406,0.4877,0.4814,0.0063,NA,NA,NA
ExperienceX.exe,56308,0x216838E1150,DXGI,1,0,0,Composed: Flip,19583.1978,NA,16.11530000000000,NA,0.22390000000000,0.88740000000000,NA,19567.5112,15.9105,15.6866,0.2239,15.8496,0.7244,0.7244,0.0000,NA,NA,NA
ExperienceX.exe,56308,0x216838E1150,DXGI,1,0,0,Composed: Flip,19600.6517,NA,17.45390000000000,66.97780000000000,0.05250000000000,5.12240000000000,32.2887,19583.4217,17.2825,17.2300,0.0525,18.7864,3.5660,3.5660,0.0000,-0.4750,19583.4217,NA
ExperienceX.exe,56308,0x216C829D570,DXGI,1,0,0,Composed: Flip,19567.1394,NA,17.57120000000000,82.97620000000001,0.07170000000000,5.01820000000000,32.1738,19549.6964,17.5147,17.4430,0.0717,19.0294,3.4318,3.4318,0.0000,-0.0838,19549.6964,NA
ExperienceX.exe,56308,0x216C829D570,DXGI,1,0,0,Composed: Flip,19583.2096,NA,16.07020000000000,NA,0.34410000000000,1.43780000000000,NA,19567.2111,16.3426,15.9985,0.3441,16.8741,0.5622,0.5622,0.0000,NA,NA,NA
ExperienceX.exe,56308,0x216C829D570,DXGI,1,0,0,Composed: Flip,19600.3125,NA,17.10290000000000,NA,0.11100000000000,1.89560000000000,NA,19583.5537,16.8698,16.7588,0.1110,16.4577,2.1967,2.1967,0.0000,NA,NA,NA
ExperienceX.exe,56308,0x216C829D570,DXGI,1,0,0,Composed: Flip,19616.2922,NA,15.97970000000000,NA,0.06880000000000,1.21490000000000,NA,19600.4235,15.9375,15.8687,0.0688,16.6463,0.4373,0.4373,0.0000,NA,NA,NA
ExperienceX.exe,56308,0x216838E1150,DXGI,1,0,0,Composed: Flip,19616.3055,NA,15.65380000000000,16.36170000000000,0.05910000000000,0.76430000000000,32.9966,19600.7042,15.6604,15.6013,0.0591,15.6680,0.6976,0.6976,0.0000,0.9208,19600.7042,NA
ExperienceX.exe,56308,0x216838E1150,DXGI,1,0,0,Composed: Flip,19633.5643,NA,17.25880000000000,NA,0.13090000000000,6.51220000000000,NA,19616.3646,17.3306,17.1997,0.1309,23.2064,0.5055,0.5014,0.0041,NA,NA,NA
ExperienceX.exe,56308,0x216838E1150,DXGI,1,0,0,Composed: Flip,19649.4463,NA,15.88200000000000,33.31620000000000,0.05940000000000,0.70290000000000,33.1720,19633.6952,15.8105,15.7511,0.0594,15.8232,0.6308,0.6308,0.0000,-0.3252,19633.6952,NA
ExperienceX.exe,56308,0x216C7EA03E0,DXGI,1,0,0,Composed: Flip,19583.1981,NA,16.33730000000000,33.26750000000000,0.22360000000000,2.00410000000000,32.7979,19567.2731,16.1486,15.9250,0.2236,17.3743,0.5548,0.5445,0.0103,0.2734,19567.2731,NA
ExperienceX.exe,56308,0x216C7EA03E0,DXGI,1,0,0,Composed: Flip,19600.2696,NA,17.07150000000000,NA,0.36390000000000,6.01110000000000,NA,19583.4217,17.2118,16.8479,0.3639,22.3524,0.5066,0.4997,0.0069,NA,NA,NA
ExperienceX.exe,56308,0x216C7EA03E0,DXGI,1,0,0,Composed: Flip,19616.3013,NA,16.03170000000000,NA,0.06070000000000,1.72290000000000,NA,19600.6335,15.7285,15.6678,0.0607,16.8736,0.5171,0.5116,0.0055,NA,NA,NA
ExperienceX.exe,56308,0x216C7EA03E0,DXGI,1,0,0,Composed: Flip,19633.5644,NA,17.26310000000000,NA,0.12020000000000,6.00660000000000,NA,19616.3620,17.3226,17.2024,0.1202,22.7423,0.4667,0.4667,0.0000,NA,NA,NA
ExperienceX.exe,56308,0x216C7EA03E0,DXGI,1,0,0,Composed: Flip,19666.3878,NA,32.82340000000000,NA,0.32190000000000,7.07040000000000,NA,19633.6846,33.0251,32.7032,0.3219,37.2697,2.5039,2.4938,0.0101,NA,NA,NA
ExperienceX.exe,56308,0x216C7EA03E0,DXGI,1,0,0,Composed: Flip,19682.8446,NA,16.45680000000000,100.01320000000001,0.12590000000000,1.72280000000000,33.1646,19666.7097,16.2608,16.1349,0.1259,17.3233,0.5344,0.5293,0.0051,-0.5766,19666.7097,NA
ExperienceX.exe,56308,0x216C7EA03E0,DXGI,1,0,0,Composed: Flip,19700.2859,NA,17.44130000000000,16.62100000000000,0.23030000000000,4.26460000000000,32.3443,19682.9705,17.5457,17.3154,0.2303,17.0862,4.4938,4.4938,0.0000,-0.3602,19682.9705,NA
ExperienceX.exe,56308,0x216838E1150,DXGI,1,0,0,Composed: Flip,19666.6961,NA,17.24980000000000,16.66730000000000,0.05530000000000,3.76170000000000,32.5895,19649.5057,17.2457,17.1904,0.0553,16.9701,3.9820,3.9820,0.0000,-0.8568,19649.5057,NA
ExperienceX.exe,56308,0x216838E1150,DXGI,1,0,0,Composed: Flip,19682.8444,NA,16.14830000000000,NA,0.12610000000000,0.74040000000000,NA,19666.7514,16.2191,16.0930,0.1261,16.1890,0.6444,0.6444,0.0000,NA,NA,NA
ExperienceX.exe,56308,0x216838E1150,DXGI,1,0,0,Composed: Flip,19700.3091,NA,17.46470000000000,NA,0.10620000000000,4.74110000000000,NA,19682.9705,17.4448,17.3386,0.1062,21.5800,0.4997,0.4997,0.0000,NA,NA,NA
ExperienceX.exe,56308,0x216838E1150,DXGI,1,0,0,Composed: Flip,19716.3101,NA,16.00100000000000,NA,0.17300000000000,1.65970000000000,NA,19700.4153,16.0678,15.8948,0.1730,17.0325,0.5220,0.5184,0.0036,NA,NA,NA
ExperienceX.exe,56308,0x216C829D570,DXGI,1,0,0,Composed: Flip,19633.5655,NA,17.27330000000000,66.63980000000001,0.12900000000000,5.53880000000000,32.3875,19616.3610,17.3335,17.2045,0.1290,17.4722,5.2711,5.2711,0.0000,0.0248,19616.3610,NA
ExperienceX.exe,56308,0x216C829D570,DXGI,1,0,0,Composed: Flip,19649.4766,NA,15.91110000000000,NA,0.10240000000000,1.14070000000000,NA,19633.6945,15.8845,15.7821,0.1024,16.4547,0.4681,0.4681,0.0000,NA,NA,NA
ExperienceX.exe,56308,0x216C829D570,DXGI,1,0,0,Composed: Flip,19666.3871,NA,16.91050000000000,NA,0.10360000000000,4.56720000000000,NA,19649.5790,16.9117,16.8081,0.1036,20.8788,0.4965,0.4965,0.0000,NA,NA,NA
ExperienceX.exe,56308,0x216C829D570,DXGI,1,0,0,Composed: Flip,19682.8445,NA,16.45740000000000,NA,0.12610000000000,1.18850000000000,NA,19666.4907,16.4799,16.3538,0.1261,17.0941,0.4482,0.4482,0.0000,NA,NA,NA
ExperienceX.exe,56308,0x216C829D570,DXGI,1,0,0,Composed: Flip,19700.4683,NA,17.62380000000000,NA,0.08250000000000,5.08820000000000,NA,19682.9706,17.5802,17.4977,0.0825,22.0796,0.5063,0.5031,0.0032,NA,NA,NA
ExperienceX.exe,56308,0x216C829D570,DXGI,1,0,0,Composed: Flip,19716.2602,NA,15.79190000000000,NA,0.06200000000000,0.65420000000000,NA,19700.5508,15.7714,15.7094,0.0620,15.8014,0.5622,0.5622,0.0000,NA,NA,NA
ExperienceX.exe,56308,0x216C829D570,DXGI,1,0,0,Composed: Flip,19733.6178,NA,17.35760000000000,NA,0.54070000000000,3.46750000000000,NA,19716.3222,17.8363,17.2956,0.5407,20.2615,0.5016,0.5016,0.0000,NA,NA,NA
ExperienceX.exe,56308,0x216C7EA03E0,DXGI,1,0,0,Composed: Flip,19716.3102,NA,16.02430000000000,16.69310000000000,0.17280000000000,1.13760000000000,33.0131,19700.5162,15.9668,15.7940,0.1728,16.3982,0.5334,0.5334,0.0000,0.8526,19700.5162,NA
ExperienceX.exe,56308,0x216C7EA03E0,DXGI,1,0,0,Composed: Flip,19733.8614,NA,17.55120000000000,NA,0.09180000000000,3.74350000000000,NA,19716.4830,17.4702,17.3784,0.0918,20.6023,0.5196,0.5196,0.0000,NA,NA,NA
ExperienceX.exe,56308,0x216C7EA03E0,DXGI,1,0,0,Composed: Flip,19749.6682,NA,15.80680000000000,NA,0.17150000000000,2.49820000000000,NA,19733.9532,15.8865,15.7150,0.1715,17.7017,0.5115,0.5058,0.0057,NA,NA,NA
ExperienceX.exe,56308,0x216C829D570,DXGI,1,0,0,Composed: Flip,19749.6678,NA,16.05000000000000,116.69450000000001,0.17190000000000,1.98710000000000,32.9797,19734.1585,15.6812,15.5093,0.1719,16.9826,0.5138,0.5138,0.0000,1.1030,19734.1585,NA
ExperienceX.exe,56308,0x216C829D570,DXGI,1,0,0,Composed: Flip,19767.6316,NA,17.96380000000000,NA,0.93550000000000,3.10440000000000,NA,19749.8397,18.7274,17.7919,0.9355,20.4055,0.4908,0.4908,0.0000,NA,NA,NA
ExperienceX.exe,56308,0x216C7EA03E0,DXGI,1,0,0,Composed: Flip,19767.5765,NA,17.90830000000000,49.97410000000000,0.53440000000000,2.66870000000000,31.7209,19749.8397,18.2712,17.7368,0.5344,17.1937,3.2118,3.2118,0.0000,-0.6506,19749.8397,NA
ExperienceX.exe,56308,0x216C7EA03E0,DXGI,1,0,0,Composed: Flip,19782.9021,NA,15.32560000000000,NA,0.18600000000000,1.28410000000000,NA,19768.1109,14.9772,14.7912,0.1860,15.5678,0.5075,0.5075,0.0000,NA,NA,NA
ExperienceX.exe,56308,0x216838E1150,DXGI,1,0,0,Composed: Flip,19733.8535,NA,17.54340000000000,66.75700000000001,0.73850000000000,2.73020000000000,32.1891,19716.4831,18.1089,17.3704,0.7385,16.8719,3.2287,3.2287,0.0000,0.2204,19716.4831,NA
ExperienceX.exe,56308,0x216838E1150,DXGI,1,0,0,Composed: Flip,19749.6632,NA,15.80970000000000,NA,0.13500000000000,1.47790000000000,NA,19734.5920,15.2062,15.0712,0.1350,3.0129,13.5362,1.8364,11.6998,NA,NA,NA
ExperienceX.exe,56308,0x216838E1150,DXGI,1,0,0,Composed: Flip,19767.8911,NA,18.22790000000000,NA,0.13710000000000,3.35130000000000,NA,19749.7982,18.2300,18.0929,0.1371,20.9378,0.5064,0.5064,0.0000,NA,NA,NA
ExperienceX.exe,56308,0x216838E1150,DXGI,1,0,0,Composed: Flip,19782.9011,NA,15.01000000000000,NA,0.18660000000000,0.77760000000000,NA,19768.0282,15.0595,14.8729,0.1866,3.2142,12.4363,1.0550,11.3813,NA,NA,NA
ExperienceX.exe,56308,0x216838E1150,DXGI,1,0,0,Composed: Flip,19800.5381,NA,17.63700000000000,NA,0.14630000000000,5.77130000000000,NA,19783.0877,17.5967,17.4504,0.1463,22.7159,0.5058,0.5023,0.0035,NA,NA,NA
ExperienceX.exe,56308,0x216C7EA03E0,DXGI,1,0,0,Composed: Flip,19800.6387,NA,17.73660000000000,33.32880000000000,0.07530000000000,4.66120000000000,31.9875,19783.0881,17.6259,17.5506,0.0753,16.9321,5.2797,5.2797,0.0000,-0.0804,19783.0881,NA
ExperienceX.exe,56308,0x216C7EA03E0,DXGI,1,0,0,Composed: Flip,19816.1851,NA,15.54640000000000,NA,0.06850000000000,2.44420000000000,NA,19800.7140,15.5396,15.4711,0.0685,17.4106,0.5047,0.4999,0.0048,NA,NA,NA
ExperienceX.exe,56308,0x216C7EA03E0,DXGI,1,0,0,Composed: Flip,19833.1724,NA,16.98730000000000,33.60770000000000,0.47320000000000,3.45700000000000,33.0615,19816.2536,17.3920,16.9188,0.4732,16.9443,3.4315,3.4315,0.0000,-0.4422,19816.2536,NA
ExperienceX.exe,56308,0x216838E1150,DXGI,1,0,0,Composed: Flip,19816.1848,NA,15.64670000000000,83.24760000000001,0.06860000000000,1.43440000000000,33.1054,19800.6844,15.5690,15.5004,0.0686,15.5998,1.3350,1.3350,0.0000,0.9537,19800.6844,NA
ExperienceX.exe,56308,0x216838E1150,DXGI,1,0,0,Composed: Flip,19833.5470,NA,17.36220000000000,NA,0.09480000000000,7.28650000000000,NA,19816.2534,17.3884,17.2936,0.0948,20.8780,3.7021,3.6929,0.0092,NA,NA,NA
ExperienceX.exe,56308,0x216838E1150,DXGI,1,0,0,Composed: Flip,19849.4571,NA,15.91010000000000,NA,0.10650000000000,0.66400000000000,NA,19833.6418,15.9218,15.8153,0.1065,15.8983,0.5810,0.5810,0.0000,NA,NA,NA
ExperienceX.exe,56308,0x216838E1150,DXGI,1,0,0,Composed: Flip,19867.8655,NA,18.40840000000000,50.00530000000001,0.06540000000000,2.91810000000000,31.4300,19849.5636,18.3673,18.3019,0.0654,17.8046,3.4154,3.4154,0.0000,-1.1261,19849.5636,NA
ExperienceX.exe,56308,0x216C829D570,DXGI,1,0,0,Composed: Flip,19782.9020,NA,15.27040000000000,33.31920000000000,0.18570000000000,1.82630000000000,33.0647,19768.5671,14.5206,14.3349,0.1857,15.6191,0.5421,0.5354,0.0067,1.0894,19768.5671,NA
ExperienceX.exe,56308,0x216C829D570,DXGI,1,0,0,Composed: Flip,19800.6025,NA,17.70050000000000,NA,0.08180000000000,5.20110000000000,NA,19783.0877,17.5966,17.5148,0.0818,22.2122,0.5037,0.5037,0.0000,NA,NA,NA
ExperienceX.exe,56308,0x216C829D570,DXGI,1,0,0,Composed: Flip,19816.2154,NA,15.61290000000000,NA,0.16910000000000,1.90920000000000,NA,19800.6843,15.7002,15.5311,0.1691,16.9349,0.5054,0.5054,0.0000,NA,NA,NA
ExperienceX.exe,56308,0x216C829D570,DXGI,1,0,0,Composed: Flip,19833.5359,NA,17.32050000000000,NA,0.26820000000000,3.59550000000000,NA,19816.3845,17.4196,17.1514,0.2682,20.2449,0.5020,0.5020,0.0000,NA,NA,NA
ExperienceX.exe,56308,0x216C829D570,DXGI,1,0,0,Composed: Flip,19849.4576,NA,15.92170000000000,NA,0.10570000000000,1.16690000000000,NA,19833.8041,15.7592,15.6535,0.1057,16.3170,0.5034,0.5034,0.0000,NA,NA,NA
ExperienceX.exe,56308,0x216C829D570,DXGI,1,0,0,Composed: Flip,19867.8704,NA,18.41280000000000,NA,0.51820000000000,6.48980000000000,NA,19849.5633,18.8253,18.3071,0.5182,21.7271,3.0698,3.0635,0.0063,NA,NA,NA
ExperienceX.exe,56308,0x216C829D570,DXGI,1,0,0,Composed: Flip,19882.8665,NA,14.99610000000000,NA,0.16160000000000,1.15870000000000,NA,19868.3886,14.6395,14.4779,0.1616,15.1032,0.5334,0.5334,0.0000,NA,NA,NA
ExperienceX.exe,56308,0x216838E1150,DXGI,1,0,0,Composed: Flip,19882.8352,NA,14.96970000000000,16.65120000000000,0.06070000000000,0.65660000000000,33.1115,19867.9309,14.9650,14.9043,0.0607,14.9770,0.5839,0.5839,0.0000,1.7161,19867.9309,NA
ExperienceX.exe,56308,0x216838E1150,DXGI,1,0,0,Composed: Flip,19900.1017,NA,17.26650000000000,NA,0.09030000000000,1.95890000000000,NA,19882.8959,17.2961,17.2058,0.0903,16.9564,2.2083,2.2083,0.0000,NA,NA,NA
ExperienceX.exe,56308,0x216838E1150,DXGI,1,0,0,Composed: Flip,19916.1794,NA,16.07770000000000,33.34390000000000,0.11280000000000,0.70760000000000,33.1112,19900.1920,16.1002,15.9874,0.1128,16.0696,0.6254,0.6254,0.0000,-1.0828,19900.1920,NA
ExperienceX.exe,56308,0x0,Other,-1,0,0,Composed: Flip,19449.8857,NA,299.85840000000002,299.89940000000001,0.00000000000000,1.69430000000000,32.8059,19150.0273,299.8584,299.8584,0.0000,301.0649,0.4878,0.4845,0.0033,-266.5351,19150.0273,NA
ExperienceX.exe,56308,0x0,Other,-1,0,0,Composed: Flip,19649.7912,NA,199.90550000000002,NA,0.00000000000000,1.36300000000000,NA,19449.8857,199.9055,199.9055,0.0000,200.7316,0.5369,0.5309,0.0060,NA,NA,NA
ExperienceX.exe,56308,0x0,Other,-1,0,0,Composed: Flip,19916.6187,NA,266.82749999999999,NA,0.00000000000000,0.75110000000000,NA,19649.7912,266.8275,266.8275,0.0000,267.0958,0.4828,0.4828,0.0000,NA,NA,NA
ExperienceX.exe,56308,0x216838E1150,DXGI,1,0,0,Composed: Flip,19933.4403,NA,17.26090000000000,16.83360000000000,0.05780000000000,5.58800000000000,32.6839,19916.2922,17.2059,17.1481,0.0578,19.1783,3.5578,3.5578,0.0000,-0.7334,19916.2922,NA
ExperienceX.exe,56308,0x216838E1150,DXGI,1,0,0,Composed: Flip,19949.5890,NA,16.14870000000000,NA,0.15350000000000,2.11110000000000,NA,19933.4981,16.2444,16.0909,0.1535,16.3484,1.8536,1.4559,0.3977,NA,NA,NA
