Application,ProcessID,SwapChainAddress,PresentRuntime,SyncInterval,PresentFlags,AllowsTearing,PresentMode,TimeInMs,MsBetweenSimulationStart,MsBetweenPresents,MsBetweenDisplayChange,MsInPresentAPI,MsRenderPresentLatency,MsUntilDisplayed,CPUStartTimeInMs,MsBetweenAppStart,MsCPUBusy,MsCPUWait,MsGPULatency,MsGPUTime,MsGPUBusy,MsGPUWait,MsAnimationError,AnimationTime,MsFlipDelay
ExperienceX.exe,56308,0x216838E1150,DXGI,1,0,0,Composed: Flip,66.4703,NA,22.66050000000000,NA,0.38730000000000,1.45880000000000,NA,44.2056,22.6520,22.2647,0.3873,1.8030,21.9205,10.4407,11.4798,NA,NA,NA
ExperienceX.exe,56308,0x216C829D570,DXGI,1,0,0,Composed: Flip,66.4676,NA,22.43550000000000,NA,0.38880000000000,2.14750000000000,NA,44.3830,22.4734,22.0846,0.3888,23.8967,0.3354,0.3236,0.0118,NA,NA,NA
ExperienceX.exe,56308,0x216838E1150,DXGI,1,0,0,Composed: Flip,85.8464,NA,19.37610000000000,NA,0.74540000000000,1.53880000000000,NA,66.8576,19.7342,18.9888,0.7454,18.1636,2.3640,2.3640,0.0000,NA,NA,NA
ExperienceX.exe,56308,0x216C7EA03E0,DXGI,1,0,0,Composed: Flip,66.4740,NA,22.23740000000000,NA,0.42270000000000,1.80570000000000,43.0309,44.5338,22.3629,21.9402,0.4227,23.3953,0.3506,0.3506,0.0000,NA,44.5338,NA
ExperienceX.exe,56308,0x216C7EA03E0,DXGI,1,0,0,Composed: Flip,85.8117,NA,19.33770000000000,NA,0.29800000000000,2.68010000000000,NA,66.8967,19.2130,18.9150,0.2980,21.2199,0.3752,0.3752,0.0000,NA,NA,NA
ExperienceX.exe,56308,0x216838E1150,DXGI,1,0,0,Composed: Flip,99.8546,NA,14.00820000000000,NA,0.24990000000000,2.90390000000000,NA,86.5918,13.5127,13.2628,0.2499,15.8790,0.2877,0.2687,0.0190,NA,NA,NA
ExperienceX.exe,56308,0x216C7EA03E0,DXGI,1,0,0,Composed: Flip,99.8661,NA,14.05440000000000,33.32620000000000,0.25080000000000,2.13480000000000,42.9650,86.1097,14.0072,13.7564,0.2508,2.3821,13.5091,4.2433,9.2658,8.2497,86.1097,NA
ExperienceX.exe,56308,0x216C7EA03E0,DXGI,1,0,0,Composed: Flip,118.6820,NA,18.81590000000000,NA,2.27870000000000,5.83240000000000,NA,100.1169,20.8438,18.5651,2.2787,24.3328,0.0647,0.0647,0.0000,NA,NA,NA
ExperienceX.exe,56308,0x216838E1150,DXGI,1,0,0,Composed: Flip,139.1473,NA,39.29270000000000,NA,0.23430000000000,2.76350000000000,NA,100.1045,39.2771,39.0428,0.2343,41.0825,0.7238,0.7238,0.0000,NA,NA,NA
ExperienceX.exe,56308,0x216838E1150,DXGI,1,0,0,Composed: Flip,120.4936,NA,0.00000000000000,NA,0.56990000000000,3.95610000000000,NA,139.3816,0.5699,0.0000,0.5699,0.0000,0.0068,0.0068,0.0000,NA,NA,NA
ExperienceX.exe,56308,0x216C829D570,DXGI,1,0,0,Composed: Flip,86.0135,NA,19.54590000000000,33.16560000000000,0.27370000000000,2.10310000000000,40.0890,66.8564,19.4308,19.1571,0.2737,20.5288,0.7314,0.7314,0.0000,NA,66.8564,NA
ExperienceX.exe,56308,0x216C829D570,DXGI,1,0,0,Composed: Flip,99.8549,NA,13.84140000000000,NA,0.24940000000000,2.61590000000000,NA,86.2872,13.8171,13.5677,0.2494,15.7137,0.4699,0.4699,0.0000,NA,NA,NA
ExperienceX.exe,56308,0x216C829D570,DXGI,1,0,0,Composed: Flip,138.9907,NA,39.13580000000000,NA,1.68860000000000,1.69490000000000,NA,100.1043,40.5750,38.8864,1.6886,24.4101,16.1712,4.6748,11.4964,NA,NA,NA
ExperienceX.exe,56308,0x216C829D570,DXGI,1,0,0,Composed: Flip,120.6815,NA,0.00000000000000,NA,0.36150000000000,3.76140000000000,NA,140.6793,0.3615,0.0000,0.3615,0.0000,4.8464,4.3318,0.5146,NA,NA,NA
ExperienceX.exe,56308,0x216C829D570,DXGI,1,0,0,Composed: Flip,143.2942,NA,22.61270000000000,NA,0.15150000000000,1.64140000000000,NA,121.0430,22.4027,22.2512,0.1515,23.7465,0.1461,0.1461,0.0000,NA,NA,NA
ExperienceX.exe,56308,0x216C829D570,DXGI,1,0,0,Composed: Flip,168.4998,NA,25.20560000000000,83.36160000000001,0.38260000000000,2.99830000000000,40.9643,143.4457,25.4367,25.0541,0.3826,1.4899,26.5625,2.0469,24.5156,-6.7723,143.4457,NA
ExperienceX.exe,56308,0x216C829D570,DXGI,1,0,0,Composed: Flip,182.0678,NA,13.56800000000000,0.05750000000000,0.21340000000000,1.01160000000000,27.4538,168.8824,13.3988,13.1854,0.2134,4.3150,9.8820,4.3749,5.5071,25.3792,168.8824,NA
ExperienceX.exe,56308,0x216838E1150,DXGI,1,0,0,Composed: Flip,143.4545,NA,22.96090000000000,NA,0.32770000000000,1.33500000000000,49.3657,121.0635,22.7187,22.3910,0.3277,23.1001,0.6259,0.6259,0.0000,NA,121.0635,NA
ExperienceX.exe,56308,0x216838E1150,DXGI,1,0,0,Composed: Flip,168.4979,NA,25.04340000000000,NA,0.35650000000000,3.81840000000000,NA,143.7822,25.0722,24.7157,0.3565,27.7159,0.8182,0.8182,0.0000,NA,NA,NA
ExperienceX.exe,56308,0x216838E1150,DXGI,1,0,0,Composed: Flip,182.1002,NA,13.60230000000000,NA,0.28190000000000,2.26130000000000,NA,168.8544,13.5277,13.2458,0.2819,14.5921,0.9150,0.3934,0.5216,NA,NA,NA
ExperienceX.exe,56308,0x216838E1150,DXGI,1,0,0,Composed: Flip,193.9521,NA,11.85190000000000,NA,0.36470000000000,2.13320000000000,NA,182.3821,11.9347,11.5700,0.3647,2.1246,11.5786,1.7107,9.8679,NA,NA,NA
ExperienceX.exe,56308,0x216838E1150,DXGI,1,0,0,Composed: Flip,213.0478,NA,19.09570000000000,49.98980000000000,1.09230000000000,2.64720000000000,29.7622,194.3168,19.8233,18.7310,1.0923,21.0149,0.3633,0.3633,0.0000,23.2635,194.3168,NA
ExperienceX.exe,56308,0x216838E1150,DXGI,1,0,0,Composed: Flip,230.8304,NA,17.78260000000000,19.62380000000000,0.30400000000000,3.81680000000000,31.6034,214.1401,16.9943,16.6903,0.3040,20.4112,0.0959,0.0959,0.0000,0.1995,214.1401,NA
ExperienceX.exe,56308,0x216C829D570,DXGI,1,0,0,Composed: Flip,193.8947,NA,11.82690000000000,16.65960000000000,0.32400000000000,2.82910000000000,32.2865,182.2812,11.9375,11.6135,0.3240,13.9330,0.5096,0.5096,0.0000,-3.2608,182.2812,NA
ExperienceX.exe,56308,0x216C829D570,DXGI,1,0,0,Composed: Flip,215.4237,NA,21.52900000000000,NA,0.40320000000000,0.89680000000000,NA,194.2187,21.6082,21.2050,0.4032,21.4763,0.6255,0.6255,0.0000,NA,NA,NA
ExperienceX.exe,56308,0x216C829D570,DXGI,1,0,0,Composed: Flip,230.8291,NA,15.40540000000000,NA,0.30400000000000,4.16060000000000,NA,215.8269,15.3062,15.0022,0.3040,18.8203,0.3425,0.2118,0.1307,NA,NA,NA
ExperienceX.exe,56308,0x216C829D570,DXGI,1,0,0,Composed: Flip,248.6177,NA,17.78860000000000,NA,0.43450000000000,5.58210000000000,NA,231.1331,17.9191,17.4846,0.4345,22.8577,0.2090,0.2090,0.0000,NA,NA,NA
ExperienceX.exe,56308,0x216838E1150,DXGI,1,0,0,Composed: Flip,253.4894,NA,22.65900000000000,30.57000000000000,0.39200000000000,1.54810000000000,39.5144,231.1344,22.7470,22.3550,0.3920,23.0654,0.8377,0.8377,0.0000,-13.5757,231.1344,NA
ExperienceX.exe,56308,0x216838E1150,DXGI,1,0,0,Composed: Flip,264.7762,NA,11.28680000000000,NA,0.44750000000000,3.94450000000000,NA,253.8814,11.3423,10.8948,0.4475,14.8124,0.0269,0.0269,0.0000,NA,NA,NA
ExperienceX.exe,56308,0x216C7EA03E0,DXGI,1,0,0,Composed: Flip,137.6806,NA,18.99860000000000,16.55280000000000,1.61100000000000,3.36450000000000,21.7033,120.9607,18.3309,16.7199,1.6110,19.7249,0.3595,0.3386,0.0209,18.2982,120.9607,NA
ExperienceX.exe,56308,0x216C7EA03E0,DXGI,1,0,0,Composed: Flip,143.2811,NA,5.60050000000000,NA,0.07770000000000,0.88250000000000,NA,139.2916,4.0672,3.9895,0.0777,2.6192,2.2528,2.2528,0.0000,NA,NA,NA
ExperienceX.exe,56308,0x216C7EA03E0,DXGI,1,0,0,Composed: Flip,168.5009,NA,25.21980000000000,NA,0.37330000000000,4.47940000000000,NA,143.3588,25.5154,25.1421,0.3733,28.9575,0.6640,0.6443,0.0197,NA,NA,NA
ExperienceX.exe,56308,0x216C7EA03E0,DXGI,1,0,0,Composed: Flip,182.0680,NA,13.56710000000000,NA,0.21330000000000,1.37850000000000,NA,168.8742,13.4071,13.1938,0.2133,14.2052,0.3671,0.3671,0.0000,NA,NA,NA
ExperienceX.exe,56308,0x216C7EA03E0,DXGI,1,0,0,Composed: Flip,213.0473,NA,30.97930000000000,NA,0.52850000000000,2.28440000000000,NA,182.2813,31.2945,30.7660,0.5285,29.7003,3.3501,3.1906,0.1595,NA,NA,NA
ExperienceX.exe,56308,0x216C7EA03E0,DXGI,1,0,0,Composed: Flip,230.8303,NA,17.78300000000000,NA,0.30430000000000,3.72100000000000,NA,213.5758,17.5588,17.2545,0.3043,2.7447,18.2308,4.6996,13.5312,NA,NA,NA
ExperienceX.exe,56308,0x216C7EA03E0,DXGI,1,0,0,Composed: Flip,252.4024,NA,21.57210000000000,NA,0.24820000000000,1.58840000000000,NA,231.1346,21.5160,21.2678,0.2482,18.6515,4.2047,3.8178,0.3869,NA,NA,NA
ExperienceX.exe,56308,0x216C7EA03E0,DXGI,1,0,0,Composed: Flip,264.7479,NA,12.34550000000000,NA,0.43260000000000,3.84240000000000,NA,252.6506,12.5299,12.0973,0.4326,15.9311,0.0086,0.0086,0.0000,NA,NA,NA
ExperienceX.exe,56308,0x216C7EA03E0,DXGI,1,0,0,Composed: Flip,289.4895,NA,24.74160000000000,NA,0.63640000000000,1.60400000000000,NA,265.1805,24.9454,24.3090,0.6364,23.4496,2.4634,2.4634,0.0000,NA,NA,NA
ExperienceX.exe,56308,0x216838E1150,DXGI,1,0,0,Composed: Flip,290.3706,NA,25.59440000000000,33.41860000000000,0.09770000000000,1.13120000000000,36.0518,265.2237,25.2446,25.1469,0.0977,25.8698,0.4083,0.4083,0.0000,0.6707,265.2237,NA
ExperienceX.exe,56308,0x216838E1150,DXGI,1,0,0,Composed: Flip,308.6143,NA,18.24370000000000,NA,1.75230000000000,3.04650000000000,NA,290.4683,19.8983,18.1460,1.7523,1.3780,19.8145,6.1821,13.6324,NA,NA,NA
ExperienceX.exe,56308,0x216838E1150,DXGI,1,0,0,Composed: Flip,352.1402,NA,43.52590000000000,66.31340000000000,0.71790000000000,1.47160000000000,40.5956,310.3666,42.4915,41.7736,0.7179,2.1889,41.0563,4.8425,36.2138,-21.1705,310.3666,NA
ExperienceX.exe,56308,0x216C829D570,DXGI,1,0,0,Composed: Flip,264.7525,NA,16.13480000000000,83.60790000000000,0.42780000000000,3.82650000000000,45.0366,249.0522,16.1281,15.7003,0.4278,5.9853,13.5415,3.7578,9.7837,-16.8369,249.0522,NA
ExperienceX.exe,56308,0x216C829D570,DXGI,1,0,0,Composed: Flip,289.4823,NA,24.72980000000000,NA,0.25490000000000,2.36400000000000,NA,265.1803,24.5569,24.3020,0.2549,26.3215,0.3445,0.3445,0.0000,NA,NA,NA
ExperienceX.exe,56308,0x216C829D570,DXGI,1,0,0,Composed: Flip,311.5008,NA,22.01850000000000,NA,0.14060000000000,1.05470000000000,NA,289.7372,21.9042,21.7636,0.1406,21.9928,0.8255,0.8255,0.0000,NA,NA,NA
ExperienceX.exe,56308,0x216C829D570,DXGI,1,0,0,Composed: Flip,353.0815,NA,41.58070000000000,NA,0.55050000000000,1.25820000000000,NA,311.6414,41.9906,41.4401,0.5505,41.9704,0.7279,0.7279,0.0000,NA,NA,NA
ExperienceX.exe,56308,0x216838E1150,DXGI,1,0,0,Composed: Flip,371.5602,NA,19.42000000000000,16.77080000000000,2.55780000000000,3.79510000000000,37.9464,352.8581,21.2599,18.7021,2.5578,1.9746,20.5226,4.6343,15.8883,25.7207,352.8581,NA
ExperienceX.exe,56308,0x216838E1150,DXGI,1,0,0,Composed: Flip,404.6693,NA,33.10910000000001,33.73010000000000,0.10920000000000,0.66760000000000,38.5674,374.1180,30.6605,30.5513,0.1092,30.9706,0.2483,0.2483,0.0000,-12.4702,374.1180,NA
ExperienceX.exe,56308,0x216838E1150,DXGI,1,0,0,Composed: Flip,421.8863,NA,17.21700000000000,NA,0.34480000000000,2.45630000000000,NA,404.7785,17.4526,17.1078,0.3448,0.5584,19.0057,3.2431,15.7626,NA,NA,NA
ExperienceX.exe,56308,0x216C7EA03E0,DXGI,1,0,0,Composed: Flip,309.5845,NA,20.09500000000000,216.77000000000001,0.30080000000000,2.14550000000000,66.5694,290.1259,19.7594,19.4586,0.3008,21.5349,0.0692,0.0692,0.0000,-47.6048,290.1259,NA
ExperienceX.exe,56308,0x216C7EA03E0,DXGI,1,0,0,Composed: Flip,353.1367,NA,43.55220000000000,NA,0.29890000000000,1.69600000000000,NA,309.8853,43.5503,43.2514,0.2989,44.4544,0.4930,0.4930,0.0000,NA,NA,NA
ExperienceX.exe,56308,0x216C7EA03E0,DXGI,1,0,0,Composed: Flip,375.3866,NA,22.24990000000000,NA,0.15230000000000,2.64110000000000,NA,353.4356,22.1033,21.9510,0.1523,23.0187,1.5734,1.5734,0.0000,NA,NA,NA
ExperienceX.exe,56308,0x216C7EA03E0,DXGI,1,0,0,Composed: Flip,403.9523,NA,28.56570000000000,NA,0.29530000000000,1.13630000000000,NA,375.5389,28.7087,28.4134,0.2953,27.3661,2.1836,2.1473,0.0363,NA,NA,NA
ExperienceX.exe,56308,0x216C7EA03E0,DXGI,1,0,0,Composed: Flip,436.4681,NA,32.51580000000000,NA,0.35870000000000,4.65880000000000,NA,404.2476,32.5792,32.2205,0.3587,36.5178,0.3615,0.3615,0.0000,NA,NA,NA
ExperienceX.exe,56308,0x216C7EA03E0,DXGI,1,0,0,Composed: Flip,422.1520,NA,0.00000000000000,83.72440000000000,1.49780000000000,3.13700000000000,37.7263,436.8268,1.4978,0.0000,1.4978,0.0000,0.8668,0.8668,0.0000,62.9765,436.8268,NA
ExperienceX.exe,56308,0x216C829D570,DXGI,1,0,0,Composed: Flip,371.6007,NA,18.51920000000000,116.47820000000000,2.95130000000000,4.79780000000000,54.6666,353.6320,20.9200,17.9687,2.9513,22.7414,0.0251,0.0251,0.0000,-11.8984,353.6320,NA
ExperienceX.exe,56308,0x216C829D570,DXGI,1,0,0,Composed: Flip,392.3095,NA,20.70880000000000,NA,0.34520000000000,1.24610000000000,NA,374.5520,18.1027,17.7575,0.3452,3.4757,15.5279,3.3150,12.2129,NA,NA,NA
ExperienceX.exe,56308,0x216C829D570,DXGI,1,0,0,Composed: Flip,425.2651,NA,32.95560000000000,NA,0.14520000000000,1.56490000000000,NA,392.6547,32.7556,32.6104,0.1452,32.6343,1.5410,1.4853,0.0557,NA,NA,NA
ExperienceX.exe,56308,0x216C829D570,DXGI,1,0,0,Composed: Flip,446.6370,NA,21.37190000000000,NA,0.16180000000000,3.25980000000000,NA,425.4103,21.3885,21.2267,0.1618,22.9381,1.5484,1.5078,0.0406,NA,NA,NA
ExperienceX.exe,56308,0x216838E1150,DXGI,1,0,0,Composed: Flip,436.4679,NA,14.58160000000000,16.48570000000000,0.36720000000000,4.29750000000000,23.2545,422.2311,14.6040,14.2368,0.3672,15.1703,3.3640,2.2566,1.1074,31.6274,422.2311,NA
ExperienceX.exe,56308,0x216838E1150,DXGI,1,0,0,Composed: Flip,445.6761,NA,9.20820000000000,NA,0.40130000000000,2.67230000000000,NA,436.8351,9.2423,8.8410,0.4013,11.5065,0.0068,0.0068,0.0000,NA,NA,NA
ExperienceX.exe,56308,0x216838E1150,DXGI,1,0,0,Composed: Flip,460.6034,NA,14.92730000000000,NA,0.38100000000000,2.31790000000000,NA,446.0774,14.9070,14.5260,0.3810,16.4457,0.3982,0.3876,0.0106,NA,NA,NA
ExperienceX.exe,56308,0x216838E1150,DXGI,1,0,0,Composed: Flip,480.6749,NA,20.07150000000000,66.42130000000000,0.25920000000000,2.02720000000000,45.4688,460.9844,19.9497,19.6905,0.2592,21.3044,0.4133,0.4133,0.0000,-27.6680,460.9844,NA
ExperienceX.exe,56308,0x216838E1150,DXGI,1,0,0,Composed: Flip,497.0935,NA,16.41860000000000,NA,0.32620000000000,2.27550000000000,NA,480.9341,16.4856,16.1594,0.3262,1.7680,16.6669,3.0737,13.5932,NA,NA,NA
ExperienceX.exe,56308,0x0,Other,-1,0,0,Composed: Flip,502.7304,NA,307.18990000000002,NA,0.00000000000000,0.07780000000000,NA,195.5405,307.1899,307.1899,0.0000,303.9677,3.3000,0.2137,3.0863,NA,NA,NA
ExperienceX.exe,56308,0x216838E1150,DXGI,1,0,0,Composed: Flip,520.5678,NA,23.47430000000000,16.86910000000000,0.48230000000000,4.68810000000000,22.4450,497.4197,23.6304,23.1481,0.4823,5.5125,22.3237,3.1779,19.1458,19.5662,497.4197,NA
ExperienceX.exe,56308,0x216C829D570,DXGI,1,0,0,Composed: Flip,460.6032,NA,13.96620000000000,66.68130000000001,0.31840000000000,1.53430000000000,32.3454,446.7988,14.1228,13.8044,0.3184,3.8542,11.4845,2.5656,8.9189,26.4855,446.7988,NA
ExperienceX.exe,56308,0x216C829D570,DXGI,1,0,0,Composed: Flip,478.2419,NA,17.63870000000000,NA,0.53420000000000,4.04690000000000,NA,460.9216,17.8545,17.3203,0.5342,20.9491,0.4181,0.4181,0.0000,NA,NA,NA
ExperienceX.exe,56308,0x216C829D570,DXGI,1,0,0,Composed: Flip,497.6289,NA,19.38700000000000,NA,0.34740000000000,1.75290000000000,NA,478.7761,19.2002,18.8528,0.3474,20.5970,0.0087,0.0087,0.0000,NA,NA,NA
ExperienceX.exe,56308,0x216C829D570,DXGI,1,0,0,Composed: Flip,523.0246,NA,25.39570000000000,NA,0.25560000000000,3.48520000000000,NA,497.9763,25.3039,25.0483,0.2556,27.3356,1.1979,1.1979,0.0000,NA,NA,NA
ExperienceX.exe,56308,0x216838E1150,DXGI,1,0,0,Composed: Flip,526.8980,NA,6.33020000000000,16.49730000000000,0.27250000000000,0.81750000000000,32.6121,521.0501,6.1204,5.8479,0.2725,5.4597,1.2057,1.2057,0.0000,7.1331,521.0501,NA
ExperienceX.exe,56308,0x216838E1150,DXGI,1,0,0,Composed: Flip,549.1221,NA,22.22410000000000,NA,0.29250000000000,1.50020000000000,NA,527.1705,22.2441,21.9516,0.2925,23.0628,0.3890,0.3890,0.0000,NA,NA,NA
ExperienceX.exe,56308,0x216C829D570,DXGI,1,0,0,Composed: Flip,548.9253,NA,25.90070000000000,100.38100000000000,0.35130000000000,1.30800000000000,44.4043,523.2802,25.9964,25.6451,0.3513,23.7703,3.1828,3.1828,0.0000,-23.8996,523.2802,NA
ExperienceX.exe,56308,0x216C7EA03E0,DXGI,1,0,0,Composed: Flip,445.6799,NA,23.52790000000000,16.22750000000000,0.39300000000000,2.66170000000000,30.4259,423.6498,22.4231,22.0301,0.3930,17.4771,7.2147,4.1226,3.0921,NA,423.6498,NA
ExperienceX.exe,56308,0x216C7EA03E0,DXGI,1,0,0,Composed: Flip,460.6043,NA,14.92440000000000,NA,0.31740000000000,1.91880000000000,NA,446.0729,14.8488,14.5314,0.3174,16.0646,0.3856,0.3856,0.0000,NA,NA,NA
ExperienceX.exe,56308,0x216C7EA03E0,DXGI,1,0,0,Composed: Flip,480.4348,NA,19.83050000000000,NA,0.42530000000000,1.43590000000000,NA,460.9217,19.9384,19.5131,0.4253,18.0953,2.8537,2.8537,0.0000,NA,NA,NA
ExperienceX.exe,56308,0x216C7EA03E0,DXGI,1,0,0,Composed: Flip,524.0659,NA,43.63110000000000,NA,0.34450000000000,1.24600000000000,NA,480.8601,43.5503,43.2058,0.3445,44.3958,0.0560,0.0560,0.0000,NA,NA,NA
ExperienceX.exe,56308,0x216C7EA03E0,DXGI,1,0,0,Composed: Flip,526.9305,NA,2.86460000000000,NA,0.70000000000000,1.11850000000000,NA,524.4104,3.2201,2.5201,0.7000,3.3051,0.3335,0.3153,0.0182,NA,NA,NA
ExperienceX.exe,56308,0x216C7EA03E0,DXGI,1,0,0,Composed: Flip,548.9296,NA,21.99910000000000,NA,0.34770000000000,2.53550000000000,NA,527.6305,21.6468,21.2991,0.3477,22.9918,0.8428,0.8428,0.0000,NA,NA,NA
ExperienceX.exe,56308,0x216C7EA03E0,DXGI,1,0,0,Composed: Flip,573.3790,NA,24.44940000000000,NA,0.32790000000000,2.09960000000000,NA,549.2773,24.4296,24.1017,0.3279,25.8771,0.3242,0.3242,0.0000,NA,NA,NA
ExperienceX.exe,56308,0x216C829D570,DXGI,1,0,0,Composed: Flip,572.3909,NA,23.46560000000000,32.92260000000000,0.62750000000000,4.01360000000000,53.8613,549.2766,23.7418,23.1143,0.6275,26.2020,0.9259,0.9259,0.0000,-6.9262,549.2766,NA
ExperienceX.exe,56308,0x216C829D570,DXGI,1,0,0,Composed: Flip,606.4034,NA,34.01250000000000,NA,0.70230000000000,1.41510000000000,NA,573.0184,34.0873,33.3850,0.7023,31.1465,3.6536,2.4986,1.1550,NA,NA,NA
ExperienceX.exe,56308,0x216838E1150,DXGI,1,0,0,Composed: Flip,572.5055,NA,23.38340000000000,49.88030000000001,1.20580000000000,2.64890000000000,36.8849,549.4146,24.2967,23.0909,1.2058,2.0505,23.6893,4.8923,18.7970,-21.5158,549.4146,NA
ExperienceX.exe,56308,0x216838E1150,DXGI,1,0,0,Composed: Flip,591.7726,NA,19.26710000000000,NA,0.49010000000000,4.23000000000000,NA,573.7113,18.5514,18.0613,0.4901,2.6932,19.5981,3.9616,15.6365,NA,NA,NA
ExperienceX.exe,56308,0x216C7EA03E0,DXGI,1,0,0,Composed: Flip,592.0772,NA,18.69820000000000,167.06360000000001,0.26980000000000,4.23980000000000,51.0922,573.7069,18.6401,18.3703,0.2698,22.2957,0.3144,0.2990,0.0154,-17.0065,573.7069,NA
ExperienceX.exe,56308,0x216C7EA03E0,DXGI,1,0,0,Composed: Flip,623.9874,NA,31.91020000000000,NA,0.29990000000000,0.99190000000000,NA,592.3470,31.9403,31.6404,0.2999,29.5727,3.0596,2.0988,0.9608,NA,NA,NA
ExperienceX.exe,56308,0x216C7EA03E0,DXGI,1,0,0,Composed: Flip,631.2303,NA,7.24290000000000,NA,0.30540000000000,1.24030000000000,NA,624.2873,7.2484,6.9430,0.3054,7.4888,0.6945,0.4834,0.2111,NA,NA,NA
ExperienceX.exe,56308,0x216838E1150,DXGI,1,0,0,Composed: Flip,626.4201,NA,34.64750000000000,66.77870000000000,0.71420000000000,2.19050000000000,49.7490,592.2627,34.8716,34.1574,0.7142,32.7166,3.6313,3.5065,0.1248,-23.9306,592.2627,NA
ExperienceX.exe,56308,0x216838E1150,DXGI,1,0,0,Composed: Flip,652.2374,NA,25.81730000000000,NA,0.31790000000000,4.25440000000000,NA,627.1343,25.4210,25.1031,0.3179,26.8733,2.4842,1.5360,0.9482,NA,NA,NA
ExperienceX.exe,56308,0x216838E1150,DXGI,1,0,0,Composed: Flip,671.9176,NA,19.68020000000000,33.50740000000000,0.34920000000000,1.56560000000000,37.7589,652.5553,19.7115,19.3623,0.3492,20.7993,0.1286,0.1286,0.0000,26.7852,652.5553,NA
ExperienceX.exe,56308,0x216C7EA03E0,DXGI,1,0,0,Composed: Flip,651.8899,NA,20.65960000000000,49.72070000000000,0.32170000000000,1.77910000000000,41.0002,631.5357,20.6759,20.3542,0.3217,22.0355,0.0978,0.0978,0.0000,8.1081,631.5357,NA
ExperienceX.exe,56308,0x216C7EA03E0,DXGI,1,0,0,Composed: Flip,671.0307,NA,19.14080000000000,NA,0.81400000000000,2.32390000000000,NA,652.2116,19.6331,18.8191,0.8140,17.9298,3.2132,3.2132,0.0000,NA,NA,NA
ExperienceX.exe,56308,0x216C7EA03E0,DXGI,1,0,0,Composed: Flip,685.9217,NA,14.89100000000000,NA,0.34070000000000,3.12830000000000,NA,671.8447,14.4177,14.0770,0.3407,16.8282,0.3771,0.3563,0.0208,NA,NA,NA
ExperienceX.exe,56308,0x0,Other,-1,0,0,Composed: Flip,698.3426,NA,195.61220000000000,NA,0.00000000000000,0.83020000000000,NA,502.7304,195.6122,195.6122,0.0000,195.7873,0.6551,0.6551,0.0000,NA,NA,NA
ExperienceX.exe,56308,0x216C829D570,DXGI,1,0,0,Composed: Flip,619.0974,NA,12.69400000000000,16.97340000000000,0.74920000000000,2.75110000000000,24.1282,607.1057,12.7409,11.9917,0.7492,12.7970,1.9458,0.9300,1.0158,40.8557,607.1057,NA
ExperienceX.exe,56308,0x216C829D570,DXGI,1,0,0,Composed: Flip,630.3998,NA,11.30240000000000,NA,0.23270000000000,1.37630000000000,NA,619.8466,10.7859,10.5532,0.2327,11.0023,0.9272,0.8006,0.1266,NA,NA,NA
ExperienceX.exe,56308,0x216C829D570,DXGI,1,0,0,Composed: Flip,651.4073,NA,21.00750000000000,NA,0.51470000000000,2.16390000000000,NA,630.6325,21.2895,20.7748,0.5147,18.9757,3.9630,3.9124,0.0506,NA,NA,NA
ExperienceX.exe,56308,0x216C829D570,DXGI,1,0,0,Composed: Flip,672.0929,NA,20.68560000000000,NA,0.76210000000000,1.69760000000000,NA,651.9220,20.9330,20.1709,0.7621,21.5612,0.3073,0.3073,0.0000,NA,NA,NA
ExperienceX.exe,56308,0x216C829D570,DXGI,1,0,0,Composed: Flip,685.8467,NA,13.75380000000000,NA,0.38700000000000,1.95270000000000,NA,672.8550,13.3787,12.9917,0.3870,0.9355,14.0089,3.6795,10.3294,NA,NA,NA
ExperienceX.exe,56308,0x216C7EA03E0,DXGI,1,0,0,Composed: Flip,697.1606,NA,11.23890000000000,66.83310000000000,0.44680000000000,1.35710000000000,62.5626,686.2624,11.3450,10.8982,0.4468,11.4154,0.8399,0.8399,0.0000,-12.1064,686.2624,NA
ExperienceX.exe,56308,0x216C7EA03E0,DXGI,1,0,0,Composed: Flip,732.0440,NA,34.88340000000000,NA,0.22610000000000,1.84910000000000,NA,697.6074,34.6627,34.4366,0.2261,35.6535,0.6322,0.6322,0.0000,NA,NA,NA
ExperienceX.exe,56308,0x216838E1150,DXGI,1,0,0,Composed: Flip,685.8825,NA,13.96490000000000,0.16030000000000,0.32910000000000,2.79040000000000,23.9543,672.2668,13.9448,13.6157,0.3291,15.8996,0.5065,0.5065,0.0000,19.5512,672.2668,NA
ExperienceX.exe,56308,0x216838E1150,DXGI,1,0,0,Composed: Flip,697.1630,NA,11.28050000000000,NA,0.38430000000000,2.18920000000000,NA,686.2116,11.3357,10.9514,0.3843,12.9612,0.1794,0.1608,0.0186,NA,NA,NA
ExperienceX.exe,56308,0x216838E1150,DXGI,1,0,0,Composed: Flip,731.7643,NA,34.60130000000000,NA,0.24510000000000,1.49660000000000,NA,697.5473,34.4621,34.2170,0.2451,35.7052,0.0084,0.0084,0.0000,NA,NA,NA
ExperienceX.exe,56308,0x216838E1150,DXGI,1,0,0,Composed: Flip,761.5619,NA,29.79760000000000,NA,0.57770000000000,3.35340000000000,NA,732.0094,30.1302,29.5525,0.5777,32.0942,0.8117,0.8117,0.0000,NA,NA,NA
ExperienceX.exe,56308,0x216838E1150,DXGI,1,0,0,Composed: Flip,798.5986,NA,37.03670000000000,132.93550000000002,0.25930000000000,1.91850000000000,44.1737,762.1396,36.7183,36.4590,0.2593,2.7757,35.6018,3.1685,32.4333,-43.0627,762.1396,NA
ExperienceX.exe,56308,0x216838E1150,DXGI,1,0,0,Composed: Flip,837.1094,NA,38.51080000000000,33.42750000000000,0.52750000000000,1.14330000000000,39.0904,798.8579,38.7790,38.2515,0.5275,39.1631,0.2317,0.2317,0.0000,3.2908,798.8579,NA
ExperienceX.exe,56308,0x216C7EA03E0,DXGI,1,0,0,Composed: Flip,761.4987,NA,29.45470000000000,49.88320000000000,0.39590000000000,2.60490000000000,48.1077,732.2701,29.6245,29.2286,0.3959,31.8177,0.0158,0.0158,0.0000,-3.8755,732.2701,NA
ExperienceX.exe,56308,0x216C7EA03E0,DXGI,1,0,0,Composed: Flip,799.8762,NA,38.37750000000000,NA,0.35520000000000,1.32010000000000,NA,761.8946,38.3368,37.9816,0.3552,38.9118,0.3899,0.3899,0.0000,NA,NA,NA
ExperienceX.exe,56308,0x216C7EA03E0,DXGI,1,0,0,Composed: Flip,835.6404,NA,35.76420000000000,NA,0.51060000000000,2.38060000000000,NA,800.2314,35.9196,35.4090,0.5106,0.9649,36.8247,6.5972,30.2275,NA,NA,NA
ExperienceX.exe,56308,0x216C7EA03E0,DXGI,1,0,0,Composed: Flip,856.7388,NA,21.09840000000000,NA,0.26270000000000,4.01350000000000,NA,836.1510,20.8505,20.5878,0.2627,21.8875,2.7138,2.6779,0.0359,NA,NA,NA
ExperienceX.exe,56308,0x216C7EA03E0,DXGI,1,0,0,Composed: Flip,888.3242,NA,31.58540000000000,116.49740000000000,0.38860000000000,7.37110000000000,37.7796,857.0015,31.7113,31.3227,0.3886,37.5824,1.1114,1.1114,0.0000,8.2340,857.0015,NA
ExperienceX.exe,56308,0x216C829D570,DXGI,1,0,0,Composed: Flip,731.5602,NA,45.71350000000000,133.30810000000000,0.34230000000000,1.69230000000000,44.9735,686.2337,45.6688,45.3265,0.3423,43.4004,3.6184,3.6184,0.0000,-54.1801,686.2337,NA
ExperienceX.exe,56308,0x216C829D570,DXGI,1,0,0,Composed: Flip,761.2652,NA,29.70500000000000,NA,0.88970000000000,2.82260000000000,NA,731.9025,30.2524,29.3627,0.8897,1.9906,30.1947,6.1929,24.0018,NA,NA,NA
ExperienceX.exe,56308,0x216C829D570,DXGI,1,0,0,Composed: Flip,797.6446,NA,36.37940000000000,NA,0.53690000000000,3.16180000000000,NA,762.1549,36.0266,35.4897,0.5369,38.3622,0.2893,0.2893,0.0000,NA,NA,NA
ExperienceX.exe,56308,0x216C829D570,DXGI,1,0,0,Composed: Flip,837.3152,NA,39.67060000000000,NA,0.44380000000000,1.35380000000000,NA,798.1815,39.5775,39.1337,0.4438,40.0712,0.4163,0.4163,0.0000,NA,NA,NA
ExperienceX.exe,56308,0x216C829D570,DXGI,1,0,0,Composed: Flip,855.3288,NA,18.01360000000000,NA,0.42710000000000,5.43210000000000,NA,837.7590,17.9969,17.5698,0.4271,22.9955,0.0064,0.0064,0.0000,NA,NA,NA
ExperienceX.exe,56308,0x216C829D570,DXGI,1,0,0,Composed: Flip,889.0851,NA,33.75630000000000,NA,0.54260000000000,3.24830000000000,NA,855.7559,33.8718,33.3292,0.5426,31.7418,4.8357,4.1841,0.6516,NA,NA,NA
ExperienceX.exe,56308,0x216C829D570,DXGI,1,0,0,Composed: Flip,915.5318,NA,26.44670000000000,NA,0.54660000000000,5.40960000000000,NA,889.6277,26.4507,25.9041,0.5466,29.1768,2.1369,2.1369,0.0000,NA,NA,NA
ExperienceX.exe,56308,0x216838E1150,DXGI,1,0,0,Composed: Flip,855.3655,NA,18.25610000000000,33.45460000000000,0.40010000000000,2.67300000000000,54.2889,837.6369,18.1287,17.7286,0.4001,1.0321,19.3695,3.9315,15.4380,5.3244,837.6369,NA
ExperienceX.exe,56308,0x216838E1150,DXGI,1,0,0,Composed: Flip,890.1278,NA,34.76230000000000,NA,0.45230000000000,4.40210000000000,NA,855.7656,34.8145,34.3622,0.4523,36.5798,2.1845,0.9831,1.2014,NA,NA,NA
ExperienceX.exe,56308,0x216838E1150,DXGI,1,0,0,Composed: Flip,914.5738,NA,24.44600000000000,NA,1.32790000000000,4.23070000000000,NA,890.5801,25.3216,23.9937,1.3279,27.8412,0.3832,0.3832,0.0000,NA,NA,NA
ExperienceX.exe,56308,0x216838E1150,DXGI,1,0,0,Composed: Flip,932.8237,NA,18.24990000000000,NA,0.48530000000000,3.03030000000000,NA,915.9017,17.4073,16.9220,0.4853,19.9183,0.0340,0.0340,0.0000,NA,NA,NA
ExperienceX.exe,56308,0x216C829D570,DXGI,1,0,0,Composed: Flip,932.7182,NA,17.18640000000000,182.97510000000000,0.62610000000000,3.34750000000000,26.7906,916.0784,17.2659,16.6398,0.6261,19.7756,0.2117,0.1583,0.0534,46.8696,916.0784,NA
ExperienceX.exe,56308,0x216C829D570,DXGI,1,0,0,Composed: Flip,948.4889,NA,15.77070000000000,NA,0.28240000000000,1.14050000000000,NA,933.3443,15.4270,15.1446,0.2824,13.6170,2.6681,2.6681,0.0000,NA,NA,NA
ExperienceX.exe,56308,0x216C829D570,DXGI,1,0,0,Composed: Flip,983.3310,NA,34.84210000000000,83.32910000000001,0.89040000000000,3.45820000000000,59.5069,948.7713,35.4501,34.5597,0.8904,37.5668,0.4511,0.4511,0.0000,-50.6362,948.7713,NA
ExperienceX.exe,56308,0x216838E1150,DXGI,1,0,0,Composed: Flip,948.6997,NA,15.87600000000000,83.30810000000001,0.31730000000000,1.29060000000000,44.2628,933.3090,15.7080,15.3907,0.3173,16.3204,0.3609,0.3609,0.0000,12.3640,933.3090,NA
ExperienceX.exe,56308,0x216838E1150,DXGI,1,0,0,Composed: Flip,983.0859,NA,34.38620000000000,NA,0.40460000000000,3.25220000000000,NA,949.0170,34.4735,34.0689,0.4046,36.9112,0.4099,0.4099,0.0000,NA,NA,NA
ExperienceX.exe,56308,0x216838E1150,DXGI,1,0,0,Composed: Flip,1019.3214,NA,36.23550000000000,NA,0.30100000000000,2.55060000000000,NA,983.4905,36.1319,35.8309,0.3010,37.9734,0.4081,0.4081,0.0000,NA,NA,NA
ExperienceX.exe,56308,0x216C829D570,DXGI,1,0,0,Composed: Flip,1018.8639,NA,35.53290000000001,0.14210000000000,0.79910000000000,2.29830000000000,24.1161,984.2214,35.4416,34.6425,0.7991,2.5678,34.3730,5.6024,28.7706,35.3080,984.2214,NA
ExperienceX.exe,56308,0x216C829D570,DXGI,1,0,0,Composed: Flip,1030.5135,NA,11.64960000000000,NA,0.37500000000000,1.75940000000000,NA,1019.6630,11.2255,10.8505,0.3750,2.2090,10.4009,3.0877,7.3132,NA,NA,NA
ExperienceX.exe,56308,0x216838E1150,DXGI,1,0,0,Composed: Flip,1031.9584,NA,12.63700000000000,84.82610000000001,0.29320000000000,1.15720000000000,45.8302,1019.6224,12.6292,12.3360,0.2932,13.0834,0.4098,0.3924,0.0174,1.4873,1019.6224,NA
ExperienceX.exe,56308,0x216838E1150,DXGI,1,0,0,Composed: Flip,1059.3247,NA,27.36630000000000,NA,0.61370000000000,1.50300000000000,NA,1032.2516,27.6868,27.0731,0.6137,26.2795,2.2966,2.2966,0.0000,NA,NA,NA
ExperienceX.exe,56308,0x216C7EA03E0,DXGI,1,0,0,Composed: Flip,912.4059,NA,24.08170000000000,16.71360000000000,3.43160000000000,6.01540000000000,30.4115,888.7128,27.1247,23.6931,3.4316,6.9825,22.7260,3.6264,19.0996,14.9977,888.7128,NA
ExperienceX.exe,56308,0x216C7EA03E0,DXGI,1,0,0,Composed: Flip,932.7015,NA,20.29560000000000,NA,0.74030000000000,3.11850000000000,NA,915.8375,17.6043,16.8640,0.7403,5.1039,14.8786,2.9571,11.9215,NA,NA,NA
ExperienceX.exe,56308,0x216C7EA03E0,DXGI,1,0,0,Composed: Flip,948.5928,NA,15.89130000000000,NA,0.38300000000000,1.81320000000000,NA,933.4418,15.5340,15.1510,0.3830,16.5485,0.4157,0.4157,0.0000,NA,NA,NA
ExperienceX.exe,56308,0x216C7EA03E0,DXGI,1,0,0,Composed: Flip,982.2816,NA,33.68880000000000,NA,0.66830000000000,3.64660000000000,NA,948.9758,33.9741,33.3058,0.6683,1.4302,35.5222,5.3175,30.2047,NA,NA,NA
ExperienceX.exe,56308,0x216C7EA03E0,DXGI,1,0,0,Composed: Flip,1018.9480,NA,36.66640000000000,NA,0.69750000000000,2.51590000000000,NA,982.9499,36.6956,35.9981,0.6975,38.2123,0.3017,0.3017,0.0000,NA,NA,NA
ExperienceX.exe,56308,0x216C7EA03E0,DXGI,1,0,0,Composed: Flip,1030.9424,NA,11.99440000000000,NA,0.82100000000000,1.76340000000000,NA,1019.6455,12.1179,11.2969,0.8210,12.6274,0.4329,0.4329,0.0000,NA,NA,NA
ExperienceX.exe,56308,0x216C7EA03E0,DXGI,1,0,0,Composed: Flip,1061.4722,NA,30.52980000000000,NA,0.32040000000000,3.75190000000000,NA,1031.7634,30.0292,29.7088,0.3204,29.5121,3.9486,1.4578,2.4908,NA,NA,NA
ExperienceX.exe,56308,0x216C7EA03E0,DXGI,1,0,0,Composed: Flip,1085.4633,NA,23.99110000000000,NA,2.07940000000000,9.38980000000000,NA,1061.7926,25.7501,23.6707,2.0794,33.0477,0.0128,0.0128,0.0000,NA,NA,NA
ExperienceX.exe,56308,0x216838E1150,DXGI,1,0,0,Composed: Flip,1087.5849,NA,28.26020000000000,48.37020000000000,1.28370000000000,7.25540000000000,38.5739,1059.9384,28.9302,27.6465,1.2837,33.4656,1.4363,1.4363,0.0000,-8.0542,1059.9384,NA
ExperienceX.exe,56308,0x216838E1150,DXGI,1,0,0,Composed: Flip,1115.3966,NA,27.81170000000000,NA,0.35160000000000,10.71330000000000,NA,1088.8686,26.8796,26.5280,0.3516,33.0794,4.1619,4.1619,0.0000,NA,NA,NA
ExperienceX.exe,56308,0x216838E1150,DXGI,1,0,0,Composed: Flip,1142.1290,NA,26.73240000000000,66.63360000000000,1.59940000000000,4.37360000000000,50.6634,1115.7482,27.9802,26.3808,1.5994,10.3617,20.3927,6.1397,14.2530,-10.8238,1115.7482,NA
ExperienceX.exe,56308,0x216C829D570,DXGI,1,0,0,Composed: Flip,1057.6586,NA,27.14510000000000,66.67290000000000,2.63860000000000,3.61690000000000,51.9943,1030.8885,29.4087,26.7701,2.6386,29.9392,0.4478,0.4478,0.0000,-20.0058,1030.8885,NA
ExperienceX.exe,56308,0x216C829D570,DXGI,1,0,0,Composed: Flip,1087.0542,NA,29.39560000000000,NA,0.34510000000000,6.34980000000000,NA,1060.2972,27.1021,26.7570,0.3451,5.0114,28.0954,9.9022,18.1932,NA,NA,NA
ExperienceX.exe,56308,0x216C829D570,DXGI,1,0,0,Composed: Flip,1115.4370,NA,28.38280000000000,NA,1.49590000000000,6.51100000000000,NA,1087.3993,29.5336,28.0377,1.4959,34.4801,0.0686,0.0686,0.0000,NA,NA,NA
ExperienceX.exe,56308,0x216C829D570,DXGI,1,0,0,Composed: Flip,1171.0126,NA,55.57560000000000,NA,0.54260000000000,5.54380000000000,NA,1116.9329,54.6223,54.0797,0.5426,30.1348,29.4887,9.1240,20.3647,NA,NA,NA
ExperienceX.exe,56308,0x216C829D570,DXGI,1,0,0,Composed: Flip,1182.6327,NA,11.62010000000000,116.47590000000001,0.28340000000000,7.17770000000000,43.4961,1171.5552,11.3609,11.0775,0.2834,13.6556,4.5996,4.5866,0.0130,24.1908,1171.5552,NA
ExperienceX.exe,56308,0x216838E1150,DXGI,1,0,0,Composed: Flip,1171.2407,NA,29.11170000000000,0.17550000000000,0.18200000000000,6.57420000000000,21.7272,1143.7284,27.6943,27.5123,0.1820,32.8280,1.2585,1.2585,0.0000,27.8047,1143.7284,NA
ExperienceX.exe,56308,0x216838E1150,DXGI,1,0,0,Composed: Flip,1179.0478,NA,7.80710000000000,NA,0.69740000000000,6.16300000000000,NA,1171.4227,8.3225,7.6251,0.6974,12.2887,1.4994,1.4994,0.0000,NA,NA,NA
ExperienceX.exe,56308,0x216C829D570,DXGI,1,0,0,Composed: Flip,1211.7903,NA,29.15760000000000,33.49490000000000,0.38240000000000,6.19190000000000,47.8334,1182.9161,29.2566,28.8742,0.3824,29.7997,5.2664,5.2664,0.0000,-22.1340,1182.9161,NA
ExperienceX.exe,56308,0x216838E1150,DXGI,1,0,0,Composed: Flip,1237.0474,NA,57.99960000000000,99.82730000000001,0.46530000000000,1.69870000000000,55.7478,1179.7452,57.7675,57.3022,0.4653,39.2712,19.7297,6.5961,13.1336,-63.8105,1179.7452,NA
ExperienceX.exe,56308,0x216838E1150,DXGI,1,0,0,Composed: Flip,1268.5924,NA,31.54500000000000,50.25000000000000,0.72350000000000,4.22870000000000,74.4528,1237.5127,31.8032,31.0797,0.7235,14.7752,20.5332,7.2646,13.2686,7.5175,1237.5127,NA
ExperienceX.exe,56308,0x216C829D570,DXGI,1,0,0,Composed: Flip,1245.7935,NA,34.00320000000000,49.97450000000000,0.33280000000000,6.49440000000000,63.8047,1212.1727,33.9536,33.6208,0.3328,38.7611,1.3541,1.3541,0.0000,-20.7179,1212.1727,NA
ExperienceX.exe,56308,0x216C829D570,DXGI,1,0,0,Composed: Flip,1285.1636,NA,39.37010000000000,NA,0.25230000000000,6.48290000000000,NA,1246.1263,39.2896,39.0373,0.2523,42.2626,3.2576,3.2360,0.0216,NA,NA,NA
ExperienceX.exe,56308,0x216C829D570,DXGI,1,0,0,Composed: Flip,1324.2056,NA,39.04200000000000,NA,0.32650000000000,5.93860000000000,NA,1285.4159,39.1162,38.7897,0.3265,44.3841,0.3442,0.3442,0.0000,NA,NA,NA
ExperienceX.exe,56308,0x216838E1150,DXGI,1,0,0,Composed: Flip,1325.2186,NA,56.62620000000000,33.09250000000000,0.48850000000000,7.14880000000000,50.9191,1269.3159,56.3912,55.9027,0.4885,60.8283,2.2232,2.2232,0.0000,-1.2893,1269.3159,NA
ExperienceX.exe,56308,0x216838E1150,DXGI,1,0,0,Composed: Flip,1355.5459,NA,30.32730000000000,NA,0.46640000000000,5.10480000000000,NA,1325.7071,30.3052,29.8388,0.4664,33.1352,1.8084,1.8084,0.0000,NA,NA,NA
ExperienceX.exe,56308,0x216838E1150,DXGI,1,0,0,Composed: Flip,1389.9690,NA,34.42310000000001,50.13590000000000,0.54650000000000,5.40020000000000,36.3046,1356.0123,34.5032,33.9567,0.5465,5.1673,34.1896,10.5700,23.6196,36.5605,1356.0123,NA
ExperienceX.exe,56308,0x216838E1150,DXGI,1,0,0,Composed: Flip,1417.7604,NA,27.79140000000000,50.11620000000000,0.32260000000000,5.25250000000000,58.6294,1390.5155,27.5675,27.2449,0.3226,6.7032,25.7942,11.2697,14.5245,-15.6130,1390.5155,NA
ExperienceX.exe,56308,0x216838E1150,DXGI,1,0,0,Composed: Flip,1450.1724,NA,32.41200000000000,16.64220000000000,0.33560000000000,5.02430000000000,42.8596,1418.0830,32.4250,32.0894,0.3356,36.4859,0.6278,0.6278,0.0000,10.9253,1418.0830,NA
ExperienceX.exe,56308,0x216C7EA03E0,DXGI,1,0,0,Composed: Flip,1114.4401,NA,28.97680000000000,216.67860000000002,3.09290000000000,7.43930000000000,45.0559,1087.5427,29.9903,26.8974,3.0929,7.3104,27.0263,10.2991,16.7272,-17.8487,1087.5427,NA
ExperienceX.exe,56308,0x216C7EA03E0,DXGI,1,0,0,Composed: Flip,1143.3312,NA,28.89110000000000,NA,0.61710000000000,3.73650000000000,NA,1117.5330,26.4153,25.7982,0.6171,28.9696,0.5651,0.5651,0.0000,NA,NA,NA
ExperienceX.exe,56308,0x216C7EA03E0,DXGI,1,0,0,Composed: Flip,1170.3886,NA,27.05740000000000,NA,0.37400000000000,7.45280000000000,NA,1143.9483,26.8143,26.4403,0.3740,33.8666,0.0265,0.0265,0.0000,NA,NA,NA
ExperienceX.exe,56308,0x216C7EA03E0,DXGI,1,0,0,Composed: Flip,1178.8941,NA,8.50550000000000,NA,0.44780000000000,4.81730000000000,NA,1170.7626,8.5793,8.1315,0.4478,7.0788,5.8700,5.8700,0.0000,NA,NA,NA
ExperienceX.exe,56308,0x216C7EA03E0,DXGI,1,0,0,Composed: Flip,1213.2726,NA,34.37850000000000,NA,0.12370000000000,5.74380000000000,NA,1179.3419,34.0544,33.9307,0.1237,38.6403,1.0342,1.0342,0.0000,NA,NA,NA
ExperienceX.exe,56308,0x216C7EA03E0,DXGI,1,0,0,Composed: Flip,1247.4039,NA,34.13130000000000,NA,0.42330000000000,3.52990000000000,NA,1213.3963,34.4309,34.0076,0.4233,25.3498,12.1877,4.9567,7.2310,NA,NA,NA
ExperienceX.exe,56308,0x216C7EA03E0,DXGI,1,0,0,Composed: Flip,1281.8727,NA,34.46880000000000,NA,0.46690000000000,6.51620000000000,NA,1247.8272,34.5124,34.0455,0.4669,24.9939,15.5678,5.6904,9.8774,NA,NA,NA
ExperienceX.exe,56308,0x216C7EA03E0,DXGI,1,0,0,Composed: Flip,1321.5230,NA,39.65030000000000,NA,0.45310000000000,8.27700000000000,NA,1282.3396,39.6365,39.1834,0.4531,39.8370,7.6234,7.6234,0.0000,NA,NA,NA
ExperienceX.exe,56308,0x216C7EA03E0,DXGI,1,0,0,Composed: Flip,1353.6595,NA,32.13650000000000,NA,0.47300000000000,7.52010000000000,NA,1321.9761,32.1564,31.6834,0.4730,38.6746,0.5289,0.5289,0.0000,NA,NA,NA
ExperienceX.exe,56308,0x216C7EA03E0,DXGI,1,0,0,Composed: Flip,1389.4804,NA,35.82090000000000,NA,0.73540000000000,7.73830000000000,NA,1354.1325,36.0833,35.3479,0.7354,42.5087,0.5775,0.5775,0.0000,NA,NA,NA
ExperienceX.exe,56308,0x216C7EA03E0,DXGI,1,0,0,Composed: Flip,1416.7624,NA,27.28200000000000,NA,0.64200000000000,7.02640000000000,NA,1390.2158,27.1886,26.5466,0.6420,33.0879,0.4851,0.4851,0.0000,NA,NA,NA
ExperienceX.exe,56308,0x216C7EA03E0,DXGI,1,0,0,Composed: Flip,1449.8599,NA,33.09750000000000,NA,0.62840000000000,5.71670000000000,NA,1417.4044,33.0839,32.4555,0.6284,37.7923,0.3799,0.3579,0.0220,NA,NA,NA
ExperienceX.exe,56308,0x216C7EA03E0,DXGI,1,0,0,Composed: Flip,1468.0973,NA,18.23740000000000,NA,0.41850000000000,9.40610000000000,NA,1450.4883,18.0275,17.6090,0.4185,18.9293,8.0858,7.7915,0.2943,NA,NA,NA
ExperienceX.exe,56308,0x216C829D570,DXGI,1,0,0,Composed: Flip,1354.7587,NA,30.55310000000000,101.83690000000000,1.14070000000000,4.08360000000000,56.6764,1324.5321,31.3673,30.2266,1.1407,7.8353,26.4749,9.1231,17.3518,10.5225,1324.5321,NA
ExperienceX.exe,56308,0x216C829D570,DXGI,1,0,0,Composed: Flip,1388.3461,NA,33.58740000000000,NA,1.43380000000000,8.29510000000000,NA,1355.8994,33.8805,32.4467,1.4338,39.4698,1.2720,1.2720,0.0000,NA,NA,NA
ExperienceX.exe,56308,0x216C829D570,DXGI,1,0,0,Composed: Flip,1416.8195,NA,28.47340000000000,NA,0.52640000000000,6.48420000000000,NA,1389.7799,27.5660,27.0396,0.5264,33.2330,0.2908,0.2908,0.0000,NA,NA,NA
ExperienceX.exe,56308,0x216C829D570,DXGI,1,0,0,Composed: Flip,1449.8592,NA,33.03970000000000,NA,0.58470000000000,4.70970000000000,NA,1417.3459,33.0980,32.5133,0.5847,6.4429,30.7801,10.3423,20.4378,NA,NA,NA
ExperienceX.exe,56308,0x216C829D570,DXGI,1,0,0,Composed: Flip,1471.5981,NA,21.73890000000000,NA,0.41560000000000,6.08570000000000,NA,1450.4439,21.5698,21.1542,0.4156,27.0595,0.1804,0.1804,0.0000,NA,NA,NA
ExperienceX.exe,56308,0x216C829D570,DXGI,1,0,0,Composed: Flip,1497.3356,NA,25.73750000000000,NA,0.72720000000000,5.53580000000000,NA,1472.0137,26.0491,25.3219,0.7272,29.5253,1.3324,1.3324,0.0000,NA,NA,NA
ExperienceX.exe,56308,0x216838E1150,DXGI,1,0,0,Composed: Flip,1473.7240,NA,23.55160000000000,33.30390000000000,0.30040000000000,5.63540000000000,52.6119,1450.5080,23.5164,23.2160,0.3004,27.1758,1.6756,1.6756,0.0000,-0.8789,1450.5080,NA
ExperienceX.exe,56308,0x216838E1150,DXGI,1,0,0,Composed: Flip,1497.5798,NA,23.85580000000000,NA,0.84190000000000,5.71420000000000,NA,1474.0244,24.3973,23.5554,0.8419,28.8470,0.4226,0.3853,0.0373,NA,NA,NA
ExperienceX.exe,56308,0x216838E1150,DXGI,1,0,0,Composed: Flip,1523.8244,NA,26.24460000000000,NA,0.42930000000000,7.70850000000000,NA,1498.4217,25.8320,25.4027,0.4293,32.6180,0.4932,0.4932,0.0000,NA,NA,NA
ExperienceX.exe,56308,0x216C829D570,DXGI,1,0,0,Composed: Flip,1523.8710,NA,26.53540000000000,164.78250000000000,1.82220000000000,7.16870000000000,52.3466,1498.0628,27.6304,25.8082,1.8222,27.1462,5.8307,5.8307,0.0000,8.7482,1498.0628,NA
ExperienceX.exe,56308,0x216838E1150,DXGI,1,0,0,Composed: Flip,1553.3869,NA,29.56250000000000,66.50930000000000,1.54830000000000,5.01060000000000,39.4583,1524.2537,30.6815,29.1332,1.5483,8.4345,25.7093,10.2752,15.4341,7.2364,1524.2537,NA
ExperienceX.exe,56308,0x216838E1150,DXGI,1,0,0,Composed: Flip,1575.1164,NA,21.72950000000000,33.40650000000000,0.45920000000000,2.59040000000000,51.1353,1554.9352,20.6404,20.1812,0.4592,5.2416,17.5300,6.5097,11.0203,-2.7250,1554.9352,NA
ExperienceX.exe,56308,0x216838E1150,DXGI,1,0,0,Composed: Flip,1603.5274,NA,28.41100000000000,17.66730000000000,0.33720000000000,1.96910000000000,40.3916,1575.5756,28.2890,27.9518,0.3372,27.5447,2.3762,2.3187,0.0575,2.9731,1575.5756,NA
ExperienceX.exe,56308,0x216C829D570,DXGI,1,0,0,Composed: Flip,1554.4209,NA,30.54990000000000,33.40180000000000,0.31890000000000,5.75590000000000,55.1985,1525.6932,29.0466,28.7277,0.3189,33.0142,1.4694,1.4694,0.0000,-5.7714,1525.6932,NA
ExperienceX.exe,56308,0x216C829D570,DXGI,1,0,0,Composed: Flip,1588.0373,NA,33.61640000000000,NA,0.44390000000000,1.67860000000000,NA,1554.7398,33.7414,33.2975,0.4439,24.5570,10.4191,3.6390,6.7801,NA,NA,NA
ExperienceX.exe,56308,0x216C829D570,DXGI,1,0,0,Composed: Flip,1599.5644,NA,11.52710000000000,NA,0.38840000000000,2.33210000000000,NA,1588.4812,11.4716,11.0832,0.3884,1.5461,11.8692,4.3383,7.5309,NA,NA,NA
ExperienceX.exe,56308,0x216C829D570,DXGI,1,0,0,Composed: Flip,1620.2008,NA,20.63640000000000,NA,0.34130000000000,3.88670000000000,NA,1599.9528,20.5893,20.2480,0.3413,23.7914,0.3433,0.3433,0.0000,NA,NA,NA
ExperienceX.exe,56308,0x216C829D570,DXGI,1,0,0,Composed: Flip,1629.0029,NA,8.80210000000000,66.75460000000000,0.77270000000000,5.56680000000000,47.3711,1620.5421,9.2335,8.4608,0.7727,13.5666,0.4610,0.4446,0.0164,28.0943,1620.5421,NA
ExperienceX.exe,56308,0x216838E1150,DXGI,1,0,0,Composed: Flip,1615.7905,NA,12.26310000000000,16.44870000000000,0.62390000000000,5.43620000000000,44.5772,1603.8646,12.5498,11.9259,0.6239,1.6319,15.7302,5.8427,9.8875,11.8403,1603.8646,NA
ExperienceX.exe,56308,0x216838E1150,DXGI,1,0,0,Composed: Flip,1629.0085,NA,13.21800000000000,NA,0.45840000000000,5.10020000000000,NA,1616.4144,13.0525,12.5941,0.4584,17.2869,0.4074,0.4074,0.0000,NA,NA,NA
ExperienceX.exe,56308,0x216838E1150,DXGI,1,0,0,Composed: Flip,1664.8416,NA,35.83310000000000,NA,0.65330000000000,6.13680000000000,NA,1629.4669,36.0280,35.3747,0.6533,40.1965,1.3150,1.3150,0.0000,NA,NA,NA
ExperienceX.exe,56308,0x216838E1150,DXGI,1,0,0,Composed: Flip,1687.6938,NA,22.85220000000000,83.05100000000000,0.40230000000000,11.37620000000000,55.7249,1665.4949,22.6012,22.1989,0.4023,5.9647,27.6104,15.0635,12.5469,-21.4207,1665.4949,NA
ExperienceX.exe,56308,0x216838E1150,DXGI,1,0,0,Composed: Flip,1726.8741,NA,39.18030000000000,33.17330000000000,0.31810000000000,8.70930000000000,49.7179,1688.0961,39.0961,38.7780,0.3181,41.1467,6.3406,6.3406,0.0000,-10.5721,1688.0961,NA
ExperienceX.exe,56308,0x216838E1150,DXGI,1,0,0,Composed: Flip,1747.5960,NA,20.72190000000000,16.43490000000000,0.51010000000000,4.36160000000000,45.4309,1727.1922,20.9139,20.4038,0.5101,24.3827,0.3827,0.3827,0.0000,22.6612,1727.1922,NA
ExperienceX.exe,56308,0x216C829D570,DXGI,1,0,0,Composed: Flip,1664.9079,NA,35.90500000000000,33.21300000000000,0.35970000000000,4.75550000000000,44.6791,1629.7756,35.4920,35.1323,0.3597,34.1602,5.7276,5.7276,0.0000,-23.9795,1629.7756,NA
ExperienceX.exe,56308,0x216C829D570,DXGI,1,0,0,Composed: Flip,1689.2930,NA,24.38510000000000,NA,0.32870000000000,9.89850000000000,NA,1665.2676,24.3541,24.0254,0.3287,33.8104,0.1135,0.1135,0.0000,NA,NA,NA
ExperienceX.exe,56308,0x216C829D570,DXGI,1,0,0,Composed: Flip,1724.5063,NA,35.21330000000000,NA,0.92580000000000,4.73650000000000,NA,1689.6217,35.8104,34.8846,0.9258,10.8227,28.7984,4.9489,23.8495,NA,NA,NA
ExperienceX.exe,56308,0x216C829D570,DXGI,1,0,0,Composed: Flip,1747.2727,NA,22.76640000000000,NA,0.42420000000000,4.30220000000000,NA,1725.4321,22.2648,21.8406,0.4242,12.3149,13.8279,7.4503,6.3776,NA,NA,NA
ExperienceX.exe,56308,0x216C829D570,DXGI,1,0,0,Composed: Flip,1774.5781,NA,27.30540000000000,NA,0.31970000000000,5.87770000000000,NA,1747.6969,27.2009,26.8812,0.3197,32.7118,0.0471,0.0471,0.0000,NA,NA,NA
ExperienceX.exe,56308,0x216C7EA03E0,DXGI,1,0,0,Composed: Flip,1497.3353,NA,29.23800000000000,400.12700000000001,0.61350000000000,4.20370000000000,62.2877,1468.5158,29.4330,28.8195,0.6135,10.8436,22.1796,6.5827,15.5969,-19.1539,1468.5158,NA
ExperienceX.exe,56308,0x216C7EA03E0,DXGI,1,0,0,Composed: Flip,1524.2894,NA,26.95410000000000,NA,0.31160000000000,8.39880000000000,NA,1497.9488,26.6522,26.3406,0.3116,33.5841,1.1553,1.1553,0.0000,NA,NA,NA
ExperienceX.exe,56308,0x216C7EA03E0,DXGI,1,0,0,Composed: Flip,1552.0145,NA,27.72510000000000,NA,0.40940000000000,6.69290000000000,NA,1524.6010,27.8229,27.4135,0.4094,33.7965,0.3099,0.3099,0.0000,NA,NA,NA
ExperienceX.exe,56308,0x216C7EA03E0,DXGI,1,0,0,Composed: Flip,1577.4262,NA,25.41170000000000,NA,0.21980000000000,1.87060000000000,NA,1552.4239,25.2221,25.0023,0.2198,25.2829,1.5900,1.5900,0.0000,NA,NA,NA
ExperienceX.exe,56308,0x216C7EA03E0,DXGI,1,0,0,Composed: Flip,1599.7842,NA,22.35800000000000,NA,0.66690000000000,3.33610000000000,NA,1577.6460,22.8051,22.1382,0.6669,24.2704,1.2039,1.2039,0.0000,NA,NA,NA
ExperienceX.exe,56308,0x216C7EA03E0,DXGI,1,0,0,Composed: Flip,1620.2483,NA,20.46410000000000,NA,0.39400000000000,3.49590000000000,NA,1600.4511,20.1912,19.7972,0.3940,20.7756,2.5175,2.5175,0.0000,NA,NA,NA
ExperienceX.exe,56308,0x216C7EA03E0,DXGI,1,0,0,Composed: Flip,1629.4453,NA,9.19700000000000,NA,0.30140000000000,4.25600000000000,NA,1620.6423,9.1044,8.8030,0.3014,3.4452,9.6138,7.0395,2.5743,NA,NA,NA
ExperienceX.exe,56308,0x216C7EA03E0,DXGI,1,0,0,Composed: Flip,1666.6109,NA,37.16560000000000,NA,0.97350000000000,4.84870000000000,NA,1629.7467,37.8377,36.8642,0.9735,41.2317,0.4812,0.4812,0.0000,NA,NA,NA
ExperienceX.exe,56308,0x216C7EA03E0,DXGI,1,0,0,Composed: Flip,1689.3710,NA,22.76010000000000,NA,0.34030000000000,11.07340000000000,NA,1667.5844,22.1269,21.7866,0.3403,31.6071,1.2529,1.2529,0.0000,NA,NA,NA
ExperienceX.exe,56308,0x216C7EA03E0,DXGI,1,0,0,Composed: Flip,1724.4974,NA,35.12640000000000,NA,0.46380000000000,13.24960000000000,NA,1689.7113,35.2499,34.7861,0.4638,45.8721,2.1636,2.1636,0.0000,NA,NA,NA
ExperienceX.exe,56308,0x216C7EA03E0,DXGI,1,0,0,Composed: Flip,1747.0377,NA,22.54030000000000,NA,0.61110000000000,5.70440000000000,NA,1724.9612,22.6876,22.0765,0.6111,26.9964,0.7845,0.7845,0.0000,NA,NA,NA
ExperienceX.exe,56308,0x216C7EA03E0,DXGI,1,0,0,Composed: Flip,1774.3721,NA,27.33440000000000,NA,0.41630000000000,8.15500000000000,NA,1747.6488,27.1396,26.7233,0.4163,32.8070,2.0713,2.0713,0.0000,NA,NA,NA
ExperienceX.exe,56308,0x216C7EA03E0,DXGI,1,0,0,Composed: Flip,1794.6942,NA,20.32210000000000,NA,0.49890000000000,7.57420000000000,NA,1774.7884,20.4047,19.9058,0.4989,25.9684,1.5116,1.5116,0.0000,NA,NA,NA
ExperienceX.exe,56308,0x216838E1150,DXGI,1,0,0,Composed: Flip,1774.7967,NA,27.20070000000000,16.91500000000000,0.27410000000000,5.61200000000000,35.1452,1748.1061,26.9647,26.6906,0.2741,4.6360,27.6666,10.3433,17.3233,3.9989,1748.1061,NA
ExperienceX.exe,56308,0x216838E1150,DXGI,1,0,0,Composed: Flip,1794.7381,NA,19.94140000000000,NA,0.48760000000000,6.01870000000000,NA,1775.0708,20.1549,19.6673,0.4876,7.4563,18.2297,8.9500,9.2797,NA,NA,NA
ExperienceX.exe,56308,0x216838E1150,DXGI,1,0,0,Composed: Flip,1822.9358,NA,28.19770000000000,NA,0.53040000000000,9.86570000000000,NA,1795.2257,28.2405,27.7101,0.5304,33.5253,4.0505,4.0505,0.0000,NA,NA,NA
ExperienceX.exe,56308,0x216838E1150,DXGI,1,0,0,Composed: Flip,1849.8138,NA,26.87800000000000,82.89870000000001,0.27860000000000,3.78330000000000,43.0268,1823.4662,26.6262,26.3476,0.2786,29.8309,0.3000,0.3000,0.0000,-7.5386,1823.4662,NA
ExperienceX.exe,56308,0x216838E1150,DXGI,1,0,0,Composed: Flip,1872.3988,NA,22.58500000000000,33.33570000000000,0.36440000000000,4.94720000000000,53.7775,1850.0924,22.6708,22.3064,0.3644,4.6799,22.5737,11.6822,10.8915,-6.7095,1850.0924,NA
ExperienceX.exe,56308,0x216C7EA03E0,DXGI,1,0,0,Composed: Flip,1822.6252,NA,27.93100000000000,299.88830000000002,0.32790000000000,6.11870000000000,36.8861,1795.1931,27.7600,27.4321,0.3279,25.9074,7.6434,7.6434,0.0000,26.7890,1795.1931,NA
ExperienceX.exe,56308,0x216C7EA03E0,DXGI,1,0,0,Composed: Flip,1851.4420,NA,28.81680000000000,NA,0.25480000000000,3.33030000000000,NA,1822.9531,28.7437,28.4889,0.2548,30.6440,1.1752,1.1752,0.0000,NA,NA,NA
ExperienceX.exe,56308,0x216C7EA03E0,DXGI,1,0,0,Composed: Flip,1872.8595,NA,21.41750000000000,NA,0.46910000000000,4.49570000000000,NA,1851.6968,21.6318,21.1627,0.4691,25.6492,0.0092,0.0092,0.0000,NA,NA,NA
ExperienceX.exe,56308,0x216C7EA03E0,DXGI,1,0,0,Composed: Flip,1911.2126,NA,38.35310000000000,NA,0.43960000000000,5.31360000000000,NA,1873.3286,38.3236,37.8840,0.4396,40.1546,3.0430,3.0430,0.0000,NA,NA,NA
ExperienceX.exe,56308,0x216838E1150,DXGI,1,0,0,Composed: Flip,1911.3522,NA,38.95340000000000,16.62770000000000,0.32170000000000,5.48990000000000,31.4518,1872.7632,38.9107,38.5890,0.3217,43.7630,0.3159,0.3159,0.0000,6.0431,1872.7632,NA
ExperienceX.exe,56308,0x216838E1150,DXGI,1,0,0,Composed: Flip,1927.5978,NA,16.24560000000000,NA,0.48300000000000,4.34050000000000,NA,1911.6739,16.4069,15.9239,0.4830,20.0231,0.2413,0.2413,0.0000,NA,NA,NA
ExperienceX.exe,56308,0x216C7EA03E0,DXGI,1,0,0,Composed: Flip,1927.5947,NA,16.38210000000000,100.26640000000000,0.36420000000000,4.10230000000000,32.1830,1911.6522,16.3067,15.9425,0.3642,5.1899,14.8549,6.4178,8.4371,16.1927,1911.6522,NA
ExperienceX.exe,56308,0x216C7EA03E0,DXGI,1,0,0,Composed: Flip,1951.6081,NA,24.01340000000000,NA,0.21440000000000,6.58920000000000,NA,1927.9589,23.8636,23.6492,0.2144,27.0878,3.1506,3.1506,0.0000,NA,NA,NA
ExperienceX.exe,56308,0x216838E1150,DXGI,1,0,0,Composed: Flip,1948.1430,NA,20.54520000000000,33.37830000000000,0.47530000000000,5.70680000000000,28.0393,1928.0808,20.5375,20.0622,0.4753,20.0471,5.7219,5.0620,0.6599,21.9393,1928.0808,NA
ExperienceX.exe,56308,0x216838E1150,DXGI,1,0,0,Composed: Flip,1961.0375,NA,12.89450000000000,NA,0.38610000000000,5.71400000000000,NA,1948.6183,12.8053,12.4192,0.3861,17.5087,0.6245,0.6135,0.0110,NA,NA,NA
ExperienceX.exe,56308,0x216838E1150,DXGI,1,0,0,Composed: Flip,1980.1146,NA,19.07710000000000,50.06800000000000,0.53850000000000,4.69320000000000,46.1357,1961.4236,19.2295,18.6910,0.5385,17.6644,5.7198,5.0693,0.6505,-16.7252,1961.4236,NA
ExperienceX.exe,56308,0x216C829D570,DXGI,1,0,0,Composed: Flip,1794.6974,NA,20.11930000000000,133.29110000000000,0.64950000000000,8.62350000000000,48.1807,1774.8978,20.4491,19.7996,0.6495,27.3706,1.0525,1.0405,0.0120,11.8311,1774.8978,NA
ExperienceX.exe,56308,0x216C829D570,DXGI,1,0,0,Composed: Flip,1822.4877,NA,27.79030000000000,NA,1.16030000000000,6.26330000000000,NA,1795.3469,28.3011,27.1408,1.1603,33.3970,0.0071,0.0071,0.0000,NA,NA,NA
ExperienceX.exe,56308,0x216C829D570,DXGI,1,0,0,Composed: Flip,1849.6437,NA,27.15600000000000,NA,0.91460000000000,3.65340000000000,NA,1823.6480,26.9103,25.9957,0.9146,9.1535,20.4956,5.9589,14.5367,NA,NA,NA
ExperienceX.exe,56308,0x216C829D570,DXGI,1,0,0,Composed: Flip,1872.3809,NA,22.73720000000000,NA,0.71100000000000,6.52050000000000,NA,1850.5583,22.5336,21.8226,0.7110,26.7969,1.5462,1.5462,0.0000,NA,NA,NA
ExperienceX.exe,56308,0x216C829D570,DXGI,1,0,0,Composed: Flip,1908.9053,NA,36.52440000000000,NA,1.88470000000000,4.57790000000000,NA,1873.0919,37.6981,35.8134,1.8847,5.8095,34.5818,8.7952,25.7866,NA,NA,NA
ExperienceX.exe,56308,0x216C829D570,DXGI,1,0,0,Composed: Flip,1927.3286,NA,18.42330000000000,NA,0.91050000000000,5.05450000000000,NA,1910.7900,17.4491,16.5386,0.9105,21.1483,0.4448,0.4357,0.0091,NA,NA,NA
ExperienceX.exe,56308,0x216C829D570,DXGI,1,0,0,Composed: Flip,1949.7343,NA,22.40570000000000,NA,0.55600000000000,5.31240000000000,NA,1928.2391,22.0512,21.4952,0.5560,25.6107,1.1969,1.1969,0.0000,NA,NA,NA
ExperienceX.exe,56308,0x216C829D570,DXGI,1,0,0,Composed: Flip,1961.0347,NA,11.30040000000000,NA,1.39400000000000,5.09230000000000,NA,1950.2903,12.1384,10.7444,1.3940,15.5090,0.3277,0.3277,0.0000,NA,NA,NA
ExperienceX.exe,56308,0x216C829D570,DXGI,1,0,0,Composed: Flip,1981.3930,NA,20.35830000000000,NA,0.32230000000000,4.82920000000000,NA,1962.4287,19.2866,18.9643,0.3223,22.7682,1.0253,1.0253,0.0000,NA,NA,NA
ExperienceX.exe,56308,0x216C829D570,DXGI,1,0,0,Composed: Flip,2007.8083,NA,26.41530000000000,NA,0.48750000000000,5.17910000000000,NA,1981.7153,26.5805,26.0930,0.4875,30.8468,0.4253,0.4253,0.0000,NA,NA,NA
ExperienceX.exe,56308,0x216838E1150,DXGI,1,0,0,Composed: Flip,2008.9773,NA,28.86270000000000,33.55600000000000,0.39100000000000,3.58480000000000,50.8290,1980.6531,28.7152,28.3242,0.3910,5.5691,26.3399,10.8289,15.5110,-14.3265,1980.6531,NA
ExperienceX.exe,56308,0x216838E1150,DXGI,1,0,0,Composed: Flip,2031.2752,NA,22.29790000000000,NA,0.34680000000000,5.75290000000000,NA,2009.3683,22.2537,21.9069,0.3468,27.3908,0.2690,0.2690,0.0000,NA,NA,NA
ExperienceX.exe,56308,0x216838E1150,DXGI,1,0,0,Composed: Flip,2073.5115,NA,42.23630000000000,66.99880000000000,0.41050000000000,8.36930000000000,53.2936,2031.6220,42.3000,41.8895,0.4105,47.4260,2.8328,2.8328,0.0000,-16.0299,2031.6220,NA
ExperienceX.exe,56308,0x216C829D570,DXGI,1,0,0,Composed: Flip,2031.3035,NA,23.49520000000000,249.79500000000002,0.47800000000000,6.61070000000000,61.3696,2008.2958,23.4857,23.0077,0.4780,28.7323,0.8861,0.8722,0.0139,-16.3970,2008.2958,NA
ExperienceX.exe,56308,0x216C829D570,DXGI,1,0,0,Composed: Flip,2073.5057,NA,42.20220000000000,NA,1.00540000000000,5.54230000000000,NA,2031.7815,42.7296,41.7242,1.0054,42.9979,4.2686,4.2686,0.0000,NA,NA,NA
ExperienceX.exe,56308,0x216C829D570,DXGI,1,0,0,Composed: Flip,2103.8514,NA,30.34570000000000,NA,0.33890000000000,7.51010000000000,NA,2074.5111,29.6792,29.3403,0.3389,36.5076,0.3428,0.3428,0.0000,NA,NA,NA
ExperienceX.exe,56308,0x216838E1150,DXGI,1,0,0,Composed: Flip,2103.2608,NA,29.74930000000000,17.67210000000000,0.35430000000000,7.75790000000000,41.2164,2073.9220,29.6931,29.3388,0.3543,7.9677,29.1290,13.3657,15.7633,24.6279,2073.9220,NA
ExperienceX.exe,56308,0x216838E1150,DXGI,1,0,0,Composed: Flip,2131.0672,NA,27.80640000000000,NA,0.28120000000000,6.07380000000000,NA,2103.6151,27.7333,27.4521,0.2812,8.1262,25.3997,12.7841,12.6156,NA,NA,NA
ExperienceX.exe,56308,0x216C829D570,DXGI,1,0,0,Composed: Flip,2130.9335,NA,27.08210000000000,66.92350000000000,0.88350000000000,7.28960000000000,28.6631,2104.1903,27.6267,26.7432,0.8835,32.9507,1.0821,1.0821,0.0000,28.9710,2104.1903,NA
ExperienceX.exe,56308,0x216C829D570,DXGI,1,0,0,Composed: Flip,2149.4288,NA,18.49530000000000,NA,0.45720000000000,7.37130000000000,NA,2131.8170,18.0690,17.6118,0.4572,24.9675,0.0156,0.0156,0.0000,NA,NA,NA
ExperienceX.exe,56308,0x216838E1150,DXGI,1,0,0,Composed: Flip,2149.5348,NA,18.46760000000000,66.07530000000000,0.69920000000000,7.24970000000000,61.0177,2131.3484,18.8856,18.1864,0.6992,22.5807,2.8554,2.8554,0.0000,-8.6489,2131.3484,NA
ExperienceX.exe,56308,0x216838E1150,DXGI,1,0,0,Composed: Flip,2178.3446,NA,28.80980000000000,32.61500000000000,0.74260000000000,11.39770000000000,64.8229,2150.2340,28.8532,28.1106,0.7426,39.4648,0.0435,0.0435,0.0000,-13.7294,2150.2340,NA
ExperienceX.exe,56308,0x216C829D570,DXGI,1,0,0,Composed: Flip,2178.3447,NA,28.91590000000000,67.66570000000000,0.48130000000000,6.86550000000000,48.9176,2149.8860,28.9400,28.4587,0.4813,6.9141,28.4101,10.6567,17.7534,-21.9700,2149.8860,NA
ExperienceX.exe,56308,0x216C829D570,DXGI,1,0,0,Composed: Flip,2219.0009,NA,40.65620000000001,NA,0.69610000000000,3.72410000000000,NA,2178.8260,40.8710,40.1749,0.6961,43.6106,0.2884,0.2884,0.0000,NA,NA,NA
ExperienceX.exe,56308,0x216C7EA03E0,DXGI,1,0,0,Composed: Flip,1961.0336,NA,9.42550000000000,49.74450000000000,0.36120000000000,4.76570000000000,48.4886,1951.8225,9.5723,9.2111,0.3612,6.3748,7.6020,7.3973,0.2047,-9.5742,1951.8225,NA
ExperienceX.exe,56308,0x216C7EA03E0,DXGI,1,0,0,Composed: Flip,1981.5417,NA,20.50810000000000,NA,0.30910000000000,3.65520000000000,NA,1961.3948,20.4560,20.1469,0.3091,23.4130,0.3891,0.3891,0.0000,NA,NA,NA
ExperienceX.exe,56308,0x216C7EA03E0,DXGI,1,0,0,Composed: Flip,2005.5113,NA,23.96960000000000,NA,2.70790000000000,8.57150000000000,NA,1981.8508,26.3684,23.6605,2.7079,31.1366,1.0954,1.0954,0.0000,NA,NA,NA
ExperienceX.exe,56308,0x216C7EA03E0,DXGI,1,0,0,Composed: Flip,2031.0848,NA,25.57350000000000,NA,0.41530000000000,5.67430000000000,NA,2008.2192,23.2809,22.8656,0.4153,5.8636,22.6763,9.2247,13.4516,NA,NA,NA
ExperienceX.exe,56308,0x216C7EA03E0,DXGI,1,0,0,Composed: Flip,2073.5133,NA,42.42850000000000,NA,0.42690000000000,8.37640000000000,NA,2031.5001,42.4401,42.0132,0.4269,50.3807,0.0089,0.0089,0.0000,NA,NA,NA
ExperienceX.exe,56308,0x216C7EA03E0,DXGI,1,0,0,Composed: Flip,2103.8278,NA,30.31450000000000,NA,0.18940000000000,7.91350000000000,NA,2073.9402,30.0770,29.8876,0.1894,37.4213,0.3798,0.3798,0.0000,NA,NA,NA
ExperienceX.exe,56308,0x216C7EA03E0,DXGI,1,0,0,Composed: Flip,2132.0298,NA,28.20200000000000,NA,0.35750000000000,6.20460000000000,NA,2104.0172,28.3701,28.0126,0.3575,34.2059,0.0113,0.0113,0.0000,NA,NA,NA
ExperienceX.exe,56308,0x216C7EA03E0,DXGI,1,0,0,Composed: Flip,2149.4091,NA,17.37930000000000,NA,0.37790000000000,4.52000000000000,NA,2132.3873,17.3997,17.0218,0.3779,5.8471,15.6947,11.9363,3.7584,NA,NA,NA
ExperienceX.exe,56308,0x216C7EA03E0,DXGI,1,0,0,Composed: Flip,2181.5082,NA,32.09910000000000,NA,0.18410000000000,8.16850000000000,NA,2149.7870,31.9053,31.7212,0.1841,35.4232,4.4665,4.2432,0.2233,NA,NA,NA
ExperienceX.exe,56308,0x216C7EA03E0,DXGI,1,0,0,Composed: Flip,2218.9091,NA,37.40090000000000,NA,0.31570000000000,3.52750000000000,NA,2181.6923,37.5325,37.2168,0.3157,36.4630,4.2813,4.2813,0.0000,NA,NA,NA
ExperienceX.exe,56308,0x216C7EA03E0,DXGI,1,0,0,Composed: Flip,2244.9758,NA,26.06670000000000,NA,0.38830000000000,9.23900000000000,NA,2219.2248,26.1393,25.7510,0.3883,34.7247,0.2653,0.2653,0.0000,NA,NA,NA
ExperienceX.exe,56308,0x216C829D570,DXGI,1,0,0,Composed: Flip,2244.9749,NA,25.97400000000000,69.03940000000000,0.38950000000000,8.97460000000000,51.3268,2219.6970,25.6674,25.2779,0.3895,3.0280,31.2245,10.6236,20.6009,0.7716,2219.6970,NA
ExperienceX.exe,56308,0x216C829D570,DXGI,1,0,0,Composed: Flip,2281.4613,NA,36.48640000000000,NA,0.34460000000000,10.43700000000000,NA,2245.3644,36.4415,36.0969,0.3446,43.4550,3.0789,3.0789,0.0000,NA,NA,NA
ExperienceX.exe,56308,0x216C829D570,DXGI,1,0,0,Composed: Flip,2297.9743,NA,16.51300000000000,46.35260000000000,0.32060000000000,4.96430000000000,44.6800,2281.8059,16.4890,16.1684,0.3206,20.6777,0.4550,0.4380,0.0170,15.7563,2281.8059,NA
ExperienceX.exe,56308,0x216C829D570,DXGI,1,0,0,Composed: Flip,2331.1532,NA,33.17890000000000,33.53670000000000,0.47650000000000,5.22020000000000,45.0378,2298.2949,33.3348,32.8583,0.4765,31.4490,6.6295,6.4105,0.2190,-17.0477,2298.2949,NA
ExperienceX.exe,56308,0x216838E1150,DXGI,1,0,0,Composed: Flip,2213.6344,NA,35.28980000000000,16.16060000000000,1.04850000000000,4.52090000000000,45.6937,2179.0872,35.5957,34.5472,1.0485,11.1203,27.9478,6.5991,21.3487,12.6926,2179.0872,NA
ExperienceX.exe,56308,0x216838E1150,DXGI,1,0,0,Composed: Flip,2244.9923,NA,31.35790000000000,NA,0.47950000000000,9.64550000000000,NA,2214.6829,30.7889,30.3094,0.4795,39.5319,0.4230,0.4230,0.0000,NA,NA,NA
ExperienceX.exe,56308,0x216838E1150,DXGI,1,0,0,Composed: Flip,2280.7497,NA,35.75740000000000,NA,0.48740000000000,8.06970000000000,NA,2245.4718,35.7653,35.2779,0.4874,42.9928,0.3548,0.3548,0.0000,NA,NA,NA
ExperienceX.exe,56308,0x216838E1150,DXGI,1,0,0,Composed: Flip,2297.9630,NA,17.21330000000000,NA,0.29200000000000,4.20480000000000,NA,2281.2371,17.0179,16.7259,0.2920,10.6612,10.2695,7.6034,2.6661,NA,NA,NA
ExperienceX.exe,56308,0x216838E1150,DXGI,1,0,0,Composed: Flip,2328.7538,NA,30.79080000000000,NA,3.16890000000000,8.32060000000000,NA,2298.2550,33.6677,30.4988,3.1689,38.4114,0.4080,0.4080,0.0000,NA,NA,NA
ExperienceX.exe,56308,0x216838E1150,DXGI,1,0,0,Composed: Flip,2361.2293,NA,32.47550000000000,NA,0.57890000000000,11.08200000000000,NA,2331.9227,29.8855,29.3066,0.5789,40.2144,0.1742,0.1742,0.0000,NA,NA,NA
ExperienceX.exe,56308,0x216838E1150,DXGI,1,0,0,Composed: Flip,2377.6621,NA,16.43280000000000,166.62430000000001,1.59060000000000,10.88890000000000,48.2903,2361.8082,17.4445,15.8539,1.5906,10.5031,16.2397,14.5139,1.7258,16.0967,2361.8082,NA
ExperienceX.exe,56308,0x216C829D570,DXGI,1,0,0,Composed: Flip,2363.1454,NA,31.99220000000000,16.79530000000000,0.25150000000000,8.98330000000000,29.8409,2331.6297,31.7672,31.5157,0.2515,5.4447,35.0543,15.9571,19.0972,16.5395,2331.6297,NA
ExperienceX.exe,56308,0x216C829D570,DXGI,1,0,0,Composed: Flip,2379.1490,NA,16.00360000000000,NA,0.18120000000000,9.50340000000000,NA,2363.3969,15.9333,15.7521,0.1812,25.1541,0.1014,0.1014,0.0000,NA,NA,NA
ExperienceX.exe,56308,0x216C829D570,DXGI,1,0,0,Composed: Flip,2410.9191,NA,31.77010000000000,NA,0.59140000000000,12.83920000000000,NA,2379.3302,32.1803,31.5889,0.5914,44.0185,0.4096,0.4096,0.0000,NA,NA,NA
ExperienceX.exe,56308,0x216838E1150,DXGI,1,0,0,Composed: Flip,2412.9486,NA,35.28650000000000,33.57470000000000,1.05590000000000,9.99930000000000,46.5785,2379.2527,34.7518,33.6959,1.0559,9.8027,33.8925,11.5744,22.3181,-16.1302,2379.2527,NA
ExperienceX.exe,56308,0x216838E1150,DXGI,1,0,0,Composed: Flip,2444.2511,NA,31.30250000000000,NA,1.16260000000000,12.94250000000000,NA,2414.0045,31.4092,30.2466,1.1626,42.8363,0.3528,0.3528,0.0000,NA,NA,NA
ExperienceX.exe,56308,0x216C7EA03E0,DXGI,1,0,0,Composed: Flip,2280.8101,NA,35.83430000000000,300.04750000000001,0.43240000000000,7.65450000000000,28.7596,2245.3641,35.8784,35.4460,0.4324,9.2737,33.8268,12.4381,21.3887,-6.5059,2245.3641,NA
ExperienceX.exe,56308,0x216C7EA03E0,DXGI,1,0,0,Composed: Flip,2297.9652,NA,17.15510000000000,NA,0.31990000000000,4.51840000000000,NA,2281.2425,17.0426,16.7227,0.3199,20.9253,0.3158,0.3158,0.0000,NA,NA,NA
ExperienceX.exe,56308,0x216C7EA03E0,DXGI,1,0,0,Composed: Flip,2328.7067,NA,30.74150000000000,NA,0.48180000000000,7.95970000000000,NA,2298.2851,30.9034,30.4216,0.4818,38.0883,0.2930,0.2930,0.0000,NA,NA,NA
ExperienceX.exe,56308,0x216C7EA03E0,DXGI,1,0,0,Composed: Flip,2361.2321,NA,32.52540000000000,NA,0.50540000000000,10.90500000000000,NA,2329.1885,32.5490,32.0436,0.5054,42.9402,0.0084,0.0084,0.0000,NA,NA,NA
ExperienceX.exe,56308,0x216C7EA03E0,DXGI,1,0,0,Composed: Flip,2378.8886,NA,17.65650000000000,NA,0.35800000000000,10.16680000000000,NA,2361.7375,17.5091,17.1511,0.3580,26.9149,0.4030,0.4030,0.0000,NA,NA,NA
ExperienceX.exe,56308,0x216C7EA03E0,DXGI,1,0,0,Composed: Flip,2412.5941,NA,33.70550000000000,NA,0.45620000000000,10.75460000000000,NA,2379.2466,33.8037,33.3475,0.4562,43.7013,0.4008,0.4008,0.0000,NA,NA,NA
ExperienceX.exe,56308,0x216C7EA03E0,DXGI,1,0,0,Composed: Flip,2444.1935,NA,31.59940000000000,NA,0.21660000000000,13.94960000000000,NA,2413.0503,31.3598,31.1432,0.2166,44.1433,0.9495,0.9495,0.0000,NA,NA,NA
ExperienceX.exe,56308,0x216C7EA03E0,DXGI,1,0,0,Composed: Flip,2460.0652,NA,15.87170000000000,NA,0.51920000000000,3.45540000000000,NA,2444.4101,16.1743,15.6551,0.5192,16.9027,2.2078,2.2078,0.0000,NA,NA,NA
ExperienceX.exe,56308,0x216838E1150,DXGI,1,0,0,Composed: Flip,2460.1006,NA,15.84950000000000,49.78330000000000,0.66510000000000,3.81240000000000,49.2098,2445.4137,15.3520,14.6869,0.6651,18.1069,0.3924,0.3839,0.0085,16.3777,2445.4137,NA
ExperienceX.exe,56308,0x216838E1150,DXGI,1,0,0,Composed: Flip,2495.0661,NA,34.96550000000000,NA,0.18530000000000,5.71870000000000,NA,2460.7657,34.4857,34.3004,0.1853,39.6554,0.3637,0.3637,0.0000,NA,NA,NA
ExperienceX.exe,56308,0x216C829D570,DXGI,1,0,0,Composed: Flip,2444.1922,NA,33.27310000000000,83.05200000000001,0.21780000000000,12.64860000000000,31.8461,2411.5105,32.8995,32.6817,0.2178,12.2478,33.0825,15.6838,17.3987,-3.1712,2411.5105,NA
ExperienceX.exe,56308,0x216C829D570,DXGI,1,0,0,Composed: Flip,2459.9012,NA,15.70900000000000,NA,0.07790000000000,1.41160000000000,NA,2444.4100,15.5691,15.4912,0.0779,13.7331,3.1697,1.4722,1.6975,NA,NA,NA
ExperienceX.exe,56308,0x216C829D570,DXGI,1,0,0,Composed: Flip,2494.6382,NA,34.73700000000000,NA,0.27680000000000,6.55140000000000,NA,2459.9791,34.9359,34.6591,0.2768,40.8057,0.4048,0.4048,0.0000,NA,NA,NA
ExperienceX.exe,56308,0x216C829D570,DXGI,1,0,0,Composed: Flip,2511.6419,NA,17.00370000000000,NA,0.26480000000000,7.04430000000000,NA,2494.9150,16.9917,16.7269,0.2648,23.3644,0.4068,0.4068,0.0000,NA,NA,NA
ExperienceX.exe,56308,0x216C829D570,DXGI,1,0,0,Composed: Flip,2527.2125,NA,15.57060000000000,83.23640000000000,0.23500000000000,3.69010000000000,32.0622,2511.9067,15.5408,15.3058,0.2350,7.2040,11.7919,6.1127,5.6792,17.1598,2511.9067,NA
ExperienceX.exe,56308,0x216838E1150,DXGI,1,0,0,Composed: Flip,2512.1717,NA,17.10560000000000,33.28940000000000,0.22740000000000,6.10770000000000,30.4281,2495.2514,17.1477,16.9203,0.2274,5.9382,17.0898,14.3808,2.7090,16.5483,2495.2514,NA
ExperienceX.exe,56308,0x216838E1150,DXGI,1,0,0,Composed: Flip,2527.3503,NA,15.17860000000000,NA,0.26000000000000,4.21960000000000,NA,2512.3991,15.2112,14.9512,0.2600,18.7706,0.4002,0.3904,0.0098,NA,NA,NA
ExperienceX.exe,56308,0x216838E1150,DXGI,1,0,0,Composed: Flip,2544.3283,NA,16.97800000000000,NA,0.08850000000000,6.72600000000000,NA,2527.6103,16.8065,16.7180,0.0885,23.0404,0.4036,0.4036,0.0000,NA,NA,NA
ExperienceX.exe,56308,0x0,Other,-1,0,0,Composed: Flip,2560.5749,NA,1862.23230000000012,NA,0.00000000000000,2.95390000000000,NA,698.3426,1862.2323,1862.2323,0.0000,1864.8156,0.3706,0.3706,0.0000,NA,NA,NA
ExperienceX.exe,56308,0x216C7EA03E0,DXGI,1,0,0,Composed: Flip,2495.0611,NA,34.99590000000000,217.03440000000001,0.17670000000000,5.36000000000000,31.5430,2460.5844,34.6534,34.4767,0.1767,33.3338,6.5029,6.0133,0.4896,-1.8141,2460.5844,NA
ExperienceX.exe,56308,0x216C7EA03E0,DXGI,1,0,0,Composed: Flip,2512.3332,NA,17.27210000000000,NA,0.10260000000000,6.77750000000000,NA,2495.2378,17.1980,17.0954,0.1026,23.4484,0.4245,0.4245,0.0000,NA,NA,NA
ExperienceX.exe,56308,0x216C7EA03E0,DXGI,1,0,0,Composed: Flip,2527.2126,NA,14.87940000000000,NA,0.20770000000000,3.95710000000000,NA,2512.4358,14.9845,14.7768,0.2077,18.4668,0.2671,0.2671,0.0000,NA,NA,NA
ExperienceX.exe,56308,0x216C7EA03E0,DXGI,1,0,0,Composed: Flip,2543.6133,NA,16.40070000000000,NA,0.78630000000000,11.36710000000000,NA,2527.4203,16.9793,16.1930,0.7863,23.6340,3.9261,3.9261,0.0000,NA,NA,NA
ExperienceX.exe,56308,0x216C829D570,DXGI,1,0,0,Composed: Flip,2543.5321,NA,16.31960000000000,16.74790000000000,0.19090000000000,7.11860000000000,32.4905,2527.4475,16.2755,16.0846,0.1909,16.4499,6.7533,6.7533,0.0000,-1.2071,2527.4475,NA
ExperienceX.exe,56308,0x216C829D570,DXGI,1,0,0,Composed: Flip,2559.7472,NA,16.21510000000000,NA,0.20800000000000,4.17110000000000,NA,2543.7230,16.2322,16.0242,0.2080,19.8058,0.3895,0.3780,0.0115,NA,NA,NA
ExperienceX.exe,56308,0x216C829D570,DXGI,1,0,0,Composed: Flip,2578.4631,NA,18.71590000000000,NA,0.56620000000000,10.04460000000000,NA,2559.9552,19.0741,18.5079,0.5662,28.5467,0.0058,0.0058,0.0000,NA,NA,NA
ExperienceX.exe,56308,0x216838E1150,DXGI,1,0,0,Composed: Flip,2559.7473,NA,15.41900000000000,50.07460000000000,0.20760000000000,3.41090000000000,32.9271,2544.4168,15.5381,15.3305,0.2076,10.5636,8.1778,6.0230,2.1548,-0.9092,2544.4168,NA
ExperienceX.exe,56308,0x216838E1150,DXGI,1,0,0,Composed: Flip,2578.5180,NA,18.77070000000000,NA,0.16680000000000,10.25380000000000,NA,2559.9549,18.7299,18.5631,0.1668,28.5528,0.2641,0.2641,0.0000,NA,NA,NA
ExperienceX.exe,56308,0x216838E1150,DXGI,1,0,0,Composed: Flip,2593.3114,NA,14.79340000000000,NA,0.29650000000000,4.11760000000000,NA,2578.6848,14.9231,14.6266,0.2965,18.4872,0.2570,0.2570,0.0000,NA,NA,NA
ExperienceX.exe,56308,0x216838E1150,DXGI,1,0,0,Composed: Flip,2615.4722,NA,22.16080000000000,50.13380000000000,0.43710000000000,7.25820000000000,27.3360,2593.6079,22.3014,21.8643,0.4371,26.7533,2.3692,2.3692,0.0000,-0.9427,2593.6079,NA
ExperienceX.exe,56308,0x216C7EA03E0,DXGI,1,0,0,Composed: Flip,2578.4178,NA,34.80450000000000,83.00080000000000,0.26680000000000,10.08410000000000,31.1871,2544.3996,34.2850,34.0182,0.2668,33.3934,10.7089,10.6940,0.0149,0.8144,2544.3996,NA
ExperienceX.exe,56308,0x216C7EA03E0,DXGI,1,0,0,Composed: Flip,2593.3290,NA,14.91120000000000,NA,0.31040000000000,3.84300000000000,NA,2578.6846,14.9548,14.6444,0.3104,10.0872,8.4002,5.9602,2.4400,NA,NA,NA
ExperienceX.exe,56308,0x216C7EA03E0,DXGI,1,0,0,Composed: Flip,2615.4945,NA,22.16550000000000,NA,0.39170000000000,4.55780000000000,NA,2593.6394,22.2468,21.8551,0.3917,19.4552,6.9577,5.8345,1.1232,NA,NA,NA
ExperienceX.exe,56308,0x216C7EA03E0,DXGI,1,0,0,Composed: Flip,2626.6739,NA,11.17940000000000,NA,0.20370000000000,3.40370000000000,NA,2615.8862,10.9914,10.7877,0.2037,6.8442,7.3472,7.3472,0.0000,NA,NA,NA
ExperienceX.exe,56308,0x216C7EA03E0,DXGI,1,0,0,Composed: Flip,2643.6901,NA,17.01620000000000,NA,0.13930000000000,10.34110000000000,NA,2626.8776,16.9518,16.8125,0.1393,4.8275,22.3261,9.7535,12.5726,NA,NA,NA
ExperienceX.exe,56308,0x216C829D570,DXGI,1,0,0,Composed: Flip,2593.3121,NA,14.84900000000000,50.08670000000000,0.33370000000000,4.55530000000000,32.7972,2579.0293,14.6165,14.2828,0.3337,18.3997,0.4384,0.4201,0.0183,1.4951,2579.0293,NA
ExperienceX.exe,56308,0x216C829D570,DXGI,1,0,0,Composed: Flip,2615.8745,NA,22.56240000000000,NA,0.33130000000000,4.48670000000000,NA,2593.6458,22.5600,22.2287,0.3313,26.4065,0.3089,0.3089,0.0000,NA,NA,NA
ExperienceX.exe,56308,0x216C829D570,DXGI,1,0,0,Composed: Flip,2626.6730,NA,10.79850000000000,NA,0.20460000000000,4.66250000000000,NA,2616.2058,10.6718,10.4672,0.2046,13.8718,1.2579,1.2579,0.0000,NA,NA,NA
ExperienceX.exe,56308,0x216C829D570,DXGI,1,0,0,Composed: Flip,2644.4874,NA,17.81440000000000,NA,0.08870000000000,9.97560000000000,NA,2626.8776,17.6985,17.6098,0.0887,27.1536,0.4318,0.4318,0.0000,NA,NA,NA
ExperienceX.exe,56308,0x216C829D570,DXGI,1,0,0,Composed: Flip,2660.0620,NA,15.57460000000000,NA,0.27660000000000,4.47150000000000,NA,2644.5761,15.7625,15.4859,0.2766,19.5903,0.3671,0.3620,0.0051,NA,NA,NA
ExperienceX.exe,56308,0x216838E1150,DXGI,1,0,0,Composed: Flip,2644.7658,NA,29.29360000000000,33.20570000000000,0.89530000000000,10.24150000000000,31.2481,2615.9093,29.7518,28.8565,0.8953,38.5537,0.5443,0.5443,0.0000,-10.9043,2615.9093,NA
ExperienceX.exe,56308,0x216838E1150,DXGI,1,0,0,Composed: Flip,2660.0401,NA,15.27430000000000,NA,0.20720000000000,4.12630000000000,NA,2645.6611,14.5862,14.3790,0.2072,16.3886,2.1167,2.1167,0.0000,NA,NA,NA
ExperienceX.exe,56308,0x216838E1150,DXGI,1,0,0,Composed: Flip,2679.5176,NA,19.47750000000000,NA,0.27870000000000,1.35120000000000,NA,2660.2473,19.5490,19.2703,0.2787,20.1696,0.4519,0.4519,0.0000,NA,NA,NA
ExperienceX.exe,56308,0x216838E1150,DXGI,1,0,0,Composed: Flip,2693.2100,NA,13.69240000000000,50.24470000000000,0.18380000000000,1.88560000000000,33.0486,2679.7963,13.5975,13.4137,0.1838,1.0770,14.2223,3.2660,10.9563,13.6423,2679.7963,NA
ExperienceX.exe,56308,0x216838E1150,DXGI,1,0,0,Composed: Flip,2711.8049,NA,18.59490000000000,16.40240000000000,0.17520000000000,0.59790000000000,30.8561,2693.3938,18.5863,18.4111,0.1752,1.7131,17.2959,1.0761,16.2198,-2.8049,2693.3938,NA
ExperienceX.exe,56308,0x216C829D570,DXGI,1,0,0,Composed: Flip,2679.4870,NA,19.42500000000000,83.46090000000001,0.31080000000000,0.92990000000000,30.0832,2660.3386,19.4592,19.1484,0.3108,17.9629,2.1154,2.1154,0.0000,-2.1516,2660.3386,NA
ExperienceX.exe,56308,0x216C829D570,DXGI,1,0,0,Composed: Flip,2693.2263,NA,13.73930000000000,NA,0.23970000000000,1.87490000000000,NA,2679.7978,13.6682,13.4285,0.2397,15.2978,0.0056,0.0056,0.0000,NA,NA,NA
ExperienceX.exe,56308,0x216C829D570,DXGI,1,0,0,Composed: Flip,2712.3249,NA,19.09860000000000,NA,0.14680000000000,0.74280000000000,NA,2693.4660,19.0057,18.8589,0.1468,18.9368,0.6649,0.6649,0.0000,NA,NA,NA
ExperienceX.exe,56308,0x216C7EA03E0,DXGI,1,0,0,Composed: Flip,2660.0667,NA,16.37660000000000,83.04310000000001,0.31630000000000,1.98300000000000,32.5813,2643.8294,16.5536,16.2373,0.3163,11.1779,7.0424,3.8944,3.1480,16.3867,2643.8294,NA
ExperienceX.exe,56308,0x216C7EA03E0,DXGI,1,0,0,Composed: Flip,2679.5448,NA,19.47810000000000,NA,0.30920000000000,1.32850000000000,NA,2660.3830,19.4710,19.1618,0.3092,20.4858,0.0045,0.0045,0.0000,NA,NA,NA
ExperienceX.exe,56308,0x216C7EA03E0,DXGI,1,0,0,Composed: Flip,2693.2429,NA,13.69810000000000,NA,0.26380000000000,1.86400000000000,NA,2679.8540,13.6527,13.3889,0.2638,15.2472,0.0057,0.0057,0.0000,NA,NA,NA
ExperienceX.exe,56308,0x216C7EA03E0,DXGI,1,0,0,Composed: Flip,2712.3954,NA,19.15250000000000,NA,0.21890000000000,0.70670000000000,NA,2693.5067,19.1076,18.8887,0.2189,19.5610,0.0344,0.0344,0.0000,NA,NA,NA
ExperienceX.exe,56308,0x216C7EA03E0,DXGI,1,0,0,Composed: Flip,2726.8216,NA,14.42620000000000,NA,0.19730000000000,1.81690000000000,NA,2712.6143,14.4046,14.2073,0.1973,16.0138,0.0104,0.0104,0.0000,NA,NA,NA
ExperienceX.exe,56308,0x216C7EA03E0,DXGI,1,0,0,Composed: Flip,2743.5168,NA,16.69520000000000,NA,1.41350000000000,2.28380000000000,NA,2727.0189,17.9114,16.4979,1.4135,1.6354,17.1463,1.3626,15.7837,NA,NA,NA
ExperienceX.exe,56308,0x216838E1150,DXGI,1,0,0,Composed: Flip,2726.8502,NA,15.04530000000000,16.56520000000000,0.23050000000000,1.77790000000000,32.3760,2711.9801,15.1006,14.8701,0.2305,1.1220,15.5260,4.0085,11.5175,2.0211,2711.9801,NA
ExperienceX.exe,56308,0x216838E1150,DXGI,1,0,0,Composed: Flip,2744.3091,NA,17.45890000000000,NA,0.65340000000000,1.65740000000000,NA,2727.0807,17.8818,17.2284,0.6534,18.7199,0.1659,0.1659,0.0000,NA,NA,NA
ExperienceX.exe,56308,0x216838E1150,DXGI,1,0,0,Composed: Flip,2759.6252,NA,15.31610000000000,NA,0.26870000000000,1.34560000000000,NA,2744.9625,14.9314,14.6627,0.2687,16.0038,0.0045,0.0045,0.0000,NA,NA,NA
ExperienceX.exe,56308,0x216C7EA03E0,DXGI,1,0,0,Composed: Flip,2759.6236,NA,16.10680000000000,100.01630000000000,0.21960000000000,1.34110000000000,33.0407,2744.9303,14.9129,14.6933,0.2196,1.1590,14.8754,4.1259,10.7495,1.0846,2744.9303,NA
ExperienceX.exe,56308,0x216C7EA03E0,DXGI,1,0,0,Composed: Flip,2776.6212,NA,16.99760000000000,NA,0.19640000000000,1.67100000000000,NA,2759.8432,16.9744,16.7780,0.1964,18.4439,0.0051,0.0051,0.0000,NA,NA,NA
ExperienceX.exe,56308,0x216C7EA03E0,DXGI,1,0,0,Composed: Flip,2793.1172,NA,16.49600000000000,33.51270000000000,0.22410000000000,1.10740000000000,33.0598,2776.8176,16.5237,16.2996,0.2241,1.4808,15.9262,3.6537,12.2725,-1.6254,2776.8176,NA
ExperienceX.exe,56308,0x216C829D570,DXGI,1,0,0,Composed: Flip,2744.3795,NA,32.05460000000000,66.36460000000001,0.66770000000000,1.70980000000000,31.5553,2712.4717,32.5755,31.9078,0.6677,33.4948,0.1228,0.1228,0.0000,-14.2315,2712.4717,NA
ExperienceX.exe,56308,0x216C829D570,DXGI,1,0,0,Composed: Flip,2759.6243,NA,15.24480000000000,NA,0.26960000000000,1.35350000000000,NA,2745.0472,14.8467,14.5771,0.2696,15.9257,0.0049,0.0049,0.0000,NA,NA,NA
ExperienceX.exe,56308,0x216C829D570,DXGI,1,0,0,Composed: Flip,2776.6186,NA,16.99430000000000,NA,0.63610000000000,1.67980000000000,NA,2759.8939,17.3608,16.7247,0.6361,18.3983,0.0062,0.0062,0.0000,NA,NA,NA
ExperienceX.exe,56308,0x216C829D570,DXGI,1,0,0,Composed: Flip,2793.1168,NA,16.49820000000000,NA,0.22450000000000,1.11830000000000,NA,2777.2547,16.0866,15.8621,0.2245,16.9764,0.0040,0.0040,0.0000,NA,NA,NA
ExperienceX.exe,56308,0x216C829D570,DXGI,1,0,0,Composed: Flip,2813.0562,NA,19.93940000000000,NA,1.03070000000000,1.40850000000000,NA,2793.3413,20.7456,19.7149,1.0307,21.0020,0.1214,0.1214,0.0000,NA,NA,NA
ExperienceX.exe,56308,0x216838E1150,DXGI,1,0,0,Composed: Flip,2777.2232,NA,17.59800000000000,50.34880000000000,0.60190000000000,1.06390000000000,32.3518,2759.8939,17.9312,17.3293,0.6019,16.9838,1.4094,1.4094,0.0000,-2.4350,2759.8939,NA
ExperienceX.exe,56308,0x216838E1150,DXGI,1,0,0,Composed: Flip,2793.1138,NA,15.89060000000000,NA,0.22980000000000,1.11610000000000,NA,2777.8251,15.5185,15.2887,0.2298,16.4008,0.0040,0.0040,0.0000,NA,NA,NA
ExperienceX.exe,56308,0x216838E1150,DXGI,1,0,0,Composed: Flip,2812.9867,NA,19.87290000000000,NA,0.93890000000000,1.18250000000000,NA,2793.3436,20.5820,19.6431,0.9389,18.5649,2.2607,1.4546,0.8061,NA,NA,NA
ExperienceX.exe,56308,0x216838E1150,DXGI,1,0,0,Composed: Flip,2827.0911,NA,14.10440000000000,NA,0.42800000000000,2.79360000000000,NA,2813.9256,13.5935,13.1655,0.4280,0.5391,15.4200,4.0364,11.3836,NA,NA,NA
ExperienceX.exe,56308,0x216C829D570,DXGI,1,0,0,Composed: Flip,2827.1619,NA,14.10570000000000,83.43330000000000,0.59500000000000,2.80620000000000,32.2062,2814.0869,13.6700,13.0750,0.5950,15.7978,0.0834,0.0834,0.0000,18.1819,2814.0869,NA
ExperienceX.exe,56308,0x216C829D570,DXGI,1,0,0,Composed: Flip,2845.6565,NA,18.49460000000000,NA,0.36520000000000,4.06510000000000,NA,2827.7569,18.2648,17.8996,0.3652,21.9599,0.0048,0.0048,0.0000,NA,NA,NA
ExperienceX.exe,56308,0x216838E1150,DXGI,1,0,0,Composed: Flip,2845.6554,NA,18.56430000000000,66.44860000000000,0.38430000000000,4.05410000000000,30.3682,2827.5191,18.5206,18.1363,0.3843,2.8311,19.3593,2.1647,17.1946,1.1766,2827.5191,NA
ExperienceX.exe,56308,0x216838E1150,DXGI,1,0,0,Composed: Flip,2860.3749,NA,14.71950000000000,NA,0.74230000000000,2.54680000000000,NA,2846.0397,15.0775,14.3352,0.7423,16.7722,0.1098,0.0917,0.0181,NA,NA,NA
ExperienceX.exe,56308,0x216C829D570,DXGI,1,0,0,Composed: Flip,2860.4166,NA,14.76010000000000,33.29630000000000,0.43520000000000,2.22710000000000,32.2478,2846.0217,14.8301,14.3949,0.4352,3.6999,12.9221,4.7766,8.1455,-1.3615,2846.0217,NA
ExperienceX.exe,56308,0x216C829D570,DXGI,1,0,0,Composed: Flip,2877.5259,NA,17.10930000000000,NA,0.37710000000000,5.72310000000000,NA,2860.8518,17.0512,16.6741,0.3771,21.9714,0.4258,0.4258,0.0000,NA,NA,NA
ExperienceX.exe,56308,0x216C829D570,DXGI,1,0,0,Composed: Flip,2893.1745,NA,15.64860000000000,33.46450000000000,0.21660000000000,1.62830000000000,32.9544,2877.9030,15.4881,15.2715,0.2166,16.6094,0.2904,0.2904,0.0000,-1.5832,2877.9030,NA
ExperienceX.exe,56308,0x216838E1150,DXGI,1,0,0,Composed: Flip,2877.5265,NA,17.15160000000000,33.45000000000000,0.38070000000000,5.29670000000000,31.9471,2861.1172,16.7900,16.4093,0.3807,20.9992,0.7068,0.7068,0.0000,0.1481,2861.1172,NA
ExperienceX.exe,56308,0x216838E1150,DXGI,1,0,0,Composed: Flip,2893.1741,NA,15.64760000000000,NA,0.21720000000000,1.28770000000000,NA,2877.9072,15.4841,15.2669,0.2172,5.3418,11.2128,2.9333,8.2795,NA,NA,NA
ExperienceX.exe,56308,0x216838E1150,DXGI,1,0,0,Composed: Flip,2910.7370,NA,17.56290000000000,NA,0.25620000000000,3.19640000000000,NA,2893.3913,17.6019,17.3457,0.2562,20.5343,0.0078,0.0078,0.0000,NA,NA,NA
ExperienceX.exe,56308,0x216C829D570,DXGI,1,0,0,Composed: Flip,2912.2998,NA,19.12530000000000,16.40500000000000,0.47090000000000,1.62580000000000,30.2341,2893.3911,19.3796,18.9087,0.4709,18.3669,2.1676,2.0989,0.0687,-0.9169,2893.3911,NA
ExperienceX.exe,56308,0x216C829D570,DXGI,1,0,0,Composed: Flip,2926.6661,NA,14.36630000000000,NA,0.27290000000000,1.89500000000000,NA,2912.7707,14.1683,13.8954,0.2729,15.6205,0.1699,0.1699,0.0000,NA,NA,NA
ExperienceX.exe,56308,0x216C7EA03E0,DXGI,1,0,0,Composed: Flip,2813.0186,NA,19.90140000000000,16.51870000000000,0.50480000000000,1.32470000000000,29.6771,2793.3413,20.1821,19.6773,0.5048,20.8279,0.1741,0.1741,0.0000,0.0050,2793.3413,NA
ExperienceX.exe,56308,0x216C7EA03E0,DXGI,1,0,0,Composed: Flip,2827.1000,NA,14.08140000000000,NA,0.41890000000000,3.25020000000000,NA,2813.5234,13.9955,13.5766,0.4189,16.4447,0.3821,0.3821,0.0000,NA,NA,NA
ExperienceX.exe,56308,0x216C7EA03E0,DXGI,1,0,0,Composed: Flip,2848.5335,NA,21.43350000000000,NA,0.20420000000000,1.18330000000000,NA,2827.5189,21.2188,21.0146,0.2042,22.1906,0.0073,0.0073,0.0000,NA,NA,NA
ExperienceX.exe,56308,0x216C7EA03E0,DXGI,1,0,0,Composed: Flip,2860.3990,NA,11.86550000000000,NA,0.48930000000000,2.41290000000000,NA,2848.7377,12.1506,11.6613,0.4893,13.9060,0.1682,0.1682,0.0000,NA,NA,NA
ExperienceX.exe,56308,0x216C7EA03E0,DXGI,1,0,0,Composed: Flip,2877.5312,NA,17.13220000000000,NA,2.25370000000000,4.58520000000000,NA,2860.8883,18.8966,16.6429,2.2537,17.5195,3.7086,1.8002,1.9084,NA,NA,NA
ExperienceX.exe,56308,0x216C7EA03E0,DXGI,1,0,0,Composed: Flip,2893.1807,NA,15.64950000000000,NA,0.23620000000000,2.38260000000000,NA,2879.7849,13.6320,13.3958,0.2362,15.0179,0.7605,0.1797,0.5808,NA,NA,NA
ExperienceX.exe,56308,0x216C7EA03E0,DXGI,1,0,0,Composed: Flip,2913.2407,NA,20.06000000000000,NA,0.09790000000000,0.71820000000000,NA,2893.4169,19.9217,19.8238,0.0979,20.5165,0.0255,0.0255,0.0000,NA,NA,NA
ExperienceX.exe,56308,0x216C7EA03E0,DXGI,1,0,0,Composed: Flip,2926.6588,NA,13.41810000000000,NA,0.20400000000000,1.73240000000000,NA,2913.3386,13.5242,13.3202,0.2040,0.6203,14.4323,3.6485,10.7838,NA,NA,NA
ExperienceX.exe,56308,0x216C7EA03E0,DXGI,1,0,0,Composed: Flip,2943.8006,NA,17.14180000000000,NA,0.19510000000000,0.84580000000000,NA,2926.8628,17.1329,16.9378,0.1951,17.7531,0.0305,0.0305,0.0000,NA,NA,NA
ExperienceX.exe,56308,0x216C7EA03E0,DXGI,1,0,0,Composed: Flip,2960.5332,NA,16.73260000000000,150.48150000000001,0.25930000000000,1.53960000000000,32.6440,2943.9957,16.7968,16.5375,0.2593,0.7880,17.2891,4.6020,12.6871,0.1729,2943.9957,NA
ExperienceX.exe,56308,0x0,Other,-1,0,0,Composed: Flip,2628.1869,NA,67.61200000000001,NA,0.00000000000000,3.51820000000000,31.2209,2560.5749,67.6120,67.6120,0.0000,70.7606,0.3696,0.3696,0.0000,NA,2560.5749,NA
ExperienceX.exe,56308,0x0,Other,-1,0,0,Composed: Flip,2727.8673,NA,99.68040000000001,NA,0.00000000000000,0.78700000000000,NA,2628.1869,99.6804,99.6804,0.0000,100.4516,0.0158,0.0158,0.0000,NA,NA,NA
ExperienceX.exe,56308,0x0,Other,-1,0,0,Composed: Flip,2962.0038,NA,234.13650000000001,NA,0.00000000000000,0.17990000000000,NA,2727.8673,234.1365,234.1365,0.0000,234.2115,0.1049,0.0890,0.0159,NA,NA,NA
ExperienceX.exe,56308,0x216C829D570,DXGI,1,0,0,Composed: Flip,2943.2788,NA,16.61270000000000,33.62130000000001,0.79860000000000,1.50230000000000,32.8764,2926.9390,17.1384,16.3398,0.7986,17.7074,0.1347,0.1254,0.0093,-0.0734,2926.9390,NA
ExperienceX.exe,56308,0x216C829D570,DXGI,1,0,0,Composed: Flip,2960.4212,NA,17.14240000000000,NA,0.37060000000000,1.65760000000000,NA,2944.0774,16.7144,16.3438,0.3706,17.9954,0.0060,0.0060,0.0000,NA,NA,NA
ExperienceX.exe,56308,0x216C829D570,DXGI,1,0,0,Composed: Flip,2977.9460,NA,17.52480000000000,NA,1.81530000000000,2.41940000000000,NA,2960.7918,18.9695,17.1542,1.8153,19.5696,0.0040,0.0040,0.0000,NA,NA,NA
ExperienceX.exe,56308,0x216C829D570,DXGI,1,0,0,Composed: Flip,2993.8581,NA,15.91210000000000,NA,0.28520000000000,1.09180000000000,NA,2979.7613,14.3820,14.0968,0.2852,0.7490,14.4396,4.1189,10.3207,NA,NA,NA
ExperienceX.exe,56308,0x216C829D570,DXGI,1,0,0,Composed: Flip,3013.0337,NA,19.17560000000000,66.80670000000001,0.92950000000000,1.98790000000000,29.9282,2994.1433,19.8199,18.8904,0.9295,20.8656,0.0127,0.0127,0.0000,0.3976,2994.1433,NA
ExperienceX.exe,56308,0x216838E1150,DXGI,1,0,0,Composed: Flip,2926.8505,NA,16.11350000000000,49.96240000000000,0.21950000000000,1.82830000000000,32.5855,2910.9932,16.0768,15.8573,0.2195,17.5679,0.1177,0.1073,0.0104,-0.0864,2910.9932,NA
ExperienceX.exe,56308,0x216838E1150,DXGI,1,0,0,Composed: Flip,2943.8139,NA,16.96340000000000,NA,0.20120000000000,0.80200000000000,NA,2927.0700,16.9451,16.7439,0.2012,16.4546,1.0913,1.0913,0.0000,NA,NA,NA
ExperienceX.exe,56308,0x216838E1150,DXGI,1,0,0,Composed: Flip,2977.8257,NA,34.01180000000000,NA,0.29650000000000,2.53410000000000,NA,2944.0151,34.1071,33.8106,0.2965,36.3405,0.0042,0.0042,0.0000,NA,NA,NA
ExperienceX.exe,56308,0x216838E1150,DXGI,1,0,0,Composed: Flip,2993.8700,NA,16.04430000000000,NA,0.29450000000000,1.22800000000000,NA,2978.1222,16.0423,15.7478,0.2945,16.8277,0.1481,0.1481,0.0000,NA,NA,NA
ExperienceX.exe,56308,0x216838E1150,DXGI,1,0,0,Composed: Flip,3013.2435,NA,19.37350000000000,NA,0.39910000000000,1.76540000000000,NA,2994.1645,19.4781,19.0790,0.3991,18.0795,2.7649,2.7649,0.0000,NA,NA,NA
ExperienceX.exe,56308,0x216838E1150,DXGI,1,0,0,Composed: Flip,3026.8290,NA,13.58550000000000,NA,0.36420000000000,1.23670000000000,NA,3013.6426,13.5506,13.1864,0.3642,14.4174,0.0057,0.0057,0.0000,NA,NA,NA
ExperienceX.exe,56308,0x216C829D570,DXGI,1,0,0,Composed: Flip,3026.8249,NA,13.79120000000000,16.29760000000000,0.42850000000000,1.23510000000000,32.4346,3013.9632,13.2902,12.8617,0.4285,1.1419,12.9549,2.8321,10.1228,3.5223,3013.9632,NA
ExperienceX.exe,56308,0x216C829D570,DXGI,1,0,0,Composed: Flip,3047.0317,NA,20.20680000000000,NA,0.58070000000000,1.31400000000000,NA,3027.2534,20.3590,19.7783,0.5807,21.0797,0.0126,0.0126,0.0000,NA,NA,NA
ExperienceX.exe,56308,0x216C7EA03E0,DXGI,1,0,0,Composed: Flip,2977.8254,NA,17.29220000000000,16.63550000000000,0.40960000000000,2.52790000000000,31.9873,2960.7925,17.4425,17.0329,0.4096,17.7160,1.8448,1.6050,0.2398,0.1613,2960.7925,NA
ExperienceX.exe,56308,0x216C7EA03E0,DXGI,1,0,0,Composed: Flip,3013.7059,NA,35.88050000000000,NA,0.21490000000000,1.39920000000000,NA,2978.2350,35.6858,35.4709,0.2149,36.7866,0.0835,0.0835,0.0000,NA,NA,NA
ExperienceX.exe,56308,0x216C7EA03E0,DXGI,1,0,0,Composed: Flip,3026.8303,NA,13.12440000000000,NA,0.37780000000000,1.36390000000000,NA,3013.9208,13.2873,12.9095,0.3778,14.1449,0.1285,0.1176,0.0109,NA,NA,NA
ExperienceX.exe,56308,0x216C7EA03E0,DXGI,1,0,0,Composed: Flip,3044.5397,NA,17.70940000000000,NA,0.50050000000000,2.57260000000000,NA,3027.2081,17.8321,17.3316,0.5005,18.0101,1.8941,1.7859,0.1082,NA,NA,NA
ExperienceX.exe,56308,0x216C7EA03E0,DXGI,1,0,0,Composed: Flip,3059.7463,NA,15.20660000000000,NA,0.18380000000000,0.96140000000000,NA,3045.0402,14.8899,14.7061,0.1838,15.5521,0.1154,0.1103,0.0051,NA,NA,NA
ExperienceX.exe,56308,0x216C7EA03E0,DXGI,1,0,0,Composed: Flip,3078.5585,NA,18.81220000000000,99.89850000000000,0.60990000000000,1.21270000000000,31.1527,3059.9301,19.2383,18.6284,0.6099,17.9201,1.9210,1.5534,0.3676,-0.7609,3059.9301,NA
ExperienceX.exe,56308,0x216838E1150,DXGI,1,0,0,Composed: Flip,3045.8217,NA,18.99270000000000,116.68370000000000,0.70870000000000,2.43800000000000,30.2980,3027.1932,19.3372,18.6285,0.7087,19.9191,1.1474,0.9936,0.1538,-0.4837,3027.1932,NA
ExperienceX.exe,56308,0x216838E1150,DXGI,1,0,0,Composed: Flip,3078.6169,NA,32.79520000000000,NA,0.53820000000000,1.17620000000000,NA,3046.5304,32.6247,32.0865,0.5382,33.2408,0.0219,0.0219,0.0000,NA,NA,NA
ExperienceX.exe,56308,0x216838E1150,DXGI,1,0,0,Composed: Flip,3093.0795,NA,14.46260000000000,NA,0.18560000000000,1.16420000000000,NA,3079.1551,14.1100,13.9244,0.1856,0.7615,14.3271,4.4427,9.8844,NA,NA,NA
ExperienceX.exe,56308,0x216C829D570,DXGI,1,0,0,Composed: Flip,3059.7464,NA,12.71470000000000,33.37730000000000,0.18490000000000,0.70630000000000,32.8904,3047.6124,12.3189,12.1340,0.1849,0.8058,12.0345,2.9283,9.1062,0.2719,3047.6124,NA
ExperienceX.exe,56308,0x216C829D570,DXGI,1,0,0,Composed: Flip,3079.0908,NA,19.34440000000000,NA,0.12120000000000,0.81030000000000,NA,3059.9313,19.2807,19.1595,0.1212,19.8618,0.1080,0.0954,0.0126,NA,NA,NA
ExperienceX.exe,56308,0x216C829D570,DXGI,1,0,0,Composed: Flip,3093.0805,NA,13.98970000000000,NA,0.18470000000000,1.55700000000000,NA,3079.2120,14.0532,13.8685,0.1847,15.2665,0.1590,0.1590,0.0000,NA,NA,NA
ExperienceX.exe,56308,0x216C829D570,DXGI,1,0,0,Composed: Flip,3111.1466,NA,18.06610000000000,NA,0.48900000000000,2.78160000000000,NA,3093.2652,18.3704,17.8814,0.4890,20.5527,0.1103,0.1103,0.0000,NA,NA,NA
ExperienceX.exe,56308,0x216838E1150,DXGI,1,0,0,Composed: Flip,3111.1467,NA,18.06720000000000,66.90230000000000,0.35880000000000,2.67120000000000,31.8753,3093.2651,18.2404,17.8816,0.3588,1.3724,19.1804,0.9759,18.2045,-0.8304,3093.2651,NA
ExperienceX.exe,56308,0x216838E1150,DXGI,1,0,0,Composed: Flip,3126.3838,NA,15.23710000000000,NA,0.24150000000000,1.44400000000000,NA,3111.5055,15.1198,14.8783,0.2415,16.1419,0.1804,0.1671,0.0133,NA,NA,NA
ExperienceX.exe,56308,0x216C829D570,DXGI,1,0,0,Composed: Flip,3126.3794,NA,15.23280000000000,66.74730000000001,0.23100000000000,1.26800000000000,33.0047,3111.6356,14.9748,14.7438,0.2310,2.8540,13.1578,4.6562,8.5016,-2.7241,3111.6356,NA
ExperienceX.exe,56308,0x216C829D570,DXGI,1,0,0,Composed: Flip,3146.1873,NA,19.80790000000000,NA,0.09120000000000,1.88050000000000,NA,3126.6104,19.6681,19.5769,0.0912,21.4527,0.0047,0.0047,0.0000,NA,NA,NA
ExperienceX.exe,56308,0x216C829D570,DXGI,1,0,0,Composed: Flip,3160.1019,NA,13.91460000000000,33.29470000000000,0.09580000000000,1.31310000000000,32.5769,3146.2785,13.9192,13.8234,0.0958,1.7893,13.3472,3.9593,9.3879,1.3482,3146.2785,NA
ExperienceX.exe,56308,0x216C829D570,DXGI,1,0,0,Composed: Flip,3176.8580,NA,16.75610000000000,16.70180000000000,0.16800000000000,1.62990000000000,32.5226,3160.1977,16.8283,16.6603,0.1680,16.9620,1.3282,1.3282,0.0000,-2.7826,3160.1977,NA
ExperienceX.exe,56308,0x216838E1150,DXGI,1,0,0,Composed: Flip,3145.8993,NA,19.51550000000000,32.88240000000000,0.22770000000000,2.15810000000000,30.0051,3126.6253,19.5017,19.2740,0.2277,1.6560,19.7761,3.2603,16.5158,0.4778,3126.6253,NA
ExperienceX.exe,56308,0x216838E1150,DXGI,1,0,0,Composed: Flip,3160.1020,NA,14.20270000000000,NA,0.09560000000000,1.31710000000000,NA,3146.1270,14.0706,13.9750,0.0956,15.2892,0.0029,0.0029,0.0000,NA,NA,NA
ExperienceX.exe,56308,0x216838E1150,DXGI,1,0,0,Composed: Flip,3177.8131,NA,17.71110000000000,NA,0.09240000000000,0.72270000000000,NA,3160.1976,17.7079,17.6155,0.0924,18.3320,0.0062,0.0062,0.0000,NA,NA,NA
ExperienceX.exe,56308,0x216838E1150,DXGI,1,0,0,Composed: Flip,3193.0176,NA,15.20450000000000,NA,0.15210000000000,1.89740000000000,NA,3177.9055,15.2642,15.1121,0.1521,17.0058,0.0037,0.0037,0.0000,NA,NA,NA
ExperienceX.exe,56308,0x216C7EA03E0,DXGI,1,0,0,Composed: Flip,3093.0832,NA,14.52470000000000,16.23410000000000,0.17980000000000,1.39530000000000,32.8621,3079.1684,14.0946,13.9148,0.1798,15.0940,0.2161,0.2161,0.0000,3.0042,3079.1684,NA
ExperienceX.exe,56308,0x216C7EA03E0,DXGI,1,0,0,Composed: Flip,3111.1984,NA,18.11520000000000,NA,0.37320000000000,3.07390000000000,NA,3093.2630,18.3086,17.9354,0.3732,20.6652,0.3441,0.3297,0.0144,NA,NA,NA
ExperienceX.exe,56308,0x216C7EA03E0,DXGI,1,0,0,Composed: Flip,3126.4193,NA,15.22090000000000,NA,0.20580000000000,1.86200000000000,NA,3111.5716,15.0535,14.8477,0.2058,16.4361,0.2736,0.2736,0.0000,NA,NA,NA
ExperienceX.exe,56308,0x216C7EA03E0,DXGI,1,0,0,Composed: Flip,3145.3344,NA,18.91510000000000,NA,0.49080000000000,2.72870000000000,NA,3126.6251,19.2001,18.7093,0.4908,21.4323,0.0057,0.0057,0.0000,NA,NA,NA
ExperienceX.exe,56308,0x216C7EA03E0,DXGI,1,0,0,Composed: Flip,3160.1123,NA,14.77790000000000,NA,0.13590000000000,1.31160000000000,NA,3145.8252,14.4230,14.2871,0.1359,15.5954,0.0033,0.0033,0.0000,NA,NA,NA
ExperienceX.exe,56308,0x216C7EA03E0,DXGI,1,0,0,Composed: Flip,3177.5294,NA,17.41710000000000,NA,0.07620000000000,1.00020000000000,NA,3160.2482,17.3574,17.2812,0.0762,18.2397,0.0417,0.0417,0.0000,NA,NA,NA
ExperienceX.exe,56308,0x216C7EA03E0,DXGI,1,0,0,Composed: Flip,3193.0272,NA,15.49780000000000,NA,0.15800000000000,1.88280000000000,NA,3177.6056,15.5796,15.4216,0.1580,17.3006,0.0038,0.0038,0.0000,NA,NA,NA
ExperienceX.exe,56308,0x216C7EA03E0,DXGI,1,0,0,Composed: Flip,3213.0494,NA,20.02220000000000,NA,0.29700000000000,1.41510000000000,NA,3193.1852,20.1612,19.8642,0.2970,18.7673,2.5120,2.1469,0.3651,NA,NA,NA
ExperienceX.exe,56308,0x216C829D570,DXGI,1,0,0,Composed: Flip,3193.0173,NA,16.15930000000000,17.02670000000000,0.15290000000000,1.88750000000000,33.3900,3177.0260,16.1442,15.9913,0.1529,1.5098,16.3690,3.5228,12.8462,-0.1984,3177.0260,NA
ExperienceX.exe,56308,0x216C829D570,DXGI,1,0,0,Composed: Flip,3211.2748,NA,18.25750000000000,NA,0.35190000000000,3.20790000000000,NA,3193.1702,18.4565,18.1046,0.3519,21.2943,0.0182,0.0182,0.0000,NA,NA,NA
ExperienceX.exe,56308,0x216C829D570,DXGI,1,0,0,Composed: Flip,3227.4331,NA,16.15830000000000,NA,0.48940000000000,2.37600000000000,NA,3211.6267,16.2958,15.8064,0.4894,18.1553,0.0271,0.0271,0.0000,NA,NA,NA
ExperienceX.exe,56308,0x216C7EA03E0,DXGI,1,0,0,Composed: Flip,3227.3080,NA,14.25860000000000,133.57990000000001,0.26610000000000,2.47400000000000,32.2172,3213.3464,14.2277,13.9616,0.2661,2.5037,13.9319,4.5980,9.3339,0.5981,3213.3464,NA
ExperienceX.exe,56308,0x216C7EA03E0,DXGI,1,0,0,Composed: Flip,3244.2197,NA,16.91170000000000,NA,0.22360000000000,1.74750000000000,NA,3227.5741,16.8692,16.6456,0.2236,18.2460,0.1471,0.1471,0.0000,NA,NA,NA
ExperienceX.exe,56308,0x216C829D570,DXGI,1,0,0,Composed: Flip,3244.2203,NA,16.78720000000000,49.64500000000000,0.22950000000000,1.43320000000000,31.8320,3227.9225,16.5273,16.2978,0.2295,1.9001,15.8309,1.0380,14.7929,1.2515,3227.9225,NA
ExperienceX.exe,56308,0x216C829D570,DXGI,1,0,0,Composed: Flip,3260.3584,NA,16.13810000000000,NA,0.26710000000000,1.41370000000000,NA,3244.4498,16.1757,15.9086,0.2671,17.3157,0.0066,0.0066,0.0000,NA,NA,NA
ExperienceX.exe,56308,0x216C7EA03E0,DXGI,1,0,0,Composed: Flip,3260.3585,NA,16.13880000000000,33.24540000000000,0.26580000000000,1.40700000000000,32.4121,3244.4433,16.1810,15.9152,0.2658,1.5239,15.7983,4.2448,11.5535,-2.1485,3244.4433,NA
ExperienceX.exe,56308,0x216C7EA03E0,DXGI,1,0,0,Composed: Flip,3277.1525,NA,16.79400000000000,NA,1.05120000000000,1.92050000000000,NA,3260.6243,17.5794,16.5282,1.0512,18.4435,0.0052,0.0052,0.0000,NA,NA,NA
ExperienceX.exe,56308,0x216C829D570,DXGI,1,0,0,Composed: Flip,3277.1486,NA,16.79020000000000,33.43260000000000,1.24930000000000,1.91920000000000,32.3363,3260.6255,17.7724,16.5231,1.2493,1.1532,17.2891,1.5430,15.7461,-0.7296,3260.6255,NA
ExperienceX.exe,56308,0x216C829D570,DXGI,1,0,0,Composed: Flip,3293.3183,NA,16.16970000000000,NA,0.33880000000000,1.42730000000000,NA,3278.3979,15.2592,14.9204,0.3388,16.3437,0.0040,0.0040,0.0000,NA,NA,NA
ExperienceX.exe,56308,0x216838E1150,DXGI,1,0,0,Composed: Flip,3215.3612,NA,22.34360000000000,66.81130000000000,0.14480000000000,0.48890000000000,27.3545,3193.1697,22.3363,22.1915,0.1448,21.3130,1.3674,1.1139,0.2535,-0.2669,3193.1697,NA
ExperienceX.exe,56308,0x216838E1150,DXGI,1,0,0,Composed: Flip,3227.3225,NA,11.96130000000000,NA,0.33320000000000,2.50010000000000,NA,3215.5060,12.1497,11.8165,0.3332,14.3031,0.0135,0.0135,0.0000,NA,NA,NA
ExperienceX.exe,56308,0x216838E1150,DXGI,1,0,0,Composed: Flip,3244.9878,NA,17.66530000000000,NA,0.30050000000000,0.83230000000000,NA,3227.6557,17.6326,17.3321,0.3005,17.9978,0.1666,0.1666,0.0000,NA,NA,NA
ExperienceX.exe,56308,0x216838E1150,DXGI,1,0,0,Composed: Flip,3260.3596,NA,15.37180000000000,NA,0.26050000000000,1.41910000000000,NA,3245.2883,15.3318,15.0713,0.2605,16.4838,0.0066,0.0066,0.0000,NA,NA,NA
ExperienceX.exe,56308,0x216838E1150,DXGI,1,0,0,Composed: Flip,3278.0558,NA,17.69620000000000,NA,0.14800000000000,1.02320000000000,NA,3260.6201,17.5837,17.4357,0.1480,18.4529,0.0060,0.0060,0.0000,NA,NA,NA
ExperienceX.exe,56308,0x216838E1150,DXGI,1,0,0,Composed: Flip,3293.3182,NA,15.26240000000000,NA,0.32250000000000,1.43210000000000,NA,3278.2038,15.4369,15.1144,0.3225,16.5433,0.0032,0.0032,0.0000,NA,NA,NA
ExperienceX.exe,56308,0x216C829D570,DXGI,1,0,0,Composed: Flip,3312.1256,NA,18.80730000000000,33.36390000000000,0.78710000000000,1.03010000000000,30.7232,3293.6571,19.2556,18.4685,0.7871,17.6220,1.8766,1.7877,0.0889,-0.3323,3293.6571,NA
ExperienceX.exe,56308,0x216C829D570,DXGI,1,0,0,Composed: Flip,3326.7720,NA,14.64640000000000,NA,0.32110000000000,1.34020000000000,NA,3312.9127,14.1804,13.8593,0.3211,15.0001,0.1994,0.1465,0.0529,NA,NA,NA
ExperienceX.exe,56308,0x216838E1150,DXGI,1,0,0,Composed: Flip,3326.6534,NA,33.33520000000000,116.98500000000000,0.13120000000000,0.63280000000000,33.0473,3293.6407,33.1439,33.0127,0.1312,19.8445,13.8010,3.7242,10.0768,-16.5140,3293.6407,NA
ExperienceX.exe,56308,0x216838E1150,DXGI,1,0,0,Composed: Flip,3344.5591,NA,17.90570000000000,NA,0.38000000000000,1.45730000000000,NA,3326.7846,18.1545,17.7745,0.3800,18.8405,0.3913,0.3913,0.0000,NA,NA,NA
ExperienceX.exe,56308,0x216838E1150,DXGI,1,0,0,Composed: Flip,3360.1592,NA,15.60010000000000,33.24140000000000,0.15090000000000,1.64000000000000,32.7829,3344.9391,15.3710,15.2201,0.1509,1.0811,15.7790,3.8689,11.9101,18.0570,3344.9391,NA
ExperienceX.exe,56308,0x216C829D570,DXGI,1,0,0,Composed: Flip,3344.3816,NA,17.60960000000000,33.46300000000000,0.60450000000000,1.24350000000000,31.9302,3327.0931,17.8930,17.2885,0.6045,16.9569,1.5751,1.1843,0.3908,-0.0270,3327.0931,NA
ExperienceX.exe,56308,0x216C829D570,DXGI,1,0,0,Composed: Flip,3360.1602,NA,15.77860000000000,NA,0.14990000000000,1.64390000000000,NA,3344.9861,15.3240,15.1741,0.1499,16.8131,0.0049,0.0049,0.0000,NA,NA,NA
ExperienceX.exe,56308,0x216C829D570,DXGI,1,0,0,Composed: Flip,3377.4000,NA,17.23980000000000,NA,0.28690000000000,1.64620000000000,NA,3360.3101,17.3768,17.0899,0.2869,1.4985,17.2376,0.9740,16.2636,NA,NA,NA
ExperienceX.exe,56308,0x216C829D570,DXGI,1,0,0,Composed: Flip,3393.3032,NA,15.90320000000000,49.92950000000000,0.09100000000000,1.45480000000000,32.9381,3377.6869,15.7073,15.6163,0.0910,1.8448,15.2263,3.9757,11.2506,0.6643,3377.6869,NA
ExperienceX.exe,56308,0x216C829D570,DXGI,1,0,0,Composed: Flip,3410.6582,NA,17.35500000000000,16.57730000000000,0.50120000000000,2.57990000000000,32.1604,3393.3942,17.7652,17.2640,0.5012,1.3770,18.4669,1.2423,17.2246,-0.8700,3393.3942,NA
ExperienceX.exe,56308,0x216838E1150,DXGI,1,0,0,Composed: Flip,3377.3990,NA,17.23980000000000,16.55950000000000,0.28780000000000,1.99510000000000,32.1026,3360.3101,17.3767,17.0889,0.2878,18.7361,0.3479,0.3479,0.0000,-1.1885,3360.3101,NA
ExperienceX.exe,56308,0x216838E1150,DXGI,1,0,0,Composed: Flip,3410.6568,NA,33.25780000000000,NA,0.36640000000000,2.75320000000000,NA,3377.6868,33.3364,32.9700,0.3664,35.5513,0.1719,0.1719,0.0000,NA,NA,NA
ExperienceX.exe,56308,0x216838E1150,DXGI,1,0,0,Composed: Flip,3426.7305,NA,16.07370000000000,NA,0.12840000000000,1.98900000000000,NA,3411.0232,15.8357,15.7073,0.1284,3.4915,14.2048,3.9426,10.2622,NA,NA,NA
ExperienceX.exe,56308,0x216C829D570,DXGI,1,0,0,Composed: Flip,3426.8156,NA,16.15740000000000,16.64710000000000,0.26780000000000,2.00680000000000,32.6501,3411.1594,15.9240,15.6562,0.2678,17.5601,0.1029,0.1029,0.0000,1.1181,3411.1594,NA
ExperienceX.exe,56308,0x216C829D570,DXGI,1,0,0,Composed: Flip,3444.7134,NA,17.89780000000000,NA,0.28770000000000,0.78470000000000,NA,3427.0834,17.9177,17.6300,0.2877,18.2681,0.1466,0.1466,0.0000,NA,NA,NA
ExperienceX.exe,56308,0x216C829D570,DXGI,1,0,0,Composed: Flip,3459.9417,NA,15.22830000000000,33.26620000000000,0.18750000000000,1.30520000000000,32.7902,3445.0011,15.1281,14.9406,0.1875,0.7765,15.4693,3.7532,11.7161,0.5755,3445.0011,NA
ExperienceX.exe,56308,0x216838E1150,DXGI,1,0,0,Composed: Flip,3444.0189,NA,17.28840000000000,66.67770000000000,0.20760000000000,1.33260000000000,32.1604,3426.8589,17.3676,17.1600,0.2076,17.5139,0.9787,0.9787,0.0000,-0.1289,3426.8589,NA
ExperienceX.exe,56308,0x216838E1150,DXGI,1,0,0,Composed: Flip,3459.9550,NA,15.93610000000000,NA,0.17390000000000,1.29890000000000,NA,3444.2265,15.9024,15.7285,0.1739,17.0224,0.0050,0.0050,0.0000,NA,NA,NA
ExperienceX.exe,56308,0x216838E1150,DXGI,1,0,0,Composed: Flip,3478.5633,NA,18.60830000000000,NA,0.37140000000000,1.06040000000000,NA,3460.1289,18.8058,18.4344,0.3714,19.4894,0.0054,0.0054,0.0000,NA,NA,NA
ExperienceX.exe,56308,0x216C7EA03E0,DXGI,1,0,0,Composed: Flip,3293.3240,NA,16.17150000000000,33.36340000000000,0.32860000000000,1.41610000000000,32.8100,3278.2037,15.4489,15.1203,0.3286,0.8753,15.6611,4.2559,11.4052,0.3970,3278.2037,NA
ExperienceX.exe,56308,0x216C7EA03E0,DXGI,1,0,0,Composed: Flip,3310.6232,NA,17.29920000000000,NA,0.22400000000000,2.59210000000000,NA,3293.6526,17.1946,16.9706,0.2240,19.5465,0.0162,0.0162,0.0000,NA,NA,NA
ExperienceX.exe,56308,0x216C7EA03E0,DXGI,1,0,0,Composed: Flip,3326.7611,NA,16.13790000000000,NA,0.32740000000000,1.15170000000000,NA,3310.8472,16.2413,15.9139,0.3274,16.4390,0.6266,0.6266,0.0000,NA,NA,NA
ExperienceX.exe,56308,0x216C7EA03E0,DXGI,1,0,0,Composed: Flip,3344.8403,NA,18.07920000000000,NA,0.21070000000000,1.17990000000000,NA,3327.0885,17.9625,17.7518,0.2107,18.9279,0.0038,0.0038,0.0000,NA,NA,NA
ExperienceX.exe,56308,0x216C7EA03E0,DXGI,1,0,0,Composed: Flip,3360.2354,NA,15.39510000000000,NA,0.34370000000000,1.57320000000000,NA,3345.0510,15.5281,15.1844,0.3437,16.7531,0.0045,0.0045,0.0000,NA,NA,NA
ExperienceX.exe,56308,0x216C7EA03E0,DXGI,1,0,0,Composed: Flip,3378.8803,NA,18.64490000000000,NA,0.07460000000000,0.65140000000000,NA,3360.5791,18.3758,18.3012,0.0746,18.8150,0.1376,0.1376,0.0000,NA,NA,NA
ExperienceX.exe,56308,0x216C7EA03E0,DXGI,1,0,0,Composed: Flip,3393.4398,NA,14.55950000000000,NA,0.29270000000000,1.32420000000000,NA,3378.9549,14.7776,14.4849,0.2927,15.8031,0.0060,0.0060,0.0000,NA,NA,NA
ExperienceX.exe,56308,0x216C7EA03E0,DXGI,1,0,0,Composed: Flip,3413.6897,NA,20.24990000000000,NA,0.53370000000000,0.82500000000000,NA,3393.7325,20.4909,19.9572,0.5337,19.6775,1.1047,1.1047,0.0000,NA,NA,NA
ExperienceX.exe,56308,0x216C7EA03E0,DXGI,1,0,0,Composed: Flip,3426.9135,NA,13.22380000000000,NA,0.88740000000000,2.05370000000000,NA,3414.2234,13.5775,12.6901,0.8874,14.5990,0.1448,0.1369,0.0079,NA,NA,NA
ExperienceX.exe,56308,0x216C7EA03E0,DXGI,1,0,0,Composed: Flip,3444.8819,NA,17.96840000000000,NA,0.58510000000000,0.89570000000000,NA,3427.8009,17.6661,17.0810,0.5851,17.6972,0.2795,0.2795,0.0000,NA,NA,NA
ExperienceX.exe,56308,0x216C7EA03E0,DXGI,1,0,0,Composed: Flip,3459.9491,NA,15.06720000000000,NA,0.22640000000000,1.31010000000000,NA,3445.4670,14.7085,14.4821,0.2264,15.7890,0.0032,0.0032,0.0000,NA,NA,NA
ExperienceX.exe,56308,0x216C7EA03E0,DXGI,1,0,0,Composed: Flip,3478.5789,NA,18.62980000000000,NA,0.35660000000000,1.03940000000000,NA,3460.1755,18.7600,18.4034,0.3566,19.4372,0.0056,0.0056,0.0000,NA,NA,NA
ExperienceX.exe,56308,0x216C7EA03E0,DXGI,1,0,0,Composed: Flip,3493.2476,NA,14.66870000000000,NA,0.17750000000000,1.19510000000000,NA,3478.9355,14.4896,14.3121,0.1775,15.5027,0.0045,0.0045,0.0000,NA,NA,NA
ExperienceX.exe,56308,0x216838E1150,DXGI,1,0,0,Composed: Flip,3493.2479,NA,14.68460000000000,49.84900000000000,0.17720000000000,1.18550000000000,32.7804,3478.9347,14.4904,14.3132,0.1772,0.6890,14.8097,4.5222,10.2875,2.2268,3478.9347,NA
ExperienceX.exe,56308,0x216838E1150,DXGI,1,0,0,Composed: Flip,3513.3780,NA,20.13010000000000,NA,0.47690000000000,0.94590000000000,NA,3493.4251,20.4298,19.9529,0.4769,1.0176,19.8812,2.4176,17.4636,NA,NA,NA
ExperienceX.exe,56308,0x216838E1150,DXGI,1,0,0,Composed: Flip,3526.4912,NA,13.11320000000000,33.39400000000000,0.24120000000000,1.07500000000000,32.9311,3513.8549,12.8775,12.6363,0.2412,1.4059,12.3054,2.0334,10.2720,1.5262,3513.8549,NA
ExperienceX.exe,56308,0x0,Other,-1,0,0,Composed: Flip,2995.2258,NA,33.22200000000000,366.69400000000002,0.00000000000000,0.06500000000000,30.8760,2962.0038,33.2220,33.2220,0.0000,33.0942,0.1928,0.1642,0.0286,34.7349,2962.0038,NA
ExperienceX.exe,56308,0x0,Other,-1,0,0,Composed: Flip,3060.3889,NA,65.16310000000000,NA,0.00000000000000,0.20340000000000,NA,2995.2258,65.1631,65.1631,0.0000,65.2269,0.1396,0.1396,0.0000,NA,NA,NA
ExperienceX.exe,56308,0x0,Other,-1,0,0,Composed: Flip,3313.2868,NA,252.89790000000002,NA,0.00000000000000,0.19840000000000,NA,3060.3889,252.8979,252.8979,0.0000,252.8449,0.2514,0.2514,0.0000,NA,NA,NA
ExperienceX.exe,56308,0x0,Other,-1,0,0,Composed: Flip,3394.4225,NA,81.13570000000000,NA,0.00000000000000,0.34870000000000,NA,3313.2868,81.1357,81.1357,0.0000,81.4772,0.0072,0.0072,0.0000,NA,NA,NA
ExperienceX.exe,56308,0x216C829D570,DXGI,1,0,0,Composed: Flip,3478.7343,NA,18.79260000000000,16.89180000000000,0.20390000000000,0.87840000000000,30.8894,3460.1292,18.8090,18.6051,0.2039,17.9614,1.5221,1.5221,0.0000,-1.7637,3460.1292,NA
ExperienceX.exe,56308,0x216C829D570,DXGI,1,0,0,Composed: Flip,3493.2480,NA,14.51370000000000,NA,0.17900000000000,1.19020000000000,NA,3478.9382,14.4888,14.3098,0.1790,15.4952,0.0048,0.0048,0.0000,NA,NA,NA
ExperienceX.exe,56308,0x216C829D570,DXGI,1,0,0,Composed: Flip,3513.6413,NA,20.39330000000000,NA,0.31520000000000,1.61950000000000,NA,3493.4270,20.5295,20.2143,0.3152,21.8289,0.0049,0.0049,0.0000,NA,NA,NA
ExperienceX.exe,56308,0x216C829D570,DXGI,1,0,0,Composed: Flip,3526.4898,NA,12.84850000000000,NA,0.23940000000000,1.08140000000000,NA,3513.9565,12.7727,12.5333,0.2394,13.6097,0.0050,0.0050,0.0000,NA,NA,NA
ExperienceX.exe,56308,0x216C829D570,DXGI,1,0,0,Composed: Flip,3543.4224,NA,16.93260000000000,NA,0.18610000000000,1.69110000000000,NA,3526.7292,16.8793,16.6932,0.1861,18.3305,0.0538,0.0538,0.0000,NA,NA,NA
ExperienceX.exe,56308,0x216C829D570,DXGI,1,0,0,Composed: Flip,3559.9251,NA,16.50270000000000,NA,0.20610000000000,2.83860000000000,NA,3543.6085,16.5227,16.3166,0.2061,18.9896,0.1656,0.1656,0.0000,NA,NA,NA
ExperienceX.exe,56308,0x216838E1150,DXGI,1,0,0,Composed: Flip,3543.4227,NA,16.93150000000000,16.59780000000000,0.18520000000000,1.63260000000000,32.5974,3526.7324,16.8755,16.6903,0.1852,0.8876,17.4353,1.2782,16.1571,-3.7203,3526.7324,NA
ExperienceX.exe,56308,0x216838E1150,DXGI,1,0,0,Composed: Flip,3578.1209,NA,34.69820000000000,NA,0.17900000000000,0.97450000000000,NA,3543.6079,34.6920,34.5130,0.1790,35.4817,0.0058,0.0058,0.0000,NA,NA,NA
ExperienceX.exe,56308,0x216C829D570,DXGI,1,0,0,Composed: Flip,3577.8592,NA,17.93410000000000,99.78570000000001,0.44200000000000,1.22550000000000,31.5502,3560.1312,18.1700,17.7280,0.4420,17.2269,1.7266,1.7266,0.0000,0.2163,3560.1312,NA
ExperienceX.exe,56308,0x216C829D570,DXGI,1,0,0,Composed: Flip,3593.3240,NA,15.46480000000000,NA,0.10620000000000,1.88960000000000,NA,3578.3012,15.1290,15.0228,0.1062,16.9073,0.0051,0.0051,0.0000,NA,NA,NA
ExperienceX.exe,56308,0x216838E1150,DXGI,1,0,0,Composed: Flip,3593.3387,NA,15.21780000000000,50.02670000000001,0.09770000000000,1.86980000000000,32.7081,3578.2999,15.1365,15.0388,0.0977,0.7955,16.1131,4.2346,11.8785,1.5408,3578.2999,NA
ExperienceX.exe,56308,0x216838E1150,DXGI,1,0,0,Composed: Flip,3611.7585,NA,18.41980000000000,NA,0.83390000000000,1.87420000000000,NA,3593.4364,19.1560,18.3221,0.8339,20.1897,0.0066,0.0066,0.0000,NA,NA,NA
ExperienceX.exe,56308,0x216C829D570,DXGI,1,0,0,Composed: Flip,3611.8817,NA,18.55770000000000,33.71930000000000,0.52530000000000,1.73860000000000,31.2470,3593.4302,18.9768,18.4515,0.5253,17.5981,2.5920,1.8428,0.7492,-0.4203,3593.4302,NA
ExperienceX.exe,56308,0x216C829D570,DXGI,1,0,0,Composed: Flip,3626.8575,NA,14.97580000000000,NA,0.69280000000000,2.20100000000000,NA,3612.4070,15.1433,14.4505,0.6928,1.2257,15.4258,4.0858,11.3400,NA,NA,NA
ExperienceX.exe,56308,0x216838E1150,DXGI,1,0,0,Composed: Flip,3626.8584,NA,15.09990000000000,33.29320000000000,0.64650000000000,2.22120000000000,32.4816,3612.5924,14.9125,14.2660,0.6465,16.4809,0.0063,0.0063,0.0000,0.9993,3612.5924,NA
ExperienceX.exe,56308,0x216838E1150,DXGI,1,0,0,Composed: Flip,3644.3571,NA,17.49870000000000,NA,1.24320000000000,2.65910000000000,NA,3627.5049,18.0954,16.8522,1.2432,19.5053,0.0060,0.0060,0.0000,NA,NA,NA
ExperienceX.exe,56308,0x216838E1150,DXGI,1,0,0,Composed: Flip,3660.1503,NA,15.79320000000000,33.31490000000000,0.33000000000000,1.41370000000000,32.5046,3645.6003,14.8800,14.5500,0.3300,15.9475,0.0162,0.0162,0.0000,-0.3070,3645.6003,NA
ExperienceX.exe,56308,0x216C829D570,DXGI,1,0,0,Composed: Flip,3645.2007,NA,18.34320000000000,32.95610000000000,0.40520000000000,1.80270000000000,30.8841,3627.5503,18.0556,17.6504,0.4052,1.6389,17.8142,2.6358,15.1784,1.1640,3627.5503,NA
ExperienceX.exe,56308,0x216C829D570,DXGI,1,0,0,Composed: Flip,3660.1487,NA,14.94800000000000,NA,0.33160000000000,1.39910000000000,NA,3645.6059,14.8744,14.5428,0.3316,1.4103,14.5316,3.2175,11.3141,NA,NA,NA
ExperienceX.exe,56308,0x216C829D570,DXGI,1,0,0,Composed: Flip,3680.5024,NA,20.35370000000000,NA,0.31080000000000,1.07300000000000,NA,3660.4803,20.3329,20.0221,0.3108,20.8755,0.2196,0.2196,0.0000,NA,NA,NA
ExperienceX.exe,56308,0x216838E1150,DXGI,1,0,0,Composed: Flip,3679.5980,NA,19.44770000000000,16.78960000000000,1.23340000000000,1.63560000000000,29.8465,3660.4803,20.3511,19.1177,1.2334,17.8321,2.9212,2.0037,0.9175,-1.9096,3660.4803,NA
ExperienceX.exe,56308,0x216838E1150,DXGI,1,0,0,Composed: Flip,3693.1807,NA,13.58270000000000,NA,0.19500000000000,0.97180000000000,NA,3680.8314,12.5443,12.3493,0.1950,13.2261,0.0950,0.0950,0.0000,NA,NA,NA
ExperienceX.exe,56308,0x216C829D570,DXGI,1,0,0,Composed: Flip,3693.1793,NA,12.67690000000000,49.93040000000001,0.19650000000000,0.87820000000000,32.8359,3680.8132,12.5626,12.3661,0.1965,0.7622,12.4821,2.6225,9.8596,3.3325,3680.8132,NA
ExperienceX.exe,56308,0x216C829D570,DXGI,1,0,0,Composed: Flip,3710.9057,NA,17.72640000000000,NA,0.32570000000000,2.40200000000000,NA,3693.3758,17.8556,17.5299,0.3257,18.1775,1.7544,1.7226,0.0318,NA,NA,NA
ExperienceX.exe,56308,0x216C7EA03E0,DXGI,1,0,0,Composed: Flip,3513.3574,NA,20.10980000000000,216.45920000000001,0.33840000000000,1.89850000000000,29.2358,3493.4251,20.2707,19.9323,0.3384,20.8988,0.9320,0.9320,0.0000,-1.2378,3493.4251,NA
ExperienceX.exe,56308,0x216C7EA03E0,DXGI,1,0,0,Composed: Flip,3526.4914,NA,13.13400000000000,NA,0.23420000000000,1.12860000000000,NA,3513.6958,13.0298,12.7956,0.2342,13.8754,0.0488,0.0488,0.0000,NA,NA,NA
ExperienceX.exe,56308,0x216C7EA03E0,DXGI,1,0,0,Composed: Flip,3543.4238,NA,16.93240000000000,NA,0.18800000000000,1.63590000000000,NA,3526.7256,16.8862,16.6982,0.1880,18.3297,0.0044,0.0044,0.0000,NA,NA,NA
ExperienceX.exe,56308,0x216C7EA03E0,DXGI,1,0,0,Composed: Flip,3559.9252,NA,16.50140000000000,NA,0.20590000000000,2.93600000000000,NA,3543.6118,16.5193,16.3134,0.2059,19.1519,0.0975,0.0873,0.0102,NA,NA,NA
ExperienceX.exe,56308,0x216C7EA03E0,DXGI,1,0,0,Composed: Flip,3578.3728,NA,18.44760000000000,NA,0.55690000000000,0.71680000000000,NA,3560.1311,18.7986,18.2417,0.5569,18.9536,0.0049,0.0049,0.0000,NA,NA,NA
ExperienceX.exe,56308,0x216C7EA03E0,DXGI,1,0,0,Composed: Flip,3593.5210,NA,15.14820000000000,NA,0.38520000000000,1.70760000000000,NA,3578.9297,14.9765,14.5913,0.3852,16.2839,0.0150,0.0093,0.0057,NA,NA,NA
ExperienceX.exe,56308,0x216C7EA03E0,DXGI,1,0,0,Composed: Flip,3612.4455,NA,18.92450000000000,NA,0.89610000000000,1.18060000000000,NA,3593.9062,19.4354,18.5393,0.8961,19.7141,0.0058,0.0058,0.0000,NA,NA,NA
ExperienceX.exe,56308,0x216C7EA03E0,DXGI,1,0,0,Composed: Flip,3626.8586,NA,14.41310000000000,NA,0.74990000000000,2.21270000000000,NA,3613.3416,14.2669,13.5170,0.7499,15.7213,0.0084,0.0084,0.0000,NA,NA,NA
ExperienceX.exe,56308,0x216C7EA03E0,DXGI,1,0,0,Composed: Flip,3645.7583,NA,18.89970000000000,NA,0.48000000000000,1.25190000000000,NA,3627.6085,18.6298,18.1498,0.4800,19.3949,0.0068,0.0068,0.0000,NA,NA,NA
ExperienceX.exe,56308,0x216C7EA03E0,DXGI,1,0,0,Composed: Flip,3660.3139,NA,14.55560000000000,NA,0.70990000000000,1.65510000000000,NA,3646.2383,14.7855,14.0756,0.7099,15.3257,0.4050,0.2840,0.1210,NA,NA,NA
ExperienceX.exe,56308,0x216C7EA03E0,DXGI,1,0,0,Composed: Flip,3679.7712,NA,19.45730000000000,NA,1.04690000000000,1.58460000000000,NA,3661.0238,19.7943,18.7474,1.0469,20.2098,0.1222,0.1222,0.0000,NA,NA,NA
ExperienceX.exe,56308,0x216C7EA03E0,DXGI,1,0,0,Composed: Flip,3693.2251,NA,13.45390000000000,NA,0.29050000000000,1.07240000000000,NA,3680.8181,12.6975,12.4070,0.2905,13.3344,0.1450,0.1388,0.0062,NA,NA,NA
ExperienceX.exe,56308,0x216C7EA03E0,DXGI,1,0,0,Composed: Flip,3712.3842,NA,19.15910000000000,NA,0.57650000000000,1.04300000000000,NA,3693.5156,19.4451,18.8686,0.5765,19.7921,0.1195,0.1195,0.0000,NA,NA,NA
ExperienceX.exe,56308,0x216C7EA03E0,DXGI,1,0,0,Composed: Flip,3726.4674,NA,14.08320000000000,NA,0.19140000000000,0.78930000000000,NA,3712.9607,13.6981,13.5067,0.1914,1.1254,13.1706,2.8063,10.3643,NA,NA,NA
ExperienceX.exe,56308,0x216C7EA03E0,DXGI,1,0,0,Composed: Flip,3746.1533,NA,19.68590000000000,233.32870000000000,0.37910000000000,1.23780000000000,29.7686,3726.6588,19.8736,19.4945,0.3791,18.3102,2.4221,2.3118,0.1103,-0.0950,3726.6588,NA
ExperienceX.exe,56308,0x216C829D570,DXGI,1,0,0,Composed: Flip,3726.4682,NA,15.56250000000000,33.33940000000000,0.19090000000000,1.02970000000000,32.8864,3711.2314,15.4277,15.2368,0.1909,16.1249,0.1416,0.1275,0.0141,-2.9212,3711.2314,NA
ExperienceX.exe,56308,0x216C829D570,DXGI,1,0,0,Composed: Flip,3746.7276,NA,20.25940000000000,NA,0.26900000000000,0.67710000000000,NA,3726.6591,20.3375,20.0685,0.2690,20.7395,0.0061,0.0061,0.0000,NA,NA,NA
ExperienceX.exe,56308,0x216C829D570,DXGI,1,0,0,Composed: Flip,3759.9802,NA,13.25260000000000,NA,0.29630000000000,1.19000000000000,NA,3746.9966,13.2799,12.9836,0.2963,0.4081,13.7655,3.2228,10.5427,NA,NA,NA
ExperienceX.exe,56308,0x216C7EA03E0,DXGI,1,0,0,Composed: Flip,3759.9807,NA,13.82740000000000,17.09120000000000,0.29580000000000,1.29130000000000,33.0324,3746.5324,13.7441,13.4483,0.2958,14.6378,0.1018,0.1018,0.0000,2.7824,3746.5324,NA
ExperienceX.exe,56308,0x216C7EA03E0,DXGI,1,0,0,Composed: Flip,3776.7143,NA,16.73360000000000,NA,1.17250000000000,2.62480000000000,NA,3760.2765,17.6103,16.4378,1.1725,18.3879,0.6747,0.6747,0.0000,NA,NA,NA
ExperienceX.exe,56308,0x216C7EA03E0,DXGI,1,0,0,Composed: Flip,3794.0267,NA,17.31240000000000,33.05840000000000,0.40370000000000,3.12120000000000,32.0448,3777.8868,16.5436,16.1399,0.4037,19.2288,0.0323,0.0323,0.0000,-1.7040,3777.8868,NA
ExperienceX.exe,56308,0x216C829D570,DXGI,1,0,0,Composed: Flip,3776.7134,NA,16.73320000000000,49.94880000000001,1.03530000000000,1.81910000000000,32.5900,3760.2765,17.4722,16.4369,1.0353,1.1596,17.0964,1.0372,16.0592,-0.9037,3760.2765,NA
ExperienceX.exe,56308,0x216C829D570,DXGI,1,0,0,Composed: Flip,3794.0456,NA,17.33220000000000,NA,0.38500000000000,3.07000000000000,NA,3777.7487,16.6819,16.2969,0.3850,1.5904,17.7765,4.1718,13.6047,NA,NA,NA
ExperienceX.exe,56308,0x216C829D570,DXGI,1,0,0,Composed: Flip,3811.8207,NA,17.77510000000000,NA,0.10720000000000,1.39300000000000,NA,3794.4306,17.4973,17.3901,0.1072,18.7781,0.0050,0.0050,0.0000,NA,NA,NA
ExperienceX.exe,56308,0x216C7EA03E0,DXGI,1,0,0,Composed: Flip,3810.4615,NA,16.43480000000000,16.51960000000000,0.26760000000000,2.74720000000000,32.1296,3794.4304,16.2987,16.0311,0.2676,16.5778,2.2005,1.2897,0.9108,0.0240,3794.4304,NA
ExperienceX.exe,56308,0x216C7EA03E0,DXGI,1,0,0,Composed: Flip,3827.0888,NA,16.62730000000000,NA,0.32580000000000,3.42310000000000,NA,3810.7291,16.6855,16.3597,0.3258,2.5888,17.1940,3.9546,13.2394,NA,NA,NA
ExperienceX.exe,56308,0x216838E1150,DXGI,1,0,0,Composed: Flip,3713.1751,NA,19.99440000000000,33.51440000000000,0.46320000000000,0.91100000000000,29.7838,3693.3757,20.2626,19.7994,0.4632,20.0515,0.6589,0.6589,0.0000,-0.6190,3693.3757,NA
ExperienceX.exe,56308,0x216838E1150,DXGI,1,0,0,Composed: Flip,3726.4673,NA,13.29220000000000,NA,0.19200000000000,0.88900000000000,NA,3713.6383,13.0210,12.8290,0.1920,13.6184,0.0996,0.0996,0.0000,NA,NA,NA
ExperienceX.exe,56308,0x216838E1150,DXGI,1,0,0,Composed: Flip,3746.0866,NA,19.61930000000000,NA,0.31640000000000,1.31200000000000,NA,3726.6593,19.7437,19.4273,0.3164,20.7318,0.0075,0.0075,0.0000,NA,NA,NA
ExperienceX.exe,56308,0x216838E1150,DXGI,1,0,0,Composed: Flip,3759.9891,NA,13.90250000000000,NA,0.28890000000000,1.42770000000000,NA,3746.4030,13.8750,13.5861,0.2889,14.8690,0.1448,0.1284,0.0164,NA,NA,NA
ExperienceX.exe,56308,0x216838E1150,DXGI,1,0,0,Composed: Flip,3777.5919,NA,17.60280000000000,NA,0.27430000000000,1.07250000000000,NA,3760.2780,17.5882,17.3139,0.2743,18.2545,0.1319,0.1319,0.0000,NA,NA,NA
ExperienceX.exe,56308,0x216838E1150,DXGI,1,0,0,Composed: Flip,3794.0266,NA,16.43470000000000,NA,0.51040000000000,3.62860000000000,NA,3777.8662,16.6708,16.1604,0.5104,19.2817,0.5073,0.4888,0.0185,NA,NA,NA
ExperienceX.exe,56308,0x216838E1150,DXGI,1,0,0,Composed: Flip,3810.4619,NA,16.43530000000000,NA,0.28760000000000,2.85600000000000,NA,3794.5370,16.2125,15.9249,0.2876,18.6767,0.1042,0.1042,0.0000,NA,NA,NA
ExperienceX.exe,56308,0x216838E1150,DXGI,1,0,0,Composed: Flip,3827.1026,NA,16.64070000000000,NA,0.25660000000000,3.92240000000000,NA,3810.7495,16.6097,16.3531,0.2566,20.2713,0.0042,0.0042,0.0000,NA,NA,NA
ExperienceX.exe,56308,0x216838E1150,DXGI,1,0,0,Composed: Flip,3846.4410,NA,19.33840000000000,NA,0.24560000000000,1.59440000000000,NA,3827.3592,19.3274,19.0818,0.2456,20.6671,0.0091,0.0091,0.0000,NA,NA,NA
ExperienceX.exe,56308,0x216C829D570,DXGI,1,0,0,Composed: Flip,3827.0690,NA,15.24830000000000,50.11060000000001,0.29050000000000,3.94910000000000,32.3450,3811.9279,15.4316,15.1411,0.2905,18.5840,0.5062,0.4943,0.0119,1.5408,3811.9279,NA
ExperienceX.exe,56308,0x216C829D570,DXGI,1,0,0,Composed: Flip,3846.4397,NA,19.37070000000000,NA,0.22840000000000,1.60400000000000,NA,3827.3595,19.3086,19.0802,0.2284,20.6759,0.0083,0.0083,0.0000,NA,NA,NA
ExperienceX.exe,56308,0x216C829D570,DXGI,1,0,0,Composed: Flip,3861.2487,NA,14.80900000000000,NA,0.47860000000000,3.42600000000000,NA,3846.6681,15.0592,14.5806,0.4786,18.0014,0.0052,0.0052,0.0000,NA,NA,NA
ExperienceX.exe,56308,0x216C829D570,DXGI,1,0,0,Composed: Flip,3877.9495,NA,16.70080000000000,49.94460000000000,0.50680000000000,3.27990000000000,31.4091,3861.7273,16.7290,16.2222,0.5068,19.2934,0.2087,0.2087,0.0000,-0.1452,3861.7273,NA
ExperienceX.exe,56308,0x216C7EA03E0,DXGI,1,0,0,Composed: Flip,3846.3025,NA,19.21370000000000,33.72560000000000,1.25400000000000,1.72380000000000,30.0142,3827.4146,20.1419,18.8879,1.2540,18.0046,2.6071,1.6686,0.9385,-0.7414,3827.4146,NA
ExperienceX.exe,56308,0x216C7EA03E0,DXGI,1,0,0,Composed: Flip,3861.2481,NA,14.94560000000000,NA,0.64440000000000,3.03410000000000,NA,3847.5565,14.3360,13.6916,0.6444,0.4872,16.2385,3.8588,12.3797,NA,NA,NA
ExperienceX.exe,56308,0x216C7EA03E0,DXGI,1,0,0,Composed: Flip,3881.1632,NA,19.91510000000000,NA,0.30960000000000,1.27120000000000,NA,3861.8925,19.5803,19.2707,0.3096,19.3369,1.2050,1.1437,0.0613,NA,NA,NA
ExperienceX.exe,56308,0x216C7EA03E0,DXGI,1,0,0,Composed: Flip,3893.4016,NA,12.23840000000000,NA,0.53860000000000,2.60880000000000,NA,3881.4728,12.4674,11.9288,0.5386,0.9616,13.5760,3.3385,10.2375,NA,NA,NA
ExperienceX.exe,56308,0x216C829D570,DXGI,1,0,0,Composed: Flip,3893.2960,NA,15.34650000000000,16.90110000000000,0.56810000000000,2.76440000000000,32.9637,3878.4563,15.4078,14.8397,0.5681,17.5541,0.0500,0.0500,0.0000,-0.1721,3878.4563,NA
ExperienceX.exe,56308,0x216C829D570,DXGI,1,0,0,Composed: Flip,3911.6165,NA,18.32050000000000,NA,0.81440000000000,0.99360000000000,NA,3893.8641,18.5668,17.7524,0.8144,18.6351,0.1109,0.1109,0.0000,NA,NA,NA
ExperienceX.exe,56308,0x216838E1150,DXGI,1,0,0,Composed: Flip,3861.2605,NA,14.81950000000000,149.69470000000001,0.58800000000000,3.40650000000000,31.3931,3846.6866,15.1619,14.5739,0.5880,17.5956,0.3848,0.3690,0.0158,3.6162,3846.6866,NA
ExperienceX.exe,56308,0x216838E1150,DXGI,1,0,0,Composed: Flip,3877.9411,NA,16.68060000000000,NA,0.53050000000000,3.07960000000000,NA,3861.8485,16.6231,16.0926,0.5305,17.1792,1.9930,1.8275,0.1655,NA,NA,NA
ExperienceX.exe,56308,0x216838E1150,DXGI,1,0,0,Composed: Flip,3893.2962,NA,15.35510000000000,NA,0.71960000000000,3.09150000000000,NA,3878.4716,15.5442,14.8246,0.7196,17.5888,0.3273,0.3114,0.0159,NA,NA,NA
ExperienceX.exe,56308,0x216838E1150,DXGI,1,0,0,Composed: Flip,3911.8187,NA,18.52250000000000,NA,0.23350000000000,0.93310000000000,NA,3894.0158,18.0364,17.8029,0.2335,18.5943,0.1417,0.1417,0.0000,NA,NA,NA
ExperienceX.exe,56308,0x216838E1150,DXGI,1,0,0,Composed: Flip,3926.9810,NA,15.16230000000000,NA,0.28410000000000,1.85260000000000,NA,3912.0522,15.2129,14.9288,0.2841,16.7761,0.0053,0.0053,0.0000,NA,NA,NA
ExperienceX.exe,56308,0x216838E1150,DXGI,1,0,0,Composed: Flip,3943.6013,NA,16.62030000000000,83.38040000000001,1.51850000000000,1.92180000000000,32.4327,3927.2651,17.8547,16.3362,1.5185,17.1081,1.1499,1.1499,0.0000,-2.8019,3927.2651,NA
ExperienceX.exe,56308,0x216838E1150,DXGI,1,0,0,Composed: Flip,3959.8841,NA,16.28280000000000,16.97590000000000,0.23010000000000,1.43100000000000,33.1258,3945.1198,14.9944,14.7643,0.2301,16.0211,0.1742,0.1231,0.0511,0.8788,3945.1198,NA
ExperienceX.exe,56308,0x216C829D570,DXGI,1,0,0,Composed: Flip,3926.9189,NA,15.30240000000000,33.17560000000000,0.36230000000000,1.90940000000000,32.5164,3912.4309,14.8503,14.4880,0.3623,0.3209,16.0765,3.7378,12.3387,0.7990,3912.4309,NA
ExperienceX.exe,56308,0x216C829D570,DXGI,1,0,0,Composed: Flip,3943.5867,NA,16.66780000000000,NA,1.58760000000000,2.06100000000000,NA,3927.2812,17.8931,16.3055,1.5876,18.2419,0.1246,0.1246,0.0000,NA,NA,NA
ExperienceX.exe,56308,0x216C829D570,DXGI,1,0,0,Composed: Flip,3959.8837,NA,16.29700000000000,NA,0.23050000000000,1.25720000000000,NA,3945.1743,14.9399,14.7094,0.2305,0.8361,15.1305,4.2112,10.9193,NA,NA,NA
ExperienceX.exe,56308,0x216C829D570,DXGI,1,0,0,Composed: Flip,3976.7422,NA,16.85850000000000,NA,0.20430000000000,2.86350000000000,NA,3960.1142,16.8323,16.6280,0.2043,19.4323,0.0592,0.0592,0.0000,NA,NA,NA
ExperienceX.exe,56308,0x216838E1150,DXGI,1,0,0,Composed: Flip,3977.6307,NA,17.74660000000000,16.52020000000000,0.07930000000000,1.99600000000000,31.8994,3960.1142,17.5958,17.5165,0.0793,19.4915,0.0210,0.0210,0.0000,-1.5258,3960.1142,NA
ExperienceX.exe,56308,0x216C829D570,DXGI,1,0,0,Composed: Flip,3993.3813,NA,16.63910000000000,66.77770000000001,0.15230000000000,1.50990000000000,32.8317,3976.9465,16.5871,16.4348,0.1523,17.4070,0.5377,0.5270,0.0107,-2.2621,3976.9465,NA
ExperienceX.exe,56308,0x216C829D570,DXGI,1,0,0,Composed: Flip,4012.7765,NA,19.39520000000000,NA,0.80820000000000,1.08680000000000,NA,3993.5336,20.0511,19.2429,0.8082,20.1936,0.1361,0.1361,0.0000,NA,NA,NA
ExperienceX.exe,56308,0x216838E1150,DXGI,1,0,0,Composed: Flip,4012.5996,NA,34.96890000000000,33.10170000000000,0.42120000000000,1.12760000000000,30.0322,3977.7100,35.3108,34.8896,0.4212,34.1807,1.8365,1.8157,0.0208,-15.5059,3977.7100,NA
ExperienceX.exe,56308,0x216838E1150,DXGI,1,0,0,Composed: Flip,4026.9915,NA,14.39190000000000,NA,0.38830000000000,3.14230000000000,NA,4013.0208,14.3590,13.9707,0.3883,17.0977,0.0153,0.0153,0.0000,NA,NA,NA
ExperienceX.exe,56308,0x216C829D570,DXGI,1,0,0,Composed: Flip,4026.9916,NA,14.21510000000000,33.05870000000000,0.38520000000000,3.12690000000000,32.2801,4013.5847,13.7921,13.4069,0.3852,0.4084,16.1254,5.0428,11.0826,3.5795,4013.5847,NA
ExperienceX.exe,56308,0x216C829D570,DXGI,1,0,0,Composed: Flip,4043.8127,NA,16.82110000000000,NA,0.32500000000000,1.82550000000000,NA,4027.3768,16.7609,16.4359,0.3250,2.7804,15.4810,1.3624,14.1186,NA,NA,NA
ExperienceX.exe,56308,0x216C7EA03E0,DXGI,1,0,0,Composed: Flip,3911.5686,NA,18.16700000000000,66.34520000000001,0.57100000000000,0.93060000000000,31.0933,3893.9402,18.1994,17.6284,0.5710,17.0219,1.5371,1.5371,0.0000,0.1804,3893.9402,NA
ExperienceX.exe,56308,0x216C7EA03E0,DXGI,1,0,0,Composed: Flip,3927.0050,NA,15.43640000000000,NA,0.26090000000000,2.06450000000000,NA,3912.1396,15.1263,14.8654,0.2609,16.6940,0.2359,0.2243,0.0116,NA,NA,NA
ExperienceX.exe,56308,0x216C7EA03E0,DXGI,1,0,0,Composed: Flip,3945.2273,NA,18.22230000000000,NA,0.06800000000000,0.56630000000000,NA,3927.2659,18.0294,17.9614,0.0680,18.3818,0.1459,0.1380,0.0079,NA,NA,NA
ExperienceX.exe,56308,0x216C7EA03E0,DXGI,1,0,0,Composed: Flip,3960.0344,NA,14.80710000000000,NA,1.27920000000000,1.60610000000000,NA,3945.2953,16.0183,14.7391,1.2792,16.1305,0.2147,0.1791,0.0356,NA,NA,NA
ExperienceX.exe,56308,0x216C7EA03E0,DXGI,1,0,0,Composed: Flip,3976.8428,NA,16.80840000000000,NA,0.85160000000000,2.70370000000000,NA,3961.3136,16.3808,15.5292,0.8516,15.9952,2.2377,1.7174,0.5203,NA,NA,NA
ExperienceX.exe,56308,0x216C7EA03E0,DXGI,1,0,0,Composed: Flip,3993.3812,NA,16.53840000000000,NA,0.15240000000000,1.51670000000000,NA,3977.6944,15.8392,15.6868,0.1524,17.1992,0.0043,0.0043,0.0000,NA,NA,NA
ExperienceX.exe,56308,0x216C7EA03E0,DXGI,1,0,0,Composed: Flip,4013.4293,NA,20.04810000000000,NA,0.14580000000000,0.56380000000000,NA,3993.5336,20.0415,19.8957,0.1458,20.3297,0.1298,0.1298,0.0000,NA,NA,NA
ExperienceX.exe,56308,0x216C7EA03E0,DXGI,1,0,0,Composed: Flip,4026.9680,NA,13.53870000000000,NA,0.39770000000000,3.18920000000000,NA,4013.5751,13.7906,13.3929,0.3977,16.5587,0.0234,0.0234,0.0000,NA,NA,NA
ExperienceX.exe,56308,0x216C7EA03E0,DXGI,1,0,0,Composed: Flip,4043.8511,NA,16.88310000000000,NA,0.30900000000000,1.79720000000000,NA,4027.3657,16.7944,16.4854,0.3090,18.2725,0.0101,0.0101,0.0000,NA,NA,NA
ExperienceX.exe,56308,0x216C7EA03E0,DXGI,1,0,0,Composed: Flip,4059.7765,NA,15.92540000000000,NA,0.23100000000000,0.94090000000000,NA,4044.1601,15.8474,15.6164,0.2310,16.3771,0.1802,0.1802,0.0000,NA,NA,NA
ExperienceX.exe,56308,0x216838E1150,DXGI,1,0,0,Composed: Flip,4044.8462,NA,17.85470000000000,33.61710000000000,0.07920000000000,0.88110000000000,31.4027,4027.3798,17.5456,17.4664,0.0792,18.2685,0.0790,0.0725,0.0065,16.0527,4027.3798,NA
ExperienceX.exe,56308,0x216838E1150,DXGI,1,0,0,Composed: Flip,4059.7777,NA,14.93150000000000,NA,0.23050000000000,1.19590000000000,NA,4044.9254,15.0828,14.8523,0.2305,15.7920,0.2562,0.2459,0.0103,NA,NA,NA
ExperienceX.exe,56308,0x216838E1150,DXGI,1,0,0,Composed: Flip,4079.7500,NA,19.97230000000000,NA,0.16850000000000,1.09070000000000,NA,4060.0082,19.9103,19.7418,0.1685,20.3520,0.4805,0.4805,0.0000,NA,NA,NA
ExperienceX.exe,56308,0x216C7EA03E0,DXGI,1,0,0,Composed: Flip,4079.1733,NA,19.39680000000000,166.92240000000001,1.10090000000000,1.08750000000000,30.4110,4060.0075,20.2667,19.1658,1.1009,18.6490,1.6043,1.5212,0.0831,-0.8551,4060.0075,NA
ExperienceX.exe,56308,0x216C7EA03E0,DXGI,1,0,0,Composed: Flip,4093.0532,NA,13.87990000000000,NA,0.21810000000000,1.47210000000000,NA,4080.2742,12.9971,12.7790,0.2181,14.0425,0.2086,0.2086,0.0000,NA,NA,NA
ExperienceX.exe,56308,0x0,Other,-1,0,0,Composed: Flip,3561.2742,NA,166.85169999999999,566.69550000000004,0.00000000000000,1.32390000000000,31.5231,3394.4225,166.8517,166.8517,0.0000,150.6910,17.4846,4.0134,13.4712,-134.2768,3394.4225,NA
ExperienceX.exe,56308,0x0,Other,-1,0,0,Composed: Flip,3994.2426,NA,432.96840000000003,NA,0.00000000000000,0.11090000000000,NA,3561.2742,432.9684,432.9684,0.0000,418.3525,14.7268,3.3407,11.3861,NA,NA,NA
ExperienceX.exe,56308,0x0,Other,-1,0,0,Composed: Flip,4094.5277,NA,100.28510000000000,NA,0.00000000000000,0.16550000000000,NA,3994.2426,100.2851,100.2851,0.0000,100.2827,0.1679,0.1572,0.0107,NA,NA,NA
ExperienceX.exe,56308,0x216C829D570,DXGI,1,0,0,Composed: Flip,4059.7764,NA,15.96370000000000,33.33560000000000,0.23490000000000,0.76080000000000,32.8309,4044.1377,15.8736,15.6387,0.2349,1.7194,14.6801,3.9414,10.7387,-2.7826,4044.1377,NA
ExperienceX.exe,56308,0x216C829D570,DXGI,1,0,0,Composed: Flip,4079.6473,NA,19.87090000000000,NA,0.16710000000000,0.71290000000000,NA,4060.0113,19.8031,19.6360,0.1671,20.2495,0.0994,0.0994,0.0000,NA,NA,NA
ExperienceX.exe,56308,0x216C829D570,DXGI,1,0,0,Composed: Flip,4110.8086,NA,31.16130000000000,NA,0.28100000000000,2.52190000000000,NA,4079.8144,31.2752,30.9942,0.2810,31.7275,1.7886,1.7886,0.0000,NA,NA,NA
ExperienceX.exe,56308,0x216C7EA03E0,DXGI,1,0,0,Composed: Flip,4110.7752,NA,17.72200000000000,33.09070000000000,0.27860000000000,2.58920000000000,31.8998,4093.2713,17.7825,17.5039,0.2786,20.0592,0.0339,0.0339,0.0000,0.1731,4093.2713,NA
ExperienceX.exe,56308,0x216C7EA03E0,DXGI,1,0,0,Composed: Flip,4127.0176,NA,16.24240000000000,NA,0.26490000000000,2.07670000000000,NA,4111.0538,16.2287,15.9638,0.2649,17.9999,0.0406,0.0406,0.0000,NA,NA,NA
ExperienceX.exe,56308,0x216C7EA03E0,DXGI,1,0,0,Composed: Flip,4143.7203,NA,16.70270000000000,NA,0.47720000000000,3.36200000000000,NA,4127.2825,16.9150,16.4378,0.4772,19.7292,0.0706,0.0706,0.0000,NA,NA,NA
ExperienceX.exe,56308,0x216838E1150,DXGI,1,0,0,Composed: Flip,4093.0311,NA,13.28110000000000,50.12480000000000,0.19000000000000,1.28560000000000,33.3426,4079.9185,13.3026,13.1126,0.1900,0.9222,13.4760,2.9904,10.4856,2.4139,4079.9185,NA
ExperienceX.exe,56308,0x216838E1150,DXGI,1,0,0,Composed: Flip,4110.8125,NA,17.78140000000000,NA,0.27910000000000,2.78040000000000,NA,4093.2211,17.8705,17.5914,0.2791,20.1433,0.2285,0.2285,0.0000,NA,NA,NA
ExperienceX.exe,56308,0x216838E1150,DXGI,1,0,0,Composed: Flip,4127.1071,NA,16.29460000000000,NA,0.27230000000000,1.93580000000000,NA,4111.0916,16.2878,16.0155,0.2723,17.9044,0.0469,0.0469,0.0000,NA,NA,NA
ExperienceX.exe,56308,0x216838E1150,DXGI,1,0,0,Composed: Flip,4143.7218,NA,16.61470000000000,NA,1.54490000000000,3.55970000000000,NA,4127.3794,17.8873,16.3424,1.5449,19.7029,0.1992,0.1786,0.0206,NA,NA,NA
ExperienceX.exe,56308,0x216838E1150,DXGI,1,0,0,Composed: Flip,4160.2189,NA,16.49710000000000,NA,0.47200000000000,3.42090000000000,NA,4145.2667,15.4242,14.9522,0.4720,18.2655,0.1076,0.1076,0.0000,NA,NA,NA
ExperienceX.exe,56308,0x216C7EA03E0,DXGI,1,0,0,Composed: Flip,4160.2303,NA,16.51000000000000,50.06940000000000,0.41800000000000,3.30190000000000,32.5141,4144.1975,16.4508,16.0328,0.4180,3.1334,16.2013,4.6573,11.5440,0.8568,4144.1975,NA
ExperienceX.exe,56308,0x216C7EA03E0,DXGI,1,0,0,Composed: Flip,4178.5851,NA,18.35480000000000,NA,0.69760000000000,1.19530000000000,NA,4160.6483,18.6344,17.9368,0.6976,18.7829,0.3492,0.3492,0.0000,NA,NA,NA
ExperienceX.exe,56308,0x216C829D570,DXGI,1,0,0,Composed: Flip,4143.7211,NA,32.91250000000000,83.50370000000001,0.50830000000000,3.29060000000000,32.3899,4111.0896,33.1398,32.6315,0.5083,33.4123,2.5098,2.2127,0.2971,-16.5518,4111.0896,NA
ExperienceX.exe,56308,0x216C829D570,DXGI,1,0,0,Composed: Flip,4160.2180,NA,16.49690000000000,NA,0.42900000000000,3.63150000000000,NA,4144.2294,16.4176,15.9886,0.4290,19.4104,0.2097,0.2027,0.0070,NA,NA,NA
ExperienceX.exe,56308,0x216C829D570,DXGI,1,0,0,Composed: Flip,4177.3646,NA,17.14660000000000,NA,0.29200000000000,2.06660000000000,NA,4160.6470,17.0096,16.7176,0.2920,17.2037,1.5805,1.5805,0.0000,NA,NA,NA
ExperienceX.exe,56308,0x216C829D570,DXGI,1,0,0,Composed: Flip,4193.3924,NA,16.02780000000000,NA,0.24830000000000,1.32920000000000,NA,4177.6566,15.9841,15.7358,0.2483,16.9714,0.0936,0.0936,0.0000,NA,NA,NA
ExperienceX.exe,56308,0x216C829D570,DXGI,1,0,0,Composed: Flip,4212.8866,NA,19.49420000000000,66.68830000000000,1.01720000000000,2.01520000000000,29.9127,4193.6407,20.2631,19.2459,1.0172,18.0841,3.1770,2.9537,0.2233,15.8628,4193.6407,NA
ExperienceX.exe,56308,0x216838E1150,DXGI,1,0,0,Composed: Flip,4179.2736,NA,19.05470000000000,83.03050000000000,0.18410000000000,0.70080000000000,30.1306,4160.6909,18.7668,18.5827,0.1841,19.0895,0.1940,0.1940,0.0000,-2.2581,4160.6909,NA
ExperienceX.exe,56308,0x216838E1150,DXGI,1,0,0,Composed: Flip,4193.3917,NA,14.11810000000000,NA,0.24930000000000,1.23630000000000,NA,4179.4577,14.1833,13.9340,0.2493,0.5167,14.6536,3.6752,10.9784,NA,NA,NA
ExperienceX.exe,56308,0x216838E1150,DXGI,1,0,0,Composed: Flip,4213.5648,NA,20.17310000000000,NA,0.33850000000000,1.56750000000000,NA,4193.6410,20.2623,19.9238,0.3385,21.2608,0.2305,0.2305,0.0000,NA,NA,NA
ExperienceX.exe,56308,0x216838E1150,DXGI,1,0,0,Composed: Flip,4226.5389,NA,12.97410000000000,NA,0.23110000000000,1.30110000000000,NA,4213.9033,12.8667,12.6356,0.2311,13.9313,0.0054,0.0054,0.0000,NA,NA,NA
ExperienceX.exe,56308,0x216C829D570,DXGI,1,0,0,Composed: Flip,4226.5390,NA,13.65240000000000,16.66520000000000,0.23110000000000,1.29360000000000,32.9255,4213.9038,12.8663,12.6352,0.2311,13.2935,0.6353,0.6276,0.0077,3.5979,4213.9038,NA
ExperienceX.exe,56308,0x216C829D570,DXGI,1,0,0,Composed: Flip,4245.1483,NA,18.60930000000000,NA,0.29790000000000,1.38070000000000,NA,4226.7701,18.6761,18.3782,0.2979,19.7501,0.0088,0.0088,0.0000,NA,NA,NA
ExperienceX.exe,56308,0x216C7EA03E0,DXGI,1,0,0,Composed: Flip,4193.3938,NA,14.80870000000000,33.29110000000000,0.35850000000000,1.40180000000000,32.6417,4179.2827,14.4696,14.1111,0.3585,15.4389,0.0740,0.0589,0.0151,1.7941,4179.2827,NA
ExperienceX.exe,56308,0x216C7EA03E0,DXGI,1,0,0,Composed: Flip,4214.2025,NA,20.80870000000000,NA,0.11570000000000,1.01580000000000,NA,4193.7523,20.5659,20.4502,0.1157,21.3800,0.0860,0.0860,0.0000,NA,NA,NA
ExperienceX.exe,56308,0x216C7EA03E0,DXGI,1,0,0,Composed: Flip,4226.5254,NA,12.32290000000000,NA,0.24630000000000,0.67190000000000,NA,4214.3182,12.4535,12.2072,0.2463,0.9001,11.9790,1.8511,10.1279,NA,NA,NA
ExperienceX.exe,56308,0x216C7EA03E0,DXGI,1,0,0,Composed: Flip,4245.4225,NA,18.89710000000000,NA,0.54210000000000,1.09770000000000,NA,4226.7717,19.1929,18.6508,0.5421,19.7394,0.0091,0.0091,0.0000,NA,NA,NA
ExperienceX.exe,56308,0x216C7EA03E0,DXGI,1,0,0,Composed: Flip,4260.0284,NA,14.60590000000000,NA,0.27190000000000,1.63330000000000,NA,4245.9646,14.3357,14.0638,0.2719,15.1496,0.5475,0.3073,0.2402,NA,NA,NA
ExperienceX.exe,56308,0x216838E1150,DXGI,1,0,0,Composed: Flip,4245.4394,NA,18.90050000000000,66.65040000000000,0.64240000000000,1.07170000000000,30.6152,4226.7700,19.3118,18.6694,0.6424,17.7688,1.9723,1.9723,0.0000,-0.5713,4226.7700,NA
ExperienceX.exe,56308,0x216838E1150,DXGI,1,0,0,Composed: Flip,4277.9144,NA,32.47500000000000,NA,0.13180000000000,1.32170000000000,NA,4246.0818,31.9644,31.8326,0.1318,31.2458,1.9085,1.4156,0.4929,NA,NA,NA
ExperienceX.exe,56308,0x216838E1150,DXGI,1,0,0,Composed: Flip,4293.4873,NA,15.57290000000000,49.89120000000000,0.24550000000000,2.13450000000000,32.4585,4278.0462,15.6866,15.4411,0.2455,1.3359,16.2397,4.2582,11.9815,1.3850,4278.0462,NA
ExperienceX.exe,56308,0x216838E1150,DXGI,1,0,0,Composed: Flip,4310.4889,NA,17.00160000000000,16.77130000000000,1.04260000000000,2.33950000000000,32.2282,4293.7328,17.7987,16.7561,1.0426,17.0963,1.9993,1.9993,0.0000,-1.0847,4293.7328,NA
ExperienceX.exe,56308,0x216C7EA03E0,DXGI,1,0,0,Composed: Flip,4277.8610,NA,17.83260000000000,83.34010000000001,0.14020000000000,1.52110000000000,31.5146,4260.3003,17.7009,17.5607,0.1402,18.9438,0.1380,0.1380,0.0000,-2.3225,4260.3003,NA
ExperienceX.exe,56308,0x216C7EA03E0,DXGI,1,0,0,Composed: Flip,4293.4878,NA,15.62680000000000,NA,0.24720000000000,2.39170000000000,NA,4278.0012,15.7338,15.4866,0.2472,17.7438,0.1345,0.1225,0.0120,NA,NA,NA
ExperienceX.exe,56308,0x216C7EA03E0,DXGI,1,0,0,Composed: Flip,4311.6117,NA,18.12390000000000,NA,0.12380000000000,1.22870000000000,NA,4293.7350,18.0005,17.8767,0.1238,19.0993,0.0061,0.0061,0.0000,NA,NA,NA
ExperienceX.exe,56308,0x216C7EA03E0,DXGI,1,0,0,Composed: Flip,4326.6060,NA,14.99430000000000,NA,0.36770000000000,1.97270000000000,NA,4311.7355,15.2382,14.8705,0.3677,16.8300,0.0132,0.0132,0.0000,NA,NA,NA
ExperienceX.exe,56308,0x216838E1150,DXGI,1,0,0,Composed: Flip,4326.5555,NA,16.06660000000000,16.60490000000000,0.30230000000000,1.96210000000000,32.7665,4311.5315,15.3263,15.0240,0.3023,16.6681,0.3180,0.0770,0.2410,1.1938,4311.5315,NA
ExperienceX.exe,56308,0x216838E1150,DXGI,1,0,0,Composed: Flip,4344.6566,NA,18.10110000000000,NA,0.25470000000000,1.11730000000000,NA,4326.8578,18.0535,17.7988,0.2547,18.7861,0.1300,0.1300,0.0000,NA,NA,NA
ExperienceX.exe,56308,0x216838E1150,DXGI,1,0,0,Composed: Flip,4359.9410,NA,15.28440000000000,33.46560000000000,0.27690000000000,1.83860000000000,32.8466,4344.9113,15.3066,15.0297,0.2769,1.2756,15.5927,3.7006,11.8921,-0.0858,4344.9113,NA
ExperienceX.exe,56308,0x216C829D570,DXGI,1,0,0,Composed: Flip,4260.0125,NA,14.86420000000000,33.32460000000000,0.23350000000000,1.10170000000000,32.7766,4245.4462,14.7998,14.5663,0.2335,1.0828,14.5852,3.3354,11.2498,-1.7822,4245.4462,NA
ExperienceX.exe,56308,0x216C829D570,DXGI,1,0,0,Composed: Flip,4278.0618,NA,18.04930000000000,NA,0.19570000000000,1.18230000000000,NA,4260.2460,18.0115,17.8158,0.1957,18.9901,0.0080,0.0080,0.0000,NA,NA,NA
ExperienceX.exe,56308,0x216C829D570,DXGI,1,0,0,Composed: Flip,4293.4849,NA,15.42310000000000,NA,0.28230000000000,2.26010000000000,NA,4278.2575,15.5097,15.2274,0.2823,17.3643,0.1232,0.1232,0.0000,NA,NA,NA
ExperienceX.exe,56308,0x216C829D570,DXGI,1,0,0,Composed: Flip,4311.9597,NA,18.47480000000000,NA,0.08430000000000,0.87460000000000,NA,4293.7672,18.2768,18.1925,0.0843,19.0612,0.0059,0.0059,0.0000,NA,NA,NA
ExperienceX.exe,56308,0x216C829D570,DXGI,1,0,0,Composed: Flip,4326.5492,NA,14.58950000000000,NA,0.26160000000000,1.65040000000000,NA,4312.0440,14.7668,14.5052,0.2616,0.7964,15.3592,3.3900,11.9692,NA,NA,NA
ExperienceX.exe,56308,0x216C829D570,DXGI,1,0,0,Composed: Flip,4344.8411,NA,18.29190000000000,NA,0.13980000000000,1.34580000000000,NA,4326.8108,18.1701,18.0303,0.1398,18.9631,0.4130,0.4130,0.0000,NA,NA,NA
ExperienceX.exe,56308,0x216C829D570,DXGI,1,0,0,Composed: Flip,4359.9433,NA,15.10220000000000,NA,0.27040000000000,2.01640000000000,NA,4344.9809,15.2328,14.9624,0.2704,16.7987,0.1801,0.1801,0.0000,NA,NA,NA
ExperienceX.exe,56308,0x216C829D570,DXGI,1,0,0,Composed: Flip,4377.6522,NA,17.70890000000000,NA,0.08160000000000,1.80330000000000,NA,4360.2137,17.5201,17.4385,0.0816,19.1153,0.1265,0.1265,0.0000,NA,NA,NA
ExperienceX.exe,56308,0x216838E1150,DXGI,1,0,0,Composed: Flip,4377.3076,NA,17.36660000000000,16.90910000000000,0.15460000000000,1.90030000000000,32.3891,4360.2179,17.2443,17.0897,0.1546,16.7958,2.1942,1.0795,1.1147,-1.6025,4360.2179,NA
ExperienceX.exe,56308,0x216838E1150,DXGI,1,0,0,Composed: Flip,4393.3137,NA,16.00610000000000,NA,0.11770000000000,0.96120000000000,NA,4377.4622,15.9692,15.8515,0.1177,16.6999,0.1128,0.1128,0.0000,NA,NA,NA
ExperienceX.exe,56308,0x216C829D570,DXGI,1,0,0,Composed: Flip,4393.3004,NA,15.64820000000000,133.94530000000000,0.13130000000000,0.86170000000000,33.4340,4377.7338,15.6979,15.5666,0.1313,1.7217,14.7066,3.7356,10.9710,-1.6577,4377.7338,NA
ExperienceX.exe,56308,0x216C829D570,DXGI,1,0,0,Composed: Flip,4413.8091,NA,20.50870000000000,NA,0.32950000000000,0.92860000000000,NA,4393.4317,20.7069,20.3774,0.3295,21.1726,0.1334,0.1334,0.0000,NA,NA,NA
ExperienceX.exe,56308,0x216C7EA03E0,DXGI,1,0,0,Composed: Flip,4344.8419,NA,18.23590000000000,66.56790000000001,0.14100000000000,0.80200000000000,31.1016,4326.9737,18.0092,17.8682,0.1410,17.0576,1.6126,0.8788,0.7338,0.1055,4326.9737,NA
ExperienceX.exe,56308,0x216C7EA03E0,DXGI,1,0,0,Composed: Flip,4360.0406,NA,15.19870000000000,NA,0.69860000000000,2.04440000000000,NA,4344.9829,15.7563,15.0577,0.6986,16.9768,0.1253,0.1110,0.0143,NA,NA,NA
ExperienceX.exe,56308,0x216C7EA03E0,DXGI,1,0,0,Composed: Flip,4377.3090,NA,17.26840000000000,NA,0.15380000000000,2.02000000000000,NA,4360.7392,16.7236,16.5698,0.1538,18.4687,0.1211,0.1211,0.0000,NA,NA,NA
ExperienceX.exe,56308,0x216C7EA03E0,DXGI,1,0,0,Composed: Flip,4393.4188,NA,16.10980000000000,NA,0.26120000000000,0.99670000000000,NA,4377.4628,16.2172,15.9560,0.2612,16.8121,0.1406,0.1341,0.0065,NA,NA,NA
ExperienceX.exe,56308,0x216C7EA03E0,DXGI,1,0,0,Composed: Flip,4413.8287,NA,20.40990000000000,NA,0.31110000000000,0.77560000000000,NA,4393.6800,20.4598,20.1487,0.3111,18.4450,2.4793,2.1948,0.2845,NA,NA,NA
ExperienceX.exe,56308,0x216C7EA03E0,DXGI,1,0,0,Composed: Flip,4427.3743,NA,13.54560000000000,NA,0.24890000000000,1.00150000000000,NA,4414.1398,13.4834,13.2345,0.2489,14.0482,0.1878,0.1878,0.0000,NA,NA,NA
ExperienceX.exe,56308,0x216C829D570,DXGI,1,0,0,Composed: Flip,4427.2027,NA,13.39360000000000,32.69890000000000,0.22150000000000,0.98530000000000,32.2306,4414.1386,13.2856,13.0641,0.2215,0.7913,13.2581,2.6396,10.6185,3.7059,4414.1386,NA
ExperienceX.exe,56308,0x216C829D570,DXGI,1,0,0,Composed: Flip,4444.4347,NA,17.23200000000000,NA,0.25500000000000,3.09740000000000,NA,4427.4242,17.2655,17.0105,0.2550,20.0975,0.0104,0.0104,0.0000,NA,NA,NA
ExperienceX.exe,56308,0x216C829D570,DXGI,1,0,0,Composed: Flip,4459.9809,NA,15.54620000000000,33.22590000000000,0.25050000000000,1.84450000000000,32.6783,4444.6897,15.5417,15.2912,0.2505,16.8157,0.3200,0.3149,0.0051,-2.6748,4444.6897,NA
ExperienceX.exe,56308,0x216C7EA03E0,DXGI,1,0,0,Composed: Flip,4444.4932,NA,17.11890000000000,100.04890000000000,2.04720000000000,3.02640000000000,31.4992,4427.6232,18.9172,16.8700,2.0472,17.6268,2.2696,2.2654,0.0042,0.6006,4427.6232,NA
ExperienceX.exe,56308,0x216C7EA03E0,DXGI,1,0,0,Composed: Flip,4459.9502,NA,15.45700000000000,NA,0.24370000000000,1.34090000000000,NA,4446.5404,13.6535,13.4098,0.2437,1.0881,13.6626,4.6449,9.0177,NA,NA,NA
ExperienceX.exe,56308,0x216C7EA03E0,DXGI,1,0,0,Composed: Flip,4477.0003,NA,17.05010000000000,NA,0.21690000000000,1.97830000000000,NA,4460.1939,17.0233,16.8064,0.2169,18.5381,0.2466,0.2466,0.0000,NA,NA,NA
ExperienceX.exe,56308,0x216838E1150,DXGI,1,0,0,Composed: Flip,4414.0348,NA,20.72110000000000,33.19330000000000,0.14400000000000,0.89510000000000,28.8552,4393.4314,20.7474,20.6034,0.1440,21.3063,0.1922,0.1922,0.0000,0.0202,4393.4314,NA
ExperienceX.exe,56308,0x216838E1150,DXGI,1,0,0,Composed: Flip,4427.2019,NA,13.16710000000000,NA,0.22240000000000,1.29970000000000,NA,4414.1788,13.2455,13.0231,0.2224,14.1970,0.1258,0.1191,0.0067,NA,NA,NA
ExperienceX.exe,56308,0x216838E1150,DXGI,1,0,0,Composed: Flip,4444.4336,NA,17.23170000000000,NA,0.25550000000000,3.10580000000000,NA,4427.4243,17.2648,17.0093,0.2555,20.1107,0.0044,0.0044,0.0000,NA,NA,NA
ExperienceX.exe,56308,0x216838E1150,DXGI,1,0,0,Composed: Flip,4459.9613,NA,15.52770000000000,NA,0.24860000000000,1.54410000000000,NA,4444.6891,15.5208,15.2722,0.2486,16.6020,0.2143,0.2143,0.0000,NA,NA,NA
ExperienceX.exe,56308,0x216838E1150,DXGI,1,0,0,Composed: Flip,4477.0010,NA,17.03970000000000,NA,0.17640000000000,2.21760000000000,NA,4460.2099,16.9675,16.7911,0.1764,18.7687,0.2400,0.2400,0.0000,NA,NA,NA
ExperienceX.exe,56308,0x216838E1150,DXGI,1,0,0,Composed: Flip,4493.1000,NA,16.09900000000000,NA,0.28310000000000,1.17750000000000,NA,4477.1774,16.2057,15.9226,0.2831,17.0956,0.0045,0.0045,0.0000,NA,NA,NA
ExperienceX.exe,56308,0x216C829D570,DXGI,1,0,0,Composed: Flip,4477.0009,NA,17.02000000000000,16.67690000000000,0.17050000000000,1.73110000000000,32.3352,4460.2314,16.9400,16.7695,0.1705,17.1893,1.3113,1.3113,0.0000,-1.1352,4460.2314,NA
ExperienceX.exe,56308,0x216C829D570,DXGI,1,0,0,Composed: Flip,4493.0990,NA,16.09810000000000,NA,0.28410000000000,0.65650000000000,NA,4477.1714,16.2117,15.9276,0.2841,2.0472,14.5369,3.5017,11.0352,NA,NA,NA
ExperienceX.exe,56308,0x216C829D570,DXGI,1,0,0,Composed: Flip,4511.7117,NA,18.61270000000000,NA,0.06520000000000,0.58060000000000,NA,4493.3831,18.3938,18.3286,0.0652,18.9035,0.0057,0.0057,0.0000,NA,NA,NA
ExperienceX.exe,56308,0x216C7EA03E0,DXGI,1,0,0,Composed: Flip,4493.0893,NA,16.08900000000000,50.00320000000000,0.18550000000000,1.18230000000000,32.9063,4477.2172,16.0576,15.8721,0.1855,16.5383,0.5161,0.5088,0.0073,-0.4092,4477.2172,NA
ExperienceX.exe,56308,0x216C7EA03E0,DXGI,1,0,0,Composed: Flip,4511.4810,NA,18.39170000000000,NA,0.17450000000000,0.80560000000000,NA,4493.2748,18.3807,18.2062,0.1745,17.5468,1.4650,1.4650,0.0000,NA,NA,NA
ExperienceX.exe,56308,0x216C7EA03E0,DXGI,1,0,0,Composed: Flip,4526.5166,NA,15.03560000000000,NA,0.22840000000000,1.12400000000000,NA,4511.6555,15.0895,14.8611,0.2284,15.9141,0.0710,0.0710,0.0000,NA,NA,NA
ExperienceX.exe,56308,0x216C7EA03E0,DXGI,1,0,0,Composed: Flip,4544.2710,NA,17.75440000000000,49.88280000000000,0.19800000000000,1.12970000000000,31.6074,4526.7450,17.7240,17.5260,0.1980,18.5721,0.0836,0.0836,0.0000,-0.3550,4526.7450,NA
ExperienceX.exe,56308,0x216838E1150,DXGI,1,0,0,Composed: Flip,4512.5088,NA,19.40880000000000,99.71950000000001,0.58210000000000,0.87960000000000,30.1007,4493.3831,19.7078,19.1257,0.5821,18.9092,1.0961,1.0961,0.0000,0.2322,4493.3831,NA
ExperienceX.exe,56308,0x216838E1150,DXGI,1,0,0,Composed: Flip,4526.5164,NA,14.00760000000000,NA,0.22870000000000,1.05320000000000,NA,4513.0909,13.6542,13.4255,0.2287,0.2975,14.1812,2.7442,11.4370,NA,NA,NA
ExperienceX.exe,56308,0x216838E1150,DXGI,1,0,0,Composed: Flip,4544.1242,NA,17.60780000000000,NA,0.31580000000000,0.64350000000000,NA,4526.7451,17.6949,17.3791,0.3158,16.8034,1.2192,1.2192,0.0000,NA,NA,NA
ExperienceX.exe,56308,0x216838E1150,DXGI,1,0,0,Composed: Flip,4559.6967,NA,15.57250000000000,NA,0.17940000000000,1.18500000000000,NA,4544.4400,15.4361,15.2567,0.1794,16.2202,0.2215,0.2149,0.0066,NA,NA,NA
ExperienceX.exe,56308,0x216C829D570,DXGI,1,0,0,Composed: Flip,4526.5154,NA,14.80370000000000,50.01030000000000,0.19980000000000,1.35790000000000,32.8310,4511.7769,14.9383,14.7385,0.1998,15.8637,0.2327,0.2277,0.0050,1.5352,4511.7769,NA
ExperienceX.exe,56308,0x216C829D570,DXGI,1,0,0,Composed: Flip,4544.1258,NA,17.61040000000000,NA,0.14420000000000,1.19130000000000,NA,4526.7152,17.5548,17.4106,0.1442,18.0525,0.5494,0.5494,0.0000,NA,NA,NA
ExperienceX.exe,56308,0x216C829D570,DXGI,1,0,0,Composed: Flip,4559.6963,NA,15.57050000000000,NA,0.18040000000000,0.73600000000000,NA,4544.2700,15.6067,15.4263,0.1804,1.1307,15.0316,3.2451,11.7865,NA,NA,NA
ExperienceX.exe,56308,0x216C829D570,DXGI,1,0,0,Composed: Flip,4578.0168,NA,18.32050000000000,NA,0.07030000000000,1.06600000000000,NA,4559.8767,18.2104,18.1401,0.0703,18.9874,0.2187,0.2187,0.0000,NA,NA,NA
ExperienceX.exe,56308,0x216C829D570,DXGI,1,0,0,Composed: Flip,4593.2578,NA,15.24100000000000,66.78830000000001,0.12030000000000,1.68090000000000,32.8769,4578.0871,15.2910,15.1707,0.1203,16.6184,0.2332,0.2332,0.0000,-0.4781,4578.0871,NA
ExperienceX.exe,56308,0x216C7EA03E0,DXGI,1,0,0,Composed: Flip,4559.6966,NA,15.42560000000000,16.86560000000000,0.17940000000000,0.96360000000000,33.0474,4544.4690,15.4070,15.2276,0.1794,15.9633,0.2279,0.2279,0.0000,0.8584,4544.4690,NA
ExperienceX.exe,56308,0x216C7EA03E0,DXGI,1,0,0,Composed: Flip,4577.3827,NA,17.68610000000000,NA,0.08990000000000,1.48140000000000,NA,4559.8760,17.5966,17.5067,0.0899,16.8924,2.0957,1.8121,0.2836,NA,NA,NA
ExperienceX.exe,56308,0x216C7EA03E0,DXGI,1,0,0,Composed: Flip,4593.2479,NA,15.86520000000000,NA,0.05670000000000,1.45760000000000,NA,4577.4726,15.8320,15.7753,0.0567,1.8728,15.3601,3.9085,11.4516,NA,NA,NA
ExperienceX.exe,56308,0x216C7EA03E0,DXGI,1,0,0,Composed: Flip,4612.5457,NA,19.29780000000000,NA,0.09440000000000,0.58410000000000,NA,4593.3046,19.3355,19.2411,0.0944,19.4125,0.4127,0.4127,0.0000,NA,NA,NA
ExperienceX.exe,56308,0x216C7EA03E0,DXGI,1,0,0,Composed: Flip,4627.0052,NA,14.45950000000000,66.90310000000001,0.59570000000000,2.96150000000000,32.6419,4612.6401,14.9608,14.3651,0.5957,16.6397,0.6869,0.6869,0.0000,1.2680,4612.6401,NA
ExperienceX.exe,56308,0x216C7EA03E0,DXGI,1,0,0,Composed: Flip,4644.5458,NA,17.54060000000000,16.25740000000000,0.34030000000000,1.49540000000000,31.3587,4627.6009,17.2852,16.9449,0.3403,18.1657,0.2746,0.2746,0.0000,-1.2966,4627.6009,NA
ExperienceX.exe,56308,0x216C7EA03E0,DXGI,1,0,0,Composed: Flip,4660.1565,NA,15.61070000000000,16.61890000000000,0.18940000000000,1.06160000000000,32.3669,4644.8861,15.4598,15.2704,0.1894,1.1551,15.1769,3.7939,11.3830,0.6663,4644.8861,NA
ExperienceX.exe,56308,0x216C829D570,DXGI,1,0,0,Composed: Flip,4610.3369,NA,17.07910000000000,16.70160000000000,0.20610000000000,2.38020000000000,32.4994,4593.3781,17.1649,16.9588,0.2061,17.3809,1.9581,1.3500,0.6081,-1.4106,4593.3781,NA
ExperienceX.exe,56308,0x216C829D570,DXGI,1,0,0,Composed: Flip,4626.9552,NA,16.61830000000000,NA,0.43140000000000,3.31640000000000,NA,4610.5430,16.8436,16.4122,0.4314,19.4237,0.3049,0.2977,0.0072,NA,NA,NA
ExperienceX.exe,56308,0x216C829D570,DXGI,1,0,0,Composed: Flip,4644.5512,NA,17.59600000000000,NA,0.21760000000000,1.21540000000000,NA,4627.3866,17.3822,17.1646,0.2176,18.1902,0.1898,0.1898,0.0000,NA,NA,NA
ExperienceX.exe,56308,0x216C829D570,DXGI,1,0,0,Composed: Flip,4660.1560,NA,15.60480000000000,NA,0.18980000000000,1.26290000000000,NA,4644.7688,15.5770,15.3872,0.1898,16.4493,0.2008,0.2008,0.0000,NA,NA,NA
ExperienceX.exe,56308,0x216C829D570,DXGI,1,0,0,Composed: Flip,4677.1893,NA,17.03330000000000,NA,0.57630000000000,1.28730000000000,NA,4660.3458,17.4198,16.8435,0.5763,16.5173,1.6135,1.6135,0.0000,NA,NA,NA
ExperienceX.exe,56308,0x216838E1150,DXGI,1,0,0,Composed: Flip,4577.6592,NA,17.96250000000000,66.69430000000000,0.29050000000000,1.68620000000000,31.6446,4559.8761,18.0736,17.7831,0.2905,19.2067,0.2626,0.2626,0.0000,-0.2013,4559.8761,NA
ExperienceX.exe,56308,0x216838E1150,DXGI,1,0,0,Composed: Flip,4593.4439,NA,15.78470000000000,NA,0.49480000000000,1.69030000000000,NA,4577.9497,15.9890,15.4942,0.4948,16.9890,0.1955,0.1896,0.0059,NA,NA,NA
ExperienceX.exe,56308,0x216838E1150,DXGI,1,0,0,Composed: Flip,4626.8969,NA,33.45300000000000,NA,0.25420000000000,2.38290000000000,NA,4593.9387,33.2124,32.9582,0.2542,19.4168,15.9243,4.9448,10.9795,NA,NA,NA
ExperienceX.exe,56308,0x216838E1150,DXGI,1,0,0,Composed: Flip,4644.5718,NA,17.67490000000000,NA,0.16390000000000,1.00500000000000,NA,4627.1511,17.5846,17.4207,0.1639,17.0148,1.4109,1.4109,0.0000,NA,NA,NA
ExperienceX.exe,56308,0x216838E1150,DXGI,1,0,0,Composed: Flip,4660.1572,NA,15.58540000000000,NA,0.18870000000000,1.49220000000000,NA,4644.7357,15.6102,15.4215,0.1887,16.6832,0.2305,0.2245,0.0060,NA,NA,NA
ExperienceX.exe,56308,0x216838E1150,DXGI,1,0,0,Composed: Flip,4677.8923,NA,17.73510000000000,NA,0.07370000000000,0.63480000000000,NA,4660.3459,17.6201,17.5464,0.0737,18.1307,0.0505,0.0505,0.0000,NA,NA,NA
ExperienceX.exe,56308,0x216838E1150,DXGI,1,0,0,Composed: Flip,4692.7832,NA,14.89090000000000,NA,0.15370000000000,1.35420000000000,NA,4677.9660,14.9709,14.8172,0.1537,15.9238,0.2476,0.2422,0.0054,NA,NA,NA
ExperienceX.exe,56308,0x0,Other,-1,0,0,Composed: Flip,4128.0795,NA,33.55180000000000,566.61050000000000,0.00000000000000,0.90390000000000,31.3283,4094.5277,33.5518,33.5518,0.0000,19.0652,15.3905,4.5320,10.8585,133.4947,4094.5277,NA
ExperienceX.exe,56308,0x0,Other,-1,0,0,Composed: Flip,4261.6281,NA,133.54859999999999,NA,0.00000000000000,0.10320000000000,NA,4128.0795,133.5486,133.5486,0.0000,133.5822,0.0696,0.0509,0.0187,NA,NA,NA
ExperienceX.exe,56308,0x0,Other,-1,0,0,Composed: Flip,4612.0827,NA,350.45460000000003,NA,0.00000000000000,1.27280000000000,NA,4261.6281,350.4546,350.4546,0.0000,351.5017,0.2257,0.2257,0.0000,NA,NA,NA
ExperienceX.exe,56308,0x216838E1150,DXGI,1,0,0,Composed: Flip,4711.2230,NA,18.43980000000000,133.29070000000002,0.06180000000000,1.09210000000000,31.3715,4692.9369,18.3479,18.2861,0.0618,19.0713,0.3069,0.3069,0.0000,-0.2299,4692.9369,NA
ExperienceX.exe,56308,0x216C829D570,DXGI,1,0,0,Composed: Flip,4692.7831,NA,15.59380000000000,83.09410000000000,0.15380000000000,0.88080000000000,33.1473,4677.7656,15.1713,15.0175,0.1538,1.0239,14.8744,3.3536,11.5208,1.2934,4677.7656,NA
ExperienceX.exe,56308,0x216C829D570,DXGI,1,0,0,Composed: Flip,4710.9413,NA,18.15820000000000,NA,0.15010000000000,1.06690000000000,NA,4692.9369,18.1545,18.0044,0.1501,18.8319,0.2394,0.2394,0.0000,NA,NA,NA
ExperienceX.exe,56308,0x216C829D570,DXGI,1,0,0,Composed: Flip,4726.2557,NA,15.31440000000000,NA,0.18210000000000,1.34390000000000,NA,4711.0914,15.3464,15.1643,0.1821,16.2642,0.2440,0.2386,0.0054,NA,NA,NA
ExperienceX.exe,56308,0x216C829D570,DXGI,1,0,0,Composed: Flip,4743.8764,NA,17.62070000000000,NA,0.05270000000000,0.78500000000000,NA,4726.4378,17.4913,17.4386,0.0527,17.9992,0.2244,0.2244,0.0000,NA,NA,NA
ExperienceX.exe,56308,0x216838E1150,DXGI,1,0,0,Composed: Flip,4744.0105,NA,32.78750000000000,33.49680000000000,0.05570000000000,1.25410000000000,32.0808,4711.2848,32.7814,32.7257,0.0557,33.3766,0.6032,0.6032,0.0000,-15.1489,4711.2848,NA
ExperienceX.exe,56308,0x216838E1150,DXGI,1,0,0,Composed: Flip,4759.6621,NA,15.65160000000000,NA,0.20580000000000,2.07950000000000,NA,4744.0662,15.8017,15.5959,0.2058,17.4307,0.2447,0.2382,0.0065,NA,NA,NA
ExperienceX.exe,56308,0x216838E1150,DXGI,1,0,0,Composed: Flip,4777.2793,NA,17.61720000000000,33.41820000000000,0.65030000000000,1.68570000000000,32.2302,4759.8679,18.0617,17.4114,0.6503,17.6216,1.4755,1.4755,0.0000,15.1649,4759.8679,NA
ExperienceX.exe,56308,0x216838E1150,DXGI,1,0,0,Composed: Flip,4792.8860,NA,15.60670000000000,16.36140000000000,0.17500000000000,1.55840000000000,32.9849,4777.9296,15.1314,14.9564,0.1750,15.9918,0.5230,0.5112,0.0118,1.7003,4777.9296,NA
ExperienceX.exe,56308,0x0,Other,-1,0,0,Composed: Flip,4726.9223,NA,114.83960000000000,599.92669999999998,0.00000000000000,0.43330000000000,32.4122,4612.0827,114.8396,114.8396,0.0000,115.1888,0.0841,0.0841,0.0000,-82.3717,4612.0827,NA
ExperienceX.exe,56308,0x216838E1150,DXGI,1,0,0,Composed: Flip,4810.7274,NA,17.84140000000000,16.89400000000000,0.16810000000000,1.78580000000000,32.0375,4793.0610,17.8345,17.6664,0.1681,18.0144,1.4378,1.4378,0.0000,-1.7626,4793.0610,NA
ExperienceX.exe,56308,0x216838E1150,DXGI,1,0,0,Composed: Flip,4826.2310,NA,15.50360000000000,NA,0.19560000000000,0.49530000000000,NA,4810.8955,15.5311,15.3355,0.1956,2.0773,13.7535,3.9241,9.8294,NA,NA,NA
ExperienceX.exe,56308,0x216838E1150,DXGI,1,0,0,Composed: Flip,4844.7458,NA,18.51480000000000,33.07790000000000,0.34450000000000,1.07990000000000,31.0970,4826.4266,18.6637,18.3192,0.3445,17.8679,1.5312,1.5110,0.0202,0.2877,4826.4266,NA
ExperienceX.exe,56308,0x216838E1150,DXGI,1,0,0,Composed: Flip,4859.5059,NA,14.76010000000000,16.68320000000000,0.08090000000000,0.40000000000000,33.0201,4845.0903,14.4965,14.4156,0.0809,1.1785,13.6371,3.3718,10.2653,1.9805,4845.0903,NA
ExperienceX.exe,56308,0x216C829D570,DXGI,1,0,0,Composed: Flip,4759.6626,NA,15.78620000000000,66.63440000000000,0.20520000000000,1.83430000000000,32.9022,4743.9291,15.9387,15.7335,0.2052,17.3587,0.2091,0.2091,0.0000,-0.4709,4743.9291,NA
ExperienceX.exe,56308,0x216C829D570,DXGI,1,0,0,Composed: Flip,4778.1795,NA,18.51690000000000,NA,0.15500000000000,1.39730000000000,NA,4759.8678,18.4667,18.3117,0.1550,19.3085,0.4005,0.4005,0.0000,NA,NA,NA
ExperienceX.exe,56308,0x216C829D570,DXGI,1,0,0,Composed: Flip,4792.8834,NA,14.70390000000000,NA,0.17760000000000,1.03800000000000,NA,4778.3345,14.7265,14.5489,0.1776,1.2423,14.3446,3.2125,11.1321,NA,NA,NA
ExperienceX.exe,56308,0x216C829D570,DXGI,1,0,0,Composed: Flip,4810.7280,NA,17.84460000000000,NA,0.17020000000000,2.24480000000000,NA,4793.0610,17.8372,17.6670,0.1702,19.6663,0.2455,0.2455,0.0000,NA,NA,NA
ExperienceX.exe,56308,0x216C829D570,DXGI,1,0,0,Composed: Flip,4845.4180,NA,34.69000000000000,NA,0.15940000000000,0.85080000000000,NA,4810.8982,34.6792,34.5198,0.1594,35.1196,0.2510,0.2510,0.0000,NA,NA,NA
ExperienceX.exe,56308,0x216C829D570,DXGI,1,0,0,Composed: Flip,4859.5184,NA,14.10040000000000,NA,0.12600000000000,0.92140000000000,NA,4845.5774,14.0670,13.9410,0.1260,14.5819,0.2805,0.2683,0.0122,NA,NA,NA
ExperienceX.exe,56308,0x216C829D570,DXGI,1,0,0,Composed: Flip,4877.2025,NA,17.68410000000000,NA,0.11580000000000,1.51310000000000,NA,4859.6444,17.6739,17.5581,0.1158,18.5338,0.5374,0.5374,0.0000,NA,NA,NA
ExperienceX.exe,56308,0x216C7EA03E0,DXGI,1,0,0,Composed: Flip,4677.6488,NA,17.49230000000000,16.87490000000000,0.11640000000000,1.14070000000000,31.7495,4660.3459,17.4193,17.3029,0.1164,18.1812,0.2624,0.2624,0.0000,-1.4151,4660.3459,NA
ExperienceX.exe,56308,0x216C7EA03E0,DXGI,1,0,0,Composed: Flip,4692.7830,NA,15.13420000000000,NA,0.14780000000000,1.10680000000000,NA,4677.7652,15.1656,15.0178,0.1478,15.8987,0.2259,0.2259,0.0000,NA,NA,NA
ExperienceX.exe,56308,0x216C7EA03E0,DXGI,1,0,0,Composed: Flip,4710.9304,NA,18.14740000000000,NA,0.09400000000000,0.83840000000000,NA,4692.9308,18.0936,17.9996,0.0940,17.4930,1.3450,1.3450,0.0000,NA,NA,NA
ExperienceX.exe,56308,0x216C7EA03E0,DXGI,1,0,0,Composed: Flip,4726.2538,NA,15.32340000000000,NA,0.18380000000000,1.01770000000000,NA,4711.0244,15.4132,15.2294,0.1838,1.2907,14.9564,3.3743,11.5821,NA,NA,NA
ExperienceX.exe,56308,0x216C7EA03E0,DXGI,1,0,0,Composed: Flip,4743.7959,NA,17.54210000000000,NA,0.06950000000000,0.64110000000000,NA,4726.4376,17.4278,17.3583,0.0695,16.8859,1.1135,1.1135,0.0000,NA,NA,NA
ExperienceX.exe,56308,0x216C7EA03E0,DXGI,1,0,0,Composed: Flip,4759.6627,NA,15.86680000000000,NA,0.20500000000000,1.62510000000000,NA,4743.8654,16.0023,15.7973,0.2050,1.3992,16.0232,3.9949,12.0283,NA,NA,NA
ExperienceX.exe,56308,0x216C7EA03E0,DXGI,1,0,0,Composed: Flip,4778.3880,NA,18.72530000000000,NA,0.06480000000000,0.78830000000000,NA,4759.8677,18.5851,18.5203,0.0648,19.0973,0.2113,0.2113,0.0000,NA,NA,NA
ExperienceX.exe,56308,0x216C7EA03E0,DXGI,1,0,0,Composed: Flip,4792.8825,NA,14.49450000000000,NA,0.17940000000000,1.56600000000000,NA,4778.4528,14.6091,14.4297,0.1794,15.9927,0.0030,0.0030,0.0000,NA,NA,NA
ExperienceX.exe,56308,0x216C7EA03E0,DXGI,1,0,0,Composed: Flip,4810.7273,NA,17.84480000000000,NA,0.16920000000000,2.00000000000000,NA,4793.0619,17.8346,17.6654,0.1692,19.4513,0.2141,0.2141,0.0000,NA,NA,NA
ExperienceX.exe,56308,0x216C7EA03E0,DXGI,1,0,0,Composed: Flip,4826.2320,NA,15.50470000000000,NA,0.19430000000000,0.73260000000000,NA,4810.8965,15.5298,15.3355,0.1943,15.8298,0.2383,0.2383,0.0000,NA,NA,NA
ExperienceX.exe,56308,0x216C7EA03E0,DXGI,1,0,0,Composed: Flip,4845.2501,NA,19.01810000000000,NA,0.14740000000000,0.76770000000000,NA,4826.4263,18.9712,18.8238,0.1474,19.3994,0.1921,0.1921,0.0000,NA,NA,NA
ExperienceX.exe,56308,0x216C7EA03E0,DXGI,1,0,0,Composed: Flip,4859.4954,NA,14.24530000000000,NA,0.09150000000000,0.66390000000000,NA,4845.3975,14.1894,14.0979,0.0915,14.5084,0.2534,0.2534,0.0000,NA,NA,NA
ExperienceX.exe,56308,0x216C7EA03E0,DXGI,1,0,0,Composed: Flip,4876.9915,NA,17.49610000000000,NA,0.08830000000000,1.18670000000000,NA,4859.5869,17.4929,17.4046,0.0883,18.3503,0.2410,0.2410,0.0000,NA,NA,NA
ExperienceX.exe,56308,0x216C7EA03E0,DXGI,1,0,0,Composed: Flip,4910.7435,NA,33.75200000000000,233.13030000000001,0.08840000000000,0.71310000000000,31.7851,4877.0798,33.7521,33.6637,0.0884,33.0143,1.3625,1.3625,0.0000,-16.3964,4877.0798,NA
ExperienceX.exe,56308,0x216838E1150,DXGI,1,0,0,Composed: Flip,4877.0615,NA,17.55560000000000,16.72200000000000,0.07560000000000,0.87570000000000,32.1865,4859.5868,17.5503,17.4747,0.0756,16.9936,1.3568,1.3568,0.0000,-2.2255,4859.5868,NA
ExperienceX.exe,56308,0x216838E1150,DXGI,1,0,0,Composed: Flip,4892.8045,NA,15.74300000000000,NA,0.14980000000000,1.13190000000000,NA,4877.1371,15.8172,15.6674,0.1498,16.5801,0.2192,0.2192,0.0000,NA,NA,NA
ExperienceX.exe,56308,0x216838E1150,DXGI,1,0,0,Composed: Flip,4910.6759,NA,17.87140000000000,NA,0.16410000000000,1.00950000000000,NA,4892.9543,17.8857,17.7216,0.1641,18.5023,0.2288,0.2288,0.0000,NA,NA,NA
ExperienceX.exe,56308,0x216838E1150,DXGI,1,0,0,Composed: Flip,4926.1470,NA,15.47110000000000,NA,0.13600000000000,1.37540000000000,NA,4910.8400,15.4430,15.3070,0.1360,16.4511,0.2313,0.2264,0.0049,NA,NA,NA
ExperienceX.exe,56308,0x216C7EA03E0,DXGI,1,0,0,Composed: Flip,4926.1469,NA,15.40340000000000,16.68860000000000,0.13600000000000,0.92180000000000,33.0703,4910.8319,15.4510,15.3150,0.1360,1.0998,15.1370,3.2556,11.8814,17.0635,4910.8319,NA
ExperienceX.exe,56308,0x216C7EA03E0,DXGI,1,0,0,Composed: Flip,4944.1876,NA,18.04070000000000,NA,0.07410000000000,0.65720000000000,NA,4926.2829,17.9788,17.9047,0.0741,18.1766,0.3853,0.3853,0.0000,NA,NA,NA
ExperienceX.exe,56308,0x216838E1150,DXGI,1,0,0,Composed: Flip,4943.5716,NA,17.42460000000000,66.87560000000001,0.32470000000000,0.88790000000000,32.5520,4926.2830,17.6133,17.2886,0.3247,17.0518,1.1247,1.1247,0.0000,-0.1794,4926.2830,NA
ExperienceX.exe,56308,0x216838E1150,DXGI,1,0,0,Composed: Flip,4959.5227,NA,15.95110000000000,NA,0.15820000000000,1.34040000000000,NA,4943.8963,15.7846,15.6264,0.1582,16.5841,0.3827,0.3367,0.0460,NA,NA,NA
ExperienceX.exe,56308,0x216C829D570,DXGI,1,0,0,Composed: Flip,4892.8046,NA,15.60210000000000,133.31220000000002,0.14730000000000,0.91260000000000,33.0724,4877.3183,15.6336,15.4863,0.1473,1.3973,15.0016,3.3472,11.6544,0.0770,4877.3183,NA
ExperienceX.exe,56308,0x216C829D570,DXGI,1,0,0,Composed: Flip,4910.5450,NA,17.74040000000000,NA,0.09830000000000,1.38670000000000,NA,4892.9519,17.6914,17.5931,0.0983,18.7335,0.2463,0.2463,0.0000,NA,NA,NA
ExperienceX.exe,56308,0x216C829D570,DXGI,1,0,0,Composed: Flip,4926.1472,NA,15.60220000000000,NA,0.13600000000000,1.14390000000000,NA,4910.6433,15.6399,15.5039,0.1360,16.4254,0.2224,0.2224,0.0000,NA,NA,NA
ExperienceX.exe,56308,0x216C829D570,DXGI,1,0,0,Composed: Flip,4944.2843,NA,18.13710000000000,NA,0.36560000000000,1.06020000000000,NA,4926.2832,18.3667,18.0011,0.3656,18.5616,0.4997,0.4997,0.0000,NA,NA,NA
ExperienceX.exe,56308,0x216C829D570,DXGI,1,0,0,Composed: Flip,4959.5027,NA,15.21840000000000,NA,0.17810000000000,0.97770000000000,NA,4944.6499,15.0309,14.8528,0.1781,0.6946,15.1359,3.4208,11.7151,NA,NA,NA
ExperienceX.exe,56308,0x216C829D570,DXGI,1,0,0,Composed: Flip,4979.1769,NA,19.67420000000000,NA,0.08250000000000,0.59850000000000,NA,4959.6808,19.5786,19.4961,0.0825,19.8674,0.2272,0.2272,0.0000,NA,NA,NA
ExperienceX.exe,56308,0x216838E1150,DXGI,1,0,0,Composed: Flip,4977.0322,NA,17.50950000000000,33.10580000000000,0.14200000000000,2.51170000000000,32.1972,4959.6809,17.4933,17.3513,0.1420,18.1926,1.6704,1.6704,0.0000,0.2921,4959.6809,NA
ExperienceX.exe,56308,0x216838E1150,DXGI,1,0,0,Composed: Flip,4993.3391,NA,16.30690000000000,NA,0.13390000000000,1.19560000000000,NA,4977.1742,16.2988,16.1649,0.1339,17.1087,0.2518,0.2518,0.0000,NA,NA,NA
ExperienceX.exe,56308,0x216838E1150,DXGI,1,0,0,Composed: Flip,5009.7931,NA,16.45400000000000,33.26900000000000,0.09490000000000,2.49940000000000,32.7053,4993.4730,16.4150,16.3201,0.0949,16.6165,2.2030,1.7142,0.4888,0.5231,4993.4730,NA
ExperienceX.exe,56308,0x0,Other,-1,0,0,Composed: Flip,4826.7664,NA,99.84410000000001,99.89190000000001,0.00000000000000,0.48460000000000,32.4600,4726.9223,99.8441,99.8441,0.0000,100.0423,0.2864,0.2797,0.0067,14.9477,4726.9223,NA
ExperienceX.exe,56308,0x0,Other,-1,0,0,Composed: Flip,4893.3052,NA,66.53880000000001,NA,0.00000000000000,0.87230000000000,NA,4826.7664,66.5388,66.5388,0.0000,67.1700,0.2411,0.2339,0.0072,NA,NA,NA
ExperienceX.exe,56308,0x0,Other,-1,0,0,Composed: Flip,5027.3172,NA,134.01200000000000,NA,0.00000000000000,0.22430000000000,NA,4893.3052,134.0120,134.0120,0.0000,134.2286,0.0077,0.0077,0.0000,NA,NA,NA
ExperienceX.exe,56308,0x216C829D570,DXGI,1,0,0,Composed: Flip,4993.3401,NA,14.16320000000000,100.30350000000000,0.13290000000000,0.94280000000000,32.8404,4979.2594,14.2136,14.0807,0.1329,0.5160,14.5075,3.7096,10.7979,1.6376,4979.2594,NA
ExperienceX.exe,56308,0x216C829D570,DXGI,1,0,0,Composed: Flip,5012.1671,NA,18.82700000000000,NA,0.35030000000000,1.06060000000000,NA,4993.4730,19.0444,18.6941,0.3503,18.8268,0.9279,0.9279,0.0000,NA,NA,NA
ExperienceX.exe,56308,0x216C829D570,DXGI,1,0,0,Composed: Flip,5026.5846,NA,14.41750000000000,NA,0.09300000000000,1.10470000000000,NA,5012.5174,14.1602,14.0672,0.0930,15.0241,0.1478,0.1387,0.0091,NA,NA,NA
ExperienceX.exe,56308,0x216C829D570,DXGI,1,0,0,Composed: Flip,5043.0505,NA,16.46590000000000,NA,0.49330000000000,1.77710000000000,NA,5026.6776,16.8662,16.3729,0.4933,17.9358,0.2142,0.2142,0.0000,NA,NA,NA
ExperienceX.exe,56308,0x216838E1150,DXGI,1,0,0,Composed: Flip,5026.6286,NA,16.83550000000000,16.67010000000000,0.21110000000000,0.90520000000000,32.5399,5009.8880,16.9517,16.7406,0.2111,3.3397,14.3061,3.1504,11.1557,-0.2551,5009.8880,NA
ExperienceX.exe,56308,0x216838E1150,DXGI,1,0,0,Composed: Flip,5043.0500,NA,16.42140000000000,NA,0.62410000000000,2.04020000000000,NA,5026.8397,16.8344,16.2103,0.6241,17.9879,0.2626,0.2626,0.0000,NA,NA,NA
ExperienceX.exe,56308,0x216C829D570,DXGI,1,0,0,Composed: Flip,5059.4494,NA,16.39890000000000,66.31000000000000,0.12110000000000,0.58840000000000,33.0411,5043.5438,16.0267,15.9056,0.1211,1.5464,14.9476,3.3183,11.6293,-2.0256,5043.5438,NA
ExperienceX.exe,56308,0x216C829D570,DXGI,1,0,0,Composed: Flip,5076.4513,NA,17.00190000000000,NA,0.68490000000000,2.66240000000000,NA,5059.5705,17.5657,16.8808,0.6849,17.0865,2.4567,1.6913,0.7654,NA,NA,NA
ExperienceX.exe,56308,0x216838E1150,DXGI,1,0,0,Composed: Flip,5077.1062,NA,34.05620000000000,50.05630000000000,0.06280000000000,2.51900000000000,32.1186,5043.6741,33.4949,33.4321,0.0628,35.6765,0.2746,0.2746,0.0000,-16.2702,5043.6741,NA
ExperienceX.exe,56308,0x216838E1150,DXGI,1,0,0,Composed: Flip,5092.7077,NA,15.60150000000000,NA,0.09410000000000,0.46530000000000,NA,5077.1690,15.6328,15.5387,0.0941,2.4562,13.5478,2.8739,10.6739,NA,NA,NA
ExperienceX.exe,56308,0x216C829D570,DXGI,1,0,0,Composed: Flip,5092.7079,NA,16.25660000000000,33.39150000000000,0.09550000000000,1.08660000000000,33.1741,5077.1362,15.6672,15.5717,0.0955,16.6538,0.0045,0.0045,0.0000,0.2009,5077.1362,NA
ExperienceX.exe,56308,0x216C829D570,DXGI,1,0,0,Composed: Flip,5111.0187,NA,18.31080000000000,NA,0.13190000000000,1.02970000000000,NA,5092.8034,18.3472,18.2153,0.1319,18.9829,0.2621,0.2621,0.0000,NA,NA,NA
ExperienceX.exe,56308,0x216838E1150,DXGI,1,0,0,Composed: Flip,5110.1287,NA,17.42100000000000,33.29170000000000,0.14730000000000,1.65760000000000,32.3878,5092.8018,17.4742,17.3269,0.1473,17.5712,1.4133,1.4133,0.0000,15.8360,5092.8018,NA
ExperienceX.exe,56308,0x216838E1150,DXGI,1,0,0,Composed: Flip,5126.3004,NA,16.17170000000000,NA,0.43800000000000,1.64550000000000,NA,5110.2760,16.4624,16.0244,0.4380,17.4284,0.2415,0.2347,0.0068,NA,NA,NA
ExperienceX.exe,56308,0x216C7EA03E0,DXGI,1,0,0,Composed: Flip,4959.5137,NA,15.32610000000000,33.50920000000000,0.16710000000000,1.58030000000000,33.2127,4944.2617,15.4191,15.2520,0.1671,16.6014,0.2309,0.2242,0.0067,-0.0794,4944.2617,NA
ExperienceX.exe,56308,0x216C7EA03E0,DXGI,1,0,0,Composed: Flip,4978.6637,NA,19.15000000000000,NA,0.14710000000000,0.88450000000000,NA,4959.6808,19.1300,18.9829,0.1471,19.8631,0.0043,0.0043,0.0000,NA,NA,NA
ExperienceX.exe,56308,0x216C7EA03E0,DXGI,1,0,0,Composed: Flip,4993.4176,NA,14.75390000000000,NA,0.31190000000000,1.35700000000000,NA,4978.8108,14.9187,14.6068,0.3119,15.7239,0.2399,0.2322,0.0077,NA,NA,NA
ExperienceX.exe,56308,0x216C7EA03E0,DXGI,1,0,0,Composed: Flip,5010.4858,NA,17.06820000000000,NA,0.07500000000000,1.81400000000000,NA,4993.7295,16.8313,16.7563,0.0750,18.5630,0.0073,0.0073,0.0000,NA,NA,NA
ExperienceX.exe,56308,0x216C7EA03E0,DXGI,1,0,0,Composed: Flip,5059.4503,NA,48.96450000000000,NA,0.11920000000000,0.84000000000000,NA,5010.5608,49.0087,48.8895,0.1192,49.4770,0.2525,0.2525,0.0000,NA,NA,NA
ExperienceX.exe,56308,0x216C7EA03E0,DXGI,1,0,0,Composed: Flip,5076.9197,NA,17.46940000000000,NA,0.12820000000000,2.43090000000000,NA,5059.5695,17.4784,17.3502,0.1282,19.5442,0.2369,0.2369,0.0000,NA,NA,NA
ExperienceX.exe,56308,0x216C7EA03E0,DXGI,1,0,0,Composed: Flip,5092.7288,NA,15.80910000000000,NA,0.14610000000000,1.04830000000000,NA,5077.0479,15.8270,15.6809,0.1461,16.1251,0.6041,0.5145,0.0896,NA,NA,NA
ExperienceX.exe,56308,0x216C7EA03E0,DXGI,1,0,0,Composed: Flip,5110.9641,NA,18.23530000000000,NA,0.06860000000000,1.33410000000000,NA,5092.8749,18.1578,18.0892,0.0686,19.1735,0.2498,0.2498,0.0000,NA,NA,NA
ExperienceX.exe,56308,0x216C7EA03E0,DXGI,1,0,0,Composed: Flip,5126.2991,NA,15.33500000000000,NA,1.22240000000000,1.16180000000000,NA,5111.0327,16.4888,15.2664,1.2224,1.2655,15.1627,3.4630,11.6997,NA,NA,NA
ExperienceX.exe,56308,0x216C7EA03E0,DXGI,1,0,0,Composed: Flip,5144.0052,NA,17.70610000000000,NA,0.11100000000000,0.82880000000000,NA,5127.5215,16.5947,16.4837,0.1110,17.0811,0.2314,0.2314,0.0000,NA,NA,NA
ExperienceX.exe,56308,0x216838E1150,DXGI,1,0,0,Composed: Flip,5143.8616,NA,17.56120000000000,33.31620000000000,0.13900000000000,0.74100000000000,31.9711,5126.7384,17.2622,17.1232,0.1390,16.6920,1.1722,1.1722,0.0000,0.6204,5126.7384,NA
ExperienceX.exe,56308,0x216838E1150,DXGI,1,0,0,Composed: Flip,5159.5090,NA,15.64740000000000,NA,0.16080000000000,1.46530000000000,NA,5144.0006,15.6692,15.5084,0.1608,16.7368,0.2369,0.2283,0.0086,NA,NA,NA
ExperienceX.exe,56308,0x216838E1150,DXGI,1,0,0,Composed: Flip,5177.0704,NA,17.56140000000000,33.39200000000000,0.35300000000000,1.03520000000000,32.1543,5159.6698,17.7536,17.4006,0.3530,17.0197,1.4161,1.4161,0.0000,-0.4606,5159.6698,NA
ExperienceX.exe,56308,0x216838E1150,DXGI,1,0,0,Composed: Flip,5192.7517,NA,15.68130000000000,16.71750000000000,0.15190000000000,1.03940000000000,33.1905,5177.4234,15.4802,15.3283,0.1519,15.8022,0.5655,0.5655,0.0000,1.0361,5177.4234,NA
ExperienceX.exe,56308,0x216C7EA03E0,DXGI,1,0,0,Composed: Flip,5159.5137,NA,15.50850000000000,199.76600000000002,0.15640000000000,0.95870000000000,32.9787,5144.1162,15.5539,15.3975,0.1564,1.2263,15.1299,3.2038,11.9261,0.0885,5144.1162,NA
ExperienceX.exe,56308,0x216C7EA03E0,DXGI,1,0,0,Composed: Flip,5177.2443,NA,17.73060000000000,NA,0.40330000000000,1.09100000000000,NA,5159.6701,17.9775,17.5742,0.4033,18.4355,0.2297,0.2297,0.0000,NA,NA,NA
ExperienceX.exe,56308,0x216C7EA03E0,DXGI,1,0,0,Composed: Flip,5192.7301,NA,15.48580000000000,NA,0.17350000000000,1.30320000000000,NA,5177.6476,15.2560,15.0825,0.1735,16.1435,0.2422,0.2356,0.0066,NA,NA,NA
ExperienceX.exe,56308,0x216C7EA03E0,DXGI,1,0,0,Composed: Flip,5210.5741,NA,17.84400000000000,NA,0.07120000000000,1.06850000000000,NA,5192.9036,17.7417,17.6705,0.0712,17.2564,1.4826,1.4826,0.0000,NA,NA,NA
ExperienceX.exe,56308,0x216838E1150,DXGI,1,0,0,Composed: Flip,5212.0715,NA,19.31980000000000,16.86310000000000,0.15920000000000,0.62850000000000,30.7338,5192.9036,19.3271,19.1679,0.1592,18.7441,1.0523,1.0523,0.0000,-1.3829,5192.9036,NA
ExperienceX.exe,56308,0x216C7EA03E0,DXGI,1,0,0,Composed: Flip,5226.4451,NA,15.87100000000000,66.78190000000001,0.38240000000000,1.51240000000000,32.8292,5210.6453,16.1822,15.7998,0.3824,2.0547,15.2575,3.0059,12.2516,-0.2528,5210.6453,NA
ExperienceX.exe,56308,0x216C7EA03E0,DXGI,1,0,0,Composed: Flip,5244.5171,NA,18.07200000000000,NA,0.22040000000000,0.83400000000000,NA,5226.8275,17.9100,17.6896,0.2204,16.9452,1.5784,1.5784,0.0000,NA,NA,NA
ExperienceX.exe,56308,0x216C7EA03E0,DXGI,1,0,0,Composed: Flip,5259.6174,NA,15.10030000000000,33.22280000000000,0.18360000000000,0.83070000000000,32.8797,5244.7375,15.0635,14.8799,0.1836,1.0956,14.6150,3.3557,11.2593,0.8694,5244.7375,NA
ExperienceX.exe,56308,0x216838E1150,DXGI,1,0,0,Composed: Flip,5244.9530,NA,32.88150000000000,33.00300000000000,0.25140000000000,0.88010000000000,30.8553,5212.2307,32.9737,32.7223,0.2514,33.3618,0.2406,0.2406,0.0000,-13.6759,5212.2307,NA
ExperienceX.exe,56308,0x216838E1150,DXGI,1,0,0,Composed: Flip,5259.6908,NA,14.73780000000000,NA,0.21610000000000,1.26200000000000,NA,5245.2044,14.7025,14.4864,0.2161,15.5208,0.2276,0.2207,0.0069,NA,NA,NA
ExperienceX.exe,56308,0x216838E1150,DXGI,1,0,0,Composed: Flip,5276.2388,NA,16.54800000000000,NA,0.10650000000000,1.73940000000000,NA,5259.9069,16.4384,16.3319,0.1065,16.4366,1.6347,1.4456,0.1891,NA,NA,NA
ExperienceX.exe,56308,0x216C7EA03E0,DXGI,1,0,0,Composed: Flip,5276.2382,NA,16.62080000000000,16.68140000000000,0.35530000000000,2.84210000000000,32.9403,5259.8010,16.7925,16.4372,0.3553,18.4507,0.8286,0.8286,0.0000,-1.6179,5259.8010,NA
ExperienceX.exe,56308,0x216C7EA03E0,DXGI,1,0,0,Composed: Flip,5292.7592,NA,16.52100000000000,NA,0.12060000000000,1.12360000000000,NA,5276.5935,16.2863,16.1657,0.1206,17.0321,0.2572,0.2518,0.0054,NA,NA,NA
ExperienceX.exe,56308,0x216C7EA03E0,DXGI,1,0,0,Composed: Flip,5309.7517,NA,16.99250000000000,33.41700000000000,0.43200000000000,1.33570000000000,32.8438,5292.8798,17.3039,16.8719,0.4320,16.9678,1.2398,1.2398,0.0000,-0.3382,5292.8798,NA
ExperienceX.exe,56308,0x216C829D570,DXGI,1,0,0,Composed: Flip,5126.3000,NA,15.28130000000000,33.29720000000000,0.44120000000000,1.40440000000000,32.8792,5111.1506,15.5906,15.1494,0.4412,16.3103,0.2435,0.2435,0.0000,0.7172,5111.1506,NA
ExperienceX.exe,56308,0x216C829D570,DXGI,1,0,0,Composed: Flip,5144.0466,NA,17.74660000000000,NA,0.06410000000000,1.29590000000000,NA,5126.7412,17.3695,17.3054,0.0641,18.0928,0.5085,0.5085,0.0000,NA,NA,NA
ExperienceX.exe,56308,0x216C829D570,DXGI,1,0,0,Composed: Flip,5159.5277,NA,15.48110000000000,NA,0.14240000000000,1.20970000000000,NA,5144.1107,15.5594,15.4170,0.1424,16.3617,0.2650,0.2650,0.0000,NA,NA,NA
ExperienceX.exe,56308,0x216C829D570,DXGI,1,0,0,Composed: Flip,5176.9865,NA,17.45880000000000,NA,0.41460000000000,1.62680000000000,NA,5159.6701,17.7310,17.3164,0.4146,18.6652,0.2780,0.2780,0.0000,NA,NA,NA
ExperienceX.exe,56308,0x216C829D570,DXGI,1,0,0,Composed: Flip,5192.7176,NA,15.73110000000000,NA,0.13410000000000,0.50800000000000,NA,5177.4011,15.4506,15.3165,0.1341,1.2122,14.6123,2.9042,11.7081,NA,NA,NA
ExperienceX.exe,56308,0x216C829D570,DXGI,1,0,0,Composed: Flip,5210.8713,NA,18.15370000000000,NA,0.06710000000000,0.77640000000000,NA,5192.8517,18.0867,18.0196,0.0671,18.7909,0.0051,0.0051,0.0000,NA,NA,NA
ExperienceX.exe,56308,0x216C829D570,DXGI,1,0,0,Composed: Flip,5226.4450,NA,15.57370000000000,NA,0.46890000000000,1.76180000000000,NA,5210.9384,15.9755,15.5066,0.4689,17.0191,0.2493,0.2493,0.0000,NA,NA,NA
ExperienceX.exe,56308,0x216C829D570,DXGI,1,0,0,Composed: Flip,5244.5936,NA,18.14860000000000,NA,0.14380000000000,0.99890000000000,NA,5226.9139,17.8235,17.6797,0.1438,18.4372,0.2414,0.2414,0.0000,NA,NA,NA
ExperienceX.exe,56308,0x216C829D570,DXGI,1,0,0,Composed: Flip,5259.6171,NA,15.02350000000000,NA,0.18380000000000,1.10810000000000,NA,5244.7374,15.0635,14.8797,0.1838,15.7107,0.2771,0.2771,0.0000,NA,NA,NA
ExperienceX.exe,56308,0x216C829D570,DXGI,1,0,0,Composed: Flip,5276.2394,NA,16.62230000000000,NA,0.10680000000000,2.01230000000000,NA,5259.8009,16.5453,16.4385,0.1068,18.1773,0.2735,0.2735,0.0000,NA,NA,NA
ExperienceX.exe,56308,0x216C829D570,DXGI,1,0,0,Composed: Flip,5292.7604,NA,16.52100000000000,NA,0.12430000000000,0.86520000000000,NA,5276.3462,16.5385,16.4142,0.1243,17.0151,0.2643,0.2643,0.0000,NA,NA,NA
ExperienceX.exe,56308,0x216C829D570,DXGI,1,0,0,Composed: Flip,5310.1528,NA,17.39240000000000,NA,0.25620000000000,1.69510000000000,NA,5292.8847,17.5243,17.2681,0.2562,18.4553,0.5079,0.5079,0.0000,NA,NA,NA
ExperienceX.exe,56308,0x216C829D570,DXGI,1,0,0,Composed: Flip,5326.3052,NA,16.15240000000000,NA,0.28090000000000,2.67170000000000,NA,5310.4090,16.1771,15.8962,0.2809,18.3273,0.2406,0.2346,0.0060,NA,NA,NA
ExperienceX.exe,56308,0x216838E1150,DXGI,1,0,0,Composed: Flip,5292.7603,NA,16.52150000000000,50.09810000000000,0.12450000000000,0.60100000000000,33.1461,5276.3453,16.5395,16.4150,0.1245,2.7350,14.2810,2.5885,11.6925,14.0165,5276.3453,NA
ExperienceX.exe,56308,0x216838E1150,DXGI,1,0,0,Composed: Flip,5310.0686,NA,17.30830000000000,NA,0.09930000000000,1.27140000000000,NA,5292.8848,17.2831,17.1838,0.0993,18.2026,0.2526,0.2526,0.0000,NA,NA,NA
ExperienceX.exe,56308,0x216838E1150,DXGI,1,0,0,Composed: Flip,5326.3050,NA,16.23640000000000,NA,0.22350000000000,2.20060000000000,NA,5310.1679,16.3606,16.1371,0.2235,1.6800,16.6577,3.4622,13.1955,NA,NA,NA
ExperienceX.exe,56308,0x216838E1150,DXGI,1,0,0,Composed: Flip,5343.2264,NA,16.92140000000000,NA,1.12500000000000,2.19460000000000,NA,5326.5285,17.8229,16.6979,1.1250,18.6653,0.2272,0.2272,0.0000,NA,NA,NA
ExperienceX.exe,56308,0x216C829D570,DXGI,1,0,0,Composed: Flip,5343.2468,NA,16.94160000000000,216.69460000000001,0.15590000000000,1.94700000000000,32.6270,5326.5861,16.8166,16.6607,0.1559,16.9453,1.6624,1.4813,0.1811,-1.2591,5326.5861,NA
ExperienceX.exe,56308,0x216C829D570,DXGI,1,0,0,Composed: Flip,5359.4872,NA,16.24040000000000,NA,0.11570000000000,1.37230000000000,NA,5343.4027,16.2002,16.0845,0.1157,17.2217,0.2351,0.2300,0.0051,NA,NA,NA
ExperienceX.exe,56308,0x216838E1150,DXGI,1,0,0,Composed: Flip,5359.4843,NA,16.25790000000000,66.86540000000001,0.11840000000000,1.14010000000000,33.2875,5344.3514,15.2513,15.1329,0.1184,16.0145,0.2585,0.2585,0.0000,1.1407,5344.3514,NA
ExperienceX.exe,56308,0x216838E1150,DXGI,1,0,0,Composed: Flip,5376.9379,NA,17.45360000000000,NA,0.34230000000000,1.82010000000000,NA,5359.6027,17.6775,17.3352,0.3423,18.8749,0.2804,0.2804,0.0000,NA,NA,NA
ExperienceX.exe,56308,0x216C7EA03E0,DXGI,1,0,0,Composed: Flip,5326.3045,NA,16.55280000000000,16.60170000000000,0.22470000000000,2.43180000000000,32.8927,5310.1837,16.3455,16.1208,0.2247,18.3219,0.2307,0.2307,0.0000,0.7022,5310.1837,NA
ExperienceX.exe,56308,0x216C7EA03E0,DXGI,1,0,0,Composed: Flip,5343.2415,NA,16.93700000000000,NA,0.16170000000000,2.73300000000000,NA,5326.5292,16.8740,16.7123,0.1617,18.8918,0.5535,0.5535,0.0000,NA,NA,NA
ExperienceX.exe,56308,0x216C7EA03E0,DXGI,1,0,0,Composed: Flip,5359.5455,NA,16.30400000000000,NA,0.32920000000000,0.82040000000000,NA,5343.4032,16.4715,16.1423,0.3292,2.5713,14.3914,3.3983,10.9931,NA,NA,NA
ExperienceX.exe,56308,0x216C7EA03E0,DXGI,1,0,0,Composed: Flip,5376.8967,NA,17.35120000000000,NA,0.07000000000000,1.58090000000000,NA,5359.8747,17.0920,17.0220,0.0700,18.3491,0.2538,0.2538,0.0000,NA,NA,NA
ExperienceX.exe,56308,0x216C7EA03E0,DXGI,1,0,0,Composed: Flip,5393.2135,NA,16.31680000000000,NA,0.26060000000000,0.72140000000000,NA,5376.9667,16.5074,16.2468,0.2606,1.7913,15.1769,3.1902,11.9867,NA,NA,NA
ExperienceX.exe,56308,0x216C829D570,DXGI,1,0,0,Composed: Flip,5377.0810,NA,17.59380000000000,33.58810000000000,0.15450000000000,1.14280000000000,32.3809,5359.6029,17.6326,17.4781,0.1545,16.9692,1.6517,1.4800,0.1717,-0.5713,5359.6029,NA
ExperienceX.exe,56308,0x216C829D570,DXGI,1,0,0,Composed: Flip,5393.2137,NA,16.13270000000000,NA,0.26430000000000,1.32700000000000,NA,5377.2355,16.2425,15.9782,0.2643,16.6994,0.6058,0.6058,0.0000,NA,NA,NA
ExperienceX.exe,56308,0x216C829D570,DXGI,1,0,0,Composed: Flip,5411.6077,NA,18.39400000000000,NA,0.38230000000000,1.31990000000000,NA,5393.4780,18.5120,18.1297,0.3823,19.1103,0.3393,0.3393,0.0000,NA,NA,NA
ExperienceX.exe,56308,0x216838E1150,DXGI,1,0,0,Composed: Flip,5393.2340,NA,16.29610000000000,33.08690000000000,0.23870000000000,1.32010000000000,32.6247,5377.2802,16.1925,15.9538,0.2387,17.2605,0.0134,0.0134,0.0000,-0.1581,5377.2802,NA
ExperienceX.exe,56308,0x216838E1150,DXGI,1,0,0,Composed: Flip,5411.5415,NA,18.30750000000000,NA,0.14850000000000,1.04680000000000,NA,5393.4727,18.2173,18.0688,0.1485,18.8545,0.2611,0.2611,0.0000,NA,NA,NA
ExperienceX.exe,56308,0x216838E1150,DXGI,1,0,0,Composed: Flip,5426.1668,NA,14.62530000000000,NA,0.07420000000000,0.92740000000000,NA,5411.6900,14.5510,14.4768,0.0742,15.1581,0.2461,0.2461,0.0000,NA,NA,NA
ExperienceX.exe,56308,0x216C829D570,DXGI,1,0,0,Composed: Flip,5426.1871,NA,14.57940000000000,49.78870000000001,0.16030000000000,1.20300000000000,33.0635,5411.9900,14.3574,14.1971,0.1603,15.1042,0.2959,0.2884,0.0075,2.5984,5411.9900,NA
ExperienceX.exe,56308,0x216C829D570,DXGI,1,0,0,Composed: Flip,5443.9092,NA,17.72210000000000,NA,0.05250000000000,1.29530000000000,NA,5426.3474,17.6143,17.5618,0.0525,16.9432,1.9139,1.8302,0.0837,NA,NA,NA
ExperienceX.exe,56308,0x216838E1150,DXGI,1,0,0,Composed: Flip,5443.8029,NA,17.63610000000000,50.07160000000000,0.06030000000000,1.91350000000000,32.1274,5426.2410,17.6222,17.5619,0.0603,19.2115,0.2639,0.2639,0.0000,-1.1108,5426.2410,NA
ExperienceX.exe,56308,0x216838E1150,DXGI,1,0,0,Composed: Flip,5459.5610,NA,15.75810000000000,NA,0.16350000000000,1.08750000000000,NA,5443.8632,15.8613,15.6978,0.1635,1.8532,14.9321,3.7067,11.2254,NA,NA,NA
ExperienceX.exe,56308,0x0,Other,-1,0,0,Composed: Flip,5043.8074,NA,16.49020000000000,216.60080000000002,0.00000000000000,0.80600000000000,32.0198,5027.3172,16.4902,16.4902,0.0000,15.9261,1.3701,1.3701,0.0000,83.7941,5027.3172,NA
ExperienceX.exe,56308,0x0,Other,-1,0,0,Composed: Flip,5059.8254,NA,16.01800000000000,NA,0.00000000000000,0.73120000000000,NA,5043.8074,16.0180,16.0180,0.0000,16.4829,0.2663,0.2611,0.0052,NA,NA,NA
ExperienceX.exe,56308,0x0,Other,-1,0,0,Composed: Flip,5227.9866,NA,168.16120000000001,NA,0.00000000000000,0.46040000000000,NA,5059.8254,168.1612,168.1612,0.0000,168.3814,0.2402,0.2338,0.0064,NA,NA,NA
ExperienceX.exe,56308,0x0,Other,-1,0,0,Composed: Flip,5426.7209,NA,198.73430000000002,NA,0.00000000000000,0.12720000000000,NA,5227.9866,198.7343,198.7343,0.0000,184.9410,13.9205,2.9002,11.0203,NA,NA,NA
ExperienceX.exe,56308,0x216C7EA03E0,DXGI,1,0,0,Composed: Flip,5411.5792,NA,18.36570000000000,83.36650000000000,0.25060000000000,0.74800000000000,30.9845,5393.4741,18.3557,18.1051,0.2506,1.0800,17.7731,1.7264,16.0467,-0.0761,5393.4741,NA
ExperienceX.exe,56308,0x216C7EA03E0,DXGI,1,0,0,Composed: Flip,5443.8927,NA,32.31350000000000,NA,0.13550000000000,1.55980000000000,NA,5411.8298,32.1984,32.0629,0.1355,33.3747,0.2480,0.2480,0.0000,NA,NA,NA
ExperienceX.exe,56308,0x216C7EA03E0,DXGI,1,0,0,Composed: Flip,5459.5619,NA,15.66920000000000,NA,0.16280000000000,1.58730000000000,NA,5444.0282,15.6965,15.5337,0.1628,16.8559,0.2651,0.2569,0.0082,NA,NA,NA
ExperienceX.exe,56308,0x216C7EA03E0,DXGI,1,0,0,Composed: Flip,5476.7243,NA,17.16240000000000,NA,0.08850000000000,1.49530000000000,NA,5459.7247,17.0881,16.9996,0.0885,17.2546,1.2403,1.2403,0.0000,NA,NA,NA
ExperienceX.exe,56308,0x0,Other,-1,0,0,Composed: Flip,5493.3565,NA,66.63560000000000,450.01800000000003,0.00000000000000,0.64920000000000,32.4887,5426.7209,66.6356,66.6356,0.0000,67.0861,0.1987,0.1987,0.0000,-50.6143,5426.7209,NA
ExperienceX.exe,56308,0x216C7EA03E0,DXGI,1,0,0,Composed: Flip,5509.9151,NA,33.19080000000000,99.97720000000001,0.35620000000000,1.79660000000000,32.6258,5476.8128,33.4585,33.1023,0.3562,34.6224,0.2765,0.2765,0.0000,-16.6385,5476.8128,NA
ExperienceX.exe,56308,0x216C7EA03E0,DXGI,1,0,0,Composed: Flip,5526.0774,NA,16.16230000000000,NA,0.14750000000000,0.94990000000000,NA,5510.2713,15.9536,15.8061,0.1475,1.4404,15.3156,3.1768,12.1388,NA,NA,NA
ExperienceX.exe,56308,0x0,Other,-1,0,0,Composed: Flip,5526.6250,NA,33.26850000000000,33.39600000000000,0.00000000000000,0.61480000000000,32.6162,5493.3565,33.2685,33.2685,0.0000,33.6708,0.2125,0.2125,0.0000,33.2396,5493.3565,NA
ExperienceX.exe,56308,0x0,Other,-1,0,0,Composed: Flip,5560.0933,NA,33.46830000000000,NA,0.00000000000000,0.42060000000000,NA,5526.6250,33.4683,33.4683,0.0000,33.6394,0.2495,0.2495,0.0000,NA,NA,NA
ExperienceX.exe,56308,0x216C829D570,DXGI,1,0,0,Composed: Flip,5459.5614,NA,15.65220000000000,33.27510000000000,0.17720000000000,1.32270000000000,32.9643,5443.9617,15.7769,15.5997,0.1772,16.6868,0.2356,0.2356,0.0000,-1.3034,5443.9617,NA
ExperienceX.exe,56308,0x216C829D570,DXGI,1,0,0,Composed: Flip,5477.2097,NA,17.64830000000000,NA,0.37200000000000,1.70870000000000,NA,5459.7386,17.8431,17.4711,0.3720,18.4810,0.6988,0.6988,0.0000,NA,NA,NA
ExperienceX.exe,56308,0x216C829D570,DXGI,1,0,0,Composed: Flip,5492.8061,NA,15.59640000000000,NA,0.13550000000000,1.00090000000000,NA,5477.5817,15.3599,15.2244,0.1355,1.5964,14.6289,2.9730,11.6559,NA,NA,NA
ExperienceX.exe,56308,0x216C829D570,DXGI,1,0,0,Composed: Flip,5510.0683,NA,17.26220000000000,NA,0.09390000000000,0.68970000000000,NA,5492.9416,17.2206,17.1267,0.0939,16.8021,1.0143,1.0143,0.0000,NA,NA,NA
ExperienceX.exe,56308,0x216C829D570,DXGI,1,0,0,Composed: Flip,5526.0932,NA,16.02490000000000,NA,0.13140000000000,1.39760000000000,NA,5510.1622,16.0624,15.9310,0.1314,17.0776,0.2510,0.2436,0.0074,NA,NA,NA
ExperienceX.exe,56308,0x216C829D570,DXGI,1,0,0,Composed: Flip,5544.3098,NA,18.21660000000000,NA,0.13610000000000,0.89840000000000,NA,5526.2246,18.2213,18.0852,0.1361,17.4472,1.5364,1.5364,0.0000,NA,NA,NA
ExperienceX.exe,56308,0x216838E1150,DXGI,1,0,0,Composed: Flip,5477.7758,NA,18.21480000000000,33.23220000000000,0.14540000000000,1.40230000000000,31.3867,5459.7245,18.1967,18.0513,0.1454,19.1939,0.2597,0.2597,0.0000,0.2513,5459.7245,NA
ExperienceX.exe,56308,0x216838E1150,DXGI,1,0,0,Composed: Flip,5492.8150,NA,15.03920000000000,NA,0.12690000000000,1.42890000000000,NA,5477.9212,15.0207,14.8938,0.1269,16.0845,0.2382,0.2338,0.0044,NA,NA,NA
ExperienceX.exe,56308,0x216838E1150,DXGI,1,0,0,Composed: Flip,5509.9075,NA,17.09250000000000,NA,0.38350000000000,1.52770000000000,NA,5492.9419,17.3491,16.9656,0.3835,17.8161,0.6772,0.6772,0.0000,NA,NA,NA
ExperienceX.exe,56308,0x216838E1150,DXGI,1,0,0,Composed: Flip,5544.8702,NA,34.96270000000001,NA,0.12310000000000,0.83300000000000,NA,5510.2910,34.7023,34.5792,0.1231,35.2546,0.1576,0.1576,0.0000,NA,NA,NA
ExperienceX.exe,56308,0x216838E1150,DXGI,1,0,0,Composed: Flip,5559.5824,NA,14.71220000000000,NA,0.14900000000000,1.20350000000000,NA,5544.9933,14.7381,14.5891,0.1490,15.5206,0.2720,0.2662,0.0058,NA,NA,NA
ExperienceX.exe,56308,0x216838E1150,DXGI,1,0,0,Composed: Flip,5576.8221,NA,17.23970000000000,NA,0.36830000000000,1.48790000000000,NA,5559.7314,17.4590,17.0907,0.3683,18.1532,0.4254,0.4254,0.0000,NA,NA,NA
ExperienceX.exe,56308,0x216838E1150,DXGI,1,0,0,Composed: Flip,5592.9278,NA,16.10570000000000,116.75860000000000,0.10810000000000,1.44480000000000,32.9933,5577.1904,15.8455,15.7374,0.1081,16.8726,0.3096,0.3096,0.0000,0.7073,5577.1904,NA
ExperienceX.exe,56308,0x216838E1150,DXGI,1,0,0,Composed: Flip,5611.1839,NA,18.25610000000000,16.57830000000000,0.15970000000000,2.23350000000000,31.3155,5593.0359,18.3077,18.1480,0.1597,20.1178,0.2637,0.2637,0.0000,-0.7328,5593.0359,NA
ExperienceX.exe,56308,0x216C829D570,DXGI,1,0,0,Composed: Flip,5577.0802,NA,32.77040000000000,116.81460000000000,0.12660000000000,0.80440000000000,32.2601,5544.4459,32.7609,32.6343,0.1266,32.1930,1.2457,1.2457,0.0000,-16.3304,5544.4459,NA
ExperienceX.exe,56308,0x216C829D570,DXGI,1,0,0,Composed: Flip,5592.9277,NA,15.84750000000000,NA,0.10820000000000,1.13530000000000,NA,5577.2068,15.8291,15.7209,0.1082,1.4548,15.4014,3.3223,12.0791,NA,NA,NA
ExperienceX.exe,56308,0x216C829D570,DXGI,1,0,0,Composed: Flip,5611.6791,NA,18.75140000000000,NA,0.07160000000000,1.47460000000000,NA,5593.0359,18.7148,18.6432,0.0716,19.8592,0.2586,0.2586,0.0000,NA,NA,NA
ExperienceX.exe,56308,0x216C829D570,DXGI,1,0,0,Composed: Flip,5626.3186,NA,14.63950000000000,NA,0.25340000000000,1.04870000000000,NA,5611.7507,14.8213,14.5679,0.2534,15.3969,0.2197,0.2197,0.0000,NA,NA,NA
ExperienceX.exe,56308,0x216C7EA03E0,DXGI,1,0,0,Composed: Flip,5544.8580,NA,18.78060000000000,33.36030000000000,0.06460000000000,0.68760000000000,31.0432,5526.2249,18.6977,18.6331,0.0646,18.9833,0.3374,0.3374,0.0000,16.0518,5526.2249,NA
ExperienceX.exe,56308,0x216C7EA03E0,DXGI,1,0,0,Composed: Flip,5576.8544,NA,31.99640000000000,NA,0.35160000000000,1.80720000000000,NA,5544.9226,32.2834,31.9318,0.3516,33.3874,0.3516,0.3516,0.0000,NA,NA,NA
ExperienceX.exe,56308,0x216C7EA03E0,DXGI,1,0,0,Composed: Flip,5592.9280,NA,16.07360000000000,NA,0.10860000000000,1.61500000000000,NA,5577.2060,15.8306,15.7220,0.1086,17.1666,0.1704,0.1606,0.0098,NA,NA,NA
ExperienceX.exe,56308,0x216C7EA03E0,DXGI,1,0,0,Composed: Flip,5611.5524,NA,18.62440000000000,NA,0.25210000000000,1.34270000000000,NA,5593.0366,18.7679,18.5158,0.2521,17.6747,2.1838,1.6322,0.5516,NA,NA,NA
ExperienceX.exe,56308,0x216C7EA03E0,DXGI,1,0,0,Composed: Flip,5626.3175,NA,14.76510000000000,NA,0.25430000000000,1.27820000000000,NA,5611.8045,14.7673,14.5130,0.2543,15.5628,0.2284,0.2188,0.0096,NA,NA,NA
ExperienceX.exe,56308,0x216C7EA03E0,DXGI,1,0,0,Composed: Flip,5643.7054,NA,17.38790000000000,NA,0.18520000000000,1.71720000000000,NA,5626.5718,17.3188,17.1336,0.1852,18.5935,0.2573,0.2573,0.0000,NA,NA,NA
ExperienceX.exe,56308,0x216838E1150,DXGI,1,0,0,Composed: Flip,5626.2538,NA,15.06990000000000,16.73220000000000,0.13490000000000,0.89380000000000,32.9778,5611.3436,15.0451,14.9102,0.1349,2.0738,13.7302,3.4531,10.2771,1.5755,5611.3436,NA
ExperienceX.exe,56308,0x216838E1150,DXGI,1,0,0,Composed: Flip,5643.7341,NA,17.48030000000000,NA,0.15340000000000,1.43120000000000,NA,5626.3887,17.4988,17.3454,0.1534,18.5211,0.2555,0.2555,0.0000,NA,NA,NA
ExperienceX.exe,56308,0x216838E1150,DXGI,1,0,0,Composed: Flip,5659.7617,NA,16.02760000000000,NA,0.25640000000000,1.26000000000000,NA,5643.8875,16.1306,15.8742,0.2564,1.5351,15.5991,3.5027,12.0964,NA,NA,NA
ExperienceX.exe,56308,0x216C829D570,DXGI,1,0,0,Composed: Flip,5643.3442,NA,17.02560000000000,66.51760000000000,0.54830000000000,1.56560000000000,32.5137,5626.5720,17.3205,16.7722,0.5483,16.5851,1.7527,1.5510,0.2017,15.6085,5626.5720,NA
ExperienceX.exe,56308,0x216C829D570,DXGI,1,0,0,Composed: Flip,5659.7626,NA,16.41840000000000,NA,0.25550000000000,1.90420000000000,NA,5643.8925,16.1256,15.8701,0.2555,17.5138,0.2605,0.2567,0.0038,NA,NA,NA
ExperienceX.exe,56308,0x216C829D570,DXGI,1,0,0,Composed: Flip,5676.7683,NA,17.00570000000000,NA,0.51520000000000,1.49310000000000,NA,5660.0181,17.2654,16.7502,0.5152,16.5441,1.6992,1.6992,0.0000,NA,NA,NA
ExperienceX.exe,56308,0x216C829D570,DXGI,1,0,0,Composed: Flip,5692.8181,NA,16.04980000000000,49.98160000000000,0.05040000000000,0.45850000000000,33.0214,5677.2835,15.5850,15.5346,0.0504,1.5413,14.4518,2.9211,11.5307,0.7299,5677.2835,NA
ExperienceX.exe,56308,0x216838E1150,DXGI,1,0,0,Composed: Flip,5676.7926,NA,17.03090000000000,49.97440000000000,0.59450000000000,2.03220000000000,32.4134,5660.0181,17.3690,16.7745,0.5945,18.5044,0.3023,0.3023,0.0000,-1.2999,5660.0181,NA
ExperienceX.exe,56308,0x216838E1150,DXGI,1,0,0,Composed: Flip,5692.8239,NA,16.03130000000000,NA,0.06650000000000,1.01870000000000,NA,5677.3871,15.5033,15.4368,0.0665,16.1604,0.2951,0.2900,0.0051,NA,NA,NA
ExperienceX.exe,56308,0x216838E1150,DXGI,1,0,0,Composed: Flip,5710.2650,NA,17.44110000000000,NA,0.46060000000000,1.89430000000000,NA,5692.8904,17.8352,17.3746,0.4606,19.0311,0.2378,0.2378,0.0000,NA,NA,NA
ExperienceX.exe,56308,0x216838E1150,DXGI,1,0,0,Composed: Flip,5726.1671,NA,15.90210000000000,49.96200000000000,0.16690000000000,1.16060000000000,33.0009,5710.7256,15.6084,15.4415,0.1669,16.3296,0.2725,0.2667,0.0058,0.7455,5710.7256,NA
ExperienceX.exe,56308,0x216C7EA03E0,DXGI,1,0,0,Composed: Flip,5659.7717,NA,16.06630000000000,116.59960000000001,0.24800000000000,1.63460000000000,32.7291,5643.8906,16.1291,15.8811,0.2480,17.1311,0.3846,0.3846,0.0000,1.0661,5643.8906,NA
ExperienceX.exe,56308,0x216C7EA03E0,DXGI,1,0,0,Composed: Flip,5676.7869,NA,17.01520000000000,NA,0.07480000000000,1.73560000000000,NA,5660.0197,16.8420,16.7672,0.0748,18.2417,0.2611,0.2611,0.0000,NA,NA,NA
ExperienceX.exe,56308,0x216C7EA03E0,DXGI,1,0,0,Composed: Flip,5692.8835,NA,16.09660000000000,NA,0.19770000000000,0.66400000000000,NA,5676.8617,16.2195,16.0218,0.1977,16.4149,0.2709,0.2709,0.0000,NA,NA,NA
ExperienceX.exe,56308,0x216C7EA03E0,DXGI,1,0,0,Composed: Flip,5710.2454,NA,17.36190000000000,NA,0.32700000000000,2.24110000000000,NA,5693.0812,17.4912,17.1642,0.3270,19.0781,0.3272,0.3272,0.0000,NA,NA,NA
ExperienceX.exe,56308,0x216C7EA03E0,DXGI,1,0,0,Composed: Flip,5726.1662,NA,15.92080000000000,NA,0.16780000000000,0.62150000000000,NA,5710.5724,15.7616,15.5938,0.1678,1.9141,14.3012,3.0489,11.2523,NA,NA,NA
ExperienceX.exe,56308,0x216C7EA03E0,DXGI,1,0,0,Composed: Flip,5743.6547,NA,17.48850000000000,NA,0.12560000000000,1.79780000000000,NA,5726.3340,17.4463,17.3207,0.1256,18.8722,0.2463,0.2463,0.0000,NA,NA,NA
ExperienceX.exe,56308,0x216C7EA03E0,DXGI,1,0,0,Composed: Flip,5759.4475,NA,15.79280000000000,100.11540000000001,0.10290000000000,0.64120000000000,33.1687,5743.7803,15.7701,15.6672,0.1029,1.9383,14.3701,3.1203,11.2498,-0.2257,5743.7803,NA
ExperienceX.exe,56308,0x216838E1150,DXGI,1,0,0,Composed: Flip,5743.4455,NA,17.27840000000000,16.88070000000000,0.23090000000000,1.76070000000000,32.6032,5726.3340,17.3424,17.1115,0.2309,16.9676,1.9046,1.8835,0.0211,-1.2723,5726.3340,NA
ExperienceX.exe,56308,0x216838E1150,DXGI,1,0,0,Composed: Flip,5759.4474,NA,16.00190000000000,NA,0.10290000000000,0.89030000000000,NA,5743.6764,15.8739,15.7710,0.1029,16.4123,0.2490,0.2490,0.0000,NA,NA,NA
ExperienceX.exe,56308,0x216838E1150,DXGI,1,0,0,Composed: Flip,5777.1651,NA,17.71770000000000,NA,0.34820000000000,1.39460000000000,NA,5759.5503,17.9630,17.6148,0.3482,18.7611,0.2483,0.2483,0.0000,NA,NA,NA
ExperienceX.exe,56308,0x216C829D570,DXGI,1,0,0,Composed: Flip,5710.2600,NA,17.44190000000000,16.70080000000000,0.39440000000000,1.66150000000000,32.2803,5692.8685,17.7859,17.3915,0.3944,17.1775,1.8755,1.5048,0.3707,-1.1158,5692.8685,NA
ExperienceX.exe,56308,0x216C829D570,DXGI,1,0,0,Composed: Flip,5726.1676,NA,15.90760000000000,NA,0.16620000000000,0.88760000000000,NA,5710.6544,15.6794,15.5132,0.1662,16.1333,0.2675,0.2675,0.0000,NA,NA,NA
ExperienceX.exe,56308,0x216C829D570,DXGI,1,0,0,Composed: Flip,5743.5891,NA,17.42150000000000,NA,0.06810000000000,2.12950000000000,NA,5726.3338,17.3234,17.2553,0.0681,19.1187,0.2661,0.2661,0.0000,NA,NA,NA
ExperienceX.exe,56308,0x216C829D570,DXGI,1,0,0,Composed: Flip,5759.4485,NA,15.85940000000000,NA,0.10190000000000,1.16410000000000,NA,5743.6572,15.8932,15.7913,0.1019,16.6805,0.2749,0.2671,0.0078,NA,NA,NA
ExperienceX.exe,56308,0x216C829D570,DXGI,1,0,0,Composed: Flip,5776.9854,NA,17.53690000000000,NA,0.42420000000000,1.83210000000000,NA,5759.5504,17.8592,17.4350,0.4242,19.0093,0.2578,0.2578,0.0000,NA,NA,NA
ExperienceX.exe,56308,0x216C829D570,DXGI,1,0,0,Composed: Flip,5793.1701,NA,16.18470000000000,NA,0.14610000000000,1.30700000000000,NA,5777.4096,15.9066,15.7605,0.1461,16.8271,0.2404,0.2404,0.0000,NA,NA,NA
ExperienceX.exe,56308,0x216C829D570,DXGI,1,0,0,Composed: Flip,5812.5021,NA,19.33200000000000,99.97500000000001,0.07980000000000,0.80230000000000,30.0132,5793.3162,19.2657,19.1859,0.0798,19.7599,0.2283,0.2283,0.0000,0.4727,5793.3162,NA
ExperienceX.exe,56308,0x216C829D570,DXGI,1,0,0,Composed: Flip,5826.4405,NA,13.93840000000000,16.69880000000000,0.25240000000000,1.55920000000000,32.7736,5812.5819,14.1110,13.8586,0.2524,14.5608,0.8570,0.8570,0.0000,2.5669,5812.5819,NA
ExperienceX.exe,56308,0x216C829D570,DXGI,1,0,0,Composed: Flip,5843.8987,NA,17.45820000000000,16.62360000000000,0.11220000000000,1.74390000000000,31.9390,5826.6929,17.3180,17.2058,0.1122,18.6723,0.2774,0.2774,0.0000,-2.5126,5826.6929,NA
ExperienceX.exe,56308,0x216838E1150,DXGI,1,0,0,Composed: Flip,5793.2948,NA,16.12970000000000,49.86420000000000,0.26430000000000,1.44380000000000,32.6181,5777.5133,16.0458,15.7815,0.2643,16.9638,0.2615,0.2557,0.0058,1.3151,5777.5133,NA
ExperienceX.exe,56308,0x216838E1150,DXGI,1,0,0,Composed: Flip,5811.8160,NA,18.52120000000000,NA,1.03780000000000,1.26010000000000,NA,5793.5591,19.2947,18.2569,1.0378,17.8057,1.7113,1.6861,0.0252,NA,NA,NA
ExperienceX.exe,56308,0x216838E1150,DXGI,1,0,0,Composed: Flip,5826.4126,NA,14.59660000000000,NA,0.19200000000000,1.92500000000000,NA,5812.8538,13.7508,13.5588,0.1920,15.1459,0.3379,0.3325,0.0054,NA,NA,NA
ExperienceX.exe,56308,0x216838E1150,DXGI,1,0,0,Composed: Flip,5843.9853,NA,17.57270000000000,NA,0.09670000000000,1.11570000000000,NA,5826.6046,17.4774,17.3807,0.0967,16.7451,1.7513,1.7513,0.0000,NA,NA,NA
ExperienceX.exe,56308,0x216838E1150,DXGI,1,0,0,Composed: Flip,5859.5556,NA,15.57030000000000,NA,0.14600000000000,0.98250000000000,NA,5844.0820,15.6196,15.4736,0.1460,1.5606,14.8955,3.4030,11.4925,NA,NA,NA
ExperienceX.exe,56308,0x216C829D570,DXGI,1,0,0,Composed: Flip,5859.5560,NA,15.65730000000000,16.63170000000000,0.14560000000000,1.22380000000000,32.9134,5844.0109,15.6907,15.5451,0.1456,16.5272,0.2417,0.2417,0.0000,0.6863,5844.0109,NA
ExperienceX.exe,56308,0x216C829D570,DXGI,1,0,0,Composed: Flip,5877.2431,NA,17.68710000000000,NA,0.05480000000000,1.48000000000000,NA,5859.7016,17.5963,17.5415,0.0548,18.4581,0.5634,0.5634,0.0000,NA,NA,NA
ExperienceX.exe,56308,0x216C7EA03E0,DXGI,1,0,0,Composed: Flip,5776.7065,NA,17.25900000000000,16.97780000000000,0.07530000000000,1.60490000000000,32.8875,5759.5504,17.2314,17.1561,0.0753,17.2759,1.4851,1.4851,0.0000,-1.2077,5759.5504,NA
ExperienceX.exe,56308,0x216C7EA03E0,DXGI,1,0,0,Composed: Flip,5793.2681,NA,16.56160000000000,NA,0.34770000000000,0.96860000000000,NA,5776.7818,16.8340,16.4863,0.3477,2.0357,15.4192,3.0797,12.3395,NA,NA,NA
ExperienceX.exe,56308,0x216C7EA03E0,DXGI,1,0,0,Composed: Flip,5811.8222,NA,18.55410000000000,NA,0.17980000000000,1.72800000000000,NA,5793.6158,18.3862,18.2064,0.1798,19.6886,0.2458,0.2458,0.0000,NA,NA,NA
ExperienceX.exe,56308,0x216C7EA03E0,DXGI,1,0,0,Composed: Flip,5826.4402,NA,14.61800000000000,NA,0.25280000000000,0.70250000000000,NA,5812.0020,14.6910,14.4382,0.2528,1.5482,13.5925,3.4881,10.1044,NA,NA,NA
ExperienceX.exe,56308,0x216C7EA03E0,DXGI,1,0,0,Composed: Flip,5843.8916,NA,17.45140000000000,NA,0.42230000000000,1.47360000000000,NA,5826.6930,17.6209,17.1986,0.4223,18.4080,0.2642,0.2642,0.0000,NA,NA,NA
ExperienceX.exe,56308,0x216C7EA03E0,DXGI,1,0,0,Composed: Flip,5859.5559,NA,15.66430000000000,NA,0.15390000000000,1.47780000000000,NA,5844.3139,15.3959,15.2420,0.1539,16.4659,0.2539,0.2492,0.0047,NA,NA,NA
ExperienceX.exe,56308,0x216C7EA03E0,DXGI,1,0,0,Composed: Flip,5877.3618,NA,17.80590000000000,NA,0.12850000000000,0.79790000000000,NA,5859.7098,17.7805,17.6520,0.1285,18.2158,0.2341,0.2341,0.0000,NA,NA,NA
ExperienceX.exe,56308,0x216C7EA03E0,DXGI,1,0,0,Composed: Flip,5892.6557,NA,15.29390000000000,NA,0.09050000000000,0.85930000000000,NA,5877.4903,15.2559,15.1654,0.0905,15.6168,0.4079,0.4079,0.0000,NA,NA,NA
ExperienceX.exe,56308,0x216838E1150,DXGI,1,0,0,Composed: Flip,5877.1334,NA,17.57780000000000,83.22900000000000,0.09170000000000,0.79220000000000,32.0085,5859.7016,17.5235,17.4318,0.0917,16.9574,1.2666,1.2666,0.0000,-1.0407,5859.7016,NA
ExperienceX.exe,56308,0x216838E1150,DXGI,1,0,0,Composed: Flip,5892.6558,NA,15.52240000000000,NA,0.09060000000000,0.45130000000000,NA,5877.2251,15.5213,15.4307,0.0906,1.4980,14.3840,2.9020,11.4820,NA,NA,NA
ExperienceX.exe,56308,0x216838E1150,DXGI,1,0,0,Composed: Flip,5910.4593,NA,17.80350000000000,NA,0.11890000000000,1.93580000000000,NA,5892.7464,17.8318,17.7129,0.1189,19.4094,0.2393,0.2393,0.0000,NA,NA,NA
ExperienceX.exe,56308,0x216C7EA03E0,DXGI,1,0,0,Composed: Flip,5910.4590,NA,17.80330000000000,133.03829999999999,0.11920000000000,1.69680000000000,32.1733,5892.7462,17.8320,17.7128,0.1192,17.0392,2.3704,1.9711,0.3993,0.1575,5892.7462,NA
ExperienceX.exe,56308,0x216C7EA03E0,DXGI,1,0,0,Composed: Flip,5926.1619,NA,15.70290000000000,NA,0.08370000000000,0.45700000000000,NA,5910.5782,15.6674,15.5837,0.0837,3.1330,12.9077,1.4908,11.4169,NA,NA,NA
ExperienceX.exe,56308,0x216838E1150,DXGI,1,0,0,Composed: Flip,5926.1624,NA,15.70310000000000,50.06980000000000,0.08290000000000,1.15750000000000,33.0493,5910.5782,15.6671,15.5842,0.0829,16.4734,0.2683,0.2616,0.0067,0.8068,5910.5782,NA
ExperienceX.exe,56308,0x216838E1150,DXGI,1,0,0,Composed: Flip,5943.5070,NA,17.34460000000000,NA,0.37230000000000,1.38430000000000,NA,5926.2453,17.6340,17.2617,0.3723,18.3617,0.2843,0.2843,0.0000,NA,NA,NA
ExperienceX.exe,56308,0x216838E1150,DXGI,1,0,0,Composed: Flip,5959.5204,NA,16.01340000000000,33.27630000000000,0.14660000000000,1.22170000000000,32.9676,5943.8793,15.7877,15.6411,0.1466,16.6387,0.2241,0.2241,0.0000,0.0248,5943.8793,NA
ExperienceX.exe,56308,0x216C7EA03E0,DXGI,1,0,0,Composed: Flip,5943.7455,NA,17.58360000000000,33.19030000000000,0.13180000000000,0.86150000000000,32.0771,5926.2456,17.6317,17.4999,0.1318,17.0924,1.2690,1.2690,0.0000,0.3091,5926.2456,NA
ExperienceX.exe,56308,0x216C7EA03E0,DXGI,1,0,0,Composed: Flip,5959.5052,NA,15.75970000000000,NA,0.18000000000000,1.01280000000000,NA,5943.8773,15.8079,15.6279,0.1800,1.5457,15.0950,3.1150,11.9800,NA,NA,NA
ExperienceX.exe,56308,0x216C7EA03E0,DXGI,1,0,0,Composed: Flip,5977.3151,NA,17.80990000000000,NA,0.13030000000000,1.29120000000000,NA,5959.6852,17.7602,17.6299,0.1303,18.8110,0.1101,0.1101,0.0000,NA,NA,NA
ExperienceX.exe,56308,0x216C7EA03E0,DXGI,1,0,0,Composed: Flip,5992.7916,NA,15.47650000000000,50.15040000000000,0.18480000000000,1.07020000000000,33.1814,5977.4454,15.5310,15.3462,0.1848,1.4219,14.9945,3.1525,11.8420,1.0494,5977.4454,NA
ExperienceX.exe,56308,0x216838E1150,DXGI,1,0,0,Composed: Flip,5977.4568,NA,17.93640000000000,16.86670000000000,0.06670000000000,1.03940000000000,31.8979,5959.6670,17.8565,17.7898,0.0667,17.0934,1.7358,1.7358,0.0000,-1.0790,5959.6670,NA
ExperienceX.exe,56308,0x216838E1150,DXGI,1,0,0,Composed: Flip,5992.7708,NA,15.31400000000000,NA,0.05600000000000,1.61980000000000,NA,5977.5235,15.3033,15.2473,0.0560,16.8535,0.0136,0.0098,0.0038,NA,NA,NA
ExperienceX.exe,56308,0x216838E1150,DXGI,1,0,0,Composed: Flip,6011.7290,NA,18.95820000000000,NA,0.37080000000000,1.47790000000000,NA,5992.8268,19.2730,18.9022,0.3708,20.1133,0.2668,0.2668,0.0000,NA,NA,NA
ExperienceX.exe,56308,0x216C7EA03E0,DXGI,1,0,0,Composed: Flip,6011.6049,NA,18.81330000000000,16.72700000000000,0.49300000000000,1.07620000000000,31.0951,5992.9764,19.1215,18.6285,0.4930,18.1723,1.5324,1.5324,0.0000,-1.1960,5992.9764,NA
ExperienceX.exe,56308,0x216C7EA03E0,DXGI,1,0,0,Composed: Flip,6026.4131,NA,14.80820000000000,NA,0.25360000000000,0.79410000000000,NA,6012.0979,14.5688,14.3152,0.2536,15.0251,0.0842,0.0842,0.0000,NA,NA,NA
ExperienceX.exe,56308,0x216C829D570,DXGI,1,0,0,Composed: Flip,5892.6562,NA,15.41310000000000,33.42950000000000,0.09010000000000,1.12600000000000,33.2427,5877.2979,15.4484,15.3583,0.0901,16.2171,0.2672,0.2616,0.0056,-0.1425,5877.2979,NA
ExperienceX.exe,56308,0x216C829D570,DXGI,1,0,0,Composed: Flip,5910.0694,NA,17.41320000000000,NA,0.32410000000000,3.64180000000000,NA,5892.7463,17.6472,17.3231,0.3241,19.6488,1.3161,1.3161,0.0000,NA,NA,NA
ExperienceX.exe,56308,0x216C829D570,DXGI,1,0,0,Composed: Flip,5926.1620,NA,16.09260000000000,NA,0.08430000000000,0.88960000000000,NA,5910.3935,15.8528,15.7685,0.0843,16.2254,0.4327,0.4327,0.0000,NA,NA,NA
ExperienceX.exe,56308,0x216C829D570,DXGI,1,0,0,Composed: Flip,5943.5735,NA,17.41150000000000,NA,0.38260000000000,1.84950000000000,NA,5926.2463,17.7098,17.3272,0.3826,18.6450,0.5317,0.5317,0.0000,NA,NA,NA
ExperienceX.exe,56308,0x216C829D570,DXGI,1,0,0,Composed: Flip,5959.5316,NA,15.95810000000000,NA,0.13540000000000,1.48010000000000,NA,5943.9561,15.7109,15.5755,0.1354,16.7860,0.2696,0.2646,0.0050,NA,NA,NA
ExperienceX.exe,56308,0x216C829D570,DXGI,1,0,0,Composed: Flip,5977.3156,NA,17.78400000000000,NA,0.12980000000000,1.55170000000000,NA,5959.6670,17.7784,17.6486,0.1298,18.9393,0.2610,0.2610,0.0000,NA,NA,NA
ExperienceX.exe,56308,0x216C829D570,DXGI,1,0,0,Composed: Flip,6011.9302,NA,34.61460000000000,NA,0.16740000000000,1.00990000000000,NA,5977.4454,34.6522,34.4848,0.1674,35.2357,0.2590,0.2590,0.0000,NA,NA,NA
ExperienceX.exe,56308,0x216C829D570,DXGI,1,0,0,Composed: Flip,6044.0692,NA,32.13900000000000,NA,0.41810000000000,1.22940000000000,NA,6012.0976,32.3897,31.9716,0.4181,32.9435,0.2575,0.2575,0.0000,NA,NA,NA
ExperienceX.exe,56308,0x216C7EA03E0,DXGI,1,0,0,Composed: Flip,6044.1019,NA,17.68880000000000,33.11670000000000,0.21030000000000,0.93920000000000,31.7148,6026.6667,17.6455,17.4352,0.2103,17.0904,1.2840,1.2840,0.0000,0.5736,6026.6667,NA
ExperienceX.exe,56308,0x216C7EA03E0,DXGI,1,0,0,Composed: Flip,6059.3947,NA,15.29280000000000,NA,0.09520000000000,0.61010000000000,NA,6044.3122,15.1777,15.0825,0.0952,1.5531,14.1395,3.0570,11.0825,NA,NA,NA
ExperienceX.exe,56308,0x216C829D570,DXGI,1,0,0,Composed: Flip,6059.3948,NA,15.32560000000000,166.58340000000001,0.09830000000000,0.86170000000000,33.0875,6044.4873,15.0058,14.9075,0.0983,15.5175,0.2517,0.2517,0.0000,0.6060,6044.4873,NA
ExperienceX.exe,56308,0x216C829D570,DXGI,1,0,0,Composed: Flip,6076.6719,NA,17.27710000000000,NA,0.11840000000000,1.32870000000000,NA,6059.4931,17.2972,17.1788,0.1184,18.2365,0.2710,0.2710,0.0000,NA,NA,NA
ExperienceX.exe,56308,0x216C7EA03E0,DXGI,1,0,0,Composed: Flip,6076.6260,NA,17.23130000000000,33.35080000000000,0.31360000000000,1.10360000000000,32.5415,6059.4899,17.4497,17.1361,0.3136,16.9278,1.3119,1.3119,0.0000,-0.5276,6059.4899,NA
ExperienceX.exe,56308,0x216C7EA03E0,DXGI,1,0,0,Composed: Flip,6092.6885,NA,16.06250000000000,NA,0.06260000000000,0.39770000000000,NA,6076.9396,15.8115,15.7489,0.0626,1.6126,14.5340,2.6025,11.9315,NA,NA,NA
ExperienceX.exe,56308,0x216C829D570,DXGI,1,0,0,Composed: Flip,6092.6981,NA,16.02620000000000,33.42730000000000,0.05300000000000,0.72280000000000,33.2115,6076.7903,15.9608,15.9078,0.0530,16.2959,0.3347,0.3347,0.0000,-1.1243,6076.7903,NA
ExperienceX.exe,56308,0x216C829D570,DXGI,1,0,0,Composed: Flip,6110.4814,NA,17.78330000000000,NA,0.15200000000000,1.88980000000000,NA,6092.7511,17.8823,17.7303,0.1520,19.3098,0.3103,0.3103,0.0000,NA,NA,NA
ExperienceX.exe,56308,0x216C829D570,DXGI,1,0,0,Composed: Flip,6126.3509,NA,15.86950000000000,33.31690000000000,0.24680000000000,1.93740000000000,32.8756,6110.6334,15.9643,15.7175,0.2468,17.3954,0.2595,0.2531,0.0064,0.5262,6110.6334,NA
ExperienceX.exe,56308,0x216838E1150,DXGI,1,0,0,Composed: Flip,6026.4028,NA,14.67380000000000,49.79010000000000,0.19270000000000,0.72020000000000,32.7420,6012.0998,14.4957,14.3030,0.1927,1.1071,13.9161,3.2250,10.6911,2.6427,6012.0998,NA
ExperienceX.exe,56308,0x216838E1150,DXGI,1,0,0,Composed: Flip,6044.0958,NA,17.69300000000000,NA,0.38310000000000,1.76950000000000,NA,6026.5955,17.8834,17.5003,0.3831,18.7031,0.5667,0.5667,0.0000,NA,NA,NA
ExperienceX.exe,56308,0x216838E1150,DXGI,1,0,0,Composed: Flip,6059.3989,NA,15.30310000000000,NA,0.09150000000000,1.13150000000000,NA,6044.4789,15.0115,14.9200,0.0915,15.7776,0.2739,0.2689,0.0050,NA,NA,NA
ExperienceX.exe,56308,0x216838E1150,DXGI,1,0,0,Composed: Flip,6076.3110,NA,16.91210000000000,NA,0.48040000000000,2.24120000000000,NA,6059.4904,17.3010,16.8206,0.4804,18.5102,0.5516,0.5516,0.0000,NA,NA,NA
ExperienceX.exe,56308,0x216838E1150,DXGI,1,0,0,Composed: Flip,6092.6940,NA,16.38300000000000,NA,0.07370000000000,1.00870000000000,NA,6076.7914,15.9763,15.9026,0.0737,16.6295,0.2818,0.2774,0.0044,NA,NA,NA
ExperienceX.exe,56308,0x216838E1150,DXGI,1,0,0,Composed: Flip,6110.7184,NA,18.02440000000000,NA,0.07550000000000,1.34250000000000,NA,6092.7677,18.0262,17.9507,0.0755,19.0257,0.2675,0.2675,0.0000,NA,NA,NA
ExperienceX.exe,56308,0x216838E1150,DXGI,1,0,0,Composed: Flip,6126.3504,NA,15.63200000000000,NA,0.26310000000000,1.67840000000000,NA,6110.7939,15.8196,15.5565,0.2631,17.0306,0.2043,0.2043,0.0000,NA,NA,NA
ExperienceX.exe,56308,0x216838E1150,DXGI,1,0,0,Composed: Flip,6143.3795,NA,17.02910000000000,NA,0.46470000000000,1.71350000000000,NA,6126.6135,17.2307,16.7660,0.4647,18.2204,0.2591,0.2591,0.0000,NA,NA,NA
ExperienceX.exe,56308,0x216838E1150,DXGI,1,0,0,Composed: Flip,6159.6278,NA,16.24830000000000,133.39279999999999,0.21950000000000,1.91550000000000,32.9098,6143.8442,16.0031,15.7836,0.2195,17.4045,0.2946,0.2946,0.0000,-1.6484,6143.8442,NA
ExperienceX.exe,56308,0x0,Other,-1,0,0,Composed: Flip,5560.1297,NA,0.03640000000000,33.31060000000000,0.00000000000000,0.13470000000000,32.4221,5560.0933,0.0364,0.0364,0.0000,0.0000,14.5612,3.3639,11.1973,33.4262,5560.0933,NA
ExperienceX.exe,56308,0x0,Other,-1,0,0,Composed: Flip,5993.3262,NA,433.19650000000001,NA,0.00000000000000,1.05080000000000,NA,5560.1297,433.1965,433.1965,0.0000,433.7321,0.5152,0.5152,0.0000,NA,NA,NA
ExperienceX.exe,56308,0x0,Other,-1,0,0,Composed: Flip,6027.4029,NA,34.07670000000000,NA,0.00000000000000,0.28480000000000,NA,5993.3262,34.0767,34.0767,0.0000,33.8810,0.4805,0.4740,0.0065,NA,NA,NA
ExperienceX.exe,56308,0x216C829D570,DXGI,1,0,0,Composed: Flip,6143.3999,NA,17.04900000000000,16.58970000000000,0.19530000000000,2.00460000000000,32.4163,6126.5977,16.9975,16.8022,0.1953,18.4953,0.3115,0.3115,0.0000,-0.6254,6126.5977,NA
ExperienceX.exe,56308,0x216C829D570,DXGI,1,0,0,Composed: Flip,6159.6281,NA,16.22820000000000,NA,0.21920000000000,2.15570000000000,NA,6143.5952,16.2521,16.0329,0.2192,17.9481,0.2405,0.2338,0.0067,NA,NA,NA
ExperienceX.exe,56308,0x216C829D570,DXGI,1,0,0,Composed: Flip,6176.7658,NA,17.13770000000000,NA,0.39580000000000,1.80080000000000,NA,6159.8473,17.3143,16.9185,0.3958,18.4330,0.2863,0.2863,0.0000,NA,NA,NA
ExperienceX.exe,56308,0x216C829D570,DXGI,1,0,0,Composed: Flip,6211.0742,NA,34.30840000000000,66.66790000000000,0.11810000000000,0.98530000000000,31.4099,6177.1616,34.0307,33.9126,0.1181,32.9393,1.9586,1.5833,0.3753,-16.1040,6177.1616,NA
ExperienceX.exe,56308,0x216C829D570,DXGI,1,0,0,Composed: Flip,6226.0917,NA,15.01750000000000,16.75070000000000,0.14800000000000,1.14380000000000,33.1431,6211.1923,15.0474,14.8994,0.1480,15.7610,0.2822,0.2822,0.0000,17.2800,6211.1923,NA
ExperienceX.exe,56308,0x216C7EA03E0,DXGI,1,0,0,Composed: Flip,6110.7251,NA,18.03660000000000,33.31650000000000,0.11230000000000,1.06830000000000,31.7589,6092.7511,18.0863,17.9740,0.1123,17.1763,1.8660,1.6249,0.2411,-0.0553,6092.7511,NA
ExperienceX.exe,56308,0x216C7EA03E0,DXGI,1,0,0,Composed: Flip,6126.3500,NA,15.62490000000000,NA,0.24230000000000,1.47450000000000,NA,6110.8374,15.7549,15.5126,0.2423,1.5338,15.4533,3.6535,11.7998,NA,NA,NA
ExperienceX.exe,56308,0x216C7EA03E0,DXGI,1,0,0,Composed: Flip,6143.0254,NA,16.67540000000000,NA,0.41780000000000,1.80850000000000,NA,6126.5923,16.8509,16.4331,0.4178,16.5464,1.6952,1.6578,0.0374,NA,NA,NA
ExperienceX.exe,56308,0x216C7EA03E0,DXGI,1,0,0,Composed: Flip,6159.6274,NA,16.60200000000000,NA,0.21960000000000,1.62130000000000,NA,6143.4432,16.4038,16.1842,0.2196,1.9613,15.8442,3.8430,12.0012,NA,NA,NA
ExperienceX.exe,56308,0x216C7EA03E0,DXGI,1,0,0,Composed: Flip,6176.8968,NA,17.26940000000000,NA,0.39510000000000,2.19490000000000,NA,6159.8470,17.4449,17.0498,0.3951,18.7196,0.5251,0.5251,0.0000,NA,NA,NA
ExperienceX.exe,56308,0x216C7EA03E0,DXGI,1,0,0,Composed: Flip,6193.1586,NA,16.26180000000000,NA,0.39880000000000,1.07310000000000,NA,6177.2919,16.2655,15.8667,0.3988,1.7998,15.1400,3.2190,11.9210,NA,NA,NA
ExperienceX.exe,56308,0x216C7EA03E0,DXGI,1,0,0,Composed: Flip,6210.8426,NA,17.68400000000000,NA,0.32520000000000,1.48780000000000,NA,6193.5574,17.6104,17.2852,0.3252,18.5021,0.2709,0.2709,0.0000,NA,NA,NA
ExperienceX.exe,56308,0x216C7EA03E0,DXGI,1,0,0,Composed: Flip,6226.0915,NA,15.24890000000000,NA,0.14820000000000,0.86180000000000,NA,6211.1678,15.0719,14.9237,0.1482,1.4255,14.3600,3.3571,11.0029,NA,NA,NA
ExperienceX.exe,56308,0x216C7EA03E0,DXGI,1,0,0,Composed: Flip,6243.6344,NA,17.54290000000000,NA,0.29050000000000,1.50100000000000,NA,6226.2397,17.6852,17.3947,0.2905,18.6223,0.2734,0.2734,0.0000,NA,NA,NA
ExperienceX.exe,56308,0x216C7EA03E0,DXGI,1,0,0,Composed: Flip,6259.5408,NA,15.90640000000000,149.99710000000002,0.10170000000000,0.77260000000000,32.9403,6243.9249,15.7176,15.6159,0.1017,1.4873,14.9012,2.9295,11.9717,1.1767,6243.9249,NA
ExperienceX.exe,56308,0x216C7EA03E0,DXGI,1,0,0,Composed: Flip,6276.7291,NA,17.18830000000000,16.67230000000000,0.09800000000000,0.99020000000000,32.4243,6259.6425,17.1846,17.0866,0.0980,16.7405,1.3363,1.3363,0.0000,-0.9547,6259.6425,NA
ExperienceX.exe,56308,0x216C7EA03E0,DXGI,1,0,0,Composed: Flip,6292.7750,NA,16.04590000000000,16.71700000000000,0.08480000000000,0.45580000000000,33.0954,6276.8271,16.0327,15.9479,0.0848,2.2774,14.1263,1.8367,12.2896,0.4676,6276.8271,NA
ExperienceX.exe,56308,0x216C829D570,DXGI,1,0,0,Composed: Flip,6243.5673,NA,17.47560000000000,16.56720000000000,0.40510000000000,1.29470000000000,32.2347,6226.2397,17.7327,17.3276,0.4051,17.1003,1.5220,1.5220,0.0000,-1.5198,6226.2397,NA
ExperienceX.exe,56308,0x216C829D570,DXGI,1,0,0,Composed: Flip,6259.5406,NA,15.97330000000000,NA,0.10130000000000,1.03730000000000,NA,6243.9724,15.6695,15.5682,0.1013,16.3410,0.2645,0.2645,0.0000,NA,NA,NA
ExperienceX.exe,56308,0x216C829D570,DXGI,1,0,0,Composed: Flip,6276.6133,NA,17.07270000000000,NA,0.35980000000000,1.38480000000000,NA,6259.6419,17.3312,16.9714,0.3598,18.0774,0.2788,0.2788,0.0000,NA,NA,NA
ExperienceX.exe,56308,0x216C829D570,DXGI,1,0,0,Composed: Flip,6292.7751,NA,16.16180000000000,NA,0.08480000000000,1.04390000000000,NA,6276.9731,15.8868,15.8020,0.0848,16.5331,0.3128,0.3066,0.0062,NA,NA,NA
ExperienceX.exe,56308,0x216C829D570,DXGI,1,0,0,Composed: Flip,6310.1241,NA,17.34900000000000,NA,0.30600000000000,1.88710000000000,NA,6292.8599,17.5702,17.2642,0.3060,18.8835,0.2678,0.2678,0.0000,NA,NA,NA
ExperienceX.exe,56308,0x216838E1150,DXGI,1,0,0,Composed: Flip,6176.7732,NA,17.14540000000000,16.62600000000000,0.52430000000000,1.50710000000000,32.3904,6159.8473,17.4502,16.9259,0.5243,16.6768,1.7562,1.3497,0.4065,-0.6229,6159.8473,NA
ExperienceX.exe,56308,0x216838E1150,DXGI,1,0,0,Composed: Flip,6193.1301,NA,16.35690000000000,NA,0.32000000000000,1.62990000000000,NA,6177.2975,16.1526,15.8326,0.3200,17.2063,0.2562,0.2504,0.0058,NA,NA,NA
ExperienceX.exe,56308,0x216838E1150,DXGI,1,0,0,Composed: Flip,6211.1246,NA,17.99450000000000,NA,0.12230000000000,1.46870000000000,NA,6193.4501,17.7968,17.6745,0.1223,18.8803,0.2629,0.2629,0.0000,NA,NA,NA
ExperienceX.exe,56308,0x216838E1150,DXGI,1,0,0,Composed: Flip,6226.1152,NA,14.99060000000000,NA,0.12540000000000,1.38400000000000,NA,6211.2469,14.9937,14.8683,0.1254,15.9886,0.2637,0.2516,0.0121,NA,NA,NA
ExperienceX.exe,56308,0x216838E1150,DXGI,1,0,0,Composed: Flip,6243.5291,NA,17.41390000000000,NA,0.47660000000000,1.88310000000000,NA,6226.2406,17.7651,17.2885,0.4766,18.8948,0.2768,0.2768,0.0000,NA,NA,NA
ExperienceX.exe,56308,0x216838E1150,DXGI,1,0,0,Composed: Flip,6259.5852,NA,16.05610000000000,NA,0.17540000000000,1.24910000000000,NA,6244.0057,15.7549,15.5795,0.1754,16.5722,0.2564,0.2507,0.0057,NA,NA,NA
ExperienceX.exe,56308,0x216838E1150,DXGI,1,0,0,Composed: Flip,6276.7319,NA,17.14670000000000,NA,0.09510000000000,2.37260000000000,NA,6259.7606,17.0664,16.9713,0.0951,18.2375,1.1064,1.1064,0.0000,NA,NA,NA
ExperienceX.exe,56308,0x216838E1150,DXGI,1,0,0,Composed: Flip,6310.1013,NA,33.36940000000000,NA,0.31170000000000,1.64210000000000,NA,6276.8270,33.5860,33.2743,0.3117,34.6646,0.2518,0.2518,0.0000,NA,NA,NA
ExperienceX.exe,56308,0x216838E1150,DXGI,1,0,0,Composed: Flip,6326.2614,NA,16.16010000000000,NA,0.19380000000000,1.06500000000000,NA,6310.4130,16.0422,15.8484,0.1938,16.6303,0.2831,0.2831,0.0000,NA,NA,NA
ExperienceX.exe,56308,0x216C829D570,DXGI,1,0,0,Composed: Flip,6326.2548,NA,16.13070000000000,83.34370000000000,0.20210000000000,1.34550000000000,32.8909,6310.4301,16.0268,15.8247,0.2021,16.8963,0.2739,0.2677,0.0062,0.8467,6310.4301,NA
ExperienceX.exe,56308,0x216C829D570,DXGI,1,0,0,Composed: Flip,6344.4151,NA,18.16030000000000,NA,0.18550000000000,2.09590000000000,NA,6326.4569,18.1437,17.9582,0.1855,19.1660,0.8881,0.8881,0.0000,NA,NA,NA
ExperienceX.exe,56308,0x216C829D570,DXGI,1,0,0,Composed: Flip,6359.4135,NA,14.99840000000000,33.39220000000000,0.06480000000000,1.04550000000000,33.1244,6344.6006,14.8777,14.8129,0.0648,15.5713,0.2871,0.2871,0.0000,0.7783,6344.6006,NA
ExperienceX.exe,56308,0x216C829D570,DXGI,1,0,0,Composed: Flip,6377.8394,NA,18.42590000000000,16.98180000000000,0.09250000000000,1.07550000000000,31.6803,6359.4783,18.4536,18.3611,0.0925,17.5256,1.9110,1.9110,0.0000,-2.1041,6359.4783,NA
ExperienceX.exe,56308,0x216C7EA03E0,DXGI,1,0,0,Composed: Flip,6310.1301,NA,17.35510000000000,16.75360000000000,0.27780000000000,1.36150000000000,32.4939,6292.8598,17.5481,17.2703,0.2778,17.0786,1.5532,1.5532,0.0000,-0.7209,6292.8598,NA
ExperienceX.exe,56308,0x216C7EA03E0,DXGI,1,0,0,Composed: Flip,6326.2543,NA,16.12420000000000,NA,0.22160000000000,0.78900000000000,NA,6310.4079,16.0680,15.8464,0.2216,1.6033,15.0321,2.7112,12.3209,NA,NA,NA
ExperienceX.exe,56308,0x216C7EA03E0,DXGI,1,0,0,Composed: Flip,6344.2705,NA,18.01620000000000,NA,0.06530000000000,1.35240000000000,NA,6326.4759,17.8599,17.7946,0.0653,18.8636,0.2834,0.2834,0.0000,NA,NA,NA
ExperienceX.exe,56308,0x216C7EA03E0,DXGI,1,0,0,Composed: Flip,6359.4419,NA,15.17140000000000,NA,0.09510000000000,1.29070000000000,NA,6344.3358,15.2012,15.1061,0.0951,16.1232,0.2736,0.2681,0.0055,NA,NA,NA
ExperienceX.exe,56308,0x216C7EA03E0,DXGI,1,0,0,Composed: Flip,6377.5632,NA,18.12130000000000,NA,0.39390000000000,2.78440000000000,NA,6359.5370,18.4201,18.0262,0.3939,19.6407,1.1699,1.1699,0.0000,NA,NA,NA
ExperienceX.exe,56308,0x216C7EA03E0,DXGI,1,0,0,Composed: Flip,6393.0181,NA,15.45490000000000,NA,0.31510000000000,1.58460000000000,NA,6377.9571,15.3761,15.0610,0.3151,16.2284,0.4172,0.4172,0.0000,NA,NA,NA
ExperienceX.exe,56308,0x216838E1150,DXGI,1,0,0,Composed: Flip,6344.3810,NA,18.11960000000000,166.72040000000001,0.06160000000000,0.95850000000000,31.5030,6326.4552,17.9874,17.9258,0.0616,17.3692,1.5151,1.3775,0.1376,-0.1125,6326.4552,NA
ExperienceX.exe,56308,0x216838E1150,DXGI,1,0,0,Composed: Flip,6359.4170,NA,15.03600000000000,NA,0.06130000000000,0.75490000000000,NA,6344.4426,15.0357,14.9744,0.0613,2.0684,13.6609,2.7944,10.8665,NA,NA,NA
ExperienceX.exe,56308,0x216838E1150,DXGI,1,0,0,Composed: Flip,6377.7240,NA,18.30700000000000,NA,0.11840000000000,1.45370000000000,NA,6359.4783,18.3641,18.2457,0.1184,19.4366,0.2628,0.2628,0.0000,NA,NA,NA
ExperienceX.exe,56308,0x216838E1150,DXGI,1,0,0,Composed: Flip,6393.1012,NA,15.37720000000000,NA,0.28380000000000,1.08430000000000,NA,6377.8424,15.5426,15.2588,0.2838,2.5052,13.8379,2.1762,11.6617,NA,NA,NA
ExperienceX.exe,56308,0x216838E1150,DXGI,1,0,0,Composed: Flip,6413.4337,NA,20.33250000000000,NA,0.28630000000000,1.54370000000000,NA,6393.3850,20.3350,20.0487,0.2863,20.9890,0.6034,0.6034,0.0000,NA,NA,NA
ExperienceX.exe,56308,0x216838E1150,DXGI,1,0,0,Composed: Flip,6426.7413,NA,13.30760000000000,83.34440000000001,0.08460000000000,1.17980000000000,32.4871,6413.7200,13.1059,13.0213,0.0846,1.2665,12.9346,3.1313,9.8033,3.9204,6413.7200,NA
ExperienceX.exe,56308,0x216838E1150,DXGI,1,0,0,Composed: Flip,6445.8840,NA,19.14270000000000,16.68700000000000,0.61290000000000,1.27060000000000,30.0314,6426.8259,19.6710,19.0581,0.6129,20.0451,0.2836,0.2836,0.0000,-3.5811,6426.8259,NA
ExperienceX.exe,56308,0x216838E1150,DXGI,1,0,0,Composed: Flip,6459.5994,NA,13.71540000000000,16.63000000000000,0.04960000000000,0.69530000000000,32.9460,6446.4969,13.1521,13.1025,0.0496,13.6714,0.1264,0.1264,0.0000,3.0410,6446.4969,NA
ExperienceX.exe,56308,0x216838E1150,DXGI,1,0,0,Composed: Flip,6476.9483,NA,17.34890000000000,16.66480000000000,0.34060000000000,1.91820000000000,32.2619,6459.6490,17.6399,17.2993,0.3406,18.9446,0.2729,0.2729,0.0000,-3.5127,6459.6490,NA
ExperienceX.exe,56308,0x216C829D570,DXGI,1,0,0,Composed: Flip,6393.1023,NA,15.26290000000000,16.81810000000000,0.28270000000000,1.51990000000000,33.2355,6377.9319,15.4531,15.1704,0.2827,16.6708,0.0195,0.0121,0.0074,1.6355,6377.9319,NA
ExperienceX.exe,56308,0x216C829D570,DXGI,1,0,0,Composed: Flip,6413.5746,NA,20.47230000000000,NA,0.26140000000000,1.41190000000000,NA,6393.3850,20.4510,20.1896,0.2614,21.5924,0.0091,0.0091,0.0000,NA,NA,NA
ExperienceX.exe,56308,0x216C829D570,DXGI,1,0,0,Composed: Flip,6445.9151,NA,32.34050000000000,NA,0.14290000000000,1.51960000000000,NA,6413.8360,32.2220,32.0791,0.1429,33.3186,0.2801,0.2801,0.0000,NA,NA,NA
ExperienceX.exe,56308,0x216C829D570,DXGI,1,0,0,Composed: Flip,6459.5973,NA,13.68220000000000,NA,0.05170000000000,0.57100000000000,NA,6446.0580,13.5910,13.5393,0.0517,1.3767,12.7336,3.3394,9.3942,NA,NA,NA
ExperienceX.exe,56308,0x216C829D570,DXGI,1,0,0,Composed: Flip,6477.2218,NA,17.62450000000000,NA,0.06690000000000,0.62110000000000,NA,6459.6490,17.6397,17.5728,0.0669,17.0876,1.1063,1.1063,0.0000,NA,NA,NA
ExperienceX.exe,56308,0x216C829D570,DXGI,1,0,0,Composed: Flip,6492.9751,NA,15.75330000000000,NA,0.22680000000000,1.07600000000000,NA,6477.2887,15.9132,15.6864,0.2268,16.6272,0.1352,0.1271,0.0081,NA,NA,NA
ExperienceX.exe,56308,0x216C7EA03E0,DXGI,1,0,0,Composed: Flip,6413.5668,NA,20.54870000000000,100.94660000000000,0.21980000000000,0.80720000000000,30.0038,6393.3332,20.4534,20.2336,0.2198,18.7931,2.2477,2.2477,0.0000,-0.4732,6393.3332,NA
ExperienceX.exe,56308,0x216C7EA03E0,DXGI,1,0,0,Composed: Flip,6426.7955,NA,13.22870000000000,NA,0.29300000000000,2.17810000000000,NA,6413.7866,13.3019,13.0089,0.2930,14.2187,0.9683,0.9562,0.0121,NA,NA,NA
ExperienceX.exe,56308,0x216C7EA03E0,DXGI,1,0,0,Composed: Flip,6445.8838,NA,19.08830000000000,NA,0.49390000000000,0.98720000000000,NA,6427.0885,19.2892,18.7953,0.4939,18.1842,1.5983,1.5983,0.0000,NA,NA,NA
ExperienceX.exe,56308,0x216C7EA03E0,DXGI,1,0,0,Composed: Flip,6459.6264,NA,13.74260000000000,NA,0.20200000000000,1.11650000000000,NA,6446.3777,13.4507,13.2487,0.2020,13.9170,0.4482,0.4394,0.0088,NA,NA,NA
ExperienceX.exe,56308,0x216C7EA03E0,DXGI,1,0,0,Composed: Flip,6477.0069,NA,17.38050000000000,NA,0.35080000000000,1.58670000000000,NA,6459.8284,17.5293,17.1785,0.3508,18.0145,0.7507,0.7507,0.0000,NA,NA,NA
ExperienceX.exe,56308,0x216C7EA03E0,DXGI,1,0,0,Composed: Flip,6492.9763,NA,15.96940000000000,NA,0.22560000000000,0.93960000000000,NA,6477.3577,15.8442,15.6186,0.2256,16.0203,0.5379,0.5379,0.0000,NA,NA,NA
ExperienceX.exe,56308,0x216C7EA03E0,DXGI,1,0,0,Composed: Flip,6510.6425,NA,17.66620000000000,NA,0.18900000000000,1.35700000000000,NA,6493.2019,17.6296,17.4406,0.1890,18.5161,0.2815,0.2815,0.0000,NA,NA,NA
ExperienceX.exe,56308,0x216C7EA03E0,DXGI,1,0,0,Composed: Flip,6526.2093,NA,15.56680000000000,115.66690000000001,0.17620000000000,0.64670000000000,33.0282,6510.8315,15.5540,15.3778,0.1762,1.4368,14.5877,2.6831,11.9046,1.8314,6510.8315,NA
ExperienceX.exe,56308,0x216C7EA03E0,DXGI,1,0,0,Composed: Flip,6544.6342,NA,18.42490000000000,16.71780000000000,0.18920000000000,1.50180000000000,31.3211,6526.3855,18.4379,18.2487,0.1892,19.4718,0.2787,0.2787,0.0000,-1.1638,6526.3855,NA
ExperienceX.exe,56308,0x216838E1150,DXGI,1,0,0,Composed: Flip,6492.8529,NA,15.90460000000000,16.68020000000000,0.04230000000000,0.52510000000000,33.0375,6477.2889,15.6063,15.5640,0.0423,1.5776,14.5115,2.7137,11.7978,0.9597,6477.2889,NA
ExperienceX.exe,56308,0x216838E1150,DXGI,1,0,0,Composed: Flip,6510.7934,NA,17.94050000000000,NA,0.10560000000000,0.92460000000000,NA,6492.8952,18.0038,17.8982,0.1056,17.2203,1.6025,1.6025,0.0000,NA,NA,NA
ExperienceX.exe,56308,0x216838E1150,DXGI,1,0,0,Composed: Flip,6526.2092,NA,15.41580000000000,NA,0.17630000000000,1.23260000000000,NA,6510.8990,15.4865,15.3102,0.1763,16.2429,0.2999,0.2948,0.0051,NA,NA,NA
ExperienceX.exe,56308,0x216838E1150,DXGI,1,0,0,Composed: Flip,6544.7082,NA,18.49900000000000,NA,0.11970000000000,1.14910000000000,NA,6526.3855,18.4424,18.3227,0.1197,19.1958,0.2760,0.2760,0.0000,NA,NA,NA
ExperienceX.exe,56308,0x216838E1150,DXGI,1,0,0,Composed: Flip,6559.6026,NA,14.89440000000000,NA,0.15040000000000,0.95620000000000,NA,6544.8279,14.9251,14.7747,0.1504,15.4410,0.2899,0.2899,0.0000,NA,NA,NA
ExperienceX.exe,56308,0x216C7EA03E0,DXGI,1,0,0,Composed: Flip,6559.6029,NA,14.96870000000000,16.61830000000000,0.14970000000000,0.66600000000000,32.9707,6544.8234,14.9292,14.7795,0.1497,1.3126,14.1329,2.8807,11.2522,1.8196,6544.8234,NA
ExperienceX.exe,56308,0x216C7EA03E0,DXGI,1,0,0,Composed: Flip,6577.7606,NA,18.15770000000000,NA,0.18130000000000,1.04600000000000,NA,6559.7526,18.1893,18.0080,0.1813,18.9033,0.1507,0.1507,0.0000,NA,NA,NA
ExperienceX.exe,56308,0x216C829D570,DXGI,1,0,0,Composed: Flip,6510.7830,NA,17.80790000000000,116.25240000000001,0.11590000000000,1.48530000000000,31.8072,6493.2019,17.6970,17.5811,0.1159,18.7976,0.2688,0.2688,0.0000,-0.9824,6493.2019,NA
ExperienceX.exe,56308,0x216C829D570,DXGI,1,0,0,Composed: Flip,6544.7411,NA,33.95810000000000,NA,0.08780000000000,0.84020000000000,NA,6510.8989,33.9300,33.8422,0.0878,33.0186,1.6638,1.6638,0.0000,NA,NA,NA
ExperienceX.exe,56308,0x216C829D570,DXGI,1,0,0,Composed: Flip,6559.6028,NA,14.86170000000000,NA,0.14970000000000,1.23420000000000,NA,6544.8289,14.9236,14.7739,0.1497,15.7299,0.2782,0.2728,0.0054,NA,NA,NA
ExperienceX.exe,56308,0x216C829D570,DXGI,1,0,0,Composed: Flip,6577.8939,NA,18.29110000000000,NA,0.10070000000000,0.76200000000000,NA,6559.7525,18.2421,18.1414,0.1007,17.3281,1.5753,1.5753,0.0000,NA,NA,NA
ExperienceX.exe,56308,0x216C829D570,DXGI,1,0,0,Composed: Flip,6592.8823,NA,14.98840000000000,NA,0.16360000000000,2.14900000000000,NA,6577.9946,15.0513,14.8877,0.1636,16.7613,0.2754,0.2697,0.0057,NA,NA,NA
ExperienceX.exe,56308,0x216C829D570,DXGI,1,0,0,Composed: Flip,6610.6702,NA,17.78790000000000,99.96210000000001,0.34070000000000,4.35390000000000,31.8821,6593.0459,17.9650,17.6243,0.3407,20.1522,1.8260,1.8260,0.0000,-0.1181,6593.0459,NA
ExperienceX.exe,56308,0x216C7EA03E0,DXGI,1,0,0,Composed: Flip,6592.9251,NA,15.16450000000000,33.29860000000000,0.34790000000000,1.83080000000000,32.9471,6577.9419,15.3311,14.9832,0.3479,16.4707,0.3433,0.3433,0.0000,-0.1801,6577.9419,NA
ExperienceX.exe,56308,0x216C7EA03E0,DXGI,1,0,0,Composed: Flip,6610.6716,NA,17.74650000000000,NA,0.33520000000000,4.77610000000000,NA,6593.2730,17.7338,17.3986,0.3352,21.7511,0.4236,0.4236,0.0000,NA,NA,NA
ExperienceX.exe,56308,0x216C7EA03E0,DXGI,1,0,0,Composed: Flip,6626.3303,NA,15.65870000000000,NA,0.28990000000000,1.69320000000000,NA,6611.0068,15.6134,15.3235,0.2899,16.7364,0.2803,0.2728,0.0075,NA,NA,NA
ExperienceX.exe,56308,0x216838E1150,DXGI,1,0,0,Composed: Flip,6577.7926,NA,18.19000000000000,83.54030000000000,0.17750000000000,1.57990000000000,31.6381,6559.7530,18.2171,18.0396,0.1775,19.0536,0.5659,0.5659,0.0000,-1.0762,6559.7530,NA
ExperienceX.exe,56308,0x216838E1150,DXGI,1,0,0,Composed: Flip,6592.8820,NA,15.08940000000000,NA,0.16390000000000,1.19960000000000,NA,6577.9701,15.0758,14.9119,0.1639,1.4024,14.7091,3.1630,11.5461,NA,NA,NA
ExperienceX.exe,56308,0x216838E1150,DXGI,1,0,0,Composed: Flip,6610.6724,NA,17.79040000000000,NA,0.33910000000000,2.52570000000000,NA,6593.0459,17.9656,17.6265,0.3391,18.4034,1.7488,1.7488,0.0000,NA,NA,NA
ExperienceX.exe,56308,0x216838E1150,DXGI,1,0,0,Composed: Flip,6626.3024,NA,15.63000000000000,NA,0.15290000000000,1.44080000000000,NA,6611.0115,15.4438,15.2909,0.1529,16.4559,0.2758,0.2758,0.0000,NA,NA,NA
ExperienceX.exe,56308,0x216838E1150,DXGI,1,0,0,Composed: Flip,6643.5706,NA,17.26820000000000,NA,0.15090000000000,2.16410000000000,NA,6626.4553,17.2662,17.1153,0.1509,19.0116,0.2678,0.2678,0.0000,NA,NA,NA
ExperienceX.exe,56308,0x216C829D570,DXGI,1,0,0,Composed: Flip,6626.3313,NA,15.66110000000000,16.65990000000000,0.28890000000000,1.13610000000000,32.8809,6611.0109,15.6093,15.3204,0.2889,4.4368,12.0197,3.0133,9.0064,1.3051,6611.0109,NA
ExperienceX.exe,56308,0x216C829D570,DXGI,1,0,0,Composed: Flip,6645.1047,NA,18.77340000000000,NA,0.36050000000000,1.21050000000000,NA,6626.6202,18.8450,18.4845,0.3605,19.1145,0.5805,0.5805,0.0000,NA,NA,NA
ExperienceX.exe,56308,0x216C829D570,DXGI,1,0,0,Composed: Flip,6659.5377,NA,14.43300000000000,NA,0.15320000000000,1.29220000000000,NA,6645.4652,14.2257,14.0725,0.1532,15.0850,0.2797,0.2797,0.0000,NA,NA,NA
ExperienceX.exe,56308,0x216838E1150,DXGI,1,0,0,Composed: Flip,6659.5379,NA,15.96730000000000,83.04750000000000,0.15300000000000,1.56990000000000,32.9403,6643.7215,15.9694,15.8164,0.1530,17.1084,0.2779,0.2718,0.0061,0.9210,6643.7215,NA
ExperienceX.exe,56308,0x216838E1150,DXGI,1,0,0,Composed: Flip,6676.5968,NA,17.05890000000000,NA,0.17540000000000,2.52290000000000,NA,6659.6909,17.0813,16.9059,0.1754,19.1727,0.2561,0.2561,0.0000,NA,NA,NA
ExperienceX.exe,56308,0x216C829D570,DXGI,1,0,0,Composed: Flip,6676.5959,NA,17.05820000000000,49.97250000000000,0.73420000000000,2.09510000000000,32.5888,6659.6909,17.6392,16.9050,0.7342,17.2129,1.7872,1.7872,0.0000,-1.2925,6659.6909,NA
ExperienceX.exe,56308,0x216C829D570,DXGI,1,0,0,Composed: Flip,6692.6681,NA,16.07220000000000,NA,0.05640000000000,1.25310000000000,NA,6677.3301,15.3944,15.3380,0.0564,15.7645,0.8266,0.5945,0.2321,NA,NA,NA
ExperienceX.exe,56308,0x216C7EA03E0,DXGI,1,0,0,Composed: Flip,6643.5698,NA,17.23950000000000,49.95780000000000,0.15150000000000,1.89710000000000,32.2602,6626.6202,17.1011,16.9496,0.1515,17.4667,1.3800,1.3800,0.0000,-1.2795,6626.6202,NA
ExperienceX.exe,56308,0x216C7EA03E0,DXGI,1,0,0,Composed: Flip,6659.5378,NA,15.96800000000000,NA,0.15310000000000,1.01240000000000,NA,6643.7213,15.9696,15.8165,0.1531,2.5939,14.2350,3.7649,10.4701,NA,NA,NA
ExperienceX.exe,56308,0x216C7EA03E0,DXGI,1,0,0,Composed: Flip,6676.5954,NA,17.05760000000000,NA,0.87100000000000,2.26820000000000,NA,6659.6909,17.7755,16.9045,0.8710,19.0001,0.1726,0.1726,0.0000,NA,NA,NA
ExperienceX.exe,56308,0x216C7EA03E0,DXGI,1,0,0,Composed: Flip,6692.6649,NA,16.06950000000000,NA,0.05980000000000,0.42970000000000,NA,6677.4664,15.2583,15.1985,0.0598,1.6533,13.9749,3.6629,10.3120,NA,NA,NA
ExperienceX.exe,56308,0x216C7EA03E0,DXGI,1,0,0,Composed: Flip,6710.6677,NA,18.00280000000000,NA,0.19930000000000,1.67100000000000,NA,6692.7247,18.1423,17.9430,0.1993,19.3408,0.2732,0.2732,0.0000,NA,NA,NA
ExperienceX.exe,56308,0x216C7EA03E0,DXGI,1,0,0,Composed: Flip,6726.1425,NA,15.47480000000000,83.42210000000000,0.12070000000000,1.18780000000000,33.1096,6710.8670,15.3962,15.2755,0.1207,16.1814,0.2819,0.2748,0.0071,0.8247,6710.8670,NA
ExperienceX.exe,56308,0x216838E1150,DXGI,1,0,0,Composed: Flip,6692.6697,NA,16.07290000000000,33.38830000000000,0.05480000000000,1.53460000000000,33.1968,6676.7722,15.9523,15.8975,0.0548,17.1490,0.2831,0.2700,0.0131,-0.3376,6676.7722,NA
ExperienceX.exe,56308,0x216838E1150,DXGI,1,0,0,Composed: Flip,6710.3304,NA,17.66070000000000,NA,0.55650000000000,1.73510000000000,NA,6692.7245,18.1624,17.6059,0.5565,19.0498,0.2912,0.2912,0.0000,NA,NA,NA
ExperienceX.exe,56308,0x216838E1150,DXGI,1,0,0,Composed: Flip,6726.1256,NA,15.79520000000000,NA,0.07060000000000,0.92280000000000,NA,6710.8869,15.3093,15.2387,0.0706,15.8790,0.2825,0.2825,0.0000,NA,NA,NA
ExperienceX.exe,56308,0x216838E1150,DXGI,1,0,0,Composed: Flip,6743.4119,NA,17.28630000000000,NA,0.34070000000000,1.63390000000000,NA,6726.1962,17.5564,17.2157,0.3407,18.0829,0.7667,0.7667,0.0000,NA,NA,NA
ExperienceX.exe,56308,0x216C829D570,DXGI,1,0,0,Composed: Flip,6710.6562,NA,17.98810000000000,33.31540000000000,0.20960000000000,1.11810000000000,31.8439,6692.7245,18.1413,17.9317,0.2096,17.3914,1.6584,1.6584,0.0000,-0.2818,6692.7245,NA
ExperienceX.exe,56308,0x216C829D570,DXGI,1,0,0,Composed: Flip,6726.1432,NA,15.48700000000000,NA,0.12000000000000,0.62270000000000,NA,6710.8658,15.3974,15.2774,0.1200,1.4729,14.4272,2.5996,11.8276,NA,NA,NA
ExperienceX.exe,56308,0x216C829D570,DXGI,1,0,0,Composed: Flip,6743.5385,NA,17.39530000000000,NA,0.06570000000000,0.74060000000000,NA,6726.2632,17.3410,17.2753,0.0657,16.8842,1.1317,1.1317,0.0000,NA,NA,NA
ExperienceX.exe,56308,0x216C829D570,DXGI,1,0,0,Composed: Flip,6759.6256,NA,16.08710000000000,NA,0.23670000000000,0.91060000000000,NA,6743.6042,16.2581,16.0214,0.2367,16.4535,0.4785,0.4785,0.0000,NA,NA,NA
ExperienceX.exe,56308,0x216C7EA03E0,DXGI,1,0,0,Composed: Flip,6743.5439,NA,17.40140000000000,16.59320000000000,0.06030000000000,1.78000000000000,32.3014,6726.2632,17.3410,17.2807,0.0603,18.7826,0.2781,0.2781,0.0000,-1.1970,6726.2632,NA
ExperienceX.exe,56308,0x216C7EA03E0,DXGI,1,0,0,Composed: Flip,6759.6276,NA,16.08370000000000,NA,0.23460000000000,0.97140000000000,NA,6743.6042,16.2580,16.0234,0.2346,16.9320,0.0628,0.0531,0.0097,NA,NA,NA
ExperienceX.exe,56308,0x216C7EA03E0,DXGI,1,0,0,Composed: Flip,6776.5055,NA,16.87790000000000,NA,0.13170000000000,2.36730000000000,NA,6759.8622,16.7750,16.6433,0.1317,18.4307,0.5799,0.5799,0.0000,NA,NA,NA
ExperienceX.exe,56308,0x216838E1150,DXGI,1,0,0,Composed: Flip,6759.5470,NA,16.13510000000000,66.73160000000000,0.05690000000000,0.51070000000000,33.0511,6743.7526,15.8513,15.7944,0.0569,1.5713,14.7338,2.6064,12.1274,0.2488,6743.7526,NA
ExperienceX.exe,56308,0x216838E1150,DXGI,1,0,0,Composed: Flip,6776.7724,NA,17.22540000000000,NA,0.12940000000000,1.52050000000000,NA,6759.6039,17.2979,17.1685,0.1294,18.4046,0.2844,0.2844,0.0000,NA,NA,NA
ExperienceX.exe,56308,0x216838E1150,DXGI,1,0,0,Composed: Flip,6793.0584,NA,16.28600000000000,NA,0.15410000000000,1.45220000000000,NA,6776.9018,16.3107,16.1566,0.1541,17.6061,0.0027,0.0027,0.0000,NA,NA,NA
ExperienceX.exe,56308,0x216C829D570,DXGI,1,0,0,Composed: Flip,6776.7721,NA,17.14650000000000,66.84470000000000,0.06320000000000,1.23640000000000,32.5727,6759.8623,16.9730,16.9098,0.0632,16.7587,1.3875,1.3875,0.0000,0.2931,6759.8623,NA
ExperienceX.exe,56308,0x216C829D570,DXGI,1,0,0,Composed: Flip,6793.0585,NA,16.28640000000000,NA,0.17210000000000,0.88070000000000,NA,6776.8353,16.3953,16.2232,0.1721,2.0375,15.0664,2.8320,12.2344,NA,NA,NA
ExperienceX.exe,56308,0x216C829D570,DXGI,1,0,0,Composed: Flip,6810.9989,NA,17.94040000000000,NA,0.91720000000000,1.97350000000000,NA,6793.2306,18.6855,17.7683,0.9172,19.4703,0.2715,0.2715,0.0000,NA,NA,NA
ExperienceX.exe,56308,0x216C829D570,DXGI,1,0,0,Composed: Flip,6826.5543,NA,15.55540000000000,49.79600000000000,0.08880000000000,0.95330000000000,32.5865,6811.9161,14.7270,14.6382,0.0888,1.0563,14.5352,3.0590,11.4762,2.2578,6811.9161,NA
ExperienceX.exe,56308,0x216C7EA03E0,DXGI,1,0,0,Composed: Flip,6793.1043,NA,16.59880000000000,50.25010000000000,0.25110000000000,1.40250000000000,32.9911,6776.6372,16.7182,16.4671,0.2511,17.3020,0.5676,0.5591,0.0085,0.1239,6776.6372,NA
ExperienceX.exe,56308,0x216C7EA03E0,DXGI,1,0,0,Composed: Flip,6811.1732,NA,18.06890000000000,NA,0.25050000000000,1.27740000000000,NA,6793.3554,18.0683,17.8178,0.2505,17.3004,1.7948,1.7948,0.0000,NA,NA,NA
ExperienceX.exe,56308,0x216C7EA03E0,DXGI,1,0,0,Composed: Flip,6826.7162,NA,15.54300000000000,NA,0.51020000000000,2.05240000000000,NA,6811.4237,15.8027,15.2925,0.5102,17.3280,0.0169,0.0169,0.0000,NA,NA,NA
ExperienceX.exe,56308,0x216C7EA03E0,DXGI,1,0,0,Composed: Flip,6844.5879,NA,17.87170000000000,NA,0.05880000000000,1.18320000000000,NA,6827.2264,17.4203,17.3615,0.0588,18.2861,0.2586,0.2586,0.0000,NA,NA,NA
ExperienceX.exe,56308,0x216C7EA03E0,DXGI,1,0,0,Composed: Flip,6859.4115,NA,14.82360000000000,66.36860000000000,0.16290000000000,1.00700000000000,33.0525,6844.6467,14.9277,14.7648,0.1629,1.4197,14.3521,3.1587,11.1934,1.6409,6844.6467,NA
ExperienceX.exe,56308,0x216C7EA03E0,DXGI,1,0,0,Composed: Flip,6876.5824,NA,17.17090000000000,16.71860000000000,0.29400000000000,1.23080000000000,32.6002,6859.5744,17.3020,17.0080,0.2940,16.8186,1.4202,1.4202,0.0000,-1.7909,6859.5744,NA
ExperienceX.exe,56308,0x216C7EA03E0,DXGI,1,0,0,Composed: Flip,6892.8105,NA,16.22810000000000,16.76300000000000,0.16400000000000,1.13650000000000,33.1351,6876.8764,16.0981,15.9341,0.1640,16.7630,0.3076,0.3076,0.0000,0.5390,6876.8764,NA
ExperienceX.exe,56308,0x216838E1150,DXGI,1,0,0,Composed: Flip,6810.4993,NA,17.44090000000000,49.87890000000000,0.80610000000000,2.20160000000000,31.9777,6793.2125,18.0929,17.2868,0.8061,19.2381,0.2503,0.2503,0.0000,-0.4190,6793.2125,NA
ExperienceX.exe,56308,0x216838E1150,DXGI,1,0,0,Composed: Flip,6826.5550,NA,16.05570000000000,NA,0.08690000000000,2.12940000000000,NA,6811.3054,15.3365,15.2496,0.0869,16.2022,1.1768,1.1528,0.0240,NA,NA,NA
ExperienceX.exe,56308,0x216838E1150,DXGI,1,0,0,Composed: Flip,6843.9728,NA,17.41780000000000,NA,0.43670000000000,2.09360000000000,NA,6826.6419,17.7676,17.3309,0.4367,19.1292,0.2953,0.2953,0.0000,NA,NA,NA
ExperienceX.exe,56308,0x216838E1150,DXGI,1,0,0,Composed: Flip,6859.4003,NA,15.42750000000000,NA,0.13760000000000,1.54630000000000,NA,6844.4095,15.1284,14.9908,0.1376,16.2657,0.2714,0.2661,0.0053,NA,NA,NA
ExperienceX.exe,56308,0x216838E1150,DXGI,1,0,0,Composed: Flip,6876.6179,NA,17.21760000000000,NA,0.17770000000000,1.47860000000000,NA,6859.5379,17.2577,17.0800,0.1777,18.2753,0.2833,0.2833,0.0000,NA,NA,NA
ExperienceX.exe,56308,0x216838E1150,DXGI,1,0,0,Composed: Flip,6892.8078,NA,16.18990000000000,NA,0.12810000000000,0.83160000000000,NA,6876.7956,16.1403,16.0122,0.1281,2.5055,14.3383,2.3852,11.9531,NA,NA,NA
ExperienceX.exe,56308,0x216838E1150,DXGI,1,0,0,Composed: Flip,6910.7268,NA,17.91900000000000,NA,0.32050000000000,1.64300000000000,NA,6892.9359,18.1114,17.7909,0.3205,17.5248,1.9091,1.7376,0.1715,NA,NA,NA
ExperienceX.exe,56308,0x216C829D570,DXGI,1,0,0,Composed: Flip,6843.7940,NA,17.23970000000000,16.66200000000000,0.97840000000000,1.71850000000000,32.0088,6826.6431,18.1293,17.1509,0.9784,16.8637,2.0057,1.6900,0.3157,-1.9350,6826.6431,NA
ExperienceX.exe,56308,0x216C829D570,DXGI,1,0,0,Composed: Flip,6859.4010,NA,15.60700000000000,NA,0.13680000000000,1.27420000000000,NA,6844.7724,14.7654,14.6286,0.1368,15.6461,0.2567,0.2567,0.0000,NA,NA,NA
ExperienceX.exe,56308,0x216C829D570,DXGI,1,0,0,Composed: Flip,6876.6350,NA,17.23400000000000,NA,0.32660000000000,2.66610000000000,NA,6859.5378,17.4238,17.0972,0.3266,18.5587,1.2046,1.2046,0.0000,NA,NA,NA
ExperienceX.exe,56308,0x216C829D570,DXGI,1,0,0,Composed: Flip,6892.8080,NA,16.17300000000000,NA,0.12790000000000,1.45110000000000,NA,6876.9616,15.9743,15.8464,0.1279,16.9854,0.3121,0.3055,0.0066,NA,NA,NA
ExperienceX.exe,56308,0x216C829D570,DXGI,1,0,0,Composed: Flip,6910.9973,NA,18.18930000000000,NA,0.12480000000000,1.66250000000000,NA,6892.9359,18.1862,18.0614,0.1248,19.4339,0.2900,0.2900,0.0000,NA,NA,NA
ExperienceX.exe,56308,0x216C829D570,DXGI,1,0,0,Composed: Flip,6926.2579,NA,15.26060000000000,NA,0.06920000000000,0.89790000000000,NA,6911.1221,15.2050,15.1358,0.0692,16.0109,0.0228,0.0228,0.0000,NA,NA,NA
ExperienceX.exe,56308,0x216C829D570,DXGI,1,0,0,Composed: Flip,6943.9297,NA,17.67180000000000,100.00860000000000,0.10610000000000,1.13190000000000,31.8817,6926.3271,17.7087,17.6026,0.1061,17.0702,1.6643,1.6643,0.0000,-0.3246,6926.3271,NA
ExperienceX.exe,56308,0x216C7EA03E0,DXGI,1,0,0,Composed: Flip,6910.7261,NA,17.91560000000000,16.55800000000000,0.39620000000000,2.21320000000000,31.7775,6892.9745,18.1478,17.7516,0.3962,19.6853,0.2795,0.2795,0.0000,-0.4599,6892.9745,NA
ExperienceX.exe,56308,0x216C7EA03E0,DXGI,1,0,0,Composed: Flip,6926.3073,NA,15.58120000000000,NA,0.20540000000000,0.99020000000000,NA,6911.1223,15.3904,15.1850,0.2054,16.0335,0.1417,0.1320,0.0097,NA,NA,NA
ExperienceX.exe,56308,0x216C7EA03E0,DXGI,1,0,0,Composed: Flip,6943.9079,NA,17.60060000000000,NA,0.12870000000000,1.74050000000000,NA,6926.5127,17.5239,17.3952,0.1287,18.8342,0.3015,0.3015,0.0000,NA,NA,NA
ExperienceX.exe,56308,0x216C7EA03E0,DXGI,1,0,0,Composed: Flip,6959.4567,NA,15.54880000000000,NA,0.09690000000000,1.04590000000000,NA,6944.0366,15.5170,15.4201,0.0969,16.1758,0.2902,0.2848,0.0054,NA,NA,NA
ExperienceX.exe,56308,0x216838E1150,DXGI,1,0,0,Composed: Flip,6926.2506,NA,15.52380000000000,116.70190000000001,0.04430000000000,0.88240000000000,32.9283,6911.0473,15.2476,15.2033,0.0443,1.8920,14.1937,3.1987,10.9950,1.1329,6911.0473,NA
ExperienceX.exe,56308,0x216838E1150,DXGI,1,0,0,Composed: Flip,6943.6804,NA,17.42980000000000,NA,0.41040000000000,1.66650000000000,NA,6926.2949,17.7959,17.3855,0.4104,18.7667,0.2853,0.2853,0.0000,NA,NA,NA
ExperienceX.exe,56308,0x216838E1150,DXGI,1,0,0,Composed: Flip,6959.4553,NA,15.77490000000000,NA,0.09850000000000,0.45070000000000,NA,6944.0908,15.4630,15.3645,0.0985,1.5576,14.2576,2.5700,11.6876,NA,NA,NA
ExperienceX.exe,56308,0x216838E1150,DXGI,1,0,0,Composed: Flip,6976.9748,NA,17.51950000000000,NA,0.16500000000000,1.75530000000000,NA,6959.5538,17.5860,17.4210,0.1650,18.8956,0.2807,0.2807,0.0000,NA,NA,NA
ExperienceX.exe,56308,0x216C829D570,DXGI,1,0,0,Composed: Flip,6959.4556,NA,15.52590000000000,16.80300000000000,0.09820000000000,0.75680000000000,33.1588,6944.0358,15.5180,15.4198,0.0982,15.8702,0.3064,0.3064,0.0000,0.9057,6944.0358,NA
ExperienceX.exe,56308,0x216C829D570,DXGI,1,0,0,Composed: Flip,6977.0051,NA,17.54950000000000,NA,0.12690000000000,1.44430000000000,NA,6959.5538,17.5782,17.4513,0.1269,17.0213,1.8743,1.7403,0.1340,NA,NA,NA
ExperienceX.exe,56308,0x216C829D570,DXGI,1,0,0,Composed: Flip,6993.2029,NA,16.19780000000000,NA,0.15520000000000,0.95060000000000,NA,6977.1320,16.2261,16.0709,0.1552,1.8836,15.1379,3.1214,12.0165,NA,NA,NA
ExperienceX.exe,56308,0x216C829D570,DXGI,1,0,0,Composed: Flip,7010.5964,NA,17.39350000000000,49.93920000000000,0.16280000000000,1.07660000000000,31.9572,6993.3581,17.4011,17.2383,0.1628,16.6702,1.6447,1.6447,0.0000,-0.6169,6993.3581,NA
ExperienceX.exe,56308,0x216838E1150,DXGI,1,0,0,Composed: Flip,6993.2210,NA,16.24620000000000,66.67340000000000,0.13680000000000,1.21590000000000,32.6313,6977.1398,16.2180,16.0812,0.1368,17.0137,0.2834,0.2834,0.0000,-0.5809,6977.1398,NA
ExperienceX.exe,56308,0x216838E1150,DXGI,1,0,0,Composed: Flip,7010.3739,NA,17.15290000000000,NA,0.38490000000000,1.56740000000000,NA,6993.3578,17.4010,17.0161,0.3849,18.3152,0.2683,0.2683,0.0000,NA,NA,NA
ExperienceX.exe,56308,0x216838E1150,DXGI,1,0,0,Composed: Flip,7026.2102,NA,15.83630000000000,NA,0.15140000000000,0.74210000000000,NA,7010.7588,15.6028,15.4514,0.1514,1.4852,14.7083,2.7291,11.9792,NA,NA,NA
ExperienceX.exe,56308,0x216C7EA03E0,DXGI,1,0,0,Composed: Flip,6976.8086,NA,17.35190000000000,66.65110000000000,0.33200000000000,2.20700000000000,32.3461,6959.5536,17.5870,17.2550,0.3320,19.1765,0.2855,0.2855,0.0000,-0.0720,6959.5536,NA
ExperienceX.exe,56308,0x216C7EA03E0,DXGI,1,0,0,Composed: Flip,6993.2477,NA,16.43910000000000,NA,0.21380000000000,1.47170000000000,NA,6977.1406,16.3209,16.1071,0.2138,17.2963,0.2825,0.2748,0.0077,NA,NA,NA
ExperienceX.exe,56308,0x216C7EA03E0,DXGI,1,0,0,Composed: Flip,7010.3350,NA,17.08730000000000,NA,0.42430000000000,1.90900000000000,NA,6993.4615,17.2978,16.8735,0.4243,18.4798,0.3027,0.3027,0.0000,NA,NA,NA
ExperienceX.exe,56308,0x216C7EA03E0,DXGI,1,0,0,Composed: Flip,7026.2939,NA,15.95890000000000,NA,0.35580000000000,1.24430000000000,NA,7010.7593,15.8904,15.5346,0.3558,16.4653,0.3136,0.3038,0.0098,NA,NA,NA
ExperienceX.exe,56308,0x216C7EA03E0,DXGI,1,0,0,Composed: Flip,7043.2878,NA,16.99390000000000,NA,0.97360000000000,2.82520000000000,NA,7026.6497,17.6117,16.6381,0.9736,19.1762,0.2871,0.2871,0.0000,NA,NA,NA
ExperienceX.exe,56308,0x216C829D570,DXGI,1,0,0,Composed: Flip,7026.2306,NA,15.63420000000000,16.59040000000000,0.13090000000000,0.99400000000000,32.9134,7010.7592,15.6023,15.4714,0.1309,16.1931,0.2723,0.2723,0.0000,0.8107,7010.7592,NA
ExperienceX.exe,56308,0x216C829D570,DXGI,1,0,0,Composed: Flip,7043.8929,NA,17.66230000000000,NA,0.58890000000000,2.40760000000000,NA,7026.3615,18.1203,17.5314,0.5889,19.7515,0.1875,0.1875,0.0000,NA,NA,NA
ExperienceX.exe,56308,0x216C829D570,DXGI,1,0,0,Composed: Flip,7059.3517,NA,15.45880000000000,NA,0.13090000000000,0.48070000000000,NA,7044.4818,15.0008,14.8699,0.1309,1.8187,13.5319,2.7550,10.7769,NA,NA,NA
ExperienceX.exe,56308,0x216C829D570,DXGI,1,0,0,Composed: Flip,7076.5550,NA,17.20330000000000,49.98570000000000,0.08130000000000,1.53300000000000,32.5747,7059.4826,17.1537,17.0724,0.0813,17.1713,1.4341,1.4341,0.0000,-1.2623,7059.4826,NA
ExperienceX.exe,56308,0x216838E1150,DXGI,1,0,0,Composed: Flip,7044.3183,NA,18.10810000000000,49.97210000000000,0.17540000000000,1.50760000000000,31.5061,7026.3616,18.1321,17.9567,0.1754,17.2722,2.1921,2.1921,0.0000,-0.7503,7026.3616,NA
ExperienceX.exe,56308,0x216838E1150,DXGI,1,0,0,Composed: Flip,7076.5040,NA,32.18570000000000,NA,0.37550000000000,2.45550000000000,NA,7044.4937,32.3858,32.0103,0.3755,33.8766,0.5892,0.5892,0.0000,NA,NA,NA
ExperienceX.exe,56308,0x216838E1150,DXGI,1,0,0,Composed: Flip,7092.7276,NA,16.22360000000000,NA,0.08810000000000,1.66450000000000,NA,7076.8795,15.9362,15.8481,0.0881,17.2258,0.2868,0.2819,0.0049,NA,NA,NA
ExperienceX.exe,56308,0x216C829D570,DXGI,1,0,0,Composed: Flip,7092.7558,NA,16.20080000000000,16.83670000000000,0.15340000000000,1.08690000000000,33.2106,7076.6363,16.2729,16.1195,0.1534,2.3232,14.8832,3.1220,11.7612,0.3170,7076.6363,NA
ExperienceX.exe,56308,0x216C829D570,DXGI,1,0,0,Composed: Flip,7110.1606,NA,17.40480000000000,NA,0.04730000000000,2.08180000000000,NA,7092.9092,17.2987,17.2514,0.0473,19.0600,0.2732,0.2732,0.0000,NA,NA,NA
ExperienceX.exe,56308,0x216C829D570,DXGI,1,0,0,Composed: Flip,7126.4570,NA,16.29640000000000,33.17600000000000,0.20120000000000,1.79640000000000,32.6854,7110.2079,16.4503,16.2491,0.2012,17.7584,0.2871,0.2779,0.0092,0.3956,7110.2079,NA
ExperienceX.exe,56308,0x216838E1150,DXGI,1,0,0,Composed: Flip,7110.2447,NA,17.51710000000000,66.65510000000000,0.15130000000000,1.40670000000000,32.2348,7092.8157,17.5803,17.4290,0.1513,16.9019,1.9338,1.8294,0.1044,-0.2010,7092.8157,NA
ExperienceX.exe,56308,0x216838E1150,DXGI,1,0,0,Composed: Flip,7126.4569,NA,16.21220000000000,NA,0.20140000000000,1.19630000000000,NA,7110.3960,16.2623,16.0609,0.2014,1.8464,15.4108,3.2757,12.1351,NA,NA,NA
ExperienceX.exe,56308,0x216838E1150,DXGI,1,0,0,Composed: Flip,7143.4072,NA,16.95030000000000,NA,0.52740000000000,2.27990000000000,NA,7126.6583,17.2763,16.7489,0.5274,18.7199,0.3089,0.3089,0.0000,NA,NA,NA
ExperienceX.exe,56308,0x216C7EA03E0,DXGI,1,0,0,Composed: Flip,7059.3522,NA,16.06440000000000,83.31460000000000,0.13030000000000,1.09730000000000,33.1171,7044.2614,15.2211,15.0908,0.1303,15.8639,0.3242,0.3177,0.0065,1.3932,7044.2614,NA
ExperienceX.exe,56308,0x216C7EA03E0,DXGI,1,0,0,Composed: Flip,7077.1347,NA,17.78250000000000,NA,0.09950000000000,1.23560000000000,NA,7059.4825,17.7517,17.6522,0.0995,18.6055,0.2823,0.2823,0.0000,NA,NA,NA
ExperienceX.exe,56308,0x216C7EA03E0,DXGI,1,0,0,Composed: Flip,7092.7555,NA,15.62080000000000,NA,0.15370000000000,1.34980000000000,NA,7077.2342,15.6750,15.5213,0.1537,16.6085,0.2626,0.2626,0.0000,NA,NA,NA
ExperienceX.exe,56308,0x216C7EA03E0,DXGI,1,0,0,Composed: Flip,7109.9079,NA,17.15240000000000,NA,0.36650000000000,2.06130000000000,NA,7092.9092,17.3652,16.9987,0.3665,18.7422,0.3178,0.3178,0.0000,NA,NA,NA
ExperienceX.exe,56308,0x216C7EA03E0,DXGI,1,0,0,Composed: Flip,7126.4566,NA,16.54870000000000,NA,0.20290000000000,1.50970000000000,NA,7110.2744,16.3851,16.1822,0.2029,17.3788,0.3131,0.3131,0.0000,NA,NA,NA
ExperienceX.exe,56308,0x216C7EA03E0,DXGI,1,0,0,Composed: Flip,7143.0657,NA,16.60910000000000,NA,0.49450000000000,2.31250000000000,NA,7126.6595,16.9007,16.4062,0.4945,16.5639,2.1548,1.7867,0.3681,NA,NA,NA
ExperienceX.exe,56308,0x216C7EA03E0,DXGI,1,0,0,Composed: Flip,7159.5909,NA,16.52520000000000,NA,0.12480000000000,1.08210000000000,NA,7143.5602,16.1555,16.0307,0.1248,2.4141,14.6987,3.4198,11.2789,NA,NA,NA
ExperienceX.exe,56308,0x216C829D570,DXGI,1,0,0,Composed: Flip,7143.4442,NA,16.98720000000000,17.03250000000000,0.13260000000000,2.53010000000000,32.7307,7126.6582,16.9186,16.7860,0.1326,19.0289,0.2872,0.2872,0.0000,-0.5822,7126.6582,NA
ExperienceX.exe,56308,0x216C829D570,DXGI,1,0,0,Composed: Flip,7159.5743,NA,16.13010000000000,NA,0.10120000000000,1.67180000000000,NA,7143.5768,16.0987,15.9975,0.1012,17.3652,0.3041,0.2971,0.0070,NA,NA,NA
ExperienceX.exe,56308,0x216C829D570,DXGI,1,0,0,Composed: Flip,7177.9391,NA,18.36480000000000,NA,0.08920000000000,2.03230000000000,NA,7159.6755,18.3528,18.2636,0.0892,20.2923,0.0036,0.0036,0.0000,NA,NA,NA
ExperienceX.exe,56308,0x216838E1150,DXGI,1,0,0,Composed: Flip,7159.6938,NA,16.28660000000000,49.99460000000001,0.18590000000000,1.24820000000000,32.7803,7143.9346,15.9451,15.7592,0.1859,16.7384,0.2690,0.2690,0.0000,1.1243,7143.9346,NA
ExperienceX.exe,56308,0x216838E1150,DXGI,1,0,0,Composed: Flip,7178.3760,NA,18.68220000000000,NA,0.18000000000000,1.59180000000000,NA,7159.8797,18.6763,18.4963,0.1800,20.0846,0.0035,0.0035,0.0000,NA,NA,NA
ExperienceX.exe,56308,0x216838E1150,DXGI,1,0,0,Composed: Flip,7192.7301,NA,14.35410000000000,NA,0.06510000000000,0.68260000000000,NA,7178.5560,14.2392,14.1741,0.0651,1.4154,13.4413,2.7313,10.7100,NA,NA,NA
ExperienceX.exe,56308,0x0,Other,-1,0,0,Composed: Flip,6194.1568,NA,166.75390000000002,633.27480000000003,0.00000000000000,0.34700000000000,31.6698,6027.4029,166.7539,166.7539,0.0000,166.8288,0.2721,0.2721,0.0000,-165.9652,6027.4029,NA
ExperienceX.exe,56308,0x0,Other,-1,0,0,Composed: Flip,6293.1754,NA,99.01860000000001,NA,0.00000000000000,0.33080000000000,NA,6194.1568,99.0186,99.0186,0.0000,99.0740,0.2754,0.2754,0.0000,NA,NA,NA
ExperienceX.exe,56308,0x0,Other,-1,0,0,Composed: Flip,6427.2770,NA,134.10160000000002,NA,0.00000000000000,0.72830000000000,NA,6293.1754,134.1016,134.1016,0.0000,134.7457,0.0842,0.0842,0.0000,NA,NA,NA
ExperienceX.exe,56308,0x0,Other,-1,0,0,Composed: Flip,6526.7152,NA,99.43820000000001,NA,0.00000000000000,0.42670000000000,NA,6427.2770,99.4382,99.4382,0.0000,99.5790,0.2859,0.2859,0.0000,NA,NA,NA
ExperienceX.exe,56308,0x0,Other,-1,0,0,Composed: Flip,7059.7556,NA,533.04039999999998,NA,0.00000000000000,0.36970000000000,NA,6526.7152,533.0404,533.0404,0.0000,533.1172,0.2929,0.2929,0.0000,NA,NA,NA
ExperienceX.exe,56308,0x216838E1150,DXGI,1,0,0,Composed: Flip,7210.8446,NA,18.11450000000000,50.37300000000000,0.07070000000000,1.36880000000000,32.0025,7192.7952,18.1201,18.0494,0.0707,17.5211,1.8971,1.8971,0.0000,-1.5124,7192.7952,NA
ExperienceX.exe,56308,0x216838E1150,DXGI,1,0,0,Composed: Flip,7226.3766,NA,15.53200000000000,NA,0.18320000000000,1.31360000000000,NA,7210.9153,15.6445,15.4613,0.1832,16.4651,0.3098,0.3030,0.0068,NA,NA,NA
ExperienceX.exe,56308,0x216C7EA03E0,DXGI,1,0,0,Composed: Flip,7178.2372,NA,18.64630000000000,116.68860000000001,1.08340000000000,1.72710000000000,30.9207,7159.7157,19.6049,18.5215,1.0834,17.9083,2.3403,2.3403,0.0000,-1.2343,7159.7157,NA
ExperienceX.exe,56308,0x216C7EA03E0,DXGI,1,0,0,Composed: Flip,7192.7443,NA,14.50710000000000,NA,0.13090000000000,0.93010000000000,NA,7179.3206,13.5546,13.4237,0.1309,14.0921,0.2617,0.2617,0.0000,NA,NA,NA
ExperienceX.exe,56308,0x216C7EA03E0,DXGI,1,0,0,Composed: Flip,7211.2126,NA,18.46830000000000,NA,0.06510000000000,1.29240000000000,NA,7192.8752,18.4025,18.3374,0.0651,19.3382,0.2916,0.2916,0.0000,NA,NA,NA
ExperienceX.exe,56308,0x216C7EA03E0,DXGI,1,0,0,Composed: Flip,7244.3423,NA,33.12970000000000,NA,0.07570000000000,2.03490000000000,NA,7211.2777,33.1403,33.0646,0.0757,34.4740,0.6255,0.6255,0.0000,NA,NA,NA
ExperienceX.exe,56308,0x216C7EA03E0,DXGI,1,0,0,Composed: Flip,7259.5901,NA,15.24780000000000,83.44330000000001,0.31720000000000,0.95840000000000,33.0111,7244.4180,15.4893,15.1721,0.3172,1.9592,14.1713,3.4186,10.7527,1.2590,7244.4180,NA
ExperienceX.exe,56308,0x0,Other,-1,0,0,Composed: Flip,7226.9035,NA,167.14790000000002,1033.32159999999999,0.00000000000000,0.20250000000000,32.2447,7059.7556,167.1479,167.1479,0.0000,152.8636,14.4868,2.4752,12.0116,-0.9689,7059.7556,NA
ExperienceX.exe,56308,0x216838E1150,DXGI,1,0,0,Composed: Flip,7243.5837,NA,17.20710000000000,33.04620000000000,0.08530000000000,1.94360000000000,32.3096,7226.5598,17.1092,17.0239,0.0853,17.4806,1.4869,1.4869,0.0000,0.7184,7226.5598,NA
ExperienceX.exe,56308,0x216838E1150,DXGI,1,0,0,Composed: Flip,7259.5766,NA,15.99290000000000,NA,0.26120000000000,1.48000000000000,NA,7243.6690,16.1688,15.9076,0.2612,17.0853,0.3023,0.2972,0.0051,NA,NA,NA
ExperienceX.exe,56308,0x216838E1150,DXGI,1,0,0,Composed: Flip,7277.2885,NA,17.71190000000000,NA,0.52000000000000,1.57360000000000,NA,7259.8378,17.9707,17.4507,0.5200,18.7462,0.2781,0.2781,0.0000,NA,NA,NA
ExperienceX.exe,56308,0x216838E1150,DXGI,1,0,0,Composed: Flip,7293.1035,NA,15.81500000000000,NA,0.18890000000000,1.37810000000000,NA,7277.8085,15.4839,15.2950,0.1889,16.3667,0.3064,0.3006,0.0058,NA,NA,NA
ExperienceX.exe,56308,0x216C7EA03E0,DXGI,1,0,0,Composed: Flip,7277.3103,NA,17.72020000000000,16.55980000000000,0.09530000000000,1.27370000000000,31.8507,7259.9073,17.4983,17.4030,0.0953,16.9211,1.7556,1.7556,0.0000,-1.0705,7259.9073,NA
ExperienceX.exe,56308,0x216C7EA03E0,DXGI,1,0,0,Composed: Flip,7293.1034,NA,15.79310000000000,NA,0.19070000000000,1.07180000000000,NA,7277.4056,15.8885,15.6978,0.1907,16.4763,0.2933,0.2933,0.0000,NA,NA,NA
ExperienceX.exe,56308,0x216C7EA03E0,DXGI,1,0,0,Composed: Flip,7310.8294,NA,17.72600000000000,NA,0.07310000000000,2.39750000000000,NA,7293.2941,17.6084,17.5353,0.0731,19.6408,0.2920,0.2920,0.0000,NA,NA,NA
ExperienceX.exe,56308,0x216838E1150,DXGI,1,0,0,Composed: Flip,7310.6379,NA,17.53440000000000,66.57070000000000,0.20550000000000,2.01390000000000,31.8261,7293.2924,17.5510,17.3455,0.2055,16.7495,2.6099,2.2750,0.3349,0.1619,7293.2924,NA
ExperienceX.exe,56308,0x216838E1150,DXGI,1,0,0,Composed: Flip,7326.1380,NA,15.50010000000000,NA,0.14310000000000,1.11540000000000,NA,7310.8434,15.4377,15.2946,0.1431,2.3835,14.0265,2.9058,11.1207,NA,NA,NA
ExperienceX.exe,56308,0x216C829D570,DXGI,1,0,0,Composed: Flip,7192.7444,NA,14.80530000000000,49.72600000000000,0.13080000000000,1.27870000000000,33.1565,7178.0283,14.8469,14.7161,0.1308,15.6461,0.3487,0.3439,0.0048,1.6441,7178.0283,NA
ExperienceX.exe,56308,0x216C829D570,DXGI,1,0,0,Composed: Flip,7210.7100,NA,17.96560000000000,NA,0.28860000000000,1.90920000000000,NA,7192.8752,18.1234,17.8348,0.2886,19.6298,0.1142,0.1142,0.0000,NA,NA,NA
ExperienceX.exe,56308,0x216C829D570,DXGI,1,0,0,Composed: Flip,7226.3779,NA,15.66790000000000,NA,0.18160000000000,1.00250000000000,NA,7210.9986,15.5609,15.3793,0.1816,16.1074,0.2744,0.2744,0.0000,NA,NA,NA
ExperienceX.exe,56308,0x216C829D570,DXGI,1,0,0,Composed: Flip,7243.5673,NA,17.18940000000000,NA,0.10170000000000,2.18440000000000,NA,7226.5595,17.1095,17.0078,0.1017,18.9678,0.2244,0.2244,0.0000,NA,NA,NA
ExperienceX.exe,56308,0x216C829D570,DXGI,1,0,0,Composed: Flip,7259.5772,NA,16.00990000000000,NA,0.26060000000000,1.17710000000000,NA,7243.6690,16.1688,15.9082,0.2606,16.8795,0.2058,0.2058,0.0000,NA,NA,NA
ExperienceX.exe,56308,0x216C829D570,DXGI,1,0,0,Composed: Flip,7276.6045,NA,17.02730000000000,NA,0.93220000000000,2.55720000000000,NA,7259.8378,17.6989,16.7667,0.9322,19.0243,0.2996,0.2996,0.0000,NA,NA,NA
ExperienceX.exe,56308,0x216C829D570,DXGI,1,0,0,Composed: Flip,7310.7550,NA,34.15050000000000,NA,0.08670000000000,2.17990000000000,NA,7277.5367,33.3050,33.2183,0.0867,35.1151,0.2831,0.2831,0.0000,NA,NA,NA
ExperienceX.exe,56308,0x216C829D570,DXGI,1,0,0,Composed: Flip,7326.1383,NA,15.38330000000000,NA,0.14280000000000,1.38140000000000,NA,7310.8417,15.4394,15.2966,0.1428,16.4117,0.2663,0.2663,0.0000,NA,NA,NA
ExperienceX.exe,56308,0x216C829D570,DXGI,1,0,0,Composed: Flip,7343.5821,NA,17.44380000000000,NA,0.06080000000000,1.80950000000000,NA,7326.2811,17.3618,17.3010,0.0608,18.7982,0.3123,0.3123,0.0000,NA,NA,NA
ExperienceX.exe,56308,0x216C829D570,DXGI,1,0,0,Composed: Flip,7359.4047,NA,15.82260000000000,166.60020000000000,0.15570000000000,1.09530000000000,33.0964,7343.6429,15.9175,15.7618,0.1557,1.7487,15.1084,3.3265,11.7819,-0.9856,7343.6429,NA
ExperienceX.exe,56308,0x216838E1150,DXGI,1,0,0,Composed: Flip,7343.3518,NA,17.21380000000000,33.35270000000000,0.30060000000000,1.43040000000000,32.4649,7326.2811,17.3713,17.0707,0.3006,16.7184,1.7827,1.7827,0.0000,-0.3640,7326.2811,NA
ExperienceX.exe,56308,0x216838E1150,DXGI,1,0,0,Composed: Flip,7359.4046,NA,16.05280000000000,NA,0.15540000000000,1.36250000000000,NA,7343.6524,15.9076,15.7522,0.1554,16.8476,0.2671,0.2671,0.0000,NA,NA,NA
ExperienceX.exe,56308,0x216838E1150,DXGI,1,0,0,Composed: Flip,7376.7256,NA,17.32100000000000,NA,0.41470000000000,2.33400000000000,NA,7359.5600,17.5803,17.1656,0.4147,19.1984,0.3012,0.3012,0.0000,NA,NA,NA
ExperienceX.exe,56308,0x216838E1150,DXGI,1,0,0,Composed: Flip,7392.9894,NA,16.26380000000000,50.02520000000001,0.27480000000000,1.77960000000000,32.8525,7377.1403,16.1239,15.8491,0.2748,1.9193,15.7094,3.4693,12.2401,0.8340,7377.1403,NA
ExperienceX.exe,56308,0x216C829D570,DXGI,1,0,0,Composed: Flip,7376.9989,NA,17.59420000000000,16.71430000000000,0.13720000000000,1.45250000000000,32.2165,7359.5604,17.5757,17.4385,0.1372,16.9461,1.9449,1.8152,0.1297,-0.7968,7359.5604,NA
ExperienceX.exe,56308,0x216C829D570,DXGI,1,0,0,Composed: Flip,7393.0560,NA,16.05710000000000,NA,0.45040000000000,2.26120000000000,NA,7377.1361,16.3703,15.9199,0.4504,17.8927,0.2884,0.2827,0.0057,NA,NA,NA
ExperienceX.exe,56308,0x216C829D570,DXGI,1,0,0,Composed: Flip,7411.2285,NA,18.17250000000000,NA,0.66130000000000,1.81730000000000,NA,7393.5064,18.3834,17.7221,0.6613,18.9220,0.6174,0.6174,0.0000,NA,NA,NA
ExperienceX.exe,56308,0x216C7EA03E0,DXGI,1,0,0,Composed: Flip,7326.1374,NA,15.30800000000000,49.98330000000000,0.14380000000000,1.67830000000000,33.0069,7310.9025,15.3787,15.2349,0.1438,16.6172,0.2960,0.2896,0.0064,1.0119,7310.9025,NA
ExperienceX.exe,56308,0x216C7EA03E0,DXGI,1,0,0,Composed: Flip,7343.1771,NA,17.03970000000000,NA,0.10410000000000,1.90220000000000,NA,7326.2812,17.0000,16.8959,0.1041,18.5010,0.2971,0.2971,0.0000,NA,NA,NA
ExperienceX.exe,56308,0x216C7EA03E0,DXGI,1,0,0,Composed: Flip,7359.4048,NA,16.22770000000000,NA,0.15500000000000,1.66560000000000,NA,7343.2812,16.2786,16.1236,0.1550,17.4859,0.3033,0.2938,0.0095,NA,NA,NA
ExperienceX.exe,56308,0x216C7EA03E0,DXGI,1,0,0,Composed: Flip,7377.2814,NA,17.87660000000000,NA,0.08360000000000,1.47700000000000,NA,7359.5598,17.8052,17.7216,0.0836,18.8916,0.3070,0.3070,0.0000,NA,NA,NA
ExperienceX.exe,56308,0x216C7EA03E0,DXGI,1,0,0,Composed: Flip,7411.1634,NA,33.88200000000001,NA,0.48480000000000,1.26500000000000,NA,7377.3650,34.2832,33.7984,0.4848,34.7355,0.3279,0.3279,0.0000,NA,NA,NA
ExperienceX.exe,56308,0x216C7EA03E0,DXGI,1,0,0,Composed: Flip,7426.2235,NA,15.06010000000000,NA,0.39800000000000,1.01490000000000,NA,7411.6482,14.9733,14.5753,0.3980,15.3353,0.2549,0.2549,0.0000,NA,NA,NA
ExperienceX.exe,56308,0x0,Other,-1,0,0,Composed: Flip,7293.6303,NA,66.72680000000000,66.66530000000000,0.00000000000000,0.25160000000000,32.1832,7226.9035,66.7268,66.7268,0.0000,52.2582,14.7202,3.2496,11.4706,100.4826,7226.9035,NA
ExperienceX.exe,56308,0x0,Other,-1,0,0,Composed: Flip,7394.1097,NA,100.47940000000000,NA,0.00000000000000,0.91910000000000,NA,7293.6303,100.4794,100.4794,0.0000,101.1387,0.2598,0.2598,0.0000,NA,NA,NA
ExperienceX.exe,56308,0x216C7EA03E0,DXGI,1,0,0,Composed: Flip,7443.2687,NA,17.04520000000000,116.71280000000000,0.10540000000000,2.16400000000000,32.5884,7426.6215,16.7526,16.6472,0.1054,18.5138,0.2974,0.2974,0.0000,-0.9938,7426.6215,NA
ExperienceX.exe,56308,0x216C7EA03E0,DXGI,1,0,0,Composed: Flip,7459.3564,NA,16.08770000000000,NA,0.11470000000000,0.44970000000000,NA,7443.3741,16.0970,15.9823,0.1147,2.0586,14.3734,2.3811,11.9923,NA,NA,NA
ExperienceX.exe,56308,0x216838E1150,DXGI,1,0,0,Composed: Flip,7411.1551,NA,18.16570000000000,16.63440000000000,0.22120000000000,0.94540000000000,31.3212,7393.2642,18.1121,17.8909,0.2212,17.3630,1.4733,1.4733,0.0000,-0.5105,7393.2642,NA
ExperienceX.exe,56308,0x216838E1150,DXGI,1,0,0,Composed: Flip,7426.1484,NA,14.99330000000000,NA,0.05120000000000,0.83510000000000,NA,7411.3763,14.8233,14.7721,0.0512,1.6695,13.9377,2.9477,10.9900,NA,NA,NA
ExperienceX.exe,56308,0x216838E1150,DXGI,1,0,0,Composed: Flip,7443.0128,NA,16.86440000000000,NA,0.47570000000000,1.30010000000000,NA,7426.1996,17.2889,16.8132,0.4757,16.9076,1.2057,1.2057,0.0000,NA,NA,NA
ExperienceX.exe,56308,0x216838E1150,DXGI,1,0,0,Composed: Flip,7476.8378,NA,33.82500000000000,NA,0.43110000000000,2.33400000000000,NA,7443.4885,33.7804,33.3493,0.4311,35.0635,0.6198,0.6198,0.0000,NA,NA,NA
ExperienceX.exe,56308,0x216838E1150,DXGI,1,0,0,Composed: Flip,7493.0545,NA,16.21670000000000,83.41020000000000,0.20680000000000,1.18610000000000,32.8320,7477.2689,15.9924,15.7856,0.2068,1.9029,15.0688,3.3180,11.7508,0.5945,7477.2689,NA
ExperienceX.exe,56308,0x216838E1150,DXGI,1,0,0,Composed: Flip,7509.6366,NA,16.58210000000000,16.66100000000000,0.10660000000000,3.12020000000000,32.9109,7493.2613,16.4819,16.3753,0.1066,18.5066,0.9889,0.9889,0.0000,-0.6686,7493.2613,NA
ExperienceX.exe,56308,0x216838E1150,DXGI,1,0,0,Composed: Flip,7526.2944,NA,16.65780000000000,16.65020000000000,0.15660000000000,1.11320000000000,32.9033,7509.7432,16.7078,16.5512,0.1566,17.5448,0.1196,0.1112,0.0084,-0.1683,7509.7432,NA
ExperienceX.exe,56308,0x216C829D570,DXGI,1,0,0,Composed: Flip,7426.2283,NA,14.99980000000000,49.92090000000000,0.39890000000000,1.32270000000000,32.9080,7411.8898,14.7374,14.3385,0.3989,15.3486,0.3126,0.3065,0.0061,2.4085,7411.8898,NA
ExperienceX.exe,56308,0x216C829D570,DXGI,1,0,0,Composed: Flip,7443.5589,NA,17.33060000000000,NA,0.04940000000000,1.57640000000000,NA,7426.6272,16.9811,16.9317,0.0494,17.6857,0.8224,0.8224,0.0000,NA,NA,NA
ExperienceX.exe,56308,0x216C829D570,DXGI,1,0,0,Composed: Flip,7459.3565,NA,15.79760000000000,NA,0.11470000000000,0.80770000000000,NA,7443.6083,15.8629,15.7482,0.1147,16.1978,0.3581,0.3581,0.0000,NA,NA,NA
ExperienceX.exe,56308,0x216C829D570,DXGI,1,0,0,Composed: Flip,7476.8723,NA,17.51580000000000,NA,0.25750000000000,1.67970000000000,NA,7459.4712,17.6586,17.4011,0.2575,18.7863,0.2945,0.2945,0.0000,NA,NA,NA
ExperienceX.exe,56308,0x216C829D570,DXGI,1,0,0,Composed: Flip,7493.0537,NA,16.18140000000000,NA,0.20740000000000,1.36560000000000,NA,7477.1298,16.1313,15.9239,0.2074,17.1188,0.1707,0.1610,0.0097,NA,NA,NA
ExperienceX.exe,56308,0x216C829D570,DXGI,1,0,0,Composed: Flip,7510.1166,NA,17.06290000000000,NA,0.26500000000000,0.82560000000000,NA,7493.2611,17.1205,16.8555,0.2650,16.4476,1.2335,1.2335,0.0000,NA,NA,NA
ExperienceX.exe,56308,0x216C829D570,DXGI,1,0,0,Composed: Flip,7526.2942,NA,16.17760000000000,NA,0.15680000000000,0.51030000000000,NA,7510.3816,16.0694,15.9126,0.1568,2.3752,14.0477,1.5688,12.4789,NA,NA,NA
ExperienceX.exe,56308,0x216C829D570,DXGI,1,0,0,Composed: Flip,7543.9188,NA,17.62460000000000,NA,0.07780000000000,1.44470000000000,NA,7526.4510,17.5456,17.4678,0.0778,18.6360,0.2765,0.2765,0.0000,NA,NA,NA
ExperienceX.exe,56308,0x216C7EA03E0,DXGI,1,0,0,Composed: Flip,7477.0428,NA,17.68640000000000,33.27820000000000,0.12810000000000,1.21470000000000,32.0925,7459.4711,17.6998,17.5717,0.1281,17.0488,1.7376,1.6022,0.1354,-0.4286,7459.4711,NA
ExperienceX.exe,56308,0x216C7EA03E0,DXGI,1,0,0,Composed: Flip,7493.0579,NA,16.01510000000000,NA,0.20330000000000,1.19070000000000,NA,7477.1709,16.0903,15.8870,0.2033,17.0697,0.0080,0.0080,0.0000,NA,NA,NA
ExperienceX.exe,56308,0x216C7EA03E0,DXGI,1,0,0,Composed: Flip,7510.1471,NA,17.08920000000000,NA,0.05300000000000,1.62080000000000,NA,7493.2612,16.9389,16.8859,0.0530,17.6810,0.8257,0.8257,0.0000,NA,NA,NA
ExperienceX.exe,56308,0x216C7EA03E0,DXGI,1,0,0,Composed: Flip,7543.8325,NA,33.68540000000000,NA,0.14290000000000,1.82910000000000,NA,7510.2001,33.7753,33.6324,0.1429,35.1634,0.2981,0.2981,0.0000,NA,NA,NA
ExperienceX.exe,56308,0x216C7EA03E0,DXGI,1,0,0,Composed: Flip,7559.5522,NA,15.71970000000000,NA,0.31270000000000,1.38010000000000,NA,7543.9754,15.8895,15.5768,0.3127,1.6862,15.2707,2.9630,12.3077,NA,NA,NA
ExperienceX.exe,56308,0x216C7EA03E0,DXGI,1,0,0,Composed: Flip,7576.3304,NA,16.77820000000000,100.02020000000000,0.13220000000000,1.63990000000000,32.8251,7559.8649,16.5977,16.4655,0.1322,16.5914,1.5140,1.5140,0.0000,0.3736,7559.8649,NA
ExperienceX.exe,56308,0x216C829D570,DXGI,1,0,0,Composed: Flip,7559.5521,NA,15.63330000000000,133.42830000000001,0.31280000000000,2.25870000000000,33.0125,7543.9966,15.8683,15.5555,0.3128,16.9357,0.8785,0.8785,0.0000,-1.3215,7543.9966,NA
ExperienceX.exe,56308,0x216C829D570,DXGI,1,0,0,Composed: Flip,7576.6163,NA,17.06420000000000,NA,0.16520000000000,2.25060000000000,NA,7559.8649,16.9166,16.7514,0.1652,18.4193,0.5827,0.5827,0.0000,NA,NA,NA
ExperienceX.exe,56308,0x216C829D570,DXGI,1,0,0,Composed: Flip,7592.9144,NA,16.29810000000000,NA,0.28300000000000,1.46260000000000,NA,7576.7815,16.4159,16.1329,0.2830,17.2265,0.3690,0.3626,0.0064,NA,NA,NA
ExperienceX.exe,56308,0x0,Other,-1,0,0,Composed: Flip,7459.6700,NA,65.56030000000000,166.80810000000000,0.00000000000000,0.76120000000000,32.9516,7394.1097,65.5603,65.5603,0.0000,66.0545,0.2670,0.2593,0.0077,0.3981,7394.1097,NA
ExperienceX.exe,56308,0x0,Other,-1,0,0,Composed: Flip,7526.7208,NA,67.05080000000001,NA,0.00000000000000,0.56720000000000,NA,7459.6700,67.0508,67.0508,0.0000,67.1345,0.4835,0.4835,0.0000,NA,NA,NA
ExperienceX.exe,56308,0x216C7EA03E0,DXGI,1,0,0,Composed: Flip,7592.9148,NA,16.58440000000000,16.72380000000000,0.28260000000000,1.09320000000000,32.9645,7576.4626,16.7348,16.4522,0.2826,17.2479,0.2975,0.2975,0.0000,-0.1261,7576.4626,NA
ExperienceX.exe,56308,0x216C7EA03E0,DXGI,1,0,0,Composed: Flip,7610.7840,NA,17.86920000000000,NA,0.22180000000000,1.72040000000000,NA,7593.1974,17.8084,17.5866,0.2218,16.8829,2.4241,2.3224,0.1017,NA,NA,NA
ExperienceX.exe,56308,0x216C829D570,DXGI,1,0,0,Composed: Flip,7610.8947,NA,17.98030000000000,50.58550000000000,0.08240000000000,2.17860000000000,32.2554,7593.1974,17.7797,17.6973,0.0824,19.6120,0.2639,0.2639,0.0000,-1.3847,7593.1974,NA
ExperienceX.exe,56308,0x216C829D570,DXGI,1,0,0,Composed: Flip,7626.1815,NA,15.28680000000000,NA,0.20290000000000,1.63970000000000,NA,7610.9771,15.4073,15.2044,0.2029,16.6795,0.1646,0.1646,0.0000,NA,NA,NA
ExperienceX.exe,56308,0x216C829D570,DXGI,1,0,0,Composed: Flip,7644.0589,NA,17.87740000000000,NA,1.75170000000000,2.83040000000000,NA,7626.3844,19.4262,17.6745,1.7517,19.8739,0.6310,0.6310,0.0000,NA,NA,NA
ExperienceX.exe,56308,0x216838E1150,DXGI,1,0,0,Composed: Flip,7543.6025,NA,17.30810000000000,16.61120000000000,0.38170000000000,1.48450000000000,32.2064,7526.4510,17.5332,17.1515,0.3817,16.8831,1.7529,1.7529,0.0000,0.0966,7526.4510,NA
ExperienceX.exe,56308,0x216838E1150,DXGI,1,0,0,Composed: Flip,7559.5475,NA,15.94500000000000,NA,0.37860000000000,2.53440000000000,NA,7543.9842,15.9419,15.5633,0.3786,17.8266,0.2711,0.2668,0.0043,NA,NA,NA
ExperienceX.exe,56308,0x216838E1150,DXGI,1,0,0,Composed: Flip,7576.6158,NA,17.06830000000000,NA,0.17960000000000,1.66840000000000,NA,7559.9261,16.8693,16.6897,0.1796,18.0442,0.3139,0.3139,0.0000,NA,NA,NA
ExperienceX.exe,56308,0x216838E1150,DXGI,1,0,0,Composed: Flip,7592.8668,NA,16.25100000000000,NA,0.06740000000000,0.84370000000000,NA,7576.7954,16.1388,16.0714,0.0674,2.0715,14.8436,3.1026,11.7410,NA,NA,NA
ExperienceX.exe,56308,0x216838E1150,DXGI,1,0,0,Composed: Flip,7610.8994,NA,18.03260000000000,NA,0.07770000000000,1.91000000000000,NA,7592.9342,18.0429,17.9652,0.0777,19.5702,0.3050,0.3050,0.0000,NA,NA,NA
ExperienceX.exe,56308,0x216838E1150,DXGI,1,0,0,Composed: Flip,7626.1810,NA,15.28160000000000,NA,0.20340000000000,2.00110000000000,NA,7610.9771,15.4073,15.2039,0.2034,16.8441,0.3609,0.3579,0.0030,NA,NA,NA
ExperienceX.exe,56308,0x216838E1150,DXGI,1,0,0,Composed: Flip,7644.0583,NA,17.87730000000000,NA,1.00540000000000,2.20000000000000,NA,7626.3844,18.6793,17.6739,1.0054,19.5748,0.2991,0.2991,0.0000,NA,NA,NA
ExperienceX.exe,56308,0x216838E1150,DXGI,1,0,0,Composed: Flip,7659.3709,NA,15.31260000000000,NA,0.11240000000000,1.07750000000000,NA,7645.0637,14.4196,14.3072,0.1124,1.8256,13.5591,3.6303,9.9288,NA,NA,NA
ExperienceX.exe,56308,0x216C829D570,DXGI,1,0,0,Composed: Flip,7659.3707,NA,15.31180000000000,49.33870000000000,0.11260000000000,1.65710000000000,33.1181,7645.8106,13.6727,13.5601,0.1126,14.9196,0.2976,0.2924,0.0052,3.2745,7645.8106,NA
ExperienceX.exe,56308,0x216C829D570,DXGI,1,0,0,Composed: Flip,7676.9620,NA,17.59130000000000,NA,0.33960000000000,0.93210000000000,NA,7659.4833,17.8183,17.4787,0.3396,17.1807,1.2301,1.2301,0.0000,NA,NA,NA
ExperienceX.exe,56308,0x216C7EA03E0,DXGI,1,0,0,Composed: Flip,7644.0587,NA,33.27470000000000,49.92210000000000,0.24960000000000,1.90050000000000,31.7427,7611.0058,33.3025,33.0529,0.2496,33.4303,1.5231,1.5231,0.0000,-15.3789,7611.0058,NA
ExperienceX.exe,56308,0x216C7EA03E0,DXGI,1,0,0,Composed: Flip,7659.3699,NA,15.31120000000000,NA,0.11300000000000,1.36030000000000,NA,7644.3083,15.1746,15.0616,0.1130,16.1401,0.2818,0.2818,0.0000,NA,NA,NA
ExperienceX.exe,56308,0x216C7EA03E0,DXGI,1,0,0,Composed: Flip,7677.0810,NA,17.71110000000000,NA,0.05930000000000,1.65550000000000,NA,7659.4829,17.6574,17.5981,0.0593,18.4112,0.8424,0.8424,0.0000,NA,NA,NA
ExperienceX.exe,56308,0x216C7EA03E0,DXGI,1,0,0,Composed: Flip,7692.7585,NA,15.67750000000000,NA,0.16400000000000,0.72040000000000,NA,7677.1403,15.7822,15.6182,0.1640,1.9081,14.4305,2.4221,12.0084,NA,NA,NA
ExperienceX.exe,56308,0x216C7EA03E0,DXGI,1,0,0,Composed: Flip,7710.8459,NA,18.08740000000000,66.82210000000001,0.07660000000000,0.71230000000000,31.7776,7692.9225,18.0000,17.9234,0.0766,17.1117,1.5240,1.5240,0.0000,15.0946,7692.9225,NA
ExperienceX.exe,56308,0x216C829D570,DXGI,1,0,0,Composed: Flip,7692.7551,NA,15.79310000000000,33.41580000000000,0.13990000000000,1.34410000000000,33.1495,7677.3016,15.5934,15.4535,0.1399,16.4965,0.3011,0.2965,0.0046,-1.9248,7677.3016,NA
ExperienceX.exe,56308,0x216C829D570,DXGI,1,0,0,Composed: Flip,7710.5802,NA,17.82510000000000,NA,0.20050000000000,1.88890000000000,NA,7692.8950,17.8857,17.6852,0.2005,18.9572,0.6169,0.6169,0.0000,NA,NA,NA
ExperienceX.exe,56308,0x216C7EA03E0,DXGI,1,0,0,Composed: Flip,7726.2974,NA,15.45150000000000,16.72220000000000,0.23480000000000,1.76890000000000,33.0483,7710.9225,15.6097,15.3749,0.2348,16.8517,0.2921,0.2845,0.0076,1.2778,7710.9225,NA
ExperienceX.exe,56308,0x216C7EA03E0,DXGI,1,0,0,Composed: Flip,7743.3734,NA,17.07600000000000,NA,0.14880000000000,2.06280000000000,NA,7726.5322,16.9900,16.8412,0.1488,17.0691,1.8349,1.8349,0.0000,NA,NA,NA
ExperienceX.exe,56308,0x216838E1150,DXGI,1,0,0,Composed: Flip,7676.4738,NA,17.10290000000000,133.40810000000002,0.15100000000000,2.57460000000000,32.7432,7659.4833,17.1415,16.9905,0.1510,19.2532,0.3119,0.3119,0.0000,-0.3758,7659.4833,NA
ExperienceX.exe,56308,0x216838E1150,DXGI,1,0,0,Composed: Flip,7692.7549,NA,16.28110000000000,NA,0.14010000000000,1.04320000000000,NA,7676.6248,16.2702,16.1301,0.1401,16.8541,0.3192,0.3192,0.0000,NA,NA,NA
ExperienceX.exe,56308,0x216838E1150,DXGI,1,0,0,Composed: Flip,7710.8421,NA,18.08720000000000,NA,0.18070000000000,1.01010000000000,NA,7692.8950,18.1278,17.9471,0.1807,18.6632,0.2940,0.2940,0.0000,NA,NA,NA
ExperienceX.exe,56308,0x216838E1150,DXGI,1,0,0,Composed: Flip,7726.2962,NA,15.45410000000000,NA,0.23830000000000,1.47800000000000,NA,7711.0228,15.5117,15.2734,0.2383,16.5995,0.1519,0.1519,0.0000,NA,NA,NA
ExperienceX.exe,56308,0x216838E1150,DXGI,1,0,0,Composed: Flip,7743.3719,NA,17.07570000000000,NA,0.15090000000000,2.33650000000000,NA,7726.5345,16.9883,16.8374,0.1509,18.9017,0.2722,0.2722,0.0000,NA,NA,NA
ExperienceX.exe,56308,0x216838E1150,DXGI,1,0,0,Composed: Flip,7760.0780,NA,16.70610000000000,NA,0.24610000000000,2.10640000000000,NA,7743.5228,16.8013,16.5552,0.2461,18.3511,0.3105,0.3011,0.0094,NA,NA,NA
ExperienceX.exe,56308,0x216C7EA03E0,DXGI,1,0,0,Composed: Flip,7760.0778,NA,16.70440000000000,33.42540000000000,0.24610000000000,1.49550000000000,32.6933,7743.5222,16.8017,16.5556,0.2461,2.4872,15.5639,3.7360,11.8279,-0.8257,7743.5222,NA
ExperienceX.exe,56308,0x216C7EA03E0,DXGI,1,0,0,Composed: Flip,7778.2693,NA,18.19150000000000,NA,0.43450000000000,2.60020000000000,NA,7760.3239,18.3799,17.9454,0.4345,20.2602,0.2854,0.2854,0.0000,NA,NA,NA
ExperienceX.exe,56308,0x216C7EA03E0,DXGI,1,0,0,Composed: Flip,7793.3229,NA,15.05360000000000,33.07210000000000,0.24140000000000,1.50990000000000,32.5203,7778.7038,14.8605,14.6191,0.2414,16.0524,0.0766,0.0704,0.0062,2.1095,7778.7038,NA
ExperienceX.exe,56308,0x216C7EA03E0,DXGI,1,0,0,Composed: Flip,7810.6321,NA,17.30920000000000,16.89400000000000,0.45710000000000,2.54060000000000,32.1051,7793.5643,17.5249,17.0678,0.4571,17.6993,1.9091,1.7615,0.1476,-2.0335,7793.5643,NA
ExperienceX.exe,56308,0x216C7EA03E0,DXGI,1,0,0,Composed: Flip,7826.1559,NA,15.52380000000000,16.41970000000000,0.21490000000000,0.98780000000000,33.0010,7811.0892,15.2816,15.0667,0.2149,3.0220,13.0325,3.5590,9.4735,1.1052,7811.0892,NA
ExperienceX.exe,56308,0x216C7EA03E0,DXGI,1,0,0,Composed: Flip,7844.5823,NA,18.42640000000000,16.80330000000000,0.51810000000000,3.09730000000000,31.3779,7826.3708,18.7296,18.2115,0.5181,17.9220,3.3868,3.3868,0.0000,-1.5217,7826.3708,NA
ExperienceX.exe,56308,0x216838E1150,DXGI,1,0,0,Composed: Flip,7778.3382,NA,18.26020000000000,100.05720000000001,0.34930000000000,2.24590000000000,30.9360,7760.3241,18.3634,18.0141,0.3493,17.1282,3.1318,2.7185,0.4133,0.7836,7760.3241,NA
ExperienceX.exe,56308,0x216838E1150,DXGI,1,0,0,Composed: Flip,7793.2397,NA,14.90150000000000,NA,0.10470000000000,0.96580000000000,NA,7778.6875,14.6569,14.5522,0.1047,2.4997,13.0183,2.9976,10.0207,NA,NA,NA
ExperienceX.exe,56308,0x216838E1150,DXGI,1,0,0,Composed: Flip,7810.6316,NA,17.39190000000000,NA,0.42860000000000,2.82440000000000,NA,7793.3444,17.7158,17.2872,0.4286,19.8283,0.2833,0.2833,0.0000,NA,NA,NA
ExperienceX.exe,56308,0x216838E1150,DXGI,1,0,0,Composed: Flip,7826.1743,NA,15.54270000000000,NA,0.19640000000000,1.60130000000000,NA,7811.0602,15.3105,15.1141,0.1964,16.3737,0.3417,0.3341,0.0076,NA,NA,NA
ExperienceX.exe,56308,0x216838E1150,DXGI,1,0,0,Composed: Flip,7845.0130,NA,18.83870000000000,NA,0.18700000000000,2.96410000000000,NA,7826.3707,18.8293,18.6423,0.1870,21.3089,0.2975,0.2975,0.0000,NA,NA,NA
ExperienceX.exe,56308,0x216838E1150,DXGI,1,0,0,Composed: Flip,7859.6203,NA,14.60730000000000,NA,0.09970000000000,2.24370000000000,NA,7845.2000,14.5200,14.4203,0.0997,16.3712,0.2928,0.2905,0.0023,NA,NA,NA
ExperienceX.exe,56308,0x0,Other,-1,0,0,Composed: Flip,7627.1737,NA,100.45290000000000,166.51250000000002,0.00000000000000,0.48290000000000,31.9604,7526.7208,100.4529,100.4529,0.0000,86.3525,14.5833,3.5843,10.9990,-33.9014,7526.7208,NA
ExperienceX.exe,56308,0x0,Other,-1,0,0,Composed: Flip,7727.1320,NA,99.95830000000001,NA,0.00000000000000,0.49030000000000,NA,7627.1737,99.9583,99.9583,0.0000,85.2954,15.1532,3.0327,12.1205,NA,NA,NA
ExperienceX.exe,56308,0x216838E1150,DXGI,1,0,0,Composed: Flip,7877.4819,NA,17.86160000000000,99.86310000000000,0.28660000000000,1.40960000000000,31.6554,7859.7200,18.0485,17.7619,0.2866,17.2179,1.9536,1.9536,0.0000,-0.4672,7859.7200,NA
ExperienceX.exe,56308,0x216838E1150,DXGI,1,0,0,Composed: Flip,7892.7593,NA,15.27740000000000,NA,0.17150000000000,1.75220000000000,NA,7877.7685,15.1623,14.9908,0.1715,16.4414,0.3016,0.2969,0.0047,NA,NA,NA
ExperienceX.exe,56308,0x216C7EA03E0,DXGI,1,0,0,Composed: Flip,7859.4641,NA,14.88180000000000,16.51890000000000,0.26700000000000,2.10710000000000,33.0150,7845.1004,14.6307,14.3637,0.2670,15.6269,0.8439,0.8439,0.0000,2.2107,7845.1004,NA
ExperienceX.exe,56308,0x216C7EA03E0,DXGI,1,0,0,Composed: Flip,7877.3658,NA,17.90170000000000,NA,0.42830000000000,1.80650000000000,NA,7859.7311,18.0630,17.6347,0.4283,19.1604,0.2808,0.2808,0.0000,NA,NA,NA
ExperienceX.exe,56308,0x216C7EA03E0,DXGI,1,0,0,Composed: Flip,7892.7599,NA,15.39410000000000,NA,0.17080000000000,1.16430000000000,NA,7877.7941,15.1366,14.9658,0.1708,2.0625,14.0676,3.2806,10.7870,NA,NA,NA
ExperienceX.exe,56308,0x216C7EA03E0,DXGI,1,0,0,Composed: Flip,7910.3884,NA,17.62850000000000,NA,0.08470000000000,1.64650000000000,NA,7892.9307,17.5424,17.4577,0.0847,18.7885,0.3157,0.3157,0.0000,NA,NA,NA
ExperienceX.exe,56308,0x216838E1150,DXGI,1,0,0,Composed: Flip,7910.0132,NA,17.25390000000000,33.39140000000000,0.42610000000000,2.32100000000000,32.5155,7892.9308,17.5085,17.0824,0.4261,19.1041,0.2993,0.2993,0.0000,-0.1806,7892.9308,NA
ExperienceX.exe,56308,0x216838E1150,DXGI,1,0,0,Composed: Flip,7926.1141,NA,16.10090000000000,NA,0.13820000000000,0.56850000000000,NA,7910.4393,15.8130,15.6748,0.1382,1.8949,14.3484,2.6961,11.6523,NA,NA,NA
ExperienceX.exe,56308,0x0,Other,-1,0,0,Composed: Flip,7893.3163,NA,166.18430000000001,266.67520000000002,0.00000000000000,0.89360000000000,32.4930,7727.1320,166.1843,166.1843,0.0000,166.7922,0.2857,0.2857,0.0000,-66.2640,7727.1320,NA
ExperienceX.exe,56308,0x216C829D570,DXGI,1,0,0,Composed: Flip,7743.3735,NA,32.79330000000000,50.07570000000000,0.14820000000000,2.63590000000000,32.6068,7710.7807,32.7410,32.5928,0.1482,34.9277,0.3010,0.3010,0.0000,-16.5966,7710.7807,NA
ExperienceX.exe,56308,0x216C829D570,DXGI,1,0,0,Composed: Flip,7760.0781,NA,16.70460000000000,NA,0.24610000000000,1.79580000000000,NA,7743.5217,16.8025,16.5564,0.2461,18.0516,0.3006,0.3006,0.0000,NA,NA,NA
ExperienceX.exe,56308,0x216C829D570,DXGI,1,0,0,Composed: Flip,7778.3207,NA,18.24260000000000,NA,0.39070000000000,2.86650000000000,NA,7760.3242,18.3872,17.9965,0.3907,20.5453,0.3177,0.3177,0.0000,NA,NA,NA
ExperienceX.exe,56308,0x216C829D570,DXGI,1,0,0,Composed: Flip,7793.3220,NA,15.00130000000000,NA,0.24360000000000,1.43420000000000,NA,7778.7114,14.8542,14.6106,0.2436,15.4941,0.5507,0.5507,0.0000,NA,NA,NA
ExperienceX.exe,56308,0x216C829D570,DXGI,1,0,0,Composed: Flip,7810.6327,NA,17.31070000000000,NA,1.77220000000000,3.47850000000000,NA,7793.5656,18.8393,17.0671,1.7722,19.8904,0.6552,0.6552,0.0000,NA,NA,NA
ExperienceX.exe,56308,0x216C829D570,DXGI,1,0,0,Composed: Flip,7826.1554,NA,15.52270000000000,NA,0.23260000000000,1.27850000000000,NA,7812.4049,13.9831,13.7505,0.2326,14.7388,0.2902,0.2902,0.0000,NA,NA,NA
ExperienceX.exe,56308,0x216C829D570,DXGI,1,0,0,Composed: Flip,7844.5711,NA,18.41570000000000,NA,0.26130000000000,5.27120000000000,NA,7826.3880,18.4444,18.1831,0.2613,21.5891,1.8652,1.8604,0.0048,NA,NA,NA
ExperienceX.exe,56308,0x216C829D570,DXGI,1,0,0,Composed: Flip,7859.6031,NA,15.03200000000000,NA,0.11760000000000,1.12420000000000,NA,7844.8324,14.8883,14.7707,0.1176,14.9085,0.9864,0.9864,0.0000,NA,NA,NA
ExperienceX.exe,56308,0x216C829D570,DXGI,1,0,0,Composed: Flip,7877.2469,NA,17.64380000000000,NA,0.38180000000000,2.60970000000000,NA,7859.7207,17.9080,17.5262,0.3818,19.4516,0.6843,0.6843,0.0000,NA,NA,NA
ExperienceX.exe,56308,0x216C829D570,DXGI,1,0,0,Composed: Flip,7910.3819,NA,33.13500000000001,NA,0.09260000000000,1.33730000000000,NA,7877.6287,32.8458,32.7532,0.0926,32.1668,1.9237,1.8818,0.0419,NA,NA,NA
ExperienceX.exe,56308,0x216C829D570,DXGI,1,0,0,Composed: Flip,7926.1143,NA,15.73240000000000,NA,0.13790000000000,1.38190000000000,NA,7910.4745,15.7777,15.6398,0.1379,16.7177,0.3040,0.2992,0.0048,NA,NA,NA
ExperienceX.exe,56308,0x216C829D570,DXGI,1,0,0,Composed: Flip,7943.8634,NA,17.74910000000000,NA,0.82290000000000,2.23290000000000,NA,7926.2522,18.4341,17.6112,0.8229,19.5613,0.2828,0.2828,0.0000,NA,NA,NA
ExperienceX.exe,56308,0x216C829D570,DXGI,1,0,0,Composed: Flip,7959.4236,NA,15.56020000000000,NA,0.19220000000000,0.99100000000000,NA,7944.6863,14.9295,14.7373,0.1922,1.4100,14.3183,2.9740,11.3443,NA,NA,NA
ExperienceX.exe,56308,0x216C829D570,DXGI,1,0,0,Composed: Flip,7976.7218,NA,17.29820000000000,233.15220000000002,0.46240000000000,2.40420000000000,32.4107,7959.6158,17.5684,17.1060,0.4624,16.8769,2.6333,2.4739,0.1594,15.6829,7959.6158,NA
ExperienceX.exe,56308,0x216838E1150,DXGI,1,0,0,Composed: Flip,7944.5056,NA,18.39150000000000,33.31290000000000,0.17190000000000,1.00040000000000,31.3360,7926.2523,18.4252,18.2533,0.1719,17.2604,1.9933,1.9433,0.0500,0.0086,7926.2523,NA
ExperienceX.exe,56308,0x216838E1150,DXGI,1,0,0,Composed: Flip,7976.7546,NA,32.24900000000000,NA,0.42890000000000,2.96770000000000,NA,7944.6775,32.5060,32.0771,0.4289,34.7370,0.3078,0.3078,0.0000,NA,NA,NA
ExperienceX.exe,56308,0x216838E1150,DXGI,1,0,0,Composed: Flip,7992.7987,NA,16.04410000000000,NA,0.14940000000000,1.60060000000000,NA,7977.1835,15.7646,15.6152,0.1494,16.9144,0.3014,0.2952,0.0062,NA,NA,NA
ExperienceX.exe,56308,0x216C829D570,DXGI,1,0,0,Composed: Flip,7992.7988,NA,16.07700000000000,16.67180000000000,0.14950000000000,0.98700000000000,33.0055,7977.1842,15.7641,15.6146,0.1495,2.5381,14.0635,2.6341,11.4294,0.8966,7977.1842,NA
ExperienceX.exe,56308,0x216C829D570,DXGI,1,0,0,Composed: Flip,8010.7642,NA,17.96540000000000,NA,0.06650000000000,1.65550000000000,NA,7992.9483,17.8824,17.8159,0.0665,19.1578,0.3136,0.3136,0.0000,NA,NA,NA
ExperienceX.exe,56308,0x216C829D570,DXGI,1,0,0,Composed: Flip,8026.1362,NA,15.37200000000000,33.31880000000000,0.23900000000000,1.59000000000000,32.9869,8010.8307,15.5445,15.3055,0.2390,16.5957,0.2998,0.2925,0.0073,0.3277,8010.8307,NA
ExperienceX.exe,56308,0x216C7EA03E0,DXGI,1,0,0,Composed: Flip,7926.1165,NA,15.72810000000000,66.66570000000000,0.15980000000000,1.07570000000000,33.0283,7910.4731,15.8032,15.6434,0.1598,16.2095,0.5096,0.5096,0.0000,-1.2930,7910.4731,NA
ExperienceX.exe,56308,0x216C7EA03E0,DXGI,1,0,0,Composed: Flip,7944.9319,NA,18.81540000000000,NA,0.08500000000000,0.88160000000000,NA,7926.2763,18.7406,18.6556,0.0850,19.2297,0.3075,0.3075,0.0000,NA,NA,NA
ExperienceX.exe,56308,0x216C7EA03E0,DXGI,1,0,0,Composed: Flip,7959.4233,NA,14.49140000000000,NA,0.19070000000000,1.42000000000000,NA,7945.0169,14.5971,14.4064,0.1907,15.5252,0.3012,0.2946,0.0066,NA,NA,NA
ExperienceX.exe,56308,0x216C7EA03E0,DXGI,1,0,0,Composed: Flip,7977.2235,NA,17.80020000000000,NA,0.05940000000000,2.19100000000000,NA,7959.6140,17.6689,17.6095,0.0594,19.5120,0.2885,0.2885,0.0000,NA,NA,NA
ExperienceX.exe,56308,0x216C7EA03E0,DXGI,1,0,0,Composed: Flip,7992.7995,NA,15.57600000000000,NA,0.14880000000000,1.29840000000000,NA,7977.2829,15.6654,15.5166,0.1488,16.5029,0.3121,0.3121,0.0000,NA,NA,NA
ExperienceX.exe,56308,0x216C7EA03E0,DXGI,1,0,0,Composed: Flip,8010.4830,NA,17.68350000000000,NA,0.10120000000000,1.62310000000000,NA,7992.9483,17.6359,17.5347,0.1012,16.9933,2.1645,2.0206,0.1439,NA,NA,NA
ExperienceX.exe,56308,0x216C7EA03E0,DXGI,1,0,0,Composed: Flip,8026.1359,NA,15.65290000000000,NA,0.23920000000000,0.97540000000000,NA,8010.5842,15.7909,15.5517,0.2392,2.0890,14.4381,3.1091,11.3290,NA,NA,NA
ExperienceX.exe,56308,0x216C7EA03E0,DXGI,1,0,0,Composed: Flip,8043.2143,NA,17.07840000000000,NA,0.16760000000000,1.97740000000000,NA,8026.3751,17.0068,16.8392,0.1676,18.5119,0.3047,0.3047,0.0000,NA,NA,NA
ExperienceX.exe,56308,0x216838E1150,DXGI,1,0,0,Composed: Flip,8010.5058,NA,17.70710000000000,66.61660000000001,0.34090000000000,2.16740000000000,31.9524,7992.9481,17.8986,17.5577,0.3409,19.4716,0.2535,0.2535,0.0000,0.0792,7992.9481,NA
ExperienceX.exe,56308,0x216838E1150,DXGI,1,0,0,Composed: Flip,8026.1158,NA,15.61000000000000,NA,0.06640000000000,1.31060000000000,NA,8010.8467,15.3355,15.2691,0.0664,16.2646,0.3151,0.3151,0.0000,NA,NA,NA
ExperienceX.exe,56308,0x216838E1150,DXGI,1,0,0,Composed: Flip,8043.4592,NA,17.34340000000000,NA,0.08720000000000,2.04330000000000,NA,8026.1822,17.3642,17.2770,0.0872,19.0095,0.3108,0.3108,0.0000,NA,NA,NA
ExperienceX.exe,56308,0x216838E1150,DXGI,1,0,0,Composed: Flip,8059.4823,NA,16.02310000000000,NA,0.34190000000000,1.31710000000000,NA,8043.5464,16.2778,15.9359,0.3419,1.9561,15.2969,2.9263,12.3706,NA,NA,NA
ExperienceX.exe,56308,0x216C829D570,DXGI,1,0,0,Composed: Flip,8043.2419,NA,17.10570000000000,16.68830000000000,0.27950000000000,1.64510000000000,32.5695,8026.3752,17.1462,16.8667,0.2795,16.6828,1.8290,1.8290,0.0000,-1.1438,8026.3752,NA
ExperienceX.exe,56308,0x216C829D570,DXGI,1,0,0,Composed: Flip,8059.7196,NA,16.47770000000000,NA,0.20500000000000,1.35910000000000,NA,8043.5214,16.4032,16.1982,0.2050,17.2780,0.2793,0.2793,0.0000,NA,NA,NA
ExperienceX.exe,56308,0x216C829D570,DXGI,1,0,0,Composed: Flip,8077.2500,NA,17.53040000000000,NA,0.06030000000000,1.89460000000000,NA,8059.9246,17.3857,17.3254,0.0603,18.9153,0.3047,0.3047,0.0000,NA,NA,NA
ExperienceX.exe,56308,0x216C829D570,DXGI,1,0,0,Composed: Flip,8092.7650,NA,15.51500000000000,50.03230000000000,0.11640000000000,1.24200000000000,33.0787,8077.3103,15.5711,15.4547,0.1164,1.8343,14.8624,2.9630,11.8994,0.9028,8077.3103,NA
ExperienceX.exe,56308,0x216C829D570,DXGI,1,0,0,Composed: Flip,8110.5027,NA,17.73770000000000,16.72750000000000,0.49200000000000,1.32320000000000,32.0685,8092.8814,18.1133,17.6213,0.4920,17.2209,1.7236,1.6625,0.0611,-1.1564,8092.8814,NA
ExperienceX.exe,56308,0x216C829D570,DXGI,1,0,0,Composed: Flip,8126.3104,NA,15.80770000000000,16.57150000000000,0.10770000000000,0.83090000000000,32.8323,8110.9947,15.4234,15.3157,0.1077,15.8352,0.3114,0.3114,0.0000,1.5418,8110.9947,NA
ExperienceX.exe,56308,0x216838E1150,DXGI,1,0,0,Composed: Flip,8077.1036,NA,17.62130000000000,66.69220000000000,0.09640000000000,1.42810000000000,32.0468,8059.8242,17.3758,17.2794,0.0964,16.8738,1.8337,1.8337,0.0000,0.1839,8059.8242,NA
ExperienceX.exe,56308,0x216838E1150,DXGI,1,0,0,Composed: Flip,8092.7645,NA,15.66090000000000,NA,0.11690000000000,1.84600000000000,NA,8077.2000,15.6814,15.5645,0.1169,17.0988,0.3117,0.3041,0.0076,NA,NA,NA
ExperienceX.exe,56308,0x216838E1150,DXGI,1,0,0,Composed: Flip,8110.7243,NA,17.95980000000000,NA,0.21040000000000,1.41210000000000,NA,8092.8814,18.0533,17.8429,0.2104,18.9445,0.3105,0.3105,0.0000,NA,NA,NA
ExperienceX.exe,56308,0x216838E1150,DXGI,1,0,0,Composed: Flip,8126.3143,NA,15.59000000000000,NA,0.10350000000000,1.15050000000000,NA,8110.9347,15.4831,15.3796,0.1035,16.2066,0.3235,0.3178,0.0057,NA,NA,NA
ExperienceX.exe,56308,0x216838E1150,DXGI,1,0,0,Composed: Flip,8144.4772,NA,18.16290000000000,NA,0.06060000000000,1.88530000000000,NA,8126.4178,18.1200,18.0594,0.0606,19.6435,0.3012,0.3012,0.0000,NA,NA,NA
ExperienceX.exe,56308,0x216838E1150,DXGI,1,0,0,Composed: Flip,8159.4766,NA,14.99940000000000,83.59400000000001,0.12550000000000,1.44170000000000,33.2678,8144.5378,15.0643,14.9388,0.1255,16.1594,0.2211,0.2211,0.0000,1.1196,8144.5378,NA
ExperienceX.exe,56308,0x216C829D570,DXGI,1,0,0,Composed: Flip,8144.1835,NA,17.87310000000000,16.65390000000000,0.18260000000000,1.54830000000000,31.6131,8126.4181,17.9480,17.7654,0.1826,17.2254,2.0883,1.9641,0.1242,-1.2305,8126.4181,NA
ExperienceX.exe,56308,0x216C829D570,DXGI,1,0,0,Composed: Flip,8159.4772,NA,15.29370000000000,NA,0.12480000000000,1.74770000000000,NA,8144.3661,15.2359,15.1111,0.1248,16.5522,0.3066,0.3035,0.0031,NA,NA,NA
ExperienceX.exe,56308,0x216C829D570,DXGI,1,0,0,Composed: Flip,8176.7516,NA,17.27440000000000,NA,0.10510000000000,2.05200000000000,NA,8159.6020,17.2547,17.1496,0.1051,18.8990,0.3026,0.3026,0.0000,NA,NA,NA
ExperienceX.exe,56308,0x216838E1150,DXGI,1,0,0,Composed: Flip,8176.6347,NA,17.15810000000000,16.39690000000000,0.17490000000000,1.57630000000000,32.5066,8159.6021,17.2075,17.0326,0.1749,16.7929,1.8160,1.8160,0.0000,-1.3326,8159.6021,NA
ExperienceX.exe,56308,0x216838E1150,DXGI,1,0,0,Composed: Flip,8193.6175,NA,16.98280000000000,NA,0.28620000000000,2.86170000000000,NA,8176.8096,17.0941,16.8079,0.2862,19.0701,0.5995,0.5896,0.0099,NA,NA,NA
ExperienceX.exe,56308,0x216838E1150,DXGI,1,0,0,Composed: Flip,8210.5280,NA,16.91050000000000,33.34230000000000,0.18600000000000,1.40640000000000,31.9556,8193.9037,16.8103,16.6243,0.1860,16.0416,1.9891,1.8731,0.1160,0.9593,8193.9037,NA
ExperienceX.exe,56308,0x216C829D570,DXGI,1,0,0,Composed: Flip,8193.5791,NA,16.82750000000000,50.02070000000001,0.41740000000000,1.78160000000000,32.2382,8176.8567,17.1398,16.7224,0.4174,1.9469,16.5571,3.5776,12.9795,0.4179,8176.8567,NA
ExperienceX.exe,56308,0x216C829D570,DXGI,1,0,0,Composed: Flip,8210.9051,NA,17.32600000000000,NA,0.05590000000000,1.36890000000000,NA,8193.9965,16.9645,16.9086,0.0559,17.9379,0.3396,0.3396,0.0000,NA,NA,NA
ExperienceX.exe,56308,0x216C829D570,DXGI,1,0,0,Composed: Flip,8226.2834,NA,15.37830000000000,NA,0.26370000000000,0.94690000000000,NA,8210.9610,15.5861,15.3224,0.2637,1.5990,14.6703,2.7247,11.9456,NA,NA,NA
ExperienceX.exe,56308,0x216C829D570,DXGI,1,0,0,Composed: Flip,8244.8217,NA,18.53830000000000,49.97360000000000,0.19460000000000,1.32910000000000,30.9692,8226.5471,18.4692,18.2746,0.1946,19.5193,0.0844,0.0844,0.0000,-0.2832,8226.5471,NA
ExperienceX.exe,56308,0x216838E1150,DXGI,1,0,0,Composed: Flip,8226.2844,NA,15.75640000000000,16.68330000000000,0.26250000000000,1.58620000000000,32.8825,8210.7140,15.8329,15.5704,0.2625,16.8303,0.3263,0.3211,0.0052,0.1270,8210.7140,NA
ExperienceX.exe,56308,0x216838E1150,DXGI,1,0,0,Composed: Flip,8244.6983,NA,18.41390000000000,NA,0.12980000000000,1.36810000000000,NA,8226.5469,18.2812,18.1514,0.1298,19.1055,0.4140,0.4140,0.0000,NA,NA,NA
ExperienceX.exe,56308,0x216838E1150,DXGI,1,0,0,Composed: Flip,8259.4607,NA,14.76240000000000,NA,0.14570000000000,1.36670000000000,NA,8244.8281,14.7783,14.6326,0.1457,15.6748,0.3245,0.3188,0.0057,NA,NA,NA
ExperienceX.exe,56308,0x216838E1150,DXGI,1,0,0,Composed: Flip,8277.0406,NA,17.57990000000000,49.95930000000000,0.16810000000000,2.04540000000000,32.0856,8259.6064,17.6023,17.4342,0.1681,19.1800,0.2996,0.2996,0.0000,-1.0669,8259.6064,NA
ExperienceX.exe,56308,0x216C829D570,DXGI,1,0,0,Composed: Flip,8259.4602,NA,14.63850000000000,16.66580000000000,0.14620000000000,1.04270000000000,32.9965,8245.0163,14.5901,14.4439,0.1462,15.2013,0.2853,0.2853,0.0000,1.8034,8245.0163,NA
ExperienceX.exe,56308,0x216C829D570,DXGI,1,0,0,Composed: Flip,8277.1862,NA,17.72600000000000,NA,0.09980000000000,0.69990000000000,NA,8259.6064,17.6796,17.5798,0.0998,16.9804,1.2993,1.2993,0.0000,NA,NA,NA
ExperienceX.exe,56308,0x216838E1150,DXGI,1,0,0,Composed: Flip,8292.7089,NA,15.66830000000000,16.68710000000000,0.11990000000000,0.81480000000000,33.1044,8277.2087,15.6201,15.5002,0.1199,16.0074,0.3076,0.3076,0.0000,0.9152,8277.2087,NA
ExperienceX.exe,56308,0x216838E1150,DXGI,1,0,0,Composed: Flip,8309.9695,NA,17.26060000000000,NA,0.27100000000000,1.94270000000000,NA,8292.8288,17.4117,17.1407,0.2710,18.7925,0.2909,0.2909,0.0000,NA,NA,NA
ExperienceX.exe,56308,0x216838E1150,DXGI,1,0,0,Composed: Flip,8326.0663,NA,16.09680000000000,33.38680000000000,0.11090000000000,0.53700000000000,33.1338,8310.2405,15.9367,15.8258,0.1109,1.9742,14.3886,2.1608,12.2278,-0.3550,8310.2405,NA
ExperienceX.exe,56308,0x216C829D570,DXGI,1,0,0,Composed: Flip,8309.9388,NA,32.75260000000000,50.11980000000001,0.30340000000000,1.68250000000000,32.6377,8277.2860,32.9562,32.6528,0.3034,32.4823,1.8530,1.8530,0.0000,-17.8501,8277.2860,NA
ExperienceX.exe,56308,0x216C829D570,DXGI,1,0,0,Composed: Flip,8326.0798,NA,16.14100000000000,NA,0.17600000000000,1.17610000000000,NA,8310.2422,16.0136,15.8376,0.1760,16.6860,0.3277,0.3226,0.0051,NA,NA,NA
ExperienceX.exe,56308,0x216C829D570,DXGI,1,0,0,Composed: Flip,8343.7712,NA,17.69140000000000,NA,0.10430000000000,2.36570000000000,NA,8326.2558,17.6197,17.5154,0.1043,19.5255,0.3556,0.3556,0.0000,NA,NA,NA
ExperienceX.exe,56308,0x216C829D570,DXGI,1,0,0,Composed: Flip,8359.5972,NA,15.82600000000000,49.88800000000001,0.25210000000000,2.12570000000000,32.8673,8343.8755,15.9738,15.7217,0.2521,17.5348,0.3126,0.3040,0.0086,16.7015,8343.8755,NA
ExperienceX.exe,56308,0x216C829D570,DXGI,1,0,0,Composed: Flip,8376.5756,NA,16.97840000000000,16.77460000000000,0.59060000000000,2.97860000000000,32.6635,8359.8493,17.3169,16.7263,0.5906,17.0491,2.6558,2.5058,0.1500,-0.8008,8359.8493,NA
ExperienceX.exe,56308,0x216C7EA03E0,DXGI,1,0,0,Composed: Flip,8059.4817,NA,16.26740000000000,133.32790000000000,0.34110000000000,1.90120000000000,32.9910,8043.3819,16.4409,16.0998,0.3411,17.6968,0.3042,0.2965,0.0077,-0.4191,8043.3819,NA
ExperienceX.exe,56308,0x216C7EA03E0,DXGI,1,0,0,Composed: Flip,8076.2947,NA,16.81300000000000,NA,0.11750000000000,2.54520000000000,NA,8059.8228,16.5894,16.4719,0.1175,18.7089,0.3082,0.3082,0.0000,NA,NA,NA
ExperienceX.exe,56308,0x216C7EA03E0,DXGI,1,0,0,Composed: Flip,8092.8461,NA,16.55140000000000,NA,0.35010000000000,1.45270000000000,NA,8076.4122,16.7840,16.4339,0.3501,17.5948,0.2918,0.2918,0.0000,NA,NA,NA
ExperienceX.exe,56308,0x216C7EA03E0,DXGI,1,0,0,Composed: Flip,8110.5254,NA,17.67930000000000,NA,0.41500000000000,2.31750000000000,NA,8093.1962,17.7442,17.3292,0.4150,18.9402,0.7065,0.7065,0.0000,NA,NA,NA
ExperienceX.exe,56308,0x216C7EA03E0,DXGI,1,0,0,Composed: Flip,8126.3103,NA,15.78490000000000,NA,0.10790000000000,0.51960000000000,NA,8110.9404,15.4778,15.3699,0.1079,1.9025,13.9870,2.6055,11.3815,NA,NA,NA
ExperienceX.exe,56308,0x216C7EA03E0,DXGI,1,0,0,Composed: Flip,8144.5655,NA,18.25520000000000,NA,0.17360000000000,1.49580000000000,NA,8126.4182,18.3209,18.1473,0.1736,19.3136,0.3295,0.3295,0.0000,NA,NA,NA
ExperienceX.exe,56308,0x216C7EA03E0,DXGI,1,0,0,Composed: Flip,8159.4903,NA,14.92480000000000,NA,0.15950000000000,1.20690000000000,NA,8144.7391,14.9107,14.7512,0.1595,1.6234,14.3347,3.2786,11.0561,NA,NA,NA
ExperienceX.exe,56308,0x216C7EA03E0,DXGI,1,0,0,Composed: Flip,8176.7890,NA,17.29870000000000,NA,0.14760000000000,1.71200000000000,NA,8159.6498,17.2868,17.1392,0.1476,18.5612,0.2900,0.2900,0.0000,NA,NA,NA
ExperienceX.exe,56308,0x216C7EA03E0,DXGI,1,0,0,Composed: Flip,8193.5723,NA,16.78330000000000,NA,0.32830000000000,2.30740000000000,NA,8176.9366,16.9640,16.6357,0.3283,18.4241,0.5190,0.5190,0.0000,NA,NA,NA
ExperienceX.exe,56308,0x216C7EA03E0,DXGI,1,0,0,Composed: Flip,8210.7265,NA,17.15420000000000,NA,0.10960000000000,1.83350000000000,NA,8193.9006,16.9355,16.8259,0.1096,18.3734,0.2860,0.2860,0.0000,NA,NA,NA
ExperienceX.exe,56308,0x216C7EA03E0,DXGI,1,0,0,Composed: Flip,8226.3315,NA,15.60500000000000,NA,0.43970000000000,1.21280000000000,NA,8210.8361,15.9351,15.4954,0.4397,16.3942,0.3140,0.3140,0.0000,NA,NA,NA
ExperienceX.exe,56308,0x216C7EA03E0,DXGI,1,0,0,Composed: Flip,8244.4660,NA,18.13450000000000,NA,0.21170000000000,1.18640000000000,NA,8226.7712,17.9065,17.6948,0.2117,16.7400,2.1412,2.0807,0.0605,NA,NA,NA
ExperienceX.exe,56308,0x216C7EA03E0,DXGI,1,0,0,Composed: Flip,8259.4598,NA,14.99380000000000,NA,0.14640000000000,0.75780000000000,NA,8244.6777,14.9285,14.7821,0.1464,1.4731,14.0668,2.8896,11.1772,NA,NA,NA
ExperienceX.exe,56308,0x216C7EA03E0,DXGI,1,0,0,Composed: Flip,8277.1863,NA,17.72650000000000,NA,0.09920000000000,1.60010000000000,NA,8259.6062,17.6793,17.5801,0.0992,18.2799,0.9003,0.9003,0.0000,NA,NA,NA
ExperienceX.exe,56308,0x216C7EA03E0,DXGI,1,0,0,Composed: Flip,8310.1795,NA,32.99320000000000,NA,0.06080000000000,2.03520000000000,NA,8277.2855,32.9548,32.8940,0.0608,34.6267,0.3025,0.3025,0.0000,NA,NA,NA
ExperienceX.exe,56308,0x216C7EA03E0,DXGI,1,0,0,Composed: Flip,8344.3019,NA,34.12240000000000,NA,0.06910000000000,1.47940000000000,NA,8310.2403,34.1307,34.0616,0.0691,33.3110,2.2300,2.1499,0.0801,NA,NA,NA
ExperienceX.exe,56308,0x216C7EA03E0,DXGI,1,0,0,Composed: Flip,8359.5967,NA,15.29480000000000,NA,0.25320000000000,1.31380000000000,NA,8344.3710,15.4789,15.2257,0.2532,2.1658,14.3737,3.1152,11.2585,NA,NA,NA
ExperienceX.exe,56308,0x216C7EA03E0,DXGI,1,0,0,Composed: Flip,8376.5754,NA,16.97870000000000,NA,0.96930000000000,3.58450000000000,NA,8359.8499,17.6948,16.7255,0.9693,19.9905,0.3195,0.3195,0.0000,NA,NA,NA
ExperienceX.exe,56308,0x216C7EA03E0,DXGI,1,0,0,Composed: Flip,8392.7315,NA,16.15610000000000,NA,0.14580000000000,1.10960000000000,NA,8377.5447,15.3326,15.1868,0.1458,15.8965,0.3999,0.3999,0.0000,NA,NA,NA
ExperienceX.exe,56308,0x0,Other,-1,0,0,Composed: Flip,7960.0217,NA,66.70540000000000,66.68480000000001,0.00000000000000,0.52040000000000,32.4724,7893.3163,66.7054,66.7054,0.0000,67.0983,0.1275,0.1275,0.0000,99.4995,7893.3163,NA
ExperienceX.exe,56308,0x0,Other,-1,0,0,Composed: Flip,8293.0762,NA,333.05450000000002,NA,0.00000000000000,0.13990000000000,NA,7960.0217,333.0545,333.0545,0.0000,319.0643,14.1301,2.0573,12.0728,NA,NA,NA
ExperienceX.exe,56308,0x0,Other,-1,0,0,Composed: Flip,8293.0838,NA,0.00760000000000,NA,0.00000000000000,0.78070000000000,NA,8293.0762,0.0076,0.0076,0.0000,0.4475,0.3408,0.3349,0.0059,NA,NA,NA
ExperienceX.exe,56308,0x0,Other,-1,0,0,Composed: Flip,8326.5266,NA,33.44280000000000,NA,0.00000000000000,0.40160000000000,NA,8293.0838,33.4428,33.4428,0.0000,33.5195,0.3249,0.3249,0.0000,NA,NA,NA
ExperienceX.exe,56308,0x216C829D570,DXGI,1,0,0,Composed: Flip,8392.7314,NA,16.15580000000000,16.55820000000000,0.14580000000000,0.70980000000000,33.0659,8377.1662,15.7110,15.5652,0.1458,2.9937,13.2813,2.2999,10.9814,0.7587,8377.1662,NA
ExperienceX.exe,56308,0x216C829D570,DXGI,1,0,0,Composed: Flip,8410.6855,NA,17.95410000000000,NA,0.54240000000000,1.78090000000000,NA,8392.8772,18.3507,17.8083,0.5424,19.3000,0.2892,0.2892,0.0000,NA,NA,NA
ExperienceX.exe,56308,0x216C829D570,DXGI,1,0,0,Composed: Flip,8426.0374,NA,15.35190000000000,NA,0.16680000000000,1.55570000000000,NA,8411.2279,14.9763,14.8095,0.1668,16.0292,0.3360,0.3360,0.0000,NA,NA,NA
ExperienceX.exe,56308,0x216C7EA03E0,DXGI,1,0,0,Composed: Flip,8410.6972,NA,17.96570000000000,350.02040000000000,0.49250000000000,2.15940000000000,31.7959,8392.8773,18.3124,17.8199,0.4925,19.5891,0.3902,0.3902,0.0000,-0.5250,8392.8773,NA
ExperienceX.exe,56308,0x216C7EA03E0,DXGI,1,0,0,Composed: Flip,8426.0375,NA,15.34030000000000,NA,0.16660000000000,1.83400000000000,NA,8411.1897,15.0144,14.8478,0.1666,16.4034,0.2784,0.2710,0.0074,NA,NA,NA
ExperienceX.exe,56308,0x216C7EA03E0,DXGI,1,0,0,Composed: Flip,8444.2499,NA,18.21240000000000,NA,0.07130000000000,0.90220000000000,NA,8426.2041,18.1171,18.0458,0.0713,17.3312,1.6168,1.6168,0.0000,NA,NA,NA
ExperienceX.exe,56308,0x216C7EA03E0,DXGI,1,0,0,Composed: Flip,8459.7756,NA,15.52570000000000,49.99770000000000,0.17280000000000,1.09380000000000,32.7152,8444.3212,15.6272,15.4544,0.1728,16.2351,0.3131,0.3131,0.0000,1.4462,8444.3212,NA
ExperienceX.exe,56308,0x216C829D570,DXGI,1,0,0,Composed: Flip,8444.4541,NA,18.41670000000000,50.00460000000000,0.15320000000000,1.29670000000000,31.3478,8426.2042,18.4031,18.2499,0.1532,18.9479,0.5987,0.5987,0.0000,-0.9666,8426.2042,NA
ExperienceX.exe,56308,0x216C829D570,DXGI,1,0,0,Composed: Flip,8459.7758,NA,15.32170000000000,NA,0.17410000000000,1.41930000000000,NA,8444.6073,15.3426,15.1685,0.1741,16.2621,0.3257,0.3199,0.0058,NA,NA,NA
ExperienceX.exe,56308,0x216C829D570,DXGI,1,0,0,Composed: Flip,8477.1155,NA,17.33970000000000,NA,0.07240000000000,1.53140000000000,NA,8459.9499,17.2380,17.1656,0.0724,17.7988,0.8982,0.8982,0.0000,NA,NA,NA
ExperienceX.exe,56308,0x216C7EA03E0,DXGI,1,0,0,Composed: Flip,8477.0209,NA,17.24530000000000,16.65090000000000,0.14860000000000,2.76380000000000,32.1208,8459.9484,17.2211,17.0725,0.1486,18.6985,1.1378,1.1378,0.0000,-1.0237,8459.9484,NA
ExperienceX.exe,56308,0x216C7EA03E0,DXGI,1,0,0,Composed: Flip,8492.9279,NA,15.90700000000000,NA,0.19710000000000,0.79480000000000,NA,8477.1695,15.9555,15.7584,0.1971,2.6152,13.9380,1.6523,12.2857,NA,NA,NA
ExperienceX.exe,56308,0x216C829D570,DXGI,1,0,0,Composed: Flip,8492.9291,NA,15.81360000000000,50.06410000000000,0.19590000000000,1.50310000000000,32.9369,8477.1879,15.9371,15.7412,0.1959,16.8535,0.3908,0.3822,0.0086,0.9196,8477.1879,NA
ExperienceX.exe,56308,0x216C829D570,DXGI,1,0,0,Composed: Flip,8510.0277,NA,17.09860000000000,NA,0.42430000000000,2.31080000000000,NA,8493.1250,17.3270,16.9027,0.4243,18.9063,0.3072,0.3072,0.0000,NA,NA,NA
ExperienceX.exe,56308,0x216C829D570,DXGI,1,0,0,Composed: Flip,8526.1817,NA,16.15400000000000,33.35280000000000,0.20070000000000,1.06580000000000,33.0371,8510.4520,15.9304,15.7297,0.2007,16.4985,0.2970,0.2970,0.0000,-0.0887,8510.4520,NA
ExperienceX.exe,56308,0x216C829D570,DXGI,1,0,0,Composed: Flip,8543.5357,NA,17.35400000000000,16.63270000000000,0.13000000000000,1.19780000000000,32.3158,8526.3824,17.2833,17.1533,0.1300,16.7045,1.6466,1.6466,0.0000,-0.7023,8526.3824,NA
ExperienceX.exe,56308,0x216C7EA03E0,DXGI,1,0,0,Composed: Flip,8510.2385,NA,17.31060000000000,33.32830000000000,0.24860000000000,1.46600000000000,32.2315,8493.1250,17.3621,17.1135,0.2486,16.6489,1.9306,1.9306,0.0000,-0.1517,8493.1250,NA
ExperienceX.exe,56308,0x216C7EA03E0,DXGI,1,0,0,Composed: Flip,8526.1806,NA,15.94210000000000,NA,0.20130000000000,0.76990000000000,NA,8510.4871,15.8948,15.6935,0.2013,1.8514,14.6120,2.3338,12.2782,NA,NA,NA
ExperienceX.exe,56308,0x216C7EA03E0,DXGI,1,0,0,Composed: Flip,8543.5468,NA,17.36620000000000,NA,0.11680000000000,1.47950000000000,NA,8526.3819,17.2817,17.1649,0.1168,18.3516,0.2928,0.2928,0.0000,NA,NA,NA
ExperienceX.exe,56308,0x216C7EA03E0,DXGI,1,0,0,Composed: Flip,8559.6512,NA,16.10440000000000,NA,0.17710000000000,0.76140000000000,NA,8543.6636,16.1647,15.9876,0.1771,2.7063,14.0427,1.5603,12.4824,NA,NA,NA
ExperienceX.exe,56308,0x216838E1150,DXGI,1,0,0,Composed: Flip,8345.2322,NA,19.16590000000000,16.65660000000000,0.43210000000000,1.30460000000000,30.6245,8326.1772,19.4871,19.0550,0.4321,19.9597,0.3999,0.3999,0.0000,-0.7199,8326.1772,NA
ExperienceX.exe,56308,0x216838E1150,DXGI,1,0,0,Composed: Flip,8359.5949,NA,14.36270000000000,NA,0.25490000000000,1.81540000000000,NA,8345.6643,14.1855,13.9306,0.2549,15.3471,0.3989,0.3989,0.0000,NA,NA,NA
ExperienceX.exe,56308,0x216838E1150,DXGI,1,0,0,Composed: Flip,8376.5769,NA,16.98200000000000,NA,0.94970000000000,3.26350000000000,NA,8359.8498,17.6768,16.7271,0.9497,19.7044,0.2862,0.2862,0.0000,NA,NA,NA
ExperienceX.exe,56308,0x216838E1150,DXGI,1,0,0,Composed: Flip,8392.7295,NA,16.15260000000000,NA,0.10290000000000,1.74640000000000,NA,8377.5266,15.3058,15.2029,0.1029,16.3145,0.6348,0.6288,0.0060,NA,NA,NA
ExperienceX.exe,56308,0x216838E1150,DXGI,1,0,0,Composed: Flip,8410.6923,NA,17.96280000000000,NA,0.49770000000000,1.48490000000000,NA,8392.8324,18.3576,17.8599,0.4977,17.4322,1.9126,1.9126,0.0000,NA,NA,NA
ExperienceX.exe,56308,0x216838E1150,DXGI,1,0,0,Composed: Flip,8444.2632,NA,33.57090000000000,NA,0.33000000000000,1.80090000000000,NA,8411.1900,33.4032,33.0732,0.3300,34.5608,0.3133,0.3133,0.0000,NA,NA,NA
ExperienceX.exe,56308,0x216838E1150,DXGI,1,0,0,Composed: Flip,8459.7751,NA,15.51190000000000,NA,0.17330000000000,0.78120000000000,NA,8444.5932,15.3552,15.1819,0.1733,1.4709,14.4922,2.4927,11.9995,NA,NA,NA
ExperienceX.exe,56308,0x216838E1150,DXGI,1,0,0,Composed: Flip,8477.0771,NA,17.30200000000000,NA,0.11090000000000,0.67160000000000,NA,8459.9484,17.2396,17.1287,0.1109,16.4705,1.3298,1.3298,0.0000,NA,NA,NA
ExperienceX.exe,56308,0x216838E1150,DXGI,1,0,0,Composed: Flip,8492.9017,NA,15.82460000000000,NA,0.14080000000000,1.13970000000000,NA,8477.1880,15.8545,15.7137,0.1408,16.5347,0.3187,0.3187,0.0000,NA,NA,NA
ExperienceX.exe,56308,0x216838E1150,DXGI,1,0,0,Composed: Flip,8510.3684,NA,17.46670000000000,NA,0.15480000000000,1.66290000000000,NA,8493.0425,17.4807,17.3259,0.1548,18.6620,0.3268,0.3268,0.0000,NA,NA,NA
ExperienceX.exe,56308,0x216838E1150,DXGI,1,0,0,Composed: Flip,8526.1819,NA,15.81350000000000,NA,0.20040000000000,1.39800000000000,NA,8510.5232,15.8591,15.6587,0.2004,16.7243,0.3324,0.3245,0.0079,NA,NA,NA
ExperienceX.exe,56308,0x216838E1150,DXGI,1,0,0,Composed: Flip,8543.3079,NA,17.12600000000000,NA,0.28960000000000,3.06200000000000,NA,8526.3823,17.2152,16.9256,0.2896,18.6440,1.3436,1.3436,0.0000,NA,NA,NA
ExperienceX.exe,56308,0x216838E1150,DXGI,1,0,0,Composed: Flip,8559.6516,NA,16.34370000000000,NA,0.17680000000000,1.45760000000000,NA,8543.5975,16.2309,16.0541,0.1768,17.1845,0.3272,0.3209,0.0063,NA,NA,NA
ExperienceX.exe,56308,0x216838E1150,DXGI,1,0,0,Composed: Flip,8577.3016,NA,17.65000000000000,NA,0.05000000000000,1.40810000000000,NA,8559.8284,17.5232,17.4732,0.0500,18.5896,0.2917,0.2917,0.0000,NA,NA,NA
ExperienceX.exe,56308,0x216838E1150,DXGI,1,0,0,Composed: Flip,8593.5258,NA,16.22420000000000,250.08300000000000,0.04820000000000,0.85910000000000,32.4139,8577.3516,16.2224,16.1742,0.0482,2.0539,14.9794,2.2962,12.6832,1.0914,8577.3516,NA
ExperienceX.exe,56308,0x216C829D570,DXGI,1,0,0,Composed: Flip,8559.6517,NA,16.11600000000000,16.93640000000000,0.17780000000000,1.13030000000000,33.1362,8543.6657,16.1638,15.9860,0.1778,16.7469,0.3694,0.3694,0.0000,0.3469,8543.6657,NA
ExperienceX.exe,56308,0x216C829D570,DXGI,1,0,0,Composed: Flip,8577.1088,NA,17.45710000000000,NA,0.06180000000000,2.29670000000000,NA,8559.8295,17.3411,17.2793,0.0618,18.8802,0.6958,0.6958,0.0000,NA,NA,NA
ExperienceX.exe,56308,0x216C829D570,DXGI,1,0,0,Composed: Flip,8593.8878,NA,16.77900000000000,NA,0.78200000000000,0.89620000000000,NA,8577.1706,17.4992,16.7172,0.7820,17.2143,0.3991,0.3991,0.0000,NA,NA,NA
ExperienceX.exe,56308,0x216C829D570,DXGI,1,0,0,Composed: Flip,8611.0308,NA,17.14300000000000,NA,0.05590000000000,1.82710000000000,NA,8594.6698,16.4169,16.3610,0.0559,17.5353,0.6528,0.6528,0.0000,NA,NA,NA
ExperienceX.exe,56308,0x216838E1150,DXGI,1,0,0,Composed: Flip,8611.1129,NA,17.58710000000000,16.53400000000000,0.13360000000000,0.76890000000000,31.3608,8593.5740,17.6725,17.5389,0.1336,16.6884,1.6194,1.6194,0.0000,-0.3116,8593.5740,NA
ExperienceX.exe,56308,0x216838E1150,DXGI,1,0,0,Composed: Flip,8626.4029,NA,15.29000000000000,NA,0.14980000000000,1.38460000000000,NA,8611.2465,15.3062,15.1564,0.1498,16.2002,0.3408,0.3374,0.0034,NA,NA,NA
ExperienceX.exe,56308,0x216C7EA03E0,DXGI,1,0,0,Composed: Flip,8577.2933,NA,17.64210000000000,66.70830000000001,0.14430000000000,1.12470000000000,31.8850,8559.8283,17.6093,17.4650,0.1443,16.9020,1.6877,1.6877,0.0000,-0.0050,8559.8283,NA
ExperienceX.exe,56308,0x216C7EA03E0,DXGI,1,0,0,Composed: Flip,8593.5319,NA,16.23860000000000,NA,0.07030000000000,1.51040000000000,NA,8577.4376,16.1646,16.0943,0.0703,17.3464,0.2583,0.2503,0.0080,NA,NA,NA
ExperienceX.exe,56308,0x216C7EA03E0,DXGI,1,0,0,Composed: Flip,8611.1128,NA,17.58090000000000,NA,0.13360000000000,1.09230000000000,NA,8593.6022,17.6442,17.5106,0.1336,18.2796,0.3233,0.3233,0.0000,NA,NA,NA
ExperienceX.exe,56308,0x216C7EA03E0,DXGI,1,0,0,Composed: Flip,8626.4072,NA,15.29440000000000,NA,0.14680000000000,1.03950000000000,NA,8611.2464,15.3076,15.1608,0.1468,15.9934,0.2069,0.2069,0.0000,NA,NA,NA
ExperienceX.exe,56308,0x216C7EA03E0,DXGI,1,0,0,Composed: Flip,8643.8833,NA,17.47610000000000,NA,0.23280000000000,2.07400000000000,NA,8626.5540,17.5621,17.3293,0.2328,19.0977,0.3056,0.3056,0.0000,NA,NA,NA
ExperienceX.exe,56308,0x216C7EA03E0,DXGI,1,0,0,Composed: Flip,8659.4381,NA,15.55480000000000,83.30130000000000,0.14070000000000,0.80680000000000,33.0415,8644.1161,15.4627,15.3220,0.1407,2.1668,13.9620,2.6881,11.2739,0.9865,8644.1161,NA
ExperienceX.exe,56308,0x216C829D570,DXGI,1,0,0,Composed: Flip,8626.4028,NA,15.37200000000000,66.35800000000000,0.15010000000000,0.83700000000000,32.7431,8611.0867,15.4662,15.3161,0.1501,1.7712,14.3819,2.6959,11.6860,1.0630,8611.0867,NA
ExperienceX.exe,56308,0x216C829D570,DXGI,1,0,0,Composed: Flip,8643.1495,NA,16.74670000000000,NA,0.12960000000000,3.13340000000000,NA,8626.5529,16.7262,16.5966,0.1296,19.4044,0.3256,0.3256,0.0000,NA,NA,NA
ExperienceX.exe,56308,0x216C829D570,DXGI,1,0,0,Composed: Flip,8659.4390,NA,16.28950000000000,NA,0.13960000000000,1.11570000000000,NA,8643.2791,16.2995,16.1599,0.1396,16.9658,0.3098,0.3098,0.0000,NA,NA,NA
ExperienceX.exe,56308,0x216C829D570,DXGI,1,0,0,Composed: Flip,8677.1709,NA,17.73190000000000,NA,0.06730000000000,2.03550000000000,NA,8659.5786,17.6596,17.5923,0.0673,19.3127,0.3151,0.3151,0.0000,NA,NA,NA
ExperienceX.exe,56308,0x216838E1150,DXGI,1,0,0,Composed: Flip,8643.2065,NA,16.80360000000000,33.35950000000000,0.81660000000000,2.44520000000000,32.6267,8626.5527,17.4704,16.6538,0.8166,16.9027,2.1963,1.9811,0.2152,-0.3808,8626.5527,NA
ExperienceX.exe,56308,0x216838E1150,DXGI,1,0,0,Composed: Flip,8659.4385,NA,16.23200000000000,NA,0.14000000000000,1.44620000000000,NA,8644.0231,15.5554,15.4154,0.1400,16.5316,0.3300,0.3247,0.0053,NA,NA,NA
ExperienceX.exe,56308,0x216838E1150,DXGI,1,0,0,Composed: Flip,8677.0284,NA,17.58990000000000,NA,0.06400000000000,1.86290000000000,NA,8659.5785,17.5139,17.4499,0.0640,19.0031,0.3097,0.3097,0.0000,NA,NA,NA
ExperienceX.exe,56308,0x216838E1150,DXGI,1,0,0,Composed: Flip,8692.8115,NA,15.78310000000000,NA,0.40570000000000,1.17240000000000,NA,8677.0924,16.1248,15.7191,0.4057,2.1140,14.7775,2.9586,11.8189,NA,NA,NA
ExperienceX.exe,56308,0x216838E1150,DXGI,1,0,0,Composed: Flip,8709.7288,NA,16.91730000000000,66.74340000000001,0.09840000000000,1.87140000000000,32.8478,8693.2172,16.6100,16.5116,0.0984,16.6922,1.6908,1.6908,0.0000,-0.0789,8693.2172,NA
ExperienceX.exe,56308,0x216C829D570,DXGI,1,0,0,Composed: Flip,8692.8114,NA,15.64050000000000,66.65200000000000,0.40580000000000,1.45510000000000,32.9865,8677.2382,15.9790,15.5732,0.4058,16.7457,0.2826,0.2826,0.0000,-0.5005,8677.2382,NA
ExperienceX.exe,56308,0x216C829D570,DXGI,1,0,0,Composed: Flip,8710.3317,NA,17.52030000000000,NA,0.14180000000000,1.55390000000000,NA,8693.2172,17.2563,17.1145,0.1418,18.3830,0.2854,0.2854,0.0000,NA,NA,NA
ExperienceX.exe,56308,0x216C829D570,DXGI,1,0,0,Composed: Flip,8726.4813,NA,16.14960000000000,NA,0.27330000000000,1.42840000000000,NA,8710.4735,16.2811,16.0078,0.2733,17.1250,0.3112,0.3112,0.0000,NA,NA,NA
ExperienceX.exe,56308,0x216C7EA03E0,DXGI,1,0,0,Composed: Flip,8676.8582,NA,17.42010000000000,16.67850000000000,0.45060000000000,1.72340000000000,32.2999,8659.5788,17.7300,17.2794,0.4506,16.9780,2.0248,2.0248,0.0000,-1.2158,8659.5788,NA
ExperienceX.exe,56308,0x216C7EA03E0,DXGI,1,0,0,Composed: Flip,8692.8136,NA,15.95540000000000,NA,0.39900000000000,1.76420000000000,NA,8677.3088,15.9038,15.5048,0.3990,16.9577,0.3113,0.3071,0.0042,NA,NA,NA
ExperienceX.exe,56308,0x216C7EA03E0,DXGI,1,0,0,Composed: Flip,8710.0999,NA,17.28630000000000,NA,0.59680000000000,2.46040000000000,NA,8693.2126,17.4841,16.8873,0.5968,18.6730,0.6747,0.6747,0.0000,NA,NA,NA
ExperienceX.exe,56308,0x216C7EA03E0,DXGI,1,0,0,Composed: Flip,8726.5321,NA,16.43220000000000,NA,0.22250000000000,1.06640000000000,NA,8710.6967,16.0579,15.8354,0.2225,1.8636,15.0382,2.4096,12.6286,NA,NA,NA
ExperienceX.exe,56308,0x216C7EA03E0,DXGI,1,0,0,Composed: Flip,8744.9232,NA,18.39110000000000,NA,0.08400000000000,1.10360000000000,NA,8726.7546,18.2526,18.1686,0.0840,18.9795,0.2927,0.2927,0.0000,NA,NA,NA
ExperienceX.exe,56308,0x216C829D570,DXGI,1,0,0,Composed: Flip,8744.4541,NA,17.97280000000000,50.03030000000000,0.26840000000000,1.28000000000000,31.3741,8726.7546,17.9679,17.6995,0.2684,16.8919,2.0876,2.0876,0.0000,-0.5139,8726.7546,NA
ExperienceX.exe,56308,0x216C829D570,DXGI,1,0,0,Composed: Flip,8759.4507,NA,14.99660000000000,NA,0.16110000000000,1.23260000000000,NA,8744.7225,14.8893,14.7282,0.1611,15.6168,0.3440,0.3386,0.0054,NA,NA,NA
ExperienceX.exe,56308,0x216C829D570,DXGI,1,0,0,Composed: Flip,8776.7086,NA,17.25790000000000,33.32850000000000,0.33320000000000,1.74350000000000,32.4481,8759.6118,17.4300,17.0968,0.3332,16.8986,1.9417,1.9417,0.0000,-0.4713,8759.6118,NA
ExperienceX.exe,56308,0x216838E1150,DXGI,1,0,0,Composed: Flip,8726.6045,NA,16.87570000000000,16.59730000000000,0.38180000000000,1.62930000000000,32.5694,8709.8272,17.1591,16.7773,0.3818,18.0825,0.3241,0.3169,0.0072,0.0127,8709.8272,NA
ExperienceX.exe,56308,0x216838E1150,DXGI,1,0,0,Composed: Flip,8743.9663,NA,17.36180000000000,NA,0.71610000000000,2.45600000000000,NA,8726.9863,17.6961,16.9800,0.7161,19.0405,0.3955,0.3955,0.0000,NA,NA,NA
ExperienceX.exe,56308,0x216838E1150,DXGI,1,0,0,Composed: Flip,8759.4501,NA,15.48380000000000,NA,0.16230000000000,0.88920000000000,NA,8744.6824,14.9300,14.7677,0.1623,15.3711,0.2858,0.2858,0.0000,NA,NA,NA
ExperienceX.exe,56308,0x216838E1150,DXGI,1,0,0,Composed: Flip,8776.7900,NA,17.33990000000000,NA,0.10240000000000,2.31930000000000,NA,8759.6124,17.2800,17.1776,0.1024,19.1721,0.3248,0.3248,0.0000,NA,NA,NA
ExperienceX.exe,56308,0x216838E1150,DXGI,1,0,0,Composed: Flip,8793.0038,NA,16.21380000000000,NA,0.17500000000000,1.49780000000000,NA,8776.8924,16.2864,16.1114,0.1750,17.4812,0.1280,0.1217,0.0063,NA,NA,NA
ExperienceX.exe,56308,0x216838E1150,DXGI,1,0,0,Composed: Flip,8809.8370,NA,16.83320000000000,84.15230000000001,0.18700000000000,2.16870000000000,33.4892,8793.1788,16.8452,16.6582,0.1870,16.8348,1.9921,1.9921,0.0000,-0.8007,8793.1788,NA
ExperienceX.exe,56308,0x216838E1150,DXGI,1,0,0,Composed: Flip,8826.3226,NA,16.48560000000000,15.80400000000000,0.28320000000000,1.63520000000000,32.8076,8810.0240,16.5818,16.2986,0.2832,17.6747,0.2591,0.2525,0.0066,1.0412,8810.0240,NA
ExperienceX.exe,56308,0x216C829D570,DXGI,1,0,0,Composed: Flip,8793.0041,NA,16.29550000000000,16.71690000000000,0.17460000000000,0.84300000000000,32.8695,8777.0418,16.1369,15.9623,0.1746,2.0675,14.7378,2.2600,12.4778,0.7131,8777.0418,NA
ExperienceX.exe,56308,0x216C829D570,DXGI,1,0,0,Composed: Flip,8810.5443,NA,17.54020000000000,NA,0.06890000000000,2.09180000000000,NA,8793.1787,17.4345,17.3656,0.0689,19.1379,0.3195,0.3195,0.0000,NA,NA,NA
ExperienceX.exe,56308,0x216C829D570,DXGI,1,0,0,Composed: Flip,8826.3252,NA,15.78090000000000,NA,0.25650000000000,1.36930000000000,NA,8810.6132,15.9685,15.7120,0.2565,2.0229,15.0584,2.9278,12.1306,NA,NA,NA
ExperienceX.exe,56308,0x216C829D570,DXGI,1,0,0,Composed: Flip,8846.3336,NA,20.00840000000000,NA,0.28700000000000,2.39860000000000,NA,8826.5817,20.0389,19.7519,0.2870,21.8109,0.3396,0.3396,0.0000,NA,NA,NA
ExperienceX.exe,56308,0x216838E1150,DXGI,1,0,0,Composed: Flip,8844.7535,NA,18.43090000000000,16.64770000000000,0.39910000000000,3.33210000000000,31.0244,8826.6058,18.5468,18.1477,0.3991,18.6617,2.8181,2.5889,0.2292,-0.0659,8826.6058,NA
ExperienceX.exe,56308,0x216838E1150,DXGI,1,0,0,Composed: Flip,8859.4115,NA,14.65800000000000,NA,0.22740000000000,1.80640000000000,NA,8845.1526,14.4863,14.2589,0.2274,15.7461,0.3192,0.3145,0.0047,NA,NA,NA
ExperienceX.exe,56308,0x216C7EA03E0,DXGI,1,0,0,Composed: Flip,8759.4520,NA,14.52880000000000,83.42320000000001,0.15960000000000,0.60150000000000,33.1293,8745.0072,14.6044,14.4448,0.1596,1.4151,13.6312,2.2124,11.4188,2.0052,8745.0072,NA
ExperienceX.exe,56308,0x216C7EA03E0,DXGI,1,0,0,Composed: Flip,8776.9385,NA,17.48650000000000,NA,0.06260000000000,1.84600000000000,NA,8759.6116,17.3895,17.3269,0.0626,18.8405,0.3324,0.3324,0.0000,NA,NA,NA
ExperienceX.exe,56308,0x216C7EA03E0,DXGI,1,0,0,Composed: Flip,8793.0036,NA,16.06510000000000,NA,0.29090000000000,1.37000000000000,NA,8777.0011,16.2934,16.0025,0.2909,16.8460,0.5265,0.5265,0.0000,NA,NA,NA
ExperienceX.exe,56308,0x216C7EA03E0,DXGI,1,0,0,Composed: Flip,8810.6020,NA,17.59840000000000,NA,0.09100000000000,1.71460000000000,NA,8793.2945,17.3985,17.3075,0.0910,18.7112,0.3109,0.3109,0.0000,NA,NA,NA
ExperienceX.exe,56308,0x216C7EA03E0,DXGI,1,0,0,Composed: Flip,8826.3250,NA,15.72300000000000,NA,0.25590000000000,1.37370000000000,NA,8810.6930,15.8879,15.6320,0.2559,17.0015,0.0042,0.0042,0.0000,NA,NA,NA
ExperienceX.exe,56308,0x216C7EA03E0,DXGI,1,0,0,Composed: Flip,8844.7530,NA,18.42800000000000,NA,1.56300000000000,3.63960000000000,NA,8826.5809,19.7351,18.1721,1.5630,21.5047,0.3070,0.3070,0.0000,NA,NA,NA
ExperienceX.exe,56308,0x216C7EA03E0,DXGI,1,0,0,Composed: Flip,8859.3996,NA,14.64660000000000,NA,0.09650000000000,1.20120000000000,NA,8846.3160,13.1801,13.0836,0.0965,2.4162,11.8686,3.3322,8.5364,NA,NA,NA
ExperienceX.exe,56308,0x216C7EA03E0,DXGI,1,0,0,Composed: Flip,8877.1081,NA,17.70850000000000,NA,0.07780000000000,2.12050000000000,NA,8859.4961,17.6898,17.6120,0.0778,19.0599,0.6726,0.6726,0.0000,NA,NA,NA
ExperienceX.exe,56308,0x216838E1150,DXGI,1,0,0,Composed: Flip,8877.0591,NA,17.64760000000000,33.45370000000000,0.14500000000000,1.16780000000000,32.1725,8859.6389,17.5652,17.4202,0.1450,16.8642,1.7238,1.7238,0.0000,-0.4206,8859.6389,NA
ExperienceX.exe,56308,0x216838E1150,DXGI,1,0,0,Composed: Flip,8892.8441,NA,15.78500000000000,NA,0.06470000000000,1.68960000000000,NA,8877.2041,15.7047,15.6400,0.0647,17.0113,0.3183,0.3111,0.0072,NA,NA,NA
ExperienceX.exe,56308,0x216C829D570,DXGI,1,0,0,Composed: Flip,8859.4120,NA,13.07840000000000,66.57540000000000,0.22690000000000,1.48670000000000,33.0370,8846.6206,13.0183,12.7914,0.2269,13.9802,0.2979,0.2979,0.0000,3.0034,8846.6206,NA
ExperienceX.exe,56308,0x216C829D570,DXGI,1,0,0,Composed: Flip,8876.9957,NA,17.58370000000000,NA,0.15690000000000,1.56030000000000,NA,8859.6389,17.5137,17.3568,0.1569,18.5880,0.3291,0.3291,0.0000,NA,NA,NA
ExperienceX.exe,56308,0x216C829D570,DXGI,1,0,0,Composed: Flip,8892.8440,NA,15.84830000000000,NA,0.07210000000000,0.97070000000000,NA,8877.1526,15.7635,15.6914,0.0721,2.0760,14.5861,2.5858,12.0003,NA,NA,NA
ExperienceX.exe,56308,0x216C829D570,DXGI,1,0,0,Composed: Flip,8910.3255,NA,17.48150000000000,NA,0.32130000000000,2.07290000000000,NA,8892.9161,17.7307,17.4094,0.3213,18.5716,0.9107,0.9107,0.0000,NA,NA,NA
ExperienceX.exe,56308,0x216C7EA03E0,DXGI,1,0,0,Composed: Flip,8892.9144,NA,15.80630000000000,133.22220000000002,0.32020000000000,1.30100000000000,32.8891,8877.1859,16.0487,15.7285,0.3202,16.6288,0.4007,0.4007,0.0000,-1.0435,8877.1859,NA
ExperienceX.exe,56308,0x216C7EA03E0,DXGI,1,0,0,Composed: Flip,8909.9545,NA,17.04010000000000,NA,0.43530000000000,1.53320000000000,NA,8893.2346,17.1552,16.7199,0.4353,16.8767,1.3764,1.3764,0.0000,NA,NA,NA
ExperienceX.exe,56308,0x216C7EA03E0,DXGI,1,0,0,Composed: Flip,8926.1158,NA,16.16130000000000,NA,0.14640000000000,0.48130000000000,NA,8910.3898,15.8724,15.7260,0.1464,3.0973,13.1100,1.2613,11.8487,NA,NA,NA
ExperienceX.exe,56308,0x216C829D570,DXGI,1,0,0,Composed: Flip,8926.1006,NA,15.77510000000000,66.68970000000000,0.07750000000000,0.84420000000000,33.0381,8910.6468,15.5313,15.4538,0.0775,15.9503,0.3477,0.3477,0.0000,-2.6635,8910.6468,NA
ExperienceX.exe,56308,0x216C829D570,DXGI,1,0,0,Composed: Flip,8943.8679,NA,17.76730000000000,NA,0.08140000000000,1.70260000000000,NA,8926.1781,17.7712,17.6898,0.0814,19.0667,0.3257,0.3257,0.0000,NA,NA,NA
ExperienceX.exe,56308,0x216838E1150,DXGI,1,0,0,Composed: Flip,8909.9544,NA,17.11030000000000,33.23070000000000,0.43540000000000,3.53270000000000,32.5079,8892.9088,17.4810,17.0456,0.4354,19.4896,1.0887,1.0887,0.0000,0.0392,8892.9088,NA
ExperienceX.exe,56308,0x216838E1150,DXGI,1,0,0,Composed: Flip,8926.1005,NA,16.14610000000000,NA,0.07760000000000,1.18580000000000,NA,8910.3898,15.7883,15.7107,0.0776,16.5550,0.3415,0.3367,0.0048,NA,NA,NA
ExperienceX.exe,56308,0x216838E1150,DXGI,1,0,0,Composed: Flip,8943.5820,NA,17.48150000000000,NA,0.36800000000000,2.30680000000000,NA,8926.1781,17.7719,17.4039,0.3680,19.3924,0.3183,0.3183,0.0000,NA,NA,NA
ExperienceX.exe,56308,0x216838E1150,DXGI,1,0,0,Composed: Flip,8959.4103,NA,15.82830000000000,NA,0.14710000000000,1.64230000000000,NA,8943.9500,15.6074,15.4603,0.1471,16.7741,0.3285,0.3285,0.0000,NA,NA,NA
ExperienceX.exe,56308,0x216838E1150,DXGI,1,0,0,Composed: Flip,8977.0213,NA,17.61100000000000,66.79550000000000,0.65810000000000,1.39300000000000,32.2365,8959.5574,18.1220,17.4639,0.6581,17.1029,1.7540,1.7540,0.0000,-0.1469,8959.5574,NA
ExperienceX.exe,56308,0x216838E1150,DXGI,1,0,0,Composed: Flip,8993.1252,NA,16.10390000000000,16.53680000000000,0.24590000000000,1.46210000000000,32.6694,8977.6794,15.6917,15.4458,0.2459,16.5548,0.3531,0.3531,0.0000,1.5852,8977.6794,NA
ExperienceX.exe,56308,0x0,Other,-1,0,0,Composed: Flip,8426.8069,NA,100.28030000000001,466.88710000000003,0.00000000000000,0.45020000000000,32.5743,8326.5266,100.2803,100.2803,0.0000,86.3300,14.4005,2.8746,11.5259,-33.6768,8326.5266,NA
ExperienceX.exe,56308,0x216C829D570,DXGI,1,0,0,Composed: Flip,8959.4105,NA,15.54260000000000,33.43960000000000,0.14700000000000,1.31360000000000,33.1678,8943.9493,15.6082,15.4612,0.1470,1.9395,14.8353,2.8690,11.9663,-0.1371,8943.9493,NA
ExperienceX.exe,56308,0x216C829D570,DXGI,1,0,0,Composed: Flip,8976.9589,NA,17.54840000000000,NA,0.56330000000000,1.76560000000000,NA,8959.5575,17.9647,17.4014,0.5633,18.8568,0.3102,0.3102,0.0000,NA,NA,NA
ExperienceX.exe,56308,0x216C829D570,DXGI,1,0,0,Composed: Flip,8993.1562,NA,16.19730000000000,NA,0.25540000000000,1.74540000000000,NA,8977.5222,15.8894,15.6340,0.2554,17.0651,0.3143,0.3073,0.0070,NA,NA,NA
ExperienceX.exe,56308,0x216C829D570,DXGI,1,0,0,Composed: Flip,9010.9506,NA,17.79440000000000,NA,0.16640000000000,2.07750000000000,NA,8993.4116,17.7054,17.5390,0.1664,18.9309,0.6856,0.6856,0.0000,NA,NA,NA
ExperienceX.exe,56308,0x216C829D570,DXGI,1,0,0,Composed: Flip,9026.0260,NA,15.07540000000000,NA,0.14960000000000,0.88210000000000,NA,9011.1170,15.0586,14.9090,0.1496,15.4732,0.3179,0.3179,0.0000,NA,NA,NA
ExperienceX.exe,56308,0x216C7EA03E0,DXGI,1,0,0,Composed: Flip,8943.8169,NA,17.70110000000000,50.02300000000000,0.13240000000000,1.42790000000000,32.0096,8926.2622,17.6871,17.5547,0.1324,17.0002,1.9824,1.9824,0.0000,-0.9467,8926.2622,NA
ExperienceX.exe,56308,0x216C7EA03E0,DXGI,1,0,0,Composed: Flip,8959.4140,NA,15.59710000000000,NA,0.17400000000000,1.94970000000000,NA,8943.9493,15.6387,15.4647,0.1740,17.1033,0.3111,0.3062,0.0049,NA,NA,NA
ExperienceX.exe,56308,0x216C7EA03E0,DXGI,1,0,0,Composed: Flip,8976.9839,NA,17.56990000000000,NA,0.13090000000000,3.39750000000000,NA,8959.5880,17.5268,17.3959,0.1309,19.1365,1.6569,1.6569,0.0000,NA,NA,NA
ExperienceX.exe,56308,0x216C7EA03E0,DXGI,1,0,0,Composed: Flip,8993.1268,NA,16.14290000000000,NA,0.24410000000000,1.10740000000000,NA,8977.1148,16.2561,16.0120,0.2441,3.2666,13.8528,1.5022,12.3506,NA,NA,NA
ExperienceX.exe,56308,0x216C7EA03E0,DXGI,1,0,0,Composed: Flip,9010.6709,NA,17.54410000000000,NA,0.06500000000000,1.67160000000000,NA,8993.3709,17.3650,17.3000,0.0650,18.6610,0.3106,0.3106,0.0000,NA,NA,NA
ExperienceX.exe,56308,0x216C7EA03E0,DXGI,1,0,0,Composed: Flip,9026.0259,NA,15.35500000000000,NA,0.18080000000000,0.56430000000000,NA,9010.7359,15.4708,15.2900,0.1808,2.2922,13.5621,2.1127,11.4494,NA,NA,NA
ExperienceX.exe,56308,0x216C7EA03E0,DXGI,1,0,0,Composed: Flip,9043.2448,NA,17.21890000000000,NA,0.06650000000000,2.71650000000000,NA,9026.2067,17.1046,17.0381,0.0665,19.4415,0.3131,0.3131,0.0000,NA,NA,NA
ExperienceX.exe,56308,0x216838E1150,DXGI,1,0,0,Composed: Flip,9011.0184,NA,17.89320000000000,16.66780000000000,0.07210000000000,1.01350000000000,31.4440,8993.3711,17.7194,17.6473,0.0721,16.9813,1.6795,1.6795,0.0000,-0.9761,8993.3711,NA
ExperienceX.exe,56308,0x216838E1150,DXGI,1,0,0,Composed: Flip,9043.7158,NA,32.69740000000000,NA,0.16820000000000,4.50700000000000,NA,9011.0905,32.7935,32.6253,0.1682,34.8708,2.2615,2.2528,0.0087,NA,NA,NA
ExperienceX.exe,56308,0x216838E1150,DXGI,1,0,0,Composed: Flip,9059.4437,NA,15.72790000000000,NA,0.13880000000000,0.55080000000000,NA,9043.8840,15.6985,15.5597,0.1388,15.6828,0.4277,0.4277,0.0000,NA,NA,NA
ExperienceX.exe,56308,0x216838E1150,DXGI,1,0,0,Composed: Flip,9076.2176,NA,16.77390000000000,66.70100000000001,0.35030000000000,2.11950000000000,32.9458,9059.5825,16.9854,16.6351,0.3503,16.7402,2.0144,2.0144,0.0000,-0.4896,9059.5825,NA
ExperienceX.exe,56308,0x216838E1150,DXGI,1,0,0,Composed: Flip,9093.0176,NA,16.80000000000000,16.61480000000000,0.24250000000000,1.69980000000000,32.7606,9076.5679,16.6922,16.4497,0.2425,17.7994,0.3501,0.3501,0.0000,0.3706,9076.5679,NA
ExperienceX.exe,56308,0x216838E1150,DXGI,1,0,0,Composed: Flip,9111.0421,NA,18.02450000000000,16.84870000000000,0.15730000000000,1.71210000000000,31.5848,9093.2601,17.9393,17.7820,0.1573,17.1467,2.3474,2.0901,0.2573,-0.1565,9093.2601,NA
ExperienceX.exe,56308,0x216C7EA03E0,DXGI,1,0,0,Composed: Flip,9059.4439,NA,16.19910000000000,116.75850000000001,0.13810000000000,1.21590000000000,33.1411,9043.3113,16.2707,16.1326,0.1381,16.9940,0.3545,0.3470,0.0075,0.2906,9043.3113,NA
ExperienceX.exe,56308,0x216C7EA03E0,DXGI,1,0,0,Composed: Flip,9076.4928,NA,17.04890000000000,NA,0.28300000000000,2.17660000000000,NA,9059.5820,17.1938,16.9108,0.2830,18.7551,0.3323,0.3323,0.0000,NA,NA,NA
ExperienceX.exe,56308,0x216C7EA03E0,DXGI,1,0,0,Composed: Flip,9093.0178,NA,16.52500000000000,NA,0.24080000000000,2.02400000000000,NA,9076.7758,16.4828,16.2420,0.2408,17.9416,0.3244,0.3173,0.0071,NA,NA,NA
ExperienceX.exe,56308,0x216C7EA03E0,DXGI,1,0,0,Composed: Flip,9111.2042,NA,18.18640000000000,NA,0.15530000000000,1.88070000000000,NA,9093.2586,18.1009,17.9456,0.1553,19.4956,0.3307,0.3307,0.0000,NA,NA,NA
ExperienceX.exe,56308,0x216C7EA03E0,DXGI,1,0,0,Composed: Flip,9126.0101,NA,14.80590000000000,NA,0.10380000000000,1.32850000000000,NA,9111.3595,14.7544,14.6506,0.1038,15.6440,0.3351,0.3351,0.0000,NA,NA,NA
ExperienceX.exe,56308,0x216C7EA03E0,DXGI,1,0,0,Composed: Flip,9144.0633,NA,18.05320000000000,83.21460000000000,0.14520000000000,2.23910000000000,31.7363,9126.1139,18.0946,17.9494,0.1452,19.3856,0.8029,0.8029,0.0000,-0.4120,9126.1139,NA
ExperienceX.exe,56308,0x216838E1150,DXGI,1,0,0,Composed: Flip,9126.0099,NA,14.96780000000000,16.53840000000000,0.10420000000000,1.65520000000000,33.1554,9111.1994,14.9147,14.8105,0.1042,16.1392,0.3265,0.3194,0.0071,1.4009,9111.1994,NA
ExperienceX.exe,56308,0x216838E1150,DXGI,1,0,0,Composed: Flip,9144.1089,NA,18.09900000000000,NA,0.10210000000000,1.39060000000000,NA,9126.1141,18.0969,17.9948,0.1021,19.0270,0.3584,0.3584,0.0000,NA,NA,NA
ExperienceX.exe,56308,0x216838E1150,DXGI,1,0,0,Composed: Flip,9159.5123,NA,15.40340000000000,NA,0.15260000000000,1.12080000000000,NA,9144.2110,15.4539,15.3013,0.1526,16.1195,0.3026,0.3026,0.0000,NA,NA,NA
ExperienceX.exe,56308,0x216C7EA03E0,DXGI,1,0,0,Composed: Flip,9159.5175,NA,15.45420000000000,16.78130000000000,0.16620000000000,1.46750000000000,33.0634,9144.2085,15.4752,15.3090,0.1662,16.4246,0.3519,0.3449,0.0070,1.3133,9144.2085,NA
ExperienceX.exe,56308,0x216C7EA03E0,DXGI,1,0,0,Composed: Flip,9177.0776,NA,17.56010000000000,NA,0.12440000000000,0.92500000000000,NA,9159.6837,17.5183,17.3939,0.1244,16.9173,1.4016,1.4016,0.0000,NA,NA,NA
ExperienceX.exe,56308,0x216838E1150,DXGI,1,0,0,Composed: Flip,9177.2437,NA,17.73140000000000,50.11040000000001,0.06050000000000,2.04090000000000,32.0320,9159.6649,17.6393,17.5788,0.0605,19.2730,0.3467,0.3467,0.0000,-1.6449,9159.6649,NA
ExperienceX.exe,56308,0x216838E1150,DXGI,1,0,0,Composed: Flip,9192.9141,NA,15.67040000000000,NA,0.11210000000000,1.68690000000000,NA,9177.3042,15.7220,15.6099,0.1121,17.1952,0.1016,0.0949,0.0067,NA,NA,NA
ExperienceX.exe,56308,0x216838E1150,DXGI,1,0,0,Composed: Flip,9210.8466,NA,17.93250000000000,33.23620000000000,0.20450000000000,2.19250000000000,31.6653,9193.0262,18.0249,17.8204,0.2045,19.6773,0.3356,0.3356,0.0000,0.1251,9193.0262,NA
ExperienceX.exe,56308,0x216838E1150,DXGI,1,0,0,Composed: Flip,9226.5128,NA,15.66620000000000,16.61250000000000,0.14730000000000,1.03490000000000,32.6116,9211.0511,15.6090,15.4617,0.1473,1.9880,14.5086,2.3783,12.1303,1.4124,9211.0511,NA
ExperienceX.exe,56308,0x216C7EA03E0,DXGI,1,0,0,Composed: Flip,9192.9421,NA,15.86450000000000,33.42570000000000,0.19320000000000,1.55730000000000,33.0645,9177.2020,15.9333,15.7401,0.1932,16.7595,0.5379,0.5379,0.0000,-0.4322,9177.2020,NA
ExperienceX.exe,56308,0x216C7EA03E0,DXGI,1,0,0,Composed: Flip,9210.8433,NA,17.90120000000000,NA,0.20780000000000,1.86020000000000,NA,9193.1353,17.9158,17.7080,0.2078,18.6490,0.9192,0.9192,0.0000,NA,NA,NA
ExperienceX.exe,56308,0x216C7EA03E0,DXGI,1,0,0,Composed: Flip,9226.6043,NA,15.76100000000000,NA,0.30020000000000,1.27920000000000,NA,9211.0511,15.8534,15.5532,0.3002,16.4966,0.3358,0.3358,0.0000,NA,NA,NA
ExperienceX.exe,56308,0x216C7EA03E0,DXGI,1,0,0,Composed: Flip,9243.9238,NA,17.31950000000000,NA,0.09710000000000,1.83300000000000,NA,9226.9045,17.1164,17.0193,0.0971,18.5284,0.3239,0.3239,0.0000,NA,NA,NA
ExperienceX.exe,56308,0x216838E1150,DXGI,1,0,0,Composed: Flip,9243.9620,NA,17.44920000000000,16.73660000000000,0.35030000000000,1.47090000000000,31.8990,9226.6601,17.6522,17.3019,0.3503,16.8201,1.9527,1.7526,0.2001,-1.1276,9226.6601,NA
ExperienceX.exe,56308,0x216838E1150,DXGI,1,0,0,Composed: Flip,9259.3930,NA,15.43100000000000,NA,0.12520000000000,0.84760000000000,NA,9244.3123,15.2059,15.0807,0.1252,15.6125,0.3158,0.3158,0.0000,NA,NA,NA
ExperienceX.exe,56308,0x216838E1150,DXGI,1,0,0,Composed: Flip,9277.5541,NA,18.16110000000000,33.25340000000000,0.06490000000000,1.41110000000000,31.5603,9259.5182,18.1008,18.0359,0.0649,17.0736,2.3734,2.3734,0.0000,-0.3953,9259.5182,NA
ExperienceX.exe,56308,0x216838E1150,DXGI,1,0,0,Composed: Flip,9292.7302,NA,15.17610000000000,16.67890000000000,0.13810000000000,0.68810000000000,33.0631,9277.6190,15.2493,15.1112,0.1381,15.2536,0.5457,0.5457,0.0000,1.4219,9277.6190,NA
ExperienceX.exe,56308,0x216C829D570,DXGI,1,0,0,Composed: Flip,9043.7733,NA,17.74730000000000,83.19460000000001,0.15270000000000,1.87490000000000,31.9996,9026.1756,17.7504,17.5977,0.1527,16.8767,2.5959,2.4678,0.1281,-0.9683,9026.1756,NA
ExperienceX.exe,56308,0x216C829D570,DXGI,1,0,0,Composed: Flip,9059.4438,NA,15.67050000000000,NA,0.13860000000000,0.86150000000000,NA,9043.9260,15.6564,15.5178,0.1386,16.0685,0.3108,0.3108,0.0000,NA,NA,NA
ExperienceX.exe,56308,0x216C829D570,DXGI,1,0,0,Composed: Flip,9076.4746,NA,17.03080000000000,NA,0.26910000000000,2.52930000000000,NA,9059.5824,17.1613,16.8922,0.2691,19.0870,0.3345,0.3345,0.0000,NA,NA,NA
ExperienceX.exe,56308,0x216C829D570,DXGI,1,0,0,Composed: Flip,9093.0177,NA,16.54310000000000,NA,0.24110000000000,1.34960000000000,NA,9076.7437,16.5151,16.2740,0.2411,2.2602,15.3634,2.6231,12.7403,NA,NA,NA
ExperienceX.exe,56308,0x216C829D570,DXGI,1,0,0,Composed: Flip,9110.8816,NA,17.86390000000000,NA,0.18750000000000,2.53070000000000,NA,9093.2588,17.8103,17.6228,0.1875,19.8261,0.3274,0.3274,0.0000,NA,NA,NA
ExperienceX.exe,56308,0x216C829D570,DXGI,1,0,0,Composed: Flip,9126.0095,NA,15.12790000000000,NA,0.10460000000000,0.99400000000000,NA,9111.0691,15.0450,14.9404,0.1046,2.3432,13.5912,2.9313,10.6599,NA,NA,NA
ExperienceX.exe,56308,0x216C829D570,DXGI,1,0,0,Composed: Flip,9144.1559,NA,18.14640000000000,NA,0.07860000000000,0.98520000000000,NA,9126.1141,18.1204,18.0418,0.0786,17.2975,1.7295,1.7295,0.0000,NA,NA,NA
ExperienceX.exe,56308,0x216C829D570,DXGI,1,0,0,Composed: Flip,9159.5126,NA,15.35670000000000,NA,0.15230000000000,0.81790000000000,NA,9144.2345,15.4304,15.2781,0.1523,2.0679,14.0281,2.1036,11.9245,NA,NA,NA
ExperienceX.exe,56308,0x216C829D570,DXGI,1,0,0,Composed: Flip,9176.9440,NA,17.43140000000000,NA,0.21900000000000,1.99390000000000,NA,9159.6649,17.4981,17.2791,0.2190,18.3377,0.9353,0.9353,0.0000,NA,NA,NA
ExperienceX.exe,56308,0x216C829D570,DXGI,1,0,0,Composed: Flip,9192.9422,NA,15.99820000000000,NA,0.19300000000000,1.01930000000000,NA,9177.1630,15.9722,15.7792,0.1930,2.1216,14.6769,2.4534,12.2235,NA,NA,NA
ExperienceX.exe,56308,0x216C829D570,DXGI,1,0,0,Composed: Flip,9210.8434,NA,17.90120000000000,NA,0.20810000000000,0.94090000000000,NA,9193.1352,17.9163,17.7082,0.2081,17.2029,1.4462,1.4462,0.0000,NA,NA,NA
ExperienceX.exe,56308,0x216C829D570,DXGI,1,0,0,Composed: Flip,9226.5413,NA,15.69790000000000,NA,0.17310000000000,1.70510000000000,NA,9211.0515,15.6629,15.4898,0.1731,16.8320,0.3629,0.3546,0.0083,NA,NA,NA
ExperienceX.exe,56308,0x216C829D570,DXGI,1,0,0,Composed: Flip,9244.0693,NA,17.52800000000000,NA,0.32290000000000,3.13430000000000,NA,9226.7144,17.6778,17.3549,0.3229,19.0424,1.4468,1.4468,0.0000,NA,NA,NA
ExperienceX.exe,56308,0x216C829D570,DXGI,1,0,0,Composed: Flip,9259.3927,NA,15.32340000000000,NA,0.12540000000000,0.53210000000000,NA,9244.3922,15.1259,15.0005,0.1254,2.8114,12.7212,1.6987,11.0225,NA,NA,NA
ExperienceX.exe,56308,0x216C829D570,DXGI,1,0,0,Composed: Flip,9277.4681,NA,18.07540000000000,NA,0.10360000000000,1.82170000000000,NA,9259.5181,18.0536,17.9500,0.1036,19.4471,0.3246,0.3246,0.0000,NA,NA,NA
ExperienceX.exe,56308,0x216C829D570,DXGI,1,0,0,Composed: Flip,9292.7303,NA,15.26220000000000,NA,0.13780000000000,0.88590000000000,NA,9277.5717,15.2964,15.1586,0.1378,15.8466,0.1979,0.1979,0.0000,NA,NA,NA
ExperienceX.exe,56308,0x216C829D570,DXGI,1,0,0,Composed: Flip,9310.0843,NA,17.35400000000000,NA,0.05890000000000,3.12660000000000,NA,9292.8681,17.2751,17.2162,0.0589,18.8757,1.4671,1.4671,0.0000,NA,NA,NA
ExperienceX.exe,56308,0x216838E1150,DXGI,1,0,0,Composed: Flip,9309.8668,NA,17.13660000000000,16.66550000000000,0.27660000000000,1.53950000000000,32.5920,9292.8683,17.2751,16.9985,0.2766,16.8049,1.7331,1.7331,0.0000,-1.4162,9292.8683,NA
ExperienceX.exe,56308,0x216838E1150,DXGI,1,0,0,Composed: Flip,9326.0839,NA,16.21710000000000,NA,0.06740000000000,0.50190000000000,NA,9310.1434,16.0079,15.9405,0.0674,3.0675,13.3749,1.0600,12.3149,NA,NA,NA
ExperienceX.exe,56308,0x216C7EA03E0,DXGI,1,0,0,Composed: Flip,9259.3935,NA,15.46970000000000,66.45460000000000,0.12440000000000,1.19630000000000,33.0677,9244.0209,15.4970,15.3726,0.1244,16.2197,0.3492,0.3439,0.0053,0.3643,9244.0209,NA
ExperienceX.exe,56308,0x216C7EA03E0,DXGI,1,0,0,Composed: Flip,9277.3286,NA,17.93510000000000,NA,0.18410000000000,3.82370000000000,NA,9259.5179,17.9948,17.8107,0.1841,19.7719,1.8625,1.8512,0.0113,NA,NA,NA
ExperienceX.exe,56308,0x216C7EA03E0,DXGI,1,0,0,Composed: Flip,9309.5832,NA,32.25460000000000,NA,0.11830000000000,2.16060000000000,NA,9277.5127,32.1888,32.0705,0.1183,33.8936,0.3375,0.3375,0.0000,NA,NA,NA
ExperienceX.exe,56308,0x216C7EA03E0,DXGI,1,0,0,Composed: Flip,9326.0876,NA,16.50440000000000,NA,0.06590000000000,1.41440000000000,NA,9309.7015,16.4520,16.3861,0.0659,17.4543,0.3462,0.3399,0.0063,NA,NA,NA
ExperienceX.exe,56308,0x216C7EA03E0,DXGI,1,0,0,Composed: Flip,9343.4212,NA,17.33360000000000,NA,0.24220000000000,2.22610000000000,NA,9326.1535,17.5099,17.2677,0.2422,19.1444,0.3494,0.3494,0.0000,NA,NA,NA
ExperienceX.exe,56308,0x216838E1150,DXGI,1,0,0,Composed: Flip,9343.6236,NA,17.53970000000000,33.36460000000000,0.08720000000000,3.16180000000000,32.1998,9326.1513,17.5595,17.4723,0.0872,19.4960,1.1381,1.1381,0.0000,-0.0816,9326.1513,NA
ExperienceX.exe,56308,0x216838E1150,DXGI,1,0,0,Composed: Flip,9359.3339,NA,15.71030000000000,NA,0.05170000000000,1.27630000000000,NA,9343.7108,15.6748,15.6231,0.0517,16.5635,0.3359,0.3359,0.0000,NA,NA,NA
ExperienceX.exe,56308,0x216C7EA03E0,DXGI,1,0,0,Composed: Flip,9359.3366,NA,15.91540000000000,100.03460000000001,0.05140000000000,1.60690000000000,33.1592,9343.6634,15.7246,15.6732,0.0514,16.9468,0.3333,0.3269,0.0064,-0.3921,9343.6634,NA
ExperienceX.exe,56308,0x216C7EA03E0,DXGI,1,0,0,Composed: Flip,9377.0556,NA,17.71900000000000,NA,0.08510000000000,2.96790000000000,NA,9359.3880,17.7527,17.6676,0.0851,19.1845,1.4510,1.4510,0.0000,NA,NA,NA
ExperienceX.exe,56308,0x216C7EA03E0,DXGI,1,0,0,Composed: Flip,9392.8969,NA,15.84130000000000,33.48010000000000,0.05320000000000,1.26700000000000,33.0790,9377.1407,15.8094,15.7562,0.0532,16.6744,0.3488,0.3432,0.0056,-0.0028,9377.1407,NA
ExperienceX.exe,56308,0x216838E1150,DXGI,1,0,0,Composed: Flip,9376.9253,NA,17.59140000000000,33.32720000000000,0.12790000000000,1.31210000000000,32.2253,9359.3856,17.6676,17.5397,0.1279,17.0717,1.7801,1.7801,0.0000,-0.0929,9359.3856,NA
ExperienceX.exe,56308,0x216838E1150,DXGI,1,0,0,Composed: Flip,9392.9445,NA,16.01920000000000,NA,0.09040000000000,0.51490000000000,NA,9377.0532,15.9817,15.8913,0.0904,2.9703,13.4359,1.6010,11.8349,NA,NA,NA
ExperienceX.exe,56308,0x216838E1150,DXGI,1,0,0,Composed: Flip,9411.4788,NA,18.53430000000000,NA,0.08030000000000,1.80740000000000,NA,9393.0349,18.5242,18.4439,0.0803,19.5606,0.6907,0.6907,0.0000,NA,NA,NA
ExperienceX.exe,56308,0x216C829D570,DXGI,1,0,0,Composed: Flip,9326.0835,NA,15.99920000000000,283.33820000000003,0.06980000000000,1.07230000000000,33.0276,9310.1432,16.0101,15.9403,0.0698,16.4426,0.5700,0.5700,0.0000,0.6294,9310.1432,NA
ExperienceX.exe,56308,0x216C829D570,DXGI,1,0,0,Composed: Flip,9343.3806,NA,17.29710000000000,NA,0.33040000000000,1.91730000000000,NA,9326.1533,17.5577,17.2273,0.3304,17.0061,2.1385,2.1235,0.0150,NA,NA,NA
ExperienceX.exe,56308,0x216C829D570,DXGI,1,0,0,Composed: Flip,9359.3341,NA,15.95350000000000,NA,0.04860000000000,0.94020000000000,NA,9343.7110,15.6717,15.6231,0.0486,3.0744,13.4889,2.0872,11.4017,NA,NA,NA
ExperienceX.exe,56308,0x216C829D570,DXGI,1,0,0,Composed: Flip,9377.0832,NA,17.74910000000000,NA,0.07520000000000,1.48930000000000,NA,9359.3827,17.7757,17.7005,0.0752,18.8547,0.3351,0.3351,0.0000,NA,NA,NA
ExperienceX.exe,56308,0x216C829D570,DXGI,1,0,0,Composed: Flip,9393.0078,NA,15.92460000000000,NA,0.36010000000000,0.80730000000000,NA,9377.1584,16.2095,15.8494,0.3601,16.3010,0.3557,0.3557,0.0000,NA,NA,NA
ExperienceX.exe,56308,0x216C829D570,DXGI,1,0,0,Composed: Flip,9411.5021,NA,18.49430000000000,NA,0.10450000000000,1.09340000000000,NA,9393.3679,18.2387,18.1342,0.1045,18.8975,0.3301,0.3301,0.0000,NA,NA,NA
ExperienceX.exe,56308,0x216C829D570,DXGI,1,0,0,Composed: Flip,9426.5142,NA,15.01210000000000,NA,0.30870000000000,0.92380000000000,NA,9411.6066,15.2163,14.9076,0.3087,1.6796,14.1518,2.7111,11.4407,NA,NA,NA
ExperienceX.exe,56308,0x216838E1150,DXGI,1,0,0,Composed: Flip,9426.5397,NA,15.06090000000000,50.01310000000000,0.29050000000000,1.54890000000000,32.6240,9411.5591,15.2711,14.9806,0.2905,16.1847,0.3448,0.3338,0.0110,2.1604,9411.5591,NA
ExperienceX.exe,56308,0x216838E1150,DXGI,1,0,0,Composed: Flip,9443.9596,NA,17.41990000000000,NA,0.87010000000000,2.70100000000000,NA,9426.8302,17.9995,17.1294,0.8701,19.4858,0.3446,0.3446,0.0000,NA,NA,NA
ExperienceX.exe,56308,0x216C829D570,DXGI,1,0,0,Composed: Flip,9444.0108,NA,17.49660000000000,116.72170000000001,0.12720000000000,1.91440000000000,31.8220,9426.8229,17.3151,17.1879,0.1272,16.7893,2.3130,2.3130,0.0000,-0.0420,9426.8229,NA
ExperienceX.exe,56308,0x216838E1150,DXGI,1,0,0,Composed: Flip,9459.4634,NA,15.50380000000000,33.28680000000000,0.17460000000000,1.69690000000000,32.9871,9444.8297,14.8083,14.6337,0.1746,16.0031,0.3275,0.3220,0.0055,-0.0162,9444.8297,NA
ExperienceX.exe,56308,0x216838E1150,DXGI,1,0,0,Composed: Flip,9476.9883,NA,17.52490000000000,NA,0.16000000000000,2.89000000000000,NA,9459.6380,17.5103,17.3503,0.1600,18.9597,1.2806,1.2806,0.0000,NA,NA,NA
ExperienceX.exe,56308,0x216C7EA03E0,DXGI,1,0,0,Composed: Flip,9411.2470,NA,18.35010000000000,16.54350000000000,0.20880000000000,1.01840000000000,31.2724,9392.9501,18.5057,18.2969,0.2088,17.1762,2.1391,1.7999,0.3392,-0.7341,9392.9501,NA
ExperienceX.exe,56308,0x216C7EA03E0,DXGI,1,0,0,Composed: Flip,9426.5455,NA,15.29850000000000,NA,0.27470000000000,1.19830000000000,NA,9411.4558,15.3644,15.0897,0.2747,15.9822,0.3058,0.3058,0.0000,NA,NA,NA
ExperienceX.exe,56308,0x216C7EA03E0,DXGI,1,0,0,Composed: Flip,9444.0502,NA,17.50470000000000,NA,0.76180000000000,2.26580000000000,NA,9426.8202,17.9918,17.2300,0.7618,19.1050,0.3908,0.3908,0.0000,NA,NA,NA
ExperienceX.exe,56308,0x216C7EA03E0,DXGI,1,0,0,Composed: Flip,9459.4632,NA,15.41300000000000,NA,0.17440000000000,1.03770000000000,NA,9444.8120,14.8256,14.6512,0.1744,1.8486,13.8403,2.5733,11.2670,NA,NA,NA
ExperienceX.exe,56308,0x216C7EA03E0,DXGI,1,0,0,Composed: Flip,9476.9909,NA,17.52770000000000,NA,0.15520000000000,1.60680000000000,NA,9459.6376,17.5085,17.3533,0.1552,18.6581,0.3020,0.3020,0.0000,NA,NA,NA
ExperienceX.exe,56308,0x216C7EA03E0,DXGI,1,0,0,Composed: Flip,9492.6508,NA,15.65990000000000,NA,0.12230000000000,1.94510000000000,NA,9477.1461,15.6270,15.5047,0.1223,17.0934,0.3564,0.3500,0.0064,NA,NA,NA
ExperienceX.exe,56308,0x216838E1150,DXGI,1,0,0,Composed: Flip,9492.6507,NA,15.66240000000000,33.42590000000000,0.12250000000000,1.27140000000000,33.2257,9477.1483,15.6249,15.5024,0.1225,2.7300,14.0438,2.1399,11.9039,-1.1073,9477.1483,NA
ExperienceX.exe,56308,0x216838E1150,DXGI,1,0,0,Composed: Flip,9509.5341,NA,16.88340000000000,NA,0.49820000000000,2.44200000000000,NA,9492.7732,17.2591,16.7609,0.4982,18.8775,0.3254,0.3254,0.0000,NA,NA,NA
ExperienceX.exe,56308,0x216C7EA03E0,DXGI,1,0,0,Composed: Flip,9509.7369,NA,17.08610000000000,99.95260000000000,0.17410000000000,1.91380000000000,32.7351,9492.7731,17.1379,16.9638,0.1741,16.8226,2.0550,2.0550,0.0000,-0.1296,9492.7731,NA
ExperienceX.exe,56308,0x216C7EA03E0,DXGI,1,0,0,Composed: Flip,9526.1852,NA,16.44830000000000,NA,0.11450000000000,0.51810000000000,NA,9509.9110,16.3887,16.2742,0.1145,2.4048,14.3875,2.1438,12.2437,NA,NA,NA
ExperienceX.exe,56308,0x216C829D570,DXGI,1,0,0,Composed: Flip,9477.0470,NA,33.03620000000000,33.27700000000000,0.09920000000000,1.24870000000000,32.0628,9444.1380,33.0082,32.9090,0.0992,32.3847,1.7730,1.7730,0.0000,-15.9619,9444.1380,NA
ExperienceX.exe,56308,0x216C829D570,DXGI,1,0,0,Composed: Flip,9492.6506,NA,15.60360000000000,NA,0.12260000000000,1.58890000000000,NA,9477.1462,15.6270,15.5044,0.1226,16.7759,0.3174,0.3174,0.0000,NA,NA,NA
ExperienceX.exe,56308,0x216C829D570,DXGI,1,0,0,Composed: Flip,9509.7337,NA,17.08310000000000,NA,0.19850000000000,2.58210000000000,NA,9492.7732,17.1590,16.9605,0.1985,19.2029,0.3397,0.3397,0.0000,NA,NA,NA
ExperienceX.exe,56308,0x216C829D570,DXGI,1,0,0,Composed: Flip,9526.1856,NA,16.45190000000000,NA,0.11460000000000,1.22090000000000,NA,9509.9322,16.3680,16.2534,0.1146,17.1089,0.3654,0.3594,0.0060,NA,NA,NA
ExperienceX.exe,56308,0x216C829D570,DXGI,1,0,0,Composed: Flip,9543.9917,NA,17.80610000000000,NA,0.07570000000000,1.74770000000000,NA,9526.3002,17.7672,17.6915,0.0757,19.1322,0.3070,0.3070,0.0000,NA,NA,NA
ExperienceX.exe,56308,0x216C829D570,DXGI,1,0,0,Composed: Flip,9559.3808,NA,15.38910000000000,83.44600000000000,0.14240000000000,0.53810000000000,33.1750,9544.0674,15.4558,15.3134,0.1424,2.0036,13.8479,2.3038,11.5441,16.4834,9544.0674,NA
ExperienceX.exe,56308,0x216C829D570,DXGI,1,0,0,Composed: Flip,9577.0665,NA,17.68570000000000,16.88090000000000,0.38650000000000,1.35330000000000,32.3702,9559.5232,17.9298,17.5433,0.3865,17.1273,1.7693,1.7693,0.0000,-1.4251,9559.5232,NA
ExperienceX.exe,56308,0x216838E1150,DXGI,1,0,0,Composed: Flip,9526.1861,NA,16.65200000000000,33.25720000000000,0.11410000000000,0.85500000000000,32.9475,9510.0323,16.2679,16.1538,0.1141,16.6710,0.3378,0.3378,0.0000,-0.3732,9510.0323,NA
ExperienceX.exe,56308,0x216838E1150,DXGI,1,0,0,Composed: Flip,9543.7171,NA,17.53100000000000,NA,0.08720000000000,1.71530000000000,NA,9526.3002,17.5041,17.4169,0.0872,16.8394,2.2928,2.2359,0.0569,NA,NA,NA
ExperienceX.exe,56308,0x216838E1150,DXGI,1,0,0,Composed: Flip,9559.3812,NA,15.66410000000000,NA,0.14200000000000,0.89450000000000,NA,9543.8043,15.7189,15.5769,0.1420,16.1146,0.3568,0.3568,0.0000,NA,NA,NA
ExperienceX.exe,56308,0x216838E1150,DXGI,1,0,0,Composed: Flip,9577.3060,NA,17.92480000000000,NA,0.14520000000000,2.16260000000000,NA,9559.5232,17.9280,17.7828,0.1452,19.2498,0.6956,0.6956,0.0000,NA,NA,NA
ExperienceX.exe,56308,0x216838E1150,DXGI,1,0,0,Composed: Flip,9592.9294,NA,15.62340000000000,NA,0.17410000000000,1.99590000000000,NA,9577.4512,15.6523,15.4782,0.1741,17.1173,0.3568,0.3503,0.0065,NA,NA,NA
ExperienceX.exe,56308,0x216838E1150,DXGI,1,0,0,Composed: Flip,9613.4005,NA,20.47110000000000,84.02550000000001,0.20110000000000,0.60690000000000,29.7586,9593.1035,20.4981,20.2970,0.2011,19.8108,1.0931,1.0931,0.0000,-0.9543,9593.1035,NA
ExperienceX.exe,56308,0x216C829D570,DXGI,1,0,0,Composed: Flip,9592.9301,NA,15.86360000000000,16.49770000000000,0.17310000000000,1.58130000000000,33.0043,9577.4530,15.6502,15.4771,0.1731,2.0156,15.0428,2.9336,12.1092,1.4321,9577.4530,NA
ExperienceX.exe,56308,0x216C829D570,DXGI,1,0,0,Composed: Flip,9611.4489,NA,18.51880000000000,NA,0.71560000000000,1.19130000000000,NA,9593.1032,19.0613,18.3457,0.7156,17.6467,1.8903,1.8388,0.0515,NA,NA,NA
ExperienceX.exe,56308,0x216C829D570,DXGI,1,0,0,Composed: Flip,9626.6063,NA,15.15740000000000,NA,0.15690000000000,1.01320000000000,NA,9612.1645,14.5987,14.4418,0.1569,1.8429,13.6121,2.4112,11.2009,NA,NA,NA
ExperienceX.exe,56308,0x216C829D570,DXGI,1,0,0,Composed: Flip,9645.5626,NA,18.95630000000000,49.86320000000000,0.20540000000000,2.04910000000000,30.2350,9626.7632,19.0048,18.7994,0.2054,18.3162,2.5323,2.1956,0.3367,-0.5530,9626.7632,NA
ExperienceX.exe,56308,0x216838E1150,DXGI,1,0,0,Composed: Flip,9626.5783,NA,13.17780000000000,16.17270000000000,0.33670000000000,1.85280000000000,32.7535,9613.6016,13.3134,12.9767,0.3367,14.3510,0.4785,0.4285,0.0500,4.3254,9613.6016,NA
ExperienceX.exe,56308,0x216838E1150,DXGI,1,0,0,Composed: Flip,9645.5511,NA,18.97280000000000,NA,0.16030000000000,2.35230000000000,NA,9626.9150,18.7964,18.6361,0.1603,20.6967,0.2917,0.2917,0.0000,NA,NA,NA
ExperienceX.exe,56308,0x216838E1150,DXGI,1,0,0,Composed: Flip,9659.9002,NA,14.34910000000000,NA,0.34920000000000,1.88890000000000,NA,9645.7114,14.5380,14.1888,0.3492,15.7354,0.3423,0.3423,0.0000,NA,NA,NA
ExperienceX.exe,56308,0x216C7EA03E0,DXGI,1,0,0,Composed: Flip,9543.6546,NA,17.46940000000000,33.32660000000000,0.30390000000000,2.41640000000000,32.1440,9526.2997,17.6588,17.3549,0.3039,19.4397,0.3316,0.3316,0.0000,0.2000,9526.2997,NA
ExperienceX.exe,56308,0x216C7EA03E0,DXGI,1,0,0,Composed: Flip,9559.3813,NA,15.72670000000000,NA,0.14320000000000,1.25390000000000,NA,9543.9585,15.5660,15.4228,0.1432,16.3172,0.3595,0.3545,0.0050,NA,NA,NA
ExperienceX.exe,56308,0x216C7EA03E0,DXGI,1,0,0,Composed: Flip,9576.5574,NA,17.17610000000000,NA,0.23450000000000,2.21560000000000,NA,9559.5245,17.2674,17.0329,0.2345,18.8953,0.3532,0.3532,0.0000,NA,NA,NA
ExperienceX.exe,56308,0x216C7EA03E0,DXGI,1,0,0,Composed: Flip,9592.9807,NA,16.42330000000000,NA,0.27590000000000,1.58780000000000,NA,9576.7919,16.4647,16.1888,0.2759,17.7195,0.0571,0.0571,0.0000,NA,NA,NA
ExperienceX.exe,56308,0x216C7EA03E0,DXGI,1,0,0,Composed: Flip,9611.6733,NA,18.69260000000000,NA,0.43010000000000,1.24100000000000,NA,9593.2566,18.8468,18.4167,0.4301,19.3836,0.2741,0.2741,0.0000,NA,NA,NA
ExperienceX.exe,56308,0x216C7EA03E0,DXGI,1,0,0,Composed: Flip,9626.7210,NA,15.04770000000000,NA,0.29320000000000,1.23160000000000,NA,9612.1034,14.9108,14.6176,0.2932,15.5161,0.3331,0.3331,0.0000,NA,NA,NA
ExperienceX.exe,56308,0x216C7EA03E0,DXGI,1,0,0,Composed: Flip,9646.2139,NA,19.49290000000000,NA,0.11040000000000,2.08610000000000,NA,9627.0142,19.3101,19.1997,0.1104,20.8892,0.3966,0.3966,0.0000,NA,NA,NA
ExperienceX.exe,56308,0x216C7EA03E0,DXGI,1,0,0,Composed: Flip,9659.8998,NA,13.68590000000000,NA,0.28740000000000,1.54700000000000,NA,9646.3243,13.8629,13.5755,0.2874,1.9757,13.1468,3.8562,9.2906,NA,NA,NA
ExperienceX.exe,56308,0x216C7EA03E0,DXGI,1,0,0,Composed: Flip,9676.9139,NA,17.01410000000000,NA,0.42410000000000,4.36670000000000,NA,9660.1872,17.1508,16.7267,0.4241,20.7650,0.3284,0.3284,0.0000,NA,NA,NA
ExperienceX.exe,56308,0x216838E1150,DXGI,1,0,0,Composed: Flip,9676.8850,NA,16.98480000000000,49.80780000000000,0.33380000000000,4.06720000000000,32.2546,9660.2494,16.9694,16.6356,0.3338,16.4036,4.2992,4.2992,0.0000,-3.1600,9660.2494,NA
ExperienceX.exe,56308,0x216838E1150,DXGI,1,0,0,Composed: Flip,9692.8639,NA,15.97890000000000,NA,0.16090000000000,0.90900000000000,NA,9677.2188,15.8060,15.6451,0.1609,16.2104,0.3437,0.3437,0.0000,NA,NA,NA
ExperienceX.exe,56308,0x216838E1150,DXGI,1,0,0,Composed: Flip,9710.6765,NA,17.81260000000000,33.38990000000000,0.14060000000000,3.34370000000000,31.8530,9693.0248,17.7923,17.6517,0.1406,16.9623,4.0331,4.0331,0.0000,-0.6145,9693.0248,NA
ExperienceX.exe,56308,0x216C829D570,DXGI,1,0,0,Composed: Flip,9659.8999,NA,14.33730000000000,16.67910000000000,0.34920000000000,2.19000000000000,32.5768,9645.7680,14.4811,14.1319,0.3492,16.0211,0.3008,0.2951,0.0057,2.3257,9645.7680,NA
ExperienceX.exe,56308,0x216C829D570,DXGI,1,0,0,Composed: Flip,9677.3343,NA,17.43440000000000,NA,0.15880000000000,4.29410000000000,NA,9660.2491,17.2440,17.0852,0.1588,21.0315,0.3478,0.3450,0.0028,NA,NA,NA
ExperienceX.exe,56308,0x216C829D570,DXGI,1,0,0,Composed: Flip,9692.8635,NA,15.52920000000000,NA,0.16150000000000,0.56570000000000,NA,9677.4931,15.5319,15.3704,0.1615,15.5122,0.4239,0.4239,0.0000,NA,NA,NA
ExperienceX.exe,56308,0x216C829D570,DXGI,1,0,0,Composed: Flip,9710.2332,NA,17.36970000000000,NA,0.30760000000000,4.47060000000000,NA,9693.0250,17.5158,17.2082,0.3076,21.3369,0.3419,0.3379,0.0040,NA,NA,NA
ExperienceX.exe,56308,0x216C829D570,DXGI,1,0,0,Composed: Flip,9726.1163,NA,15.88310000000000,NA,0.12030000000000,1.58920000000000,NA,9710.5408,15.6958,15.5755,0.1203,16.8245,0.3402,0.3373,0.0029,NA,NA,NA
ExperienceX.exe,56308,0x216C7EA03E0,DXGI,1,0,0,Composed: Flip,9692.8640,NA,15.95010000000000,150.01210000000000,0.16090000000000,1.92540000000000,32.9467,9677.3380,15.6869,15.5260,0.1609,16.4349,1.0165,1.0119,0.0046,1.0262,9677.3380,NA
ExperienceX.exe,56308,0x216C7EA03E0,DXGI,1,0,0,Composed: Flip,9710.1801,NA,17.31610000000000,NA,0.34260000000000,4.18180000000000,NA,9693.0249,17.4978,17.1552,0.3426,20.9953,0.3417,0.3417,0.0000,NA,NA,NA
ExperienceX.exe,56308,0x216C7EA03E0,DXGI,1,0,0,Composed: Flip,9726.1162,NA,15.93610000000000,NA,0.12040000000000,1.24910000000000,NA,9710.5227,15.7139,15.5935,0.1204,16.4692,0.3734,0.3734,0.0000,NA,NA,NA
ExperienceX.exe,56308,0x216C7EA03E0,DXGI,1,0,0,Composed: Flip,9744.1575,NA,18.04130000000000,NA,0.18180000000000,3.28270000000000,NA,9726.2366,18.1027,17.9209,0.1818,20.1807,1.0229,1.0229,0.0000,NA,NA,NA
ExperienceX.exe,56308,0x216C7EA03E0,DXGI,1,0,0,Composed: Flip,9759.4618,NA,15.30430000000000,66.99580000000000,0.15880000000000,0.86950000000000,33.3447,9744.3393,15.2813,15.1225,0.1588,3.1009,12.8911,1.4113,11.4798,0.0055,9744.3393,NA
ExperienceX.exe,56308,0x216838E1150,DXGI,1,0,0,Composed: Flip,9726.1164,NA,15.43990000000000,16.62230000000000,0.12010000000000,0.87550000000000,33.0354,9710.8171,15.4194,15.2993,0.1201,15.4006,0.7742,0.7742,0.0000,1.1700,9710.8171,NA
ExperienceX.exe,56308,0x216838E1150,DXGI,1,0,0,Composed: Flip,9743.3247,NA,17.20830000000000,NA,0.23060000000000,3.09260000000000,NA,9726.2365,17.3188,17.0882,0.2306,19.8671,0.3137,0.3137,0.0000,NA,NA,NA
ExperienceX.exe,56308,0x216838E1150,DXGI,1,0,0,Composed: Flip,9759.4619,NA,16.13720000000000,NA,0.15860000000000,1.27000000000000,NA,9743.5553,16.0652,15.9066,0.1586,16.8307,0.3459,0.3405,0.0054,NA,NA,NA
ExperienceX.exe,56308,0x216838E1150,DXGI,1,0,0,Composed: Flip,9777.1835,NA,17.72160000000000,NA,0.09550000000000,2.00490000000000,NA,9759.6205,17.6585,17.5630,0.0955,19.2037,0.3642,0.3642,0.0000,NA,NA,NA
ExperienceX.exe,56308,0x216C829D570,DXGI,1,0,0,Composed: Flip,9743.3248,NA,17.20850000000000,83.37460000000000,0.23210000000000,2.77880000000000,32.5265,9726.2366,17.3203,17.0882,0.2321,17.2827,2.5843,2.5843,0.0000,-2.9060,9726.2366,NA
ExperienceX.exe,56308,0x216C829D570,DXGI,1,0,0,Composed: Flip,9759.4608,NA,16.13600000000000,NA,0.15940000000000,0.92520000000000,NA,9743.5569,16.0633,15.9039,0.1594,16.7744,0.0547,0.0547,0.0000,NA,NA,NA
ExperienceX.exe,56308,0x216C829D570,DXGI,1,0,0,Composed: Flip,9776.8870,NA,17.42620000000000,NA,0.24050000000000,2.65890000000000,NA,9759.6202,17.5073,17.2668,0.2405,19.5682,0.3575,0.3575,0.0000,NA,NA,NA
ExperienceX.exe,56308,0x216C829D570,DXGI,1,0,0,Composed: Flip,9793.5742,NA,16.68720000000000,NA,0.20860000000000,2.29240000000000,NA,9777.1275,16.6553,16.4467,0.2086,18.3566,0.3825,0.3714,0.0111,NA,NA,NA
ExperienceX.exe,56308,0x216C7EA03E0,DXGI,1,0,0,Composed: Flip,9777.1961,NA,17.73430000000000,16.89370000000000,0.07280000000000,1.62810000000000,32.5041,9759.6206,17.6483,17.5755,0.0728,17.0656,2.1380,2.1380,0.0000,-1.6124,9759.6206,NA
ExperienceX.exe,56308,0x216C7EA03E0,DXGI,1,0,0,Composed: Flip,9793.5733,NA,16.37720000000000,NA,0.21110000000000,1.60950000000000,NA,9777.2689,16.5155,16.3044,0.2111,2.2770,15.6369,2.3909,13.2460,NA,NA,NA
ExperienceX.exe,56308,0x216C7EA03E0,DXGI,1,0,0,Composed: Flip,9812.1797,NA,18.60640000000000,NA,0.49160000000000,2.14670000000000,NA,9793.7844,18.8869,18.3953,0.4916,20.1953,0.3467,0.3467,0.0000,NA,NA,NA
ExperienceX.exe,56308,0x216C7EA03E0,DXGI,1,0,0,Composed: Flip,9826.4483,NA,14.26860000000000,49.54930000000000,0.20900000000000,0.92020000000000,32.8012,9812.6713,13.9860,13.7770,0.2090,14.3952,0.3020,0.3020,0.0000,3.5014,9812.6713,NA
ExperienceX.exe,56308,0x216838E1150,DXGI,1,0,0,Composed: Flip,9793.7941,NA,16.61060000000000,66.73230000000001,1.42920000000000,1.69000000000000,32.0900,9777.2790,17.9443,16.5151,1.4292,17.9038,0.3013,0.3013,0.0000,-0.2704,9777.2790,NA
ExperienceX.exe,56308,0x216838E1150,DXGI,1,0,0,Composed: Flip,9811.5106,NA,17.71650000000000,NA,1.30960000000000,3.17000000000000,NA,9795.2233,17.5969,16.2873,1.3096,19.1031,0.3542,0.3542,0.0000,NA,NA,NA
ExperienceX.exe,56308,0x216838E1150,DXGI,1,0,0,Composed: Flip,9826.4211,NA,14.91050000000000,NA,0.20060000000000,0.64540000000000,NA,9812.8202,13.8015,13.6009,0.2006,1.8604,12.3859,3.0077,9.3782,NA,NA,NA
ExperienceX.exe,56308,0x216838E1150,DXGI,1,0,0,Composed: Flip,9843.0418,NA,16.62070000000000,NA,0.19320000000000,2.75510000000000,NA,9826.6217,16.6133,16.4201,0.1932,18.8515,0.3237,0.3237,0.0000,NA,NA,NA
ExperienceX.exe,56308,0x216838E1150,DXGI,1,0,0,Composed: Flip,9859.6040,NA,16.56220000000000,66.57920000000000,0.15190000000000,1.75920000000000,32.8593,9843.2350,16.5209,16.3690,0.1519,17.7890,0.3392,0.3318,0.0074,-0.6232,9843.2350,NA
ExperienceX.exe,56308,0x216C829D570,DXGI,1,0,0,Composed: Flip,9812.1947,NA,18.62050000000000,66.60510000000001,0.45090000000000,1.78500000000000,30.2617,9793.7828,18.8628,18.4119,0.4509,18.0745,2.1224,2.1224,0.0000,0.9411,9793.7828,NA
ExperienceX.exe,56308,0x216C829D570,DXGI,1,0,0,Composed: Flip,9826.4223,NA,14.22760000000000,NA,0.18970000000000,1.31400000000000,NA,9812.6456,13.9664,13.7767,0.1897,14.7229,0.3678,0.3638,0.0040,NA,NA,NA
ExperienceX.exe,56308,0x216C829D570,DXGI,1,0,0,Composed: Flip,9859.6039,NA,33.18160000000000,NA,0.15190000000000,1.42010000000000,NA,9826.6120,33.1438,32.9919,0.1519,34.0576,0.3544,0.3544,0.0000,NA,NA,NA
ExperienceX.exe,56308,0x216C829D570,DXGI,1,0,0,Composed: Flip,9878.0931,NA,18.48920000000000,NA,0.14460000000000,1.59120000000000,NA,9859.7558,18.4819,18.3373,0.1446,19.6092,0.3193,0.3193,0.0000,NA,NA,NA
ExperienceX.exe,56308,0x216838E1150,DXGI,1,0,0,Composed: Flip,9878.2713,NA,18.66730000000000,16.66220000000000,0.06530000000000,0.78530000000000,30.8542,9859.7559,18.5807,18.5154,0.0653,17.3444,1.9563,1.9563,0.0000,-0.1413,9859.7559,NA
ExperienceX.exe,56308,0x216838E1150,DXGI,1,0,0,Composed: Flip,9892.7388,NA,14.46750000000000,NA,0.11160000000000,1.68180000000000,NA,9878.3366,14.5138,14.4022,0.1116,15.7679,0.3161,0.3110,0.0051,NA,NA,NA
ExperienceX.exe,56308,0x216C829D570,DXGI,1,0,0,Composed: Flip,9892.7450,NA,14.65190000000000,83.38430000000001,0.14790000000000,1.35950000000000,33.0957,9878.2377,14.6552,14.5073,0.1479,15.0999,0.7669,0.7669,0.0000,1.0706,9878.2377,NA
ExperienceX.exe,56308,0x216C829D570,DXGI,1,0,0,Composed: Flip,9909.6998,NA,16.95480000000000,NA,0.61620000000000,2.13170000000000,NA,9892.8929,17.4231,16.8069,0.6162,18.6345,0.3041,0.3041,0.0000,NA,NA,NA
ExperienceX.exe,56308,0x216C7EA03E0,DXGI,1,0,0,Composed: Flip,9843.0420,NA,16.59370000000000,16.69960000000000,0.19310000000000,2.43120000000000,32.9071,9826.6573,16.5778,16.3847,0.1931,16.6507,2.1652,2.1652,0.0000,-2.7136,9826.6573,NA
ExperienceX.exe,56308,0x216C7EA03E0,DXGI,1,0,0,Composed: Flip,9877.9098,NA,34.86780000000000,NA,0.20230000000000,1.45520000000000,NA,9843.2351,34.8770,34.6747,0.2023,35.8215,0.3084,0.3084,0.0000,NA,NA,NA
ExperienceX.exe,56308,0x216C7EA03E0,DXGI,1,0,0,Composed: Flip,9892.7449,NA,14.83510000000000,NA,0.14800000000000,0.59270000000000,NA,9878.1121,14.7808,14.6328,0.1480,1.5722,13.6533,2.3504,11.3029,NA,NA,NA
ExperienceX.exe,56308,0x216C7EA03E0,DXGI,1,0,0,Composed: Flip,9909.6995,NA,16.95460000000000,NA,0.65670000000000,3.51820000000000,NA,9892.8929,17.4633,16.8066,0.6567,18.9386,1.3862,1.3862,0.0000,NA,NA,NA
ExperienceX.exe,56308,0x216C7EA03E0,DXGI,1,0,0,Composed: Flip,9926.3563,NA,16.65680000000000,NA,0.16710000000000,1.90170000000000,NA,9910.3562,16.1672,16.0001,0.1671,17.5964,0.3054,0.3028,0.0026,NA,NA,NA
ExperienceX.exe,56308,0x216838E1150,DXGI,1,0,0,Composed: Flip,9910.4174,NA,17.67860000000000,33.34620000000000,0.06740000000000,1.11000000000000,32.0543,9892.8504,17.6344,17.5670,0.0674,17.0331,1.6439,1.6439,0.0000,-0.2517,9892.8504,NA
ExperienceX.exe,56308,0x216838E1150,DXGI,1,0,0,Composed: Flip,9943.6199,NA,33.20250000000000,NA,0.11890000000000,1.47740000000000,NA,9910.4848,33.2540,33.1351,0.1189,34.3029,0.3096,0.3096,0.0000,NA,NA,NA
ExperienceX.exe,56308,0x216838E1150,DXGI,1,0,0,Composed: Flip,9959.3389,NA,15.71900000000000,49.99440000000001,0.11170000000000,0.83280000000000,33.1272,9943.7388,15.7118,15.6001,0.1117,16.0765,0.3564,0.3564,0.0000,0.8940,9943.7388,NA
ExperienceX.exe,56308,0x216C829D570,DXGI,1,0,0,Composed: Flip,9926.3512,NA,16.65140000000000,33.26570000000000,0.17080000000000,1.27400000000000,32.7552,9910.3160,16.2060,16.0352,0.1708,2.9017,14.4075,2.4268,11.9807,-1.1874,9910.3160,NA
ExperienceX.exe,56308,0x216C829D570,DXGI,1,0,0,Composed: Flip,9942.9650,NA,16.61380000000000,NA,0.09690000000000,3.54270000000000,NA,9926.5220,16.5399,16.4430,0.0969,18.5753,1.4104,1.4104,0.0000,NA,NA,NA
ExperienceX.exe,56308,0x216C829D570,DXGI,1,0,0,Composed: Flip,9959.3383,NA,16.37330000000000,NA,0.11230000000000,0.47700000000000,NA,9943.0619,16.3887,16.2764,0.1123,3.4458,13.3076,1.7442,11.5634,NA,NA,NA
ExperienceX.exe,56308,0x216C829D570,DXGI,1,0,0,Composed: Flip,9977.0985,NA,17.76020000000000,NA,0.16850000000000,1.89420000000000,NA,9959.4506,17.8164,17.6479,0.1685,19.2301,0.3120,0.3120,0.0000,NA,NA,NA
ExperienceX.exe,56308,0x216838E1150,DXGI,1,0,0,Composed: Flip,9977.1524,NA,17.81350000000000,16.79190000000000,0.16310000000000,1.52830000000000,32.1056,9959.4506,17.8649,17.7018,0.1631,17.0429,2.1872,2.0353,0.1519,-1.0801,9959.4506,NA
ExperienceX.exe,56308,0x216838E1150,DXGI,1,0,0,Composed: Flip,9992.7888,NA,15.63640000000000,NA,0.22490000000000,1.32520000000000,NA,9977.3155,15.6982,15.4733,0.2249,16.4721,0.3264,0.3264,0.0000,NA,NA,NA
ExperienceX.exe,56308,0x216C7EA03E0,DXGI,1,0,0,Composed: Flip,9943.6458,NA,17.28950000000000,99.84310000000001,0.09330000000000,1.14190000000000,32.1464,9926.5234,17.2157,17.1224,0.0933,16.6089,1.6554,1.6554,0.0000,0.0230,9926.5234,NA
ExperienceX.exe,56308,0x216C7EA03E0,DXGI,1,0,0,Composed: Flip,9959.3386,NA,15.69280000000000,NA,0.11190000000000,1.38230000000000,NA,9943.7391,15.7114,15.5995,0.1119,16.4326,0.5492,0.5382,0.0110,NA,NA,NA
ExperienceX.exe,56308,0x216C7EA03E0,DXGI,1,0,0,Composed: Flip,9977.1349,NA,17.79630000000000,NA,0.13210000000000,2.17940000000000,NA,9959.4505,17.8165,17.6844,0.1321,19.5422,0.3216,0.3216,0.0000,NA,NA,NA
ExperienceX.exe,56308,0x216C7EA03E0,DXGI,1,0,0,Composed: Flip,9993.1770,NA,16.04210000000000,NA,0.19140000000000,0.61060000000000,NA,9977.2670,16.1014,15.9100,0.1914,2.0473,14.4733,2.9054,11.5679,NA,NA,NA
ExperienceX.exe,56308,0x216C7EA03E0,DXGI,1,0,0,Composed: Flip,10011.0848,NA,17.90780000000000,NA,0.74200000000000,1.77470000000000,NA,9993.3684,18.4584,17.7164,0.7420,19.2931,0.1980,0.1980,0.0000,NA,NA,NA
ExperienceX.exe,56308,0x216C829D570,DXGI,1,0,0,Composed: Flip,9992.7893,NA,15.69080000000000,66.84890000000000,0.22430000000000,1.63950000000000,33.1660,9977.2670,15.7466,15.5223,0.2243,16.8470,0.3148,0.3090,0.0058,0.1021,9977.2670,NA
ExperienceX.exe,56308,0x216C829D570,DXGI,1,0,0,Composed: Flip,10011.5653,NA,18.77600000000000,NA,0.11280000000000,1.62040000000000,NA,9993.0136,18.6645,18.5517,0.1128,19.8459,0.3262,0.3262,0.0000,NA,NA,NA
ExperienceX.exe,56308,0x216C829D570,DXGI,1,0,0,Composed: Flip,10026.5515,NA,14.98620000000000,NA,0.23920000000000,1.47990000000000,NA,10011.6781,15.1126,14.8734,0.2392,16.0187,0.3346,0.3309,0.0037,NA,NA,NA
ExperienceX.exe,56308,0x0,Other,-1,0,0,Composed: Flip,9026.5679,NA,599.76100000000008,599.76170000000002,0.00000000000000,0.69730000000000,32.5750,8426.8069,599.7610,599.7610,0.0000,600.1012,0.3571,0.3517,0.0054,-499.4814,8426.8069,NA
ExperienceX.exe,56308,0x0,Other,-1,0,0,Composed: Flip,9293.1925,NA,266.62459999999999,NA,0.00000000000000,0.77450000000000,NA,9026.5679,266.6246,266.6246,0.0000,267.0483,0.3508,0.3450,0.0058,NA,NA,NA
ExperienceX.exe,56308,0x0,Other,-1,0,0,Composed: Flip,9459.9702,NA,166.77770000000001,NA,0.00000000000000,0.86260000000000,NA,9293.1925,166.7777,166.7777,0.0000,167.3084,0.3319,0.3319,0.0000,NA,NA,NA
ExperienceX.exe,56308,0x0,Other,-1,0,0,Composed: Flip,9844.0031,NA,384.03290000000004,NA,0.00000000000000,2.12850000000000,NA,9459.9702,384.0329,384.0329,0.0000,385.8267,0.3347,0.3347,0.0000,NA,NA,NA
ExperienceX.exe,56308,0x0,Other,-1,0,0,Composed: Flip,9860.1777,NA,16.17460000000000,NA,0.00000000000000,0.49190000000000,NA,9844.0031,16.1746,16.1746,0.0000,2.1285,14.5380,2.9092,11.6288,NA,NA,NA
ExperienceX.exe,56308,0x0,Other,-1,0,0,Composed: Flip,9926.8997,NA,66.72200000000001,NA,0.00000000000000,1.05290000000000,NA,9860.1777,66.7220,66.7220,0.0000,67.4475,0.3274,0.3274,0.0000,NA,NA,NA
ExperienceX.exe,56308,0x216C829D570,DXGI,1,0,0,Composed: Flip,10044.1198,NA,17.56830000000000,49.82340000000000,0.16230000000000,0.92520000000000,31.6589,10026.7907,17.4914,17.3291,0.1623,16.6076,1.6467,1.6467,0.0000,-0.2997,10026.7907,NA
ExperienceX.exe,56308,0x216C829D570,DXGI,1,0,0,Composed: Flip,10059.4138,NA,15.29400000000000,NA,0.16010000000000,1.22480000000000,NA,10044.2821,15.2918,15.1317,0.1601,16.0174,0.3391,0.3343,0.0048,NA,NA,NA
ExperienceX.exe,56308,0x216C7EA03E0,DXGI,1,0,0,Composed: Flip,10026.5536,NA,15.46880000000000,83.32800000000000,0.23710000000000,1.14320000000000,32.5666,10011.8268,14.9639,14.7268,0.2371,15.5728,0.2972,0.2972,0.0000,1.9754,10011.8268,NA
ExperienceX.exe,56308,0x216C7EA03E0,DXGI,1,0,0,Composed: Flip,10044.1167,NA,17.56310000000000,NA,0.16540000000000,1.26230000000000,NA,10026.7907,17.4914,17.3260,0.1654,18.2543,0.3340,0.3340,0.0000,NA,NA,NA
ExperienceX.exe,56308,0x216C7EA03E0,DXGI,1,0,0,Composed: Flip,10059.4116,NA,15.29490000000000,NA,0.16220000000000,0.88790000000000,NA,10044.2821,15.2917,15.1295,0.1622,15.6937,0.3237,0.3237,0.0000,NA,NA,NA
ExperienceX.exe,56308,0x216C7EA03E0,DXGI,1,0,0,Composed: Flip,10076.6815,NA,17.26990000000000,NA,0.28970000000000,2.02690000000000,NA,10059.5738,17.3974,17.1077,0.2897,18.8128,0.3218,0.3218,0.0000,NA,NA,NA
ExperienceX.exe,56308,0x216C7EA03E0,DXGI,1,0,0,Composed: Flip,10092.6937,NA,16.01220000000000,66.65810000000000,0.14120000000000,1.41020000000000,33.0846,10076.9712,15.8637,15.7225,0.1412,16.8202,0.3125,0.3060,0.0065,-1.5137,10076.9712,NA
ExperienceX.exe,56308,0x216C829D570,DXGI,1,0,0,Composed: Flip,10076.3370,NA,16.92320000000000,33.34490000000000,0.61380000000000,2.04960000000000,32.7866,10059.5739,17.3769,16.7631,0.6138,16.8662,1.9465,1.9465,0.0000,-0.5617,10059.5739,NA
ExperienceX.exe,56308,0x216C829D570,DXGI,1,0,0,Composed: Flip,10092.6864,NA,16.34940000000000,NA,0.14890000000000,0.54520000000000,NA,10076.9508,15.8845,15.7356,0.1489,2.0817,14.1991,1.9971,12.2020,NA,NA,NA
ExperienceX.exe,56308,0x216C829D570,DXGI,1,0,0,Composed: Flip,10110.3949,NA,17.70850000000000,NA,0.30720000000000,1.66790000000000,NA,10092.8353,17.8668,17.5596,0.3072,18.9026,0.3249,0.3249,0.0000,NA,NA,NA
ExperienceX.exe,56308,0x216838E1150,DXGI,1,0,0,Composed: Flip,10011.6209,NA,18.83210000000000,33.27050000000000,0.06250000000000,1.04060000000000,30.9076,9993.0137,18.6697,18.6072,0.0625,17.5639,2.0839,2.0839,0.0000,0.2926,9993.0137,NA
ExperienceX.exe,56308,0x216838E1150,DXGI,1,0,0,Composed: Flip,10026.5510,NA,14.93010000000000,NA,0.23980000000000,0.84860000000000,NA,10011.6834,15.1074,14.8676,0.2398,1.5023,14.2139,2.6186,11.5953,NA,NA,NA
ExperienceX.exe,56308,0x216838E1150,DXGI,1,0,0,Composed: Flip,10044.0567,NA,17.50570000000000,NA,0.23580000000000,2.09660000000000,NA,10026.7908,17.5017,17.2659,0.2358,18.5882,0.7743,0.7743,0.0000,NA,NA,NA
ExperienceX.exe,56308,0x216838E1150,DXGI,1,0,0,Composed: Flip,10076.6004,NA,32.54370000000000,NA,0.34240000000000,2.43210000000000,NA,10044.2925,32.6503,32.3079,0.3424,34.4159,0.3241,0.3241,0.0000,NA,NA,NA
ExperienceX.exe,56308,0x216838E1150,DXGI,1,0,0,Composed: Flip,10092.6863,NA,16.08590000000000,NA,0.14880000000000,1.10510000000000,NA,10076.9428,15.8923,15.7435,0.1488,16.2888,0.5598,0.5598,0.0000,NA,NA,NA
ExperienceX.exe,56308,0x216838E1150,DXGI,1,0,0,Composed: Flip,10110.2414,NA,17.55510000000000,NA,0.17750000000000,1.49650000000000,NA,10092.8351,17.5838,17.4063,0.1775,16.9302,1.9726,1.9726,0.0000,NA,NA,NA
ExperienceX.exe,56308,0x216838E1150,DXGI,1,0,0,Composed: Flip,10126.0598,NA,15.81840000000000,NA,0.16370000000000,0.57400000000000,NA,10110.4189,15.8046,15.6409,0.1637,3.3263,12.8886,1.1278,11.7608,NA,NA,NA
ExperienceX.exe,56308,0x0,Other,-1,0,0,Composed: Flip,10059.8505,NA,132.95080000000002,1033.30670000000009,0.00000000000000,0.12530000000000,32.5991,9926.8997,132.9508,132.9508,0.0000,119.2536,13.8225,1.8550,11.9675,466.7861,9926.8997,NA
ExperienceX.exe,56308,0x0,Other,-1,0,0,Composed: Flip,10126.5351,NA,66.68460000000000,NA,0.00000000000000,0.63270000000000,NA,10059.8505,66.6846,66.6846,0.0000,66.7833,0.5340,0.5340,0.0000,NA,NA,NA
ExperienceX.exe,56308,0x216838E1150,DXGI,1,0,0,Composed: Flip,10144.1498,NA,18.09000000000000,133.25960000000001,0.07010000000000,1.30820000000000,31.6383,10126.2235,17.9964,17.9263,0.0701,17.2477,1.9868,1.9868,0.0000,-0.0498,10126.2235,NA
ExperienceX.exe,56308,0x216838E1150,DXGI,1,0,0,Composed: Flip,10159.4212,NA,15.27140000000000,NA,0.09630000000000,1.61850000000000,NA,10144.2199,15.2976,15.2013,0.0963,16.5025,0.3173,0.3123,0.0050,NA,NA,NA
ExperienceX.exe,56308,0x216C829D570,DXGI,1,0,0,Composed: Flip,10126.0600,NA,15.66510000000000,49.99000000000000,0.16350000000000,1.44340000000000,33.0536,10110.7021,15.5214,15.3579,0.1635,16.4657,0.3356,0.3297,0.0059,1.1382,10110.7021,NA
ExperienceX.exe,56308,0x216C829D570,DXGI,1,0,0,Composed: Flip,10143.6320,NA,17.57200000000000,NA,0.23420000000000,2.44290000000000,NA,10126.2235,17.6427,17.4085,0.2342,19.5322,0.3192,0.3192,0.0000,NA,NA,NA
ExperienceX.exe,56308,0x216C829D570,DXGI,1,0,0,Composed: Flip,10177.9353,NA,34.30330000000000,NA,0.16200000000000,2.54660000000000,NA,10143.8662,34.2311,34.0691,0.1620,35.6889,0.9268,0.9268,0.0000,NA,NA,NA
ExperienceX.exe,56308,0x216838E1150,DXGI,1,0,0,Composed: Flip,10177.3764,NA,17.95520000000000,33.61430000000000,0.24290000000000,1.88260000000000,32.0260,10159.5175,18.1018,17.8589,0.2429,17.1880,2.5535,2.4279,0.1256,-0.3203,10159.5175,NA
ExperienceX.exe,56308,0x216838E1150,DXGI,1,0,0,Composed: Flip,10193.0016,NA,15.62520000000000,NA,0.24830000000000,1.38320000000000,NA,10177.6193,15.6306,15.3823,0.2483,16.4374,0.3281,0.3281,0.0000,NA,NA,NA
ExperienceX.exe,56308,0x216C829D570,DXGI,1,0,0,Composed: Flip,10193.0181,NA,15.08280000000000,66.67110000000001,0.29340000000000,1.67950000000000,32.7666,10178.0973,15.2142,14.9208,0.2934,16.2875,0.3128,0.3070,0.0058,0.7241,10178.0973,NA
ExperienceX.exe,56308,0x216C829D570,DXGI,1,0,0,Composed: Flip,10210.7517,NA,17.73360000000000,NA,0.31600000000000,2.93510000000000,NA,10193.3115,17.7562,17.4402,0.3160,18.9583,1.4170,1.4170,0.0000,NA,NA,NA
ExperienceX.exe,56308,0x216838E1150,DXGI,1,0,0,Composed: Flip,10210.1037,NA,17.10210000000000,33.06650000000000,0.10690000000000,1.84400000000000,32.3652,10193.2499,16.9607,16.8538,0.1069,17.0441,1.6537,1.6537,0.0000,0.6659,10193.2499,NA
ExperienceX.exe,56308,0x216838E1150,DXGI,1,0,0,Composed: Flip,10226.0393,NA,15.93560000000000,NA,0.14840000000000,1.65250000000000,NA,10210.2106,15.9771,15.8287,0.1484,17.1602,0.3210,0.3210,0.0000,NA,NA,NA
ExperienceX.exe,56308,0x216838E1150,DXGI,1,0,0,Composed: Flip,10243.6393,NA,17.60000000000000,33.30920000000000,0.05110000000000,2.21010000000000,32.1388,10226.1877,17.5027,17.4516,0.0511,19.3294,0.3323,0.3323,0.0000,-0.3714,10226.1877,NA
ExperienceX.exe,56308,0x216C7EA03E0,DXGI,1,0,0,Composed: Flip,10110.3020,NA,17.60830000000000,16.67570000000000,0.11570000000000,3.44320000000000,32.1520,10092.8349,17.5828,17.4671,0.1157,19.2279,1.6824,1.6824,0.0000,-0.8120,10092.8349,NA
ExperienceX.exe,56308,0x216C7EA03E0,DXGI,1,0,0,Composed: Flip,10143.7123,NA,33.41030000000000,NA,0.30560000000000,2.04340000000000,NA,10110.4177,33.6002,33.2946,0.3056,35.0403,0.2977,0.2977,0.0000,NA,NA,NA
ExperienceX.exe,56308,0x216C7EA03E0,DXGI,1,0,0,Composed: Flip,10159.4464,NA,15.73410000000000,NA,0.13900000000000,0.95240000000000,NA,10144.0179,15.5675,15.4285,0.1390,2.0570,14.3239,2.9663,11.3576,NA,NA,NA
ExperienceX.exe,56308,0x216C7EA03E0,DXGI,1,0,0,Composed: Flip,10177.5089,NA,18.06250000000000,NA,0.14420000000000,2.04620000000000,NA,10159.5854,18.0677,17.9235,0.1442,19.6736,0.2961,0.2961,0.0000,NA,NA,NA
ExperienceX.exe,56308,0x216C7EA03E0,DXGI,1,0,0,Composed: Flip,10192.9998,NA,15.49090000000000,NA,0.25000000000000,1.05690000000000,NA,10177.6531,15.5967,15.3467,0.2500,2.8288,13.5748,2.1241,11.4507,NA,NA,NA
ExperienceX.exe,56308,0x216C7EA03E0,DXGI,1,0,0,Composed: Flip,10210.8823,NA,17.88250000000000,NA,0.13140000000000,1.38750000000000,NA,10193.2498,17.7639,17.6325,0.1314,18.6979,0.3221,0.3221,0.0000,NA,NA,NA
ExperienceX.exe,56308,0x216C7EA03E0,DXGI,1,0,0,Composed: Flip,10243.4514,NA,32.56910000000000,NA,0.12080000000000,2.06570000000000,NA,10211.0137,32.5585,32.4377,0.1208,33.6340,0.8694,0.8694,0.0000,NA,NA,NA
ExperienceX.exe,56308,0x216C7EA03E0,DXGI,1,0,0,Composed: Flip,10259.7955,NA,16.34410000000000,NA,0.25450000000000,2.30120000000000,NA,10243.5722,16.4778,16.2233,0.2545,2.2772,16.2473,3.4580,12.7893,NA,NA,NA
ExperienceX.exe,56308,0x216C829D570,DXGI,1,0,0,Composed: Flip,10226.0391,NA,15.28740000000000,33.41160000000000,0.15860000000000,1.33170000000000,33.1572,10211.0677,15.1300,14.9714,0.1586,2.6191,13.6840,2.1027,11.5813,-0.4412,10211.0677,NA
ExperienceX.exe,56308,0x216C829D570,DXGI,1,0,0,Composed: Flip,10243.4384,NA,17.39930000000000,NA,0.32190000000000,1.20930000000000,NA,10226.1977,17.5626,17.2407,0.3219,17.0494,1.4006,1.4006,0.0000,NA,NA,NA
ExperienceX.exe,56308,0x216C829D570,DXGI,1,0,0,Composed: Flip,10259.7948,NA,16.35640000000000,NA,0.53070000000000,2.61430000000000,NA,10243.7603,16.5652,16.0345,0.5307,18.3364,0.3124,0.3124,0.0000,NA,NA,NA
ExperienceX.exe,56308,0x216C829D570,DXGI,1,0,0,Composed: Flip,10276.9475,NA,17.15270000000000,NA,0.21570000000000,3.05920000000000,NA,10260.3255,16.8377,16.6220,0.2157,18.3186,1.3626,1.3626,0.0000,NA,NA,NA
ExperienceX.exe,56308,0x216C829D570,DXGI,1,0,0,Composed: Flip,10292.7840,NA,15.83650000000000,66.58650000000000,0.16200000000000,1.39890000000000,32.9988,10277.1632,15.7828,15.6208,0.1620,16.6891,0.3306,0.3233,0.0073,-0.4910,10277.1632,NA
ExperienceX.exe,56308,0x216C7EA03E0,DXGI,1,0,0,Composed: Flip,10277.0872,NA,17.29170000000000,166.73020000000000,0.07350000000000,1.24020000000000,32.0970,10260.0500,17.1107,17.0372,0.0735,16.6160,1.6614,1.6614,0.0000,0.4849,10260.0500,NA
ExperienceX.exe,56308,0x216C7EA03E0,DXGI,1,0,0,Composed: Flip,10292.7837,NA,15.69650000000000,NA,0.16210000000000,0.73350000000000,NA,10277.1607,15.7851,15.6230,0.1621,2.8460,13.5105,1.5533,11.9572,NA,NA,NA
ExperienceX.exe,56308,0x216C7EA03E0,DXGI,1,0,0,Composed: Flip,10311.0714,NA,18.28770000000000,NA,0.08770000000000,0.78450000000000,NA,10292.9458,18.2133,18.1256,0.0877,17.5446,1.3655,1.3655,0.0000,NA,NA,NA
ExperienceX.exe,56308,0x216C829D570,DXGI,1,0,0,Composed: Flip,10311.0195,NA,18.23550000000000,16.70130000000000,0.13990000000000,2.51180000000000,31.4646,10292.9460,18.2134,18.0735,0.1399,18.9099,1.6754,1.6754,0.0000,-0.9185,10292.9460,NA
ExperienceX.exe,56308,0x216C829D570,DXGI,1,0,0,Composed: Flip,10325.9848,NA,14.96530000000000,NA,0.06290000000000,0.81010000000000,NA,10311.1594,14.8883,14.8254,0.0629,15.3072,0.3283,0.3283,0.0000,NA,NA,NA
ExperienceX.exe,56308,0x216C829D570,DXGI,1,0,0,Composed: Flip,10343.7270,NA,17.74220000000000,33.29790000000000,0.47070000000000,1.85270000000000,32.0550,10326.0477,18.1500,17.6793,0.4707,17.3238,2.2082,2.0386,0.1696,-0.1962,10326.0477,NA
ExperienceX.exe,56308,0x0,Other,-1,0,0,Composed: Flip,10159.9327,NA,33.39760000000000,100.07620000000000,0.00000000000000,0.78970000000000,32.5931,10126.5351,33.3976,33.3976,0.0000,33.8637,0.3236,0.3236,0.0000,99.5592,10126.5351,NA
ExperienceX.exe,56308,0x0,Other,-1,0,0,Composed: Flip,10226.9915,NA,67.05880000000001,NA,0.00000000000000,1.01460000000000,NA,10159.9327,67.0588,67.0588,0.0000,67.7591,0.3143,0.3093,0.0050,NA,NA,NA
ExperienceX.exe,56308,0x216838E1150,DXGI,1,0,0,Composed: Flip,10259.7954,NA,16.15610000000000,16.68730000000000,0.25490000000000,2.90690000000000,32.6700,10243.6904,16.3599,16.1050,0.2549,18.7187,0.2932,0.2870,0.0062,0.8154,10243.6904,NA
ExperienceX.exe,56308,0x216838E1150,DXGI,1,0,0,Composed: Flip,10277.0905,NA,17.29510000000000,NA,0.07010000000000,1.55360000000000,NA,10260.0503,17.1103,17.0402,0.0701,18.2771,0.3167,0.3167,0.0000,NA,NA,NA
ExperienceX.exe,56308,0x216838E1150,DXGI,1,0,0,Composed: Flip,10292.7616,NA,15.67110000000000,NA,0.14090000000000,1.09070000000000,NA,10277.1606,15.7419,15.6010,0.1409,16.3566,0.3351,0.3351,0.0000,NA,NA,NA
ExperienceX.exe,56308,0x216838E1150,DXGI,1,0,0,Composed: Flip,10311.0276,NA,18.26600000000000,NA,0.13160000000000,2.80090000000000,NA,10292.9025,18.2567,18.1251,0.1316,20.6288,0.2972,0.2972,0.0000,NA,NA,NA
ExperienceX.exe,56308,0x216838E1150,DXGI,1,0,0,Composed: Flip,10325.9815,NA,14.95390000000000,NA,0.05580000000000,1.15550000000000,NA,10311.1592,14.8781,14.8223,0.0558,15.6357,0.3421,0.3368,0.0053,NA,NA,NA
ExperienceX.exe,56308,0x216838E1150,DXGI,1,0,0,Composed: Flip,10344.0093,NA,18.02780000000000,NA,0.18820000000000,2.31650000000000,NA,10326.0373,18.1602,17.9720,0.1882,19.8645,0.4240,0.4240,0.0000,NA,NA,NA
ExperienceX.exe,56308,0x216838E1150,DXGI,1,0,0,Composed: Flip,10359.9558,NA,15.94650000000000,NA,0.13930000000000,2.00000000000000,NA,10344.1975,15.8976,15.7583,0.1393,17.4748,0.2835,0.2751,0.0084,NA,NA,NA
ExperienceX.exe,56308,0x216838E1150,DXGI,1,0,0,Composed: Flip,10376.6537,NA,16.69790000000000,NA,0.36640000000000,1.77970000000000,NA,10360.0951,16.9250,16.5586,0.3664,16.3418,1.9965,1.9965,0.0000,NA,NA,NA
ExperienceX.exe,56308,0x216C7EA03E0,DXGI,1,0,0,Composed: Flip,10325.9772,NA,14.90580000000000,50.33840000000000,0.06000000000000,0.48940000000000,33.5454,10311.1591,14.8781,14.8181,0.0600,2.6694,12.6381,1.3385,11.2996,0.7707,10311.1591,NA
ExperienceX.exe,56308,0x216C7EA03E0,DXGI,1,0,0,Composed: Flip,10344.0145,NA,18.03730000000000,NA,0.18490000000000,1.88730000000000,NA,10326.0372,18.1622,17.9773,0.1849,19.5425,0.3221,0.3221,0.0000,NA,NA,NA
ExperienceX.exe,56308,0x216C7EA03E0,DXGI,1,0,0,Composed: Flip,10359.9559,NA,15.94140000000000,NA,0.13940000000000,1.71640000000000,NA,10344.1994,15.8959,15.7565,0.1394,17.1523,0.3206,0.3206,0.0000,NA,NA,NA
ExperienceX.exe,56308,0x0,Other,-1,0,0,Composed: Flip,10377.1046,NA,150.11310000000000,216.81610000000001,0.00000000000000,2.72820000000000,32.2373,10226.9915,150.1131,150.1131,0.0000,151.7713,1.0700,1.0700,0.0000,-116.3597,10226.9915,NA
ExperienceX.exe,56308,0x0,Other,-1,0,0,Composed: Flip,10393.1672,NA,16.06260000000000,NA,0.00000000000000,0.60470000000000,NA,10377.1046,16.0626,16.0626,0.0000,16.4152,0.2521,0.2521,0.0000,NA,NA,NA
ExperienceX.exe,56308,0x216838E1150,DXGI,1,0,0,Composed: Flip,10392.7355,NA,16.08180000000000,133.40090000000001,0.05840000000000,0.78430000000000,33.1308,10377.0201,15.7738,15.7154,0.0584,2.8127,13.6870,2.0191,11.6679,-0.0712,10377.0201,NA
ExperienceX.exe,56308,0x216838E1150,DXGI,1,0,0,Composed: Flip,10410.2026,NA,17.46710000000000,NA,0.21510000000000,3.91030000000000,NA,10392.7939,17.6238,17.4087,0.2151,21.0195,0.2995,0.2995,0.0000,NA,NA,NA
ExperienceX.exe,56308,0x216C829D570,DXGI,1,0,0,Composed: Flip,10359.9556,NA,16.22860000000000,16.66810000000000,0.13960000000000,1.39610000000000,32.4945,10344.1977,15.8975,15.7579,0.1396,2.1281,15.0259,2.9334,12.0925,1.4819,10344.1977,NA
ExperienceX.exe,56308,0x216C829D570,DXGI,1,0,0,Composed: Flip,10376.2960,NA,16.34040000000000,NA,0.51530000000000,2.46680000000000,NA,10360.0952,16.7161,16.2008,0.5153,18.3382,0.3294,0.3294,0.0000,NA,NA,NA
ExperienceX.exe,56308,0x216C829D570,DXGI,1,0,0,Composed: Flip,10392.7500,NA,16.45400000000000,NA,0.14350000000000,1.37860000000000,NA,10376.8113,16.0822,15.9387,0.1435,16.9606,0.3567,0.3490,0.0077,NA,NA,NA
ExperienceX.exe,56308,0x216C829D570,DXGI,1,0,0,Composed: Flip,10410.2239,NA,17.47390000000000,NA,1.34370000000000,3.58950000000000,NA,10392.8935,18.6741,17.3304,1.3437,20.5969,0.3230,0.3230,0.0000,NA,NA,NA
ExperienceX.exe,56308,0x216C829D570,DXGI,1,0,0,Composed: Flip,10426.2321,NA,16.00820000000000,NA,0.23570000000000,1.39710000000000,NA,10411.5676,14.9002,14.6645,0.2357,2.5453,13.5163,3.1388,10.3775,NA,NA,NA
ExperienceX.exe,56308,0x216C829D570,DXGI,1,0,0,Composed: Flip,10444.1815,NA,17.94940000000000,NA,0.42390000000000,2.57590000000000,NA,10426.4678,18.1376,17.7137,0.4239,19.9302,0.3594,0.3594,0.0000,NA,NA,NA
ExperienceX.exe,56308,0x216C829D570,DXGI,1,0,0,Composed: Flip,10459.3764,NA,15.19490000000000,100.00630000000001,0.05600000000000,1.49430000000000,33.0800,10444.6054,14.8270,14.7710,0.0560,15.9400,0.3253,0.3253,0.0000,0.4014,10444.6054,NA
ExperienceX.exe,56308,0x216C829D570,DXGI,1,0,0,Composed: Flip,10477.6513,NA,18.27490000000000,16.67230000000000,0.21410000000000,1.01190000000000,31.4774,10459.4324,18.4330,18.2189,0.2141,17.5603,1.6705,1.6705,0.0000,-1.8453,10459.4324,NA
ExperienceX.exe,56308,0x216C7EA03E0,DXGI,1,0,0,Composed: Flip,10410.8588,NA,50.90290000000000,83.03820000000000,0.70580000000000,2.63160000000000,31.7020,10360.0953,51.4693,50.7635,0.7058,50.4400,2.9551,2.6650,0.2901,-34.1020,10360.0953,NA
ExperienceX.exe,56308,0x216C7EA03E0,DXGI,1,0,0,Composed: Flip,10426.2456,NA,15.38680000000000,NA,0.23670000000000,1.82260000000000,NA,10411.5646,14.9177,14.6810,0.2367,16.1878,0.3158,0.3084,0.0074,NA,NA,NA
ExperienceX.exe,56308,0x216C7EA03E0,DXGI,1,0,0,Composed: Flip,10444.1486,NA,17.90300000000000,NA,0.12950000000000,2.24940000000000,NA,10426.4823,17.7958,17.6663,0.1295,19.5892,0.3265,0.3265,0.0000,NA,NA,NA
ExperienceX.exe,56308,0x216C7EA03E0,DXGI,1,0,0,Composed: Flip,10459.4087,NA,15.26010000000000,NA,0.15000000000000,1.13670000000000,NA,10444.2781,15.2806,15.1306,0.1500,2.4793,13.7880,2.3177,11.4703,NA,NA,NA
ExperienceX.exe,56308,0x216C7EA03E0,DXGI,1,0,0,Composed: Flip,10477.6409,NA,18.23220000000000,NA,0.17910000000000,2.02670000000000,NA,10459.5587,18.2613,18.0822,0.1791,19.4237,0.6852,0.6852,0.0000,NA,NA,NA
ExperienceX.exe,56308,0x216C7EA03E0,DXGI,1,0,0,Composed: Flip,10492.6488,NA,15.00790000000000,NA,0.08390000000000,1.13500000000000,NA,10477.8200,14.9127,14.8288,0.0839,15.6241,0.3397,0.3359,0.0038,NA,NA,NA
ExperienceX.exe,56308,0x0,Other,-1,0,0,Composed: Flip,10427.2250,NA,34.05780000000000,49.76830000000000,0.00000000000000,0.52740000000000,31.8852,10393.1672,34.0578,34.0578,0.0000,34.4620,0.1232,0.1232,0.0000,116.4074,10393.1672,NA
ExperienceX.exe,56308,0x216838E1150,DXGI,1,0,0,Composed: Flip,10444.5006,NA,34.29800000000000,50.02640000000000,0.09700000000000,1.57090000000000,31.3921,10410.4177,34.1799,34.0829,0.0970,33.0722,2.5816,2.5816,0.0000,-16.6288,10410.4177,NA
ExperienceX.exe,56308,0x216838E1150,DXGI,1,0,0,Composed: Flip,10459.3900,NA,14.88940000000000,NA,0.05660000000000,1.78220000000000,NA,10444.5976,14.8490,14.7924,0.0566,16.2731,0.3015,0.2966,0.0049,NA,NA,NA
ExperienceX.exe,56308,0x216838E1150,DXGI,1,0,0,Composed: Flip,10477.6689,NA,18.27890000000000,NA,0.15100000000000,1.31350000000000,NA,10459.4466,18.3733,18.2223,0.1510,19.2166,0.3192,0.3192,0.0000,NA,NA,NA
ExperienceX.exe,56308,0x216838E1150,DXGI,1,0,0,Composed: Flip,10492.6477,NA,14.97880000000000,NA,0.08500000000000,0.45680000000000,NA,10477.8199,14.9128,14.8278,0.0850,1.8477,13.4369,2.0564,11.3805,NA,NA,NA
ExperienceX.exe,56308,0x216838E1150,DXGI,1,0,0,Composed: Flip,10510.1509,NA,17.50320000000000,NA,0.34370000000000,1.75370000000000,NA,10492.7327,17.7619,17.4182,0.3437,18.8483,0.3236,0.3236,0.0000,NA,NA,NA
ExperienceX.exe,56308,0x216838E1150,DXGI,1,0,0,Composed: Flip,10526.0581,NA,15.90720000000000,NA,0.15610000000000,0.52120000000000,NA,10510.4946,15.7196,15.5635,0.1561,2.7928,13.2919,1.3119,11.9800,NA,NA,NA
ExperienceX.exe,56308,0x216838E1150,DXGI,1,0,0,Composed: Flip,10543.5237,NA,17.46560000000000,99.89760000000001,0.51980000000000,1.68520000000000,32.2666,10526.2142,17.8293,17.3095,0.5198,17.0462,1.9485,1.9485,0.0000,15.8989,10526.2142,NA
ExperienceX.exe,56308,0x216C829D570,DXGI,1,0,0,Composed: Flip,10492.6481,NA,14.99680000000000,16.67020000000000,0.08540000000000,0.79600000000000,33.1508,10477.8654,14.8681,14.7827,0.0854,15.2391,0.3396,0.3396,0.0000,1.7628,10477.8654,NA
ExperienceX.exe,56308,0x216C829D570,DXGI,1,0,0,Composed: Flip,10510.4766,NA,17.82850000000000,NA,0.09780000000000,2.81080000000000,NA,10492.7335,17.8409,17.7431,0.0978,19.1711,1.3828,1.3828,0.0000,NA,NA,NA
ExperienceX.exe,56308,0x216C829D570,DXGI,1,0,0,Composed: Flip,10526.0582,NA,15.58160000000000,NA,0.15600000000000,1.19890000000000,NA,10510.5744,15.6398,15.4838,0.1560,16.3292,0.3535,0.3482,0.0053,NA,NA,NA
ExperienceX.exe,56308,0x216C829D570,DXGI,1,0,0,Composed: Flip,10543.9526,NA,17.89440000000000,NA,0.08770000000000,1.93020000000000,NA,10526.2142,17.8261,17.7384,0.0877,19.3176,0.3510,0.3510,0.0000,NA,NA,NA
ExperienceX.exe,56308,0x216838E1150,DXGI,1,0,0,Composed: Flip,10559.4290,NA,15.90530000000000,16.93770000000000,0.15070000000000,0.53710000000000,33.2990,10544.0435,15.5362,15.3855,0.1507,1.8393,14.0833,2.1776,11.9057,0.8916,10544.0435,NA
ExperienceX.exe,56308,0x216838E1150,DXGI,1,0,0,Composed: Flip,10576.6033,NA,17.17430000000000,NA,0.36900000000000,2.38540000000000,NA,10559.5797,17.3926,17.0236,0.3690,19.0746,0.3344,0.3344,0.0000,NA,NA,NA
ExperienceX.exe,56308,0x216838E1150,DXGI,1,0,0,Composed: Flip,10593.2721,NA,16.66880000000000,33.27810000000000,0.16770000000000,1.94250000000000,32.7340,10576.9723,16.4675,16.2998,0.1677,17.9103,0.3320,0.3233,0.0087,-0.3493,10576.9723,NA
ExperienceX.exe,56308,0x216C829D570,DXGI,1,0,0,Composed: Flip,10576.8467,NA,32.89410000000000,83.34510000000000,0.12540000000000,1.48460000000000,32.2973,10544.0403,32.9318,32.8064,0.1254,32.3304,1.9606,1.9606,0.0000,-17.1702,10544.0403,NA
ExperienceX.exe,56308,0x216C829D570,DXGI,1,0,0,Composed: Flip,10593.2719,NA,16.42520000000000,NA,0.16790000000000,1.61070000000000,NA,10576.9721,16.4677,16.2998,0.1679,17.8282,0.0823,0.0823,0.0000,NA,NA,NA
ExperienceX.exe,56308,0x216C829D570,DXGI,1,0,0,Composed: Flip,10610.9827,NA,17.71080000000000,NA,0.18800000000000,1.52890000000000,NA,10593.4398,17.7309,17.5429,0.1880,18.7494,0.3224,0.3224,0.0000,NA,NA,NA
ExperienceX.exe,56308,0x216838E1150,DXGI,1,0,0,Composed: Flip,10610.9038,NA,17.63170000000000,16.53850000000000,0.08010000000000,1.28540000000000,31.6408,10593.4398,17.5441,17.4640,0.0801,16.7594,1.9900,1.9900,0.0000,-0.0710,10593.4398,NA
ExperienceX.exe,56308,0x216838E1150,DXGI,1,0,0,Composed: Flip,10626.6080,NA,15.70420000000000,NA,0.05730000000000,1.14540000000000,NA,10610.9839,15.6814,15.6241,0.0573,1.8417,14.9278,2.7996,12.1282,NA,NA,NA
ExperienceX.exe,56308,0x216C829D570,DXGI,1,0,0,Composed: Flip,10626.7753,NA,15.79260000000000,50.01590000000000,0.46820000000000,1.59810000000000,32.3846,10611.1707,16.0728,15.6046,0.4682,16.5827,0.6200,0.6122,0.0078,17.1145,10611.1707,NA
ExperienceX.exe,56308,0x216C829D570,DXGI,1,0,0,Composed: Flip,10643.6077,NA,16.83240000000000,NA,1.02860000000000,2.69810000000000,NA,10627.2435,17.3928,16.3642,1.0286,18.7515,0.3108,0.3108,0.0000,NA,NA,NA
ExperienceX.exe,56308,0x216C829D570,DXGI,1,0,0,Composed: Flip,10659.7036,NA,16.09590000000000,33.28260000000000,0.21080000000000,1.70050000000000,32.7389,10644.6363,15.2781,15.0673,0.2108,16.1531,0.6147,0.6073,0.0074,0.1830,10644.6363,NA
ExperienceX.exe,56308,0x216C7EA03E0,DXGI,1,0,0,Composed: Flip,10510.3438,NA,17.69500000000000,99.91260000000001,0.12860000000000,1.23720000000000,32.1296,10492.7327,17.7397,17.6111,0.1286,17.1831,1.6652,1.6652,0.0000,32.7248,10492.7327,NA
ExperienceX.exe,56308,0x216C7EA03E0,DXGI,1,0,0,Composed: Flip,10544.1205,NA,33.77670000000000,NA,0.10620000000000,1.41130000000000,NA,10510.4724,33.7543,33.6481,0.1062,34.7365,0.3229,0.3229,0.0000,NA,NA,NA
ExperienceX.exe,56308,0x216C7EA03E0,DXGI,1,0,0,Composed: Flip,10559.4289,NA,15.30840000000000,NA,0.14560000000000,0.85590000000000,NA,10544.2267,15.3478,15.2022,0.1456,15.7394,0.3187,0.3187,0.0000,NA,NA,NA
ExperienceX.exe,56308,0x216C7EA03E0,DXGI,1,0,0,Composed: Flip,10576.8612,NA,17.43230000000000,NA,0.09140000000000,1.79310000000000,NA,10559.5745,17.3781,17.2867,0.0914,18.7568,0.3230,0.3230,0.0000,NA,NA,NA
ExperienceX.exe,56308,0x216C7EA03E0,DXGI,1,0,0,Composed: Flip,10593.2682,NA,16.40700000000000,NA,0.17340000000000,1.53210000000000,NA,10576.9526,16.4890,16.3156,0.1734,2.0361,15.8116,2.9765,12.8351,NA,NA,NA
ExperienceX.exe,56308,0x216C7EA03E0,DXGI,1,0,0,Composed: Flip,10611.1079,NA,17.83970000000000,NA,0.05620000000000,1.71770000000000,NA,10593.4416,17.7225,17.6663,0.0562,19.0700,0.3140,0.3140,0.0000,NA,NA,NA
ExperienceX.exe,56308,0x216C7EA03E0,DXGI,1,0,0,Composed: Flip,10626.7722,NA,15.66430000000000,NA,0.39040000000000,1.60800000000000,NA,10611.1641,15.9985,15.6081,0.3904,17.2115,0.0046,0.0046,0.0000,NA,NA,NA
ExperienceX.exe,56308,0x216C7EA03E0,DXGI,1,0,0,Composed: Flip,10643.6440,NA,16.87180000000000,NA,0.82980000000000,2.98310000000000,NA,10627.1626,17.3112,16.4814,0.8298,19.1432,0.3213,0.3213,0.0000,NA,NA,NA
ExperienceX.exe,56308,0x216C7EA03E0,DXGI,1,0,0,Composed: Flip,10659.7000,NA,16.05600000000000,NA,0.21400000000000,1.08940000000000,NA,10644.4738,15.4402,15.2262,0.2140,15.9790,0.3366,0.3366,0.0000,NA,NA,NA
ExperienceX.exe,56308,0x216C7EA03E0,DXGI,1,0,0,Composed: Flip,10677.1207,NA,17.42070000000000,NA,0.08770000000000,3.02060000000000,NA,10659.9140,17.2944,17.2067,0.0877,18.8697,1.3576,1.3576,0.0000,NA,NA,NA
ExperienceX.exe,56308,0x216838E1150,DXGI,1,0,0,Composed: Flip,10644.3320,NA,17.72400000000000,33.23570000000000,0.42980000000000,1.66300000000000,31.4483,10626.6653,18.0965,17.6667,0.4298,17.3113,2.0184,2.0184,0.0000,-0.0102,10626.6653,NA
ExperienceX.exe,56308,0x216838E1150,DXGI,1,0,0,Composed: Flip,10659.5736,NA,15.24160000000000,NA,0.14000000000000,0.87920000000000,NA,10644.7618,14.9518,14.8118,0.1400,1.8653,13.8257,2.8629,10.9628,NA,NA,NA
ExperienceX.exe,56308,0x216838E1150,DXGI,1,0,0,Composed: Flip,10676.8901,NA,17.31650000000000,NA,0.72720000000000,1.89360000000000,NA,10659.7136,17.9037,17.1765,0.7272,18.7622,0.3079,0.3079,0.0000,NA,NA,NA
ExperienceX.exe,56308,0x216838E1150,DXGI,1,0,0,Composed: Flip,10692.6566,NA,15.76650000000000,NA,0.10920000000000,1.40470000000000,NA,10677.6173,15.1485,15.0393,0.1092,16.1229,0.3211,0.3159,0.0052,NA,NA,NA
ExperienceX.exe,56308,0x216C7EA03E0,DXGI,1,0,0,Composed: Flip,10692.6563,NA,15.53560000000000,183.43500000000000,0.25200000000000,0.73680000000000,33.2521,10677.2084,15.6999,15.4479,0.2520,2.9329,13.2518,2.0833,11.1685,1.0407,10677.2084,NA
ExperienceX.exe,56308,0x216C7EA03E0,DXGI,1,0,0,Composed: Flip,10709.6262,NA,16.96990000000000,NA,0.45090000000000,2.10820000000000,NA,10692.9083,17.1688,16.7179,0.4509,18.5303,0.2958,0.2958,0.0000,NA,NA,NA
ExperienceX.exe,56308,0x0,Other,-1,0,0,Composed: Flip,10526.4515,NA,99.22650000000000,100.04420000000000,0.00000000000000,0.45210000000000,32.7029,10427.2250,99.2265,99.2265,0.0000,99.3543,0.3243,0.3243,0.0000,-65.9864,10427.2250,NA
ExperienceX.exe,56308,0x0,Other,-1,0,0,Composed: Flip,10559.8480,NA,33.39650000000000,NA,0.00000000000000,0.78780000000000,NA,10526.4515,33.3965,33.3965,0.0000,33.8333,0.3510,0.3463,0.0047,NA,NA,NA
ExperienceX.exe,56308,0x216C829D570,DXGI,1,0,0,Composed: Flip,10677.1865,NA,17.48290000000000,16.67690000000000,0.17940000000000,1.28930000000000,31.9329,10659.9144,17.4515,17.2721,0.1794,16.7195,1.8419,1.7457,0.0962,-1.3988,10659.9144,NA
ExperienceX.exe,56308,0x216C829D570,DXGI,1,0,0,Composed: Flip,10692.6568,NA,15.47030000000000,NA,0.10900000000000,1.08340000000000,NA,10677.3659,15.3999,15.2909,0.1090,16.0272,0.3471,0.3471,0.0000,NA,NA,NA
ExperienceX.exe,56308,0x216C829D570,DXGI,1,0,0,Composed: Flip,10710.2378,NA,17.58100000000000,NA,0.06470000000000,2.87460000000000,NA,10692.7658,17.5367,17.4720,0.0647,18.9686,1.3780,1.3780,0.0000,NA,NA,NA
ExperienceX.exe,56308,0x216C829D570,DXGI,1,0,0,Composed: Flip,10726.3068,NA,16.06900000000000,NA,0.19990000000000,0.76140000000000,NA,10710.3025,16.2042,16.0043,0.1999,2.8099,13.9558,1.4936,12.4622,NA,NA,NA
ExperienceX.exe,56308,0x216C7EA03E0,DXGI,1,0,0,Composed: Flip,10726.3066,NA,16.68040000000000,33.25340000000000,0.20020000000000,1.42590000000000,32.8552,10710.0771,16.4297,16.2295,0.2002,17.3461,0.3093,0.3022,0.0071,-0.3847,10710.0771,NA
ExperienceX.exe,56308,0x216C7EA03E0,DXGI,1,0,0,Composed: Flip,10744.0109,NA,17.70430000000000,NA,0.43090000000000,2.82160000000000,NA,10726.5068,17.9350,17.5041,0.4309,20.2120,0.1137,0.1137,0.0000,NA,NA,NA
ExperienceX.exe,56308,0x216C7EA03E0,DXGI,1,0,0,Composed: Flip,10759.5004,NA,15.48950000000000,NA,0.13820000000000,1.42290000000000,NA,10744.4418,15.1968,15.0586,0.1382,16.1439,0.3376,0.3324,0.0052,NA,NA,NA
ExperienceX.exe,56308,0x0,Other,-1,0,0,Composed: Flip,10747.0703,NA,187.22230000000002,216.73100000000002,0.00000000000000,0.30150000000000,28.8151,10559.8480,187.2223,187.2223,0.0000,186.9845,0.5393,0.5393,0.0000,-84.1080,10559.8480,NA
ExperienceX.exe,56308,0x216C829D570,DXGI,1,0,0,Composed: Flip,10759.4947,NA,33.18790000000000,83.35890000000001,0.14390000000000,0.77720000000000,32.9836,10726.5067,33.1319,32.9880,0.1439,20.8651,12.9001,2.9319,9.9682,-16.7666,10726.5067,NA
ExperienceX.exe,56308,0x216C829D570,DXGI,1,0,0,Composed: Flip,10776.6870,NA,17.19230000000000,NA,0.17300000000000,2.33780000000000,NA,10759.6386,17.2214,17.0484,0.1730,17.2681,2.1181,2.1181,0.0000,NA,NA,NA
ExperienceX.exe,56308,0x216C829D570,DXGI,1,0,0,Composed: Flip,10792.7844,NA,16.09740000000000,NA,0.18980000000000,0.78910000000000,NA,10776.8600,16.1142,15.9244,0.1898,2.6675,14.0460,2.9841,11.0619,NA,NA,NA
ExperienceX.exe,56308,0x216C7EA03E0,DXGI,1,0,0,Composed: Flip,10777.1635,NA,17.66310000000000,50.02100000000000,0.13160000000000,2.36400000000000,32.0193,10759.6386,17.6565,17.5249,0.1316,19.5597,0.3292,0.3292,0.0000,-0.4595,10759.6386,NA
ExperienceX.exe,56308,0x216C7EA03E0,DXGI,1,0,0,Composed: Flip,10810.4436,NA,33.28010000000000,NA,0.40460000000000,1.91780000000000,NA,10777.2951,33.5531,33.1485,0.4046,34.7610,0.3053,0.3053,0.0000,NA,NA,NA
ExperienceX.exe,56308,0x216C7EA03E0,DXGI,1,0,0,Composed: Flip,10826.6577,NA,16.21410000000000,49.92730000000000,0.36060000000000,1.60970000000000,32.4524,10810.8482,16.1701,15.8095,0.3606,17.2494,0.1698,0.1698,0.0000,1.2823,10810.8482,NA
ExperienceX.exe,56308,0x216838E1150,DXGI,1,0,0,Composed: Flip,10709.9881,NA,17.33150000000000,67.09320000000001,0.31560000000000,1.45050000000000,32.8854,10692.7658,17.5379,17.2223,0.3156,17.0165,1.6563,1.6563,0.0000,-0.9927,10692.7658,NA
ExperienceX.exe,56308,0x216838E1150,DXGI,1,0,0,Composed: Flip,10726.2823,NA,16.29420000000000,NA,0.11490000000000,1.14090000000000,NA,10710.3037,16.0935,15.9786,0.1149,16.7645,0.3550,0.3550,0.0000,NA,NA,NA
ExperienceX.exe,56308,0x216838E1150,DXGI,1,0,0,Composed: Flip,10744.0110,NA,17.72870000000000,NA,0.32570000000000,2.70780000000000,NA,10726.3972,17.9395,17.6138,0.3257,18.1686,2.1530,2.1530,0.0000,NA,NA,NA
ExperienceX.exe,56308,0x216838E1150,DXGI,1,0,0,Composed: Flip,10759.4953,NA,15.48430000000000,NA,0.14340000000000,1.09040000000000,NA,10744.3367,15.3020,15.1586,0.1434,15.9352,0.3138,0.3138,0.0000,NA,NA,NA
ExperienceX.exe,56308,0x216838E1150,DXGI,1,0,0,Composed: Flip,10777.1919,NA,17.69660000000000,NA,0.10210000000000,2.00640000000000,NA,10759.6387,17.6553,17.5532,0.1021,19.3861,0.1735,0.1735,0.0000,NA,NA,NA
ExperienceX.exe,56308,0x216838E1150,DXGI,1,0,0,Composed: Flip,10792.7866,NA,15.59470000000000,NA,0.18840000000000,1.58310000000000,NA,10777.2940,15.6810,15.4926,0.1884,16.6344,0.4413,0.4358,0.0055,NA,NA,NA
ExperienceX.exe,56308,0x216838E1150,DXGI,1,0,0,Composed: Flip,10810.6968,NA,17.91020000000000,NA,0.17390000000000,1.97160000000000,NA,10792.9750,17.8957,17.7218,0.1739,19.3864,0.3070,0.3070,0.0000,NA,NA,NA
ExperienceX.exe,56308,0x216838E1150,DXGI,1,0,0,Composed: Flip,10826.6359,NA,15.93910000000000,NA,0.24470000000000,1.46170000000000,NA,10810.8707,16.0099,15.7652,0.2447,1.7977,15.4292,3.0886,12.3406,NA,NA,NA
ExperienceX.exe,56308,0x216838E1150,DXGI,1,0,0,Composed: Flip,10844.7290,NA,18.09310000000000,NA,0.12590000000000,2.16550000000000,NA,10826.8806,17.9743,17.8484,0.1259,19.0431,0.9708,0.9708,0.0000,NA,NA,NA
ExperienceX.exe,56308,0x216838E1150,DXGI,1,0,0,Composed: Flip,10859.3602,NA,14.63120000000000,149.56120000000001,0.07980000000000,0.77020000000000,33.0745,10844.8549,14.5851,14.5053,0.0798,2.0396,13.2359,2.3586,10.8773,2.5279,10844.8549,NA
ExperienceX.exe,56308,0x216C7EA03E0,DXGI,1,0,0,Composed: Flip,10844.5825,NA,17.92480000000000,16.88120000000000,0.17010000000000,1.01840000000000,31.4088,10827.0183,17.7343,17.5642,0.1701,16.9362,1.6464,1.6464,0.0000,-0.7111,10827.0183,NA
ExperienceX.exe,56308,0x216C7EA03E0,DXGI,1,0,0,Composed: Flip,10859.3900,NA,14.80750000000000,NA,0.12430000000000,1.03230000000000,NA,10844.7526,14.7617,14.6374,0.1243,15.3778,0.2919,0.2919,0.0000,NA,NA,NA
ExperienceX.exe,56308,0x216C7EA03E0,DXGI,1,0,0,Composed: Flip,10877.8070,NA,18.41700000000000,NA,0.13280000000000,1.81240000000000,NA,10859.5143,18.4255,18.2927,0.1328,19.7827,0.3224,0.3224,0.0000,NA,NA,NA
ExperienceX.exe,56308,0x216C829D570,DXGI,1,0,0,Composed: Flip,10810.6730,NA,17.88860000000000,50.25160000000000,0.17460000000000,1.38310000000000,32.0569,10792.9742,17.8734,17.6988,0.1746,17.1379,1.9440,1.9440,0.0000,16.2159,10792.9742,NA
ExperienceX.exe,56308,0x216C829D570,DXGI,1,0,0,Composed: Flip,10826.6362,NA,15.96320000000000,NA,0.24580000000000,1.93830000000000,NA,10810.8476,16.0344,15.7886,0.2458,17.4198,0.3071,0.2999,0.0072,NA,NA,NA
ExperienceX.exe,56308,0x216C829D570,DXGI,1,0,0,Composed: Flip,10843.7421,NA,17.10590000000000,NA,0.25500000000000,2.18160000000000,NA,10826.8820,17.1151,16.8601,0.2550,18.7189,0.3228,0.3228,0.0000,NA,NA,NA
ExperienceX.exe,56308,0x216C829D570,DXGI,1,0,0,Composed: Flip,10859.3901,NA,15.64800000000000,NA,0.12430000000000,1.35460000000000,NA,10843.9971,15.5173,15.3930,0.1243,16.4252,0.3224,0.3170,0.0054,NA,NA,NA
ExperienceX.exe,56308,0x216C829D570,DXGI,1,0,0,Composed: Flip,10878.0638,NA,18.67370000000000,NA,0.04890000000000,1.88490000000000,NA,10859.5144,18.5983,18.5494,0.0489,20.1050,0.3293,0.3293,0.0000,NA,NA,NA
ExperienceX.exe,56308,0x216C7EA03E0,DXGI,1,0,0,Composed: Flip,10892.7070,NA,14.90000000000000,49.80650000000000,0.09590000000000,0.82510000000000,33.0908,10877.9398,14.8631,14.7672,0.0959,2.0089,13.5834,2.3577,11.2257,1.1150,10877.9398,NA
ExperienceX.exe,56308,0x216C7EA03E0,DXGI,1,0,0,Composed: Flip,10910.0293,NA,17.32230000000000,NA,0.32880000000000,2.38510000000000,NA,10892.8029,17.5552,17.2264,0.3288,19.3210,0.2905,0.2905,0.0000,NA,NA,NA
ExperienceX.exe,56308,0x216838E1150,DXGI,1,0,0,Composed: Flip,10877.7943,NA,18.43410000000000,16.66530000000000,0.06480000000000,1.50270000000000,31.3057,10859.4400,18.4191,18.3543,0.0648,17.9063,1.9507,1.9507,0.0000,-2.0802,10859.4400,NA
ExperienceX.exe,56308,0x216838E1150,DXGI,1,0,0,Composed: Flip,10892.6802,NA,14.88590000000000,NA,0.06510000000000,1.06390000000000,NA,10877.8591,14.8862,14.8211,0.0651,15.6730,0.2120,0.2120,0.0000,NA,NA,NA
ExperienceX.exe,56308,0x216838E1150,DXGI,1,0,0,Composed: Flip,10910.1862,NA,17.50600000000000,NA,0.05440000000000,1.93770000000000,NA,10892.7453,17.4953,17.4409,0.0544,19.0170,0.3616,0.3616,0.0000,NA,NA,NA
ExperienceX.exe,56308,0x216838E1150,DXGI,1,0,0,Composed: Flip,10926.0972,NA,15.91100000000000,NA,0.16370000000000,1.89420000000000,NA,10910.2406,16.0203,15.8566,0.1637,17.4529,0.2979,0.2924,0.0055,NA,NA,NA
ExperienceX.exe,56308,0x216C829D570,DXGI,1,0,0,Composed: Flip,10910.0080,NA,31.94420000000000,99.71520000000001,0.34970000000000,1.75430000000000,32.4371,10878.1127,32.2450,31.8953,0.3497,31.6865,1.9631,1.9631,0.0000,-14.5767,10878.1127,NA
ExperienceX.exe,56308,0x216C829D570,DXGI,1,0,0,Composed: Flip,10926.0969,NA,16.08890000000000,NA,0.16400000000000,1.59660000000000,NA,10910.3577,15.9032,15.7392,0.1640,17.0182,0.3176,0.3176,0.0000,NA,NA,NA
ExperienceX.exe,56308,0x216C829D570,DXGI,1,0,0,Composed: Flip,10943.2217,NA,17.12480000000000,NA,0.25560000000000,2.42210000000000,NA,10926.2609,17.2164,16.9608,0.2556,19.0485,0.3344,0.3344,0.0000,NA,NA,NA
ExperienceX.exe,56308,0x216838E1150,DXGI,1,0,0,Composed: Flip,10942.9348,NA,16.83760000000000,66.69450000000001,0.40170000000000,2.05300000000000,32.8597,10926.2609,17.0756,16.6739,0.4017,16.7852,1.9417,1.9417,0.0000,0.1264,10926.2609,NA
ExperienceX.exe,56308,0x216838E1150,DXGI,1,0,0,Composed: Flip,10959.5539,NA,16.61910000000000,NA,0.19730000000000,1.12160000000000,NA,10943.3365,16.4147,16.2174,0.1973,17.0051,0.3339,0.3339,0.0000,NA,NA,NA
ExperienceX.exe,56308,0x216C829D570,DXGI,1,0,0,Composed: Flip,10959.5547,NA,16.33300000000000,50.08960000000000,0.19650000000000,1.44350000000000,32.9800,10943.4773,16.2739,16.0774,0.1965,17.1982,0.3227,0.3156,0.0071,15.2750,10943.4773,NA
ExperienceX.exe,56308,0x216C829D570,DXGI,1,0,0,Composed: Flip,10977.0508,NA,17.49610000000000,NA,0.11960000000000,1.78910000000000,NA,10959.7512,17.4192,17.2996,0.1196,18.7644,0.3243,0.3243,0.0000,NA,NA,NA
ExperienceX.exe,56308,0x216838E1150,DXGI,1,0,0,Composed: Flip,10976.9851,NA,17.43120000000000,33.33630000000000,0.16520000000000,1.53050000000000,32.1457,10959.7512,17.3991,17.2339,0.1652,16.8238,1.9406,1.9406,0.0000,0.1540,10959.7512,NA
ExperienceX.exe,56308,0x216838E1150,DXGI,1,0,0,Composed: Flip,10992.8705,NA,15.88540000000000,NA,0.10520000000000,1.19100000000000,NA,10977.1503,15.8254,15.7202,0.1052,16.6133,0.2979,0.2923,0.0056,NA,NA,NA
ExperienceX.exe,56308,0x216838E1150,DXGI,1,0,0,Composed: Flip,11010.8895,NA,18.01900000000000,33.30640000000000,0.19540000000000,1.96980000000000,31.5477,10992.9757,18.1092,17.9138,0.1954,19.5627,0.3209,0.3209,0.0000,-0.0819,10992.9757,NA
ExperienceX.exe,56308,0x216C7EA03E0,DXGI,1,0,0,Composed: Flip,10926.0973,NA,16.06800000000000,33.32900000000000,0.16330000000000,1.27860000000000,33.0295,10910.3581,15.9025,15.7392,0.1633,2.0563,14.9615,2.6639,12.2976,-0.9107,10910.3581,NA
ExperienceX.exe,56308,0x216C7EA03E0,DXGI,1,0,0,Composed: Flip,10943.2134,NA,17.11610000000000,NA,0.25730000000000,2.09600000000000,NA,10926.2606,17.2101,16.9528,0.2573,18.7272,0.3216,0.3216,0.0000,NA,NA,NA
ExperienceX.exe,56308,0x216C7EA03E0,DXGI,1,0,0,Composed: Flip,10959.5700,NA,16.35660000000000,NA,0.26240000000000,0.77160000000000,NA,10943.4707,16.3617,16.0993,0.2624,2.1731,14.6978,2.2524,12.4454,NA,NA,NA
ExperienceX.exe,56308,0x216C7EA03E0,DXGI,1,0,0,Composed: Flip,10976.8539,NA,17.28390000000000,NA,0.40500000000000,2.29970000000000,NA,10959.8324,17.4265,17.0215,0.4050,19.0075,0.3137,0.3137,0.0000,NA,NA,NA
ExperienceX.exe,56308,0x216C7EA03E0,DXGI,1,0,0,Composed: Flip,10992.8776,NA,16.02370000000000,NA,0.19930000000000,0.88600000000000,NA,10977.2589,15.8180,15.6187,0.1993,16.2108,0.2939,0.2939,0.0000,NA,NA,NA
ExperienceX.exe,56308,0x216C7EA03E0,DXGI,1,0,0,Composed: Flip,11010.6122,NA,17.73460000000000,NA,0.54350000000000,1.92620000000000,NA,10993.0769,18.0788,17.5353,0.5435,18.5349,0.9266,0.9266,0.0000,NA,NA,NA
ExperienceX.exe,56308,0x216C7EA03E0,DXGI,1,0,0,Composed: Flip,11026.2778,NA,15.66560000000000,NA,0.34400000000000,1.20090000000000,NA,11011.1557,15.4661,15.1221,0.3440,1.7036,14.6194,2.6003,12.0191,NA,NA,NA
ExperienceX.exe,56308,0x216C7EA03E0,DXGI,1,0,0,Composed: Flip,11043.7999,NA,17.52210000000000,116.64920000000001,0.07200000000000,1.11420000000000,31.9761,11026.6218,17.2501,17.1781,0.0720,16.5797,1.7126,1.7126,0.0000,-0.3855,11026.6218,NA
ExperienceX.exe,56308,0x216C829D570,DXGI,1,0,0,Composed: Flip,10992.8653,NA,15.81450000000000,33.31070000000000,0.11040000000000,0.60440000000000,32.9801,10977.1704,15.8053,15.6949,0.1104,1.9832,14.3161,2.1207,12.1954,0.3824,10977.1704,NA
ExperienceX.exe,56308,0x216C829D570,DXGI,1,0,0,Composed: Flip,11010.9972,NA,18.13190000000000,NA,0.15830000000000,0.61460000000000,NA,10992.9757,18.1798,18.0215,0.1583,17.2679,1.3682,1.3682,0.0000,NA,NA,NA
ExperienceX.exe,56308,0x216C829D570,DXGI,1,0,0,Composed: Flip,11026.2362,NA,15.23900000000000,NA,0.24470000000000,1.56080000000000,NA,11011.1555,15.3254,15.0807,0.2447,16.3232,0.3183,0.3183,0.0000,NA,NA,NA
ExperienceX.exe,56308,0x216C829D570,DXGI,1,0,0,Composed: Flip,11043.4610,NA,17.22480000000000,NA,0.31900000000000,3.11440000000000,NA,11026.4809,17.2991,16.9801,0.3190,18.7176,1.3769,1.3769,0.0000,NA,NA,NA
ExperienceX.exe,56308,0x216C829D570,DXGI,1,0,0,Composed: Flip,11059.4596,NA,15.99860000000000,NA,0.10690000000000,0.84610000000000,NA,11043.7800,15.7865,15.6796,0.1069,16.2065,0.3192,0.3192,0.0000,NA,NA,NA
ExperienceX.exe,56308,0x216C7EA03E0,DXGI,1,0,0,Composed: Flip,11059.4593,NA,15.65940000000000,16.66430000000000,0.10720000000000,0.52720000000000,32.9810,11043.8719,15.6946,15.5874,0.1072,2.7035,13.4111,1.3681,12.0430,0.5858,11043.8719,NA
ExperienceX.exe,56308,0x216C7EA03E0,DXGI,1,0,0,Composed: Flip,11076.7405,NA,17.28120000000000,NA,0.13500000000000,1.15530000000000,NA,11059.5665,17.3090,17.1740,0.1350,16.9678,1.3615,1.3615,0.0000,NA,NA,NA
ExperienceX.exe,56308,0x216838E1150,DXGI,1,0,0,Composed: Flip,11026.2363,NA,15.34680000000000,16.70340000000000,0.26830000000000,1.87070000000000,32.9043,11011.0849,15.4197,15.1514,0.2683,16.7121,0.3100,0.3029,0.0071,1.4058,11011.0849,NA
ExperienceX.exe,56308,0x216838E1150,DXGI,1,0,0,Composed: Flip,11043.7996,NA,17.56330000000000,NA,0.07040000000000,1.39890000000000,NA,11026.5046,17.3654,17.2950,0.0704,18.4095,0.2844,0.2844,0.0000,NA,NA,NA
ExperienceX.exe,56308,0x216838E1150,DXGI,1,0,0,Composed: Flip,11059.4597,NA,15.66010000000000,NA,0.10640000000000,1.18870000000000,NA,11043.8700,15.6961,15.5897,0.1064,16.4357,0.3427,0.3377,0.0050,NA,NA,NA
ExperienceX.exe,56308,0x216838E1150,DXGI,1,0,0,Composed: Flip,11076.3573,NA,16.89760000000000,NA,0.51750000000000,2.45410000000000,NA,11059.5661,17.3087,16.7912,0.5175,18.3297,0.9156,0.9156,0.0000,NA,NA,NA
ExperienceX.exe,56308,0x216838E1150,DXGI,1,0,0,Composed: Flip,11092.7172,NA,16.35990000000000,NA,0.11470000000000,1.78560000000000,NA,11076.8748,15.9571,15.8424,0.1147,17.3289,0.2991,0.2930,0.0061,NA,NA,NA
ExperienceX.exe,56308,0x216838E1150,DXGI,1,0,0,Composed: Flip,11110.1061,NA,17.38890000000000,83.30390000000000,0.32010000000000,3.31780000000000,32.3384,11092.8319,17.5943,17.2742,0.3201,19.5149,1.0771,1.0771,0.0000,-1.5569,11092.8319,NA
ExperienceX.exe,56308,0x216C7EA03E0,DXGI,1,0,0,Composed: Flip,11092.7177,NA,15.97720000000000,33.33790000000000,0.11380000000000,1.30710000000000,33.0605,11076.8755,15.9560,15.8422,0.1138,2.2735,14.8758,3.1222,11.7536,-0.3343,11076.8755,NA
ExperienceX.exe,56308,0x216C7EA03E0,DXGI,1,0,0,Composed: Flip,11110.1429,NA,17.42520000000000,NA,0.47290000000000,1.86530000000000,NA,11092.8315,17.7843,17.3114,0.4729,17.0028,2.1739,2.0344,0.1395,NA,NA,NA
ExperienceX.exe,56308,0x216C7EA03E0,DXGI,1,0,0,Composed: Flip,11126.1186,NA,15.97570000000000,NA,0.15180000000000,0.80820000000000,NA,11110.6158,15.6546,15.5028,0.1518,16.1689,0.1421,0.1421,0.0000,NA,NA,NA
ExperienceX.exe,56308,0x216C7EA03E0,DXGI,1,0,0,Composed: Flip,11143.5866,NA,17.46800000000000,50.09990000000001,0.14030000000000,1.50050000000000,32.2915,11126.2704,17.4565,17.3162,0.1403,16.8619,1.9548,1.9548,0.0000,-0.7050,11126.2704,NA
ExperienceX.exe,56308,0x216838E1150,DXGI,1,0,0,Composed: Flip,11126.1125,NA,16.00640000000000,16.67410000000000,0.08290000000000,0.67220000000000,33.0061,11110.4262,15.7692,15.6863,0.0829,2.9977,13.3608,2.0183,11.3425,0.9202,11110.4262,NA
ExperienceX.exe,56308,0x216838E1150,DXGI,1,0,0,Composed: Flip,11143.3831,NA,17.27060000000000,NA,0.35940000000000,2.34220000000000,NA,11126.1954,17.5471,17.1877,0.3594,19.2054,0.3245,0.3245,0.0000,NA,NA,NA
ExperienceX.exe,56308,0x216838E1150,DXGI,1,0,0,Composed: Flip,11159.4049,NA,16.02180000000000,NA,0.14500000000000,1.65200000000000,NA,11143.7425,15.8074,15.6624,0.1450,1.9828,15.3316,3.1460,12.1856,NA,NA,NA
ExperienceX.exe,56308,0x216C829D570,DXGI,1,0,0,Composed: Flip,11076.3583,NA,16.89870000000000,83.25890000000000,0.16920000000000,2.79070000000000,32.7460,11059.5665,16.9610,16.7918,0.1692,19.2449,0.3376,0.3376,0.0000,-0.8628,11059.5665,NA
ExperienceX.exe,56308,0x216C829D570,DXGI,1,0,0,Composed: Flip,11092.7173,NA,16.35900000000000,NA,0.11460000000000,1.48640000000000,NA,11076.5275,16.3044,16.1898,0.1146,17.4973,0.1789,0.1789,0.0000,NA,NA,NA
ExperienceX.exe,56308,0x216C829D570,DXGI,1,0,0,Composed: Flip,11110.1065,NA,17.38920000000000,NA,0.50370000000000,2.24030000000000,NA,11092.8319,17.7783,17.2746,0.5037,19.1763,0.3386,0.3386,0.0000,NA,NA,NA
ExperienceX.exe,56308,0x216C829D570,DXGI,1,0,0,Composed: Flip,11126.1127,NA,16.00620000000000,NA,0.08270000000000,1.16580000000000,NA,11110.6102,15.5852,15.5025,0.0827,16.3166,0.3517,0.3469,0.0048,NA,NA,NA
ExperienceX.exe,56308,0x216C829D570,DXGI,1,0,0,Composed: Flip,11143.6358,NA,17.52310000000000,NA,0.10740000000000,1.76500000000000,NA,11126.1954,17.5478,17.4404,0.1074,18.8917,0.3137,0.3137,0.0000,NA,NA,NA
ExperienceX.exe,56308,0x216C829D570,DXGI,1,0,0,Composed: Flip,11176.4080,NA,32.77220000000001,NA,0.62550000000000,3.66340000000000,NA,11143.7432,33.2903,32.6648,0.6255,34.9598,1.3684,1.3684,0.0000,NA,NA,NA
ExperienceX.exe,56308,0x216C7EA03E0,DXGI,1,0,0,Composed: Flip,11159.4052,NA,15.81860000000000,16.64120000000000,0.14450000000000,2.27430000000000,33.1141,11143.7269,15.8228,15.6783,0.1445,17.6398,0.3128,0.3070,0.0058,0.8153,11143.7269,NA
ExperienceX.exe,56308,0x216C7EA03E0,DXGI,1,0,0,Composed: Flip,11177.3146,NA,17.90940000000000,NA,0.05240000000000,1.38840000000000,NA,11159.5497,17.8173,17.7649,0.0524,18.8440,0.3093,0.3093,0.0000,NA,NA,NA
ExperienceX.exe,56308,0x216C7EA03E0,DXGI,1,0,0,Composed: Flip,11193.0110,NA,15.69640000000000,NA,0.26670000000000,1.09870000000000,NA,11177.3670,15.9107,15.6440,0.2667,16.3846,0.3581,0.3531,0.0050,NA,NA,NA
ExperienceX.exe,56308,0x216C829D570,DXGI,1,0,0,Composed: Flip,11192.9365,NA,16.52850000000000,116.82580000000000,0.12540000000000,0.81510000000000,32.9936,11177.0335,16.0284,15.9030,0.1254,16.5299,0.1882,0.1882,0.0000,0.6412,11177.0335,NA
ExperienceX.exe,56308,0x216C829D570,DXGI,1,0,0,Composed: Flip,11210.9470,NA,18.01050000000000,NA,0.16920000000000,1.84630000000000,NA,11193.0619,18.0543,17.8851,0.1692,19.4113,0.3201,0.3201,0.0000,NA,NA,NA
ExperienceX.exe,56308,0x216C7EA03E0,DXGI,1,0,0,Composed: Flip,11210.9490,NA,17.93800000000000,50.20170000000000,0.16680000000000,1.20690000000000,31.7720,11193.2777,17.8381,17.6713,0.1668,16.9140,1.9642,1.9642,0.0000,-0.6509,11193.2777,NA
ExperienceX.exe,56308,0x216C7EA03E0,DXGI,1,0,0,Composed: Flip,11226.5278,NA,15.57880000000000,NA,0.42400000000000,1.94880000000000,NA,11211.1158,15.8360,15.4120,0.4240,17.0788,0.2820,0.2698,0.0122,NA,NA,NA
ExperienceX.exe,56308,0x216C829D570,DXGI,1,0,0,Composed: Flip,11226.3744,NA,15.42740000000000,33.17110000000000,0.29200000000000,1.70760000000000,32.7268,11211.1162,15.5502,15.2582,0.2920,1.6771,15.2887,3.2741,12.0146,0.9116,11211.1162,NA
ExperienceX.exe,56308,0x216C829D570,DXGI,1,0,0,Composed: Flip,11244.4648,NA,18.09040000000000,NA,0.30410000000000,1.64810000000000,NA,11226.6664,18.1025,17.7984,0.3041,18.5353,0.9112,0.9112,0.0000,NA,NA,NA
ExperienceX.exe,56308,0x216838E1150,DXGI,1,0,0,Composed: Flip,11177.1468,NA,17.74190000000000,50.04980000000000,0.08700000000000,1.24690000000000,32.0216,11159.5499,17.6839,17.5969,0.0870,17.1777,1.6661,1.6661,0.0000,-0.9261,11159.5499,NA
ExperienceX.exe,56308,0x216838E1150,DXGI,1,0,0,Composed: Flip,11192.9363,NA,15.78950000000000,NA,0.12740000000000,0.62710000000000,NA,11177.2338,15.8299,15.7025,0.1274,2.8376,13.4920,1.3663,12.1257,NA,NA,NA
ExperienceX.exe,56308,0x216838E1150,DXGI,1,0,0,Composed: Flip,11210.9483,NA,18.01200000000000,NA,0.16750000000000,1.52490000000000,NA,11193.0637,18.0521,17.8846,0.1675,19.0922,0.3173,0.3173,0.0000,NA,NA,NA
ExperienceX.exe,56308,0x216838E1150,DXGI,1,0,0,Composed: Flip,11226.4912,NA,15.54290000000000,NA,0.24840000000000,1.70340000000000,NA,11211.1158,15.6238,15.3754,0.2484,16.9662,0.1126,0.1126,0.0000,NA,NA,NA
ExperienceX.exe,56308,0x216838E1150,DXGI,1,0,0,Composed: Flip,11244.5355,NA,18.04430000000000,NA,0.12030000000000,0.66620000000000,NA,11226.7396,17.9162,17.7959,0.1203,17.0821,1.3800,1.3800,0.0000,NA,NA,NA
ExperienceX.exe,56308,0x216838E1150,DXGI,1,0,0,Composed: Flip,11259.3368,NA,14.80130000000000,NA,0.10590000000000,0.54900000000000,NA,11244.6558,14.7869,14.6810,0.1059,1.7864,13.4436,2.2677,11.1759,NA,NA,NA
ExperienceX.exe,56308,0x216C829D570,DXGI,1,0,0,Composed: Flip,11259.3369,NA,14.87210000000000,33.35200000000000,0.10580000000000,0.80960000000000,33.1163,11244.7689,14.6738,14.5680,0.1058,15.1169,0.2607,0.2607,0.0000,0.3007,11244.7689,NA
ExperienceX.exe,56308,0x216C829D570,DXGI,1,0,0,Composed: Flip,11277.0033,NA,17.66640000000000,NA,0.13870000000000,1.87090000000000,NA,11259.4427,17.6993,17.5606,0.1387,18.5178,0.9137,0.9137,0.0000,NA,NA,NA
ExperienceX.exe,56308,0x216838E1150,DXGI,1,0,0,Composed: Flip,11277.0495,NA,17.71270000000000,99.98060000000001,0.09250000000000,2.14520000000000,32.0995,11259.4427,17.6993,17.6068,0.0925,19.4315,0.3205,0.3205,0.0000,-0.0878,11259.4427,NA
ExperienceX.exe,56308,0x216838E1150,DXGI,1,0,0,Composed: Flip,11292.7816,NA,15.73210000000000,NA,0.12810000000000,1.07110000000000,NA,11277.1420,15.7677,15.6396,0.1281,16.3843,0.3264,0.3264,0.0000,NA,NA,NA
ExperienceX.exe,56308,0x216838E1150,DXGI,1,0,0,Composed: Flip,11310.8948,NA,18.11320000000000,33.47600000000000,0.25640000000000,1.91770000000000,31.7302,11292.9097,18.2415,17.9851,0.2564,17.2162,2.6866,2.6281,0.0585,-0.0090,11292.9097,NA
ExperienceX.exe,56308,0x216838E1150,DXGI,1,0,0,Composed: Flip,11326.2127,NA,15.31790000000000,16.49850000000000,0.11100000000000,1.08980000000000,32.9108,11311.1512,15.1725,15.0615,0.1110,15.5967,0.5546,0.5546,0.0000,1.7430,11311.1512,NA
ExperienceX.exe,56308,0x216838E1150,DXGI,1,0,0,Composed: Flip,11344.1927,NA,17.98000000000000,16.66520000000000,0.11620000000000,1.93390000000000,31.5960,11326.3237,17.9852,17.8690,0.1162,19.4730,0.3299,0.3299,0.0000,-1.4927,11326.3237,NA
ExperienceX.exe,56308,0x216C7EA03E0,DXGI,1,0,0,Composed: Flip,11244.1785,NA,17.65070000000000,33.04620000000000,0.56300000000000,2.26370000000000,31.5887,11226.9518,17.7897,17.2267,0.5630,19.1611,0.3293,0.3293,0.0000,0.6279,11226.9518,NA
ExperienceX.exe,56308,0x216C7EA03E0,DXGI,1,0,0,Composed: Flip,11277.2001,NA,33.02160000000000,NA,0.05370000000000,0.76040000000000,NA,11244.7415,32.5123,32.4586,0.0537,31.8742,1.3448,1.3448,0.0000,NA,NA,NA
ExperienceX.exe,56308,0x216C7EA03E0,DXGI,1,0,0,Composed: Flip,11292.7818,NA,15.58170000000000,NA,0.12770000000000,1.40970000000000,NA,11277.2538,15.6557,15.5280,0.1277,16.5989,0.3388,0.3337,0.0051,NA,NA,NA
ExperienceX.exe,56308,0x216C7EA03E0,DXGI,1,0,0,Composed: Flip,11311.0496,NA,18.26780000000000,NA,0.16850000000000,3.75860000000000,NA,11292.9095,18.3086,18.1401,0.1685,20.2159,1.6828,1.6828,0.0000,NA,NA,NA
ExperienceX.exe,56308,0x216C7EA03E0,DXGI,1,0,0,Composed: Flip,11326.2122,NA,15.16260000000000,NA,0.11150000000000,0.53570000000000,NA,11311.2181,15.1056,14.9941,0.1115,3.5901,11.9397,0.8170,11.1227,NA,NA,NA
ExperienceX.exe,56308,0x216C7EA03E0,DXGI,1,0,0,Composed: Flip,11343.9335,NA,17.72130000000000,NA,0.12200000000000,0.95940000000000,NA,11326.3237,17.7318,17.6098,0.1220,17.2043,1.3649,1.3649,0.0000,NA,NA,NA
ExperienceX.exe,56308,0x216C7EA03E0,DXGI,1,0,0,Composed: Flip,11359.4077,NA,15.47420000000000,NA,0.15700000000000,1.45830000000000,NA,11344.0555,15.5092,15.3522,0.1570,16.4795,0.3310,0.3256,0.0054,NA,NA,NA
ExperienceX.exe,56308,0x216838E1150,DXGI,1,0,0,Composed: Flip,11359.4002,NA,15.20750000000000,16.81750000000000,0.16440000000000,1.13480000000000,33.2060,11344.3089,15.2557,15.0913,0.1644,16.0495,0.1766,0.1766,0.0000,1.1677,11344.3089,NA
ExperienceX.exe,56308,0x216838E1150,DXGI,1,0,0,Composed: Flip,11376.6481,NA,17.24790000000000,NA,0.15590000000000,1.83390000000000,NA,11359.5646,17.2394,17.0835,0.1559,18.5576,0.3598,0.3598,0.0000,NA,NA,NA
ExperienceX.exe,56308,0x216838E1150,DXGI,1,0,0,Composed: Flip,11393.4726,NA,16.82450000000000,33.41940000000000,0.29150000000000,1.10280000000000,32.5530,11376.8040,16.9601,16.6686,0.2915,3.0095,14.7619,2.0768,12.6851,-0.9243,11376.8040,NA
ExperienceX.exe,56308,0x216C829D570,DXGI,1,0,0,Composed: Flip,11292.7813,NA,15.77800000000000,33.33940000000000,0.12840000000000,0.74500000000000,33.0113,11277.1420,15.7677,15.6393,0.1284,2.0527,14.3316,2.2585,12.0731,-0.9663,11277.1420,NA
ExperienceX.exe,56308,0x216C829D570,DXGI,1,0,0,Composed: Flip,11310.9309,NA,18.14960000000000,NA,0.47900000000000,2.19450000000000,NA,11292.9097,18.5002,18.0212,0.4790,19.9028,0.3129,0.3129,0.0000,NA,NA,NA
ExperienceX.exe,56308,0x216C829D570,DXGI,1,0,0,Composed: Flip,11326.2124,NA,15.28150000000000,NA,0.11140000000000,1.41580000000000,NA,11311.4099,14.9139,14.8025,0.1114,15.8926,0.3257,0.3206,0.0051,NA,NA,NA
ExperienceX.exe,56308,0x216C829D570,DXGI,1,0,0,Composed: Flip,11344.1926,NA,17.98020000000000,NA,0.11620000000000,1.60410000000000,NA,11326.3238,17.9850,17.8688,0.1162,18.5691,0.9038,0.9038,0.0000,NA,NA,NA
ExperienceX.exe,56308,0x216C829D570,DXGI,1,0,0,Composed: Flip,11359.3994,NA,15.20680000000000,NA,0.16530000000000,0.95900000000000,NA,11344.3088,15.2559,15.0906,0.1653,1.8178,14.2318,2.3677,11.8641,NA,NA,NA
ExperienceX.exe,56308,0x216C829D570,DXGI,1,0,0,Composed: Flip,11376.2895,NA,16.89010000000000,NA,0.12850000000000,3.52400000000000,NA,11359.5647,16.8533,16.7248,0.1285,18.9173,1.3315,1.3315,0.0000,NA,NA,NA
ExperienceX.exe,56308,0x216C829D570,DXGI,1,0,0,Composed: Flip,11393.4747,NA,17.18520000000000,NA,0.28930000000000,1.41100000000000,NA,11376.4180,17.3460,17.0567,0.2893,18.1574,0.3103,0.3103,0.0000,NA,NA,NA
ExperienceX.exe,56308,0x216C829D570,DXGI,1,0,0,Composed: Flip,11410.1596,NA,16.68490000000000,NA,0.09860000000000,2.17930000000000,NA,11393.7640,16.4942,16.3956,0.0986,18.2549,0.3200,0.3200,0.0000,NA,NA,NA
ExperienceX.exe,56308,0x216838E1150,DXGI,1,0,0,Composed: Flip,11409.9751,NA,16.50250000000000,16.62250000000000,0.28390000000000,1.72080000000000,32.6730,11393.7641,16.4949,16.2110,0.2839,15.9941,1.9377,1.9377,0.0000,0.3376,11393.7641,NA
ExperienceX.exe,56308,0x216838E1150,DXGI,1,0,0,Composed: Flip,11426.5969,NA,16.62180000000000,NA,0.08160000000000,1.80070000000000,NA,11410.2590,16.4195,16.3379,0.0816,17.8101,0.3285,0.3213,0.0072,NA,NA,NA
ExperienceX.exe,56308,0x216C7EA03E0,DXGI,1,0,0,Composed: Flip,11376.6519,NA,17.24420000000000,133.35169999999999,0.04990000000000,1.47030000000000,32.4670,11359.5647,17.1371,17.0872,0.0499,16.9038,1.6537,1.6537,0.0000,-0.7388,11359.5647,NA
ExperienceX.exe,56308,0x216C7EA03E0,DXGI,1,0,0,Composed: Flip,11393.5341,NA,16.88220000000000,NA,0.43750000000000,1.69340000000000,NA,11376.7018,17.2698,16.8323,0.4375,18.1839,0.3418,0.3350,0.0068,NA,NA,NA
ExperienceX.exe,56308,0x216C7EA03E0,DXGI,1,0,0,Composed: Flip,11409.5190,NA,15.98490000000000,NA,0.10450000000000,2.49990000000000,NA,11393.9716,15.6519,15.5474,0.1045,17.7243,0.3230,0.3230,0.0000,NA,NA,NA
ExperienceX.exe,56308,0x216C7EA03E0,DXGI,1,0,0,Composed: Flip,11426.7294,NA,17.21040000000000,NA,0.25700000000000,1.33970000000000,NA,11409.6235,17.3629,17.1059,0.2570,18.3283,0.1173,0.1173,0.0000,NA,NA,NA
ExperienceX.exe,56308,0x216C7EA03E0,DXGI,1,0,0,Composed: Flip,11445.2937,NA,18.56430000000000,NA,0.10770000000000,0.97810000000000,NA,11426.9864,18.4150,18.3073,0.1077,18.9315,0.3539,0.3539,0.0000,NA,NA,NA
ExperienceX.exe,56308,0x216C7EA03E0,DXGI,1,0,0,Composed: Flip,11459.4940,NA,14.20030000000000,83.32650000000001,0.18990000000000,1.47430000000000,32.9514,11445.4014,14.2825,14.0926,0.1899,15.2392,0.3277,0.3199,0.0078,2.5102,11445.4014,NA
ExperienceX.exe,56308,0x216C829D570,DXGI,1,0,0,Composed: Flip,11426.5893,NA,16.42970000000000,133.37530000000001,0.08930000000000,1.36250000000000,32.5786,11410.2582,16.4204,16.3311,0.0893,2.0807,15.6129,2.7539,12.8590,-0.2591,11410.2582,NA
ExperienceX.exe,56308,0x216C829D570,DXGI,1,0,0,Composed: Flip,11444.6165,NA,18.02720000000000,NA,0.45220000000000,2.36400000000000,NA,11426.6786,18.3901,17.9379,0.4522,19.5932,0.7087,0.7087,0.0000,NA,NA,NA
ExperienceX.exe,56308,0x216C829D570,DXGI,1,0,0,Composed: Flip,11459.4926,NA,14.87610000000000,NA,0.19140000000000,0.80550000000000,NA,11445.0687,14.6153,14.4239,0.1914,1.9118,13.3176,2.8257,10.4919,NA,NA,NA
ExperienceX.exe,56308,0x216C829D570,DXGI,1,0,0,Composed: Flip,11477.4165,NA,17.92390000000000,NA,0.21260000000000,1.38060000000000,NA,11459.6840,17.9451,17.7325,0.2126,18.7705,0.3426,0.3426,0.0000,NA,NA,NA
ExperienceX.exe,56308,0x216838E1150,DXGI,1,0,0,Composed: Flip,11444.7380,NA,18.14110000000000,33.17940000000000,0.33040000000000,1.17990000000000,31.0895,11426.6785,18.3899,18.0595,0.3304,17.5376,1.7018,1.7018,0.0000,-0.2650,11426.6785,NA
ExperienceX.exe,56308,0x216838E1150,DXGI,1,0,0,Composed: Flip,11459.5361,NA,14.79810000000000,NA,0.14750000000000,1.10450000000000,NA,11445.0684,14.6152,14.4677,0.1475,15.2297,0.3425,0.3425,0.0000,NA,NA,NA
ExperienceX.exe,56308,0x216838E1150,DXGI,1,0,0,Composed: Flip,11477.1151,NA,17.57900000000000,NA,0.51510000000000,2.30890000000000,NA,11459.6836,17.9466,17.4315,0.5151,19.1135,0.6269,0.6269,0.0000,NA,NA,NA
ExperienceX.exe,56308,0x216838E1150,DXGI,1,0,0,Composed: Flip,11492.6319,NA,15.51680000000000,NA,0.06680000000000,1.05520000000000,NA,11477.6302,15.0685,15.0017,0.0668,15.7508,0.3061,0.3061,0.0000,NA,NA,NA
ExperienceX.exe,56308,0x216C829D570,DXGI,1,0,0,Composed: Flip,11492.6397,NA,15.22320000000000,66.65000000000001,0.06290000000000,0.74130000000000,33.1782,11477.6291,15.0735,15.0106,0.0629,1.7949,13.9570,2.4442,11.5128,0.7209,11477.6291,NA
ExperienceX.exe,56308,0x216C829D570,DXGI,1,0,0,Composed: Flip,11513.1155,NA,20.47580000000000,NA,0.10820000000000,1.26000000000000,NA,11492.7026,20.5211,20.4129,0.1082,21.2551,0.4178,0.4178,0.0000,NA,NA,NA
ExperienceX.exe,56308,0x216C7EA03E0,DXGI,1,0,0,Composed: Flip,11477.1470,NA,17.65300000000000,17.17660000000000,0.49270000000000,1.30750000000000,32.4750,11459.6839,17.9558,17.4631,0.4927,17.0927,1.6779,1.6779,0.0000,-2.8941,11459.6839,NA
ExperienceX.exe,56308,0x216C7EA03E0,DXGI,1,0,0,Composed: Flip,11492.6670,NA,15.52000000000000,NA,0.14650000000000,1.34130000000000,NA,11477.6397,15.1738,15.0273,0.1465,16.0474,0.3212,0.3164,0.0048,NA,NA,NA
ExperienceX.exe,56308,0x216C7EA03E0,DXGI,1,0,0,Composed: Flip,11512.6121,NA,19.94510000000000,NA,0.24160000000000,1.34560000000000,NA,11492.8135,20.0402,19.7986,0.2416,20.8212,0.3230,0.3230,0.0000,NA,NA,NA
ExperienceX.exe,56308,0x216C7EA03E0,DXGI,1,0,0,Composed: Flip,11526.1358,NA,13.52370000000000,NA,0.09210000000000,0.56730000000000,NA,11512.8537,13.3742,13.2821,0.0921,1.5218,12.3276,2.3239,10.0037,NA,NA,NA
ExperienceX.exe,56308,0x216C829D570,DXGI,1,0,0,Composed: Flip,11526.1543,NA,13.03880000000000,33.40940000000001,0.15290000000000,0.86920000000000,33.0730,11513.2237,13.0835,12.9306,0.1529,13.4794,0.3204,0.3204,0.0000,2.1852,11513.2237,NA
ExperienceX.exe,56308,0x216C829D570,DXGI,1,0,0,Composed: Flip,11544.0432,NA,17.88890000000000,NA,0.16290000000000,4.12330000000000,NA,11526.3072,17.8989,17.7360,0.1629,21.5384,0.3209,0.3209,0.0000,NA,NA,NA
ExperienceX.exe,56308,0x216C7EA03E0,DXGI,1,0,0,Composed: Flip,11544.0536,NA,17.91780000000000,66.56590000000000,0.31670000000000,2.51630000000000,32.1343,11526.2279,18.1424,17.8257,0.3167,18.2937,2.0483,2.0483,0.0000,-0.0219,11526.2279,NA
ExperienceX.exe,56308,0x216C7EA03E0,DXGI,1,0,0,Composed: Flip,11559.5759,NA,15.52230000000000,NA,0.32600000000000,0.93560000000000,NA,11544.3703,15.5316,15.2056,0.3260,3.7962,12.3450,2.1584,10.1866,NA,NA,NA
ExperienceX.exe,56308,0x216C829D570,DXGI,1,0,0,Composed: Flip,11559.5760,NA,15.53280000000000,33.22370000000000,0.20720000000000,1.55880000000000,32.8750,11544.2061,15.5771,15.3699,0.2072,16.5877,0.3410,0.3323,0.0087,-2.2413,11544.2061,NA
ExperienceX.exe,56308,0x216C829D570,DXGI,1,0,0,Composed: Flip,11580.5452,NA,20.96920000000000,NA,0.14560000000000,0.70100000000000,NA,11559.7832,20.9076,20.7620,0.1456,20.4896,0.9734,0.9734,0.0000,NA,NA,NA
ExperienceX.exe,56308,0x216838E1150,DXGI,1,0,0,Composed: Flip,11512.5577,NA,19.92580000000000,66.91400000000000,0.25940000000000,1.07700000000000,30.1838,11492.6987,20.1184,19.8590,0.2594,18.8626,2.0734,2.0734,0.0000,-0.8938,11492.6987,NA
ExperienceX.exe,56308,0x216838E1150,DXGI,1,0,0,Composed: Flip,11544.9959,NA,32.43820000000000,NA,0.15770000000000,2.84970000000000,NA,11512.8171,32.3365,32.1788,0.1577,33.7528,1.2757,1.2757,0.0000,NA,NA,NA
ExperienceX.exe,56308,0x216838E1150,DXGI,1,0,0,Composed: Flip,11559.5762,NA,14.58030000000000,NA,0.20680000000000,1.21760000000000,NA,11545.1536,14.6294,14.4226,0.2068,15.3579,0.2823,0.2823,0.0000,NA,NA,NA
ExperienceX.exe,56308,0x216838E1150,DXGI,1,0,0,Composed: Flip,11578.1475,NA,18.57130000000000,NA,0.42810000000000,2.12530000000000,NA,11559.7830,18.7926,18.3645,0.4281,20.0556,0.4342,0.4342,0.0000,NA,NA,NA
ExperienceX.exe,56308,0x216838E1150,DXGI,1,0,0,Composed: Flip,11592.7517,NA,14.60420000000000,NA,0.09940000000000,1.88450000000000,NA,11578.5756,14.2755,14.1761,0.0994,15.5361,0.5245,0.5245,0.0000,NA,NA,NA
ExperienceX.exe,56308,0x216838E1150,DXGI,1,0,0,Composed: Flip,11611.7563,NA,19.00460000000000,101.46030000000000,0.22750000000000,2.36760000000000,32.4455,11592.8511,19.1327,18.9052,0.2275,19.5771,1.6957,1.6957,0.0000,-1.3079,11592.8511,NA
ExperienceX.exe,56308,0x216838E1150,DXGI,1,0,0,Composed: Flip,11627.4141,NA,15.65780000000000,15.37810000000000,0.27190000000000,1.60740000000000,32.1658,11611.9838,15.7022,15.4303,0.2719,3.2135,13.8242,3.7860,10.0382,3.7546,11611.9838,NA
ExperienceX.exe,56308,0x216C829D570,DXGI,1,0,0,Composed: Flip,11592.7443,NA,12.19910000000000,33.76010000000000,0.09310000000000,1.36740000000000,33.4668,11580.6908,12.1466,12.0535,0.0931,0.5554,12.8655,2.6756,10.1899,2.7246,11580.6908,NA
ExperienceX.exe,56308,0x216C829D570,DXGI,1,0,0,Composed: Flip,11611.7564,NA,19.01210000000000,NA,0.22800000000000,3.11280000000000,NA,11592.8374,19.1470,18.9190,0.2280,21.2865,0.7453,0.7453,0.0000,NA,NA,NA
ExperienceX.exe,56308,0x216C829D570,DXGI,1,0,0,Composed: Flip,11627.4157,NA,15.65930000000000,NA,0.26820000000000,2.17850000000000,NA,11611.9844,15.6995,15.4313,0.2682,17.6027,0.0071,0.0071,0.0000,NA,NA,NA
ExperienceX.exe,56308,0x216C829D570,DXGI,1,0,0,Composed: Flip,11647.0331,NA,19.61740000000000,NA,0.45800000000000,1.59820000000000,NA,11627.6839,19.8072,19.3492,0.4580,20.6267,0.3207,0.3207,0.0000,NA,NA,NA
ExperienceX.exe,56308,0x216C7EA03E0,DXGI,1,0,0,Composed: Flip,11577.4999,NA,17.92400000000000,33.44740000000000,1.08200000000000,2.33870000000000,32.1354,11559.9019,18.6800,17.5980,1.0820,17.9123,2.0244,2.0244,0.0000,0.2266,11559.9019,NA
ExperienceX.exe,56308,0x216C7EA03E0,DXGI,1,0,0,Composed: Flip,11592.8042,NA,15.30430000000000,NA,0.56380000000000,1.92590000000000,NA,11578.5819,14.7861,14.2223,0.5638,16.0543,0.0939,0.0877,0.0062,NA,NA,NA
ExperienceX.exe,56308,0x216C7EA03E0,DXGI,1,0,0,Composed: Flip,11611.7574,NA,18.95320000000000,NA,0.25570000000000,3.43990000000000,NA,11593.3680,18.6451,18.3894,0.2557,21.5012,0.3281,0.3281,0.0000,NA,NA,NA
ExperienceX.exe,56308,0x216C7EA03E0,DXGI,1,0,0,Composed: Flip,11627.4129,NA,15.65550000000000,NA,0.27090000000000,2.17420000000000,NA,11612.0131,15.6707,15.3998,0.2709,17.0084,0.5656,0.5656,0.0000,NA,NA,NA
ExperienceX.exe,56308,0x216C7EA03E0,DXGI,1,0,0,Composed: Flip,11648.4468,NA,21.03390000000000,NA,0.16320000000000,1.23830000000000,NA,11627.6838,20.9262,20.7630,0.1632,20.9475,1.0538,1.0538,0.0000,NA,NA,NA
ExperienceX.exe,56308,0x216C7EA03E0,DXGI,1,0,0,Composed: Flip,11660.2469,NA,11.80010000000000,NA,0.28240000000000,1.19250000000000,NA,11648.6100,11.9193,11.6369,0.2824,1.0751,11.7543,3.4394,8.3149,NA,NA,NA
ExperienceX.exe,56308,0x216838E1150,DXGI,1,0,0,Composed: Flip,11647.0332,NA,19.61910000000000,16.33360000000000,0.54430000000000,1.27740000000000,28.8803,11627.6860,19.8915,19.3472,0.5443,1.9082,18.7164,2.0723,16.6441,-0.6314,11627.6860,NA
ExperienceX.exe,56308,0x216838E1150,DXGI,1,0,0,Composed: Flip,11660.2475,NA,13.21430000000000,NA,0.28160000000000,1.75560000000000,NA,11647.5775,12.9516,12.6700,0.2816,14.3305,0.0951,0.0879,0.0072,NA,NA,NA
ExperienceX.exe,56308,0x216838E1150,DXGI,1,0,0,Composed: Flip,11678.5473,NA,18.29980000000000,NA,0.24760000000000,2.11450000000000,NA,11660.5291,18.2658,18.0182,0.2476,19.7479,0.3848,0.3848,0.0000,NA,NA,NA
ExperienceX.exe,56308,0x216838E1150,DXGI,1,0,0,Composed: Flip,11692.8182,NA,14.27090000000000,50.00960000000000,0.12350000000000,0.54960000000000,33.1049,11678.7949,14.1468,14.0233,0.1235,3.6901,10.8828,0.6237,10.2591,1.0993,11678.7949,NA
ExperienceX.exe,56308,0x216838E1150,DXGI,1,0,0,Composed: Flip,11711.0179,NA,18.19970000000000,16.68720000000000,0.28050000000000,1.52060000000000,31.5924,11692.9417,18.3567,18.0762,0.2805,17.2732,2.3236,2.3236,0.0000,-2.5404,11692.9417,NA
ExperienceX.exe,56308,0x216C829D570,DXGI,1,0,0,Composed: Flip,11660.2448,NA,13.21170000000000,66.29280000000000,0.28530000000000,1.66320000000000,32.2591,11647.4911,13.0390,12.7537,0.2853,13.9483,0.4686,0.4686,0.0000,0.5075,11647.4911,NA
ExperienceX.exe,56308,0x216C829D570,DXGI,1,0,0,Composed: Flip,11678.6330,NA,18.38820000000000,NA,0.62410000000000,3.85200000000000,NA,11660.5301,18.7270,18.1029,0.6241,20.1317,1.8232,1.8232,0.0000,NA,NA,NA
ExperienceX.exe,56308,0x216C829D570,DXGI,1,0,0,Composed: Flip,11692.8348,NA,14.20180000000000,NA,0.15810000000000,1.35170000000000,NA,11679.2571,13.7358,13.5777,0.1581,14.5101,0.4193,0.4133,0.0060,NA,NA,NA
ExperienceX.exe,56308,0x216C829D570,DXGI,1,0,0,Composed: Flip,11711.2876,NA,18.45280000000000,NA,0.39680000000000,1.44600000000000,NA,11692.9929,18.6915,18.2947,0.3968,19.5456,0.1951,0.1951,0.0000,NA,NA,NA
ExperienceX.exe,56308,0x216C829D570,DXGI,1,0,0,Composed: Flip,11726.3434,NA,15.05580000000000,NA,0.30060000000000,1.53700000000000,NA,11711.6844,14.9596,14.6590,0.3006,15.8815,0.3145,0.3069,0.0076,NA,NA,NA
ExperienceX.exe,56308,0x216838E1150,DXGI,1,0,0,Composed: Flip,11726.3305,NA,15.31260000000000,16.56020000000000,0.31000000000000,1.23540000000000,32.8400,11711.2984,15.3421,15.0321,0.3100,15.8561,0.4114,0.4114,0.0000,1.7965,11711.2984,NA
ExperienceX.exe,56308,0x216838E1150,DXGI,1,0,0,Composed: Flip,11744.3298,NA,17.99930000000000,NA,0.30170000000000,5.89090000000000,NA,11726.6405,17.9910,17.6893,0.3017,23.1798,0.4004,0.3921,0.0083,NA,NA,NA
ExperienceX.exe,56308,0x216838E1150,DXGI,1,0,0,Composed: Flip,11759.4654,NA,15.13560000000000,33.43770000000000,0.17610000000000,2.05370000000000,33.1428,11744.6315,15.0100,14.8339,0.1761,16.4987,0.3889,0.3793,0.0096,-0.1046,11744.6315,NA
ExperienceX.exe,56308,0x216C829D570,DXGI,1,0,0,Composed: Flip,11744.1996,NA,17.85620000000000,83.47360000000000,0.39830000000000,5.62070000000000,31.7779,11726.6440,17.9539,17.5556,0.3983,20.5512,2.6251,2.6251,0.0000,-4.3207,11726.6440,NA
ExperienceX.exe,56308,0x216C829D570,DXGI,1,0,0,Composed: Flip,11759.4658,NA,15.26620000000000,NA,0.17580000000000,1.27980000000000,NA,11744.5979,15.0437,14.8679,0.1758,15.0531,1.0946,1.0946,0.0000,NA,NA,NA
ExperienceX.exe,56308,0x216C829D570,DXGI,1,0,0,Composed: Flip,11777.2665,NA,17.80070000000000,NA,0.40150000000000,2.19700000000000,NA,11759.6416,18.0264,17.6249,0.4015,19.4158,0.4061,0.4061,0.0000,NA,NA,NA
ExperienceX.exe,56308,0x216C7EA03E0,DXGI,1,0,0,Composed: Flip,11678.5342,NA,18.28730000000000,99.54980000000000,0.55590000000000,1.74280000000000,30.6509,11660.5293,18.5608,18.0049,0.5559,17.4033,2.3444,2.3444,0.0000,1.0776,11660.5293,NA
ExperienceX.exe,56308,0x216C7EA03E0,DXGI,1,0,0,Composed: Flip,11692.8349,NA,14.30070000000000,NA,0.15790000000000,0.93230000000000,NA,11679.0901,13.9027,13.7448,0.1579,14.2777,0.3994,0.3994,0.0000,NA,NA,NA
ExperienceX.exe,56308,0x216C7EA03E0,DXGI,1,0,0,Composed: Flip,11711.3623,NA,18.52740000000000,NA,0.07920000000000,2.21660000000000,NA,11692.9928,18.4487,18.3695,0.0792,19.7408,0.8453,0.8453,0.0000,NA,NA,NA
ExperienceX.exe,56308,0x216C7EA03E0,DXGI,1,0,0,Composed: Flip,11726.3295,NA,14.96720000000000,NA,0.31020000000000,0.82500000000000,NA,11711.4415,15.1982,14.8880,0.3102,2.1374,13.5756,1.9459,11.6297,NA,NA,NA
ExperienceX.exe,56308,0x216C7EA03E0,DXGI,1,0,0,Composed: Flip,11744.4915,NA,18.16200000000000,NA,0.13930000000000,2.70370000000000,NA,11726.6397,17.9911,17.8518,0.1393,17.1137,3.4418,3.4418,0.0000,NA,NA,NA
ExperienceX.exe,56308,0x216C7EA03E0,DXGI,1,0,0,Composed: Flip,11759.4656,NA,14.97410000000000,NA,0.17670000000000,1.66460000000000,NA,11744.6308,15.0115,14.8348,0.1767,16.1148,0.3846,0.3846,0.0000,NA,NA,NA
ExperienceX.exe,56308,0x216C7EA03E0,DXGI,1,0,0,Composed: Flip,11777.2392,NA,17.77360000000000,NA,0.29950000000000,1.81820000000000,NA,11759.6423,17.8964,17.5969,0.2995,17.3437,2.0714,2.0714,0.0000,NA,NA,NA
ExperienceX.exe,56308,0x216C7EA03E0,DXGI,1,0,0,Composed: Flip,11793.2326,NA,15.99340000000000,NA,0.29240000000000,2.26870000000000,NA,11777.5387,15.9863,15.6939,0.2924,17.6129,0.3497,0.3497,0.0000,NA,NA,NA
ExperienceX.exe,56308,0x216C7EA03E0,DXGI,1,0,0,Composed: Flip,11810.4962,NA,17.26360000000000,133.33230000000000,0.19610000000000,2.87990000000000,32.0212,11793.5250,17.1673,16.9712,0.1961,17.3655,2.4856,2.4856,0.0000,-0.3366,11793.5250,NA
ExperienceX.exe,56308,0x216838E1150,DXGI,1,0,0,Composed: Flip,11777.0917,NA,17.62630000000000,16.68430000000000,0.12200000000000,4.12370000000000,32.2008,11759.6415,17.5722,17.4502,0.1220,19.8220,1.7519,1.7479,0.0040,-1.6743,11759.6415,NA
ExperienceX.exe,56308,0x216838E1150,DXGI,1,0,0,Composed: Flip,11793.3138,NA,16.22210000000000,NA,0.29890000000000,2.57860000000000,NA,11777.2137,16.3990,16.1001,0.2989,18.2876,0.3911,0.3837,0.0074,NA,NA,NA
ExperienceX.exe,56308,0x216838E1150,DXGI,1,0,0,Composed: Flip,11810.4963,NA,17.18250000000000,NA,0.19520000000000,3.26800000000000,NA,11793.6127,17.0788,16.8836,0.1952,19.7634,0.3882,0.3882,0.0000,NA,NA,NA
ExperienceX.exe,56308,0x216838E1150,DXGI,1,0,0,Composed: Flip,11826.0681,NA,15.57180000000000,NA,0.09570000000000,1.92550000000000,NA,11810.6915,15.4723,15.3766,0.0957,16.0207,1.2814,1.2725,0.0089,NA,NA,NA
ExperienceX.exe,56308,0x216C7EA03E0,DXGI,1,0,0,Composed: Flip,11826.0828,NA,15.58660000000000,16.59690000000000,0.13240000000000,0.62940000000000,33.0315,11810.6923,15.5229,15.3905,0.1324,3.4646,12.5553,2.7941,9.7612,0.5704,11810.6923,NA
ExperienceX.exe,56308,0x216C7EA03E0,DXGI,1,0,0,Composed: Flip,11844.1349,NA,18.05210000000000,NA,0.57260000000000,2.84660000000000,NA,11826.2152,18.4923,17.9197,0.5726,20.3550,0.4113,0.4113,0.0000,NA,NA,NA
ExperienceX.exe,56308,0x216C7EA03E0,DXGI,1,0,0,Composed: Flip,11859.4726,NA,15.33770000000000,33.31540000000000,0.17390000000000,1.43460000000000,32.9571,11844.7075,14.9390,14.7651,0.1739,15.7752,0.4245,0.4188,0.0057,0.6998,11844.7075,NA
ExperienceX.exe,56308,0x216C829D570,DXGI,1,0,0,Composed: Flip,11793.2900,NA,16.02350000000000,49.82160000000000,0.40400000000000,1.86160000000000,32.5091,11777.6680,16.0260,15.6220,0.4040,15.8877,1.5959,1.5760,0.0199,1.2024,11777.6680,NA
ExperienceX.exe,56308,0x216C829D570,DXGI,1,0,0,Composed: Flip,11810.4955,NA,17.20550000000000,NA,0.22850000000000,3.66140000000000,NA,11793.6940,17.0300,16.8015,0.2285,20.0703,0.3926,0.3926,0.0000,NA,NA,NA
ExperienceX.exe,56308,0x216C829D570,DXGI,1,0,0,Composed: Flip,11826.0682,NA,15.57270000000000,NA,0.09560000000000,1.93090000000000,NA,11810.7240,15.4398,15.3442,0.0956,17.2710,0.0041,0.0041,0.0000,NA,NA,NA
ExperienceX.exe,56308,0x216C829D570,DXGI,1,0,0,Composed: Flip,11844.1764,NA,18.10820000000000,NA,0.18400000000000,2.39380000000000,NA,11826.1638,18.1966,18.0126,0.1840,20.0076,0.3988,0.3988,0.0000,NA,NA,NA
ExperienceX.exe,56308,0x216C829D570,DXGI,1,0,0,Composed: Flip,11859.4526,NA,15.27620000000000,NA,0.13490000000000,0.85950000000000,NA,11844.3604,15.2271,15.0922,0.1349,2.6211,13.3306,2.0617,11.2689,NA,NA,NA
ExperienceX.exe,56308,0x216C829D570,DXGI,1,0,0,Composed: Flip,11877.2192,NA,17.76660000000000,NA,0.14270000000000,2.21260000000000,NA,11859.5875,17.7744,17.6317,0.1427,19.4902,0.3541,0.3541,0.0000,NA,NA,NA
ExperienceX.exe,56308,0x216838E1150,DXGI,1,0,0,Composed: Flip,11844.3069,NA,18.23880000000000,66.54280000000000,0.53980000000000,1.86450000000000,31.5284,11826.1638,18.6829,18.1431,0.5398,17.4766,2.5310,2.5310,0.0000,-0.0205,11826.1638,NA
ExperienceX.exe,56308,0x216838E1150,DXGI,1,0,0,Composed: Flip,11859.4522,NA,15.14530000000000,NA,0.13530000000000,1.03050000000000,NA,11844.8467,14.7408,14.6055,0.1353,15.4654,0.1706,0.1706,0.0000,NA,NA,NA
ExperienceX.exe,56308,0x216838E1150,DXGI,1,0,0,Composed: Flip,11876.8562,NA,17.40400000000000,NA,0.17970000000000,2.22150000000000,NA,11859.5875,17.4484,17.2687,0.1797,16.9977,2.4925,2.4925,0.0000,NA,NA,NA
ExperienceX.exe,56308,0x216838E1150,DXGI,1,0,0,Composed: Flip,11892.6345,NA,15.77830000000000,NA,0.06090000000000,1.89510000000000,NA,11877.0359,15.6595,15.5986,0.0609,17.1155,0.3782,0.3732,0.0050,NA,NA,NA
ExperienceX.exe,56308,0x216838E1150,DXGI,1,0,0,Composed: Flip,11909.5817,NA,16.94720000000000,66.62890000000000,0.54160000000000,2.53510000000000,32.8825,11892.6954,17.4279,16.8863,0.5416,16.9773,2.4441,2.4441,0.0000,-0.0973,11892.6954,NA
ExperienceX.exe,56308,0x216C829D570,DXGI,1,0,0,Composed: Flip,11892.6498,NA,15.43060000000000,100.05380000000001,0.11380000000000,1.10820000000000,33.2031,11877.3619,15.4017,15.2879,0.1138,15.3385,1.0576,1.0576,0.0000,-0.3599,11877.3619,NA
ExperienceX.exe,56308,0x216C829D570,DXGI,1,0,0,Composed: Flip,11909.8712,NA,17.22140000000000,NA,0.45310000000000,3.04620000000000,NA,11892.7636,17.5607,17.1076,0.4531,19.7400,0.4138,0.4138,0.0000,NA,NA,NA
ExperienceX.exe,56308,0x216C829D570,DXGI,1,0,0,Composed: Flip,11926.2097,NA,16.33850000000000,NA,0.17090000000000,1.42410000000000,NA,11910.3243,16.0563,15.8854,0.1709,16.9947,0.3148,0.3078,0.0070,NA,NA,NA
ExperienceX.exe,56308,0x216C7EA03E0,DXGI,1,0,0,Composed: Flip,11876.8711,NA,17.39850000000000,16.65990000000000,0.06690000000000,4.57840000000000,32.2185,11859.6465,17.2915,17.2246,0.0669,19.7853,2.0177,2.0109,0.0068,-1.7209,11859.6465,NA
ExperienceX.exe,56308,0x216C7EA03E0,DXGI,1,0,0,Composed: Flip,11892.6500,NA,15.77890000000000,NA,0.11360000000000,1.50140000000000,NA,11876.9380,15.8256,15.7120,0.1136,16.8200,0.3934,0.3934,0.0000,NA,NA,NA
ExperienceX.exe,56308,0x216C7EA03E0,DXGI,1,0,0,Composed: Flip,11909.5815,NA,16.93150000000000,NA,0.53800000000000,2.92210000000000,NA,11892.7636,17.3559,16.8179,0.5380,19.3532,0.3868,0.3868,0.0000,NA,NA,NA
ExperienceX.exe,56308,0x216C7EA03E0,DXGI,1,0,0,Composed: Flip,11926.2095,NA,16.62800000000000,NA,0.17090000000000,0.76600000000000,NA,11910.1195,16.2609,16.0900,0.1709,2.7979,14.0581,1.7799,12.2782,NA,NA,NA
ExperienceX.exe,56308,0x216C7EA03E0,DXGI,1,0,0,Composed: Flip,11943.7762,NA,17.56670000000000,NA,0.05460000000000,2.36520000000000,NA,11926.3804,17.4504,17.3958,0.0546,19.3286,0.4324,0.4324,0.0000,NA,NA,NA
ExperienceX.exe,56308,0x216C829D570,DXGI,1,0,0,Composed: Flip,11943.7811,NA,17.57140000000000,49.91060000000000,0.13710000000000,1.92790000000000,31.9824,11926.3806,17.5376,17.4005,0.1371,16.8788,2.4496,2.4496,0.0000,-0.8919,11926.3806,NA
ExperienceX.exe,56308,0x216C829D570,DXGI,1,0,0,Composed: Flip,11959.4821,NA,15.70100000000000,NA,0.14890000000000,1.44370000000000,NA,11943.9182,15.7128,15.5639,0.1489,16.5924,0.4152,0.4101,0.0051,NA,NA,NA
ExperienceX.exe,56308,0x216C7EA03E0,DXGI,1,0,0,Composed: Flip,11959.4901,NA,15.71390000000000,83.35540000000000,0.17950000000000,0.85680000000000,32.9549,11943.8308,15.8388,15.6593,0.1795,2.7340,13.7821,1.9821,11.8000,0.8289,11943.8308,NA
ExperienceX.exe,56308,0x216C7EA03E0,DXGI,1,0,0,Composed: Flip,11976.6142,NA,17.12410000000000,NA,0.15000000000000,4.01980000000000,NA,11959.6696,17.0946,16.9446,0.1500,20.5696,0.3948,0.3901,0.0047,NA,NA,NA
ExperienceX.exe,56308,0x216C829D570,DXGI,1,0,0,Composed: Flip,11976.6043,NA,17.12220000000000,33.56280000000000,0.27730000000000,3.24750000000000,32.7220,11959.6310,17.2506,16.9733,0.2773,16.7886,3.4322,3.4322,0.0000,-0.3124,11959.6310,NA
ExperienceX.exe,56308,0x216C829D570,DXGI,1,0,0,Composed: Flip,11992.8124,NA,16.20810000000000,NA,0.15240000000000,0.59890000000000,NA,11976.8816,16.0832,15.9308,0.1524,16.0745,0.4552,0.4552,0.0000,NA,NA,NA
ExperienceX.exe,56308,0x216838E1150,DXGI,1,0,0,Composed: Flip,11926.2096,NA,16.62790000000000,16.65150000000000,0.17090000000000,1.10940000000000,32.9061,11910.1233,16.2572,16.0863,0.1709,16.8522,0.3435,0.3435,0.0000,0.7764,11910.1233,NA
ExperienceX.exe,56308,0x216838E1150,DXGI,1,0,0,Composed: Flip,11943.7837,NA,17.57410000000000,NA,0.13420000000000,2.78110000000000,NA,11926.3805,17.5374,17.4032,0.1342,19.7609,0.4234,0.4234,0.0000,NA,NA,NA
ExperienceX.exe,56308,0x216838E1150,DXGI,1,0,0,Composed: Flip,11959.4819,NA,15.69820000000000,NA,0.14900000000000,1.02870000000000,NA,11943.9179,15.7130,15.5640,0.1490,16.4290,0.1637,0.1637,0.0000,NA,NA,NA
ExperienceX.exe,56308,0x216838E1150,DXGI,1,0,0,Composed: Flip,11976.6046,NA,17.12270000000000,NA,0.07130000000000,3.63460000000000,NA,11959.6309,17.0450,16.9737,0.0713,20.2209,0.3874,0.3874,0.0000,NA,NA,NA
ExperienceX.exe,56308,0x216838E1150,DXGI,1,0,0,Composed: Flip,11992.8122,NA,16.20760000000000,NA,0.15260000000000,1.71890000000000,NA,11976.6759,16.2889,16.1363,0.1526,17.4412,0.4140,0.4077,0.0063,NA,NA,NA
ExperienceX.exe,56308,0x216838E1150,DXGI,1,0,0,Composed: Flip,12010.9958,NA,18.18360000000000,NA,0.29500000000000,2.72750000000000,NA,11992.9648,18.3260,18.0310,0.2950,19.9150,0.8435,0.8435,0.0000,NA,NA,NA
ExperienceX.exe,56308,0x216C7EA03E0,DXGI,1,0,0,Composed: Flip,11992.8222,NA,16.20800000000000,33.33200000000000,0.17060000000000,1.29490000000000,32.9548,11976.7642,16.2286,16.0580,0.1706,16.6471,0.7058,0.7058,0.0000,-0.3986,11976.7642,NA
ExperienceX.exe,56308,0x216C7EA03E0,DXGI,1,0,0,Composed: Flip,12011.6755,NA,18.85330000000000,NA,0.14720000000000,1.20430000000000,NA,11992.9928,18.8299,18.6827,0.1472,19.5020,0.3850,0.3850,0.0000,NA,NA,NA
ExperienceX.exe,56308,0x216C7EA03E0,DXGI,1,0,0,Composed: Flip,12025.9980,NA,14.32250000000000,NA,0.13840000000000,1.00510000000000,NA,12011.8227,14.3137,14.1753,0.1384,14.9910,0.1894,0.1894,0.0000,NA,NA,NA
ExperienceX.exe,56308,0x216C7EA03E0,DXGI,1,0,0,Composed: Flip,12043.7511,NA,17.75310000000000,49.99650000000000,0.19930000000000,1.78280000000000,32.0224,12026.1364,17.8140,17.6147,0.1993,17.3072,2.0903,2.0903,0.0000,-0.6243,12026.1364,NA
ExperienceX.exe,56308,0x216C7EA03E0,DXGI,1,0,0,Composed: Flip,12059.4079,NA,15.65680000000000,16.65810000000000,0.13400000000000,1.44810000000000,33.0237,12043.9504,15.5915,15.4575,0.1340,16.4888,0.4168,0.4108,0.0060,1.1559,12043.9504,NA
ExperienceX.exe,56308,0x216C829D570,DXGI,1,0,0,Composed: Flip,12011.0789,NA,18.26650000000000,33.13040000000000,0.07230000000000,1.41590000000000,31.3778,11992.9648,18.1864,18.1141,0.0723,17.4230,2.1070,2.1070,0.0000,0.2034,11992.9648,NA
ExperienceX.exe,56308,0x216C829D570,DXGI,1,0,0,Composed: Flip,12025.9979,NA,14.91900000000000,NA,0.13880000000000,0.81580000000000,NA,12011.1512,14.9855,14.8467,0.1388,2.5721,13.0904,1.6117,11.4787,NA,NA,NA
ExperienceX.exe,56308,0x216C829D570,DXGI,1,0,0,Composed: Flip,12044.0433,NA,18.04540000000000,NA,0.06490000000000,3.61710000000000,NA,12026.1367,17.9715,17.9066,0.0649,19.7778,1.7459,1.7412,0.0047,NA,NA,NA
ExperienceX.exe,56308,0x216C829D570,DXGI,1,0,0,Composed: Flip,12059.4091,NA,15.36580000000000,NA,0.13290000000000,0.65060000000000,NA,12044.1082,15.4338,15.3009,0.1329,15.4641,0.4874,0.4874,0.0000,NA,NA,NA
ExperienceX.exe,56308,0x216C829D570,DXGI,1,0,0,Composed: Flip,12076.8822,NA,17.47310000000000,NA,0.23260000000000,1.37710000000000,NA,12059.5420,17.5728,17.3402,0.2326,17.0117,1.7056,1.7056,0.0000,NA,NA,NA
ExperienceX.exe,56308,0x216C7EA03E0,DXGI,1,0,0,Composed: Flip,12077.0369,NA,17.62900000000000,16.67380000000000,0.18640000000000,3.73540000000000,32.0685,12059.5419,17.6814,17.4950,0.1864,19.8517,1.3787,1.3742,0.0045,-1.0823,12059.5419,NA
ExperienceX.exe,56308,0x216C7EA03E0,DXGI,1,0,0,Composed: Flip,12092.7122,NA,15.67530000000000,NA,0.22940000000000,1.30510000000000,NA,12077.2233,15.7183,15.4889,0.2294,16.3744,0.4196,0.4141,0.0055,NA,NA,NA
ExperienceX.exe,56308,0x216C829D570,DXGI,1,0,0,Composed: Flip,12092.6791,NA,15.79690000000000,83.33840000000001,0.05410000000000,0.91860000000000,33.1160,12077.1148,15.6184,15.5643,0.0541,16.0841,0.3988,0.3988,0.0000,0.8116,12077.1148,NA
ExperienceX.exe,56308,0x216C829D570,DXGI,1,0,0,Composed: Flip,12109.8876,NA,17.20850000000000,NA,0.14250000000000,2.67820000000000,NA,12092.7332,17.2969,17.1544,0.1425,19.4368,0.3958,0.3958,0.0000,NA,NA,NA
ExperienceX.exe,56308,0x216C7EA03E0,DXGI,1,0,0,Composed: Flip,12110.0237,NA,17.31150000000000,33.32830000000000,0.07740000000000,2.14630000000000,32.4100,12092.9416,17.1595,17.0821,0.0774,16.7660,2.4624,2.4624,0.0000,0.0714,12092.9416,NA
ExperienceX.exe,56308,0x216C7EA03E0,DXGI,1,0,0,Composed: Flip,12126.0865,NA,16.06280000000000,NA,0.16900000000000,1.39300000000000,NA,12110.1011,16.1544,15.9854,0.1690,17.0367,0.3417,0.3365,0.0052,NA,NA,NA
ExperienceX.exe,56308,0x216C829D570,DXGI,1,0,0,Composed: Flip,12126.0831,NA,16.19550000000000,33.45410000000000,0.11500000000000,1.05470000000000,33.1661,12110.0301,16.1680,16.0530,0.1150,16.8674,0.2403,0.2403,0.0000,-0.5388,12110.0301,NA
ExperienceX.exe,56308,0x216C829D570,DXGI,1,0,0,Composed: Flip,12143.4523,NA,17.36920000000000,NA,0.07460000000000,3.77990000000000,NA,12126.1981,17.3288,17.2542,0.0746,20.6393,0.3948,0.3948,0.0000,NA,NA,NA
ExperienceX.exe,56308,0x216C7EA03E0,DXGI,1,0,0,Composed: Flip,12143.4241,NA,17.33760000000000,33.33930000000000,0.11040000000000,3.02610000000000,32.3489,12126.2555,17.2790,17.1686,0.1104,16.7886,3.4061,3.4061,0.0000,-0.0254,12126.2555,NA
ExperienceX.exe,56308,0x216C7EA03E0,DXGI,1,0,0,Composed: Flip,12159.5566,NA,16.13250000000000,NA,0.14860000000000,1.07550000000000,NA,12143.5345,16.1707,16.0221,0.1486,16.7228,0.3748,0.3748,0.0000,NA,NA,NA
ExperienceX.exe,56308,0x216C7EA03E0,DXGI,1,0,0,Composed: Flip,12176.4144,NA,16.85780000000000,33.34750000000000,0.14890000000000,2.17510000000000,32.7061,12159.7052,16.8581,16.7092,0.1489,16.8025,2.0818,2.0818,0.0000,0.1022,12159.7052,NA
ExperienceX.exe,56308,0x216838E1150,DXGI,1,0,0,Composed: Flip,12025.9981,NA,15.00230000000000,100.00390000000000,0.13850000000000,1.41610000000000,33.1215,12011.2908,14.8458,14.7073,0.1385,15.7123,0.4111,0.4020,0.0091,1.1636,12011.2908,NA
ExperienceX.exe,56308,0x216838E1150,DXGI,1,0,0,Composed: Flip,12043.7249,NA,17.72680000000000,NA,0.33880000000000,2.18960000000000,NA,12026.1366,17.9271,17.5883,0.3388,19.3973,0.3806,0.3806,0.0000,NA,NA,NA
ExperienceX.exe,56308,0x216838E1150,DXGI,1,0,0,Composed: Flip,12059.4076,NA,15.68270000000000,NA,0.13460000000000,1.03160000000000,NA,12044.0637,15.4785,15.3439,0.1346,15.9960,0.3795,0.3795,0.0000,NA,NA,NA
ExperienceX.exe,56308,0x216838E1150,DXGI,1,0,0,Composed: Flip,12076.8760,NA,17.46840000000000,NA,0.41630000000000,2.51760000000000,NA,12059.5422,17.7501,17.3338,0.4163,18.7171,1.1343,1.1343,0.0000,NA,NA,NA
ExperienceX.exe,56308,0x216838E1150,DXGI,1,0,0,Composed: Flip,12092.6783,NA,15.80230000000000,NA,0.05490000000000,0.52060000000000,NA,12077.2923,15.4409,15.3860,0.0549,15.4437,0.4629,0.4629,0.0000,NA,NA,NA
ExperienceX.exe,56308,0x216838E1150,DXGI,1,0,0,Composed: Flip,12109.6133,NA,16.93500000000000,NA,0.69470000000000,3.36080000000000,NA,12092.7332,17.5748,16.8801,0.6947,19.8326,0.4083,0.4083,0.0000,NA,NA,NA
ExperienceX.exe,56308,0x216838E1150,DXGI,1,0,0,Composed: Flip,12126.0829,NA,16.46960000000000,NA,0.11520000000000,0.81460000000000,NA,12110.3080,15.8901,15.7749,0.1152,2.6661,13.9234,2.0507,11.8727,NA,NA,NA
ExperienceX.exe,56308,0x216838E1150,DXGI,1,0,0,Composed: Flip,12143.4666,NA,17.38370000000000,NA,0.06810000000000,3.37080000000000,NA,12126.1981,17.3366,17.2685,0.0681,20.2521,0.3872,0.3872,0.0000,NA,NA,NA
ExperienceX.exe,56308,0x216838E1150,DXGI,1,0,0,Composed: Flip,12159.5567,NA,16.09010000000000,NA,0.14890000000000,1.48330000000000,NA,12143.5347,16.1709,16.0220,0.1489,17.0974,0.4079,0.4032,0.0047,NA,NA,NA
ExperienceX.exe,56308,0x216838E1150,DXGI,1,0,0,Composed: Flip,12176.9848,NA,17.42810000000000,NA,0.06410000000000,4.36390000000000,NA,12159.7056,17.3433,17.2792,0.0641,19.2705,2.3726,2.3666,0.0060,NA,NA,NA
ExperienceX.exe,56308,0x216838E1150,DXGI,1,0,0,Composed: Flip,12192.9607,NA,15.97590000000000,NA,0.18160000000000,1.39460000000000,NA,12177.0489,16.0934,15.9118,0.1816,16.9245,0.3819,0.3819,0.0000,NA,NA,NA
ExperienceX.exe,56308,0x216C7EA03E0,DXGI,1,0,0,Composed: Flip,12192.9632,NA,16.54880000000000,16.66700000000000,0.27480000000000,1.01020000000000,32.8243,12176.5633,16.6747,16.3999,0.2748,16.6262,0.7839,0.7839,0.0000,0.1911,12176.5633,NA
ExperienceX.exe,56308,0x216C7EA03E0,DXGI,1,0,0,Composed: Flip,12209.7816,NA,16.81840000000000,NA,0.69530000000000,2.82900000000000,NA,12193.2380,17.2389,16.5436,0.6953,16.7907,2.5819,2.5819,0.0000,NA,NA,NA
ExperienceX.exe,56308,0x216838E1150,DXGI,1,0,0,Composed: Flip,12210.6789,NA,17.71820000000000,183.37740000000002,0.20620000000000,2.72690000000000,31.8181,12193.1423,17.7428,17.5366,0.2062,19.8634,0.4001,0.4001,0.0000,-1.5259,12193.1423,NA
ExperienceX.exe,56308,0x216838E1150,DXGI,1,0,0,Composed: Flip,12226.1642,NA,15.48530000000000,NA,0.19070000000000,1.07210000000000,NA,12210.8851,15.4698,15.2791,0.1907,16.3447,0.0065,0.0065,0.0000,NA,NA,NA
ExperienceX.exe,56308,0x216C7EA03E0,DXGI,1,0,0,Composed: Flip,12226.1702,NA,16.38860000000000,33.31840000000000,0.18440000000000,1.47430000000000,32.9357,12210.4769,15.8777,15.6933,0.1844,16.7594,0.4082,0.4001,0.0081,0.5952,12210.4769,NA
ExperienceX.exe,56308,0x216C7EA03E0,DXGI,1,0,0,Composed: Flip,12243.2072,NA,17.03700000000000,NA,0.43870000000000,3.01340000000000,NA,12226.3546,17.2913,16.8526,0.4387,19.4824,0.3836,0.3836,0.0000,NA,NA,NA
ExperienceX.exe,56308,0x216C7EA03E0,DXGI,1,0,0,Composed: Flip,12259.3846,NA,16.17740000000000,33.33940000000000,0.13920000000000,1.41130000000000,33.0607,12243.6459,15.8779,15.7387,0.1392,16.7296,0.4204,0.4151,0.0053,-0.1704,12243.6459,NA
ExperienceX.exe,56308,0x216C829D570,DXGI,1,0,0,Composed: Flip,12159.5571,NA,16.10480000000000,33.27240000000000,0.14850000000000,0.70020000000000,32.9645,12143.5269,16.1787,16.0302,0.1485,3.7053,13.0251,0.6252,12.3999,0.2244,12143.5269,NA
ExperienceX.exe,56308,0x216C829D570,DXGI,1,0,0,Composed: Flip,12176.9625,NA,17.40540000000000,NA,0.12660000000000,2.01360000000000,NA,12159.7056,17.3835,17.2569,0.1266,18.8839,0.3866,0.3866,0.0000,NA,NA,NA
ExperienceX.exe,56308,0x216C829D570,DXGI,1,0,0,Composed: Flip,12211.0941,NA,34.13160000000000,NA,0.06840000000000,1.91160000000000,NA,12177.0891,34.0734,34.0050,0.0684,35.5215,0.3951,0.3951,0.0000,NA,NA,NA
ExperienceX.exe,56308,0x216C829D570,DXGI,1,0,0,Composed: Flip,12226.1641,NA,15.07000000000000,NA,0.19080000000000,1.06570000000000,NA,12211.1625,15.1924,15.0016,0.1908,2.2433,13.8240,2.2416,11.5824,NA,NA,NA
ExperienceX.exe,56308,0x216C829D570,DXGI,1,0,0,Composed: Flip,12243.9389,NA,17.77480000000000,NA,0.18380000000000,2.79430000000000,NA,12226.3549,17.7678,17.5840,0.1838,19.8657,0.5126,0.5126,0.0000,NA,NA,NA
ExperienceX.exe,56308,0x216C829D570,DXGI,1,0,0,Composed: Flip,12276.7735,NA,32.83460000000000,NA,0.53000000000000,2.66280000000000,NA,12244.1227,33.1808,32.6508,0.5300,34.1441,1.1695,1.1695,0.0000,NA,NA,NA
ExperienceX.exe,56308,0x216838E1150,DXGI,1,0,0,Composed: Flip,12243.5384,NA,17.37420000000000,33.28130000000000,0.16460000000000,2.29860000000000,32.2399,12226.3549,17.3481,17.1835,0.1646,17.0096,2.4725,2.4725,0.0000,-0.0687,12226.3549,NA
ExperienceX.exe,56308,0x216838E1150,DXGI,1,0,0,Composed: Flip,12259.3849,NA,15.84650000000000,NA,0.13910000000000,0.99060000000000,NA,12243.7030,15.8210,15.6819,0.1391,16.2751,0.3974,0.3974,0.0000,NA,NA,NA
ExperienceX.exe,56308,0x216838E1150,DXGI,1,0,0,Composed: Flip,12277.3078,NA,17.92290000000000,NA,0.06900000000000,0.95900000000000,NA,12259.5240,17.8528,17.7838,0.0690,16.9950,1.7478,1.7478,0.0000,NA,NA,NA
ExperienceX.exe,56308,0x216838E1150,DXGI,1,0,0,Composed: Flip,12292.7674,NA,15.45960000000000,NA,0.14060000000000,1.08430000000000,NA,12277.3768,15.5312,15.3906,0.1406,16.0690,0.4059,0.4059,0.0000,NA,NA,NA
ExperienceX.exe,56308,0x0,Other,-1,0,0,Composed: Flip,10793.3769,NA,46.30660000000000,50.10800000000000,0.00000000000000,0.55150000000000,32.6165,10747.0703,46.3066,46.3066,0.0000,46.5032,0.3549,0.3549,0.0000,137.1143,10747.0703,NA
ExperienceX.exe,56308,0x0,Other,-1,0,0,Composed: Flip,10893.2091,NA,99.83220000000000,NA,0.00000000000000,0.86600000000000,NA,10793.3769,99.8322,99.8322,0.0000,100.3672,0.3310,0.3262,0.0048,NA,NA,NA
ExperienceX.exe,56308,0x0,Other,-1,0,0,Composed: Flip,11160.4206,NA,267.21150000000000,NA,0.00000000000000,0.94610000000000,NA,10893.2091,267.2115,267.2115,0.0000,267.8478,0.3098,0.3098,0.0000,NA,NA,NA
ExperienceX.exe,56308,0x0,Other,-1,0,0,Composed: Flip,11259.6477,NA,99.22710000000001,NA,0.00000000000000,0.85200000000000,NA,11160.4206,99.2271,99.2271,0.0000,99.7259,0.3532,0.3473,0.0059,NA,NA,NA
ExperienceX.exe,56308,0x0,Other,-1,0,0,Composed: Flip,11526.5709,NA,266.92320000000001,NA,0.00000000000000,0.80150000000000,NA,11259.6477,266.9232,266.9232,0.0000,267.3758,0.3489,0.3397,0.0092,NA,NA,NA
ExperienceX.exe,56308,0x0,Other,-1,0,0,Composed: Flip,12193.6860,NA,667.11509999999998,NA,0.00000000000000,1.07560000000000,NA,11526.5709,667.1151,667.1151,0.0000,667.7844,0.4063,0.3990,0.0073,NA,NA,NA
ExperienceX.exe,56308,0x0,Other,-1,0,0,Composed: Flip,12259.8273,NA,66.14130000000000,NA,0.00000000000000,0.15080000000000,NA,12193.6860,66.1413,66.1413,0.0000,53.0472,13.2449,1.2326,12.0123,NA,NA,NA
ExperienceX.exe,56308,0x216838E1150,DXGI,1,0,0,Composed: Flip,12309.9899,NA,17.22250000000000,66.71140000000000,0.12370000000000,1.86060000000000,32.4998,12292.9080,17.2056,17.0819,0.1237,16.8192,2.1233,2.1233,0.0000,-0.1583,12292.9080,NA
ExperienceX.exe,56308,0x216838E1150,DXGI,1,0,0,Composed: Flip,12326.5737,NA,16.58380000000000,NA,0.22200000000000,0.64430000000000,NA,12310.1136,16.6821,16.4601,0.2220,16.6288,0.4756,0.4756,0.0000,NA,NA,NA
ExperienceX.exe,56308,0x216838E1150,DXGI,1,0,0,Composed: Flip,12343.5936,NA,17.01990000000000,33.28590000000000,0.30900000000000,1.72330000000000,32.1820,12326.7957,17.1069,16.7979,0.3090,16.4005,2.1207,2.1207,0.0000,0.6018,12326.7957,NA
ExperienceX.exe,56308,0x216838E1150,DXGI,1,0,0,Composed: Flip,12359.3265,NA,15.73290000000000,16.66430000000000,0.13660000000000,1.70940000000000,33.1134,12343.9026,15.5605,15.4239,0.1366,16.7342,0.3991,0.3955,0.0036,0.4426,12343.9026,NA
ExperienceX.exe,56308,0x216C7EA03E0,DXGI,1,0,0,Composed: Flip,12277.2577,NA,17.87310000000000,16.68830000000000,0.19220000000000,3.60290000000000,31.8759,12259.5238,17.9261,17.7339,0.1922,19.9125,1.4243,1.4193,0.0050,-0.8104,12259.5238,NA
ExperienceX.exe,56308,0x216C7EA03E0,DXGI,1,0,0,Composed: Flip,12292.7673,NA,15.50960000000000,NA,0.14070000000000,0.67850000000000,NA,12277.4499,15.4581,15.3174,0.1407,15.5071,0.4888,0.4888,0.0000,NA,NA,NA
ExperienceX.exe,56308,0x216C7EA03E0,DXGI,1,0,0,Composed: Flip,12310.2567,NA,17.48940000000000,NA,0.08120000000000,1.98800000000000,NA,12292.9080,17.4299,17.3487,0.0812,18.9425,0.3942,0.3942,0.0000,NA,NA,NA
ExperienceX.exe,56308,0x216C7EA03E0,DXGI,1,0,0,Composed: Flip,12326.5743,NA,16.31760000000000,NA,0.24190000000000,1.05880000000000,NA,12310.3379,16.4783,16.2364,0.2419,16.8801,0.4151,0.4151,0.0000,NA,NA,NA
ExperienceX.exe,56308,0x216C7EA03E0,DXGI,1,0,0,Composed: Flip,12343.8106,NA,17.23630000000000,NA,0.09140000000000,4.42530000000000,NA,12326.8162,17.0858,16.9944,0.0914,18.8996,2.5201,2.5168,0.0033,NA,NA,NA
ExperienceX.exe,56308,0x216C7EA03E0,DXGI,1,0,0,Composed: Flip,12359.3264,NA,15.51580000000000,NA,0.13640000000000,0.61050000000000,NA,12343.9020,15.5608,15.4244,0.1364,15.5479,0.4870,0.4870,0.0000,NA,NA,NA
ExperienceX.exe,56308,0x216C7EA03E0,DXGI,1,0,0,Composed: Flip,12377.2840,NA,17.95760000000000,NA,0.19140000000000,2.51740000000000,NA,12359.4628,18.0126,17.8212,0.1914,19.9468,0.3918,0.3918,0.0000,NA,NA,NA
ExperienceX.exe,56308,0x216C829D570,DXGI,1,0,0,Composed: Flip,12292.7676,NA,15.99410000000000,133.41340000000000,0.14040000000000,1.50220000000000,33.1674,12277.3035,15.6045,15.4641,0.1404,16.5482,0.4181,0.4121,0.0060,0.3632,12277.3035,NA
ExperienceX.exe,56308,0x216C829D570,DXGI,1,0,0,Composed: Flip,12310.2310,NA,17.46340000000000,NA,0.10690000000000,4.58580000000000,NA,12292.9080,17.4299,17.3230,0.1069,19.3367,2.5721,2.5086,0.0635,NA,NA,NA
ExperienceX.exe,56308,0x216C829D570,DXGI,1,0,0,Composed: Flip,12343.5582,NA,33.32720000000000,NA,0.30310000000000,2.15760000000000,NA,12310.3379,33.5234,33.2203,0.3031,34.9790,0.3989,0.3989,0.0000,NA,NA,NA
ExperienceX.exe,56308,0x216C829D570,DXGI,1,0,0,Composed: Flip,12359.3268,NA,15.76860000000000,NA,0.13750000000000,1.31000000000000,NA,12343.8613,15.6030,15.4655,0.1375,16.0756,0.6999,0.6999,0.0000,NA,NA,NA
ExperienceX.exe,56308,0x216C829D570,DXGI,1,0,0,Composed: Flip,12377.1353,NA,17.80850000000000,NA,0.07190000000000,5.46160000000000,NA,12359.4643,17.7429,17.6710,0.0719,20.3371,2.7955,2.7895,0.0060,NA,NA,NA
ExperienceX.exe,56308,0x216C829D570,DXGI,1,0,0,Composed: Flip,12392.6880,NA,15.55270000000000,NA,0.16070000000000,1.74840000000000,NA,12377.2072,15.6415,15.4808,0.1607,16.8164,0.4128,0.4061,0.0067,NA,NA,NA
ExperienceX.exe,56308,0x216838E1150,DXGI,1,0,0,Composed: Flip,12376.6552,NA,17.32870000000000,16.65700000000000,0.15080000000000,2.75440000000000,32.4417,12359.4631,17.3429,17.1921,0.1508,16.9428,3.0037,2.8918,0.1119,-1.0965,12359.4631,NA
ExperienceX.exe,56308,0x216838E1150,DXGI,1,0,0,Composed: Flip,12392.6865,NA,16.03130000000000,NA,0.14280000000000,1.33710000000000,NA,12376.8060,16.0233,15.8805,0.1428,16.8150,0.4026,0.4026,0.0000,NA,NA,NA
ExperienceX.exe,56308,0x216838E1150,DXGI,1,0,0,Composed: Flip,12409.6352,NA,16.94870000000000,NA,0.11080000000000,3.49770000000000,NA,12392.8293,16.9167,16.8059,0.1108,19.8760,0.4276,0.4276,0.0000,NA,NA,NA
ExperienceX.exe,56308,0x216C829D570,DXGI,1,0,0,Composed: Flip,12409.6407,NA,16.95270000000000,116.69100000000000,0.10830000000000,2.66550000000000,32.9853,12392.8487,16.9003,16.7920,0.1083,16.9551,2.5024,2.5024,0.0000,-1.1458,12392.8487,NA
ExperienceX.exe,56308,0x216C829D570,DXGI,1,0,0,Composed: Flip,12426.2353,NA,16.59460000000000,NA,0.17900000000000,1.49060000000000,NA,12409.7490,16.6653,16.4863,0.1790,17.5699,0.4070,0.3997,0.0073,NA,NA,NA
ExperienceX.exe,56308,0x216838E1150,DXGI,1,0,0,Composed: Flip,12426.4317,NA,16.79650000000000,50.00970000000000,0.06050000000000,0.88720000000000,32.6749,12409.7460,16.7462,16.6857,0.0605,17.2465,0.3264,0.3264,0.0000,0.2732,12409.7460,NA
ExperienceX.exe,56308,0x216838E1150,DXGI,1,0,0,Composed: Flip,12443.9315,NA,17.49980000000000,NA,0.13630000000000,2.44350000000000,NA,12426.4922,17.5756,17.4393,0.1363,19.5041,0.3787,0.3787,0.0000,NA,NA,NA
ExperienceX.exe,56308,0x216C829D570,DXGI,1,0,0,Composed: Flip,12443.6742,NA,17.43890000000000,33.12410000000000,0.39550000000000,2.32210000000000,32.0759,12426.4143,17.6554,17.2599,0.3955,17.0101,2.5719,2.5719,0.0000,0.4415,12426.4143,NA
ExperienceX.exe,56308,0x216C829D570,DXGI,1,0,0,Composed: Flip,12459.3595,NA,15.68530000000000,NA,0.11990000000000,1.45560000000000,NA,12444.0697,15.4097,15.2898,0.1199,16.3363,0.4091,0.4035,0.0056,NA,NA,NA
ExperienceX.exe,56308,0x216C829D570,DXGI,1,0,0,Composed: Flip,12476.8348,NA,17.47530000000000,33.42350000000000,0.13020000000000,1.76570000000000,32.3388,12459.4794,17.4856,17.3554,0.1302,16.9118,2.2093,2.2093,0.0000,-0.3584,12459.4794,NA
ExperienceX.exe,56308,0x216C7EA03E0,DXGI,1,0,0,Composed: Flip,12392.6881,NA,15.40410000000000,116.77450000000000,0.16050000000000,0.93290000000000,33.2200,12377.4754,15.3732,15.2127,0.1605,15.3477,0.7979,0.7979,0.0000,1.1771,12377.4754,NA
ExperienceX.exe,56308,0x216C7EA03E0,DXGI,1,0,0,Composed: Flip,12409.6349,NA,16.94680000000000,NA,0.11510000000000,3.07040000000000,NA,12392.8486,16.9014,16.7863,0.1151,19.4576,0.3991,0.3991,0.0000,NA,NA,NA
ExperienceX.exe,56308,0x216C7EA03E0,DXGI,1,0,0,Composed: Flip,12426.2347,NA,16.59980000000000,NA,0.17930000000000,0.75780000000000,NA,12409.7500,16.6640,16.4847,0.1793,3.3829,13.8596,1.8874,11.9722,NA,NA,NA
ExperienceX.exe,56308,0x216C7EA03E0,DXGI,1,0,0,Composed: Flip,12443.6738,NA,17.43910000000000,NA,0.39420000000000,3.08830000000000,NA,12426.4140,17.6540,17.2598,0.3942,19.9610,0.3871,0.3871,0.0000,NA,NA,NA
ExperienceX.exe,56308,0x216C7EA03E0,DXGI,1,0,0,Composed: Flip,12459.3596,NA,15.68580000000000,NA,0.11990000000000,1.04640000000000,NA,12444.0680,15.4115,15.2916,0.1199,15.9047,0.4333,0.4333,0.0000,NA,NA,NA
ExperienceX.exe,56308,0x216C7EA03E0,DXGI,1,0,0,Composed: Flip,12476.8342,NA,17.47460000000000,NA,0.13060000000000,4.00760000000000,NA,12459.4795,17.4853,17.3547,0.1306,19.5108,1.8515,1.8515,0.0000,NA,NA,NA
ExperienceX.exe,56308,0x216C7EA03E0,DXGI,1,0,0,Composed: Flip,12493.1343,NA,16.30010000000000,NA,0.21470000000000,1.31520000000000,NA,12476.9648,16.3842,16.1695,0.2147,17.0623,0.4224,0.4224,0.0000,NA,NA,NA
ExperienceX.exe,56308,0x216C829D570,DXGI,1,0,0,Composed: Flip,12492.9089,NA,16.07410000000000,16.60280000000000,0.20360000000000,1.11820000000000,32.8675,12476.9650,16.1475,15.9439,0.2036,3.8768,13.1853,0.9413,12.2440,0.8828,12476.9650,NA
ExperienceX.exe,56308,0x216C829D570,DXGI,1,0,0,Composed: Flip,12510.4563,NA,17.54740000000000,NA,0.16490000000000,2.96710000000000,NA,12493.1125,17.5087,17.3438,0.1649,19.4543,0.8566,0.8566,0.0000,NA,NA,NA
ExperienceX.exe,56308,0x216C7EA03E0,DXGI,1,0,0,Composed: Flip,12510.4938,NA,17.35950000000000,116.56330000000001,0.12780000000000,1.65560000000000,31.9776,12493.3490,17.2726,17.1448,0.1278,16.5795,2.2209,2.2209,0.0000,-0.6897,12493.3490,NA
ExperienceX.exe,56308,0x216C7EA03E0,DXGI,1,0,0,Composed: Flip,12526.0259,NA,15.53210000000000,NA,0.14010000000000,1.52030000000000,NA,12510.6216,15.5444,15.4043,0.1401,16.4868,0.4378,0.4323,0.0055,NA,NA,NA
ExperienceX.exe,56308,0x216C829D570,DXGI,1,0,0,Composed: Flip,12526.0262,NA,15.56990000000000,33.37900000000000,0.13990000000000,1.08220000000000,33.1292,12510.6212,15.5449,15.4050,0.1399,16.0644,0.4228,0.4228,0.0000,0.2772,12510.6212,NA
ExperienceX.exe,56308,0x216C829D570,DXGI,1,0,0,Composed: Flip,12543.8496,NA,17.82340000000000,NA,0.11710000000000,1.20900000000000,NA,12526.1661,17.8006,17.6835,0.1171,17.0957,1.7968,1.7968,0.0000,NA,NA,NA
ExperienceX.exe,56308,0x216C7EA03E0,DXGI,1,0,0,Composed: Flip,12543.8501,NA,17.82420000000000,33.30550000000000,0.11670000000000,3.42410000000000,31.9268,12526.1660,17.8008,17.6841,0.1167,18.8926,2.2156,2.2156,0.0000,-0.4885,12526.1660,NA
ExperienceX.exe,56308,0x216C7EA03E0,DXGI,1,0,0,Composed: Flip,12559.5255,NA,15.67540000000000,NA,0.21480000000000,1.16120000000000,NA,12543.9668,15.7735,15.5587,0.2148,16.2316,0.4883,0.4883,0.0000,NA,NA,NA
ExperienceX.exe,56308,0x216C7EA03E0,DXGI,1,0,0,Composed: Flip,12577.1577,NA,17.63220000000000,33.40390000000000,0.11920000000000,1.57030000000000,32.0231,12559.7403,17.5366,17.4174,0.1192,16.7866,2.2011,2.2011,0.0000,0.1704,12559.7403,NA
ExperienceX.exe,56308,0x216838E1150,DXGI,1,0,0,Composed: Flip,12459.3605,NA,15.42900000000000,33.34410000000000,0.11890000000000,0.61220000000000,33.0902,12444.0678,15.4116,15.2927,0.1189,2.6943,13.2106,1.3216,11.8890,0.9777,12444.0678,NA
ExperienceX.exe,56308,0x216838E1150,DXGI,1,0,0,Composed: Flip,12476.9042,NA,17.54370000000000,NA,0.11760000000000,2.08610000000000,NA,12459.4794,17.5424,17.4248,0.1176,19.1211,0.3898,0.3898,0.0000,NA,NA,NA
ExperienceX.exe,56308,0x216838E1150,DXGI,1,0,0,Composed: Flip,12492.9382,NA,16.03400000000000,NA,0.23650000000000,1.92630000000000,NA,12477.0218,16.1529,15.9164,0.2365,17.4277,0.4150,0.4093,0.0057,NA,NA,NA
ExperienceX.exe,56308,0x216838E1150,DXGI,1,0,0,Composed: Flip,12510.4763,NA,17.53810000000000,NA,0.14530000000000,2.09050000000000,NA,12493.1747,17.4469,17.3016,0.1453,18.9747,0.4174,0.4174,0.0000,NA,NA,NA
ExperienceX.exe,56308,0x216838E1150,DXGI,1,0,0,Composed: Flip,12526.0263,NA,15.55000000000000,NA,0.13980000000000,0.65930000000000,NA,12510.6216,15.5445,15.4047,0.1398,2.8018,13.2622,1.1522,12.1100,NA,NA,NA
ExperienceX.exe,56308,0x216838E1150,DXGI,1,0,0,Composed: Flip,12543.8123,NA,17.78600000000000,NA,0.19580000000000,3.87010000000000,NA,12526.1661,17.8420,17.6462,0.1958,21.1081,0.4082,0.4034,0.0048,NA,NA,NA
ExperienceX.exe,56308,0x216838E1150,DXGI,1,0,0,Composed: Flip,12559.5208,NA,15.70850000000000,NA,0.21150000000000,0.67760000000000,NA,12544.0081,15.7242,15.5127,0.2115,15.6764,0.5139,0.5139,0.0000,NA,NA,NA
ExperienceX.exe,56308,0x216838E1150,DXGI,1,0,0,Composed: Flip,12577.0913,NA,17.57050000000000,NA,0.07870000000000,5.25010000000000,NA,12559.7323,17.4377,17.3590,0.0787,19.3939,3.2152,3.2109,0.0043,NA,NA,NA
ExperienceX.exe,56308,0x216838E1150,DXGI,1,0,0,Composed: Flip,12593.1817,NA,16.09040000000000,NA,0.31730000000000,1.89980000000000,NA,12577.1700,16.3290,16.0117,0.3173,16.3458,1.5657,1.4953,0.0704,NA,NA,NA
ExperienceX.exe,56308,0x216C829D570,DXGI,1,0,0,Composed: Flip,12559.5212,NA,15.67160000000000,33.42710000000000,0.21110000000000,1.52250000000000,33.0613,12543.9667,15.7656,15.5545,0.2111,16.7200,0.3570,0.3489,0.0081,-0.0816,12543.9667,NA
ExperienceX.exe,56308,0x216C829D570,DXGI,1,0,0,Composed: Flip,12577.0933,NA,17.57210000000000,NA,0.16690000000000,2.03290000000000,NA,12559.7323,17.5279,17.3610,0.1669,18.9957,0.3982,0.3982,0.0000,NA,NA,NA
ExperienceX.exe,56308,0x216C829D570,DXGI,1,0,0,Composed: Flip,12593.2374,NA,16.14410000000000,NA,0.30140000000000,2.66120000000000,NA,12577.2602,16.2786,15.9772,0.3014,18.2263,0.4121,0.4065,0.0056,NA,NA,NA
ExperienceX.exe,56308,0x216C829D570,DXGI,1,0,0,Composed: Flip,12610.1065,NA,16.86910000000000,NA,0.37420000000000,7.52130000000000,NA,12593.5388,16.9419,16.5677,0.3742,20.4645,3.6245,3.6203,0.0042,NA,NA,NA
ExperienceX.exe,56308,0x216C7EA03E0,DXGI,1,0,0,Composed: Flip,12593.1816,NA,16.02390000000000,16.63020000000000,0.31570000000000,2.30490000000000,32.6294,12577.2769,16.2204,15.9047,0.3157,17.8046,0.4050,0.4050,0.0000,0.9064,12577.2769,NA
ExperienceX.exe,56308,0x216C7EA03E0,DXGI,1,0,0,Composed: Flip,12611.5360,NA,18.35440000000000,NA,0.18120000000000,2.46730000000000,NA,12593.4973,18.2199,18.0387,0.1812,20.0894,0.4166,0.4166,0.0000,NA,NA,NA
ExperienceX.exe,56308,0x216838E1150,DXGI,1,0,0,Composed: Flip,12610.1059,NA,16.92420000000000,150.11300000000000,0.30470000000000,3.48080000000000,32.4578,12593.4990,16.9116,16.6069,0.3047,17.0988,2.9889,2.9605,0.0284,-0.6818,12593.4990,NA
ExperienceX.exe,56308,0x216838E1150,DXGI,1,0,0,Composed: Flip,12643.7207,NA,33.61480000000000,NA,0.14880000000000,2.15700000000000,NA,12610.4106,33.4589,33.3101,0.1488,35.0484,0.4187,0.4187,0.0000,NA,NA,NA
ExperienceX.exe,56308,0x216C7EA03E0,DXGI,1,0,0,Composed: Flip,12643.7214,NA,32.18540000000000,49.95930000000000,0.14810000000000,1.73760000000000,32.0489,12611.7172,32.1523,32.0042,0.1481,31.5477,2.1941,2.1941,0.0000,-15.5190,12611.7172,NA
ExperienceX.exe,56308,0x216C7EA03E0,DXGI,1,0,0,Composed: Flip,12659.3248,NA,15.60340000000000,NA,0.21300000000000,1.33410000000000,NA,12643.8695,15.6683,15.4553,0.2130,16.0591,0.7303,0.7303,0.0000,NA,NA,NA
ExperienceX.exe,56308,0x216C7EA03E0,DXGI,1,0,0,Composed: Flip,12676.8421,NA,17.51730000000000,33.33600000000000,0.09620000000000,1.83130000000000,32.2642,12659.5378,17.4005,17.3043,0.0962,16.9500,2.1856,2.1856,0.0000,14.4846,12659.5378,NA
ExperienceX.exe,56308,0x216838E1150,DXGI,1,0,0,Composed: Flip,12659.3144,NA,15.59370000000000,49.86400000000000,0.11000000000000,1.77540000000000,33.1133,12643.8695,15.5549,15.4449,0.1100,16.7894,0.4309,0.4237,0.0072,0.5065,12643.8695,NA
ExperienceX.exe,56308,0x216838E1150,DXGI,1,0,0,Composed: Flip,12676.7266,NA,17.41220000000000,NA,0.30560000000000,2.36530000000000,NA,12659.4244,17.6078,17.3022,0.3056,19.2490,0.4185,0.4185,0.0000,NA,NA,NA
ExperienceX.exe,56308,0x216838E1150,DXGI,1,0,0,Composed: Flip,12692.6554,NA,15.92880000000000,NA,0.17860000000000,2.00610000000000,NA,12677.0322,15.8018,15.6232,0.1786,17.2083,0.4210,0.4210,0.0000,NA,NA,NA
ExperienceX.exe,56308,0x216838E1150,DXGI,1,0,0,Composed: Flip,12710.2938,NA,17.63840000000000,50.21070000000000,0.09010000000000,1.68230000000000,32.3446,12692.8340,17.5499,17.4598,0.0901,16.9549,2.1872,2.1872,0.0000,-1.2462,12692.8340,NA
ExperienceX.exe,56308,0x216C7EA03E0,DXGI,1,0,0,Composed: Flip,12692.6551,NA,15.81300000000000,16.90720000000000,0.37980000000000,1.58540000000000,33.3584,12676.9383,16.0966,15.7168,0.3798,15.8892,1.4130,1.4130,0.0000,0.4933,12676.9383,NA
ExperienceX.exe,56308,0x216C7EA03E0,DXGI,1,0,0,Composed: Flip,12710.2433,NA,17.58820000000000,NA,0.08870000000000,4.64410000000000,NA,12693.0349,17.2971,17.2084,0.0887,19.3574,2.4951,2.4889,0.0062,NA,NA,NA
ExperienceX.exe,56308,0x216C7EA03E0,DXGI,1,0,0,Composed: Flip,12726.5243,NA,16.28100000000000,NA,0.23160000000000,1.50240000000000,NA,12710.3320,16.4239,16.1923,0.2316,17.2747,0.4200,0.4200,0.0000,NA,NA,NA
ExperienceX.exe,56308,0x216838E1150,DXGI,1,0,0,Composed: Flip,12726.5242,NA,16.23040000000000,16.54160000000000,0.26830000000000,1.91150000000000,32.6558,12710.3839,16.4086,16.1403,0.2683,17.6428,0.4090,0.4025,0.0065,1.0083,12710.3839,NA
ExperienceX.exe,56308,0x216838E1150,DXGI,1,0,0,Composed: Flip,12744.4138,NA,17.88960000000000,NA,0.19580000000000,4.08960000000000,NA,12726.7925,17.8171,17.6213,0.1958,19.8004,1.9105,1.9044,0.0061,NA,NA,NA
ExperienceX.exe,56308,0x216C829D570,DXGI,1,0,0,Composed: Flip,12626.1004,NA,15.99390000000000,66.51560000000001,0.17890000000000,0.96470000000000,32.9977,12610.4807,15.7986,15.6197,0.1789,15.7682,0.8162,0.8162,0.0000,-0.0016,12610.4807,NA
ExperienceX.exe,56308,0x216C829D570,DXGI,1,0,0,Composed: Flip,12643.4842,NA,17.38380000000000,NA,0.38530000000000,4.24990000000000,NA,12626.2793,17.5902,17.2049,0.3853,19.5984,1.8564,1.8524,0.0040,NA,NA,NA
ExperienceX.exe,56308,0x216C829D570,DXGI,1,0,0,Composed: Flip,12659.3132,NA,15.82900000000000,NA,0.11130000000000,0.61540000000000,NA,12643.8695,15.5550,15.4437,0.1113,15.5711,0.4880,0.4880,0.0000,NA,NA,NA
ExperienceX.exe,56308,0x216C829D570,DXGI,1,0,0,Composed: Flip,12676.9651,NA,17.65190000000000,NA,0.05200000000000,4.58940000000000,NA,12659.4245,17.5926,17.5406,0.0520,19.6674,2.4626,2.4565,0.0061,NA,NA,NA
ExperienceX.exe,56308,0x216C829D570,DXGI,1,0,0,Composed: Flip,12692.6548,NA,15.68970000000000,NA,0.17920000000000,2.41990000000000,NA,12677.0171,15.8169,15.6377,0.1792,17.6444,0.4132,0.4055,0.0077,NA,NA,NA
ExperienceX.exe,56308,0x216C829D570,DXGI,1,0,0,Composed: Flip,12710.2199,NA,17.56510000000000,NA,0.11210000000000,2.17240000000000,NA,12692.8340,17.4980,17.3859,0.1121,19.1421,0.4162,0.4162,0.0000,NA,NA,NA
ExperienceX.exe,56308,0x216C829D570,DXGI,1,0,0,Composed: Flip,12726.5244,NA,16.30450000000000,NA,0.23160000000000,1.08230000000000,NA,12710.3320,16.4240,16.1924,0.2316,16.4402,0.8345,0.8345,0.0000,NA,NA,NA
ExperienceX.exe,56308,0x216C829D570,DXGI,1,0,0,Composed: Flip,12744.4276,NA,17.90320000000000,NA,0.18600000000000,2.16530000000000,NA,12726.7560,17.8576,17.6716,0.1860,19.6398,0.1971,0.1971,0.0000,NA,NA,NA
ExperienceX.exe,56308,0x216C829D570,DXGI,1,0,0,Composed: Flip,12759.6028,NA,15.17520000000000,NA,0.13750000000000,1.51100000000000,NA,12744.6136,15.1267,14.9892,0.1375,16.1441,0.3561,0.3506,0.0055,NA,NA,NA
ExperienceX.exe,56308,0x216838E1150,DXGI,1,0,0,Composed: Flip,12759.6589,NA,15.24510000000000,33.35820000000000,0.25650000000000,1.09880000000000,32.8793,12744.6096,15.3058,15.0493,0.2565,15.6954,0.4527,0.4527,0.0000,0.8675,12744.6096,NA
ExperienceX.exe,56308,0x216838E1150,DXGI,1,0,0,Composed: Flip,12777.2875,NA,17.62860000000000,NA,0.10840000000000,2.06340000000000,NA,12759.9154,17.4805,17.3721,0.1084,19.0196,0.4159,0.4159,0.0000,NA,NA,NA
ExperienceX.exe,56308,0x216838E1150,DXGI,1,0,0,Composed: Flip,12793.0899,NA,15.80240000000000,33.45990000000000,0.14180000000000,1.42740000000000,32.9082,12777.3959,15.8358,15.6940,0.1418,16.0061,1.1153,1.1153,0.0000,-0.6736,12777.3959,NA
ExperienceX.exe,56308,0x216838E1150,DXGI,1,0,0,Composed: Flip,12812.9341,NA,19.84420000000000,16.49920000000000,0.08500000000000,1.39150000000000,29.5632,12793.2317,19.7874,19.7024,0.0850,18.1130,2.9809,2.9809,0.0000,-0.6634,12793.2317,NA
ExperienceX.exe,56308,0x216838E1150,DXGI,1,0,0,Composed: Flip,12826.5647,NA,13.63060000000000,16.64710000000000,0.20260000000000,1.34100000000000,32.5797,12813.0191,13.7482,13.5456,0.2026,2.4686,12.4180,2.2368,10.1812,3.1403,12813.0191,NA
ExperienceX.exe,56308,0x0,Other,-1,0,0,Composed: Flip,12327.1236,NA,67.29630000000000,1533.10580000000004,0.00000000000000,0.96090000000000,31.9756,12259.8273,67.2963,67.2963,0.0000,67.8058,0.4514,0.4432,0.0082,-20.3488,12259.8273,NA
ExperienceX.exe,56308,0x0,Other,-1,0,0,Composed: Flip,12626.6082,NA,299.48460000000000,NA,0.00000000000000,0.89280000000000,NA,12327.1236,299.4846,299.4846,0.0000,299.9415,0.4359,0.4359,0.0000,NA,NA,NA
ExperienceX.exe,56308,0x0,Other,-1,0,0,Composed: Flip,12626.7881,NA,0.17990000000000,NA,0.00000000000000,1.16160000000000,NA,12626.6082,0.1799,0.1799,0.0000,0.8928,0.4487,0.4339,0.0148,NA,NA,NA
ExperienceX.exe,56308,0x216838E1150,DXGI,1,0,0,Composed: Flip,12843.7406,NA,17.17590000000000,16.60720000000000,0.11870000000000,2.51380000000000,32.0110,12826.7673,17.0920,16.9733,0.1187,16.6056,2.8815,2.8815,0.0000,-2.8590,12826.7673,NA
ExperienceX.exe,56308,0x216838E1150,DXGI,1,0,0,Composed: Flip,12859.4584,NA,15.71780000000000,NA,0.11140000000000,0.96860000000000,NA,12843.8593,15.7105,15.5991,0.1114,15.7256,0.8421,0.8421,0.0000,NA,NA,NA
ExperienceX.exe,56308,0x216C829D570,DXGI,1,0,0,Composed: Flip,12777.2633,NA,17.66050000000000,150.15410000000000,0.16530000000000,1.67170000000000,31.9889,12759.7403,17.6883,17.5230,0.1653,16.9890,2.2057,2.2057,0.0000,-0.8945,12759.7403,NA
ExperienceX.exe,56308,0x216C829D570,DXGI,1,0,0,Composed: Flip,12793.0889,NA,15.82560000000000,NA,0.14210000000000,1.93010000000000,NA,12777.4286,15.8024,15.6603,0.1421,17.3766,0.2138,0.2037,0.0101,NA,NA,NA
ExperienceX.exe,56308,0x216C829D570,DXGI,1,0,0,Composed: Flip,12812.2835,NA,19.19460000000000,NA,0.48740000000000,3.20420000000000,NA,12793.2310,19.5399,19.0525,0.4874,21.3130,0.9437,0.9437,0.0000,NA,NA,NA
ExperienceX.exe,56308,0x216C829D570,DXGI,1,0,0,Composed: Flip,12826.5795,NA,14.29600000000000,NA,0.21090000000000,2.12870000000000,NA,12812.7709,14.0195,13.8086,0.2109,15.5186,0.4187,0.4035,0.0152,NA,NA,NA
ExperienceX.exe,56308,0x216C829D570,DXGI,1,0,0,Composed: Flip,12843.8397,NA,17.26020000000000,NA,0.08940000000000,5.75370000000000,NA,12826.7904,17.1387,17.0493,0.0894,19.9305,2.8725,2.8630,0.0095,NA,NA,NA
ExperienceX.exe,56308,0x216C829D570,DXGI,1,0,0,Composed: Flip,12859.4589,NA,15.61920000000000,NA,0.14420000000000,1.77410000000000,NA,12843.9291,15.6740,15.5298,0.1442,16.8778,0.4261,0.4207,0.0054,NA,NA,NA
ExperienceX.exe,56308,0x216C829D570,DXGI,1,0,0,Composed: Flip,12876.7326,NA,17.27370000000000,NA,0.08530000000000,4.01560000000000,NA,12859.6031,17.2148,17.1295,0.0853,20.7365,0.4086,0.4086,0.0000,NA,NA,NA
ExperienceX.exe,56308,0x216838E1150,DXGI,1,0,0,Composed: Flip,12876.4804,NA,17.02200000000000,33.37940000000000,0.17830000000000,3.45810000000000,32.6506,12859.5698,17.0889,16.9106,0.1783,16.7717,3.5970,3.5970,0.0000,-0.5769,12859.5698,NA
ExperienceX.exe,56308,0x216838E1150,DXGI,1,0,0,Composed: Flip,12892.7597,NA,16.27930000000000,NA,0.10160000000000,1.46160000000000,NA,12876.6587,16.2026,16.1010,0.1016,17.1350,0.4276,0.4226,0.0050,NA,NA,NA
ExperienceX.exe,56308,0x0,Other,-1,0,0,Composed: Flip,12859.8748,NA,233.08670000000001,533.34100000000001,0.00000000000000,0.93210000000000,32.5654,12626.7881,233.0867,233.0867,0.0000,233.6389,0.3799,0.3799,0.0000,-166.3802,12626.7881,NA
ExperienceX.exe,56308,0x216C829D570,DXGI,1,0,0,Composed: Flip,12892.7604,NA,16.02780000000000,116.52080000000001,0.10170000000000,0.61730000000000,33.0126,12876.8179,16.0442,15.9425,0.1017,3.9303,12.6295,0.5686,12.0609,0.5568,12876.8179,NA
ExperienceX.exe,56308,0x216C829D570,DXGI,1,0,0,Composed: Flip,12910.2766,NA,17.51620000000000,NA,0.69550000000000,3.59160000000000,NA,12892.8621,18.1100,17.4145,0.6955,20.5906,0.4155,0.4155,0.0000,NA,NA,NA
ExperienceX.exe,56308,0x216C7EA03E0,DXGI,1,0,0,Composed: Flip,12744.3913,NA,17.86700000000000,49.82740000000000,0.60210000000000,2.00450000000000,31.4496,12726.7559,18.2375,17.6354,0.6021,17.2217,2.4182,2.4182,0.0000,-0.0098,12726.7559,NA
ExperienceX.exe,56308,0x216C7EA03E0,DXGI,1,0,0,Composed: Flip,12759.6022,NA,15.21090000000000,NA,0.13810000000000,0.70280000000000,NA,12744.9934,14.7469,14.6088,0.1381,14.7672,0.5444,0.5444,0.0000,NA,NA,NA
ExperienceX.exe,56308,0x216C7EA03E0,DXGI,1,0,0,Composed: Flip,12777.0297,NA,17.42750000000000,NA,0.37460000000000,4.81630000000000,NA,12759.7403,17.6640,17.2894,0.3746,19.6106,2.4951,2.4882,0.0069,NA,NA,NA
ExperienceX.exe,56308,0x216C7EA03E0,DXGI,1,0,0,Composed: Flip,12793.0891,NA,16.05940000000000,NA,0.14190000000000,1.71610000000000,NA,12777.4043,15.8267,15.6848,0.1419,17.1130,0.2879,0.2879,0.0000,NA,NA,NA
ExperienceX.exe,56308,0x216C7EA03E0,DXGI,1,0,0,Composed: Flip,12812.2356,NA,19.14650000000000,NA,0.27450000000000,2.30840000000000,NA,12793.2310,19.2791,19.0046,0.2745,21.0946,0.2184,0.2184,0.0000,NA,NA,NA
ExperienceX.exe,56308,0x216C7EA03E0,DXGI,1,0,0,Composed: Flip,12826.5394,NA,14.30380000000000,NA,0.25910000000000,1.75010000000000,NA,12812.5101,14.2884,14.0293,0.2591,15.3956,0.3838,0.3838,0.0000,NA,NA,NA
ExperienceX.exe,56308,0x216C7EA03E0,DXGI,1,0,0,Composed: Flip,12843.1597,NA,16.62030000000000,NA,0.18250000000000,3.56120000000000,NA,12826.7985,16.5437,16.3612,0.1825,19.4559,0.4665,0.4665,0.0000,NA,NA,NA
ExperienceX.exe,56308,0x216C7EA03E0,DXGI,1,0,0,Composed: Flip,12876.7772,NA,33.61750000000000,NA,0.07030000000000,3.56240000000000,NA,12843.3422,33.5053,33.4350,0.0703,36.5963,0.4011,0.4011,0.0000,NA,NA,NA
ExperienceX.exe,56308,0x216C7EA03E0,DXGI,1,0,0,Composed: Flip,12892.7621,NA,15.98490000000000,NA,0.09990000000000,1.03160000000000,NA,12876.8475,16.0145,15.9146,0.0999,16.5302,0.4160,0.4160,0.0000,NA,NA,NA
ExperienceX.exe,56308,0x216C7EA03E0,DXGI,1,0,0,Composed: Flip,12910.2775,NA,17.51540000000000,NA,0.80020000000000,3.99780000000000,NA,12892.8620,18.2157,17.4155,0.8002,21.0062,0.4071,0.4071,0.0000,NA,NA,NA
ExperienceX.exe,56308,0x216C7EA03E0,DXGI,1,0,0,Composed: Flip,12926.0306,NA,15.75310000000000,NA,0.16960000000000,0.63240000000000,NA,12911.0777,15.1225,14.9529,0.1696,3.1976,12.3877,1.8346,10.5531,NA,NA,NA
ExperienceX.exe,56308,0x216C7EA03E0,DXGI,1,0,0,Composed: Flip,12943.0036,NA,16.97300000000000,NA,0.47060000000000,4.21450000000000,NA,12926.2002,17.2740,16.8034,0.4706,20.5746,0.4433,0.4433,0.0000,NA,NA,NA
ExperienceX.exe,56308,0x216838E1150,DXGI,1,0,0,Composed: Flip,12910.8805,NA,18.12080000000000,33.32290000000000,0.33370000000000,2.57220000000000,31.5734,12892.8613,18.3529,18.0192,0.3337,17.7615,2.8299,2.7063,0.1236,-0.0314,12892.8613,NA
ExperienceX.exe,56308,0x216838E1150,DXGI,1,0,0,Composed: Flip,12926.0310,NA,15.15050000000000,NA,0.17030000000000,1.09990000000000,NA,12911.2142,14.9871,14.8168,0.1703,15.4488,0.4679,0.4679,0.0000,NA,NA,NA
ExperienceX.exe,56308,0x216838E1150,DXGI,1,0,0,Composed: Flip,12943.3858,NA,17.35480000000000,NA,0.39400000000000,4.20140000000000,NA,12926.2013,17.5785,17.1845,0.3940,21.0168,0.3691,0.3656,0.0035,NA,NA,NA
ExperienceX.exe,56308,0x216838E1150,DXGI,1,0,0,Composed: Flip,12959.3358,NA,15.95000000000000,NA,0.11050000000000,0.99840000000000,NA,12943.7798,15.6665,15.5560,0.1105,16.1405,0.4139,0.4139,0.0000,NA,NA,NA
ExperienceX.exe,56308,0x216C829D570,DXGI,1,0,0,Composed: Flip,12943.6213,NA,33.34470000000000,49.98050000000000,0.06530000000000,3.15350000000000,32.1322,12910.9721,32.7145,32.6492,0.0653,32.1917,3.6110,3.6110,0.0000,-15.8263,12910.9721,NA
ExperienceX.exe,56308,0x216C829D570,DXGI,1,0,0,Composed: Flip,12976.5777,NA,32.95640000000000,NA,0.39520000000000,3.21530000000000,NA,12943.6866,33.2863,32.8911,0.3952,35.6894,0.4170,0.4170,0.0000,NA,NA,NA
ExperienceX.exe,56308,0x216C829D570,DXGI,1,0,0,Composed: Flip,12992.8793,NA,16.30160000000000,50.19640000000000,0.26640000000000,1.11790000000000,33.0706,12976.9729,16.1728,15.9064,0.2664,16.6039,0.4204,0.4204,0.0000,15.8044,12976.9729,NA
ExperienceX.exe,56308,0x216838E1150,DXGI,1,0,0,Composed: Flip,12976.9100,NA,17.57420000000000,66.93480000000001,0.06220000000000,2.07010000000000,32.4787,12959.4463,17.5259,17.4637,0.0622,16.9527,2.5811,2.5811,0.0000,-0.3498,12959.4463,NA
ExperienceX.exe,56308,0x216838E1150,DXGI,1,0,0,Composed: Flip,12992.8897,NA,15.97970000000000,NA,0.25680000000000,0.68710000000000,NA,12976.9722,16.1743,15.9175,0.2568,2.8208,13.7838,1.0956,12.6882,NA,NA,NA
ExperienceX.exe,56308,0x216838E1150,DXGI,1,0,0,Composed: Flip,13011.3522,NA,18.46250000000000,NA,0.22580000000000,2.97660000000000,NA,12993.1465,18.4315,18.2057,0.2258,20.7743,0.4080,0.4080,0.0000,NA,NA,NA
ExperienceX.exe,56308,0x216C7EA03E0,DXGI,1,0,0,Composed: Flip,12959.3361,NA,16.33250000000000,216.63320000000002,0.10990000000000,1.43720000000000,33.1380,12943.4742,15.9718,15.8619,0.1099,16.8600,0.4391,0.4336,0.0055,0.0851,12943.4742,NA
ExperienceX.exe,56308,0x216C7EA03E0,DXGI,1,0,0,Composed: Flip,12976.5866,NA,17.25050000000000,NA,0.40940000000000,2.78940000000000,NA,12959.4460,17.5500,17.1406,0.4094,19.5341,0.3959,0.3959,0.0000,NA,NA,NA
ExperienceX.exe,56308,0x216C7EA03E0,DXGI,1,0,0,Composed: Flip,12992.8903,NA,16.30370000000000,NA,0.25470000000000,1.55060000000000,NA,12976.9960,16.1490,15.8943,0.2547,17.0012,0.4437,0.4368,0.0069,NA,NA,NA
ExperienceX.exe,56308,0x216C7EA03E0,DXGI,1,0,0,Composed: Flip,13011.8025,NA,18.91220000000000,NA,0.21500000000000,2.11830000000000,NA,12993.1450,18.8725,18.6575,0.2150,20.3636,0.4122,0.4122,0.0000,NA,NA,NA
ExperienceX.exe,56308,0x216C7EA03E0,DXGI,1,0,0,Composed: Flip,13026.4176,NA,14.61510000000000,NA,0.20740000000000,1.75350000000000,NA,13012.0175,14.6075,14.4001,0.2074,15.7288,0.4248,0.4224,0.0024,NA,NA,NA
ExperienceX.exe,56308,0x216C829D570,DXGI,1,0,0,Composed: Flip,13011.2338,NA,18.35450000000000,16.65700000000000,0.53990000000000,2.27480000000000,31.3731,12993.1457,18.6280,18.0881,0.5399,17.7423,2.6206,2.6206,0.0000,-0.4842,12993.1457,NA
ExperienceX.exe,56308,0x216C829D570,DXGI,1,0,0,Composed: Flip,13026.4173,NA,15.18350000000000,NA,0.20780000000000,1.32900000000000,NA,13011.7737,14.8514,14.6436,0.2078,15.5527,0.4199,0.4199,0.0000,NA,NA,NA
ExperienceX.exe,56308,0x216C829D570,DXGI,1,0,0,Composed: Flip,13044.1516,NA,17.73430000000000,NA,0.09110000000000,2.85270000000000,NA,13026.6251,17.6176,17.5265,0.0911,19.9554,0.4238,0.4238,0.0000,NA,NA,NA
ExperienceX.exe,56308,0x216C7EA03E0,DXGI,1,0,0,Composed: Flip,13043.3074,NA,16.88980000000000,83.28460000000000,0.10480000000000,2.86890000000000,32.4513,13026.6250,16.7872,16.6824,0.1048,16.9549,2.5964,2.5964,0.0000,-0.1338,13026.6250,NA
ExperienceX.exe,56308,0x216C7EA03E0,DXGI,1,0,0,Composed: Flip,13059.4952,NA,16.18780000000000,NA,0.17440000000000,1.79160000000000,NA,13043.4122,16.2574,16.0830,0.1744,17.4633,0.4113,0.4057,0.0056,NA,NA,NA
ExperienceX.exe,56308,0x216C829D570,DXGI,1,0,0,Composed: Flip,13059.4954,NA,15.34380000000000,49.80740000000000,0.19330000000000,1.38010000000000,32.9189,13044.2427,15.4460,15.2527,0.1933,15.9060,0.7268,0.7268,0.0000,1.2896,13044.2427,NA
ExperienceX.exe,56308,0x216C829D570,DXGI,1,0,0,Composed: Flip,13076.8153,NA,17.31990000000000,NA,0.08880000000000,4.85330000000000,NA,13059.6887,17.2154,17.1266,0.0888,19.4131,2.5668,2.5599,0.0069,NA,NA,NA
ExperienceX.exe,56308,0x216C7EA03E0,DXGI,1,0,0,Composed: Flip,13076.9134,NA,17.41820000000000,33.35120000000000,0.06200000000000,1.76340000000000,32.1965,13059.6696,17.3058,17.2438,0.0620,16.7476,2.2596,2.2596,0.0000,-0.3066,13059.6696,NA
ExperienceX.exe,56308,0x216C7EA03E0,DXGI,1,0,0,Composed: Flip,13092.6239,NA,15.71050000000000,NA,0.10390000000000,1.02790000000000,NA,13076.9754,15.7524,15.6485,0.1039,16.3674,0.3090,0.3090,0.0000,NA,NA,NA
ExperienceX.exe,56308,0x216838E1150,DXGI,1,0,0,Composed: Flip,13026.4162,NA,15.06400000000000,49.71750000000000,0.20880000000000,0.91020000000000,32.6900,13011.5780,15.0470,14.8382,0.2088,2.7508,12.9976,1.8130,11.1846,2.4142,13011.5780,NA
ExperienceX.exe,56308,0x216838E1150,DXGI,1,0,0,Composed: Flip,13043.3064,NA,16.89020000000000,NA,0.66700000000000,3.27410000000000,NA,13026.6250,17.3484,16.6814,0.6670,19.5513,0.4042,0.4042,0.0000,NA,NA,NA
ExperienceX.exe,56308,0x216838E1150,DXGI,1,0,0,Composed: Flip,13059.4940,NA,16.18760000000000,NA,0.19480000000000,0.65470000000000,NA,13043.9734,15.7154,15.5206,0.1948,3.0309,13.1444,1.2764,11.8680,NA,NA,NA
ExperienceX.exe,56308,0x216838E1150,DXGI,1,0,0,Composed: Flip,13076.8879,NA,17.39390000000000,NA,0.06680000000000,2.21390000000000,NA,13059.6888,17.2659,17.1991,0.0668,18.9880,0.4250,0.4250,0.0000,NA,NA,NA
ExperienceX.exe,56308,0x216838E1150,DXGI,1,0,0,Composed: Flip,13092.6234,NA,15.73550000000000,NA,0.10490000000000,1.48380000000000,NA,13076.9547,15.7736,15.6687,0.1049,16.6971,0.4554,0.4496,0.0058,NA,NA,NA
ExperienceX.exe,56308,0x216838E1150,DXGI,1,0,0,Composed: Flip,13110.4924,NA,17.86900000000000,NA,0.38800000000000,2.28250000000000,NA,13092.7283,18.1521,17.7641,0.3880,17.3595,2.6871,2.6871,0.0000,NA,NA,NA
ExperienceX.exe,56308,0x216838E1150,DXGI,1,0,0,Composed: Flip,13126.3507,NA,15.85830000000000,100.02600000000001,0.10080000000000,0.59930000000000,32.7815,13110.8804,15.5711,15.4703,0.1008,3.8182,12.2514,0.6951,11.5563,-0.7236,13110.8804,NA
ExperienceX.exe,56308,0x216C7EA03E0,DXGI,1,0,0,Composed: Flip,13110.6342,NA,18.01030000000000,34.00560000000000,0.22570000000000,4.06440000000000,32.4813,13092.7278,18.1321,17.9064,0.2257,20.4692,1.5016,1.5016,0.0000,-0.9474,13092.7278,NA
ExperienceX.exe,56308,0x216C7EA03E0,DXGI,1,0,0,Composed: Flip,13126.4275,NA,15.79330000000000,NA,0.20490000000000,0.97090000000000,NA,13110.8599,15.7725,15.5676,0.2049,16.0901,0.4484,0.4484,0.0000,NA,NA,NA
ExperienceX.exe,56308,0x216C7EA03E0,DXGI,1,0,0,Composed: Flip,13144.5558,NA,18.12830000000000,NA,0.09730000000000,4.03910000000000,NA,13126.6324,18.0207,17.9234,0.0973,21.5408,0.4217,0.4185,0.0032,NA,NA,NA
ExperienceX.exe,56308,0x216C829D570,DXGI,1,0,0,Composed: Flip,13092.6238,NA,15.80850000000000,33.34890000000000,0.10460000000000,0.71900000000000,33.1394,13076.9041,15.8243,15.7197,0.1046,15.8192,0.6195,0.6195,0.0000,-0.6875,13076.9041,NA
ExperienceX.exe,56308,0x216C829D570,DXGI,1,0,0,Composed: Flip,13110.5641,NA,17.94030000000000,NA,0.37320000000000,2.63290000000000,NA,13092.7284,18.2089,17.8357,0.3732,20.0465,0.4221,0.4221,0.0000,NA,NA,NA
ExperienceX.exe,56308,0x216C829D570,DXGI,1,0,0,Composed: Flip,13126.3473,NA,15.78320000000000,NA,0.10320000000000,1.49080000000000,NA,13110.9373,15.5132,15.4100,0.1032,16.4611,0.4397,0.4355,0.0042,NA,NA,NA
ExperienceX.exe,56308,0x216C829D570,DXGI,1,0,0,Composed: Flip,13144.5507,NA,18.20340000000000,NA,0.10250000000000,3.62250000000000,NA,13126.4505,18.2027,18.1002,0.1025,21.3064,0.4163,0.4163,0.0000,NA,NA,NA
ExperienceX.exe,56308,0x216C7EA03E0,DXGI,1,0,0,Composed: Flip,13159.3978,NA,14.84200000000000,49.32630000000000,0.12650000000000,1.04770000000000,33.0440,13144.6531,14.8712,14.7447,0.1265,15.3399,0.4525,0.4525,0.0000,2.5990,13144.6531,NA
ExperienceX.exe,56308,0x216C7EA03E0,DXGI,1,0,0,Composed: Flip,13176.8925,NA,17.49470000000000,NA,0.20360000000000,2.73500000000000,NA,13159.5243,17.5718,17.3682,0.2036,19.6664,0.4368,0.4368,0.0000,NA,NA,NA
ExperienceX.exe,56308,0x216838E1150,DXGI,1,0,0,Composed: Flip,13144.5375,NA,18.18680000000000,16.63440000000000,0.11530000000000,3.21940000000000,31.2291,13126.4515,18.2013,18.0860,0.1153,17.5673,3.7381,3.7381,0.0000,-1.0633,13126.4515,NA
ExperienceX.exe,56308,0x216838E1150,DXGI,1,0,0,Composed: Flip,13159.3979,NA,14.86040000000000,NA,0.12640000000000,0.59510000000000,NA,13144.6528,14.8715,14.7451,0.1264,14.8543,0.4859,0.4859,0.0000,NA,NA,NA
ExperienceX.exe,56308,0x216838E1150,DXGI,1,0,0,Composed: Flip,13176.3985,NA,17.00060000000000,NA,0.71870000000000,3.65130000000000,NA,13159.5243,17.5929,16.8742,0.7187,20.1032,0.4223,0.4223,0.0000,NA,NA,NA
ExperienceX.exe,56308,0x216838E1150,DXGI,1,0,0,Composed: Flip,13192.8082,NA,16.40970000000000,NA,0.17020000000000,1.54720000000000,NA,13177.1172,15.8612,15.6910,0.1702,16.6710,0.5672,0.5672,0.0000,NA,NA,NA
ExperienceX.exe,56308,0x216C7EA03E0,DXGI,1,0,0,Composed: Flip,13192.8329,NA,15.94040000000000,33.59610000000000,0.29960000000000,1.82020000000000,33.2050,13177.0961,16.0364,15.7368,0.2996,17.2593,0.2977,0.2920,0.0057,-1.1531,13177.0961,NA
ExperienceX.exe,56308,0x216C7EA03E0,DXGI,1,0,0,Composed: Flip,13210.6340,NA,17.80110000000000,NA,0.12770000000000,2.31530000000000,NA,13193.1325,17.6292,17.5015,0.1277,19.4050,0.4118,0.4118,0.0000,NA,NA,NA
ExperienceX.exe,56308,0x216838E1150,DXGI,1,0,0,Composed: Flip,13210.2244,NA,17.41620000000000,66.66060000000000,0.08410000000000,2.31310000000000,32.2028,13192.9784,17.3301,17.2460,0.0841,16.8667,2.6924,2.6924,0.0000,-0.1337,13192.9784,NA
ExperienceX.exe,56308,0x216838E1150,DXGI,1,0,0,Composed: Flip,13226.6556,NA,16.43120000000000,NA,0.22110000000000,1.19110000000000,NA,13210.3085,16.5682,16.3471,0.2211,17.0957,0.4425,0.4425,0.0000,NA,NA,NA
ExperienceX.exe,56308,0x216C7EA03E0,DXGI,1,0,0,Composed: Flip,13226.6553,NA,16.02130000000000,33.05000000000000,0.22290000000000,0.74890000000000,32.4326,13210.7617,16.1165,15.8936,0.2229,2.6027,14.0398,1.4940,12.5458,0.6156,13210.7617,NA
ExperienceX.exe,56308,0x216C7EA03E0,DXGI,1,0,0,Composed: Flip,13243.3453,NA,16.69000000000000,NA,0.13140000000000,4.46760000000000,NA,13226.8782,16.5985,16.4671,0.1314,20.5177,0.4170,0.4141,0.0029,NA,NA,NA
ExperienceX.exe,56308,0x216838E1150,DXGI,1,0,0,Composed: Flip,13243.8171,NA,17.16150000000000,33.31670000000000,0.29820000000000,3.57880000000000,31.9268,13226.8767,17.2386,16.9404,0.2982,17.8782,2.6410,2.6410,0.0000,0.5816,13226.8767,NA
ExperienceX.exe,56308,0x216838E1150,DXGI,1,0,0,Composed: Flip,13259.3430,NA,15.52590000000000,NA,0.11080000000000,1.75440000000000,NA,13244.1153,15.3385,15.2277,0.1108,16.5611,0.4210,0.4153,0.0057,NA,NA,NA
ExperienceX.exe,56308,0x216C7EA03E0,DXGI,1,0,0,Composed: Flip,13259.3431,NA,15.99780000000000,33.39180000000000,0.11050000000000,1.33330000000000,33.1366,13243.4767,15.9769,15.8664,0.1105,16.7504,0.4493,0.4493,0.0000,-0.6768,13243.4767,NA
ExperienceX.exe,56308,0x216C7EA03E0,DXGI,1,0,0,Composed: Flip,13276.2187,NA,16.87560000000000,NA,0.35000000000000,5.33390000000000,NA,13259.4536,17.1151,16.7651,0.3500,21.6774,0.4216,0.4154,0.0062,NA,NA,NA
ExperienceX.exe,56308,0x216C7EA03E0,DXGI,1,0,0,Composed: Flip,13292.9443,NA,16.72560000000000,33.31060000000000,0.25060000000000,1.77350000000000,32.8460,13276.5687,16.6262,16.3756,0.2506,17.6999,0.4492,0.4492,0.0000,-0.2186,13276.5687,NA
ExperienceX.exe,56308,0x216838E1150,DXGI,1,0,0,Composed: Flip,13276.6851,NA,17.34210000000000,33.35730000000000,0.08470000000000,4.44590000000000,32.4161,13259.4538,17.3160,17.2313,0.0847,18.7103,2.9669,2.9669,0.0000,-0.7802,13259.4538,NA
ExperienceX.exe,56308,0x216838E1150,DXGI,1,0,0,Composed: Flip,13292.9444,NA,16.25930000000000,NA,0.19250000000000,1.32420000000000,NA,13276.7698,16.3671,16.1746,0.1925,16.3817,1.1171,1.1171,0.0000,NA,NA,NA
ExperienceX.exe,56308,0x216838E1150,DXGI,1,0,0,Composed: Flip,13310.0261,NA,17.08170000000000,NA,0.28110000000000,3.94420000000000,NA,13293.1369,17.1703,16.8892,0.2811,20.4182,0.4152,0.4152,0.0000,NA,NA,NA
ExperienceX.exe,56308,0x216C829D570,DXGI,1,0,0,Composed: Flip,13176.6437,NA,32.09300000000000,83.33190000000000,0.28850000000000,2.54700000000000,32.4514,13144.6532,32.2790,31.9905,0.2885,31.8002,2.7373,2.7373,0.0000,-15.5828,13144.6532,NA
ExperienceX.exe,56308,0x216C829D570,DXGI,1,0,0,Composed: Flip,13192.8084,NA,16.16470000000000,NA,0.17000000000000,0.97980000000000,NA,13176.9322,16.0462,15.8762,0.1700,3.1176,13.7384,2.1971,11.5413,NA,NA,NA
ExperienceX.exe,56308,0x216C829D570,DXGI,1,0,0,Composed: Flip,13210.2223,NA,17.41390000000000,NA,0.08680000000000,3.14210000000000,NA,13192.9784,17.3307,17.2439,0.0868,19.9709,0.4151,0.4151,0.0000,NA,NA,NA
ExperienceX.exe,56308,0x216C829D570,DXGI,1,0,0,Composed: Flip,13226.6630,NA,16.44070000000000,NA,0.21360000000000,1.56290000000000,NA,13210.3091,16.5675,16.3539,0.2136,17.5376,0.3792,0.3743,0.0049,NA,NA,NA
ExperienceX.exe,56308,0x216C829D570,DXGI,1,0,0,Composed: Flip,13243.0091,NA,16.34610000000000,NA,0.14120000000000,1.74580000000000,NA,13226.8766,16.2737,16.1325,0.1412,16.2730,1.6053,1.5949,0.0104,NA,NA,NA
ExperienceX.exe,56308,0x216C829D570,DXGI,1,0,0,Composed: Flip,13259.3429,NA,16.33380000000000,NA,0.11100000000000,0.88420000000000,NA,13243.1503,16.3036,16.1926,0.1110,16.2835,0.7933,0.7933,0.0000,NA,NA,NA
ExperienceX.exe,56308,0x216C829D570,DXGI,1,0,0,Composed: Flip,13276.2195,NA,16.87660000000000,NA,0.35430000000000,1.94460000000000,NA,13259.4539,17.1199,16.7656,0.3543,16.8750,1.8352,1.8352,0.0000,NA,NA,NA
ExperienceX.exe,56308,0x216C829D570,DXGI,1,0,0,Composed: Flip,13292.9441,NA,16.72460000000000,NA,0.25080000000000,2.18000000000000,NA,13276.5738,16.6211,16.3703,0.2508,18.1440,0.4063,0.4018,0.0045,NA,NA,NA
ExperienceX.exe,56308,0x216C829D570,DXGI,1,0,0,Composed: Flip,13310.0270,NA,17.08290000000000,NA,0.26370000000000,4.37660000000000,NA,13293.1949,17.0958,16.8321,0.2637,20.7754,0.4333,0.4291,0.0042,NA,NA,NA
ExperienceX.exe,56308,0x216C829D570,DXGI,1,0,0,Composed: Flip,13326.2394,NA,16.21240000000000,NA,0.17080000000000,1.45130000000000,NA,13310.2907,16.1195,15.9487,0.1708,17.0671,0.3329,0.3277,0.0052,NA,NA,NA
ExperienceX.exe,56308,0x216C829D570,DXGI,1,0,0,Composed: Flip,13342.9816,NA,16.74220000000000,166.85740000000001,0.50000000000000,2.38230000000000,32.9709,13326.4102,17.0714,16.5714,0.5000,16.6930,2.2607,2.2607,0.0000,14.8996,13326.4102,NA
ExperienceX.exe,56308,0x216838E1150,DXGI,1,0,0,Composed: Flip,13326.2109,NA,16.18480000000000,49.99490000000000,0.13380000000000,1.14690000000000,32.8852,13310.3072,16.0375,15.9037,0.1338,16.9583,0.0923,0.0923,0.0000,0.8585,13310.3072,NA
ExperienceX.exe,56308,0x216838E1150,DXGI,1,0,0,Composed: Flip,13342.9811,NA,16.77020000000000,NA,0.55800000000000,4.70350000000000,NA,13326.3447,17.1944,16.6364,0.5580,19.4480,1.8919,1.8869,0.0050,NA,NA,NA
ExperienceX.exe,56308,0x216838E1150,DXGI,1,0,0,Composed: Flip,13359.4420,NA,16.46090000000000,NA,0.11600000000000,2.15570000000000,NA,13343.5391,16.0189,15.9029,0.1160,17.6300,0.4286,0.4181,0.0105,NA,NA,NA
ExperienceX.exe,56308,0x216838E1150,DXGI,1,0,0,Composed: Flip,13377.3525,NA,17.91050000000000,50.00520000000000,0.07280000000000,3.08140000000000,31.7488,13359.5580,17.8673,17.7945,0.0728,17.1390,3.7369,3.7369,0.0000,-0.7544,13359.5580,NA
ExperienceX.exe,56308,0x216838E1150,DXGI,1,0,0,Composed: Flip,13392.9318,NA,15.57930000000000,16.66070000000000,0.07560000000000,0.65430000000000,32.8302,13377.4253,15.5821,15.5065,0.0756,15.6244,0.5364,0.5364,0.0000,1.2066,13377.4253,NA
ExperienceX.exe,56308,0x216C7EA03E0,DXGI,1,0,0,Composed: Flip,13310.0311,NA,17.08680000000000,16.64710000000000,0.18830000000000,3.52400000000000,32.4063,13293.1949,17.0245,16.8362,0.1883,16.6051,3.7551,3.7551,0.0000,-0.0209,13293.1949,NA
ExperienceX.exe,56308,0x216C7EA03E0,DXGI,1,0,0,Composed: Flip,13326.2390,NA,16.20790000000000,NA,0.17120000000000,1.02650000000000,NA,13310.2194,16.1908,16.0196,0.1712,16.1037,0.9424,0.9424,0.0000,NA,NA,NA
ExperienceX.exe,56308,0x216C7EA03E0,DXGI,1,0,0,Composed: Flip,13343.5962,NA,17.35720000000000,NA,0.08900000000000,2.19650000000000,NA,13326.4102,17.2750,17.1860,0.0890,18.9537,0.4288,0.4288,0.0000,NA,NA,NA
ExperienceX.exe,56308,0x216C7EA03E0,DXGI,1,0,0,Composed: Flip,13359.4419,NA,15.84570000000000,NA,0.11610000000000,1.72720000000000,NA,13343.6852,15.8728,15.7567,0.1161,17.0684,0.4155,0.4155,0.0000,NA,NA,NA
ExperienceX.exe,56308,0x216C7EA03E0,DXGI,1,0,0,Composed: Flip,13376.8763,NA,17.43440000000000,NA,0.43730000000000,3.97210000000000,NA,13359.5580,17.7556,17.3183,0.4373,20.8759,0.4145,0.4145,0.0000,NA,NA,NA
ExperienceX.exe,56308,0x216C7EA03E0,DXGI,1,0,0,Composed: Flip,13393.0454,NA,16.16910000000000,NA,0.34630000000000,0.93460000000000,NA,13377.3136,16.0781,15.7318,0.3463,16.2725,0.3939,0.3939,0.0000,NA,NA,NA
ExperienceX.exe,56308,0x216C7EA03E0,DXGI,1,0,0,Composed: Flip,13410.9444,NA,17.89900000000000,NA,0.05190000000000,1.70900000000000,NA,13393.3917,17.6046,17.5527,0.0519,18.8344,0.4273,0.4273,0.0000,NA,NA,NA
ExperienceX.exe,56308,0x216C7EA03E0,DXGI,1,0,0,Composed: Flip,13426.1780,NA,15.23360000000000,116.72420000000001,0.20630000000000,1.95370000000000,32.9836,13410.9963,15.3880,15.1817,0.2063,16.6898,0.4456,0.4387,0.0069,1.0772,13410.9963,NA
ExperienceX.exe,56308,0x216838E1150,DXGI,1,0,0,Composed: Flip,13410.2272,NA,17.29540000000000,16.67830000000000,0.05650000000000,1.99890000000000,32.2131,13393.0074,17.2763,17.2198,0.0565,16.9516,2.2671,2.2671,0.0000,-1.0962,13393.0074,NA
ExperienceX.exe,56308,0x216838E1150,DXGI,1,0,0,Composed: Flip,13426.1747,NA,15.94750000000000,NA,0.20520000000000,1.51140000000000,NA,13410.2837,16.0962,15.8910,0.2052,16.9541,0.4483,0.4483,0.0000,NA,NA,NA
ExperienceX.exe,56308,0x216838E1150,DXGI,1,0,0,Composed: Flip,13443.6399,NA,17.46520000000000,NA,0.40440000000000,4.32650000000000,NA,13426.3799,17.6644,17.2600,0.4044,19.6571,1.9294,1.9258,0.0036,NA,NA,NA
ExperienceX.exe,56308,0x216C7EA03E0,DXGI,1,0,0,Composed: Flip,13443.7351,NA,17.55710000000000,16.73640000000000,0.48230000000000,1.87930000000000,32.1629,13426.3843,17.8331,17.3508,0.4823,16.9527,2.2774,2.2774,0.0000,-1.3484,13426.3843,NA
ExperienceX.exe,56308,0x216C7EA03E0,DXGI,1,0,0,Composed: Flip,13459.5848,NA,15.84970000000000,NA,0.21570000000000,1.11770000000000,NA,13444.2174,15.5831,15.3674,0.2157,16.0531,0.4320,0.4320,0.0000,NA,NA,NA
ExperienceX.exe,56308,0x216C829D570,DXGI,1,0,0,Composed: Flip,13359.4421,NA,16.46050000000000,16.52960000000000,0.11590000000000,1.31150000000000,33.0400,13343.4816,16.0764,15.9605,0.1159,16.1386,1.1334,1.1334,0.0000,0.5418,13343.4816,NA
ExperienceX.exe,56308,0x216C829D570,DXGI,1,0,0,Composed: Flip,13376.8498,NA,17.40770000000000,NA,0.16800000000000,4.42500000000000,NA,13359.5580,17.4598,17.2918,0.1680,21.2904,0.4264,0.4229,0.0035,NA,NA,NA
ExperienceX.exe,56308,0x216C829D570,DXGI,1,0,0,Composed: Flip,13392.9700,NA,16.12020000000000,NA,0.35320000000000,1.46650000000000,NA,13377.0178,16.3054,15.9522,0.3532,16.9622,0.4565,0.4509,0.0056,NA,NA,NA
ExperienceX.exe,56308,0x216C829D570,DXGI,1,0,0,Composed: Flip,13410.6583,NA,17.68830000000000,NA,0.06850000000000,4.59540000000000,NA,13393.3232,17.4036,17.3351,0.0685,19.3302,2.6003,2.5948,0.0055,NA,NA,NA
ExperienceX.exe,56308,0x216C829D570,DXGI,1,0,0,Composed: Flip,13426.1757,NA,15.51740000000000,NA,0.20420000000000,1.06210000000000,NA,13410.7268,15.6531,15.4489,0.2042,15.6767,0.8343,0.8343,0.0000,NA,NA,NA
ExperienceX.exe,56308,0x216C829D570,DXGI,1,0,0,Composed: Flip,13443.9023,NA,17.72660000000000,NA,0.07470000000000,2.13470000000000,NA,13426.3799,17.5971,17.5224,0.0747,19.2345,0.4226,0.4226,0.0000,NA,NA,NA
ExperienceX.exe,56308,0x216C829D570,DXGI,1,0,0,Composed: Flip,13459.5780,NA,15.67570000000000,NA,0.22170000000000,0.69250000000000,NA,13443.9770,15.8227,15.6010,0.2217,15.7797,0.5138,0.5138,0.0000,NA,NA,NA
ExperienceX.exe,56308,0x216C829D570,DXGI,1,0,0,Composed: Flip,13476.4539,NA,16.87590000000000,NA,0.45940000000000,2.01420000000000,NA,13459.7997,17.1136,16.6542,0.4594,16.7578,1.9106,1.9106,0.0000,NA,NA,NA
ExperienceX.exe,56308,0x216C7EA03E0,DXGI,1,0,0,Composed: Flip,13476.7345,NA,17.14970000000000,33.18100000000000,0.13350000000000,4.80690000000000,32.3445,13459.8005,17.0675,16.9340,0.1335,18.6676,3.0733,3.0733,0.0000,0.2352,13459.8005,NA
ExperienceX.exe,56308,0x216C7EA03E0,DXGI,1,0,0,Composed: Flip,13492.7754,NA,16.04090000000000,NA,0.14930000000000,1.16080000000000,NA,13476.8680,16.0567,15.9074,0.1493,16.5971,0.4711,0.4711,0.0000,NA,NA,NA
ExperienceX.exe,56308,0x216C7EA03E0,DXGI,1,0,0,Composed: Flip,13509.5372,NA,16.76180000000000,33.35370000000000,0.12320000000000,3.94020000000000,32.8955,13492.9247,16.7357,16.6125,0.1232,16.7043,3.8484,3.8484,0.0000,-0.2295,13492.9247,NA
ExperienceX.exe,56308,0x0,Other,-1,0,0,Composed: Flip,12926.5127,NA,66.63790000000000,66.65320000000000,0.00000000000000,1.01510000000000,32.5807,12859.8748,66.6379,66.6379,0.0000,67.2561,0.3969,0.3908,0.0061,166.4335,12859.8748,NA
ExperienceX.exe,56308,0x0,Other,-1,0,0,Composed: Flip,12959.7405,NA,33.22780000000000,NA,0.00000000000000,0.17980000000000,NA,12926.5127,33.2278,33.2278,0.0000,32.9130,0.4946,0.4946,0.0000,NA,NA,NA
ExperienceX.exe,56308,0x0,Other,-1,0,0,Composed: Flip,13159.7731,NA,200.03260000000000,NA,0.00000000000000,1.11050000000000,NA,12959.7405,200.0326,200.0326,0.0000,200.7050,0.4381,0.4318,0.0063,NA,NA,NA
ExperienceX.exe,56308,0x216838E1150,DXGI,1,0,0,Composed: Flip,13459.5777,NA,15.93780000000000,50.01940000000000,0.22190000000000,1.57060000000000,32.8820,13444.0443,15.7553,15.5334,0.2219,16.6582,0.4458,0.4399,0.0059,1.0175,13444.0443,NA
ExperienceX.exe,56308,0x216838E1150,DXGI,1,0,0,Composed: Flip,13476.4533,NA,16.87560000000000,NA,0.46120000000000,5.52470000000000,NA,13459.7996,17.1149,16.6537,0.4612,21.7418,0.4366,0.4299,0.0067,NA,NA,NA
ExperienceX.exe,56308,0x216838E1150,DXGI,1,0,0,Composed: Flip,13492.7867,NA,16.33340000000000,NA,0.19990000000000,0.67840000000000,NA,13476.9145,16.0721,15.8722,0.1999,16.0211,0.5295,0.5295,0.0000,NA,NA,NA
ExperienceX.exe,56308,0x216838E1150,DXGI,1,0,0,Composed: Flip,13509.5371,NA,16.75040000000000,NA,0.50250000000000,4.37710000000000,NA,13492.9866,17.0530,16.5505,0.5025,20.4908,0.4368,0.4368,0.0000,NA,NA,NA
ExperienceX.exe,56308,0x216838E1150,DXGI,1,0,0,Composed: Flip,13526.5796,NA,17.04250000000000,NA,0.08340000000000,1.68790000000000,NA,13510.0396,16.6234,16.5400,0.0834,17.7435,0.4844,0.4844,0.0000,NA,NA,NA
ExperienceX.exe,56308,0x216838E1150,DXGI,1,0,0,Composed: Flip,13543.4416,NA,16.86200000000000,NA,0.37460000000000,2.52840000000000,NA,13526.6630,17.1532,16.7786,0.3746,18.8834,0.4236,0.4236,0.0000,NA,NA,NA
ExperienceX.exe,56308,0x216838E1150,DXGI,1,0,0,Composed: Flip,13559.4142,NA,15.97260000000000,100.00030000000001,0.10030000000000,1.54230000000000,33.0458,13543.8162,15.6983,15.5980,0.1003,16.6844,0.4559,0.4508,0.0051,-0.2284,13543.8162,NA
ExperienceX.exe,56308,0x216C829D570,DXGI,1,0,0,Composed: Flip,13492.7870,NA,16.33310000000000,133.52710000000002,0.19960000000000,1.59370000000000,33.2222,13476.9133,16.0733,15.8737,0.1996,17.0229,0.4445,0.4373,0.0072,-0.0954,13476.9133,NA
ExperienceX.exe,56308,0x216C829D570,DXGI,1,0,0,Composed: Flip,13509.7892,NA,17.00220000000000,NA,0.30910000000000,4.55800000000000,NA,13492.9866,17.1117,16.8026,0.3091,20.9276,0.4330,0.4293,0.0037,NA,NA,NA
ExperienceX.exe,56308,0x216C829D570,DXGI,1,0,0,Composed: Flip,13526.5607,NA,16.77150000000000,NA,0.10150000000000,1.22240000000000,NA,13510.0983,16.5639,16.4624,0.1015,16.5667,1.1181,1.1181,0.0000,NA,NA,NA
ExperienceX.exe,56308,0x216C829D570,DXGI,1,0,0,Composed: Flip,13542.9920,NA,16.43130000000000,NA,0.61340000000000,5.63380000000000,NA,13526.6622,16.9432,16.3298,0.6134,19.3078,2.6558,2.6504,0.0054,NA,NA,NA
ExperienceX.exe,56308,0x216C829D570,DXGI,1,0,0,Composed: Flip,13559.4147,NA,16.42270000000000,NA,0.09970000000000,0.62170000000000,NA,13543.6054,15.9090,15.8093,0.0997,15.9300,0.5010,0.5010,0.0000,NA,NA,NA
ExperienceX.exe,56308,0x216C829D570,DXGI,1,0,0,Composed: Flip,13576.5998,NA,17.18510000000000,NA,0.05180000000000,5.09710000000000,NA,13559.5144,17.1372,17.0854,0.0518,21.7587,0.4238,0.4198,0.0040,NA,NA,NA
ExperienceX.exe,56308,0x216838E1150,DXGI,1,0,0,Composed: Flip,13576.8698,NA,17.45560000000000,16.68830000000000,0.09830000000000,4.40330000000000,32.2785,13559.5145,17.4536,17.3553,0.0983,18.7918,2.9668,2.9668,0.0000,-0.9900,13559.5145,NA
ExperienceX.exe,56308,0x216838E1150,DXGI,1,0,0,Composed: Flip,13592.7754,NA,15.90560000000000,NA,0.16530000000000,1.32220000000000,NA,13576.9681,15.9726,15.8073,0.1653,15.9332,1.1963,1.1963,0.0000,NA,NA,NA
ExperienceX.exe,56308,0x216C829D570,DXGI,1,0,0,Composed: Flip,13592.7755,NA,16.17570000000000,99.93610000000001,0.16520000000000,2.18940000000000,33.1698,13576.6516,16.2891,16.1239,0.1652,17.9040,0.4093,0.4003,0.0090,-0.1978,13576.6516,NA
ExperienceX.exe,56308,0x216C829D570,DXGI,1,0,0,Composed: Flip,13611.6398,NA,18.86430000000000,NA,0.82310000000000,2.38190000000000,NA,13592.9407,19.5222,18.6991,0.8231,20.6399,0.4411,0.4411,0.0000,NA,NA,NA
ExperienceX.exe,56308,0x216C829D570,DXGI,1,0,0,Composed: Flip,13626.5764,NA,14.93660000000000,33.14620000000000,0.24710000000000,1.66080000000000,32.5151,13612.4629,14.3606,14.1135,0.2471,15.4649,0.3094,0.3027,0.0067,2.6651,13612.4629,NA
ExperienceX.exe,56308,0x216C7EA03E0,DXGI,1,0,0,Composed: Flip,13526.5602,NA,17.02300000000000,16.70460000000000,0.10090000000000,2.58190000000000,32.5771,13509.6604,17.0007,16.8998,0.1009,18.6071,0.8746,0.8668,0.0078,0.0311,13509.6604,NA
ExperienceX.exe,56308,0x216C7EA03E0,DXGI,1,0,0,Composed: Flip,13559.4208,NA,32.86060000000000,NA,0.11980000000000,1.07980000000000,NA,13526.6611,32.8795,32.7597,0.1198,33.3753,0.4642,0.4642,0.0000,NA,NA,NA
ExperienceX.exe,56308,0x216C7EA03E0,DXGI,1,0,0,Composed: Flip,13576.7217,NA,17.30090000000000,NA,0.06640000000000,1.58460000000000,NA,13559.5406,17.2475,17.1811,0.0664,16.7777,1.9880,1.9880,0.0000,NA,NA,NA
ExperienceX.exe,56308,0x216C7EA03E0,DXGI,1,0,0,Composed: Flip,13592.7750,NA,16.05330000000000,NA,0.16530000000000,1.78060000000000,NA,13576.7881,16.1522,15.9869,0.1653,17.3095,0.4580,0.4580,0.0000,NA,NA,NA
ExperienceX.exe,56308,0x216C7EA03E0,DXGI,1,0,0,Composed: Flip,13611.7089,NA,18.93390000000000,NA,0.09570000000000,3.24260000000000,NA,13592.9403,18.8643,18.7686,0.0957,21.0814,0.9298,0.9298,0.0000,NA,NA,NA
ExperienceX.exe,56308,0x216C7EA03E0,DXGI,1,0,0,Composed: Flip,13626.5569,NA,14.84800000000000,NA,0.22700000000000,1.37090000000000,NA,13611.8046,14.9793,14.7523,0.2270,15.5065,0.6167,0.6167,0.0000,NA,NA,NA
ExperienceX.exe,56308,0x216C7EA03E0,DXGI,1,0,0,Composed: Flip,13643.9210,NA,17.36410000000000,NA,0.36150000000000,5.13070000000000,NA,13626.7839,17.4986,17.1371,0.3615,19.4789,2.7889,2.7839,0.0050,NA,NA,NA
ExperienceX.exe,56308,0x216838E1150,DXGI,1,0,0,Composed: Flip,13612.2037,NA,19.42830000000000,33.32990000000000,0.05370000000000,1.37690000000000,30.2745,13592.9407,19.3167,19.2630,0.0537,18.2219,2.4180,2.4180,0.0000,0.0963,13592.9407,NA
ExperienceX.exe,56308,0x216838E1150,DXGI,1,0,0,Composed: Flip,13626.4596,NA,14.25590000000000,NA,0.10170000000000,0.85150000000000,NA,13612.2574,14.3039,14.2022,0.1017,2.6941,12.3596,1.4095,10.9501,NA,NA,NA
ExperienceX.exe,56308,0x216838E1150,DXGI,1,0,0,Composed: Flip,13644.1434,NA,17.68380000000000,NA,0.13690000000000,2.11940000000000,NA,13626.5613,17.7190,17.5821,0.1369,19.2664,0.4351,0.4351,0.0000,NA,NA,NA
ExperienceX.exe,56308,0x216838E1150,DXGI,1,0,0,Composed: Flip,13659.3308,NA,15.18740000000000,NA,0.14150000000000,0.68650000000000,NA,13644.2803,15.1920,15.0505,0.1415,15.2018,0.5352,0.5352,0.0000,NA,NA,NA
ExperienceX.exe,56308,0x216C7EA03E0,DXGI,1,0,0,Composed: Flip,13659.3304,NA,15.40940000000000,133.28600000000000,0.14170000000000,1.11030000000000,33.0929,13644.2825,15.1896,15.0479,0.1417,15.7348,0.4234,0.4234,0.0000,1.3361,13644.2825,NA
ExperienceX.exe,56308,0x216C7EA03E0,DXGI,1,0,0,Composed: Flip,13677.3971,NA,18.06670000000000,NA,0.05870000000000,2.42740000000000,NA,13659.4721,17.9837,17.9250,0.0587,19.8991,0.4533,0.4533,0.0000,NA,NA,NA
ExperienceX.exe,56308,0x216C829D570,DXGI,1,0,0,Composed: Flip,13644.1558,NA,17.57940000000000,16.66970000000000,0.12450000000000,1.67190000000000,31.6054,13626.8235,17.4568,17.3323,0.1245,16.6598,2.3444,2.3444,0.0000,-2.3091,13626.8235,NA
ExperienceX.exe,56308,0x216C829D570,DXGI,1,0,0,Composed: Flip,13677.3216,NA,33.16580000000000,NA,0.50130000000000,2.92110000000000,NA,13644.2803,33.5426,33.0413,0.5013,35.5442,0.4182,0.4182,0.0000,NA,NA,NA
ExperienceX.exe,56308,0x216C829D570,DXGI,1,0,0,Composed: Flip,13692.6295,NA,15.30790000000000,NA,0.11680000000000,1.48680000000000,NA,13677.8229,14.9234,14.8066,0.1168,15.8273,0.4661,0.4607,0.0054,NA,NA,NA
ExperienceX.exe,56308,0x216838E1150,DXGI,1,0,0,Composed: Flip,13677.1581,NA,17.82730000000000,66.66680000000001,0.07580000000000,2.21310000000000,31.9869,13659.4723,17.7616,17.6858,0.0758,17.1423,2.7566,2.7566,0.0000,-0.1352,13659.4723,NA
ExperienceX.exe,56308,0x216838E1150,DXGI,1,0,0,Composed: Flip,13692.6165,NA,15.45840000000000,NA,0.05340000000000,1.03370000000000,NA,13677.2339,15.4360,15.3826,0.0534,16.0131,0.4032,0.4032,0.0000,NA,NA,NA
ExperienceX.exe,56308,0x216838E1150,DXGI,1,0,0,Composed: Flip,13710.1973,NA,17.58080000000000,NA,0.21550000000000,3.89650000000000,NA,13692.6699,17.7429,17.5274,0.2155,20.9776,0.4463,0.4463,0.0000,NA,NA,NA
ExperienceX.exe,56308,0x216C829D570,DXGI,1,0,0,Composed: Flip,13710.0462,NA,17.41670000000000,66.73900000000000,0.41450000000000,3.60130000000000,32.4540,13692.7463,17.7144,17.2999,0.4145,17.0132,3.8880,3.8880,0.0000,-0.8162,13692.7463,NA
ExperienceX.exe,56308,0x216C829D570,DXGI,1,0,0,Composed: Flip,13726.3893,NA,16.34310000000000,NA,0.17510000000000,1.97960000000000,NA,13710.4607,16.1037,15.9286,0.1751,17.4538,0.4544,0.4454,0.0090,NA,NA,NA
ExperienceX.exe,56308,0x216C7EA03E0,DXGI,1,0,0,Composed: Flip,13692.6294,NA,15.23230000000000,33.52340000000000,0.11700000000000,0.61760000000000,33.3173,13677.4558,15.2906,15.1736,0.1170,2.7869,13.0043,1.3297,11.6746,-0.3501,13677.4558,NA
ExperienceX.exe,56308,0x216C7EA03E0,DXGI,1,0,0,Composed: Flip,13710.2448,NA,17.61540000000000,NA,0.12770000000000,4.27400000000000,NA,13692.7464,17.6261,17.4984,0.1277,21.3474,0.4250,0.4211,0.0039,NA,NA,NA
ExperienceX.exe,56308,0x216C7EA03E0,DXGI,1,0,0,Composed: Flip,13726.3888,NA,16.14400000000000,NA,0.34470000000000,1.52570000000000,NA,13710.3725,16.3610,16.0163,0.3447,16.8151,0.7269,0.7269,0.0000,NA,NA,NA
ExperienceX.exe,56308,0x216C7EA03E0,DXGI,1,0,0,Composed: Flip,13744.1222,NA,17.73340000000000,NA,0.25310000000000,2.05310000000000,NA,13726.7335,17.6418,17.3887,0.2531,19.0519,0.3899,0.3899,0.0000,NA,NA,NA
ExperienceX.exe,56308,0x216C7EA03E0,DXGI,1,0,0,Composed: Flip,13759.9541,NA,15.83190000000000,66.51990000000001,0.36200000000000,3.21240000000000,32.5125,13744.3753,15.9408,15.5788,0.3620,17.6368,1.1544,1.1544,0.0000,0.3996,13744.3753,NA
ExperienceX.exe,56308,0x216C7EA03E0,DXGI,1,0,0,Composed: Flip,13777.6414,NA,17.68730000000000,16.63550000000000,0.06670000000000,3.05810000000000,31.4607,13760.3161,17.3920,17.3253,0.0667,16.4861,3.8973,3.8973,0.0000,-0.6947,13760.3161,NA
ExperienceX.exe,56308,0x216C7EA03E0,DXGI,1,0,0,Composed: Flip,13792.8349,NA,15.19350000000000,16.70100000000000,0.18200000000000,0.82990000000000,32.9682,13777.7081,15.3088,15.1268,0.1820,15.3236,0.6331,0.6331,0.0000,0.6910,13777.7081,NA
ExperienceX.exe,56308,0x216C829D570,DXGI,1,0,0,Composed: Flip,13744.1642,NA,17.77490000000000,33.29760000000000,0.08380000000000,1.62120000000000,31.6336,13726.5644,17.6836,17.5998,0.0838,16.7611,2.4599,2.4256,0.0343,0.5205,13726.5644,NA
ExperienceX.exe,56308,0x216C829D570,DXGI,1,0,0,Composed: Flip,13759.9529,NA,15.78870000000000,NA,0.37110000000000,3.64890000000000,NA,13744.2480,16.0760,15.7049,0.3711,18.9185,0.4353,0.4313,0.0040,NA,NA,NA
ExperienceX.exe,56308,0x216C829D570,DXGI,1,0,0,Composed: Flip,13776.4809,NA,16.52800000000000,NA,0.94440000000000,5.11550000000000,NA,13760.3240,17.1013,16.1569,0.9444,20.8137,0.4587,0.4534,0.0053,NA,NA,NA
ExperienceX.exe,56308,0x216C829D570,DXGI,1,0,0,Composed: Flip,13792.8350,NA,16.35410000000000,NA,0.18210000000000,1.72290000000000,NA,13777.4253,15.5918,15.4097,0.1821,16.6573,0.4753,0.4697,0.0056,NA,NA,NA
ExperienceX.exe,56308,0x216C829D570,DXGI,1,0,0,Composed: Flip,13810.2396,NA,17.40460000000000,NA,0.11180000000000,3.22650000000000,NA,13793.0171,17.3343,17.2225,0.1118,20.0141,0.4349,0.4349,0.0000,NA,NA,NA
ExperienceX.exe,56308,0x216C7EA03E0,DXGI,1,0,0,Composed: Flip,13810.3225,NA,17.48760000000000,16.91070000000000,0.11680000000000,2.26570000000000,32.3913,13793.0169,17.4224,17.3056,0.1168,16.7900,2.7813,2.7813,0.0000,-1.6019,13793.0169,NA
ExperienceX.exe,56308,0x216C7EA03E0,DXGI,1,0,0,Composed: Flip,13826.0796,NA,15.75710000000000,NA,0.12010000000000,1.57960000000000,NA,13810.4393,15.7604,15.6403,0.1201,16.7647,0.4552,0.4487,0.0065,NA,NA,NA
ExperienceX.exe,56308,0x216838E1150,DXGI,1,0,0,Composed: Flip,13726.3765,NA,16.17920000000000,50.22630000000000,0.17310000000000,0.81110000000000,32.9948,13710.4128,16.1368,15.9637,0.1731,16.1802,0.5946,0.5946,0.0000,0.7142,13710.4128,NA
ExperienceX.exe,56308,0x216838E1150,DXGI,1,0,0,Composed: Flip,13743.9927,NA,17.61620000000000,NA,0.09690000000000,4.17230000000000,NA,13726.5496,17.5400,17.4431,0.0969,19.6257,1.9897,1.9864,0.0033,NA,NA,NA
ExperienceX.exe,56308,0x216838E1150,DXGI,1,0,0,Composed: Flip,13759.9039,NA,15.91120000000000,NA,0.16910000000000,2.10820000000000,NA,13744.0896,15.9834,15.8143,0.1691,16.0447,1.8778,1.8778,0.0000,NA,NA,NA
ExperienceX.exe,56308,0x216838E1150,DXGI,1,0,0,Composed: Flip,13777.4425,NA,17.53860000000000,NA,0.34200000000000,3.69520000000000,NA,13760.0730,17.7115,17.3695,0.3420,20.6265,0.4382,0.4382,0.0000,NA,NA,NA
ExperienceX.exe,56308,0x216838E1150,DXGI,1,0,0,Composed: Flip,13792.8547,NA,15.41220000000000,NA,0.16260000000000,1.22790000000000,NA,13777.7845,15.2328,15.0702,0.1626,15.8803,0.4178,0.4178,0.0000,NA,NA,NA
ExperienceX.exe,56308,0x216838E1150,DXGI,1,0,0,Composed: Flip,13810.3560,NA,17.50130000000000,NA,0.08320000000000,2.67520000000000,NA,13793.0173,17.4219,17.3387,0.0832,19.5709,0.4430,0.4430,0.0000,NA,NA,NA
ExperienceX.exe,56308,0x216838E1150,DXGI,1,0,0,Composed: Flip,13826.0797,NA,15.72370000000000,NA,0.12020000000000,1.12430000000000,NA,13810.4392,15.7607,15.6405,0.1202,16.3185,0.4463,0.4463,0.0000,NA,NA,NA
ExperienceX.exe,56308,0x216838E1150,DXGI,1,0,0,Composed: Flip,13843.5449,NA,17.46520000000000,NA,0.14100000000000,2.34480000000000,NA,13826.1999,17.4860,17.3450,0.1410,17.7748,1.9150,1.9150,0.0000,NA,NA,NA
ExperienceX.exe,56308,0x216C829D570,DXGI,1,0,0,Composed: Flip,13826.0814,NA,15.84180000000000,83.36560000000000,0.11820000000000,0.67630000000000,33.0820,13810.3514,15.8482,15.7300,0.1182,3.1147,13.2916,1.4306,11.8610,0.4214,13810.3514,NA
ExperienceX.exe,56308,0x216C829D570,DXGI,1,0,0,Composed: Flip,13844.6629,NA,18.58150000000000,NA,0.21600000000000,4.05240000000000,NA,13826.1996,18.6793,18.4633,0.2160,22.0818,0.4339,0.4303,0.0036,NA,NA,NA
ExperienceX.exe,56308,0x216C829D570,DXGI,1,0,0,Composed: Flip,13859.5513,NA,14.88840000000000,NA,0.27530000000000,1.88340000000000,NA,13844.8789,14.9477,14.6724,0.2753,16.1374,0.4184,0.4184,0.0000,NA,NA,NA
ExperienceX.exe,56308,0x216C829D570,DXGI,1,0,0,Composed: Flip,13876.7015,NA,17.15020000000000,49.92240000000000,0.38750000000000,3.61350000000000,32.3843,13859.8266,17.2624,16.8749,0.3875,16.6088,3.8796,3.8796,0.0000,-0.4472,13859.8266,NA
ExperienceX.exe,56308,0x216C829D570,DXGI,1,0,0,Composed: Flip,13892.6437,NA,15.94220000000000,16.66950000000000,0.05560000000000,0.82090000000000,33.1116,13877.0890,15.6103,15.5547,0.0556,15.6314,0.7442,0.7442,0.0000,0.5929,13877.0890,NA
ExperienceX.exe,56308,0x216C829D570,DXGI,1,0,0,Composed: Flip,13910.5010,NA,17.85730000000000,16.66510000000000,0.15160000000000,1.89340000000000,31.9194,13892.6993,17.9533,17.8017,0.1516,17.3597,2.3354,2.3354,0.0000,-1.0548,13892.6993,NA
ExperienceX.exe,56308,0x216C7EA03E0,DXGI,1,0,0,Composed: Flip,13843.5460,NA,17.46640000000000,33.04470000000000,0.13910000000000,4.73540000000000,32.2125,13826.1997,17.4854,17.3463,0.1391,19.6900,2.3917,2.3917,0.0000,0.1381,13826.1997,NA
ExperienceX.exe,56308,0x216C7EA03E0,DXGI,1,0,0,Composed: Flip,13859.5518,NA,16.00580000000000,NA,0.24850000000000,2.33010000000000,NA,13843.6851,16.1152,15.8667,0.2485,17.7496,0.4472,0.4394,0.0078,NA,NA,NA
ExperienceX.exe,56308,0x216C7EA03E0,DXGI,1,0,0,Composed: Flip,13876.9522,NA,17.40040000000000,NA,0.11960000000000,3.80480000000000,NA,13859.8003,17.2715,17.1519,0.1196,20.5147,0.4420,0.4420,0.0000,NA,NA,NA
ExperienceX.exe,56308,0x216C7EA03E0,DXGI,1,0,0,Composed: Flip,13892.6914,NA,15.73920000000000,NA,0.19640000000000,1.00760000000000,NA,13877.0718,15.8160,15.6196,0.1964,16.3928,0.2344,0.2344,0.0000,NA,NA,NA
ExperienceX.exe,56308,0x216C7EA03E0,DXGI,1,0,0,Composed: Flip,13910.5005,NA,17.80910000000000,NA,0.06940000000000,5.01030000000000,NA,13892.8878,17.6821,17.6127,0.0694,19.9412,2.6818,2.6719,0.0099,NA,NA,NA
ExperienceX.exe,56308,0x216C7EA03E0,DXGI,1,0,0,Composed: Flip,13926.0884,NA,15.58790000000000,NA,0.16240000000000,1.26980000000000,NA,13910.5699,15.6809,15.5185,0.1624,15.6030,1.1853,1.1853,0.0000,NA,NA,NA
ExperienceX.exe,56308,0x216C829D570,DXGI,1,0,0,Composed: Flip,13926.0645,NA,15.56350000000000,16.66830000000000,0.07430000000000,2.42430000000000,33.0242,13910.6526,15.4862,15.4119,0.0743,16.7056,1.1306,1.1306,0.0000,1.2850,13910.6526,NA
ExperienceX.exe,56308,0x216C829D570,DXGI,1,0,0,Composed: Flip,13943.6711,NA,17.60660000000000,NA,0.13630000000000,4.87950000000000,NA,13926.1388,17.6686,17.5323,0.1363,21.9724,0.4394,0.4333,0.0061,NA,NA,NA
ExperienceX.exe,56308,0x216838E1150,DXGI,1,0,0,Composed: Flip,13859.5512,NA,16.00630000000000,133.06610000000001,0.24930000000000,1.46510000000000,32.8862,13843.6859,16.1146,15.8653,0.2493,16.1268,1.2036,1.2036,0.0000,0.2070,13843.6859,NA
ExperienceX.exe,56308,0x216838E1150,DXGI,1,0,0,Composed: Flip,13876.7146,NA,17.16340000000000,NA,0.23640000000000,4.46620000000000,NA,13859.8005,17.1505,16.9141,0.2364,20.9565,0.4238,0.4201,0.0037,NA,NA,NA
ExperienceX.exe,56308,0x216838E1150,DXGI,1,0,0,Composed: Flip,13892.6433,NA,15.92870000000000,NA,0.05600000000000,1.50860000000000,NA,13876.9510,15.7483,15.6923,0.0560,16.7480,0.4529,0.4468,0.0061,NA,NA,NA
ExperienceX.exe,56308,0x216838E1150,DXGI,1,0,0,Composed: Flip,13910.4021,NA,17.75880000000000,NA,0.11200000000000,2.42690000000000,NA,13892.6993,17.8148,17.7028,0.1120,19.6951,0.4346,0.4346,0.0000,NA,NA,NA
ExperienceX.exe,56308,0x216838E1150,DXGI,1,0,0,Composed: Flip,13926.0649,NA,15.66280000000000,NA,0.07380000000000,2.86470000000000,NA,13910.5141,15.6246,15.5508,0.0738,17.9747,0.4408,0.4369,0.0039,NA,NA,NA
ExperienceX.exe,56308,0x216838E1150,DXGI,1,0,0,Composed: Flip,13943.5922,NA,17.52730000000000,NA,0.07980000000000,1.42220000000000,NA,13926.1387,17.5333,17.4535,0.0798,16.9830,1.8927,1.8927,0.0000,NA,NA,NA
ExperienceX.exe,56308,0x216838E1150,DXGI,1,0,0,Composed: Flip,13959.3953,NA,15.80310000000000,NA,0.15920000000000,0.78050000000000,NA,13943.6720,15.8825,15.7233,0.1592,15.8793,0.6245,0.6245,0.0000,NA,NA,NA
ExperienceX.exe,56308,0x216838E1150,DXGI,1,0,0,Composed: Flip,13976.8178,NA,17.42250000000000,116.65170000000001,0.10970000000000,3.47580000000000,32.2713,13959.5545,17.3730,17.2633,0.1097,16.8824,3.8567,3.8567,0.0000,-0.7831,13959.5545,NA
ExperienceX.exe,56308,0x216838E1150,DXGI,1,0,0,Composed: Flip,13992.8145,NA,15.99670000000000,16.68020000000000,0.20030000000000,1.21550000000000,32.9548,13976.9275,16.0873,15.8870,0.2003,16.6421,0.4604,0.4604,0.0000,0.6928,13976.9275,NA
ExperienceX.exe,56308,0x216838E1150,DXGI,1,0,0,Composed: Flip,14011.3626,NA,18.54810000000000,16.95720000000000,0.14100000000000,1.03170000000000,31.3639,13993.0148,18.4888,18.3478,0.1410,16.9591,2.4204,2.4119,0.0085,-0.8699,13993.0148,NA
ExperienceX.exe,56308,0x216C7EA03E0,DXGI,1,0,0,Composed: Flip,13943.5716,NA,17.48320000000000,100.00310000000000,0.10060000000000,4.53960000000000,32.1900,13926.2508,17.4214,17.3208,0.1006,18.7636,3.0968,3.0968,0.0000,0.0480,13926.2508,NA
ExperienceX.exe,56308,0x216C7EA03E0,DXGI,1,0,0,Composed: Flip,13959.3820,NA,15.81040000000000,NA,0.17250000000000,1.60030000000000,NA,13943.6722,15.8823,15.7098,0.1725,16.8533,0.4568,0.4511,0.0057,NA,NA,NA
ExperienceX.exe,56308,0x216C7EA03E0,DXGI,1,0,0,Composed: Flip,13976.9853,NA,17.60330000000000,NA,0.09680000000000,3.74800000000000,NA,13959.5545,17.5276,17.4308,0.0968,20.7391,0.4397,0.4397,0.0000,NA,NA,NA
ExperienceX.exe,56308,0x216C7EA03E0,DXGI,1,0,0,Composed: Flip,13992.8178,NA,15.83250000000000,NA,0.22220000000000,0.75180000000000,NA,13977.0821,15.9579,15.7357,0.2222,15.9680,0.5195,0.5195,0.0000,NA,NA,NA
ExperienceX.exe,56308,0x216C7EA03E0,DXGI,1,0,0,Composed: Flip,14009.7598,NA,16.94200000000000,NA,0.57430000000000,3.05570000000000,NA,13993.0400,17.2941,16.7198,0.5743,19.3543,0.4212,0.4212,0.0000,NA,NA,NA
ExperienceX.exe,56308,0x216C7EA03E0,DXGI,1,0,0,Composed: Flip,14026.0294,NA,16.26960000000000,NA,0.32800000000000,1.74370000000000,NA,14010.3341,16.0233,15.6953,0.3280,16.7649,0.6741,0.6451,0.0290,NA,NA,NA
ExperienceX.exe,56308,0x0,Other,-1,0,0,Composed: Flip,13543.8849,NA,384.11180000000002,616.65719999999999,0.00000000000000,1.66150000000000,31.8657,13159.7731,384.1118,384.1118,0.0000,383.4515,2.3218,2.3218,0.0000,-316.7589,13159.7731,NA
ExperienceX.exe,56308,0x0,Other,-1,0,0,Composed: Flip,13659.8298,NA,115.94490000000000,NA,0.00000000000000,1.07460000000000,NA,13543.8849,115.9449,115.9449,0.0000,116.5558,0.4637,0.4580,0.0057,NA,NA,NA
ExperienceX.exe,56308,0x0,Other,-1,0,0,Composed: Flip,14059.6740,NA,399.84420000000000,NA,0.00000000000000,1.18560000000000,NA,13659.8298,399.8442,399.8442,0.0000,400.5795,0.4503,0.4452,0.0051,NA,NA,NA
ExperienceX.exe,56308,0x216838E1150,DXGI,1,0,0,Composed: Flip,14025.9946,NA,14.63200000000000,16.36130000000000,0.06020000000000,0.74320000000000,33.0932,14011.5036,14.5512,14.4910,0.0602,14.5666,0.6676,0.6676,0.0000,2.1275,14011.5036,NA
ExperienceX.exe,56308,0x216838E1150,DXGI,1,0,0,Composed: Flip,14044.1491,NA,18.15450000000000,NA,0.08120000000000,2.65780000000000,NA,14026.0548,18.1755,18.0943,0.0812,20.3022,0.4499,0.4499,0.0000,NA,NA,NA
ExperienceX.exe,56308,0x216838E1150,DXGI,1,0,0,Composed: Flip,14077.7954,NA,33.64630000000000,50.00080000000001,0.29470000000000,1.64260000000000,31.2932,14044.2303,33.8598,33.5651,0.2947,32.7782,2.4295,2.4295,0.0000,-17.2741,14044.2303,NA
ExperienceX.exe,56308,0x216838E1150,DXGI,1,0,0,Composed: Flip,14092.8942,NA,15.09880000000000,16.69300000000000,0.14990000000000,1.11870000000000,32.8874,14078.0901,14.9540,14.8041,0.1499,15.4575,0.4653,0.4653,0.0000,17.1668,14078.0901,NA
ExperienceX.exe,56308,0x216838E1150,DXGI,1,0,0,Composed: Flip,14110.5216,NA,17.62740000000000,16.63800000000000,0.15070000000000,1.79780000000000,31.8980,14093.0441,17.6282,17.4775,0.1507,16.8606,2.4147,2.4147,0.0000,-1.6840,14093.0441,NA
ExperienceX.exe,56308,0x216C7EA03E0,DXGI,1,0,0,Composed: Flip,14043.8632,NA,17.83380000000000,100.04660000000000,0.31530000000000,2.49380000000000,31.9450,14026.3574,17.8211,17.5058,0.3153,17.2173,2.7823,2.7823,0.0000,0.0600,14026.3574,NA
ExperienceX.exe,56308,0x216C7EA03E0,DXGI,1,0,0,Composed: Flip,14059.3160,NA,15.45280000000000,NA,0.11270000000000,0.62440000000000,NA,14044.1785,15.2502,15.1375,0.1127,3.0594,12.7025,1.0373,11.6652,NA,NA,NA
ExperienceX.exe,56308,0x216C7EA03E0,DXGI,1,0,0,Composed: Flip,14077.9552,NA,18.63920000000000,NA,0.08750000000000,1.93140000000000,NA,14059.4287,18.6140,18.5265,0.0875,20.0093,0.4486,0.4486,0.0000,NA,NA,NA
ExperienceX.exe,56308,0x216C7EA03E0,DXGI,1,0,0,Composed: Flip,14092.8943,NA,14.93910000000000,NA,0.14990000000000,0.65330000000000,NA,14078.0427,15.0015,14.8516,0.1499,14.9675,0.5374,0.5374,0.0000,NA,NA,NA
ExperienceX.exe,56308,0x216C7EA03E0,DXGI,1,0,0,Composed: Flip,14110.8076,NA,17.91330000000000,NA,0.05570000000000,1.96090000000000,NA,14093.0442,17.8191,17.7634,0.0557,19.2752,0.4491,0.4491,0.0000,NA,NA,NA
ExperienceX.exe,56308,0x216C7EA03E0,DXGI,1,0,0,Composed: Flip,14126.1146,NA,15.30700000000000,NA,0.21870000000000,1.56630000000000,NA,14110.8633,15.4700,15.2513,0.2187,16.3185,0.4991,0.4934,0.0057,NA,NA,NA
ExperienceX.exe,56308,0x216838E1150,DXGI,1,0,0,Composed: Flip,14126.0690,NA,15.54740000000000,16.66060000000000,0.05740000000000,0.65710000000000,33.0112,14110.6723,15.4541,15.3967,0.0574,15.5177,0.5361,0.5361,0.0000,0.9676,14110.6723,NA
ExperienceX.exe,56308,0x216838E1150,DXGI,1,0,0,Composed: Flip,14143.4733,NA,17.40430000000000,NA,0.16190000000000,6.40530000000000,NA,14126.1264,17.5088,17.3469,0.1619,20.5326,3.2196,3.2127,0.0069,NA,NA,NA
ExperienceX.exe,56308,0x216838E1150,DXGI,1,0,0,Composed: Flip,14159.3247,NA,15.85140000000000,33.42440000000000,0.12340000000000,1.43090000000000,33.1799,14143.6352,15.8129,15.6895,0.1234,16.6422,0.4782,0.4782,0.0000,-0.4615,14143.6352,NA
ExperienceX.exe,56308,0x216C829D570,DXGI,1,0,0,Composed: Flip,13959.3822,NA,15.71110000000000,33.37870000000000,0.17230000000000,1.14330000000000,33.0852,13943.8074,15.7471,15.5748,0.1723,16.3684,0.3497,0.3497,0.0000,-0.2239,13943.8074,NA
ExperienceX.exe,56308,0x216C829D570,DXGI,1,0,0,Composed: Flip,13976.9713,NA,17.58910000000000,NA,0.06720000000000,4.19130000000000,NA,13959.5545,17.4840,17.4168,0.0672,21.1788,0.4293,0.4261,0.0032,NA,NA,NA
ExperienceX.exe,56308,0x216C829D570,DXGI,1,0,0,Composed: Flip,13992.8157,NA,15.84440000000000,NA,0.19910000000000,1.66240000000000,NA,13977.0385,15.9763,15.7772,0.1991,16.9915,0.4481,0.4419,0.0062,NA,NA,NA
ExperienceX.exe,56308,0x216C829D570,DXGI,1,0,0,Composed: Flip,14010.2626,NA,17.44690000000000,NA,0.10850000000000,5.19710000000000,NA,13993.0148,17.3563,17.2478,0.1085,19.8007,2.6442,2.6387,0.0055,NA,NA,NA
ExperienceX.exe,56308,0x216C829D570,DXGI,1,0,0,Composed: Flip,14025.9985,NA,15.73590000000000,NA,0.05610000000000,1.10050000000000,NA,14010.3711,15.6835,15.6274,0.0561,16.3667,0.3612,0.3612,0.0000,NA,NA,NA
ExperienceX.exe,56308,0x216C829D570,DXGI,1,0,0,Composed: Flip,14043.7627,NA,17.76420000000000,NA,0.26560000000000,3.47520000000000,NA,14026.0546,17.9737,17.7081,0.2656,20.7523,0.4310,0.4310,0.0000,NA,NA,NA
ExperienceX.exe,56308,0x216C829D570,DXGI,1,0,0,Composed: Flip,14077.2394,NA,33.47670000000000,NA,0.25200000000000,4.68650000000000,NA,14044.0283,33.4631,33.2111,0.2520,35.8583,2.0393,2.0340,0.0053,NA,NA,NA
ExperienceX.exe,56308,0x216C829D570,DXGI,1,0,0,Composed: Flip,14092.8944,NA,15.65500000000000,NA,0.14980000000000,1.58480000000000,NA,14077.4914,15.5528,15.4030,0.1498,16.5215,0.4663,0.4617,0.0046,NA,NA,NA
ExperienceX.exe,56308,0x216C829D570,DXGI,1,0,0,Composed: Flip,14110.8677,NA,17.97330000000000,NA,0.06520000000000,4.72170000000000,NA,14093.0442,17.8887,17.8235,0.0652,19.7243,2.8209,2.8170,0.0039,NA,NA,NA
ExperienceX.exe,56308,0x216C829D570,DXGI,1,0,0,Composed: Flip,14126.1145,NA,15.24680000000000,NA,0.21880000000000,1.06730000000000,NA,14110.9329,15.4004,15.1816,0.2188,15.7932,0.4557,0.4557,0.0000,NA,NA,NA
ExperienceX.exe,56308,0x216C829D570,DXGI,1,0,0,Composed: Flip,14143.2782,NA,17.16370000000000,NA,0.38520000000000,3.38080000000000,NA,14126.3333,17.3301,16.9449,0.3852,19.8736,0.4521,0.4521,0.0000,NA,NA,NA
ExperienceX.exe,56308,0x216C829D570,DXGI,1,0,0,Composed: Flip,14159.3245,NA,16.04630000000000,NA,0.12390000000000,1.88260000000000,NA,14143.6634,15.7850,15.6611,0.1239,17.0922,0.4515,0.4460,0.0055,NA,NA,NA
ExperienceX.exe,56308,0x216C829D570,DXGI,1,0,0,Composed: Flip,14176.6561,NA,17.33160000000000,NA,0.33510000000000,5.39940000000000,NA,14159.4484,17.5428,17.2077,0.3351,19.8413,2.7658,2.7589,0.0069,NA,NA,NA
ExperienceX.exe,56308,0x216C829D570,DXGI,1,0,0,Composed: Flip,14193.0581,NA,16.40200000000000,233.34430000000000,0.38000000000000,3.14010000000000,32.7536,14176.9912,16.4469,16.0669,0.3800,19.0116,0.1954,0.1905,0.0049,-0.1605,14176.9912,NA
ExperienceX.exe,56308,0x216838E1150,DXGI,1,0,0,Composed: Flip,14176.6551,NA,17.33040000000000,16.58680000000000,0.33620000000000,2.19670000000000,32.4363,14159.4481,17.5432,17.2070,0.3362,16.9975,2.4062,2.4062,0.0000,-0.7739,14159.4481,NA
ExperienceX.exe,56308,0x216838E1150,DXGI,1,0,0,Composed: Flip,14193.0579,NA,16.40280000000000,NA,0.37410000000000,2.94490000000000,NA,14176.9913,16.4407,16.0666,0.3741,18.2441,0.7674,0.7674,0.0000,NA,NA,NA
ExperienceX.exe,56308,0x216838E1150,DXGI,1,0,0,Composed: Flip,14210.2376,NA,17.17970000000000,NA,0.11440000000000,2.41620000000000,NA,14193.4320,16.9200,16.8056,0.1144,18.8395,0.3823,0.3823,0.0000,NA,NA,NA
ExperienceX.exe,56308,0x216C829D570,DXGI,1,0,0,Composed: Flip,14210.2328,NA,17.17470000000000,16.67620000000000,0.07550000000000,2.03870000000000,32.2551,14193.4381,16.8702,16.7947,0.0755,16.3509,2.4825,2.4825,0.0000,-0.2293,14193.4381,NA
ExperienceX.exe,56308,0x216C829D570,DXGI,1,0,0,Composed: Flip,14226.3128,NA,16.08000000000000,NA,0.23500000000000,3.46630000000000,NA,14210.3083,16.2395,16.0045,0.2350,17.4151,2.0557,2.0455,0.0102,NA,NA,NA
ExperienceX.exe,56308,0x216C829D570,DXGI,1,0,0,Composed: Flip,14245.6081,NA,19.29530000000000,33.25280000000000,0.20740000000000,1.63110000000000,30.1326,14226.5478,19.2677,19.0603,0.2074,18.2628,2.4286,2.4286,0.0000,-0.1431,14226.5478,NA
ExperienceX.exe,56308,0x216838E1150,DXGI,1,0,0,Composed: Flip,14226.2665,NA,16.02890000000000,50.25500000000000,0.06150000000000,1.05400000000000,33.0799,14210.3520,15.9760,15.9145,0.0615,16.0245,0.9440,0.9440,0.0000,0.6489,14210.3520,NA
ExperienceX.exe,56308,0x216838E1150,DXGI,1,0,0,Composed: Flip,14245.6287,NA,19.36220000000000,NA,0.18070000000000,4.99480000000000,NA,14226.3280,19.4814,19.3007,0.1807,21.3593,2.9362,2.9280,0.0082,NA,NA,NA
ExperienceX.exe,56308,0x216838E1150,DXGI,1,0,0,Composed: Flip,14259.7329,NA,14.10420000000000,NA,0.05960000000000,2.00200000000000,NA,14245.8094,13.9831,13.9235,0.0596,15.4566,0.4689,0.4620,0.0069,NA,NA,NA
ExperienceX.exe,56308,0x216838E1150,DXGI,1,0,0,Composed: Flip,14276.5007,NA,16.76780000000000,49.74050000000000,0.28780000000000,4.51750000000000,32.5862,14259.7925,16.9960,16.7082,0.2878,16.5082,4.7175,4.7175,0.0000,-0.3000,14259.7925,NA
ExperienceX.exe,56308,0x216838E1150,DXGI,1,0,0,Composed: Flip,14292.6858,NA,16.18510000000000,16.68580000000000,0.04710000000000,0.62490000000000,33.0869,14276.7885,15.9444,15.8973,0.0471,15.9832,0.5390,0.5390,0.0000,0.3102,14276.7885,NA
ExperienceX.exe,56308,0x216C7EA03E0,DXGI,1,0,0,Composed: Flip,14143.4184,NA,17.30380000000000,99.94710000000001,0.21720000000000,2.78850000000000,32.3369,14126.3333,17.3023,17.0851,0.2172,16.7331,3.1405,3.1405,0.0000,0.0288,14126.3333,NA
ExperienceX.exe,56308,0x216C7EA03E0,DXGI,1,0,0,Composed: Flip,14159.3251,NA,15.90670000000000,NA,0.12300000000000,0.95230000000000,NA,14143.6356,15.8125,15.6895,0.1230,15.7994,0.8424,0.8424,0.0000,NA,NA,NA
ExperienceX.exe,56308,0x216C7EA03E0,DXGI,1,0,0,Composed: Flip,14176.6571,NA,17.33200000000000,NA,0.33360000000000,2.63260000000000,NA,14159.4481,17.5426,17.2090,0.3336,19.4037,0.4379,0.4379,0.0000,NA,NA,NA
ExperienceX.exe,56308,0x216C7EA03E0,DXGI,1,0,0,Composed: Flip,14193.0538,NA,16.39670000000000,NA,0.39320000000000,2.18160000000000,NA,14176.9907,16.4563,16.0631,0.3932,16.6517,1.5930,1.5930,0.0000,NA,NA,NA
ExperienceX.exe,56308,0x216C7EA03E0,DXGI,1,0,0,Composed: Flip,14210.2368,NA,17.18300000000000,NA,0.11520000000000,5.16620000000000,NA,14193.4470,16.9050,16.7898,0.1152,19.2068,2.7492,2.7436,0.0056,NA,NA,NA
ExperienceX.exe,56308,0x216C7EA03E0,DXGI,1,0,0,Composed: Flip,14226.3134,NA,16.07660000000000,NA,0.23360000000000,1.41000000000000,NA,14210.3520,16.1950,15.9614,0.2336,16.9685,0.4029,0.4029,0.0000,NA,NA,NA
ExperienceX.exe,56308,0x216C7EA03E0,DXGI,1,0,0,Composed: Flip,14245.2040,NA,18.89060000000000,NA,0.09670000000000,2.48330000000000,NA,14226.5470,18.7537,18.6570,0.0967,20.6922,0.4481,0.4481,0.0000,NA,NA,NA
ExperienceX.exe,56308,0x216C7EA03E0,DXGI,1,0,0,Composed: Flip,14259.7386,NA,14.53460000000000,NA,0.09630000000000,1.04350000000000,NA,14245.3007,14.5342,14.4379,0.0963,14.6078,0.8736,0.8736,0.0000,NA,NA,NA
ExperienceX.exe,56308,0x216C7EA03E0,DXGI,1,0,0,Composed: Flip,14276.5270,NA,16.78840000000000,NA,0.29000000000000,4.94200000000000,NA,14259.8349,16.9821,16.6921,0.2900,21.1833,0.4508,0.4508,0.0000,NA,NA,NA
ExperienceX.exe,56308,0x216C7EA03E0,DXGI,1,0,0,Composed: Flip,14292.7202,NA,16.19320000000000,NA,0.17280000000000,1.54840000000000,NA,14276.8170,16.0760,15.9032,0.1728,16.9936,0.4580,0.4519,0.0061,NA,NA,NA
ExperienceX.exe,56308,0x216C7EA03E0,DXGI,1,0,0,Composed: Flip,14309.9535,NA,17.23330000000000,NA,0.31400000000000,1.73640000000000,NA,14292.8930,17.3745,17.0605,0.3140,16.8336,1.9633,1.9633,0.0000,NA,NA,NA
ExperienceX.exe,56308,0x216838E1150,DXGI,1,0,0,Composed: Flip,14310.2258,NA,17.54000000000000,16.65730000000000,0.08580000000000,4.66130000000000,32.2042,14292.7329,17.5787,17.4929,0.0858,18.9570,3.1972,3.1972,0.0000,-0.7129,14292.7329,NA
ExperienceX.exe,56308,0x216838E1150,DXGI,1,0,0,Composed: Flip,14326.0211,NA,15.79530000000000,NA,0.07890000000000,1.09830000000000,NA,14310.3116,15.7884,15.7095,0.0789,16.3299,0.4779,0.4779,0.0000,NA,NA,NA
ExperienceX.exe,56308,0x216838E1150,DXGI,1,0,0,Composed: Flip,14343.8189,NA,17.79780000000000,33.41720000000000,0.06890000000000,1.86360000000000,32.0283,14326.1000,17.7878,17.7189,0.0689,17.1573,2.4252,2.4252,0.0000,-0.0501,14326.1000,NA
ExperienceX.exe,56308,0x216C829D570,DXGI,1,0,0,Composed: Flip,14259.7561,NA,14.14800000000000,16.68650000000000,0.24290000000000,1.50990000000000,32.6711,14245.8155,14.1835,13.9406,0.2429,14.9666,0.4839,0.4839,0.0000,2.5812,14245.8155,NA
ExperienceX.exe,56308,0x216C829D570,DXGI,1,0,0,Composed: Flip,14276.5023,NA,16.74620000000000,NA,0.30410000000000,5.42310000000000,NA,14259.9990,16.8074,16.5033,0.3041,21.4700,0.4564,0.4506,0.0058,NA,NA,NA
ExperienceX.exe,56308,0x216C829D570,DXGI,1,0,0,Composed: Flip,14292.7195,NA,16.21720000000000,NA,0.17420000000000,1.09110000000000,NA,14276.8064,16.0873,15.9131,0.1742,16.5043,0.4999,0.4999,0.0000,NA,NA,NA
ExperienceX.exe,56308,0x216C829D570,DXGI,1,0,0,Composed: Flip,14309.9581,NA,17.23860000000000,NA,0.33580000000000,5.38070000000000,NA,14292.8937,17.4002,17.0644,0.3358,21.9934,0.4517,0.4455,0.0062,NA,NA,NA
ExperienceX.exe,56308,0x216C829D570,DXGI,1,0,0,Composed: Flip,14343.4663,NA,33.50820000000000,NA,0.26570000000000,5.42340000000000,NA,14310.2939,33.4381,33.1724,0.2657,35.8299,2.7659,2.7603,0.0056,NA,NA,NA
ExperienceX.exe,56308,0x216C829D570,DXGI,1,0,0,Composed: Flip,14359.4778,NA,16.01150000000000,NA,0.16770000000000,1.00700000000000,NA,14343.7320,15.9135,15.7458,0.1677,15.8679,0.8849,0.8849,0.0000,NA,NA,NA
ExperienceX.exe,56308,0x216838E1150,DXGI,1,0,0,Composed: Flip,14359.4774,NA,15.65850000000000,16.57000000000000,0.16790000000000,1.93110000000000,32.9398,14343.8878,15.7575,15.5896,0.1679,17.0620,0.4587,0.4531,0.0056,1.2178,14343.8878,NA
ExperienceX.exe,56308,0x216838E1150,DXGI,1,0,0,Composed: Flip,14377.2718,NA,17.79440000000000,NA,0.62370000000000,3.41150000000000,NA,14359.6453,18.2502,17.6265,0.6237,20.5762,0.4618,0.4618,0.0000,NA,NA,NA
ExperienceX.exe,56308,0x216C829D570,DXGI,1,0,0,Composed: Flip,14377.6323,NA,18.15450000000000,116.64570000000001,0.20240000000000,2.13900000000000,31.4406,14359.6455,18.1892,17.9868,0.2024,17.2519,2.8739,2.8739,0.0000,-2.8157,14359.6455,NA
ExperienceX.exe,56308,0x216C829D570,DXGI,1,0,0,Composed: Flip,14392.7126,NA,15.08030000000000,NA,0.09330000000000,1.31920000000000,NA,14377.8347,14.9712,14.8779,0.0933,2.8486,13.3485,2.1018,11.2467,NA,NA,NA
ExperienceX.exe,56308,0x216C829D570,DXGI,1,0,0,Composed: Flip,14410.1310,NA,17.41840000000000,33.34980000000000,0.12060000000000,5.39490000000000,32.2917,14392.8059,17.4457,17.3251,0.1206,18.8117,3.9083,3.9083,0.0000,-0.1894,14392.8059,NA
ExperienceX.exe,56308,0x216838E1150,DXGI,1,0,0,Composed: Flip,14392.7125,NA,15.44070000000000,33.37860000000000,0.09340000000000,2.22890000000000,33.0833,14377.8955,14.9104,14.8170,0.0934,16.5876,0.4583,0.4540,0.0043,0.6291,14377.8955,NA
ExperienceX.exe,56308,0x216838E1150,DXGI,1,0,0,Composed: Flip,14410.0270,NA,17.31450000000000,NA,0.35330000000000,5.95180000000000,NA,14392.8059,17.5744,17.2211,0.3533,22.7200,0.4529,0.4491,0.0038,NA,NA,NA
ExperienceX.exe,56308,0x0,Other,-1,0,0,Composed: Flip,14059.6834,NA,0.00940000000000,516.74239999999998,0.00000000000000,0.72590000000000,32.8096,14059.6740,0.0094,0.0094,0.0000,0.2664,0.4689,0.4689,0.0000,383.1585,14059.6740,NA
ExperienceX.exe,56308,0x0,Other,-1,0,0,Composed: Flip,14326.4488,NA,266.76540000000000,NA,0.00000000000000,0.19270000000000,NA,14059.6834,266.7654,266.7654,0.0000,266.4251,0.5330,0.5330,0.0000,NA,NA,NA
ExperienceX.exe,56308,0x0,Other,-1,0,0,Composed: Flip,14426.7320,NA,100.28320000000001,NA,0.00000000000000,2.07360000000000,NA,14326.4488,100.2832,100.2832,0.0000,101.9087,0.4481,0.4430,0.0051,NA,NA,NA
ExperienceX.exe,56308,0x216838E1150,DXGI,1,0,0,Composed: Flip,14443.5237,NA,33.49670000000000,49.94560000000000,0.40880000000000,6.17630000000000,32.2177,14410.3803,33.5522,33.1434,0.4088,35.6513,3.6684,3.6684,0.0000,-17.4608,14410.3803,NA
ExperienceX.exe,56308,0x216838E1150,DXGI,1,0,0,Composed: Flip,14459.4706,NA,15.94690000000000,NA,0.10330000000000,1.62490000000000,NA,14443.9325,15.6414,15.5381,0.1033,16.6800,0.4830,0.4777,0.0053,NA,NA,NA
ExperienceX.exe,56308,0x0,Other,-1,0,0,Composed: Flip,14460.0587,NA,33.32670000000000,399.95770000000005,0.00000000000000,0.55380000000000,32.3920,14426.7320,33.3267,33.3267,0.0000,33.6073,0.2732,0.2732,0.0000,-32.8997,14426.7320,NA
ExperienceX.exe,56308,0x216838E1150,DXGI,1,0,0,Composed: Flip,14476.8141,NA,17.34350000000000,33.34220000000000,0.05570000000000,3.09430000000000,32.2695,14459.5739,17.2959,17.2402,0.0557,16.7728,3.5617,3.5617,0.0000,15.8514,14459.5739,NA
ExperienceX.exe,56308,0x216838E1150,DXGI,1,0,0,Composed: Flip,14492.6943,NA,15.88020000000000,NA,0.10790000000000,0.64100000000000,NA,14476.8698,15.9324,15.8245,0.1079,15.9236,0.5419,0.5419,0.0000,NA,NA,NA
ExperienceX.exe,56308,0x216C7EA03E0,DXGI,1,0,0,Composed: Flip,14326.0212,NA,16.06770000000000,183.38310000000001,0.07860000000000,1.57720000000000,33.1172,14310.2675,15.8323,15.7537,0.0786,16.8519,0.4790,0.4712,0.0078,0.5511,14310.2675,NA
ExperienceX.exe,56308,0x216C7EA03E0,DXGI,1,0,0,Composed: Flip,14343.8422,NA,17.82100000000000,NA,0.09610000000000,2.28160000000000,NA,14326.0998,17.8385,17.7424,0.0961,19.5827,0.4413,0.4413,0.0000,NA,NA,NA
ExperienceX.exe,56308,0x216C7EA03E0,DXGI,1,0,0,Composed: Flip,14359.4775,NA,15.63530000000000,NA,0.16800000000000,1.47230000000000,NA,14343.9383,15.7072,15.5392,0.1680,16.5465,0.4650,0.4650,0.0000,NA,NA,NA
ExperienceX.exe,56308,0x216C7EA03E0,DXGI,1,0,0,Composed: Flip,14377.2521,NA,17.77460000000000,NA,0.11210000000000,2.96940000000000,NA,14359.6455,17.7187,17.6066,0.1121,20.1258,0.4502,0.4502,0.0000,NA,NA,NA
ExperienceX.exe,56308,0x216C7EA03E0,DXGI,1,0,0,Composed: Flip,14392.7415,NA,15.48940000000000,NA,0.16250000000000,1.74160000000000,NA,14377.3642,15.5398,15.3773,0.1625,16.6676,0.4513,0.4513,0.0000,NA,NA,NA
ExperienceX.exe,56308,0x216C7EA03E0,DXGI,1,0,0,Composed: Flip,14410.2029,NA,17.46140000000000,NA,0.06320000000000,1.41470000000000,NA,14392.9040,17.3621,17.2989,0.0632,16.7595,1.9541,1.9541,0.0000,NA,NA,NA
ExperienceX.exe,56308,0x216C7EA03E0,DXGI,1,0,0,Composed: Flip,14426.4063,NA,16.20340000000000,NA,0.06070000000000,0.56450000000000,NA,14410.2661,16.2009,16.1402,0.0607,16.1554,0.5493,0.5493,0.0000,NA,NA,NA
ExperienceX.exe,56308,0x216C7EA03E0,DXGI,1,0,0,Composed: Flip,14443.5869,NA,17.18060000000000,NA,0.34670000000000,6.56350000000000,NA,14426.4670,17.4666,17.1199,0.3467,23.2330,0.4504,0.4398,0.0106,NA,NA,NA
ExperienceX.exe,56308,0x216C7EA03E0,DXGI,1,0,0,Composed: Flip,14459.4699,NA,15.88300000000000,NA,0.10460000000000,0.86940000000000,NA,14443.9336,15.6409,15.5363,0.1046,15.6871,0.7186,0.7186,0.0000,NA,NA,NA
ExperienceX.exe,56308,0x216C7EA03E0,DXGI,1,0,0,Composed: Flip,14476.1832,NA,16.71330000000000,NA,0.10130000000000,6.38550000000000,NA,14459.5745,16.7100,16.6087,0.1013,20.7773,2.2169,2.2055,0.0114,NA,NA,NA
ExperienceX.exe,56308,0x216C7EA03E0,DXGI,1,0,0,Composed: Flip,14492.6942,NA,16.51100000000000,NA,0.10790000000000,1.09340000000000,NA,14476.2845,16.5176,16.4097,0.1079,17.0508,0.4523,0.4523,0.0000,NA,NA,NA
ExperienceX.exe,56308,0x216C7EA03E0,DXGI,1,0,0,Composed: Flip,14509.6793,NA,16.98510000000000,NA,0.57100000000000,3.52640000000000,NA,14492.8021,17.4482,16.8772,0.5710,19.9547,0.4489,0.4489,0.0000,NA,NA,NA
ExperienceX.exe,56308,0x216C829D570,DXGI,1,0,0,Composed: Flip,14426.2114,NA,16.08040000000000,16.67650000000000,0.17910000000000,2.14610000000000,32.8878,14410.2516,16.1389,15.9598,0.1791,16.7192,1.3867,1.1496,0.2371,0.7692,14410.2516,NA
ExperienceX.exe,56308,0x216C829D570,DXGI,1,0,0,Composed: Flip,14443.5643,NA,17.35290000000000,NA,0.48530000000000,2.46730000000000,NA,14426.3905,17.6591,17.1738,0.4853,16.9495,2.6916,2.6916,0.0000,NA,NA,NA
ExperienceX.exe,56308,0x216C829D570,DXGI,1,0,0,Composed: Flip,14476.1940,NA,32.62970000000000,NA,0.08930000000000,4.15780000000000,NA,14444.0496,32.2337,32.1444,0.0893,35.8588,0.4434,0.4434,0.0000,NA,NA,NA
ExperienceX.exe,56308,0x216C829D570,DXGI,1,0,0,Composed: Flip,14510.4019,NA,34.20790000000000,NA,0.12770000000000,3.23810000000000,NA,14476.2833,34.2463,34.1186,0.1277,36.9224,0.4343,0.4343,0.0000,NA,NA,NA
ExperienceX.exe,56308,0x216C829D570,DXGI,1,0,0,Composed: Flip,14526.4037,NA,16.00180000000000,NA,0.21790000000000,1.53530000000000,NA,14510.5296,16.0920,15.8741,0.2179,16.9220,0.4874,0.4815,0.0059,NA,NA,NA
ExperienceX.exe,56308,0x216C829D570,DXGI,1,0,0,Composed: Flip,14542.8938,NA,16.49010000000000,116.65830000000001,0.11550000000000,2.55190000000000,32.8637,14526.6216,16.3877,16.2722,0.1155,16.4328,2.3913,2.3913,0.0000,-0.2883,14526.6216,NA
ExperienceX.exe,56308,0x216838E1150,DXGI,1,0,0,Composed: Flip,14510.1252,NA,17.43090000000000,33.35230000000000,0.19140000000000,2.63160000000000,32.3107,14492.8022,17.5144,17.3230,0.1914,17.0570,2.8976,2.8976,0.0000,-0.1240,14492.8022,NA
ExperienceX.exe,56308,0x216838E1150,DXGI,1,0,0,Composed: Flip,14526.3532,NA,16.22800000000000,NA,0.08670000000000,1.09840000000000,NA,14510.3166,16.1233,16.0366,0.0867,16.6785,0.4565,0.4565,0.0000,NA,NA,NA
ExperienceX.exe,56308,0x216838E1150,DXGI,1,0,0,Composed: Flip,14542.8771,NA,16.52390000000000,NA,0.07090000000000,5.76990000000000,NA,14526.4399,16.5081,16.4372,0.0709,19.4556,2.7515,2.7449,0.0066,NA,NA,NA
ExperienceX.exe,56308,0x216838E1150,DXGI,1,0,0,Composed: Flip,14559.3472,NA,16.47010000000000,NA,0.07720000000000,1.58510000000000,NA,14542.9480,16.4764,16.3992,0.0772,17.5085,0.4758,0.4680,0.0078,NA,NA,NA
ExperienceX.exe,56308,0x216C7EA03E0,DXGI,1,0,0,Composed: Flip,14526.3531,NA,16.67380000000000,199.96340000000001,0.08850000000000,0.64200000000000,32.7487,14510.2503,16.1913,16.1028,0.0885,3.3897,13.3551,1.5284,11.8267,0.0194,14510.2503,NA
ExperienceX.exe,56308,0x216C7EA03E0,DXGI,1,0,0,Composed: Flip,14542.8939,NA,16.54080000000000,NA,0.39760000000000,3.00160000000000,NA,14526.4416,16.8499,16.4523,0.3976,19.0041,0.4498,0.4498,0.0000,NA,NA,NA
ExperienceX.exe,56308,0x216C7EA03E0,DXGI,1,0,0,Composed: Flip,14559.3976,NA,16.50370000000000,NA,0.17520000000000,1.05890000000000,NA,14543.2915,16.2813,16.1061,0.1752,16.6951,0.4699,0.4699,0.0000,NA,NA,NA
ExperienceX.exe,56308,0x216C7EA03E0,DXGI,1,0,0,Composed: Flip,14577.1504,NA,17.75280000000000,NA,0.07200000000000,2.70230000000000,NA,14559.5728,17.6496,17.5776,0.0720,19.8446,0.4353,0.4353,0.0000,NA,NA,NA
ExperienceX.exe,56308,0x216C7EA03E0,DXGI,1,0,0,Composed: Flip,14593.2042,NA,16.05380000000000,66.69480000000000,0.51950000000000,2.27040000000000,32.5924,14577.2224,16.5013,15.9818,0.5195,3.0699,15.1823,1.9910,13.1913,0.2773,14577.2224,NA
ExperienceX.exe,56308,0x216C829D570,DXGI,1,0,0,Composed: Flip,14559.3475,NA,16.45370000000000,16.71980000000000,0.07690000000000,0.63910000000000,33.1298,14543.0093,16.4151,16.3382,0.0769,16.4130,0.5643,0.5643,0.0000,-0.3321,14543.0093,NA
ExperienceX.exe,56308,0x216C829D570,DXGI,1,0,0,Composed: Flip,14576.6853,NA,17.33780000000000,NA,0.23290000000000,3.60700000000000,NA,14559.4244,17.4938,17.2609,0.2329,20.4283,0.4396,0.4396,0.0000,NA,NA,NA
ExperienceX.exe,56308,0x216C829D570,DXGI,1,0,0,Composed: Flip,14593.2636,NA,16.57830000000000,NA,0.59380000000000,2.64380000000000,NA,14576.9182,16.9392,16.3454,0.5938,18.5564,0.4328,0.4328,0.0000,NA,NA,NA
ExperienceX.exe,56308,0x216C829D570,DXGI,1,0,0,Composed: Flip,14610.3724,NA,17.10880000000000,NA,0.38120000000000,4.68870000000000,NA,14593.8574,16.8962,16.5150,0.3812,19.1443,2.0594,2.0486,0.0108,NA,NA,NA
ExperienceX.exe,56308,0x216838E1150,DXGI,1,0,0,Composed: Flip,14576.8580,NA,17.51080000000000,66.68880000000000,0.31250000000000,2.55940000000000,32.2667,14559.4244,17.7461,17.4336,0.3125,17.0941,2.8989,2.8989,0.0000,-0.0666,14559.4244,NA
ExperienceX.exe,56308,0x216838E1150,DXGI,1,0,0,Composed: Flip,14593.1758,NA,16.31780000000000,NA,0.50420000000000,3.19210000000000,NA,14577.1705,16.5095,16.0053,0.5042,18.7369,0.4605,0.4522,0.0083,NA,NA,NA
ExperienceX.exe,56308,0x216838E1150,DXGI,1,0,0,Composed: Flip,14610.7566,NA,17.58080000000000,NA,0.07500000000000,2.24510000000000,NA,14593.6800,17.1516,17.0766,0.0750,18.8692,0.4525,0.4525,0.0000,NA,NA,NA
ExperienceX.exe,56308,0x216838E1150,DXGI,1,0,0,Composed: Flip,14626.1830,NA,15.42640000000000,NA,0.23720000000000,1.76300000000000,NA,14610.8316,15.5886,15.3514,0.2372,16.6280,0.4864,0.4781,0.0083,NA,NA,NA
ExperienceX.exe,56308,0x216838E1150,DXGI,1,0,0,Composed: Flip,14643.4626,NA,17.27960000000000,66.60970000000000,0.15560000000000,2.50890000000000,32.2718,14626.4202,17.1980,17.0424,0.1556,16.6859,2.8654,2.8654,0.0000,0.3861,14626.4202,NA
ExperienceX.exe,56308,0x216C7EA03E0,DXGI,1,0,0,Composed: Flip,14610.5421,NA,17.33790000000000,16.64580000000000,0.48980000000000,2.00710000000000,31.9003,14593.7237,17.3082,16.8184,0.4898,16.4066,2.4189,2.4189,0.0000,-0.1445,14593.7237,NA
ExperienceX.exe,56308,0x216C7EA03E0,DXGI,1,0,0,Composed: Flip,14626.1829,NA,15.64080000000000,NA,0.23770000000000,0.83620000000000,NA,14611.0319,15.3887,15.1510,0.2377,15.4241,0.5631,0.5631,0.0000,NA,NA,NA
ExperienceX.exe,56308,0x216C7EA03E0,DXGI,1,0,0,Composed: Flip,14642.9596,NA,16.77670000000000,NA,0.05830000000000,3.46500000000000,NA,14626.4206,16.5973,16.5390,0.0583,19.5509,0.4531,0.4531,0.0000,NA,NA,NA
ExperienceX.exe,56308,0x216C7EA03E0,DXGI,1,0,0,Composed: Flip,14659.5782,NA,16.61860000000000,NA,0.24140000000000,1.21080000000000,NA,14643.0179,16.8017,16.5603,0.2414,17.2918,0.4793,0.4793,0.0000,NA,NA,NA
ExperienceX.exe,56308,0x216838E1150,DXGI,1,0,0,Composed: Flip,14659.4698,NA,16.00720000000000,16.98280000000000,0.08680000000000,0.83990000000000,33.2474,14643.6182,15.9384,15.8516,0.0868,3.2629,13.4286,1.4002,12.0284,0.2152,14643.6182,NA
ExperienceX.exe,56308,0x216838E1150,DXGI,1,0,0,Composed: Flip,14676.7733,NA,17.30350000000000,NA,0.08070000000000,5.15830000000000,NA,14659.5566,17.2974,17.2167,0.0807,21.9342,0.4408,0.4316,0.0092,NA,NA,NA
ExperienceX.exe,56308,0x216C7EA03E0,DXGI,1,0,0,Composed: Flip,14676.7388,NA,17.16060000000000,66.62420000000000,0.12100000000000,4.38030000000000,32.3278,14659.8196,17.0402,16.9192,0.1210,16.4928,4.8067,4.8067,0.0000,-0.5283,14659.8196,NA
ExperienceX.exe,56308,0x216C7EA03E0,DXGI,1,0,0,Composed: Flip,14693.2258,NA,16.48700000000000,NA,0.22550000000000,1.31110000000000,NA,14676.8598,16.5915,16.3660,0.2255,17.2316,0.4455,0.4455,0.0000,NA,NA,NA
ExperienceX.exe,56308,0x216838E1150,DXGI,1,0,0,Composed: Flip,14693.2271,NA,16.45380000000000,33.06180000000000,0.21660000000000,0.86430000000000,32.5519,14676.8540,16.5897,16.3731,0.2166,16.6943,0.5431,0.5431,0.0000,0.1740,14676.8540,NA
ExperienceX.exe,56308,0x216838E1150,DXGI,1,0,0,Composed: Flip,14710.1291,NA,16.90200000000000,NA,0.07300000000000,5.23180000000000,NA,14693.4437,16.7584,16.6854,0.0730,21.4653,0.4519,0.4433,0.0086,NA,NA,NA
ExperienceX.exe,56308,0x216C829D570,DXGI,1,0,0,Composed: Flip,14626.1831,NA,15.81070000000000,66.62550000000000,0.23710000000000,1.27650000000000,32.9197,14610.7536,15.6666,15.4295,0.2371,16.2655,0.4405,0.4405,0.0000,1.1188,14610.7536,NA
ExperienceX.exe,56308,0x216C829D570,DXGI,1,0,0,Composed: Flip,14643.5483,NA,17.36520000000000,NA,0.08560000000000,3.33280000000000,NA,14626.4202,17.2137,17.1281,0.0856,20.0044,0.4565,0.4565,0.0000,NA,NA,NA
ExperienceX.exe,56308,0x216C829D570,DXGI,1,0,0,Composed: Flip,14659.5723,NA,16.02400000000000,NA,0.22520000000000,1.69080000000000,NA,14643.6339,16.1636,15.9384,0.2252,17.1551,0.4741,0.4718,0.0023,NA,NA,NA
ExperienceX.exe,56308,0x216C829D570,DXGI,1,0,0,Composed: Flip,14676.7746,NA,17.20230000000000,NA,0.08510000000000,4.71620000000000,NA,14659.7975,17.0622,16.9771,0.0851,21.3216,0.3717,0.3717,0.0000,NA,NA,NA
ExperienceX.exe,56308,0x216C829D570,DXGI,1,0,0,Composed: Flip,14693.2259,NA,16.45130000000000,NA,0.22550000000000,1.78470000000000,NA,14676.8597,16.5917,16.3662,0.2255,17.6772,0.4737,0.4675,0.0062,NA,NA,NA
ExperienceX.exe,56308,0x216C829D570,DXGI,1,0,0,Composed: Flip,14710.0823,NA,16.85640000000000,NA,0.31760000000000,1.59360000000000,NA,14693.4514,16.9485,16.6309,0.3176,16.2414,1.9831,1.9831,0.0000,NA,NA,NA
ExperienceX.exe,56308,0x216C829D570,DXGI,1,0,0,Composed: Flip,14726.0218,NA,15.93950000000000,NA,0.14340000000000,1.12780000000000,NA,14710.3999,15.7653,15.6219,0.1434,16.4533,0.2964,0.2964,0.0000,NA,NA,NA
ExperienceX.exe,56308,0x216838E1150,DXGI,1,0,0,Composed: Flip,14726.0114,NA,15.88230000000000,33.38190000000000,0.09700000000000,0.84180000000000,33.1495,14710.2021,15.9063,15.8093,0.0970,15.9469,0.7042,0.7042,0.0000,-0.0338,14710.2021,NA
ExperienceX.exe,56308,0x216838E1150,DXGI,1,0,0,Composed: Flip,14746.3870,NA,20.37560000000000,NA,0.82430000000000,3.34660000000000,NA,14726.1084,21.1029,20.2786,0.8243,22.4600,1.1652,1.1652,0.0000,NA,NA,NA
ExperienceX.exe,56308,0x216C829D570,DXGI,1,0,0,Composed: Flip,14746.9693,NA,20.94750000000000,116.65210000000000,0.23700000000000,1.16720000000000,28.7856,14726.1652,21.0411,20.8041,0.2370,19.4332,2.5381,2.5381,0.0000,-1.2405,14726.1652,NA
ExperienceX.exe,56308,0x216C829D570,DXGI,1,0,0,Composed: Flip,14759.5528,NA,12.58350000000000,NA,0.19910000000000,2.07950000000000,NA,14747.2063,12.5456,12.3465,0.1991,13.9599,0.4661,0.4590,0.0071,NA,NA,NA
ExperienceX.exe,56308,0x216838E1150,DXGI,1,0,0,Composed: Flip,14759.5529,NA,13.16590000000000,33.42200000000000,0.19890000000000,1.61330000000000,33.0300,14747.2113,12.5405,12.3416,0.1989,13.4877,0.4672,0.4672,0.0000,3.5872,14747.2113,NA
ExperienceX.exe,56308,0x216838E1150,DXGI,1,0,0,Composed: Flip,14776.6327,NA,17.07980000000000,NA,0.29220000000000,2.65490000000000,NA,14759.7518,17.1731,16.8809,0.2922,19.0818,0.4540,0.4540,0.0000,NA,NA,NA
ExperienceX.exe,56308,0x216838E1150,DXGI,1,0,0,Composed: Flip,14793.0398,NA,16.40710000000000,33.47840000000000,0.20420000000000,2.06710000000000,33.0215,14776.9249,16.3191,16.1149,0.2042,17.4673,0.7147,0.6993,0.0154,-3.7648,14776.9249,NA
ExperienceX.exe,56308,0x216C7EA03E0,DXGI,1,0,0,Composed: Flip,14709.9151,NA,16.68930000000000,34.06240000000000,0.38320000000000,4.99390000000000,33.2139,14693.4513,16.8470,16.4638,0.3832,18.2246,3.2331,3.2331,0.0000,-0.4307,14693.4513,NA
ExperienceX.exe,56308,0x216C7EA03E0,DXGI,1,0,0,Composed: Flip,14726.0220,NA,16.10690000000000,NA,0.14310000000000,1.62100000000000,NA,14710.2983,15.8668,15.7237,0.1431,16.8513,0.4934,0.4845,0.0089,NA,NA,NA
ExperienceX.exe,56308,0x216C7EA03E0,DXGI,1,0,0,Composed: Flip,14747.0337,NA,21.01170000000000,NA,0.24980000000000,1.53470000000000,NA,14726.1651,21.1184,20.8686,0.2498,21.9714,0.4319,0.4319,0.0000,NA,NA,NA
ExperienceX.exe,56308,0x216C7EA03E0,DXGI,1,0,0,Composed: Flip,14759.5526,NA,12.51890000000000,NA,0.19910000000000,1.14640000000000,NA,14747.2835,12.4682,12.2691,0.1991,2.4501,10.9654,1.6483,9.3171,NA,NA,NA
ExperienceX.exe,56308,0x216C7EA03E0,DXGI,1,0,0,Composed: Flip,14776.6626,NA,17.11000000000000,NA,0.08650000000000,5.36100000000000,NA,14759.7517,16.9974,16.9109,0.0865,19.5359,2.7360,2.7298,0.0062,NA,NA,NA
ExperienceX.exe,56308,0x216C7EA03E0,DXGI,1,0,0,Composed: Flip,14793.0392,NA,16.37660000000000,NA,0.20530000000000,0.88520000000000,NA,14776.7491,16.4954,16.2901,0.2053,16.5318,0.6435,0.6435,0.0000,NA,NA,NA
ExperienceX.exe,56308,0x216C7EA03E0,DXGI,1,0,0,Composed: Flip,14811.6984,NA,18.65920000000000,NA,0.24120000000000,1.77210000000000,NA,14793.2445,18.6951,18.4539,0.2412,17.3124,2.9136,2.9136,0.0000,NA,NA,NA
ExperienceX.exe,56308,0x216838E1150,DXGI,1,0,0,Composed: Flip,14810.0976,NA,17.05780000000000,16.44480000000000,0.27650000000000,4.28940000000000,32.4085,14793.2440,17.1301,16.8536,0.2765,20.6753,0.4677,0.4677,0.0000,-0.1257,14793.2440,NA
ExperienceX.exe,56308,0x216838E1150,DXGI,1,0,0,Composed: Flip,14826.8449,NA,16.74730000000000,NA,0.40730000000000,1.77650000000000,NA,14810.3741,16.8781,16.4708,0.4073,4.0129,14.2344,2.8837,11.3507,NA,NA,NA
ExperienceX.exe,56308,0x216838E1150,DXGI,1,0,0,Composed: Flip,14844.5387,NA,17.69380000000000,33.22360000000000,0.46370000000000,2.23310000000000,31.1910,14827.2522,17.7502,17.2865,0.4637,16.6547,2.8649,2.8649,0.0000,0.7846,14827.2522,NA
ExperienceX.exe,56308,0x216838E1150,DXGI,1,0,0,Composed: Flip,14859.5676,NA,15.02890000000000,16.68490000000000,0.20010000000000,1.12090000000000,32.8470,14845.0024,14.7653,14.5652,0.2001,15.2055,0.4806,0.4806,0.0000,1.0653,14845.0024,NA
ExperienceX.exe,56308,0x216C829D570,DXGI,1,0,0,Composed: Flip,14776.6576,NA,17.10480000000000,33.39810000000000,0.26750000000000,2.17600000000000,32.4954,14759.7519,17.1732,16.9057,0.2675,16.6654,2.4163,2.4163,0.0000,0.1886,14759.7519,NA
ExperienceX.exe,56308,0x216C829D570,DXGI,1,0,0,Composed: Flip,14793.0389,NA,16.38130000000000,NA,0.20660000000000,1.35330000000000,NA,14776.9251,16.3204,16.1138,0.2066,16.9993,0.4678,0.4678,0.0000,NA,NA,NA
ExperienceX.exe,56308,0x216C829D570,DXGI,1,0,0,Composed: Flip,14810.0967,NA,17.05780000000000,NA,0.27460000000000,3.82260000000000,NA,14793.2455,17.1258,16.8512,0.2746,20.2250,0.4488,0.4488,0.0000,NA,NA,NA
ExperienceX.exe,56308,0x216C829D570,DXGI,1,0,0,Composed: Flip,14826.9726,NA,16.87590000000000,NA,0.69480000000000,1.83050000000000,NA,14810.3713,17.2961,16.6013,0.6948,18.2501,0.1817,0.1817,0.0000,NA,NA,NA
ExperienceX.exe,56308,0x216C829D570,DXGI,1,0,0,Composed: Flip,14844.4141,NA,17.44150000000000,NA,0.58850000000000,3.28460000000000,NA,14827.6674,17.3352,16.7467,0.5885,19.5828,0.4485,0.4485,0.0000,NA,NA,NA
ExperienceX.exe,56308,0x216C829D570,DXGI,1,0,0,Composed: Flip,14859.5052,NA,15.09110000000000,NA,0.12560000000000,0.70270000000000,NA,14845.0026,14.6282,14.5026,0.1256,2.6961,12.5092,1.2602,11.2490,NA,NA,NA
ExperienceX.exe,56308,0x216C829D570,DXGI,1,0,0,Composed: Flip,14876.7940,NA,17.28880000000000,NA,0.07400000000000,3.70480000000000,NA,14859.6308,17.2372,17.1632,0.0740,20.5148,0.3532,0.3532,0.0000,NA,NA,NA
ExperienceX.exe,56308,0x216838E1150,DXGI,1,0,0,Composed: Flip,14876.5695,NA,17.00190000000000,16.65150000000000,0.32280000000000,3.57610000000000,32.4966,14859.7677,17.1246,16.8018,0.3228,16.5902,3.7877,3.7877,0.0000,-1.8862,14859.7677,NA
ExperienceX.exe,56308,0x216838E1150,DXGI,1,0,0,Composed: Flip,14910.1998,NA,33.63030000000000,33.35430000000000,0.08400000000000,3.64260000000000,32.2206,14876.8923,33.3915,33.3075,0.0840,32.7930,4.1571,4.1571,0.0000,-16.2297,14876.8923,NA
ExperienceX.exe,56308,0x216C7EA03E0,DXGI,1,0,0,Composed: Flip,14826.8430,NA,15.14460000000000,116.06570000000001,0.35420000000000,2.23880000000000,32.3517,14811.9396,15.2576,14.9034,0.3542,16.8635,0.2787,0.2686,0.0101,2.4226,14811.9396,NA
ExperienceX.exe,56308,0x216C7EA03E0,DXGI,1,0,0,Composed: Flip,14844.8451,NA,18.00210000000000,NA,0.15680000000000,2.40510000000000,NA,14827.1972,17.8047,17.6479,0.1568,19.5746,0.4784,0.4784,0.0000,NA,NA,NA
ExperienceX.exe,56308,0x216C7EA03E0,DXGI,1,0,0,Composed: Flip,14859.5583,NA,14.71320000000000,NA,0.20720000000000,1.60120000000000,NA,14845.0019,14.7636,14.5564,0.2072,15.6866,0.4710,0.4653,0.0057,NA,NA,NA
ExperienceX.exe,56308,0x216C7EA03E0,DXGI,1,0,0,Composed: Flip,14876.7760,NA,17.21770000000000,NA,0.09270000000000,6.03200000000000,NA,14859.7655,17.1032,17.0105,0.0927,20.7333,2.3092,2.2987,0.0105,NA,NA,NA
ExperienceX.exe,56308,0x216C7EA03E0,DXGI,1,0,0,Composed: Flip,14892.6441,NA,15.86810000000000,NA,0.15250000000000,2.04310000000000,NA,14876.8687,15.9279,15.7754,0.1525,17.2559,0.5626,0.5530,0.0096,NA,NA,NA
ExperienceX.exe,56308,0x216C7EA03E0,DXGI,1,0,0,Composed: Flip,14909.5488,NA,16.90470000000000,NA,0.38260000000000,5.22390000000000,NA,14892.7966,17.1348,16.7522,0.3826,21.5053,0.4708,0.4667,0.0041,NA,NA,NA
ExperienceX.exe,56308,0x216C7EA03E0,DXGI,1,0,0,Composed: Flip,14926.1334,NA,16.58460000000000,NA,0.21260000000000,0.69800000000000,NA,14909.9314,16.4146,16.2020,0.2126,16.3551,0.5449,0.5449,0.0000,NA,NA,NA
ExperienceX.exe,56308,0x216838E1150,DXGI,1,0,0,Composed: Flip,14926.1271,NA,15.92730000000000,16.75910000000000,0.10740000000000,1.20080000000000,33.0524,14910.2838,15.9507,15.8433,0.1074,16.5476,0.4965,0.4965,0.0000,16.6324,14910.2838,NA
ExperienceX.exe,56308,0x216838E1150,DXGI,1,0,0,Composed: Flip,14943.6866,NA,17.55950000000000,NA,0.14310000000000,5.34450000000000,NA,14926.2345,17.5952,17.4521,0.1431,22.3271,0.4695,0.4630,0.0065,NA,NA,NA
ExperienceX.exe,56308,0x216838E1150,DXGI,1,0,0,Composed: Flip,14959.7201,NA,16.03350000000000,33.29330000000000,0.19330000000000,1.01370000000000,32.7527,14943.8297,16.0837,15.8904,0.1933,16.1453,0.7588,0.7588,0.0000,0.2526,14943.8297,NA
ExperienceX.exe,56308,0x216838E1150,DXGI,1,0,0,Composed: Flip,14976.9744,NA,17.25430000000000,16.60230000000000,0.08750000000000,1.94820000000000,32.1007,14959.9134,17.1485,17.0610,0.0875,16.4947,2.5145,2.5145,0.0000,-0.5186,14959.9134,NA
ExperienceX.exe,56308,0x216C7EA03E0,DXGI,1,0,0,Composed: Flip,14943.7342,NA,17.60080000000000,116.54930000000000,0.06190000000000,4.82740000000000,32.0098,14926.3460,17.4501,17.3882,0.0619,18.9049,3.3107,3.3107,0.0000,-2.1429,14926.3460,NA
ExperienceX.exe,56308,0x216C7EA03E0,DXGI,1,0,0,Composed: Flip,14959.7216,NA,15.98740000000000,NA,0.15190000000000,1.29200000000000,NA,14943.7961,16.0774,15.9255,0.1519,16.9377,0.2798,0.2798,0.0000,NA,NA,NA
ExperienceX.exe,56308,0x216C7EA03E0,DXGI,1,0,0,Composed: Flip,14976.8093,NA,17.08770000000000,NA,0.10600000000000,2.57510000000000,NA,14959.8735,17.0418,16.9358,0.1060,19.0491,0.4618,0.4618,0.0000,NA,NA,NA
ExperienceX.exe,56308,0x216C7EA03E0,DXGI,1,0,0,Composed: Flip,14992.9624,NA,16.15310000000000,NA,0.26880000000000,0.81730000000000,NA,14976.9153,16.3159,16.0471,0.2688,16.2750,0.5894,0.5894,0.0000,NA,NA,NA
ExperienceX.exe,56308,0x216838E1150,DXGI,1,0,0,Composed: Flip,14992.9540,NA,15.97960000000000,16.68800000000000,0.20990000000000,1.61270000000000,32.8091,14977.0619,16.1020,15.8921,0.2099,16.7178,0.7870,0.7870,0.0000,0.4605,14977.0619,NA
ExperienceX.exe,56308,0x216838E1150,DXGI,1,0,0,Composed: Flip,15010.2626,NA,17.30860000000000,NA,0.13500000000000,2.47350000000000,NA,14993.1639,17.2337,17.0987,0.1350,19.1081,0.4641,0.4641,0.0000,NA,NA,NA
ExperienceX.exe,56308,0x216C829D570,DXGI,1,0,0,Composed: Flip,14892.6131,NA,15.81910000000000,116.65180000000001,0.06340000000000,1.01300000000000,33.1917,14876.8680,15.8085,15.7451,0.0634,15.8792,0.8789,0.8789,0.0000,0.4643,14876.8680,NA
ExperienceX.exe,56308,0x216C829D570,DXGI,1,0,0,Composed: Flip,14909.5475,NA,16.93440000000000,NA,0.14590000000000,4.75440000000000,NA,14892.6765,17.0169,16.8710,0.1459,21.1659,0.4595,0.4595,0.0000,NA,NA,NA
ExperienceX.exe,56308,0x216C829D570,DXGI,1,0,0,Composed: Flip,14926.1270,NA,16.57950000000000,NA,0.19180000000000,1.68510000000000,NA,14909.6934,16.6254,16.4336,0.1918,17.6345,0.4842,0.4776,0.0066,NA,NA,NA
ExperienceX.exe,56308,0x216C829D570,DXGI,1,0,0,Composed: Flip,14943.7381,NA,17.61110000000000,NA,0.09110000000000,1.51280000000000,NA,14926.3188,17.5104,17.4193,0.0911,16.8904,2.0417,2.0417,0.0000,NA,NA,NA
ExperienceX.exe,56308,0x216C829D570,DXGI,1,0,0,Composed: Flip,14959.7202,NA,15.98210000000000,NA,0.19320000000000,1.78340000000000,NA,14943.8292,16.0842,15.8910,0.1932,17.1844,0.4900,0.4842,0.0058,NA,NA,NA
ExperienceX.exe,56308,0x216C829D570,DXGI,1,0,0,Composed: Flip,14976.9548,NA,17.23460000000000,NA,0.05030000000000,4.53870000000000,NA,14959.9134,17.0917,17.0414,0.0503,19.4710,2.1091,2.1054,0.0037,NA,NA,NA
ExperienceX.exe,56308,0x216C829D570,DXGI,1,0,0,Composed: Flip,14992.9534,NA,15.99860000000000,NA,0.21060000000000,2.09880000000000,NA,14977.0051,16.1589,15.9483,0.2106,17.5616,0.4855,0.4792,0.0063,NA,NA,NA
ExperienceX.exe,56308,0x216C829D570,DXGI,1,0,0,Composed: Flip,15010.2865,NA,17.33310000000000,NA,0.11100000000000,6.79090000000000,NA,14993.1640,17.2335,17.1225,0.1110,19.5721,4.3413,4.3372,0.0041,NA,NA,NA
ExperienceX.exe,56308,0x216C829D570,DXGI,1,0,0,Composed: Flip,15026.0598,NA,15.77330000000000,NA,0.17510000000000,1.57740000000000,NA,15010.3975,15.8374,15.6623,0.1751,16.7416,0.4981,0.4914,0.0067,NA,NA,NA
ExperienceX.exe,56308,0x216838E1150,DXGI,1,0,0,Composed: Flip,15026.0036,NA,15.74100000000000,33.31510000000000,0.09520000000000,0.86570000000000,33.0746,15010.3976,15.7012,15.6060,0.0952,15.7031,0.7686,0.7686,0.0000,0.0206,15010.3976,NA
ExperienceX.exe,56308,0x216838E1150,DXGI,1,0,0,Composed: Flip,15043.4481,NA,17.44450000000000,NA,0.34850000000000,5.54590000000000,NA,15026.0988,17.6978,17.3493,0.3485,22.4305,0.4647,0.4601,0.0046,NA,NA,NA
ExperienceX.exe,56308,0x216C829D570,DXGI,1,0,0,Composed: Flip,15043.5076,NA,17.44780000000000,149.95380000000000,0.08650000000000,4.54370000000000,32.2510,15026.2349,17.3592,17.2727,0.0865,16.8717,4.9447,4.9447,0.0000,-0.5869,15026.2349,NA
ExperienceX.exe,56308,0x216C829D570,DXGI,1,0,0,Composed: Flip,15059.3944,NA,15.88680000000000,NA,0.13960000000000,0.67150000000000,NA,15043.5941,15.9399,15.8003,0.1396,15.9164,0.5554,0.5554,0.0000,NA,NA,NA
ExperienceX.exe,56308,0x0,Other,-1,0,0,Composed: Flip,14493.1362,NA,33.07750000000000,33.32230000000000,0.00000000000000,1.13650000000000,32.6368,14460.0587,33.0775,33.0775,0.0000,33.7289,0.4851,0.4784,0.0067,0.0044,14460.0587,NA
ExperienceX.exe,56308,0x0,Other,-1,0,0,Composed: Flip,14893.0846,NA,399.94839999999999,NA,0.00000000000000,1.04000000000000,NA,14493.1362,399.9484,399.9484,0.0000,400.4899,0.4985,0.4985,0.0000,NA,NA,NA
ExperienceX.exe,56308,0x216838E1150,DXGI,1,0,0,Composed: Flip,15059.3946,NA,15.94650000000000,33.32920000000000,0.13950000000000,1.14650000000000,33.0128,15043.7966,15.7375,15.5980,0.1395,16.2693,0.4752,0.4752,0.0000,0.0698,15043.7966,NA
ExperienceX.exe,56308,0x216838E1150,DXGI,1,0,0,Composed: Flip,15076.7184,NA,17.32380000000000,NA,0.15050000000000,5.65310000000000,NA,15059.5341,17.3348,17.1843,0.1505,19.9862,2.8512,2.8449,0.0063,NA,NA,NA
ExperienceX.exe,56308,0x216838E1150,DXGI,1,0,0,Composed: Flip,15092.7276,NA,16.00920000000000,NA,0.15760000000000,1.18840000000000,NA,15076.8689,16.0163,15.8587,0.1576,16.8127,0.2344,0.2344,0.0000,NA,NA,NA
ExperienceX.exe,56308,0x216838E1150,DXGI,1,0,0,Composed: Flip,15110.1155,NA,17.38790000000000,50.01080000000000,0.38780000000000,2.27440000000000,32.3027,15092.8852,17.6181,17.2303,0.3878,16.9995,2.5052,2.5052,0.0000,-0.9222,15092.8852,NA
ExperienceX.exe,56308,0x216838E1150,DXGI,1,0,0,Composed: Flip,15126.1240,NA,16.00850000000000,16.67790000000000,0.07240000000000,0.63840000000000,32.9721,15110.5033,15.6931,15.6207,0.0724,15.7017,0.5574,0.5574,0.0000,0.9402,15110.5033,NA
ExperienceX.exe,56308,0x216C829D570,DXGI,1,0,0,Composed: Flip,15076.7145,NA,17.32010000000000,33.36590000000000,0.15480000000000,2.36280000000000,32.4100,15059.5340,17.3353,17.1805,0.1548,17.0165,2.5268,2.5268,0.0000,-0.0668,15059.5340,NA
ExperienceX.exe,56308,0x216C829D570,DXGI,1,0,0,Composed: Flip,15110.5717,NA,33.85720000000000,NA,0.14320000000000,2.27970000000000,NA,15076.8693,33.8456,33.7024,0.1432,35.5206,0.4615,0.4615,0.0000,NA,NA,NA
ExperienceX.exe,56308,0x216C829D570,DXGI,1,0,0,Composed: Flip,15126.1902,NA,15.61850000000000,NA,0.29110000000000,1.06350000000000,NA,15110.7149,15.7664,15.4753,0.2911,16.0475,0.4913,0.4913,0.0000,NA,NA,NA
ExperienceX.exe,56308,0x216C829D570,DXGI,1,0,0,Composed: Flip,15143.3042,NA,17.11400000000000,NA,0.10770000000000,4.88860000000000,NA,15126.4813,16.9306,16.8229,0.1077,21.2396,0.4719,0.4687,0.0032,NA,NA,NA
ExperienceX.exe,56308,0x216C7EA03E0,DXGI,1,0,0,Composed: Flip,15010.2881,NA,17.32570000000000,66.66120000000001,0.05870000000000,1.98390000000000,32.1171,14993.2312,17.1156,17.0569,0.0587,16.5424,2.4984,2.4984,0.0000,0.2240,14993.2312,NA
ExperienceX.exe,56308,0x216C7EA03E0,DXGI,1,0,0,Composed: Flip,15026.0597,NA,15.77160000000000,NA,0.17530000000000,1.07940000000000,NA,15010.3468,15.8882,15.7129,0.1753,16.5225,0.2698,0.2698,0.0000,NA,NA,NA
ExperienceX.exe,56308,0x216C7EA03E0,DXGI,1,0,0,Composed: Flip,15043.7722,NA,17.71250000000000,NA,0.06350000000000,4.75710000000000,NA,15026.2350,17.6007,17.5372,0.0635,21.8163,0.4780,0.4780,0.0000,NA,NA,NA
ExperienceX.exe,56308,0x216C7EA03E0,DXGI,1,0,0,Composed: Flip,15059.3940,NA,15.62180000000000,NA,0.14000000000000,1.64800000000000,NA,15043.8357,15.6983,15.5583,0.1400,16.7054,0.5009,0.4943,0.0066,NA,NA,NA
ExperienceX.exe,56308,0x216C7EA03E0,DXGI,1,0,0,Composed: Flip,15076.4579,NA,17.06390000000000,NA,0.43300000000000,3.06240000000000,NA,15059.5340,17.3569,16.9239,0.4330,19.5433,0.4430,0.4430,0.0000,NA,NA,NA
ExperienceX.exe,56308,0x216C7EA03E0,DXGI,1,0,0,Composed: Flip,15092.7274,NA,16.26950000000000,NA,0.15940000000000,0.95420000000000,NA,15076.8909,15.9959,15.8365,0.1594,15.9695,0.8212,0.8212,0.0000,NA,NA,NA
ExperienceX.exe,56308,0x216C7EA03E0,DXGI,1,0,0,Composed: Flip,15110.1579,NA,17.43050000000000,NA,0.34270000000000,5.54820000000000,NA,15092.8868,17.6138,17.2711,0.3427,19.9646,2.8547,2.8492,0.0055,NA,NA,NA
ExperienceX.exe,56308,0x216C7EA03E0,DXGI,1,0,0,Composed: Flip,15126.1899,NA,16.03200000000000,NA,0.29160000000000,1.54910000000000,NA,15110.5006,15.9809,15.6893,0.2916,16.7531,0.4853,0.4803,0.0050,NA,NA,NA
ExperienceX.exe,56308,0x216C7EA03E0,DXGI,1,0,0,Composed: Flip,15143.3043,NA,17.11440000000000,NA,0.21420000000000,4.41660000000000,NA,15126.4815,17.0370,16.8228,0.2142,20.7776,0.4618,0.4618,0.0000,NA,NA,NA
ExperienceX.exe,56308,0x216C7EA03E0,DXGI,1,0,0,Composed: Flip,15159.3994,NA,16.09510000000000,NA,0.13980000000000,1.51770000000000,NA,15143.5185,16.0207,15.8809,0.1398,16.8339,0.5647,0.5647,0.0000,NA,NA,NA
ExperienceX.exe,56308,0x0,Other,-1,0,0,Composed: Flip,15093.2063,NA,200.12170000000000,599.98400000000004,0.00000000000000,1.17430000000000,32.5507,14893.0846,200.1217,200.1217,0.0000,200.8314,0.4646,0.4582,0.0064,-166.9581,14893.0846,NA
ExperienceX.exe,56308,0x216C7EA03E0,DXGI,1,0,0,Composed: Flip,15176.8019,NA,17.40250000000000,166.69640000000001,0.12280000000000,4.96140000000000,32.2997,15159.5392,17.3855,17.2627,0.1228,18.9205,3.3036,3.3036,0.0000,-0.3884,15159.5392,NA
ExperienceX.exe,56308,0x216C7EA03E0,DXGI,1,0,0,Composed: Flip,15192.7453,NA,15.94340000000000,NA,0.13470000000000,1.06020000000000,NA,15176.9247,15.9553,15.8206,0.1347,15.9640,0.9168,0.9168,0.0000,NA,NA,NA
ExperienceX.exe,56308,0x216838E1150,DXGI,1,0,0,Composed: Flip,15143.3280,NA,17.20400000000000,16.65450000000000,0.39100000000000,3.93110000000000,32.4226,15126.1964,17.5226,17.1316,0.3910,16.9044,4.1583,4.1583,0.0000,-0.9614,15126.1964,NA
ExperienceX.exe,56308,0x216838E1150,DXGI,1,0,0,Composed: Flip,15159.4003,NA,16.07230000000000,NA,0.13610000000000,0.95210000000000,NA,15143.7190,15.8174,15.6813,0.1361,15.7948,0.8386,0.8386,0.0000,NA,NA,NA
ExperienceX.exe,56308,0x216838E1150,DXGI,1,0,0,Composed: Flip,15176.8025,NA,17.40220000000000,NA,0.07090000000000,1.65720000000000,NA,15159.5364,17.3370,17.2661,0.0709,16.8807,2.0426,2.0426,0.0000,NA,NA,NA
ExperienceX.exe,56308,0x216838E1150,DXGI,1,0,0,Composed: Flip,15209.7917,NA,32.98920000000000,NA,0.27400000000000,3.57200000000000,NA,15176.8734,33.1923,32.9183,0.2740,36.0422,0.4481,0.4481,0.0000,NA,NA,NA
ExperienceX.exe,56308,0x216838E1150,DXGI,1,0,0,Composed: Flip,15226.4919,NA,16.70020000000000,83.31490000000001,0.07390000000000,0.96640000000000,32.5736,15210.0657,16.5001,16.4262,0.0739,16.5050,0.8876,0.8876,0.0000,0.5544,15210.0657,NA
ExperienceX.exe,56308,0x0,Other,-1,0,0,Composed: Flip,15193.1752,NA,99.96890000000000,100.21640000000001,0.00000000000000,1.24320000000000,32.7982,15093.2063,99.9689,99.9689,0.0000,100.5992,0.6129,0.6129,0.0000,99.9053,15093.2063,NA
ExperienceX.exe,56308,0x0,Other,-1,0,0,Composed: Flip,15226.9135,NA,33.73830000000000,NA,0.00000000000000,0.71980000000000,NA,15193.1752,33.7383,33.7383,0.0000,34.2831,0.1750,0.1750,0.0000,NA,NA,NA
ExperienceX.exe,56308,0x216C829D570,DXGI,1,0,0,Composed: Flip,15159.4000,NA,16.09580000000000,83.33240000000001,0.13650000000000,1.98220000000000,33.0569,15143.4119,16.1246,15.9881,0.1365,17.5052,0.4651,0.4584,0.0067,0.5455,15143.4119,NA
ExperienceX.exe,56308,0x216C829D570,DXGI,1,0,0,Composed: Flip,15176.6546,NA,17.25460000000000,NA,0.06990000000000,5.57910000000000,NA,15159.5365,17.1880,17.1181,0.0699,22.2268,0.4704,0.4641,0.0063,NA,NA,NA
ExperienceX.exe,56308,0x216C829D570,DXGI,1,0,0,Composed: Flip,15192.7458,NA,16.09120000000000,NA,0.13420000000000,2.00820000000000,NA,15176.7245,16.1555,16.0213,0.1342,17.6939,0.3356,0.3301,0.0055,NA,NA,NA
ExperienceX.exe,56308,0x216C829D570,DXGI,1,0,0,Composed: Flip,15209.7915,NA,17.04570000000000,NA,0.41210000000000,7.23400000000000,NA,15192.8800,17.3236,16.9115,0.4121,20.4837,3.6618,3.6575,0.0043,NA,NA,NA
ExperienceX.exe,56308,0x216C829D570,DXGI,1,0,0,Composed: Flip,15243.7505,NA,33.95900000000000,NA,0.11980000000000,2.61480000000000,NA,15210.2036,33.6667,33.5469,0.1198,35.6879,0.4738,0.4738,0.0000,NA,NA,NA
ExperienceX.exe,56308,0x216838E1150,DXGI,1,0,0,Composed: Flip,15243.7333,NA,17.24140000000000,16.66830000000000,0.12650000000000,2.15820000000000,32.0005,15226.5658,17.2940,17.1675,0.1265,16.8314,2.4943,2.4943,0.0000,-0.1682,15226.5658,NA
ExperienceX.exe,56308,0x216838E1150,DXGI,1,0,0,Composed: Flip,15259.3087,NA,15.57540000000000,NA,0.11930000000000,1.62520000000000,NA,15243.8598,15.5682,15.4489,0.1193,16.5873,0.4868,0.4817,0.0051,NA,NA,NA
ExperienceX.exe,56308,0x216838E1150,DXGI,1,0,0,Composed: Flip,15292.6417,NA,33.33300000000000,50.01840000000000,0.11540000000000,1.63370000000000,33.1105,15259.4280,33.3291,33.2137,0.1154,34.3776,0.4698,0.4626,0.0072,-17.1562,15259.4280,NA
ExperienceX.exe,56308,0x216838E1150,DXGI,1,0,0,Composed: Flip,15309.7986,NA,17.15690000000000,16.65960000000000,0.88150000000000,2.86320000000000,32.6132,15292.7571,17.9230,17.0415,0.8815,17.3839,2.5208,2.5208,0.0000,16.6695,15292.7571,NA
ExperienceX.exe,56308,0x216C829D570,DXGI,1,0,0,Composed: Flip,15276.7759,NA,33.02540000000000,116.63210000000001,0.39010000000000,3.50340000000000,32.3131,15243.8703,33.2957,32.9056,0.3901,32.7156,3.6934,3.6934,0.0000,-16.1737,15243.8703,NA
ExperienceX.exe,56308,0x216C829D570,DXGI,1,0,0,Composed: Flip,15292.6413,NA,15.86540000000000,NA,0.11560000000000,1.16430000000000,NA,15277.1660,15.5909,15.4753,0.1156,16.1223,0.5173,0.5173,0.0000,NA,NA,NA
ExperienceX.exe,56308,0x216C829D570,DXGI,1,0,0,Composed: Flip,15311.2813,NA,18.64000000000000,NA,0.11010000000000,3.96980000000000,NA,15292.7569,18.6345,18.5244,0.1101,20.3751,2.1191,2.1150,0.0041,NA,NA,NA
ExperienceX.exe,56308,0x216C829D570,DXGI,1,0,0,Composed: Flip,15325.9934,NA,14.71210000000000,NA,0.15250000000000,1.18250000000000,NA,15311.3914,14.7545,14.6020,0.1525,15.2856,0.4989,0.4989,0.0000,NA,NA,NA
ExperienceX.exe,56308,0x216838E1150,DXGI,1,0,0,Composed: Flip,15325.9938,NA,16.19520000000000,16.68760000000000,0.15210000000000,0.68320000000000,33.1056,15310.6801,15.4658,15.3137,0.1521,15.4540,0.5429,0.5429,0.0000,1.2354,15310.6801,NA
ExperienceX.exe,56308,0x216838E1150,DXGI,1,0,0,Composed: Flip,15343.6128,NA,17.61900000000000,NA,0.19650000000000,2.88980000000000,NA,15326.1459,17.6634,17.4669,0.1965,19.9338,0.4229,0.4229,0.0000,NA,NA,NA
ExperienceX.exe,56308,0x216838E1150,DXGI,1,0,0,Composed: Flip,15359.3673,NA,15.75450000000000,33.51330000000000,0.08310000000000,0.74500000000000,33.2454,15343.8093,15.6411,15.5580,0.0831,3.1639,13.1391,0.9419,12.1972,-0.3841,15343.8093,NA
ExperienceX.exe,56308,0x216838E1150,DXGI,1,0,0,Composed: Flip,15377.2000,NA,17.83270000000000,16.48770000000000,0.12690000000000,3.43720000000000,31.9004,15359.4504,17.8765,17.7496,0.1269,17.0357,4.1511,4.1511,0.0000,-0.8466,15359.4504,NA
ExperienceX.exe,56308,0x216838E1150,DXGI,1,0,0,Composed: Flip,15393.0596,NA,15.85960000000000,16.92610000000000,0.21960000000000,1.56040000000000,32.9669,15377.3269,15.9523,15.7327,0.2196,16.5953,0.6978,0.6978,0.0000,0.9504,15377.3269,NA
ExperienceX.exe,56308,0x216838E1150,DXGI,1,0,0,Composed: Flip,15410.4494,NA,17.38980000000000,16.40940000000000,0.25460000000000,4.25050000000000,31.9865,15393.2792,17.4248,17.1702,0.2546,18.8357,2.5850,2.5850,0.0000,-0.4571,15393.2792,NA
ExperienceX.exe,56308,0x216C829D570,DXGI,1,0,0,Composed: Flip,15343.6320,NA,17.63860000000000,66.67560000000000,0.24400000000000,2.44770000000000,32.1326,15326.1459,17.7301,17.4861,0.2440,16.9222,3.0116,3.0116,0.0000,15.6000,15326.1459,NA
ExperienceX.exe,56308,0x216C829D570,DXGI,1,0,0,Composed: Flip,15359.3674,NA,15.73540000000000,NA,0.08210000000000,1.13740000000000,NA,15343.8760,15.5735,15.4914,0.0821,16.2363,0.3925,0.3925,0.0000,NA,NA,NA
ExperienceX.exe,56308,0x216C829D570,DXGI,1,0,0,Composed: Flip,15377.0343,NA,17.66690000000000,NA,0.11760000000000,4.07110000000000,NA,15359.4495,17.7024,17.5848,0.1176,21.1877,0.4682,0.4682,0.0000,NA,NA,NA
ExperienceX.exe,56308,0x216C829D570,DXGI,1,0,0,Composed: Flip,15410.6171,NA,33.58280000000000,NA,0.25310000000000,4.53660000000000,NA,15377.1519,33.7183,33.4652,0.2531,37.5480,0.4538,0.4496,0.0042,NA,NA,NA
ExperienceX.exe,56308,0x216838E1150,DXGI,1,0,0,Composed: Flip,15426.7073,NA,16.25790000000000,16.73340000000000,0.33320000000000,1.55230000000000,32.4620,15410.7040,16.3365,16.0033,0.3332,17.0908,0.4648,0.4648,0.0000,0.6914,15410.7040,NA
ExperienceX.exe,56308,0x216838E1150,DXGI,1,0,0,Composed: Flip,15443.7179,NA,17.01060000000000,NA,0.45000000000000,1.66620000000000,NA,15427.0405,17.1274,16.6774,0.4500,16.2948,2.0488,2.0488,0.0000,NA,NA,NA
ExperienceX.exe,56308,0x216838E1150,DXGI,1,0,0,Composed: Flip,15459.5083,NA,15.79040000000000,33.22430000000000,0.22750000000000,3.19940000000000,32.8853,15444.1679,15.5679,15.3404,0.2275,17.3232,1.2166,1.2129,0.0037,0.2396,15444.1679,NA
ExperienceX.exe,56308,0x216C7EA03E0,DXGI,1,0,0,Composed: Flip,15209.7895,NA,17.04420000000000,33.47650000000000,0.27150000000000,3.12610000000000,32.7886,15192.8800,17.1810,16.9095,0.2715,17.4789,2.5567,2.5567,0.0000,-0.1357,15192.8800,NA
ExperienceX.exe,56308,0x216C7EA03E0,DXGI,1,0,0,Composed: Flip,15226.5373,NA,16.74780000000000,NA,0.20970000000000,1.58860000000000,NA,15210.0610,16.6860,16.4763,0.2097,17.5723,0.4926,0.4855,0.0071,NA,NA,NA
ExperienceX.exe,56308,0x216C7EA03E0,DXGI,1,0,0,Composed: Flip,15243.6421,NA,17.10480000000000,NA,0.32190000000000,5.57020000000000,NA,15226.7470,17.2170,16.8951,0.3219,19.6183,2.8470,2.8408,0.0062,NA,NA,NA
ExperienceX.exe,56308,0x216C7EA03E0,DXGI,1,0,0,Composed: Flip,15259.3086,NA,15.66650000000000,NA,0.12000000000000,0.65780000000000,NA,15243.9640,15.4646,15.3446,0.1200,15.4528,0.5496,0.5496,0.0000,NA,NA,NA
ExperienceX.exe,56308,0x216C7EA03E0,DXGI,1,0,0,Composed: Flip,15276.2137,NA,16.90510000000000,NA,0.91930000000000,4.53890000000000,NA,15259.4286,17.7044,16.7851,0.9193,20.8507,0.4733,0.4733,0.0000,NA,NA,NA
ExperienceX.exe,56308,0x216C7EA03E0,DXGI,1,0,0,Composed: Flip,15292.6418,NA,16.42810000000000,NA,0.11510000000000,0.64650000000000,NA,15277.1330,15.6239,15.5088,0.1151,15.6187,0.5366,0.5366,0.0000,NA,NA,NA
ExperienceX.exe,56308,0x216C7EA03E0,DXGI,1,0,0,Composed: Flip,15309.7963,NA,17.15450000000000,NA,0.40740000000000,3.33570000000000,NA,15292.7569,17.4468,17.0394,0.4074,19.9049,0.4702,0.4702,0.0000,NA,NA,NA
ExperienceX.exe,56308,0x216C7EA03E0,DXGI,1,0,0,Composed: Flip,15325.9933,NA,16.19700000000000,NA,0.15230000000000,1.67470000000000,NA,15310.2037,15.9419,15.7896,0.1523,16.9722,0.4921,0.4863,0.0058,NA,NA,NA
ExperienceX.exe,56308,0x216C7EA03E0,DXGI,1,0,0,Composed: Flip,15343.6640,NA,17.67070000000000,NA,0.17740000000000,3.30920000000000,NA,15326.1456,17.6958,17.5184,0.1774,20.3570,0.4706,0.4706,0.0000,NA,NA,NA
ExperienceX.exe,56308,0x216C7EA03E0,DXGI,1,0,0,Composed: Flip,15359.3682,NA,15.70420000000000,NA,0.08130000000000,1.63620000000000,NA,15343.8414,15.6081,15.5268,0.0813,16.6634,0.4996,0.4950,0.0046,NA,NA,NA
ExperienceX.exe,56308,0x216C7EA03E0,DXGI,1,0,0,Composed: Flip,15377.0414,NA,17.67320000000000,NA,0.11420000000000,4.53510000000000,NA,15359.4495,17.7061,17.5919,0.1142,21.6559,0.4711,0.4676,0.0035,NA,NA,NA
ExperienceX.exe,56308,0x216C7EA03E0,DXGI,1,0,0,Composed: Flip,15393.0585,NA,16.01710000000000,NA,0.22050000000000,0.86370000000000,NA,15377.1556,16.1234,15.9029,0.2205,16.0644,0.7022,0.7022,0.0000,NA,NA,NA
ExperienceX.exe,56308,0x216C7EA03E0,DXGI,1,0,0,Composed: Flip,15410.8798,NA,17.82130000000000,NA,0.06370000000000,1.23510000000000,NA,15393.2790,17.6645,17.6008,0.0637,16.7691,2.0668,2.0668,0.0000,NA,NA,NA
ExperienceX.exe,56308,0x216C7EA03E0,DXGI,1,0,0,Composed: Flip,15426.6912,NA,15.81140000000000,NA,0.24170000000000,1.10360000000000,NA,15410.9435,15.9894,15.7477,0.2417,15.9371,0.9142,0.9142,0.0000,NA,NA,NA
ExperienceX.exe,56308,0x216C7EA03E0,DXGI,1,0,0,Composed: Flip,15444.0042,NA,17.31300000000000,NA,0.08150000000000,2.76830000000000,NA,15426.9329,17.1528,17.0713,0.0815,18.4512,1.3884,1.3884,0.0000,NA,NA,NA
ExperienceX.exe,56308,0x216C7EA03E0,DXGI,1,0,0,Composed: Flip,15459.5085,NA,15.50430000000000,NA,0.22840000000000,1.50440000000000,NA,15444.0857,15.6512,15.4228,0.2284,15.6869,1.2403,1.2403,0.0000,NA,NA,NA
ExperienceX.exe,56308,0x216C7EA03E0,DXGI,1,0,0,Composed: Flip,15476.2919,NA,16.78340000000000,NA,0.09920000000000,5.45830000000000,NA,15459.7369,16.6542,16.5550,0.0992,21.5477,0.4656,0.4656,0.0000,NA,NA,NA
ExperienceX.exe,56308,0x216838E1150,DXGI,1,0,0,Composed: Flip,15476.6273,NA,17.11900000000000,16.68390000000000,0.10440000000000,4.65730000000000,32.4502,15459.7358,16.9959,16.8915,0.1044,16.6682,4.8806,4.8806,0.0000,-1.1160,15459.7358,NA
ExperienceX.exe,56308,0x216838E1150,DXGI,1,0,0,Composed: Flip,15492.6393,NA,16.01200000000000,NA,0.09620000000000,1.60840000000000,NA,15476.7317,16.0038,15.9076,0.0962,17.0288,0.4872,0.4820,0.0052,NA,NA,NA
ExperienceX.exe,56308,0x216838E1150,DXGI,1,0,0,Composed: Flip,15510.1744,NA,17.53510000000000,33.36830000000000,0.04860000000000,2.05040000000000,32.2714,15492.7355,17.4875,17.4389,0.0486,16.9642,2.5251,2.5251,0.0000,-0.3686,15492.7355,NA
ExperienceX.exe,56308,0x216C829D570,DXGI,1,0,0,Composed: Flip,15443.9516,NA,33.33450000000000,99.97790000000001,0.21510000000000,4.48890000000000,31.7909,15410.8702,33.2965,33.0814,0.2151,35.9023,1.6680,1.6614,0.0066,-15.2536,15410.8702,NA
ExperienceX.exe,56308,0x216C829D570,DXGI,1,0,0,Composed: Flip,15459.5087,NA,15.55710000000000,NA,0.22720000000000,1.98240000000000,NA,15444.1667,15.5692,15.3420,0.2272,16.8462,0.4782,0.4782,0.0000,NA,NA,NA
ExperienceX.exe,56308,0x216C829D570,DXGI,1,0,0,Composed: Flip,15476.8889,NA,17.38020000000000,NA,0.05950000000000,5.38910000000000,NA,15459.7359,17.2125,17.1530,0.0595,22.0143,0.5278,0.5218,0.0060,NA,NA,NA
ExperienceX.exe,56308,0x216C829D570,DXGI,1,0,0,Composed: Flip,15509.5775,NA,32.68860000000000,NA,0.11600000000000,5.94590000000000,NA,15476.9484,32.7451,32.6291,0.1160,35.7345,2.8405,2.8345,0.0060,NA,NA,NA
ExperienceX.exe,56308,0x216C829D570,DXGI,1,0,0,Composed: Flip,15526.4284,NA,16.85090000000000,NA,0.08530000000000,1.09660000000000,NA,15509.6935,16.8202,16.7349,0.0853,17.3564,0.4751,0.4751,0.0000,NA,NA,NA
ExperienceX.exe,56308,0x216838E1150,DXGI,1,0,0,Composed: Flip,15526.4183,NA,16.24390000000000,16.65910000000000,0.05400000000000,0.63160000000000,32.6866,15510.2230,16.2493,16.1953,0.0540,16.2697,0.5572,0.5572,0.0000,0.8284,15510.2230,NA
ExperienceX.exe,56308,0x216838E1150,DXGI,1,0,0,Composed: Flip,15543.3555,NA,16.93720000000000,NA,0.20970000000000,5.64870000000000,NA,15526.4723,17.0929,16.8832,0.2097,19.9442,2.5877,2.5822,0.0055,NA,NA,NA
ExperienceX.exe,56308,0x216838E1150,DXGI,1,0,0,Composed: Flip,15559.3968,NA,16.04130000000000,33.30230000000000,0.05400000000000,0.62070000000000,33.0104,15543.5652,15.8856,15.8316,0.0540,15.8983,0.5540,0.5540,0.0000,0.0399,15543.5652,NA
ExperienceX.exe,56308,0x216C7EA03E0,DXGI,1,0,0,Composed: Flip,15492.6599,NA,16.36800000000000,283.28280000000001,0.11510000000000,0.61940000000000,33.2010,15476.3911,16.3839,16.2688,0.1151,16.3376,0.5506,0.5506,0.0000,0.2283,15476.3911,NA
ExperienceX.exe,56308,0x216C7EA03E0,DXGI,1,0,0,Composed: Flip,15509.5770,NA,16.91710000000000,NA,0.39650000000000,3.10590000000000,NA,15492.7750,17.1985,16.8020,0.3965,19.4498,0.4581,0.4581,0.0000,NA,NA,NA
ExperienceX.exe,56308,0x216C7EA03E0,DXGI,1,0,0,Composed: Flip,15526.5045,NA,16.92750000000000,NA,0.26900000000000,1.53320000000000,NA,15509.9735,16.8000,16.5310,0.2690,17.5515,0.5127,0.5039,0.0088,NA,NA,NA
ExperienceX.exe,56308,0x216C7EA03E0,DXGI,1,0,0,Composed: Flip,15543.3566,NA,16.85210000000000,NA,0.38110000000000,3.05990000000000,NA,15526.7735,16.9642,16.5831,0.3811,18.9230,0.7200,0.7200,0.0000,NA,NA,NA
ExperienceX.exe,56308,0x216C7EA03E0,DXGI,1,0,0,Composed: Flip,15559.3911,NA,16.03450000000000,NA,0.05460000000000,1.60120000000000,NA,15543.7377,15.7080,15.6534,0.0546,16.7605,0.4941,0.4878,0.0063,NA,NA,NA
ExperienceX.exe,56308,0x216C7EA03E0,DXGI,1,0,0,Composed: Flip,15576.6397,NA,17.24860000000000,NA,0.31620000000000,2.70710000000000,NA,15559.4457,17.5102,17.1940,0.3162,19.4822,0.4189,0.4189,0.0000,NA,NA,NA
ExperienceX.exe,56308,0x216838E1150,DXGI,1,0,0,Composed: Flip,15576.9027,NA,17.50590000000000,16.77270000000000,0.06240000000000,2.02520000000000,32.2772,15559.4508,17.5143,17.4519,0.0624,16.9289,2.5482,2.5482,0.0000,-0.8871,15559.4508,NA
ExperienceX.exe,56308,0x216838E1150,DXGI,1,0,0,Composed: Flip,15592.6142,NA,15.71150000000000,NA,0.07560000000000,1.10970000000000,NA,15576.9651,15.7247,15.6491,0.0756,16.2789,0.4799,0.4799,0.0000,NA,NA,NA
ExperienceX.exe,56308,0x216C7EA03E0,DXGI,1,0,0,Composed: Flip,15592.6069,NA,15.96720000000000,99.91210000000001,0.08300000000000,0.63710000000000,33.1661,15576.9559,15.7340,15.6510,0.0830,15.7369,0.5512,0.5512,0.0000,0.6527,15576.9559,NA
ExperienceX.exe,56308,0x216C7EA03E0,DXGI,1,0,0,Composed: Flip,15610.9208,NA,18.31390000000000,NA,0.17410000000000,2.72780000000000,NA,15592.6899,18.4050,18.2309,0.1741,20.4876,0.4711,0.4711,0.0000,NA,NA,NA
ExperienceX.exe,56308,0x216C7EA03E0,DXGI,1,0,0,Composed: Flip,15626.0768,NA,15.15600000000000,33.48930000000000,0.19160000000000,1.94070000000000,33.1855,15611.0949,15.1735,14.9819,0.1916,16.3502,0.5724,0.5527,0.0197,0.6497,15611.0949,NA
ExperienceX.exe,56308,0x216C7EA03E0,DXGI,1,0,0,Composed: Flip,15643.7196,NA,17.64280000000000,16.48090000000000,0.12570000000000,2.42960000000000,32.0236,15626.2684,17.5769,17.4512,0.1257,1.8014,18.0794,3.0950,14.9844,-1.3074,15626.2684,NA
ExperienceX.exe,56308,0x216C829D570,DXGI,1,0,0,Composed: Flip,15543.3525,NA,16.92410000000000,100.00050000000000,0.38510000000000,2.34400000000000,32.3905,15526.5137,17.2239,16.8388,0.3851,16.6753,2.5075,2.5075,0.0000,15.6430,15526.5137,NA
ExperienceX.exe,56308,0x216C829D570,DXGI,1,0,0,Composed: Flip,15559.3950,NA,16.04250000000000,NA,0.05590000000000,1.10320000000000,NA,15543.7376,15.7133,15.6574,0.0559,16.2799,0.4807,0.4807,0.0000,NA,NA,NA
ExperienceX.exe,56308,0x216C829D570,DXGI,1,0,0,Composed: Flip,15576.8861,NA,17.49110000000000,NA,0.06830000000000,5.31100000000000,NA,15559.4509,17.5035,17.4352,0.0683,19.8959,2.8503,2.8447,0.0056,NA,NA,NA
ExperienceX.exe,56308,0x216C829D570,DXGI,1,0,0,Composed: Flip,15592.6068,NA,15.72070000000000,NA,0.08300000000000,1.70280000000000,NA,15576.9544,15.7354,15.6524,0.0830,16.7695,0.5857,0.5813,0.0044,NA,NA,NA
ExperienceX.exe,56308,0x216C829D570,DXGI,1,0,0,Composed: Flip,15610.6514,NA,18.04460000000000,NA,0.07700000000000,3.47890000000000,NA,15592.6898,18.0386,17.9616,0.0770,20.9588,0.4817,0.4817,0.0000,NA,NA,NA
ExperienceX.exe,56308,0x216C829D570,DXGI,1,0,0,Composed: Flip,15626.0682,NA,15.41680000000000,NA,0.18390000000000,1.23700000000000,NA,15610.7284,15.5237,15.3398,0.1839,16.1183,0.4585,0.4519,0.0066,NA,NA,NA
ExperienceX.exe,56308,0x216C829D570,DXGI,1,0,0,Composed: Flip,15643.8733,NA,17.80510000000000,NA,0.07710000000000,3.22440000000000,NA,15626.2521,17.6983,17.6212,0.0771,20.3674,0.4782,0.4782,0.0000,NA,NA,NA
ExperienceX.exe,56308,0x216C829D570,DXGI,1,0,0,Composed: Flip,15659.9649,NA,16.09160000000000,NA,0.42250000000000,2.49290000000000,NA,15643.9504,16.4370,16.0145,0.4225,18.0392,0.4682,0.4682,0.0000,NA,NA,NA
ExperienceX.exe,56308,0x216C7EA03E0,DXGI,1,0,0,Composed: Flip,15659.9667,NA,16.24710000000000,16.66540000000000,0.41940000000000,2.02290000000000,32.4419,15643.8453,16.5408,16.1214,0.4194,3.2524,14.8919,2.1304,12.7615,0.9115,15643.8453,NA
ExperienceX.exe,56308,0x216C7EA03E0,DXGI,1,0,0,Composed: Flip,15676.6088,NA,16.64210000000000,NA,0.12560000000000,6.27140000000000,NA,15660.3861,16.3483,16.2227,0.1256,20.2033,2.2908,2.2801,0.0107,NA,NA,NA
ExperienceX.exe,56308,0x216C7EA03E0,DXGI,1,0,0,Composed: Flip,15692.6645,NA,16.05570000000000,33.39900000000000,0.09550000000000,1.63660000000000,33.1431,15676.7344,16.0256,15.9301,0.0955,17.1085,0.4582,0.4523,0.0059,-0.5099,15676.7344,NA
ExperienceX.exe,56308,0x216C829D570,DXGI,1,0,0,Composed: Flip,15676.2424,NA,16.27750000000000,133.34739999999999,0.12420000000000,3.87430000000000,32.8480,15660.3874,15.9792,15.8550,0.1242,16.0308,3.6985,3.6985,0.0000,0.5263,15660.3874,NA
ExperienceX.exe,56308,0x216C829D570,DXGI,1,0,0,Composed: Flip,15692.6631,NA,16.42070000000000,NA,0.09700000000000,1.17980000000000,NA,15676.3666,16.3935,16.2965,0.0970,16.9432,0.5331,0.5331,0.0000,NA,NA,NA
ExperienceX.exe,56308,0x216C829D570,DXGI,1,0,0,Composed: Flip,15710.1303,NA,17.46720000000000,NA,0.72810000000000,3.05010000000000,NA,15692.7601,18.0983,17.3702,0.7281,19.9630,0.4573,0.4573,0.0000,NA,NA,NA
ExperienceX.exe,56308,0x216C829D570,DXGI,1,0,0,Composed: Flip,15726.2113,NA,16.08100000000000,50.20880000000000,0.16490000000000,0.75250000000000,33.0879,15710.8584,15.5178,15.3529,0.1649,2.7947,13.3107,1.0949,12.2158,0.2622,15710.8584,NA
ExperienceX.exe,56308,0x216838E1150,DXGI,1,0,0,Composed: Flip,15611.0213,NA,18.40710000000000,33.28340000000000,0.56560000000000,2.15620000000000,31.4420,15592.6898,18.8971,18.3315,0.5656,17.5073,2.9804,2.9804,0.0000,-0.0444,15592.6898,NA
ExperienceX.exe,56308,0x216838E1150,DXGI,1,0,0,Composed: Flip,15626.0676,NA,15.04630000000000,NA,1.30700000000000,0.77910000000000,NA,15611.5869,15.7877,14.4807,1.3070,2.5434,12.7164,1.2607,11.4557,NA,NA,NA
ExperienceX.exe,56308,0x216838E1150,DXGI,1,0,0,Composed: Flip,15643.7570,NA,17.68940000000000,NA,0.09020000000000,2.86250000000000,NA,15627.3746,16.4726,16.3824,0.0902,18.7746,0.4703,0.4703,0.0000,NA,NA,NA
ExperienceX.exe,56308,0x216838E1150,DXGI,1,0,0,Composed: Flip,15659.9850,NA,16.22800000000000,NA,0.50590000000000,2.92330000000000,NA,15643.8472,16.6437,16.1378,0.5059,18.6106,0.4505,0.4470,0.0035,NA,NA,NA
ExperienceX.exe,56308,0x216838E1150,DXGI,1,0,0,Composed: Flip,15676.2759,NA,16.29090000000000,NA,0.43560000000000,4.31350000000000,NA,15660.4909,16.2206,15.7850,0.4356,19.6258,0.4727,0.4727,0.0000,NA,NA,NA
ExperienceX.exe,56308,0x216838E1150,DXGI,1,0,0,Composed: Flip,15692.6621,NA,16.38620000000000,NA,0.09820000000000,0.64770000000000,NA,15676.7115,16.0488,15.9506,0.0982,16.0556,0.5427,0.5427,0.0000,NA,NA,NA
ExperienceX.exe,56308,0x216838E1150,DXGI,1,0,0,Composed: Flip,15710.5557,NA,17.89360000000000,NA,0.17480000000000,3.09740000000000,NA,15692.7603,17.9702,17.7954,0.1748,20.4201,0.4727,0.4727,0.0000,NA,NA,NA
ExperienceX.exe,56308,0x216838E1150,DXGI,1,0,0,Composed: Flip,15726.2109,NA,15.65520000000000,NA,0.15410000000000,1.72350000000000,NA,15710.7305,15.6345,15.4804,0.1541,16.7311,0.4728,0.4677,0.0051,NA,NA,NA
ExperienceX.exe,56308,0x216838E1150,DXGI,1,0,0,Composed: Flip,15743.4287,NA,17.21780000000000,NA,0.29180000000000,6.17420000000000,NA,15726.3650,17.3555,17.0637,0.2918,20.9410,2.2969,2.2894,0.0075,NA,NA,NA
ExperienceX.exe,56308,0x216838E1150,DXGI,1,0,0,Composed: Flip,15759.8991,NA,16.47040000000000,150.22329999999999,0.06530000000000,0.71490000000000,32.7875,15743.7205,16.2439,16.1786,0.0653,16.3072,0.5863,0.5863,0.0000,0.8074,15743.7205,NA
ExperienceX.exe,56308,0x216C829D570,DXGI,1,0,0,Composed: Flip,15743.5683,NA,17.35700000000000,16.49460000000000,0.10550000000000,3.28180000000000,32.2255,15726.3762,17.2976,17.1921,0.1055,16.7813,3.6926,3.6926,0.0000,-0.9768,15726.3762,NA
ExperienceX.exe,56308,0x216C829D570,DXGI,1,0,0,Composed: Flip,15759.9009,NA,16.33260000000000,NA,0.08330000000000,1.27810000000000,NA,15743.6738,16.3104,16.2271,0.0833,16.9402,0.5650,0.5650,0.0000,NA,NA,NA
ExperienceX.exe,56308,0x216C829D570,DXGI,1,0,0,Composed: Flip,15777.1710,NA,17.27010000000000,NA,0.09230000000000,5.26950000000000,NA,15759.9842,17.2791,17.1868,0.0923,19.5822,2.8741,2.8656,0.0085,NA,NA,NA
ExperienceX.exe,56308,0x216C829D570,DXGI,1,0,0,Composed: Flip,15793.2294,NA,16.05840000000000,49.94510000000000,0.35960000000000,0.88540000000000,32.5095,15777.2633,16.3257,15.9661,0.3596,16.2514,0.6001,0.6001,0.0000,0.9420,15777.2633,NA
ExperienceX.exe,56308,0x216C829D570,DXGI,1,0,0,Composed: Flip,15810.6529,NA,17.42350000000000,16.67210000000000,1.24650000000000,3.41180000000000,31.7581,15793.5890,18.3104,17.0639,1.2465,17.4769,2.9988,2.9988,0.0000,-0.3464,15793.5890,NA
ExperienceX.exe,56308,0x216C7EA03E0,DXGI,1,0,0,Composed: Flip,15710.5227,NA,17.85820000000000,16.53540000000000,0.20700000000000,2.20040000000000,31.8203,15692.7600,17.9697,17.7627,0.2070,16.9844,2.9787,2.9787,0.0000,-0.5098,15692.7600,NA
ExperienceX.exe,56308,0x216C7EA03E0,DXGI,1,0,0,Composed: Flip,15743.5636,NA,33.04090000000000,NA,0.10990000000000,3.74240000000000,NA,15710.7297,32.9438,32.8339,0.1099,36.1204,0.4559,0.4559,0.0000,NA,NA,NA
ExperienceX.exe,56308,0x216C7EA03E0,DXGI,1,0,0,Composed: Flip,15759.9776,NA,16.41400000000000,NA,0.25010000000000,1.58840000000000,NA,15743.6735,16.5542,16.3041,0.2501,17.5055,0.3870,0.3806,0.0064,NA,NA,NA
ExperienceX.exe,56308,0x216C7EA03E0,DXGI,1,0,0,Composed: Flip,15777.2309,NA,17.25330000000000,NA,0.18680000000000,2.33550000000000,NA,15760.2277,17.1900,17.0032,0.1868,18.8734,0.4653,0.4653,0.0000,NA,NA,NA
ExperienceX.exe,56308,0x216C7EA03E0,DXGI,1,0,0,Composed: Flip,15793.2306,NA,15.99970000000000,NA,0.23030000000000,1.40950000000000,NA,15777.4177,16.0432,15.8129,0.2303,16.6971,0.5253,0.5253,0.0000,NA,NA,NA
ExperienceX.exe,56308,0x216C7EA03E0,DXGI,1,0,0,Composed: Flip,15811.4586,NA,18.22800000000000,NA,0.30260000000000,3.08630000000000,NA,15793.4609,18.3003,17.9977,0.3026,20.6038,0.4802,0.4802,0.0000,NA,NA,NA
ExperienceX.exe,56308,0x216C7EA03E0,DXGI,1,0,0,Composed: Flip,15825.9806,NA,14.52200000000000,NA,0.12140000000000,1.64680000000000,NA,15811.7612,14.3408,14.2194,0.1214,15.3828,0.4834,0.4781,0.0053,NA,NA,NA
ExperienceX.exe,56308,0x216838E1150,DXGI,1,0,0,Composed: Flip,15777.2150,NA,17.31590000000000,16.60440000000000,0.20280000000000,1.88610000000000,32.0760,15759.9644,17.4534,17.2506,0.2028,16.6272,2.5095,2.5095,0.0000,-0.3605,15759.9644,NA
ExperienceX.exe,56308,0x216838E1150,DXGI,1,0,0,Composed: Flip,15793.2302,NA,16.01520000000000,NA,0.22720000000000,1.82570000000000,NA,15777.4178,16.0396,15.8124,0.2272,17.2223,0.4158,0.4080,0.0078,NA,NA,NA
ExperienceX.exe,56308,0x216838E1150,DXGI,1,0,0,Composed: Flip,15811.6756,NA,18.44540000000000,NA,0.16820000000000,3.34610000000000,NA,15793.4574,18.3864,18.2182,0.1682,21.0875,0.4768,0.4768,0.0000,NA,NA,NA
ExperienceX.exe,56308,0x216838E1150,DXGI,1,0,0,Composed: Flip,15825.9817,NA,14.30610000000000,NA,0.12010000000000,0.66280000000000,NA,15811.8438,14.2580,14.1379,0.1201,3.1779,11.6228,1.9838,9.6390,NA,NA,NA
ExperienceX.exe,56308,0x216838E1150,DXGI,1,0,0,Composed: Flip,15842.9470,NA,16.96530000000000,NA,0.13160000000000,7.40870000000000,NA,15826.1018,16.9768,16.8452,0.1316,20.8696,3.3843,3.3756,0.0087,NA,NA,NA
ExperienceX.exe,56308,0x216C829D570,DXGI,1,0,0,Composed: Flip,15825.9804,NA,15.32750000000000,16.72410000000000,0.12160000000000,1.16360000000000,33.1547,15811.8994,14.2026,14.0810,0.1216,14.7451,0.4995,0.4995,0.0000,1.5863,15811.8994,NA
ExperienceX.exe,56308,0x216C829D570,DXGI,1,0,0,Composed: Flip,15859.5108,NA,33.53040000000000,NA,0.27470000000000,3.26750000000000,NA,15826.1020,33.6835,33.4088,0.2747,36.2049,0.4714,0.4677,0.0037,NA,NA,NA
ExperienceX.exe,56308,0x216838E1150,DXGI,1,0,0,Composed: Flip,15859.5285,NA,16.58150000000000,83.13910000000000,0.39800000000000,2.30420000000000,32.9016,15843.0786,16.8479,16.4499,0.3980,16.7308,2.0233,2.0233,0.0000,-0.0249,15843.0786,NA
ExperienceX.exe,56308,0x216838E1150,DXGI,1,0,0,Composed: Flip,15876.6015,NA,17.07300000000000,NA,0.11860000000000,2.78040000000000,NA,15859.9265,16.7936,16.6750,0.1186,18.9537,0.5017,0.5017,0.0000,NA,NA,NA
ExperienceX.exe,56308,0x216C829D570,DXGI,1,0,0,Composed: Flip,15876.2425,NA,16.73170000000000,49.92810000000000,0.09920000000000,2.63770000000000,32.8207,15859.7855,16.5562,16.4570,0.0992,16.6063,2.4884,2.4884,0.0000,-2.0420,15859.7855,NA
ExperienceX.exe,56308,0x216C829D570,DXGI,1,0,0,Composed: Flip,15892.7419,NA,16.49940000000000,NA,0.13390000000000,1.06020000000000,NA,15876.3417,16.5341,16.4002,0.1339,17.0099,0.4505,0.4505,0.0000,NA,NA,NA
ExperienceX.exe,56308,0x0,Other,-1,0,0,Composed: Flip,15259.6659,NA,32.75240000000000,66.42660000000001,0.00000000000000,0.78120000000000,32.7341,15226.9135,32.7524,32.7524,0.0000,33.0529,0.4807,0.4807,0.0000,67.2806,15226.9135,NA
ExperienceX.exe,56308,0x0,Other,-1,0,0,Composed: Flip,15277.2386,NA,17.57270000000000,NA,0.00000000000000,5.80840000000000,NA,15259.6659,17.5727,17.5727,0.0000,21.0867,2.2944,2.2834,0.0110,NA,NA,NA
ExperienceX.exe,56308,0x0,Other,-1,0,0,Composed: Flip,15394.6505,NA,117.41190000000000,NA,0.00000000000000,0.46550000000000,NA,15277.2386,117.4119,117.4119,0.0000,117.3814,0.4960,0.4847,0.0113,NA,NA,NA
ExperienceX.exe,56308,0x0,Other,-1,0,0,Composed: Flip,15427.7184,NA,33.06790000000000,NA,0.00000000000000,1.02220000000000,NA,15394.6505,33.0679,33.0679,0.0000,33.6091,0.4810,0.4726,0.0084,NA,NA,NA
ExperienceX.exe,56308,0x0,Other,-1,0,0,Composed: Flip,15492.9793,NA,65.26090000000001,NA,0.00000000000000,0.78120000000000,NA,15427.7184,65.2609,65.2609,0.0000,65.5609,0.4812,0.4812,0.0000,NA,NA,NA
ExperienceX.exe,56308,0x0,Other,-1,0,0,Composed: Flip,15726.7662,NA,233.78690000000000,NA,0.00000000000000,0.69540000000000,NA,15492.9793,233.7869,233.7869,0.0000,233.9845,0.4978,0.4978,0.0000,NA,NA,NA
ExperienceX.exe,56308,0x0,Other,-1,0,0,Composed: Flip,15843.8180,NA,117.05180000000000,NA,0.00000000000000,3.15340000000000,NA,15726.7662,117.0518,117.0518,0.0000,119.7386,0.4666,0.4666,0.0000,NA,NA,NA
ExperienceX.exe,56308,0x216C829D570,DXGI,1,0,0,Composed: Flip,15910.0586,NA,17.31670000000000,33.41960000000000,0.10080000000000,2.51910000000000,32.4242,15892.8758,17.2836,17.1828,0.1008,16.7462,2.9557,2.9557,0.0000,-0.3293,15892.8758,NA
ExperienceX.exe,56308,0x216C829D570,DXGI,1,0,0,Composed: Flip,15926.1480,NA,16.08940000000000,NA,0.14050000000000,1.22230000000000,NA,15910.1594,16.1291,15.9886,0.1405,17.1574,0.0535,0.0535,0.0000,NA,NA,NA
ExperienceX.exe,56308,0x216838E1150,DXGI,1,0,0,Composed: Flip,15892.7117,NA,16.11020000000000,33.35310000000000,0.05280000000000,0.63990000000000,33.0715,15876.7201,16.0444,15.9916,0.0528,16.0523,0.5792,0.5792,0.0000,0.2884,15876.7201,NA
ExperienceX.exe,56308,0x216838E1150,DXGI,1,0,0,Composed: Flip,15909.8408,NA,17.12910000000000,NA,0.29260000000000,3.67660000000000,NA,15892.7645,17.3689,17.0763,0.2926,20.2682,0.4847,0.4847,0.0000,NA,NA,NA
ExperienceX.exe,56308,0x216838E1150,DXGI,1,0,0,Composed: Flip,15959.3526,NA,49.51180000000000,66.62910000000001,0.11190000000000,1.65460000000000,33.0597,15910.1334,49.3311,49.2192,0.1119,50.3718,0.5020,0.4964,0.0056,-33.2158,15910.1334,NA
ExperienceX.exe,56308,0x216838E1150,DXGI,1,0,0,Composed: Flip,15976.5688,NA,17.21620000000000,16.73240000000000,0.05650000000000,2.29290000000000,32.5759,15959.4645,17.1608,17.1043,0.0565,16.8971,2.5001,2.5001,0.0000,32.5987,15959.4645,NA
ExperienceX.exe,56308,0x216838E1150,DXGI,1,0,0,Composed: Flip,15992.6882,NA,16.11940000000000,16.60550000000000,0.06430000000000,0.79490000000000,33.0620,15976.6253,16.1272,16.0629,0.0643,16.1288,0.7290,0.7290,0.0000,0.5553,15976.6253,NA
ExperienceX.exe,56308,0x216838E1150,DXGI,1,0,0,Composed: Flip,16011.4492,NA,18.76100000000000,16.66310000000000,0.14500000000000,2.04300000000000,30.9641,15992.7525,18.8417,18.6967,0.1450,17.7312,3.0085,3.0085,0.0000,-0.5359,15992.7525,NA
ExperienceX.exe,56308,0x216838E1150,DXGI,1,0,0,Composed: Flip,16026.0781,NA,14.62890000000000,16.64970000000000,0.08250000000000,0.63830000000000,32.9849,16011.5942,14.5664,14.4839,0.0825,2.8330,12.2892,0.9227,11.3665,2.1920,16011.5942,NA
ExperienceX.exe,56308,0x216C829D570,DXGI,1,0,0,Composed: Flip,15943.0237,NA,16.87570000000000,33.25130000000000,0.09200000000000,4.82680000000000,32.7104,15926.2885,16.8272,16.7352,0.0920,18.9943,2.5677,2.5677,0.0000,0.1614,15926.2885,NA
ExperienceX.exe,56308,0x216C829D570,DXGI,1,0,0,Composed: Flip,15959.3596,NA,16.33590000000000,NA,0.12000000000000,1.14560000000000,NA,15943.1157,16.3639,16.2439,0.1200,16.9036,0.4859,0.4859,0.0000,NA,NA,NA
ExperienceX.exe,56308,0x216C829D570,DXGI,1,0,0,Composed: Flip,15976.6813,NA,17.32170000000000,NA,0.26810000000000,2.64470000000000,NA,15959.4796,17.4698,17.2017,0.2681,19.3821,0.4643,0.4643,0.0000,NA,NA,NA
ExperienceX.exe,56308,0x216C829D570,DXGI,1,0,0,Composed: Flip,15992.7211,NA,16.03980000000000,NA,0.15660000000000,1.05870000000000,NA,15976.9494,15.9283,15.7717,0.1566,16.5337,0.2967,0.2967,0.0000,NA,NA,NA
ExperienceX.exe,56308,0x216C829D570,DXGI,1,0,0,Composed: Flip,16011.2412,NA,18.52010000000000,NA,0.05480000000000,3.18600000000000,NA,15992.8777,18.4183,18.3635,0.0548,21.0845,0.4650,0.4650,0.0000,NA,NA,NA
ExperienceX.exe,56308,0x216C829D570,DXGI,1,0,0,Composed: Flip,16026.1066,NA,14.86540000000000,NA,0.22310000000000,1.08340000000000,NA,16011.2960,15.0337,14.8106,0.2231,15.4204,0.4736,0.4736,0.0000,NA,NA,NA
ExperienceX.exe,56308,0x216C829D570,DXGI,1,0,0,Composed: Flip,16043.3250,NA,17.21840000000000,NA,0.32850000000000,5.20630000000000,NA,16026.3297,17.3238,16.9953,0.3285,21.7349,0.4667,0.4616,0.0051,NA,NA,NA
ExperienceX.exe,56308,0x216838E1150,DXGI,1,0,0,Composed: Flip,16043.4581,NA,17.38000000000000,16.65710000000000,0.31340000000000,4.14360000000000,32.2620,16026.1606,17.6109,17.2975,0.3134,16.9850,4.4561,4.4561,0.0000,-2.0907,16026.1606,NA
ExperienceX.exe,56308,0x216838E1150,DXGI,1,0,0,Composed: Flip,16059.3441,NA,15.88600000000000,NA,0.13860000000000,1.70180000000000,NA,16043.7715,15.7112,15.5726,0.1386,16.7864,0.4880,0.4833,0.0047,NA,NA,NA
ExperienceX.exe,56308,0x216C7EA03E0,DXGI,1,0,0,Composed: Flip,15842.9496,NA,16.96900000000000,133.38679999999999,0.16850000000000,3.55520000000000,32.7802,15826.1020,17.0161,16.8476,0.1685,17.1187,3.2841,3.2841,0.0000,-0.0448,15826.1020,NA
ExperienceX.exe,56308,0x216C7EA03E0,DXGI,1,0,0,Composed: Flip,15859.5115,NA,16.56190000000000,NA,0.27400000000000,2.79540000000000,NA,15843.1181,16.6674,16.3934,0.2740,18.7146,0.4742,0.4742,0.0000,NA,NA,NA
ExperienceX.exe,56308,0x216C7EA03E0,DXGI,1,0,0,Composed: Flip,15876.2285,NA,16.71700000000000,NA,0.11360000000000,6.06710000000000,NA,15859.7855,16.5566,16.4430,0.1136,19.5964,2.9137,2.9073,0.0064,NA,NA,NA
ExperienceX.exe,56308,0x216C7EA03E0,DXGI,1,0,0,Composed: Flip,15892.7415,NA,16.51300000000000,NA,0.13430000000000,1.56460000000000,NA,15876.3421,16.5337,16.3994,0.1343,17.4600,0.5040,0.4967,0.0073,NA,NA,NA
ExperienceX.exe,56308,0x216C7EA03E0,DXGI,1,0,0,Composed: Flip,15910.0825,NA,17.34100000000000,NA,0.07690000000000,2.95020000000000,NA,15892.8758,17.2836,17.2067,0.0769,19.7019,0.4550,0.4550,0.0000,NA,NA,NA
ExperienceX.exe,56308,0x216C7EA03E0,DXGI,1,0,0,Composed: Flip,15926.1476,NA,16.06510000000000,NA,0.14040000000000,1.16920000000000,NA,15910.1594,16.1286,15.9882,0.1404,3.3580,13.7994,1.4796,12.3198,NA,NA,NA
ExperienceX.exe,56308,0x216C7EA03E0,DXGI,1,0,0,Composed: Flip,15943.0236,NA,16.87600000000000,NA,0.09450000000000,2.25920000000000,NA,15926.2880,16.8301,16.7356,0.0945,16.9399,2.0549,2.0549,0.0000,NA,NA,NA
ExperienceX.exe,56308,0x216C7EA03E0,DXGI,1,0,0,Composed: Flip,15959.3599,NA,16.33630000000000,NA,0.11970000000000,0.65940000000000,NA,15943.1181,16.3615,16.2418,0.1197,16.3544,0.5468,0.5468,0.0000,NA,NA,NA
ExperienceX.exe,56308,0x216C7EA03E0,DXGI,1,0,0,Composed: Flip,15976.8402,NA,17.48030000000000,NA,0.05050000000000,5.34910000000000,NA,15959.4796,17.4111,17.3606,0.0505,19.8464,2.8633,2.8554,0.0079,NA,NA,NA
ExperienceX.exe,56308,0x216C7EA03E0,DXGI,1,0,0,Composed: Flip,15992.7210,NA,15.88080000000000,NA,0.15680000000000,1.64700000000000,NA,15976.8907,15.9871,15.8303,0.1568,16.8891,0.5882,0.5829,0.0053,NA,NA,NA
ExperienceX.exe,56308,0x216C7EA03E0,DXGI,1,0,0,Composed: Flip,16011.1719,NA,18.45090000000000,NA,0.06660000000000,2.79030000000000,NA,15992.8778,18.3607,18.2941,0.0666,20.6144,0.4700,0.4700,0.0000,NA,NA,NA
ExperienceX.exe,56308,0x216C7EA03E0,DXGI,1,0,0,Composed: Flip,16026.1051,NA,14.93320000000000,NA,0.22460000000000,1.58850000000000,NA,16011.2385,15.0912,14.8666,0.2246,15.9515,0.5036,0.4982,0.0054,NA,NA,NA
ExperienceX.exe,56308,0x216C7EA03E0,DXGI,1,0,0,Composed: Flip,16043.6402,NA,17.53510000000000,NA,0.08270000000000,4.42440000000000,NA,16026.3297,17.3932,17.3105,0.0827,21.2720,0.4629,0.4629,0.0000,NA,NA,NA
ExperienceX.exe,56308,0x216C7EA03E0,DXGI,1,0,0,Composed: Flip,16076.6983,NA,33.05810000000000,NA,0.08740000000000,6.29190000000000,NA,16043.7229,33.0628,32.9754,0.0874,36.8955,2.3718,2.3632,0.0086,NA,NA,NA
ExperienceX.exe,56308,0x216838E1150,DXGI,1,0,0,Composed: Flip,16076.6318,NA,17.28770000000000,33.34880000000000,0.05530000000000,3.50170000000000,32.4371,16059.4827,17.2044,17.1491,0.0553,16.8348,3.8160,3.8160,0.0000,-0.0267,16059.4827,NA
ExperienceX.exe,56308,0x216C7EA03E0,DXGI,1,0,0,Composed: Flip,16092.7014,NA,16.00310000000000,250.01660000000001,0.18550000000000,1.74430000000000,33.0450,16076.7857,16.1012,15.9157,0.1855,17.1400,0.5200,0.5147,0.0053,0.6671,16076.7857,NA
ExperienceX.exe,56308,0x216C7EA03E0,DXGI,1,0,0,Composed: Flip,16109.5564,NA,16.85500000000000,NA,0.41320000000000,3.24230000000000,NA,16092.8869,17.0827,16.6695,0.4132,19.4357,0.4761,0.4761,0.0000,NA,NA,NA
ExperienceX.exe,56308,0x216C829D570,DXGI,1,0,0,Composed: Flip,16059.3334,NA,16.00840000000000,116.66520000000000,0.14960000000000,0.73280000000000,33.0659,16043.6535,15.8295,15.6799,0.1496,15.8671,0.5456,0.5456,0.0000,0.6998,16043.6535,NA
ExperienceX.exe,56308,0x216C829D570,DXGI,1,0,0,Composed: Flip,16076.7105,NA,17.37710000000000,NA,0.07520000000000,3.90790000000000,NA,16059.4830,17.3027,17.2275,0.0752,20.6505,0.4849,0.4849,0.0000,NA,NA,NA
ExperienceX.exe,56308,0x216C829D570,DXGI,1,0,0,Composed: Flip,16092.7015,NA,15.99100000000000,NA,0.18450000000000,1.22420000000000,NA,16076.7857,16.1003,15.9158,0.1845,16.6614,0.4786,0.4786,0.0000,NA,NA,NA
ExperienceX.exe,56308,0x216C829D570,DXGI,1,0,0,Composed: Flip,16109.5556,NA,16.85410000000000,NA,0.41340000000000,6.21610000000000,NA,16092.8860,17.0830,16.6696,0.4134,19.9127,2.9730,2.9669,0.0061,NA,NA,NA
ExperienceX.exe,56308,0x216C829D570,DXGI,1,0,0,Composed: Flip,16126.1350,NA,16.57940000000000,NA,0.20800000000000,1.70920000000000,NA,16109.9690,16.3740,16.1660,0.2080,17.3758,0.4994,0.4912,0.0082,NA,NA,NA
ExperienceX.exe,56308,0x216C829D570,DXGI,1,0,0,Composed: Flip,16143.8403,NA,17.70530000000000,83.34600000000000,0.07360000000000,4.53230000000000,31.9050,16126.3430,17.5709,17.4973,0.0736,16.9618,5.0678,5.0678,0.0000,-0.6565,16126.3430,NA
ExperienceX.exe,56308,0x216C7EA03E0,DXGI,1,0,0,Composed: Flip,16126.1344,NA,16.57800000000000,33.40140000000000,0.16090000000000,0.85360000000000,33.0134,16109.9696,16.3257,16.1648,0.1609,16.2800,0.7384,0.7384,0.0000,-0.2175,16109.9696,NA
ExperienceX.exe,56308,0x216C7EA03E0,DXGI,1,0,0,Composed: Flip,16143.8005,NA,17.66610000000000,NA,0.12610000000000,5.05610000000000,NA,16126.2953,17.6313,17.5052,0.1261,22.0773,0.4840,0.4840,0.0000,NA,NA,NA
ExperienceX.exe,56308,0x216C7EA03E0,DXGI,1,0,0,Composed: Flip,16159.4875,NA,15.68700000000000,NA,0.07050000000000,0.66120000000000,NA,16143.9266,15.6314,15.5609,0.0705,15.6614,0.5607,0.5607,0.0000,NA,NA,NA
ExperienceX.exe,56308,0x216C7EA03E0,DXGI,1,0,0,Composed: Flip,16176.6048,NA,17.11730000000000,49.91770000000000,0.51860000000000,3.96960000000000,32.4607,16159.5580,17.5654,17.0468,0.5186,17.1895,3.8269,3.8269,0.0000,-0.3293,16159.5580,NA
ExperienceX.exe,56308,0x216C829D570,DXGI,1,0,0,Composed: Flip,16159.5478,NA,15.70750000000000,16.68510000000000,0.20990000000000,1.63490000000000,32.8826,16143.9139,15.8438,15.6339,0.2099,16.7369,0.5319,0.5244,0.0075,0.8858,16143.9139,NA
ExperienceX.exe,56308,0x216C829D570,DXGI,1,0,0,Composed: Flip,16177.2964,NA,17.74860000000000,NA,0.06010000000000,6.14040000000000,NA,16159.7577,17.5988,17.5387,0.0601,21.3023,2.3768,2.3675,0.0093,NA,NA,NA
ExperienceX.exe,56308,0x216C829D570,DXGI,1,0,0,Composed: Flip,16192.9669,NA,15.67050000000000,NA,0.23110000000000,1.18410000000000,NA,16177.3565,15.8415,15.6104,0.2311,16.2845,0.5100,0.5100,0.0000,NA,NA,NA
ExperienceX.exe,56308,0x216838E1150,DXGI,1,0,0,Composed: Flip,16109.5547,NA,32.92290000000000,33.33620000000000,0.40660000000000,2.76790000000000,32.8504,16076.6871,33.2742,32.8676,0.4066,33.0214,2.6141,2.6141,0.0000,-16.1318,16076.6871,NA
ExperienceX.exe,56308,0x216838E1150,DXGI,1,0,0,Composed: Flip,16126.1343,NA,16.57960000000000,NA,0.16100000000000,1.21050000000000,NA,16109.9613,16.3340,16.1730,0.1610,17.0267,0.3568,0.3568,0.0000,NA,NA,NA
ExperienceX.exe,56308,0x216838E1150,DXGI,1,0,0,Composed: Flip,16143.8011,NA,17.66680000000000,NA,0.11870000000000,5.54450000000000,NA,16126.2953,17.6245,17.5058,0.1187,22.5613,0.4890,0.4837,0.0053,NA,NA,NA
ExperienceX.exe,56308,0x216838E1150,DXGI,1,0,0,Composed: Flip,16159.5472,NA,15.74610000000000,NA,0.21060000000000,1.10360000000000,NA,16143.9198,15.8380,15.6274,0.2106,16.2289,0.5021,0.5021,0.0000,NA,NA,NA
ExperienceX.exe,56308,0x216838E1150,DXGI,1,0,0,Composed: Flip,16176.9661,NA,17.41890000000000,NA,0.05440000000000,4.09390000000000,NA,16159.7578,17.2627,17.2083,0.0544,20.8166,0.4856,0.4856,0.0000,NA,NA,NA
ExperienceX.exe,56308,0x216838E1150,DXGI,1,0,0,Composed: Flip,16192.9666,NA,16.00050000000000,NA,0.23130000000000,0.67440000000000,NA,16177.0205,16.1774,15.9461,0.2313,16.0482,0.5723,0.5723,0.0000,NA,NA,NA
ExperienceX.exe,56308,0x216838E1150,DXGI,1,0,0,Composed: Flip,16209.6903,NA,16.72370000000000,NA,0.19410000000000,4.30630000000000,NA,16193.1979,16.6865,16.4924,0.1941,20.3044,0.4943,0.4943,0.0000,NA,NA,NA
ExperienceX.exe,56308,0x216C7EA03E0,DXGI,1,0,0,Composed: Flip,16192.8919,NA,16.28710000000000,16.81830000000000,0.19570000000000,1.77420000000000,32.9919,16177.1234,15.9642,15.7685,0.1957,17.0276,0.5151,0.5088,0.0063,0.7471,16177.1234,NA
ExperienceX.exe,56308,0x216C7EA03E0,DXGI,1,0,0,Composed: Flip,16210.3253,NA,17.43340000000000,NA,0.52820000000000,3.17700000000000,NA,16193.0876,17.7659,17.2377,0.5282,19.9300,0.4847,0.4847,0.0000,NA,NA,NA
ExperienceX.exe,56308,0x216C7EA03E0,DXGI,1,0,0,Composed: Flip,16226.6706,NA,16.34530000000000,NA,0.28130000000000,1.19740000000000,NA,16210.8535,16.0984,15.8171,0.2813,16.6023,0.4122,0.4122,0.0000,NA,NA,NA
ExperienceX.exe,56308,0x216C829D570,DXGI,1,0,0,Composed: Flip,16210.2527,NA,17.28580000000000,50.00740000000000,0.19560000000000,2.76490000000000,32.1851,16193.1980,17.2503,17.0547,0.1956,16.7314,3.0882,3.0882,0.0000,-0.7233,16193.1980,NA
ExperienceX.exe,56308,0x216C829D570,DXGI,1,0,0,Composed: Flip,16226.6645,NA,16.41180000000000,NA,0.27990000000000,1.82300000000000,NA,16210.4483,16.4961,16.2162,0.2799,17.4197,0.6195,0.5958,0.0237,NA,NA,NA
ExperienceX.exe,56308,0x216C829D570,DXGI,1,0,0,Composed: Flip,16244.0441,NA,17.37960000000000,NA,0.08080000000000,3.48260000000000,NA,16226.9444,17.1805,17.0997,0.0808,20.0844,0.4979,0.4979,0.0000,NA,NA,NA
ExperienceX.exe,56308,0x216838E1150,DXGI,1,0,0,Composed: Flip,16226.6299,NA,16.93960000000000,116.66510000000001,0.12070000000000,0.82590000000000,32.4403,16209.8844,16.8662,16.7455,0.1207,4.1122,13.4592,1.1741,12.2851,16.5322,16209.8844,NA
ExperienceX.exe,56308,0x216838E1150,DXGI,1,0,0,Composed: Flip,16243.8012,NA,17.17130000000000,NA,0.30210000000000,3.22760000000000,NA,16226.7506,17.3527,17.0506,0.3021,19.7850,0.4932,0.4932,0.0000,NA,NA,NA
ExperienceX.exe,56308,0x216838E1150,DXGI,1,0,0,Composed: Flip,16277.2412,NA,33.44000000000000,49.99680000000000,0.30700000000000,5.15800000000000,31.8258,16244.1033,33.4449,33.1379,0.3070,32.8893,5.4066,5.4066,0.0000,-15.7779,16244.1033,NA
ExperienceX.exe,56308,0x216C829D570,DXGI,1,0,0,Composed: Flip,16259.6706,NA,15.62650000000000,49.96090000000000,0.19200000000000,1.11820000000000,32.7281,16244.1249,15.7377,15.5457,0.1920,3.4018,13.2621,0.9745,12.2876,0.9660,16244.1249,NA
ExperienceX.exe,56308,0x216C829D570,DXGI,1,0,0,Composed: Flip,16277.3031,NA,17.63250000000000,NA,0.05430000000000,5.57270000000000,NA,16259.8626,17.4948,17.4405,0.0543,22.5366,0.4766,0.4766,0.0000,NA,NA,NA
ExperienceX.exe,56308,0x216C829D570,DXGI,1,0,0,Composed: Flip,16292.6887,NA,15.38560000000000,NA,0.24410000000000,1.65130000000000,NA,16277.3574,15.5754,15.3313,0.2441,16.4622,0.5204,0.5150,0.0054,NA,NA,NA
ExperienceX.exe,56308,0x216838E1150,DXGI,1,0,0,Composed: Flip,16292.6668,NA,15.42560000000000,16.65570000000000,0.05420000000000,0.87790000000000,33.0559,16277.5482,15.1728,15.1186,0.0542,15.1886,0.8079,0.8079,0.0000,16.7892,16277.5482,NA
ExperienceX.exe,56308,0x216838E1150,DXGI,1,0,0,Composed: Flip,16309.8909,NA,17.22410000000000,NA,0.12690000000000,5.86050000000000,NA,16292.7210,17.2968,17.1699,0.1269,22.5461,0.4843,0.4779,0.0064,NA,NA,NA
ExperienceX.exe,56308,0x216C7EA03E0,DXGI,1,0,0,Composed: Flip,16244.0095,NA,17.33890000000000,49.85350000000000,0.08720000000000,2.52610000000000,31.7278,16226.9519,17.1448,17.0576,0.0872,16.4590,3.1247,3.1247,0.0000,-0.0250,16226.9519,NA
ExperienceX.exe,56308,0x216C7EA03E0,DXGI,1,0,0,Composed: Flip,16259.6708,NA,15.66130000000000,NA,0.19180000000000,2.12780000000000,NA,16244.0967,15.7659,15.5741,0.1918,17.1964,0.5055,0.4993,0.0062,NA,NA,NA
ExperienceX.exe,56308,0x216C7EA03E0,DXGI,1,0,0,Composed: Flip,16277.2404,NA,17.56960000000000,NA,0.26010000000000,6.64950000000000,NA,16259.8626,17.6379,17.3778,0.2601,23.0132,1.0141,1.0023,0.0118,NA,NA,NA
ExperienceX.exe,56308,0x216C7EA03E0,DXGI,1,0,0,Composed: Flip,16292.6889,NA,15.44850000000000,NA,0.24410000000000,1.13070000000000,NA,16277.5005,15.4325,15.1884,0.2441,16.0442,0.2749,0.2749,0.0000,NA,NA,NA
ExperienceX.exe,56308,0x216C7EA03E0,DXGI,1,0,0,Composed: Flip,16309.9097,NA,17.22080000000000,NA,0.21980000000000,1.91510000000000,NA,16292.9330,17.1965,16.9767,0.2198,16.7750,2.1168,2.1168,0.0000,NA,NA,NA
ExperienceX.exe,56308,0x216838E1150,DXGI,1,0,0,Composed: Flip,16325.9883,NA,16.09740000000000,33.34480000000000,0.05440000000000,0.91910000000000,33.0792,16310.0178,16.0249,15.9705,0.0544,16.0450,0.8446,0.8446,0.0000,-0.8752,16310.0178,NA
ExperienceX.exe,56308,0x216838E1150,DXGI,1,0,0,Composed: Flip,16343.7995,NA,17.81120000000000,NA,0.62360000000000,3.30210000000000,NA,16326.0427,18.3804,17.7568,0.6236,20.5703,0.4886,0.4886,0.0000,NA,NA,NA
ExperienceX.exe,56308,0x216C7EA03E0,DXGI,1,0,0,Composed: Flip,16343.9397,NA,34.03000000000000,100.02250000000001,0.09150000000000,2.67330000000000,31.8201,16310.1295,33.9017,33.8102,0.0915,33.3870,3.0965,3.0965,0.0000,-16.8449,16310.1295,NA
ExperienceX.exe,56308,0x216C7EA03E0,DXGI,1,0,0,Composed: Flip,16359.3649,NA,15.42520000000000,NA,0.18950000000000,1.01440000000000,NA,16344.0312,15.5232,15.3337,0.1895,3.5543,12.7938,1.3620,11.4318,NA,NA,NA
ExperienceX.exe,56308,0x216C7EA03E0,DXGI,1,0,0,Composed: Flip,16376.8780,NA,17.51310000000000,33.42220000000000,0.35670000000000,5.19960000000000,32.3040,16359.5544,17.6803,17.3236,0.3567,19.0969,3.4263,3.4263,0.0000,16.0027,16359.5544,NA
ExperienceX.exe,56308,0x216838E1150,DXGI,1,0,0,Composed: Flip,16359.3617,NA,15.56220000000000,33.35950000000000,0.14290000000000,1.73490000000000,33.0653,16344.4231,15.0815,14.9386,0.1429,16.1708,0.5027,0.4968,0.0059,1.0458,16344.4231,NA
ExperienceX.exe,56308,0x216838E1150,DXGI,1,0,0,Composed: Flip,16376.8771,NA,17.51540000000000,NA,0.35530000000000,1.77420000000000,NA,16359.5046,17.7278,17.3725,0.3553,17.0184,2.1283,2.1283,0.0000,NA,NA,NA
ExperienceX.exe,56308,0x216838E1150,DXGI,1,0,0,Composed: Flip,16392.7194,NA,15.84230000000000,NA,0.09820000000000,1.83160000000000,NA,16377.2324,15.5852,15.4870,0.0982,16.6858,0.6328,0.6236,0.0092,NA,NA,NA
ExperienceX.exe,56308,0x216838E1150,DXGI,1,0,0,Composed: Flip,16410.0374,NA,17.31800000000000,50.04310000000000,0.72930000000000,3.35890000000000,32.4327,16392.8176,17.9491,17.2198,0.7293,17.4630,3.1157,3.1157,0.0000,-1.6486,16392.8176,NA
ExperienceX.exe,56308,0x216C7EA03E0,DXGI,1,0,0,Composed: Flip,16392.7322,NA,15.85420000000000,16.56540000000000,0.18970000000000,0.87460000000000,33.0152,16377.2347,15.6872,15.4975,0.1897,15.6060,0.7661,0.7661,0.0000,1.1149,16377.2347,NA
ExperienceX.exe,56308,0x216C7EA03E0,DXGI,1,0,0,Composed: Flip,16410.7053,NA,17.97310000000000,NA,0.29650000000000,3.14730000000000,NA,16392.9219,18.0799,17.7834,0.2965,20.4744,0.4563,0.4563,0.0000,NA,NA,NA
ExperienceX.exe,56308,0x216C7EA03E0,DXGI,1,0,0,Composed: Flip,16426.0106,NA,15.30530000000000,NA,0.21610000000000,1.66540000000000,NA,16411.0018,15.2249,15.0088,0.2161,16.1501,0.5241,0.5169,0.0072,NA,NA,NA
ExperienceX.exe,56308,0x216838E1150,DXGI,1,0,0,Composed: Flip,16425.9820,NA,15.94460000000000,16.61030000000000,0.10460000000000,0.85890000000000,33.0984,16410.7667,15.3199,15.2153,0.1046,3.5782,12.4960,1.4120,11.0840,1.3388,16410.7667,NA
ExperienceX.exe,56308,0x216838E1150,DXGI,1,0,0,Composed: Flip,16443.3135,NA,17.33150000000000,NA,0.05390000000000,6.14230000000000,NA,16426.0866,17.2808,17.2269,0.0539,22.8966,0.4726,0.4726,0.0000,NA,NA,NA
ExperienceX.exe,56308,0x216C829D570,DXGI,1,0,0,Composed: Flip,16309.8902,NA,17.20150000000000,50.00680000000001,0.12070000000000,5.37690000000000,32.5153,16292.9328,17.0781,16.9574,0.1207,18.8920,3.4423,3.4423,0.0000,-1.1989,16292.9328,NA
ExperienceX.exe,56308,0x216C829D570,DXGI,1,0,0,Composed: Flip,16326.0000,NA,16.10980000000000,NA,0.14120000000000,1.65290000000000,NA,16310.0109,16.1303,15.9891,0.1412,17.1352,0.5068,0.5012,0.0056,NA,NA,NA
ExperienceX.exe,56308,0x216C829D570,DXGI,1,0,0,Composed: Flip,16344.1605,NA,18.16050000000000,NA,0.43400000000000,3.42500000000000,NA,16326.1412,18.4533,18.0193,0.4340,20.9604,0.4839,0.4839,0.0000,NA,NA,NA
ExperienceX.exe,56308,0x216C829D570,DXGI,1,0,0,Composed: Flip,16359.3621,NA,15.20160000000000,NA,0.14260000000000,1.23180000000000,NA,16344.5945,14.9102,14.7676,0.1426,15.7848,0.2146,0.2146,0.0000,NA,NA,NA
ExperienceX.exe,56308,0x216C829D570,DXGI,1,0,0,Composed: Flip,16377.1670,NA,17.80490000000000,NA,0.08990000000000,5.39670000000000,NA,16359.5047,17.7522,17.6623,0.0899,22.5729,0.4861,0.4800,0.0061,NA,NA,NA
ExperienceX.exe,56308,0x216C829D570,DXGI,1,0,0,Composed: Flip,16411.0551,NA,33.88810000000000,NA,0.06560000000000,3.28980000000000,NA,16377.2569,33.8638,33.7982,0.0656,36.5957,0.4923,0.4923,0.0000,NA,NA,NA
ExperienceX.exe,56308,0x216C829D570,DXGI,1,0,0,Composed: Flip,16425.9821,NA,14.92700000000000,NA,0.10460000000000,1.16980000000000,NA,16411.1207,14.9660,14.8614,0.1046,15.7202,0.3110,0.3110,0.0000,NA,NA,NA
ExperienceX.exe,56308,0x216C829D570,DXGI,1,0,0,Composed: Flip,16443.3356,NA,17.35350000000000,NA,0.40800000000000,6.60820000000000,NA,16426.0867,17.6569,17.2489,0.4080,23.3691,0.4880,0.4837,0.0043,NA,NA,NA
ExperienceX.exe,56308,0x216C829D570,DXGI,1,0,0,Composed: Flip,16459.4437,NA,16.10810000000000,NA,0.20690000000000,1.70740000000000,NA,16443.7436,15.9070,15.7001,0.2069,16.8888,0.5187,0.5136,0.0051,NA,NA,NA
ExperienceX.exe,56308,0x216838E1150,DXGI,1,0,0,Composed: Flip,16459.4356,NA,16.12210000000000,33.32260000000000,0.12660000000000,0.98880000000000,32.9674,16443.3674,16.1948,16.0682,0.1266,16.2008,0.8562,0.8562,0.0000,-0.7219,16443.3674,NA
ExperienceX.exe,56308,0x216838E1150,DXGI,1,0,0,Composed: Flip,16476.6109,NA,17.17530000000000,NA,0.21990000000000,5.34440000000000,NA,16459.5622,17.2686,17.0487,0.2199,21.8945,0.4986,0.4986,0.0000,NA,NA,NA
ExperienceX.exe,56308,0x216838E1150,DXGI,1,0,0,Composed: Flip,16492.6586,NA,16.04770000000000,33.33990000000000,0.11860000000000,1.70860000000000,33.0843,16476.8308,15.9464,15.8278,0.1186,17.0180,0.5184,0.5132,0.0052,0.1235,16476.8308,NA
ExperienceX.exe,56308,0x216C829D570,DXGI,1,0,0,Composed: Flip,16476.6094,NA,17.16570000000000,166.67220000000000,0.33140000000000,4.84730000000000,32.4683,16459.6506,17.2902,16.9588,0.3314,16.7590,5.0471,5.0471,0.0000,0.0456,16459.6506,NA
ExperienceX.exe,56308,0x216C829D570,DXGI,1,0,0,Composed: Flip,16492.6585,NA,16.04910000000000,NA,0.11870000000000,1.19030000000000,NA,16476.9408,15.8364,15.7177,0.1187,16.4174,0.4906,0.4906,0.0000,NA,NA,NA
ExperienceX.exe,56308,0x216C829D570,DXGI,1,0,0,Composed: Flip,16510.3448,NA,17.68630000000000,NA,0.14500000000000,4.74080000000000,NA,16492.7772,17.7126,17.5676,0.1450,21.8095,0.4989,0.4953,0.0036,NA,NA,NA
ExperienceX.exe,56308,0x216838E1150,DXGI,1,0,0,Composed: Flip,16510.3638,NA,17.70520000000000,16.71050000000000,0.11790000000000,3.74600000000000,32.0896,16492.7772,17.7045,17.5866,0.1179,17.0244,4.3082,4.3082,0.0000,-0.7641,16492.7772,NA
ExperienceX.exe,56308,0x216838E1150,DXGI,1,0,0,Composed: Flip,16526.0165,NA,15.65270000000000,NA,0.13200000000000,1.75190000000000,NA,16510.4817,15.6668,15.5348,0.1320,16.7649,0.5218,0.5147,0.0071,NA,NA,NA
ExperienceX.exe,56308,0x216C7EA03E0,DXGI,1,0,0,Composed: Flip,16442.9800,NA,16.96940000000000,49.98250000000000,0.38710000000000,6.00320000000000,32.7499,16426.2267,17.1404,16.7533,0.3871,16.8633,5.8932,5.8932,0.0000,-0.9905,16426.2267,NA
ExperienceX.exe,56308,0x216C7EA03E0,DXGI,1,0,0,Composed: Flip,16459.4438,NA,16.46380000000000,NA,0.20630000000000,1.18860000000000,NA,16443.3671,16.2830,16.0767,0.2063,17.0573,0.2080,0.2080,0.0000,NA,NA,NA
ExperienceX.exe,56308,0x216C7EA03E0,DXGI,1,0,0,Composed: Flip,16476.6167,NA,17.17290000000000,NA,0.21010000000000,5.81730000000000,NA,16459.6501,17.1767,16.9666,0.2101,22.3052,0.4787,0.4715,0.0072,NA,NA,NA
ExperienceX.exe,56308,0x216C7EA03E0,DXGI,1,0,0,Composed: Flip,16492.6588,NA,16.04210000000000,NA,0.11830000000000,0.69940000000000,NA,16476.8268,15.9503,15.8320,0.1183,15.9590,0.5724,0.5724,0.0000,NA,NA,NA
ExperienceX.exe,56308,0x216C7EA03E0,DXGI,1,0,0,Composed: Flip,16510.3191,NA,17.66030000000000,NA,0.16140000000000,4.26760000000000,NA,16492.7771,17.7034,17.5420,0.1614,21.3327,0.4769,0.4769,0.0000,NA,NA,NA
ExperienceX.exe,56308,0x216C7EA03E0,DXGI,1,0,0,Composed: Flip,16526.0264,NA,15.70730000000000,NA,0.18050000000000,0.70470000000000,NA,16510.4805,15.7264,15.5459,0.1805,15.6948,0.5558,0.5558,0.0000,NA,NA,NA
ExperienceX.exe,56308,0x216C7EA03E0,DXGI,1,0,0,Composed: Flip,16545.0748,NA,19.04840000000000,NA,0.09270000000000,1.65550000000000,NA,16526.2069,18.9606,18.8679,0.0927,20.0395,0.4839,0.4839,0.0000,NA,NA,NA
ExperienceX.exe,56308,0x216838E1150,DXGI,1,0,0,Composed: Flip,16544.0167,NA,18.00020000000000,33.27560000000000,0.75300000000000,2.22970000000000,31.7123,16526.1485,18.6212,17.8682,0.7530,17.4540,2.6439,2.6439,0.0000,0.0957,16526.1485,NA
ExperienceX.exe,56308,0x216838E1150,DXGI,1,0,0,Composed: Flip,16559.3019,NA,15.28520000000000,NA,0.11410000000000,0.70870000000000,NA,16544.7697,14.6463,14.5322,0.1141,2.9894,12.2515,0.9906,11.2609,NA,NA,NA
ExperienceX.exe,56308,0x216C829D570,DXGI,1,0,0,Composed: Flip,16526.0166,NA,15.67180000000000,49.99870000000000,0.13180000000000,1.23000000000000,33.0598,16510.4898,15.6586,15.5268,0.1318,16.2413,0.5155,0.5155,0.0000,0.8405,16510.4898,NA
ExperienceX.exe,56308,0x216C829D570,DXGI,1,0,0,Composed: Flip,16544.4663,NA,18.44970000000000,NA,0.22830000000000,3.29280000000000,NA,16526.1484,18.5462,18.3179,0.2283,20.5819,1.0288,1.0288,0.0000,NA,NA,NA
ExperienceX.exe,56308,0x216C829D570,DXGI,1,0,0,Composed: Flip,16559.3016,NA,14.83530000000000,NA,0.11430000000000,1.22380000000000,NA,16544.6946,14.7213,14.6070,0.1143,15.3160,0.5148,0.5148,0.0000,NA,NA,NA
ExperienceX.exe,56308,0x216C829D570,DXGI,1,0,0,Composed: Flip,16576.7853,NA,17.48370000000000,NA,0.10020000000000,3.99360000000000,NA,16559.4159,17.4696,17.3694,0.1002,20.9108,0.4522,0.4522,0.0000,NA,NA,NA
ExperienceX.exe,56308,0x216838E1150,DXGI,1,0,0,Composed: Flip,16576.9747,NA,17.67280000000000,33.40900000000000,0.05190000000000,3.35200000000000,32.1633,16559.4160,17.6106,17.5587,0.0519,17.0295,3.8812,3.8812,0.0000,-0.1415,16559.4160,NA
ExperienceX.exe,56308,0x216838E1150,DXGI,1,0,0,Composed: Flip,16593.1354,NA,16.16070000000000,NA,0.21510000000000,2.51140000000000,NA,16577.0266,16.3239,16.1088,0.2151,18.1017,0.5185,0.5089,0.0096,NA,NA,NA
ExperienceX.exe,56308,0x216C7EA03E0,DXGI,1,0,0,Composed: Flip,16559.3017,NA,14.22690000000000,116.82940000000001,0.11410000000000,1.72780000000000,33.2576,16545.1675,14.2483,14.1342,0.1141,15.3579,0.5041,0.4992,0.0049,2.1114,16545.1675,NA
ExperienceX.exe,56308,0x216C7EA03E0,DXGI,1,0,0,Composed: Flip,16576.6324,NA,17.33070000000000,NA,0.28030000000000,6.54100000000000,NA,16559.4158,17.4969,17.2166,0.2803,21.3631,2.3945,2.3867,0.0078,NA,NA,NA
ExperienceX.exe,56308,0x216C7EA03E0,DXGI,1,0,0,Composed: Flip,16593.1406,NA,16.50820000000000,NA,0.25930000000000,1.98770000000000,NA,16576.9127,16.4872,16.2279,0.2593,17.7186,0.4970,0.4970,0.0000,NA,NA,NA
ExperienceX.exe,56308,0x216C7EA03E0,DXGI,1,0,0,Composed: Flip,16611.3453,NA,18.20470000000000,NA,0.26230000000000,2.91160000000000,NA,16593.3999,18.2077,17.9454,0.2623,20.3368,0.5202,0.5202,0.0000,NA,NA,NA
ExperienceX.exe,56308,0x216838E1150,DXGI,1,0,0,Composed: Flip,16611.8591,NA,18.72370000000000,33.32980000000000,0.11500000000000,1.87760000000000,30.6087,16593.3505,18.6236,18.5086,0.1150,17.2937,3.0925,3.0925,0.0000,0.6047,16593.3505,NA
ExperienceX.exe,56308,0x216838E1150,DXGI,1,0,0,Composed: Flip,16626.1152,NA,14.25610000000000,NA,0.20770000000000,0.77180000000000,NA,16611.9741,14.3488,14.1411,0.2077,2.7362,12.1767,1.3530,10.8237,NA,NA,NA
ExperienceX.exe,56308,0x216838E1150,DXGI,1,0,0,Composed: Flip,16644.0903,NA,17.97510000000000,33.29240000000000,0.13910000000000,1.85730000000000,31.6699,16626.3229,17.9065,17.7674,0.1391,17.0290,2.5957,2.5957,0.0000,-0.3200,16626.3229,NA
ExperienceX.exe,56308,0x216838E1150,DXGI,1,0,0,Composed: Flip,16659.4740,NA,15.38370000000000,16.64450000000000,0.04410000000000,0.78930000000000,32.9307,16644.2294,15.2887,15.2446,0.0441,3.9354,12.0985,0.7887,11.3098,1.2620,16644.2294,NA
ExperienceX.exe,56308,0x216C829D570,DXGI,1,0,0,Composed: Flip,16593.1356,NA,16.35030000000000,66.70510000000000,0.21480000000000,1.49570000000000,32.6459,16576.8855,16.4649,16.2501,0.2148,16.4525,1.2933,1.2933,0.0000,-0.3094,16576.8855,NA
ExperienceX.exe,56308,0x216C829D570,DXGI,1,0,0,Composed: Flip,16610.3068,NA,17.17120000000000,NA,1.12990000000000,4.40350000000000,NA,16593.3504,18.0863,16.9564,1.1299,20.9065,0.4534,0.4534,0.0000,NA,NA,NA
ExperienceX.exe,56308,0x216C829D570,DXGI,1,0,0,Composed: Flip,16626.1159,NA,15.80910000000000,NA,0.20690000000000,1.27480000000000,NA,16611.4367,14.8861,14.6792,0.2069,15.4503,0.5037,0.5037,0.0000,NA,NA,NA
ExperienceX.exe,56308,0x216C829D570,DXGI,1,0,0,Composed: Flip,16644.1695,NA,18.05360000000000,NA,0.29520000000000,3.99530000000000,NA,16626.3228,18.1419,17.8467,0.2952,20.1109,1.7311,1.7311,0.0000,NA,NA,NA
ExperienceX.exe,56308,0x216C829D570,DXGI,1,0,0,Composed: Flip,16659.5273,NA,15.35780000000000,NA,0.17600000000000,1.23340000000000,NA,16644.4647,15.2386,15.0626,0.1760,15.7986,0.4974,0.4974,0.0000,NA,NA,NA
ExperienceX.exe,56308,0x216C829D570,DXGI,1,0,0,Composed: Flip,16677.1646,NA,17.63730000000000,NA,0.58390000000000,3.79970000000000,NA,16659.7033,18.0452,17.4613,0.5839,20.7824,0.4786,0.4786,0.0000,NA,NA,NA
ExperienceX.exe,56308,0x216C7EA03E0,DXGI,1,0,0,Composed: Flip,16626.1270,NA,14.78170000000000,66.59180000000001,0.19990000000000,1.77870000000000,33.0241,16611.6076,14.7193,14.5194,0.1999,15.7831,0.5150,0.5100,0.0050,-0.1517,16611.6076,NA
ExperienceX.exe,56308,0x216C7EA03E0,DXGI,1,0,0,Composed: Flip,16643.8156,NA,17.68860000000000,NA,0.41380000000000,2.61810000000000,NA,16626.3269,17.9025,17.4887,0.4138,19.6207,0.4861,0.4861,0.0000,NA,NA,NA
ExperienceX.exe,56308,0x216C7EA03E0,DXGI,1,0,0,Composed: Flip,16677.3284,NA,33.51280000000000,NA,0.25190000000000,4.12530000000000,NA,16644.2294,33.3509,33.0990,0.2519,36.7349,0.4894,0.4894,0.0000,NA,NA,NA
ExperienceX.exe,56308,0x216C7EA03E0,DXGI,1,0,0,Composed: Flip,16692.6415,NA,15.31310000000000,NA,0.10600000000000,1.18290000000000,NA,16677.5803,15.1672,15.0612,0.1060,15.7989,0.4452,0.4452,0.0000,NA,NA,NA
ExperienceX.exe,56308,0x216838E1150,DXGI,1,0,0,Composed: Flip,16677.4438,NA,17.96980000000000,16.68620000000000,0.13720000000000,3.04190000000000,31.6471,16659.5181,18.0629,17.9257,0.1372,17.1171,3.8505,3.8505,0.0000,-1.3975,16659.5181,NA
ExperienceX.exe,56308,0x216838E1150,DXGI,1,0,0,Composed: Flip,16692.6393,NA,15.19550000000000,NA,0.10880000000000,1.70380000000000,NA,16677.5810,15.1671,15.0583,0.1088,16.2434,0.5187,0.5134,0.0053,NA,NA,NA
ExperienceX.exe,56308,0x216838E1150,DXGI,1,0,0,Composed: Flip,16710.3211,NA,17.68180000000000,NA,0.11770000000000,2.59210000000000,NA,16692.7481,17.6907,17.5730,0.1177,19.6879,0.4772,0.4772,0.0000,NA,NA,NA
ExperienceX.exe,56308,0x216838E1150,DXGI,1,0,0,Composed: Flip,16726.2373,NA,15.91620000000000,50.29880000000000,0.34930000000000,1.03270000000000,33.1524,16710.4388,16.1478,15.7985,0.3493,16.6944,0.1368,0.1368,0.0000,0.6219,16710.4388,NA
ExperienceX.exe,56308,0x0,Other,-1,0,0,Composed: Flip,15926.6719,NA,82.85390000000001,666.67140000000006,0.00000000000000,1.19380000000000,32.3995,15843.8180,82.8539,82.8539,0.0000,83.5523,0.4954,0.4887,0.0067,-49.7669,15843.8180,NA
ExperienceX.exe,56308,0x0,Other,-1,0,0,Composed: Flip,15943.7479,NA,17.07600000000000,NA,0.00000000000000,4.56900000000000,NA,15926.6719,17.0760,17.0760,0.0000,21.1786,0.4664,0.4625,0.0039,NA,NA,NA
ExperienceX.exe,56308,0x0,Other,-1,0,0,Composed: Flip,16059.7652,NA,116.01730000000001,NA,0.00000000000000,0.79270000000000,NA,15943.7479,116.0173,116.0173,0.0000,116.3183,0.4917,0.4917,0.0000,NA,NA,NA
ExperienceX.exe,56308,0x0,Other,-1,0,0,Composed: Flip,16093.3076,NA,33.54240000000000,NA,0.00000000000000,0.13950000000000,NA,16059.7652,33.5424,33.5424,0.0000,33.0993,0.5826,0.5826,0.0000,NA,NA,NA
ExperienceX.exe,56308,0x0,Other,-1,0,0,Composed: Flip,16260.2482,NA,166.94060000000002,NA,0.00000000000000,1.04490000000000,NA,16093.3076,166.9406,166.9406,0.0000,167.4812,0.5043,0.5043,0.0000,NA,NA,NA
ExperienceX.exe,56308,0x0,Other,-1,0,0,Composed: Flip,16326.5895,NA,66.34130000000000,NA,0.00000000000000,0.55660000000000,NA,16260.2482,66.3413,66.3413,0.0000,66.6592,0.2387,0.2387,0.0000,NA,NA,NA
ExperienceX.exe,56308,0x0,Other,-1,0,0,Composed: Flip,16393.3152,NA,66.72570000000000,NA,0.00000000000000,0.60300000000000,NA,16326.5895,66.7257,66.7257,0.0000,67.0173,0.3114,0.3114,0.0000,NA,NA,NA
ExperienceX.exe,56308,0x0,Other,-1,0,0,Composed: Flip,16660.2693,NA,266.95410000000004,NA,0.00000000000000,0.84980000000000,NA,16393.3152,266.9541,266.9541,0.0000,267.4455,0.3584,0.3501,0.0083,NA,NA,NA
ExperienceX.exe,56308,0x216838E1150,DXGI,1,0,0,Composed: Flip,16743.1164,NA,16.87910000000000,16.42610000000000,0.15150000000000,5.40800000000000,32.6994,16726.5866,16.6813,16.5298,0.1515,20.3809,1.5569,1.5520,0.0049,-0.2783,16726.5866,NA
ExperienceX.exe,56308,0x216838E1150,DXGI,1,0,0,Composed: Flip,16759.8137,NA,16.69730000000000,NA,0.14890000000000,0.67080000000000,NA,16743.2679,16.6947,16.5458,0.1489,16.6565,0.5601,0.5601,0.0000,NA,NA,NA
ExperienceX.exe,56308,0x0,Other,-1,0,0,Composed: Flip,16760.2402,NA,99.97090000000000,833.36260000000004,0.00000000000000,1.27450000000000,32.1938,16660.2693,99.9709,99.9709,0.0000,100.7370,0.5084,0.4999,0.0085,-16.9113,16660.2693,NA
ExperienceX.exe,56308,0x216C829D570,DXGI,1,0,0,Composed: Flip,16692.6417,NA,15.47710000000000,100.02790000000000,0.10570000000000,0.73750000000000,33.1677,16677.7485,14.9989,14.8932,0.1057,3.7052,11.9255,0.7921,11.1334,0.8351,16677.7485,NA
ExperienceX.exe,56308,0x216C829D570,DXGI,1,0,0,Composed: Flip,16710.3401,NA,17.69840000000000,NA,0.09870000000000,5.45430000000000,NA,16692.7474,17.6914,17.5927,0.0987,20.1658,2.8812,2.8769,0.0043,NA,NA,NA
ExperienceX.exe,56308,0x216C829D570,DXGI,1,0,0,Composed: Flip,16726.2532,NA,15.91310000000000,NA,0.21880000000000,1.53900000000000,NA,16710.4388,16.0332,15.8144,0.2188,16.8312,0.5222,0.5167,0.0055,NA,NA,NA
ExperienceX.exe,56308,0x216C829D570,DXGI,1,0,0,Composed: Flip,16743.8311,NA,17.57790000000000,NA,0.12230000000000,1.52920000000000,NA,16726.4720,17.4814,17.3591,0.1223,16.7576,2.1307,2.1307,0.0000,NA,NA,NA
ExperienceX.exe,56308,0x216C829D570,DXGI,1,0,0,Composed: Flip,16779.5437,NA,35.71260000000000,NA,0.18820000000000,1.84240000000000,NA,16743.9534,35.7785,35.5903,0.1882,36.7321,0.7006,0.7006,0.0000,NA,NA,NA
ExperienceX.exe,56308,0x216C829D570,DXGI,1,0,0,Composed: Flip,16792.6730,NA,13.12930000000000,NA,0.11790000000000,1.76350000000000,NA,16779.7319,13.0590,12.9411,0.1179,14.1421,0.5625,0.5538,0.0087,NA,NA,NA
ExperienceX.exe,56308,0x216C829D570,DXGI,1,0,0,Composed: Flip,16809.9047,NA,17.23170000000000,116.91470000000001,0.90160000000000,5.18090000000000,32.8194,16792.7909,18.0154,17.1138,0.9016,19.5612,2.7335,2.7335,0.0000,-1.8723,16792.7909,NA
ExperienceX.exe,56308,0x216838E1150,DXGI,1,0,0,Composed: Flip,16777.3862,NA,17.57250000000000,33.30140000000000,0.07530000000000,2.85080000000000,31.7310,16759.9626,17.4989,17.4236,0.0753,17.1410,3.1334,3.1334,0.0000,0.0746,16759.9626,NA
ExperienceX.exe,56308,0x216838E1150,DXGI,1,0,0,Composed: Flip,16792.6710,NA,15.28480000000000,NA,0.09970000000000,1.20300000000000,NA,16777.4615,15.3092,15.2095,0.0997,15.8973,0.5152,0.5152,0.0000,NA,NA,NA
ExperienceX.exe,56308,0x216838E1150,DXGI,1,0,0,Composed: Flip,16809.8985,NA,17.22750000000000,NA,0.87940000000000,5.64240000000000,NA,16792.7707,18.0072,17.1278,0.8794,22.3149,0.4553,0.4494,0.0059,NA,NA,NA
ExperienceX.exe,56308,0x216838E1150,DXGI,1,0,0,Composed: Flip,16826.9750,NA,17.07650000000000,NA,0.41760000000000,1.80080000000000,NA,16810.7779,16.6147,16.1971,0.4176,16.4826,1.5153,1.5153,0.0000,NA,NA,NA
ExperienceX.exe,56308,0x216C829D570,DXGI,1,0,0,Composed: Flip,16826.9463,NA,17.04160000000000,16.53950000000000,0.98770000000000,2.62200000000000,32.3173,16810.8063,17.1277,16.1400,0.9877,18.2631,0.4989,0.4899,0.0090,1.4759,16810.8063,NA
ExperienceX.exe,56308,0x216C829D570,DXGI,1,0,0,Composed: Flip,16844.4246,NA,17.47830000000000,NA,0.60830000000000,3.33000000000000,NA,16827.9340,17.0989,16.4906,0.6083,19.3337,0.4869,0.4869,0.0000,NA,NA,NA
ExperienceX.exe,56308,0x216838E1150,DXGI,1,0,0,Composed: Flip,16844.7166,NA,17.74160000000000,66.63320000000000,0.54880000000000,5.53300000000000,31.0338,16827.3926,17.8728,17.3240,0.5488,20.3620,2.4950,2.4874,0.0076,0.7968,16827.3926,NA
ExperienceX.exe,56308,0x216838E1150,DXGI,1,0,0,Composed: Flip,16859.9438,NA,15.22720000000000,NA,0.31250000000000,2.20280000000000,NA,16845.2654,14.9909,14.6784,0.3125,16.4271,0.4541,0.4306,0.0235,NA,NA,NA
ExperienceX.exe,56308,0x0,Other,-1,0,0,Composed: Flip,16793.1218,NA,32.88160000000000,33.70810000000000,0.00000000000000,0.23700000000000,33.0203,16760.2402,32.8816,32.8816,0.0000,21.1459,11.9727,0.6340,11.3387,66.2628,16760.2402,NA
ExperienceX.exe,56308,0x216C7EA03E0,DXGI,1,0,0,Composed: Flip,16710.3372,NA,17.69570000000000,83.26970000000000,0.10150000000000,2.09880000000000,32.0836,16692.7475,17.6912,17.5897,0.1015,17.0905,2.5980,2.5980,0.0000,-2.1298,16692.7475,NA
ExperienceX.exe,56308,0x216C7EA03E0,DXGI,1,0,0,Composed: Flip,16726.1009,NA,15.76370000000000,NA,0.04570000000000,1.03230000000000,NA,16710.4387,15.7079,15.6622,0.0457,15.7485,0.9460,0.9460,0.0000,NA,NA,NA
ExperienceX.exe,56308,0x216C7EA03E0,DXGI,1,0,0,Composed: Flip,16743.5143,NA,17.41340000000000,NA,0.51930000000000,3.45320000000000,NA,16726.1466,17.8870,17.3677,0.5193,19.2137,1.6072,1.6072,0.0000,NA,NA,NA
ExperienceX.exe,56308,0x216C7EA03E0,DXGI,1,0,0,Composed: Flip,16759.7889,NA,16.27460000000000,NA,0.05820000000000,1.21740000000000,NA,16744.0336,15.8135,15.7553,0.0582,16.4509,0.5218,0.5218,0.0000,NA,NA,NA
ExperienceX.exe,56308,0x216C7EA03E0,DXGI,1,0,0,Composed: Flip,16779.5458,NA,19.75690000000000,NA,0.23410000000000,1.13970000000000,NA,16759.8471,19.9328,19.6987,0.2341,20.3899,0.4485,0.4485,0.0000,NA,NA,NA
ExperienceX.exe,56308,0x216C7EA03E0,DXGI,1,0,0,Composed: Flip,16809.8981,NA,30.35230000000000,NA,0.16540000000000,2.45400000000000,NA,16779.7799,30.2836,30.1182,0.1654,30.4143,2.1579,2.1579,0.0000,NA,NA,NA
ExperienceX.exe,56308,0x216C7EA03E0,DXGI,1,0,0,Composed: Flip,16826.9467,NA,17.04860000000000,NA,0.28840000000000,2.12270000000000,NA,16810.0635,17.1716,16.8832,0.2884,18.7123,0.2936,0.2936,0.0000,NA,NA,NA
ExperienceX.exe,56308,0x216C7EA03E0,DXGI,1,0,0,Composed: Flip,16844.2480,NA,17.30130000000000,NA,0.16740000000000,3.01970000000000,NA,16827.2351,17.1803,17.0129,0.1674,16.6970,3.3356,3.1874,0.1482,NA,NA,NA
ExperienceX.exe,56308,0x216C7EA03E0,DXGI,1,0,0,Composed: Flip,16859.9151,NA,15.66710000000000,NA,0.25540000000000,1.41040000000000,NA,16844.4154,15.7551,15.4997,0.2554,15.7390,1.1711,1.1711,0.0000,NA,NA,NA
ExperienceX.exe,56308,0x216C7EA03E0,DXGI,1,0,0,Composed: Flip,16877.0359,NA,17.12080000000000,NA,0.20500000000000,4.42390000000000,NA,16860.1705,17.0704,16.8654,0.2050,20.8172,0.4721,0.4721,0.0000,NA,NA,NA
ExperienceX.exe,56308,0x216C829D570,DXGI,1,0,0,Composed: Flip,16859.9152,NA,15.49060000000000,33.16040000000000,0.25530000000000,1.77730000000000,32.5088,16845.0329,15.1376,14.8823,0.2553,16.2926,0.3670,0.3670,0.0000,1.0662,16845.0329,NA
ExperienceX.exe,56308,0x216C829D570,DXGI,1,0,0,Composed: Flip,16876.4609,NA,16.54570000000000,NA,0.64500000000000,5.49000000000000,NA,16860.1705,16.9354,16.2904,0.6450,21.2893,0.4911,0.4869,0.0042,NA,NA,NA
ExperienceX.exe,56308,0x216C829D570,DXGI,1,0,0,Composed: Flip,16892.6680,NA,16.20710000000000,NA,0.11070000000000,1.70990000000000,NA,16877.1059,15.6728,15.5621,0.1107,16.7558,0.5162,0.5089,0.0073,NA,NA,NA
ExperienceX.exe,56308,0x216C829D570,DXGI,1,0,0,Composed: Flip,16910.5123,NA,17.84430000000000,NA,0.12580000000000,2.54580000000000,NA,16892.7787,17.8594,17.7336,0.1258,19.7893,0.4901,0.4901,0.0000,NA,NA,NA
ExperienceX.exe,56308,0x216838E1150,DXGI,1,0,0,Composed: Flip,16877.0335,NA,17.08970000000000,33.41100000000000,0.26230000000000,3.95420000000000,32.1279,16860.2563,17.0395,16.7772,0.2623,16.4158,4.3156,4.3156,0.0000,-0.5473,16860.2563,NA
ExperienceX.exe,56308,0x216838E1150,DXGI,1,0,0,Composed: Flip,16892.6772,NA,15.64370000000000,NA,0.10240000000000,1.18450000000000,NA,16877.2958,15.4838,15.3814,0.1024,16.0680,0.4979,0.4979,0.0000,NA,NA,NA
ExperienceX.exe,56308,0x216838E1150,DXGI,1,0,0,Composed: Flip,16910.5028,NA,17.82560000000000,NA,0.13520000000000,4.76020000000000,NA,16892.7796,17.8584,17.7232,0.1352,20.2785,2.2049,2.2001,0.0048,NA,NA,NA
ExperienceX.exe,56308,0x216838E1150,DXGI,1,0,0,Composed: Flip,16926.0739,NA,15.57110000000000,NA,0.13520000000000,0.67670000000000,NA,16910.6380,15.5711,15.4359,0.1352,15.5720,0.5406,0.5406,0.0000,NA,NA,NA
ExperienceX.exe,56308,0x216C7EA03E0,DXGI,1,0,0,Composed: Flip,16910.5284,NA,33.49250000000000,199.99330000000000,0.06970000000000,2.03960000000000,31.8857,16877.2409,33.3572,33.2875,0.0697,32.7253,2.6018,2.6018,0.0000,-15.4999,16877.2409,NA
ExperienceX.exe,56308,0x216C7EA03E0,DXGI,1,0,0,Composed: Flip,16926.0727,NA,15.54430000000000,NA,0.13720000000000,1.21240000000000,NA,16910.5981,15.6118,15.4746,0.1372,16.1525,0.5345,0.5345,0.0000,NA,NA,NA
ExperienceX.exe,56308,0x216C7EA03E0,DXGI,1,0,0,Composed: Flip,16943.2465,NA,17.17380000000000,NA,0.07020000000000,5.91160000000000,NA,16926.2099,17.1068,17.0366,0.0702,22.4595,0.4887,0.4801,0.0086,NA,NA,NA
ExperienceX.exe,56308,0x216C7EA03E0,DXGI,1,0,0,Composed: Flip,16959.6819,NA,16.43540000000000,50.17700000000000,0.15920000000000,1.14660000000000,32.9092,16943.3167,16.5244,16.3652,0.1592,17.0075,0.5043,0.5043,0.0000,15.8988,16943.3167,NA
ExperienceX.exe,56308,0x216C7EA03E0,DXGI,1,0,0,Composed: Flip,16977.1408,NA,17.45890000000000,16.49090000000000,0.27310000000000,2.08420000000000,31.9412,16959.8411,17.5728,17.2997,0.2731,16.7810,2.6029,2.6029,0.0000,0.0335,16959.8411,NA
ExperienceX.exe,56308,0x216C829D570,DXGI,1,0,0,Composed: Flip,16926.0740,NA,15.56170000000000,66.69470000000000,0.13520000000000,1.70890000000000,33.0447,16910.6381,15.5711,15.4359,0.1352,16.6470,0.4978,0.4914,0.0064,-1.0895,16910.6381,NA
ExperienceX.exe,56308,0x216C829D570,DXGI,1,0,0,Composed: Flip,16942.9480,NA,16.87400000000000,NA,0.41570000000000,2.27150000000000,NA,16926.2092,17.1545,16.7388,0.4157,16.8879,2.1224,2.1224,0.0000,NA,NA,NA
ExperienceX.exe,56308,0x216C829D570,DXGI,1,0,0,Composed: Flip,16959.6622,NA,16.71420000000000,NA,0.07980000000000,0.66200000000000,NA,16943.3637,16.3783,16.2985,0.0798,16.3845,0.5760,0.5760,0.0000,NA,NA,NA
ExperienceX.exe,56308,0x216C829D570,DXGI,1,0,0,Composed: Flip,16977.2225,NA,17.56030000000000,NA,0.30570000000000,4.70580000000000,NA,16959.7420,17.7862,17.4805,0.3057,19.9781,2.2082,2.2025,0.0057,NA,NA,NA
ExperienceX.exe,56308,0x216C829D570,DXGI,1,0,0,Composed: Flip,16993.1406,NA,15.91810000000000,NA,0.24260000000000,1.38820000000000,NA,16977.5282,15.8550,15.6124,0.2426,16.3956,0.6050,0.6050,0.0000,NA,NA,NA
ExperienceX.exe,56308,0x216C7EA03E0,DXGI,1,0,0,Composed: Flip,16993.1023,NA,15.96150000000000,16.68220000000000,0.22520000000000,1.82450000000000,32.6619,16977.4139,15.9136,15.6884,0.2252,17.1149,0.3980,0.3917,0.0063,0.8906,16977.4139,NA
ExperienceX.exe,56308,0x216C7EA03E0,DXGI,1,0,0,Composed: Flip,17010.4397,NA,17.33740000000000,NA,0.17260000000000,1.65980000000000,NA,16993.3275,17.2848,17.1122,0.1726,16.6331,2.1389,2.1389,0.0000,NA,NA,NA
ExperienceX.exe,56308,0x0,Other,-1,0,0,Composed: Flip,16893.0728,NA,99.95100000000001,99.66970000000001,0.00000000000000,0.29100000000000,32.7390,16793.1218,99.9510,99.9510,0.0000,99.6646,0.5774,0.5774,0.0000,-66.7881,16793.1218,NA
ExperienceX.exe,56308,0x216C7EA03E0,DXGI,1,0,0,Composed: Flip,17026.0518,NA,15.61210000000000,33.40390000000000,0.15290000000000,1.74450000000000,33.1163,17010.6123,15.5924,15.4395,0.1529,16.6962,0.4878,0.4823,0.0055,-0.2055,17010.6123,NA
ExperienceX.exe,56308,0x216C7EA03E0,DXGI,1,0,0,Composed: Flip,17043.4295,NA,17.37770000000000,NA,0.12800000000000,5.34640000000000,NA,17026.2047,17.3528,17.2248,0.1280,22.0876,0.4836,0.4836,0.0000,NA,NA,NA
ExperienceX.exe,56308,0x216838E1150,DXGI,1,0,0,Composed: Flip,16942.9491,NA,16.87520000000000,66.59810000000000,0.12760000000000,5.72030000000000,32.8104,16926.2091,16.8676,16.7400,0.1276,19.0104,3.4499,3.4499,0.0000,-0.6453,16926.2091,NA
ExperienceX.exe,56308,0x216838E1150,DXGI,1,0,0,Composed: Flip,16959.6811,NA,16.73200000000000,NA,0.16010000000000,1.65830000000000,NA,16943.0767,16.7645,16.6044,0.1601,17.7518,0.5109,0.5051,0.0058,NA,NA,NA
ExperienceX.exe,56308,0x216838E1150,DXGI,1,0,0,Composed: Flip,16977.2721,NA,17.59100000000000,NA,0.16290000000000,2.44800000000000,NA,16959.8412,17.5938,17.4309,0.1629,19.3838,0.4951,0.4951,0.0000,NA,NA,NA
ExperienceX.exe,56308,0x216838E1150,DXGI,1,0,0,Composed: Flip,16993.1087,NA,15.83660000000000,NA,0.37470000000000,0.81510000000000,NA,16977.4350,16.0484,15.6737,0.3747,15.8883,0.6005,0.6005,0.0000,NA,NA,NA
ExperienceX.exe,56308,0x216838E1150,DXGI,1,0,0,Composed: Flip,17010.7827,NA,17.67400000000000,NA,0.07250000000000,2.80840000000000,NA,16993.4834,17.3718,17.2993,0.0725,18.6161,1.4916,1.4916,0.0000,NA,NA,NA
ExperienceX.exe,56308,0x216838E1150,DXGI,1,0,0,Composed: Flip,17026.0455,NA,15.26280000000000,NA,0.15220000000000,1.26300000000000,NA,17010.8552,15.3425,15.1903,0.1522,15.9400,0.5133,0.5133,0.0000,NA,NA,NA
ExperienceX.exe,56308,0x216838E1150,DXGI,1,0,0,Composed: Flip,17043.0305,NA,16.98500000000000,NA,0.52430000000000,6.23390000000000,NA,17026.1977,17.3571,16.8328,0.5243,22.5782,0.4885,0.4831,0.0054,NA,NA,NA
ExperienceX.exe,56308,0x216838E1150,DXGI,1,0,0,Composed: Flip,17059.5518,NA,16.52130000000000,NA,0.16250000000000,1.25750000000000,NA,17043.5548,16.1595,15.9970,0.1625,16.7454,0.5091,0.5091,0.0000,NA,NA,NA
ExperienceX.exe,56308,0x216C7EA03E0,DXGI,1,0,0,Composed: Flip,17059.5509,NA,16.12140000000000,33.23760000000000,0.16330000000000,0.74930000000000,32.8548,17043.5575,16.1567,15.9934,0.1633,16.1302,0.6125,0.6125,0.0000,-0.2924,17043.5575,NA
ExperienceX.exe,56308,0x216C7EA03E0,DXGI,1,0,0,Composed: Flip,17076.2104,NA,16.65950000000000,NA,0.46250000000000,6.19550000000000,NA,17059.7142,16.9587,16.4962,0.4625,22.2072,0.4845,0.4782,0.0063,NA,NA,NA
ExperienceX.exe,56308,0x216838E1150,DXGI,1,0,0,Composed: Flip,17076.2102,NA,16.65840000000000,133.35220000000001,0.12630000000000,5.21650000000000,32.9015,17059.7143,16.6222,16.4959,0.1263,16.6570,5.0554,5.0554,0.0000,0.1530,17059.7143,NA
ExperienceX.exe,56308,0x216838E1150,DXGI,1,0,0,Composed: Flip,17092.7166,NA,16.50640000000000,NA,0.09120000000000,2.80320000000000,NA,17076.3365,16.4713,16.3801,0.0912,17.9365,1.2468,1.2426,0.0042,NA,NA,NA
ExperienceX.exe,56308,0x216C829D570,DXGI,1,0,0,Composed: Flip,17010.7929,NA,17.65230000000000,83.30560000000000,0.17410000000000,3.26900000000000,31.6314,16993.3832,17.5838,17.4097,0.1741,20.2079,0.4708,0.4708,0.0000,-0.5605,16993.3832,NA
ExperienceX.exe,56308,0x216C829D570,DXGI,1,0,0,Composed: Flip,17026.0452,NA,15.25230000000000,NA,0.15250000000000,0.75000000000000,NA,17010.9670,15.2307,15.0782,0.1525,3.0949,12.7333,0.7928,11.9405,NA,NA,NA
ExperienceX.exe,56308,0x216C829D570,DXGI,1,0,0,Composed: Flip,17059.5517,NA,33.50650000000000,NA,0.16260000000000,1.74940000000000,NA,17026.1977,33.5166,33.3540,0.1626,34.6116,0.4918,0.4847,0.0071,NA,NA,NA
ExperienceX.exe,56308,0x216C829D570,DXGI,1,0,0,Composed: Flip,17076.5209,NA,16.96920000000000,NA,0.12810000000000,5.40050000000000,NA,17059.7143,16.9347,16.8066,0.1281,21.7124,0.4947,0.4947,0.0000,NA,NA,NA
ExperienceX.exe,56308,0x216C829D570,DXGI,1,0,0,Composed: Flip,17092.7155,NA,16.19460000000000,NA,0.09240000000000,1.55750000000000,NA,17076.6490,16.1589,16.0665,0.0924,17.2450,0.3790,0.3790,0.0000,NA,NA,NA
ExperienceX.exe,56308,0x216C829D570,DXGI,1,0,0,Composed: Flip,17110.4405,NA,17.72500000000000,NA,0.15820000000000,3.65720000000000,NA,17092.8079,17.7908,17.6326,0.1582,20.7939,0.4959,0.4959,0.0000,NA,NA,NA
ExperienceX.exe,56308,0x216838E1150,DXGI,1,0,0,Composed: Flip,17109.9944,NA,17.27780000000000,33.30310000000000,0.64370000000000,3.12170000000000,32.4204,17092.8078,17.8303,17.1866,0.6437,17.2357,3.0726,3.0726,0.0000,-0.2096,17092.8078,NA
ExperienceX.exe,56308,0x216838E1150,DXGI,1,0,0,Composed: Flip,17125.9844,NA,15.99000000000000,NA,0.16710000000000,0.69350000000000,NA,17110.6381,15.5134,15.3463,0.1671,3.4596,12.5802,1.1213,11.4589,NA,NA,NA
ExperienceX.exe,56308,0x0,Other,-1,0,0,Composed: Flip,17043.7011,NA,150.62830000000000,149.91500000000002,0.00000000000000,4.59120000000000,32.0257,16893.0728,150.6283,150.6283,0.0000,150.1432,5.0763,5.0763,0.0000,-49.9640,16893.0728,NA
ExperienceX.exe,56308,0x216C7EA03E0,DXGI,1,0,0,Composed: Flip,17092.7156,NA,16.50520000000000,33.32840000000000,0.09330000000000,1.17840000000000,33.0185,17076.6729,16.1360,16.0427,0.0933,16.1400,1.0811,1.0811,0.0000,-0.2130,17076.6729,NA
ExperienceX.exe,56308,0x216C7EA03E0,DXGI,1,0,0,Composed: Flip,17110.6881,NA,17.97250000000000,NA,0.05820000000000,2.91370000000000,NA,17092.8089,17.9374,17.8792,0.0582,20.3072,0.4857,0.4857,0.0000,NA,NA,NA
ExperienceX.exe,56308,0x216C7EA03E0,DXGI,1,0,0,Composed: Flip,17125.9848,NA,15.29670000000000,NA,0.16680000000000,1.70960000000000,NA,17110.7463,15.4053,15.2385,0.1668,16.4424,0.5057,0.4988,0.0069,NA,NA,NA
ExperienceX.exe,56308,0x216C7EA03E0,DXGI,1,0,0,Composed: Flip,17143.4180,NA,17.43320000000000,NA,0.18680000000000,1.95370000000000,NA,17126.1516,17.4532,17.2664,0.1868,17.0887,2.1314,2.1314,0.0000,NA,NA,NA
ExperienceX.exe,56308,0x216C7EA03E0,DXGI,1,0,0,Composed: Flip,17176.2893,NA,32.87130000000001,83.54020000000000,0.50040000000000,3.22480000000000,32.9850,17143.6048,33.1849,32.6845,0.5004,32.8054,3.1039,3.1039,0.0000,-16.6083,17143.6048,NA
ExperienceX.exe,56308,0x216838E1150,DXGI,1,0,0,Composed: Flip,17143.6610,NA,17.67660000000000,33.33560000000000,0.03740000000000,5.14270000000000,32.0894,17126.1515,17.5469,17.5095,0.0374,19.2202,3.4320,3.4320,0.0000,0.0081,17126.1515,NA
ExperienceX.exe,56308,0x216838E1150,DXGI,1,0,0,Composed: Flip,17159.3249,NA,15.66390000000000,NA,0.12610000000000,0.70280000000000,NA,17143.6984,15.7526,15.6265,0.1261,15.7508,0.5785,0.5785,0.0000,NA,NA,NA
ExperienceX.exe,56308,0x216838E1150,DXGI,1,0,0,Composed: Flip,17176.2901,NA,16.96520000000000,NA,0.13750000000000,3.71020000000000,NA,17159.4510,16.9766,16.8391,0.1375,20.0631,0.4862,0.4862,0.0000,NA,NA,NA
ExperienceX.exe,56308,0x216838E1150,DXGI,1,0,0,Composed: Flip,17192.7876,NA,16.49750000000000,NA,0.17160000000000,1.27910000000000,NA,17176.4276,16.5316,16.3600,0.1716,17.3670,0.2721,0.2721,0.0000,NA,NA,NA
ExperienceX.exe,56308,0x216C829D570,DXGI,1,0,0,Composed: Flip,17125.9845,NA,15.54400000000000,116.64180000000000,0.16700000000000,1.20420000000000,33.0816,17110.5987,15.5528,15.3858,0.1670,16.0792,0.5108,0.5108,0.0000,0.5737,17110.5987,NA
ExperienceX.exe,56308,0x216C829D570,DXGI,1,0,0,Composed: Flip,17143.7451,NA,17.76060000000000,NA,0.06060000000000,5.54140000000000,NA,17126.1515,17.6542,17.5936,0.0606,22.6522,0.4828,0.4760,0.0068,NA,NA,NA
ExperienceX.exe,56308,0x216C829D570,DXGI,1,0,0,Composed: Flip,17159.3248,NA,15.57970000000000,NA,0.12620000000000,1.19180000000000,NA,17143.8057,15.6453,15.5191,0.1262,16.2220,0.4889,0.4889,0.0000,NA,NA,NA
ExperienceX.exe,56308,0x216C829D570,DXGI,1,0,0,Composed: Flip,17176.8871,NA,17.56230000000000,NA,0.05340000000000,3.63960000000000,NA,17159.4510,17.4895,17.4361,0.0534,20.5493,0.5264,0.5221,0.0043,NA,NA,NA
ExperienceX.exe,56308,0x216C829D570,DXGI,1,0,0,Composed: Flip,17192.7880,NA,15.90090000000000,NA,0.17120000000000,1.00660000000000,NA,17176.9405,16.0187,15.8475,0.1712,16.0238,0.8303,0.8303,0.0000,NA,NA,NA
ExperienceX.exe,56308,0x216C829D570,DXGI,1,0,0,Composed: Flip,17210.1849,NA,17.39690000000000,NA,0.18900000000000,5.70540000000000,NA,17192.9592,17.4147,17.2257,0.1890,22.4443,0.4868,0.4832,0.0036,NA,NA,NA
ExperienceX.exe,56308,0x216838E1150,DXGI,1,0,0,Composed: Flip,17210.1851,NA,17.39750000000000,67.11010000000000,0.18880000000000,5.21840000000000,32.6754,17192.9592,17.4147,17.2259,0.1888,19.7818,2.6625,2.6625,0.0000,-0.3024,17192.9592,NA
ExperienceX.exe,56308,0x216838E1150,DXGI,1,0,0,Composed: Flip,17226.3932,NA,16.20810000000000,NA,0.19470000000000,1.53860000000000,NA,17210.3739,16.2140,16.0193,0.1947,17.4074,0.1505,0.1505,0.0000,NA,NA,NA
ExperienceX.exe,56308,0x0,Other,-1,0,0,Composed: Flip,17159.7547,NA,116.05360000000000,116.69060000000000,0.00000000000000,1.27930000000000,32.6627,17043.7011,116.0536,116.0536,0.0000,116.8155,0.5174,0.5116,0.0058,33.9377,17043.7011,NA
ExperienceX.exe,56308,0x0,Other,-1,0,0,Composed: Flip,17211.2401,NA,51.48540000000001,NA,0.00000000000000,1.50090000000000,NA,17159.7547,51.4854,51.4854,0.0000,50.8482,2.1381,2.1381,0.0000,NA,NA,NA
ExperienceX.exe,56308,0x216838E1150,DXGI,1,0,0,Composed: Flip,17244.8636,NA,18.47040000000000,32.86230000000000,0.06890000000000,2.57890000000000,30.8592,17226.5879,18.3446,18.2757,0.0689,17.7319,3.1227,3.1227,0.0000,0.7664,17226.5879,NA
ExperienceX.exe,56308,0x216838E1150,DXGI,1,0,0,Composed: Flip,17259.3087,NA,14.44510000000000,NA,0.13270000000000,1.69250000000000,NA,17244.9325,14.5089,14.3762,0.1327,15.5517,0.5170,0.5110,0.0060,NA,NA,NA
ExperienceX.exe,56308,0x216C7EA03E0,DXGI,1,0,0,Composed: Flip,17192.7887,NA,16.49940000000000,16.61960000000000,0.17160000000000,1.86990000000000,33.1052,17176.7897,16.1706,15.9990,0.1716,17.2770,0.5919,0.5829,0.0090,16.5653,17176.7897,NA
ExperienceX.exe,56308,0x216C7EA03E0,DXGI,1,0,0,Composed: Flip,17226.2928,NA,33.50410000000000,NA,0.15780000000000,1.48850000000000,NA,17192.9603,33.4903,33.3325,0.1578,33.4461,1.3749,1.3749,0.0000,NA,NA,NA
ExperienceX.exe,56308,0x216C7EA03E0,DXGI,1,0,0,Composed: Flip,17245.3189,NA,19.02610000000000,NA,0.27470000000000,2.62360000000000,NA,17226.4506,19.1430,18.8683,0.2747,20.9919,0.5000,0.5000,0.0000,NA,NA,NA
ExperienceX.exe,56308,0x216C7EA03E0,DXGI,1,0,0,Composed: Flip,17276.9045,NA,31.58560000000000,NA,0.06940000000000,5.49980000000000,NA,17245.5936,31.3803,31.3109,0.0694,36.3241,0.4866,0.4835,0.0031,NA,NA,NA
ExperienceX.exe,56308,0x216C7EA03E0,DXGI,1,0,0,Composed: Flip,17292.7128,NA,15.80830000000000,99.83700000000000,0.14140000000000,1.73070000000000,33.0181,17276.9739,15.8803,15.7389,0.1414,16.9476,0.5220,0.5161,0.0059,0.3472,17276.9739,NA
ExperienceX.exe,56308,0x216838E1150,DXGI,1,0,0,Composed: Flip,17276.8373,NA,17.52860000000000,33.41360000000000,0.11390000000000,4.59470000000000,32.2991,17259.4414,17.5098,17.3959,0.1139,16.8793,5.1113,5.1113,0.0000,-0.5601,17259.4414,NA
ExperienceX.exe,56308,0x216838E1150,DXGI,1,0,0,Composed: Flip,17292.7078,NA,15.87050000000000,NA,0.13200000000000,1.21370000000000,NA,17276.9512,15.8886,15.7566,0.1320,16.6799,0.2904,0.2904,0.0000,NA,NA,NA
ExperienceX.exe,56308,0x216838E1150,DXGI,1,0,0,Composed: Flip,17310.4772,NA,17.76940000000000,NA,0.26810000000000,3.60840000000000,NA,17292.8398,17.9055,17.6374,0.2681,20.7578,0.4880,0.4880,0.0000,NA,NA,NA
ExperienceX.exe,56308,0x216838E1150,DXGI,1,0,0,Composed: Flip,17326.0180,NA,15.54080000000000,49.94360000000000,0.06970000000000,0.81440000000000,33.0620,17310.7453,15.3424,15.2727,0.0697,15.3449,0.7422,0.7422,0.0000,1.3603,17310.7453,NA
ExperienceX.exe,56308,0x216838E1150,DXGI,1,0,0,Composed: Flip,17344.0051,NA,17.98710000000000,16.73040000000000,0.12370000000000,5.09830000000000,31.8053,17326.0877,18.0411,17.9174,0.1237,17.4641,5.5516,5.5516,0.0000,-1.3880,17326.0877,NA
ExperienceX.exe,56308,0x216C7EA03E0,DXGI,1,0,0,Composed: Flip,17310.5164,NA,17.80360000000000,16.73880000000000,0.28160000000000,3.08120000000000,31.9533,17292.8542,17.9438,17.6622,0.2816,17.3847,3.3587,3.3587,0.0000,-0.8585,17292.8542,NA
ExperienceX.exe,56308,0x216C7EA03E0,DXGI,1,0,0,Composed: Flip,17326.0032,NA,15.48680000000000,NA,0.07430000000000,1.33980000000000,NA,17310.7980,15.2795,15.2052,0.0743,16.0344,0.5106,0.5106,0.0000,NA,NA,NA
ExperienceX.exe,56308,0x216C7EA03E0,DXGI,1,0,0,Composed: Flip,17344.0088,NA,18.00560000000000,NA,0.11970000000000,5.57790000000000,NA,17326.0775,18.0510,17.9313,0.1197,23.0259,0.4833,0.4833,0.0000,NA,NA,NA
ExperienceX.exe,56308,0x216C7EA03E0,DXGI,1,0,0,Composed: Flip,17359.3386,NA,15.32980000000000,NA,0.06070000000000,2.30720000000000,NA,17344.1285,15.2708,15.2101,0.0607,17.0108,0.5065,0.5012,0.0053,NA,NA,NA
ExperienceX.exe,56308,0x216C829D570,DXGI,1,0,0,Composed: Flip,17226.3923,NA,16.20740000000000,99.99220000000001,0.19560000000000,1.75990000000000,32.6660,17210.3739,16.2140,16.0184,0.1956,17.5579,0.2204,0.2122,0.0082,-0.2170,17210.3739,NA
ExperienceX.exe,56308,0x216C829D570,DXGI,1,0,0,Composed: Flip,17244.0219,NA,17.62960000000000,NA,0.78890000000000,4.39530000000000,NA,17226.5879,18.2229,17.4340,0.7889,21.3546,0.4747,0.4747,0.0000,NA,NA,NA
ExperienceX.exe,56308,0x216C829D570,DXGI,1,0,0,Composed: Flip,17259.3084,NA,15.28650000000000,NA,0.13290000000000,0.73500000000000,NA,17244.8108,14.6305,14.4976,0.1329,3.6064,11.6262,1.8447,9.7815,NA,NA,NA
ExperienceX.exe,56308,0x216C829D570,DXGI,1,0,0,Composed: Flip,17276.8338,NA,17.52540000000000,NA,0.12080000000000,5.08390000000000,NA,17259.4413,17.5133,17.3925,0.1208,21.9907,0.4857,0.4857,0.0000,NA,NA,NA
ExperienceX.exe,56308,0x216C829D570,DXGI,1,0,0,Composed: Flip,17292.7080,NA,15.87420000000000,NA,0.13170000000000,0.92310000000000,NA,17276.9546,15.8851,15.7534,0.1317,15.9060,0.7705,0.7705,0.0000,NA,NA,NA
ExperienceX.exe,56308,0x216C829D570,DXGI,1,0,0,Composed: Flip,17310.5720,NA,17.86400000000000,NA,0.55320000000000,6.96310000000000,NA,17292.8397,18.2855,17.7323,0.5532,21.2459,3.4495,3.4424,0.0071,NA,NA,NA
ExperienceX.exe,56308,0x216C829D570,DXGI,1,0,0,Composed: Flip,17325.9941,NA,15.42210000000000,NA,0.07200000000000,1.86070000000000,NA,17311.1252,14.9409,14.8689,0.0720,16.2178,0.5118,0.5065,0.0053,NA,NA,NA
ExperienceX.exe,56308,0x216C829D570,DXGI,1,0,0,Composed: Flip,17344.0049,NA,18.01080000000000,NA,0.12360000000000,6.07410000000000,NA,17326.0661,18.0624,17.9388,0.1236,23.5206,0.4923,0.4864,0.0059,NA,NA,NA
ExperienceX.exe,56308,0x216C829D570,DXGI,1,0,0,Composed: Flip,17359.3468,NA,15.34190000000000,NA,0.05190000000000,1.79250000000000,NA,17344.1285,15.2702,15.2183,0.0519,16.4952,0.5156,0.5156,0.0000,NA,NA,NA
ExperienceX.exe,56308,0x216C829D570,DXGI,1,0,0,Composed: Flip,17376.7838,NA,17.43700000000000,NA,0.24880000000000,3.36220000000000,NA,17359.3987,17.6339,17.3851,0.2488,20.2605,0.4868,0.4868,0.0000,NA,NA,NA
ExperienceX.exe,56308,0x216C7EA03E0,DXGI,1,0,0,Composed: Flip,17376.8292,NA,17.49060000000000,67.17100000000001,0.40450000000000,5.80460000000000,32.8115,17359.3993,17.8344,17.4299,0.4045,20.7467,2.4878,2.4821,0.0057,-0.6259,17359.3993,NA
ExperienceX.exe,56308,0x216C7EA03E0,DXGI,1,0,0,Composed: Flip,17393.1284,NA,16.29920000000000,NA,0.56980000000000,2.47500000000000,NA,17377.2337,16.4645,15.8947,0.5698,17.8791,0.4906,0.4906,0.0000,NA,NA,NA
ExperienceX.exe,56308,0x216838E1150,DXGI,1,0,0,Composed: Flip,17359.4042,NA,15.39910000000000,16.65820000000000,0.08720000000000,1.21950000000000,33.0644,17344.1288,15.3626,15.2754,0.0872,15.2855,1.2094,1.2094,0.0000,1.3829,17344.1288,NA
ExperienceX.exe,56308,0x216838E1150,DXGI,1,0,0,Composed: Flip,17377.0895,NA,17.68530000000000,NA,0.07020000000000,2.56970000000000,NA,17359.4914,17.6683,17.5981,0.0702,17.0874,3.0804,3.0804,0.0000,NA,NA,NA
ExperienceX.exe,56308,0x216838E1150,DXGI,1,0,0,Composed: Flip,17393.0581,NA,15.96860000000000,NA,0.10970000000000,3.02960000000000,NA,17377.1597,16.0081,15.8984,0.1097,18.4437,0.4843,0.4779,0.0064,NA,NA,NA
ExperienceX.exe,56308,0x216838E1150,DXGI,1,0,0,Composed: Flip,17410.5561,NA,17.49800000000000,NA,0.10150000000000,5.38190000000000,NA,17393.1678,17.4898,17.3883,0.1015,22.2578,0.5124,0.5124,0.0000,NA,NA,NA
ExperienceX.exe,56308,0x216C829D570,DXGI,1,0,0,Composed: Flip,17393.2064,NA,16.42260000000000,166.84020000000001,1.03310000000000,1.90640000000000,32.6921,17377.0326,17.2069,16.1738,1.0331,16.4289,1.6513,1.5863,0.0650,-0.1815,17377.0326,NA
ExperienceX.exe,56308,0x216C829D570,DXGI,1,0,0,Composed: Flip,17410.5518,NA,17.34540000000000,NA,0.10850000000000,5.85690000000000,NA,17394.2395,16.4208,16.3123,0.1085,21.6985,0.4707,0.4640,0.0067,NA,NA,NA
ExperienceX.exe,56308,0x216C829D570,DXGI,1,0,0,Composed: Flip,17426.2924,NA,15.74060000000000,NA,0.12160000000000,1.22180000000000,NA,17410.6603,15.7537,15.6321,0.1216,16.3587,0.4952,0.4952,0.0000,NA,NA,NA
ExperienceX.exe,56308,0x216838E1150,DXGI,1,0,0,Composed: Flip,17426.2939,NA,15.73780000000000,66.69680000000001,0.12030000000000,1.73430000000000,32.8715,17410.6576,15.7566,15.6363,0.1203,16.8566,0.5140,0.5084,0.0056,-0.1680,17410.6576,NA
ExperienceX.exe,56308,0x216838E1150,DXGI,1,0,0,Composed: Flip,17443.7420,NA,17.44810000000000,NA,0.17900000000000,6.64730000000000,NA,17426.4142,17.5068,17.3278,0.1790,20.8682,3.1069,3.0958,0.0111,NA,NA,NA
ExperienceX.exe,56308,0x216838E1150,DXGI,1,0,0,Composed: Flip,17459.5115,NA,15.76950000000000,33.35460000000000,0.12900000000000,1.72160000000000,33.0085,17443.9210,15.7195,15.5905,0.1290,16.7986,0.5135,0.5076,0.0059,-0.0912,17443.9210,NA
ExperienceX.exe,56308,0x0,Other,-1,0,0,Composed: Flip,17259.7765,NA,48.53640000000000,100.02960000000000,0.00000000000000,0.70770000000000,32.6705,17211.2401,48.5364,48.5364,0.0000,48.8033,0.4408,0.4408,0.0000,67.5094,17211.2401,NA
ExperienceX.exe,56308,0x216C829D570,DXGI,1,0,0,Composed: Flip,17443.7413,NA,17.44890000000000,49.86560000000000,0.17980000000000,3.05700000000000,32.0228,17426.4140,17.5071,17.3273,0.1798,17.7591,2.6252,2.6252,0.0000,-0.4842,17426.4140,NA
ExperienceX.exe,56308,0x216C829D570,DXGI,1,0,0,Composed: Flip,17459.5108,NA,15.76950000000000,NA,0.12970000000000,1.20880000000000,NA,17443.9211,15.7194,15.5897,0.1297,16.2899,0.5086,0.5086,0.0000,NA,NA,NA
ExperienceX.exe,56308,0x216C829D570,DXGI,1,0,0,Composed: Flip,17476.3979,NA,16.88710000000000,NA,0.56180000000000,6.39090000000000,NA,17459.6405,17.3192,16.7574,0.5618,20.0042,3.1441,3.0001,0.1440,NA,NA,NA
ExperienceX.exe,56308,0x216C829D570,DXGI,1,0,0,Composed: Flip,17492.8842,NA,16.48630000000000,NA,0.24440000000000,0.91110000000000,NA,17476.9597,16.1689,15.9245,0.2444,16.1326,0.7030,0.7030,0.0000,NA,NA,NA
ExperienceX.exe,56308,0x216838E1150,DXGI,1,0,0,Composed: Flip,17476.7849,NA,17.27340000000000,16.65360000000000,0.10970000000000,2.38140000000000,32.3887,17459.6405,17.2541,17.1444,0.1097,16.9293,2.5965,2.5965,0.0000,-0.9341,17459.6405,NA
ExperienceX.exe,56308,0x216838E1150,DXGI,1,0,0,Composed: Flip,17510.6410,NA,33.85610000000000,NA,0.13530000000000,5.45420000000000,NA,17476.8946,33.8817,33.7464,0.1353,36.2261,2.9745,2.9683,0.0062,NA,NA,NA
ExperienceX.exe,56308,0x216838E1150,DXGI,1,0,0,Composed: Flip,17526.1673,NA,15.52630000000000,50.20010000000000,0.03830000000000,0.71190000000000,33.2064,17510.7763,15.4293,15.3910,0.0383,15.4430,0.6599,0.6599,0.0000,0.9357,17510.7763,NA
ExperienceX.exe,56308,0x216838E1150,DXGI,1,0,0,Composed: Flip,17543.0535,NA,16.88620000000000,16.34680000000000,0.66060000000000,3.32950000000000,32.6670,17526.2056,17.5085,16.8479,0.6606,17.0684,3.1090,3.1090,0.0000,-0.9175,17526.2056,NA
ExperienceX.exe,56308,0x216838E1150,DXGI,1,0,0,Composed: Flip,17559.9863,NA,16.93280000000000,16.70670000000000,0.19320000000000,1.17760000000000,32.4409,17543.7141,16.4654,16.2722,0.1932,16.9731,0.4767,0.4767,0.0000,0.8018,17543.7141,NA
ExperienceX.exe,56308,0x216838E1150,DXGI,1,0,0,Composed: Flip,17576.9017,NA,16.91540000000000,16.78640000000000,0.09160000000000,3.32060000000000,32.3119,17560.1795,16.8138,16.7222,0.0916,16.2031,3.8397,3.8397,0.0000,-0.3210,17560.1795,NA
ExperienceX.exe,56308,0x216C7EA03E0,DXGI,1,0,0,Composed: Flip,17410.5532,NA,17.42480000000000,33.01980000000000,0.10310000000000,4.87240000000000,32.1073,17393.6982,16.9581,16.8550,0.1031,16.6707,5.0567,5.0567,0.0000,1.2791,17393.6982,NA
ExperienceX.exe,56308,0x216C7EA03E0,DXGI,1,0,0,Composed: Flip,17426.2915,NA,15.73830000000000,NA,0.12260000000000,0.72750000000000,NA,17410.6563,15.7578,15.6352,0.1226,15.7664,0.5963,0.5963,0.0000,NA,NA,NA
ExperienceX.exe,56308,0x216C7EA03E0,DXGI,1,0,0,Composed: Flip,17443.7823,NA,17.49080000000000,NA,0.20990000000000,3.50010000000000,NA,17426.4141,17.5781,17.3682,0.2099,20.3842,0.4841,0.4841,0.0000,NA,NA,NA
ExperienceX.exe,56308,0x216C7EA03E0,DXGI,1,0,0,Composed: Flip,17459.5112,NA,15.72890000000000,NA,0.12910000000000,0.69980000000000,NA,17443.9922,15.6481,15.5190,0.1291,15.6641,0.5547,0.5547,0.0000,NA,NA,NA
ExperienceX.exe,56308,0x216C7EA03E0,DXGI,1,0,0,Composed: Flip,17477.1023,NA,17.59110000000000,NA,0.06910000000000,2.54240000000000,NA,17459.6403,17.5311,17.4620,0.0691,19.5260,0.4784,0.4784,0.0000,NA,NA,NA
ExperienceX.exe,56308,0x216C7EA03E0,DXGI,1,0,0,Composed: Flip,17492.8867,NA,15.78440000000000,NA,0.24200000000000,1.79820000000000,NA,17477.1714,15.9573,15.7153,0.2420,17.1762,0.3373,0.3288,0.0085,NA,NA,NA
ExperienceX.exe,56308,0x216C7EA03E0,DXGI,1,0,0,Composed: Flip,17510.3090,NA,17.42230000000000,NA,0.46800000000000,2.81170000000000,NA,17493.1287,17.6483,17.1803,0.4680,19.5110,0.4810,0.4810,0.0000,NA,NA,NA
ExperienceX.exe,56308,0x216C7EA03E0,DXGI,1,0,0,Composed: Flip,17526.1990,NA,15.89000000000000,NA,0.17360000000000,1.59650000000000,NA,17510.7770,15.5956,15.4220,0.1736,16.6976,0.3209,0.3153,0.0056,NA,NA,NA
ExperienceX.exe,56308,0x216C7EA03E0,DXGI,1,0,0,Composed: Flip,17543.6170,NA,17.41800000000000,NA,0.48850000000000,3.23500000000000,NA,17526.3726,17.7329,17.2444,0.4885,20.0104,0.4690,0.4690,0.0000,NA,NA,NA
ExperienceX.exe,56308,0x216C7EA03E0,DXGI,1,0,0,Composed: Flip,17559.9203,NA,16.30330000000000,NA,0.12780000000000,1.75590000000000,NA,17544.1055,15.9426,15.8148,0.1278,17.0584,0.5123,0.5024,0.0099,NA,NA,NA
ExperienceX.exe,56308,0x216C7EA03E0,DXGI,1,0,0,Composed: Flip,17576.8245,NA,16.90420000000000,NA,0.14950000000000,3.90240000000000,NA,17560.0481,16.9259,16.7764,0.1495,20.1742,0.5046,0.5046,0.0000,NA,NA,NA
ExperienceX.exe,56308,0x216C7EA03E0,DXGI,1,0,0,Composed: Flip,17592.7704,NA,15.94590000000000,NA,0.19430000000000,0.71640000000000,NA,17576.9740,15.9907,15.7964,0.1943,15.9566,0.5562,0.5562,0.0000,NA,NA,NA
ExperienceX.exe,56308,0x216C7EA03E0,DXGI,1,0,0,Composed: Flip,17611.3403,NA,18.56990000000000,201.16690000000000,0.13830000000000,2.09860000000000,32.4871,17592.9647,18.5139,18.3756,0.1383,17.8389,2.6353,2.6353,0.0000,-1.9004,17592.9647,NA
ExperienceX.exe,56308,0x216C7EA03E0,DXGI,1,0,0,Composed: Flip,17626.7110,NA,15.37070000000000,15.35120000000000,0.24850000000000,1.24130000000000,32.4676,17611.4786,15.4809,15.2324,0.2485,16.0029,0.4708,0.4708,0.0000,3.1627,17611.4786,NA
ExperienceX.exe,56308,0x216C7EA03E0,DXGI,1,0,0,Composed: Flip,17645.5682,NA,18.85720000000000,16.55720000000000,0.15070000000000,2.06730000000000,30.1676,17626.9595,18.7594,18.6087,0.1507,18.0524,2.6236,2.6236,0.0000,-1.0763,17626.9595,NA
ExperienceX.exe,56308,0x216C829D570,DXGI,1,0,0,Composed: Flip,17510.6190,NA,17.73480000000000,66.63520000000000,0.17110000000000,2.02070000000000,31.7803,17493.1286,17.6615,17.4904,0.1711,16.9037,2.6074,2.6074,0.0000,0.0794,17493.1286,NA
ExperienceX.exe,56308,0x216C829D570,DXGI,1,0,0,Composed: Flip,17526.1989,NA,15.57990000000000,NA,0.17370000000000,1.27570000000000,NA,17510.7901,15.5825,15.4088,0.1737,16.0891,0.5954,0.5954,0.0000,NA,NA,NA
ExperienceX.exe,56308,0x216C829D570,DXGI,1,0,0,Composed: Flip,17543.0721,NA,16.87320000000000,NA,0.64230000000000,4.27350000000000,NA,17526.3726,17.3418,16.6995,0.6423,20.4794,0.4936,0.4936,0.0000,NA,NA,NA
ExperienceX.exe,56308,0x216C829D570,DXGI,1,0,0,Composed: Flip,17559.9195,NA,16.84740000000000,NA,0.12860000000000,0.76770000000000,NA,17543.7144,16.3337,16.2051,0.1286,3.6312,13.3416,1.1018,12.2398,NA,NA,NA
ExperienceX.exe,56308,0x216C829D570,DXGI,1,0,0,Composed: Flip,17576.8212,NA,16.90170000000000,NA,0.07470000000000,6.25610000000000,NA,17560.0481,16.8478,16.7731,0.0747,20.6788,2.3504,2.3411,0.0093,NA,NA,NA
ExperienceX.exe,56308,0x216C829D570,DXGI,1,0,0,Composed: Flip,17592.7701,NA,15.94890000000000,NA,0.19400000000000,1.72660000000000,NA,17576.8959,16.0682,15.8742,0.1940,17.0990,0.5018,0.4957,0.0061,NA,NA,NA
ExperienceX.exe,56308,0x216C829D570,DXGI,1,0,0,Composed: Flip,17611.2854,NA,18.51530000000000,NA,0.95550000000000,2.69530000000000,NA,17592.9641,19.2768,18.3213,0.9555,20.4748,0.5418,0.5418,0.0000,NA,NA,NA
ExperienceX.exe,56308,0x216C829D570,DXGI,1,0,0,Composed: Flip,17626.6561,NA,15.37070000000000,NA,0.21020000000000,0.82540000000000,NA,17612.2409,14.6254,14.4152,0.2102,2.8045,12.4361,1.3388,11.0973,NA,NA,NA
ExperienceX.exe,56308,0x216C829D570,DXGI,1,0,0,Composed: Flip,17645.6596,NA,19.00350000000000,NA,0.08160000000000,5.42550000000000,NA,17626.8663,18.8749,18.7933,0.0816,21.2329,2.9859,2.9776,0.0083,NA,NA,NA
ExperienceX.exe,56308,0x216C829D570,DXGI,1,0,0,Composed: Flip,17659.4620,NA,13.80240000000000,NA,0.18630000000000,0.74090000000000,NA,17645.7412,13.9071,13.7208,0.1863,13.8849,0.5768,0.5768,0.0000,NA,NA,NA
ExperienceX.exe,56308,0x216C829D570,DXGI,1,0,0,Composed: Flip,17676.2251,NA,16.76310000000000,166.83690000000001,0.38230000000000,5.21660000000000,33.0111,17659.6483,16.9591,16.5768,0.3823,16.7029,5.0905,5.0905,0.0000,-0.3172,17659.6483,NA
ExperienceX.exe,56308,0x216838E1150,DXGI,1,0,0,Composed: Flip,17592.7719,NA,15.87020000000000,16.84840000000000,0.19180000000000,1.22300000000000,33.2901,17576.9933,15.9704,15.7786,0.1918,16.4935,0.5081,0.5081,0.0000,-0.0346,17576.9933,NA
ExperienceX.exe,56308,0x216838E1150,DXGI,1,0,0,Composed: Flip,17611.6344,NA,18.86250000000000,NA,0.30350000000000,3.41100000000000,NA,17592.9637,18.9742,18.6707,0.3035,21.0170,1.0647,1.0647,0.0000,NA,NA,NA
ExperienceX.exe,56308,0x216838E1150,DXGI,1,0,0,Composed: Flip,17626.6552,NA,15.02080000000000,NA,0.21140000000000,1.82740000000000,NA,17611.9379,14.9287,14.7173,0.2114,16.0144,0.5303,0.5154,0.0149,NA,NA,NA
ExperienceX.exe,56308,0x216838E1150,DXGI,1,0,0,Composed: Flip,17645.2995,NA,18.64430000000000,NA,0.42280000000000,2.79970000000000,NA,17626.8666,18.8557,18.4329,0.4228,20.7689,0.4637,0.4637,0.0000,NA,NA,NA
ExperienceX.exe,56308,0x216838E1150,DXGI,1,0,0,Composed: Flip,17659.4583,NA,14.15880000000000,NA,0.14050000000000,1.75020000000000,NA,17645.7223,13.8765,13.7360,0.1405,14.9775,0.5087,0.5028,0.0059,NA,NA,NA
ExperienceX.exe,56308,0x216838E1150,DXGI,1,0,0,Composed: Flip,17676.2248,NA,16.76650000000000,NA,0.39550000000000,6.18180000000000,NA,17659.5988,17.0215,16.6260,0.3955,22.3350,0.4728,0.4693,0.0035,NA,NA,NA
ExperienceX.exe,56308,0x216838E1150,DXGI,1,0,0,Composed: Flip,17692.6772,NA,16.45240000000000,NA,0.09060000000000,1.68680000000000,NA,17676.6203,16.1475,16.0569,0.0906,17.2256,0.5181,0.5129,0.0052,NA,NA,NA
ExperienceX.exe,56308,0x216C829D570,DXGI,1,0,0,Composed: Flip,17692.6847,NA,16.45960000000000,16.55710000000000,0.12710000000000,0.92600000000000,33.1086,17676.6074,16.2044,16.0773,0.1271,16.1687,0.8346,0.8346,0.0000,0.4020,17676.6074,NA
ExperienceX.exe,56308,0x216C829D570,DXGI,1,0,0,Composed: Flip,17710.6895,NA,18.00480000000000,NA,0.23070000000000,2.85980000000000,NA,17692.8118,18.1084,17.8777,0.2307,20.2864,0.4511,0.4511,0.0000,NA,NA,NA
ExperienceX.exe,56308,0x216C829D570,DXGI,1,0,0,Composed: Flip,17726.3353,NA,15.64580000000000,33.31150000000000,0.22860000000000,0.73640000000000,32.7695,17710.9202,15.6437,15.4151,0.2286,3.1149,13.0366,0.7862,12.2504,1.0013,17710.9202,NA
ExperienceX.exe,56308,0x216C7EA03E0,DXGI,1,0,0,Composed: Flip,17659.4621,NA,13.89390000000000,16.67330000000000,0.18630000000000,1.23770000000000,32.9470,17645.7189,13.9295,13.7432,0.1863,14.4840,0.4969,0.4969,0.0000,2.0861,17645.7189,NA
ExperienceX.exe,56308,0x216C7EA03E0,DXGI,1,0,0,Composed: Flip,17676.5405,NA,17.07840000000000,NA,0.21740000000000,5.39330000000000,NA,17659.6484,17.1095,16.8921,0.2174,21.7933,0.4921,0.4921,0.0000,NA,NA,NA
ExperienceX.exe,56308,0x216C7EA03E0,DXGI,1,0,0,Composed: Flip,17692.6848,NA,16.14430000000000,NA,0.12800000000000,1.16110000000000,NA,17676.7579,16.0549,15.9269,0.1280,16.8528,0.2352,0.2352,0.0000,NA,NA,NA
ExperienceX.exe,56308,0x216C7EA03E0,DXGI,1,0,0,Composed: Flip,17710.6926,NA,18.00780000000000,NA,0.06710000000000,3.34250000000000,NA,17692.8128,17.9469,17.8798,0.0671,20.7365,0.4858,0.4858,0.0000,NA,NA,NA
ExperienceX.exe,56308,0x216C7EA03E0,DXGI,1,0,0,Composed: Flip,17726.3354,NA,15.64280000000000,NA,0.22840000000000,1.73460000000000,NA,17710.7597,15.8041,15.5757,0.2284,16.8080,0.5023,0.4976,0.0047,NA,NA,NA
ExperienceX.exe,56308,0x216C7EA03E0,DXGI,1,0,0,Composed: Flip,17744.4167,NA,18.08130000000000,NA,0.06040000000000,3.29130000000000,NA,17726.5638,17.9133,17.8529,0.0604,20.6427,0.5015,0.5015,0.0000,NA,NA,NA
ExperienceX.exe,56308,0x216838E1150,DXGI,1,0,0,Composed: Flip,17709.8954,NA,17.21820000000000,116.31040000000000,0.34130000000000,3.20280000000000,32.4770,17692.7678,17.4689,17.1276,0.3413,17.2230,3.1074,3.1074,0.0000,-0.5359,17692.7678,NA
ExperienceX.exe,56308,0x216838E1150,DXGI,1,0,0,Composed: Flip,17726.3476,NA,16.45220000000000,NA,0.21860000000000,1.22010000000000,NA,17710.2367,16.3295,16.1109,0.2186,16.8350,0.4960,0.4960,0.0000,NA,NA,NA
ExperienceX.exe,56308,0x216838E1150,DXGI,1,0,0,Composed: Flip,17743.7648,NA,17.41720000000000,NA,0.44820000000000,6.89780000000000,NA,17726.5662,17.6468,17.1986,0.4482,21.1418,2.9546,2.9448,0.0098,NA,NA,NA
ExperienceX.exe,56308,0x216838E1150,DXGI,1,0,0,Composed: Flip,17759.4195,NA,15.65470000000000,NA,0.12490000000000,1.09750000000000,NA,17744.2130,15.3314,15.2065,0.1249,15.3488,0.9552,0.9552,0.0000,NA,NA,NA
ExperienceX.exe,56308,0x216838E1150,DXGI,1,0,0,Composed: Flip,17776.8616,NA,17.44210000000000,66.86970000000001,0.10090000000000,5.14970000000000,32.3805,17759.5444,17.4181,17.3172,0.1009,18.9800,3.4869,3.4869,0.0000,-0.0931,17759.5444,NA
ExperienceX.exe,56308,0x216C7EA03E0,DXGI,1,0,0,Composed: Flip,17759.4091,NA,14.99240000000000,100.26150000000000,0.12770000000000,2.09090000000000,33.2615,17744.4771,15.0597,14.9320,0.1277,16.5202,0.5027,0.4946,0.0081,-1.5033,17744.4771,NA
ExperienceX.exe,56308,0x216C7EA03E0,DXGI,1,0,0,Composed: Flip,17776.8588,NA,17.44970000000000,NA,0.10400000000000,1.66560000000000,NA,17759.5368,17.4260,17.3220,0.1040,16.8767,2.1109,2.1109,0.0000,NA,NA,NA
ExperienceX.exe,56308,0x216C7EA03E0,DXGI,1,0,0,Composed: Flip,17793.3797,NA,16.52090000000000,NA,0.06830000000000,2.37930000000000,NA,17776.9628,16.4852,16.4169,0.0683,18.3072,0.4890,0.4828,0.0062,NA,NA,NA
ExperienceX.exe,56308,0x216C829D570,DXGI,1,0,0,Composed: Flip,17743.7900,NA,17.45470000000000,16.65240000000000,0.09710000000000,3.41650000000000,31.9672,17726.5639,17.3232,17.2261,0.0971,16.9923,3.6503,3.6503,0.0000,-1.0087,17726.5639,NA
ExperienceX.exe,56308,0x216C829D570,DXGI,1,0,0,Composed: Flip,17759.4092,NA,15.61920000000000,NA,0.12780000000000,1.58810000000000,NA,17743.8871,15.6499,15.5221,0.1278,16.6299,0.4803,0.4803,0.0000,NA,NA,NA
ExperienceX.exe,56308,0x216C829D570,DXGI,1,0,0,Composed: Flip,17776.9268,NA,17.51760000000000,NA,0.06460000000000,5.58690000000000,NA,17759.5370,17.4544,17.3898,0.0646,22.4743,0.5024,0.4965,0.0059,NA,NA,NA
ExperienceX.exe,56308,0x216C829D570,DXGI,1,0,0,Composed: Flip,17793.3782,NA,16.45140000000000,NA,0.06980000000000,1.89180000000000,NA,17776.9914,16.4566,16.3868,0.0698,17.8209,0.4577,0.4577,0.0000,NA,NA,NA
ExperienceX.exe,56308,0x216C829D570,DXGI,1,0,0,Composed: Flip,17810.9139,NA,17.53570000000000,NA,0.14260000000000,3.05180000000000,NA,17793.4480,17.6085,17.4659,0.1426,20.0428,0.4749,0.4749,0.0000,NA,NA,NA
ExperienceX.exe,56308,0x216C829D570,DXGI,1,0,0,Composed: Flip,17826.1359,NA,15.22200000000000,83.31910000000001,0.20210000000000,1.39300000000000,32.9404,17811.0565,15.2815,15.0794,0.2021,15.8674,0.6050,0.6050,0.0000,1.1735,17811.0565,NA
ExperienceX.exe,56308,0x216C7EA03E0,DXGI,1,0,0,Composed: Flip,17810.8900,NA,17.51030000000000,49.77600000000000,0.15380000000000,2.60080000000000,31.5566,17793.4480,17.5958,17.4420,0.1538,16.9325,3.1103,3.1103,0.0000,-0.8051,17793.4480,NA
ExperienceX.exe,56308,0x216C7EA03E0,DXGI,1,0,0,Composed: Flip,17826.1366,NA,15.24660000000000,NA,0.19780000000000,0.78730000000000,NA,17811.0438,15.2906,15.0928,0.1978,3.4190,12.4611,0.6292,11.8319,NA,NA,NA
ExperienceX.exe,56308,0x216C7EA03E0,DXGI,1,0,0,Composed: Flip,17843.9718,NA,17.83520000000000,NA,0.10770000000000,5.41310000000000,NA,17826.3344,17.7451,17.6374,0.1077,20.2209,2.8296,2.8190,0.0106,NA,NA,NA
ExperienceX.exe,56308,0x216838E1150,DXGI,1,0,0,Composed: Flip,17793.5476,NA,16.68600000000000,16.53320000000000,0.31460000000000,1.26470000000000,32.2277,17776.9625,16.8997,16.5851,0.3146,16.5130,1.3368,1.3368,0.0000,0.8849,17776.9625,NA
ExperienceX.exe,56308,0x216838E1150,DXGI,1,0,0,Composed: Flip,17810.8885,NA,17.34090000000000,NA,0.15510000000000,3.57430000000000,NA,17793.8622,17.1814,17.0263,0.1551,20.1035,0.4971,0.4971,0.0000,NA,NA,NA
ExperienceX.exe,56308,0x216838E1150,DXGI,1,0,0,Composed: Flip,17826.1363,NA,15.24780000000000,NA,0.20170000000000,1.88100000000000,NA,17811.0436,15.2944,15.0927,0.2017,16.4853,0.4884,0.4837,0.0047,NA,NA,NA
ExperienceX.exe,56308,0x216838E1150,DXGI,1,0,0,Composed: Flip,17843.7933,NA,17.65700000000000,NA,0.40410000000000,2.76200000000000,NA,17826.3380,17.8594,17.4553,0.4041,19.5799,0.6374,0.6374,0.0000,NA,NA,NA
ExperienceX.exe,56308,0x0,Other,-1,0,0,Composed: Flip,17493.6411,NA,233.86460000000002,233.39320000000001,0.00000000000000,0.70650000000000,32.1991,17259.7765,233.8646,233.8646,0.0000,234.0188,0.5523,0.5523,0.0000,-184.8568,17259.7765,NA
ExperienceX.exe,56308,0x0,Other,-1,0,0,Composed: Flip,17860.1264,NA,366.48530000000000,NA,0.00000000000000,0.99120000000000,NA,17493.6411,366.4853,366.4853,0.0000,366.9686,0.5079,0.5079,0.0000,NA,NA,NA
ExperienceX.exe,56308,0x216C829D570,DXGI,1,0,0,Composed: Flip,17844.0668,NA,17.93090000000000,16.64730000000000,0.13000000000000,1.85110000000000,31.6568,17826.3380,17.8588,17.7288,0.1300,16.9747,2.6052,2.6052,0.0000,-1.3658,17826.3380,NA
ExperienceX.exe,56308,0x216C829D570,DXGI,1,0,0,Composed: Flip,17859.4423,NA,15.37550000000000,NA,0.16770000000000,1.16740000000000,NA,17844.1968,15.4132,15.2455,0.1677,15.3866,1.0263,1.0263,0.0000,NA,NA,NA
ExperienceX.exe,56308,0x216C829D570,DXGI,1,0,0,Composed: Flip,17876.2749,NA,16.83260000000000,NA,0.06520000000000,7.15780000000000,NA,17859.6100,16.7301,16.6649,0.0652,23.3169,0.5058,0.5017,0.0041,NA,NA,NA
ExperienceX.exe,56308,0x216C829D570,DXGI,1,0,0,Composed: Flip,17892.5901,NA,16.31520000000000,NA,0.09620000000000,1.55170000000000,NA,17876.3401,16.3462,16.2500,0.0962,17.2719,0.5298,0.5298,0.0000,NA,NA,NA
ExperienceX.exe,56308,0x0,Other,-1,0,0,Composed: Flip,17892.9431,NA,32.81670000000000,399.90620000000001,0.00000000000000,1.78530000000000,32.8033,17860.1264,32.8167,32.8167,0.0000,34.0154,0.5866,0.5826,0.0040,200.4437,17860.1264,NA
ExperienceX.exe,56308,0x216838E1150,DXGI,1,0,0,Composed: Flip,17876.2689,NA,32.47560000000000,83.27410000000000,0.07200000000000,6.65800000000000,32.7805,17844.1974,32.1435,32.0715,0.0720,34.4052,4.3243,4.3243,0.0000,-16.0392,17844.1974,NA
ExperienceX.exe,56308,0x216838E1150,DXGI,1,0,0,Composed: Flip,17892.5900,NA,16.32110000000000,NA,0.09620000000000,1.02200000000000,NA,17876.3409,16.3453,16.2491,0.0962,16.3299,0.9412,0.9412,0.0000,NA,NA,NA
ExperienceX.exe,56308,0x216838E1150,DXGI,1,0,0,Composed: Flip,17910.0855,NA,17.49550000000000,NA,0.29290000000000,5.89400000000000,NA,17892.6862,17.6922,17.3993,0.2929,22.7845,0.5088,0.5032,0.0056,NA,NA,NA
ExperienceX.exe,56308,0x216838E1150,DXGI,1,0,0,Composed: Flip,17926.0470,NA,15.96150000000000,NA,0.09980000000000,1.85360000000000,NA,17910.3784,15.7684,15.6686,0.0998,17.5183,0.0039,0.0039,0.0000,NA,NA,NA
ExperienceX.exe,56308,0x216C829D570,DXGI,1,0,0,Composed: Flip,17910.1886,NA,17.59850000000000,66.68420000000000,0.06260000000000,4.77670000000000,32.2192,17892.6863,17.5649,17.5023,0.0626,17.0214,5.2576,5.2576,0.0000,-0.3359,17892.6863,NA
ExperienceX.exe,56308,0x216C829D570,DXGI,1,0,0,Composed: Flip,17926.0753,NA,15.88670000000000,NA,0.24300000000000,1.81930000000000,NA,17910.2512,16.0671,15.8241,0.2430,16.8552,0.7882,0.7840,0.0042,NA,NA,NA
ExperienceX.exe,56308,0x216C829D570,DXGI,1,0,0,Composed: Flip,17943.4850,NA,17.40970000000000,NA,0.29570000000000,5.93560000000000,NA,17926.3183,17.4624,17.1667,0.2957,20.0678,3.0345,3.0264,0.0081,NA,NA,NA
ExperienceX.exe,56308,0x216838E1150,DXGI,1,0,0,Composed: Flip,17943.5670,NA,17.52000000000000,66.66270000000000,0.07310000000000,2.25980000000000,32.1451,17926.1468,17.4933,17.4202,0.0731,16.9894,2.6906,2.6906,0.0000,15.2867,17926.1468,NA
ExperienceX.exe,56308,0x216838E1150,DXGI,1,0,0,Composed: Flip,17959.4758,NA,15.90880000000000,NA,0.16630000000000,2.45940000000000,NA,17943.6401,16.0020,15.8357,0.1663,17.7659,0.5292,0.5267,0.0025,NA,NA,NA
ExperienceX.exe,56308,0x0,Other,-1,0,0,Composed: Flip,17926.6114,NA,33.66830000000000,33.35100000000000,0.00000000000000,0.49500000000000,32.4860,17892.9431,33.6683,33.6683,0.0000,33.2462,0.9171,0.9171,0.0000,-0.5343,17892.9431,NA
ExperienceX.exe,56308,0x216838E1150,DXGI,1,0,0,Composed: Flip,17976.8560,NA,17.38020000000000,33.33070000000000,0.18050000000000,5.29980000000000,32.1868,17959.6421,17.3944,17.2139,0.1805,18.9402,3.5735,3.5735,0.0000,0.1646,17959.6421,NA
ExperienceX.exe,56308,0x216838E1150,DXGI,1,0,0,Composed: Flip,17992.6349,NA,15.77890000000000,NA,0.11230000000000,0.68760000000000,NA,17977.0365,15.7107,15.5984,0.1123,15.6948,0.5912,0.5912,0.0000,NA,NA,NA
ExperienceX.exe,56308,0x216C829D570,DXGI,1,0,0,Composed: Flip,17959.4871,NA,16.00210000000000,49.97720000000000,0.18150000000000,1.38390000000000,32.8979,17943.7807,15.8879,15.7064,0.1815,15.8758,1.2145,1.2145,0.0000,1.1172,17943.7807,NA
ExperienceX.exe,56308,0x216C829D570,DXGI,1,0,0,Composed: Flip,17976.5938,NA,17.10670000000000,NA,0.43600000000000,1.98850000000000,NA,17959.6686,17.3612,16.9252,0.4360,16.7305,2.1832,2.1832,0.0000,NA,NA,NA
ExperienceX.exe,56308,0x216C829D570,DXGI,1,0,0,Composed: Flip,17992.6341,NA,16.04030000000000,NA,0.11300000000000,1.20590000000000,NA,17977.0298,15.7173,15.6043,0.1130,16.2927,0.5175,0.5175,0.0000,NA,NA,NA
ExperienceX.exe,56308,0x216C829D570,DXGI,1,0,0,Composed: Flip,18010.2095,NA,17.57540000000000,NA,0.09210000000000,3.85390000000000,NA,17992.7471,17.5545,17.4624,0.0921,20.7543,0.5620,0.5620,0.0000,NA,NA,NA
ExperienceX.exe,56308,0x216838E1150,DXGI,1,0,0,Composed: Flip,18010.1236,NA,17.48870000000000,33.51140000000000,0.08960000000000,2.80170000000000,32.4306,17992.7472,17.4660,17.3764,0.0896,16.9742,3.2039,3.2039,0.0000,-0.4063,17992.7472,NA
ExperienceX.exe,56308,0x216838E1150,DXGI,1,0,0,Composed: Flip,18026.3376,NA,16.21400000000000,NA,0.24570000000000,1.95170000000000,NA,18010.2132,16.3701,16.1244,0.2457,17.5446,0.5315,0.5225,0.0090,NA,NA,NA
ExperienceX.exe,56308,0x216C7EA03E0,DXGI,1,0,0,Composed: Flip,17859.4426,NA,15.47080000000000,49.93310000000000,0.16730000000000,2.18000000000000,32.9371,17844.0795,15.5304,15.3631,0.1673,17.0381,0.5050,0.4975,0.0075,0.6984,17844.0795,NA
ExperienceX.exe,56308,0x216C7EA03E0,DXGI,1,0,0,Composed: Flip,17876.7738,NA,17.33120000000000,NA,0.05460000000000,1.82880000000000,NA,17859.6099,17.2185,17.1639,0.0546,16.8102,2.1825,2.1825,0.0000,NA,NA,NA
ExperienceX.exe,56308,0x216C7EA03E0,DXGI,1,0,0,Composed: Flip,17910.2320,NA,33.45820000000001,NA,0.08980000000000,5.23870000000000,NA,17876.8284,33.4934,33.4036,0.0898,38.1369,0.5054,0.5054,0.0000,NA,NA,NA
ExperienceX.exe,56308,0x216C7EA03E0,DXGI,1,0,0,Composed: Flip,17943.7170,NA,33.48500000000000,NA,0.05810000000000,2.66910000000000,NA,17910.3218,33.4533,33.3952,0.0581,35.5050,0.5593,0.5593,0.0000,NA,NA,NA
ExperienceX.exe,56308,0x216C7EA03E0,DXGI,1,0,0,Composed: Flip,17959.4864,NA,15.76940000000000,NA,0.18220000000000,1.91960000000000,NA,17943.7751,15.8935,15.7113,0.1822,17.0959,0.5350,0.5350,0.0000,NA,NA,NA
ExperienceX.exe,56308,0x216C7EA03E0,DXGI,1,0,0,Composed: Flip,17976.6089,NA,17.12250000000000,NA,0.06230000000000,6.05200000000000,NA,17959.6686,17.0026,16.9403,0.0623,22.4872,0.5051,0.4984,0.0067,NA,NA,NA
ExperienceX.exe,56308,0x216C7EA03E0,DXGI,1,0,0,Composed: Flip,18010.1319,NA,33.52300000000000,NA,0.13820000000000,3.36950000000000,NA,17976.6712,33.5989,33.4607,0.1382,36.2541,0.5761,0.5761,0.0000,NA,NA,NA
ExperienceX.exe,56308,0x216C7EA03E0,DXGI,1,0,0,Composed: Flip,18026.3372,NA,16.20530000000000,NA,0.22220000000000,0.91020000000000,NA,18010.2701,16.2893,16.0671,0.2222,3.7933,13.1840,0.9559,12.2281,NA,NA,NA
ExperienceX.exe,56308,0x216C7EA03E0,DXGI,1,0,0,Composed: Flip,18044.0345,NA,17.69730000000000,NA,0.06230000000000,1.61650000000000,NA,18026.5594,17.5374,17.4751,0.0623,16.8948,2.1968,2.1968,0.0000,NA,NA,NA
ExperienceX.exe,56308,0x216C829D570,DXGI,1,0,0,Composed: Flip,18026.3364,NA,16.12690000000000,66.73100000000001,0.24680000000000,1.42140000000000,32.7796,18010.3016,16.2816,16.0348,0.2468,16.9458,0.5104,0.5104,0.0000,-0.2101,18010.3016,NA
ExperienceX.exe,56308,0x216C829D570,DXGI,1,0,0,Composed: Flip,18043.2920,NA,16.95560000000000,NA,0.51060000000000,6.45260000000000,NA,18026.5832,17.2194,16.7088,0.5106,22.6437,0.5177,0.5100,0.0077,NA,NA,NA
ExperienceX.exe,56308,0x216C829D570,DXGI,1,0,0,Composed: Flip,18059.4943,NA,16.20230000000000,NA,0.12540000000000,1.28790000000000,NA,18043.8026,15.8171,15.6917,0.1254,16.6097,0.3699,0.3699,0.0000,NA,NA,NA
ExperienceX.exe,56308,0x216C829D570,DXGI,1,0,0,Composed: Flip,18076.6563,NA,17.16200000000000,49.95760000000000,0.09770000000000,5.49490000000000,32.4173,18059.6197,17.1343,17.0366,0.0977,18.9455,3.5860,3.5860,0.0000,-0.6395,18059.6197,NA
ExperienceX.exe,56308,0x216838E1150,DXGI,1,0,0,Composed: Flip,18044.0302,NA,17.69260000000000,33.17420000000000,0.06660000000000,5.19670000000000,31.6982,18026.5833,17.5135,17.4469,0.0666,19.0677,3.5759,3.5759,0.0000,0.6619,18026.5833,NA
ExperienceX.exe,56308,0x216838E1150,DXGI,1,0,0,Composed: Flip,18059.5431,NA,15.51290000000000,NA,0.19680000000000,0.86920000000000,NA,18044.0968,15.6431,15.4463,0.1968,15.5809,0.7346,0.7346,0.0000,NA,NA,NA
ExperienceX.exe,56308,0x216838E1150,DXGI,1,0,0,Composed: Flip,18076.5506,NA,17.00750000000000,NA,0.23080000000000,6.10280000000000,NA,18059.7399,17.0415,16.8107,0.2308,22.4113,0.5022,0.4955,0.0067,NA,NA,NA
ExperienceX.exe,56308,0x216838E1150,DXGI,1,0,0,Composed: Flip,18092.7070,NA,16.15640000000000,NA,0.16120000000000,1.79400000000000,NA,18076.7814,16.0868,15.9256,0.1612,17.2193,0.5003,0.4946,0.0057,NA,NA,NA
ExperienceX.exe,56308,0x216838E1150,DXGI,1,0,0,Composed: Flip,18110.2792,NA,17.57220000000000,66.65940000000001,0.37670000000000,2.31410000000000,32.1086,18092.8682,17.7877,17.4110,0.3767,17.0263,2.6988,2.6988,0.0000,-0.3745,18092.8682,NA
ExperienceX.exe,56308,0x216838E1150,DXGI,1,0,0,Composed: Flip,18125.9869,NA,15.70770000000000,16.88630000000000,0.13040000000000,1.23150000000000,33.2872,18110.6559,15.4614,15.3310,0.1304,16.0600,0.5025,0.5025,0.0000,0.9014,18110.6559,NA
ExperienceX.exe,56308,0x0,Other,-1,0,0,Composed: Flip,17993.0094,NA,66.39800000000000,66.81560000000000,0.00000000000000,1.34290000000000,32.9036,17926.6114,66.3980,66.3980,0.0000,67.2286,0.5123,0.5075,0.0048,-33.1473,17926.6114,NA
ExperienceX.exe,56308,0x0,Other,-1,0,0,Composed: Flip,18126.4077,NA,133.39830000000001,NA,0.00000000000000,1.34480000000000,NA,17993.0094,133.3983,133.3983,0.0000,134.2090,0.5341,0.5279,0.0062,NA,NA,NA
ExperienceX.exe,56308,0x216C7EA03E0,DXGI,1,0,0,Composed: Flip,18059.4935,NA,15.45900000000000,200.02300000000000,0.12580000000000,1.82600000000000,32.9092,18044.0968,15.5225,15.3967,0.1258,16.6854,0.5373,0.5310,0.0063,-0.0057,18044.0968,NA
ExperienceX.exe,56308,0x216C7EA03E0,DXGI,1,0,0,Composed: Flip,18076.9295,NA,17.43600000000000,NA,0.04940000000000,1.63570000000000,NA,18059.6193,17.3596,17.3102,0.0494,16.7542,2.1917,2.1917,0.0000,NA,NA,NA
ExperienceX.exe,56308,0x216C7EA03E0,DXGI,1,0,0,Composed: Flip,18092.7054,NA,15.77590000000000,NA,0.14350000000000,0.75420000000000,NA,18076.9789,15.8700,15.7265,0.1435,15.8794,0.6013,0.6013,0.0000,NA,NA,NA
ExperienceX.exe,56308,0x216C7EA03E0,DXGI,1,0,0,Composed: Flip,18110.7484,NA,18.04300000000000,NA,0.05510000000000,2.35670000000000,NA,18092.8489,17.9546,17.8995,0.0551,19.7444,0.5118,0.5118,0.0000,NA,NA,NA
ExperienceX.exe,56308,0x216C7EA03E0,DXGI,1,0,0,Composed: Flip,18143.4330,NA,32.68460000000000,NA,0.11440000000000,6.20490000000000,NA,18110.8035,32.7439,32.6295,0.1144,38.3317,0.5027,0.5027,0.0000,NA,NA,NA
ExperienceX.exe,56308,0x216C829D570,DXGI,1,0,0,Composed: Flip,18092.7066,NA,16.05030000000000,16.64340000000000,0.16170000000000,1.29410000000000,33.0104,18076.7540,16.1143,15.9526,0.1617,16.7056,0.5411,0.5411,0.0000,0.4909,18076.7540,NA
ExperienceX.exe,56308,0x216C829D570,DXGI,1,0,0,Composed: Flip,18110.2367,NA,17.53010000000000,NA,0.38490000000000,6.70510000000000,NA,18092.8683,17.7533,17.3684,0.3849,20.2368,3.8367,3.8320,0.0047,NA,NA,NA
ExperienceX.exe,56308,0x216C829D570,DXGI,1,0,0,Composed: Flip,18125.9871,NA,15.75040000000000,NA,0.12960000000000,0.72880000000000,NA,18110.6216,15.4951,15.3655,0.1296,15.5009,0.5934,0.5934,0.0000,NA,NA,NA
ExperienceX.exe,56308,0x216C829D570,DXGI,1,0,0,Composed: Flip,18143.4828,NA,17.49570000000000,NA,0.13170000000000,6.66160000000000,NA,18126.1167,17.4978,17.3661,0.1317,23.5212,0.5065,0.5033,0.0032,NA,NA,NA
ExperienceX.exe,56308,0x216C829D570,DXGI,1,0,0,Composed: Flip,18159.5959,NA,16.11310000000000,NA,0.14810000000000,1.25090000000000,NA,18143.6145,16.1295,15.9814,0.1481,16.9933,0.2390,0.2390,0.0000,NA,NA,NA
ExperienceX.exe,56308,0x216C829D570,DXGI,1,0,0,Composed: Flip,18178.0202,NA,18.42430000000000,NA,0.40910000000000,6.77540000000000,NA,18159.7440,18.6853,18.2762,0.4091,21.4705,3.5811,3.5749,0.0062,NA,NA,NA
ExperienceX.exe,56308,0x216C7EA03E0,DXGI,1,0,0,Composed: Flip,18178.3265,NA,34.89350000000000,116.77640000000001,0.15490000000000,2.37630000000000,30.8526,18143.5474,34.9340,34.7791,0.1549,33.6141,3.5413,3.5413,0.0000,-17.3258,18143.5474,NA
ExperienceX.exe,56308,0x216C7EA03E0,DXGI,1,0,0,Composed: Flip,18192.8547,NA,14.52820000000000,NA,0.20120000000000,1.27270000000000,NA,18178.4814,14.5745,14.3733,0.2012,15.2798,0.3662,0.3662,0.0000,NA,NA,NA
ExperienceX.exe,56308,0x216C7EA03E0,DXGI,1,0,0,Composed: Flip,18210.9331,NA,18.07840000000000,33.19520000000000,0.46230000000000,3.28620000000000,31.4412,18193.0559,18.3395,17.8772,0.4623,17.1730,3.9904,3.9904,0.0000,16.3133,18193.0559,NA
ExperienceX.exe,56308,0x216838E1150,DXGI,1,0,0,Composed: Flip,18143.5177,NA,17.53080000000000,16.49420000000000,0.05630000000000,5.61750000000000,32.2506,18126.1173,17.4567,17.4004,0.0563,16.9121,6.1058,6.1058,0.0000,-1.0328,18126.1173,NA
ExperienceX.exe,56308,0x216838E1150,DXGI,1,0,0,Composed: Flip,18159.5958,NA,16.07810000000000,NA,0.14810000000000,1.01200000000000,NA,18143.5740,16.1699,16.0218,0.1481,16.1610,0.8728,0.8728,0.0000,NA,NA,NA
ExperienceX.exe,56308,0x216838E1150,DXGI,1,0,0,Composed: Flip,18178.3293,NA,18.73350000000000,NA,0.12930000000000,2.88520000000000,NA,18159.7439,18.7147,18.5854,0.1293,20.9589,0.5117,0.5117,0.0000,NA,NA,NA
ExperienceX.exe,56308,0x216838E1150,DXGI,1,0,0,Composed: Flip,18192.8544,NA,14.52510000000000,NA,0.20070000000000,1.81470000000000,NA,18178.4586,14.5965,14.3958,0.2007,15.6688,0.5417,0.5355,0.0062,NA,NA,NA
ExperienceX.exe,56308,0x216838E1150,DXGI,1,0,0,Composed: Flip,18210.9929,NA,18.13850000000000,NA,0.25090000000000,3.72850000000000,NA,18193.0551,18.1887,17.9378,0.2509,21.1642,0.5021,0.5021,0.0000,NA,NA,NA
ExperienceX.exe,56308,0x216838E1150,DXGI,1,0,0,Composed: Flip,18225.9824,NA,14.98950000000000,NA,0.07930000000000,1.85880000000000,NA,18211.2438,14.8179,14.7386,0.0793,16.0619,0.5355,0.5296,0.0059,NA,NA,NA
ExperienceX.exe,56308,0x216C7EA03E0,DXGI,1,0,0,Composed: Flip,18226.0271,NA,15.09400000000000,16.67290000000000,0.19900000000000,0.95000000000000,33.0201,18211.3954,14.8307,14.6317,0.1990,14.7933,0.7884,0.7884,0.0000,1.6666,18211.3954,NA
ExperienceX.exe,56308,0x216C7EA03E0,DXGI,1,0,0,Composed: Flip,18243.4086,NA,17.38150000000000,NA,0.13700000000000,1.83140000000000,NA,18226.2261,17.3195,17.1825,0.1370,16.7951,2.2188,2.2188,0.0000,NA,NA,NA
ExperienceX.exe,56308,0x216838E1150,DXGI,1,0,0,Composed: Flip,18243.2414,NA,17.25900000000000,99.98470000000000,0.23660000000000,5.61580000000000,32.5116,18226.0617,17.4163,17.1797,0.2366,19.1783,3.6172,3.6172,0.0000,-0.0403,18226.0617,NA
ExperienceX.exe,56308,0x216838E1150,DXGI,1,0,0,Composed: Flip,18259.5364,NA,16.29500000000000,NA,0.25350000000000,2.54270000000000,NA,18243.4780,16.3119,16.0584,0.2535,18.0981,0.5030,0.4949,0.0081,NA,NA,NA
ExperienceX.exe,56308,0x216C7EA03E0,DXGI,1,0,0,Composed: Flip,18259.4115,NA,16.00290000000000,33.34140000000000,0.09240000000000,2.16460000000000,32.9771,18243.5456,15.9583,15.8659,0.0924,17.5346,0.4959,0.4959,0.0000,-1.1912,18243.5456,NA
ExperienceX.exe,56308,0x216C7EA03E0,DXGI,1,0,0,Composed: Flip,18276.7355,NA,17.32400000000000,NA,0.12510000000000,4.28070000000000,NA,18259.5039,17.3567,17.2316,0.1251,21.0107,0.5016,0.5016,0.0000,NA,NA,NA
ExperienceX.exe,56308,0x216838E1150,DXGI,1,0,0,Composed: Flip,18276.9634,NA,17.42700000000000,33.31650000000000,0.04710000000000,3.55120000000000,32.1061,18259.7899,17.2206,17.1735,0.0471,16.7545,3.9702,3.9702,0.0000,0.4117,18259.7899,NA
ExperienceX.exe,56308,0x216C7EA03E0,DXGI,1,0,0,Composed: Flip,18292.6899,NA,15.95440000000000,33.33210000000000,0.15030000000000,0.70450000000000,33.0308,18276.8606,15.9796,15.8293,0.1503,15.9348,0.5990,0.5990,0.0000,-0.0171,18276.8606,NA
ExperienceX.exe,56308,0x216838E1150,DXGI,1,0,0,Composed: Flip,18309.7433,NA,32.77990000000000,33.31570000000000,0.15040000000000,5.38230000000000,32.6419,18277.0105,32.8832,32.7328,0.1504,33.3278,4.7873,4.7873,0.0000,-16.0951,18277.0105,NA
ExperienceX.exe,56308,0x216838E1150,DXGI,1,0,0,Composed: Flip,18325.9413,NA,16.19800000000000,NA,0.10660000000000,1.22280000000000,NA,18309.8937,16.1542,16.0476,0.1066,16.7484,0.5220,0.5220,0.0000,NA,NA,NA
ExperienceX.exe,56308,0x216C829D570,DXGI,1,0,0,Composed: Flip,18192.8139,NA,14.79370000000000,100.00710000000001,0.21490000000000,0.94730000000000,32.9102,18178.4293,14.5995,14.3846,0.2149,14.5974,0.7345,0.7345,0.0000,1.6682,18178.4293,NA
ExperienceX.exe,56308,0x216C829D570,DXGI,1,0,0,Composed: Flip,18211.0686,NA,18.25470000000000,NA,0.13330000000000,4.15200000000000,NA,18193.0288,18.1731,18.0398,0.1333,21.6926,0.4992,0.4946,0.0046,NA,NA,NA
ExperienceX.exe,56308,0x216C829D570,DXGI,1,0,0,Composed: Flip,18226.0268,NA,14.95820000000000,NA,0.19920000000000,1.27890000000000,NA,18211.2019,15.0241,14.8249,0.1992,15.7752,0.3286,0.3286,0.0000,NA,NA,NA
ExperienceX.exe,56308,0x216C829D570,DXGI,1,0,0,Composed: Flip,18243.2442,NA,17.21740000000000,NA,0.30160000000000,6.12000000000000,NA,18226.2260,17.3198,17.0182,0.3016,22.6312,0.5070,0.4984,0.0086,NA,NA,NA
ExperienceX.exe,56308,0x216C829D570,DXGI,1,0,0,Composed: Flip,18259.4105,NA,16.16630000000000,NA,0.09190000000000,1.66970000000000,NA,18243.5458,15.9566,15.8647,0.0919,16.0642,1.4702,1.4480,0.0222,NA,NA,NA
ExperienceX.exe,56308,0x216C829D570,DXGI,1,0,0,Composed: Flip,18276.7302,NA,17.31970000000000,NA,0.09050000000000,6.77220000000000,NA,18259.5024,17.3183,17.2278,0.0905,21.5138,2.4862,2.4776,0.0086,NA,NA,NA
ExperienceX.exe,56308,0x216C829D570,DXGI,1,0,0,Composed: Flip,18292.6897,NA,15.95950000000000,NA,0.15070000000000,1.77990000000000,NA,18276.8207,16.0197,15.8690,0.1507,17.1157,0.5332,0.5258,0.0074,NA,NA,NA
ExperienceX.exe,56308,0x216C829D570,DXGI,1,0,0,Composed: Flip,18309.7435,NA,17.05380000000000,NA,0.15050000000000,5.88210000000000,NA,18292.8404,17.0536,16.9031,0.1505,22.2852,0.5000,0.5000,0.0000,NA,NA,NA
ExperienceX.exe,56308,0x216C829D570,DXGI,1,0,0,Composed: Flip,18325.9412,NA,16.19770000000000,NA,0.10670000000000,0.70090000000000,NA,18309.8940,16.1539,16.0472,0.1067,16.1565,0.5916,0.5916,0.0000,NA,NA,NA
ExperienceX.exe,56308,0x216C829D570,DXGI,1,0,0,Composed: Flip,18343.2894,NA,17.34820000000000,NA,0.17430000000000,1.91410000000000,NA,18326.0479,17.4158,17.2415,0.1743,16.9634,2.1922,2.1922,0.0000,NA,NA,NA
ExperienceX.exe,56308,0x216C829D570,DXGI,1,0,0,Composed: Flip,18359.6029,NA,16.31350000000000,166.76080000000002,0.22490000000000,1.89460000000000,32.8820,18343.4637,16.3641,16.1392,0.2249,17.1366,0.8972,0.8856,0.0116,-1.7264,18343.4637,NA
ExperienceX.exe,56308,0x216C7EA03E0,DXGI,1,0,0,Composed: Flip,18325.9408,NA,33.25090000000000,33.44270000000000,0.10710000000000,1.74470000000000,33.2226,18292.8402,33.2077,33.1006,0.1071,34.3239,0.5214,0.5168,0.0046,-17.4631,18292.8402,NA
ExperienceX.exe,56308,0x216C7EA03E0,DXGI,1,0,0,Composed: Flip,18343.2579,NA,17.31710000000000,NA,0.35210000000000,6.03760000000000,NA,18326.0479,17.5621,17.2100,0.3521,22.7372,0.5104,0.5036,0.0068,NA,NA,NA
ExperienceX.exe,56308,0x216C7EA03E0,DXGI,1,0,0,Composed: Flip,18359.6056,NA,16.34770000000000,NA,0.22180000000000,1.90460000000000,NA,18343.6100,16.2174,15.9956,0.2218,17.8901,0.0101,0.0101,0.0000,NA,NA,NA
ExperienceX.exe,56308,0x216C7EA03E0,DXGI,1,0,0,Composed: Flip,18376.6690,NA,17.06340000000000,NA,0.31580000000000,2.86250000000000,NA,18359.8274,17.1574,16.8416,0.3158,19.1680,0.5361,0.5361,0.0000,NA,NA,NA
ExperienceX.exe,56308,0x216838E1150,DXGI,1,0,0,Composed: Flip,18343.2947,NA,17.35340000000000,33.34350000000000,0.31670000000000,5.49040000000000,32.4340,18326.0479,17.5635,17.2468,0.3167,19.1556,3.5816,3.5816,0.0000,15.6939,18326.0479,NA
ExperienceX.exe,56308,0x216838E1150,DXGI,1,0,0,Composed: Flip,18359.6027,NA,16.30800000000000,NA,0.22530000000000,0.99760000000000,NA,18343.6114,16.2166,15.9913,0.2253,16.1378,0.8511,0.8511,0.0000,NA,NA,NA
ExperienceX.exe,56308,0x216838E1150,DXGI,1,0,0,Composed: Flip,18376.7493,NA,17.14660000000000,NA,0.08810000000000,5.82150000000000,NA,18359.8280,17.0094,16.9213,0.0881,19.7035,3.0393,3.0334,0.0059,NA,NA,NA
ExperienceX.exe,56308,0x216838E1150,DXGI,1,0,0,Composed: Flip,18392.8871,NA,16.13780000000000,NA,0.23870000000000,0.88070000000000,NA,18376.8374,16.2884,16.0497,0.2387,16.2399,0.6905,0.6905,0.0000,NA,NA,NA
ExperienceX.exe,56308,0x216C829D570,DXGI,1,0,0,Composed: Flip,18376.6684,NA,17.06550000000000,16.86720000000000,0.41920000000000,2.32700000000000,32.6837,18359.8278,17.2598,16.8406,0.4192,16.4654,2.7022,2.7022,0.0000,-0.5031,18359.8278,NA
ExperienceX.exe,56308,0x216C829D570,DXGI,1,0,0,Composed: Flip,18392.8876,NA,16.21920000000000,NA,0.23780000000000,1.31930000000000,NA,18377.0876,16.0378,15.8000,0.2378,16.6802,0.4391,0.4391,0.0000,NA,NA,NA
ExperienceX.exe,56308,0x216C829D570,DXGI,1,0,0,Composed: Flip,18411.2301,NA,18.34250000000000,NA,0.36170000000000,3.47890000000000,NA,18393.1254,18.4664,18.1047,0.3617,21.0989,0.4847,0.4847,0.0000,NA,NA,NA
ExperienceX.exe,56308,0x216838E1150,DXGI,1,0,0,Composed: Flip,18410.7813,NA,17.89420000000000,66.91170000000000,0.10670000000000,2.92700000000000,31.8591,18393.1258,17.7622,17.6555,0.1067,17.3750,3.2075,3.2075,0.0000,0.1662,18393.1258,NA
ExperienceX.exe,56308,0x216838E1150,DXGI,1,0,0,Composed: Flip,18426.1641,NA,15.38280000000000,NA,0.27270000000000,1.96400000000000,NA,18410.8880,15.5488,15.2761,0.2727,16.7358,0.5043,0.5019,0.0024,NA,NA,NA
ExperienceX.exe,56308,0x216C829D570,DXGI,1,0,0,Composed: Flip,18426.1636,NA,14.93350000000000,49.69890000000000,0.27320000000000,0.94260000000000,32.8874,18411.5918,14.8450,14.5718,0.2732,3.1172,12.3972,1.3645,11.0327,2.0651,18411.5918,NA
ExperienceX.exe,56308,0x216C829D570,DXGI,1,0,0,Composed: Flip,18443.4205,NA,17.25690000000000,NA,0.18600000000000,7.55650000000000,NA,18426.4368,17.1697,16.9837,0.1860,21.3651,3.1751,3.1637,0.0114,NA,NA,NA
ExperienceX.exe,56308,0x216C7EA03E0,DXGI,1,0,0,Composed: Flip,18392.8897,NA,16.22070000000000,66.62410000000000,0.23420000000000,1.93490000000000,32.8978,18376.9848,16.1391,15.9049,0.2342,17.2221,0.6177,0.6137,0.0040,17.5205,18376.9848,NA
ExperienceX.exe,56308,0x216C7EA03E0,DXGI,1,0,0,Composed: Flip,18411.2339,NA,18.34420000000000,NA,0.07950000000000,2.99040000000000,NA,18393.1239,18.1895,18.1100,0.0795,20.5844,0.5160,0.5160,0.0000,NA,NA,NA
ExperienceX.exe,56308,0x216C7EA03E0,DXGI,1,0,0,Composed: Flip,18426.1624,NA,14.92850000000000,NA,0.27480000000000,1.46140000000000,NA,18411.3134,15.1238,14.8490,0.2748,15.7928,0.5176,0.5176,0.0000,NA,NA,NA
ExperienceX.exe,56308,0x216C7EA03E0,DXGI,1,0,0,Composed: Flip,18444.0348,NA,17.87240000000000,NA,0.19340000000000,3.76710000000000,NA,18426.4372,17.7910,17.5976,0.1934,20.8546,0.5101,0.5101,0.0000,NA,NA,NA
ExperienceX.exe,56308,0x216C7EA03E0,DXGI,1,0,0,Composed: Flip,18459.2737,NA,15.23890000000000,NA,0.10150000000000,0.70360000000000,NA,18444.2282,15.1470,15.0455,0.1015,15.1557,0.5934,0.5934,0.0000,NA,NA,NA
ExperienceX.exe,56308,0x216C829D570,DXGI,1,0,0,Composed: Flip,18459.2726,NA,15.85210000000000,33.41410000000000,0.10260000000000,1.22600000000000,33.1925,18443.6065,15.7687,15.6661,0.1026,16.3708,0.5213,0.5213,0.0000,-1.3994,18443.6065,NA
ExperienceX.exe,56308,0x216C829D570,DXGI,1,0,0,Composed: Flip,18476.6381,NA,17.36550000000000,NA,0.16470000000000,2.87300000000000,NA,18459.3752,17.4276,17.2629,0.1647,19.6250,0.5109,0.5109,0.0000,NA,NA,NA
ExperienceX.exe,56308,0x0,Other,-1,0,0,Composed: Flip,18160.0865,NA,33.67880000000000,166.55870000000002,0.00000000000000,1.27210000000000,32.3852,18126.4077,33.6788,33.6788,0.0000,34.4391,0.5118,0.5044,0.0074,33.2376,18126.4077,NA
ExperienceX.exe,56308,0x0,Other,-1,0,0,Composed: Flip,18293.1757,NA,133.08920000000001,NA,0.00000000000000,0.76070000000000,NA,18160.0865,133.0892,133.0892,0.0000,133.3079,0.5420,0.5420,0.0000,NA,NA,NA
ExperienceX.exe,56308,0x0,Other,-1,0,0,Composed: Flip,18310.6825,NA,17.50680000000000,NA,0.00000000000000,5.99920000000000,NA,18293.1757,17.5068,17.5068,0.0000,22.4499,1.0561,1.0451,0.0110,NA,NA,NA
ExperienceX.exe,56308,0x216C829D570,DXGI,1,0,0,Composed: Flip,18492.7369,NA,16.09880000000000,33.28160000000000,0.13880000000000,1.24310000000000,33.0098,18476.8028,16.0729,15.9341,0.1388,16.6440,0.5332,0.5332,0.0000,-0.0853,18476.8028,NA
ExperienceX.exe,56308,0x216C829D570,DXGI,1,0,0,Composed: Flip,18509.5480,NA,16.81110000000000,NA,0.07460000000000,6.39690000000000,NA,18492.8757,16.7469,16.6723,0.0746,22.5629,0.5063,0.4995,0.0068,NA,NA,NA
ExperienceX.exe,56308,0x216C7EA03E0,DXGI,1,0,0,Composed: Flip,18476.8704,NA,17.59670000000000,83.25870000000000,0.24630000000000,5.72690000000000,32.1758,18459.3752,17.7415,17.4952,0.2463,20.1359,3.0862,3.0798,0.0064,-0.8683,18459.3752,NA
ExperienceX.exe,56308,0x216C7EA03E0,DXGI,1,0,0,Composed: Flip,18492.7368,NA,15.86640000000000,NA,0.13900000000000,0.71000000000000,NA,18477.1167,15.7591,15.6201,0.1390,15.7504,0.5797,0.5797,0.0000,NA,NA,NA
ExperienceX.exe,56308,0x216C7EA03E0,DXGI,1,0,0,Composed: Flip,18509.7989,NA,17.06210000000000,NA,0.17480000000000,2.07730000000000,NA,18492.8758,17.0979,16.9231,0.1748,16.7979,2.2025,2.2025,0.0000,NA,NA,NA
ExperienceX.exe,56308,0x216C7EA03E0,DXGI,1,0,0,Composed: Flip,18526.0291,NA,16.23020000000000,NA,0.20990000000000,1.69090000000000,NA,18509.9737,16.2653,16.0554,0.2099,17.2101,0.5362,0.5307,0.0055,NA,NA,NA
ExperienceX.exe,56308,0x216C829D570,DXGI,1,0,0,Composed: Flip,18525.9824,NA,16.43440000000000,33.33640000000000,0.09850000000000,1.20140000000000,33.1007,18509.6226,16.4583,16.3598,0.0985,17.0343,0.5269,0.5269,0.0000,-0.5166,18509.6226,NA
ExperienceX.exe,56308,0x216C829D570,DXGI,1,0,0,Composed: Flip,18543.6892,NA,17.70680000000000,NA,0.10720000000000,2.60020000000000,NA,18526.0809,17.7155,17.6083,0.1072,19.7090,0.4995,0.4995,0.0000,NA,NA,NA
ExperienceX.exe,56308,0x0,Other,-1,0,0,Composed: Flip,18510.0443,NA,199.36180000000002,349.93049999999999,0.00000000000000,5.39430000000000,32.3579,18310.6825,199.3618,199.3618,0.0000,201.1937,3.5624,3.5624,0.0000,-165.6557,18310.6825,NA
ExperienceX.exe,56308,0x216C829D570,DXGI,1,0,0,Composed: Flip,18559.4575,NA,15.76830000000000,33.36690000000000,0.16990000000000,0.70360000000000,32.9925,18543.7964,15.8310,15.6611,0.1699,15.7828,0.5819,0.5819,0.0000,0.8069,18543.7964,NA
ExperienceX.exe,56308,0x216C7EA03E0,DXGI,1,0,0,Composed: Flip,18543.3411,NA,17.31200000000000,66.66640000000001,0.45620000000000,2.44880000000000,32.3715,18526.2390,17.5583,17.1021,0.4562,16.8478,2.7031,2.7031,0.0000,0.1974,18526.2390,NA
ExperienceX.exe,56308,0x216C7EA03E0,DXGI,1,0,0,Composed: Flip,18559.4568,NA,16.11570000000000,NA,0.17060000000000,1.23790000000000,NA,18543.7973,15.8301,15.6595,0.1706,16.3638,0.5336,0.5336,0.0000,NA,NA,NA
ExperienceX.exe,56308,0x216C7EA03E0,DXGI,1,0,0,Composed: Flip,18576.1813,NA,16.72450000000000,NA,0.08430000000000,6.71260000000000,NA,18559.6274,16.6382,16.5539,0.0843,22.7715,0.4950,0.4950,0.0000,NA,NA,NA
ExperienceX.exe,56308,0x216C7EA03E0,DXGI,1,0,0,Composed: Flip,18592.9757,NA,16.79440000000000,NA,0.27200000000000,1.63920000000000,NA,18576.2656,16.9821,16.7101,0.2720,17.7987,0.5506,0.5506,0.0000,NA,NA,NA
ExperienceX.exe,56308,0x216838E1150,DXGI,1,0,0,Composed: Flip,18444.0447,NA,17.88060000000000,33.05920000000000,0.38110000000000,3.24710000000000,31.6549,18426.4368,17.9890,17.6079,0.3811,17.2507,3.6043,3.6043,0.0000,0.2518,18426.4368,NA
ExperienceX.exe,56308,0x216838E1150,DXGI,1,0,0,Composed: Flip,18459.2723,NA,15.22760000000000,NA,0.10280000000000,1.74590000000000,NA,18444.4258,14.9493,14.8465,0.1028,16.0728,0.5196,0.5144,0.0052,NA,NA,NA
ExperienceX.exe,56308,0x216838E1150,DXGI,1,0,0,Composed: Flip,18476.9075,NA,17.63520000000000,NA,0.15000000000000,2.09270000000000,NA,18459.3751,17.6824,17.5324,0.1500,16.9320,2.6931,2.6931,0.0000,NA,NA,NA
ExperienceX.exe,56308,0x216838E1150,DXGI,1,0,0,Composed: Flip,18492.7633,NA,15.85580000000000,NA,0.20960000000000,1.73230000000000,NA,18477.0575,15.9154,15.7058,0.2096,16.9225,0.5156,0.5109,0.0047,NA,NA,NA
ExperienceX.exe,56308,0x216838E1150,DXGI,1,0,0,Composed: Flip,18525.9822,NA,33.21890000000000,NA,0.09870000000000,0.67470000000000,NA,18492.9729,33.1080,33.0093,0.0987,33.1068,0.5772,0.5772,0.0000,NA,NA,NA
ExperienceX.exe,56308,0x216838E1150,DXGI,1,0,0,Composed: Flip,18543.6615,NA,17.67930000000000,NA,0.14550000000000,5.76610000000000,NA,18526.0809,17.7261,17.5806,0.1455,20.2085,3.1382,3.1325,0.0057,NA,NA,NA
ExperienceX.exe,56308,0x216838E1150,DXGI,1,0,0,Composed: Flip,18559.4576,NA,15.79610000000000,NA,0.16970000000000,1.76390000000000,NA,18543.8070,15.8203,15.6506,0.1697,16.8877,0.5268,0.5219,0.0049,NA,NA,NA
ExperienceX.exe,56308,0x216838E1150,DXGI,1,0,0,Composed: Flip,18576.1829,NA,16.72530000000000,NA,0.08440000000000,7.22450000000000,NA,18559.6273,16.6400,16.5556,0.0844,23.2666,0.5135,0.5104,0.0031,NA,NA,NA
ExperienceX.exe,56308,0x216838E1150,DXGI,1,0,0,Composed: Flip,18592.9540,NA,16.77110000000000,NA,0.21650000000000,1.11030000000000,NA,18576.2673,16.9032,16.6867,0.2165,16.8467,0.9503,0.9503,0.0000,NA,NA,NA
ExperienceX.exe,56308,0x216838E1150,DXGI,1,0,0,Composed: Flip,18610.9914,NA,18.03740000000000,NA,0.08680000000000,2.56580000000000,NA,18593.1705,17.9077,17.8209,0.0868,19.8672,0.5195,0.5195,0.0000,NA,NA,NA
ExperienceX.exe,56308,0x216C829D570,DXGI,1,0,0,Composed: Flip,18592.9549,NA,33.49740000000000,33.26260000000000,0.21560000000000,2.16660000000000,32.7577,18559.6274,33.5431,33.3275,0.2156,34.9875,0.5066,0.4998,0.0068,-17.4316,18559.6274,NA
ExperienceX.exe,56308,0x216C829D570,DXGI,1,0,0,Composed: Flip,18610.6598,NA,17.70490000000000,NA,0.41900000000000,7.66730000000000,NA,18593.1705,17.9083,17.4893,0.4190,20.3867,4.7699,4.7637,0.0062,NA,NA,NA
ExperienceX.exe,56308,0x216C829D570,DXGI,1,0,0,Composed: Flip,18625.9991,NA,15.33930000000000,NA,0.12440000000000,1.75220000000000,NA,18611.0788,15.0447,14.9203,0.1244,16.1408,0.5317,0.5260,0.0057,NA,NA,NA
ExperienceX.exe,56308,0x216838E1150,DXGI,1,0,0,Composed: Flip,18625.9993,NA,15.00790000000000,183.34850000000000,0.12430000000000,0.76810000000000,33.0488,18611.0782,15.0454,14.9211,0.1243,15.0351,0.6541,0.6541,0.0000,1.2929,18611.0782,NA
ExperienceX.exe,56308,0x216838E1150,DXGI,1,0,0,Composed: Flip,18644.6747,NA,18.67540000000000,NA,0.06130000000000,4.23430000000000,NA,18626.1236,18.6124,18.5511,0.0613,22.0547,0.7307,0.7266,0.0041,NA,NA,NA
ExperienceX.exe,56308,0x216C829D570,DXGI,1,0,0,Composed: Flip,18644.1351,NA,18.13600000000000,50.01330000000000,0.73720000000000,3.53840000000000,31.5908,18626.1235,18.7488,18.0116,0.7372,17.5281,4.0219,4.0219,0.0000,16.4828,18626.1235,NA
ExperienceX.exe,56308,0x216C829D570,DXGI,1,0,0,Composed: Flip,18659.3235,NA,15.18840000000000,NA,0.10580000000000,1.73350000000000,NA,18644.8723,14.5570,14.4512,0.1058,15.6566,0.5281,0.5226,0.0055,NA,NA,NA
ExperienceX.exe,56308,0x216C7EA03E0,DXGI,1,0,0,Composed: Flip,18610.9979,NA,18.02220000000000,66.74480000000000,0.08040000000000,2.03980000000000,31.4595,18593.2477,17.8306,17.7502,0.0804,17.0934,2.6966,2.6966,0.0000,0.2639,18593.2477,NA
ExperienceX.exe,56308,0x216C7EA03E0,DXGI,1,0,0,Composed: Flip,18626.0838,NA,15.08590000000000,NA,0.06320000000000,1.13580000000000,NA,18611.0783,15.0687,15.0055,0.0632,15.6891,0.4522,0.4522,0.0000,NA,NA,NA
ExperienceX.exe,56308,0x216C7EA03E0,DXGI,1,0,0,Composed: Flip,18644.4037,NA,18.31990000000000,NA,0.35450000000000,3.77460000000000,NA,18626.1470,18.6112,18.2567,0.3545,21.5265,0.5048,0.5048,0.0000,NA,NA,NA
ExperienceX.exe,56308,0x216C7EA03E0,DXGI,1,0,0,Composed: Flip,18677.0411,NA,32.63740000000000,NA,0.39670000000000,4.57570000000000,NA,18644.7582,32.6796,32.2829,0.3967,36.3548,0.5038,0.5038,0.0000,NA,NA,NA
ExperienceX.exe,56308,0x216838E1150,DXGI,1,0,0,Composed: Flip,18659.3228,NA,14.64810000000000,33.34140000000000,0.10620000000000,0.69250000000000,33.0667,18644.7360,14.6930,14.5868,0.1062,14.6894,0.5899,0.5899,0.0000,0.3164,18644.7360,NA
ExperienceX.exe,56308,0x216838E1150,DXGI,1,0,0,Composed: Flip,18677.2809,NA,17.95810000000000,NA,0.15590000000000,4.83440000000000,NA,18659.4290,18.0078,17.8519,0.1559,22.1878,0.4985,0.4953,0.0032,NA,NA,NA
ExperienceX.exe,56308,0x216838E1150,DXGI,1,0,0,Composed: Flip,18692.6770,NA,15.39610000000000,NA,0.05180000000000,1.72140000000000,NA,18677.4368,15.2920,15.2402,0.0518,16.4275,0.5341,0.5290,0.0051,NA,NA,NA
ExperienceX.exe,56308,0x216838E1150,DXGI,1,0,0,Composed: Flip,18710.4859,NA,17.80890000000000,50.04990000000000,0.06220000000000,2.23890000000000,31.9535,18692.7288,17.8193,17.7571,0.0622,17.2588,2.7372,2.7372,0.0000,-2.0571,18692.7288,NA
ExperienceX.exe,56308,0x216838E1150,DXGI,1,0,0,Composed: Flip,18726.6734,NA,16.18750000000000,16.73550000000000,0.30480000000000,2.04770000000000,32.5015,18710.5481,16.4301,16.1253,0.3048,17.6451,0.5279,0.5179,0.0100,1.0838,18710.5481,NA
ExperienceX.exe,56308,0x216838E1150,DXGI,1,0,0,Composed: Flip,18744.4178,NA,17.74440000000000,16.62470000000000,0.06220000000000,4.71270000000000,31.3818,18726.9782,17.5018,17.4396,0.0622,20.3680,1.7843,1.7739,0.0104,-0.1946,18726.9782,NA
ExperienceX.exe,56308,0x216838E1150,DXGI,1,0,0,Composed: Flip,18759.5431,NA,15.12530000000000,16.73990000000000,0.11250000000000,0.76620000000000,32.9964,18744.4800,15.1756,15.0631,0.1125,15.2402,0.5891,0.5891,0.0000,0.7619,18744.4800,NA
ExperienceX.exe,56308,0x216838E1150,DXGI,1,0,0,Composed: Flip,18777.2380,NA,17.69490000000000,16.84590000000000,0.06040000000000,4.68680000000000,32.1474,18759.6556,17.6428,17.5824,0.0604,19.4777,2.7915,2.7915,0.0000,-1.6703,18759.6556,NA
ExperienceX.exe,56308,0x216C829D570,DXGI,1,0,0,Composed: Flip,18677.2396,NA,17.91610000000000,33.34620000000000,0.19720000000000,3.87340000000000,31.8325,18659.4293,18.0075,17.8103,0.1972,17.1977,4.4860,4.4860,0.0000,-0.0404,18659.4293,NA
ExperienceX.exe,56308,0x216C829D570,DXGI,1,0,0,Composed: Flip,18692.6898,NA,15.45020000000000,NA,0.16910000000000,1.17450000000000,NA,18677.4368,15.4221,15.2530,0.1691,16.1556,0.2719,0.2719,0.0000,NA,NA,NA
ExperienceX.exe,56308,0x216C829D570,DXGI,1,0,0,Composed: Flip,18710.2137,NA,17.52390000000000,NA,0.24780000000000,5.27540000000000,NA,18692.8589,17.6026,17.3548,0.2478,20.4369,2.1933,2.1901,0.0032,NA,NA,NA
ExperienceX.exe,56308,0x216C829D570,DXGI,1,0,0,Composed: Flip,18726.5835,NA,16.36980000000000,NA,0.12250000000000,1.60970000000000,NA,18710.4615,16.2445,16.1220,0.1225,17.2249,0.5068,0.5068,0.0000,NA,NA,NA
ExperienceX.exe,56308,0x216C829D570,DXGI,1,0,0,Composed: Flip,18743.9481,NA,17.36460000000000,NA,0.40600000000000,1.87960000000000,NA,18726.7060,17.6481,17.2421,0.4060,16.9237,2.1980,2.1980,0.0000,NA,NA,NA
ExperienceX.exe,56308,0x216C829D570,DXGI,1,0,0,Composed: Flip,18759.5590,NA,15.61090000000000,NA,0.19160000000000,1.80480000000000,NA,18744.3541,15.3965,15.2049,0.1916,16.6521,0.3576,0.3486,0.0090,NA,NA,NA
ExperienceX.exe,56308,0x216C829D570,DXGI,1,0,0,Composed: Flip,18776.5324,NA,16.97340000000000,NA,0.17790000000000,5.90540000000000,NA,18759.7506,16.9597,16.7818,0.1779,22.1742,0.5130,0.5086,0.0044,NA,NA,NA
ExperienceX.exe,56308,0x216C829D570,DXGI,1,0,0,Composed: Flip,18793.0178,NA,16.48540000000000,NA,0.23650000000000,1.64580000000000,NA,18776.7103,16.5440,16.3075,0.2365,17.2000,0.7533,0.7533,0.0000,NA,NA,NA
ExperienceX.exe,56308,0x216C7EA03E0,DXGI,1,0,0,Composed: Flip,18692.6904,NA,15.64930000000000,83.65120000000000,0.16830000000000,0.90200000000000,33.4182,18677.4378,15.4209,15.2526,0.1683,15.3316,0.8230,0.8230,0.0000,0.5389,18677.4378,NA
ExperienceX.exe,56308,0x216C7EA03E0,DXGI,1,0,0,Composed: Flip,18710.5156,NA,17.82520000000000,NA,0.39070000000000,2.78020000000000,NA,18692.8587,18.0476,17.6569,0.3907,19.8661,0.5710,0.5710,0.0000,NA,NA,NA
ExperienceX.exe,56308,0x216C7EA03E0,DXGI,1,0,0,Composed: Flip,18726.5790,NA,16.06340000000000,NA,0.12710000000000,1.10740000000000,NA,18710.9063,15.7998,15.6727,0.1271,15.8063,0.9738,0.9738,0.0000,NA,NA,NA
ExperienceX.exe,56308,0x216C7EA03E0,DXGI,1,0,0,Composed: Flip,18744.1702,NA,17.59120000000000,NA,0.15490000000000,3.17600000000000,NA,18726.7061,17.6190,17.4641,0.1549,19.1216,1.5185,1.5185,0.0000,NA,NA,NA
ExperienceX.exe,56308,0x216C7EA03E0,DXGI,1,0,0,Composed: Flip,18759.5592,NA,15.38900000000000,NA,0.12870000000000,1.44700000000000,NA,18744.3251,15.3628,15.2341,0.1287,15.9842,0.6969,0.6969,0.0000,NA,NA,NA
ExperienceX.exe,56308,0x216C7EA03E0,DXGI,1,0,0,Composed: Flip,18776.5329,NA,16.97370000000000,NA,0.17710000000000,2.60040000000000,NA,18759.6879,17.0221,16.8450,0.1771,17.2107,2.2347,2.2347,0.0000,NA,NA,NA
ExperienceX.exe,56308,0x216C7EA03E0,DXGI,1,0,0,Composed: Flip,18812.9929,NA,36.46000000000000,NA,0.21600000000000,2.03920000000000,NA,18776.7100,36.4989,36.2829,0.2160,37.8163,0.5058,0.5058,0.0000,NA,NA,NA
ExperienceX.exe,56308,0x216C7EA03E0,DXGI,1,0,0,Composed: Flip,18827.3940,NA,14.40110000000000,133.12030000000001,0.24800000000000,2.40930000000000,31.8349,18813.2089,14.4331,14.1851,0.2480,15.9860,0.6084,0.6084,0.0000,2.6508,18813.2089,NA
ExperienceX.exe,56308,0x216C7EA03E0,DXGI,1,0,0,Composed: Flip,18843.7907,NA,16.39670000000000,16.53390000000000,1.79150000000000,3.72360000000000,31.9721,18827.6420,17.9402,16.1487,1.7915,16.6368,3.2355,3.2355,0.0000,-2.1008,18827.6420,NA
ExperienceX.exe,56308,0x216C829D570,DXGI,1,0,0,Composed: Flip,18813.6589,NA,20.64110000000000,133.63610000000000,0.16960000000000,0.86740000000000,29.0493,18793.2543,20.5742,20.4046,0.1696,18.0125,3.2595,3.2595,0.0000,0.1889,18793.2543,NA
ExperienceX.exe,56308,0x216C829D570,DXGI,1,0,0,Composed: Flip,18826.9567,NA,13.29780000000000,NA,1.25300000000000,2.23820000000000,NA,18813.8285,14.3812,13.1282,1.2530,2.2828,13.0836,2.1397,10.9439,NA,NA,NA
ExperienceX.exe,56308,0x216C829D570,DXGI,1,0,0,Composed: Flip,18843.7935,NA,16.83680000000000,NA,0.35450000000000,4.22250000000000,NA,18828.2097,15.9383,15.5838,0.3545,19.3046,0.5017,0.5017,0.0000,NA,NA,NA
ExperienceX.exe,56308,0x216C829D570,DXGI,1,0,0,Composed: Flip,18859.8825,NA,16.08900000000000,NA,0.28090000000000,3.11360000000000,NA,18844.1480,16.0154,15.7345,0.2809,18.3276,0.5205,0.5118,0.0087,NA,NA,NA
ExperienceX.exe,56308,0x216C829D570,DXGI,1,0,0,Composed: Flip,18876.9467,NA,17.06420000000000,66.65650000000001,0.49540000000000,3.11180000000000,32.4180,18860.1634,17.2787,16.7833,0.4954,16.4320,3.4631,3.4631,0.0000,0.2526,18860.1634,NA
ExperienceX.exe,56308,0x216C829D570,DXGI,1,0,0,Composed: Flip,18892.7003,NA,15.75360000000000,16.75960000000000,0.16960000000000,0.73310000000000,33.4240,18877.4421,15.4278,15.2582,0.1696,3.3781,12.6132,1.0061,11.6071,0.5191,18877.4421,NA
ExperienceX.exe,56308,0x216C829D570,DXGI,1,0,0,Composed: Flip,18911.1230,NA,18.42270000000000,16.36590000000000,0.14940000000000,4.69290000000000,31.3672,18892.8699,18.4025,18.2531,0.1494,21.1658,1.7802,1.7753,0.0049,-0.9381,18892.8699,NA
ExperienceX.exe,56308,0x216838E1150,DXGI,1,0,0,Composed: Flip,18792.9361,NA,15.69810000000000,16.61720000000000,0.15090000000000,0.97420000000000,33.0665,18777.2984,15.7886,15.6377,0.1509,15.7869,0.8250,0.8250,0.0000,1.0256,18777.2984,NA
ExperienceX.exe,56308,0x216838E1150,DXGI,1,0,0,Composed: Flip,18813.1616,NA,20.22550000000000,NA,0.19920000000000,2.94970000000000,NA,18793.0870,20.2738,20.0746,0.1992,21.9451,1.0792,1.0792,0.0000,NA,NA,NA
ExperienceX.exe,56308,0x216838E1150,DXGI,1,0,0,Composed: Flip,18826.9261,NA,13.76450000000000,NA,0.35080000000000,3.34510000000000,NA,18813.3608,13.9161,13.5653,0.3508,16.4425,0.4679,0.4500,0.0179,NA,NA,NA
ExperienceX.exe,56308,0x216838E1150,DXGI,1,0,0,Composed: Flip,18843.7917,NA,16.86560000000000,NA,0.36250000000000,4.72950000000000,NA,18827.2769,16.8773,16.5148,0.3625,20.7391,0.5052,0.5052,0.0000,NA,NA,NA
ExperienceX.exe,56308,0x216838E1150,DXGI,1,0,0,Composed: Flip,18859.8817,NA,16.09000000000000,NA,0.42200000000000,2.08680000000000,NA,18844.1542,16.1495,15.7275,0.4220,4.3670,13.4473,2.4171,11.0302,NA,NA,NA
ExperienceX.exe,56308,0x216838E1150,DXGI,1,0,0,Composed: Flip,18876.8686,NA,16.98690000000000,NA,0.25710000000000,3.45400000000000,NA,18860.3037,16.8220,16.5649,0.2571,19.7548,0.2641,0.2641,0.0000,NA,NA,NA
ExperienceX.exe,56308,0x216838E1150,DXGI,1,0,0,Composed: Flip,18892.7170,NA,15.84840000000000,NA,0.15280000000000,1.23140000000000,NA,18877.1257,15.7441,15.5913,0.1528,16.3077,0.5150,0.5150,0.0000,NA,NA,NA
ExperienceX.exe,56308,0x216838E1150,DXGI,1,0,0,Composed: Flip,18910.7075,NA,17.99050000000000,NA,0.56540000000000,3.32820000000000,NA,18892.8698,18.4031,17.8377,0.5654,19.6671,1.4988,1.4988,0.0000,NA,NA,NA
ExperienceX.exe,56308,0x216838E1150,DXGI,1,0,0,Composed: Flip,18926.6881,NA,15.98060000000000,NA,0.19420000000000,1.58970000000000,NA,18911.2729,15.6094,15.4152,0.1942,16.4993,0.5056,0.5056,0.0000,NA,NA,NA
ExperienceX.exe,56308,0x216C829D570,DXGI,1,0,0,Composed: Flip,18926.6239,NA,15.50090000000000,16.61970000000000,0.12860000000000,1.14830000000000,32.4860,18911.2724,15.4801,15.3515,0.1286,15.5224,0.9774,0.9774,0.0000,1.7828,18911.2724,NA
ExperienceX.exe,56308,0x216C829D570,DXGI,1,0,0,Composed: Flip,18944.4637,NA,17.83980000000000,NA,0.29310000000000,4.74030000000000,NA,18926.7525,18.0043,17.7112,0.2931,21.9648,0.4867,0.4810,0.0057,NA,NA,NA
ExperienceX.exe,56308,0x216C7EA03E0,DXGI,1,0,0,Composed: Flip,18859.8832,NA,16.09250000000000,16.65720000000000,0.30710000000000,2.59240000000000,32.5368,18845.5822,14.6081,14.3010,0.3071,16.3863,0.5071,0.5071,0.0000,1.2830,18845.5822,NA
ExperienceX.exe,56308,0x216C7EA03E0,DXGI,1,0,0,Composed: Flip,18876.9584,NA,17.07520000000000,NA,0.16560000000000,3.86180000000000,NA,18860.1903,16.9337,16.7681,0.1656,20.1323,0.4976,0.4976,0.0000,NA,NA,NA
ExperienceX.exe,56308,0x216C7EA03E0,DXGI,1,0,0,Composed: Flip,18892.6758,NA,15.71740000000000,NA,0.09930000000000,1.82420000000000,NA,18877.1240,15.6511,15.5518,0.0993,16.8244,0.5516,0.5420,0.0096,NA,NA,NA
ExperienceX.exe,56308,0x216C7EA03E0,DXGI,1,0,0,Composed: Flip,18911.3576,NA,18.68180000000000,NA,0.23480000000000,1.17930000000000,NA,18892.7751,18.8173,18.5825,0.2348,17.5402,2.2216,2.2216,0.0000,NA,NA,NA
ExperienceX.exe,56308,0x216C7EA03E0,DXGI,1,0,0,Composed: Flip,18926.6037,NA,15.24610000000000,NA,0.08200000000000,2.19620000000000,NA,18911.5924,15.0933,15.0113,0.0820,16.6854,0.5221,0.5152,0.0069,NA,NA,NA
ExperienceX.exe,56308,0x216C7EA03E0,DXGI,1,0,0,Composed: Flip,18943.9739,NA,17.37020000000000,NA,0.11540000000000,4.74340000000000,NA,18926.6857,17.4036,17.2882,0.1154,19.7185,2.3131,2.3131,0.0000,NA,NA,NA
ExperienceX.exe,56308,0x216C7EA03E0,DXGI,1,0,0,Composed: Flip,18959.3313,NA,15.35740000000000,NA,0.14950000000000,1.24670000000000,NA,18944.0893,15.3915,15.2420,0.1495,16.0228,0.4659,0.4659,0.0000,NA,NA,NA
ExperienceX.exe,56308,0x216C829D570,DXGI,1,0,0,Composed: Flip,18959.3174,NA,14.85370000000000,33.50730000000000,0.12840000000000,0.79470000000000,33.2998,18944.7568,14.6890,14.5606,0.1284,14.7271,0.6282,0.6282,0.0000,-0.0229,18944.7568,NA
ExperienceX.exe,56308,0x216C829D570,DXGI,1,0,0,Composed: Flip,18976.6850,NA,17.36760000000000,NA,0.25810000000000,5.26590000000000,NA,18959.4458,17.4973,17.2392,0.2581,21.9932,0.5119,0.5055,0.0064,NA,NA,NA
ExperienceX.exe,56308,0x216C829D570,DXGI,1,0,0,Composed: Flip,18993.3362,NA,16.65120000000000,33.43200000000000,0.36110000000000,1.77200000000000,32.7130,18976.9431,16.7542,16.3931,0.3611,17.6819,0.4832,0.4832,0.0000,-1.2457,18976.9431,NA
ExperienceX.exe,56308,0x216838E1150,DXGI,1,0,0,Composed: Flip,18944.3856,NA,17.69750000000000,149.72390000000001,0.05990000000000,2.01860000000000,31.3409,18926.8823,17.5632,17.5033,0.0599,16.7869,2.7350,2.7350,0.0000,-0.1400,18926.8823,NA
ExperienceX.exe,56308,0x216838E1150,DXGI,1,0,0,Composed: Flip,18959.3173,NA,14.93170000000000,NA,0.12840000000000,1.80180000000000,NA,18944.4455,15.0002,14.8718,0.1284,16.1325,0.5411,0.5353,0.0058,NA,NA,NA
ExperienceX.exe,56308,0x216838E1150,DXGI,1,0,0,Composed: Flip,18977.0059,NA,17.68860000000000,NA,0.05900000000000,4.43310000000000,NA,18959.4457,17.6192,17.5602,0.0590,21.4899,0.5034,0.5034,0.0000,NA,NA,NA
ExperienceX.exe,56308,0x216838E1150,DXGI,1,0,0,Composed: Flip,18993.3431,NA,16.33720000000000,NA,0.33790000000000,2.29460000000000,NA,18977.0649,16.6161,16.2782,0.3379,18.0433,0.5295,0.5191,0.0104,NA,NA,NA
ExperienceX.exe,56308,0x216838E1150,DXGI,1,0,0,Composed: Flip,19010.6657,NA,17.32260000000000,NA,0.52880000000000,3.92290000000000,NA,18993.6810,17.5135,16.9847,0.5288,20.4041,0.5035,0.4993,0.0042,NA,NA,NA
ExperienceX.exe,56308,0x216C829D570,DXGI,1,0,0,Composed: Flip,19010.6630,NA,17.32680000000000,16.43330000000000,0.58090000000000,2.91730000000000,31.8195,18993.6973,17.5466,16.9657,0.5809,16.6418,3.2412,3.2412,0.0000,0.3209,18993.6973,NA
ExperienceX.exe,56308,0x216C829D570,DXGI,1,0,0,Composed: Flip,19026.7112,NA,16.04820000000000,NA,0.24230000000000,1.64960000000000,NA,19011.2439,15.7096,15.4673,0.2423,16.5978,0.5191,0.5105,0.0086,NA,NA,NA
ExperienceX.exe,56308,0x216C7EA03E0,DXGI,1,0,0,Composed: Flip,18977.0020,NA,17.67070000000000,116.67870000000001,0.07200000000000,3.93360000000000,32.0967,18959.4808,17.5932,17.5212,0.0720,16.9593,4.4955,4.4955,0.0000,-2.7801,18959.4808,NA
ExperienceX.exe,56308,0x216C7EA03E0,DXGI,1,0,0,Composed: Flip,18993.3369,NA,16.33490000000000,NA,0.34570000000000,1.28810000000000,NA,18977.0740,16.6086,16.2629,0.3457,16.5576,0.9934,0.9934,0.0000,NA,NA,NA
ExperienceX.exe,56308,0x216C7EA03E0,DXGI,1,0,0,Composed: Flip,19010.9984,NA,17.66150000000000,NA,0.18580000000000,3.08670000000000,NA,18993.6826,17.5016,17.3158,0.1858,19.8977,0.5048,0.5048,0.0000,NA,NA,NA
ExperienceX.exe,56308,0x216C7EA03E0,DXGI,1,0,0,Composed: Flip,19026.7099,NA,15.71150000000000,NA,0.24650000000000,1.13180000000000,NA,19011.1842,15.7722,15.5257,0.2465,16.1412,0.5163,0.5163,0.0000,NA,NA,NA
ExperienceX.exe,56308,0x216C7EA03E0,DXGI,1,0,0,Composed: Flip,19043.4435,NA,16.73360000000000,NA,0.18540000000000,4.18370000000000,NA,19026.9564,16.6725,16.4871,0.1854,19.1585,1.5123,1.5123,0.0000,NA,NA,NA
ExperienceX.exe,56308,0x216838E1150,DXGI,1,0,0,Composed: Flip,19026.6518,NA,15.98610000000000,83.42750000000001,0.04380000000000,0.67360000000000,32.5022,19011.1945,15.5011,15.4573,0.0438,15.5095,0.6214,0.6214,0.0000,0.8847,19011.1945,NA
ExperienceX.exe,56308,0x216838E1150,DXGI,1,0,0,Composed: Flip,19043.5036,NA,16.85180000000000,NA,0.91400000000000,2.61130000000000,NA,19026.6956,17.7220,16.8080,0.9140,17.1961,2.2232,2.2232,0.0000,NA,NA,NA
ExperienceX.exe,56308,0x216838E1150,DXGI,1,0,0,Composed: Flip,19059.4943,NA,15.99070000000000,NA,0.13760000000000,1.79050000000000,NA,19044.4176,15.2143,15.0767,0.1376,16.3769,0.4903,0.4877,0.0026,NA,NA,NA
ExperienceX.exe,56308,0x0,Other,-1,0,0,Composed: Flip,18576.5873,NA,66.54300000000001,66.91750000000000,0.00000000000000,5.81160000000000,32.7324,18510.0443,66.5430,66.5430,0.0000,66.2647,6.0899,6.0899,0.0000,132.4443,18510.0443,NA
ExperienceX.exe,56308,0x0,Other,-1,0,0,Composed: Flip,18659.6715,NA,83.08420000000001,NA,0.00000000000000,0.85740000000000,NA,18576.5873,83.0842,83.0842,0.0000,83.4280,0.5136,0.5136,0.0000,NA,NA,NA
ExperienceX.exe,56308,0x0,Other,-1,0,0,Composed: Flip,18793.5829,NA,133.91140000000001,NA,0.00000000000000,1.32050000000000,NA,18659.6715,133.9114,133.9114,0.0000,134.9921,0.2398,0.2262,0.0136,NA,NA,NA
ExperienceX.exe,56308,0x216838E1150,DXGI,1,0,0,Composed: Flip,19076.2443,NA,16.75000000000000,49.88700000000000,0.13440000000000,5.30800000000000,32.7967,19059.6319,16.7468,16.6124,0.1344,16.7456,5.1748,5.1748,0.0000,-1.4496,19059.6319,NA
ExperienceX.exe,56308,0x216838E1150,DXGI,1,0,0,Composed: Flip,19092.6813,NA,16.43700000000000,NA,0.14040000000000,1.21260000000000,NA,19076.3787,16.4430,16.3026,0.1404,17.2652,0.2500,0.2500,0.0000,NA,NA,NA
ExperienceX.exe,56308,0x216838E1150,DXGI,1,0,0,Composed: Flip,19110.0583,NA,17.37700000000000,33.36440000000000,0.06160000000000,2.24810000000000,32.3471,19092.8217,17.2982,17.2366,0.0616,16.8611,2.6236,2.6236,0.0000,-0.1746,19092.8217,NA
ExperienceX.exe,56308,0x216838E1150,DXGI,1,0,0,Composed: Flip,19126.0993,NA,16.04100000000000,16.67890000000000,0.16010000000000,1.48710000000000,32.9850,19110.1199,16.1395,15.9794,0.1601,16.7276,0.7389,0.7389,0.0000,0.6193,19110.1199,NA
ExperienceX.exe,56308,0x216C829D570,DXGI,1,0,0,Composed: Flip,19043.4433,NA,16.73210000000000,33.22660000000000,0.16760000000000,6.95500000000000,32.2658,19026.9535,16.6574,16.4898,0.1676,20.6737,2.7711,2.7639,0.0072,0.0296,19026.9535,NA
ExperienceX.exe,56308,0x216C829D570,DXGI,1,0,0,Composed: Flip,19059.4939,NA,16.05060000000000,NA,0.13800000000000,0.77800000000000,NA,19043.6109,16.0210,15.8830,0.1380,16.0266,0.6344,0.6344,0.0000,NA,NA,NA
ExperienceX.exe,56308,0x216C829D570,DXGI,1,0,0,Composed: Flip,19076.2452,NA,16.75130000000000,NA,0.59890000000000,5.49520000000000,NA,19059.6319,17.2122,16.6133,0.5989,21.9240,0.1845,0.1800,0.0045,NA,NA,NA
ExperienceX.exe,56308,0x216C829D570,DXGI,1,0,0,Composed: Flip,19092.6811,NA,16.43590000000000,NA,0.14060000000000,1.73530000000000,NA,19076.8441,15.9776,15.8370,0.1406,17.0498,0.5225,0.5152,0.0073,NA,NA,NA
ExperienceX.exe,56308,0x216C829D570,DXGI,1,0,0,Composed: Flip,19109.5238,NA,16.84270000000000,NA,0.47120000000000,6.22690000000000,NA,19092.8217,17.1733,16.7021,0.4712,19.9577,2.9713,2.9657,0.0056,NA,NA,NA
ExperienceX.exe,56308,0x216C829D570,DXGI,1,0,0,Composed: Flip,19126.0992,NA,16.57540000000000,NA,0.16020000000000,0.74830000000000,NA,19109.9950,16.2644,16.1042,0.1602,16.2602,0.5923,0.5923,0.0000,NA,NA,NA
ExperienceX.exe,56308,0x216C829D570,DXGI,1,0,0,Composed: Flip,19143.9703,NA,17.87110000000000,NA,0.55240000000000,1.55790000000000,NA,19126.2594,18.2633,17.7109,0.5524,17.1362,2.1326,2.1326,0.0000,NA,NA,NA
ExperienceX.exe,56308,0x216838E1150,DXGI,1,0,0,Composed: Flip,19143.4582,NA,17.35890000000000,16.75100000000000,0.24970000000000,4.77840000000000,32.3771,19126.2594,17.4485,17.1988,0.2497,19.2688,2.7084,2.7084,0.0000,-0.6115,19126.2594,NA
ExperienceX.exe,56308,0x216838E1150,DXGI,1,0,0,Composed: Flip,19159.4111,NA,15.95290000000000,NA,0.19680000000000,0.80880000000000,NA,19143.7079,15.9000,15.7032,0.1968,15.9212,0.5908,0.5908,0.0000,NA,NA,NA
ExperienceX.exe,56308,0x216C829D570,DXGI,1,0,0,Composed: Flip,19159.4112,NA,15.44090000000000,116.68030000000000,0.19680000000000,1.83660000000000,32.9782,19144.5227,15.0853,14.8885,0.1968,16.2021,0.5230,0.5172,0.0058,0.8889,19144.5227,NA
ExperienceX.exe,56308,0x216C829D570,DXGI,1,0,0,Composed: Flip,19177.0792,NA,17.66800000000000,NA,0.34120000000000,5.71960000000000,NA,19159.6080,17.8124,17.4712,0.3412,20.1847,3.0061,3.0001,0.0060,NA,NA,NA
ExperienceX.exe,56308,0x216C829D570,DXGI,1,0,0,Composed: Flip,19192.6008,NA,15.52160000000000,33.37070000000000,0.11440000000000,1.17380000000000,33.1593,19177.4204,15.2948,15.1804,0.1144,15.8550,0.4992,0.4992,0.0000,-0.4730,19177.4204,NA
ExperienceX.exe,56308,0x216C829D570,DXGI,1,0,0,Composed: Flip,19211.3636,NA,18.76280000000000,16.88830000000000,0.08020000000000,1.55840000000000,31.2848,19192.7152,18.7286,18.6484,0.0802,17.5622,2.6446,2.6446,0.0000,-1.5935,19192.7152,NA
ExperienceX.exe,56308,0x216838E1150,DXGI,1,0,0,Composed: Flip,19177.2770,NA,17.86590000000000,33.34040000000000,0.19470000000000,2.02930000000000,31.8987,19159.6079,17.8638,17.6691,0.1947,17.0858,2.6126,2.6126,0.0000,0.0081,19159.6079,NA
ExperienceX.exe,56308,0x216838E1150,DXGI,1,0,0,Composed: Flip,19192.6005,NA,15.32350000000000,NA,0.11470000000000,0.67490000000000,NA,19177.4717,15.2435,15.1288,0.1147,15.2473,0.5564,0.5564,0.0000,NA,NA,NA
ExperienceX.exe,56308,0x216838E1150,DXGI,1,0,0,Composed: Flip,19211.2638,NA,18.66330000000000,NA,0.09810000000000,3.21410000000000,NA,19192.7152,18.6467,18.5486,0.0981,20.6844,1.0783,1.0687,0.0096,NA,NA,NA
ExperienceX.exe,56308,0x216838E1150,DXGI,1,0,0,Composed: Flip,19226.1263,NA,14.86250000000000,NA,0.15260000000000,0.81970000000000,NA,19211.3619,14.9170,14.7644,0.1526,14.9842,0.5999,0.5999,0.0000,NA,NA,NA
ExperienceX.exe,56308,0x216C829D570,DXGI,1,0,0,Composed: Flip,19226.1324,NA,14.76880000000000,16.50660000000000,0.25470000000000,1.28760000000000,33.0226,19211.4438,14.9433,14.6886,0.2547,15.5022,0.4740,0.4740,0.0000,2.2220,19211.4438,NA
ExperienceX.exe,56308,0x216C829D570,DXGI,1,0,0,Composed: Flip,19244.2316,NA,18.09920000000000,NA,0.22140000000000,2.43450000000000,NA,19226.3871,18.0659,17.8445,0.2214,19.7985,0.4805,0.4805,0.0000,NA,NA,NA
ExperienceX.exe,56308,0x216838E1150,DXGI,1,0,0,Composed: Flip,19243.3110,NA,17.18470000000000,66.54550000000000,0.08590000000000,2.87460000000000,32.4102,19226.2789,17.1180,17.0321,0.0859,17.3079,2.5988,2.5988,0.0000,0.1255,19226.2789,NA
ExperienceX.exe,56308,0x216C7EA03E0,DXGI,1,0,0,Composed: Flip,19059.4930,NA,16.04950000000000,83.32430000000001,0.13890000000000,1.30150000000000,32.9300,19043.6289,16.0030,15.8641,0.1389,16.6430,0.5226,0.5226,0.0000,0.8238,19043.6289,NA
ExperienceX.exe,56308,0x216C7EA03E0,DXGI,1,0,0,Composed: Flip,19076.6264,NA,17.13340000000000,NA,0.53090000000000,4.92950000000000,NA,19059.6319,17.5254,16.9945,0.5309,21.9204,0.0036,0.0036,0.0000,NA,NA,NA
ExperienceX.exe,56308,0x216C7EA03E0,DXGI,1,0,0,Composed: Flip,19109.5237,NA,32.89730000000000,NA,0.15210000000000,3.25570000000000,NA,19077.1573,32.5185,32.3664,0.1521,35.1491,0.4730,0.4730,0.0000,NA,NA,NA
ExperienceX.exe,56308,0x216C7EA03E0,DXGI,1,0,0,Composed: Flip,19126.0994,NA,16.57570000000000,NA,0.16000000000000,1.74010000000000,NA,19109.6758,16.5836,16.4236,0.1600,17.9106,0.2531,0.2471,0.0060,NA,NA,NA
ExperienceX.exe,56308,0x216C7EA03E0,DXGI,1,0,0,Composed: Flip,19144.1176,NA,18.01820000000000,NA,0.08760000000000,4.60320000000000,NA,19126.2594,17.9458,17.8582,0.0876,21.9772,0.4842,0.4779,0.0063,NA,NA,NA
ExperienceX.exe,56308,0x216C7EA03E0,DXGI,1,0,0,Composed: Flip,19159.4131,NA,15.29550000000000,NA,0.19590000000000,1.31170000000000,NA,19144.2052,15.4038,15.2079,0.1959,16.0147,0.5049,0.5049,0.0000,NA,NA,NA
ExperienceX.exe,56308,0x216C7EA03E0,DXGI,1,0,0,Composed: Flip,19177.1007,NA,17.68760000000000,NA,0.41760000000000,2.69200000000000,NA,19159.6090,17.9093,17.4917,0.4176,19.6973,0.4864,0.4864,0.0000,NA,NA,NA
ExperienceX.exe,56308,0x216C7EA03E0,DXGI,1,0,0,Composed: Flip,19192.6007,NA,15.50000000000000,NA,0.11470000000000,1.80450000000000,NA,19177.5183,15.1971,15.0824,0.1147,16.2563,0.6306,0.6249,0.0057,NA,NA,NA
ExperienceX.exe,56308,0x216C7EA03E0,DXGI,1,0,0,Composed: Flip,19210.9155,NA,18.31480000000000,NA,0.20930000000000,2.48410000000000,NA,19192.7154,18.4094,18.2001,0.2093,20.2066,0.4776,0.4776,0.0000,NA,NA,NA
ExperienceX.exe,56308,0x216C7EA03E0,DXGI,1,0,0,Composed: Flip,19226.1333,NA,15.21780000000000,NA,0.25370000000000,1.79680000000000,NA,19211.1248,15.2622,15.0085,0.2537,16.2952,0.5101,0.5025,0.0076,NA,NA,NA
ExperienceX.exe,56308,0x216C7EA03E0,DXGI,1,0,0,Composed: Flip,19244.3328,NA,18.19950000000000,NA,0.17980000000000,6.10010000000000,NA,19226.3870,18.1256,17.9458,0.1798,20.2791,3.7668,3.7612,0.0056,NA,NA,NA
ExperienceX.exe,56308,0x216C7EA03E0,DXGI,1,0,0,Composed: Flip,19276.6733,NA,32.34050000000000,NA,0.09020000000000,5.17510000000000,NA,19244.5126,32.2509,32.1607,0.0902,36.8451,0.4907,0.4907,0.0000,NA,NA,NA
ExperienceX.exe,56308,0x216C7EA03E0,DXGI,1,0,0,Composed: Flip,19292.6040,NA,15.93070000000000,233.35030000000000,0.13630000000000,0.69600000000000,33.1693,19276.7635,15.9768,15.8405,0.1363,15.9696,0.5669,0.5669,0.0000,-0.2157,19276.7635,NA
ExperienceX.exe,56308,0x216C7EA03E0,DXGI,1,0,0,Composed: Flip,19310.2735,NA,17.66950000000000,16.60220000000000,0.07930000000000,2.13180000000000,32.1020,19292.7403,17.6125,17.5332,0.0793,17.0585,2.6065,2.6065,0.0000,-0.6254,19292.7403,NA
ExperienceX.exe,56308,0x216C7EA03E0,DXGI,1,0,0,Composed: Flip,19326.0752,NA,15.80170000000000,16.70390000000000,0.14280000000000,1.75870000000000,33.0042,19310.3528,15.8652,15.7224,0.1428,16.9914,0.4897,0.4845,0.0052,0.9086,19310.3528,NA
ExperienceX.exe,56308,0x216838E1150,DXGI,1,0,0,Composed: Flip,19276.6724,NA,33.36140000000000,33.40470000000000,0.08620000000000,4.68530000000000,32.4535,19243.3969,33.3617,33.2755,0.0862,32.9089,5.0519,5.0519,0.0000,-16.2867,19243.3969,NA
ExperienceX.exe,56308,0x216838E1150,DXGI,1,0,0,Composed: Flip,19310.0289,NA,33.35650000000000,NA,0.32350000000000,5.85820000000000,NA,19276.7586,33.5938,33.2703,0.3235,36.1236,3.0049,2.9946,0.0103,NA,NA,NA
ExperienceX.exe,56308,0x216838E1150,DXGI,1,0,0,Composed: Flip,19326.0713,NA,16.04240000000000,NA,0.14560000000000,0.77110000000000,NA,19310.3524,15.8645,15.7189,0.1456,15.9133,0.5767,0.5767,0.0000,NA,NA,NA
ExperienceX.exe,56308,0x216838E1150,DXGI,1,0,0,Composed: Flip,19343.8638,NA,17.79250000000000,NA,0.06110000000000,4.30200000000000,NA,19326.2169,17.7080,17.6469,0.0611,21.5028,0.4461,0.4461,0.0000,NA,NA,NA
ExperienceX.exe,56308,0x216C829D570,DXGI,1,0,0,Composed: Flip,19259.5282,NA,15.29660000000000,33.22600000000000,0.23320000000000,0.75780000000000,32.8528,19244.4530,15.3084,15.0752,0.2332,15.2261,0.6069,0.6069,0.0000,-0.2168,19244.4530,NA
ExperienceX.exe,56308,0x216C829D570,DXGI,1,0,0,Composed: Flip,19276.7412,NA,17.21300000000000,NA,0.18530000000000,5.59890000000000,NA,19259.7614,17.1651,16.9798,0.1853,22.0870,0.4917,0.4871,0.0046,NA,NA,NA
ExperienceX.exe,56308,0x216C829D570,DXGI,1,0,0,Composed: Flip,19292.6039,NA,15.86270000000000,NA,0.13980000000000,1.70950000000000,NA,19276.9265,15.8172,15.6774,0.1398,16.8780,0.5089,0.5029,0.0060,NA,NA,NA
ExperienceX.exe,56308,0x216C829D570,DXGI,1,0,0,Composed: Flip,19310.2840,NA,17.68010000000000,NA,0.06850000000000,2.59820000000000,NA,19292.7437,17.6088,17.5403,0.0685,19.6616,0.4769,0.4769,0.0000,NA,NA,NA
ExperienceX.exe,56308,0x216C829D570,DXGI,1,0,0,Composed: Flip,19326.0723,NA,15.78830000000000,NA,0.14490000000000,1.27190000000000,NA,19310.3525,15.8647,15.7198,0.1449,16.4899,0.5018,0.5018,0.0000,NA,NA,NA
ExperienceX.exe,56308,0x216C829D570,DXGI,1,0,0,Composed: Flip,19343.5701,NA,17.49780000000000,NA,0.17320000000000,5.07670000000000,NA,19326.2172,17.5261,17.3529,0.1732,21.9486,0.4810,0.4759,0.0051,NA,NA,NA
ExperienceX.exe,56308,0x216C829D570,DXGI,1,0,0,Composed: Flip,19359.3961,NA,15.82600000000000,NA,0.04210000000000,1.88800000000000,NA,19343.7433,15.6949,15.6528,0.0421,17.2581,0.2827,0.2827,0.0000,NA,NA,NA
ExperienceX.exe,56308,0x216838E1150,DXGI,1,0,0,Composed: Flip,19359.4574,NA,15.59360000000000,83.49520000000000,0.25040000000000,3.41880000000000,33.1637,19343.9249,15.7829,15.5325,0.2504,17.3592,1.5921,1.5874,0.0047,17.0328,19343.9249,NA
ExperienceX.exe,56308,0x216838E1150,DXGI,1,0,0,Composed: Flip,19377.4578,NA,18.00040000000000,NA,0.46560000000000,3.70710000000000,NA,19359.7078,18.2156,17.7500,0.4656,21.0172,0.4399,0.4399,0.0000,NA,NA,NA
ExperienceX.exe,56308,0x216838E1150,DXGI,1,0,0,Composed: Flip,19393.0035,NA,15.54570000000000,33.19320000000000,0.06040000000000,0.66100000000000,32.8108,19377.9234,15.1405,15.0801,0.0604,3.2415,12.4996,0.8243,11.6753,0.8053,19377.9234,NA
ExperienceX.exe,56308,0x216838E1150,DXGI,1,0,0,Composed: Flip,19411.3913,NA,18.38780000000000,16.58240000000000,0.32150000000000,3.62670000000000,31.0054,19393.0639,18.6489,18.3274,0.3215,21.4376,0.5165,0.5165,0.0000,-1.4419,19393.0639,NA
ExperienceX.exe,56308,0x216C829D570,DXGI,1,0,0,Composed: Flip,19377.6335,NA,18.23740000000000,116.82280000000000,0.17780000000000,2.58200000000000,31.5703,19359.4382,18.3731,18.1953,0.1778,17.6488,3.1285,3.1285,0.0000,-1.8376,19359.4382,NA
ExperienceX.exe,56308,0x216C829D570,DXGI,1,0,0,Composed: Flip,19393.0419,NA,15.40840000000000,NA,0.18830000000000,1.65810000000000,NA,19377.8113,15.4189,15.2306,0.1883,16.3836,0.5051,0.4945,0.0106,NA,NA,NA
ExperienceX.exe,56308,0x216C829D570,DXGI,1,0,0,Composed: Flip,19410.4567,NA,17.41480000000000,NA,0.22050000000000,2.60030000000000,NA,19393.2302,17.4470,17.2265,0.2205,17.6412,2.1856,2.1856,0.0000,NA,NA,NA
ExperienceX.exe,56308,0x216C829D570,DXGI,1,0,0,Composed: Flip,19426.0851,NA,15.62840000000000,NA,0.11600000000000,2.31900000000000,NA,19410.6772,15.5239,15.4079,0.1160,17.2009,0.5260,0.5178,0.0082,NA,NA,NA
ExperienceX.exe,56308,0x216C7EA03E0,DXGI,1,0,0,Composed: Flip,19343.6084,NA,17.53320000000000,16.67010000000000,0.29660000000000,4.11130000000000,32.1411,19326.2180,17.6870,17.3904,0.2966,17.1445,4.3572,4.3572,0.0000,-0.8049,19326.2180,NA
ExperienceX.exe,56308,0x216C7EA03E0,DXGI,1,0,0,Composed: Flip,19359.4594,NA,15.85100000000000,NA,0.24820000000000,1.54200000000000,NA,19343.9050,15.8026,15.5544,0.2482,15.5380,1.5584,1.5584,0.0000,NA,NA,NA
ExperienceX.exe,56308,0x216C7EA03E0,DXGI,1,0,0,Composed: Flip,19377.9919,NA,18.53250000000000,NA,0.22570000000000,2.73310000000000,NA,19359.7076,18.5100,18.2843,0.2257,20.5079,0.5095,0.5095,0.0000,NA,NA,NA
ExperienceX.exe,56308,0x216C7EA03E0,DXGI,1,0,0,Composed: Flip,19393.0421,NA,15.05020000000000,NA,0.18800000000000,1.15280000000000,NA,19378.2176,15.0125,14.8245,0.1880,15.4469,0.5304,0.5304,0.0000,NA,NA,NA
ExperienceX.exe,56308,0x216C7EA03E0,DXGI,1,0,0,Composed: Flip,19411.2982,NA,18.25610000000000,NA,0.14510000000000,3.20330000000000,NA,19393.2301,18.2132,18.0681,0.1451,19.8269,1.4445,1.4445,0.0000,NA,NA,NA
ExperienceX.exe,56308,0x216C7EA03E0,DXGI,1,0,0,Composed: Flip,19426.0847,NA,14.78650000000000,NA,0.11590000000000,1.79340000000000,NA,19411.4433,14.7573,14.6414,0.1159,15.9418,0.4930,0.4930,0.0000,NA,NA,NA
ExperienceX.exe,56308,0x216C7EA03E0,DXGI,1,0,0,Composed: Flip,19442.9352,NA,16.85050000000000,NA,0.17450000000000,2.58710000000000,NA,19426.2006,16.9091,16.7346,0.1745,17.1934,2.1283,2.1283,0.0000,NA,NA,NA
ExperienceX.exe,56308,0x216C7EA03E0,DXGI,1,0,0,Composed: Flip,19459.7770,NA,16.84180000000000,116.65980000000000,0.13930000000000,1.76870000000000,32.6323,19443.1097,16.8066,16.6673,0.1393,17.9205,0.5155,0.5030,0.0125,0.2319,19443.1097,NA
ExperienceX.exe,56308,0x216C829D570,DXGI,1,0,0,Composed: Flip,19442.9356,NA,16.85050000000000,66.51230000000000,0.17320000000000,6.02830000000000,32.7805,19426.2011,16.9077,16.7345,0.1732,19.3212,3.4416,3.4416,0.0000,0.2506,19426.2011,NA
ExperienceX.exe,56308,0x216C829D570,DXGI,1,0,0,Composed: Flip,19459.7775,NA,16.84190000000000,NA,0.13880000000000,0.76890000000000,NA,19443.1088,16.8075,16.6687,0.1388,16.8231,0.6145,0.6145,0.0000,NA,NA,NA
ExperienceX.exe,56308,0x216C829D570,DXGI,1,0,0,Composed: Flip,19476.6133,NA,16.83580000000000,NA,0.21080000000000,4.64730000000000,NA,19459.9163,16.9078,16.6970,0.2108,20.8679,0.4764,0.4764,0.0000,NA,NA,NA
ExperienceX.exe,56308,0x216838E1150,DXGI,1,0,0,Composed: Flip,19426.0858,NA,14.69450000000000,16.89240000000000,0.11470000000000,1.29930000000000,33.2033,19411.7128,14.4877,14.3730,0.1147,3.3052,12.3671,2.1677,10.1994,1.7565,19411.7128,NA
ExperienceX.exe,56308,0x216838E1150,DXGI,1,0,0,Composed: Flip,19442.9357,NA,16.84990000000000,NA,0.17590000000000,6.52590000000000,NA,19426.2005,16.9111,16.7352,0.1759,22.7634,0.4977,0.4903,0.0074,NA,NA,NA
ExperienceX.exe,56308,0x216838E1150,DXGI,1,0,0,Composed: Flip,19459.7765,NA,16.84080000000000,NA,0.14030000000000,1.25370000000000,NA,19443.1116,16.8052,16.6649,0.1403,17.4348,0.4838,0.4838,0.0000,NA,NA,NA
ExperienceX.exe,56308,0x216838E1150,DXGI,1,0,0,Composed: Flip,19476.6327,NA,16.85620000000000,NA,0.37840000000000,5.11330000000000,NA,19459.9168,17.0943,16.7159,0.3784,21.3438,0.4854,0.4826,0.0028,NA,NA,NA
ExperienceX.exe,56308,0x216838E1150,DXGI,1,0,0,Composed: Flip,19492.7278,NA,16.09510000000000,NA,0.12610000000000,1.18540000000000,NA,19477.0111,15.8428,15.7167,0.1261,16.4745,0.4276,0.4276,0.0000,NA,NA,NA
ExperienceX.exe,56308,0x216838E1150,DXGI,1,0,0,Composed: Flip,19510.7565,NA,18.02870000000000,83.11360000000001,0.43410000000000,3.65610000000000,31.6462,19492.8539,18.3367,17.9026,0.4341,17.1119,4.4468,4.3736,0.0732,-1.9725,19492.8539,NA
ExperienceX.exe,56308,0x216C829D570,DXGI,1,0,0,Composed: Flip,19492.7280,NA,16.11470000000000,50.12660000000000,0.12570000000000,0.75760000000000,33.1147,19476.8241,16.0296,15.9039,0.1257,16.0312,0.6303,0.6303,0.0000,0.4964,19476.8241,NA
ExperienceX.exe,56308,0x216C829D570,DXGI,1,0,0,Composed: Flip,19510.4827,NA,17.75470000000000,NA,0.96350000000000,4.46750000000000,NA,19492.8537,18.5925,17.6290,0.9635,21.5589,0.5376,0.5376,0.0000,NA,NA,NA
ExperienceX.exe,56308,0x216C829D570,DXGI,1,0,0,Composed: Flip,19526.3656,NA,15.88290000000000,NA,0.31670000000000,1.10920000000000,NA,19511.4462,15.2361,14.9194,0.3167,15.5463,0.4823,0.4823,0.0000,NA,NA,NA
ExperienceX.exe,56308,0x216C7EA03E0,DXGI,1,0,0,Composed: Flip,19476.6595,NA,16.88250000000000,16.71760000000000,0.16290000000000,4.12470000000000,32.4674,19459.9163,16.9061,16.7432,0.1629,16.5336,4.3343,4.3343,0.0000,0.0890,19459.9163,NA
ExperienceX.exe,56308,0x216C7EA03E0,DXGI,1,0,0,Composed: Flip,19492.7484,NA,16.08890000000000,NA,0.15660000000000,1.67060000000000,NA,19476.8224,16.0826,15.9260,0.1566,17.0908,0.5058,0.5011,0.0047,NA,NA,NA
ExperienceX.exe,56308,0x216C7EA03E0,DXGI,1,0,0,Composed: Flip,19510.8338,NA,18.08540000000000,NA,0.33570000000000,4.54890000000000,NA,19492.9050,18.2645,17.9288,0.3357,22.0452,0.4325,0.4284,0.0041,NA,NA,NA
ExperienceX.exe,56308,0x216C7EA03E0,DXGI,1,0,0,Composed: Flip,19526.3655,NA,15.53170000000000,NA,0.31680000000000,1.57360000000000,NA,19511.1695,15.5128,15.1960,0.3168,16.3053,0.4643,0.4588,0.0055,NA,NA,NA
ExperienceX.exe,56308,0x216C7EA03E0,DXGI,1,0,0,Composed: Flip,19543.6844,NA,17.31890000000000,NA,0.11060000000000,4.26040000000000,NA,19526.6823,17.1127,17.0021,0.1106,20.7908,0.4717,0.4717,0.0000,NA,NA,NA
ExperienceX.exe,56308,0x216C829D570,DXGI,1,0,0,Composed: Flip,19543.6897,NA,17.32410000000000,49.87360000000000,0.10730000000000,3.78340000000000,32.0266,19526.6823,17.1147,17.0074,0.1073,16.4722,4.3186,4.3186,0.0000,-0.0154,19526.6823,NA
ExperienceX.exe,56308,0x216C829D570,DXGI,1,0,0,Composed: Flip,19559.6451,NA,15.95540000000000,NA,0.23110000000000,2.16360000000000,NA,19543.7970,16.0792,15.8481,0.2311,17.4912,0.5205,0.5173,0.0032,NA,NA,NA
ExperienceX.exe,56308,0x216838E1150,DXGI,1,0,0,Composed: Flip,19526.2276,NA,15.47110000000000,16.83530000000000,0.08290000000000,0.76490000000000,33.0104,19511.1906,15.1199,15.0370,0.0829,15.1655,0.6364,0.6364,0.0000,1.5014,19511.1906,NA
ExperienceX.exe,56308,0x216838E1150,DXGI,1,0,0,Composed: Flip,19543.6398,NA,17.41220000000000,NA,0.15520000000000,4.88030000000000,NA,19526.3105,17.4845,17.3293,0.1552,21.6343,0.5753,0.5691,0.0062,NA,NA,NA
ExperienceX.exe,56308,0x216838E1150,DXGI,1,0,0,Composed: Flip,19559.6453,NA,16.00550000000000,NA,0.28170000000000,1.64290000000000,NA,19543.7950,16.1320,15.8503,0.2817,16.9952,0.4980,0.4980,0.0000,NA,NA,NA
ExperienceX.exe,56308,0x216838E1150,DXGI,1,0,0,Composed: Flip,19577.4071,NA,17.76180000000000,NA,0.06860000000000,7.14350000000000,NA,19559.9270,17.5487,17.4801,0.0686,22.2339,2.3897,2.3812,0.0085,NA,NA,NA
ExperienceX.exe,56308,0x216C829D570,DXGI,1,0,0,Composed: Flip,19577.3531,NA,17.70800000000000,33.73330000000000,0.15730000000000,4.32440000000000,32.0965,19559.8762,17.6342,17.4769,0.1573,16.9028,4.8985,4.8985,0.0000,-0.5394,19559.8762,NA
ExperienceX.exe,56308,0x216C829D570,DXGI,1,0,0,Composed: Flip,19592.6199,NA,15.26680000000000,NA,0.08670000000000,1.20760000000000,NA,19577.5104,15.1962,15.1095,0.0867,15.9102,0.4069,0.4069,0.0000,NA,NA,NA
ExperienceX.exe,56308,0x216838E1150,DXGI,1,0,0,Composed: Flip,19592.6200,NA,15.21290000000000,66.98370000000000,0.08680000000000,0.80060000000000,33.6017,19577.4757,15.2311,15.1443,0.0868,15.2398,0.7051,0.7051,0.0000,-0.6986,19577.4757,NA
ExperienceX.exe,56308,0x216838E1150,DXGI,1,0,0,Composed: Flip,19610.8905,NA,18.27050000000000,NA,0.27930000000000,5.11560000000000,NA,19592.7068,18.4630,18.1837,0.2793,21.0230,2.2763,2.2634,0.0129,NA,NA,NA
ExperienceX.exe,56308,0x216838E1150,DXGI,1,0,0,Composed: Flip,19626.8784,NA,15.98790000000000,33.00100000000000,0.23420000000000,1.32680000000000,32.3443,19611.1698,15.9428,15.7086,0.2342,16.8117,0.2237,0.2237,0.0000,0.6931,19611.1698,NA
ExperienceX.exe,56308,0x216C829D570,DXGI,1,0,0,Composed: Flip,19610.9308,NA,18.31090000000000,33.13310000000000,0.09040000000000,2.29990000000000,31.6519,19592.7066,18.3146,18.2242,0.0904,17.8967,2.6274,2.6274,0.0000,-0.3027,19592.7066,NA
ExperienceX.exe,56308,0x216C829D570,DXGI,1,0,0,Composed: Flip,19626.8731,NA,15.94230000000000,NA,0.22410000000000,1.80810000000000,NA,19611.0212,16.0760,15.8519,0.2241,17.1840,0.4760,0.4673,0.0087,NA,NA,NA
ExperienceX.exe,56308,0x216C829D570,DXGI,1,0,0,Composed: Flip,19644.6651,NA,17.79200000000000,NA,0.87690000000000,2.27580000000000,NA,19627.0972,18.4448,17.5679,0.8769,17.1884,2.6553,2.6553,0.0000,NA,NA,NA
ExperienceX.exe,56308,0x216838E1150,DXGI,1,0,0,Composed: Flip,19645.3266,NA,18.44820000000000,16.48920000000000,0.21330000000000,2.58070000000000,30.3853,19627.1126,18.4273,18.2140,0.2133,19.8283,0.9664,0.9664,0.0000,-0.5464,19627.1126,NA
ExperienceX.exe,56308,0x216838E1150,DXGI,1,0,0,Composed: Flip,19659.8167,NA,14.49010000000000,NA,0.29240000000000,2.66970000000000,NA,19645.5399,14.5692,14.2768,0.2924,16.9421,0.0044,0.0044,0.0000,NA,NA,NA
ExperienceX.exe,56308,0x216838E1150,DXGI,1,0,0,Composed: Flip,19676.8375,NA,17.02080000000000,33.42420000000000,0.05120000000000,4.62180000000000,32.2986,19660.1091,16.7796,16.7284,0.0512,16.2954,5.0548,5.0548,0.0000,-0.4277,19660.1091,NA
ExperienceX.exe,56308,0x216838E1150,DXGI,1,0,0,Composed: Flip,19692.6866,NA,15.84910000000000,16.63690000000000,0.08400000000000,1.65950000000000,33.0864,19676.8887,15.8819,15.7979,0.0840,16.9521,0.5053,0.5003,0.0050,0.1427,19676.8887,NA
ExperienceX.exe,56308,0x216C7EA03E0,DXGI,1,0,0,Composed: Flip,19559.6455,NA,15.96110000000000,83.26400000000001,0.23080000000000,1.14470000000000,32.7454,19543.7950,16.0813,15.8505,0.2308,16.0536,0.9416,0.9416,0.0000,0.6147,19543.7950,NA
ExperienceX.exe,56308,0x216C7EA03E0,DXGI,1,0,0,Composed: Flip,19577.2916,NA,17.64610000000000,NA,0.10380000000000,4.86930000000000,NA,19559.8763,17.5191,17.4153,0.1038,21.8012,0.4834,0.4834,0.0000,NA,NA,NA
ExperienceX.exe,56308,0x216C7EA03E0,DXGI,1,0,0,Composed: Flip,19592.6198,NA,15.32820000000000,NA,0.08690000000000,1.77780000000000,NA,19577.3954,15.3113,15.2244,0.0869,16.4321,0.5701,0.5634,0.0067,NA,NA,NA
ExperienceX.exe,56308,0x216C7EA03E0,DXGI,1,0,0,Composed: Flip,19611.1933,NA,18.57350000000000,NA,0.36620000000000,2.53650000000000,NA,19592.7067,18.8528,18.4866,0.3662,20.5240,0.4991,0.4991,0.0000,NA,NA,NA
ExperienceX.exe,56308,0x216C7EA03E0,DXGI,1,0,0,Composed: Flip,19626.8730,NA,15.67970000000000,NA,0.22410000000000,1.10850000000000,NA,19611.5595,15.5376,15.3135,0.2241,15.4843,0.9377,0.9377,0.0000,NA,NA,NA
ExperienceX.exe,56308,0x216C7EA03E0,DXGI,1,0,0,Composed: Flip,19646.2233,NA,19.35030000000000,NA,0.06680000000000,2.15480000000000,NA,19627.0971,19.1930,19.1262,0.0668,20.8102,0.4708,0.4708,0.0000,NA,NA,NA
ExperienceX.exe,56308,0x216C7EA03E0,DXGI,1,0,0,Composed: Flip,19659.7917,NA,13.56840000000000,NA,0.24860000000000,2.69940000000000,NA,19646.2901,13.7502,13.5016,0.2486,16.1978,0.0032,0.0032,0.0000,NA,NA,NA
ExperienceX.exe,56308,0x216C7EA03E0,DXGI,1,0,0,Composed: Flip,19676.5734,NA,16.78170000000000,NA,0.15710000000000,5.37040000000000,NA,19660.0403,16.6902,16.5331,0.1571,21.4190,0.4845,0.4845,0.0000,NA,NA,NA
ExperienceX.exe,56308,0x216C7EA03E0,DXGI,1,0,0,Composed: Flip,19692.6864,NA,16.11300000000000,NA,0.08410000000000,0.64950000000000,NA,19676.7305,16.0400,15.9559,0.0841,16.0392,0.5662,0.5662,0.0000,NA,NA,NA
ExperienceX.exe,56308,0x216C7EA03E0,DXGI,1,0,0,Composed: Flip,19710.6085,NA,17.92210000000000,NA,0.20140000000000,2.49880000000000,NA,19692.7705,18.0394,17.8380,0.2014,19.8333,0.5035,0.5035,0.0000,NA,NA,NA
ExperienceX.exe,56308,0x216C829D570,DXGI,1,0,0,Composed: Flip,19659.7919,NA,15.12680000000000,49.79380000000000,0.24830000000000,2.68860000000000,32.5846,19645.5420,14.4982,14.2499,0.2483,2.8361,14.1024,2.9142,11.1882,3.0416,19645.5420,NA
ExperienceX.exe,56308,0x216C829D570,DXGI,1,0,0,Composed: Flip,19676.5638,NA,16.77190000000000,NA,0.21000000000000,5.86610000000000,NA,19660.0402,16.7336,16.5236,0.2100,21.9036,0.4861,0.4810,0.0051,NA,NA,NA
ExperienceX.exe,56308,0x216C829D570,DXGI,1,0,0,Composed: Flip,19692.6865,NA,16.12270000000000,NA,0.08400000000000,1.15430000000000,NA,19676.7738,15.9967,15.9127,0.0840,16.5621,0.5049,0.5049,0.0000,NA,NA,NA
ExperienceX.exe,56308,0x216C829D570,DXGI,1,0,0,Composed: Flip,19710.3173,NA,17.63080000000000,NA,0.41820000000000,5.72890000000000,NA,19692.7705,17.9650,17.5468,0.4182,20.3368,2.9389,2.9335,0.0054,NA,NA,NA
ExperienceX.exe,56308,0x216C829D570,DXGI,1,0,0,Composed: Flip,19726.0274,NA,15.71010000000000,NA,0.15690000000000,1.76600000000000,NA,19710.7355,15.4488,15.2919,0.1569,16.5505,0.5074,0.5002,0.0072,NA,NA,NA
ExperienceX.exe,56308,0x216838E1150,DXGI,1,0,0,Composed: Flip,19710.6062,NA,17.91960000000000,16.93830000000000,0.20380000000000,1.99760000000000,32.1051,19692.7706,18.0394,17.8356,0.2038,17.2263,2.6069,2.6069,0.0000,-1.0564,19692.7706,NA
ExperienceX.exe,56308,0x216838E1150,DXGI,1,0,0,Composed: Flip,19726.0270,NA,15.42080000000000,NA,0.15730000000000,0.78090000000000,NA,19710.8100,15.3743,15.2170,0.1573,15.4072,0.5907,0.5907,0.0000,NA,NA,NA
ExperienceX.exe,56308,0x216838E1150,DXGI,1,0,0,Composed: Flip,19744.8649,NA,18.83790000000000,NA,0.63320000000000,3.05860000000000,NA,19726.1843,19.3138,18.6806,0.6332,20.2906,1.4486,1.4486,0.0000,NA,NA,NA
ExperienceX.exe,56308,0x216838E1150,DXGI,1,0,0,Composed: Flip,19759.4984,NA,14.63350000000000,50.23730000000000,0.21560000000000,1.67210000000000,33.4502,19745.4981,14.2159,14.0003,0.2156,14.8536,0.8188,0.8188,0.0000,2.4902,19745.4981,NA
ExperienceX.exe,56308,0x216838E1150,DXGI,1,0,0,Composed: Flip,19777.6557,NA,18.15730000000000,16.18210000000000,0.72340000000000,3.76060000000000,31.4750,19759.7140,18.6651,17.9417,0.7234,19.5071,2.1952,2.1952,0.0000,-1.9662,19759.7140,NA
ExperienceX.exe,56308,0x216838E1150,DXGI,1,0,0,Composed: Flip,19794.1034,NA,16.44770000000000,16.86590000000000,0.29550000000000,2.49010000000000,31.8932,19778.3791,16.0198,15.7243,0.2955,17.7420,0.4724,0.4724,0.0000,1.7992,19778.3791,NA
ExperienceX.exe,56308,0x216838E1150,DXGI,1,0,0,Composed: Flip,19810.1462,NA,16.04280000000000,16.47560000000000,0.24450000000000,4.29420000000000,32.3260,19794.3989,15.9918,15.7473,0.2445,16.5718,3.4697,3.4697,0.0000,-0.4558,19794.3989,NA
ExperienceX.exe,56308,0x216C7EA03E0,DXGI,1,0,0,Composed: Flip,19726.0269,NA,15.41840000000000,166.74510000000001,0.15820000000000,1.25910000000000,33.1091,19710.8099,15.3752,15.2170,0.1582,15.9980,0.4781,0.4781,0.0000,0.2698,19710.8099,NA
ExperienceX.exe,56308,0x216C7EA03E0,DXGI,1,0,0,Composed: Flip,19743.7623,NA,17.73540000000000,NA,0.21920000000000,2.71260000000000,NA,19726.1851,17.7964,17.5772,0.2192,18.1361,2.1537,2.1537,0.0000,NA,NA,NA
ExperienceX.exe,56308,0x216C7EA03E0,DXGI,1,0,0,Composed: Flip,19759.4955,NA,15.73320000000000,NA,0.23820000000000,2.15180000000000,NA,19743.9815,15.7522,15.5140,0.2382,17.1890,0.4768,0.4705,0.0063,NA,NA,NA
ExperienceX.exe,56308,0x216C7EA03E0,DXGI,1,0,0,Composed: Flip,19778.1202,NA,18.62470000000000,NA,0.35350000000000,1.10090000000000,NA,19759.7337,18.7400,18.3865,0.3535,17.3321,2.1553,2.1553,0.0000,NA,NA,NA
ExperienceX.exe,56308,0x216C7EA03E0,DXGI,1,0,0,Composed: Flip,19794.0651,NA,15.94490000000000,NA,0.33420000000000,3.00860000000000,NA,19778.4737,15.9256,15.5914,0.3342,18.1198,0.4802,0.4731,0.0071,NA,NA,NA
ExperienceX.exe,56308,0x216C7EA03E0,DXGI,1,0,0,Composed: Flip,19810.1513,NA,16.08620000000000,NA,1.02950000000000,4.77880000000000,NA,19794.3993,16.7815,15.7520,1.0295,20.0411,0.4897,0.4897,0.0000,NA,NA,NA
ExperienceX.exe,56308,0x216C7EA03E0,DXGI,1,0,0,Composed: Flip,19826.6483,NA,16.49700000000000,NA,0.26860000000000,2.28520000000000,NA,19811.1808,15.7361,15.4675,0.2686,17.5723,0.1804,0.1732,0.0072,NA,NA,NA
ExperienceX.exe,56308,0x216838E1150,DXGI,1,0,0,Composed: Flip,19826.6845,NA,16.53830000000000,16.67640000000000,0.39950000000000,2.06860000000000,32.4641,19810.3907,16.6933,16.2938,0.3995,17.6414,0.7210,0.7210,0.0000,-0.6846,19810.3907,NA
ExperienceX.exe,56308,0x216838E1150,DXGI,1,0,0,Composed: Flip,19843.8797,NA,17.19520000000000,NA,0.14570000000000,3.31980000000000,NA,19827.0840,16.9414,16.7957,0.1457,19.6305,0.4850,0.4850,0.0000,NA,NA,NA
ExperienceX.exe,56308,0x216C7EA03E0,DXGI,1,0,0,Composed: Flip,19843.2609,NA,16.61260000000000,116.74060000000000,0.83200000000000,3.45360000000000,32.6157,19826.9169,17.1760,16.3440,0.8320,16.6001,3.1975,3.1611,0.0364,-0.6336,19826.9169,NA
ExperienceX.exe,56308,0x216C7EA03E0,DXGI,1,0,0,Composed: Flip,19859.7310,NA,16.47010000000000,NA,0.38420000000000,2.74360000000000,NA,19844.0929,16.0223,15.6381,0.3842,17.8967,0.4850,0.4735,0.0115,NA,NA,NA
ExperienceX.exe,56308,0x0,Other,-1,0,0,Composed: Flip,19093.2253,NA,299.64240000000001,516.45440000000008,0.00000000000000,0.41860000000000,32.5488,18793.5829,299.6424,299.6424,0.0000,299.2412,0.8198,0.8198,0.0000,-232.9158,18793.5829,NA
ExperienceX.exe,56308,0x0,Other,-1,0,0,Composed: Flip,19260.3452,NA,167.11990000000000,NA,0.00000000000000,0.92600000000000,NA,19093.2253,167.1199,167.1199,0.0000,167.6645,0.3814,0.3729,0.0085,NA,NA,NA
ExperienceX.exe,56308,0x0,Other,-1,0,0,Composed: Flip,19259.8596,NA,0.00000000000000,NA,0.00000000000000,1.03020000000000,NA,19260.3452,0.0000,0.0000,0.0000,0.0000,0.6038,0.6038,0.0000,NA,NA,NA
ExperienceX.exe,56308,0x0,Other,-1,0,0,Composed: Flip,19293.1478,NA,33.28820000000000,NA,0.00000000000000,0.65670000000000,NA,19259.8596,33.2882,33.2882,0.0000,33.4404,0.5045,0.5045,0.0000,NA,NA,NA
ExperienceX.exe,56308,0x216838E1150,DXGI,1,0,0,Composed: Flip,19859.7228,NA,15.84310000000000,33.23870000000000,0.31950000000000,2.26680000000000,32.6645,19844.0254,16.0169,15.6974,0.3195,17.4412,0.5230,0.5230,0.0000,0.3960,19844.0254,NA
ExperienceX.exe,56308,0x216838E1150,DXGI,1,0,0,Composed: Flip,19877.5424,NA,17.81960000000000,NA,0.14260000000000,2.89800000000000,NA,19860.0423,17.6427,17.5001,0.1426,19.8957,0.5024,0.5024,0.0000,NA,NA,NA
ExperienceX.exe,56308,0x216838E1150,DXGI,1,0,0,Composed: Flip,19892.6818,NA,15.13940000000000,NA,0.12390000000000,1.22180000000000,NA,19877.6850,15.1207,14.9968,0.1239,15.9156,0.3030,0.3030,0.0000,NA,NA,NA
ExperienceX.exe,56308,0x216C829D570,DXGI,1,0,0,Composed: Flip,19744.8226,NA,18.79520000000000,83.46510000000001,1.42450000000000,3.58800000000000,31.0190,19726.1843,20.0628,18.6383,1.4245,21.7392,0.4871,0.4871,0.0000,-2.8228,19726.1843,NA
ExperienceX.exe,56308,0x216C829D570,DXGI,1,0,0,Composed: Flip,19759.4928,NA,14.67020000000000,NA,0.22140000000000,0.85890000000000,NA,19746.2471,13.4671,13.2457,0.2214,2.1635,11.9411,2.0960,9.8451,NA,NA,NA
ExperienceX.exe,56308,0x216C829D570,DXGI,1,0,0,Composed: Flip,19777.6419,NA,18.14910000000000,NA,0.12600000000000,4.32640000000000,NA,19759.7142,18.0537,17.9277,0.1260,21.7021,0.5520,0.5387,0.0133,NA,NA,NA
ExperienceX.exe,56308,0x216C829D570,DXGI,1,0,0,Composed: Flip,19794.0637,NA,16.42180000000000,NA,0.33450000000000,2.05740000000000,NA,19777.7679,16.6303,16.2958,0.3345,16.6801,1.6731,1.6731,0.0000,NA,NA,NA
ExperienceX.exe,56308,0x216C829D570,DXGI,1,0,0,Composed: Flip,19810.1508,NA,16.08710000000000,NA,0.29930000000000,6.19090000000000,NA,19794.3982,16.0519,15.7526,0.2993,20.5319,1.4116,1.4116,0.0000,NA,NA,NA
ExperienceX.exe,56308,0x216C829D570,DXGI,1,0,0,Composed: Flip,19826.6582,NA,16.50740000000000,NA,0.35710000000000,1.37390000000000,NA,19810.4501,16.5652,16.2081,0.3571,5.8916,11.6904,1.3548,10.3356,NA,NA,NA
ExperienceX.exe,56308,0x216C829D570,DXGI,1,0,0,Composed: Flip,19844.2820,NA,17.62380000000000,NA,0.19850000000000,3.39650000000000,NA,19827.0153,17.4652,17.2667,0.1985,20.1842,0.4790,0.4790,0.0000,NA,NA,NA
ExperienceX.exe,56308,0x216C829D570,DXGI,1,0,0,Composed: Flip,19859.7241,NA,15.44210000000000,NA,0.31820000000000,1.74250000000000,NA,19844.4805,15.5618,15.2436,0.3182,3.1980,13.7881,2.2201,11.5680,NA,NA,NA
ExperienceX.exe,56308,0x216C829D570,DXGI,1,0,0,Composed: Flip,19877.5309,NA,17.80680000000000,NA,0.15410000000000,3.39480000000000,NA,19860.0423,17.6427,17.4886,0.1541,20.3981,0.4853,0.4853,0.0000,NA,NA,NA
ExperienceX.exe,56308,0x216C829D570,DXGI,1,0,0,Composed: Flip,19892.6819,NA,15.15100000000000,NA,0.12370000000000,1.72970000000000,NA,19877.6850,15.1206,14.9969,0.1237,16.2186,0.5080,0.5017,0.0063,NA,NA,NA
ExperienceX.exe,56308,0x216C829D570,DXGI,1,0,0,Composed: Flip,19910.6704,NA,17.98850000000000,NA,0.26120000000000,2.65020000000000,NA,19892.8056,18.1260,17.8648,0.2612,20.0198,0.4952,0.4952,0.0000,NA,NA,NA
ExperienceX.exe,56308,0x216C829D570,DXGI,1,0,0,Composed: Flip,19926.0102,NA,15.33980000000000,183.29540000000000,0.14400000000000,1.55390000000000,33.1268,19910.9316,15.2226,15.0786,0.1440,16.1482,0.4843,0.4843,0.0000,1.4519,19910.9316,NA
ExperienceX.exe,56308,0x216838E1150,DXGI,1,0,0,Composed: Flip,19911.1257,NA,18.44390000000000,50.13580000000000,0.08470000000000,1.69970000000000,31.3974,19892.8057,18.4047,18.3200,0.0847,17.4011,2.6186,2.6186,0.0000,-1.3555,19892.8057,NA
ExperienceX.exe,56308,0x216838E1150,DXGI,1,0,0,Composed: Flip,19925.9872,NA,14.86150000000000,NA,0.10840000000000,1.09260000000000,NA,19911.2104,14.8852,14.7768,0.1084,14.9098,0.9596,0.9596,0.0000,NA,NA,NA
ExperienceX.exe,56308,0x216838E1150,DXGI,1,0,0,Composed: Flip,19944.4055,NA,18.41830000000000,NA,0.11860000000000,3.23070000000000,NA,19926.0956,18.4285,18.3099,0.1186,21.0473,0.4933,0.4933,0.0000,NA,NA,NA
