Application,ProcessID,SwapChainAddress,PresentRuntime,SyncInterval,PresentFlags,AllowsTearing,PresentMode,TimeInMs,MsBetweenSimulationStart,MsBetweenPresents,MsBetweenDisplayChange,MsInPresentAPI,MsRenderPresentLatency,MsUntilDisplayed,CPUStartTimeInMs,MsBetweenAppStart,MsCPUBusy,MsCPUWait,MsGPULatency,MsGPUTime,MsGPUBusy,MsGPUWait,MsAnimationError,AnimationTime,MsFlipDelay
ExperienceX.exe,56308,0x216C7EA03E0,DXGI,1,0,0,Composed: Flip,40.4924,NA,16.19490000000000,NA,0.12320000000000,1.35240000000000,NA,25.0091,15.6065,15.4833,0.1232,16.0169,0.8188,0.8188,0.0000,NA,NA,NA
ExperienceX.exe,56308,0x216C829D570,DXGI,1,0,0,Composed: Flip,40.4923,NA,15.93230000000000,NA,0.12350000000000,0.53370000000000,NA,24.7616,15.8542,15.7307,0.1235,1.4923,14.7721,1.5643,13.2078,NA,NA,NA
ExperienceX.exe,56308,0x216838E1150,DXGI,1,0,0,Composed: Flip,40.7694,NA,16.82670000000000,16.56200000000000,0.09010000000000,1.77580000000000,32.8717,24.0800,16.7795,16.6894,0.0901,17.7648,0.7004,0.7004,0.0000,NA,24.0800,NA
ExperienceX.exe,56308,0x216C7EA03E0,DXGI,1,0,0,Composed: Flip,57.8966,NA,17.40420000000000,NA,0.11100000000000,2.13850000000000,NA,40.6156,17.3920,17.2810,0.1110,19.0912,0.3283,0.3283,0.0000,NA,NA,NA
ExperienceX.exe,56308,0x216C829D570,DXGI,1,0,0,Composed: Flip,58.3613,NA,17.86900000000000,NA,0.17320000000000,1.34550000000000,NA,40.6158,17.9187,17.7455,0.1732,17.7176,1.3734,1.3734,0.0000,NA,NA,NA
ExperienceX.exe,56308,0x216838E1150,DXGI,1,0,0,Composed: Flip,57.5414,NA,16.77200000000000,16.81670000000000,0.18820000000000,0.79200000000000,32.9164,40.8595,16.8701,16.6819,0.1882,1.6857,15.7882,0.9184,14.8698,-0.0372,40.8595,NA
ExperienceX.exe,56308,0x216C829D570,DXGI,1,0,0,Composed: Flip,73.8990,NA,15.53770000000000,NA,0.21380000000000,1.39330000000000,NA,58.5345,15.5783,15.3645,0.2138,16.1944,0.5634,0.5634,0.0000,NA,NA,NA
ExperienceX.exe,56308,0x216C7EA03E0,DXGI,1,0,0,Composed: Flip,73.8923,NA,15.99570000000000,NA,0.17040000000000,0.83660000000000,NA,58.0076,16.0551,15.8847,0.1704,2.0275,14.6938,1.9416,12.7522,NA,NA,NA
ExperienceX.exe,56308,0x216838E1150,DXGI,1,0,0,Composed: Flip,74.2047,NA,16.66330000000000,16.50810000000000,0.06350000000000,1.83360000000000,32.7612,57.7296,16.5386,16.4751,0.0635,17.5627,0.7460,0.7460,0.0000,0.3620,57.7296,NA
ExperienceX.exe,56308,0x216C829D570,DXGI,1,0,0,Composed: Flip,91.1704,NA,17.27140000000000,NA,0.09310000000000,2.70660000000000,NA,74.1128,17.1507,17.0576,0.0931,17.9160,1.8482,1.8482,0.0000,NA,NA,NA
ExperienceX.exe,56308,0x216C7EA03E0,DXGI,1,0,0,Composed: Flip,91.1688,NA,17.27650000000000,NA,0.09270000000000,3.04440000000000,NA,74.0627,17.1988,17.1061,0.0927,19.8143,0.3362,0.3362,0.0000,NA,NA,NA
ExperienceX.exe,56308,0x216838E1150,DXGI,1,0,0,Composed: Flip,90.8380,NA,16.63330000000000,17.04060000000000,0.22810000000000,1.19080000000000,33.1685,74.2682,16.7979,16.5698,0.2281,1.7701,15.9905,1.2444,14.7461,-0.5020,74.2682,NA
ExperienceX.exe,56308,0x216C7EA03E0,DXGI,1,0,0,Composed: Flip,107.2689,NA,16.10010000000000,NA,0.12560000000000,0.99790000000000,NA,91.2615,16.1330,16.0074,0.1256,2.9517,14.0536,1.4093,12.6443,NA,NA,NA
ExperienceX.exe,56308,0x216C829D570,DXGI,1,0,0,Composed: Flip,107.3118,NA,16.14140000000000,NA,0.24040000000000,1.50090000000000,NA,91.2635,16.2887,16.0483,0.2404,17.1566,0.3926,0.3926,0.0000,NA,NA,NA
ExperienceX.exe,56308,0x216838E1150,DXGI,1,0,0,Composed: Flip,108.8577,NA,18.01970000000000,16.65760000000000,0.05480000000000,0.96160000000000,31.8064,91.0661,17.8464,17.7916,0.0548,17.7466,1.0066,1.0066,0.0000,0.1403,91.0661,NA
ExperienceX.exe,56308,0x216C7EA03E0,DXGI,1,0,0,Composed: Flip,126.2067,NA,18.93780000000000,NA,0.17020000000000,1.64790000000000,NA,107.3945,18.9824,18.8122,0.1702,18.8890,1.5711,1.5711,0.0000,NA,NA,NA
ExperienceX.exe,56308,0x216C829D570,DXGI,1,0,0,Composed: Flip,126.4045,NA,19.09270000000000,NA,0.05170000000000,1.86200000000000,NA,107.5522,18.9040,18.8523,0.0517,20.3024,0.4119,0.4119,0.0000,NA,NA,NA
ExperienceX.exe,56308,0x216838E1150,DXGI,1,0,0,Composed: Flip,124.4286,NA,15.57090000000000,16.41010000000000,0.54550000000000,1.85490000000000,32.6456,108.9125,16.0616,15.5161,0.5455,0.9068,16.4642,1.5274,14.9368,1.4363,108.9125,NA
ExperienceX.exe,56308,0x216C829D570,DXGI,1,0,0,Composed: Flip,141.1697,NA,14.76520000000000,NA,0.33940000000000,0.90220000000000,NA,126.4562,15.0529,14.7135,0.3394,1.8103,13.8054,1.0680,12.7374,NA,NA,NA
ExperienceX.exe,56308,0x216C7EA03E0,DXGI,1,0,0,Composed: Flip,141.1559,NA,14.94920000000000,NA,0.30890000000000,1.64670000000000,NA,126.3769,15.0879,14.7790,0.3089,15.6950,0.7307,0.7307,0.0000,NA,NA,NA
ExperienceX.exe,56308,0x216838E1150,DXGI,1,0,0,Composed: Flip,142.1783,NA,17.74970000000000,16.49200000000000,0.06350000000000,1.22450000000000,31.3879,124.9741,17.2677,17.2042,0.0635,17.8285,0.6002,0.6002,0.0000,-0.4304,124.9741,NA
ExperienceX.exe,56308,0x216C7EA03E0,DXGI,1,0,0,Composed: Flip,158.0478,NA,16.89190000000000,NA,0.10480000000000,2.21650000000000,NA,141.4648,16.6878,16.5830,0.1048,17.3549,1.4446,1.4446,0.0000,NA,NA,NA
ExperienceX.exe,56308,0x216C829D570,DXGI,1,0,0,Composed: Flip,158.0453,NA,16.87560000000000,NA,0.11050000000000,2.57960000000000,NA,141.5091,16.6467,16.5362,0.1105,18.7552,0.3606,0.3606,0.0000,NA,NA,NA
ExperienceX.exe,56308,0x216838E1150,DXGI,1,0,0,Composed: Flip,157.5540,NA,15.37570000000000,16.74560000000000,0.28470000000000,1.26570000000000,32.7578,142.2418,15.5969,15.3122,0.2847,1.1610,15.4169,1.7888,13.6281,0.5221,142.2418,NA
ExperienceX.exe,56308,0x216C829D570,DXGI,1,0,0,Composed: Flip,174.0313,NA,15.98600000000000,NA,0.21150000000000,0.94860000000000,NA,158.1558,16.0870,15.8755,0.2115,16.5166,0.3075,0.3075,0.0000,NA,NA,NA
ExperienceX.exe,56308,0x216C7EA03E0,DXGI,1,0,0,Composed: Flip,174.0324,NA,15.98460000000000,NA,0.21260000000000,0.64000000000000,NA,158.1526,16.0924,15.8798,0.2126,2.4723,14.0475,2.1269,11.9206,NA,NA,NA
ExperienceX.exe,56308,0x216838E1150,DXGI,1,0,0,Composed: Flip,175.2153,NA,17.66130000000000,16.65320000000000,0.09640000000000,0.77880000000000,31.7497,157.8387,17.4730,17.3766,0.0964,17.1412,1.0142,1.0142,0.0000,-1.0563,157.8387,NA
ExperienceX.exe,56308,0x216C7EA03E0,DXGI,1,0,0,Composed: Flip,191.5320,NA,17.49960000000000,NA,0.45870000000000,1.98790000000000,NA,174.2450,17.7457,17.2870,0.4587,18.9217,0.3532,0.3532,0.0000,NA,NA,NA
ExperienceX.exe,56308,0x216C829D570,DXGI,1,0,0,Composed: Flip,190.9828,NA,16.95150000000000,NA,0.09530000000000,2.18390000000000,NA,174.2428,16.8353,16.7400,0.0953,17.6799,1.2440,1.2440,0.0000,NA,NA,NA
ExperienceX.exe,56308,0x216838E1150,DXGI,1,0,0,Composed: Flip,190.6200,NA,15.40470000000000,16.73680000000000,0.21210000000000,1.30270000000000,33.0818,175.3117,15.5204,15.3083,0.2121,0.6824,15.9286,1.4101,14.5185,0.7362,175.3117,NA
ExperienceX.exe,56308,0x216C7EA03E0,DXGI,1,0,0,Composed: Flip,207.2269,NA,15.69490000000000,NA,0.16200000000000,0.86630000000000,NA,191.9907,15.3982,15.2362,0.1620,1.5292,14.5733,1.3937,13.1796,NA,NA,NA
ExperienceX.exe,56308,0x216C829D570,DXGI,1,0,0,Composed: Flip,207.2270,NA,16.24420000000000,NA,0.16200000000000,1.26550000000000,NA,191.0781,16.3109,16.1489,0.1620,17.0151,0.3993,0.3993,0.0000,NA,NA,NA
ExperienceX.exe,56308,0x216838E1150,DXGI,1,0,0,Composed: Flip,208.4867,NA,17.86670000000000,16.76850000000000,0.16310000000000,1.01620000000000,31.9836,190.8321,17.8177,17.6546,0.1631,17.6604,1.0104,1.0104,0.0000,-1.2481,190.8321,NA
ExperienceX.exe,56308,0x216C7EA03E0,DXGI,1,0,0,Composed: Flip,224.3946,NA,17.16770000000000,NA,0.39360000000000,2.16870000000000,NA,207.3889,17.3993,17.0057,0.3936,18.8365,0.3379,0.3379,0.0000,NA,NA,NA
ExperienceX.exe,56308,0x216C829D570,DXGI,1,0,0,Composed: Flip,224.3917,NA,17.16470000000000,NA,0.40370000000000,1.83370000000000,NA,207.3890,17.4064,17.0027,0.4037,17.3550,1.4814,1.4814,0.0000,NA,NA,NA
ExperienceX.exe,56308,0x216838E1150,DXGI,1,0,0,Composed: Flip,224.0937,NA,15.60700000000000,16.51800000000000,0.21170000000000,0.65030000000000,32.8946,208.6498,15.6556,15.4439,0.2117,0.8531,15.2411,0.5856,14.6555,1.2997,208.6498,NA
ExperienceX.exe,56308,0x216C7EA03E0,DXGI,1,0,0,Composed: Flip,240.9814,NA,16.58680000000000,NA,0.25750000000000,0.86620000000000,NA,224.7882,16.4507,16.1932,0.2575,1.7751,15.2843,1.6389,13.6454,NA,NA,NA
ExperienceX.exe,56308,0x216C829D570,DXGI,1,0,0,Composed: Flip,240.9813,NA,16.58960000000000,NA,0.25750000000000,1.22600000000000,NA,224.7954,16.4434,16.1859,0.2575,17.0522,0.3597,0.3597,0.0000,NA,NA,NA
ExperienceX.exe,56308,0x216838E1150,DXGI,1,0,0,Composed: Flip,241.2000,NA,17.10630000000000,16.64890000000000,0.09570000000000,2.03510000000000,32.4372,224.3054,16.9903,16.8946,0.0957,17.9019,1.0278,1.0278,0.0000,-0.9933,224.3054,NA
ExperienceX.exe,56308,0x216C7EA03E0,DXGI,1,0,0,Composed: Flip,258.1321,NA,17.15070000000000,NA,0.21920000000000,1.97360000000000,NA,241.2389,17.1124,16.8932,0.2192,18.5396,0.3272,0.3272,0.0000,NA,NA,NA
ExperienceX.exe,56308,0x216C829D570,DXGI,1,0,0,Composed: Flip,257.5186,NA,16.53730000000000,NA,0.43980000000000,2.25990000000000,NA,241.2388,16.7196,16.2798,0.4398,17.3130,1.2267,1.2267,0.0000,NA,NA,NA
ExperienceX.exe,56308,0x216838E1150,DXGI,1,0,0,Composed: Flip,257.2989,NA,16.09890000000000,16.83100000000000,0.26790000000000,1.25290000000000,33.1693,241.2957,16.2711,16.0032,0.2679,1.9394,15.3167,1.1252,14.1915,0.1593,241.2957,NA
ExperienceX.exe,56308,0x216C7EA03E0,DXGI,1,0,0,Composed: Flip,273.9016,NA,15.76950000000000,NA,0.11310000000000,0.90350000000000,NA,258.3513,15.6634,15.5503,0.1131,16.0643,0.3895,0.3895,0.0000,NA,NA,NA
ExperienceX.exe,56308,0x216C829D570,DXGI,1,0,0,Composed: Flip,273.9022,NA,16.38360000000000,NA,0.11270000000000,0.51340000000000,NA,257.9584,16.0565,15.9438,0.1127,2.1473,14.3099,1.2728,13.0371,NA,NA,NA
ExperienceX.exe,56308,0x216838E1150,DXGI,1,0,0,Composed: Flip,274.1440,NA,16.84510000000000,16.63510000000000,0.06430000000000,1.71450000000000,32.9593,257.5668,16.6415,16.5772,0.0643,17.2383,1.0534,1.0534,0.0000,-0.3640,257.5668,NA
ExperienceX.exe,56308,0x216C7EA03E0,DXGI,1,0,0,Composed: Flip,291.9834,NA,18.08180000000000,NA,0.21650000000000,2.28790000000000,NA,274.0147,18.1852,17.9687,0.2165,19.0775,1.1791,1.1791,0.0000,NA,NA,NA
ExperienceX.exe,56308,0x216C829D570,DXGI,1,0,0,Composed: Flip,292.6022,NA,18.70000000000000,NA,0.14830000000000,1.93000000000000,NA,274.0149,18.7356,18.5873,0.1483,20.2564,0.2609,0.2609,0.0000,NA,NA,NA
ExperienceX.exe,56308,0x216838E1150,DXGI,1,0,0,Composed: Flip,291.0310,NA,16.88700000000000,16.62830000000000,0.29540000000000,2.06120000000000,32.7006,274.2083,17.1181,16.8227,0.2954,1.6502,17.2337,1.3454,15.8883,0.0132,274.2083,NA
ExperienceX.exe,56308,0x216C829D570,DXGI,1,0,0,Composed: Flip,307.5370,NA,14.93480000000000,NA,0.23720000000000,1.20000000000000,NA,292.7505,15.0237,14.7865,0.2372,15.5276,0.4589,0.4589,0.0000,NA,NA,NA
ExperienceX.exe,56308,0x216C7EA03E0,DXGI,1,0,0,Composed: Flip,307.5362,NA,15.55280000000000,NA,0.23770000000000,0.74190000000000,NA,292.1999,15.5740,15.3363,0.2377,2.3323,13.7459,1.6651,12.0808,NA,NA,NA
ExperienceX.exe,56308,0x216838E1150,DXGI,1,0,0,Composed: Flip,308.4365,NA,17.40550000000000,16.90300000000000,0.23360000000000,1.36830000000000,32.1981,291.3264,17.3437,17.1101,0.2336,17.4106,1.0678,1.0678,0.0000,0.2151,291.3264,NA
ExperienceX.exe,56308,0x216C7EA03E0,DXGI,1,0,0,Composed: Flip,324.3678,NA,16.83160000000000,NA,0.10540000000000,2.76920000000000,NA,307.7739,16.6993,16.5939,0.1054,19.0021,0.3610,0.3610,0.0000,NA,NA,NA
ExperienceX.exe,56308,0x216C829D570,DXGI,1,0,0,Composed: Flip,324.3692,NA,16.83220000000000,NA,0.10370000000000,2.40680000000000,NA,307.7742,16.6987,16.5950,0.1037,17.9965,1.0053,1.0053,0.0000,NA,NA,NA
ExperienceX.exe,56308,0x216838E1150,DXGI,1,0,0,Composed: Flip,324.0417,NA,15.60520000000000,16.42890000000000,0.20230000000000,1.72900000000000,33.0218,308.6701,15.5739,15.3716,0.2023,1.1347,15.9659,2.1399,13.8260,0.9148,308.6701,NA
ExperienceX.exe,56308,0x216C7EA03E0,DXGI,1,0,0,Composed: Flip,341.2466,NA,16.87880000000000,NA,0.30030000000000,1.42030000000000,NA,324.4732,17.0737,16.7734,0.3003,2.6638,15.5299,2.3967,13.1332,NA,NA,NA
ExperienceX.exe,56308,0x216C829D570,DXGI,1,0,0,Composed: Flip,341.2465,NA,16.87730000000000,NA,0.30060000000000,1.74580000000000,NA,324.4729,17.0742,16.7736,0.3006,18.1940,0.3254,0.3254,0.0000,NA,NA,NA
ExperienceX.exe,56308,0x216838E1150,DXGI,1,0,0,Composed: Flip,342.8644,NA,18.82270000000000,16.56640000000000,0.12520000000000,1.15690000000000,30.7655,324.2440,18.7456,18.6204,0.1252,18.7483,1.0290,1.0218,0.0072,-0.9925,324.2440,NA
ExperienceX.exe,56308,0x216C7EA03E0,DXGI,1,0,0,Composed: Flip,358.3633,NA,17.11670000000000,NA,0.71050000000000,1.41070000000000,NA,341.5469,17.5269,16.8164,0.7105,16.6349,1.5922,1.5922,0.0000,NA,NA,NA
ExperienceX.exe,56308,0x216C829D570,DXGI,1,0,0,Composed: Flip,357.9261,NA,16.67960000000000,NA,0.14950000000000,2.17190000000000,NA,341.5471,16.5285,16.3790,0.1495,18.2269,0.3240,0.3240,0.0000,NA,NA,NA
ExperienceX.exe,56308,0x216838E1150,DXGI,1,0,0,Composed: Flip,357.5817,NA,14.71730000000000,16.66720000000000,0.22640000000000,0.60010000000000,32.7154,342.9896,14.8185,14.5921,0.2264,1.0317,14.1605,1.4303,12.7302,2.0784,342.9896,NA
ExperienceX.exe,56308,0x216C7EA03E0,DXGI,1,0,0,Composed: Flip,373.8900,NA,15.52670000000000,NA,0.28780000000000,1.84760000000000,NA,359.0738,15.1040,14.8162,0.2878,15.8879,0.7759,0.7759,0.0000,NA,NA,NA
ExperienceX.exe,56308,0x216C829D570,DXGI,1,0,0,Composed: Flip,373.8311,NA,15.90500000000000,NA,0.12080000000000,1.13060000000000,NA,358.0756,15.8763,15.7555,0.1208,2.0224,14.8637,2.2868,12.5769,NA,NA,NA
ExperienceX.exe,56308,0x216838E1150,DXGI,1,0,0,Composed: Flip,375.2341,NA,17.65240000000000,16.67230000000000,0.10870000000000,1.81420000000000,31.7353,357.8081,17.5347,17.4260,0.1087,17.9295,1.3107,1.3065,0.0042,-1.8538,357.8081,NA
ExperienceX.exe,56308,0x216C7EA03E0,DXGI,1,0,0,Composed: Flip,392.1499,NA,18.25990000000000,NA,0.09860000000000,1.20120000000000,NA,374.1778,18.0707,17.9721,0.0986,18.8238,0.3495,0.3495,0.0000,NA,NA,NA
ExperienceX.exe,56308,0x216C829D570,DXGI,1,0,0,Composed: Flip,391.7581,NA,17.92700000000000,NA,0.10540000000000,1.24350000000000,NA,373.9519,17.9116,17.8062,0.1054,17.6727,1.3770,1.3770,0.0000,NA,NA,NA
ExperienceX.exe,56308,0x216838E1150,DXGI,1,0,0,Composed: Flip,390.5774,NA,15.34330000000000,16.64860000000000,0.14650000000000,1.03830000000000,33.0406,375.3428,15.3811,15.2346,0.1465,15.3778,0.8951,0.8060,0.0891,0.8861,375.3428,NA
ExperienceX.exe,56308,0x216C7EA03E0,DXGI,1,0,0,Composed: Flip,407.2494,NA,15.09950000000000,NA,0.14190000000000,0.89920000000000,NA,392.2485,15.1428,15.0009,0.1419,15.5314,0.3687,0.3687,0.0000,NA,NA,NA
ExperienceX.exe,56308,0x216C829D570,DXGI,1,0,0,Composed: Flip,407.1791,NA,15.42100000000000,NA,0.11020000000000,0.60080000000000,NA,391.8635,15.4258,15.3156,0.1102,1.4876,14.4288,1.4102,13.0186,NA,NA,NA
ExperienceX.exe,56308,0x216838E1150,DXGI,1,0,0,Composed: Flip,407.5728,NA,16.99540000000000,16.67940000000000,0.62060000000000,1.62780000000000,32.7246,390.7239,17.4695,16.8489,0.6206,17.4247,1.0520,1.0520,0.0000,-1.2983,390.7239,NA
ExperienceX.exe,56308,0x216C829D570,DXGI,1,0,0,Composed: Flip,424.1426,NA,16.96350000000000,NA,0.09290000000000,2.03450000000000,NA,407.2893,16.9462,16.8533,0.0929,17.7953,1.0925,1.0780,0.0145,NA,NA,NA
ExperienceX.exe,56308,0x216C7EA03E0,DXGI,1,0,0,Composed: Flip,424.6088,NA,17.35940000000000,NA,0.16320000000000,1.91570000000000,NA,407.3913,17.3807,17.2175,0.1632,18.7858,0.3474,0.3474,0.0000,NA,NA,NA
ExperienceX.exe,56308,0x216838E1150,DXGI,1,0,0,Composed: Flip,423.8580,NA,16.28520000000000,16.77620000000000,0.13340000000000,1.22660000000000,33.2156,408.1934,15.7980,15.6646,0.1334,1.0072,15.8840,1.6227,14.2613,0.6933,408.1934,NA
ExperienceX.exe,56308,0x216C829D570,DXGI,1,0,0,Composed: Flip,440.6299,NA,16.48730000000000,NA,0.18900000000000,1.72040000000000,NA,424.2355,16.5834,16.3944,0.1890,17.5325,0.5823,0.5823,0.0000,NA,NA,NA
ExperienceX.exe,56308,0x216C7EA03E0,DXGI,1,0,0,Composed: Flip,440.6292,NA,16.02040000000000,NA,0.17180000000000,1.13880000000000,NA,424.7720,16.0290,15.8572,0.1718,1.7525,15.2435,2.0483,13.1952,NA,NA,NA
ExperienceX.exe,56308,0x216838E1150,DXGI,1,0,0,Composed: Flip,441.9686,NA,18.11060000000000,16.73700000000000,0.07770000000000,1.11950000000000,31.8420,423.9914,18.0549,17.9772,0.0777,18.3589,0.7378,0.7378,0.0000,-0.9390,423.9914,NA
ExperienceX.exe,56308,0x216C7EA03E0,DXGI,1,0,0,Composed: Flip,459.3246,NA,18.69540000000000,NA,0.06660000000000,0.85190000000000,NA,440.8010,18.5902,18.5236,0.0666,19.0207,0.3548,0.3548,0.0000,NA,NA,NA
ExperienceX.exe,56308,0x216C829D570,DXGI,1,0,0,Composed: Flip,458.4087,NA,17.77880000000000,NA,0.49460000000000,2.50610000000000,NA,440.8189,18.0844,17.5898,0.4946,19.3576,0.7383,0.7383,0.0000,NA,NA,NA
ExperienceX.exe,56308,0x216838E1150,DXGI,1,0,0,Composed: Flip,457.8873,NA,15.91870000000000,16.48360000000000,0.36120000000000,1.93440000000000,32.4069,442.0463,16.2022,15.8410,0.3612,1.0418,16.7336,2.2039,14.5297,1.5713,442.0463,NA
ExperienceX.exe,56308,0x216C829D570,DXGI,1,0,0,Composed: Flip,474.3986,NA,15.98990000000000,NA,0.21890000000000,1.85100000000000,NA,458.9033,15.7142,15.4953,0.2189,16.9773,0.3690,0.3690,0.0000,NA,NA,NA
ExperienceX.exe,56308,0x216C7EA03E0,DXGI,1,0,0,Composed: Flip,474.3976,NA,15.07300000000000,NA,0.22000000000000,1.48300000000000,NA,459.3912,15.2264,15.0064,0.2200,1.5236,14.9658,2.1308,12.8350,NA,NA,NA
ExperienceX.exe,56308,0x216838E1150,DXGI,1,0,0,Composed: Flip,476.0951,NA,18.20780000000000,16.67000000000000,0.07000000000000,0.88400000000000,30.8691,458.2485,17.9166,17.8466,0.0700,18.0011,0.7295,0.7295,0.0000,-0.4678,458.2485,NA
ExperienceX.exe,56308,0x216C7EA03E0,DXGI,1,0,0,Composed: Flip,491.5588,NA,17.16120000000000,NA,0.13150000000000,1.46890000000000,NA,474.6176,17.0727,16.9412,0.1315,18.0907,0.3194,0.3194,0.0000,NA,NA,NA
ExperienceX.exe,56308,0x216C829D570,DXGI,1,0,0,Composed: Flip,491.1469,NA,16.74830000000000,NA,0.04820000000000,1.56140000000000,NA,474.6175,16.5776,16.5294,0.0482,16.4677,1.6231,1.6231,0.0000,NA,NA,NA
ExperienceX.exe,56308,0x216838E1150,DXGI,1,0,0,Composed: Flip,490.5134,NA,14.41830000000000,16.81410000000000,0.08230000000000,0.57180000000000,33.2649,476.1651,14.4306,14.3483,0.0823,0.8140,14.1061,0.7666,13.3395,1.1025,476.1651,NA
ExperienceX.exe,56308,0x216C829D570,DXGI,1,0,0,Composed: Flip,507.2509,NA,16.10400000000000,NA,0.17370000000000,1.72490000000000,NA,491.1951,16.2295,16.0558,0.1737,17.1716,0.6091,0.6091,0.0000,NA,NA,NA
ExperienceX.exe,56308,0x216C7EA03E0,DXGI,1,0,0,Composed: Flip,507.2501,NA,15.69130000000000,NA,0.17410000000000,1.11660000000000,NA,491.6903,15.7339,15.5598,0.1741,1.3374,15.3390,1.7952,13.5438,NA,NA,NA
ExperienceX.exe,56308,0x216838E1150,DXGI,1,0,0,Composed: Flip,508.1700,NA,17.65660000000000,16.51260000000000,0.04620000000000,1.53690000000000,32.1209,490.5957,17.6205,17.5743,0.0462,18.3801,0.7311,0.7311,0.0000,-2.0820,490.5957,NA
ExperienceX.exe,56308,0x216C7EA03E0,DXGI,1,0,0,Composed: Flip,525.5942,NA,18.34410000000000,NA,0.56930000000000,1.73580000000000,NA,507.4242,18.7393,18.1700,0.5693,19.5149,0.3909,0.3909,0.0000,NA,NA,NA
ExperienceX.exe,56308,0x216C829D570,DXGI,1,0,0,Composed: Flip,525.3652,NA,18.11430000000000,NA,0.08890000000000,1.57390000000000,NA,507.4246,18.0295,17.9406,0.0889,17.5171,1.9974,1.9426,0.0548,NA,NA,NA
ExperienceX.exe,56308,0x216838E1150,DXGI,1,0,0,Composed: Flip,524.2489,NA,16.07890000000000,16.68860000000000,0.30480000000000,0.69280000000000,32.7306,508.2162,16.3375,16.0327,0.3048,1.4907,15.2348,0.5703,14.6645,0.9319,508.2162,NA
ExperienceX.exe,56308,0x216C7EA03E0,DXGI,1,0,0,Composed: Flip,540.5450,NA,14.95080000000000,NA,0.11950000000000,1.46110000000000,NA,526.1635,14.5010,14.3815,0.1195,14.9639,0.8787,0.8787,0.0000,NA,NA,NA
ExperienceX.exe,56308,0x216C829D570,DXGI,1,0,0,Composed: Flip,540.5571,NA,15.19190000000000,NA,0.15540000000000,0.57030000000000,NA,525.4541,15.2584,15.1030,0.1554,1.8759,13.7974,1.5384,12.2590,NA,NA,NA
ExperienceX.exe,56308,0x216838E1150,DXGI,1,0,0,Composed: Flip,541.6709,NA,17.42200000000000,16.70880000000000,0.09340000000000,1.18870000000000,32.0174,524.5537,17.2106,17.1172,0.0934,17.4524,0.8535,0.8535,0.0000,-0.3713,524.5537,NA
ExperienceX.exe,56308,0x216C7EA03E0,DXGI,1,0,0,Composed: Flip,558.5232,NA,17.97820000000000,NA,0.11670000000000,1.05170000000000,NA,540.6645,17.9754,17.8587,0.1167,17.7070,1.2034,1.2034,0.0000,NA,NA,NA
ExperienceX.exe,56308,0x216C829D570,DXGI,1,0,0,Composed: Flip,558.2391,NA,17.68200000000000,NA,0.39380000000000,1.72090000000000,NA,540.7125,17.9204,17.5266,0.3938,18.8624,0.3851,0.3851,0.0000,NA,NA,NA
ExperienceX.exe,56308,0x216838E1150,DXGI,1,0,0,Composed: Flip,557.2746,NA,15.60370000000000,16.62200000000000,0.12040000000000,1.09690000000000,33.0357,541.7643,15.6307,15.5103,0.1204,1.0953,15.5119,0.9440,14.5679,0.5886,541.7643,NA
ExperienceX.exe,56308,0x216C7EA03E0,DXGI,1,0,0,Composed: Flip,574.0720,NA,15.54880000000000,NA,0.25580000000000,1.00740000000000,NA,558.6399,15.6879,15.4321,0.2558,1.3201,15.1194,1.9076,13.2118,NA,NA,NA
ExperienceX.exe,56308,0x216C829D570,DXGI,1,0,0,Composed: Flip,574.0723,NA,15.83320000000000,NA,0.25560000000000,1.37110000000000,NA,558.6329,15.6950,15.4394,0.2556,16.4465,0.3640,0.3640,0.0000,NA,NA,NA
ExperienceX.exe,56308,0x216838E1150,DXGI,1,0,0,Composed: Flip,574.4268,NA,17.15220000000000,16.62490000000000,0.11470000000000,3.04630000000000,32.5084,557.3950,17.1465,17.0318,0.1147,18.0484,2.0297,2.0138,0.0159,-0.9942,557.3950,NA
ExperienceX.exe,56308,0x216C829D570,DXGI,1,0,0,Composed: Flip,590.8796,NA,16.80730000000000,NA,0.08910000000000,2.03560000000000,NA,574.3279,16.6408,16.5517,0.0891,17.4891,1.0982,1.0982,0.0000,NA,NA,NA
ExperienceX.exe,56308,0x216C7EA03E0,DXGI,1,0,0,Composed: Flip,590.8802,NA,16.80820000000000,NA,0.08670000000000,2.39890000000000,NA,574.3278,16.6391,16.5524,0.0867,18.5874,0.3639,0.3639,0.0000,NA,NA,NA
ExperienceX.exe,56308,0x216838E1150,DXGI,1,0,0,Composed: Flip,590.5791,NA,16.15230000000000,16.67940000000000,0.20040000000000,1.21190000000000,33.0355,574.5415,16.2380,16.0376,0.2004,16.2356,1.0139,0.9705,0.0434,0.4671,574.5415,NA
ExperienceX.exe,56308,0x216C7EA03E0,DXGI,1,0,0,Composed: Flip,607.1583,NA,16.27810000000000,NA,0.12200000000000,0.53480000000000,NA,590.9669,16.3134,16.1914,0.1220,2.3122,14.4140,1.5466,12.8674,NA,NA,NA
ExperienceX.exe,56308,0x216C829D570,DXGI,1,0,0,Composed: Flip,607.1582,NA,16.27860000000000,NA,0.12220000000000,0.91730000000000,NA,590.9687,16.3117,16.1895,0.1222,16.7244,0.3824,0.3824,0.0000,NA,NA,NA
ExperienceX.exe,56308,0x216838E1150,DXGI,1,0,0,Composed: Flip,607.8515,NA,17.27240000000000,16.66720000000000,0.04740000000000,1.31050000000000,32.4303,590.7795,17.1194,17.0720,0.0474,17.2960,1.0865,1.0801,0.0064,-0.4292,590.7795,NA
ExperienceX.exe,56308,0x216C7EA03E0,DXGI,1,0,0,Composed: Flip,625.3274,NA,18.16910000000000,NA,0.11350000000000,2.03310000000000,NA,607.2803,18.1606,18.0471,0.1135,17.9902,2.0900,2.0900,0.0000,NA,NA,NA
ExperienceX.exe,56308,0x216C829D570,DXGI,1,0,0,Composed: Flip,625.1008,NA,17.94260000000000,NA,0.06820000000000,2.26350000000000,NA,607.2804,17.8886,17.8204,0.0682,20.0801,0.0038,0.0038,0.0000,NA,NA,NA
ExperienceX.exe,56308,0x216838E1150,DXGI,1,0,0,Composed: Flip,623.9669,NA,16.11540000000000,16.81760000000000,0.36420000000000,1.30360000000000,33.1325,607.8989,16.4322,16.0680,0.3642,16.3589,1.0127,1.0127,0.0000,0.3018,607.8989,NA
ExperienceX.exe,56308,0x216C7EA03E0,DXGI,1,0,0,Composed: Flip,640.5768,NA,15.24940000000000,NA,0.16880000000000,1.00560000000000,NA,625.4409,15.3047,15.1359,0.1688,15.7755,0.3660,0.3660,0.0000,NA,NA,NA
ExperienceX.exe,56308,0x216C829D570,DXGI,1,0,0,Composed: Flip,640.5765,NA,15.47570000000000,NA,0.16790000000000,0.63990000000000,NA,625.1690,15.5754,15.4075,0.1679,2.1953,13.8521,0.9552,12.8969,NA,NA,NA
ExperienceX.exe,56308,0x216838E1150,DXGI,1,0,0,Composed: Flip,641.7174,NA,17.75050000000000,16.52730000000000,0.05780000000000,0.98750000000000,31.9093,624.3311,17.4441,17.3863,0.0578,17.2513,1.1225,1.1225,0.0000,-0.0951,624.3311,NA
ExperienceX.exe,56308,0x216C7EA03E0,DXGI,1,0,0,Composed: Flip,658.3297,NA,17.75290000000000,NA,0.62590000000000,1.68480000000000,NA,640.7456,18.2100,17.5841,0.6259,18.9221,0.3468,0.3468,0.0000,NA,NA,NA
ExperienceX.exe,56308,0x216C829D570,DXGI,1,0,0,Composed: Flip,658.8477,NA,18.27120000000000,NA,0.08270000000000,1.93150000000000,NA,640.7444,18.1860,18.1033,0.0827,19.2701,0.7647,0.7647,0.0000,NA,NA,NA
ExperienceX.exe,56308,0x216838E1150,DXGI,1,0,0,Composed: Flip,657.7087,NA,15.99130000000000,16.70780000000000,0.43520000000000,1.95900000000000,32.6258,641.7752,16.3687,15.9335,0.4352,0.9297,16.9628,1.7653,15.1975,0.7363,641.7752,NA
ExperienceX.exe,56308,0x216C829D570,DXGI,1,0,0,Composed: Flip,673.9633,NA,15.11560000000000,NA,0.16700000000000,1.58370000000000,NA,658.9304,15.1999,15.0329,0.1670,15.9107,0.7059,0.7059,0.0000,NA,NA,NA
ExperienceX.exe,56308,0x216C7EA03E0,DXGI,1,0,0,Composed: Flip,673.9158,NA,15.58610000000000,NA,0.13180000000000,0.92530000000000,NA,658.9556,15.0920,14.9602,0.1318,1.8236,14.0619,1.3048,12.7571,NA,NA,NA
ExperienceX.exe,56308,0x216838E1150,DXGI,1,0,0,Composed: Flip,675.1632,NA,17.45450000000000,16.62140000000000,0.07330000000000,1.09960000000000,31.7927,658.1439,17.0926,17.0193,0.0733,17.4031,0.7158,0.7158,0.0000,-0.2527,658.1439,NA
ExperienceX.exe,56308,0x216C7EA03E0,DXGI,1,0,0,Composed: Flip,691.0901,NA,17.17430000000000,NA,0.26280000000000,2.70790000000000,NA,674.0476,17.3053,17.0425,0.2628,19.3897,0.3607,0.3607,0.0000,NA,NA,NA
ExperienceX.exe,56308,0x216C829D570,DXGI,1,0,0,Composed: Flip,691.1265,NA,17.16320000000000,NA,0.18710000000000,2.31080000000000,NA,674.1303,17.1833,16.9962,0.1871,18.2887,1.0183,1.0183,0.0000,NA,NA,NA
ExperienceX.exe,56308,0x216838E1150,DXGI,1,0,0,Composed: Flip,690.6803,NA,15.51710000000000,16.64790000000000,0.29660000000000,1.73870000000000,32.9235,675.2365,15.7404,15.4438,0.2966,1.0263,16.1562,1.5348,14.6214,0.4447,675.2365,NA
ExperienceX.exe,56308,0x216C829D570,DXGI,1,0,0,Composed: Flip,707.3328,NA,16.20630000000000,NA,0.19980000000000,1.86020000000000,NA,691.3136,16.2190,16.0192,0.1998,17.2856,0.5938,0.5938,0.0000,NA,NA,NA
ExperienceX.exe,56308,0x216C7EA03E0,DXGI,1,0,0,Composed: Flip,707.3656,NA,16.27550000000000,NA,0.25470000000000,1.23360000000000,NA,691.3529,16.2674,16.0127,0.2547,2.4451,14.8012,2.2148,12.5864,NA,NA,NA
ExperienceX.exe,56308,0x216838E1150,DXGI,1,0,0,Composed: Flip,707.8678,NA,17.18750000000000,16.67880000000000,0.61910000000000,2.06690000000000,32.4148,690.9769,17.5100,16.8909,0.6191,18.2161,0.7417,0.7417,0.0000,-0.9384,690.9769,NA
ExperienceX.exe,56308,0x216C7EA03E0,DXGI,1,0,0,Composed: Flip,726.0006,NA,18.63500000000000,NA,0.15240000000000,0.90180000000000,NA,707.6203,18.5327,18.3803,0.1524,17.9127,1.3694,1.3694,0.0000,NA,NA,NA
ExperienceX.exe,56308,0x216C829D570,DXGI,1,0,0,Composed: Flip,724.3475,NA,17.01470000000000,NA,0.20630000000000,2.77570000000000,NA,707.5326,17.0212,16.8149,0.2063,19.3698,0.2208,0.2208,0.0000,NA,NA,NA
ExperienceX.exe,56308,0x216838E1150,DXGI,1,0,0,Composed: Flip,723.9793,NA,16.11150000000000,16.68350000000000,0.37200000000000,1.55370000000000,32.9868,708.4869,15.8644,15.4924,0.3720,1.4478,15.5983,1.2001,14.3982,0.8265,708.4869,NA
ExperienceX.exe,56308,0x216C829D570,DXGI,1,0,0,Composed: Flip,740.6349,NA,16.28740000000000,NA,0.25210000000000,1.76230000000000,NA,724.5538,16.3332,16.0811,0.2521,17.2281,0.6153,0.6153,0.0000,NA,NA,NA
ExperienceX.exe,56308,0x216C7EA03E0,DXGI,1,0,0,Composed: Flip,740.6318,NA,14.63120000000000,NA,0.23070000000000,1.15010000000000,NA,726.1530,14.7095,14.4788,0.2307,0.9702,14.6587,2.8158,11.8429,NA,NA,NA
ExperienceX.exe,56308,0x216838E1150,DXGI,1,0,0,Composed: Flip,742.1319,NA,18.15260000000000,16.75460000000000,0.11500000000000,1.01440000000000,31.5888,724.3513,17.8956,17.7806,0.1150,18.0459,0.7491,0.7491,0.0000,-0.8902,724.3513,NA
ExperienceX.exe,56308,0x216C829D570,DXGI,1,0,0,Composed: Flip,758.2627,NA,17.62780000000000,NA,0.29450000000000,1.82630000000000,NA,740.8870,17.6702,17.3757,0.2945,18.8072,0.3948,0.3948,0.0000,NA,NA,NA
ExperienceX.exe,56308,0x216C7EA03E0,DXGI,1,0,0,Composed: Flip,758.5577,NA,17.92590000000000,NA,0.05830000000000,1.13650000000000,NA,740.8625,17.7535,17.6952,0.0583,17.1966,1.6351,1.6351,0.0000,NA,NA,NA
ExperienceX.exe,56308,0x216838E1150,DXGI,1,0,0,Composed: Flip,757.3320,NA,15.20010000000000,16.68070000000000,0.17860000000000,0.72240000000000,33.0694,742.2469,15.2637,15.0851,0.1786,0.8994,14.9081,0.6686,14.2395,1.2149,742.2469,NA
ExperienceX.exe,56308,0x216C7EA03E0,DXGI,1,0,0,Composed: Flip,774.1369,NA,15.57920000000000,NA,0.19120000000000,1.77840000000000,NA,758.6160,15.7121,15.5209,0.1912,16.6708,0.6285,0.6285,0.0000,NA,NA,NA
ExperienceX.exe,56308,0x216C829D570,DXGI,1,0,0,Composed: Flip,774.1365,NA,15.87380000000000,NA,0.19160000000000,1.15030000000000,NA,758.5572,15.7709,15.5793,0.1916,1.5318,15.1978,1.9727,13.2251,NA,NA,NA
ExperienceX.exe,56308,0x216838E1150,DXGI,1,0,0,Composed: Flip,775.0696,NA,17.73760000000000,16.54290000000000,0.07930000000000,1.61670000000000,31.8747,757.5106,17.6383,17.5590,0.0793,18.4047,0.7710,0.7631,0.0079,-1.2792,757.5106,NA
ExperienceX.exe,56308,0x216C829D570,DXGI,1,0,0,Composed: Flip,791.5620,NA,17.42550000000000,NA,0.61150000000000,2.90840000000000,NA,774.3281,17.8454,17.2339,0.6115,18.5413,1.6010,1.6010,0.0000,NA,NA,NA
ExperienceX.exe,56308,0x216C7EA03E0,DXGI,1,0,0,Composed: Flip,792.0280,NA,17.89110000000000,NA,0.17030000000000,2.82850000000000,NA,774.3281,17.8702,17.6999,0.1703,20.1423,0.3861,0.3861,0.0000,NA,NA,NA
ExperienceX.exe,56308,0x216838E1150,DXGI,1,0,0,Composed: Flip,791.0903,NA,16.02070000000000,16.65930000000000,0.26360000000000,1.77910000000000,32.5133,775.1489,16.2050,15.9414,0.2636,16.3366,1.3839,1.3839,0.0000,0.9790,775.1489,NA
ExperienceX.exe,56308,0x216C7EA03E0,DXGI,1,0,0,Composed: Flip,807.1993,NA,15.17130000000000,NA,0.18480000000000,1.43080000000000,NA,792.1983,15.1858,15.0010,0.1848,2.6582,13.7736,1.4711,12.3025,NA,NA,NA
ExperienceX.exe,56308,0x216C829D570,DXGI,1,0,0,Composed: Flip,807.2000,NA,15.63800000000000,NA,0.16330000000000,1.77990000000000,NA,792.1735,15.1898,15.0265,0.1633,16.4566,0.3498,0.3498,0.0000,NA,NA,NA
ExperienceX.exe,56308,0x216838E1150,DXGI,1,0,0,Composed: Flip,808.2666,NA,17.17630000000000,16.69050000000000,0.05860000000000,1.46630000000000,32.0275,791.3539,16.9713,16.9127,0.0586,17.6260,0.7530,0.7491,0.0039,-0.4855,791.3539,NA
ExperienceX.exe,56308,0x216C7EA03E0,DXGI,1,0,0,Composed: Flip,824.2613,NA,17.06200000000000,NA,0.07710000000000,2.38450000000000,NA,807.3841,16.9543,16.8772,0.0771,18.8060,0.4557,0.4557,0.0000,NA,NA,NA
ExperienceX.exe,56308,0x216C829D570,DXGI,1,0,0,Composed: Flip,824.6677,NA,17.46770000000000,NA,0.06180000000000,1.52240000000000,NA,807.3633,17.3662,17.3044,0.0618,17.2131,1.6137,1.6137,0.0000,NA,NA,NA
ExperienceX.exe,56308,0x216838E1150,DXGI,1,0,0,Composed: Flip,823.9140,NA,15.64740000000000,16.68840000000000,0.25520000000000,0.66240000000000,33.0685,808.3252,15.8440,15.5888,0.2552,15.7847,0.4665,0.4665,0.0000,0.2829,808.3252,NA
ExperienceX.exe,56308,0x216C7EA03E0,DXGI,1,0,0,Composed: Flip,840.5746,NA,16.31330000000000,NA,0.14280000000000,1.50350000000000,NA,824.3384,16.3790,16.2362,0.1428,17.2872,0.4525,0.4525,0.0000,NA,NA,NA
ExperienceX.exe,56308,0x216C829D570,DXGI,1,0,0,Composed: Flip,840.5745,NA,15.90680000000000,NA,0.14280000000000,1.05110000000000,NA,824.7295,15.9878,15.8450,0.1428,1.9163,14.9798,1.7840,13.1958,NA,NA,NA
ExperienceX.exe,56308,0x216838E1150,DXGI,1,0,0,Composed: Flip,841.2686,NA,17.35460000000000,16.72410000000000,0.32790000000000,1.59400000000000,32.4380,824.1692,17.4273,17.0994,0.3279,17.9089,0.7845,0.7783,0.0062,-0.8801,824.1692,NA
ExperienceX.exe,56308,0x216C7EA03E0,DXGI,1,0,0,Composed: Flip,857.9136,NA,17.33900000000000,NA,0.24990000000000,2.96170000000000,NA,840.7174,17.4461,17.1962,0.2499,19.8403,0.3176,0.3176,0.0000,NA,NA,NA
ExperienceX.exe,56308,0x216C829D570,DXGI,1,0,0,Composed: Flip,859.2903,NA,18.71580000000000,NA,0.10250000000000,1.26740000000000,NA,840.7173,18.6755,18.5730,0.1025,18.4429,1.3975,1.3975,0.0000,NA,NA,NA
ExperienceX.exe,56308,0x216838E1150,DXGI,1,0,0,Composed: Flip,857.3321,NA,16.06350000000000,16.78970000000000,0.30120000000000,1.82810000000000,33.1642,841.5965,16.0368,15.7356,0.3012,16.1985,1.3652,1.1156,0.2496,0.6376,841.5965,NA
ExperienceX.exe,56308,0x216C7EA03E0,DXGI,1,0,0,Composed: Flip,874.3962,NA,16.48260000000000,NA,0.17010000000000,1.56340000000000,NA,858.1635,16.4028,16.2327,0.1701,17.1691,0.6270,0.6270,0.0000,NA,NA,NA
ExperienceX.exe,56308,0x216C829D570,DXGI,1,0,0,Composed: Flip,874.4153,NA,15.12500000000000,NA,0.16990000000000,0.91730000000000,NA,859.3928,15.1924,15.0225,0.1699,1.4825,14.4573,1.5987,12.8586,NA,NA,NA
ExperienceX.exe,56308,0x216C829D570,DXGI,1,0,0,Composed: Flip,891.8767,NA,17.46140000000000,NA,0.12750000000000,2.23510000000000,NA,874.5852,17.4190,17.2915,0.1275,18.7166,0.8100,0.8100,0.0000,NA,NA,NA
ExperienceX.exe,56308,0x216838E1150,DXGI,1,0,0,Composed: Flip,874.8043,NA,17.47220000000000,16.47250000000000,0.49200000000000,1.91360000000000,32.1645,857.6333,17.6630,17.1710,0.4920,18.3263,0.7583,0.7583,0.0000,-0.4357,857.6333,NA
ExperienceX.exe,56308,0x216838E1150,DXGI,1,0,0,Composed: Flip,891.0437,NA,16.23940000000000,NA,0.23140000000000,2.25810000000000,NA,875.2963,15.9788,15.7474,0.2314,17.6444,0.3611,0.3611,0.0000,NA,NA,NA
ExperienceX.exe,56308,0x216C829D570,DXGI,1,0,0,Composed: Flip,907.2866,NA,15.40990000000000,NA,0.16470000000000,0.87000000000000,NA,892.0042,15.4471,15.2824,0.1647,2.1076,14.0448,1.5305,12.5143,NA,NA,NA
ExperienceX.exe,56308,0x216838E1150,DXGI,1,0,0,Composed: Flip,908.1475,NA,17.10380000000000,33.46120000000000,0.05810000000000,1.43510000000000,32.2825,891.2751,16.9305,16.8724,0.0581,17.2386,1.0689,1.0689,0.0000,0.1806,891.2751,NA
ExperienceX.exe,56308,0x216C829D570,DXGI,1,0,0,Composed: Flip,927.2557,NA,19.96910000000000,NA,0.14360000000000,0.80950000000000,NA,907.4513,19.9480,19.8044,0.1436,19.9480,0.6659,0.6659,0.0000,NA,NA,NA
ExperienceX.exe,56308,0x216838E1150,DXGI,1,0,0,Composed: Flip,924.4333,NA,16.28580000000000,16.64160000000000,0.35950000000000,2.96600000000000,32.6383,908.2056,16.5872,16.2277,0.3595,1.3770,17.8167,2.7076,15.1091,0.2889,908.2056,NA
ExperienceX.exe,56308,0x216C829D570,DXGI,1,0,0,Composed: Flip,940.9553,NA,13.69960000000000,NA,0.30600000000000,2.12850000000000,NA,927.3993,13.8620,13.5560,0.3060,1.0951,14.5894,2.8250,11.7644,NA,NA,NA
ExperienceX.exe,56308,0x216838E1150,DXGI,1,0,0,Composed: Flip,943.5227,NA,19.08940000000000,16.57620000000000,0.10610000000000,0.78620000000000,30.1251,924.7928,18.8360,18.7299,0.1061,18.3176,1.1985,1.1985,0.0000,0.0110,924.7928,NA
ExperienceX.exe,56308,0x216C829D570,DXGI,1,0,0,Composed: Flip,958.4352,NA,17.47990000000000,NA,1.39900000000000,2.31270000000000,NA,941.2613,18.5729,17.1739,1.3990,18.5973,0.8893,0.8893,0.0000,NA,NA,NA
ExperienceX.exe,56308,0x216838E1150,DXGI,1,0,0,Composed: Flip,957.7204,NA,14.19770000000000,16.69650000000000,0.36870000000000,2.13820000000000,32.6239,943.6288,14.4603,14.0916,0.3687,0.6801,15.5497,2.0504,13.4993,2.1395,943.6288,NA
ExperienceX.exe,56308,0x216C829D570,DXGI,1,0,0,Composed: Flip,973.9907,NA,15.55550000000000,NA,0.19990000000000,1.85310000000000,NA,959.8342,14.3564,14.1565,0.1999,15.6682,0.3414,0.3414,0.0000,NA,NA,NA
ExperienceX.exe,56308,0x216838E1150,DXGI,1,0,0,Composed: Flip,975.5056,NA,17.78520000000000,16.65730000000000,0.72580000000000,1.09920000000000,31.4960,958.0891,18.1423,17.4165,0.7258,17.7547,0.7610,0.7610,0.0000,-2.1970,958.0891,NA
ExperienceX.exe,56308,0x216C829D570,DXGI,1,0,0,Composed: Flip,991.1552,NA,17.16450000000000,NA,0.22060000000000,2.15520000000000,NA,974.1906,17.1852,16.9646,0.2206,18.7674,0.3524,0.3524,0.0000,NA,NA,NA
ExperienceX.exe,56308,0x216838E1150,DXGI,1,0,0,Composed: Flip,990.7022,NA,15.19660000000000,16.60980000000000,0.28030000000000,2.25580000000000,32.9092,976.2314,14.7511,14.4708,0.2803,0.3734,16.3532,2.3322,14.0210,1.5325,976.2314,NA
ExperienceX.exe,56308,0x216C829D570,DXGI,1,0,0,Composed: Flip,1007.3263,NA,16.17110000000000,NA,0.14210000000000,1.81880000000000,NA,991.3758,16.0926,15.9505,0.1421,17.1738,0.5955,0.5955,0.0000,NA,NA,NA
ExperienceX.exe,56308,0x216838E1150,DXGI,1,0,0,Composed: Flip,1008.7576,NA,18.05540000000000,17.14210000000000,0.13010000000000,1.76010000000000,31.9959,990.9825,17.9052,17.7751,0.1301,18.1626,1.3726,1.3682,0.0044,-2.3910,990.9825,NA
ExperienceX.exe,56308,0x216C829D570,DXGI,1,0,0,Composed: Flip,1024.4305,NA,17.10420000000000,NA,0.45080000000000,2.04440000000000,NA,1007.4684,17.4129,16.9621,0.4508,18.6354,0.3711,0.3711,0.0000,NA,NA,NA
ExperienceX.exe,56308,0x216838E1150,DXGI,1,0,0,Composed: Flip,1023.9231,NA,15.16550000000000,16.20880000000000,0.20090000000000,0.60450000000000,33.0392,1008.8877,15.2363,15.0354,0.2009,15.1854,0.4545,0.4545,0.0000,1.6964,1008.8877,NA
ExperienceX.exe,56308,0x216C829D570,DXGI,1,0,0,Composed: Flip,1041.0573,NA,16.62680000000000,NA,0.12000000000000,0.90530000000000,NA,1024.8813,16.2960,16.1760,0.1200,1.5936,15.4877,1.4776,14.0101,NA,NA,NA
ExperienceX.exe,56308,0x216838E1150,DXGI,1,0,0,Composed: Flip,1041.4562,NA,17.53310000000000,16.70200000000000,0.48340000000000,1.97090000000000,32.2081,1024.1240,17.8156,17.3322,0.4834,18.2007,1.1024,1.1024,0.0000,-1.4657,1024.1240,NA
ExperienceX.exe,56308,0x216C829D570,DXGI,1,0,0,Composed: Flip,1058.8782,NA,17.82090000000000,NA,0.46630000000000,1.37640000000000,NA,1041.1773,18.1672,17.7009,0.4663,18.7178,0.3595,0.3595,0.0000,NA,NA,NA
ExperienceX.exe,56308,0x216838E1150,DXGI,1,0,0,Composed: Flip,1057.3786,NA,15.92240000000000,16.61240000000000,0.40710000000000,1.30800000000000,32.8981,1041.9396,15.8461,15.4390,0.4071,1.4875,15.2595,1.2120,14.0475,1.2032,1041.9396,NA
ExperienceX.exe,56308,0x216C829D570,DXGI,1,0,0,Composed: Flip,1074.2890,NA,15.41080000000000,NA,0.42800000000000,1.27130000000000,NA,1059.3445,15.3725,14.9445,0.4280,15.8337,0.3821,0.3821,0.0000,NA,NA,NA
ExperienceX.exe,56308,0x216838E1150,DXGI,1,0,0,Composed: Flip,1075.7635,NA,18.38490000000000,16.69510000000000,0.16280000000000,0.98550000000000,31.2083,1057.7857,18.1406,17.9778,0.1628,17.7746,1.1887,1.1887,0.0000,-0.8490,1057.7857,NA
ExperienceX.exe,56308,0x216C829D570,DXGI,1,0,0,Composed: Flip,1090.8396,NA,16.55060000000000,NA,0.18790000000000,3.66540000000000,NA,1074.7170,16.3105,16.1226,0.1879,19.4060,0.3820,0.3820,0.0000,NA,NA,NA
ExperienceX.exe,56308,0x216838E1150,DXGI,1,0,0,Composed: Flip,1090.5228,NA,14.75930000000000,17.09420000000000,0.16660000000000,3.17840000000000,33.5432,1075.9263,14.7631,14.5965,0.1666,0.8227,16.9522,2.9232,14.0290,1.0464,1075.9263,NA
ExperienceX.exe,56308,0x216C829D570,DXGI,1,0,0,Composed: Flip,1107.3469,NA,16.50730000000000,NA,0.17000000000000,0.99370000000000,NA,1091.0275,16.4894,16.3194,0.1700,16.9216,0.3915,0.3915,0.0000,NA,NA,NA
ExperienceX.exe,56308,0x216838E1150,DXGI,1,0,0,Composed: Flip,1107.6463,NA,17.12350000000000,16.32630000000000,0.07440000000000,1.78750000000000,32.7460,1090.6894,17.0313,16.9569,0.0744,17.6512,1.0932,1.0932,0.0000,-1.5632,1090.6894,NA
ExperienceX.exe,56308,0x216C829D570,DXGI,1,0,0,Composed: Flip,1125.8404,NA,18.49350000000000,NA,0.74750000000000,1.40590000000000,NA,1107.5169,19.0710,18.3235,0.7475,18.1027,1.6267,1.6267,0.0000,NA,NA,NA
ExperienceX.exe,56308,0x216838E1150,DXGI,1,0,0,Composed: Flip,1124.4492,NA,16.80290000000000,16.97950000000000,0.07700000000000,1.17040000000000,32.9226,1107.7207,16.8055,16.7285,0.0770,1.7131,16.1858,1.2336,14.9522,0.0518,1107.7207,NA
ExperienceX.exe,56308,0x216C829D570,DXGI,1,0,0,Composed: Flip,1140.8505,NA,15.01010000000000,NA,0.34930000000000,1.83160000000000,NA,1126.5879,14.6119,14.2626,0.3493,15.4462,0.6480,0.6480,0.0000,NA,NA,NA
ExperienceX.exe,56308,0x216838E1150,DXGI,1,0,0,Composed: Flip,1142.1273,NA,17.67810000000000,16.30420000000000,0.43790000000000,1.33810000000000,31.5487,1124.5262,18.0390,17.6011,0.4379,18.1559,0.7833,0.7833,0.0000,0.5013,1124.5262,NA
ExperienceX.exe,56308,0x216C829D570,DXGI,1,0,0,Composed: Flip,1158.6037,NA,17.75320000000000,NA,0.13520000000000,3.65980000000000,NA,1141.1998,17.5391,17.4039,0.1352,20.7004,0.3633,0.3633,0.0000,NA,NA,NA
ExperienceX.exe,56308,0x216838E1150,DXGI,1,0,0,Composed: Flip,1158.1484,NA,16.02110000000000,16.78420000000000,0.30760000000000,1.51740000000000,32.3118,1142.5652,15.8908,15.5832,0.3076,0.9002,16.2004,1.1761,15.0243,1.2548,1142.5652,NA
ExperienceX.exe,56308,0x216C829D570,DXGI,1,0,0,Composed: Flip,1174.1707,NA,15.56700000000000,NA,0.27450000000000,1.21750000000000,NA,1158.7389,15.7063,15.4318,0.2745,3.5246,13.1247,2.0928,11.0319,NA,NA,NA
ExperienceX.exe,56308,0x216838E1150,DXGI,1,0,0,Composed: Flip,1174.8816,NA,16.73320000000000,16.55870000000000,0.19390000000000,2.31860000000000,32.1373,1158.4560,16.6195,16.4256,0.1939,17.9497,0.7945,0.7945,0.0000,-0.6679,1158.4560,NA
ExperienceX.exe,56308,0x216C829D570,DXGI,1,0,0,Composed: Flip,1191.4675,NA,17.29680000000000,NA,0.14160000000000,2.44080000000000,NA,1174.4452,17.1639,17.0223,0.1416,19.0930,0.3701,0.3701,0.0000,NA,NA,NA
ExperienceX.exe,56308,0x216838E1150,DXGI,1,0,0,Composed: Flip,1190.9682,NA,16.08660000000000,16.75510000000000,0.33730000000000,2.57000000000000,32.8058,1175.0755,16.2300,15.8927,0.3373,2.1247,16.3380,2.8405,13.4975,-0.1356,1175.0755,NA
ExperienceX.exe,56308,0x216C829D570,DXGI,1,0,0,Composed: Flip,1207.3557,NA,15.88820000000000,NA,0.19490000000000,1.21720000000000,NA,1191.6091,15.9415,15.7466,0.1949,3.0981,13.8657,2.4759,11.3898,NA,NA,NA
ExperienceX.exe,56308,0x216838E1150,DXGI,1,0,0,Composed: Flip,1207.7741,NA,16.80590000000000,16.73570000000000,0.94550000000000,2.24760000000000,32.7356,1191.3055,17.4141,16.4686,0.9455,17.9097,0.8065,0.8065,0.0000,-0.5057,1191.3055,NA
ExperienceX.exe,56308,0x216C829D570,DXGI,1,0,0,Composed: Flip,1225.1365,NA,17.78080000000000,NA,0.10740000000000,3.29050000000000,NA,1207.5506,17.6933,17.5859,0.1074,19.2275,1.6489,1.6456,0.0033,NA,NA,NA
ExperienceX.exe,56308,0x216838E1150,DXGI,1,0,0,Composed: Flip,1224.2919,NA,16.51780000000000,16.52530000000000,0.20820000000000,0.86150000000000,32.7431,1208.7196,15.7805,15.5723,0.2082,1.3021,15.1317,0.8399,14.2918,0.8888,1208.7196,NA
ExperienceX.exe,56308,0x216C829D570,DXGI,1,0,0,Composed: Flip,1240.9421,NA,15.80560000000000,NA,0.08570000000000,1.28610000000000,NA,1225.2439,15.7839,15.6982,0.0857,15.9230,1.0613,1.0613,0.0000,NA,NA,NA
ExperienceX.exe,56308,0x216838E1150,DXGI,1,0,0,Composed: Flip,1242.5206,NA,18.22870000000000,16.68330000000000,0.14460000000000,1.11500000000000,31.1977,1224.5001,18.1651,18.0205,0.1446,18.3177,0.8178,0.8178,0.0000,-0.9028,1224.5001,NA
ExperienceX.exe,56308,0x216C829D570,DXGI,1,0,0,Composed: Flip,1258.5090,NA,17.56690000000000,NA,0.15120000000000,1.66000000000000,NA,1241.0278,17.6324,17.4812,0.1512,18.7101,0.4311,0.4311,0.0000,NA,NA,NA
ExperienceX.exe,56308,0x216838E1150,DXGI,1,0,0,Composed: Flip,1257.3310,NA,14.81040000000000,16.92580000000000,0.17380000000000,0.75440000000000,33.3131,1242.6652,14.8396,14.6658,0.1738,0.9704,14.4498,0.7155,13.7343,1.2393,1242.6652,NA
ExperienceX.exe,56308,0x216C829D570,DXGI,1,0,0,Composed: Flip,1274.0543,NA,15.54530000000000,NA,0.27140000000000,1.60940000000000,NA,1258.6602,15.6655,15.3941,0.2714,1.5088,15.4947,2.0720,13.4227,NA,NA,NA
ExperienceX.exe,56308,0x216838E1150,DXGI,1,0,0,Composed: Flip,1275.9284,NA,18.59740000000000,16.47510000000000,0.18520000000000,1.72030000000000,31.1908,1257.5048,18.6088,18.4236,0.1852,18.4799,1.6640,1.6569,0.0071,-1.6355,1257.5048,NA
ExperienceX.exe,56308,0x216C829D570,DXGI,1,0,0,Composed: Flip,1293.3556,NA,19.30130000000000,NA,0.17610000000000,1.62040000000000,NA,1274.3257,19.2060,19.0299,0.1761,20.6451,0.0052,0.0052,0.0000,NA,NA,NA
ExperienceX.exe,56308,0x216838E1150,DXGI,1,0,0,Composed: Flip,1291.3603,NA,15.43190000000000,16.62510000000000,0.44880000000000,1.66450000000000,32.3840,1276.1136,15.6955,15.2467,0.4488,15.8307,1.0805,0.9198,0.1607,1.9837,1276.1136,NA
ExperienceX.exe,56308,0x216C829D570,DXGI,1,0,0,Composed: Flip,1307.4804,NA,14.12480000000000,NA,0.23020000000000,1.33290000000000,NA,1293.5317,14.1789,13.9487,0.2302,14.9199,0.3617,0.3617,0.0000,NA,NA,NA
ExperienceX.exe,56308,0x216838E1150,DXGI,1,0,0,Composed: Flip,1308.5111,NA,17.15080000000000,16.66040000000000,0.07700000000000,1.43090000000000,31.8936,1291.8091,16.7790,16.7020,0.0770,17.0042,1.1287,1.1287,0.0000,-0.9649,1291.8091,NA
ExperienceX.exe,56308,0x216C829D570,DXGI,1,0,0,Composed: Flip,1325.7510,NA,18.27060000000000,NA,0.14280000000000,1.10230000000000,NA,1307.7106,18.1832,18.0404,0.1428,17.2530,1.8897,1.8897,0.0000,NA,NA,NA
ExperienceX.exe,56308,0x216838E1150,DXGI,1,0,0,Composed: Flip,1324.1736,NA,15.66250000000000,16.83210000000000,0.16160000000000,0.79000000000000,33.0632,1308.5881,15.7471,15.5855,0.1616,1.3539,15.0216,1.0724,13.9492,-0.0531,1308.5881,NA
ExperienceX.exe,56308,0x216C829D570,DXGI,1,0,0,Composed: Flip,1340.8665,NA,15.11550000000000,NA,0.37330000000000,1.78020000000000,NA,1325.8938,15.3460,14.9727,0.3733,16.2450,0.5079,0.4977,0.0102,NA,NA,NA
ExperienceX.exe,56308,0x216838E1150,DXGI,1,0,0,Composed: Flip,1341.4991,NA,17.32550000000000,16.44310000000000,1.62510000000000,2.44650000000000,32.1808,1324.3352,18.7890,17.1639,1.6251,18.3997,1.2107,1.2107,0.0000,-0.6960,1324.3352,NA
ExperienceX.exe,56308,0x216C829D570,DXGI,1,0,0,Composed: Flip,1358.1502,NA,17.28370000000000,NA,0.10010000000000,2.78980000000000,NA,1341.2398,17.0105,16.9104,0.1001,18.1804,1.5198,1.5198,0.0000,NA,NA,NA
ExperienceX.exe,56308,0x216838E1150,DXGI,1,0,0,Composed: Flip,1357.7095,NA,16.21040000000000,16.76120000000000,0.16390000000000,1.71070000000000,32.7316,1343.1242,14.7492,14.5853,0.1639,0.8214,15.4746,2.1643,13.3103,2.0278,1343.1242,NA
ExperienceX.exe,56308,0x216C829D570,DXGI,1,0,0,Composed: Flip,1374.2302,NA,16.08000000000000,NA,0.42930000000000,1.85680000000000,NA,1358.2503,16.4092,15.9799,0.4293,17.2260,0.6107,0.6002,0.0105,NA,NA,NA
ExperienceX.exe,56308,0x216838E1150,DXGI,1,0,0,Composed: Flip,1374.6663,NA,16.95680000000000,16.78880000000000,0.14510000000000,2.29730000000000,32.5636,1357.8734,16.9380,16.7929,0.1451,18.2182,0.8720,0.8642,0.0078,-2.0396,1357.8734,NA
ExperienceX.exe,56308,0x216C829D570,DXGI,1,0,0,Composed: Flip,1391.1292,NA,16.89900000000000,NA,0.08560000000000,2.91620000000000,NA,1374.6595,16.5553,16.4697,0.0856,18.5787,0.8072,0.8072,0.0000,NA,NA,NA
ExperienceX.exe,56308,0x216838E1150,DXGI,1,0,0,Composed: Flip,1390.7413,NA,16.07500000000000,16.44990000000000,0.26810000000000,1.45310000000000,32.9385,1374.8114,16.1980,15.9299,0.2681,2.1522,15.2308,1.9898,13.2410,0.4881,1374.8114,NA
ExperienceX.exe,56308,0x216C829D570,DXGI,1,0,0,Composed: Flip,1407.8416,NA,16.71240000000000,NA,0.27590000000000,1.38730000000000,NA,1391.2148,16.9027,16.6268,0.2759,17.6424,0.3717,0.3717,0.0000,NA,NA,NA
ExperienceX.exe,56308,0x216838E1150,DXGI,1,0,0,Composed: Flip,1409.0923,NA,18.35100000000000,16.70400000000000,0.05950000000000,1.30800000000000,31.2915,1391.0094,18.1424,18.0829,0.0595,18.2195,1.1714,1.1654,0.0060,-0.5060,1391.0094,NA
ExperienceX.exe,56308,0x216C829D570,DXGI,1,0,0,Composed: Flip,1425.5074,NA,17.66580000000000,NA,0.07060000000000,1.63710000000000,NA,1408.1175,17.4605,17.3899,0.0706,18.6188,0.4082,0.4082,0.0000,NA,NA,NA
ExperienceX.exe,56308,0x216838E1150,DXGI,1,0,0,Composed: Flip,1424.0016,NA,14.90930000000000,16.61410000000000,0.17150000000000,1.36530000000000,32.9963,1409.1518,15.0213,14.8498,0.1715,1.2485,14.9666,1.5527,13.4139,1.5283,1409.1518,NA
ExperienceX.exe,56308,0x216C829D570,DXGI,1,0,0,Composed: Flip,1440.7278,NA,15.22040000000000,NA,0.21620000000000,1.16350000000000,NA,1425.5780,15.3660,15.1498,0.2162,1.5665,14.7468,2.1696,12.5772,NA,NA,NA
ExperienceX.exe,56308,0x216838E1150,DXGI,1,0,0,Composed: Flip,1441.7277,NA,17.72610000000000,16.62800000000000,0.05690000000000,1.73550000000000,31.8982,1424.1731,17.6115,17.5546,0.0569,18.0959,1.1942,1.1853,0.0089,-1.6067,1424.1731,NA
ExperienceX.exe,56308,0x216C829D570,DXGI,1,0,0,Composed: Flip,1457.6555,NA,16.92770000000000,NA,0.08800000000000,1.99380000000000,NA,1440.9440,16.7995,16.7115,0.0880,18.3441,0.3612,0.3612,0.0000,NA,NA,NA
ExperienceX.exe,56308,0x216838E1150,DXGI,1,0,0,Composed: Flip,1457.3256,NA,15.59790000000000,16.68010000000000,0.19040000000000,1.96250000000000,32.9804,1441.7846,15.7314,15.5410,0.1904,15.8089,1.6946,1.6946,0.0000,0.9314,1441.7846,NA
ExperienceX.exe,56308,0x216C829D570,DXGI,1,0,0,Composed: Flip,1473.8942,NA,16.23870000000000,NA,0.11730000000000,0.59570000000000,NA,1457.7435,16.2680,16.1507,0.1173,2.7056,14.0408,0.9201,13.1207,NA,NA,NA
ExperienceX.exe,56308,0x216838E1150,DXGI,1,0,0,Composed: Flip,1474.8658,NA,17.54020000000000,16.65440000000000,0.05580000000000,1.34510000000000,32.0946,1457.5160,17.4056,17.3498,0.0558,17.9110,0.7839,0.7765,0.0074,-0.9230,1457.5160,NA
ExperienceX.exe,56308,0x216C829D570,DXGI,1,0,0,Composed: Flip,1490.8672,NA,16.97300000000000,NA,0.09630000000000,2.38250000000000,NA,1474.0115,16.9520,16.8557,0.0963,18.8452,0.3930,0.3930,0.0000,NA,NA,NA
ExperienceX.exe,56308,0x216838E1150,DXGI,1,0,0,Composed: Flip,1490.5853,NA,15.71950000000000,17.04220000000000,0.19400000000000,0.83590000000000,33.4173,1474.9216,15.8577,15.6637,0.1940,15.8267,0.6729,0.6729,0.0000,0.3634,1474.9216,NA
ExperienceX.exe,56308,0x216C829D570,DXGI,1,0,0,Composed: Flip,1507.2820,NA,16.41480000000000,NA,0.31630000000000,1.22030000000000,NA,1490.9635,16.6348,16.3185,0.3163,2.2862,15.2526,1.9932,13.2594,NA,NA,NA
ExperienceX.exe,56308,0x216838E1150,DXGI,1,0,0,Composed: Flip,1508.4996,NA,17.91430000000000,16.41220000000000,0.07590000000000,1.42820000000000,31.9152,1490.7793,17.7962,17.7203,0.0759,18.3718,0.7767,0.7679,0.0088,-0.5545,1490.7793,NA
ExperienceX.exe,56308,0x216C829D570,DXGI,1,0,0,Composed: Flip,1526.8572,NA,19.57520000000000,NA,0.36300000000000,1.83240000000000,NA,1507.5983,19.6219,19.2589,0.3630,20.7790,0.3123,0.3123,0.0000,NA,NA,NA
ExperienceX.exe,56308,0x216838E1150,DXGI,1,0,0,Composed: Flip,1524.8306,NA,16.33100000000000,16.73220000000000,0.42360000000000,2.09340000000000,32.3164,1508.5755,16.6787,16.2551,0.4236,16.9366,1.4119,1.3638,0.0481,1.0640,1508.5755,NA
ExperienceX.exe,56308,0x216C829D570,DXGI,1,0,0,Composed: Flip,1541.2904,NA,14.43320000000000,NA,0.52700000000000,1.11610000000000,NA,1527.2202,14.5972,14.0702,0.5270,1.4694,13.7169,2.8148,10.9021,NA,NA,NA
ExperienceX.exe,56308,0x216838E1150,DXGI,1,0,0,Composed: Flip,1542.8829,NA,18.05230000000000,16.74880000000000,0.66490000000000,1.17350000000000,31.0129,1525.2542,18.2936,17.6287,0.6649,17.5061,1.2961,1.2893,0.0068,-0.0701,1525.2542,NA
ExperienceX.exe,56308,0x216C829D570,DXGI,1,0,0,Composed: Flip,1558.3618,NA,17.07140000000000,NA,1.39160000000000,2.35500000000000,NA,1541.8174,17.9360,16.5444,1.3916,17.3785,1.5209,1.5209,0.0000,NA,NA,NA
ExperienceX.exe,56308,0x216838E1150,DXGI,1,0,0,Composed: Flip,1557.9176,NA,15.03470000000000,16.54360000000000,0.32720000000000,1.27830000000000,32.5218,1543.5478,14.6970,14.3698,0.3272,0.5086,15.1395,1.3956,13.7439,1.7500,1543.5478,NA
ExperienceX.exe,56308,0x216C829D570,DXGI,1,0,0,Composed: Flip,1574.5536,NA,16.19180000000000,NA,0.24420000000000,1.92210000000000,NA,1559.7534,15.0444,14.8002,0.2442,16.7136,0.0087,0.0087,0.0000,NA,NA,NA
ExperienceX.exe,56308,0x216838E1150,DXGI,1,0,0,Composed: Flip,1575.1849,NA,17.26730000000000,16.77740000000000,1.23340000000000,2.43430000000000,32.0319,1558.2448,18.1735,16.9401,1.2334,18.2309,1.1435,1.1124,0.0311,-2.0804,1558.2448,NA
ExperienceX.exe,56308,0x216C829D570,DXGI,1,0,0,Composed: Flip,1592.4911,NA,17.93750000000000,NA,0.12240000000000,1.90200000000000,NA,1574.7978,17.8157,17.6933,0.1224,19.1998,0.3955,0.3955,0.0000,NA,NA,NA
ExperienceX.exe,56308,0x216838E1150,DXGI,1,0,0,Composed: Flip,1591.0180,NA,15.83310000000000,16.56140000000000,0.40380000000000,0.88360000000000,32.7602,1576.4183,15.0035,14.5997,0.4038,1.2009,14.2824,1.6585,12.6239,1.6121,1576.4183,NA
ExperienceX.exe,56308,0x216C829D570,DXGI,1,0,0,Composed: Flip,1607.8878,NA,15.39670000000000,NA,0.25900000000000,1.64340000000000,NA,1592.6135,15.5333,15.2743,0.2590,1.7796,15.1381,2.4887,12.6494,NA,NA,NA
ExperienceX.exe,56308,0x216838E1150,DXGI,1,0,0,Composed: Flip,1609.2678,NA,18.24980000000000,16.69170000000000,0.14570000000000,1.35440000000000,31.2021,1591.4218,17.9917,17.8460,0.1457,18.1241,1.0763,1.0648,0.0115,-1.6882,1591.4218,NA
ExperienceX.exe,56308,0x216C829D570,DXGI,1,0,0,Composed: Flip,1624.7462,NA,16.85840000000000,NA,0.10100000000000,2.65720000000000,NA,1608.1468,16.7004,16.5994,0.1010,18.8753,0.3813,0.3813,0.0000,NA,NA,NA
ExperienceX.exe,56308,0x216838E1150,DXGI,1,0,0,Composed: Flip,1624.2870,NA,15.01920000000000,16.69070000000000,0.23900000000000,1.06740000000000,32.8736,1609.4135,15.1125,14.8735,0.2390,1.2087,14.7322,1.8793,12.8529,1.3010,1609.4135,NA
ExperienceX.exe,56308,0x216C829D570,DXGI,1,0,0,Composed: Flip,1641.3193,NA,16.57310000000000,NA,0.26460000000000,3.32310000000000,NA,1624.8472,16.7367,16.4721,0.2646,19.7796,0.0156,0.0156,0.0000,NA,NA,NA
ExperienceX.exe,56308,0x216838E1150,DXGI,1,0,0,Composed: Flip,1642.0766,NA,17.78960000000000,17.23900000000000,1.24740000000000,2.86320000000000,32.3230,1624.5260,18.7980,17.5506,1.2474,20.1164,0.2974,0.2615,0.0359,-2.1265,1624.5260,NA
ExperienceX.exe,56308,0x216C829D570,DXGI,1,0,0,Composed: Flip,1660.7386,NA,19.41930000000000,NA,0.20120000000000,1.21860000000000,NA,1641.5839,19.3559,19.1547,0.2012,19.2080,1.1653,1.1653,0.0000,NA,NA,NA
ExperienceX.exe,56308,0x216838E1150,DXGI,1,0,0,Composed: Flip,1657.8592,NA,15.78260000000000,16.19640000000000,0.28700000000000,2.93270000000000,32.7368,1643.3240,14.8222,14.5352,0.2870,2.1044,15.3635,3.2787,12.0848,2.6016,1643.3240,NA
ExperienceX.exe,56308,0x0,Other,-1,0,0,Composed: Flip,1676.9360,NA,202.55380000000002,NA,0.00000000000000,0.55860000000000,NA,1474.3822,202.5538,202.5538,0.0000,202.8193,0.2931,0.2931,0.0000,NA,NA,NA
ExperienceX.exe,56308,0x216838E1150,DXGI,1,0,0,Composed: Flip,1677.0426,NA,19.18340000000000,16.43510000000000,0.11770000000000,2.08010000000000,29.9885,1658.1462,19.0141,18.8964,0.1177,19.3484,1.6281,1.6191,0.0090,-1.6129,1658.1462,NA
ExperienceX.exe,56308,0x216C829D570,DXGI,1,0,0,Composed: Flip,1692.5024,NA,31.76380000000000,NA,1.93710000000000,3.60590000000000,NA,1660.9398,33.4997,31.5626,1.9371,34.7106,0.4579,0.4579,0.0000,NA,NA,NA
ExperienceX.exe,56308,0x216838E1150,DXGI,1,0,0,Composed: Flip,1691.4526,NA,14.41000000000000,16.96490000000000,0.58530000000000,4.19780000000000,32.5434,1677.1603,14.8776,14.2923,0.5853,1.9624,16.5277,3.0856,13.4421,2.0492,1677.1603,NA
ExperienceX.exe,56308,0x216C829D570,DXGI,1,0,0,Composed: Flip,1707.4970,NA,14.99460000000000,NA,0.27660000000000,3.35550000000000,NA,1694.4395,13.3341,13.0575,0.2766,16.4073,0.0057,0.0057,0.0000,NA,NA,NA
ExperienceX.exe,56308,0x216838E1150,DXGI,1,0,0,Composed: Flip,1708.0479,NA,16.59530000000000,16.50170000000000,0.14110000000000,2.79890000000000,32.4498,1692.0379,16.1511,16.0100,0.1411,16.7545,2.0544,2.0544,0.0000,-1.6241,1692.0379,NA
ExperienceX.exe,56308,0x216C829D570,DXGI,1,0,0,Composed: Flip,1725.8557,NA,18.35870000000000,NA,0.16040000000000,3.19000000000000,NA,1707.7736,18.2425,18.0821,0.1604,21.2636,0.0085,0.0085,0.0000,NA,NA,NA
ExperienceX.exe,56308,0x216C829D570,DXGI,1,0,0,Composed: Flip,1741.1368,NA,15.28110000000000,NA,0.36040000000000,2.39310000000000,NA,1726.0161,15.4811,15.1207,0.3604,3.1811,14.3327,4.3719,9.9608,NA,NA,NA
ExperienceX.exe,56308,0x216838E1150,DXGI,1,0,0,Composed: Flip,1725.0124,NA,16.96450000000000,16.70770000000000,0.47150000000000,2.93750000000000,32.1930,1708.1890,17.2949,16.8234,0.4715,2.6635,17.0974,2.9627,14.1347,-0.5566,1708.1890,NA
ExperienceX.exe,56308,0x216838E1150,DXGI,1,0,0,Composed: Flip,1743.1461,NA,18.13370000000000,NA,0.68930000000000,2.49250000000000,NA,1725.4839,18.3515,17.6622,0.6893,20.1499,0.0048,0.0048,0.0000,NA,NA,NA
ExperienceX.exe,56308,0x216C829D570,DXGI,1,0,0,Composed: Flip,1760.3561,NA,19.21930000000000,NA,0.31850000000000,1.75480000000000,NA,1741.4972,19.1774,18.8589,0.3185,20.2579,0.3558,0.3558,0.0000,NA,NA,NA
ExperienceX.exe,56308,0x216838E1150,DXGI,1,0,0,Composed: Flip,1758.0527,NA,14.90660000000000,33.20760000000000,0.41020000000000,2.69430000000000,32.3603,1743.8354,14.6275,14.2173,0.4102,2.7519,14.1597,3.5420,10.6177,2.4388,1743.8354,NA
ExperienceX.exe,56308,0x216C829D570,DXGI,1,0,0,Composed: Flip,1774.8965,NA,14.54040000000000,NA,0.89700000000000,2.22080000000000,NA,1760.6746,15.1189,14.2219,0.8970,16.4375,0.0052,0.0052,0.0000,NA,NA,NA
ExperienceX.exe,56308,0x216838E1150,DXGI,1,0,0,Composed: Flip,1777.2081,NA,19.15540000000000,17.12670000000000,0.11620000000000,1.67220000000000,30.3316,1758.4629,18.8614,18.7452,0.1162,18.6544,1.7630,1.0522,0.7108,-2.4992,1758.4629,NA
ExperienceX.exe,56308,0x216C829D570,DXGI,1,0,0,Composed: Flip,1795.9930,NA,21.09650000000000,NA,1.58970000000000,2.80760000000000,NA,1775.7935,21.7892,20.1995,1.5897,22.6190,0.3881,0.3881,0.0000,NA,NA,NA
ExperienceX.exe,56308,0x216838E1150,DXGI,1,0,0,Composed: Flip,1795.2980,NA,18.08990000000000,16.58270000000000,0.40270000000000,1.43240000000000,28.8244,1777.3243,18.3764,17.9737,0.4027,1.9695,17.4366,2.1035,15.3331,2.2787,1777.3243,NA
ExperienceX.exe,56308,0x216C829D570,DXGI,1,0,0,Composed: Flip,1808.3594,NA,12.36640000000000,NA,0.33940000000000,1.32770000000000,NA,1797.5827,11.1161,10.7767,0.3394,1.2179,10.8865,2.6758,8.2107,NA,NA,NA
ExperienceX.exe,56308,0x216838E1150,DXGI,1,0,0,Composed: Flip,1810.4366,NA,15.13860000000000,16.31020000000000,0.15360000000000,0.97700000000000,29.9960,1795.7007,14.8895,14.7359,0.1536,14.3531,1.3598,1.2976,0.0622,2.0662,1795.7007,NA
ExperienceX.exe,56308,0x216C829D570,DXGI,1,0,0,Composed: Flip,1827.5841,NA,19.22470000000000,NA,0.49320000000000,1.35290000000000,NA,1808.6988,19.3785,18.8853,0.4932,19.8515,0.3867,0.3867,0.0000,NA,NA,NA
ExperienceX.exe,56308,0x216838E1150,DXGI,1,0,0,Composed: Flip,1825.1271,NA,14.69050000000000,16.84490000000000,0.47140000000000,3.42320000000000,32.1504,1810.5902,15.0083,14.5369,0.4714,1.8174,16.1427,3.5146,12.6281,-1.9554,1810.5902,NA
ExperienceX.exe,56308,0x216C829D570,DXGI,1,0,0,Composed: Flip,1840.9921,NA,13.40800000000000,NA,0.18770000000000,1.55220000000000,NA,1828.0773,13.1025,12.9148,0.1877,14.2699,0.1971,0.1971,0.0000,NA,NA,NA
ExperienceX.exe,56308,0x216838E1150,DXGI,1,0,0,Composed: Flip,1844.0163,NA,18.88920000000000,16.45710000000000,0.40860000000000,1.01930000000000,29.7183,1825.5985,18.8264,18.4178,0.4086,16.9458,2.4913,1.8553,0.6360,-1.4488,1825.5985,NA
ExperienceX.exe,56308,0x216C829D570,DXGI,1,0,0,Composed: Flip,1859.2129,NA,18.22080000000000,NA,0.24650000000000,3.56240000000000,NA,1841.1798,18.2796,18.0331,0.2465,20.2876,1.3079,1.3079,0.0000,NA,NA,NA
ExperienceX.exe,56308,0x216838E1150,DXGI,1,0,0,Composed: Flip,1858.5699,NA,14.55360000000000,16.75180000000000,0.47980000000000,2.88380000000000,31.9165,1844.4249,14.6248,14.1450,0.4798,0.6107,16.4181,2.0128,14.4053,2.0746,1844.4249,NA
ExperienceX.exe,56308,0x216C829D570,DXGI,1,0,0,Composed: Flip,1874.3067,NA,15.09380000000000,NA,0.25980000000000,1.48990000000000,NA,1859.4594,15.1071,14.8473,0.2598,3.7682,12.5690,3.3630,9.2060,NA,NA,NA
ExperienceX.exe,56308,0x216838E1150,DXGI,1,0,0,Composed: Flip,1876.7644,NA,18.19450000000000,16.84890000000000,0.33240000000000,1.03150000000000,30.5709,1859.0497,18.0471,17.7147,0.3324,17.2746,1.4716,1.0099,0.4617,-2.2241,1859.0497,NA
ExperienceX.exe,56308,0x216C829D570,DXGI,1,0,0,Composed: Flip,1891.7371,NA,17.43040000000000,NA,0.18910000000000,3.06920000000000,NA,1874.5665,17.3597,17.1706,0.1891,18.7814,1.4584,1.4584,0.0000,NA,NA,NA
ExperienceX.exe,56308,0x216C7EA03E0,DXGI,1,0,0,Composed: Flip,891.1016,NA,16.70540000000000,NA,0.14550000000000,1.83910000000000,32.7399,874.5663,16.6808,16.5353,0.1455,2.1516,16.2228,1.8730,14.3498,NA,874.5663,NA
ExperienceX.exe,56308,0x216C7EA03E0,DXGI,1,0,0,Composed: Flip,907.2670,NA,16.16540000000000,NA,0.13050000000000,1.24670000000000,NA,891.2471,16.1504,16.0199,0.1305,16.9095,0.3571,0.3571,0.0000,NA,NA,NA
ExperienceX.exe,56308,0x216C7EA03E0,DXGI,1,0,0,Composed: Flip,925.0194,NA,17.75240000000000,NA,0.23960000000000,3.47500000000000,NA,907.3975,17.8615,17.6219,0.2396,20.6677,0.4292,0.4292,0.0000,NA,NA,NA
ExperienceX.exe,56308,0x216C7EA03E0,DXGI,1,0,0,Composed: Flip,940.9577,NA,15.93830000000000,NA,0.30440000000000,2.15270000000000,NA,925.2590,16.0031,15.6987,0.3044,17.8248,0.0266,0.0266,0.0000,NA,NA,NA
ExperienceX.exe,56308,0x216C7EA03E0,DXGI,1,0,0,Composed: Flip,959.5873,NA,18.62960000000000,NA,0.60260000000000,1.53500000000000,NA,941.2621,18.9278,18.3252,0.6026,19.4858,0.3744,0.3744,0.0000,NA,NA,NA
ExperienceX.exe,56308,0x216C7EA03E0,DXGI,1,0,0,Composed: Flip,973.9917,NA,14.40440000000000,NA,1.53790000000000,1.51070000000000,NA,960.1899,15.3397,13.8018,1.5379,0.9324,14.3801,3.4341,10.9460,NA,NA,NA
ExperienceX.exe,56308,0x216C7EA03E0,DXGI,1,0,0,Composed: Flip,991.0797,NA,17.08800000000000,NA,0.11600000000000,3.01600000000000,NA,975.5296,15.6661,15.5501,0.1160,17.7808,0.7853,0.7853,0.0000,NA,NA,NA
ExperienceX.exe,56308,0x216C7EA03E0,DXGI,1,0,0,Composed: Flip,1007.3236,NA,16.24390000000000,NA,0.13010000000000,1.22600000000000,NA,991.1957,16.2580,16.1279,0.1301,2.9000,14.4539,1.9485,12.5054,NA,NA,NA
ExperienceX.exe,56308,0x216C7EA03E0,DXGI,1,0,0,Composed: Flip,1024.1492,NA,16.82560000000000,NA,0.56030000000000,1.95460000000000,NA,1007.4537,17.2558,16.6955,0.5603,17.0739,1.5762,1.5762,0.0000,NA,NA,NA
ExperienceX.exe,56308,0x216C7EA03E0,DXGI,1,0,0,Composed: Flip,1041.0981,NA,16.94890000000000,NA,0.15790000000000,1.22660000000000,NA,1024.7095,16.5465,16.3886,0.1579,17.2531,0.3621,0.3621,0.0000,NA,NA,NA
ExperienceX.exe,56308,0x216C7EA03E0,DXGI,1,0,0,Composed: Flip,1057.7219,NA,16.62380000000000,NA,0.14500000000000,2.17320000000000,NA,1041.2560,16.6109,16.4659,0.1450,17.4306,1.2085,1.2085,0.0000,NA,NA,NA
ExperienceX.exe,56308,0x216C7EA03E0,DXGI,1,0,0,Composed: Flip,1074.1719,NA,16.45000000000000,NA,0.17320000000000,1.00630000000000,NA,1057.8669,16.4782,16.3050,0.1732,2.3877,14.9236,2.2217,12.7019,NA,NA,NA
ExperienceX.exe,56308,0x216C7EA03E0,DXGI,1,0,0,Composed: Flip,1090.8380,NA,16.66610000000000,NA,0.12660000000000,3.28500000000000,NA,1074.3451,16.6195,16.4929,0.1266,19.3561,0.4218,0.4218,0.0000,NA,NA,NA
ExperienceX.exe,56308,0x216C7EA03E0,DXGI,1,0,0,Composed: Flip,1107.3413,NA,16.50330000000000,NA,0.13050000000000,0.60780000000000,NA,1090.9646,16.5072,16.3767,0.1305,3.5404,13.4441,1.0523,12.3918,NA,NA,NA
ExperienceX.exe,56308,0x216C7EA03E0,DXGI,1,0,0,Composed: Flip,1124.6681,NA,17.32680000000000,NA,0.05390000000000,3.06540000000000,NA,1107.4718,17.2502,17.1963,0.0539,19.7745,0.4872,0.4872,0.0000,NA,NA,NA
ExperienceX.exe,56308,0x216C7EA03E0,DXGI,1,0,0,Composed: Flip,1140.8479,NA,16.17980000000000,NA,0.27830000000000,1.18620000000000,NA,1124.7220,16.4042,16.1259,0.2783,3.0115,14.3006,1.8303,12.4703,NA,NA,NA
ExperienceX.exe,56308,0x216C7EA03E0,DXGI,1,0,0,Composed: Flip,1158.6038,NA,17.75590000000000,NA,0.13880000000000,3.29640000000000,NA,1141.1262,17.6164,17.4776,0.1388,18.5396,2.2344,1.5620,0.6724,NA,NA,NA
ExperienceX.exe,56308,0x216C7EA03E0,DXGI,1,0,0,Composed: Flip,1174.1734,NA,15.56960000000000,NA,0.27200000000000,2.23230000000000,NA,1158.7426,15.7028,15.4308,0.2720,16.9045,0.7586,0.7586,0.0000,NA,NA,NA
ExperienceX.exe,56308,0x216C7EA03E0,DXGI,1,0,0,Composed: Flip,1191.4638,NA,17.29040000000000,NA,0.12470000000000,3.24340000000000,NA,1174.4454,17.1431,17.0184,0.1247,19.4629,0.7989,0.7989,0.0000,NA,NA,NA
ExperienceX.exe,56308,0x216C7EA03E0,DXGI,1,0,0,Composed: Flip,1207.3552,NA,15.89140000000000,NA,0.19590000000000,1.86000000000000,NA,1191.5885,15.9626,15.7667,0.1959,16.9844,0.6423,0.6423,0.0000,NA,NA,NA
ExperienceX.exe,56308,0x216C7EA03E0,DXGI,1,0,0,Composed: Flip,1224.7449,NA,17.38970000000000,NA,0.06810000000000,2.03320000000000,NA,1207.5511,17.2619,17.1938,0.0681,17.6023,1.6247,1.6247,0.0000,NA,NA,NA
ExperienceX.exe,56308,0x216C7EA03E0,DXGI,1,0,0,Composed: Flip,1241.0809,NA,16.33600000000000,NA,0.23350000000000,1.73690000000000,NA,1224.8130,16.5014,16.2679,0.2335,17.4152,0.5896,0.5896,0.0000,NA,NA,NA
ExperienceX.exe,56308,0x216C7EA03E0,DXGI,1,0,0,Composed: Flip,1258.4434,NA,17.36250000000000,NA,0.11460000000000,1.29450000000000,NA,1241.3144,17.2436,17.1290,0.1146,16.7710,1.6525,1.6525,0.0000,NA,NA,NA
ExperienceX.exe,56308,0x216C7EA03E0,DXGI,1,0,0,Composed: Flip,1274.0487,NA,15.60530000000000,NA,0.20630000000000,1.93600000000000,NA,1258.5580,15.6970,15.4907,0.2063,17.1057,0.3210,0.3210,0.0000,NA,NA,NA
ExperienceX.exe,56308,0x216C7EA03E0,DXGI,1,0,0,Composed: Flip,1294.0640,NA,20.01530000000000,NA,0.17310000000000,0.90680000000000,NA,1274.2550,19.9821,19.8090,0.1731,18.7698,1.9460,1.9460,0.0000,NA,NA,NA
ExperienceX.exe,56308,0x216C7EA03E0,DXGI,1,0,0,Composed: Flip,1307.4796,NA,13.41560000000000,NA,0.23210000000000,0.97200000000000,NA,1294.2371,13.4746,13.2425,0.2321,0.7389,13.4756,2.2742,11.2014,NA,NA,NA
ExperienceX.exe,56308,0x216C7EA03E0,DXGI,1,0,0,Composed: Flip,1325.7549,NA,18.27530000000000,NA,0.15850000000000,1.39370000000000,NA,1307.7117,18.2017,18.0432,0.1585,19.1416,0.2953,0.2953,0.0000,NA,NA,NA
ExperienceX.exe,56308,0x216C7EA03E0,DXGI,1,0,0,Composed: Flip,1340.8651,NA,15.11020000000000,NA,0.37510000000000,1.27370000000000,NA,1325.9134,15.3268,14.9517,0.3751,1.2352,14.9902,1.8351,13.1551,NA,NA,NA
ExperienceX.exe,56308,0x216C7EA03E0,DXGI,1,0,0,Composed: Flip,1359.7870,NA,18.92190000000000,NA,0.14750000000000,1.48220000000000,NA,1341.2402,18.6943,18.5468,0.1475,19.6998,0.3292,0.3292,0.0000,NA,NA,NA
ExperienceX.exe,56308,0x216C7EA03E0,DXGI,1,0,0,Composed: Flip,1374.2301,NA,14.44310000000000,NA,0.42900000000000,1.24620000000000,NA,1359.9345,14.7246,14.2956,0.4290,1.3347,14.2071,1.7031,12.5040,NA,NA,NA
ExperienceX.exe,56308,0x216C7EA03E0,DXGI,1,0,0,Composed: Flip,1391.1291,NA,16.89900000000000,NA,0.08550000000000,2.10910000000000,NA,1374.6591,16.5555,16.4700,0.0855,17.5353,1.0438,1.0438,0.0000,NA,NA,NA
ExperienceX.exe,56308,0x216C7EA03E0,DXGI,1,0,0,Composed: Flip,1407.7958,NA,16.66670000000000,NA,0.19190000000000,1.06140000000000,NA,1391.2146,16.7731,16.5812,0.1919,2.8308,14.8118,1.8384,12.9734,NA,NA,NA
ExperienceX.exe,56308,0x216C7EA03E0,DXGI,1,0,0,Composed: Flip,1424.9645,NA,17.16870000000000,NA,0.16920000000000,1.77180000000000,NA,1407.9877,17.1460,16.9768,0.1692,17.3792,1.3694,1.3694,0.0000,NA,NA,NA
ExperienceX.exe,56308,0x216C7EA03E0,DXGI,1,0,0,Composed: Flip,1440.7275,NA,15.76300000000000,NA,0.21650000000000,1.54150000000000,NA,1425.1337,15.8103,15.5938,0.2165,16.7576,0.3777,0.3777,0.0000,NA,NA,NA
ExperienceX.exe,56308,0x216C7EA03E0,DXGI,1,0,0,Composed: Flip,1458.3463,NA,17.61880000000000,NA,0.06200000000000,2.10280000000000,NA,1440.9440,17.4643,17.4023,0.0620,18.7053,0.7998,0.7998,0.0000,NA,NA,NA
ExperienceX.exe,56308,0x216C7EA03E0,DXGI,1,0,0,Composed: Flip,1491.2500,NA,32.90370000000000,NA,0.15270000000000,1.60670000000000,NA,1458.4083,32.9944,32.8417,0.1527,33.0129,1.4355,1.4355,0.0000,NA,NA,NA
ExperienceX.exe,56308,0x216C7EA03E0,DXGI,1,0,0,Composed: Flip,1507.2814,NA,16.03140000000000,NA,0.30020000000000,1.86970000000000,NA,1491.4027,16.1789,15.8787,0.3002,17.0996,0.6488,0.6488,0.0000,NA,NA,NA
ExperienceX.exe,56308,0x216C7EA03E0,DXGI,1,0,0,Composed: Flip,1525.5452,NA,18.26380000000000,NA,0.28150000000000,2.83210000000000,NA,1507.5816,18.2451,17.9636,0.2815,19.3424,1.4533,1.4533,0.0000,NA,NA,NA
ExperienceX.exe,56308,0x216C7EA03E0,DXGI,1,0,0,Composed: Flip,1541.1593,NA,15.61410000000000,NA,0.35720000000000,1.60100000000000,NA,1525.8267,15.6898,15.3326,0.3572,16.5798,0.3538,0.3538,0.0000,NA,NA,NA
ExperienceX.exe,56308,0x216C7EA03E0,DXGI,1,0,0,Composed: Flip,1559.3646,NA,18.20530000000000,NA,0.36960000000000,1.73830000000000,NA,1541.5165,18.2177,17.8481,0.3696,19.2003,0.3861,0.3861,0.0000,NA,NA,NA
ExperienceX.exe,56308,0x216C7EA03E0,DXGI,1,0,0,Composed: Flip,1574.5540,NA,15.18940000000000,NA,0.24380000000000,1.91300000000000,NA,1559.7342,15.0636,14.8198,0.2438,1.3687,15.3641,3.4267,11.9374,NA,NA,NA
ExperienceX.exe,56308,0x216C7EA03E0,DXGI,1,0,0,Composed: Flip,1593.0662,NA,18.51220000000000,NA,0.23660000000000,0.93140000000000,NA,1574.7978,18.5050,18.2684,0.2366,17.1320,2.0678,1.9586,0.1092,NA,NA,NA
ExperienceX.exe,56308,0x216C7EA03E0,DXGI,1,0,0,Composed: Flip,1607.8879,NA,14.82170000000000,NA,0.25810000000000,1.65800000000000,NA,1593.3028,14.8432,14.5851,0.2581,16.2284,0.0147,0.0147,0.0000,NA,NA,NA
ExperienceX.exe,56308,0x216C7EA03E0,DXGI,1,0,0,Composed: Flip,1624.7428,NA,16.85490000000000,NA,0.11560000000000,2.27930000000000,NA,1608.1460,16.7124,16.5968,0.1156,17.2084,1.6677,1.6677,0.0000,NA,NA,NA
ExperienceX.exe,56308,0x216C7EA03E0,DXGI,1,0,0,Composed: Flip,1641.3190,NA,16.57620000000000,NA,0.26450000000000,3.30780000000000,NA,1624.8584,16.7251,16.4606,0.2645,2.5450,17.2234,4.6298,12.5936,NA,NA,NA
ExperienceX.exe,56308,0x216C7EA03E0,DXGI,1,0,0,Composed: Flip,1660.7066,NA,19.38760000000000,NA,0.29630000000000,2.56510000000000,NA,1641.5835,19.4194,19.1231,0.2963,20.3737,1.3145,1.3145,0.0000,NA,NA,NA
ExperienceX.exe,56308,0x216C7EA03E0,DXGI,1,0,0,Composed: Flip,1675.3966,NA,14.69000000000000,NA,0.20050000000000,1.80490000000000,NA,1661.0029,14.5942,14.3937,0.2005,2.2688,13.9298,1.6169,12.3129,NA,NA,NA
ExperienceX.exe,56308,0x216C7EA03E0,DXGI,1,0,0,Composed: Flip,1694.1995,NA,18.80290000000000,NA,2.09350000000000,2.76020000000000,NA,1675.5971,20.6959,18.6024,2.0935,20.5112,0.8514,0.8514,0.0000,NA,NA,NA
ExperienceX.exe,56308,0x216C7EA03E0,DXGI,1,0,0,Composed: Flip,1707.4841,NA,13.28460000000000,NA,0.28410000000000,1.21580000000000,NA,1696.2930,11.4752,11.1911,0.2841,0.6667,11.7402,1.6420,10.0982,NA,NA,NA
ExperienceX.exe,56308,0x216C7EA03E0,DXGI,1,0,0,Composed: Flip,1727.4836,NA,19.99950000000000,NA,0.41040000000000,1.54950000000000,NA,1707.7682,20.1258,19.7154,0.4104,20.1817,1.0832,1.0647,0.0185,NA,NA,NA
ExperienceX.exe,56308,0x216C7EA03E0,DXGI,1,0,0,Composed: Flip,1758.8864,NA,31.40280000000000,NA,1.65530000000000,2.86870000000000,NA,1727.8940,32.6477,30.9924,1.6553,32.8530,1.0081,1.0081,0.0000,NA,NA,NA
ExperienceX.exe,56308,0x216C7EA03E0,DXGI,1,0,0,Composed: Flip,1774.7556,NA,15.86920000000000,NA,0.37150000000000,2.35650000000000,NA,1760.5417,14.5854,14.2139,0.3715,1.5692,15.0012,3.7542,11.2470,NA,NA,NA
ExperienceX.exe,56308,0x216C7EA03E0,DXGI,1,0,0,Composed: Flip,1795.9438,NA,21.18820000000000,NA,0.26130000000000,2.46870000000000,NA,1775.1271,21.0780,20.8167,0.2613,21.6033,1.6821,1.6821,0.0000,NA,NA,NA
ExperienceX.exe,56308,0x216C7EA03E0,DXGI,1,0,0,Composed: Flip,1808.3601,NA,12.41630000000000,NA,0.39170000000000,1.69370000000000,NA,1796.2051,12.5467,12.1550,0.3917,13.4820,0.3667,0.3667,0.0000,NA,NA,NA
ExperienceX.exe,56308,0x216C7EA03E0,DXGI,1,0,0,Composed: Flip,1827.6640,NA,19.30390000000000,NA,0.21070000000000,2.16030000000000,NA,1808.7518,19.1229,18.9122,0.2107,20.1852,0.8873,0.8873,0.0000,NA,NA,NA
ExperienceX.exe,56308,0x216C7EA03E0,DXGI,1,0,0,Composed: Flip,1841.0494,NA,13.38540000000000,NA,0.32780000000000,1.29780000000000,NA,1827.8747,13.5025,13.1747,0.3278,1.9496,12.5229,2.6887,9.8342,NA,NA,NA
ExperienceX.exe,56308,0x216C7EA03E0,DXGI,1,0,0,Composed: Flip,1859.2148,NA,18.16540000000000,NA,0.24030000000000,4.01280000000000,NA,1841.3772,18.0779,17.8376,0.2403,21.3981,0.4523,0.4523,0.0000,NA,NA,NA
ExperienceX.exe,56308,0x216C7EA03E0,DXGI,1,0,0,Composed: Flip,1874.3068,NA,15.09200000000000,NA,0.25970000000000,2.01750000000000,NA,1859.4551,15.1114,14.8517,0.2597,16.3415,0.5277,0.3699,0.1578,NA,NA,NA
ExperienceX.exe,56308,0x216C7EA03E0,DXGI,1,0,0,Composed: Flip,1891.8129,NA,17.50610000000000,NA,0.31270000000000,3.36290000000000,NA,1874.5665,17.5591,17.2464,0.3127,20.2398,0.3695,0.3520,0.0175,NA,NA,NA
ExperienceX.exe,56308,0x216C7EA03E0,DXGI,1,0,0,Composed: Flip,1914.5522,NA,22.73930000000000,NA,0.31480000000000,2.04920000000000,NA,1892.1256,22.7414,22.4266,0.3148,3.3033,21.1725,5.3795,15.7930,NA,NA,NA
ExperienceX.exe,56308,0x216C829D570,DXGI,1,0,0,Composed: Flip,1929.3152,NA,37.57810000000000,NA,0.40640000000000,1.55360000000000,NA,1891.9262,37.7954,37.3890,0.4064,26.2305,12.7121,4.0715,8.6406,NA,NA,NA
ExperienceX.exe,56308,0x216838E1150,DXGI,1,0,0,Composed: Flip,1891.1718,NA,14.40740000000000,33.10120000000000,0.55560000000000,2.17610000000000,49.2647,1877.0968,14.6306,14.0750,0.5556,1.3594,14.8917,2.5585,12.3332,-15.0541,1877.0968,NA
ExperienceX.exe,56308,0x216838E1150,DXGI,1,0,0,Composed: Flip,1929.3160,NA,38.14420000000000,NA,0.39190000000000,1.94380000000000,NA,1891.7274,37.9805,37.5886,0.3919,39.1414,0.3910,0.3910,0.0000,NA,NA,NA
ExperienceX.exe,56308,0x216838E1150,DXGI,1,0,0,Composed: Flip,1914.7488,NA,0.00000000000000,NA,0.52390000000000,3.40790000000000,NA,1929.7079,0.5239,0.0000,0.5239,0.0000,0.0136,0.0136,0.0000,NA,NA,NA
ExperienceX.exe,56308,0x216838E1150,DXGI,1,0,0,Composed: Flip,1944.9855,NA,30.23670000000000,33.60830000000000,0.22050000000000,0.82300000000000,29.0593,1915.2727,29.9333,29.7128,0.2205,29.2911,1.2447,1.2447,0.0000,4.5676,1915.2727,NA
ExperienceX.exe,56308,0x216C829D570,DXGI,1,0,0,Composed: Flip,1914.7786,NA,0.00000000000000,NA,0.22110000000000,3.36450000000000,43.6637,1929.7216,0.2211,0.0000,0.2211,0.0000,1.5417,1.5417,0.0000,NA,1929.7216,NA
ExperienceX.exe,56308,0x216C829D570,DXGI,1,0,0,Composed: Flip,1941.7509,NA,26.97230000000000,NA,0.63010000000000,2.81290000000000,NA,1914.9997,27.3813,26.7512,0.6301,29.0308,0.5333,0.5333,0.0000,NA,NA,NA
ExperienceX.exe,56308,0x216C829D570,DXGI,1,0,0,Composed: Flip,1960.8647,NA,19.11380000000000,NA,2.23820000000000,3.95170000000000,NA,1942.3810,20.7219,18.4837,2.2382,21.4167,1.0187,1.0187,0.0000,NA,NA,NA
ExperienceX.exe,56308,0x216C829D570,DXGI,1,0,0,Composed: Flip,1978.7432,NA,17.87850000000000,NA,0.27080000000000,2.74870000000000,NA,1963.1029,15.9111,15.6403,0.2708,16.8936,1.4954,1.4954,0.0000,NA,NA,NA
ExperienceX.exe,56308,0x216838E1150,DXGI,1,0,0,Composed: Flip,1959.8373,NA,14.85180000000000,33.07670000000000,0.57310000000000,3.96040000000000,47.2842,1945.2060,15.2044,14.6313,0.5731,0.6025,17.9892,2.9858,15.0034,-3.1434,1945.2060,NA
ExperienceX.exe,56308,0x216838E1150,DXGI,1,0,0,Composed: Flip,1998.8766,NA,39.03930000000000,NA,0.39500000000000,1.53320000000000,NA,1960.4104,38.8612,38.4662,0.3950,21.8351,18.1643,3.4932,14.6711,NA,NA,NA
ExperienceX.exe,56308,0x216838E1150,DXGI,1,0,0,Composed: Flip,1978.9569,NA,0.00000000000000,16.88330000000000,1.63450000000000,2.91700000000000,45.0479,1999.2716,1.6345,0.0000,1.6345,0.0000,0.3820,0.3694,0.0126,37.1823,1999.2716,NA
ExperienceX.exe,56308,0x216838E1150,DXGI,1,0,0,Composed: Flip,2010.7868,NA,31.82990000000000,16.56370000000000,1.63900000000000,2.76120000000000,29.7817,1980.5914,31.8344,30.1954,1.6390,32.9363,0.0203,0.0203,0.0000,NA,1980.5914,NA
ExperienceX.exe,56308,0x0,Other,-1,0,0,Composed: Flip,1744.5190,NA,67.58300000000000,NA,0.00000000000000,1.11160000000000,29.3195,1676.9360,67.5830,67.5830,0.0000,66.5959,2.0987,2.0872,0.0115,NA,1676.9360,NA
ExperienceX.exe,56308,0x216838E1150,DXGI,1,0,0,Composed: Flip,2024.8666,NA,14.07980000000000,16.76530000000000,0.38840000000000,2.72270000000000,32.4672,2012.4258,12.8292,12.4408,0.3884,1.6773,13.4862,2.8906,10.5956,15.0691,2012.4258,NA
ExperienceX.exe,56308,0x216838E1150,DXGI,1,0,0,Composed: Flip,2041.1510,NA,16.28440000000000,NA,0.15120000000000,0.79030000000000,NA,2025.2550,16.0472,15.8960,0.1512,16.2762,0.4101,0.4101,0.0000,NA,NA,NA
ExperienceX.exe,56308,0x216838E1150,DXGI,1,0,0,Composed: Flip,2058.4957,NA,17.34470000000000,33.22360000000000,0.51840000000000,2.56380000000000,32.0617,2041.3022,17.7119,17.1935,0.5184,1.9841,17.7732,3.1374,14.6358,-4.3472,2041.3022,NA
ExperienceX.exe,56308,0x216838E1150,DXGI,1,0,0,Composed: Flip,2074.9456,NA,16.44990000000000,16.50350000000000,0.10640000000000,4.44140000000000,32.1153,2059.0141,16.0379,15.9315,0.1064,18.9254,1.4475,1.4433,0.0042,1.2084,2059.0141,NA
ExperienceX.exe,56308,0x216838E1150,DXGI,1,0,0,Composed: Flip,2091.1403,NA,16.19470000000000,16.91440000000000,0.31360000000000,2.04360000000000,32.8350,2075.0520,16.4019,16.0883,0.3136,16.5320,1.5999,1.2579,0.3420,-0.8765,2075.0520,NA
ExperienceX.exe,56308,0x216C7EA03E0,DXGI,1,0,0,Composed: Flip,1929.3167,NA,14.76450000000000,1034.16599999999994,0.39740000000000,2.31990000000000,28.6908,1914.8670,14.8471,14.4497,0.3974,16.3928,0.3768,0.3612,0.0156,6.1347,1914.8670,NA
ExperienceX.exe,56308,0x216C7EA03E0,DXGI,1,0,0,Composed: Flip,1941.3041,NA,11.98740000000000,NA,0.54090000000000,2.72640000000000,NA,1929.7141,12.1309,11.5900,0.5409,12.2010,2.1154,1.6600,0.4554,NA,NA,NA
ExperienceX.exe,56308,0x216C7EA03E0,DXGI,1,0,0,Composed: Flip,1960.8803,NA,19.57620000000000,NA,3.62030000000000,4.80620000000000,NA,1941.8450,22.6556,19.0353,3.6203,22.9714,0.8701,0.8701,0.0000,NA,NA,NA
ExperienceX.exe,56308,0x216C7EA03E0,DXGI,1,0,0,Composed: Flip,1999.7271,NA,38.84680000000000,NA,0.22700000000000,2.13290000000000,NA,1964.5006,35.4535,35.2265,0.2270,36.2071,1.1523,1.1290,0.0233,NA,NA,NA
ExperienceX.exe,56308,0x216C7EA03E0,DXGI,1,0,0,Composed: Flip,1977.9543,NA,0.00000000000000,NA,0.37780000000000,2.04220000000000,NA,1999.9541,0.3778,0.0000,0.3778,0.0000,14.3100,2.1716,12.1384,NA,NA,NA
ExperienceX.exe,56308,0x216C7EA03E0,DXGI,1,0,0,Composed: Flip,2010.0974,NA,32.14310000000000,NA,0.32500000000000,3.46380000000000,NA,1978.3321,32.0903,31.7653,0.3250,35.2205,0.0086,0.0086,0.0000,NA,NA,NA
ExperienceX.exe,56308,0x216C7EA03E0,DXGI,1,0,0,Composed: Flip,2025.4249,NA,15.32750000000000,NA,0.19280000000000,3.83150000000000,NA,2010.4224,15.1953,15.0025,0.1928,18.4436,0.3904,0.3904,0.0000,NA,NA,NA
ExperienceX.exe,56308,0x216C7EA03E0,DXGI,1,0,0,Composed: Flip,2059.1146,NA,33.68970000000000,NA,0.19670000000000,3.83160000000000,NA,2025.6177,33.6936,33.4969,0.1967,36.8754,0.4531,0.4531,0.0000,NA,NA,NA
ExperienceX.exe,56308,0x216C7EA03E0,DXGI,1,0,0,Composed: Flip,2074.4498,NA,15.33520000000000,NA,0.20540000000000,3.48970000000000,NA,2059.3113,15.3439,15.1385,0.2054,18.1517,0.4765,0.4765,0.0000,NA,NA,NA
ExperienceX.exe,56308,0x216C7EA03E0,DXGI,1,0,0,Composed: Flip,2091.7780,NA,17.32820000000000,NA,0.36650000000000,3.56250000000000,NA,2074.6552,17.4893,17.1228,0.3665,18.5287,2.1566,2.1566,0.0000,NA,NA,NA
ExperienceX.exe,56308,0x216C7EA03E0,DXGI,1,0,0,Composed: Flip,2107.3951,NA,15.61710000000000,NA,0.21790000000000,1.51830000000000,NA,2092.1445,15.4685,15.2506,0.2179,3.6425,13.1264,2.0940,11.0324,NA,NA,NA
ExperienceX.exe,56308,0x216838E1150,DXGI,1,0,0,Composed: Flip,2109.2551,NA,18.11480000000000,16.50150000000000,0.51280000000000,1.25590000000000,31.2217,2091.4539,18.3140,17.8012,0.5128,17.8813,1.1758,1.1524,0.0234,-0.0996,2091.4539,NA
ExperienceX.exe,56308,0x216838E1150,DXGI,1,0,0,Composed: Flip,2124.8026,NA,15.54750000000000,NA,0.38080000000000,4.11880000000000,NA,2109.7679,15.4155,15.0347,0.3808,19.1348,0.0187,0.0187,0.0000,NA,NA,NA
ExperienceX.exe,56308,0x216C829D570,DXGI,1,0,0,Composed: Flip,1998.8751,NA,20.13190000000000,65.41790000000000,0.44370000000000,1.83260000000000,24.9851,1979.0140,20.3048,19.8611,0.4437,21.3958,0.2979,0.2979,0.0000,-16.1255,1979.0140,NA
ExperienceX.exe,56308,0x216C829D570,DXGI,1,0,0,Composed: Flip,2010.0394,NA,11.16430000000000,NA,0.32080000000000,3.45140000000000,NA,1999.3188,11.0414,10.7206,0.3208,3.3502,10.8218,3.9757,6.8461,NA,NA,NA
ExperienceX.exe,56308,0x216C829D570,DXGI,1,0,0,Composed: Flip,2025.4248,NA,15.38540000000000,NA,0.23570000000000,3.44120000000000,NA,2010.3602,15.3003,15.0646,0.2357,17.2450,1.2608,1.2608,0.0000,NA,NA,NA
ExperienceX.exe,56308,0x216C829D570,DXGI,1,0,0,Composed: Flip,2040.2943,NA,14.86950000000000,NA,0.46910000000000,1.23690000000000,NA,2025.6605,15.1029,14.6338,0.4691,3.5959,12.2748,2.1859,10.0889,NA,NA,NA
ExperienceX.exe,56308,0x216C829D570,DXGI,1,0,0,Composed: Flip,2059.1154,NA,18.82110000000000,NA,0.19420000000000,3.37770000000000,NA,2040.7634,18.5462,18.3520,0.1942,20.2961,1.4336,1.4336,0.0000,NA,NA,NA
ExperienceX.exe,56308,0x216C829D570,DXGI,1,0,0,Composed: Flip,2074.5163,NA,15.40090000000000,NA,0.49660000000000,1.77020000000000,NA,2059.3096,15.7033,15.2067,0.4966,3.6366,13.3403,2.9710,10.3693,NA,NA,NA
ExperienceX.exe,56308,0x216C829D570,DXGI,1,0,0,Composed: Flip,2091.7240,NA,17.20770000000000,NA,0.36350000000000,4.06300000000000,NA,2075.0129,17.0746,16.7111,0.3635,20.3276,0.4465,0.4465,0.0000,NA,NA,NA
ExperienceX.exe,56308,0x216C829D570,DXGI,1,0,0,Composed: Flip,2107.4064,NA,15.68240000000000,NA,0.42660000000000,1.92880000000000,NA,2092.0875,15.7455,15.3189,0.4266,16.8259,0.4218,0.4218,0.0000,NA,NA,NA
ExperienceX.exe,56308,0x216C829D570,DXGI,1,0,0,Composed: Flip,2125.3807,NA,17.97430000000000,NA,1.46790000000000,3.71380000000000,NA,2107.8330,19.0156,17.5477,1.4679,21.0884,0.1731,0.1625,0.0106,NA,NA,NA
ExperienceX.exe,56308,0x216C829D570,DXGI,1,0,0,Composed: Flip,2141.3353,NA,15.95460000000000,NA,0.70560000000000,2.15430000000000,NA,2126.8486,15.1923,14.4867,0.7056,16.6334,0.0076,0.0076,0.0000,NA,NA,NA
ExperienceX.exe,56308,0x216838E1150,DXGI,1,0,0,Composed: Flip,2142.2954,NA,17.49280000000000,33.34780000000000,0.32290000000000,2.43470000000000,31.5292,2125.1834,17.4349,17.1120,0.3229,18.3062,1.2405,1.1996,0.0409,0.3817,2125.1834,NA
ExperienceX.exe,56308,0x216838E1150,DXGI,1,0,0,Composed: Flip,2157.8099,NA,15.51450000000000,NA,0.33970000000000,6.99750000000000,NA,2142.6183,15.5313,15.1916,0.3397,21.5226,0.6665,0.6392,0.0273,NA,NA,NA
ExperienceX.exe,56308,0x216838E1150,DXGI,1,0,0,Composed: Flip,2177.5488,NA,19.73890000000000,33.35080000000000,0.19390000000000,1.25390000000000,29.6266,2158.1496,19.5931,19.3992,0.1939,19.4894,1.1637,1.1456,0.0181,-0.3846,2158.1496,NA
ExperienceX.exe,56308,0x216C829D570,DXGI,1,0,0,Composed: Flip,2158.4036,NA,17.06830000000000,167.55760000000001,0.20720000000000,2.19420000000000,33.0142,2142.0409,16.5699,16.3627,0.2072,3.8782,14.6787,2.9478,11.7309,-4.5307,2142.0409,NA
ExperienceX.exe,56308,0x216C829D570,DXGI,1,0,0,Composed: Flip,2174.6210,NA,16.21740000000000,NA,0.51730000000000,3.01800000000000,NA,2158.6108,16.5275,16.0102,0.5173,18.5671,0.4611,0.4611,0.0000,NA,NA,NA
ExperienceX.exe,56308,0x216C829D570,DXGI,1,0,0,Composed: Flip,2194.5414,NA,19.92040000000000,NA,0.33060000000000,2.76280000000000,NA,2175.1383,19.7337,19.4031,0.3306,20.7156,1.4503,1.4439,0.0064,NA,NA,NA
ExperienceX.exe,56308,0x216C7EA03E0,DXGI,1,0,0,Composed: Flip,2126.7375,NA,19.34240000000000,199.09790000000001,0.61660000000000,2.16520000000000,30.3679,2107.6130,19.7411,19.1245,0.6166,2.9158,18.3739,4.8067,13.5672,-6.3519,2107.6130,NA
ExperienceX.exe,56308,0x216C7EA03E0,DXGI,1,0,0,Composed: Flip,2141.3414,NA,14.60390000000000,NA,0.44590000000000,2.14060000000000,NA,2127.3541,14.4332,13.9873,0.4459,1.9176,14.2103,3.9401,10.2702,NA,NA,NA
ExperienceX.exe,56308,0x216C7EA03E0,DXGI,1,0,0,Composed: Flip,2158.3552,NA,17.01380000000000,NA,0.16230000000000,5.78570000000000,NA,2141.7873,16.7302,16.5679,0.1623,19.9956,2.3580,2.3580,0.0000,NA,NA,NA
ExperienceX.exe,56308,0x216C7EA03E0,DXGI,1,0,0,Composed: Flip,2174.6200,NA,16.26480000000000,NA,0.50360000000000,2.55790000000000,NA,2158.5175,16.6061,16.1025,0.5036,16.6413,2.0191,0.9642,1.0549,NA,NA,NA
ExperienceX.exe,56308,0x216C7EA03E0,DXGI,1,0,0,Composed: Flip,2197.7356,NA,23.11560000000000,NA,0.22300000000000,1.15440000000000,NA,2175.1236,22.8350,22.6120,0.2230,22.1806,1.5858,1.5858,0.0000,NA,NA,NA
ExperienceX.exe,56308,0x216C7EA03E0,DXGI,1,0,0,Composed: Flip,2219.6207,NA,21.88510000000000,NA,0.23000000000000,1.45410000000000,NA,2197.9586,21.8921,21.6621,0.2300,22.7127,0.4035,0.4035,0.0000,NA,NA,NA
ExperienceX.exe,56308,0x216C7EA03E0,DXGI,1,0,0,Composed: Flip,2229.5705,NA,9.94980000000000,NA,0.39220000000000,2.18110000000000,NA,2219.8507,10.1120,9.7198,0.3922,11.2882,0.6127,0.6127,0.0000,NA,NA,NA
ExperienceX.exe,56308,0x216838E1150,DXGI,1,0,0,Composed: Flip,2193.7142,NA,16.16540000000000,33.37220000000000,0.30240000000000,2.13970000000000,46.8334,2177.7427,16.2739,15.9715,0.3024,1.1732,16.9380,2.7008,14.2372,-13.7791,2177.7427,NA
ExperienceX.exe,56308,0x216838E1150,DXGI,1,0,0,Composed: Flip,2218.4357,NA,24.72150000000000,NA,1.42470000000000,3.69130000000000,NA,2194.0166,25.8438,24.4191,1.4247,27.0582,1.0522,1.0522,0.0000,NA,NA,NA
ExperienceX.exe,56308,0x216838E1150,DXGI,1,0,0,Composed: Flip,2250.4993,NA,32.06360000000000,NA,0.46890000000000,1.59990000000000,NA,2219.8604,31.1078,30.6389,0.4689,28.4917,3.7471,3.7471,0.0000,NA,NA,NA
ExperienceX.exe,56308,0x216C7EA03E0,DXGI,1,0,0,Composed: Flip,2250.5338,NA,20.96330000000000,116.66090000000001,0.43420000000000,2.64750000000000,23.2325,2229.9627,21.0053,20.5711,0.4342,22.1646,1.0540,1.0540,0.0000,5.6888,2229.9627,NA
ExperienceX.exe,56308,0x216838E1150,DXGI,1,0,0,Composed: Flip,2229.6311,NA,0.00000000000000,33.31210000000000,0.39580000000000,2.53420000000000,44.2286,2250.9682,0.3958,0.0000,0.3958,0.0000,0.4137,0.3999,0.0138,39.9134,2250.9682,NA
ExperienceX.exe,56308,0x216838E1150,DXGI,1,0,0,Composed: Flip,2259.4175,NA,29.78640000000000,NA,0.35680000000000,2.80350000000000,NA,2230.0269,29.7474,29.3906,0.3568,23.1544,9.0397,2.7471,6.2926,NA,NA,NA
ExperienceX.exe,56308,0x216838E1150,DXGI,1,0,0,Composed: Flip,2275.2895,NA,15.87200000000000,33.23900000000000,1.35450000000000,2.66140000000000,31.8092,2259.7743,16.8697,15.5152,1.3545,17.3762,0.8004,0.7835,0.0169,-24.4329,2259.7743,NA
ExperienceX.exe,56308,0x216838E1150,DXGI,1,0,0,Composed: Flip,2291.6760,NA,16.38650000000000,33.43820000000000,0.91110000000000,3.01180000000000,48.8609,2276.6440,15.9431,15.0320,0.9111,1.3270,16.7168,3.1127,13.6041,-16.5685,2276.6440,NA
ExperienceX.exe,56308,0x216C7EA03E0,DXGI,1,0,0,Composed: Flip,2259.4146,NA,8.88080000000000,16.70530000000000,0.36240000000000,2.82380000000000,31.0570,2250.9680,8.8090,8.4466,0.3624,11.2596,0.0108,0.0108,0.0000,4.3000,2250.9680,NA
ExperienceX.exe,56308,0x216C7EA03E0,DXGI,1,0,0,Composed: Flip,2274.4888,NA,15.07420000000000,NA,0.46250000000000,2.66170000000000,NA,2259.7770,15.1743,14.7118,0.4625,16.3564,1.0171,0.8124,0.2047,NA,NA,NA
ExperienceX.exe,56308,0x216C7EA03E0,DXGI,1,0,0,Composed: Flip,2292.2737,NA,17.78490000000000,NA,0.41190000000000,4.10620000000000,NA,2274.9513,17.7343,17.3224,0.4119,20.8806,0.5480,0.5480,0.0000,NA,NA,NA
ExperienceX.exe,56308,0x216C829D570,DXGI,1,0,0,Composed: Flip,2219.1652,NA,24.62380000000000,66.05210000000001,0.36660000000000,1.50610000000000,38.3047,2194.8720,24.6598,24.2932,0.3666,4.0180,21.7813,3.8628,17.9185,-13.2210,2194.8720,NA
ExperienceX.exe,56308,0x216C829D570,DXGI,1,0,0,Composed: Flip,2249.6584,NA,30.49320000000000,NA,1.38680000000000,2.46890000000000,NA,2219.5318,31.5134,30.1266,1.3868,32.5674,0.0281,0.0281,0.0000,NA,NA,NA
ExperienceX.exe,56308,0x216C829D570,DXGI,1,0,0,Composed: Flip,2229.5722,NA,0.00000000000000,NA,0.81650000000000,1.56670000000000,NA,2251.0452,0.8165,0.0000,0.8165,0.0000,9.0119,2.6084,6.4035,NA,NA,NA
ExperienceX.exe,56308,0x216C829D570,DXGI,1,0,0,Composed: Flip,2259.4259,NA,29.85370000000000,NA,0.34800000000000,2.82710000000000,NA,2230.3887,29.3852,29.0372,0.3480,31.8536,0.0107,0.0107,0.0000,NA,NA,NA
ExperienceX.exe,56308,0x216C829D570,DXGI,1,0,0,Composed: Flip,2274.4864,NA,15.06050000000000,NA,0.36390000000000,1.64700000000000,NA,2259.7739,15.0764,14.7125,0.3639,2.5951,13.7644,1.3401,12.4243,NA,NA,NA
ExperienceX.exe,56308,0x216C829D570,DXGI,1,0,0,Composed: Flip,2292.2776,NA,17.79120000000000,NA,0.36800000000000,3.55430000000000,NA,2274.8503,17.7953,17.4273,0.3680,19.8375,1.1441,1.1441,0.0000,NA,NA,NA
ExperienceX.exe,56308,0x216C829D570,DXGI,1,0,0,Composed: Flip,2320.4334,NA,28.15580000000000,NA,0.20460000000000,3.63320000000000,NA,2292.6456,27.9924,27.7878,0.2046,30.1307,1.2903,1.2903,0.0000,NA,NA,NA
ExperienceX.exe,56308,0x216C829D570,DXGI,1,0,0,Composed: Flip,2347.8087,NA,27.37530000000000,133.39150000000001,0.14710000000000,3.71280000000000,43.0527,2320.6380,27.3178,27.1707,0.1471,27.8664,3.0171,2.8856,0.1315,-7.6255,2320.6380,NA
ExperienceX.exe,56308,0x216C829D570,DXGI,1,0,0,Composed: Flip,2366.5733,NA,18.76460000000000,NA,1.01580000000000,1.99410000000000,NA,2347.9558,19.6333,18.6175,1.0158,20.4859,0.1257,0.1080,0.0177,NA,NA,NA
ExperienceX.exe,56308,0x216C7EA03E0,DXGI,1,0,0,Composed: Flip,2318.1600,NA,25.88630000000000,83.54900000000001,0.36420000000000,6.06520000000000,55.8606,2292.6856,25.8386,25.4744,0.3642,31.3810,0.1586,0.1586,0.0000,-41.8314,2292.6856,NA
ExperienceX.exe,56308,0x216C7EA03E0,DXGI,1,0,0,Composed: Flip,2335.6895,NA,17.52950000000000,NA,0.40940000000000,2.79240000000000,NA,2318.5242,17.5747,17.1653,0.4094,5.7010,14.2567,2.6185,11.6382,NA,NA,NA
ExperienceX.exe,56308,0x216C7EA03E0,DXGI,1,0,0,Composed: Flip,2347.6435,NA,11.95400000000000,NA,0.29570000000000,4.27450000000000,NA,2336.0989,11.8403,11.5446,0.2957,15.4226,0.3965,0.3965,0.0000,NA,NA,NA
ExperienceX.exe,56308,0x216C7EA03E0,DXGI,1,0,0,Composed: Flip,2383.9797,NA,36.33620000000001,NA,0.71460000000000,2.11230000000000,NA,2347.9392,36.7551,36.0405,0.7146,37.6964,0.4564,0.4564,0.0000,NA,NA,NA
ExperienceX.exe,56308,0x216838E1150,DXGI,1,0,0,Composed: Flip,2318.1607,NA,26.48470000000000,16.60150000000000,0.35340000000000,4.61560000000000,38.9777,2292.5871,25.9270,25.5736,0.3534,3.7928,26.3964,3.8563,22.5401,-0.6584,2292.5871,NA
ExperienceX.exe,56308,0x216838E1150,DXGI,1,0,0,Composed: Flip,2347.6475,NA,29.48680000000000,NA,0.31760000000000,4.63820000000000,NA,2318.5141,29.4510,29.1334,0.3176,33.4039,0.3677,0.3559,0.0118,NA,NA,NA
ExperienceX.exe,56308,0x216838E1150,DXGI,1,0,0,Composed: Flip,2382.9303,NA,35.28280000000000,NA,0.66760000000000,2.64030000000000,NA,2347.9651,35.6328,34.9652,0.6676,33.4505,4.1550,3.4778,0.6772,NA,NA,NA
ExperienceX.exe,56308,0x216838E1150,DXGI,1,0,0,Composed: Flip,2366.1728,NA,0.00000000000000,NA,0.40850000000000,2.26890000000000,NA,2383.5979,0.4085,0.0000,0.4085,0.0000,0.7299,0.7299,0.0000,NA,NA,NA
ExperienceX.exe,56308,0x216838E1150,DXGI,1,0,0,Composed: Flip,2392.3018,NA,26.12900000000000,66.68970000000000,0.57070000000000,2.07180000000000,31.5263,2366.5813,26.2912,25.7205,0.5707,19.5107,8.2816,3.1355,5.1461,7.3045,2366.5813,NA
ExperienceX.exe,56308,0x216838E1150,DXGI,1,0,0,Composed: Flip,2411.6270,NA,19.32520000000000,17.05110000000000,0.27230000000000,1.00580000000000,29.2522,2392.8725,19.0268,18.7545,0.2723,17.3966,2.3637,1.5091,0.8546,9.2401,2392.8725,NA
ExperienceX.exe,56308,0x216838E1150,DXGI,1,0,0,Composed: Flip,2425.6423,NA,14.01530000000000,16.30540000000000,0.63870000000000,5.12040000000000,31.5423,2411.8993,14.3817,13.7430,0.6387,0.7335,18.1299,3.9813,14.1486,2.7214,2411.8993,NA
ExperienceX.exe,56308,0x216838E1150,DXGI,1,0,0,Composed: Flip,2448.4933,NA,22.85100000000000,17.36760000000000,0.10060000000000,2.05010000000000,26.0589,2426.2810,22.3129,22.2123,0.1006,23.8841,0.3783,0.3783,0.0000,-2.9859,2426.2810,NA
ExperienceX.exe,56308,0x216838E1150,DXGI,1,0,0,Composed: Flip,2458.0269,NA,9.53360000000000,16.01360000000000,0.37020000000000,3.31300000000000,32.5389,2448.5939,9.8032,9.4330,0.3702,12.2253,0.5207,0.5207,0.0000,6.2993,2448.5939,NA
ExperienceX.exe,56308,0x216838E1150,DXGI,1,0,0,Composed: Flip,2477.4455,NA,19.41860000000000,16.58030000000000,0.13960000000000,6.34010000000000,29.7006,2458.3971,19.1880,19.0484,0.1396,24.5104,0.8781,0.8781,0.0000,-6.7771,2458.3971,NA
ExperienceX.exe,56308,0x216838E1150,DXGI,1,0,0,Composed: Flip,2491.7575,NA,14.31200000000000,16.64570000000000,0.45720000000000,2.67430000000000,32.0343,2477.5851,14.6296,14.1724,0.4572,6.2005,10.6462,2.0663,8.5799,2.5423,2477.5851,NA
ExperienceX.exe,56308,0x216838E1150,DXGI,1,0,0,Composed: Flip,2511.1087,NA,19.35120000000000,16.79090000000000,0.67910000000000,1.68280000000000,29.4740,2492.2147,19.5731,18.8940,0.6791,18.8457,1.7311,1.1998,0.5313,-2.1613,2492.2147,NA
ExperienceX.exe,56308,0x216C7EA03E0,DXGI,1,0,0,Composed: Flip,2366.1704,NA,0.00000000000000,33.29020000000000,0.75240000000000,1.54140000000000,41.1404,2384.6943,0.7524,0.0000,0.7524,0.0000,15.0620,4.7327,10.3293,58.7185,2384.6943,NA
ExperienceX.exe,56308,0x216C7EA03E0,DXGI,1,0,0,Composed: Flip,2392.3344,NA,26.16400000000000,NA,0.39830000000000,2.60390000000000,NA,2366.9228,25.8099,25.4116,0.3983,27.9950,0.0205,0.0205,0.0000,NA,NA,NA
ExperienceX.exe,56308,0x216C7EA03E0,DXGI,1,0,0,Composed: Flip,2408.0001,NA,15.66570000000000,NA,0.37260000000000,2.25790000000000,NA,2392.7327,15.6400,15.2674,0.3726,15.8999,1.6254,1.6254,0.0000,NA,NA,NA
ExperienceX.exe,56308,0x216C7EA03E0,DXGI,1,0,0,Composed: Flip,2429.5683,NA,21.56820000000000,NA,0.10970000000000,1.21370000000000,NA,2408.3727,21.3053,21.1956,0.1097,22.3900,0.0193,0.0193,0.0000,NA,NA,NA
ExperienceX.exe,56308,0x216C7EA03E0,DXGI,1,0,0,Composed: Flip,2446.3867,NA,16.81840000000000,NA,1.71530000000000,3.40800000000000,NA,2429.6780,18.4240,16.7087,1.7153,2.0342,18.0825,5.0786,13.0039,NA,NA,NA
ExperienceX.exe,56308,0x216C7EA03E0,DXGI,1,0,0,Composed: Flip,2458.0783,NA,11.69160000000000,NA,0.35010000000000,3.64450000000000,NA,2448.1020,10.3264,9.9763,0.3501,13.2379,0.3829,0.3647,0.0182,NA,NA,NA
ExperienceX.exe,56308,0x216C7EA03E0,DXGI,1,0,0,Composed: Flip,2476.5937,NA,18.51540000000000,NA,0.38500000000000,2.34980000000000,NA,2458.4284,18.5503,18.1653,0.3850,18.8204,1.6947,1.4400,0.2547,NA,NA,NA
ExperienceX.exe,56308,0x216C7EA03E0,DXGI,1,0,0,Composed: Flip,2495.5898,NA,18.99610000000000,NA,0.16310000000000,2.41160000000000,NA,2476.9787,18.7742,18.6111,0.1631,19.3956,1.6271,1.2246,0.4025,NA,NA,NA
ExperienceX.exe,56308,0x216C7EA03E0,DXGI,1,0,0,Composed: Flip,2509.1197,NA,13.52990000000000,NA,0.23130000000000,1.42060000000000,NA,2495.7529,13.5981,13.3668,0.2313,3.9206,10.8668,2.5639,8.3029,NA,NA,NA
ExperienceX.exe,56308,0x216C7EA03E0,DXGI,1,0,0,Composed: Flip,2529.9904,NA,20.87070000000000,NA,0.95740000000000,1.59230000000000,NA,2509.3510,21.5968,20.6394,0.9574,21.0127,1.2190,0.8919,0.3271,NA,NA,NA
ExperienceX.exe,56308,0x216C829D570,DXGI,1,0,0,Composed: Flip,2383.6439,NA,17.07060000000000,16.35700000000000,0.27720000000000,1.99170000000000,23.5745,2367.5891,16.3320,16.0548,0.2772,17.9815,0.0650,0.0650,0.0000,30.5941,2367.5891,NA
ExperienceX.exe,56308,0x216C829D570,DXGI,1,0,0,Composed: Flip,2392.2447,NA,8.60080000000000,NA,0.29240000000000,2.59830000000000,NA,2383.9211,8.6160,8.3236,0.2924,10.4525,0.4694,0.3974,0.0720,NA,NA,NA
ExperienceX.exe,56308,0x216C829D570,DXGI,1,0,0,Composed: Flip,2407.9903,NA,15.74560000000000,NA,0.37230000000000,2.27880000000000,NA,2392.5371,15.8255,15.4532,0.3723,17.7209,0.0111,0.0111,0.0000,NA,NA,NA
ExperienceX.exe,56308,0x216C829D570,DXGI,1,0,0,Composed: Flip,2426.6653,NA,18.67500000000000,NA,0.20200000000000,5.04690000000000,NA,2408.3626,18.5047,18.3027,0.2020,22.4194,0.9302,0.9302,0.0000,NA,NA,NA
ExperienceX.exe,56308,0x216C829D570,DXGI,1,0,0,Composed: Flip,2447.9542,NA,21.28890000000000,NA,0.27190000000000,2.21090000000000,NA,2426.8673,21.3588,21.0869,0.2719,22.9274,0.3704,0.3704,0.0000,NA,NA,NA
ExperienceX.exe,56308,0x216C829D570,DXGI,1,0,0,Composed: Flip,2458.0265,NA,10.07230000000000,NA,0.42270000000000,2.22610000000000,NA,2448.2261,10.2231,9.8004,0.4227,2.3173,9.7092,3.1439,6.5653,NA,NA,NA
ExperienceX.exe,56308,0x216C829D570,DXGI,1,0,0,Composed: Flip,2476.5836,NA,18.55710000000000,NA,0.37320000000000,6.32390000000000,NA,2458.4492,18.5076,18.1344,0.3732,20.4943,3.9640,0.8286,3.1354,NA,NA,NA
ExperienceX.exe,56308,0x216C829D570,DXGI,1,0,0,Composed: Flip,2495.4153,NA,18.83170000000000,NA,0.46930000000000,0.95900000000000,NA,2476.9568,18.9278,18.4585,0.4693,17.4750,1.9425,1.8800,0.0625,NA,NA,NA
ExperienceX.exe,56308,0x216C829D570,DXGI,1,0,0,Composed: Flip,2509.1361,NA,13.72080000000000,NA,0.27690000000000,1.92430000000000,NA,2495.8846,13.5284,13.2515,0.2769,14.6557,0.5201,0.5201,0.0000,NA,NA,NA
ExperienceX.exe,56308,0x216C829D570,DXGI,1,0,0,Composed: Flip,2527.4377,NA,18.30160000000000,NA,2.14970000000000,2.92600000000000,NA,2509.4130,20.1744,18.0247,2.1497,19.1057,1.8450,1.6566,0.1884,NA,NA,NA
ExperienceX.exe,56308,0x216C829D570,DXGI,1,0,0,Composed: Flip,2550.6620,NA,23.22430000000000,NA,2.46840000000000,3.91040000000000,NA,2529.5874,23.5430,21.0746,2.4684,24.9625,0.0225,0.0225,0.0000,NA,NA,NA
ExperienceX.exe,56308,0x216838E1150,DXGI,1,0,0,Composed: Flip,2526.4585,NA,15.34980000000000,33.30850000000000,0.68640000000000,2.06020000000000,47.4327,2511.7878,15.3571,14.6707,0.6864,1.5975,15.1334,2.3115,12.8219,-13.7354,2511.7878,NA
ExperienceX.exe,56308,0x216838E1150,DXGI,1,0,0,Composed: Flip,2551.5935,NA,25.13500000000000,NA,0.65090000000000,2.95640000000000,NA,2527.1449,25.0995,24.4486,0.6509,4.4378,22.9672,6.6403,16.3269,NA,NA,NA
ExperienceX.exe,56308,0x216838E1150,DXGI,1,0,0,Composed: Flip,2562.0741,NA,10.48060000000000,NA,0.31820000000000,1.79430000000000,NA,2552.2444,10.1479,9.8297,0.3182,3.0712,8.5528,1.8135,6.7393,NA,NA,NA
ExperienceX.exe,56308,0x216838E1150,DXGI,1,0,0,Composed: Flip,2575.8368,NA,13.76270000000000,49.87780000000000,0.31020000000000,5.05350000000000,47.9322,2562.3923,13.7547,13.4445,0.3102,14.8918,3.6062,3.5365,0.0697,0.7267,2562.3923,NA
ExperienceX.exe,56308,0x216C7EA03E0,DXGI,1,0,0,Composed: Flip,2552.2664,NA,22.27600000000000,166.67740000000001,0.40260000000000,3.04920000000000,21.7218,2530.9478,21.7212,21.3186,0.4026,23.6246,0.7432,0.7432,0.0000,-20.4239,2530.9478,NA
ExperienceX.exe,56308,0x216C7EA03E0,DXGI,1,0,0,Composed: Flip,2562.0755,NA,9.80910000000000,NA,0.31680000000000,3.00930000000000,NA,2552.6690,9.7233,9.4065,0.3168,11.1994,1.2164,1.2164,0.0000,NA,NA,NA
ExperienceX.exe,56308,0x216C7EA03E0,DXGI,1,0,0,Composed: Flip,2574.9507,NA,12.87520000000000,NA,0.84350000000000,2.33340000000000,NA,2562.3923,13.4019,12.5584,0.8435,14.4552,0.4366,0.4366,0.0000,NA,NA,NA
ExperienceX.exe,56308,0x216C7EA03E0,DXGI,1,0,0,Composed: Flip,2600.2875,NA,25.33680000000000,NA,0.14760000000000,3.95280000000000,NA,2575.7942,24.6409,24.4933,0.1476,27.9680,0.4781,0.4781,0.0000,NA,NA,NA
ExperienceX.exe,56308,0x216838E1150,DXGI,1,0,0,Composed: Flip,2599.5597,NA,23.72290000000000,0.03120000000000,0.42670000000000,3.05460000000000,24.2405,2576.1470,23.8394,23.4127,0.4267,4.7433,21.7240,2.5673,19.1567,13.7235,2576.1470,NA
ExperienceX.exe,56308,0x216838E1150,DXGI,1,0,0,Composed: Flip,2614.4493,NA,14.88960000000000,NA,0.26360000000000,4.93520000000000,NA,2599.9864,14.7265,14.4629,0.2636,19.0537,0.3444,0.3444,0.0000,NA,NA,NA
ExperienceX.exe,56308,0x216838E1150,DXGI,1,0,0,Composed: Flip,2624.2782,NA,9.82890000000000,33.33610000000000,0.25260000000000,1.55840000000000,32.8581,2614.7129,9.8179,9.5653,0.2526,10.9575,0.1662,0.1662,0.0000,5.2298,2614.7129,NA
ExperienceX.exe,56308,0x216838E1150,DXGI,1,0,0,Composed: Flip,2642.5050,NA,18.22680000000000,33.47480000000000,0.22460000000000,3.47790000000000,48.1061,2624.5308,18.1988,17.9742,0.2246,20.0874,1.3647,1.3496,0.0151,-23.6569,2624.5308,NA
ExperienceX.exe,56308,0x216838E1150,DXGI,1,0,0,Composed: Flip,2664.1047,NA,21.59970000000000,0.19380000000000,0.44450000000000,2.39510000000000,26.7002,2642.7296,21.8196,21.3751,0.4445,3.2533,20.5169,2.9090,17.6079,18.0050,2642.7296,NA
ExperienceX.exe,56308,0x216C7EA03E0,DXGI,1,0,0,Composed: Flip,2614.4632,NA,14.17570000000000,66.59410000000000,2.11610000000000,4.12770000000000,26.1191,2600.4351,16.1442,14.0281,2.1161,3.8052,14.3506,4.5396,9.8110,2.8932,2600.4351,NA
ExperienceX.exe,56308,0x216C7EA03E0,DXGI,1,0,0,Composed: Flip,2624.2610,NA,9.79780000000000,NA,0.24240000000000,1.96870000000000,NA,2616.5793,7.9241,7.6817,0.2424,9.2573,0.3931,0.3794,0.0137,NA,NA,NA
ExperienceX.exe,56308,0x216C7EA03E0,DXGI,1,0,0,Composed: Flip,2641.4535,NA,17.19250000000000,NA,0.44270000000000,3.11750000000000,NA,2624.5034,17.3928,16.9501,0.4427,17.6459,2.4217,2.4217,0.0000,NA,NA,NA
ExperienceX.exe,56308,0x216C7EA03E0,DXGI,1,0,0,Composed: Flip,2664.7913,NA,23.33780000000000,NA,0.20830000000000,3.14530000000000,NA,2641.8962,23.1034,22.8951,0.2083,25.5613,0.4791,0.4791,0.0000,NA,NA,NA
ExperienceX.exe,56308,0x216C7EA03E0,DXGI,1,0,0,Composed: Flip,2680.7179,NA,15.92660000000000,NA,1.40040000000000,4.71550000000000,NA,2664.9996,17.1187,15.7183,1.4004,20.0469,0.3869,0.3869,0.0000,NA,NA,NA
ExperienceX.exe,56308,0x216C829D570,DXGI,1,0,0,Composed: Flip,2562.0874,NA,11.42540000000000,183.10650000000001,0.38390000000000,3.70270000000000,28.2375,2553.1304,9.3409,8.9570,0.3839,11.9544,0.7053,0.6912,0.0141,2.4348,2553.1304,NA
ExperienceX.exe,56308,0x216C829D570,DXGI,1,0,0,Composed: Flip,2574.6883,NA,12.60090000000000,NA,0.39350000000000,2.15920000000000,NA,2562.4713,12.6105,12.2170,0.3935,12.8298,1.5464,1.3903,0.1561,NA,NA,NA
ExperienceX.exe,56308,0x216C829D570,DXGI,1,0,0,Composed: Flip,2600.3254,NA,25.63710000000000,NA,0.20430000000000,3.43680000000000,NA,2575.0818,25.4479,25.2436,0.2043,27.5325,1.1479,1.1479,0.0000,NA,NA,NA
ExperienceX.exe,56308,0x216C829D570,DXGI,1,0,0,Composed: Flip,2614.4645,NA,14.13910000000000,NA,1.70870000000000,4.57560000000000,NA,2600.5297,15.6435,13.9348,1.7087,18.0612,0.4492,0.4492,0.0000,NA,NA,NA
ExperienceX.exe,56308,0x216C829D570,DXGI,1,0,0,Composed: Flip,2624.2598,NA,9.79530000000000,NA,0.24350000000000,1.41060000000000,NA,2616.1732,8.3301,8.0866,0.2435,3.2113,6.2859,3.2491,3.0368,NA,NA,NA
ExperienceX.exe,56308,0x216C829D570,DXGI,1,0,0,Composed: Flip,2641.4594,NA,17.19960000000000,NA,0.43990000000000,3.15880000000000,NA,2624.5033,17.3960,16.9561,0.4399,20.0677,0.0472,0.0472,0.0000,NA,NA,NA
ExperienceX.exe,56308,0x216C829D570,DXGI,1,0,0,Composed: Flip,2665.9335,NA,24.47410000000000,NA,0.12780000000000,1.52400000000000,NA,2641.8993,24.1620,24.0342,0.1278,24.6005,0.9577,0.9577,0.0000,NA,NA,NA
ExperienceX.exe,56308,0x216C829D570,DXGI,1,0,0,Composed: Flip,2681.8980,NA,15.96450000000000,NA,0.19470000000000,3.14850000000000,NA,2666.0613,16.0314,15.8367,0.1947,18.5440,0.4412,0.4412,0.0000,NA,NA,NA
ExperienceX.exe,56308,0x216C829D570,DXGI,1,0,0,Composed: Flip,2691.4173,NA,9.51930000000000,NA,0.77140000000000,1.91190000000000,NA,2682.0927,10.0960,9.3246,0.7714,3.3407,7.8958,2.0911,5.8047,NA,NA,NA
ExperienceX.exe,56308,0x216838E1150,DXGI,1,0,0,Composed: Flip,2681.6864,NA,17.58170000000000,16.66210000000000,0.66700000000000,2.91890000000000,25.7806,2664.5492,17.8042,17.1372,0.6670,3.3874,16.6687,5.4734,11.1953,5.1575,2664.5492,NA
ExperienceX.exe,56308,0x216838E1150,DXGI,1,0,0,Composed: Flip,2691.4216,NA,9.73520000000000,NA,0.51500000000000,2.70370000000000,NA,2682.3534,9.5832,9.0682,0.5150,11.2389,0.5330,0.5330,0.0000,NA,NA,NA
ExperienceX.exe,56308,0x216838E1150,DXGI,1,0,0,Composed: Flip,2711.1366,NA,19.71500000000000,NA,0.17360000000000,1.84370000000000,NA,2691.9366,19.3736,19.2000,0.1736,20.9437,0.1000,0.1000,0.0000,NA,NA,NA
ExperienceX.exe,56308,0x216C829D570,DXGI,1,0,0,Composed: Flip,2710.2193,NA,18.80200000000000,166.89850000000001,0.55620000000000,3.38290000000000,47.0041,2692.1887,18.5868,18.0306,0.5562,20.7916,0.6219,0.5861,0.0358,-27.8402,2692.1887,NA
ExperienceX.exe,56308,0x216C829D570,DXGI,1,0,0,Composed: Flip,2738.6106,NA,28.39130000000000,NA,0.13730000000000,4.93560000000000,NA,2710.7755,27.9724,27.8351,0.1373,31.9278,0.8429,0.8429,0.0000,NA,NA,NA
ExperienceX.exe,56308,0x216838E1150,DXGI,1,0,0,Composed: Flip,2739.0084,NA,27.87180000000000,66.25120000000000,0.40630000000000,3.51450000000000,34.7098,2711.3102,28.1045,27.6982,0.4063,3.2991,27.9136,5.4244,22.4892,-19.4902,2711.3102,NA
ExperienceX.exe,56308,0x216838E1150,DXGI,1,0,0,Composed: Flip,2760.3408,NA,21.33240000000000,NA,0.72630000000000,4.21050000000000,NA,2739.4147,21.6524,20.9261,0.7263,24.9467,0.1899,0.1899,0.0000,NA,NA,NA
ExperienceX.exe,56308,0x216838E1150,DXGI,1,0,0,Composed: Flip,2787.1796,NA,26.83880000000000,51.50010000000000,0.68170000000000,1.33990000000000,38.0387,2761.0671,26.7942,26.1125,0.6817,27.0857,0.3667,0.3667,0.0000,-1.7432,2761.0671,NA
ExperienceX.exe,56308,0x216C829D570,DXGI,1,0,0,Composed: Flip,2763.2016,NA,24.59100000000000,49.86960000000001,0.21770000000000,1.15980000000000,43.8914,2738.7479,24.6714,24.4537,0.2177,25.4301,0.1834,0.1834,0.0000,-3.3104,2738.7479,NA
ExperienceX.exe,56308,0x216C829D570,DXGI,1,0,0,Composed: Flip,2786.2475,NA,23.04590000000000,NA,0.38510000000000,1.51840000000000,NA,2763.4193,23.2133,22.8282,0.3851,1.1320,23.2146,4.1015,19.1131,NA,NA,NA
ExperienceX.exe,56308,0x216C829D570,DXGI,1,0,0,Composed: Flip,2800.1247,NA,13.87720000000000,NA,0.42430000000000,3.10870000000000,NA,2786.6326,13.9164,13.4921,0.4243,16.1109,0.4899,0.4899,0.0000,NA,NA,NA
ExperienceX.exe,56308,0x216C829D570,DXGI,1,0,0,Composed: Flip,2814.4801,NA,14.35540000000000,NA,0.19820000000000,4.03420000000000,NA,2800.5490,14.1293,13.9311,0.1982,13.1026,4.8627,4.8318,0.0309,NA,NA,NA
ExperienceX.exe,56308,0x216C7EA03E0,DXGI,1,0,0,Composed: Flip,2691.4166,NA,10.69870000000000,83.72390000000000,0.47320000000000,3.06440000000000,32.8896,2682.1183,9.7715,9.2983,0.4732,12.0070,0.3557,0.3408,0.0149,-2.0407,2682.1183,NA
ExperienceX.exe,56308,0x216C7EA03E0,DXGI,1,0,0,Composed: Flip,2710.2183,NA,18.80170000000000,NA,0.44060000000000,2.66200000000000,NA,2691.8898,18.7691,18.3285,0.4406,18.9818,2.0087,1.9588,0.0499,NA,NA,NA
ExperienceX.exe,56308,0x216C7EA03E0,DXGI,1,0,0,Composed: Flip,2738.3815,NA,28.16320000000000,NA,0.37910000000000,4.32180000000000,NA,2710.6589,28.1017,27.7226,0.3791,31.8640,0.1804,0.1804,0.0000,NA,NA,NA
ExperienceX.exe,56308,0x216C7EA03E0,DXGI,1,0,0,Composed: Flip,2761.2099,NA,22.82840000000000,NA,1.46820000000000,2.96810000000000,NA,2738.7606,23.9175,22.4493,1.4682,4.7856,20.6318,4.6421,15.9897,NA,NA,NA
ExperienceX.exe,56308,0x216C7EA03E0,DXGI,1,0,0,Composed: Flip,2786.4326,NA,25.22270000000000,NA,0.38600000000000,1.72020000000000,NA,2762.6781,24.1405,23.7545,0.3860,25.0878,0.3869,0.3869,0.0000,NA,NA,NA
ExperienceX.exe,56308,0x216C7EA03E0,DXGI,1,0,0,Composed: Flip,2800.1232,NA,13.69060000000000,NA,0.42540000000000,2.62030000000000,NA,2786.8186,13.7300,13.3046,0.4254,1.7009,14.2240,3.9414,10.2826,NA,NA,NA
ExperienceX.exe,56308,0x216C7EA03E0,DXGI,1,0,0,Composed: Flip,2811.6710,NA,11.54780000000000,NA,0.55400000000000,1.64230000000000,NA,2800.5486,11.6764,11.1224,0.5540,4.1890,8.5757,2.3558,6.2199,NA,NA,NA
ExperienceX.exe,56308,0x216838E1150,DXGI,1,0,0,Composed: Flip,2801.9380,NA,14.75840000000000,15.35510000000000,0.25230000000000,2.26340000000000,38.6354,2787.8613,14.3290,14.0767,0.2523,15.3721,0.9680,0.9144,0.0536,11.4391,2787.8613,NA
ExperienceX.exe,56308,0x216838E1150,DXGI,1,0,0,Composed: Flip,2811.6691,NA,9.73110000000000,NA,0.42020000000000,1.98250000000000,NA,2802.1903,9.8990,9.4788,0.4202,11.1230,0.3383,0.3383,0.0000,NA,NA,NA
ExperienceX.exe,56308,0x216838E1150,DXGI,1,0,0,Composed: Flip,2837.8092,NA,26.14010000000000,NA,0.34840000000000,3.50180000000000,NA,2812.0893,26.0683,25.7199,0.3484,28.9233,0.2984,0.2984,0.0000,NA,NA,NA
ExperienceX.exe,56308,0x216838E1150,DXGI,1,0,0,Composed: Flip,2863.0136,NA,25.20440000000000,66.51610000000001,0.41950000000000,2.89830000000000,44.0759,2838.1576,25.2755,24.8560,0.4195,4.5603,23.1940,3.4323,19.7617,-16.2198,2838.1576,NA
ExperienceX.exe,56308,0x216C7EA03E0,DXGI,1,0,0,Composed: Flip,2839.6478,NA,27.97680000000000,166.16150000000002,0.31120000000000,1.36480000000000,50.8199,2812.2250,27.7340,27.4228,0.3112,26.6299,2.1577,2.1577,0.0000,-36.0548,2812.2250,NA
ExperienceX.exe,56308,0x216C7EA03E0,DXGI,1,0,0,Composed: Flip,2865.5722,NA,25.92440000000000,NA,0.24860000000000,1.48820000000000,NA,2839.9590,25.8618,25.6132,0.2486,25.9529,1.1485,1.1485,0.0000,NA,NA,NA
ExperienceX.exe,56308,0x216C7EA03E0,DXGI,1,0,0,Composed: Flip,2885.0167,NA,19.44450000000000,NA,0.36820000000000,1.87720000000000,NA,2865.8208,19.5641,19.1959,0.3682,1.6662,19.4069,5.2911,14.1158,NA,NA,NA
ExperienceX.exe,56308,0x216838E1150,DXGI,1,0,0,Composed: Flip,2886.0892,NA,23.07560000000000,0.13030000000000,0.16640000000000,2.22580000000000,21.1306,2863.4331,22.8225,22.6561,0.1664,24.2350,0.6469,0.6469,0.0000,25.1452,2863.4331,NA
ExperienceX.exe,56308,0x216838E1150,DXGI,1,0,0,Composed: Flip,2895.5507,NA,9.46150000000000,NA,0.27400000000000,1.89350000000000,NA,2886.2556,9.5691,9.2951,0.2740,2.0594,9.1292,3.1315,5.9977,NA,NA,NA
ExperienceX.exe,56308,0x216838E1150,DXGI,1,0,0,Composed: Flip,2908.7301,NA,13.17940000000000,50.74340000000000,2.07050000000000,3.39440000000000,49.2331,2895.8247,14.9759,12.9054,2.0705,15.3492,0.9506,0.9397,0.0109,-18.3518,2895.8247,NA
ExperienceX.exe,56308,0x216838E1150,DXGI,1,0,0,Composed: Flip,2948.8651,NA,40.13500000000001,32.74380000000000,0.82800000000000,1.85960000000000,41.8419,2910.8006,38.8925,38.0645,0.8280,39.4428,0.4813,0.4813,0.0000,-17.7679,2910.8006,NA
ExperienceX.exe,56308,0x216838E1150,DXGI,1,0,0,Composed: Flip,2965.3351,NA,16.47000000000000,17.12860000000000,0.54390000000000,4.15780000000000,42.5005,2949.6931,16.1859,15.6420,0.5439,1.0316,18.7682,4.9137,13.8545,21.7639,2949.6931,NA
ExperienceX.exe,56308,0x216838E1150,DXGI,1,0,0,Composed: Flip,2989.5957,NA,24.26060000000000,16.11590000000000,0.11780000000000,7.45960000000000,34.3558,2965.8790,23.8345,23.7167,0.1178,30.9501,0.2262,0.2262,0.0000,0.0700,2965.8790,NA
ExperienceX.exe,56308,0x216838E1150,DXGI,1,0,0,Composed: Flip,3012.0469,NA,22.45120000000000,16.41000000000000,0.23120000000000,2.92840000000000,28.3146,2989.7135,22.5646,22.3334,0.2312,23.6118,1.6500,1.6500,0.0000,7.4245,2989.7135,NA
ExperienceX.exe,56308,0x216838E1150,DXGI,1,0,0,Composed: Flip,3024.6265,NA,12.57960000000000,17.11680000000000,0.27800000000000,2.16830000000000,32.8518,3012.2781,12.6264,12.3484,0.2780,14.1128,0.4039,0.4039,0.0000,5.4478,3012.2781,NA
ExperienceX.exe,56308,0x216838E1150,DXGI,1,0,0,Composed: Flip,3043.1226,NA,18.49610000000000,21.14030000000000,0.25040000000000,2.53860000000000,35.4960,3024.9045,18.4685,18.2181,0.2504,19.4772,1.2795,1.2549,0.0246,-8.5139,3024.9045,NA
ExperienceX.exe,56308,0x216838E1150,DXGI,1,0,0,Composed: Flip,3058.3960,NA,15.27340000000000,12.18260000000000,0.44640000000000,1.77670000000000,32.4052,3043.3730,15.4694,15.0230,0.4464,2.2882,14.5115,2.2265,12.2850,6.2859,3043.3730,NA
ExperienceX.exe,56308,0x216838E1150,DXGI,1,0,0,Composed: Flip,3077.4840,NA,19.08800000000000,33.32570000000000,0.18400000000000,2.85420000000000,46.6429,3058.8424,18.8256,18.6416,0.1840,21.0575,0.4383,0.4383,0.0000,-17.8563,3058.8424,NA
ExperienceX.exe,56308,0x216838E1150,DXGI,1,0,0,Composed: Flip,3099.0027,NA,21.51870000000000,16.41520000000000,0.50330000000000,2.35480000000000,41.5394,3077.6680,21.8380,21.3347,0.5033,2.6702,21.0193,2.4436,18.5757,2.4104,3077.6680,NA
ExperienceX.exe,56308,0x216838E1150,DXGI,1,0,0,Composed: Flip,3123.9606,NA,24.95790000000000,17.01040000000000,0.31110000000000,1.65670000000000,33.5919,3099.5060,24.7657,24.4546,0.3111,5.3819,20.7294,3.6618,17.0676,4.8276,3099.5060,NA
ExperienceX.exe,56308,0x216838E1150,DXGI,1,0,0,Composed: Flip,3144.8339,NA,20.87330000000000,16.31040000000000,0.55470000000000,1.97080000000000,29.0290,3124.2717,21.1169,20.5622,0.5547,22.4379,0.0951,0.0951,0.0000,8.4553,3124.2717,NA
ExperienceX.exe,56308,0x216838E1150,DXGI,1,0,0,Composed: Flip,3164.1620,NA,19.32810000000000,16.54130000000000,0.47230000000000,1.84490000000000,26.2422,3145.3886,19.2457,18.7734,0.4723,1.4161,19.2022,1.9546,17.2476,4.5756,3145.3886,NA
ExperienceX.exe,56308,0x216838E1150,DXGI,1,0,0,Composed: Flip,3175.0598,NA,10.89780000000000,16.61150000000000,1.73460000000000,3.25280000000000,31.9559,3164.6343,12.1601,10.4255,1.7346,12.7975,0.8808,0.8691,0.0117,2.6342,3164.6343,NA
ExperienceX.exe,56308,0x216838E1150,DXGI,1,0,0,Composed: Flip,3191.2903,NA,16.23050000000000,16.91050000000000,0.79500000000000,5.28470000000000,32.6359,3176.7944,15.2909,14.4959,0.7950,1.5182,18.2624,3.0300,15.2324,-4.7504,3176.7944,NA
ExperienceX.exe,56308,0x216838E1150,DXGI,1,0,0,Composed: Flip,3208.1793,NA,16.88900000000000,16.48940000000000,1.22180000000000,3.04470000000000,32.2363,3192.0853,17.3158,16.0940,1.2218,18.1623,0.9764,0.9764,0.0000,-1.1985,3192.0853,NA
ExperienceX.exe,56308,0x216838E1150,DXGI,1,0,0,Composed: Flip,3224.7256,NA,16.54630000000000,16.87110000000000,0.28580000000000,1.83700000000000,32.5611,3209.4011,15.6103,15.3245,0.2858,1.8229,15.3386,1.5211,13.8175,0.4447,3209.4011,NA
ExperienceX.exe,56308,0x216838E1150,DXGI,1,0,0,Composed: Flip,3243.2613,NA,18.53570000000000,16.44370000000000,0.18860000000000,3.05500000000000,30.4691,3225.0114,18.4385,18.2499,0.1886,17.6708,3.6341,3.6178,0.0163,-0.8334,3225.0114,NA
ExperienceX.exe,56308,0x216838E1150,DXGI,1,0,0,Composed: Flip,3258.3051,NA,15.04380000000000,16.72470000000000,0.37500000000000,2.62510000000000,32.1500,3243.4499,15.2302,14.8552,0.3750,15.2414,2.2389,1.8734,0.3655,1.7138,3243.4499,NA
ExperienceX.exe,56308,0x216838E1150,DXGI,1,0,0,Composed: Flip,3274.7068,NA,16.40170000000000,16.64280000000000,0.16590000000000,2.20920000000000,32.3911,3258.6801,16.1926,16.0267,0.1659,17.0235,1.2124,1.1862,0.0262,-1.4126,3258.6801,NA
ExperienceX.exe,56308,0x216838E1150,DXGI,1,0,0,Composed: Flip,3291.0347,NA,16.32790000000000,16.74420000000000,0.23680000000000,2.76160000000000,32.8074,3274.8727,16.3988,16.1620,0.2368,2.4992,16.4244,3.3017,13.1227,-0.5516,3274.8727,NA
ExperienceX.exe,56308,0x216838E1150,DXGI,1,0,0,Composed: Flip,3308.1423,NA,17.10760000000000,16.77980000000000,0.16990000000000,2.34670000000000,32.4796,3291.2715,17.0407,16.8708,0.1699,17.9538,1.2637,1.2445,0.0192,-0.3810,3291.2715,NA
ExperienceX.exe,56308,0x216838E1150,DXGI,1,0,0,Composed: Flip,3324.5696,NA,16.42730000000000,16.56390000000000,0.46580000000000,1.82420000000000,32.6162,3308.3122,16.7232,16.2574,0.4658,2.1768,15.9048,1.8166,14.0882,0.4768,3308.3122,NA
ExperienceX.exe,56308,0x216838E1150,DXGI,1,0,0,Composed: Flip,3342.2445,NA,17.67490000000000,16.48810000000000,0.23580000000000,2.31730000000000,31.4294,3325.0354,17.4449,17.2091,0.2358,18.3288,1.1976,1.1699,0.0277,0.2351,3325.0354,NA
ExperienceX.exe,56308,0x216838E1150,DXGI,1,0,0,Composed: Flip,3358.1539,NA,15.90940000000000,33.55320000000000,0.70300000000000,3.16100000000000,49.0732,3342.4803,16.3766,15.6736,0.7030,2.4173,16.4173,3.4996,12.9177,-16.1083,3342.4803,NA
ExperienceX.exe,56308,0x216838E1150,DXGI,1,0,0,Composed: Flip,3385.4543,NA,27.30040000000000,16.52820000000000,0.34660000000000,2.46570000000000,38.3010,3358.8569,26.9440,26.5974,0.3466,28.6907,0.3724,0.3724,0.0000,-0.1516,3358.8569,NA
ExperienceX.exe,56308,0x216838E1150,DXGI,1,0,0,Composed: Flip,3394.1036,NA,8.64930000000000,NA,0.17220000000000,2.80750000000000,NA,3385.8009,8.4749,8.3027,0.1722,10.7414,0.3688,0.3584,0.0104,NA,NA,NA
ExperienceX.exe,56308,0x216C7EA03E0,DXGI,1,0,0,Composed: Flip,2895.5501,NA,10.53340000000000,50.00190000000000,0.20180000000000,2.63340000000000,44.9195,2885.3849,10.3670,10.1652,0.2018,12.1288,0.6698,0.6698,0.0000,23.1580,2885.3849,NA
ExperienceX.exe,56308,0x216C7EA03E0,DXGI,1,0,0,Composed: Flip,2907.9258,NA,12.37570000000000,NA,0.35450000000000,3.24810000000000,NA,2895.7519,12.5284,12.1739,0.3545,15.4027,0.0193,0.0193,0.0000,NA,NA,NA
ExperienceX.exe,56308,0x216C7EA03E0,DXGI,1,0,0,Composed: Flip,2945.9915,NA,38.06570000000000,NA,1.87310000000000,4.25190000000000,NA,2908.2803,39.5843,37.7112,1.8731,41.5258,0.4373,0.4373,0.0000,NA,NA,NA
ExperienceX.exe,56308,0x216C7EA03E0,DXGI,1,0,0,Composed: Flip,2966.1623,NA,20.17080000000000,NA,2.41300000000000,3.38970000000000,NA,2947.8646,20.7107,18.2977,2.4130,21.6283,0.0591,0.0591,0.0000,NA,NA,NA
ExperienceX.exe,56308,0x216C7EA03E0,DXGI,1,0,0,Composed: Flip,2988.8020,NA,22.63970000000000,NA,0.55870000000000,7.48430000000000,NA,2968.5753,20.7854,20.2267,0.5587,3.1277,24.5833,4.6753,19.9080,NA,NA,NA
ExperienceX.exe,56308,0x216C7EA03E0,DXGI,1,0,0,Composed: Flip,3011.1518,NA,22.34980000000000,NA,0.48830000000000,2.17350000000000,NA,2989.3607,22.2794,21.7911,0.4883,7.6946,16.2700,2.5916,13.6784,NA,NA,NA
ExperienceX.exe,56308,0x216C7EA03E0,DXGI,1,0,0,Composed: Flip,3026.5498,NA,15.39800000000000,NA,0.21650000000000,1.53500000000000,NA,3011.6401,15.1262,14.9097,0.2165,15.1547,1.2900,1.2710,0.0190,NA,NA,NA
ExperienceX.exe,56308,0x216C7EA03E0,DXGI,1,0,0,Composed: Flip,3042.5369,NA,15.98710000000000,NA,0.70460000000000,1.62440000000000,NA,3026.7663,16.4752,15.7706,0.7046,1.3185,16.0765,2.1987,13.8778,NA,NA,NA
ExperienceX.exe,56308,0x216C7EA03E0,DXGI,1,0,0,Composed: Flip,3060.6908,NA,18.15390000000000,NA,0.09000000000000,1.77090000000000,NA,3043.2415,17.5393,17.4493,0.0900,18.7589,0.4613,0.4613,0.0000,NA,NA,NA
ExperienceX.exe,56308,0x216C7EA03E0,DXGI,1,0,0,Composed: Flip,3074.6066,NA,13.91580000000000,NA,0.67290000000000,5.29330000000000,NA,3060.7808,14.4987,13.8258,0.6729,19.0841,0.0350,0.0350,0.0000,NA,NA,NA
ExperienceX.exe,56308,0x216C7EA03E0,DXGI,1,0,0,Composed: Flip,3101.4147,NA,26.80810000000000,NA,0.23820000000000,1.67550000000000,NA,3075.2795,26.3734,26.1352,0.2382,26.0780,1.7327,1.3812,0.3515,NA,NA,NA
ExperienceX.exe,56308,0x216C7EA03E0,DXGI,1,0,0,Composed: Flip,3124.8018,NA,23.38710000000000,NA,0.25130000000000,1.65710000000000,NA,3101.6529,23.4002,23.1489,0.2513,24.3522,0.4538,0.4538,0.0000,NA,NA,NA
ExperienceX.exe,56308,0x216C7EA03E0,DXGI,1,0,0,Composed: Flip,3141.8097,NA,17.00790000000000,NA,0.31050000000000,4.89990000000000,NA,3125.0531,17.0671,16.7566,0.3105,21.6490,0.0075,0.0075,0.0000,NA,NA,NA
ExperienceX.exe,56308,0x216C7EA03E0,DXGI,1,0,0,Composed: Flip,3166.2671,NA,24.45740000000000,NA,0.14380000000000,1.52740000000000,NA,3142.1202,24.2907,24.1469,0.1438,23.8867,1.7876,1.7876,0.0000,NA,NA,NA
ExperienceX.exe,56308,0x216C7EA03E0,DXGI,1,0,0,Composed: Flip,3174.4073,NA,8.14020000000000,NA,0.38930000000000,2.57160000000000,NA,3166.4109,8.3857,7.9964,0.3893,2.1243,8.4437,2.3700,6.0737,NA,NA,NA
ExperienceX.exe,56308,0x216C7EA03E0,DXGI,1,0,0,Composed: Flip,3191.8960,NA,17.48870000000000,NA,0.19240000000000,6.11480000000000,NA,3174.7966,17.2918,17.0994,0.1924,21.8201,1.3941,1.3941,0.0000,NA,NA,NA
ExperienceX.exe,56308,0x216C7EA03E0,DXGI,1,0,0,Composed: Flip,3207.5085,NA,15.61250000000000,NA,0.35640000000000,2.73910000000000,NA,3192.0884,15.7765,15.4201,0.3564,16.7855,1.3737,0.7694,0.6043,NA,NA,NA
ExperienceX.exe,56308,0x216C7EA03E0,DXGI,1,0,0,Composed: Flip,3225.3851,NA,17.87660000000000,NA,0.22140000000000,3.08990000000000,NA,3207.8649,17.7416,17.5202,0.2214,20.2262,0.3839,0.3839,0.0000,NA,NA,NA
ExperienceX.exe,56308,0x216C7EA03E0,DXGI,1,0,0,Composed: Flip,3241.0203,NA,15.63520000000000,NA,0.27600000000000,1.56420000000000,NA,3225.6065,15.6898,15.4138,0.2760,16.8823,0.0957,0.0584,0.0373,NA,NA,NA
ExperienceX.exe,56308,0x216C7EA03E0,DXGI,1,0,0,Composed: Flip,3261.2264,NA,20.20610000000000,NA,0.23340000000000,1.67760000000000,NA,3241.2963,20.1635,19.9301,0.2334,19.6339,1.9738,1.9738,0.0000,NA,NA,NA
ExperienceX.exe,56308,0x216C7EA03E0,DXGI,1,0,0,Composed: Flip,3274.3519,NA,13.12550000000000,NA,0.32690000000000,0.96050000000000,NA,3261.4598,13.2190,12.8921,0.3269,13.2439,0.6087,0.6087,0.0000,NA,NA,NA
ExperienceX.exe,56308,0x216C7EA03E0,DXGI,1,0,0,Composed: Flip,3291.5450,NA,17.19310000000000,NA,0.18030000000000,3.59830000000000,NA,3274.6788,17.0465,16.8662,0.1803,19.5328,0.9317,0.9317,0.0000,NA,NA,NA
ExperienceX.exe,56308,0x216C7EA03E0,DXGI,1,0,0,Composed: Flip,3307.5800,NA,16.03500000000000,NA,0.42540000000000,1.64530000000000,NA,3291.7253,16.2801,15.8547,0.4254,17.0778,0.4222,0.4222,0.0000,NA,NA,NA
ExperienceX.exe,56308,0x216C7EA03E0,DXGI,1,0,0,Composed: Flip,3325.2935,NA,17.71350000000000,NA,0.18900000000000,2.93340000000000,NA,3308.0054,17.4771,17.2881,0.1890,18.3884,1.8331,1.8331,0.0000,NA,NA,NA
ExperienceX.exe,56308,0x216C7EA03E0,DXGI,1,0,0,Composed: Flip,3341.3658,NA,16.07230000000000,NA,0.34430000000000,1.99840000000000,NA,3325.4825,16.2276,15.8833,0.3443,17.4325,0.4492,0.4492,0.0000,NA,NA,NA
ExperienceX.exe,56308,0x216C7EA03E0,DXGI,1,0,0,Composed: Flip,3361.3019,NA,19.93610000000000,NA,0.40010000000000,3.36080000000000,NA,3341.7101,19.9919,19.5918,0.4001,22.2918,0.6608,0.6608,0.0000,NA,NA,NA
ExperienceX.exe,56308,0x216C7EA03E0,DXGI,1,0,0,Composed: Flip,3386.5501,NA,25.24820000000000,NA,0.12510000000000,1.80640000000000,NA,3361.7020,24.9732,24.8481,0.1251,26.2180,0.4365,0.4365,0.0000,NA,NA,NA
ExperienceX.exe,56308,0x216C7EA03E0,DXGI,1,0,0,Composed: Flip,3410.4553,NA,23.90520000000000,NA,0.29870000000000,1.74570000000000,NA,3386.6752,24.0788,23.7801,0.2987,24.2194,1.3064,1.2918,0.0146,NA,NA,NA
ExperienceX.exe,56308,0x216C7EA03E0,DXGI,1,0,0,Composed: Flip,3394.1035,NA,0.00000000000000,500.09320000000002,0.17230000000000,2.17450000000000,46.4593,3410.7540,0.1723,0.0000,0.1723,0.0000,7.9215,4.0097,3.9118,25.2759,3410.7540,NA
ExperienceX.exe,56308,0x216838E1150,DXGI,1,0,0,Composed: Flip,3415.0431,NA,20.93950000000000,16.71630000000000,0.25140000000000,1.00440000000000,25.4285,3394.2758,21.0187,20.7673,0.2514,20.0559,1.7158,1.6721,0.0437,18.7026,3394.2758,NA
ExperienceX.exe,56308,0x216838E1150,DXGI,1,0,0,Composed: Flip,3424.9877,NA,9.94460000000000,NA,0.28660000000000,7.27470000000000,NA,3415.2945,9.9798,9.6932,0.2866,15.0350,1.9329,1.9329,0.0000,NA,NA,NA
ExperienceX.exe,56308,0x216838E1150,DXGI,1,0,0,Composed: Flip,3442.8767,NA,17.88900000000000,34.10250000000000,0.26820000000000,1.20870000000000,31.6974,3425.2743,17.8706,17.6024,0.2682,17.8988,0.9123,0.8874,0.0249,-3.1040,3425.2743,NA
ExperienceX.exe,56308,0x216838E1150,DXGI,1,0,0,Composed: Flip,3458.2790,NA,15.40230000000000,15.80000000000000,0.41830000000000,2.00340000000000,32.0951,3443.1449,15.5524,15.1341,0.4183,0.9898,16.1477,2.0175,14.1302,2.0706,3443.1449,NA
ExperienceX.exe,56308,0x216838E1150,DXGI,1,0,0,Composed: Flip,3477.8320,NA,19.55300000000000,16.76300000000000,0.14550000000000,1.09610000000000,29.3051,3458.6973,19.2802,19.1347,0.1455,18.9443,1.2865,1.2551,0.0314,-1.2106,3458.6973,NA
ExperienceX.exe,56308,0x216838E1150,DXGI,1,0,0,Composed: Flip,3491.2396,NA,13.40760000000000,16.70390000000000,0.36390000000000,1.24990000000000,32.6014,3477.9775,13.6260,13.2621,0.3639,1.2232,13.2888,2.0143,11.2745,2.5763,3477.9775,NA
ExperienceX.exe,56308,0x216838E1150,DXGI,1,0,0,Composed: Flip,3508.6316,NA,17.39200000000000,16.61300000000000,0.10400000000000,2.89350000000000,31.8224,3491.6035,17.1321,17.0281,0.1040,18.7932,1.1284,1.0843,0.0441,-2.9870,3491.6035,NA
ExperienceX.exe,56308,0x216838E1150,DXGI,1,0,0,Composed: Flip,3524.7901,NA,16.15850000000000,33.36790000000000,0.44580000000000,1.84470000000000,49.0318,3508.7356,16.5003,16.0545,0.4458,2.8399,15.0593,2.5867,12.4726,-16.2358,3508.7356,NA
ExperienceX.exe,56308,0x216C7EA03E0,DXGI,1,0,0,Composed: Flip,3425.5100,NA,31.40650000000000,16.67080000000000,0.09550000000000,4.81950000000000,31.7236,3394.2758,31.3297,31.2342,0.0955,22.2045,13.8492,3.5078,10.3414,NA,3394.2758,NA
ExperienceX.exe,56308,0x216C7EA03E0,DXGI,1,0,0,Composed: Flip,3441.0526,NA,15.54260000000000,NA,0.32200000000000,2.12050000000000,NA,3425.6055,15.7691,15.4471,0.3220,16.8627,0.7049,0.7049,0.0000,NA,NA,NA
ExperienceX.exe,56308,0x216C7EA03E0,DXGI,1,0,0,Composed: Flip,3459.0334,NA,17.98080000000000,NA,0.12160000000000,3.69630000000000,NA,3441.3746,17.7804,17.6588,0.1216,20.9131,0.4420,0.4420,0.0000,NA,NA,NA
ExperienceX.exe,56308,0x216C7EA03E0,DXGI,1,0,0,Composed: Flip,3475.6762,NA,16.64280000000000,NA,0.45660000000000,1.58850000000000,NA,3459.1550,16.9778,16.5212,0.4566,3.5747,14.5350,3.2535,11.2815,NA,NA,NA
ExperienceX.exe,56308,0x216C7EA03E0,DXGI,1,0,0,Composed: Flip,3491.7215,NA,16.04530000000000,NA,0.14000000000000,2.97650000000000,NA,3476.1328,15.7287,15.5887,0.1400,18.1329,0.4323,0.4323,0.0000,NA,NA,NA
ExperienceX.exe,56308,0x216C7EA03E0,DXGI,1,0,0,Composed: Flip,3507.9267,NA,16.20520000000000,NA,0.31830000000000,2.47000000000000,NA,3491.8615,16.3835,16.0652,0.3183,18.5179,0.0173,0.0173,0.0000,NA,NA,NA
ExperienceX.exe,56308,0x216C7EA03E0,DXGI,1,0,0,Composed: Flip,3525.4152,NA,17.48850000000000,NA,0.19780000000000,2.92390000000000,NA,3508.2450,17.3680,17.1702,0.1978,18.3898,1.7043,1.7043,0.0000,NA,NA,NA
ExperienceX.exe,56308,0x216C7EA03E0,DXGI,1,0,0,Composed: Flip,3547.7695,NA,22.35430000000000,NA,0.15930000000000,2.70050000000000,NA,3525.6130,22.3158,22.1565,0.1593,24.1422,0.7148,0.7148,0.0000,NA,NA,NA
ExperienceX.exe,56308,0x216C7EA03E0,DXGI,1,0,0,Composed: Flip,3559.2420,NA,11.47250000000000,NA,0.49030000000000,1.93700000000000,NA,3547.9288,11.8035,11.3132,0.4903,2.5412,10.7090,2.8448,7.8642,NA,NA,NA
ExperienceX.exe,56308,0x216C829D570,DXGI,1,0,0,Composed: Flip,2837.1314,NA,22.65130000000000,50.14850000000001,0.47980000000000,1.72350000000000,20.1101,2814.6783,22.9329,22.4531,0.4798,22.9395,1.2371,0.8365,0.4006,25.7819,2814.6783,NA
ExperienceX.exe,56308,0x216C829D570,DXGI,1,0,0,Composed: Flip,2841.4533,NA,4.32190000000000,NA,0.29380000000000,1.26460000000000,NA,2837.6112,4.1359,3.8421,0.2938,3.6998,1.4069,0.9478,0.4591,NA,NA,NA
ExperienceX.exe,56308,0x216C829D570,DXGI,1,0,0,Composed: Flip,2866.4212,NA,24.96790000000000,NA,0.41910000000000,1.06580000000000,NA,2841.7471,25.0932,24.6741,0.4191,25.3133,0.4266,0.4266,0.0000,NA,NA,NA
ExperienceX.exe,56308,0x216C829D570,DXGI,1,0,0,Composed: Flip,2885.0595,NA,18.63830000000000,NA,0.37070000000000,2.60860000000000,NA,2866.8403,18.5899,18.2192,0.3707,20.0536,0.7742,0.7742,0.0000,NA,NA,NA
ExperienceX.exe,56308,0x216C829D570,DXGI,1,0,0,Composed: Flip,2895.5513,NA,10.49180000000000,NA,0.20170000000000,2.95590000000000,NA,2885.4302,10.3228,10.1211,0.2017,12.7533,0.3237,0.2877,0.0360,NA,NA,NA
ExperienceX.exe,56308,0x216C829D570,DXGI,1,0,0,Composed: Flip,2907.8310,NA,12.27970000000000,NA,0.33530000000000,3.32360000000000,NA,2895.7530,12.4133,12.0780,0.3353,12.6802,2.7214,1.9137,0.8077,NA,NA,NA
ExperienceX.exe,56308,0x216C829D570,DXGI,1,0,0,Composed: Flip,2946.0025,NA,38.17150000000000,NA,1.89940000000000,3.80360000000000,NA,2908.1663,39.7356,37.8362,1.8994,3.9582,37.6816,4.3463,33.3353,NA,NA,NA
ExperienceX.exe,56308,0x216C829D570,DXGI,1,0,0,Composed: Flip,2966.0808,NA,20.07830000000000,NA,2.28870000000000,5.62220000000000,NA,2947.9019,20.4676,18.1789,2.2887,21.6501,2.1510,2.1510,0.0000,NA,NA,NA
ExperienceX.exe,56308,0x216C829D570,DXGI,1,0,0,Composed: Flip,2989.4942,NA,23.41340000000000,NA,0.69380000000000,7.33490000000000,NA,2968.3695,21.8185,21.1247,0.6938,27.9168,0.5428,0.5428,0.0000,NA,NA,NA
ExperienceX.exe,56308,0x216C829D570,DXGI,1,0,0,Composed: Flip,3013.5795,NA,24.08530000000000,NA,0.46820000000000,1.81070000000000,NA,2990.1880,23.8597,23.3915,0.4682,24.7873,0.4149,0.4041,0.0108,NA,NA,NA
ExperienceX.exe,56308,0x216C829D570,DXGI,1,0,0,Composed: Flip,3024.6261,NA,11.04660000000000,NA,0.32590000000000,1.76480000000000,NA,3014.0477,10.9043,10.5784,0.3259,1.3599,10.9833,3.7494,7.2339,NA,NA,NA
ExperienceX.exe,56308,0x216C829D570,DXGI,1,0,0,Composed: Flip,3042.2848,NA,17.65870000000000,NA,0.37120000000000,2.09690000000000,NA,3024.9520,17.7040,17.3328,0.3712,19.2093,0.2204,0.2204,0.0000,NA,NA,NA
ExperienceX.exe,56308,0x216C829D570,DXGI,1,0,0,Composed: Flip,3059.3904,NA,17.10560000000000,NA,0.17600000000000,2.61000000000000,NA,3042.6560,16.9104,16.7344,0.1760,17.5167,1.8277,1.8277,0.0000,NA,NA,NA
ExperienceX.exe,56308,0x216C829D570,DXGI,1,0,0,Composed: Flip,3074.6085,NA,15.21810000000000,NA,0.77690000000000,5.25640000000000,NA,3059.5664,15.8190,15.0421,0.7769,2.8953,17.4032,6.4174,10.9858,NA,NA,NA
ExperienceX.exe,56308,0x216C829D570,DXGI,1,0,0,Composed: Flip,3103.8638,NA,29.25530000000000,NA,0.24860000000000,1.02410000000000,NA,3075.3854,28.7270,28.4784,0.2486,27.7856,1.7169,1.7169,0.0000,NA,NA,NA
ExperienceX.exe,56308,0x216C829D570,DXGI,1,0,0,Composed: Flip,3124.7713,NA,20.90750000000000,NA,1.07120000000000,1.23380000000000,NA,3104.1124,21.7301,20.6589,1.0712,21.5049,0.3878,0.3878,0.0000,NA,NA,NA
ExperienceX.exe,56308,0x216C829D570,DXGI,1,0,0,Composed: Flip,3141.8089,NA,17.03760000000000,NA,0.31110000000000,4.89320000000000,NA,3125.8425,16.2775,15.9664,0.3111,0.6164,20.2432,5.7156,14.5276,NA,NA,NA
ExperienceX.exe,56308,0x216C829D570,DXGI,1,0,0,Composed: Flip,3167.5934,NA,25.78450000000000,NA,0.22940000000000,0.94180000000000,NA,3142.1200,25.7028,25.4734,0.2294,25.6745,0.7407,0.7407,0.0000,NA,NA,NA
ExperienceX.exe,56308,0x216C829D570,DXGI,1,0,0,Composed: Flip,3174.4000,NA,6.80660000000000,NA,0.39240000000000,3.03180000000000,NA,3167.8228,6.9696,6.5772,0.3924,9.1561,0.4529,0.4529,0.0000,NA,NA,NA
ExperienceX.exe,56308,0x216C829D570,DXGI,1,0,0,Composed: Flip,3191.9616,NA,17.56160000000000,NA,2.21980000000000,6.44650000000000,NA,3174.7924,19.3890,17.1692,2.2198,23.2184,0.3973,0.3973,0.0000,NA,NA,NA
ExperienceX.exe,56308,0x216C829D570,DXGI,1,0,0,Composed: Flip,3207.4446,NA,15.48300000000000,NA,0.24780000000000,1.42930000000000,NA,3194.1814,13.5110,13.2632,0.2478,4.2267,10.4658,2.2446,8.2212,NA,NA,NA
ExperienceX.exe,56308,0x216C829D570,DXGI,1,0,0,Composed: Flip,3225.4221,NA,17.97750000000000,NA,0.20880000000000,2.66900000000000,NA,3207.6924,17.9385,17.7297,0.2088,18.8702,1.5285,1.5285,0.0000,NA,NA,NA
ExperienceX.exe,56308,0x216C829D570,DXGI,1,0,0,Composed: Flip,3241.0192,NA,15.59710000000000,NA,0.27570000000000,1.46960000000000,NA,3225.6309,15.6640,15.3883,0.2757,2.8441,14.0138,3.3777,10.6361,NA,NA,NA
ExperienceX.exe,56308,0x216C829D570,DXGI,1,0,0,Composed: Flip,3261.5209,NA,20.50170000000000,NA,0.21520000000000,2.24010000000000,NA,3241.2949,20.4412,20.2260,0.2152,21.6091,0.8570,0.8495,0.0075,NA,NA,NA
ExperienceX.exe,56308,0x216C829D570,DXGI,1,0,0,Composed: Flip,3274.3520,NA,12.83110000000000,NA,0.32690000000000,1.35160000000000,NA,3261.7361,12.9428,12.6159,0.3269,13.5763,0.3912,0.3912,0.0000,NA,NA,NA
ExperienceX.exe,56308,0x216C829D570,DXGI,1,0,0,Composed: Flip,3291.5462,NA,17.19420000000000,NA,0.18160000000000,2.66540000000000,NA,3274.6789,17.0489,16.8673,0.1816,19.1174,0.4153,0.4153,0.0000,NA,NA,NA
ExperienceX.exe,56308,0x216C829D570,DXGI,1,0,0,Composed: Flip,3307.5790,NA,16.03280000000000,NA,0.42960000000000,1.22410000000000,NA,3291.7278,16.2808,15.8512,0.4296,3.4155,13.6598,1.6913,11.9685,NA,NA,NA
ExperienceX.exe,56308,0x216C829D570,DXGI,1,0,0,Composed: Flip,3325.3272,NA,17.74820000000000,NA,1.74190000000000,3.30600000000000,NA,3308.0086,19.0605,17.3186,1.7419,20.2183,0.4063,0.4063,0.0000,NA,NA,NA
ExperienceX.exe,56308,0x216C829D570,DXGI,1,0,0,Composed: Flip,3341.3355,NA,16.00830000000000,NA,0.37780000000000,1.57950000000000,NA,3327.0691,14.6442,14.2664,0.3778,1.5641,14.2818,2.9819,11.2999,NA,NA,NA
ExperienceX.exe,56308,0x216C829D570,DXGI,1,0,0,Composed: Flip,3363.1367,NA,21.80120000000000,NA,0.27230000000000,0.86520000000000,NA,3341.7133,21.6957,21.4234,0.2723,19.6016,2.6870,2.5622,0.1248,NA,NA,NA
ExperienceX.exe,56308,0x216C829D570,DXGI,1,0,0,Composed: Flip,3385.5864,NA,22.44970000000000,NA,0.26080000000000,1.96120000000000,NA,3363.4090,22.4382,22.1774,0.2608,1.2537,22.8849,5.1703,17.7146,NA,NA,NA
ExperienceX.exe,56308,0x216C829D570,DXGI,1,0,0,Composed: Flip,3410.4539,NA,24.86750000000000,NA,0.30020000000000,3.23620000000000,NA,3385.8472,24.9069,24.6067,0.3002,26.9078,0.9351,0.9132,0.0219,NA,NA,NA
ExperienceX.exe,56308,0x216C829D570,DXGI,1,0,0,Composed: Flip,3394.1364,NA,0.00000000000000,NA,0.36070000000000,2.40590000000000,NA,3410.7541,0.3607,0.0000,0.3607,0.0000,0.2643,0.2643,0.0000,NA,NA,NA
ExperienceX.exe,56308,0x216C829D570,DXGI,1,0,0,Composed: Flip,3425.7905,NA,31.65410000000000,NA,2.04580000000000,6.92310000000000,NA,3394.4971,33.3392,31.2934,2.0458,37.7653,0.4512,0.4512,0.0000,NA,NA,NA
ExperienceX.exe,56308,0x216C829D570,DXGI,1,0,0,Composed: Flip,3441.0148,NA,15.22430000000000,NA,0.20940000000000,1.45340000000000,NA,3427.8363,13.3879,13.1785,0.2094,4.8773,9.7546,1.3498,8.4048,NA,NA,NA
ExperienceX.exe,56308,0x216C829D570,DXGI,1,0,0,Composed: Flip,3460.8745,NA,19.85970000000000,NA,0.13670000000000,1.41320000000000,NA,3441.2242,19.7870,19.6503,0.1367,19.1078,1.9557,1.9557,0.0000,NA,NA,NA
ExperienceX.exe,56308,0x216C829D570,DXGI,1,0,0,Composed: Flip,3475.6765,NA,14.80200000000000,NA,0.39870000000000,1.96510000000000,NA,3461.0112,15.0640,14.6653,0.3987,16.2535,0.3769,0.3769,0.0000,NA,NA,NA
ExperienceX.exe,56308,0x216C829D570,DXGI,1,0,0,Composed: Flip,3491.7471,NA,16.07060000000000,NA,0.17300000000000,2.51860000000000,NA,3476.0752,15.8449,15.6719,0.1730,16.4143,1.7762,1.7762,0.0000,NA,NA,NA
ExperienceX.exe,56308,0x216C829D570,DXGI,1,0,0,Composed: Flip,3507.9762,NA,16.22910000000000,NA,0.31430000000000,2.40320000000000,NA,3491.9201,16.3704,16.0561,0.3143,2.7779,15.6814,3.4377,12.2437,NA,NA,NA
ExperienceX.exe,56308,0x216C829D570,DXGI,1,0,0,Composed: Flip,3525.4164,NA,17.44020000000000,NA,0.19400000000000,3.33040000000000,NA,3508.2905,17.3199,17.1259,0.1940,20.0486,0.4077,0.4077,0.0000,NA,NA,NA
ExperienceX.exe,56308,0x216C829D570,DXGI,1,0,0,Composed: Flip,3548.1827,NA,22.76630000000000,NA,0.09400000000000,1.57250000000000,NA,3525.6104,22.6663,22.5723,0.0940,23.7112,0.4336,0.4336,0.0000,NA,NA,NA
ExperienceX.exe,56308,0x216C829D570,DXGI,1,0,0,Composed: Flip,3584.0279,NA,35.84520000000000,NA,0.21260000000000,1.57050000000000,NA,3548.2767,35.9638,35.7512,0.2126,36.9342,0.3875,0.3875,0.0000,NA,NA,NA
ExperienceX.exe,56308,0x216838E1150,DXGI,1,0,0,Composed: Flip,3547.3384,NA,22.54830000000000,16.71870000000000,0.36230000000000,1.98320000000000,43.2022,3525.2359,22.4648,22.1025,0.3623,3.5109,20.5748,5.0513,15.5235,-0.2184,3525.2359,NA
ExperienceX.exe,56308,0x216838E1150,DXGI,1,0,0,Composed: Flip,3582.0652,NA,34.72680000000000,NA,2.38000000000000,3.14570000000000,NA,3547.7007,36.7445,34.3645,2.3800,33.0820,4.4282,3.0323,1.3959,NA,NA,NA
ExperienceX.exe,56308,0x216838E1150,DXGI,1,0,0,Composed: Flip,3559.2421,NA,0.00000000000000,NA,0.43600000000000,2.58260000000000,NA,3584.4452,0.4360,0.0000,0.4360,0.0000,0.4026,0.3766,0.0260,NA,NA,NA
ExperienceX.exe,56308,0x216838E1150,DXGI,1,0,0,Composed: Flip,3591.5818,NA,32.33970000000000,33.60490000000000,0.27160000000000,1.92920000000000,32.5637,3559.6781,32.1753,31.9037,0.2716,33.4738,0.3591,0.3591,0.0000,0.8373,3559.6781,NA
ExperienceX.exe,56308,0x216838E1150,DXGI,1,0,0,Composed: Flip,3611.1994,NA,19.61760000000000,16.35060000000000,0.09290000000000,0.74630000000000,29.2967,3591.8534,19.4389,19.3460,0.0929,19.1011,0.9912,0.9912,0.0000,15.8247,3591.8534,NA
ExperienceX.exe,56308,0x216838E1150,DXGI,1,0,0,Composed: Flip,3624.9544,NA,13.75500000000000,16.68200000000000,0.40920000000000,2.35790000000000,32.2237,3611.2923,14.0713,13.6621,0.4092,0.6534,15.3666,1.8832,13.4834,2.7569,3611.2923,NA
ExperienceX.exe,56308,0x216838E1150,DXGI,1,0,0,Composed: Flip,3642.0675,NA,17.11310000000000,16.76000000000000,0.12380000000000,7.87230000000000,31.8706,3625.3636,16.8277,16.7039,0.1238,17.9996,6.5766,1.3025,5.2741,-2.6887,3625.3636,NA
ExperienceX.exe,56308,0x216838E1150,DXGI,1,0,0,Composed: Flip,3659.6586,NA,17.59110000000000,16.58890000000000,0.43720000000000,2.45290000000000,30.8684,3642.1913,17.9045,17.4673,0.4372,7.9643,11.9559,3.4261,8.5298,0.2388,3642.1913,NA
ExperienceX.exe,56308,0x216838E1150,DXGI,1,0,0,Composed: Flip,3680.3822,NA,20.72360000000000,16.67450000000000,0.27440000000000,0.85420000000000,26.8193,3660.0958,20.5608,20.2864,0.2744,17.3553,3.7853,2.2718,1.5135,1.2300,3660.0958,NA
ExperienceX.exe,56308,0x216838E1150,DXGI,1,0,0,Composed: Flip,3691.2580,NA,10.87580000000000,16.71500000000000,0.44820000000000,2.69240000000000,32.6585,3680.6566,11.0496,10.6014,0.4482,0.5798,12.7140,2.1864,10.5276,3.8458,3680.6566,NA
ExperienceX.exe,56308,0x216838E1150,DXGI,1,0,0,Composed: Flip,3711.4881,NA,20.23010000000000,16.55270000000000,0.65240000000000,1.61520000000000,28.9811,3691.7062,20.4343,19.7819,0.6524,19.1596,2.2375,1.8386,0.3989,-5.5031,3691.7062,NA
ExperienceX.exe,56308,0x216838E1150,DXGI,1,0,0,Composed: Flip,3726.3037,NA,14.81560000000000,16.58280000000000,0.38250000000000,1.98000000000000,30.7483,3712.1405,14.5457,14.1632,0.3825,0.9992,15.1440,2.6480,12.4960,3.8515,3712.1405,NA
ExperienceX.exe,56308,0x216C829D570,DXGI,1,0,0,Composed: Flip,3559.2515,NA,0.00000000000000,749.98650000000009,0.43230000000000,2.17060000000000,47.9765,3584.2405,0.4323,0.0000,0.4323,0.0000,0.2431,0.2431,0.0000,19.5757,3584.2405,NA
ExperienceX.exe,56308,0x216C829D570,DXGI,1,0,0,Composed: Flip,3591.5777,NA,32.32620000000000,NA,0.27640000000000,1.57420000000000,NA,3559.6838,32.1703,31.8939,0.2764,27.3295,6.1386,1.6979,4.4407,NA,NA,NA
ExperienceX.exe,56308,0x216C829D570,DXGI,1,0,0,Composed: Flip,3607.9145,NA,16.33680000000000,NA,0.27770000000000,1.70300000000000,NA,3591.8541,16.3381,16.0604,0.2777,16.4990,1.2644,1.2644,0.0000,NA,NA,NA
ExperienceX.exe,56308,0x216C829D570,DXGI,1,0,0,Composed: Flip,3625.7456,NA,17.83110000000000,NA,0.28580000000000,3.85900000000000,NA,3608.1922,17.8392,17.5534,0.2858,19.1201,2.2923,2.2668,0.0255,NA,NA,NA
ExperienceX.exe,56308,0x216C829D570,DXGI,1,0,0,Composed: Flip,3641.2197,NA,15.47410000000000,NA,0.34940000000000,2.14350000000000,NA,3626.0314,15.5377,15.1883,0.3494,17.3220,0.0098,0.0098,0.0000,NA,NA,NA
ExperienceX.exe,56308,0x216C829D570,DXGI,1,0,0,Composed: Flip,3661.9307,NA,20.71100000000000,NA,0.15510000000000,1.33900000000000,NA,3641.5691,20.5167,20.3616,0.1551,20.5424,1.1582,1.1506,0.0076,NA,NA,NA
ExperienceX.exe,56308,0x216C829D570,DXGI,1,0,0,Composed: Flip,3674.9991,NA,13.06840000000000,NA,0.49710000000000,2.28930000000000,NA,3662.0858,13.4104,12.9133,0.4971,15.1754,0.0272,0.0272,0.0000,NA,NA,NA
ExperienceX.exe,56308,0x216C829D570,DXGI,1,0,0,Composed: Flip,3693.5604,NA,18.56130000000000,NA,0.14710000000000,1.81950000000000,NA,3675.4962,18.2113,18.0642,0.1471,18.5105,1.3732,1.3732,0.0000,NA,NA,NA
ExperienceX.exe,56308,0x216C829D570,DXGI,1,0,0,Composed: Flip,3707.9350,NA,14.37460000000000,NA,0.37750000000000,2.87140000000000,NA,3693.7075,14.6050,14.2275,0.3775,16.5025,0.5964,0.5211,0.0753,NA,NA,NA
ExperienceX.exe,56308,0x216C829D570,DXGI,1,0,0,Composed: Flip,3729.9540,NA,22.01900000000000,NA,0.48000000000000,1.42780000000000,NA,3708.3125,22.1215,21.6415,0.4800,21.7487,1.3206,1.3206,0.0000,NA,NA,NA
ExperienceX.exe,56308,0x216C829D570,DXGI,1,0,0,Composed: Flip,3744.9637,NA,15.00970000000000,NA,0.12660000000000,2.99020000000000,NA,3730.4340,14.6563,14.5297,0.1266,15.8492,1.6707,1.6707,0.0000,NA,NA,NA
ExperienceX.exe,56308,0x216838E1150,DXGI,1,0,0,Composed: Flip,3745.0805,NA,18.77680000000000,16.82270000000000,1.77650000000000,3.26960000000000,28.7942,3726.6862,20.1708,18.3943,1.7765,21.2677,0.3962,0.3962,0.0000,-2.2770,3726.6862,NA
ExperienceX.exe,56308,0x216838E1150,DXGI,1,0,0,Composed: Flip,3758.0012,NA,12.92070000000000,NA,0.34680000000000,1.78510000000000,NA,3746.8570,11.4910,11.1442,0.3468,1.4931,11.4362,2.9190,8.5172,NA,NA,NA
ExperienceX.exe,56308,0x216838E1150,DXGI,1,0,0,Composed: Flip,3776.9159,NA,18.91470000000000,33.28170000000000,0.14030000000000,1.29260000000000,30.2405,3758.3480,18.7082,18.5679,0.1403,18.4024,1.4581,1.4238,0.0343,-1.6199,3758.3480,NA
ExperienceX.exe,56308,0x216838E1150,DXGI,1,0,0,Composed: Flip,3791.6764,NA,14.76050000000000,16.70690000000000,0.54870000000000,3.20700000000000,32.1869,3777.0562,15.1689,14.6202,0.5487,1.1523,16.6749,2.9198,13.7551,2.0013,3777.0562,NA
ExperienceX.exe,56308,0x216838E1150,DXGI,1,0,0,Composed: Flip,3808.2416,NA,16.56520000000000,16.52360000000000,1.09300000000000,2.19430000000000,32.1453,3792.2251,17.1095,16.0165,1.0930,16.9011,1.3097,1.2975,0.0122,-1.3547,3792.2251,NA
ExperienceX.exe,56308,0x216838E1150,DXGI,1,0,0,Composed: Flip,3825.0904,NA,16.84880000000000,16.85400000000000,1.03170000000000,3.04770000000000,32.1505,3809.3346,16.7875,15.7558,1.0317,1.1013,17.7022,2.5964,15.1058,0.2555,3809.3346,NA
ExperienceX.exe,56308,0x216838E1150,DXGI,1,0,0,Composed: Flip,3841.7169,NA,16.62650000000000,16.64710000000000,1.48810000000000,2.29800000000000,32.1711,3826.1221,17.0829,15.5948,1.4881,16.4584,1.4344,1.3738,0.0606,0.1404,3826.1221,NA
ExperienceX.exe,56308,0x216838E1150,DXGI,1,0,0,Composed: Flip,3857.9480,NA,16.23110000000000,16.61230000000000,0.25360000000000,1.22400000000000,32.5523,3843.2050,14.9966,14.7430,0.2536,0.9698,14.9972,2.0788,12.9184,0.4706,3843.2050,NA
ExperienceX.exe,56308,0x216838E1150,DXGI,1,0,0,Composed: Flip,3874.7004,NA,16.75240000000000,16.64420000000000,0.09990000000000,2.38500000000000,32.4441,3858.2016,16.5987,16.4988,0.0999,17.5295,1.3543,1.3451,0.0092,-1.6476,3858.2016,NA
ExperienceX.exe,56308,0x216838E1150,DXGI,1,0,0,Composed: Flip,3890.9900,NA,16.28960000000000,16.90880000000000,0.27990000000000,2.17630000000000,33.0633,3874.8003,16.4696,16.1897,0.2799,16.4122,1.9538,1.5275,0.4263,-0.3101,3874.8003,NA
ExperienceX.exe,56308,0x216838E1150,DXGI,1,0,0,Composed: Flip,3909.4565,NA,18.46650000000000,16.38000000000000,0.54890000000000,1.45250000000000,30.9768,3891.2699,18.7355,18.1866,0.5489,18.0501,1.5890,1.2592,0.3298,0.0896,3891.2699,NA
ExperienceX.exe,56308,0x216838E1150,DXGI,1,0,0,Composed: Flip,3924.9494,NA,15.49290000000000,16.75520000000000,0.50000000000000,3.75510000000000,32.2391,3910.0054,15.4440,14.9440,0.5000,0.9036,17.7955,2.7778,15.0177,1.9803,3910.0054,NA
ExperienceX.exe,56308,0x216838E1150,DXGI,1,0,0,Composed: Flip,3942.9114,NA,17.96200000000000,16.74170000000000,0.58040000000000,2.34490000000000,31.0188,3925.4494,18.0424,17.4620,0.5804,18.8963,0.9106,0.9106,0.0000,-1.2977,3925.4494,NA
ExperienceX.exe,56308,0x216838E1150,DXGI,1,0,0,Composed: Flip,3957.8339,NA,14.92250000000000,16.37530000000000,0.19080000000000,5.49350000000000,32.4716,3943.4918,14.5329,14.3421,0.1908,1.7645,18.0711,2.3479,15.7232,1.6671,3943.4918,NA
ExperienceX.exe,56308,0x216838E1150,DXGI,1,0,0,Composed: Flip,3976.7395,NA,18.90560000000000,16.64820000000000,0.22970000000000,1.45100000000000,30.2142,3958.0247,18.9445,18.7148,0.2297,18.8099,1.3559,1.3467,0.0092,-2.1153,3958.0247,NA
ExperienceX.exe,56308,0x0,Other,-1,0,0,Composed: Flip,2042.6048,NA,298.08580000000001,300.07130000000001,0.00000000000000,0.57040000000000,31.3050,1744.5190,298.0858,298.0858,0.0000,297.4223,1.2339,1.2103,0.0236,-232.4883,1744.5190,NA
ExperienceX.exe,56308,0x0,Other,-1,0,0,Composed: Flip,3592.9450,NA,1550.34020000000010,NA,0.00000000000000,0.81600000000000,NA,2042.6048,1550.3402,1550.3402,0.0000,1550.9062,0.2500,0.2339,0.0161,NA,NA,NA
ExperienceX.exe,56308,0x216838E1150,DXGI,1,0,0,Composed: Flip,3990.6842,NA,13.94470000000000,16.67110000000000,0.23440000000000,0.78960000000000,32.9406,3976.9692,13.9494,13.7150,0.2344,1.2213,13.2833,1.5123,11.7710,2.2734,3976.9692,NA
ExperienceX.exe,56308,0x216838E1150,DXGI,1,0,0,Composed: Flip,4007.8193,NA,17.13510000000000,NA,0.77290000000000,0.79610000000000,NA,3990.9186,17.6736,16.9007,0.7729,2.8703,14.8265,2.1455,12.6810,NA,NA,NA
ExperienceX.exe,56308,0x216838E1150,DXGI,1,0,0,Composed: Flip,4024.0333,NA,16.21400000000000,33.60610000000000,0.24620000000000,1.06410000000000,33.1976,4008.5922,15.6873,15.4411,0.2462,15.6200,0.8852,0.8705,0.0147,-1.9831,4008.5922,NA
ExperienceX.exe,56308,0x216838E1150,DXGI,1,0,0,Composed: Flip,4042.2553,NA,18.22200000000000,16.53340000000000,0.21270000000000,1.91140000000000,31.5090,4024.2795,18.1885,17.9758,0.2127,18.9520,0.9352,0.9352,0.0000,-0.8461,4024.2795,NA
ExperienceX.exe,56308,0x216838E1150,DXGI,1,0,0,Composed: Flip,4058.0975,NA,15.84220000000000,16.96990000000000,0.43510000000000,1.82320000000000,32.6367,4042.4680,16.0646,15.6295,0.4351,1.6987,15.7540,1.5562,14.1978,1.2186,4042.4680,NA
ExperienceX.exe,56308,0x216838E1150,DXGI,1,0,0,Composed: Flip,4074.6925,NA,16.59500000000000,16.47020000000000,0.10350000000000,2.71650000000000,32.5119,4058.5326,16.2634,16.1599,0.1035,17.9122,0.9642,0.9558,0.0084,-0.4056,4058.5326,NA
ExperienceX.exe,56308,0x216838E1150,DXGI,1,0,0,Composed: Flip,4091.1811,NA,16.48860000000000,16.66530000000000,0.25860000000000,0.86180000000000,32.6886,4074.7960,16.6437,16.3851,0.2586,16.6499,0.5970,0.5970,0.0000,-0.4019,4074.7960,NA
ExperienceX.exe,56308,0x216838E1150,DXGI,1,0,0,Composed: Flip,4109.8075,NA,18.62640000000000,33.24830000000000,0.30510000000000,1.87040000000000,47.3105,4091.4397,18.6729,18.3678,0.3051,18.8202,1.4180,1.4180,0.0000,-16.6046,4091.4397,NA
ExperienceX.exe,56308,0x216838E1150,DXGI,1,0,0,Composed: Flip,4125.1622,NA,15.35470000000000,NA,0.43040000000000,3.34810000000000,NA,4110.1126,15.4800,15.0496,0.4304,1.5653,16.8324,3.6009,13.2315,NA,NA,NA
ExperienceX.exe,56308,0x216C829D570,DXGI,1,0,0,Composed: Flip,3758.0152,NA,13.05150000000000,183.33040000000000,0.33030000000000,2.70270000000000,32.5432,3745.0903,13.2552,12.9249,0.3303,14.7046,0.9230,0.9230,0.0000,-22.4806,3745.0903,NA
ExperienceX.exe,56308,0x216C829D570,DXGI,1,0,0,Composed: Flip,3774.6759,NA,16.66070000000000,NA,0.36180000000000,1.69530000000000,NA,3758.3455,16.6922,16.3304,0.3618,4.2799,13.7458,2.6658,11.0800,NA,NA,NA
ExperienceX.exe,56308,0x216C829D570,DXGI,1,0,0,Composed: Flip,3795.8060,NA,21.13010000000000,NA,0.16930000000000,0.99430000000000,NA,3775.0377,20.9376,20.7683,0.1693,21.4155,0.3471,0.3471,0.0000,NA,NA,NA
ExperienceX.exe,56308,0x216C829D570,DXGI,1,0,0,Composed: Flip,3807.5759,NA,11.76990000000000,NA,0.21170000000000,1.11010000000000,NA,3795.9753,11.8123,11.6006,0.2117,0.8250,11.8857,2.1317,9.7540,NA,NA,NA
ExperienceX.exe,56308,0x216C829D570,DXGI,1,0,0,Composed: Flip,3825.2944,NA,17.71850000000000,NA,1.66190000000000,4.11520000000000,NA,3807.7876,19.1687,17.5068,1.6619,20.3505,1.2715,1.2715,0.0000,NA,NA,NA
ExperienceX.exe,56308,0x216C829D570,DXGI,1,0,0,Composed: Flip,3841.0490,NA,15.75460000000000,NA,0.44280000000000,1.19340000000000,NA,3826.9563,14.5355,14.0927,0.4428,3.6961,11.5900,1.1768,10.4132,NA,NA,NA
ExperienceX.exe,56308,0x216C829D570,DXGI,1,0,0,Composed: Flip,3858.4898,NA,17.44080000000000,NA,1.29760000000000,2.44200000000000,NA,3841.4918,18.2956,16.9980,1.2976,17.6802,1.7598,1.7598,0.0000,NA,NA,NA
ExperienceX.exe,56308,0x216C829D570,DXGI,1,0,0,Composed: Flip,3874.2500,NA,15.76020000000000,NA,0.18670000000000,1.03280000000000,NA,3859.7874,14.6493,14.4626,0.1867,1.5415,13.9539,3.1168,10.8371,NA,NA,NA
ExperienceX.exe,56308,0x216C829D570,DXGI,1,0,0,Composed: Flip,3893.2734,NA,19.02340000000000,NA,0.20010000000000,2.48980000000000,NA,3874.4367,19.0368,18.8367,0.2001,20.9084,0.4181,0.4181,0.0000,NA,NA,NA
ExperienceX.exe,56308,0x216C829D570,DXGI,1,0,0,Composed: Flip,3907.9343,NA,14.66090000000000,NA,0.24590000000000,0.90210000000000,NA,3893.4735,14.7067,14.4608,0.2459,2.2897,13.0732,1.8235,11.2497,NA,NA,NA
ExperienceX.exe,56308,0x216C829D570,DXGI,1,0,0,Composed: Flip,3925.6843,NA,17.75000000000000,NA,0.29770000000000,4.99890000000000,NA,3908.1802,17.8018,17.5041,0.2977,22.0767,0.4263,0.4263,0.0000,NA,NA,NA
ExperienceX.exe,56308,0x216C829D570,DXGI,1,0,0,Composed: Flip,3941.0439,NA,15.35960000000000,NA,0.37240000000000,3.30180000000000,NA,3925.9820,15.4343,15.0619,0.3724,17.9171,0.4466,0.4466,0.0000,NA,NA,NA
ExperienceX.exe,56308,0x216C829D570,DXGI,1,0,0,Composed: Flip,3960.3425,NA,19.29860000000000,NA,0.38590000000000,6.07190000000000,NA,3941.4163,19.3121,18.9262,0.3859,23.4534,1.5447,1.5344,0.0103,NA,NA,NA
ExperienceX.exe,56308,0x216C829D570,DXGI,1,0,0,Composed: Flip,3975.0239,NA,14.68140000000000,NA,0.32830000000000,1.55720000000000,NA,3960.7284,14.6238,14.2955,0.3283,14.7986,1.0541,1.0541,0.0000,NA,NA,NA
ExperienceX.exe,56308,0x216C829D570,DXGI,1,0,0,Composed: Flip,3991.0514,NA,16.02750000000000,NA,0.10840000000000,2.73750000000000,NA,3975.3522,15.8076,15.6992,0.1084,18.0143,0.4224,0.4224,0.0000,NA,NA,NA
ExperienceX.exe,56308,0x216C829D570,DXGI,1,0,0,Composed: Flip,4007.3282,NA,16.27680000000000,NA,0.17440000000000,1.67770000000000,NA,3991.1598,16.3428,16.1684,0.1744,17.4556,0.3905,0.3905,0.0000,NA,NA,NA
ExperienceX.exe,56308,0x216C829D570,DXGI,1,0,0,Composed: Flip,4025.5902,NA,18.26200000000000,NA,0.08190000000000,1.34240000000000,NA,4007.5026,18.1695,18.0876,0.0819,17.5948,1.8352,1.8352,0.0000,NA,NA,NA
ExperienceX.exe,56308,0x216C829D570,DXGI,1,0,0,Composed: Flip,4041.0256,NA,15.43540000000000,NA,0.17500000000000,1.58520000000000,NA,4025.6721,15.5285,15.3535,0.1750,1.7207,15.2180,1.9716,13.2464,NA,NA,NA
ExperienceX.exe,56308,0x216C829D570,DXGI,1,0,0,Composed: Flip,4060.1381,NA,19.11250000000000,NA,0.09740000000000,3.40590000000000,NA,4041.2006,19.0349,18.9375,0.0974,20.6554,1.6880,1.6681,0.0199,NA,NA,NA
ExperienceX.exe,56308,0x216C829D570,DXGI,1,0,0,Composed: Flip,4074.3419,NA,14.20380000000000,NA,0.22650000000000,2.10290000000000,NA,4060.2355,14.3329,14.1064,0.2265,15.7906,0.4187,0.4187,0.0000,NA,NA,NA
ExperienceX.exe,56308,0x216C829D570,DXGI,1,0,0,Composed: Flip,4091.6221,NA,17.28020000000000,NA,0.09480000000000,2.31520000000000,NA,4074.5684,17.1485,17.0537,0.0948,17.4745,1.8944,1.8944,0.0000,NA,NA,NA
ExperienceX.exe,56308,0x216C829D570,DXGI,1,0,0,Composed: Flip,4107.7509,NA,16.12880000000000,NA,0.32320000000000,1.88020000000000,NA,4091.7169,16.3572,16.0340,0.3232,3.0708,14.8434,1.9849,12.8585,NA,NA,NA
ExperienceX.exe,56308,0x216C829D570,DXGI,1,0,0,Composed: Flip,4142.7653,NA,35.01440000000000,NA,0.33070000000000,1.76230000000000,NA,4108.0741,35.0219,34.6912,0.3307,21.8318,14.6217,2.7762,11.8455,NA,NA,NA
ExperienceX.exe,56308,0x216838E1150,DXGI,1,0,0,Composed: Flip,4143.5019,NA,18.33970000000000,16.67590000000000,0.21060000000000,2.70300000000000,30.2920,4125.5926,18.1199,17.9093,0.2106,19.6711,0.9412,0.9412,0.0000,17.4770,4125.5926,NA
ExperienceX.exe,56308,0x216838E1150,DXGI,1,0,0,Composed: Flip,4157.9724,NA,14.47050000000000,16.75300000000000,0.37300000000000,3.24400000000000,32.5745,4143.7125,14.6329,14.2599,0.3730,2.4924,15.0115,2.3920,12.6195,1.3669,4143.7125,NA
ExperienceX.exe,56308,0x216838E1150,DXGI,1,0,0,Composed: Flip,4175.4906,NA,17.51820000000000,16.66080000000000,0.17330000000000,2.13740000000000,31.7171,4158.3454,17.3185,17.1452,0.1733,17.9233,1.3593,1.3394,0.0199,-2.0279,4158.3454,NA
ExperienceX.exe,56308,0x216838E1150,DXGI,1,0,0,Composed: Flip,4191.3599,NA,15.86930000000000,16.63440000000000,0.44690000000000,2.55950000000000,32.4822,4175.6639,16.1429,15.6960,0.4469,1.9641,16.2914,2.5946,13.6968,0.6841,4175.6639,NA
ExperienceX.exe,56308,0x216838E1150,DXGI,1,0,0,Composed: Flip,4210.0504,NA,18.69050000000000,16.49370000000000,0.07640000000000,2.18470000000000,30.2854,4191.8068,18.3200,18.2436,0.0764,18.5112,1.9171,1.9099,0.0072,-0.3508,4191.8068,NA
ExperienceX.exe,56308,0x216838E1150,DXGI,1,0,0,Composed: Flip,4224.3056,NA,14.25520000000000,16.92210000000000,0.17340000000000,1.66510000000000,32.9523,4210.1268,14.3522,14.1788,0.1734,14.4823,1.3616,1.1615,0.2001,1.3979,4210.1268,NA
ExperienceX.exe,56308,0x216838E1150,DXGI,1,0,0,Composed: Flip,4241.3189,NA,17.01330000000000,16.36670000000000,0.12640000000000,1.85920000000000,32.3057,4224.4790,16.9663,16.8399,0.1264,17.4040,1.2951,1.2866,0.0085,-2.0145,4224.4790,NA
ExperienceX.exe,56308,0x216838E1150,DXGI,1,0,0,Composed: Flip,4258.1660,NA,16.84710000000000,17.17830000000000,0.51380000000000,1.66760000000000,32.6369,4241.4453,17.2345,16.7207,0.5138,1.7328,16.6555,1.7316,14.9239,-0.2120,4241.4453,NA
ExperienceX.exe,56308,0x216838E1150,DXGI,1,0,0,Composed: Flip,4274.3829,NA,16.21690000000000,16.45860000000000,0.15470000000000,2.39530000000000,32.8786,4258.6798,15.8578,15.7031,0.1547,17.2022,0.8962,0.8962,0.0000,0.7759,4258.6798,NA
ExperienceX.exe,56308,0x216838E1150,DXGI,1,0,0,Composed: Flip,4291.4448,NA,17.06190000000000,17.04070000000000,0.22470000000000,1.92120000000000,32.8574,4274.5376,17.1319,16.9072,0.2247,2.2406,16.5878,1.8464,14.7414,-1.1829,4274.5376,NA
ExperienceX.exe,56308,0x216838E1150,DXGI,1,0,0,Composed: Flip,4309.3695,NA,17.92470000000000,16.07770000000000,0.06370000000000,2.29720000000000,31.0104,4291.6695,17.7637,17.7000,0.0637,18.0775,1.9197,1.9128,0.0069,1.0542,4291.6695,NA
ExperienceX.exe,56308,0x216838E1150,DXGI,1,0,0,Composed: Flip,4325.1931,NA,15.82360000000000,17.51460000000000,0.34900000000000,1.96060000000000,32.7014,4309.4332,16.1089,15.7599,0.3490,16.3451,1.3754,0.9391,0.4363,0.2491,4309.4332,NA
ExperienceX.exe,56308,0x216838E1150,DXGI,1,0,0,Composed: Flip,4341.9072,NA,16.71410000000000,15.92160000000000,1.30900000000000,3.72820000000000,31.9089,4325.5421,17.6741,16.3651,1.3090,18.8560,1.2373,1.1919,0.0454,0.1873,4325.5421,NA
ExperienceX.exe,56308,0x216838E1150,DXGI,1,0,0,Composed: Flip,4358.5026,NA,16.59540000000000,17.01660000000000,0.34880000000000,1.56900000000000,32.3301,4343.2162,15.6352,15.2864,0.3488,2.4192,14.4362,2.0439,12.3923,0.6575,4343.2162,NA
ExperienceX.exe,56308,0x216838E1150,DXGI,1,0,0,Composed: Flip,4375.5314,NA,17.02880000000000,16.20320000000000,0.21020000000000,1.69810000000000,31.5045,4358.8514,16.8902,16.6800,0.2102,17.4113,0.9668,0.9668,0.0000,-0.5680,4358.8514,NA
ExperienceX.exe,56308,0x216838E1150,DXGI,1,0,0,Composed: Flip,4391.5689,NA,16.03750000000000,16.79870000000000,0.35200000000000,2.66520000000000,32.2657,4375.7416,16.1793,15.8273,0.3520,1.4879,17.0046,2.6984,14.3062,0.0915,4375.7416,NA
ExperienceX.exe,56308,0x216838E1150,DXGI,1,0,0,Composed: Flip,4409.0289,NA,17.46000000000000,16.54120000000000,0.20920000000000,1.67880000000000,31.3469,4391.9209,17.3172,17.1080,0.2092,17.4058,1.3810,1.3505,0.0305,-0.3619,4391.9209,NA
ExperienceX.exe,56308,0x216838E1150,DXGI,1,0,0,Composed: Flip,4424.9366,NA,15.90770000000000,16.58110000000000,0.33630000000000,2.04500000000000,32.0203,4409.2381,16.0348,15.6985,0.3363,1.4696,16.2739,2.5686,13.7053,0.7361,4409.2381,NA
ExperienceX.exe,56308,0x216838E1150,DXGI,1,0,0,Composed: Flip,4443.2266,NA,18.29000000000000,16.71580000000000,0.08860000000000,0.76330000000000,30.4461,4425.2729,18.0423,17.9537,0.0886,17.4158,1.3012,1.2901,0.0111,-0.6810,4425.2729,NA
ExperienceX.exe,56308,0x216838E1150,DXGI,1,0,0,Composed: Flip,4457.3265,NA,14.09990000000000,16.81380000000000,0.18280000000000,1.04560000000000,33.1600,4443.3152,14.1941,14.0113,0.1828,0.6747,14.3822,1.3287,13.0535,1.2285,4443.3152,NA
ExperienceX.exe,56308,0x216838E1150,DXGI,1,0,0,Composed: Flip,4475.7179,NA,18.39140000000000,16.44490000000000,0.11800000000000,1.52330000000000,31.2135,4457.5093,18.3266,18.2086,0.1180,17.6993,2.0326,2.0148,0.0178,-2.2508,4457.5093,NA
ExperienceX.exe,56308,0x216838E1150,DXGI,1,0,0,Composed: Flip,4490.9785,NA,15.26060000000000,17.54380000000000,0.27780000000000,1.39360000000000,33.4967,4475.8359,15.4204,15.1426,0.2778,15.4895,1.0467,0.9117,0.1350,0.7828,4475.8359,NA
ExperienceX.exe,56308,0x216838E1150,DXGI,1,0,0,Composed: Flip,4507.9261,NA,16.94760000000000,15.85330000000000,0.07800000000000,2.06810000000000,32.4024,4491.2563,16.7478,16.6698,0.0780,17.7691,0.9688,0.9635,0.0053,-0.4329,4491.2563,NA
ExperienceX.exe,56308,0x216838E1150,DXGI,1,0,0,Composed: Flip,4525.1916,NA,17.26550000000000,16.65250000000000,0.31450000000000,2.60390000000000,31.7894,4508.0041,17.5020,17.1875,0.3145,17.5041,2.2873,2.1602,0.1271,0.0953,4508.0041,NA
ExperienceX.exe,56308,0x216838E1150,DXGI,1,0,0,Composed: Flip,4542.2984,NA,17.10680000000000,16.90900000000000,0.41440000000000,1.79500000000000,31.5916,4525.5061,17.2067,16.7923,0.4144,17.2955,1.2918,1.2918,0.0000,0.5930,4525.5061,NA
ExperienceX.exe,56308,0x216838E1150,DXGI,1,0,0,Composed: Flip,4557.3868,NA,15.08840000000000,16.41860000000000,0.27130000000000,2.00860000000000,32.9218,4542.7128,14.9453,14.6740,0.2713,1.3806,15.3020,2.5496,12.7524,0.7881,4542.7128,NA
ExperienceX.exe,56308,0x216838E1150,DXGI,1,0,0,Composed: Flip,4575.8827,NA,18.49590000000000,16.64590000000000,0.07220000000000,1.02180000000000,31.0718,4557.6581,18.2968,18.2246,0.0722,18.2755,0.9709,0.9611,0.0098,-1.7006,4557.6581,NA
ExperienceX.exe,56308,0x216838E1150,DXGI,1,0,0,Composed: Flip,4590.7590,NA,14.87630000000000,16.64280000000000,0.23710000000000,0.79550000000000,32.8383,4575.9549,15.0412,14.8041,0.2371,0.9496,14.6500,1.4838,13.1662,1.6540,4575.9549,NA
ExperienceX.exe,56308,0x216838E1150,DXGI,1,0,0,Composed: Flip,4607.9289,NA,17.16990000000000,16.70440000000000,0.12350000000000,1.78740000000000,32.3728,4590.9961,17.0563,16.9328,0.1235,17.4154,1.3048,1.2964,0.0084,-1.6632,4590.9961,NA
ExperienceX.exe,56308,0x216838E1150,DXGI,1,0,0,Composed: Flip,4623.9976,NA,16.06870000000000,16.66530000000000,0.27900000000000,0.74000000000000,32.9694,4608.0524,16.2242,15.9452,0.2790,16.1604,0.5248,0.5248,0.0000,0.3910,4608.0524,NA
ExperienceX.exe,56308,0x216838E1150,DXGI,1,0,0,Composed: Flip,4641.1561,NA,17.15850000000000,16.68650000000000,0.13840000000000,2.05560000000000,32.4974,4624.2766,17.0179,16.8795,0.1384,17.5749,1.3602,1.3498,0.0104,-0.4623,4624.2766,NA
ExperienceX.exe,56308,0x216838E1150,DXGI,1,0,0,Composed: Flip,4657.3512,NA,16.19510000000000,16.76940000000000,0.30770000000000,0.79370000000000,33.0717,4641.2945,16.3644,16.0567,0.3077,1.9172,14.9332,0.9084,14.0248,0.2485,4641.2945,NA
ExperienceX.exe,56308,0x216838E1150,DXGI,1,0,0,Composed: Flip,4675.0554,NA,17.70420000000000,16.49410000000000,0.10360000000000,1.52090000000000,31.8616,4657.6589,17.5001,17.3965,0.1036,17.4507,1.4667,1.4350,0.0317,-0.1297,4657.6589,NA
ExperienceX.exe,56308,0x216838E1150,DXGI,1,0,0,Composed: Flip,4690.8439,NA,15.78850000000000,16.93140000000000,0.36190000000000,1.36390000000000,33.0045,4675.1590,16.0468,15.6849,0.3619,15.9559,1.0929,1.0010,0.0919,0.5687,4675.1590,NA
ExperienceX.exe,56308,0x216838E1150,DXGI,1,0,0,Composed: Flip,4707.9806,NA,17.13670000000000,16.41280000000000,0.05750000000000,1.63230000000000,32.2806,4691.2058,16.8323,16.7748,0.0575,17.0852,1.3219,1.3182,0.0037,-0.3660,4691.2058,NA
ExperienceX.exe,56308,0x216838E1150,DXGI,1,0,0,Composed: Flip,4724.8666,NA,16.88600000000000,16.66030000000000,0.47490000000000,2.32590000000000,32.0549,4708.0381,17.3034,16.8285,0.4749,17.1120,2.0424,2.0424,0.0000,0.1720,4708.0381,NA
ExperienceX.exe,56308,0x216838E1150,DXGI,1,0,0,Composed: Flip,4740.8935,NA,16.02690000000000,16.83100000000000,0.80870000000000,2.38930000000000,32.8590,4725.3415,16.3607,15.5520,0.8087,17.0185,0.9228,0.9228,0.0000,0.4724,4725.3415,NA
ExperienceX.exe,56308,0x216838E1150,DXGI,1,0,0,Composed: Flip,4757.2053,NA,16.31180000000000,16.49760000000000,0.17090000000000,0.67640000000000,33.0448,4741.7022,15.6740,15.5031,0.1709,1.5806,14.5989,0.5715,14.0274,-0.1369,4741.7022,NA
ExperienceX.exe,56308,0x216838E1150,DXGI,1,0,0,Composed: Flip,4776.1934,NA,18.98810000000000,16.66040000000000,0.21060000000000,1.77270000000000,30.7171,4757.3762,19.0278,18.8172,0.2106,18.8934,1.6965,1.6893,0.0072,-0.9864,4757.3762,NA
ExperienceX.exe,56308,0x216838E1150,DXGI,1,0,0,Composed: Flip,4790.5009,NA,14.30750000000000,16.66500000000000,0.15050000000000,0.65540000000000,33.0746,4776.4040,14.2474,14.0969,0.1505,1.5621,13.1902,1.1791,12.0111,2.3628,4776.4040,NA
ExperienceX.exe,56308,0x216838E1150,DXGI,1,0,0,Composed: Flip,4808.0709,NA,17.57000000000000,16.69100000000000,0.07250000000000,3.30630000000000,32.1956,4790.6514,17.4920,17.4195,0.0725,18.6772,2.0486,2.0439,0.0047,-2.4436,4790.6514,NA
ExperienceX.exe,56308,0x216838E1150,DXGI,1,0,0,Composed: Flip,4823.9432,NA,15.87230000000000,16.80000000000000,0.22770000000000,0.69580000000000,33.1233,4808.1434,16.0275,15.7998,0.2277,15.9827,0.5129,0.5129,0.0000,0.6920,4808.1434,NA
ExperienceX.exe,56308,0x216838E1150,DXGI,1,0,0,Composed: Flip,4841.1596,NA,17.21640000000000,16.55880000000000,0.29380000000000,1.64420000000000,32.4657,4824.1709,17.2825,16.9887,0.2938,17.7064,0.9265,0.9230,0.0035,-0.5313,4824.1709,NA
ExperienceX.exe,56308,0x216838E1150,DXGI,1,0,0,Composed: Flip,4857.4966,NA,16.33700000000000,16.65880000000000,0.27630000000000,0.74400000000000,32.7875,4841.4534,16.3195,16.0432,0.2763,16.2459,0.5413,0.5413,0.0000,0.6237,4841.4534,NA
ExperienceX.exe,56308,0x216838E1150,DXGI,1,0,0,Composed: Flip,4874.2603,NA,16.76370000000000,16.71630000000000,0.40920000000000,2.42620000000000,32.7401,4857.7729,16.8966,16.4874,0.4092,17.5762,1.3374,1.3291,0.0083,-0.3968,4857.7729,NA
ExperienceX.exe,56308,0x216838E1150,DXGI,1,0,0,Composed: Flip,4890.6072,NA,16.34690000000000,16.58030000000000,0.14950000000000,1.05760000000000,32.9735,4874.6695,16.0872,15.9377,0.1495,16.0822,0.9131,0.9131,0.0000,0.3163,4874.6695,NA
ExperienceX.exe,56308,0x216838E1150,DXGI,1,0,0,Composed: Flip,4908.5082,NA,17.90100000000000,16.75410000000000,0.07220000000000,2.05930000000000,31.8266,4890.7567,17.8237,17.7515,0.0722,17.8330,1.9778,1.9636,0.0142,-0.6669,4890.7567,NA
ExperienceX.exe,56308,0x216838E1150,DXGI,1,0,0,Composed: Flip,4923.8729,NA,15.36470000000000,16.69220000000000,0.13880000000000,0.66040000000000,33.1541,4908.5804,15.4313,15.2925,0.1388,15.4530,0.4999,0.4999,0.0000,1.1315,4908.5804,NA
ExperienceX.exe,56308,0x216838E1150,DXGI,1,0,0,Composed: Flip,4942.0419,NA,18.16900000000000,16.58620000000000,0.19590000000000,1.73820000000000,31.5713,4924.0117,18.2261,18.0302,0.1959,18.7942,0.9742,0.9693,0.0049,-1.1549,4924.0117,NA
ExperienceX.exe,56308,0x216C7EA03E0,DXGI,1,0,0,Composed: Flip,3582.3268,NA,23.08480000000000,149.84610000000001,0.73220000000000,4.68650000000000,24.7529,3559.7323,23.3267,22.5945,0.7322,25.8661,1.4149,1.4149,0.0000,15.6104,3559.7323,NA
ExperienceX.exe,56308,0x216C7EA03E0,DXGI,1,0,0,Composed: Flip,3607.9151,NA,25.58830000000000,NA,0.27740000000000,3.03940000000000,NA,3583.0590,25.1335,24.8561,0.2774,26.5585,1.3370,0.8559,0.4811,NA,NA,NA
ExperienceX.exe,56308,0x216C7EA03E0,DXGI,1,0,0,Composed: Flip,3625.6867,NA,17.77160000000000,NA,0.21980000000000,3.92570000000000,NA,3608.1925,17.7140,17.4942,0.2198,21.4121,0.0078,0.0078,0.0000,NA,NA,NA
ExperienceX.exe,56308,0x216C7EA03E0,DXGI,1,0,0,Composed: Flip,3641.2368,NA,15.55010000000000,NA,0.37450000000000,2.11660000000000,NA,3625.9065,15.7048,15.3303,0.3745,3.7059,13.7410,3.9364,9.8046,NA,NA,NA
ExperienceX.exe,56308,0x216C7EA03E0,DXGI,1,0,0,Composed: Flip,3664.3533,NA,23.11650000000000,NA,0.38780000000000,1.33060000000000,NA,3641.6113,23.1298,22.7420,0.3878,21.8338,2.2388,2.2388,0.0000,NA,NA,NA
ExperienceX.exe,56308,0x216C7EA03E0,DXGI,1,0,0,Composed: Flip,3674.9885,NA,10.63520000000000,NA,0.44760000000000,2.21020000000000,NA,3664.7411,10.6950,10.2474,0.4476,0.9428,11.5148,1.7353,9.7795,NA,NA,NA
ExperienceX.exe,56308,0x216C7EA03E0,DXGI,1,0,0,Composed: Flip,3692.1710,NA,17.18250000000000,NA,0.29560000000000,3.63780000000000,NA,3675.4361,17.0305,16.7349,0.2956,19.9438,0.4289,0.4289,0.0000,NA,NA,NA
ExperienceX.exe,56308,0x216C7EA03E0,DXGI,1,0,0,Composed: Flip,3707.9345,NA,15.76350000000000,NA,0.38060000000000,2.27550000000000,NA,3692.4666,15.8485,15.4679,0.3806,3.3422,14.4012,3.0353,11.3659,NA,NA,NA
ExperienceX.exe,56308,0x216C7EA03E0,DXGI,1,0,0,Composed: Flip,3728.9333,NA,20.99880000000000,NA,0.46600000000000,1.12790000000000,NA,3708.3151,21.0842,20.6182,0.4660,19.9686,1.7775,1.7775,0.0000,NA,NA,NA
ExperienceX.exe,56308,0x216C7EA03E0,DXGI,1,0,0,Composed: Flip,3744.2044,NA,15.27110000000000,NA,0.44530000000000,2.07880000000000,NA,3729.3993,15.2504,14.8051,0.4453,1.9825,14.9014,2.3849,12.5165,NA,NA,NA
ExperienceX.exe,56308,0x216C7EA03E0,DXGI,1,0,0,Composed: Flip,3760.2636,NA,16.05920000000000,NA,0.24050000000000,1.63650000000000,NA,3744.6497,15.8544,15.6139,0.2405,16.0682,1.1822,0.9397,0.2425,NA,NA,NA
ExperienceX.exe,56308,0x216C7EA03E0,DXGI,1,0,0,Composed: Flip,3774.6631,NA,14.39950000000000,NA,0.36700000000000,2.08730000000000,NA,3760.5041,14.5260,14.1590,0.3670,15.8671,0.3792,0.3792,0.0000,NA,NA,NA
ExperienceX.exe,56308,0x216C7EA03E0,DXGI,1,0,0,Composed: Flip,3792.6844,NA,18.02130000000000,NA,1.88320000000000,3.76880000000000,NA,3775.0301,19.5375,17.6543,1.8832,19.9024,1.5207,1.5207,0.0000,NA,NA,NA
ExperienceX.exe,56308,0x216C7EA03E0,DXGI,1,0,0,Composed: Flip,3807.5761,NA,14.89170000000000,NA,0.21160000000000,1.55010000000000,NA,3794.5676,13.2201,13.0085,0.2116,14.1184,0.4402,0.4402,0.0000,NA,NA,NA
ExperienceX.exe,56308,0x216C7EA03E0,DXGI,1,0,0,Composed: Flip,3826.8249,NA,19.24880000000000,NA,0.36040000000000,3.82750000000000,NA,3807.7877,19.3976,19.0372,0.3604,21.6219,1.2428,1.2428,0.0000,NA,NA,NA
ExperienceX.exe,56308,0x216C7EA03E0,DXGI,1,0,0,Composed: Flip,3840.9882,NA,14.16330000000000,NA,0.25590000000000,1.59230000000000,NA,3827.1853,14.0588,13.8029,0.2559,15.0571,0.3381,0.3381,0.0000,NA,NA,NA
ExperienceX.exe,56308,0x216C7EA03E0,DXGI,1,0,0,Composed: Flip,3858.4341,NA,17.44590000000000,NA,0.13070000000000,2.89480000000000,NA,3841.2441,17.3207,17.1900,0.1307,19.6877,0.3971,0.3971,0.0000,NA,NA,NA
ExperienceX.exe,56308,0x216C7EA03E0,DXGI,1,0,0,Composed: Flip,3874.2517,NA,15.81760000000000,NA,0.18480000000000,1.47940000000000,NA,3858.5648,15.8717,15.6869,0.1848,16.7180,0.4483,0.4483,0.0000,NA,NA,NA
ExperienceX.exe,56308,0x216C7EA03E0,DXGI,1,0,0,Composed: Flip,3891.5268,NA,17.27510000000000,NA,0.13340000000000,3.81830000000000,NA,3874.4365,17.2237,17.0903,0.1334,19.5394,1.3692,1.3692,0.0000,NA,NA,NA
ExperienceX.exe,56308,0x216C7EA03E0,DXGI,1,0,0,Composed: Flip,3907.6235,NA,16.09670000000000,NA,0.31790000000000,1.69650000000000,NA,3891.6602,16.2812,15.9633,0.3179,17.1762,0.4836,0.4836,0.0000,NA,NA,NA
ExperienceX.exe,56308,0x216C7EA03E0,DXGI,1,0,0,Composed: Flip,3925.6836,NA,18.06010000000000,NA,0.28430000000000,4.57330000000000,NA,3907.9414,18.0265,17.7422,0.2843,20.8337,1.4818,1.4500,0.0318,NA,NA,NA
ExperienceX.exe,56308,0x216C7EA03E0,DXGI,1,0,0,Composed: Flip,3941.0392,NA,15.35560000000000,NA,0.49080000000000,2.85990000000000,NA,3925.9679,15.5621,15.0713,0.4908,4.7153,13.2159,3.3269,9.8890,NA,NA,NA
ExperienceX.exe,56308,0x216C7EA03E0,DXGI,1,0,0,Composed: Flip,3960.3943,NA,19.35510000000000,NA,0.19860000000000,4.47540000000000,NA,3941.5300,19.0629,18.8643,0.1986,21.9514,1.3883,1.3883,0.0000,NA,NA,NA
ExperienceX.exe,56308,0x216C7EA03E0,DXGI,1,0,0,Composed: Flip,3975.1862,NA,14.79190000000000,NA,0.71110000000000,1.64840000000000,NA,3960.5929,15.3044,14.5933,0.7111,15.9882,0.2535,0.2535,0.0000,NA,NA,NA
ExperienceX.exe,56308,0x216C7EA03E0,DXGI,1,0,0,Composed: Flip,3991.0781,NA,15.89190000000000,NA,0.84960000000000,2.28840000000000,NA,3975.8973,16.0304,15.1808,0.8496,15.5765,1.8927,1.8927,0.0000,NA,NA,NA
ExperienceX.exe,56308,0x216C7EA03E0,DXGI,1,0,0,Composed: Flip,4024.5506,NA,33.47250000000000,NA,0.35850000000000,2.84220000000000,NA,3991.9277,32.9814,32.6229,0.3585,35.0049,0.4602,0.4602,0.0000,NA,NA,NA
ExperienceX.exe,56308,0x216C7EA03E0,DXGI,1,0,0,Composed: Flip,4041.1394,NA,16.58880000000000,NA,0.35180000000000,2.09210000000000,NA,4024.9091,16.5821,16.2303,0.3518,17.7017,0.6207,0.6207,0.0000,NA,NA,NA
ExperienceX.exe,56308,0x216C7EA03E0,DXGI,1,0,0,Composed: Flip,4058.3799,NA,17.24050000000000,NA,0.17960000000000,3.47610000000000,NA,4041.4912,17.0683,16.8887,0.1796,18.4295,1.9353,1.9353,0.0000,NA,NA,NA
ExperienceX.exe,56308,0x216C7EA03E0,DXGI,1,0,0,Composed: Flip,4074.3421,NA,15.96220000000000,NA,0.22640000000000,1.68400000000000,NA,4058.5595,16.0090,15.7826,0.2264,16.0010,1.4656,1.4656,0.0000,NA,NA,NA
ExperienceX.exe,56308,0x216C7EA03E0,DXGI,1,0,0,Composed: Flip,4092.6920,NA,18.34990000000000,NA,0.18920000000000,2.09570000000000,NA,4074.5685,18.3127,18.1235,0.1892,19.3688,0.8504,0.8504,0.0000,NA,NA,NA
ExperienceX.exe,56308,0x216C7EA03E0,DXGI,1,0,0,Composed: Flip,4107.6513,NA,14.95930000000000,NA,0.15350000000000,2.60860000000000,NA,4092.8812,14.9236,14.7701,0.1535,16.7499,0.6288,0.6288,0.0000,NA,NA,NA
ExperienceX.exe,56308,0x216C7EA03E0,DXGI,1,0,0,Composed: Flip,4142.7637,NA,35.11240000000000,NA,0.32790000000000,2.50000000000000,NA,4107.8048,35.2868,34.9589,0.3279,36.7228,0.7361,0.7361,0.0000,NA,NA,NA
ExperienceX.exe,56308,0x216C7EA03E0,DXGI,1,0,0,Composed: Flip,4125.8564,NA,0.00000000000000,NA,0.29210000000000,2.78040000000000,NA,4143.0916,0.2921,0.0000,0.2921,0.0000,0.1265,0.1265,0.0000,NA,NA,NA
ExperienceX.exe,56308,0x216C7EA03E0,DXGI,1,0,0,Composed: Flip,4158.4701,NA,32.61370000000000,NA,1.49970000000000,3.17020000000000,NA,4126.1485,33.8213,32.3216,1.4997,35.0679,0.4239,0.4239,0.0000,NA,NA,NA
ExperienceX.exe,56308,0x216C7EA03E0,DXGI,1,0,0,Composed: Flip,4175.3141,NA,16.84400000000000,NA,0.37420000000000,0.95460000000000,NA,4159.9698,15.7185,15.3443,0.3742,15.6907,0.6082,0.6082,0.0000,NA,NA,NA
ExperienceX.exe,56308,0x216C7EA03E0,DXGI,1,0,0,Composed: Flip,4192.1943,NA,16.88020000000000,NA,0.27490000000000,3.68550000000000,NA,4175.6883,16.7809,16.5060,0.2749,18.2311,1.9604,1.9604,0.0000,NA,NA,NA
ExperienceX.exe,56308,0x216C7EA03E0,DXGI,1,0,0,Composed: Flip,4207.6433,NA,15.44900000000000,NA,0.23020000000000,1.24690000000000,NA,4192.4692,15.4043,15.1741,0.2302,3.8470,12.5740,1.4218,11.1522,NA,NA,NA
ExperienceX.exe,56308,0x216C7EA03E0,DXGI,1,0,0,Composed: Flip,4226.0581,NA,18.41480000000000,NA,0.18730000000000,1.64970000000000,NA,4207.8735,18.3719,18.1846,0.1873,18.0972,1.7371,1.7371,0.0000,NA,NA,NA
ExperienceX.exe,56308,0x216C7EA03E0,DXGI,1,0,0,Composed: Flip,4240.6957,NA,14.63760000000000,NA,0.19980000000000,1.18730000000000,NA,4226.2454,14.6501,14.4503,0.1998,15.2504,0.3872,0.3872,0.0000,NA,NA,NA
ExperienceX.exe,56308,0x216C7EA03E0,DXGI,1,0,0,Composed: Flip,4258.3659,NA,17.67020000000000,NA,0.19150000000000,3.30600000000000,NA,4240.8955,17.6619,17.4704,0.1915,18.9381,1.8383,1.8383,0.0000,NA,NA,NA
ExperienceX.exe,56308,0x216C7EA03E0,DXGI,1,0,0,Composed: Flip,4274.0280,NA,15.66210000000000,NA,0.22790000000000,1.32570000000000,NA,4258.5574,15.6985,15.4706,0.2279,4.7224,12.0739,1.3231,10.7508,NA,NA,NA
ExperienceX.exe,56308,0x216C7EA03E0,DXGI,1,0,0,Composed: Flip,4293.4976,NA,19.46960000000000,NA,0.07620000000000,1.75170000000000,NA,4274.2559,19.3179,19.2417,0.0762,19.1101,1.8833,1.8833,0.0000,NA,NA,NA
ExperienceX.exe,56308,0x216C7EA03E0,DXGI,1,0,0,Composed: Flip,4307.7331,NA,14.23550000000000,NA,0.14810000000000,2.01390000000000,NA,4293.5738,14.3074,14.1593,0.1481,14.8639,1.3093,1.0772,0.2321,NA,NA,NA
ExperienceX.exe,56308,0x216C7EA03E0,DXGI,1,0,0,Composed: Flip,4325.9626,NA,18.22950000000000,NA,0.22530000000000,2.89340000000000,NA,4307.8812,18.3067,18.0814,0.2253,19.2725,1.7023,1.7023,0.0000,NA,NA,NA
ExperienceX.exe,56308,0x216C7EA03E0,DXGI,1,0,0,Composed: Flip,4340.8471,NA,14.88450000000000,NA,0.18180000000000,3.28890000000000,NA,4326.1879,14.8410,14.6592,0.1818,3.1357,14.8124,4.3685,10.4439,NA,NA,NA
ExperienceX.exe,56308,0x216C7EA03E0,DXGI,1,0,0,Composed: Flip,4359.2551,NA,18.40800000000000,NA,0.28520000000000,3.03580000000000,NA,4341.0289,18.5114,18.2262,0.2852,20.8211,0.4409,0.4409,0.0000,NA,NA,NA
ExperienceX.exe,56308,0x216C7EA03E0,DXGI,1,0,0,Composed: Flip,4374.3687,NA,15.11360000000000,NA,0.20370000000000,1.13870000000000,NA,4359.5403,15.0321,14.8284,0.2037,2.7506,13.2165,2.3940,10.8225,NA,NA,NA
ExperienceX.exe,56308,0x216C7EA03E0,DXGI,1,0,0,Composed: Flip,4392.0776,NA,17.70890000000000,NA,0.11700000000000,3.57110000000000,NA,4374.5724,17.6222,17.5052,0.1170,20.1167,0.9596,0.9596,0.0000,NA,NA,NA
ExperienceX.exe,56308,0x216C7EA03E0,DXGI,1,0,0,Composed: Flip,4407.5328,NA,15.45520000000000,NA,0.39130000000000,1.79390000000000,NA,4392.1946,15.7295,15.3382,0.3913,16.6494,0.4827,0.4827,0.0000,NA,NA,NA
ExperienceX.exe,56308,0x216C7EA03E0,DXGI,1,0,0,Composed: Flip,4426.8713,NA,19.33850000000000,NA,0.19930000000000,1.82060000000000,NA,4407.9241,19.1465,18.9472,0.1993,20.3247,0.4431,0.4431,0.0000,NA,NA,NA
ExperienceX.exe,56308,0x216C7EA03E0,DXGI,1,0,0,Composed: Flip,4440.7367,NA,13.86540000000000,NA,0.26680000000000,1.52940000000000,NA,4427.0706,13.9329,13.6661,0.2668,1.6213,13.5742,1.9257,11.6485,NA,NA,NA
ExperienceX.exe,56308,0x216C7EA03E0,DXGI,1,0,0,Composed: Flip,4457.9071,NA,17.17040000000000,NA,0.67890000000000,2.69990000000000,NA,4441.0035,17.5825,16.9036,0.6789,19.1723,0.4312,0.4312,0.0000,NA,NA,NA
ExperienceX.exe,56308,0x216C7EA03E0,DXGI,1,0,0,Composed: Flip,4473.9809,NA,16.07380000000000,NA,0.13730000000000,0.75060000000000,NA,4458.5860,15.5322,15.3949,0.1373,2.0210,14.1245,1.6738,12.4507,NA,NA,NA
ExperienceX.exe,56308,0x216C7EA03E0,DXGI,1,0,0,Composed: Flip,4492.6624,NA,18.68150000000000,NA,0.18140000000000,1.41420000000000,NA,4474.1182,18.7256,18.5442,0.1814,18.2539,1.7045,1.7045,0.0000,NA,NA,NA
ExperienceX.exe,56308,0x216C7EA03E0,DXGI,1,0,0,Composed: Flip,4507.2215,NA,14.55910000000000,NA,0.14570000000000,1.37100000000000,NA,4492.8438,14.5234,14.3777,0.1457,1.7499,13.9988,1.6858,12.3130,NA,NA,NA
ExperienceX.exe,56308,0x216C7EA03E0,DXGI,1,0,0,Composed: Flip,4526.8065,NA,19.58500000000000,NA,0.31100000000000,2.51120000000000,NA,4507.3672,19.7503,19.4393,0.3110,20.5622,1.3883,1.3883,0.0000,NA,NA,NA
ExperienceX.exe,56308,0x216C7EA03E0,DXGI,1,0,0,Composed: Flip,4540.7161,NA,13.90960000000000,NA,0.18390000000000,2.08550000000000,NA,4527.1175,13.7825,13.5986,0.1839,15.6777,0.0064,0.0064,0.0000,NA,NA,NA
ExperienceX.exe,56308,0x216C7EA03E0,DXGI,1,0,0,Composed: Flip,4557.9163,NA,17.20020000000000,NA,0.15620000000000,2.60030000000000,NA,4540.9000,17.1725,17.0163,0.1562,18.4954,1.1212,1.1212,0.0000,NA,NA,NA
ExperienceX.exe,56308,0x216C7EA03E0,DXGI,1,0,0,Composed: Flip,4574.3443,NA,16.42800000000000,NA,0.35430000000000,1.58930000000000,NA,4558.0725,16.6261,16.2718,0.3543,17.4111,0.4500,0.4500,0.0000,NA,NA,NA
ExperienceX.exe,56308,0x216C7EA03E0,DXGI,1,0,0,Composed: Flip,4591.1396,NA,16.79530000000000,NA,0.07880000000000,2.37530000000000,NA,4574.6986,16.5198,16.4410,0.0788,16.8559,1.9604,1.9604,0.0000,NA,NA,NA
ExperienceX.exe,56308,0x216C7EA03E0,DXGI,1,0,0,Composed: Flip,4607.2372,NA,16.09760000000000,NA,0.13300000000000,0.70160000000000,NA,4591.2184,16.1518,16.0188,0.1330,2.7196,14.0008,1.5127,12.4881,NA,NA,NA
ExperienceX.exe,56308,0x216C7EA03E0,DXGI,1,0,0,Composed: Flip,4624.7351,NA,17.49790000000000,NA,0.06090000000000,1.95700000000000,NA,4607.3702,17.4258,17.3649,0.0609,17.3674,1.9545,1.9545,0.0000,NA,NA,NA
ExperienceX.exe,56308,0x216C7EA03E0,DXGI,1,0,0,Composed: Flip,4640.6592,NA,15.92410000000000,NA,0.26260000000000,1.06170000000000,NA,4624.7960,16.1258,15.8632,0.2626,2.3435,14.5814,1.2767,13.3047,NA,NA,NA
ExperienceX.exe,56308,0x216C7EA03E0,DXGI,1,0,0,Composed: Flip,4657.7421,NA,17.08290000000000,NA,0.10050000000000,2.37550000000000,NA,4640.9218,16.9208,16.8203,0.1005,17.2231,1.9727,1.9727,0.0000,NA,NA,NA
ExperienceX.exe,56308,0x216C7EA03E0,DXGI,1,0,0,Composed: Flip,4674.0035,NA,16.26140000000000,NA,0.18050000000000,1.10610000000000,NA,4657.8426,16.3414,16.1609,0.1805,16.8200,0.4470,0.4470,0.0000,NA,NA,NA
ExperienceX.exe,56308,0x216C7EA03E0,DXGI,1,0,0,Composed: Flip,4691.4743,NA,17.47080000000000,NA,0.17400000000000,3.04690000000000,NA,4674.1840,17.4643,17.2903,0.1740,19.8985,0.4387,0.4387,0.0000,NA,NA,NA
ExperienceX.exe,56308,0x216C7EA03E0,DXGI,1,0,0,Composed: Flip,4707.1989,NA,15.72460000000000,NA,0.15520000000000,1.09210000000000,NA,4691.6483,15.7058,15.5506,0.1552,16.3561,0.2866,0.2866,0.0000,NA,NA,NA
ExperienceX.exe,56308,0x216C7EA03E0,DXGI,1,0,0,Composed: Flip,4726.1299,NA,18.93100000000000,NA,0.07300000000000,1.48030000000000,NA,4707.3541,18.8488,18.7758,0.0730,19.8384,0.4177,0.4177,0.0000,NA,NA,NA
ExperienceX.exe,56308,0x216C7EA03E0,DXGI,1,0,0,Composed: Flip,4740.5214,NA,14.39150000000000,NA,0.19720000000000,0.73300000000000,NA,4726.2029,14.5157,14.3185,0.1972,14.5420,0.5095,0.5095,0.0000,NA,NA,NA
ExperienceX.exe,56308,0x216C7EA03E0,DXGI,1,0,0,Composed: Flip,4757.4794,NA,16.95800000000000,NA,0.40600000000000,2.39580000000000,NA,4740.7186,17.1668,16.7608,0.4060,17.1631,1.9935,1.9935,0.0000,NA,NA,NA
ExperienceX.exe,56308,0x216C7EA03E0,DXGI,1,0,0,Composed: Flip,4774.2338,NA,16.75440000000000,NA,0.20580000000000,2.03580000000000,NA,4757.8854,16.5542,16.3484,0.2058,18.3794,0.0048,0.0048,0.0000,NA,NA,NA
ExperienceX.exe,56308,0x216C7EA03E0,DXGI,1,0,0,Composed: Flip,4790.7343,NA,16.50050000000000,NA,0.07380000000000,2.40760000000000,NA,4774.4396,16.3685,16.2947,0.0738,16.7167,1.9856,1.9856,0.0000,NA,NA,NA
ExperienceX.exe,56308,0x216C7EA03E0,DXGI,1,0,0,Composed: Flip,4807.3479,NA,16.61360000000000,NA,0.10060000000000,1.98070000000000,NA,4790.8081,16.6404,16.5398,0.1006,18.0901,0.4304,0.4304,0.0000,NA,NA,NA
ExperienceX.exe,56308,0x216C7EA03E0,DXGI,1,0,0,Composed: Flip,4824.2626,NA,16.91470000000000,NA,0.10660000000000,2.78430000000000,NA,4807.4485,16.9207,16.8141,0.1066,19.1481,0.4503,0.4503,0.0000,NA,NA,NA
ExperienceX.exe,56308,0x216C7EA03E0,DXGI,1,0,0,Composed: Flip,4840.5138,NA,16.25120000000000,NA,0.12690000000000,0.56450000000000,NA,4824.3692,16.2715,16.1446,0.1269,2.6777,14.0314,0.9730,13.0584,NA,NA,NA
ExperienceX.exe,56308,0x216C7EA03E0,DXGI,1,0,0,Composed: Flip,4859.1624,NA,18.64860000000000,NA,0.07390000000000,1.51710000000000,NA,4840.6407,18.5956,18.5217,0.0739,19.5943,0.4445,0.4445,0.0000,NA,NA,NA
ExperienceX.exe,56308,0x216C7EA03E0,DXGI,1,0,0,Composed: Flip,4873.9310,NA,14.76860000000000,NA,0.15540000000000,0.96390000000000,NA,4859.2363,14.8501,14.6947,0.1554,1.4432,14.2154,1.7217,12.4937,NA,NA,NA
ExperienceX.exe,56308,0x216C7EA03E0,DXGI,1,0,0,Composed: Flip,4890.8751,NA,16.94410000000000,NA,0.08100000000000,2.80580000000000,NA,4874.0864,16.8697,16.7887,0.0810,19.1480,0.4465,0.4465,0.0000,NA,NA,NA
ExperienceX.exe,56308,0x216C7EA03E0,DXGI,1,0,0,Composed: Flip,4907.3716,NA,16.49650000000000,NA,0.21590000000000,1.21810000000000,NA,4890.9561,16.6314,16.4155,0.2159,17.1419,0.4917,0.4917,0.0000,NA,NA,NA
ExperienceX.exe,56308,0x216C7EA03E0,DXGI,1,0,0,Composed: Flip,4924.1729,NA,16.80130000000000,NA,0.14180000000000,2.38480000000000,NA,4907.5875,16.7272,16.5854,0.1418,16.9458,2.0244,2.0166,0.0078,NA,NA,NA
ExperienceX.exe,56308,0x216C7EA03E0,DXGI,1,0,0,Composed: Flip,4940.6536,NA,16.48070000000000,NA,0.20100000000000,1.31980000000000,NA,4924.3147,16.5399,16.3389,0.2010,2.6887,14.9700,2.1445,12.8255,NA,NA,NA
ExperienceX.exe,56308,0x216C7EA03E0,DXGI,1,0,0,Composed: Flip,4958.0185,NA,17.36490000000000,NA,0.17730000000000,2.43190000000000,NA,4940.8546,17.3412,17.1639,0.1773,17.6705,1.9253,1.9253,0.0000,NA,NA,NA
ExperienceX.exe,56308,0x216838E1150,DXGI,1,0,0,Composed: Flip,4957.3306,NA,15.28870000000000,16.69210000000000,0.15160000000000,1.19450000000000,32.9747,4942.2378,15.2444,15.0928,0.1516,15.2911,0.9962,0.9962,0.0000,1.5340,4942.2378,NA
ExperienceX.exe,56308,0x216838E1150,DXGI,1,0,0,Composed: Flip,4975.4921,NA,18.16150000000000,NA,0.06470000000000,1.31950000000000,NA,4957.4822,18.0746,18.0099,0.0647,18.1718,1.1576,1.1576,0.0000,NA,NA,NA
ExperienceX.exe,56308,0x216838E1150,DXGI,1,0,0,Composed: Flip,4990.7363,NA,15.24420000000000,33.35570000000000,0.23070000000000,1.84500000000000,32.9247,4975.5568,15.4102,15.1795,0.2307,15.5061,1.5184,1.5184,0.0000,-0.0367,4975.5568,NA
ExperienceX.exe,56308,0x216838E1150,DXGI,1,0,0,Composed: Flip,5008.4775,NA,17.74120000000000,16.58430000000000,0.09270000000000,1.60130000000000,31.7678,4990.9670,17.6032,17.5105,0.0927,18.1713,0.9405,0.9320,0.0085,-1.1741,4990.9670,NA
ExperienceX.exe,56308,0x216838E1150,DXGI,1,0,0,Composed: Flip,5024.2388,NA,15.76130000000000,16.66100000000000,0.18160000000000,0.75760000000000,32.6675,5008.5702,15.8502,15.6686,0.1816,15.9137,0.5125,0.5125,0.0000,0.9422,5008.5702,NA
ExperienceX.exe,56308,0x216838E1150,DXGI,1,0,0,Composed: Flip,5041.0630,NA,16.82420000000000,16.67340000000000,0.05660000000000,1.73700000000000,32.5167,5024.4204,16.6992,16.6426,0.0566,17.4545,0.9251,0.9220,0.0031,-0.8232,5024.4204,NA
ExperienceX.exe,56308,0x216838E1150,DXGI,1,0,0,Composed: Flip,5057.1541,NA,16.09110000000000,16.69990000000000,0.08900000000000,0.86990000000000,33.1255,5041.1196,16.1235,16.0345,0.0890,16.1325,0.7719,0.7719,0.0000,-0.0007,5041.1196,NA
ExperienceX.exe,56308,0x216838E1150,DXGI,1,0,0,Composed: Flip,5074.4213,NA,17.26720000000000,16.70350000000000,0.04710000000000,1.71960000000000,32.5618,5057.2431,17.2253,17.1782,0.0471,17.5778,1.3200,1.3105,0.0095,-0.5800,5057.2431,NA
ExperienceX.exe,56308,0x216838E1150,DXGI,1,0,0,Composed: Flip,5090.6012,NA,16.17990000000000,16.84790000000000,0.16490000000000,0.72250000000000,33.2298,5074.4684,16.2977,16.1328,0.1649,16.3378,0.5175,0.5175,0.0000,0.3774,5074.4684,NA
ExperienceX.exe,56308,0x216838E1150,DXGI,1,0,0,Composed: Flip,5108.1522,NA,17.55100000000000,16.65110000000000,0.15200000000000,1.73350000000000,32.3299,5090.7661,17.5381,17.3861,0.1520,17.7079,1.4117,1.4117,0.0000,-0.3534,5090.7661,NA
ExperienceX.exe,56308,0x216838E1150,DXGI,1,0,0,Composed: Flip,5124.3750,NA,16.22280000000000,16.43570000000000,0.28240000000000,1.12450000000000,32.5428,5108.3042,16.3532,16.0708,0.2824,1.5815,15.6138,0.9008,14.7130,1.1024,5108.3042,NA
ExperienceX.exe,56308,0x216838E1150,DXGI,1,0,0,Composed: Flip,5142.8260,NA,18.45100000000000,16.75420000000000,0.13670000000000,1.47780000000000,30.8460,5124.6574,18.3053,18.1686,0.1367,18.0503,1.5961,1.5438,0.0523,-0.4010,5124.6574,NA
ExperienceX.exe,56308,0x216838E1150,DXGI,1,0,0,Composed: Flip,5157.1664,NA,14.34040000000000,16.64350000000000,0.10740000000000,0.60100000000000,33.1491,5142.9627,14.3111,14.2037,0.1074,14.3109,0.4938,0.4938,0.0000,1.6618,5142.9627,NA
ExperienceX.exe,56308,0x216838E1150,DXGI,1,0,0,Composed: Flip,5175.0485,NA,17.88210000000000,16.59350000000000,0.06990000000000,3.55600000000000,31.8605,5157.2738,17.8446,17.7747,0.0699,17.9031,3.4276,3.4196,0.0080,-2.2824,5157.2738,NA
ExperienceX.exe,56308,0x216838E1150,DXGI,1,0,0,Composed: Flip,5190.6582,NA,15.60970000000000,16.69880000000000,0.23210000000000,1.28350000000000,32.9496,5175.1184,15.7719,15.5398,0.2321,15.8688,0.9545,0.9545,0.0000,1.1458,5175.1184,NA
ExperienceX.exe,56308,0x216838E1150,DXGI,1,0,0,Composed: Flip,5208.1286,NA,17.47040000000000,16.77030000000000,0.06570000000000,2.03680000000000,32.2495,5190.8903,17.3040,17.2383,0.0657,18.3434,0.9317,0.9270,0.0047,-0.9984,5190.8903,NA
ExperienceX.exe,56308,0x216838E1150,DXGI,1,0,0,Composed: Flip,5223.9064,NA,15.77780000000000,16.70420000000000,0.17930000000000,0.75260000000000,33.1759,5208.1943,15.8914,15.7121,0.1793,15.9295,0.5352,0.5352,0.0000,0.5998,5208.1943,NA
ExperienceX.exe,56308,0x216838E1150,DXGI,1,0,0,Composed: Flip,5241.1679,NA,17.26150000000000,16.50870000000000,0.07720000000000,2.14480000000000,32.4231,5224.0857,17.1594,17.0822,0.0772,17.9426,1.2844,1.2782,0.0062,-0.6173,5224.0857,NA
ExperienceX.exe,56308,0x216838E1150,DXGI,1,0,0,Composed: Flip,5257.4823,NA,16.31440000000000,16.68230000000000,0.08710000000000,0.66490000000000,32.7910,5241.2451,16.3243,16.2372,0.0871,16.3229,0.5792,0.5481,0.0311,0.4771,5241.2451,NA
ExperienceX.exe,56308,0x216838E1150,DXGI,1,0,0,Composed: Flip,5274.8632,NA,17.38090000000000,16.63760000000000,0.09720000000000,1.75940000000000,32.0477,5257.5694,17.3910,17.2938,0.0972,18.1440,0.9092,0.9005,0.0087,-0.3133,5257.5694,NA
ExperienceX.exe,56308,0x216838E1150,DXGI,1,0,0,Composed: Flip,5290.5610,NA,15.69780000000000,16.66410000000000,0.19180000000000,0.66430000000000,33.0140,5274.9604,15.7924,15.6006,0.1918,15.7672,0.4977,0.4977,0.0000,0.7269,5274.9604,NA
ExperienceX.exe,56308,0x216838E1150,DXGI,1,0,0,Composed: Flip,5307.9543,NA,17.39330000000000,16.83330000000000,0.06460000000000,1.58810000000000,32.4540,5290.7528,17.2661,17.2015,0.0646,17.8780,0.9116,0.9078,0.0038,-1.0409,5290.7528,NA
ExperienceX.exe,56308,0x216838E1150,DXGI,1,0,0,Composed: Flip,5323.7966,NA,15.84230000000000,16.66950000000000,0.04910000000000,0.74960000000000,33.2812,5308.0189,15.8268,15.7777,0.0491,15.8352,0.6921,0.6921,0.0000,0.5966,5308.0189,NA
ExperienceX.exe,56308,0x216838E1150,DXGI,1,0,0,Composed: Flip,5342.4488,NA,18.65220000000000,16.59890000000000,0.08880000000000,2.18100000000000,31.2279,5323.8457,18.6919,18.6031,0.0888,18.4225,2.3616,2.3493,0.0123,-0.7721,5323.8457,NA
ExperienceX.exe,56308,0x216838E1150,DXGI,1,0,0,Composed: Flip,5357.6140,NA,15.16520000000000,16.55650000000000,0.51110000000000,1.61650000000000,32.6192,5342.5376,15.5875,15.0764,0.5111,15.5546,1.1383,1.1383,0.0000,2.1354,5342.5376,NA
ExperienceX.exe,56308,0x216838E1150,DXGI,1,0,0,Composed: Flip,5375.4723,NA,17.85830000000000,16.66990000000000,0.05690000000000,1.88860000000000,31.4308,5358.1251,17.4041,17.3472,0.0569,18.2342,1.0016,0.9935,0.0081,-1.0824,5358.1251,NA
ExperienceX.exe,56308,0x216838E1150,DXGI,1,0,0,Composed: Flip,5390.5523,NA,15.08000000000000,16.73630000000000,0.19820000000000,0.78060000000000,33.0871,5375.5292,15.2213,15.0231,0.1982,15.1701,0.6336,0.6336,0.0000,0.6678,5375.5292,NA
ExperienceX.exe,56308,0x216838E1150,DXGI,1,0,0,Composed: Flip,5408.1939,NA,17.64160000000000,16.67030000000000,0.05780000000000,1.43960000000000,32.1158,5390.7505,17.5012,17.4434,0.0578,17.5637,1.3193,1.3134,0.0059,-1.4490,5390.7505,NA
ExperienceX.exe,56308,0x216838E1150,DXGI,1,0,0,Composed: Flip,5423.9371,NA,15.74320000000000,16.61010000000000,0.08410000000000,0.63290000000000,32.9827,5408.2517,15.7695,15.6854,0.0841,15.7795,0.5388,0.5388,0.0000,0.8911,5408.2517,NA
ExperienceX.exe,56308,0x216838E1150,DXGI,1,0,0,Composed: Flip,5441.3825,NA,17.44540000000000,16.65740000000000,0.16230000000000,1.71860000000000,32.1947,5424.0212,17.5236,17.3613,0.1623,17.6713,1.4086,1.4034,0.0052,-0.8879,5424.0212,NA
ExperienceX.exe,56308,0x216838E1150,DXGI,1,0,0,Composed: Flip,5457.1917,NA,15.80920000000000,16.70740000000000,0.09840000000000,0.78070000000000,33.0929,5441.5448,15.7453,15.6469,0.0984,15.7455,0.6821,0.6394,0.0427,0.8162,5441.5448,NA
ExperienceX.exe,56308,0x216838E1150,DXGI,1,0,0,Composed: Flip,5474.8791,NA,17.68740000000000,16.60990000000000,0.04660000000000,1.42990000000000,32.0154,5457.2901,17.6356,17.5890,0.0466,17.6864,1.3325,1.3282,0.0043,-0.8646,5457.2901,NA
ExperienceX.exe,56308,0x216838E1150,DXGI,1,0,0,Composed: Flip,5490.6123,NA,15.73320000000000,16.76790000000000,0.17780000000000,0.77800000000000,33.0501,5474.9257,15.8644,15.6866,0.1778,15.9002,0.5644,0.5644,0.0000,0.8677,5474.9257,NA
ExperienceX.exe,56308,0x216838E1150,DXGI,1,0,0,Composed: Flip,5508.0611,NA,17.44880000000000,16.59320000000000,0.05740000000000,1.52420000000000,32.1945,5490.7901,17.3284,17.2710,0.0574,17.8496,0.9456,0.9416,0.0040,-0.7288,5490.7901,NA
ExperienceX.exe,56308,0x216838E1150,DXGI,1,0,0,Composed: Flip,5524.1093,NA,16.04820000000000,16.75360000000000,0.20150000000000,0.86900000000000,32.8999,5508.1185,16.1923,15.9908,0.2015,16.2362,0.6236,0.5933,0.0303,0.5748,5508.1185,NA
ExperienceX.exe,56308,0x216838E1150,DXGI,1,0,0,Composed: Flip,5540.8144,NA,16.70510000000000,16.59960000000000,0.07510000000000,2.24720000000000,32.7944,5524.3108,16.5787,16.5036,0.0751,17.7752,0.9756,0.9705,0.0051,-0.4073,5524.3108,NA
ExperienceX.exe,56308,0x216838E1150,DXGI,1,0,0,Composed: Flip,5557.5014,NA,16.68700000000000,16.63470000000000,0.29250000000000,0.96530000000000,32.7421,5540.8895,16.9044,16.6119,0.2925,16.9208,0.6564,0.6564,0.0000,-0.0560,5540.8895,NA
ExperienceX.exe,56308,0x216838E1150,DXGI,1,0,0,Composed: Flip,5575.2363,NA,17.73490000000000,16.66050000000000,0.26000000000000,2.28690000000000,31.6677,5557.7939,17.7024,17.4424,0.2600,18.7387,0.9906,0.9780,0.0126,0.2439,5557.7939,NA
ExperienceX.exe,56308,0x216838E1150,DXGI,1,0,0,Composed: Flip,5590.6167,NA,15.38040000000000,16.66240000000000,0.17720000000000,0.68420000000000,32.9497,5575.4963,15.2976,15.1204,0.1772,15.2840,0.5206,0.5206,0.0000,1.0400,5575.4963,NA
ExperienceX.exe,56308,0x216838E1150,DXGI,1,0,0,Composed: Flip,5608.2116,NA,17.59490000000000,16.67970000000000,0.05330000000000,1.77930000000000,32.0345,5590.7939,17.4710,17.4177,0.0533,18.2130,0.9840,0.9770,0.0070,-1.3821,5590.7939,NA
ExperienceX.exe,56308,0x216838E1150,DXGI,1,0,0,Composed: Flip,5623.8156,NA,15.60400000000000,16.88560000000000,0.17390000000000,0.73370000000000,33.3161,5608.2649,15.7246,15.5507,0.1739,15.7618,0.5226,0.5226,0.0000,0.5854,5608.2649,NA
ExperienceX.exe,56308,0x216838E1150,DXGI,1,0,0,Composed: Flip,5641.2751,NA,17.45950000000000,16.43020000000000,0.21560000000000,2.37490000000000,32.2868,5623.9895,17.5012,17.2856,0.2156,17.7316,1.9289,1.9238,0.0051,-0.7056,5623.9895,NA
ExperienceX.exe,56308,0x216838E1150,DXGI,1,0,0,Composed: Flip,5657.3901,NA,16.11500000000000,16.68700000000000,0.11370000000000,0.60420000000000,32.8588,5641.4907,16.0131,15.8994,0.1137,15.9872,0.5164,0.5164,0.0000,0.8142,5641.4907,NA
ExperienceX.exe,56308,0x216838E1150,DXGI,1,0,0,Composed: Flip,5674.3328,NA,16.94270000000000,16.76250000000000,0.11320000000000,1.86770000000000,32.6786,5657.5038,16.9422,16.8290,0.1132,17.7416,0.9551,0.9513,0.0038,-0.7494,5657.5038,NA
ExperienceX.exe,56308,0x216838E1150,DXGI,1,0,0,Composed: Flip,5690.5908,NA,16.25800000000000,16.59580000000000,0.31870000000000,2.60210000000000,33.0164,5674.4460,16.4635,16.1448,0.3187,16.3780,2.3689,2.2332,0.1357,0.3464,5674.4460,NA
ExperienceX.exe,56308,0x216838E1150,DXGI,1,0,0,Composed: Flip,5707.8035,NA,17.21270000000000,16.85710000000000,0.06160000000000,1.90710000000000,32.6608,5690.9095,16.9556,16.8940,0.0616,17.8578,0.9433,0.9393,0.0040,-0.3936,5690.9095,NA
ExperienceX.exe,56308,0x216838E1150,DXGI,1,0,0,Composed: Flip,5723.8685,NA,16.06500000000000,16.50750000000000,0.11410000000000,0.64550000000000,33.1033,5707.8651,16.1175,16.0034,0.1141,16.0896,0.5593,0.5346,0.0247,0.4481,5707.8651,NA
ExperienceX.exe,56308,0x216838E1150,DXGI,1,0,0,Composed: Flip,5742.4722,NA,18.60370000000000,16.58500000000000,0.10970000000000,1.52970000000000,31.0846,5723.9826,18.5993,18.4896,0.1097,18.5126,1.5067,1.5007,0.0060,-0.4675,5723.9826,NA
ExperienceX.exe,56308,0x216838E1150,DXGI,1,0,0,Composed: Flip,5757.2279,NA,14.75570000000000,16.66890000000000,0.07210000000000,0.65130000000000,32.9978,5742.5819,14.7181,14.6460,0.0721,14.7548,0.5425,0.5353,0.0072,1.9304,5742.5819,NA
ExperienceX.exe,56308,0x216838E1150,DXGI,1,0,0,Composed: Flip,5774.5089,NA,17.28100000000000,16.73880000000000,0.05700000000000,1.73100000000000,32.4556,5757.3000,17.2659,17.2089,0.0570,17.5786,1.3613,1.3566,0.0047,-2.0207,5757.3000,NA
ExperienceX.exe,56308,0x216838E1150,DXGI,1,0,0,Composed: Flip,5790.5117,NA,16.00280000000000,16.59180000000000,0.04760000000000,0.77430000000000,33.0446,5774.5659,15.9934,15.9458,0.0476,16.0019,0.7182,0.7182,0.0000,0.6741,5774.5659,NA
ExperienceX.exe,56308,0x216838E1150,DXGI,1,0,0,Composed: Flip,5807.4381,NA,16.92640000000000,16.67850000000000,0.27870000000000,2.24140000000000,32.7967,5790.5593,17.1575,16.8788,0.2787,17.7860,1.3342,1.3302,0.0040,-0.6851,5790.5593,NA
ExperienceX.exe,56308,0x216838E1150,DXGI,1,0,0,Composed: Flip,5823.8963,NA,16.45820000000000,16.66020000000000,0.24530000000000,0.81400000000000,32.9987,5807.7168,16.4248,16.1795,0.2453,16.3146,0.6789,0.6789,0.0000,0.4973,5807.7168,NA
ExperienceX.exe,56308,0x216838E1150,DXGI,1,0,0,Composed: Flip,5840.6853,NA,16.78900000000000,16.68820000000000,0.28290000000000,2.19770000000000,32.8979,5824.1416,16.8266,16.5437,0.2829,17.7747,0.9667,0.9624,0.0043,-0.2634,5824.1416,NA
ExperienceX.exe,56308,0x216838E1150,DXGI,1,0,0,Composed: Flip,5857.1555,NA,16.47020000000000,16.68410000000000,0.09420000000000,0.64380000000000,33.1118,5840.9682,16.2815,16.1873,0.0942,16.2835,0.5476,0.5476,0.0000,0.1425,5840.9682,NA
ExperienceX.exe,56308,0x216838E1150,DXGI,1,0,0,Composed: Flip,5875.0544,NA,17.89890000000000,16.62730000000000,0.06140000000000,2.80800000000000,31.8402,5857.2497,17.8661,17.8047,0.0614,18.8543,1.7584,1.7487,0.0097,-0.3458,5857.2497,NA
ExperienceX.exe,56308,0x216838E1150,DXGI,1,0,0,Composed: Flip,5890.5671,NA,15.51270000000000,16.79250000000000,0.17370000000000,0.75800000000000,33.1200,5875.1158,15.6250,15.4513,0.1737,15.6744,0.5349,0.5349,0.0000,1.0736,5875.1158,NA
ExperienceX.exe,56308,0x216838E1150,DXGI,1,0,0,Composed: Flip,5908.3009,NA,17.73380000000000,16.71710000000000,0.06010000000000,2.12790000000000,32.1033,5890.7408,17.6202,17.5601,0.0601,18.7053,0.9827,0.9772,0.0055,-1.0921,5890.7408,NA
ExperienceX.exe,56308,0x216838E1150,DXGI,1,0,0,Composed: Flip,5924.2308,NA,15.92990000000000,16.55480000000000,0.37200000000000,2.15180000000000,32.7282,5908.3610,16.2418,15.8698,0.3720,16.0811,1.9405,1.9405,0.0000,1.0654,5908.3610,NA
ExperienceX.exe,56308,0x216838E1150,DXGI,1,0,0,Composed: Flip,5942.1640,NA,17.93320000000000,16.60150000000000,0.06390000000000,1.26970000000000,31.3965,5924.6028,17.6251,17.5612,0.0639,17.4858,1.3451,1.3337,0.0114,-0.3597,5924.6028,NA
ExperienceX.exe,56308,0x216838E1150,DXGI,1,0,0,Composed: Flip,5957.1946,NA,15.03060000000000,16.73830000000000,0.15810000000000,0.75470000000000,33.1042,5942.2279,15.1248,14.9667,0.1581,1.2058,14.5156,1.1388,13.3768,0.8868,5942.2279,NA
ExperienceX.exe,56308,0x216838E1150,DXGI,1,0,0,Composed: Flip,5974.0295,NA,16.83490000000000,16.58890000000000,0.30920000000000,2.14470000000000,32.8582,5957.3527,16.9860,16.6768,0.3092,17.8807,0.9408,0.9368,0.0040,-1.4641,5957.3527,NA
ExperienceX.exe,56308,0x216838E1150,DXGI,1,0,0,Composed: Flip,5990.6830,NA,16.65350000000000,16.68650000000000,0.33720000000000,1.35930000000000,32.8912,5974.3387,16.6815,16.3443,0.3372,16.6438,1.0598,1.0598,0.0000,0.2995,5974.3387,NA
ExperienceX.exe,56308,0x216838E1150,DXGI,1,0,0,Composed: Flip,6007.9883,NA,17.30530000000000,16.66730000000000,0.04750000000000,1.64920000000000,32.2532,5991.0202,17.0156,16.9681,0.0475,17.2712,1.3461,1.3419,0.0042,0.0142,5991.0202,NA
ExperienceX.exe,56308,0x216838E1150,DXGI,1,0,0,Composed: Flip,6023.8589,NA,15.87060000000000,16.85560000000000,0.18010000000000,2.17940000000000,33.2382,6008.0358,16.0032,15.8231,0.1801,16.0353,1.9672,1.9672,0.0000,0.1600,6008.0358,NA
ExperienceX.exe,56308,0x216C829D570,DXGI,1,0,0,Composed: Flip,4127.2448,NA,0.00000000000000,383.32240000000002,0.09660000000000,2.66110000000000,46.6360,4143.0960,0.0966,0.0000,0.0966,0.0000,1.2691,1.2691,0.0000,14.6833,4143.0960,NA
ExperienceX.exe,56308,0x216C829D570,DXGI,1,0,0,Composed: Flip,4160.6049,NA,33.36010000000000,NA,0.45170000000000,1.95850000000000,NA,4127.3414,33.7152,33.2635,0.4517,34.2989,0.9231,0.9231,0.0000,NA,NA,NA
ExperienceX.exe,56308,0x216C829D570,DXGI,1,0,0,Composed: Flip,4174.5495,NA,13.94460000000000,NA,0.18920000000000,1.06810000000000,NA,4161.0566,13.6821,13.4929,0.1892,1.5068,13.0542,1.5465,11.5077,NA,NA,NA
ExperienceX.exe,56308,0x216C829D570,DXGI,1,0,0,Composed: Flip,4194.3974,NA,19.84790000000000,NA,0.10490000000000,1.91880000000000,NA,4174.7387,19.7636,19.6587,0.1049,21.1411,0.4364,0.4364,0.0000,NA,NA,NA
ExperienceX.exe,56308,0x216C829D570,DXGI,1,0,0,Composed: Flip,4207.6439,NA,13.24650000000000,NA,0.22960000000000,2.67410000000000,NA,4194.5023,13.3712,13.1416,0.2296,14.5161,1.2996,1.2996,0.0000,NA,NA,NA
ExperienceX.exe,56308,0x216C829D570,DXGI,1,0,0,Composed: Flip,4226.6492,NA,19.00530000000000,NA,0.19190000000000,1.49860000000000,NA,4207.8735,18.9676,18.7757,0.1919,19.8343,0.4400,0.4400,0.0000,NA,NA,NA
ExperienceX.exe,56308,0x216C829D570,DXGI,1,0,0,Composed: Flip,4240.6538,NA,14.00460000000000,NA,0.10930000000000,0.84200000000000,NA,4226.8411,13.9220,13.8127,0.1093,1.3067,13.3480,1.5829,11.7651,NA,NA,NA
ExperienceX.exe,56308,0x216C829D570,DXGI,1,0,0,Composed: Flip,4260.0469,NA,19.39310000000000,NA,0.30750000000000,3.23290000000000,NA,4240.7631,19.5913,19.2838,0.3075,20.9088,1.6079,1.6079,0.0000,NA,NA,NA
ExperienceX.exe,56308,0x216C829D570,DXGI,1,0,0,Composed: Flip,4274.0277,NA,13.98080000000000,NA,0.22810000000000,1.85430000000000,NA,4260.3544,13.9014,13.6733,0.2281,14.9993,0.5283,0.5283,0.0000,NA,NA,NA
ExperienceX.exe,56308,0x216C829D570,DXGI,1,0,0,Composed: Flip,4291.9311,NA,17.90340000000000,NA,0.09890000000000,3.75210000000000,NA,4274.2558,17.7742,17.6753,0.0989,20.9935,0.4339,0.4339,0.0000,NA,NA,NA
ExperienceX.exe,56308,0x216C829D570,DXGI,1,0,0,Composed: Flip,4307.7465,NA,15.81540000000000,NA,0.13740000000000,0.69120000000000,NA,4292.0300,15.8539,15.7165,0.1374,3.6532,12.7545,0.8088,11.9457,NA,NA,NA
ExperienceX.exe,56308,0x216C829D570,DXGI,1,0,0,Composed: Flip,4326.0725,NA,18.32600000000000,NA,0.37530000000000,3.25110000000000,NA,4307.8839,18.5639,18.1886,0.3753,20.9721,0.4676,0.4676,0.0000,NA,NA,NA
ExperienceX.exe,56308,0x216C829D570,DXGI,1,0,0,Composed: Flip,4341.0710,NA,14.99850000000000,NA,1.48810000000000,3.32710000000000,NA,4326.4478,16.1113,14.6232,1.4881,17.6882,0.2621,0.2621,0.0000,NA,NA,NA
ExperienceX.exe,56308,0x216C829D570,DXGI,1,0,0,Composed: Flip,4359.1679,NA,18.09690000000000,NA,0.14050000000000,2.68210000000000,NA,4342.5591,16.7493,16.6088,0.1405,17.5125,1.7784,1.7784,0.0000,NA,NA,NA
ExperienceX.exe,56308,0x216C829D570,DXGI,1,0,0,Composed: Flip,4374.3689,NA,15.20100000000000,NA,0.25630000000000,1.89380000000000,NA,4359.3084,15.3168,15.0605,0.2563,16.1990,0.7553,0.7553,0.0000,NA,NA,NA
ExperienceX.exe,56308,0x216C829D570,DXGI,1,0,0,Composed: Flip,4392.0783,NA,17.70940000000000,NA,0.16310000000000,2.61080000000000,NA,4374.6252,17.6162,17.4531,0.1631,19.6089,0.4550,0.4550,0.0000,NA,NA,NA
ExperienceX.exe,56308,0x216C829D570,DXGI,1,0,0,Composed: Flip,4407.5326,NA,15.45430000000000,NA,0.43940000000000,1.31140000000000,NA,4392.2414,15.7306,15.2912,0.4394,3.4073,13.1953,1.6481,11.5472,NA,NA,NA
ExperienceX.exe,56308,0x216C829D570,DXGI,1,0,0,Composed: Flip,4425.4303,NA,17.89770000000000,NA,0.13290000000000,2.81850000000000,NA,4407.9720,17.5912,17.4583,0.1329,19.0096,1.2672,1.2672,0.0000,NA,NA,NA
ExperienceX.exe,56308,0x216C829D570,DXGI,1,0,0,Composed: Flip,4440.7290,NA,15.29870000000000,NA,0.16020000000000,1.95970000000000,NA,4425.5632,15.3260,15.1658,0.1602,16.7029,0.4226,0.4226,0.0000,NA,NA,NA
ExperienceX.exe,56308,0x216C829D570,DXGI,1,0,0,Composed: Flip,4458.4355,NA,17.70650000000000,NA,0.36780000000000,1.74030000000000,NA,4440.8892,17.9141,17.5463,0.3678,17.4829,1.8037,1.8037,0.0000,NA,NA,NA
ExperienceX.exe,56308,0x216C829D570,DXGI,1,0,0,Composed: Flip,4473.9924,NA,15.55690000000000,NA,0.19730000000000,1.21620000000000,NA,4458.8033,15.3864,15.1891,0.1973,15.9282,0.4771,0.4771,0.0000,NA,NA,NA
ExperienceX.exe,56308,0x216C829D570,DXGI,1,0,0,Composed: Flip,4492.6016,NA,18.60920000000000,NA,0.10330000000000,1.99210000000000,NA,4474.1897,18.5152,18.4119,0.1033,19.8869,0.5171,0.5171,0.0000,NA,NA,NA
ExperienceX.exe,56308,0x216C829D570,DXGI,1,0,0,Composed: Flip,4507.2212,NA,14.61960000000000,NA,0.14600000000000,1.80420000000000,NA,4492.7049,14.6623,14.5163,0.1460,15.8876,0.4329,0.4329,0.0000,NA,NA,NA
ExperienceX.exe,56308,0x216C829D570,DXGI,1,0,0,Composed: Flip,4527.6966,NA,20.47540000000000,NA,0.17680000000000,2.06900000000000,NA,4507.3672,20.5062,20.3294,0.1768,21.9505,0.4479,0.4479,0.0000,NA,NA,NA
ExperienceX.exe,56308,0x216C829D570,DXGI,1,0,0,Composed: Flip,4540.7248,NA,13.02820000000000,NA,0.20870000000000,2.07040000000000,NA,4527.8734,13.0601,12.8514,0.2087,1.8922,13.0296,2.6691,10.3605,NA,NA,NA
ExperienceX.exe,56308,0x216C829D570,DXGI,1,0,0,Composed: Flip,4559.2786,NA,18.55380000000000,NA,0.90380000000000,1.68580000000000,NA,4540.9335,19.2489,18.3451,0.9038,19.5831,0.4478,0.4478,0.0000,NA,NA,NA
ExperienceX.exe,56308,0x216C829D570,DXGI,1,0,0,Composed: Flip,4574.3437,NA,15.06510000000000,NA,0.38550000000000,1.13990000000000,NA,4560.1824,14.5468,14.1613,0.3855,0.7820,14.5192,2.3355,12.1837,NA,NA,NA
ExperienceX.exe,56308,0x216C829D570,DXGI,1,0,0,Composed: Flip,4591.6417,NA,17.29800000000000,NA,0.06160000000000,2.29630000000000,NA,4574.7292,16.9741,16.9125,0.0616,18.7857,0.4231,0.4231,0.0000,NA,NA,NA
ExperienceX.exe,56308,0x216C829D570,DXGI,1,0,0,Composed: Flip,4607.2377,NA,15.59600000000000,NA,0.13240000000000,1.17380000000000,NA,4591.7033,15.6668,15.5344,0.1324,16.2355,0.4727,0.4727,0.0000,NA,NA,NA
ExperienceX.exe,56308,0x216C829D570,DXGI,1,0,0,Composed: Flip,4624.6949,NA,17.45720000000000,NA,0.07410000000000,2.44460000000000,NA,4607.3701,17.3989,17.3248,0.0741,19.3220,0.4474,0.4474,0.0000,NA,NA,NA
ExperienceX.exe,56308,0x216C829D570,DXGI,1,0,0,Composed: Flip,4640.6559,NA,15.96100000000000,NA,0.21530000000000,1.19560000000000,NA,4624.7690,16.1022,15.8869,0.2153,16.9519,0.1306,0.1306,0.0000,NA,NA,NA
ExperienceX.exe,56308,0x216C829D570,DXGI,1,0,0,Composed: Flip,4658.1066,NA,17.45070000000000,NA,0.08150000000000,2.45320000000000,NA,4640.8712,17.3169,17.2354,0.0815,19.2464,0.4422,0.4422,0.0000,NA,NA,NA
ExperienceX.exe,56308,0x216C829D570,DXGI,1,0,0,Composed: Flip,4674.0040,NA,15.89740000000000,NA,0.17980000000000,0.65860000000000,NA,4658.1881,15.9957,15.8159,0.1798,2.3717,14.1028,1.2154,12.8874,NA,NA,NA
ExperienceX.exe,56308,0x216C829D570,DXGI,1,0,0,Composed: Flip,4691.4744,NA,17.47040000000000,NA,0.18330000000000,2.60810000000000,NA,4674.1838,17.4739,17.2906,0.1833,18.0240,1.8747,1.8747,0.0000,NA,NA,NA
ExperienceX.exe,56308,0x216C829D570,DXGI,1,0,0,Composed: Flip,4707.1990,NA,15.72460000000000,NA,0.15580000000000,0.80540000000000,NA,4691.6577,15.6971,15.5413,0.1558,2.8635,13.4832,1.5055,11.9777,NA,NA,NA
ExperienceX.exe,56308,0x216C829D570,DXGI,1,0,0,Composed: Flip,4726.8852,NA,19.68620000000000,NA,0.07180000000000,2.41180000000000,NA,4707.3548,19.6022,19.5304,0.0718,20.2554,1.6868,1.6802,0.0066,NA,NA,NA
ExperienceX.exe,56308,0x216C829D570,DXGI,1,0,0,Composed: Flip,4740.5268,NA,13.64160000000000,NA,0.20190000000000,1.83320000000000,NA,4726.9570,13.7717,13.5698,0.2019,14.2974,1.1056,1.1056,0.0000,NA,NA,NA
ExperienceX.exe,56308,0x216C829D570,DXGI,1,0,0,Composed: Flip,4757.8496,NA,17.32280000000000,NA,0.48510000000000,2.44080000000000,NA,4740.7287,17.6060,17.1209,0.4851,19.1465,0.4152,0.4152,0.0000,NA,NA,NA
ExperienceX.exe,56308,0x216C829D570,DXGI,1,0,0,Composed: Flip,4774.2307,NA,16.38110000000000,NA,0.20110000000000,2.03410000000000,NA,4758.3347,16.0971,15.8960,0.2011,1.9557,15.9744,2.1019,13.8725,NA,NA,NA
ExperienceX.exe,56308,0x216C829D570,DXGI,1,0,0,Composed: Flip,4790.7299,NA,16.49920000000000,NA,0.07840000000000,2.85020000000000,NA,4774.4318,16.3765,16.2981,0.0784,18.7101,0.4382,0.4382,0.0000,NA,NA,NA
ExperienceX.exe,56308,0x216C829D570,DXGI,1,0,0,Composed: Flip,4807.1779,NA,16.44800000000000,NA,0.23320000000000,1.72030000000000,NA,4790.8083,16.6028,16.3696,0.2332,2.7718,15.3181,1.8579,13.4602,NA,NA,NA
ExperienceX.exe,56308,0x216C829D570,DXGI,1,0,0,Composed: Flip,4824.5832,NA,17.40530000000000,NA,0.05420000000000,2.01340000000000,NA,4807.4111,17.2263,17.1721,0.0542,17.2279,1.9576,1.9576,0.0000,NA,NA,NA
ExperienceX.exe,56308,0x216C829D570,DXGI,1,0,0,Composed: Flip,4840.4729,NA,15.88970000000000,NA,0.06190000000000,1.40440000000000,NA,4824.6374,15.8974,15.8355,0.0619,16.4409,0.7990,0.7990,0.0000,NA,NA,NA
ExperienceX.exe,56308,0x216C829D570,DXGI,1,0,0,Composed: Flip,4857.9930,NA,17.52010000000000,NA,0.83430000000000,2.24200000000000,NA,4840.5348,18.2925,17.4582,0.8343,17.7058,1.9944,1.9944,0.0000,NA,NA,NA
ExperienceX.exe,56308,0x216C829D570,DXGI,1,0,0,Composed: Flip,4873.9316,NA,15.93860000000000,NA,0.15480000000000,1.41750000000000,NA,4858.8273,15.2591,15.1043,0.1548,16.0676,0.4542,0.4542,0.0000,NA,NA,NA
ExperienceX.exe,56308,0x216C829D570,DXGI,1,0,0,Composed: Flip,4890.8757,NA,16.94410000000000,NA,0.08140000000000,2.35870000000000,NA,4874.0864,16.8707,16.7893,0.0814,17.5784,1.5696,1.5696,0.0000,NA,NA,NA
ExperienceX.exe,56308,0x216C829D570,DXGI,1,0,0,Composed: Flip,4907.3723,NA,16.49660000000000,NA,0.21500000000000,0.72570000000000,NA,4890.9571,16.6302,16.4152,0.2150,2.7238,14.4171,0.8752,13.5419,NA,NA,NA
ExperienceX.exe,56308,0x216C829D570,DXGI,1,0,0,Composed: Flip,4924.1740,NA,16.80170000000000,NA,0.51220000000000,2.82940000000000,NA,4907.5873,17.0989,16.5867,0.5122,18.9704,0.4457,0.4457,0.0000,NA,NA,NA
ExperienceX.exe,56308,0x216C829D570,DXGI,1,0,0,Composed: Flip,4940.6544,NA,16.48040000000000,NA,0.20010000000000,2.15150000000000,NA,4924.6862,16.1683,15.9682,0.2001,17.2872,0.8325,0.8325,0.0000,NA,NA,NA
ExperienceX.exe,56308,0x216C829D570,DXGI,1,0,0,Composed: Flip,4958.1206,NA,17.46620000000000,NA,0.24990000000000,2.79060000000000,NA,4940.8545,17.5160,17.2661,0.2499,19.5959,0.4608,0.4608,0.0000,NA,NA,NA
ExperienceX.exe,56308,0x216C829D570,DXGI,1,0,0,Composed: Flip,4974.0383,NA,15.91770000000000,NA,0.22870000000000,1.61570000000000,NA,4958.3705,15.8965,15.6678,0.2287,2.5407,14.7428,1.4543,13.2885,NA,NA,NA
ExperienceX.exe,56308,0x216C829D570,DXGI,1,0,0,Composed: Flip,4991.8152,NA,17.77690000000000,NA,0.43970000000000,2.48710000000000,NA,4974.2670,17.9879,17.5482,0.4397,19.6015,0.4338,0.4338,0.0000,NA,NA,NA
ExperienceX.exe,56308,0x216C829D570,DXGI,1,0,0,Composed: Flip,5007.3514,NA,15.53620000000000,NA,0.08170000000000,1.78690000000000,NA,4992.2549,15.1782,15.0965,0.0817,16.1170,0.7664,0.7664,0.0000,NA,NA,NA
ExperienceX.exe,56308,0x216C829D570,DXGI,1,0,0,Composed: Flip,5024.4891,NA,17.13770000000000,NA,0.06530000000000,2.47220000000000,NA,5007.4331,17.1213,17.0560,0.0653,17.5633,1.9649,1.9649,0.0000,NA,NA,NA
ExperienceX.exe,56308,0x216C829D570,DXGI,1,0,0,Composed: Flip,5040.5161,NA,16.02700000000000,NA,0.06980000000000,0.60710000000000,NA,5024.5544,16.0315,15.9617,0.0698,2.8363,13.7325,0.9296,12.8029,NA,NA,NA
ExperienceX.exe,56308,0x216C829D570,DXGI,1,0,0,Composed: Flip,5057.8622,NA,17.34610000000000,NA,0.16290000000000,1.86550000000000,NA,5040.5859,17.4392,17.2763,0.1629,17.4381,1.7037,1.7037,0.0000,NA,NA,NA
ExperienceX.exe,56308,0x216C829D570,DXGI,1,0,0,Composed: Flip,5073.8215,NA,15.95930000000000,NA,0.15380000000000,0.99940000000000,NA,5058.0251,15.9502,15.7964,0.1538,16.3379,0.4579,0.4579,0.0000,NA,NA,NA
ExperienceX.exe,56308,0x216C829D570,DXGI,1,0,0,Composed: Flip,5090.8640,NA,17.04250000000000,NA,0.38100000000000,2.87350000000000,NA,5073.9753,17.2697,16.8887,0.3810,19.3163,0.4459,0.4459,0.0000,NA,NA,NA
ExperienceX.exe,56308,0x216C829D570,DXGI,1,0,0,Composed: Flip,5107.3637,NA,16.49970000000000,NA,0.16380000000000,1.11030000000000,NA,5091.2450,16.2825,16.1187,0.1638,16.7898,0.4392,0.4392,0.0000,NA,NA,NA
ExperienceX.exe,56308,0x216C829D570,DXGI,1,0,0,Composed: Flip,5124.7855,NA,17.42180000000000,NA,0.08770000000000,2.96680000000000,NA,5107.5275,17.3457,17.2580,0.0877,19.3097,0.9151,0.9151,0.0000,NA,NA,NA
ExperienceX.exe,56308,0x216C829D570,DXGI,1,0,0,Composed: Flip,5140.9480,NA,16.16250000000000,NA,0.14720000000000,1.53970000000000,NA,5124.8732,16.2220,16.0748,0.1472,2.8791,14.7354,2.3675,12.3679,NA,NA,NA
ExperienceX.exe,56308,0x216C829D570,DXGI,1,0,0,Composed: Flip,5157.4377,NA,16.48970000000000,NA,0.09120000000000,2.27060000000000,NA,5141.0952,16.4337,16.3425,0.0912,16.6722,1.9409,1.9409,0.0000,NA,NA,NA
ExperienceX.exe,56308,0x216C829D570,DXGI,1,0,0,Composed: Flip,5174.0060,NA,16.56830000000000,NA,0.16580000000000,0.69900000000000,NA,5157.5289,16.6429,16.4771,0.1658,2.6432,14.5329,0.9679,13.5650,NA,NA,NA
ExperienceX.exe,56308,0x216C829D570,DXGI,1,0,0,Composed: Flip,5191.8020,NA,17.79600000000000,NA,0.09360000000000,1.76530000000000,NA,5174.1718,17.7238,17.6302,0.0936,17.7699,1.6256,1.6256,0.0000,NA,NA,NA
ExperienceX.exe,56308,0x216C829D570,DXGI,1,0,0,Composed: Flip,5207.1523,NA,15.35030000000000,NA,0.11870000000000,1.32310000000000,NA,5191.8956,15.3754,15.2567,0.1187,2.1632,14.4166,1.7912,12.6254,NA,NA,NA
ExperienceX.exe,56308,0x216C829D570,DXGI,1,0,0,Composed: Flip,5224.6288,NA,17.47650000000000,NA,0.34760000000000,1.98670000000000,NA,5207.2710,17.7054,17.3578,0.3476,17.3880,1.9565,1.9565,0.0000,NA,NA,NA
ExperienceX.exe,56308,0x216C829D570,DXGI,1,0,0,Composed: Flip,5240.8120,NA,16.18320000000000,NA,0.08530000000000,1.21630000000000,NA,5224.9764,15.9209,15.8356,0.0853,16.5769,0.4750,0.4750,0.0000,NA,NA,NA
ExperienceX.exe,56308,0x216C829D570,DXGI,1,0,0,Composed: Flip,5258.8998,NA,18.08780000000000,NA,0.26840000000000,1.32480000000000,NA,5240.8973,18.2709,18.0025,0.2684,17.3120,2.0153,2.0153,0.0000,NA,NA,NA
ExperienceX.exe,56308,0x216C829D570,DXGI,1,0,0,Composed: Flip,5273.9097,NA,15.00990000000000,NA,0.17950000000000,1.03060000000000,NA,5259.1682,14.9210,14.7415,0.1795,1.5014,14.2707,1.8739,12.3968,NA,NA,NA
ExperienceX.exe,56308,0x216C829D570,DXGI,1,0,0,Composed: Flip,5290.8670,NA,16.95730000000000,NA,0.62830000000000,2.32110000000000,NA,5274.0892,17.4061,16.7778,0.6283,17.1361,1.9628,1.9628,0.0000,NA,NA,NA
ExperienceX.exe,56308,0x216C829D570,DXGI,1,0,0,Composed: Flip,5307.1806,NA,16.31360000000000,NA,0.15870000000000,0.66180000000000,NA,5291.4953,15.8440,15.6853,0.1587,2.1472,14.1999,0.7330,13.4669,NA,NA,NA
ExperienceX.exe,56308,0x216C829D570,DXGI,1,0,0,Composed: Flip,5324.1032,NA,16.92260000000000,NA,0.39870000000000,2.31600000000000,NA,5307.3393,17.1626,16.7639,0.3987,17.2069,1.8730,1.8730,0.0000,NA,NA,NA
ExperienceX.exe,56308,0x216C829D570,DXGI,1,0,0,Composed: Flip,5341.0200,NA,16.91680000000000,NA,0.27630000000000,0.73820000000000,NA,5324.5019,16.7944,16.5181,0.2763,16.7033,0.5530,0.5530,0.0000,NA,NA,NA
ExperienceX.exe,56308,0x216C829D570,DXGI,1,0,0,Composed: Flip,5358.9022,NA,17.88220000000000,NA,0.05630000000000,2.31420000000000,NA,5341.2963,17.6622,17.6059,0.0563,19.4629,0.4572,0.4572,0.0000,NA,NA,NA
ExperienceX.exe,56308,0x216C829D570,DXGI,1,0,0,Composed: Flip,5374.2276,NA,15.32540000000000,NA,0.31980000000000,2.13170000000000,NA,5358.9585,15.5889,15.2691,0.3198,16.9580,0.4428,0.4428,0.0000,NA,NA,NA
ExperienceX.exe,56308,0x216C829D570,DXGI,1,0,0,Composed: Flip,5390.8714,NA,16.64380000000000,NA,0.81160000000000,2.83730000000000,NA,5374.5474,17.1356,16.3240,0.8116,18.7098,0.4515,0.4515,0.0000,NA,NA,NA
ExperienceX.exe,56308,0x216C829D570,DXGI,1,0,0,Composed: Flip,5407.1651,NA,16.29370000000000,NA,0.15100000000000,0.68460000000000,NA,5391.6830,15.6331,15.4821,0.1510,2.0257,14.1410,0.8040,13.3370,NA,NA,NA
ExperienceX.exe,56308,0x216C829D570,DXGI,1,0,0,Composed: Flip,5424.7256,NA,17.56050000000000,NA,0.06390000000000,1.86750000000000,NA,5407.3161,17.4734,17.4095,0.0639,17.2539,2.0231,2.0231,0.0000,NA,NA,NA
ExperienceX.exe,56308,0x216C829D570,DXGI,1,0,0,Composed: Flip,5440.5590,NA,15.83340000000000,NA,0.13560000000000,0.68240000000000,NA,5424.7895,15.9051,15.7695,0.1356,2.2409,14.2110,1.4073,12.8037,NA,NA,NA
ExperienceX.exe,56308,0x216C829D570,DXGI,1,0,0,Composed: Flip,5458.4994,NA,17.94040000000000,NA,0.05950000000000,1.58020000000000,NA,5440.6946,17.8643,17.8048,0.0595,17.2849,2.1001,2.1001,0.0000,NA,NA,NA
ExperienceX.exe,56308,0x216C829D570,DXGI,1,0,0,Composed: Flip,5473.8110,NA,15.31160000000000,NA,0.14640000000000,0.67890000000000,NA,5458.5589,15.3985,15.2521,0.1464,1.9792,13.9518,0.8435,13.1083,NA,NA,NA
ExperienceX.exe,56308,0x216C829D570,DXGI,1,0,0,Composed: Flip,5490.9329,NA,17.12190000000000,NA,0.53560000000000,2.46120000000000,NA,5473.9574,17.5111,16.9755,0.5356,17.4329,2.0038,2.0038,0.0000,NA,NA,NA
ExperienceX.exe,56308,0x216C829D570,DXGI,1,0,0,Composed: Flip,5507.1555,NA,16.22260000000000,NA,0.14680000000000,0.76870000000000,NA,5491.4685,15.8338,15.6870,0.1468,2.3686,14.0871,1.1564,12.9307,NA,NA,NA
ExperienceX.exe,56308,0x216C829D570,DXGI,1,0,0,Composed: Flip,5525.5772,NA,18.42170000000000,NA,0.08530000000000,2.92500000000000,NA,5507.3023,18.3602,18.2749,0.0853,20.7690,0.4309,0.4309,0.0000,NA,NA,NA
ExperienceX.exe,56308,0x216C829D570,DXGI,1,0,0,Composed: Flip,5540.5512,NA,14.97400000000000,NA,0.16140000000000,1.53480000000000,NA,5525.6625,15.0501,14.8887,0.1614,15.6244,0.7991,0.7991,0.0000,NA,NA,NA
ExperienceX.exe,56308,0x216C829D570,DXGI,1,0,0,Composed: Flip,5557.9416,NA,17.39040000000000,NA,0.51610000000000,3.07820000000000,NA,5540.7126,17.7451,17.2290,0.5161,19.8227,0.4845,0.4808,0.0037,NA,NA,NA
ExperienceX.exe,56308,0x216C829D570,DXGI,1,0,0,Composed: Flip,5574.1571,NA,16.21550000000000,NA,0.35900000000000,2.37550000000000,NA,5558.4577,16.0584,15.6994,0.3590,17.6226,0.4523,0.4523,0.0000,NA,NA,NA
ExperienceX.exe,56308,0x216C829D570,DXGI,1,0,0,Composed: Flip,5590.9104,NA,16.75330000000000,NA,0.07380000000000,2.90790000000000,NA,5574.5161,16.4681,16.3943,0.0738,19.0458,0.2564,0.2564,0.0000,NA,NA,NA
ExperienceX.exe,56308,0x216C829D570,DXGI,1,0,0,Composed: Flip,5607.1818,NA,16.27140000000000,NA,0.16000000000000,1.06720000000000,NA,5590.9842,16.3576,16.1976,0.1600,2.8341,14.4307,1.1673,13.2634,NA,NA,NA
ExperienceX.exe,56308,0x216C829D570,DXGI,1,0,0,Composed: Flip,5624.1061,NA,16.92430000000000,NA,0.06810000000000,2.95350000000000,NA,5607.3418,16.8324,16.7643,0.0681,19.3345,0.3833,0.3833,0.0000,NA,NA,NA
ExperienceX.exe,56308,0x216C829D570,DXGI,1,0,0,Composed: Flip,5640.6062,NA,16.50010000000000,NA,0.15610000000000,0.63330000000000,NA,5624.1742,16.5881,16.4320,0.1561,2.8854,14.1799,0.6872,13.4927,NA,NA,NA
ExperienceX.exe,56308,0x216C829D570,DXGI,1,0,0,Composed: Flip,5658.0387,NA,17.43250000000000,NA,0.27010000000000,2.44380000000000,NA,5640.7623,17.5465,17.2764,0.2701,19.2681,0.4521,0.4521,0.0000,NA,NA,NA
ExperienceX.exe,56308,0x216C829D570,DXGI,1,0,0,Composed: Flip,5673.7657,NA,15.72700000000000,NA,0.06250000000000,0.65760000000000,NA,5658.3088,15.5194,15.4569,0.0625,2.1737,13.9408,0.6699,13.2709,NA,NA,NA
ExperienceX.exe,56308,0x216C829D570,DXGI,1,0,0,Composed: Flip,5692.0783,NA,18.31260000000000,NA,0.36580000000000,1.55830000000000,NA,5673.8282,18.6159,18.2501,0.3658,19.3647,0.4437,0.4437,0.0000,NA,NA,NA
ExperienceX.exe,56308,0x216C829D570,DXGI,1,0,0,Composed: Flip,5707.3329,NA,15.25460000000000,NA,0.12990000000000,0.63510000000000,NA,5692.4441,15.0187,14.8888,0.1299,15.0035,0.5204,0.5204,0.0000,NA,NA,NA
ExperienceX.exe,56308,0x216C829D570,DXGI,1,0,0,Composed: Flip,5724.7966,NA,17.46370000000000,NA,0.36030000000000,1.83490000000000,NA,5707.4628,17.6941,17.3338,0.3603,17.0870,2.0817,2.0817,0.0000,NA,NA,NA
ExperienceX.exe,56308,0x216C829D570,DXGI,1,0,0,Composed: Flip,5741.0556,NA,16.25900000000000,NA,0.27160000000000,0.83000000000000,NA,5725.1569,16.1703,15.8987,0.2716,1.9372,14.7915,0.9526,13.8389,NA,NA,NA
ExperienceX.exe,56308,0x216C829D570,DXGI,1,0,0,Composed: Flip,5758.0896,NA,17.03400000000000,NA,0.32940000000000,1.90800000000000,NA,5741.3272,17.0918,16.7624,0.3294,16.5804,2.0900,2.0900,0.0000,NA,NA,NA
ExperienceX.exe,56308,0x216C829D570,DXGI,1,0,0,Composed: Flip,5773.7574,NA,15.66780000000000,NA,0.10650000000000,0.74780000000000,NA,5758.4190,15.4449,15.3384,0.1065,2.0278,14.0584,0.9512,13.1072,NA,NA,NA
ExperienceX.exe,56308,0x216C829D570,DXGI,1,0,0,Composed: Flip,5791.5773,NA,17.81990000000000,NA,0.05250000000000,1.54240000000000,NA,5773.8639,17.7659,17.7134,0.0525,17.4221,1.8337,1.8337,0.0000,NA,NA,NA
ExperienceX.exe,56308,0x216C829D570,DXGI,1,0,0,Composed: Flip,5807.1926,NA,15.61530000000000,NA,0.12660000000000,1.15270000000000,NA,5791.6298,15.6894,15.5628,0.1266,16.2385,0.4770,0.4770,0.0000,NA,NA,NA
ExperienceX.exe,56308,0x216C829D570,DXGI,1,0,0,Composed: Flip,5824.6754,NA,17.48280000000000,NA,0.07010000000000,1.89900000000000,NA,5807.3192,17.4263,17.3562,0.0701,17.3911,1.8641,1.8641,0.0000,NA,NA,NA
ExperienceX.exe,56308,0x216C829D570,DXGI,1,0,0,Composed: Flip,5840.4598,NA,15.78440000000000,NA,0.11170000000000,0.63920000000000,NA,5824.7455,15.8260,15.7143,0.1117,2.2890,14.0645,0.8715,13.1930,NA,NA,NA
ExperienceX.exe,56308,0x216C829D570,DXGI,1,0,0,Composed: Flip,5857.3724,NA,16.91260000000000,NA,0.08600000000000,2.48720000000000,NA,5840.5715,16.8869,16.8009,0.0860,17.2278,2.0603,2.0603,0.0000,NA,NA,NA
ExperienceX.exe,56308,0x216C829D570,DXGI,1,0,0,Composed: Flip,5873.9263,NA,16.55390000000000,NA,0.17870000000000,1.71500000000000,NA,5857.4584,16.6466,16.4679,0.1787,2.8200,15.3629,1.9076,13.4553,NA,NA,NA
ExperienceX.exe,56308,0x216C829D570,DXGI,1,0,0,Composed: Flip,5890.8752,NA,16.94890000000000,NA,0.45420000000000,2.49100000000000,NA,5874.1050,17.2244,16.7702,0.4542,17.2201,2.0411,2.0411,0.0000,NA,NA,NA
ExperienceX.exe,56308,0x216C829D570,DXGI,1,0,0,Composed: Flip,5907.1627,NA,16.28750000000000,NA,0.26860000000000,1.83270000000000,NA,5891.3294,16.1019,15.8333,0.2686,2.4926,15.1734,1.8153,13.3581,NA,NA,NA
ExperienceX.exe,56308,0x216C829D570,DXGI,1,0,0,Composed: Flip,5926.9774,NA,19.81470000000000,NA,0.17390000000000,1.05110000000000,NA,5907.4313,19.7200,19.5461,0.1739,19.6225,0.9747,0.9747,0.0000,NA,NA,NA
ExperienceX.exe,56308,0x216C829D570,DXGI,1,0,0,Composed: Flip,5940.9306,NA,13.95320000000000,NA,0.47910000000000,1.15800000000000,NA,5927.1513,14.2584,13.7793,0.4791,14.6697,0.2676,0.2676,0.0000,NA,NA,NA
ExperienceX.exe,56308,0x216C829D570,DXGI,1,0,0,Composed: Flip,5957.4961,NA,16.56550000000000,NA,0.06960000000000,2.96660000000000,NA,5941.4097,16.1560,16.0864,0.0696,18.5749,0.4781,0.4781,0.0000,NA,NA,NA
ExperienceX.exe,56308,0x216C829D570,DXGI,1,0,0,Composed: Flip,5973.8092,NA,16.31310000000000,NA,0.12330000000000,0.61020000000000,NA,5957.5657,16.3668,16.2435,0.1233,2.8970,13.9567,0.7196,13.2371,NA,NA,NA
ExperienceX.exe,56308,0x216C829D570,DXGI,1,0,0,Composed: Flip,5991.7676,NA,17.95840000000000,NA,0.11350000000000,2.30340000000000,NA,5973.9325,17.9486,17.8351,0.1135,19.6885,0.4500,0.4500,0.0000,NA,NA,NA
ExperienceX.exe,56308,0x216C829D570,DXGI,1,0,0,Composed: Flip,6007.1293,NA,15.36170000000000,NA,0.12890000000000,1.16210000000000,NA,5991.8811,15.3771,15.2482,0.1289,16.0486,0.3617,0.3617,0.0000,NA,NA,NA
ExperienceX.exe,56308,0x216C829D570,DXGI,1,0,0,Composed: Flip,6024.2514,NA,17.12210000000000,NA,0.52640000000000,2.22860000000000,NA,6007.2582,17.5196,16.9932,0.5264,18.7801,0.4417,0.4417,0.0000,NA,NA,NA
ExperienceX.exe,56308,0x216C829D570,DXGI,1,0,0,Composed: Flip,6040.5039,NA,16.25250000000000,NA,0.12430000000000,0.63940000000000,NA,6024.7778,15.8504,15.7261,0.1243,15.8305,0.5350,0.5350,0.0000,NA,NA,NA
ExperienceX.exe,56308,0x216838E1150,DXGI,1,0,0,Composed: Flip,6041.5010,NA,17.64210000000000,16.48490000000000,0.14870000000000,1.45140000000000,32.0810,6024.0390,17.6107,17.4620,0.1487,17.5766,1.3368,1.3327,0.0041,-0.4817,6024.0390,NA
ExperienceX.exe,56308,0x216838E1150,DXGI,1,0,0,Composed: Flip,6057.4888,NA,15.98780000000000,NA,0.08990000000000,3.18710000000000,NA,6041.6497,15.9290,15.8391,0.0899,18.5526,0.4736,0.4736,0.0000,NA,NA,NA
ExperienceX.exe,56308,0x216838E1150,DXGI,1,0,0,Composed: Flip,6074.7174,NA,17.22860000000000,33.36210000000000,0.31760000000000,3.42020000000000,32.2267,6057.5787,17.4563,17.1387,0.3176,18.4830,2.0759,2.0638,0.0121,0.1776,6057.5787,NA
ExperienceX.exe,56308,0x216838E1150,DXGI,1,0,0,Composed: Flip,6090.4844,NA,15.76700000000000,16.66030000000000,0.09590000000000,0.65330000000000,33.1200,6075.0350,15.5453,15.4494,0.0959,15.5689,0.5338,0.5338,0.0000,0.7960,6075.0350,NA
ExperienceX.exe,56308,0x216838E1150,DXGI,1,0,0,Composed: Flip,6108.2984,NA,17.81400000000000,16.73540000000000,0.41540000000000,1.84160000000000,32.0414,6090.5803,18.1335,17.7181,0.4154,18.6105,0.9492,0.9429,0.0063,-1.1901,6090.5803,NA
ExperienceX.exe,56308,0x216838E1150,DXGI,1,0,0,Composed: Flip,6124.0528,NA,15.75440000000000,17.06350000000000,0.60400000000000,1.91370000000000,33.3505,6108.7138,15.9430,15.3390,0.6040,15.9667,1.2860,1.2860,0.0000,1.0700,6108.7138,NA
ExperienceX.exe,56308,0x216838E1150,DXGI,1,0,0,Composed: Flip,6142.0166,NA,17.96380000000000,16.28210000000000,0.11840000000000,1.74640000000000,31.6688,6124.6568,17.4782,17.3598,0.1184,18.1809,0.9253,0.9253,0.0000,-0.3391,6124.6568,NA
ExperienceX.exe,56308,0x216838E1150,DXGI,1,0,0,Composed: Flip,6157.7558,NA,15.73920000000000,16.66160000000000,0.24560000000000,2.25490000000000,32.5912,6142.1350,15.8664,15.6208,0.2456,1.6280,16.2477,2.2558,13.9919,0.8166,6142.1350,NA
ExperienceX.exe,56308,0x216838E1150,DXGI,1,0,0,Composed: Flip,6175.9290,NA,18.17320000000000,16.63250000000000,0.09900000000000,1.27910000000000,31.0505,6158.0014,18.0266,17.9276,0.0990,18.2000,1.0067,1.0013,0.0054,-0.7661,6158.0014,NA
ExperienceX.exe,56308,0x216838E1150,DXGI,1,0,0,Composed: Flip,6190.8134,NA,14.88440000000000,16.60410000000000,0.17230000000000,2.46710000000000,32.7702,6176.0280,14.9577,14.7854,0.1723,15.1713,2.0812,2.0812,0.0000,1.4225,6176.0280,NA
ExperienceX.exe,56308,0x216838E1150,DXGI,1,0,0,Composed: Flip,6208.1847,NA,17.37130000000000,16.70790000000000,0.38250000000000,1.73130000000000,32.1068,6190.9857,17.5815,17.1990,0.3825,17.5383,1.3920,1.3864,0.0056,-1.7502,6190.9857,NA
ExperienceX.exe,56308,0x216838E1150,DXGI,1,0,0,Composed: Flip,6223.8481,NA,15.66340000000000,16.61620000000000,0.17090000000000,0.76390000000000,33.0596,6208.5672,15.4518,15.2809,0.1709,15.4842,0.5606,0.5606,0.0000,0.9653,6208.5672,NA
ExperienceX.exe,56308,0x216838E1150,DXGI,1,0,0,Composed: Flip,6241.4356,NA,17.58750000000000,16.64660000000000,0.10620000000000,2.95470000000000,32.1187,6224.0190,17.5228,17.4166,0.1062,17.8444,2.5269,2.5187,0.0082,-1.1948,6224.0190,NA
ExperienceX.exe,56308,0x216838E1150,DXGI,1,0,0,Composed: Flip,6257.1690,NA,15.73340000000000,16.67100000000000,0.10510000000000,0.68410000000000,33.0563,6241.5418,15.7323,15.6272,0.1051,15.7557,0.5556,0.5556,0.0000,0.8518,6241.5418,NA
ExperienceX.exe,56308,0x216838E1150,DXGI,1,0,0,Composed: Flip,6273.9823,NA,16.81330000000000,16.68190000000000,0.06090000000000,3.58100000000000,32.9249,6257.2741,16.7691,16.7082,0.0609,17.7698,2.5194,2.5133,0.0061,-0.9496,6257.2741,NA
ExperienceX.exe,56308,0x216838E1150,DXGI,1,0,0,Composed: Flip,6290.4894,NA,16.50710000000000,16.78590000000000,0.11250000000000,0.65410000000000,33.2037,6274.0432,16.5587,16.4462,0.1125,16.5442,0.5561,0.5561,0.0000,-0.0168,6274.0432,NA
ExperienceX.exe,56308,0x216838E1150,DXGI,1,0,0,Composed: Flip,6307.6842,NA,17.19480000000000,16.59530000000000,0.05200000000000,2.03020000000000,32.6042,6290.6019,17.1343,17.0823,0.0520,18.1096,1.0029,0.9971,0.0058,-0.0366,6290.6019,NA
ExperienceX.exe,56308,0x216838E1150,DXGI,1,0,0,Composed: Flip,6324.2023,NA,16.51810000000000,16.67050000000000,0.06980000000000,0.92650000000000,32.7566,6307.7362,16.5359,16.4661,0.0698,16.5453,0.8473,0.8473,0.0000,0.4638,6307.7362,NA
ExperienceX.exe,56308,0x216838E1150,DXGI,1,0,0,Composed: Flip,6341.5607,NA,17.35840000000000,16.64740000000000,0.43670000000000,1.89670000000000,32.0456,6324.2721,17.7253,17.2886,0.4367,18.2050,0.9803,0.9746,0.0057,-0.1115,6324.2721,NA
ExperienceX.exe,56308,0x216838E1150,DXGI,1,0,0,Composed: Flip,6357.5760,NA,16.01530000000000,16.71130000000000,0.68870000000000,1.07660000000000,32.7416,6341.9974,16.2673,15.5786,0.6887,16.0902,0.5650,0.5434,0.0216,1.0140,6341.9974,NA
ExperienceX.exe,56308,0x216838E1150,DXGI,1,0,0,Composed: Flip,6374.9821,NA,17.40610000000000,16.59730000000000,0.05940000000000,1.73090000000000,31.9328,6358.2647,16.7768,16.7174,0.0594,17.0734,1.3749,1.3685,0.0064,-0.3300,6358.2647,NA
ExperienceX.exe,56308,0x216838E1150,DXGI,1,0,0,Composed: Flip,6390.7373,NA,15.75520000000000,16.65680000000000,0.22210000000000,0.73710000000000,32.8344,6375.0415,15.9179,15.6958,0.2221,15.8856,0.5473,0.5473,0.0000,0.1200,6375.0415,NA
ExperienceX.exe,56308,0x216838E1150,DXGI,1,0,0,Composed: Flip,6407.4532,NA,16.71590000000000,16.65360000000000,0.37480000000000,2.27550000000000,32.7721,6390.9594,16.8686,16.4938,0.3748,17.7910,0.9783,0.9746,0.0037,-0.7357,6390.9594,NA
ExperienceX.exe,56308,0x216838E1150,DXGI,1,0,0,Composed: Flip,6423.9095,NA,16.45630000000000,16.70400000000000,0.18260000000000,0.80570000000000,33.0198,6407.8280,16.2641,16.0815,0.1826,16.3131,0.5741,0.5741,0.0000,0.1646,6407.8280,NA
ExperienceX.exe,56308,0x216838E1150,DXGI,1,0,0,Composed: Flip,6441.2917,NA,17.38220000000000,16.66670000000000,0.05340000000000,1.76600000000000,32.3043,6424.0921,17.2530,17.1996,0.0534,17.5878,1.3778,1.3737,0.0041,-0.4026,6424.0921,NA
ExperienceX.exe,56308,0x216838E1150,DXGI,1,0,0,Composed: Flip,6457.3187,NA,16.02700000000000,16.63080000000000,0.13060000000000,0.75500000000000,32.9081,6441.3451,16.1042,15.9736,0.1306,16.1427,0.5859,0.5859,0.0000,0.6222,6441.3451,NA
ExperienceX.exe,56308,0x216838E1150,DXGI,1,0,0,Composed: Flip,6474.1499,NA,16.83120000000000,16.66230000000000,0.06530000000000,3.00040000000000,32.7392,6457.4493,16.7659,16.7006,0.0653,17.6265,2.0745,2.0704,0.0041,-0.5581,6457.4493,NA
ExperienceX.exe,56308,0x216838E1150,DXGI,1,0,0,Composed: Flip,6490.4955,NA,16.34560000000000,16.67630000000000,0.19420000000000,0.77150000000000,33.0699,6474.2152,16.4745,16.2803,0.1942,16.4828,0.5690,0.5690,0.0000,0.0896,6474.2152,NA
ExperienceX.exe,56308,0x216838E1150,DXGI,1,0,0,Composed: Flip,6507.6669,NA,17.17140000000000,16.70880000000000,0.08040000000000,3.92100000000000,32.6073,6490.6897,17.0576,16.9772,0.0804,17.9167,2.9815,2.9742,0.0073,-0.2343,6490.6897,NA
ExperienceX.exe,56308,0x216838E1150,DXGI,1,0,0,Composed: Flip,6523.8023,NA,16.13540000000000,16.62950000000000,0.05360000000000,0.66230000000000,33.1014,6507.7473,16.1086,16.0550,0.0536,16.1203,0.5970,0.5970,0.0000,0.4281,6507.7473,NA
ExperienceX.exe,56308,0x216838E1150,DXGI,1,0,0,Composed: Flip,6540.8978,NA,17.09550000000000,16.69550000000000,0.06400000000000,2.33390000000000,32.7014,6523.8559,17.1059,17.0419,0.0640,18.0042,1.3716,1.3663,0.0053,-0.5869,6523.8559,NA
ExperienceX.exe,56308,0x216838E1150,DXGI,1,0,0,Composed: Flip,6557.2588,NA,16.36100000000000,16.62520000000000,0.13270000000000,0.67640000000000,32.9656,6540.9618,16.4297,16.2970,0.1327,16.4165,0.5569,0.5484,0.0085,0.4807,6540.9618,NA
ExperienceX.exe,56308,0x216838E1150,DXGI,1,0,0,Composed: Flip,6574.9466,NA,17.68780000000000,16.66060000000000,0.05740000000000,2.02910000000000,31.9384,6557.3915,17.6125,17.5551,0.0574,18.6415,0.9427,0.9340,0.0087,-0.2309,6557.3915,NA
ExperienceX.exe,56308,0x216838E1150,DXGI,1,0,0,Composed: Flip,6590.5156,NA,15.56900000000000,16.67740000000000,0.15170000000000,0.76390000000000,33.0468,6575.0040,15.6633,15.5116,0.1517,15.6943,0.5812,0.5812,0.0000,0.9351,6575.0040,NA
ExperienceX.exe,56308,0x216838E1150,DXGI,1,0,0,Composed: Flip,6608.2167,NA,17.70110000000000,16.66480000000000,0.28090000000000,2.09470000000000,32.0105,6590.6673,17.8303,17.5494,0.2809,18.6759,0.9682,0.9605,0.0077,-1.0015,6590.6673,NA
ExperienceX.exe,56308,0x216838E1150,DXGI,1,0,0,Composed: Flip,6623.8986,NA,15.68190000000000,16.67770000000000,0.18720000000000,0.68340000000000,33.0063,6608.4976,15.5882,15.4010,0.1872,15.5476,0.5368,0.5368,0.0000,1.1526,6608.4976,NA
ExperienceX.exe,56308,0x216838E1150,DXGI,1,0,0,Composed: Flip,6641.1063,NA,17.20770000000000,16.69460000000000,0.05320000000000,1.90250000000000,32.4932,6624.0858,17.0737,17.0205,0.0532,17.9202,1.0028,0.9949,0.0079,-1.1064,6624.0858,NA
ExperienceX.exe,56308,0x216838E1150,DXGI,1,0,0,Composed: Flip,6657.2051,NA,16.09880000000000,16.65170000000000,0.12250000000000,0.73470000000000,33.0461,6641.1595,16.1681,16.0456,0.1225,16.1867,0.5936,0.5936,0.0000,0.4220,6641.1595,NA
ExperienceX.exe,56308,0x216838E1150,DXGI,1,0,0,Composed: Flip,6674.9981,NA,17.79300000000000,16.63920000000000,0.19630000000000,1.80840000000000,31.8923,6657.3276,17.8668,17.6705,0.1963,18.0784,1.4005,1.3860,0.0145,-0.4711,6657.3276,NA
ExperienceX.exe,56308,0x216838E1150,DXGI,1,0,0,Composed: Flip,6690.6249,NA,15.62680000000000,16.76900000000000,0.06980000000000,0.78670000000000,33.0345,6675.1944,15.5003,15.4305,0.0698,1.6121,14.6051,1.0845,13.5206,1.0978,6675.1944,NA
ExperienceX.exe,56308,0x216838E1150,DXGI,1,0,0,Composed: Flip,6707.2285,NA,16.60360000000000,16.61860000000000,0.04830000000000,2.36500000000000,33.0495,6690.6947,16.5821,16.5338,0.0483,17.9153,0.9835,0.9739,0.0096,-1.1183,6690.6947,NA
ExperienceX.exe,56308,0x216838E1150,DXGI,1,0,0,Composed: Flip,6724.0289,NA,16.80040000000000,16.61560000000000,0.09080000000000,1.49680000000000,32.8647,6707.2768,16.8429,16.7521,0.0908,16.9389,1.3100,1.3100,0.0000,-0.0335,6707.2768,NA
ExperienceX.exe,56308,0x216838E1150,DXGI,1,0,0,Composed: Flip,6742.0698,NA,18.04090000000000,16.70930000000000,0.05370000000000,1.19040000000000,31.5331,6724.1197,18.0038,17.9501,0.0537,18.1360,1.0045,0.9983,0.0062,0.1336,6724.1197,NA
ExperienceX.exe,56308,0x216838E1150,DXGI,1,0,0,Composed: Flip,6757.1587,NA,15.08890000000000,16.61600000000000,0.06590000000000,0.87420000000000,33.0602,6742.1235,15.1011,15.0352,0.0659,15.1048,0.8046,0.8046,0.0000,1.3878,6742.1235,NA
ExperienceX.exe,56308,0x216838E1150,DXGI,1,0,0,Composed: Flip,6774.6154,NA,17.45670000000000,16.67050000000000,0.06130000000000,1.79070000000000,32.2740,6757.2246,17.4521,17.3908,0.0613,17.7946,1.3869,1.3805,0.0064,-1.5694,6757.2246,NA
ExperienceX.exe,56308,0x216838E1150,DXGI,1,0,0,Composed: Flip,6790.4965,NA,15.88110000000000,16.67580000000000,0.08870000000000,0.83310000000000,33.0687,6774.6767,15.9085,15.8198,0.0887,15.9097,0.7432,0.7432,0.0000,0.7763,6774.6767,NA
ExperienceX.exe,56308,0x216838E1150,DXGI,1,0,0,Composed: Flip,6807.6213,NA,17.12480000000000,16.73510000000000,0.25070000000000,2.02860000000000,32.6790,6790.5852,17.2868,17.0361,0.2507,18.0531,1.0116,1.0016,0.0100,-0.8266,6790.5852,NA
ExperienceX.exe,56308,0x216838E1150,DXGI,1,0,0,Composed: Flip,6823.7954,NA,16.17410000000000,16.59910000000000,0.05780000000000,0.69710000000000,33.1040,6807.8720,15.9812,15.9234,0.0578,16.0094,0.6111,0.6111,0.0000,0.6877,6807.8720,NA
ExperienceX.exe,56308,0x216838E1150,DXGI,1,0,0,Composed: Flip,6840.9684,NA,17.17300000000000,16.66460000000000,0.35490000000000,2.21980000000000,32.5956,6823.8532,17.4701,17.1152,0.3549,18.3407,0.9943,0.9894,0.0049,-0.6834,6823.8532,NA
ExperienceX.exe,56308,0x216838E1150,DXGI,1,0,0,Composed: Flip,6857.2093,NA,16.24090000000000,16.71850000000000,0.22450000000000,0.70280000000000,33.0732,6841.3233,16.1105,15.8860,0.2245,16.0442,0.5446,0.5446,0.0000,0.7516,6841.3233,NA
ExperienceX.exe,56308,0x216838E1150,DXGI,1,0,0,Composed: Flip,6874.7066,NA,17.49730000000000,16.63180000000000,0.07150000000000,1.69160000000000,32.2077,6857.4338,17.3443,17.2728,0.0715,18.0038,0.9606,0.9518,0.0088,-0.5213,6857.4338,NA
ExperienceX.exe,56308,0x216838E1150,DXGI,1,0,0,Composed: Flip,6890.5708,NA,15.86420000000000,16.73010000000000,0.18210000000000,0.70190000000000,33.0736,6874.7781,15.9748,15.7927,0.1821,15.9473,0.5473,0.5473,0.0000,0.6142,6874.7781,NA
ExperienceX.exe,56308,0x216838E1150,DXGI,1,0,0,Composed: Flip,6907.4964,NA,16.92560000000000,16.60180000000000,0.06690000000000,2.28010000000000,32.7498,6890.7529,16.8104,16.7435,0.0669,17.6280,1.3956,1.3917,0.0039,-0.6270,6890.7529,NA
ExperienceX.exe,56308,0x216838E1150,DXGI,1,0,0,Composed: Flip,6923.9934,NA,16.49700000000000,16.69050000000000,0.07500000000000,0.65230000000000,32.9433,6907.5633,16.5051,16.4301,0.0750,16.5011,0.5813,0.5554,0.0259,0.1199,6907.5633,NA
ExperienceX.exe,56308,0x216838E1150,DXGI,1,0,0,Composed: Flip,6941.3969,NA,17.40350000000000,16.66030000000000,0.05270000000000,1.80450000000000,32.2001,6924.0684,17.3812,17.3285,0.0527,17.7469,1.3861,1.3811,0.0050,-0.1552,6924.0684,NA
ExperienceX.exe,56308,0x216838E1150,DXGI,1,0,0,Composed: Flip,6957.2827,NA,15.88580000000000,16.62800000000000,0.29410000000000,1.62670000000000,32.9423,6941.4496,16.1272,15.8331,0.2941,16.1467,1.3131,1.3131,0.0000,0.7532,6941.4496,NA
ExperienceX.exe,56308,0x216838E1150,DXGI,1,0,0,Composed: Flip,6975.0233,NA,17.74060000000000,16.65120000000000,0.06590000000000,2.79820000000000,31.8529,6957.5768,17.5124,17.4465,0.0659,18.8653,1.3794,1.3751,0.0043,-0.5240,6957.5768,NA
ExperienceX.exe,56308,0x216838E1150,DXGI,1,0,0,Composed: Flip,6990.5173,NA,15.49400000000000,16.68140000000000,0.07030000000000,0.67110000000000,33.0403,6975.0892,15.4984,15.4281,0.0703,15.5383,0.5609,0.5609,0.0000,0.8310,6975.0892,NA
ExperienceX.exe,56308,0x216838E1150,DXGI,1,0,0,Composed: Flip,7007.7378,NA,17.22050000000000,16.66830000000000,0.08020000000000,1.82130000000000,32.4881,6990.5876,17.2304,17.1502,0.0802,17.9974,0.9741,0.9659,0.0082,-1.1699,6990.5876,NA
ExperienceX.exe,56308,0x216838E1150,DXGI,1,0,0,Composed: Flip,7023.7883,NA,16.05050000000000,16.67590000000000,0.04090000000000,0.77170000000000,33.1135,7007.8180,16.0112,15.9703,0.0409,16.0183,0.7237,0.7237,0.0000,0.5545,7007.8180,NA
ExperienceX.exe,56308,0x216C829D570,DXGI,1,0,0,Composed: Flip,6057.8164,NA,17.31250000000000,1916.35190000000011,0.17110000000000,2.38590000000000,32.4163,6040.6282,17.3593,17.1882,0.1711,17.4180,2.1561,2.1561,0.0000,-18.8197,6040.6282,NA
ExperienceX.exe,56308,0x216C829D570,DXGI,1,0,0,Composed: Flip,6073.9272,NA,16.11080000000000,NA,0.15770000000000,2.13450000000000,NA,6057.9875,16.0974,15.9397,0.1577,17.6190,0.4552,0.4552,0.0000,NA,NA,NA
ExperienceX.exe,56308,0x216C829D570,DXGI,1,0,0,Composed: Flip,6090.6749,NA,16.74770000000000,NA,0.06070000000000,2.50260000000000,NA,6074.0849,16.6507,16.5900,0.0607,17.0528,2.0398,2.0398,0.0000,NA,NA,NA
ExperienceX.exe,56308,0x216C829D570,DXGI,1,0,0,Composed: Flip,6107.2962,NA,16.62130000000000,NA,0.22040000000000,1.09730000000000,NA,6090.7356,16.7810,16.5606,0.2204,16.7810,0.8769,0.8769,0.0000,NA,NA,NA
ExperienceX.exe,56308,0x216C829D570,DXGI,1,0,0,Composed: Flip,6125.3205,NA,18.02430000000000,NA,0.12810000000000,2.27740000000000,NA,6107.5166,17.9320,17.8039,0.1281,18.4499,1.6314,1.6314,0.0000,NA,NA,NA
ExperienceX.exe,56308,0x216C829D570,DXGI,1,0,0,Composed: Flip,6140.9515,NA,15.63100000000000,NA,0.34820000000000,1.04460000000000,NA,6125.4486,15.8511,15.5029,0.3482,2.6026,13.9449,1.0782,12.8667,NA,NA,NA
ExperienceX.exe,56308,0x216C829D570,DXGI,1,0,0,Composed: Flip,6158.5580,NA,17.60650000000000,NA,0.09060000000000,3.94650000000000,NA,6141.2997,17.3489,17.2583,0.0906,19.1529,2.0519,2.0458,0.0061,NA,NA,NA
ExperienceX.exe,56308,0x216C829D570,DXGI,1,0,0,Composed: Flip,6191.7818,NA,33.22380000000000,NA,0.14520000000000,2.93480000000000,NA,6158.6486,33.2784,33.1332,0.1452,35.0859,0.9821,0.9790,0.0031,NA,NA,NA
ExperienceX.exe,56308,0x216C829D570,DXGI,1,0,0,Composed: Flip,6207.2959,NA,15.51410000000000,NA,0.14440000000000,0.78910000000000,NA,6191.9270,15.5133,15.3689,0.1444,15.5451,0.6129,0.6129,0.0000,NA,NA,NA
ExperienceX.exe,56308,0x216C829D570,DXGI,1,0,0,Composed: Flip,6224.7776,NA,17.48170000000000,NA,0.18000000000000,2.47060000000000,NA,6207.4403,17.5173,17.3373,0.1800,19.2734,0.5345,0.5297,0.0048,NA,NA,NA
ExperienceX.exe,56308,0x216C829D570,DXGI,1,0,0,Composed: Flip,6240.7453,NA,15.96770000000000,NA,0.18880000000000,1.11810000000000,NA,6224.9576,15.9765,15.7877,0.1888,16.4161,0.4897,0.4897,0.0000,NA,NA,NA
ExperienceX.exe,56308,0x216C829D570,DXGI,1,0,0,Composed: Flip,6257.4139,NA,16.66860000000000,NA,0.14190000000000,3.02440000000000,NA,6240.9341,16.6217,16.4798,0.1419,19.0288,0.4754,0.4754,0.0000,NA,NA,NA
ExperienceX.exe,56308,0x216C829D570,DXGI,1,0,0,Composed: Flip,6273.7734,NA,16.35950000000000,NA,0.10680000000000,1.27050000000000,NA,6257.5558,16.3244,16.2176,0.1068,17.0162,0.4719,0.4719,0.0000,NA,NA,NA
ExperienceX.exe,56308,0x216C829D570,DXGI,1,0,0,Composed: Flip,6291.2438,NA,17.47040000000000,NA,0.05740000000000,2.45760000000000,NA,6273.8802,17.4210,17.3636,0.0574,19.3509,0.4703,0.4670,0.0033,NA,NA,NA
ExperienceX.exe,56308,0x216C829D570,DXGI,1,0,0,Composed: Flip,6325.3853,NA,34.14150000000000,NA,0.29270000000000,1.56590000000000,NA,6291.3012,34.3768,34.0841,0.2927,33.8276,1.8224,1.8224,0.0000,NA,NA,NA
ExperienceX.exe,56308,0x216C829D570,DXGI,1,0,0,Composed: Flip,6340.5823,NA,15.19700000000000,NA,0.16500000000000,1.89480000000000,NA,6325.6780,15.0693,14.9043,0.1650,15.9836,0.8155,0.8155,0.0000,NA,NA,NA
ExperienceX.exe,56308,0x216C829D570,DXGI,1,0,0,Composed: Flip,6359.2891,NA,18.70680000000000,NA,0.66540000000000,2.28870000000000,NA,6340.7473,19.2072,18.5418,0.6654,20.3604,0.4701,0.4701,0.0000,NA,NA,NA
ExperienceX.exe,56308,0x216C829D570,DXGI,1,0,0,Composed: Flip,6374.0092,NA,14.72010000000000,NA,0.24200000000000,1.32890000000000,NA,6359.9545,14.2967,14.0547,0.2420,14.9011,0.4825,0.4825,0.0000,NA,NA,NA
ExperienceX.exe,56308,0x216C829D570,DXGI,1,0,0,Composed: Flip,6392.1162,NA,18.10700000000000,NA,0.09090000000000,1.45990000000000,NA,6374.2512,17.9559,17.8650,0.0909,17.2232,2.1017,2.1017,0.0000,NA,NA,NA
ExperienceX.exe,56308,0x216C829D570,DXGI,1,0,0,Composed: Flip,6407.1959,NA,15.07970000000000,NA,0.13430000000000,0.70380000000000,NA,6392.2071,15.1231,14.9888,0.1343,1.8694,13.8232,0.8822,12.9410,NA,NA,NA
ExperienceX.exe,56308,0x216C829D570,DXGI,1,0,0,Composed: Flip,6424.8900,NA,17.69410000000000,NA,0.12490000000000,1.93300000000000,NA,6407.3302,17.6847,17.5598,0.1249,17.3850,2.1078,2.1078,0.0000,NA,NA,NA
ExperienceX.exe,56308,0x216C829D570,DXGI,1,0,0,Composed: Flip,6440.4699,NA,15.57990000000000,NA,0.12350000000000,0.85410000000000,NA,6425.0149,15.5785,15.4550,0.1235,15.6160,0.6931,0.6931,0.0000,NA,NA,NA
ExperienceX.exe,56308,0x216C829D570,DXGI,1,0,0,Composed: Flip,6458.3288,NA,17.85890000000000,NA,0.05060000000000,1.81210000000000,NA,6440.5934,17.7860,17.7354,0.0506,17.4803,2.0672,2.0672,0.0000,NA,NA,NA
ExperienceX.exe,56308,0x216C829D570,DXGI,1,0,0,Composed: Flip,6473.8820,NA,15.55320000000000,NA,0.16310000000000,0.89790000000000,NA,6458.3794,15.6657,15.5026,0.1631,2.2419,14.1586,0.9219,13.2367,NA,NA,NA
ExperienceX.exe,56308,0x216C829D570,DXGI,1,0,0,Composed: Flip,6491.3136,NA,17.43160000000000,NA,0.25320000000000,2.49680000000000,NA,6474.0451,17.5217,17.2685,0.2532,19.2961,0.4692,0.4692,0.0000,NA,NA,NA
ExperienceX.exe,56308,0x216C829D570,DXGI,1,0,0,Composed: Flip,6507.1573,NA,15.84370000000000,NA,0.21630000000000,1.44910000000000,NA,6491.5668,15.8068,15.5905,0.2163,16.5377,0.5019,0.5019,0.0000,NA,NA,NA
ExperienceX.exe,56308,0x216C829D570,DXGI,1,0,0,Composed: Flip,6524.5415,NA,17.38420000000000,NA,0.36050000000000,1.98920000000000,NA,6507.3736,17.5284,17.1679,0.3605,17.0910,2.0661,2.0661,0.0000,NA,NA,NA
ExperienceX.exe,56308,0x216C829D570,DXGI,1,0,0,Composed: Flip,6540.5913,NA,16.04980000000000,NA,0.19070000000000,0.73750000000000,NA,6524.9020,15.8800,15.6893,0.1907,2.0909,14.3359,0.7913,13.5446,NA,NA,NA
ExperienceX.exe,56308,0x216C829D570,DXGI,1,0,0,Composed: Flip,6557.6395,NA,17.04820000000000,NA,0.96150000000000,3.20930000000000,NA,6540.7820,17.8190,16.8575,0.9615,19.5627,0.5041,0.5041,0.0000,NA,NA,NA
ExperienceX.exe,56308,0x216C829D570,DXGI,1,0,0,Composed: Flip,6574.0630,NA,16.42350000000000,NA,0.48090000000000,1.97000000000000,NA,6558.6010,15.9429,15.4620,0.4809,16.5746,0.8574,0.8574,0.0000,NA,NA,NA
ExperienceX.exe,56308,0x216C829D570,DXGI,1,0,0,Composed: Flip,6590.7602,NA,16.69720000000000,NA,0.07990000000000,3.89990000000000,NA,6574.5439,16.2962,16.2163,0.0799,16.7356,3.3806,3.3806,0.0000,NA,NA,NA
ExperienceX.exe,56308,0x216C829D570,DXGI,1,0,0,Composed: Flip,6607.1306,NA,16.37040000000000,NA,0.18630000000000,2.21260000000000,NA,6590.8401,16.4768,16.2905,0.1863,18.0471,0.4560,0.4560,0.0000,NA,NA,NA
ExperienceX.exe,56308,0x216C829D570,DXGI,1,0,0,Composed: Flip,6624.2025,NA,17.07190000000000,NA,0.38940000000000,2.47980000000000,NA,6607.3169,17.2750,16.8856,0.3894,17.2651,2.1003,2.1003,0.0000,NA,NA,NA
ExperienceX.exe,56308,0x216C829D570,DXGI,1,0,0,Composed: Flip,6640.5154,NA,16.31290000000000,NA,0.15680000000000,1.49060000000000,NA,6624.5919,16.0803,15.9235,0.1568,16.5905,0.8236,0.8236,0.0000,NA,NA,NA
ExperienceX.exe,56308,0x216C829D570,DXGI,1,0,0,Composed: Flip,6658.0351,NA,17.51970000000000,NA,0.78770000000000,2.00660000000000,NA,6640.6722,18.1506,17.3629,0.7877,17.2676,2.1019,2.1019,0.0000,NA,NA,NA
ExperienceX.exe,56308,0x216C829D570,DXGI,1,0,0,Composed: Flip,6690.8711,NA,32.83600000000000,NA,0.07070000000000,2.47930000000000,NA,6658.8228,32.1190,32.0483,0.0707,32.5888,1.9388,1.9388,0.0000,NA,NA,NA
ExperienceX.exe,56308,0x216C829D570,DXGI,1,0,0,Composed: Flip,6707.1391,NA,16.26800000000000,NA,0.12750000000000,0.63960000000000,NA,6690.9418,16.3248,16.1973,0.1275,2.8896,13.9473,0.6522,13.2951,NA,NA,NA
ExperienceX.exe,56308,0x216C829D570,DXGI,1,0,0,Composed: Flip,6724.2327,NA,17.09360000000000,NA,0.07380000000000,3.02980000000000,NA,6707.2666,17.0399,16.9661,0.0738,18.2591,1.7368,1.7368,0.0000,NA,NA,NA
ExperienceX.exe,56308,0x216C829D570,DXGI,1,0,0,Composed: Flip,6740.6742,NA,16.44150000000000,NA,0.22380000000000,1.58150000000000,NA,6724.3065,16.5915,16.3677,0.2238,17.3225,0.6267,0.6267,0.0000,NA,NA,NA
ExperienceX.exe,56308,0x216C829D570,DXGI,1,0,0,Composed: Flip,6758.1540,NA,17.47980000000000,NA,0.24390000000000,2.20630000000000,NA,6740.8980,17.4999,17.2560,0.2439,18.9923,0.4700,0.4700,0.0000,NA,NA,NA
ExperienceX.exe,56308,0x216C829D570,DXGI,1,0,0,Composed: Flip,6773.8549,NA,15.70090000000000,NA,0.12930000000000,0.66520000000000,NA,6758.3979,15.5863,15.4570,0.1293,1.9624,14.1598,0.9093,13.2505,NA,NA,NA
ExperienceX.exe,56308,0x216C829D570,DXGI,1,0,0,Composed: Flip,6791.5895,NA,17.73460000000000,NA,0.04890000000000,2.10810000000000,NA,6773.9842,17.6542,17.6053,0.0489,19.2433,0.4701,0.4701,0.0000,NA,NA,NA
ExperienceX.exe,56308,0x216C829D570,DXGI,1,0,0,Composed: Flip,6807.1418,NA,15.55230000000000,NA,0.13240000000000,0.64710000000000,NA,6791.6384,15.6358,15.5034,0.1324,2.0592,14.0913,0.6391,13.4522,NA,NA,NA
ExperienceX.exe,56308,0x216C829D570,DXGI,1,0,0,Composed: Flip,6824.3646,NA,17.22280000000000,NA,0.06210000000000,2.46580000000000,NA,6807.2742,17.1525,17.0904,0.0621,17.2183,2.3379,2.3379,0.0000,NA,NA,NA
ExperienceX.exe,56308,0x216C829D570,DXGI,1,0,0,Composed: Flip,6840.6665,NA,16.30190000000000,NA,0.12870000000000,0.68460000000000,NA,6824.4267,16.3685,16.2398,0.1287,16.3833,0.5411,0.5411,0.0000,NA,NA,NA
ExperienceX.exe,56308,0x216C829D570,DXGI,1,0,0,Composed: Flip,6857.8604,NA,17.19390000000000,NA,0.32370000000000,2.60030000000000,NA,6840.7952,17.3889,17.0652,0.3237,19.2115,0.4540,0.4512,0.0028,NA,NA,NA
ExperienceX.exe,56308,0x216C829D570,DXGI,1,0,0,Composed: Flip,6873.8598,NA,15.99940000000000,NA,0.16370000000000,0.72390000000000,NA,6858.1841,15.8394,15.6757,0.1637,15.8585,0.5411,0.5411,0.0000,NA,NA,NA
ExperienceX.exe,56308,0x216C829D570,DXGI,1,0,0,Composed: Flip,6891.5673,NA,17.70750000000000,NA,0.05510000000000,1.80890000000000,NA,6874.0235,17.5989,17.5438,0.0551,17.2492,2.1035,2.1035,0.0000,NA,NA,NA
ExperienceX.exe,56308,0x216C829D570,DXGI,1,0,0,Composed: Flip,6907.1860,NA,15.61870000000000,NA,0.16690000000000,1.19490000000000,NA,6891.6224,15.7305,15.5636,0.1669,16.2705,0.4880,0.4880,0.0000,NA,NA,NA
ExperienceX.exe,56308,0x216C829D570,DXGI,1,0,0,Composed: Flip,6925.7680,NA,18.58200000000000,NA,0.22770000000000,1.52340000000000,NA,6907.3529,18.6428,18.4151,0.2277,19.5238,0.4147,0.4147,0.0000,NA,NA,NA
ExperienceX.exe,56308,0x216C829D570,DXGI,1,0,0,Composed: Flip,6940.5499,NA,14.78190000000000,NA,0.16700000000000,0.97310000000000,NA,6925.9957,14.7212,14.5542,0.1670,1.2957,14.2316,1.5320,12.6996,NA,NA,NA
ExperienceX.exe,56308,0x216C829D570,DXGI,1,0,0,Composed: Flip,6958.0351,NA,17.48520000000000,NA,0.07440000000000,2.62370000000000,NA,6940.7169,17.3926,17.3182,0.0744,18.1925,1.7494,1.7494,0.0000,NA,NA,NA
ExperienceX.exe,56308,0x216C829D570,DXGI,1,0,0,Composed: Flip,6974.0640,NA,16.02890000000000,NA,0.27760000000000,2.37810000000000,NA,6958.1095,16.2321,15.9545,0.2776,17.8864,0.4462,0.4462,0.0000,NA,NA,NA
ExperienceX.exe,56308,0x216C829D570,DXGI,1,0,0,Composed: Flip,6990.7615,NA,16.69750000000000,NA,0.14640000000000,2.50710000000000,NA,6974.3416,16.5663,16.4199,0.1464,16.8468,2.0802,2.0802,0.0000,NA,NA,NA
ExperienceX.exe,56308,0x216C829D570,DXGI,1,0,0,Composed: Flip,7007.1056,NA,16.34410000000000,NA,0.11260000000000,0.64410000000000,NA,6990.9079,16.3103,16.1977,0.1126,16.2967,0.5451,0.5451,0.0000,NA,NA,NA
ExperienceX.exe,56308,0x216C829D570,DXGI,1,0,0,Composed: Flip,7024.3991,NA,17.29350000000000,NA,0.36160000000000,2.57730000000000,NA,7007.2182,17.5425,17.1809,0.3616,19.2713,0.4869,0.4869,0.0000,NA,NA,NA
ExperienceX.exe,56308,0x216C829D570,DXGI,1,0,0,Composed: Flip,7040.4828,NA,16.08370000000000,NA,0.14180000000000,1.20700000000000,NA,7024.7607,15.8639,15.7221,0.1418,16.4217,0.5074,0.5074,0.0000,NA,NA,NA
ExperienceX.exe,56308,0x216838E1150,DXGI,1,0,0,Composed: Flip,7041.0608,NA,17.27250000000000,16.80770000000000,0.26610000000000,2.01500000000000,32.6487,7023.8292,17.4977,17.2316,0.2661,17.8606,1.3860,1.3788,0.0072,-0.7965,7023.8292,NA
ExperienceX.exe,56308,0x216838E1150,DXGI,1,0,0,Composed: Flip,7057.6235,NA,16.56270000000000,NA,0.49600000000000,3.11020000000000,NA,7041.3269,16.7926,16.2966,0.4960,17.6491,1.7577,1.7577,0.0000,NA,NA,NA
ExperienceX.exe,56308,0x216838E1150,DXGI,1,0,0,Composed: Flip,7074.7904,NA,17.16690000000000,33.18490000000000,0.35230000000000,1.84510000000000,32.1040,7058.1195,17.0232,16.6709,0.3523,17.1235,1.3925,1.3857,0.0068,1.1054,7058.1195,NA
ExperienceX.exe,56308,0x216838E1150,DXGI,1,0,0,Composed: Flip,7090.4724,NA,15.68200000000000,16.69200000000000,0.15000000000000,0.66240000000000,33.1140,7075.1427,15.4797,15.3297,0.1500,15.4494,0.5427,0.5427,0.0000,0.3312,7075.1427,NA
ExperienceX.exe,56308,0x216838E1150,DXGI,1,0,0,Composed: Flip,7107.8380,NA,17.36560000000000,16.84050000000000,0.04170000000000,1.84690000000000,32.5889,7090.6224,17.2573,17.2156,0.0417,17.6735,1.3890,1.3805,0.0085,-1.3608,7090.6224,NA
ExperienceX.exe,56308,0x216838E1150,DXGI,1,0,0,Composed: Flip,7123.9570,NA,16.11900000000000,16.81560000000000,0.26580000000000,0.98230000000000,33.2855,7107.8797,16.3431,16.0773,0.2658,16.4166,0.6430,0.6430,0.0000,0.4417,7107.8797,NA
ExperienceX.exe,56308,0x216838E1150,DXGI,1,0,0,Composed: Flip,7142.3936,NA,18.43660000000000,16.45300000000000,0.45940000000000,1.64060000000000,31.3019,7124.2228,18.6302,18.1708,0.4594,18.3962,1.4152,1.4079,0.0073,-0.1099,7124.2228,NA
ExperienceX.exe,56308,0x216838E1150,DXGI,1,0,0,Composed: Flip,7157.9482,NA,15.55460000000000,16.87850000000000,0.37540000000000,3.40080000000000,32.6258,7142.8530,15.4706,15.0952,0.3754,15.8023,2.6937,2.6937,0.0000,1.7517,7142.8530,NA
ExperienceX.exe,56308,0x216838E1150,DXGI,1,0,0,Composed: Flip,7175.2456,NA,17.29740000000000,16.39480000000000,0.45900000000000,1.60490000000000,31.7232,7158.3236,17.3810,16.9220,0.4590,17.0434,1.4835,1.4773,0.0062,-0.9242,7158.3236,NA
ExperienceX.exe,56308,0x216838E1150,DXGI,1,0,0,Composed: Flip,7191.1377,NA,15.89210000000000,16.62980000000000,0.33090000000000,1.88560000000000,32.4609,7175.7046,15.7640,15.4331,0.3309,15.9059,1.4128,1.4128,0.0000,0.7512,7175.7046,NA
ExperienceX.exe,56308,0x216838E1150,DXGI,1,0,0,Composed: Flip,7208.7833,NA,17.64560000000000,16.64840000000000,0.14160000000000,3.36220000000000,31.4637,7191.4686,17.4563,17.3147,0.1416,18.5569,2.1200,2.1146,0.0054,-0.8844,7191.4686,NA
ExperienceX.exe,56308,0x216838E1150,DXGI,1,0,0,Composed: Flip,7223.8824,NA,15.09910000000000,16.72610000000000,0.12200000000000,0.82970000000000,33.0907,7208.9249,15.0795,14.9575,0.1220,15.1354,0.6518,0.6518,0.0000,0.7302,7208.9249,NA
ExperienceX.exe,56308,0x216838E1150,DXGI,1,0,0,Composed: Flip,7241.8833,NA,18.00090000000000,16.62050000000000,0.38090000000000,1.36000000000000,31.7103,7224.0044,18.2598,17.8789,0.3809,17.8336,1.4053,1.3973,0.0080,-1.5410,7224.0044,NA
ExperienceX.exe,56308,0x216838E1150,DXGI,1,0,0,Composed: Flip,7257.5882,NA,15.70490000000000,16.86820000000000,0.34710000000000,2.50560000000000,32.8736,7242.2642,15.6711,15.3240,0.3471,0.9791,16.8505,2.9786,13.8719,1.3916,7242.2642,NA
ExperienceX.exe,56308,0x216838E1150,DXGI,1,0,0,Composed: Flip,7274.7306,NA,17.14240000000000,16.47510000000000,0.39960000000000,1.88570000000000,32.2063,7257.9353,17.1949,16.7953,0.3996,17.2580,1.4230,1.4169,0.0061,-0.8040,7257.9353,NA
ExperienceX.exe,56308,0x216838E1150,DXGI,1,0,0,Composed: Flip,7290.9918,NA,16.26120000000000,16.71510000000000,0.20110000000000,0.78600000000000,32.6602,7275.1302,16.0627,15.8616,0.2011,16.0613,0.5863,0.5863,0.0000,0.4798,7275.1302,NA
ExperienceX.exe,56308,0x216838E1150,DXGI,1,0,0,Composed: Flip,7308.0855,NA,17.09370000000000,16.58600000000000,0.05020000000000,1.85280000000000,32.1525,7291.1929,16.9428,16.8926,0.0502,17.2522,1.4932,1.4657,0.0275,-0.5233,7291.1929,NA
ExperienceX.exe,56308,0x216838E1150,DXGI,1,0,0,Composed: Flip,7324.0975,NA,16.01200000000000,16.78460000000000,0.25900000000000,1.47650000000000,32.9251,7308.1357,16.2208,15.9618,0.2590,16.2976,1.1407,1.1407,0.0000,0.1582,7308.1357,NA
ExperienceX.exe,56308,0x216838E1150,DXGI,1,0,0,Composed: Flip,7340.9319,NA,16.83440000000000,16.60750000000000,0.07700000000000,2.02510000000000,32.6982,7324.3565,16.6524,16.5754,0.0770,17.5784,1.0221,1.0179,0.0042,-0.3867,7324.3565,NA
ExperienceX.exe,56308,0x216838E1150,DXGI,1,0,0,Composed: Flip,7357.5048,NA,16.57290000000000,16.65030000000000,0.19750000000000,0.78670000000000,32.7756,7341.0089,16.6934,16.4959,0.1975,16.6679,0.6147,0.6147,0.0000,0.0021,7341.0089,NA
ExperienceX.exe,56308,0x216838E1150,DXGI,1,0,0,Composed: Flip,7374.4449,NA,16.94010000000000,16.70490000000000,0.12960000000000,2.36060000000000,32.5404,7357.7023,16.8722,16.7426,0.1296,17.5855,1.5177,1.5085,0.0092,-0.0115,7357.7023,NA
ExperienceX.exe,56308,0x216838E1150,DXGI,1,0,0,Composed: Flip,7390.5528,NA,16.10790000000000,16.58180000000000,0.10690000000000,1.06540000000000,33.0143,7374.5745,16.0852,15.9783,0.1069,16.0998,0.9439,0.9268,0.0171,0.2904,7374.5745,NA
ExperienceX.exe,56308,0x216838E1150,DXGI,1,0,0,Composed: Flip,7408.5160,NA,17.96320000000000,16.68160000000000,0.37890000000000,3.54930000000000,31.7327,7390.6597,18.2352,17.8563,0.3789,19.2203,2.1853,2.1816,0.0037,-0.5964,7390.6597,NA
ExperienceX.exe,56308,0x216838E1150,DXGI,1,0,0,Composed: Flip,7423.8660,NA,15.35000000000000,16.64880000000000,0.23300000000000,1.18040000000000,33.0315,7408.8949,15.2041,14.9711,0.2330,15.1750,0.9765,0.9765,0.0000,1.5864,7408.8949,NA
ExperienceX.exe,56308,0x216838E1150,DXGI,1,0,0,Composed: Flip,7441.9766,NA,18.11060000000000,16.74320000000000,0.09720000000000,1.38090000000000,31.6641,7424.0990,17.9748,17.8776,0.0972,17.7421,1.5164,1.5094,0.0070,-1.5391,7424.0990,NA
ExperienceX.exe,56308,0x216838E1150,DXGI,1,0,0,Composed: Flip,7457.1288,NA,15.15220000000000,16.58520000000000,0.13910000000000,1.10020000000000,33.0971,7442.0738,15.1941,15.0550,0.1391,15.1983,0.9569,0.9569,0.0000,1.3896,7442.0738,NA
ExperienceX.exe,56308,0x216838E1150,DXGI,1,0,0,Composed: Flip,7474.7731,NA,17.64430000000000,16.72480000000000,0.05130000000000,1.75510000000000,32.1776,7457.2679,17.5565,17.5052,0.0513,17.8226,1.4377,1.4338,0.0039,-1.5307,7457.2679,NA
ExperienceX.exe,56308,0x216838E1150,DXGI,1,0,0,Composed: Flip,7490.5446,NA,15.77150000000000,16.61520000000000,0.15390000000000,0.69800000000000,33.0213,7474.8244,15.8741,15.7202,0.1539,15.8493,0.5689,0.5689,0.0000,0.9413,7474.8244,NA
ExperienceX.exe,56308,0x216838E1150,DXGI,1,0,0,Composed: Flip,7508.4651,NA,17.92050000000000,16.68100000000000,0.05950000000000,1.54980000000000,31.7818,7490.6985,17.8261,17.7666,0.0595,17.8776,1.4388,1.4350,0.0038,-0.8069,7490.6985,NA
ExperienceX.exe,56308,0x216838E1150,DXGI,1,0,0,Composed: Flip,7523.9519,NA,15.48680000000000,16.93350000000000,0.14680000000000,0.74070000000000,33.2285,7508.5246,15.5741,15.4273,0.1468,15.5855,0.5825,0.5825,0.0000,0.8926,7508.5246,NA
ExperienceX.exe,56308,0x216838E1150,DXGI,1,0,0,Composed: Flip,7541.5088,NA,17.55690000000000,16.38680000000000,0.14650000000000,1.98780000000000,32.0584,7524.0987,17.5566,17.4101,0.1465,18.4005,0.9974,0.9928,0.0046,-0.8127,7524.0987,NA
ExperienceX.exe,56308,0x216838E1150,DXGI,1,0,0,Composed: Flip,7557.7405,NA,16.23170000000000,16.67260000000000,0.21600000000000,0.86960000000000,32.4993,7541.6553,16.3012,16.0852,0.2160,16.3014,0.6534,0.6397,0.0137,0.8840,7541.6553,NA
ExperienceX.exe,56308,0x216838E1150,DXGI,1,0,0,Composed: Flip,7574.7250,NA,16.98450000000000,16.68180000000000,0.05180000000000,1.81520000000000,32.1966,7557.9565,16.8203,16.7685,0.0518,17.1633,1.4204,1.4120,0.0084,-0.3806,7557.9565,NA
ExperienceX.exe,56308,0x216838E1150,DXGI,1,0,0,Composed: Flip,7590.5595,NA,15.83450000000000,16.63110000000000,0.12330000000000,0.98800000000000,32.9932,7574.7768,15.9060,15.7827,0.1233,15.9411,0.8296,0.8296,0.0000,0.1892,7574.7768,NA
ExperienceX.exe,56308,0x216838E1150,DXGI,1,0,0,Composed: Flip,7608.3634,NA,17.80390000000000,16.67300000000000,0.08380000000000,1.87120000000000,31.8623,7590.6828,17.7644,17.6806,0.0838,18.5058,1.0460,1.0310,0.0150,-0.7670,7590.6828,NA
ExperienceX.exe,56308,0x216838E1150,DXGI,1,0,0,Composed: Flip,7623.8200,NA,15.45660000000000,16.70900000000000,0.15690000000000,0.71430000000000,33.1147,7608.4472,15.5297,15.3728,0.1569,15.5295,0.5576,0.5576,0.0000,1.0554,7608.4472,NA
ExperienceX.exe,56308,0x216838E1150,DXGI,1,0,0,Composed: Flip,7641.4542,NA,17.63420000000000,16.62070000000000,0.10450000000000,2.03680000000000,32.1012,7623.9769,17.5818,17.4773,0.1045,18.5002,1.0139,1.0097,0.0042,-1.0910,7623.9769,NA
ExperienceX.exe,56308,0x216838E1150,DXGI,1,0,0,Composed: Flip,7657.3131,NA,15.85890000000000,16.65900000000000,0.08110000000000,0.64460000000000,32.9013,7641.5587,15.8355,15.7544,0.0811,15.8406,0.5584,0.5584,0.0000,0.9228,7641.5587,NA
ExperienceX.exe,56308,0x216838E1150,DXGI,1,0,0,Composed: Flip,7674.3678,NA,17.05470000000000,16.74660000000000,0.04380000000000,2.09480000000000,32.5932,7657.3942,17.0174,16.9736,0.0438,17.6437,1.4247,1.4186,0.0061,-0.9111,7657.3942,NA
ExperienceX.exe,56308,0x216838E1150,DXGI,1,0,0,Composed: Flip,7690.4680,NA,16.10020000000000,16.59740000000000,0.16300000000000,2.30020000000000,33.0904,7674.4116,16.2194,16.0564,0.1630,16.2218,2.1348,2.1348,0.0000,0.4200,7674.4116,NA
ExperienceX.exe,56308,0x216838E1150,DXGI,1,0,0,Composed: Flip,7707.7475,NA,17.27950000000000,16.67770000000000,0.15960000000000,2.04070000000000,32.4886,7690.6310,17.2761,17.1165,0.1596,18.1415,1.0157,1.0111,0.0046,-0.4583,7690.6310,NA
ExperienceX.exe,56308,0x216838E1150,DXGI,1,0,0,Composed: Flip,7723.8213,NA,16.07380000000000,16.72460000000000,0.08390000000000,0.75780000000000,33.1394,7707.9071,15.9981,15.9142,0.0839,16.0234,0.6486,0.6486,0.0000,0.5515,7707.9071,NA
ExperienceX.exe,56308,0x216838E1150,DXGI,1,0,0,Composed: Flip,7741.4549,NA,17.63360000000000,16.62700000000000,0.15670000000000,1.72800000000000,32.1328,7723.9052,17.7064,17.5497,0.1567,18.1989,1.0788,1.0646,0.0142,-0.6289,7723.9052,NA
ExperienceX.exe,56308,0x216838E1150,DXGI,1,0,0,Composed: Flip,7757.3027,NA,15.84780000000000,16.64470000000000,0.24390000000000,1.70760000000000,32.9297,7741.6116,15.9350,15.6911,0.2439,15.9851,1.4136,1.3596,0.0540,1.0617,7741.6116,NA
ExperienceX.exe,56308,0x216838E1150,DXGI,1,0,0,Composed: Flip,7774.6363,NA,17.33360000000000,16.64590000000000,0.13690000000000,1.95280000000000,32.2420,7757.5466,17.2266,17.0897,0.1369,17.6099,1.4326,1.4262,0.0064,-0.7109,7757.5466,NA
ExperienceX.exe,56308,0x216838E1150,DXGI,1,0,0,Composed: Flip,7790.5785,NA,15.94220000000000,16.80540000000000,0.19960000000000,0.97290000000000,33.1052,7774.7732,16.0049,15.8053,0.1996,15.9689,0.8093,0.8093,0.0000,0.4212,7774.7732,NA
ExperienceX.exe,56308,0x216C7EA03E0,DXGI,1,0,0,Composed: Flip,4974.0711,NA,16.05260000000000,1399.84540000000015,0.19550000000000,2.93080000000000,32.8540,4958.1958,16.0708,15.8753,0.1955,18.6158,0.1903,0.1838,0.0065,-1.3819,4958.1958,NA
ExperienceX.exe,56308,0x216C7EA03E0,DXGI,1,0,0,Composed: Flip,4992.1686,NA,18.09750000000000,NA,0.11160000000000,1.69990000000000,NA,4974.2666,18.0136,17.9020,0.1116,18.3147,1.2872,1.2872,0.0000,NA,NA,NA
ExperienceX.exe,56308,0x216C7EA03E0,DXGI,1,0,0,Composed: Flip,5007.3515,NA,15.18290000000000,NA,0.07990000000000,1.02040000000000,NA,4992.2802,15.1512,15.0713,0.0799,2.0221,14.0696,1.3792,12.6904,NA,NA,NA
ExperienceX.exe,56308,0x216C7EA03E0,DXGI,1,0,0,Composed: Flip,5024.4840,NA,17.13250000000000,NA,0.07600000000000,2.90670000000000,NA,5007.4314,17.1286,17.0526,0.0760,19.5299,0.4294,0.4294,0.0000,NA,NA,NA
ExperienceX.exe,56308,0x216C7EA03E0,DXGI,1,0,0,Composed: Flip,5040.5160,NA,16.03200000000000,NA,0.07000000000000,1.35890000000000,NA,5024.5600,16.0260,15.9560,0.0700,16.5632,0.7517,0.7517,0.0000,NA,NA,NA
ExperienceX.exe,56308,0x216C7EA03E0,DXGI,1,0,0,Composed: Flip,5057.4673,NA,16.95130000000000,NA,0.16720000000000,3.80010000000000,NA,5040.5860,17.0485,16.8813,0.1672,19.1417,1.5397,1.5366,0.0031,NA,NA,NA
ExperienceX.exe,56308,0x216C7EA03E0,DXGI,1,0,0,Composed: Flip,5073.7769,NA,16.30960000000000,NA,0.07240000000000,0.58610000000000,NA,5057.6345,16.2148,16.1424,0.0724,16.2137,0.5148,0.5148,0.0000,NA,NA,NA
ExperienceX.exe,56308,0x216C7EA03E0,DXGI,1,0,0,Composed: Flip,5090.8583,NA,17.08140000000000,NA,0.06520000000000,2.43330000000000,NA,5073.8493,17.0742,17.0090,0.0652,17.4744,1.9679,1.9679,0.0000,NA,NA,NA
ExperienceX.exe,56308,0x216C7EA03E0,DXGI,1,0,0,Composed: Flip,5107.3636,NA,16.50530000000000,NA,0.16380000000000,0.67120000000000,NA,5090.9235,16.6039,16.4401,0.1638,2.8140,14.2973,0.7023,13.5950,NA,NA,NA
ExperienceX.exe,56308,0x216C7EA03E0,DXGI,1,0,0,Composed: Flip,5124.7851,NA,17.42150000000000,NA,0.08880000000000,2.05210000000000,NA,5107.5274,17.3465,17.2577,0.0888,17.9721,1.3377,1.3304,0.0073,NA,NA,NA
ExperienceX.exe,56308,0x216C7EA03E0,DXGI,1,0,0,Composed: Flip,5140.9479,NA,16.16280000000000,NA,0.14730000000000,1.75980000000000,NA,5124.8739,16.2213,16.0740,0.1473,17.6138,0.2200,0.2200,0.0000,NA,NA,NA
ExperienceX.exe,56308,0x216C7EA03E0,DXGI,1,0,0,Composed: Flip,5157.7241,NA,16.77620000000000,NA,0.05790000000000,2.44800000000000,NA,5141.0952,16.6868,16.6289,0.0579,18.6131,0.4638,0.4638,0.0000,NA,NA,NA
ExperienceX.exe,56308,0x216C7EA03E0,DXGI,1,0,0,Composed: Flip,5174.0056,NA,16.28150000000000,NA,0.16640000000000,1.17130000000000,NA,5157.7820,16.3900,16.2236,0.1664,16.9230,0.4719,0.4719,0.0000,NA,NA,NA
ExperienceX.exe,56308,0x216C7EA03E0,DXGI,1,0,0,Composed: Flip,5191.0128,NA,17.00720000000000,NA,1.10620000000000,3.04600000000000,NA,5174.1720,17.9470,16.8408,1.1062,19.3953,0.4915,0.4915,0.0000,NA,NA,NA
ExperienceX.exe,56308,0x216C7EA03E0,DXGI,1,0,0,Composed: Flip,5207.1522,NA,16.13940000000000,NA,0.11870000000000,2.08150000000000,NA,5192.1190,15.1519,15.0332,0.1187,16.3564,0.7583,0.7583,0.0000,NA,NA,NA
ExperienceX.exe,56308,0x216C7EA03E0,DXGI,1,0,0,Composed: Flip,5224.6556,NA,17.50340000000000,NA,0.32090000000000,2.40720000000000,NA,5207.2709,17.7056,17.3847,0.3209,19.3446,0.4473,0.4473,0.0000,NA,NA,NA
ExperienceX.exe,56308,0x216C7EA03E0,DXGI,1,0,0,Composed: Flip,5240.8124,NA,16.15680000000000,NA,0.08490000000000,0.74090000000000,NA,5224.9765,15.9208,15.8359,0.0849,2.0863,14.4905,0.8120,13.6785,NA,NA,NA
ExperienceX.exe,56308,0x216C7EA03E0,DXGI,1,0,0,Composed: Flip,5258.7249,NA,17.91250000000000,NA,0.65530000000000,1.94470000000000,NA,5240.8973,18.4829,17.8276,0.6553,19.3273,0.4450,0.4450,0.0000,NA,NA,NA
ExperienceX.exe,56308,0x216C7EA03E0,DXGI,1,0,0,Composed: Flip,5273.8469,NA,15.12200000000000,NA,0.09320000000000,1.86650000000000,NA,5259.3802,14.5599,14.4667,0.0932,15.5601,0.7731,0.7731,0.0000,NA,NA,NA
ExperienceX.exe,56308,0x216C7EA03E0,DXGI,1,0,0,Composed: Flip,5291.1008,NA,17.25390000000000,NA,0.15220000000000,2.54170000000000,NA,5273.9401,17.3129,17.1607,0.1522,19.2480,0.4544,0.4544,0.0000,NA,NA,NA
ExperienceX.exe,56308,0x216C7EA03E0,DXGI,1,0,0,Composed: Flip,5307.1810,NA,16.08020000000000,NA,0.15830000000000,1.44980000000000,NA,5291.2530,16.0863,15.9280,0.1583,16.5894,0.7884,0.7884,0.0000,NA,NA,NA
ExperienceX.exe,56308,0x216C7EA03E0,DXGI,1,0,0,Composed: Flip,5324.1034,NA,16.92240000000000,NA,0.76870000000000,3.75540000000000,NA,5307.3393,17.5328,16.7641,0.7687,19.0799,1.4396,1.4361,0.0035,NA,NA,NA
ExperienceX.exe,56308,0x216C7EA03E0,DXGI,1,0,0,Composed: Flip,5341.0190,NA,16.91560000000000,NA,0.27720000000000,1.24920000000000,NA,5324.8721,16.4241,16.1469,0.2772,16.8861,0.5100,0.5100,0.0000,NA,NA,NA
ExperienceX.exe,56308,0x216C7EA03E0,DXGI,1,0,0,Composed: Flip,5358.5859,NA,17.56690000000000,NA,0.06880000000000,2.17330000000000,NA,5341.2962,17.3585,17.2897,0.0688,17.9343,1.5287,1.5287,0.0000,NA,NA,NA
ExperienceX.exe,56308,0x216C7EA03E0,DXGI,1,0,0,Composed: Flip,5374.1845,NA,15.59860000000000,NA,0.06840000000000,1.73200000000000,NA,5358.6547,15.5982,15.5298,0.0684,2.5617,14.7001,1.6002,13.0999,NA,NA,NA
ExperienceX.exe,56308,0x216C7EA03E0,DXGI,1,0,0,Composed: Flip,5390.8677,NA,16.68320000000000,NA,0.12580000000000,2.38950000000000,NA,5374.2529,16.7406,16.6148,0.1258,17.0800,1.9243,1.9243,0.0000,NA,NA,NA
ExperienceX.exe,56308,0x216C7EA03E0,DXGI,1,0,0,Composed: Flip,5407.1648,NA,16.29710000000000,NA,0.14680000000000,1.14940000000000,NA,5390.9935,16.3181,16.1713,0.1468,16.8562,0.4645,0.4645,0.0000,NA,NA,NA
ExperienceX.exe,56308,0x216C7EA03E0,DXGI,1,0,0,Composed: Flip,5425.0253,NA,17.86050000000000,NA,0.17330000000000,2.00510000000000,NA,5407.3116,17.8870,17.7137,0.1733,19.2815,0.4373,0.4373,0.0000,NA,NA,NA
ExperienceX.exe,56308,0x216C7EA03E0,DXGI,1,0,0,Composed: Flip,5440.5857,NA,15.56040000000000,NA,0.14000000000000,1.10680000000000,NA,5425.1986,15.5271,15.3871,0.1400,16.0428,0.4511,0.4511,0.0000,NA,NA,NA
ExperienceX.exe,56308,0x216C7EA03E0,DXGI,1,0,0,Composed: Flip,5458.2010,NA,17.61530000000000,NA,0.06310000000000,2.33710000000000,NA,5440.7257,17.5384,17.4753,0.0631,19.3539,0.4585,0.4585,0.0000,NA,NA,NA
ExperienceX.exe,56308,0x216C7EA03E0,DXGI,1,0,0,Composed: Flip,5473.8113,NA,15.61030000000000,NA,0.14610000000000,1.16520000000000,NA,5458.2641,15.6933,15.5472,0.1461,16.2258,0.4866,0.4866,0.0000,NA,NA,NA
ExperienceX.exe,56308,0x216C7EA03E0,DXGI,1,0,0,Composed: Flip,5490.9251,NA,17.11380000000000,NA,0.10810000000000,2.91200000000000,NA,5473.9574,17.0758,16.9677,0.1081,19.4367,0.4430,0.4430,0.0000,NA,NA,NA
ExperienceX.exe,56308,0x216C7EA03E0,DXGI,1,0,0,Composed: Flip,5507.1558,NA,16.23070000000000,NA,0.14650000000000,1.48390000000000,NA,5491.0332,16.2691,16.1226,0.1465,16.8910,0.7155,0.7155,0.0000,NA,NA,NA
ExperienceX.exe,56308,0x216C7EA03E0,DXGI,1,0,0,Composed: Flip,5526.1698,NA,19.01400000000000,NA,0.20510000000000,1.90150000000000,NA,5507.3023,19.0726,18.8675,0.2051,17.9060,2.8630,2.8630,0.0000,NA,NA,NA
ExperienceX.exe,56308,0x216C7EA03E0,DXGI,1,0,0,Composed: Flip,5540.5515,NA,14.38170000000000,NA,0.16120000000000,0.73540000000000,NA,5526.3749,14.3378,14.1766,0.1612,2.1273,12.7847,0.6217,12.1630,NA,NA,NA
ExperienceX.exe,56308,0x216C7EA03E0,DXGI,1,0,0,Composed: Flip,5558.6274,NA,18.07590000000000,NA,0.06110000000000,1.90790000000000,NA,5540.7127,17.9758,17.9147,0.0611,17.7540,2.0686,2.0686,0.0000,NA,NA,NA
ExperienceX.exe,56308,0x216C7EA03E0,DXGI,1,0,0,Composed: Flip,5574.1547,NA,15.52730000000000,NA,0.34120000000000,1.92560000000000,NA,5558.6885,15.8074,15.4662,0.3412,15.8478,1.5440,1.5440,0.0000,NA,NA,NA
ExperienceX.exe,56308,0x216C7EA03E0,DXGI,1,0,0,Composed: Flip,5590.9459,NA,16.79120000000000,NA,0.43130000000000,2.61600000000000,NA,5574.4959,16.8813,16.4500,0.4313,16.8050,2.2610,2.2610,0.0000,NA,NA,NA
ExperienceX.exe,56308,0x216C7EA03E0,DXGI,1,0,0,Composed: Flip,5607.1820,NA,16.23610000000000,NA,0.15980000000000,1.82490000000000,NA,5591.3772,15.9646,15.8048,0.1598,16.8718,0.7579,0.7579,0.0000,NA,NA,NA
ExperienceX.exe,56308,0x216C7EA03E0,DXGI,1,0,0,Composed: Flip,5640.6064,NA,33.42440000000000,NA,0.15580000000000,1.11470000000000,NA,5607.3418,33.4204,33.2646,0.1558,33.8977,0.4816,0.4816,0.0000,NA,NA,NA
ExperienceX.exe,56308,0x216C7EA03E0,DXGI,1,0,0,Composed: Flip,5657.6393,NA,17.03290000000000,NA,0.06280000000000,2.39110000000000,NA,5640.7622,16.9399,16.8771,0.0628,17.2321,2.0361,2.0361,0.0000,NA,NA,NA
ExperienceX.exe,56308,0x216C7EA03E0,DXGI,1,0,0,Composed: Flip,5673.8100,NA,16.17070000000000,NA,0.14570000000000,1.43540000000000,NA,5657.7021,16.2536,16.1079,0.1457,16.7212,0.8221,0.8221,0.0000,NA,NA,NA
ExperienceX.exe,56308,0x216C7EA03E0,DXGI,1,0,0,Composed: Flip,5692.1967,NA,18.38670000000000,NA,0.05580000000000,3.49380000000000,NA,5673.9557,18.2968,18.2410,0.0558,19.6809,2.0539,2.0496,0.0043,NA,NA,NA
ExperienceX.exe,56308,0x216C7EA03E0,DXGI,1,0,0,Composed: Flip,5707.3330,NA,15.13630000000000,NA,0.12990000000000,1.43430000000000,NA,5692.2525,15.2104,15.0805,0.1299,15.7155,0.7993,0.7993,0.0000,NA,NA,NA
ExperienceX.exe,56308,0x216C7EA03E0,DXGI,1,0,0,Composed: Flip,5724.7553,NA,17.42230000000000,NA,0.05230000000000,2.33880000000000,NA,5707.4629,17.3447,17.2924,0.0523,19.1686,0.4626,0.4626,0.0000,NA,NA,NA
ExperienceX.exe,56308,0x216C7EA03E0,DXGI,1,0,0,Composed: Flip,5741.0562,NA,16.30090000000000,NA,0.26720000000000,1.43900000000000,NA,5724.8076,16.5158,16.2486,0.2672,17.0780,0.6096,0.6096,0.0000,NA,NA,NA
ExperienceX.exe,56308,0x216C7EA03E0,DXGI,1,0,0,Composed: Flip,5758.1601,NA,17.10390000000000,NA,0.44610000000000,2.28670000000000,NA,5741.3234,17.2828,16.8367,0.4461,18.6742,0.4492,0.4492,0.0000,NA,NA,NA
ExperienceX.exe,56308,0x216C7EA03E0,DXGI,1,0,0,Composed: Flip,5773.7579,NA,15.59780000000000,NA,0.10590000000000,1.12070000000000,NA,5758.6062,15.2576,15.1517,0.1059,15.8990,0.3734,0.3734,0.0000,NA,NA,NA
ExperienceX.exe,56308,0x216C7EA03E0,DXGI,1,0,0,Composed: Flip,5791.2312,NA,17.47330000000000,NA,0.29480000000000,2.34980000000000,NA,5773.8638,17.6622,17.3674,0.2948,19.2559,0.4613,0.4613,0.0000,NA,NA,NA
ExperienceX.exe,56308,0x216C7EA03E0,DXGI,1,0,0,Composed: Flip,5807.1920,NA,15.96080000000000,NA,0.12720000000000,0.67630000000000,NA,5791.5260,15.7932,15.6660,0.1272,2.0550,14.2873,0.8814,13.4059,NA,NA,NA
ExperienceX.exe,56308,0x216C7EA03E0,DXGI,1,0,0,Composed: Flip,5824.9894,NA,17.79740000000000,NA,0.05220000000000,2.04510000000000,NA,5807.3192,17.7224,17.6702,0.0522,19.2552,0.4601,0.4601,0.0000,NA,NA,NA
ExperienceX.exe,56308,0x216C7EA03E0,DXGI,1,0,0,Composed: Flip,5840.4599,NA,15.47050000000000,NA,0.11150000000000,1.45640000000000,NA,5825.0416,15.5298,15.4183,0.1115,16.0574,0.8173,0.8173,0.0000,NA,NA,NA
ExperienceX.exe,56308,0x216C7EA03E0,DXGI,1,0,0,Composed: Flip,5857.3734,NA,16.91350000000000,NA,0.08430000000000,2.90500000000000,NA,5840.5714,16.8863,16.8020,0.0843,19.2882,0.4188,0.4188,0.0000,NA,NA,NA
ExperienceX.exe,56308,0x216C7EA03E0,DXGI,1,0,0,Composed: Flip,5873.9264,NA,16.55300000000000,NA,0.17870000000000,2.17760000000000,NA,5857.4577,16.6474,16.4687,0.1787,18.1836,0.4627,0.4627,0.0000,NA,NA,NA
ExperienceX.exe,56308,0x216C7EA03E0,DXGI,1,0,0,Composed: Flip,5890.8745,NA,16.94810000000000,NA,0.45610000000000,2.94750000000000,NA,5874.1051,17.2255,16.7694,0.4561,19.2611,0.4558,0.4558,0.0000,NA,NA,NA
ExperienceX.exe,56308,0x216C7EA03E0,DXGI,1,0,0,Composed: Flip,5925.5629,NA,34.68840000000000,NA,0.13090000000000,1.49090000000000,NA,5891.3306,34.3632,34.2323,0.1309,35.0520,0.6712,0.6712,0.0000,NA,NA,NA
ExperienceX.exe,56308,0x216C7EA03E0,DXGI,1,0,0,Composed: Flip,5940.9054,NA,15.34250000000000,NA,0.25880000000000,0.91560000000000,NA,5925.6938,15.4704,15.2116,0.2588,2.3347,13.7925,1.6492,12.1433,NA,NA,NA
ExperienceX.exe,56308,0x216C7EA03E0,DXGI,1,0,0,Composed: Flip,5957.4955,NA,16.59010000000000,NA,0.07040000000000,2.48910000000000,NA,5941.1642,16.4017,16.3313,0.0704,16.7851,2.0353,2.0353,0.0000,NA,NA,NA
ExperienceX.exe,56308,0x216C7EA03E0,DXGI,1,0,0,Composed: Flip,5973.8094,NA,16.31390000000000,NA,0.12310000000000,1.42400000000000,NA,5957.5659,16.3666,16.2435,0.1231,16.8535,0.8140,0.8140,0.0000,NA,NA,NA
ExperienceX.exe,56308,0x216C7EA03E0,DXGI,1,0,0,Composed: Flip,5991.8037,NA,17.99430000000000,NA,0.09720000000000,1.81730000000000,NA,5973.9325,17.9684,17.8712,0.0972,18.1098,1.5787,1.5787,0.0000,NA,NA,NA
ExperienceX.exe,56308,0x216C7EA03E0,DXGI,1,0,0,Composed: Flip,6007.1296,NA,15.32590000000000,NA,0.12860000000000,0.80010000000000,NA,5991.9009,15.3573,15.2287,0.1286,2.1701,13.8587,1.0841,12.7746,NA,NA,NA
ExperienceX.exe,56308,0x216C7EA03E0,DXGI,1,0,0,Composed: Flip,6024.4983,NA,17.36870000000000,NA,0.22250000000000,4.80040000000000,NA,6007.2582,17.4626,17.2401,0.2225,19.2218,2.8187,2.8151,0.0036,NA,NA,NA
ExperienceX.exe,56308,0x216C7EA03E0,DXGI,1,0,0,Composed: Flip,6040.5040,NA,16.00570000000000,NA,0.12410000000000,1.11160000000000,NA,6024.7208,15.9073,15.7832,0.1241,16.4225,0.4723,0.4723,0.0000,NA,NA,NA
ExperienceX.exe,56308,0x216C7EA03E0,DXGI,1,0,0,Composed: Flip,6057.8167,NA,17.31270000000000,NA,0.15950000000000,3.82310000000000,NA,6040.6281,17.3481,17.1886,0.1595,20.0478,0.9639,0.9602,0.0037,NA,NA,NA
ExperienceX.exe,56308,0x216C7EA03E0,DXGI,1,0,0,Composed: Flip,6073.9261,NA,16.10940000000000,NA,0.15900000000000,1.68040000000000,NA,6057.9762,16.1089,15.9499,0.1590,16.1089,1.5214,1.5214,0.0000,NA,NA,NA
ExperienceX.exe,56308,0x216C7EA03E0,DXGI,1,0,0,Composed: Flip,6125.8882,NA,51.96210000000000,NA,0.06510000000000,2.16300000000000,NA,6074.0851,51.8682,51.8031,0.0651,53.5128,0.4533,0.4533,0.0000,NA,NA,NA
ExperienceX.exe,56308,0x216C7EA03E0,DXGI,1,0,0,Composed: Flip,6140.8591,NA,14.97090000000000,NA,0.24770000000000,1.97860000000000,NA,6125.9533,15.1535,14.9058,0.2477,16.0428,0.8416,0.8416,0.0000,NA,NA,NA
ExperienceX.exe,56308,0x216C7EA03E0,DXGI,1,0,0,Composed: Flip,6158.5609,NA,17.70180000000000,NA,0.39410000000000,1.89170000000000,NA,6141.1068,17.8482,17.4541,0.3941,18.9039,0.4419,0.4419,0.0000,NA,NA,NA
ExperienceX.exe,56308,0x216C7EA03E0,DXGI,1,0,0,Composed: Flip,6174.1242,NA,15.56330000000000,NA,0.24110000000000,2.07720000000000,NA,6158.9550,15.4103,15.1692,0.2411,16.3552,0.8912,0.8912,0.0000,NA,NA,NA
ExperienceX.exe,56308,0x216C7EA03E0,DXGI,1,0,0,Composed: Flip,6192.0975,NA,17.97330000000000,NA,0.06310000000000,1.63700000000000,NA,6174.3653,17.7953,17.7322,0.0631,18.9152,0.4540,0.4540,0.0000,NA,NA,NA
ExperienceX.exe,56308,0x216C7EA03E0,DXGI,1,0,0,Composed: Flip,6207.2966,NA,15.19910000000000,NA,0.14360000000000,1.22740000000000,NA,6192.1606,15.2796,15.1360,0.1436,15.9244,0.4390,0.4390,0.0000,NA,NA,NA
ExperienceX.exe,56308,0x216C7EA03E0,DXGI,1,0,0,Composed: Flip,6224.8626,NA,17.56600000000000,NA,0.06060000000000,1.85110000000000,NA,6207.4402,17.4830,17.4224,0.0606,17.1718,2.1017,2.1017,0.0000,NA,NA,NA
ExperienceX.exe,56308,0x216C7EA03E0,DXGI,1,0,0,Composed: Flip,6240.6734,NA,15.81080000000000,NA,0.09920000000000,0.70030000000000,NA,6224.9232,15.8494,15.7502,0.0992,15.8809,0.5696,0.5696,0.0000,NA,NA,NA
ExperienceX.exe,56308,0x216C7EA03E0,DXGI,1,0,0,Composed: Flip,6257.4127,NA,16.73930000000000,NA,0.17830000000000,2.55020000000000,NA,6240.7726,16.8184,16.6401,0.1783,17.0805,2.1098,2.1098,0.0000,NA,NA,NA
ExperienceX.exe,56308,0x216C7EA03E0,DXGI,1,0,0,Composed: Flip,6273.7735,NA,16.36080000000000,NA,0.10670000000000,0.79850000000000,NA,6257.5910,16.2892,16.1825,0.1067,2.8473,14.1337,0.9335,13.2002,NA,NA,NA
ExperienceX.exe,56308,0x216C7EA03E0,DXGI,1,0,0,Composed: Flip,6291.0411,NA,17.26760000000000,NA,0.26050000000000,2.19000000000000,NA,6273.8802,17.4214,17.1609,0.2605,17.2633,2.0876,2.0876,0.0000,NA,NA,NA
ExperienceX.exe,56308,0x216C7EA03E0,DXGI,1,0,0,Composed: Flip,6307.1617,NA,16.12060000000000,NA,0.12720000000000,0.70000000000000,NA,6291.3016,15.9873,15.8601,0.1272,16.0275,0.5326,0.5326,0.0000,NA,NA,NA
ExperienceX.exe,56308,0x216C7EA03E0,DXGI,1,0,0,Composed: Flip,6324.3730,NA,17.21130000000000,NA,0.19180000000000,3.05070000000000,NA,6307.2889,17.2759,17.0841,0.1918,19.6623,0.4725,0.4725,0.0000,NA,NA,NA
ExperienceX.exe,56308,0x216C7EA03E0,DXGI,1,0,0,Composed: Flip,6340.5819,NA,16.20890000000000,NA,0.16530000000000,1.07970000000000,NA,6324.5648,16.1824,16.0171,0.1653,2.8589,14.2379,1.2701,12.9678,NA,NA,NA
ExperienceX.exe,56308,0x216C7EA03E0,DXGI,1,0,0,Composed: Flip,6359.8967,NA,19.31480000000000,NA,0.14690000000000,1.21100000000000,NA,6340.7472,19.2964,19.1495,0.1469,17.9070,2.4535,2.3213,0.1322,NA,NA,NA
ExperienceX.exe,56308,0x216C7EA03E0,DXGI,1,0,0,Composed: Flip,6374.0102,NA,14.11350000000000,NA,0.24090000000000,0.84540000000000,NA,6360.0436,14.2075,13.9666,0.2409,1.5342,13.2778,1.0963,12.1815,NA,NA,NA
ExperienceX.exe,56308,0x216C7EA03E0,DXGI,1,0,0,Composed: Flip,6391.6364,NA,17.62620000000000,NA,0.57730000000000,2.44010000000000,NA,6374.2511,17.9626,17.3853,0.5773,19.3250,0.5004,0.5004,0.0000,NA,NA,NA
ExperienceX.exe,56308,0x216C7EA03E0,DXGI,1,0,0,Composed: Flip,6407.1960,NA,15.55960000000000,NA,0.13430000000000,1.55440000000000,NA,6392.2137,15.1166,14.9823,0.1343,15.6860,0.8507,0.8507,0.0000,NA,NA,NA
ExperienceX.exe,56308,0x216C7EA03E0,DXGI,1,0,0,Composed: Flip,6424.9328,NA,17.73680000000000,NA,0.08230000000000,2.36810000000000,NA,6407.3303,17.6848,17.6025,0.0823,19.4927,0.4779,0.4748,0.0031,NA,NA,NA
ExperienceX.exe,56308,0x216C7EA03E0,DXGI,1,0,0,Composed: Flip,6440.4698,NA,15.53700000000000,NA,0.12370000000000,1.21010000000000,NA,6425.0151,15.5784,15.4547,0.1237,16.3089,0.3559,0.3559,0.0000,NA,NA,NA
ExperienceX.exe,56308,0x216C7EA03E0,DXGI,1,0,0,Composed: Flip,6458.1412,NA,17.67140000000000,NA,0.15100000000000,2.48010000000000,NA,6440.5935,17.6987,17.5477,0.1510,19.5474,0.4804,0.4804,0.0000,NA,NA,NA
ExperienceX.exe,56308,0x216C7EA03E0,DXGI,1,0,0,Composed: Flip,6473.8657,NA,15.72450000000000,NA,0.10590000000000,1.21010000000000,NA,6458.2922,15.6794,15.5735,0.1059,16.4877,0.2959,0.2959,0.0000,NA,NA,NA
ExperienceX.exe,56308,0x216C7EA03E0,DXGI,1,0,0,Composed: Flip,6490.7726,NA,16.90690000000000,NA,0.07120000000000,2.56860000000000,NA,6473.9716,16.8722,16.8010,0.0712,17.2954,2.0742,2.0742,0.0000,NA,NA,NA
ExperienceX.exe,56308,0x216C7EA03E0,DXGI,1,0,0,Composed: Flip,6507.1432,NA,16.37060000000000,NA,0.08880000000000,0.96130000000000,NA,6490.8438,16.3882,16.2994,0.0888,2.9666,14.2941,0.9615,13.3326,NA,NA,NA
ExperienceX.exe,56308,0x216C7EA03E0,DXGI,1,0,0,Composed: Flip,6524.1493,NA,17.00610000000000,NA,0.44780000000000,2.84360000000000,NA,6507.2320,17.3651,16.9173,0.4478,19.2987,0.4622,0.4622,0.0000,NA,NA,NA
ExperienceX.exe,56308,0x216C7EA03E0,DXGI,1,0,0,Composed: Flip,6540.5775,NA,16.42820000000000,NA,0.11290000000000,1.28260000000000,NA,6524.5971,16.0933,15.9804,0.1129,16.7317,0.5313,0.5313,0.0000,NA,NA,NA
ExperienceX.exe,56308,0x216C7EA03E0,DXGI,1,0,0,Composed: Flip,6557.6473,NA,17.06980000000000,NA,0.87710000000000,2.69740000000000,NA,6540.6904,17.8340,16.9569,0.8771,17.4915,2.1628,2.1628,0.0000,NA,NA,NA
ExperienceX.exe,56308,0x216C7EA03E0,DXGI,1,0,0,Composed: Flip,6574.0787,NA,16.43140000000000,NA,0.18970000000000,1.09690000000000,NA,6558.5244,15.7440,15.5543,0.1897,2.3244,14.3268,1.5040,12.8228,NA,NA,NA
ExperienceX.exe,56308,0x216C7EA03E0,DXGI,1,0,0,Composed: Flip,6590.7624,NA,16.68370000000000,NA,0.07840000000000,4.36070000000000,NA,6574.2684,16.5724,16.4940,0.0784,20.3917,0.4630,0.4592,0.0038,NA,NA,NA
ExperienceX.exe,56308,0x216C7EA03E0,DXGI,1,0,0,Composed: Flip,6607.1310,NA,16.36860000000000,NA,0.18570000000000,1.75620000000000,NA,6590.8408,16.4759,16.2902,0.1857,16.4232,1.6232,1.6232,0.0000,NA,NA,NA
ExperienceX.exe,56308,0x216C7EA03E0,DXGI,1,0,0,Composed: Flip,6624.6454,NA,17.51440000000000,NA,0.05030000000000,3.68850000000000,NA,6607.3167,17.3790,17.3287,0.0503,19.3656,1.6516,1.6471,0.0045,NA,NA,NA
ExperienceX.exe,56308,0x216C7EA03E0,DXGI,1,0,0,Composed: Flip,6640.5153,NA,15.86990000000000,NA,0.15700000000000,0.66710000000000,NA,6624.6957,15.9766,15.8196,0.1570,15.9514,0.5353,0.5353,0.0000,NA,NA,NA
ExperienceX.exe,56308,0x216C7EA03E0,DXGI,1,0,0,Composed: Flip,6657.5955,NA,17.08020000000000,NA,0.28850000000000,2.92810000000000,NA,6640.6723,17.2117,16.9232,0.2885,19.3694,0.4819,0.4819,0.0000,NA,NA,NA
ExperienceX.exe,56308,0x216C7EA03E0,DXGI,1,0,0,Composed: Flip,6674.1318,NA,16.53630000000000,NA,0.28130000000000,1.27420000000000,NA,6657.8840,16.5291,16.2478,0.2813,17.0264,0.4956,0.4956,0.0000,NA,NA,NA
ExperienceX.exe,56308,0x216C7EA03E0,DXGI,1,0,0,Composed: Flip,6691.6185,NA,17.48670000000000,NA,0.05570000000000,2.21290000000000,NA,6674.4131,17.2611,17.2054,0.0557,18.9373,0.4810,0.4810,0.0000,NA,NA,NA
ExperienceX.exe,56308,0x216C7EA03E0,DXGI,1,0,0,Composed: Flip,6707.1392,NA,15.52070000000000,NA,0.12740000000000,1.47080000000000,NA,6691.6742,15.5924,15.4650,0.1274,16.1045,0.8313,0.8313,0.0000,NA,NA,NA
ExperienceX.exe,56308,0x216C7EA03E0,DXGI,1,0,0,Composed: Flip,6724.9129,NA,17.77370000000000,NA,0.05950000000000,2.82010000000000,NA,6707.2666,17.7058,17.6463,0.0595,19.9959,0.4705,0.4646,0.0059,NA,NA,NA
ExperienceX.exe,56308,0x216C7EA03E0,DXGI,1,0,0,Composed: Flip,6740.6709,NA,15.75800000000000,NA,0.17500000000000,0.95810000000000,NA,6724.9724,15.8735,15.6985,0.1750,15.8914,0.7652,0.7652,0.0000,NA,NA,NA
ExperienceX.exe,56308,0x216C7EA03E0,DXGI,1,0,0,Composed: Flip,6757.9616,NA,17.29070000000000,NA,0.05910000000000,1.92870000000000,NA,6740.8459,17.1748,17.1157,0.0591,17.1870,1.8574,1.8574,0.0000,NA,NA,NA
ExperienceX.exe,56308,0x216C7EA03E0,DXGI,1,0,0,Composed: Flip,6773.8548,NA,15.89320000000000,NA,0.12920000000000,1.16440000000000,NA,6758.0207,15.9633,15.8341,0.1292,16.4994,0.4991,0.4991,0.0000,NA,NA,NA
ExperienceX.exe,56308,0x216C7EA03E0,DXGI,1,0,0,Composed: Flip,6791.4423,NA,17.58750000000000,NA,0.10870000000000,1.78520000000000,NA,6773.9840,17.5670,17.4583,0.1087,17.3456,1.8979,1.8979,0.0000,NA,NA,NA
ExperienceX.exe,56308,0x216C7EA03E0,DXGI,1,0,0,Composed: Flip,6807.1419,NA,15.69960000000000,NA,0.13230000000000,1.49640000000000,NA,6791.5510,15.7232,15.5909,0.1323,16.2379,0.8494,0.8494,0.0000,NA,NA,NA
ExperienceX.exe,56308,0x216C7EA03E0,DXGI,1,0,0,Composed: Flip,6824.7807,NA,17.63880000000000,NA,0.16180000000000,2.58250000000000,NA,6807.2742,17.6683,17.5065,0.1618,19.5562,0.5328,0.5276,0.0052,NA,NA,NA
ExperienceX.exe,56308,0x216C7EA03E0,DXGI,1,0,0,Composed: Flip,6840.6660,NA,15.88530000000000,NA,0.12920000000000,1.52790000000000,NA,6824.9425,15.8527,15.7235,0.1292,16.4086,0.8428,0.8428,0.0000,NA,NA,NA
ExperienceX.exe,56308,0x216C7EA03E0,DXGI,1,0,0,Composed: Flip,6858.1168,NA,17.45080000000000,NA,0.05940000000000,1.88990000000000,NA,6840.7952,17.3810,17.3216,0.0594,17.1169,2.0946,2.0946,0.0000,NA,NA,NA
ExperienceX.exe,56308,0x216C7EA03E0,DXGI,1,0,0,Composed: Flip,6873.8599,NA,15.74310000000000,NA,0.16350000000000,1.57770000000000,NA,6858.1762,15.8472,15.6837,0.1635,16.4075,0.8539,0.8539,0.0000,NA,NA,NA
ExperienceX.exe,56308,0x216C7EA03E0,DXGI,1,0,0,Composed: Flip,6890.9508,NA,17.09090000000000,NA,0.49730000000000,2.94500000000000,NA,6874.0234,17.4247,16.9274,0.4973,19.3528,0.5196,0.5196,0.0000,NA,NA,NA
ExperienceX.exe,56308,0x216C7EA03E0,DXGI,1,0,0,Composed: Flip,6907.1862,NA,16.23540000000000,NA,0.16670000000000,0.70670000000000,NA,6891.4481,15.9048,15.7381,0.1667,15.8950,0.5498,0.5498,0.0000,NA,NA,NA
ExperienceX.exe,56308,0x216C7EA03E0,DXGI,1,0,0,Composed: Flip,6924.9552,NA,17.76900000000000,NA,0.09770000000000,1.92150000000000,NA,6907.3529,17.7000,17.6023,0.0977,17.2976,2.2262,2.2262,0.0000,NA,NA,NA
ExperienceX.exe,56308,0x216C7EA03E0,DXGI,1,0,0,Composed: Flip,6940.5500,NA,15.59480000000000,NA,0.16690000000000,1.26530000000000,NA,6925.0529,15.6640,15.4971,0.1669,16.4701,0.2923,0.2923,0.0000,NA,NA,NA
ExperienceX.exe,56308,0x216C7EA03E0,DXGI,1,0,0,Composed: Flip,6958.3786,NA,17.82860000000000,NA,0.35890000000000,3.95360000000000,NA,6940.7169,18.0206,17.6617,0.3589,19.9419,1.6734,1.6673,0.0061,NA,NA,NA
ExperienceX.exe,56308,0x216C7EA03E0,DXGI,1,0,0,Composed: Flip,6973.9324,NA,15.55380000000000,NA,0.09510000000000,2.06350000000000,NA,6958.7375,15.2900,15.1949,0.0951,15.3241,1.9343,1.8195,0.1148,NA,NA,NA
ExperienceX.exe,56308,0x216C7EA03E0,DXGI,1,0,0,Composed: Flip,6990.7604,NA,16.82800000000000,NA,0.14870000000000,4.17450000000000,NA,6974.0275,16.8816,16.7329,0.1487,19.2411,1.6663,1.6613,0.0050,NA,NA,NA
ExperienceX.exe,56308,0x216C7EA03E0,DXGI,1,0,0,Composed: Flip,7007.1059,NA,16.34550000000000,NA,0.11230000000000,1.47910000000000,NA,6990.9091,16.3091,16.1968,0.1123,16.8406,0.8353,0.8353,0.0000,NA,NA,NA
ExperienceX.exe,56308,0x216C7EA03E0,DXGI,1,0,0,Composed: Flip,7024.5061,NA,17.40020000000000,NA,0.25990000000000,1.98340000000000,NA,7007.2182,17.5478,17.2879,0.2599,17.3418,1.9295,1.9295,0.0000,NA,NA,NA
ExperienceX.exe,56308,0x216C7EA03E0,DXGI,1,0,0,Composed: Flip,7040.4826,NA,15.97650000000000,NA,0.14200000000000,0.69980000000000,NA,7024.7660,15.8586,15.7166,0.1420,2.2104,14.2060,0.6121,13.5939,NA,NA,NA
ExperienceX.exe,56308,0x216C7EA03E0,DXGI,1,0,0,Composed: Flip,7058.0155,NA,17.53290000000000,NA,0.06510000000000,3.20200000000000,NA,7040.6246,17.4560,17.3909,0.0651,20.1091,0.4838,0.4838,0.0000,NA,NA,NA
ExperienceX.exe,56308,0x216C7EA03E0,DXGI,1,0,0,Composed: Flip,7074.0510,NA,16.03550000000000,NA,0.16380000000000,0.70020000000000,NA,7058.0806,16.1342,15.9704,0.1638,3.1369,13.5337,0.7158,12.8179,NA,NA,NA
ExperienceX.exe,56308,0x216C7EA03E0,DXGI,1,0,0,Composed: Flip,7091.1864,NA,17.13540000000000,NA,0.05710000000000,2.05180000000000,NA,7074.2148,17.0287,16.9716,0.0571,16.9200,2.1034,2.1034,0.0000,NA,NA,NA
ExperienceX.exe,56308,0x216C7EA03E0,DXGI,1,0,0,Composed: Flip,7107.1297,NA,15.94330000000000,NA,0.12210000000000,1.16620000000000,NA,7091.2435,16.0083,15.8862,0.1221,16.5613,0.4911,0.4911,0.0000,NA,NA,NA
ExperienceX.exe,56308,0x216C7EA03E0,DXGI,1,0,0,Composed: Flip,7125.5737,NA,18.44400000000000,NA,0.06850000000000,1.90920000000000,NA,7107.2518,18.3904,18.3219,0.0685,19.7343,0.4968,0.4968,0.0000,NA,NA,NA
ExperienceX.exe,56308,0x216C7EA03E0,DXGI,1,0,0,Composed: Flip,7140.9485,NA,15.37480000000000,NA,0.25790000000000,1.67050000000000,NA,7125.6422,15.5642,15.3063,0.2579,16.5190,0.4578,0.4578,0.0000,NA,NA,NA
ExperienceX.exe,56308,0x216C7EA03E0,DXGI,1,0,0,Composed: Flip,7158.5177,NA,17.56920000000000,NA,1.65560000000000,3.74740000000000,NA,7141.2064,18.9669,17.3113,1.6556,20.5932,0.4655,0.4655,0.0000,NA,NA,NA
ExperienceX.exe,56308,0x216C7EA03E0,DXGI,1,0,0,Composed: Flip,7174.0689,NA,15.55120000000000,NA,0.26320000000000,1.29810000000000,NA,7160.1733,14.1588,13.8956,0.2632,15.0827,0.1110,0.1110,0.0000,NA,NA,NA
ExperienceX.exe,56308,0x216C7EA03E0,DXGI,1,0,0,Composed: Flip,7193.5830,NA,19.51410000000000,NA,0.14540000000000,1.44790000000000,NA,7174.3321,19.3963,19.2509,0.1454,18.6912,2.0076,2.0076,0.0000,NA,NA,NA
ExperienceX.exe,56308,0x216C7EA03E0,DXGI,1,0,0,Composed: Flip,7207.3295,NA,13.74650000000000,NA,0.16450000000000,1.24570000000000,NA,7193.7284,13.7656,13.6011,0.1645,13.7968,1.0500,1.0500,0.0000,NA,NA,NA
ExperienceX.exe,56308,0x216C7EA03E0,DXGI,1,0,0,Composed: Flip,7224.7066,NA,17.37710000000000,NA,0.28030000000000,2.04170000000000,NA,7207.4940,17.4929,17.2126,0.2803,17.2181,2.0362,2.0362,0.0000,NA,NA,NA
ExperienceX.exe,56308,0x216C7EA03E0,DXGI,1,0,0,Composed: Flip,7240.5575,NA,15.85090000000000,NA,0.07700000000000,1.28050000000000,NA,7224.9869,15.6476,15.5706,0.0770,16.3211,0.5300,0.5300,0.0000,NA,NA,NA
ExperienceX.exe,56308,0x216C7EA03E0,DXGI,1,0,0,Composed: Flip,7258.6096,NA,18.05210000000000,NA,0.09880000000000,2.00840000000000,NA,7240.6345,18.0739,17.9751,0.0988,19.4593,0.5242,0.5242,0.0000,NA,NA,NA
ExperienceX.exe,56308,0x216C7EA03E0,DXGI,1,0,0,Composed: Flip,7273.9829,NA,15.37330000000000,NA,0.18110000000000,1.21040000000000,NA,7258.7084,15.4556,15.2745,0.1811,15.9783,0.5066,0.5066,0.0000,NA,NA,NA
ExperienceX.exe,56308,0x216C7EA03E0,DXGI,1,0,0,Composed: Flip,7291.3792,NA,17.39630000000000,NA,0.73900000000000,3.25090000000000,NA,7274.1640,17.9542,17.2152,0.7390,19.7005,0.7656,0.7656,0.0000,NA,NA,NA
ExperienceX.exe,56308,0x216C7EA03E0,DXGI,1,0,0,Composed: Flip,7307.2419,NA,15.86270000000000,NA,0.14220000000000,1.20320000000000,NA,7292.1182,15.2659,15.1237,0.1422,15.8461,0.4808,0.4808,0.0000,NA,NA,NA
ExperienceX.exe,56308,0x216C7EA03E0,DXGI,1,0,0,Composed: Flip,7324.9432,NA,17.70130000000000,NA,0.44650000000000,2.68000000000000,NA,7307.3841,18.0056,17.5591,0.4465,19.7559,0.4832,0.4832,0.0000,NA,NA,NA
ExperienceX.exe,56308,0x216C7EA03E0,DXGI,1,0,0,Composed: Flip,7340.4628,NA,15.51960000000000,NA,0.10970000000000,0.63130000000000,NA,7325.3897,15.1828,15.0731,0.1097,2.2335,13.4709,0.9346,12.5363,NA,NA,NA
ExperienceX.exe,56308,0x216C7EA03E0,DXGI,1,0,0,Composed: Flip,7358.4528,NA,17.99000000000000,NA,0.07750000000000,1.90300000000000,NA,7340.5725,17.9578,17.8803,0.0775,17.7190,2.0643,2.0643,0.0000,NA,NA,NA
ExperienceX.exe,56308,0x216C7EA03E0,DXGI,1,0,0,Composed: Flip,7374.0054,NA,15.55260000000000,NA,0.18340000000000,1.28240000000000,NA,7358.5303,15.6585,15.4751,0.1834,16.2493,0.5082,0.5082,0.0000,NA,NA,NA
ExperienceX.exe,56308,0x216C7EA03E0,DXGI,1,0,0,Composed: Flip,7391.9738,NA,17.96840000000000,NA,0.06480000000000,2.11980000000000,NA,7374.1888,17.8498,17.7850,0.0648,19.4118,0.4930,0.4930,0.0000,NA,NA,NA
ExperienceX.exe,56308,0x216C7EA03E0,DXGI,1,0,0,Composed: Flip,7407.5592,NA,15.58540000000000,NA,0.30540000000000,1.01030000000000,NA,7392.0386,15.8260,15.5206,0.3054,2.0550,14.4759,0.8774,13.5985,NA,NA,NA
ExperienceX.exe,56308,0x216C7EA03E0,DXGI,1,0,0,Composed: Flip,7423.9259,NA,16.36670000000000,NA,0.08860000000000,4.11570000000000,NA,7407.8646,16.1499,16.0613,0.0886,17.1818,2.9952,2.9952,0.0000,NA,NA,NA
ExperienceX.exe,56308,0x216C7EA03E0,DXGI,1,0,0,Composed: Flip,7440.5466,NA,16.62070000000000,NA,0.19220000000000,1.07500000000000,NA,7424.0145,16.7243,16.5321,0.1922,16.7489,0.8582,0.8582,0.0000,NA,NA,NA
ExperienceX.exe,56308,0x216C7EA03E0,DXGI,1,0,0,Composed: Flip,7457.8749,NA,17.32830000000000,NA,0.48130000000000,2.63620000000000,NA,7440.7388,17.6174,17.1361,0.4813,19.2782,0.4941,0.4941,0.0000,NA,NA,NA
ExperienceX.exe,56308,0x216C7EA03E0,DXGI,1,0,0,Composed: Flip,7473.8905,NA,16.01560000000000,NA,0.11990000000000,0.70220000000000,NA,7458.3562,15.6542,15.5343,0.1199,2.1549,14.0816,0.8646,13.2170,NA,NA,NA
ExperienceX.exe,56308,0x216C7EA03E0,DXGI,1,0,0,Composed: Flip,7490.7080,NA,16.81750000000000,NA,0.07100000000000,2.69760000000000,NA,7474.0104,16.7686,16.6976,0.0710,17.2322,2.1630,2.1630,0.0000,NA,NA,NA
ExperienceX.exe,56308,0x216C7EA03E0,DXGI,1,0,0,Composed: Flip,7507.2901,NA,16.58210000000000,NA,0.19200000000000,1.28600000000000,NA,7490.7790,16.7031,16.5111,0.1920,17.2931,0.5040,0.5040,0.0000,NA,NA,NA
ExperienceX.exe,56308,0x216C7EA03E0,DXGI,1,0,0,Composed: Flip,7524.2774,NA,16.98730000000000,NA,0.07390000000000,3.10300000000000,NA,7507.4821,16.8692,16.7953,0.0739,19.4129,0.4854,0.4854,0.0000,NA,NA,NA
ExperienceX.exe,56308,0x216C7EA03E0,DXGI,1,0,0,Composed: Flip,7540.5655,NA,16.28810000000000,NA,0.14940000000000,1.93370000000000,NA,7524.3513,16.3636,16.2142,0.1494,17.1537,0.9942,0.9942,0.0000,NA,NA,NA
ExperienceX.exe,56308,0x216C7EA03E0,DXGI,1,0,0,Composed: Flip,7560.0407,NA,19.47520000000000,NA,0.09100000000000,1.42620000000000,NA,7540.7149,19.4168,19.3258,0.0910,17.9763,2.7757,2.4032,0.3725,NA,NA,NA
ExperienceX.exe,56308,0x216C7EA03E0,DXGI,1,0,0,Composed: Flip,7573.8799,NA,13.83920000000000,NA,0.17340000000000,1.23990000000000,NA,7560.1317,13.9216,13.7482,0.1734,14.4701,0.5180,0.5180,0.0000,NA,NA,NA
ExperienceX.exe,56308,0x216C7EA03E0,DXGI,1,0,0,Composed: Flip,7591.6776,NA,17.79770000000000,NA,0.61230000000000,3.03480000000000,NA,7574.0533,18.2366,17.6243,0.6123,20.2000,0.4591,0.4561,0.0030,NA,NA,NA
ExperienceX.exe,56308,0x216C7EA03E0,DXGI,1,0,0,Composed: Flip,7607.2446,NA,15.56700000000000,NA,0.15570000000000,1.94400000000000,NA,7592.2899,15.1104,14.9547,0.1557,16.0680,0.8307,0.8307,0.0000,NA,NA,NA
ExperienceX.exe,56308,0x216C7EA03E0,DXGI,1,0,0,Composed: Flip,7624.6574,NA,17.41280000000000,NA,0.07990000000000,2.06550000000000,NA,7607.4003,17.3370,17.2571,0.0799,17.1340,2.1886,2.1886,0.0000,NA,NA,NA
ExperienceX.exe,56308,0x216C7EA03E0,DXGI,1,0,0,Composed: Flip,7640.5535,NA,15.89610000000000,NA,0.19790000000000,0.74540000000000,NA,7624.7373,16.0141,15.8162,0.1979,15.9702,0.5914,0.5914,0.0000,NA,NA,NA
ExperienceX.exe,56308,0x216C7EA03E0,DXGI,1,0,0,Composed: Flip,7658.0083,NA,17.45480000000000,NA,0.06970000000000,2.17580000000000,NA,7640.7514,17.3266,17.2569,0.0697,17.2063,2.2264,2.2264,0.0000,NA,NA,NA
ExperienceX.exe,56308,0x216C7EA03E0,DXGI,1,0,0,Composed: Flip,7673.8138,NA,15.80550000000000,NA,0.12650000000000,1.22410000000000,NA,7658.0780,15.8623,15.7358,0.1265,16.4324,0.5275,0.5275,0.0000,NA,NA,NA
ExperienceX.exe,56308,0x216C7EA03E0,DXGI,1,0,0,Composed: Flip,7691.2670,NA,17.45320000000000,NA,0.07620000000000,1.98540000000000,NA,7673.9403,17.4029,17.3267,0.0762,18.8279,0.4842,0.4842,0.0000,NA,NA,NA
ExperienceX.exe,56308,0x216C7EA03E0,DXGI,1,0,0,Composed: Flip,7707.2299,NA,15.96290000000000,NA,0.07620000000000,1.54260000000000,NA,7691.3432,15.9629,15.8867,0.0762,16.5376,0.8917,0.8917,0.0000,NA,NA,NA
ExperienceX.exe,56308,0x216C7EA03E0,DXGI,1,0,0,Composed: Flip,7724.9753,NA,17.74540000000000,NA,0.04700000000000,1.71320000000000,NA,7707.3061,17.7162,17.6692,0.0470,17.2730,2.1094,2.1094,0.0000,NA,NA,NA
ExperienceX.exe,56308,0x216C7EA03E0,DXGI,1,0,0,Composed: Flip,7740.4666,NA,15.49130000000000,NA,0.05180000000000,1.63750000000000,NA,7725.0223,15.4961,15.4443,0.0518,16.1831,0.8987,0.8987,0.0000,NA,NA,NA
ExperienceX.exe,56308,0x216C7EA03E0,DXGI,1,0,0,Composed: Flip,7759.7649,NA,19.29830000000000,NA,0.09980000000000,1.37060000000000,NA,7740.5184,19.3463,19.2465,0.0998,20.1245,0.4926,0.4926,0.0000,NA,NA,NA
ExperienceX.exe,56308,0x216C7EA03E0,DXGI,1,0,0,Composed: Flip,7773.8778,NA,14.11290000000000,NA,0.14670000000000,1.27870000000000,NA,7759.8647,14.1598,14.0131,0.1467,14.9641,0.3277,0.3277,0.0000,NA,NA,NA
ExperienceX.exe,56308,0x216C7EA03E0,DXGI,1,0,0,Composed: Flip,7790.8868,NA,17.00900000000000,NA,0.08900000000000,2.59230000000000,NA,7774.0245,16.9513,16.8623,0.0890,17.5269,1.9277,1.9277,0.0000,NA,NA,NA
ExperienceX.exe,56308,0x216C7EA03E0,DXGI,1,0,0,Composed: Flip,7807.1331,NA,16.24630000000000,NA,0.13550000000000,1.22310000000000,NA,7790.9758,16.2928,16.1573,0.1355,16.9282,0.4522,0.4522,0.0000,NA,NA,NA
ExperienceX.exe,56308,0x216838E1150,DXGI,1,0,0,Composed: Flip,7807.4100,NA,16.83150000000000,16.52370000000000,0.35180000000000,2.39310000000000,32.7974,7790.7781,16.9837,16.6319,0.3518,17.5781,1.4469,1.4401,0.0068,-0.5188,7790.7781,NA
ExperienceX.exe,56308,0x216838E1150,DXGI,1,0,0,Composed: Flip,7824.1750,NA,16.76500000000000,NA,0.20680000000000,3.67660000000000,NA,7807.7618,16.6200,16.4132,0.2068,18.1483,1.9415,1.9415,0.0000,NA,NA,NA
ExperienceX.exe,56308,0x216838E1150,DXGI,1,0,0,Composed: Flip,7840.9074,NA,16.73240000000000,33.36130000000000,0.34960000000000,2.13950000000000,32.6613,7824.3818,16.8752,16.5256,0.3496,17.2189,1.4462,1.4373,0.0089,0.2424,7824.3818,NA
ExperienceX.exe,56308,0x216838E1150,DXGI,1,0,0,Composed: Flip,7857.2585,NA,16.35110000000000,16.69950000000000,0.18990000000000,0.78140000000000,33.0097,7841.2570,16.1914,16.0015,0.1899,16.2147,0.5682,0.5682,0.0000,0.1757,7841.2570,NA
ExperienceX.exe,56308,0x216838E1150,DXGI,1,0,0,Composed: Flip,7874.4722,NA,17.21370000000000,16.61550000000000,0.39010000000000,2.09940000000000,32.4115,7857.4484,17.4139,17.0238,0.3901,17.6150,1.5082,1.5028,0.0054,-0.4241,7857.4484,NA
ExperienceX.exe,56308,0x216838E1150,DXGI,1,0,0,Composed: Flip,7890.5921,NA,16.11990000000000,16.71380000000000,0.13760000000000,0.71470000000000,33.0054,7874.8623,15.8674,15.7298,0.1376,15.8586,0.5859,0.5859,0.0000,0.7001,7874.8623,NA
ExperienceX.exe,56308,0x216838E1150,DXGI,1,0,0,Composed: Flip,7908.3537,NA,17.76160000000000,16.66240000000000,0.07000000000000,2.21290000000000,31.9062,7890.7297,17.6940,17.6240,0.0700,18.8002,1.0367,1.0309,0.0058,-0.7950,7890.7297,NA
ExperienceX.exe,56308,0x216838E1150,DXGI,1,0,0,Composed: Flip,7923.8891,NA,15.53540000000000,16.64790000000000,0.16700000000000,0.68330000000000,33.0187,7908.4237,15.6324,15.4654,0.1670,15.5773,0.5714,0.5714,0.0000,1.0461,7908.4237,NA
ExperienceX.exe,56308,0x216838E1150,DXGI,1,0,0,Composed: Flip,7941.8756,NA,17.98650000000000,16.64800000000000,0.07590000000000,1.63270000000000,31.6802,7924.0561,17.8954,17.8195,0.0759,18.4129,1.0393,1.0301,0.0092,-1.0156,7924.0561,NA
ExperienceX.exe,56308,0x216838E1150,DXGI,1,0,0,Composed: Flip,7957.1803,NA,15.30470000000000,16.68700000000000,0.19740000000000,0.90760000000000,33.0625,7941.9515,15.4262,15.2288,0.1974,15.3972,0.7392,0.7392,0.0000,1.2084,7941.9515,NA
ExperienceX.exe,56308,0x216838E1150,DXGI,1,0,0,Composed: Flip,7974.3909,NA,17.21060000000000,16.65040000000000,0.05030000000000,2.06150000000000,32.5023,7957.3777,17.0635,17.0132,0.0503,17.6369,1.4378,1.4338,0.0040,-1.2242,7957.3777,NA
ExperienceX.exe,56308,0x216838E1150,DXGI,1,0,0,Composed: Flip,7990.6337,NA,16.24280000000000,16.72740000000000,0.05690000000000,0.62670000000000,32.9869,7974.4412,16.2494,16.1925,0.0569,16.2517,0.5675,0.5675,0.0000,0.3361,7974.4412,NA
ExperienceX.exe,56308,0x216838E1150,DXGI,1,0,0,Composed: Flip,8007.9101,NA,17.27640000000000,16.63550000000000,0.04270000000000,1.81570000000000,32.3460,7990.6906,17.2622,17.2195,0.0427,17.5866,1.4486,1.4414,0.0072,-0.3861,7990.6906,NA
ExperienceX.exe,56308,0x216838E1150,DXGI,1,0,0,Composed: Flip,8024.1787,NA,16.26860000000000,16.64140000000000,0.22740000000000,0.82110000000000,32.7188,8007.9528,16.4533,16.2259,0.2274,16.4012,0.6458,0.6458,0.0000,0.6208,8007.9528,NA
ExperienceX.exe,56308,0x216838E1150,DXGI,1,0,0,Composed: Flip,8042.0899,NA,17.91120000000000,17.03760000000000,0.18350000000000,2.42550000000000,31.8452,8024.4061,17.8673,17.6838,0.1835,18.4024,1.7069,1.7034,0.0035,-0.5843,8024.4061,NA
ExperienceX.exe,56308,0x216838E1150,DXGI,1,0,0,Composed: Flip,8057.1492,NA,15.05930000000000,16.35430000000000,0.17160000000000,0.81030000000000,33.1402,8042.2734,15.0474,14.8758,0.1716,15.0248,0.6613,0.6613,0.0000,1.5130,8042.2734,NA
ExperienceX.exe,56308,0x216838E1150,DXGI,1,0,0,Composed: Flip,8075.2435,NA,18.09430000000000,16.62220000000000,0.06840000000000,1.78870000000000,31.6681,8057.3208,17.9911,17.9227,0.0684,18.7042,1.0072,0.9976,0.0096,-1.5748,8057.3208,NA
ExperienceX.exe,56308,0x216838E1150,DXGI,1,0,0,Composed: Flip,8090.6221,NA,15.37860000000000,16.66240000000000,0.22820000000000,1.29690000000000,32.9519,8075.3119,15.5384,15.3102,0.2282,15.5212,1.0859,1.0859,0.0000,1.3287,8075.3119,NA
ExperienceX.exe,56308,0x216838E1150,DXGI,1,0,0,Composed: Flip,8107.4138,NA,16.79170000000000,16.79140000000000,0.06310000000000,2.43070000000000,32.9516,8090.8503,16.6266,16.5635,0.0631,17.5149,1.4793,1.4690,0.0103,-1.2530,8090.8503,NA
ExperienceX.exe,56308,0x216838E1150,DXGI,1,0,0,Composed: Flip,8123.8748,NA,16.46100000000000,16.70340000000000,0.18400000000000,3.24710000000000,33.1940,8107.4769,16.5819,16.3979,0.1840,16.5541,3.0909,2.9012,0.1897,-0.0768,8107.4769,NA
ExperienceX.exe,56308,0x216838E1150,DXGI,1,0,0,Composed: Flip,8142.8774,NA,19.00260000000000,16.76120000000000,0.05790000000000,0.88250000000000,30.9526,8124.0588,18.8765,18.8186,0.0579,18.5237,1.1774,1.1694,0.0080,-0.1793,8124.0588,NA
ExperienceX.exe,56308,0x216838E1150,DXGI,1,0,0,Composed: Flip,8157.6821,NA,14.80470000000000,16.48400000000000,0.38850000000000,1.76810000000000,32.6319,8142.9353,15.1353,14.7468,0.3885,0.8246,15.6903,1.7356,13.9547,2.3925,8142.9353,NA
ExperienceX.exe,56308,0x216838E1150,DXGI,1,0,0,Composed: Flip,8175.2351,NA,17.55300000000000,16.63260000000000,0.14560000000000,2.85420000000000,31.7115,8158.0706,17.3101,17.1645,0.1456,18.7520,1.2667,1.2507,0.0160,-1.4973,8158.0706,NA
ExperienceX.exe,56308,0x216838E1150,DXGI,1,0,0,Composed: Flip,8190.7766,NA,15.54150000000000,16.64100000000000,0.24400000000000,1.29370000000000,32.8110,8175.3807,15.6399,15.3959,0.2440,2.7086,13.9810,1.3843,12.5967,0.6691,8175.3807,NA
ExperienceX.exe,56308,0x216838E1150,DXGI,1,0,0,Composed: Flip,8208.4660,NA,17.68940000000000,16.63290000000000,0.06180000000000,1.63320000000000,31.7545,8191.0206,17.5072,17.4454,0.0618,17.6086,1.4700,1.4608,0.0092,-0.9930,8191.0206,NA
ExperienceX.exe,56308,0x216838E1150,DXGI,1,0,0,Composed: Flip,8223.8846,NA,15.41860000000000,16.79880000000000,0.16180000000000,0.88890000000000,33.1347,8208.5278,15.5186,15.3568,0.1618,15.5624,0.6833,0.6833,0.0000,0.7084,8208.5278,NA
ExperienceX.exe,56308,0x216838E1150,DXGI,1,0,0,Composed: Flip,8240.9588,NA,17.07420000000000,16.69640000000000,0.04610000000000,2.02720000000000,32.7569,8224.0464,16.9585,16.9124,0.0461,17.8969,1.0427,1.0388,0.0039,-1.1778,8224.0464,NA
ExperienceX.exe,56308,0x216838E1150,DXGI,1,0,0,Composed: Flip,8257.7315,NA,16.77270000000000,16.51760000000000,0.26250000000000,0.87790000000000,32.5018,8241.0049,16.9891,16.7266,0.2625,17.0344,0.5701,0.5701,0.0000,0.4409,8241.0049,NA
ExperienceX.exe,56308,0x216838E1150,DXGI,1,0,0,Composed: Flip,8275.2589,NA,17.52740000000000,16.65590000000000,0.06620000000000,2.13950000000000,31.6303,8257.9940,17.3311,17.2649,0.0662,18.3860,1.0184,1.0142,0.0042,0.3332,8257.9940,NA
ExperienceX.exe,56308,0x216838E1150,DXGI,1,0,0,Composed: Flip,8290.5231,NA,15.26420000000000,16.71270000000000,0.13240000000000,0.88000000000000,33.0788,8275.3251,15.3304,15.1980,0.1324,15.3346,0.7434,0.7434,0.0000,0.6184,8275.3251,NA
ExperienceX.exe,56308,0x216838E1150,DXGI,1,0,0,Composed: Flip,8307.8268,NA,17.30370000000000,16.63480000000000,0.26040000000000,1.88150000000000,32.4099,8290.6555,17.4317,17.1713,0.2604,18.0471,1.0057,1.0016,0.0041,-1.3044,8290.6555,NA
ExperienceX.exe,56308,0x216838E1150,DXGI,1,0,0,Composed: Flip,8323.9932,NA,16.16640000000000,16.69790000000000,0.36490000000000,0.88600000000000,32.9414,8308.0872,16.2709,15.9060,0.3649,16.1975,0.5945,0.5945,0.0000,0.7338,8308.0872,NA
ExperienceX.exe,56308,0x216838E1150,DXGI,1,0,0,Composed: Flip,8341.4748,NA,17.48160000000000,16.74610000000000,0.09080000000000,1.75260000000000,32.2059,8324.3581,17.2075,17.1167,0.0908,17.3878,1.4815,1.4729,0.0086,-0.4752,8324.3581,NA
ExperienceX.exe,56308,0x216838E1150,DXGI,1,0,0,Composed: Flip,8357.6168,NA,16.14200000000000,16.63410000000000,0.31480000000000,0.83270000000000,32.6980,8341.5656,16.3660,16.0512,0.3148,16.3040,0.5799,0.5799,0.0000,0.5734,8341.5656,NA
ExperienceX.exe,56308,0x216838E1150,DXGI,1,0,0,Composed: Flip,8375.6642,NA,18.04740000000000,16.58080000000000,0.07670000000000,1.36310000000000,31.2314,8357.9316,17.8093,17.7326,0.0767,17.6582,1.4375,1.4315,0.0060,-0.2148,8357.9316,NA
ExperienceX.exe,56308,0x216838E1150,DXGI,1,0,0,Composed: Flip,8390.6626,NA,14.99840000000000,16.65260000000000,0.18580000000000,1.47830000000000,32.8856,8375.7409,15.1075,14.9217,0.1858,1.2864,15.1136,1.9763,13.1373,1.1567,8375.7409,NA
ExperienceX.exe,56308,0x216838E1150,DXGI,1,0,0,Composed: Flip,8407.7653,NA,17.10270000000000,16.67660000000000,0.25670000000000,1.95250000000000,32.4595,8390.8484,17.1736,16.9169,0.2567,17.8505,1.0189,1.0096,0.0093,-1.5691,8390.8484,NA
ExperienceX.exe,56308,0x216838E1150,DXGI,1,0,0,Composed: Flip,8423.8727,NA,16.10740000000000,16.66490000000000,0.19860000000000,0.79560000000000,33.0170,8408.0220,16.0493,15.8507,0.1986,16.0773,0.5690,0.5690,0.0000,0.5087,8408.0220,NA
ExperienceX.exe,56308,0x0,Other,-1,0,0,Composed: Flip,8440.8839,NA,232.95880000000002,NA,0.00000000000000,0.43850000000000,NA,8207.9251,232.9588,232.9588,0.0000,232.6297,0.7676,0.7676,0.0000,NA,NA,NA
ExperienceX.exe,56308,0x216838E1150,DXGI,1,0,0,Composed: Flip,8441.2177,NA,17.34500000000000,16.68910000000000,0.05520000000000,2.60540000000000,32.3611,8424.0713,17.2016,17.1464,0.0552,17.5430,2.2088,2.2045,0.0043,-0.6398,8424.0713,NA
ExperienceX.exe,56308,0x216838E1150,DXGI,1,0,0,Composed: Flip,8457.1644,NA,15.94670000000000,16.64240000000000,0.10420000000000,0.68660000000000,33.0568,8441.2729,15.9957,15.8915,0.1042,16.0186,0.5595,0.5595,0.0000,0.5592,8441.2729,NA
ExperienceX.exe,56308,0x216838E1150,DXGI,1,0,0,Composed: Flip,8475.1510,NA,17.98660000000000,16.64800000000000,0.05270000000000,3.93040000000000,31.7182,8457.2686,17.9351,17.8824,0.0527,19.1165,2.6963,2.6901,0.0062,-0.6523,8457.2686,NA
ExperienceX.exe,56308,0x216838E1150,DXGI,1,0,0,Composed: Flip,8490.5048,NA,15.35380000000000,16.69210000000000,0.05140000000000,0.81740000000000,33.0565,8475.2037,15.3525,15.3011,0.0514,15.3732,0.7453,0.7453,0.0000,1.2430,8475.2037,NA
ExperienceX.exe,56308,0x216838E1150,DXGI,1,0,0,Composed: Flip,8507.7080,NA,17.20320000000000,16.88320000000000,0.04050000000000,1.94370000000000,32.7365,8490.5562,17.1923,17.1518,0.0405,18.0838,1.0117,1.0029,0.0088,-1.5307,8490.5562,NA
ExperienceX.exe,56308,0x216838E1150,DXGI,1,0,0,Composed: Flip,8523.7901,NA,16.08210000000000,16.44610000000000,0.07760000000000,0.75840000000000,33.1005,8507.7485,16.1192,16.0416,0.0776,16.1337,0.6663,0.6663,0.0000,0.7462,8507.7485,NA
ExperienceX.exe,56308,0x216838E1150,DXGI,1,0,0,Composed: Flip,8542.6502,NA,18.86010000000000,16.65960000000000,0.30250000000000,1.87860000000000,30.9000,8523.8677,19.0850,18.7825,0.3025,19.2005,1.4606,1.4533,0.0073,-0.5404,8523.8677,NA
ExperienceX.exe,56308,0x216838E1150,DXGI,1,0,0,Composed: Flip,8557.1314,NA,14.48120000000000,16.65520000000000,0.12120000000000,0.72730000000000,33.0740,8542.9527,14.2999,14.1787,0.1212,14.3320,0.5740,0.5740,0.0000,2.4298,8542.9527,NA
ExperienceX.exe,56308,0x216838E1150,DXGI,1,0,0,Composed: Flip,8574.5992,NA,17.46780000000000,16.70040000000000,0.30300000000000,3.38890000000000,32.3066,8557.2526,17.6496,17.3466,0.3030,18.5073,2.2282,2.2228,0.0054,-2.4005,8557.2526,NA
ExperienceX.exe,56308,0x216838E1150,DXGI,1,0,0,Composed: Flip,8590.5295,NA,15.93030000000000,16.64350000000000,0.15760000000000,1.00810000000000,33.0198,8574.9022,15.7849,15.6273,0.1576,15.8555,0.7799,0.7196,0.0603,1.0061,8574.9022,NA
ExperienceX.exe,56308,0x216838E1150,DXGI,1,0,0,Composed: Flip,8608.7958,NA,18.26630000000000,16.67510000000000,0.07510000000000,1.27750000000000,31.4286,8590.6871,18.1838,18.1087,0.0751,17.9521,1.4341,1.4280,0.0061,-0.8902,8590.6871,NA
ExperienceX.exe,56308,0x216838E1150,DXGI,1,0,0,Composed: Flip,8623.8479,NA,15.05210000000000,16.66500000000000,0.21480000000000,0.82800000000000,33.0415,8608.8709,15.1918,14.9770,0.2148,15.2140,0.5910,0.5910,0.0000,1.5188,8608.8709,NA
ExperienceX.exe,56308,0x216838E1150,DXGI,1,0,0,Composed: Flip,8640.7816,NA,16.93370000000000,NA,0.43930000000000,0.90910000000000,NA,8624.0627,17.1582,16.7189,0.4393,17.1251,0.5029,0.5029,0.0000,NA,NA,NA
ExperienceX.exe,56308,0x216838E1150,DXGI,1,0,0,Composed: Flip,8657.1909,NA,16.40930000000000,33.33110000000000,0.15500000000000,0.71140000000000,33.0296,8641.2209,16.1250,15.9700,0.1550,16.1230,0.5584,0.5584,0.0000,-0.9811,8641.2209,NA
ExperienceX.exe,56308,0x216838E1150,DXGI,1,0,0,Composed: Flip,8674.6039,NA,17.41300000000000,16.65440000000000,0.04570000000000,1.80030000000000,32.2710,8657.3459,17.3037,17.2580,0.0457,18.0466,1.0117,1.0035,0.0082,-0.5294,8657.3459,NA
ExperienceX.exe,56308,0x216838E1150,DXGI,1,0,0,Composed: Flip,8690.4758,NA,15.87190000000000,16.79310000000000,0.12160000000000,1.02650000000000,33.1922,8674.6496,15.9478,15.8262,0.1216,15.9372,0.9155,0.9155,0.0000,0.5106,8674.6496,NA
ExperienceX.exe,56308,0x216838E1150,DXGI,1,0,0,Composed: Flip,8708.1833,NA,17.70750000000000,16.54310000000000,0.05580000000000,1.63050000000000,32.0278,8690.5974,17.6417,17.5859,0.0558,17.7825,1.4339,1.4303,0.0036,-0.5953,8690.5974,NA
ExperienceX.exe,56308,0x216838E1150,DXGI,1,0,0,Composed: Flip,8724.3536,NA,16.17030000000000,16.75110000000000,0.52530000000000,1.56430000000000,32.6086,8708.2391,16.6398,16.1145,0.5253,16.4574,1.2214,1.1712,0.0502,0.8906,8708.2391,NA
ExperienceX.exe,56308,0x216838E1150,DXGI,1,0,0,Composed: Flip,8741.3340,NA,16.98040000000000,16.58090000000000,0.48770000000000,1.79190000000000,32.2091,8724.8789,16.9428,16.4551,0.4877,17.2322,1.0148,1.0079,0.0069,0.0589,8724.8789,NA
ExperienceX.exe,56308,0x216838E1150,DXGI,1,0,0,Composed: Flip,8757.4058,NA,16.07180000000000,16.67900000000000,0.39000000000000,1.65560000000000,32.8163,8741.8217,15.9741,15.5841,0.3900,15.9554,1.2843,1.2843,0.0000,0.2638,8741.8217,NA
ExperienceX.exe,56308,0x216838E1150,DXGI,1,0,0,Composed: Flip,8774.7183,NA,17.31250000000000,16.64840000000000,0.24030000000000,2.01920000000000,32.1522,8757.7958,17.1628,16.9225,0.2403,17.5178,1.4239,1.4198,0.0041,-0.6743,8757.7958,NA
ExperienceX.exe,56308,0x216838E1150,DXGI,1,0,0,Composed: Flip,8790.5296,NA,15.81130000000000,16.66820000000000,0.22060000000000,0.82000000000000,33.0091,8774.9586,15.7916,15.5710,0.2206,15.8003,0.5907,0.5907,0.0000,0.4946,8774.9586,NA
ExperienceX.exe,56308,0x216838E1150,DXGI,1,0,0,Composed: Flip,8807.9250,NA,17.39540000000000,16.75000000000000,0.05670000000000,1.89110000000000,32.3637,8790.7502,17.2315,17.1748,0.0567,18.0122,1.0537,1.0454,0.0083,-0.9584,8790.7502,NA
ExperienceX.exe,56308,0x216838E1150,DXGI,1,0,0,Composed: Flip,8823.7735,NA,15.84850000000000,16.65950000000000,0.13590000000000,0.76980000000000,33.1747,8807.9817,15.9277,15.7918,0.1359,15.9396,0.6220,0.6220,0.0000,0.5720,8807.9817,NA
ExperienceX.exe,56308,0x216838E1150,DXGI,1,0,0,Composed: Flip,8841.9277,NA,18.15420000000000,16.61800000000000,0.12850000000000,1.44940000000000,31.6385,8823.9094,18.1468,18.0183,0.1285,18.0336,1.4341,1.4277,0.0064,-0.6903,8823.9094,NA
ExperienceX.exe,56308,0x216838E1150,DXGI,1,0,0,Composed: Flip,8857.3111,NA,15.38340000000000,16.65770000000000,0.10380000000000,0.74170000000000,32.9128,8842.0562,15.3587,15.2549,0.1038,15.4263,0.5703,0.5703,0.0000,1.4891,8842.0562,NA
ExperienceX.exe,56308,0x216838E1150,DXGI,1,0,0,Composed: Flip,8874.8659,NA,17.55480000000000,16.66290000000000,0.30310000000000,1.79850000000000,32.0209,8857.4149,17.7541,17.4510,0.3031,17.8183,1.4312,1.4272,0.0040,-1.3042,8857.4149,NA
ExperienceX.exe,56308,0x216838E1150,DXGI,1,0,0,Composed: Flip,8890.5424,NA,15.67650000000000,16.67890000000000,0.13410000000000,0.74180000000000,33.0233,8875.1690,15.5075,15.3734,0.1341,15.5439,0.5713,0.5713,0.0000,1.0752,8875.1690,NA
ExperienceX.exe,56308,0x216838E1150,DXGI,1,0,0,Composed: Flip,8907.3871,NA,16.84470000000000,16.91740000000000,0.06030000000000,2.40950000000000,33.0960,8890.6765,16.7709,16.7106,0.0603,17.6189,1.5012,1.4922,0.0090,-1.4099,8890.6765,NA
ExperienceX.exe,56308,0x216838E1150,DXGI,1,0,0,Composed: Flip,8923.8363,NA,16.44920000000000,16.39590000000000,0.16410000000000,0.76300000000000,33.0427,8907.4474,16.5530,16.3889,0.1641,16.5621,0.5898,0.5898,0.0000,0.3750,8907.4474,NA
ExperienceX.exe,56308,0x216838E1150,DXGI,1,0,0,Composed: Flip,8942.7148,NA,18.87850000000000,16.73690000000000,0.08060000000000,2.07080000000000,30.9011,8924.0004,18.7950,18.7144,0.0806,20.2042,0.5810,0.5810,0.0000,-0.1839,8924.0004,NA
ExperienceX.exe,56308,0x216838E1150,DXGI,1,0,0,Composed: Flip,8957.1657,NA,14.45090000000000,16.60960000000000,0.30540000000000,0.76470000000000,33.0598,8942.7954,14.6757,14.3703,0.3054,1.9902,13.1448,0.6820,12.4628,2.1854,8942.7954,NA
ExperienceX.exe,56308,0x216838E1150,DXGI,1,0,0,Composed: Flip,8974.1385,NA,16.97280000000000,16.65150000000000,0.35770000000000,2.34100000000000,32.7385,8957.4711,17.0251,16.6674,0.3577,17.9964,1.0120,1.0042,0.0078,-1.9758,8957.4711,NA
ExperienceX.exe,56308,0x216838E1150,DXGI,1,0,0,Composed: Flip,8990.8096,NA,16.67110000000000,16.66930000000000,0.28600000000000,1.27790000000000,32.7367,8974.4962,16.5994,16.3134,0.2860,16.5973,0.9940,0.9940,0.0000,0.3558,8974.4962,NA
ExperienceX.exe,56308,0x216838E1150,DXGI,1,0,0,Composed: Flip,9007.3174,NA,16.50780000000000,16.66420000000000,0.05410000000000,2.35280000000000,32.8931,8991.0956,16.2759,16.2218,0.0541,17.5536,1.0210,1.0124,0.0086,-0.0648,8991.0956,NA
ExperienceX.exe,56308,0x216838E1150,DXGI,1,0,0,Composed: Flip,9023.8408,NA,16.52340000000000,16.70110000000000,0.15960000000000,0.92580000000000,33.0708,9007.3715,16.6289,16.4693,0.1596,16.6166,0.7785,0.7785,0.0000,-0.4252,9007.3715,NA
ExperienceX.exe,56308,0x216838E1150,DXGI,1,0,0,Composed: Flip,9040.7186,NA,16.87780000000000,16.65110000000000,0.05950000000000,2.40120000000000,32.8441,9024.0004,16.7777,16.7182,0.0595,18.0521,1.0673,1.0575,0.0098,-0.0222,9024.0004,NA
ExperienceX.exe,56308,0x216838E1150,DXGI,1,0,0,Composed: Flip,9057.2877,NA,16.56910000000000,16.66750000000000,0.26160000000000,1.17410000000000,32.9425,9040.7781,16.7712,16.5096,0.2616,16.7159,0.9678,0.7558,0.2120,0.1102,9040.7781,NA
ExperienceX.exe,56308,0x216838E1150,DXGI,1,0,0,Composed: Flip,9075.1165,NA,17.82880000000000,16.68320000000000,0.08670000000000,1.62000000000000,31.7969,9057.5493,17.6539,17.5672,0.0867,17.6874,1.4998,1.4847,0.0151,0.0880,9057.5493,NA
ExperienceX.exe,56308,0x216838E1150,DXGI,1,0,0,Composed: Flip,9090.5688,NA,15.45230000000000,16.71040000000000,0.17830000000000,0.69590000000000,33.0550,9075.2032,15.5439,15.3656,0.1783,1.5333,14.5282,1.1655,13.3627,0.9435,9075.2032,NA
ExperienceX.exe,56308,0x216838E1150,DXGI,1,0,0,Composed: Flip,9107.7642,NA,17.19540000000000,16.61210000000000,0.43780000000000,2.32830000000000,32.4717,9090.7471,17.4549,17.0171,0.4378,17.9052,1.4402,1.4360,0.0042,-1.0682,9090.7471,NA
ExperienceX.exe,56308,0x216838E1150,DXGI,1,0,0,Composed: Flip,9124.0340,NA,16.26980000000000,16.67190000000000,0.21920000000000,1.34410000000000,32.8738,9108.2020,16.0512,15.8320,0.2192,16.0520,1.1241,1.1241,0.0000,0.7830,9108.2020,NA
ExperienceX.exe,56308,0x216838E1150,DXGI,1,0,0,Composed: Flip,9142.0631,NA,18.02910000000000,16.83190000000000,0.11450000000000,1.26630000000000,31.6766,9124.2532,17.9244,17.8099,0.1145,17.6331,1.4431,1.4370,0.0061,-0.7807,9124.2532,NA
ExperienceX.exe,56308,0x216838E1150,DXGI,1,0,0,Composed: Flip,9157.1524,NA,15.08930000000000,16.51080000000000,0.06100000000000,0.61980000000000,33.0981,9142.1776,15.0358,14.9748,0.0610,15.0522,0.5424,0.5424,0.0000,1.4136,9142.1776,NA
ExperienceX.exe,56308,0x216838E1150,DXGI,1,0,0,Composed: Flip,9175.4392,NA,18.28680000000000,16.68600000000000,0.14180000000000,2.15760000000000,31.4973,9157.2134,18.3676,18.2258,0.1418,19.3269,1.0565,1.0480,0.0085,-1.6502,9157.2134,NA
ExperienceX.exe,56308,0x216838E1150,DXGI,1,0,0,Composed: Flip,9190.5467,NA,15.10750000000000,16.61110000000000,0.18220000000000,1.51270000000000,33.0009,9175.5810,15.1479,14.9657,0.1822,15.1699,1.3085,1.3085,0.0000,1.7565,9175.5810,NA
ExperienceX.exe,56308,0x216838E1150,DXGI,1,0,0,Composed: Flip,9208.7808,NA,18.23410000000000,16.67010000000000,0.12310000000000,3.59980000000000,31.4369,9190.7289,18.1750,18.0519,0.1231,19.4116,2.2401,2.2343,0.0058,-1.5222,9190.7289,NA
ExperienceX.exe,56308,0x216838E1150,DXGI,1,0,0,Composed: Flip,9223.8440,NA,15.06320000000000,16.76830000000000,0.26200000000000,1.08400000000000,33.1420,9208.9039,15.2021,14.9401,0.2620,15.1641,0.8600,0.8600,0.0000,1.4067,9208.9039,NA
ExperienceX.exe,56308,0x216838E1150,DXGI,1,0,0,Composed: Flip,9240.7998,NA,16.95580000000000,16.57830000000000,0.06890000000000,2.56440000000000,32.7645,9224.1060,16.7627,16.6938,0.0689,17.7703,1.4879,1.4775,0.0104,-1.3762,9224.1060,NA
ExperienceX.exe,56308,0x216838E1150,DXGI,1,0,0,Composed: Flip,9257.5520,NA,16.75220000000000,16.78710000000000,0.26300000000000,1.21760000000000,32.7994,9240.8687,16.9463,16.6833,0.2630,16.8698,1.0311,1.0311,0.0000,-0.0244,9240.8687,NA
ExperienceX.exe,56308,0x216838E1150,DXGI,1,0,0,Composed: Flip,9274.8492,NA,17.29720000000000,16.53040000000000,0.05950000000000,1.60920000000000,32.0326,9257.8150,17.0937,17.0342,0.0595,17.1966,1.4468,1.4425,0.0043,0.4159,9257.8150,NA
ExperienceX.exe,56308,0x216838E1150,DXGI,1,0,0,Composed: Flip,9290.7614,NA,15.91220000000000,16.68000000000000,0.35370000000000,3.00840000000000,32.8004,9274.9087,16.2064,15.8527,0.3537,16.2642,2.5969,2.5969,0.0000,0.4137,9274.9087,NA
ExperienceX.exe,56308,0x216838E1150,DXGI,1,0,0,Composed: Flip,9307.6691,NA,16.90770000000000,16.66170000000000,0.04590000000000,3.26170000000000,32.5544,9291.1151,16.5999,16.5540,0.0459,17.1751,2.6406,2.6337,0.0069,-0.4553,9291.1151,NA
ExperienceX.exe,56308,0x216838E1150,DXGI,1,0,0,Composed: Flip,9323.9843,NA,16.31520000000000,16.80320000000000,0.20900000000000,0.72990000000000,33.0424,9307.7150,16.4783,16.2693,0.2090,16.4310,0.5682,0.5682,0.0000,-0.2033,9307.7150,NA
ExperienceX.exe,56308,0x216838E1150,DXGI,1,0,0,Composed: Flip,9341.0239,NA,17.03960000000000,16.51980000000000,0.33380000000000,2.16280000000000,32.5226,9324.1933,17.1644,16.8306,0.3338,17.5387,1.4547,1.4469,0.0078,-0.0415,9324.1933,NA
ExperienceX.exe,56308,0x216838E1150,DXGI,1,0,0,Composed: Flip,9357.7228,NA,16.69890000000000,16.66380000000000,0.51860000000000,1.52410000000000,32.4875,9341.3577,16.8837,16.3651,0.5186,16.7058,1.1834,1.1834,0.0000,0.5006,9341.3577,NA
ExperienceX.exe,56308,0x216838E1150,DXGI,1,0,0,Composed: Flip,9374.0429,NA,16.32010000000000,16.65180000000000,0.05350000000000,2.40280000000000,32.8192,9358.2414,15.8550,15.8015,0.0535,16.7650,1.4393,1.4299,0.0094,0.2319,9358.2414,NA
ExperienceX.exe,56308,0x216838E1150,DXGI,1,0,0,Composed: Flip,9390.5241,NA,16.48120000000000,16.66530000000000,0.14980000000000,0.66860000000000,33.0033,9374.0964,16.5775,16.4277,0.1498,16.5430,0.5533,0.5533,0.0000,-0.8103,9374.0964,NA
ExperienceX.exe,56308,0x216838E1150,DXGI,1,0,0,Composed: Flip,9407.7751,NA,17.25100000000000,16.76180000000000,0.11050000000000,2.59380000000000,32.5141,9390.6739,17.2117,17.1012,0.1105,17.9934,1.7016,1.6958,0.0058,-0.1843,9390.6739,NA
ExperienceX.exe,56308,0x216838E1150,DXGI,1,0,0,Composed: Flip,9423.9308,NA,16.15570000000000,16.58290000000000,0.23650000000000,1.04670000000000,32.9413,9407.8856,16.2817,16.0452,0.2365,16.2481,0.8438,0.8438,0.0000,0.6288,9407.8856,NA
ExperienceX.exe,56308,0x216838E1150,DXGI,1,0,0,Composed: Flip,9442.3155,NA,18.38470000000000,16.74860000000000,0.06180000000000,2.84980000000000,31.3052,9424.1673,18.2100,18.1482,0.0618,19.5247,1.4733,1.4675,0.0058,-0.4669,9424.1673,NA
ExperienceX.exe,56308,0x216838E1150,DXGI,1,0,0,Composed: Flip,9457.1645,NA,14.84900000000000,16.57950000000000,0.12840000000000,0.76390000000000,33.0357,9442.3773,14.9156,14.7872,0.1284,14.9296,0.6215,0.6215,0.0000,1.6305,9442.3773,NA
ExperienceX.exe,56308,0x216838E1150,DXGI,1,0,0,Composed: Flip,9475.8509,NA,18.68640000000000,16.68640000000000,0.40670000000000,1.45040000000000,31.0357,9457.2929,18.9647,18.5580,0.4067,18.9768,1.0316,1.0316,0.0000,-1.7708,9457.2929,NA
ExperienceX.exe,56308,0x216838E1150,DXGI,1,0,0,Composed: Flip,9490.3896,NA,14.53870000000000,16.70490000000000,0.10870000000000,1.08270000000000,33.2019,9476.2576,14.2407,14.1320,0.1087,1.0437,14.1710,1.0398,13.1312,2.2598,9476.2576,NA
ExperienceX.exe,56308,0x216838E1150,DXGI,1,0,0,Composed: Flip,9507.6802,NA,17.29060000000000,16.62920000000000,0.11090000000000,2.52510000000000,32.5405,9490.4983,17.2928,17.1819,0.1109,18.2525,1.4545,1.4467,0.0078,-2.3885,9490.4983,NA
ExperienceX.exe,56308,0x216838E1150,DXGI,1,0,0,Composed: Flip,9523.9533,NA,16.27310000000000,16.66830000000000,0.17340000000000,0.69700000000000,32.9357,9507.7911,16.3356,16.1622,0.1734,16.3005,0.5587,0.5514,0.0073,0.6245,9507.7911,NA
ExperienceX.exe,56308,0x216838E1150,DXGI,1,0,0,Composed: Flip,9541.1210,NA,17.16770000000000,16.67800000000000,0.04790000000000,2.02340000000000,32.4460,9524.1267,17.0422,16.9943,0.0479,18.0022,1.0155,1.0106,0.0049,-0.3424,9524.1267,NA
ExperienceX.exe,56308,0x216838E1150,DXGI,1,0,0,Composed: Flip,9557.1247,NA,16.00370000000000,16.66120000000000,0.06470000000000,0.63140000000000,33.1035,9541.1689,16.0205,15.9558,0.0647,16.0262,0.5610,0.5610,0.0000,0.3810,9541.1689,NA
ExperienceX.exe,56308,0x216838E1150,DXGI,1,0,0,Composed: Flip,9574.5615,NA,17.43680000000000,16.70790000000000,0.25610000000000,1.86020000000000,32.3746,9557.1894,17.6282,17.3721,0.2561,18.2097,1.0226,1.0180,0.0046,-0.6874,9557.1894,NA
ExperienceX.exe,56308,0x216838E1150,DXGI,1,0,0,Composed: Flip,9590.5993,NA,16.03780000000000,16.59850000000000,0.19700000000000,0.78160000000000,32.9353,9574.8176,15.9787,15.7817,0.1970,16.0052,0.5581,0.5516,0.0065,1.0297,9574.8176,NA
ExperienceX.exe,56308,0x216838E1150,DXGI,1,0,0,Composed: Flip,9608.2762,NA,17.67690000000000,16.66000000000000,0.30040000000000,2.18380000000000,31.9184,9590.7963,17.7803,17.4799,0.3004,18.6641,0.9996,0.9958,0.0038,-0.6813,9590.7963,NA
ExperienceX.exe,56308,0x216838E1150,DXGI,1,0,0,Composed: Flip,9623.7940,NA,15.51780000000000,16.83970000000000,0.05510000000000,0.72250000000000,33.2403,9608.5766,15.2725,15.2174,0.0551,15.2985,0.6414,0.6414,0.0000,0.9406,9608.5766,NA
ExperienceX.exe,56308,0x216838E1150,DXGI,1,0,0,Composed: Flip,9640.5617,NA,16.76770000000000,16.53230000000000,0.05840000000000,4.64660000000000,33.0049,9623.8491,16.7710,16.7126,0.0584,18.3991,2.9601,2.9509,0.0092,-1.2598,9623.8491,NA
ExperienceX.exe,56308,0x216838E1150,DXGI,1,0,0,Composed: Flip,9657.4148,NA,16.85310000000000,16.64050000000000,0.23400000000000,2.37570000000000,32.7923,9640.6201,17.0287,16.7947,0.2340,17.0278,2.1426,2.1426,0.0000,0.1305,9640.6201,NA
ExperienceX.exe,56308,0x216838E1150,DXGI,1,0,0,Composed: Flip,9674.7892,NA,17.37440000000000,16.65470000000000,0.05450000000000,2.10760000000000,32.0726,9657.6488,17.1949,17.1404,0.0545,18.2083,1.0397,1.0397,0.0000,0.3740,9657.6488,NA
ExperienceX.exe,56308,0x216838E1150,DXGI,1,0,0,Composed: Flip,9690.4422,NA,15.65300000000000,16.70010000000000,0.08690000000000,0.70010000000000,33.1197,9674.8437,15.6854,15.5985,0.0869,2.0531,14.2455,0.6375,13.6080,0.4948,9674.8437,NA
ExperienceX.exe,56308,0x216838E1150,DXGI,1,0,0,Composed: Flip,9708.1624,NA,17.72020000000000,16.76800000000000,0.26500000000000,2.28420000000000,32.1675,9690.5291,17.8983,17.6333,0.2650,18.8365,1.0810,1.0719,0.0091,-1.0826,9690.5291,NA
ExperienceX.exe,56308,0x216838E1150,DXGI,1,0,0,Composed: Flip,9723.9324,NA,15.77000000000000,16.58100000000000,0.13840000000000,2.56430000000000,32.9785,9708.4274,15.6434,15.5050,0.1384,15.7980,2.2713,2.2713,0.0000,1.3173,9708.4274,NA
ExperienceX.exe,56308,0x216838E1150,DXGI,1,0,0,Composed: Flip,9741.3824,NA,17.45000000000000,16.64910000000000,0.22400000000000,2.13550000000000,32.1776,9724.0708,17.5356,17.3116,0.2240,17.8764,1.5707,1.5627,0.0080,-1.0057,9724.0708,NA
ExperienceX.exe,56308,0x216838E1150,DXGI,1,0,0,Composed: Flip,9757.2138,NA,15.83140000000000,16.64800000000000,0.13790000000000,0.74660000000000,32.9942,9741.6064,15.7453,15.6074,0.1379,15.7378,0.6162,0.6162,0.0000,0.8876,9741.6064,NA
ExperienceX.exe,56308,0x216838E1150,DXGI,1,0,0,Composed: Flip,9774.6401,NA,17.42630000000000,16.66380000000000,0.06410000000000,1.84000000000000,32.2317,9757.3517,17.3525,17.2884,0.0641,17.6789,1.4495,1.4495,0.0000,-0.9185,9757.3517,NA
ExperienceX.exe,56308,0x216838E1150,DXGI,1,0,0,Composed: Flip,9790.5228,NA,15.88270000000000,16.65840000000000,0.17160000000000,0.75360000000000,33.0074,9774.7042,15.9902,15.8186,0.1716,1.7759,14.7963,0.6351,14.1612,0.6941,9774.7042,NA
ExperienceX.exe,56308,0x216838E1150,DXGI,1,0,0,Composed: Flip,9807.8564,NA,17.33360000000000,16.68610000000000,0.04230000000000,1.87960000000000,32.3599,9790.6944,17.2043,17.1620,0.0423,17.5929,1.4487,1.4387,0.0100,-0.6959,9790.6944,NA
ExperienceX.exe,56308,0x216838E1150,DXGI,1,0,0,Composed: Flip,9823.8368,NA,15.98040000000000,16.64330000000000,0.27090000000000,1.03730000000000,33.0228,9807.8987,16.2090,15.9381,0.2709,16.1285,0.8469,0.8469,0.0000,0.5610,9807.8987,NA
ExperienceX.exe,56308,0x216838E1150,DXGI,1,0,0,Composed: Flip,9840.9802,NA,17.14340000000000,16.68480000000000,0.07900000000000,2.93920000000000,32.5642,9824.1077,16.9515,16.8725,0.0790,17.6734,2.1383,2.1345,0.0038,-0.4758,9824.1077,NA
ExperienceX.exe,56308,0x216838E1150,DXGI,1,0,0,Composed: Flip,9857.1352,NA,16.15500000000000,16.68580000000000,0.15830000000000,0.67900000000000,33.0950,9841.0592,16.2343,16.0760,0.1583,16.1968,0.5582,0.5582,0.0000,0.2657,9841.0592,NA
ExperienceX.exe,56308,0x216838E1150,DXGI,1,0,0,Composed: Flip,9874.3552,NA,17.22000000000000,16.77200000000000,0.03620000000000,3.40120000000000,32.6470,9857.2935,17.0979,17.0617,0.0362,17.8626,2.6003,2.5937,0.0066,-0.5377,9857.2935,NA
ExperienceX.exe,56308,0x216838E1150,DXGI,1,0,0,Composed: Flip,9890.5719,NA,16.21670000000000,16.55430000000000,0.16290000000000,0.90920000000000,32.9846,9874.3914,16.3434,16.1805,0.1629,16.3399,0.7498,0.7498,0.0000,0.5436,9874.3914,NA
ExperienceX.exe,56308,0x216838E1150,DXGI,1,0,0,Composed: Flip,9908.9490,NA,18.37710000000000,16.68890000000000,0.11540000000000,1.17590000000000,31.2964,9890.7348,18.3296,18.2142,0.1154,17.9017,1.4884,1.4884,0.0000,-0.3455,9890.7348,NA
ExperienceX.exe,56308,0x216838E1150,DXGI,1,0,0,Composed: Flip,9923.7709,NA,14.82190000000000,16.65730000000000,0.13950000000000,0.69080000000000,33.1318,9909.0644,14.8460,14.7065,0.1395,1.0605,14.3368,0.6372,13.6996,1.6723,9909.0644,NA
ExperienceX.exe,56308,0x216838E1150,DXGI,1,0,0,Composed: Flip,9941.1603,NA,17.38940000000000,16.65940000000000,0.08830000000000,5.35640000000000,32.4018,9923.9104,17.3382,17.2499,0.0883,18.7635,3.8428,3.8359,0.0069,-1.8134,9923.9104,NA
ExperienceX.exe,56308,0x216838E1150,DXGI,1,0,0,Composed: Flip,9957.2102,NA,16.04990000000000,16.64180000000000,0.24210000000000,2.11980000000000,32.9937,9941.2486,16.2037,15.9616,0.2421,16.1554,1.9260,1.8166,0.1094,0.6964,9941.2486,NA
ExperienceX.exe,56308,0x216838E1150,DXGI,1,0,0,Composed: Flip,9975.0078,NA,17.79760000000000,16.65540000000000,0.18640000000000,1.91490000000000,31.8515,9957.4523,17.7419,17.5555,0.1864,18.7387,0.7317,0.7282,0.0035,-0.4517,9957.4523,NA
ExperienceX.exe,56308,0x216838E1150,DXGI,1,0,0,Composed: Flip,9990.6410,NA,15.63320000000000,16.68340000000000,0.19650000000000,0.74200000000000,32.9017,9975.1942,15.6433,15.4468,0.1965,15.6200,0.5688,0.5688,0.0000,1.0585,9975.1942,NA
ExperienceX.exe,56308,0x216838E1150,DXGI,1,0,0,Composed: Flip,10007.8395,NA,17.19850000000000,16.66600000000000,0.14100000000000,2.00530000000000,32.3692,9990.8375,17.1430,17.0020,0.1410,17.9213,1.0860,1.0793,0.0067,-1.0227,9990.8375,NA
ExperienceX.exe,56308,0x216838E1150,DXGI,1,0,0,Composed: Flip,10023.7836,NA,15.94410000000000,16.74000000000000,0.12750000000000,0.68420000000000,33.1651,10007.9805,15.9306,15.8031,0.1275,15.8993,0.5880,0.5880,0.0000,0.4030,10007.9805,NA
ExperienceX.exe,56308,0x216838E1150,DXGI,1,0,0,Composed: Flip,10041.1151,NA,17.33150000000000,16.59580000000000,0.21220000000000,2.05890000000000,32.4294,10023.9111,17.4162,17.2040,0.2122,18.1907,1.0722,1.0675,0.0047,-0.6652,10023.9111,NA
ExperienceX.exe,56308,0x216838E1150,DXGI,1,0,0,Composed: Flip,10057.2785,NA,16.16340000000000,16.67320000000000,0.21670000000000,0.83170000000000,32.9392,10041.3273,16.1679,15.9512,0.2167,16.1847,0.5982,0.5982,0.0000,0.7430,10041.3273,NA
ExperienceX.exe,56308,0x216838E1150,DXGI,1,0,0,Composed: Flip,10074.4961,NA,17.21760000000000,16.74200000000000,0.30920000000000,2.05490000000000,32.4636,10057.4952,17.3101,17.0009,0.3092,17.5809,1.4749,1.4676,0.0073,-0.5741,10057.4952,NA
ExperienceX.exe,56308,0x216838E1150,DXGI,1,0,0,Composed: Flip,10090.5317,NA,16.03560000000000,16.58430000000000,0.14070000000000,0.78290000000000,33.0123,10074.8053,15.8671,15.7264,0.1407,15.8694,0.6399,0.6399,0.0000,0.7258,10074.8053,NA
ExperienceX.exe,56308,0x216838E1150,DXGI,1,0,0,Composed: Flip,10108.5758,NA,18.04410000000000,16.66880000000000,0.05990000000000,1.54120000000000,31.6370,10090.6724,17.9633,17.9034,0.0599,17.9721,1.4725,1.4671,0.0054,-0.8017,10090.6724,NA
ExperienceX.exe,56308,0x216838E1150,DXGI,1,0,0,Composed: Flip,10123.8483,NA,15.27250000000000,16.71710000000000,0.17460000000000,0.98000000000000,33.0816,10108.6357,15.3872,15.2126,0.1746,15.5689,0.6237,0.6237,0.0000,1.2462,10108.6357,NA
ExperienceX.exe,56308,0x216838E1150,DXGI,1,0,0,Composed: Flip,10140.7283,NA,16.88000000000000,16.81850000000000,0.44000000000000,2.51120000000000,33.0201,10124.0229,17.1454,16.7054,0.4400,17.6808,1.5358,1.5227,0.0131,-1.4313,10124.0229,NA
ExperienceX.exe,56308,0x216838E1150,DXGI,1,0,0,Composed: Flip,10157.3554,NA,16.62710000000000,16.44960000000000,0.38730000000000,0.93780000000000,32.8426,10141.1683,16.5744,16.1871,0.3873,16.4162,0.7087,0.6984,0.0103,0.6958,10141.1683,NA
ExperienceX.exe,56308,0x216838E1150,DXGI,1,0,0,Composed: Flip,10175.5893,NA,18.23390000000000,16.68060000000000,0.07710000000000,1.66140000000000,31.2893,10157.7427,17.9237,17.8466,0.0771,17.9989,1.5091,1.5007,0.0084,-0.1062,10157.7427,NA
ExperienceX.exe,56308,0x216838E1150,DXGI,1,0,0,Composed: Flip,10190.5300,NA,14.94070000000000,16.65990000000000,0.14330000000000,0.84880000000000,33.0085,10175.6664,15.0069,14.8636,0.1433,1.5843,14.1281,0.9085,13.2196,1.2638,10175.6664,NA
ExperienceX.exe,56308,0x216838E1150,DXGI,1,0,0,Composed: Flip,10207.9624,NA,17.43240000000000,16.70500000000000,0.54120000000000,1.92540000000000,32.2811,10190.6733,17.8303,17.2891,0.5412,17.7428,1.4717,1.4641,0.0076,-1.6981,10190.6733,NA
ExperienceX.exe,56308,0x216C7EA03E0,DXGI,1,0,0,Composed: Flip,7824.7825,NA,17.64940000000000,2850.06070000000000,0.08610000000000,1.12760000000000,32.2033,7807.2686,17.6000,17.5139,0.0861,17.2954,1.3461,1.3461,0.0000,-0.9879,7807.2686,NA
ExperienceX.exe,56308,0x216C7EA03E0,DXGI,1,0,0,Composed: Flip,7840.4433,NA,15.66080000000000,NA,0.13270000000000,1.15740000000000,NA,7824.8686,15.7074,15.5747,0.1327,16.2303,0.5018,0.5018,0.0000,NA,NA,NA
ExperienceX.exe,56308,0x216C7EA03E0,DXGI,1,0,0,Composed: Flip,7857.5466,NA,17.10330000000000,NA,0.44980000000000,2.71070000000000,NA,7840.5760,17.4204,16.9706,0.4498,17.4639,2.2174,2.2174,0.0000,NA,NA,NA
ExperienceX.exe,56308,0x216C7EA03E0,DXGI,1,0,0,Composed: Flip,7891.2920,NA,33.74540000000000,NA,0.21320000000000,2.17730000000000,NA,7857.9964,33.5088,33.2956,0.2132,33.3104,2.1625,2.1625,0.0000,NA,NA,NA
ExperienceX.exe,56308,0x216C7EA03E0,DXGI,1,0,0,Composed: Flip,7907.2216,NA,15.92960000000000,NA,0.32680000000000,1.82720000000000,NA,7891.5052,16.0432,15.7164,0.3268,15.9092,1.6344,1.6344,0.0000,NA,NA,NA
ExperienceX.exe,56308,0x216C7EA03E0,DXGI,1,0,0,Composed: Flip,7924.6342,NA,17.41260000000000,NA,0.38340000000000,2.30180000000000,NA,7907.5484,17.4692,17.0858,0.3834,17.0240,2.3636,2.3636,0.0000,NA,NA,NA
ExperienceX.exe,56308,0x216C7EA03E0,DXGI,1,0,0,Composed: Flip,7940.4854,NA,15.85120000000000,NA,0.15250000000000,1.98360000000000,NA,7925.0176,15.6203,15.4678,0.1525,16.2629,1.1885,1.1885,0.0000,NA,NA,NA
ExperienceX.exe,56308,0x216C7EA03E0,DXGI,1,0,0,Composed: Flip,7957.4546,NA,16.96920000000000,NA,0.68810000000000,4.38950000000000,NA,7940.6379,17.5048,16.8167,0.6881,19.4679,1.7383,1.7334,0.0049,NA,NA,NA
ExperienceX.exe,56308,0x216C7EA03E0,DXGI,1,0,0,Composed: Flip,7973.8463,NA,16.39170000000000,NA,0.09430000000000,0.65810000000000,NA,7958.1427,15.7979,15.7036,0.0943,15.8123,0.5494,0.5494,0.0000,NA,NA,NA
ExperienceX.exe,56308,0x216C7EA03E0,DXGI,1,0,0,Composed: Flip,7991.0112,NA,17.16490000000000,NA,0.44390000000000,4.14340000000000,NA,7973.9406,17.5145,17.0706,0.4439,19.4982,1.7158,1.7126,0.0032,NA,NA,NA
ExperienceX.exe,56308,0x216C7EA03E0,DXGI,1,0,0,Composed: Flip,8007.1532,NA,16.14200000000000,NA,0.06920000000000,1.12400000000000,NA,7991.4551,15.7673,15.6981,0.0692,16.3312,0.4909,0.4909,0.0000,NA,NA,NA
ExperienceX.exe,56308,0x216C7EA03E0,DXGI,1,0,0,Composed: Flip,8024.4990,NA,17.34580000000000,NA,0.13030000000000,3.09610000000000,NA,8007.2224,17.4069,17.2766,0.1303,19.8788,0.4939,0.4939,0.0000,NA,NA,NA
ExperienceX.exe,56308,0x216C7EA03E0,DXGI,1,0,0,Composed: Flip,8040.5355,NA,16.03650000000000,NA,0.14280000000000,0.72060000000000,NA,8024.6293,16.0490,15.9062,0.1428,2.9658,13.6610,0.9143,12.7467,NA,NA,NA
ExperienceX.exe,56308,0x216C7EA03E0,DXGI,1,0,0,Composed: Flip,8058.0321,NA,17.49660000000000,NA,0.08100000000000,1.99100000000000,NA,8040.6783,17.4348,17.3538,0.0810,17.2812,2.0636,2.0636,0.0000,NA,NA,NA
ExperienceX.exe,56308,0x216C7EA03E0,DXGI,1,0,0,Composed: Flip,8074.4066,NA,16.37450000000000,NA,0.12800000000000,0.73060000000000,NA,8058.1131,16.4215,16.2935,0.1280,16.4712,0.5529,0.5529,0.0000,NA,NA,NA
ExperienceX.exe,56308,0x216C7EA03E0,DXGI,1,0,0,Composed: Flip,8090.9790,NA,16.57240000000000,NA,0.90790000000000,2.69480000000000,NA,8074.5346,17.3523,16.4444,0.9079,17.3844,1.7548,1.7548,0.0000,NA,NA,NA
ExperienceX.exe,56308,0x216C7EA03E0,DXGI,1,0,0,Composed: Flip,8107.1697,NA,16.19070000000000,NA,0.10000000000000,0.69360000000000,NA,8091.8869,15.3828,15.2828,0.1000,2.2631,13.7133,0.8556,12.8577,NA,NA,NA
ExperienceX.exe,56308,0x216C7EA03E0,DXGI,1,0,0,Composed: Flip,8125.4209,NA,18.25120000000000,NA,0.12290000000000,1.71140000000000,NA,8107.2697,18.2741,18.1512,0.1229,19.8522,0.0104,0.0104,0.0000,NA,NA,NA
ExperienceX.exe,56308,0x216C7EA03E0,DXGI,1,0,0,Composed: Flip,8140.9456,NA,15.52470000000000,NA,0.24900000000000,1.63690000000000,NA,8125.5438,15.6508,15.4018,0.2490,16.2298,0.8089,0.8089,0.0000,NA,NA,NA
ExperienceX.exe,56308,0x216C7EA03E0,DXGI,1,0,0,Composed: Flip,8158.2314,NA,17.28580000000000,NA,1.03680000000000,2.79730000000000,NA,8141.1946,18.0736,17.0368,1.0368,18.2556,1.5785,1.5386,0.0399,NA,NA,NA
ExperienceX.exe,56308,0x216C7EA03E0,DXGI,1,0,0,Composed: Flip,8174.4891,NA,16.25770000000000,NA,0.28880000000000,2.32620000000000,NA,8159.2682,15.5097,15.2209,0.2888,2.2443,15.3028,2.9849,12.3179,NA,NA,NA
ExperienceX.exe,56308,0x216C7EA03E0,DXGI,1,0,0,Composed: Flip,8192.0221,NA,17.53300000000000,NA,0.06690000000000,2.51280000000000,NA,8174.7779,17.3111,17.2442,0.0669,18.7129,1.0441,1.0441,0.0000,NA,NA,NA
ExperienceX.exe,56308,0x216C7EA03E0,DXGI,1,0,0,Composed: Flip,8207.3457,NA,15.32360000000000,NA,0.16080000000000,1.28350000000000,NA,8192.0890,15.4175,15.2567,0.1608,16.2758,0.2644,0.2644,0.0000,NA,NA,NA
ExperienceX.exe,56308,0x216C7EA03E0,DXGI,1,0,0,Composed: Flip,8224.1666,NA,16.82090000000000,NA,0.07280000000000,2.67100000000000,NA,8207.5065,16.7329,16.6601,0.0728,17.2670,2.0641,2.0641,0.0000,NA,NA,NA
ExperienceX.exe,56308,0x216C7EA03E0,DXGI,1,0,0,Composed: Flip,8240.4206,NA,16.25400000000000,NA,0.08320000000000,0.63940000000000,NA,8224.2394,16.2644,16.1812,0.0832,3.0742,13.7464,0.7643,12.9821,NA,NA,NA
ExperienceX.exe,56308,0x216C7EA03E0,DXGI,1,0,0,Composed: Flip,8258.3448,NA,17.92420000000000,NA,0.45470000000000,2.75720000000000,NA,8240.5038,18.2957,17.8410,0.4547,18.1056,2.4926,2.4926,0.0000,NA,NA,NA
ExperienceX.exe,56308,0x216C7EA03E0,DXGI,1,0,0,Composed: Flip,8274.3069,NA,15.96210000000000,NA,0.22980000000000,1.22780000000000,NA,8258.7995,15.7372,15.5074,0.2298,15.7901,0.9451,0.9451,0.0000,NA,NA,NA
ExperienceX.exe,56308,0x216C7EA03E0,DXGI,1,0,0,Composed: Flip,8290.7505,NA,16.44360000000000,NA,0.06340000000000,4.07200000000000,NA,8274.5367,16.2772,16.2138,0.0634,16.8664,3.4194,3.4194,0.0000,NA,NA,NA
ExperienceX.exe,56308,0x216C7EA03E0,DXGI,1,0,0,Composed: Flip,8307.1441,NA,16.39360000000000,NA,0.13950000000000,1.55850000000000,NA,8290.8139,16.4697,16.3302,0.1395,17.0172,0.8715,0.8715,0.0000,NA,NA,NA
ExperienceX.exe,56308,0x216C7EA03E0,DXGI,1,0,0,Composed: Flip,8325.1546,NA,18.01050000000000,NA,0.24670000000000,2.37990000000000,NA,8307.2836,18.1177,17.8710,0.2467,19.8220,0.4289,0.4289,0.0000,NA,NA,NA
ExperienceX.exe,56308,0x216C7EA03E0,DXGI,1,0,0,Composed: Flip,8340.5115,NA,15.35690000000000,NA,0.15420000000000,1.23440000000000,NA,8325.4013,15.2644,15.1102,0.1542,15.8144,0.5302,0.5302,0.0000,NA,NA,NA
ExperienceX.exe,56308,0x216C7EA03E0,DXGI,1,0,0,Composed: Flip,8358.6448,NA,18.13330000000000,NA,0.15630000000000,1.99790000000000,NA,8340.6657,18.1354,17.9791,0.1563,17.7838,2.1932,2.1932,0.0000,NA,NA,NA
ExperienceX.exe,56308,0x216C7EA03E0,DXGI,1,0,0,Composed: Flip,8374.3017,NA,15.65690000000000,NA,0.28230000000000,1.28810000000000,NA,8358.8011,15.7829,15.5006,0.2823,16.2620,0.5267,0.5267,0.0000,NA,NA,NA
ExperienceX.exe,56308,0x216C7EA03E0,DXGI,1,0,0,Composed: Flip,8391.4672,NA,17.16550000000000,NA,0.12660000000000,3.70320000000000,NA,8374.5840,17.0098,16.8832,0.1266,17.5569,3.0295,3.0295,0.0000,NA,NA,NA
ExperienceX.exe,56308,0x216C7EA03E0,DXGI,1,0,0,Composed: Flip,8407.1432,NA,15.67600000000000,NA,0.17350000000000,0.69040000000000,NA,8391.5938,15.7229,15.5494,0.1735,15.6922,0.5476,0.5476,0.0000,NA,NA,NA
ExperienceX.exe,56308,0x216C7EA03E0,DXGI,1,0,0,Composed: Flip,8424.2050,NA,17.06180000000000,NA,0.40960000000000,2.64000000000000,NA,8407.3167,17.2979,16.8883,0.4096,17.3516,2.1767,2.1767,0.0000,NA,NA,NA
ExperienceX.exe,56308,0x216C7EA03E0,DXGI,1,0,0,Composed: Flip,8440.4650,NA,16.26000000000000,NA,0.11130000000000,1.14930000000000,NA,8424.6146,15.9617,15.8504,0.1113,16.7078,0.2919,0.2919,0.0000,NA,NA,NA
ExperienceX.exe,56308,0x216C7EA03E0,DXGI,1,0,0,Composed: Flip,8458.2784,NA,17.81340000000000,NA,0.05850000000000,1.79540000000000,NA,8440.5763,17.7606,17.7021,0.0585,17.2747,2.2228,2.2228,0.0000,NA,NA,NA
ExperienceX.exe,56308,0x216C7EA03E0,DXGI,1,0,0,Composed: Flip,8473.9630,NA,15.68460000000000,NA,0.31490000000000,2.42210000000000,NA,8458.3369,15.9410,15.6261,0.3149,17.5326,0.5156,0.5156,0.0000,NA,NA,NA
ExperienceX.exe,56308,0x216C7EA03E0,DXGI,1,0,0,Composed: Flip,8491.4028,NA,17.43980000000000,NA,0.05120000000000,1.91320000000000,NA,8474.2779,17.1761,17.1249,0.0512,17.0443,1.9938,1.9938,0.0000,NA,NA,NA
ExperienceX.exe,56308,0x216C7EA03E0,DXGI,1,0,0,Composed: Flip,8507.0905,NA,15.68770000000000,NA,0.12440000000000,0.75150000000000,NA,8491.4540,15.7609,15.6365,0.1244,2.3527,14.0353,0.6874,13.3479,NA,NA,NA
ExperienceX.exe,56308,0x216C7EA03E0,DXGI,1,0,0,Composed: Flip,8524.0408,NA,16.95030000000000,NA,0.11320000000000,2.59990000000000,NA,8507.2149,16.9391,16.8259,0.1132,17.3336,2.0922,2.0922,0.0000,NA,NA,NA
ExperienceX.exe,56308,0x216C7EA03E0,DXGI,1,0,0,Composed: Flip,8541.2373,NA,17.19650000000000,NA,0.25960000000000,1.82570000000000,NA,8524.1540,17.3429,17.0833,0.2596,2.9653,15.9437,1.7184,14.2253,NA,NA,NA
ExperienceX.exe,56308,0x216C7EA03E0,DXGI,1,0,0,Composed: Flip,8558.0798,NA,16.84250000000000,NA,0.06010000000000,2.49300000000000,NA,8541.4969,16.6430,16.5829,0.0601,18.5743,0.5016,0.5016,0.0000,NA,NA,NA
ExperienceX.exe,56308,0x216C7EA03E0,DXGI,1,0,0,Composed: Flip,8573.8424,NA,15.76260000000000,NA,0.14490000000000,1.91750000000000,NA,8558.1399,15.8474,15.7025,0.1449,16.7768,0.8432,0.8432,0.0000,NA,NA,NA
ExperienceX.exe,56308,0x216C7EA03E0,DXGI,1,0,0,Composed: Flip,8590.8109,NA,16.96850000000000,NA,0.07170000000000,4.52840000000000,NA,8573.9873,16.8953,16.8236,0.0717,19.6257,1.7263,1.7222,0.0041,NA,NA,NA
ExperienceX.exe,56308,0x216C7EA03E0,DXGI,1,0,0,Composed: Flip,8607.4808,NA,16.66990000000000,NA,0.32650000000000,1.15840000000000,NA,8590.8826,16.9247,16.5982,0.3265,17.2344,0.5222,0.5222,0.0000,NA,NA,NA
ExperienceX.exe,56308,0x216C7EA03E0,DXGI,1,0,0,Composed: Flip,8624.5800,NA,17.09920000000000,NA,0.06420000000000,2.24390000000000,NA,8607.8073,16.8369,16.7727,0.0642,16.8686,2.1480,2.1480,0.0000,NA,NA,NA
ExperienceX.exe,56308,0x216C7EA03E0,DXGI,1,0,0,Composed: Flip,8658.0532,NA,33.47320000000000,NA,0.04670000000000,2.03900000000000,NA,8624.6442,33.4557,33.4090,0.0467,33.2581,2.1899,2.1899,0.0000,NA,NA,NA
ExperienceX.exe,56308,0x216C7EA03E0,DXGI,1,0,0,Composed: Flip,8673.8447,NA,15.79150000000000,NA,0.14420000000000,0.67800000000000,NA,8658.0999,15.8890,15.7448,0.1442,15.8595,0.5633,0.5633,0.0000,NA,NA,NA
ExperienceX.exe,56308,0x216C7EA03E0,DXGI,1,0,0,Composed: Flip,8690.7508,NA,16.90610000000000,NA,0.07980000000000,2.57570000000000,NA,8673.9889,16.8417,16.7619,0.0798,17.5134,1.8242,1.8242,0.0000,NA,NA,NA
ExperienceX.exe,56308,0x216C7EA03E0,DXGI,1,0,0,Composed: Flip,8707.1830,NA,16.43220000000000,NA,0.17340000000000,1.19690000000000,NA,8690.8306,16.5258,16.3524,0.1734,17.0558,0.4935,0.4935,0.0000,NA,NA,NA
ExperienceX.exe,56308,0x216C7EA03E0,DXGI,1,0,0,Composed: Flip,8726.5703,NA,19.38730000000000,NA,0.15310000000000,1.43880000000000,NA,8707.3564,19.3670,19.2139,0.1531,18.5615,2.0912,2.0912,0.0000,NA,NA,NA
ExperienceX.exe,56308,0x216C7EA03E0,DXGI,1,0,0,Composed: Flip,8740.5102,NA,13.93990000000000,NA,0.16720000000000,0.71970000000000,NA,8726.7234,13.9540,13.7868,0.1672,13.9508,0.5557,0.5557,0.0000,NA,NA,NA
ExperienceX.exe,56308,0x216C7EA03E0,DXGI,1,0,0,Composed: Flip,8758.3537,NA,17.84350000000000,NA,0.06930000000000,2.94870000000000,NA,8740.6774,17.7456,17.6763,0.0693,18.3840,2.2410,2.2410,0.0000,NA,NA,NA
ExperienceX.exe,56308,0x216C7EA03E0,DXGI,1,0,0,Composed: Flip,8773.9498,NA,15.59610000000000,NA,0.24220000000000,1.36380000000000,NA,8758.4230,15.7690,15.5268,0.2422,16.3773,0.5133,0.5133,0.0000,NA,NA,NA
ExperienceX.exe,56308,0x216C7EA03E0,DXGI,1,0,0,Composed: Flip,8790.8420,NA,16.89220000000000,NA,0.09000000000000,2.67300000000000,NA,8774.1920,16.7400,16.6500,0.0900,17.1576,2.1654,2.1654,0.0000,NA,NA,NA
ExperienceX.exe,56308,0x216C7EA03E0,DXGI,1,0,0,Composed: Flip,8807.1579,NA,16.31590000000000,NA,0.15420000000000,1.60450000000000,NA,8790.9320,16.3801,16.2259,0.1542,16.9528,0.8776,0.8776,0.0000,NA,NA,NA
ExperienceX.exe,56308,0x216C7EA03E0,DXGI,1,0,0,Composed: Flip,8824.0082,NA,16.85030000000000,NA,0.32490000000000,3.21170000000000,NA,8807.3121,17.0210,16.6961,0.3249,19.3779,0.5299,0.5267,0.0032,NA,NA,NA
ExperienceX.exe,56308,0x216C7EA03E0,DXGI,1,0,0,Composed: Flip,8840.8003,NA,16.79210000000000,NA,0.29370000000000,1.14270000000000,NA,8824.3331,16.7609,16.4672,0.2937,17.0805,0.5294,0.5294,0.0000,NA,NA,NA
ExperienceX.exe,56308,0x216C7EA03E0,DXGI,1,0,0,Composed: Flip,8858.5656,NA,17.76530000000000,NA,0.21480000000000,2.15950000000000,NA,8841.0940,17.6864,17.4716,0.2148,19.1422,0.4889,0.4889,0.0000,NA,NA,NA
ExperienceX.exe,56308,0x216C7EA03E0,DXGI,1,0,0,Composed: Flip,8874.0659,NA,15.50030000000000,NA,0.26950000000000,1.16730000000000,NA,8858.7804,15.5550,15.2855,0.2695,15.9491,0.5037,0.5037,0.0000,NA,NA,NA
ExperienceX.exe,56308,0x216C7EA03E0,DXGI,1,0,0,Composed: Flip,8891.0733,NA,17.00740000000000,NA,0.13670000000000,2.87800000000000,NA,8874.3354,16.8746,16.7379,0.1367,19.1298,0.4861,0.4817,0.0044,NA,NA,NA
ExperienceX.exe,56308,0x216C7EA03E0,DXGI,1,0,0,Composed: Flip,8907.1288,NA,16.05550000000000,NA,0.10900000000000,0.66730000000000,NA,8891.2100,16.0278,15.9188,0.1090,16.0288,0.5573,0.5573,0.0000,NA,NA,NA
ExperienceX.exe,56308,0x216C7EA03E0,DXGI,1,0,0,Composed: Flip,8924.0680,NA,16.93920000000000,NA,0.06770000000000,3.20530000000000,NA,8907.2378,16.8979,16.8302,0.0677,19.5415,0.4940,0.4903,0.0037,NA,NA,NA
ExperienceX.exe,56308,0x216C7EA03E0,DXGI,1,0,0,Composed: Flip,8941.2483,NA,17.18030000000000,NA,0.31820000000000,2.95630000000000,NA,8924.1357,17.4308,17.1126,0.3182,19.2152,0.8537,0.8537,0.0000,NA,NA,NA
ExperienceX.exe,56308,0x216C7EA03E0,DXGI,1,0,0,Composed: Flip,8957.5703,NA,16.32200000000000,NA,0.12520000000000,3.02460000000000,NA,8941.5665,16.1290,16.0038,0.1252,18.5381,0.4903,0.4903,0.0000,NA,NA,NA
ExperienceX.exe,56308,0x216C7EA03E0,DXGI,1,0,0,Composed: Flip,8973.9079,NA,16.33760000000000,NA,0.11910000000000,0.70020000000000,NA,8957.6955,16.3315,16.2124,0.1191,2.8994,14.0132,0.9494,13.0638,NA,NA,NA
ExperienceX.exe,56308,0x216C7EA03E0,DXGI,1,0,0,Composed: Flip,8992.1919,NA,18.28400000000000,NA,0.14270000000000,2.13540000000000,NA,8974.0270,18.3076,18.1649,0.1427,19.8165,0.4838,0.4838,0.0000,NA,NA,NA
ExperienceX.exe,56308,0x216C7EA03E0,DXGI,1,0,0,Composed: Flip,9007.0966,NA,14.90470000000000,NA,0.10990000000000,1.55260000000000,NA,8992.3346,14.8719,14.7620,0.1099,15.4408,0.8738,0.8738,0.0000,NA,NA,NA
ExperienceX.exe,56308,0x216C7EA03E0,DXGI,1,0,0,Composed: Flip,9024.8797,NA,17.78310000000000,NA,0.06620000000000,2.32630000000000,NA,9007.2065,17.7394,17.6732,0.0662,19.5172,0.4823,0.4823,0.0000,NA,NA,NA
ExperienceX.exe,56308,0x216C7EA03E0,DXGI,1,0,0,Composed: Flip,9040.4569,NA,15.57720000000000,NA,0.12000000000000,1.59560000000000,NA,9024.9459,15.6310,15.5110,0.1200,16.2142,0.8924,0.8924,0.0000,NA,NA,NA
ExperienceX.exe,56308,0x216C7EA03E0,DXGI,1,0,0,Composed: Flip,9058.7853,NA,18.32840000000000,NA,0.14460000000000,2.36670000000000,NA,9040.5769,18.3530,18.2084,0.1446,20.0655,0.5096,0.5015,0.0081,NA,NA,NA
ExperienceX.exe,56308,0x216C7EA03E0,DXGI,1,0,0,Composed: Flip,9090.8889,NA,32.10360000000000,NA,0.67040000000000,2.58470000000000,NA,9058.9299,32.6294,31.9590,0.6704,32.3348,2.2089,2.2089,0.0000,NA,NA,NA
ExperienceX.exe,56308,0x216C7EA03E0,DXGI,1,0,0,Composed: Flip,9107.3572,NA,16.46830000000000,NA,0.23990000000000,1.29510000000000,NA,9091.5593,16.0378,15.7979,0.2399,16.5850,0.5080,0.5080,0.0000,NA,NA,NA
ExperienceX.exe,56308,0x216C7EA03E0,DXGI,1,0,0,Composed: Flip,9125.3099,NA,17.95270000000000,NA,0.15620000000000,2.27600000000000,NA,9107.5971,17.8690,17.7128,0.1562,19.4793,0.5095,0.5095,0.0000,NA,NA,NA
ExperienceX.exe,56308,0x216C7EA03E0,DXGI,1,0,0,Composed: Flip,9140.5625,NA,15.25260000000000,NA,0.23840000000000,1.32380000000000,NA,9125.4661,15.3348,15.0964,0.2384,15.9118,0.5084,0.5084,0.0000,NA,NA,NA
ExperienceX.exe,56308,0x216C7EA03E0,DXGI,1,0,0,Composed: Flip,9157.8963,NA,17.33380000000000,NA,0.05260000000000,2.56990000000000,NA,9140.8009,17.1480,17.0954,0.0526,19.1776,0.4877,0.4877,0.0000,NA,NA,NA
ExperienceX.exe,56308,0x216C7EA03E0,DXGI,1,0,0,Composed: Flip,9174.2099,NA,16.31360000000000,NA,0.27260000000000,1.51300000000000,NA,9157.9489,16.5336,16.2610,0.2726,2.5173,15.2567,1.5772,13.6795,NA,NA,NA
ExperienceX.exe,56308,0x216C7EA03E0,DXGI,1,0,0,Composed: Flip,9191.4161,NA,17.20620000000000,NA,0.35820000000000,2.45190000000000,NA,9174.4825,17.2918,16.9336,0.3582,17.5769,1.8086,1.8086,0.0000,NA,NA,NA
ExperienceX.exe,56308,0x216C7EA03E0,DXGI,1,0,0,Composed: Flip,9207.2476,NA,15.83150000000000,NA,0.29820000000000,2.89290000000000,NA,9191.7743,15.7715,15.4733,0.2982,17.0571,1.3091,1.3091,0.0000,NA,NA,NA
ExperienceX.exe,56308,0x216C7EA03E0,DXGI,1,0,0,Composed: Flip,9224.7271,NA,17.47950000000000,NA,0.09030000000000,2.08540000000000,NA,9207.5458,17.2716,17.1813,0.0903,17.3822,1.8845,1.8845,0.0000,NA,NA,NA
ExperienceX.exe,56308,0x216C7EA03E0,DXGI,1,0,0,Composed: Flip,9240.5031,NA,15.77600000000000,NA,0.14490000000000,0.86070000000000,NA,9224.8174,15.8306,15.6857,0.1449,2.5146,14.0318,0.8212,13.2106,NA,NA,NA
ExperienceX.exe,56308,0x216C7EA03E0,DXGI,1,0,0,Composed: Flip,9258.3960,NA,17.89290000000000,NA,0.38030000000000,2.12100000000000,NA,9240.6480,18.1283,17.7480,0.3803,18.1216,1.7474,1.7474,0.0000,NA,NA,NA
ExperienceX.exe,56308,0x216C7EA03E0,DXGI,1,0,0,Composed: Flip,9273.8167,NA,15.42070000000000,NA,0.13280000000000,1.19490000000000,NA,9258.7763,15.1732,15.0404,0.1328,15.7172,0.5181,0.5181,0.0000,NA,NA,NA
ExperienceX.exe,56308,0x216C7EA03E0,DXGI,1,0,0,Composed: Flip,9291.4184,NA,17.60170000000000,NA,0.07560000000000,2.76890000000000,NA,9273.9495,17.5445,17.4689,0.0756,19.8203,0.4175,0.4175,0.0000,NA,NA,NA
ExperienceX.exe,56308,0x216C7EA03E0,DXGI,1,0,0,Composed: Flip,9307.1032,NA,15.68480000000000,NA,0.11610000000000,0.68340000000000,NA,9291.4940,15.7253,15.6092,0.1161,15.7376,0.5550,0.5550,0.0000,NA,NA,NA
ExperienceX.exe,56308,0x216C7EA03E0,DXGI,1,0,0,Composed: Flip,9324.8800,NA,17.77680000000000,NA,0.08750000000000,2.54930000000000,NA,9307.2193,17.7482,17.6607,0.0875,19.6988,0.5112,0.5112,0.0000,NA,NA,NA
ExperienceX.exe,56308,0x216C7EA03E0,DXGI,1,0,0,Composed: Flip,9340.4879,NA,15.60790000000000,NA,0.15410000000000,1.24410000000000,NA,9324.9675,15.6745,15.5204,0.1541,16.2671,0.4974,0.4974,0.0000,NA,NA,NA
ExperienceX.exe,56308,0x216C7EA03E0,DXGI,1,0,0,Composed: Flip,9358.7899,NA,18.30200000000000,NA,0.32700000000000,2.01850000000000,NA,9340.6420,18.4749,18.1479,0.3270,18.6049,1.5615,1.5615,0.0000,NA,NA,NA
ExperienceX.exe,56308,0x216C7EA03E0,DXGI,1,0,0,Composed: Flip,9373.8064,NA,15.01650000000000,NA,0.11560000000000,0.68220000000000,NA,9359.1169,14.8051,14.6895,0.1156,2.1791,13.1926,1.4420,11.7506,NA,NA,NA
ExperienceX.exe,56308,0x216C7EA03E0,DXGI,1,0,0,Composed: Flip,9390.7344,NA,16.92800000000000,NA,0.07380000000000,3.13620000000000,NA,9373.9220,16.8862,16.8124,0.0738,19.4605,0.4881,0.4835,0.0046,NA,NA,NA
ExperienceX.exe,56308,0x216C7EA03E0,DXGI,1,0,0,Composed: Flip,9407.1306,NA,16.39620000000000,NA,0.13510000000000,1.53670000000000,NA,9390.8082,16.4575,16.3224,0.1351,16.9841,0.8750,0.8750,0.0000,NA,NA,NA
ExperienceX.exe,56308,0x216C7EA03E0,DXGI,1,0,0,Composed: Flip,9425.1525,NA,18.02190000000000,NA,0.09600000000000,1.72440000000000,NA,9407.2657,17.9828,17.8868,0.0960,17.7118,1.8994,1.8994,0.0000,NA,NA,NA
ExperienceX.exe,56308,0x216C7EA03E0,DXGI,1,0,0,Composed: Flip,9440.8776,NA,15.72510000000000,NA,0.26450000000000,2.33890000000000,NA,9425.2485,15.8936,15.6291,0.2645,2.1261,15.8419,2.2429,13.5990,NA,NA,NA
ExperienceX.exe,56308,0x216C7EA03E0,DXGI,1,0,0,Composed: Flip,9457.4676,NA,16.59000000000000,NA,0.61600000000000,4.32040000000000,NA,9441.1421,16.9415,16.3255,0.6160,18.9198,1.7261,1.7211,0.0050,NA,NA,NA
ExperienceX.exe,56308,0x216C7EA03E0,DXGI,1,0,0,Composed: Flip,9474.0102,NA,16.54260000000000,NA,0.26120000000000,0.87230000000000,NA,9458.0836,16.1878,15.9266,0.2612,16.1696,0.6293,0.6293,0.0000,NA,NA,NA
ExperienceX.exe,56308,0x216C7EA03E0,DXGI,1,0,0,Composed: Flip,9491.5198,NA,17.50960000000000,NA,0.08180000000000,3.43640000000000,NA,9474.2714,17.3302,17.2484,0.0818,18.9635,1.7213,1.7166,0.0047,NA,NA,NA
ExperienceX.exe,56308,0x216C7EA03E0,DXGI,1,0,0,Composed: Flip,9507.1809,NA,15.66110000000000,NA,0.20370000000000,1.56990000000000,NA,9491.6016,15.7830,15.5793,0.2037,16.6521,0.4971,0.4971,0.0000,NA,NA,NA
ExperienceX.exe,56308,0x216C7EA03E0,DXGI,1,0,0,Composed: Flip,9525.7218,NA,18.54090000000000,NA,0.27580000000000,1.25950000000000,NA,9507.3846,18.6130,18.3372,0.2758,17.3352,2.2615,2.2615,0.0000,NA,NA,NA
ExperienceX.exe,56308,0x216C7EA03E0,DXGI,1,0,0,Composed: Flip,9540.5331,NA,14.81130000000000,NA,0.15470000000000,0.71570000000000,NA,9525.9976,14.6902,14.5355,0.1547,1.5063,13.7449,1.0987,12.6462,NA,NA,NA
ExperienceX.exe,56308,0x216C7EA03E0,DXGI,1,0,0,Composed: Flip,9557.2966,NA,16.76350000000000,NA,0.06320000000000,2.64840000000000,NA,9540.6878,16.6720,16.6088,0.0632,17.0683,2.1889,2.1889,0.0000,NA,NA,NA
ExperienceX.exe,56308,0x216C7EA03E0,DXGI,1,0,0,Composed: Flip,9573.8314,NA,16.53480000000000,NA,0.14000000000000,0.69870000000000,NA,9557.3598,16.6116,16.4716,0.1400,16.6159,0.5544,0.5544,0.0000,NA,NA,NA
ExperienceX.exe,56308,0x216C7EA03E0,DXGI,1,0,0,Composed: Flip,9591.7443,NA,17.91290000000000,NA,0.06360000000000,1.99030000000000,NA,9573.9714,17.8365,17.7729,0.0636,17.4930,2.2702,2.2702,0.0000,NA,NA,NA
ExperienceX.exe,56308,0x216C7EA03E0,DXGI,1,0,0,Composed: Flip,9607.4445,NA,15.70020000000000,NA,0.19090000000000,2.01590000000000,NA,9591.8079,15.8275,15.6366,0.1909,16.7878,0.8647,0.8647,0.0000,NA,NA,NA
ExperienceX.exe,56308,0x216C7EA03E0,DXGI,1,0,0,Composed: Flip,9624.5537,NA,17.10920000000000,NA,0.45420000000000,2.38450000000000,NA,9607.6354,17.3725,16.9183,0.4542,16.8811,2.4217,2.4217,0.0000,NA,NA,NA
ExperienceX.exe,56308,0x216C7EA03E0,DXGI,1,0,0,Composed: Flip,9640.3646,NA,15.81090000000000,NA,0.08810000000000,1.03040000000000,NA,9625.0079,15.4448,15.3567,0.0881,15.4498,0.9373,0.9373,0.0000,NA,NA,NA
ExperienceX.exe,56308,0x216C7EA03E0,DXGI,1,0,0,Composed: Flip,9658.2265,NA,17.86190000000000,NA,0.27700000000000,2.06630000000000,NA,9640.4527,18.0508,17.7738,0.2770,19.3378,0.5023,0.5023,0.0000,NA,NA,NA
ExperienceX.exe,56308,0x216C7EA03E0,DXGI,1,0,0,Composed: Flip,9673.8707,NA,15.64420000000000,NA,0.16580000000000,1.98640000000000,NA,9658.5035,15.5330,15.3672,0.1658,17.1381,0.2155,0.2155,0.0000,NA,NA,NA
ExperienceX.exe,56308,0x216C7EA03E0,DXGI,1,0,0,Composed: Flip,9691.2739,NA,17.40320000000000,NA,0.04790000000000,2.05000000000000,NA,9674.0365,17.2853,17.2374,0.0479,17.1058,2.1816,2.1816,0.0000,NA,NA,NA
ExperienceX.exe,56308,0x216C7EA03E0,DXGI,1,0,0,Composed: Flip,9724.3112,NA,33.03730000000000,NA,0.62950000000000,2.57420000000000,NA,9691.3218,33.6189,32.9894,0.6295,35.1749,0.3887,0.3887,0.0000,NA,NA,NA
ExperienceX.exe,56308,0x216C7EA03E0,DXGI,1,0,0,Composed: Flip,9740.7305,NA,16.41930000000000,NA,0.16040000000000,1.21670000000000,NA,9724.9407,15.9502,15.7898,0.1604,16.4973,0.5092,0.5092,0.0000,NA,NA,NA
ExperienceX.exe,56308,0x216C7EA03E0,DXGI,1,0,0,Composed: Flip,9758.0928,NA,17.36230000000000,NA,0.35430000000000,2.02410000000000,NA,9740.8909,17.5562,17.2019,0.3543,17.0695,2.1565,2.1565,0.0000,NA,NA,NA
ExperienceX.exe,56308,0x216C7EA03E0,DXGI,1,0,0,Composed: Flip,9773.8104,NA,15.71760000000000,NA,0.08660000000000,0.92580000000000,NA,9758.4471,15.4499,15.3633,0.0866,15.5066,0.7825,0.7825,0.0000,NA,NA,NA
ExperienceX.exe,56308,0x216C7EA03E0,DXGI,1,0,0,Composed: Flip,9790.7951,NA,16.98470000000000,NA,0.39880000000000,3.88690000000000,NA,9773.8970,17.2969,16.8981,0.3988,17.3794,3.4056,3.4056,0.0000,NA,NA,NA
ExperienceX.exe,56308,0x216C7EA03E0,DXGI,1,0,0,Composed: Flip,9807.1454,NA,16.35030000000000,NA,0.09380000000000,1.14190000000000,NA,9791.1939,16.0453,15.9515,0.0938,16.7805,0.3129,0.3129,0.0000,NA,NA,NA
ExperienceX.exe,56308,0x216C7EA03E0,DXGI,1,0,0,Composed: Flip,9824.1761,NA,17.03070000000000,NA,0.09600000000000,2.60450000000000,NA,9807.2392,17.0329,16.9369,0.0960,17.6349,1.9065,1.9065,0.0000,NA,NA,NA
ExperienceX.exe,56308,0x216C7EA03E0,DXGI,1,0,0,Composed: Flip,9840.5750,NA,16.39890000000000,NA,0.22410000000000,1.20610000000000,NA,9824.2721,16.5270,16.3029,0.2241,17.0035,0.5055,0.5055,0.0000,NA,NA,NA
ExperienceX.exe,56308,0x216C7EA03E0,DXGI,1,0,0,Composed: Flip,9857.3588,NA,16.78380000000000,NA,0.45800000000000,4.33710000000000,NA,9840.7991,17.0177,16.5597,0.4580,20.4143,0.4825,0.4787,0.0038,NA,NA,NA
ExperienceX.exe,56308,0x216C7EA03E0,DXGI,1,0,0,Composed: Flip,9873.8183,NA,16.45950000000000,NA,0.14670000000000,1.33780000000000,NA,9857.8168,16.1482,16.0015,0.1467,16.8182,0.5211,0.5211,0.0000,NA,NA,NA
ExperienceX.exe,56308,0x216C7EA03E0,DXGI,1,0,0,Composed: Flip,9890.8695,NA,17.05120000000000,NA,0.56410000000000,2.60710000000000,NA,9873.9650,17.4686,16.9045,0.5641,17.5161,1.9955,1.9955,0.0000,NA,NA,NA
ExperienceX.exe,56308,0x216C7EA03E0,DXGI,1,0,0,Composed: Flip,9907.3492,NA,16.47970000000000,NA,0.18180000000000,1.28730000000000,NA,9891.4336,16.0974,15.9156,0.1818,16.6822,0.5207,0.5207,0.0000,NA,NA,NA
ExperienceX.exe,56308,0x216C7EA03E0,DXGI,1,0,0,Composed: Flip,9924.5854,NA,17.23620000000000,NA,0.05850000000000,2.08350000000000,NA,9907.5310,17.1129,17.0544,0.0585,16.9307,2.2072,2.2072,0.0000,NA,NA,NA
ExperienceX.exe,56308,0x216C7EA03E0,DXGI,1,0,0,Composed: Flip,9940.8847,NA,16.29930000000000,NA,0.31190000000000,1.78920000000000,NA,9924.6439,16.5527,16.2408,0.3119,17.7937,0.2363,0.2363,0.0000,NA,NA,NA
ExperienceX.exe,56308,0x216C7EA03E0,DXGI,1,0,0,Composed: Flip,9959.0270,NA,18.14230000000000,NA,0.06140000000000,2.25710000000000,NA,9941.1966,17.8918,17.8304,0.0614,19.5994,0.4881,0.4881,0.0000,NA,NA,NA
ExperienceX.exe,56308,0x216C7EA03E0,DXGI,1,0,0,Composed: Flip,9973.8352,NA,14.80820000000000,NA,0.18850000000000,1.10460000000000,NA,9959.0884,14.9353,14.7468,0.1885,2.1957,13.6557,1.1331,12.5226,NA,NA,NA
ExperienceX.exe,56308,0x216C7EA03E0,DXGI,1,0,0,Composed: Flip,9990.9428,NA,17.10760000000000,NA,0.08730000000000,2.71730000000000,NA,9974.0237,17.0064,16.9191,0.0873,17.3593,2.2771,2.2771,0.0000,NA,NA,NA
ExperienceX.exe,56308,0x216C7EA03E0,DXGI,1,0,0,Composed: Flip,10024.3611,NA,33.41830000000000,NA,0.05000000000000,3.65480000000000,NA,9991.0301,33.3810,33.3310,0.0500,33.4377,3.5481,3.5481,0.0000,NA,NA,NA
ExperienceX.exe,56308,0x216C7EA03E0,DXGI,1,0,0,Composed: Flip,10040.4797,NA,16.11860000000000,NA,0.14750000000000,0.73160000000000,NA,10024.4111,16.2161,16.0686,0.1475,16.2228,0.5774,0.5774,0.0000,NA,NA,NA
ExperienceX.exe,56308,0x216C7EA03E0,DXGI,1,0,0,Composed: Flip,10057.6351,NA,17.15540000000000,NA,0.09230000000000,3.26110000000000,NA,10040.6272,17.1002,17.0079,0.0923,19.7418,0.5272,0.5272,0.0000,NA,NA,NA
ExperienceX.exe,56308,0x216C7EA03E0,DXGI,1,0,0,Composed: Flip,10073.8225,NA,16.18740000000000,NA,0.14450000000000,0.82070000000000,NA,10057.7274,16.2396,16.0951,0.1445,3.1688,13.7470,0.8624,12.8846,NA,NA,NA
ExperienceX.exe,56308,0x216C7EA03E0,DXGI,1,0,0,Composed: Flip,10091.4165,NA,17.59400000000000,NA,0.09940000000000,2.09170000000000,NA,10073.9670,17.5489,17.4495,0.0994,17.3476,2.1936,2.1936,0.0000,NA,NA,NA
ExperienceX.exe,56308,0x216C7EA03E0,DXGI,1,0,0,Composed: Flip,10107.3457,NA,15.92920000000000,NA,0.12590000000000,0.76390000000000,NA,10091.5159,15.9557,15.8298,0.1259,15.9998,0.5939,0.5939,0.0000,NA,NA,NA
ExperienceX.exe,56308,0x216C7EA03E0,DXGI,1,0,0,Composed: Flip,10124.9461,NA,17.60040000000000,NA,0.06790000000000,2.15030000000000,NA,10107.4716,17.5424,17.4745,0.0679,17.3567,2.2681,2.2681,0.0000,NA,NA,NA
ExperienceX.exe,56308,0x216C7EA03E0,DXGI,1,0,0,Composed: Flip,10140.4822,NA,15.53610000000000,NA,0.13530000000000,1.22150000000000,NA,10125.0140,15.6035,15.4682,0.1353,16.2901,0.3996,0.3996,0.0000,NA,NA,NA
ExperienceX.exe,56308,0x216C7EA03E0,DXGI,1,0,0,Composed: Flip,10157.8890,NA,17.40680000000000,NA,0.23250000000000,3.26220000000000,NA,10140.6175,17.5040,17.2715,0.2325,20.0305,0.5032,0.5032,0.0000,NA,NA,NA
ExperienceX.exe,56308,0x216C7EA03E0,DXGI,1,0,0,Composed: Flip,10174.4506,NA,16.56160000000000,NA,0.19620000000000,1.29100000000000,NA,10158.1215,16.5253,16.3291,0.1962,17.0877,0.5324,0.5324,0.0000,NA,NA,NA
ExperienceX.exe,56308,0x216C7EA03E0,DXGI,1,0,0,Composed: Flip,10190.7948,NA,16.34420000000000,NA,0.47970000000000,2.72960000000000,NA,10174.6468,16.6277,16.1480,0.4797,16.7320,2.1456,2.1456,0.0000,NA,NA,NA
ExperienceX.exe,56308,0x216C7EA03E0,DXGI,1,0,0,Composed: Flip,10207.1989,NA,16.40410000000000,NA,0.09990000000000,1.21720000000000,NA,10191.2745,16.0243,15.9244,0.0999,16.5945,0.5471,0.5471,0.0000,NA,NA,NA
ExperienceX.exe,56308,0x216C7EA03E0,DXGI,1,0,0,Composed: Flip,10223.9870,NA,16.78810000000000,NA,0.08300000000000,2.72250000000000,NA,10207.2988,16.7712,16.6882,0.0830,17.2990,2.1117,2.1117,0.0000,NA,NA,NA
ExperienceX.exe,56308,0x216838E1150,DXGI,1,0,0,Composed: Flip,10223.7486,NA,15.78620000000000,16.69430000000000,0.06400000000000,0.84920000000000,33.1892,10208.5036,15.3090,15.2450,0.0640,15.3562,0.7380,0.7380,0.0000,1.1360,10208.5036,NA
ExperienceX.exe,56308,0x216838E1150,DXGI,1,0,0,Composed: Flip,10241.5498,NA,17.80120000000000,NA,0.07740000000000,0.96900000000000,NA,10223.8126,17.8146,17.7372,0.0774,18.2047,0.5015,0.5015,0.0000,NA,NA,NA
ExperienceX.exe,56308,0x216838E1150,DXGI,1,0,0,Composed: Flip,10257.2946,NA,15.74480000000000,33.27800000000000,0.05060000000000,0.84790000000000,32.9212,10241.6272,15.7180,15.6674,0.0506,15.7267,0.7886,0.7886,0.0000,-0.1544,10241.6272,NA
ExperienceX.exe,56308,0x216838E1150,DXGI,1,0,0,Composed: Flip,10274.9089,NA,17.61430000000000,16.69350000000000,0.39250000000000,1.78490000000000,32.0004,10257.3452,17.9562,17.5637,0.3925,17.8727,1.4759,1.4725,0.0034,-0.9755,10257.3452,NA
ExperienceX.exe,56308,0x216838E1150,DXGI,1,0,0,Composed: Flip,10290.5938,NA,15.68490000000000,16.63340000000000,0.30790000000000,0.86070000000000,32.9489,10275.3014,15.6003,15.2924,0.3079,15.5681,0.5850,0.5850,0.0000,1.3228,10275.3014,NA
ExperienceX.exe,56308,0x216838E1150,DXGI,1,0,0,Composed: Flip,10308.0869,NA,17.49310000000000,16.65890000000000,0.12180000000000,4.33980000000000,32.1147,10290.9017,17.3070,17.1852,0.1218,19.9871,1.5379,1.5295,0.0084,-1.0586,10290.9017,NA
ExperienceX.exe,56308,0x216838E1150,DXGI,1,0,0,Composed: Flip,10323.8523,NA,15.76540000000000,16.68540000000000,0.13900000000000,1.04710000000000,33.0347,10308.2087,15.7826,15.6436,0.1390,15.7961,0.8946,0.8946,0.0000,0.6216,10308.2087,NA
ExperienceX.exe,56308,0x216838E1150,DXGI,1,0,0,Composed: Flip,10341.0509,NA,17.19860000000000,16.65650000000000,0.07080000000000,2.12260000000000,32.4926,10323.9913,17.1304,17.0596,0.0708,17.6910,1.4912,1.4825,0.0087,-0.8739,10323.9913,NA
ExperienceX.exe,56308,0x216838E1150,DXGI,1,0,0,Composed: Flip,10357.2293,NA,16.17840000000000,16.73190000000000,0.19400000000000,0.92030000000000,33.0461,10341.1217,16.3016,16.1076,0.1940,16.2498,0.7781,0.7781,0.0000,0.3985,10341.1217,NA
ExperienceX.exe,56308,0x216838E1150,DXGI,1,0,0,Composed: Flip,10374.8918,NA,17.66250000000000,16.61690000000000,0.44470000000000,2.15040000000000,32.0005,10357.4233,17.9132,17.4685,0.4447,18.5622,1.0567,1.0498,0.0069,-0.3153,10357.4233,NA
ExperienceX.exe,56308,0x216838E1150,DXGI,1,0,0,Composed: Flip,10390.6617,NA,15.76990000000000,16.63900000000000,0.21690000000000,0.81580000000000,32.8696,10375.3365,15.5421,15.3252,0.2169,15.5508,0.5902,0.5902,0.0000,1.2742,10375.3365,NA
ExperienceX.exe,56308,0x216838E1150,DXGI,1,0,0,Composed: Flip,10407.7240,NA,17.06230000000000,16.67840000000000,0.31000000000000,3.42870000000000,32.4857,10390.8786,17.1554,16.8454,0.3100,17.5611,2.7130,2.7068,0.0062,-1.1363,10390.8786,NA
ExperienceX.exe,56308,0x216838E1150,DXGI,1,0,0,Composed: Flip,10423.7645,NA,16.04050000000000,16.65950000000000,0.11400000000000,0.71670000000000,33.1047,10408.0340,15.8445,15.7305,0.1140,15.8348,0.6124,0.6124,0.0000,0.4959,10408.0340,NA
ExperienceX.exe,56308,0x216838E1150,DXGI,1,0,0,Composed: Flip,10441.2462,NA,17.48170000000000,16.67470000000000,0.06400000000000,1.97010000000000,32.2977,10423.8785,17.4317,17.3677,0.0640,17.8446,1.4932,1.4887,0.0045,-0.8302,10423.8785,NA
ExperienceX.exe,56308,0x216838E1150,DXGI,1,0,0,Composed: Flip,10457.1467,NA,15.90050000000000,16.66490000000000,0.11350000000000,0.89320000000000,33.0621,10441.3102,15.9500,15.8365,0.1135,15.9410,0.7887,0.7887,0.0000,0.7668,10441.3102,NA
ExperienceX.exe,56308,0x216838E1150,DXGI,1,0,0,Composed: Flip,10474.3437,NA,17.19700000000000,16.65200000000000,0.37270000000000,2.13420000000000,32.5171,10457.2602,17.4562,17.0835,0.3727,18.1626,1.0551,1.0456,0.0095,-0.7020,10457.2602,NA
ExperienceX.exe,56308,0x216838E1150,DXGI,1,0,0,Composed: Flip,10490.4096,NA,16.06590000000000,16.81740000000000,0.05380000000000,0.63840000000000,33.2686,10474.7164,15.7470,15.6932,0.0538,15.7528,0.5788,0.5788,0.0000,0.6388,10474.7164,NA
ExperienceX.exe,56308,0x216838E1150,DXGI,1,0,0,Composed: Flip,10508.4518,NA,18.04220000000000,16.75900000000000,0.05070000000000,1.78320000000000,31.9854,10490.4634,18.0391,17.9884,0.0507,18.7212,1.0504,1.0415,0.0089,-1.0120,10490.4634,NA
ExperienceX.exe,56308,0x216838E1150,DXGI,1,0,0,Composed: Flip,10524.4058,NA,15.95400000000000,16.46460000000000,0.32970000000000,3.29670000000000,32.4960,10508.5025,16.2330,15.9033,0.3297,16.1602,3.0398,3.0398,0.0000,1.5745,10508.5025,NA
ExperienceX.exe,56308,0x216838E1150,DXGI,1,0,0,Composed: Flip,10543.2765,NA,18.87070000000000,16.62810000000000,0.06530000000000,1.15910000000000,30.2534,10524.7355,18.6063,18.5410,0.0653,18.3459,1.3542,1.3542,0.0000,-0.3951,10524.7355,NA
ExperienceX.exe,56308,0x0,Other,-1,0,0,Composed: Flip,8641.2895,NA,200.40560000000002,NA,0.00000000000000,1.83420000000000,32.2565,8440.8839,200.4056,200.4056,0.0000,200.8068,1.4330,1.4291,0.0039,NA,8440.8839,NA
ExperienceX.exe,56308,0x0,Other,-1,0,0,Composed: Flip,8807.6264,NA,166.33690000000001,NA,0.00000000000000,0.25840000000000,NA,8641.2895,166.3369,166.3369,0.0000,166.0297,0.5656,0.5656,0.0000,NA,NA,NA
ExperienceX.exe,56308,0x0,Other,-1,0,0,Composed: Flip,8824.5039,NA,16.87750000000000,NA,0.00000000000000,2.18610000000000,NA,8807.6264,16.8775,16.8775,0.0000,16.9169,2.1467,2.1467,0.0000,NA,NA,NA
ExperienceX.exe,56308,0x0,Other,-1,0,0,Composed: Flip,9074.5427,NA,250.03880000000001,NA,0.00000000000000,0.69400000000000,NA,8824.5039,250.0388,250.0388,0.0000,250.2490,0.4838,0.4838,0.0000,NA,NA,NA
ExperienceX.exe,56308,0x0,Other,-1,0,0,Composed: Flip,9707.8609,NA,633.31820000000005,NA,0.00000000000000,1.02380000000000,NA,9074.5427,633.3182,633.3182,0.0000,632.7106,1.6314,1.6314,0.0000,NA,NA,NA
ExperienceX.exe,56308,0x0,Other,-1,0,0,Composed: Flip,9741.2099,NA,33.34900000000000,NA,0.00000000000000,0.22810000000000,NA,9707.8609,33.3490,33.3490,0.0000,33.0027,0.5744,0.5744,0.0000,NA,NA,NA
ExperienceX.exe,56308,0x0,Other,-1,0,0,Composed: Flip,10007.7935,NA,266.58359999999999,NA,0.00000000000000,0.96530000000000,NA,9741.2099,266.5836,266.5836,0.0000,266.6462,0.9027,0.9027,0.0000,NA,NA,NA
ExperienceX.exe,56308,0x0,Other,-1,0,0,Composed: Flip,10274.3854,NA,266.59190000000001,NA,0.00000000000000,0.83250000000000,NA,10007.7935,266.5919,266.5919,0.0000,266.9631,0.4613,0.4613,0.0000,NA,NA,NA
ExperienceX.exe,56308,0x0,Other,-1,0,0,Composed: Flip,10424.2836,NA,149.89820000000000,NA,0.00000000000000,2.43500000000000,NA,10274.3854,149.8982,149.8982,0.0000,150.0958,2.2374,2.2374,0.0000,NA,NA,NA
ExperienceX.exe,56308,0x0,Other,-1,0,0,Composed: Flip,10474.1770,NA,49.89340000000000,NA,0.00000000000000,1.24580000000000,NA,10424.2836,49.8934,49.8934,0.0000,50.2348,0.9044,0.9044,0.0000,NA,NA,NA
ExperienceX.exe,56308,0x216838E1150,DXGI,1,0,0,Composed: Flip,10557.2196,NA,13.94310000000000,16.68100000000000,0.12800000000000,0.80370000000000,32.9913,10543.3418,14.0058,13.8778,0.1280,1.0938,13.5877,0.7224,12.8653,1.9253,10543.3418,NA
ExperienceX.exe,56308,0x216838E1150,DXGI,1,0,0,Composed: Flip,10574.0212,NA,16.80160000000000,NA,0.06070000000000,1.37320000000000,NA,10557.3476,16.7343,16.6736,0.0607,17.1518,0.8950,0.8950,0.0000,NA,NA,NA
ExperienceX.exe,56308,0x216838E1150,DXGI,1,0,0,Composed: Flip,10590.5768,NA,16.55560000000000,33.42640000000000,0.18950000000000,2.64190000000000,33.0605,10574.0819,16.6844,16.4949,0.1895,16.6806,2.4562,2.4562,0.0000,-2.6863,10574.0819,NA
ExperienceX.exe,56308,0x216838E1150,DXGI,1,0,0,Composed: Flip,10607.9564,NA,17.37960000000000,16.61860000000000,0.04480000000000,1.87890000000000,32.2995,10590.7663,17.2349,17.1901,0.0448,17.5893,1.4797,1.4709,0.0088,0.0658,10590.7663,NA
ExperienceX.exe,56308,0x216838E1150,DXGI,1,0,0,Composed: Flip,10623.9570,NA,16.00060000000000,16.63980000000000,0.14270000000000,0.82770000000000,32.9387,10608.0012,16.0985,15.9558,0.1427,16.1102,0.6733,0.6670,0.0063,0.5951,10608.0012,NA
ExperienceX.exe,56308,0x216838E1150,DXGI,1,0,0,Composed: Flip,10641.3293,NA,17.37230000000000,16.68710000000000,0.30150000000000,1.97580000000000,32.2535,10624.0997,17.5311,17.2296,0.3015,18.1428,1.0626,1.0552,0.0074,-0.5886,10624.0997,NA
ExperienceX.exe,56308,0x216838E1150,DXGI,1,0,0,Composed: Flip,10657.4619,NA,16.13260000000000,16.61580000000000,0.52370000000000,1.00310000000000,32.7367,10641.6308,16.3548,15.8311,0.5237,16.2560,0.5782,0.5782,0.0000,0.9153,10641.6308,NA
ExperienceX.exe,56308,0x216838E1150,DXGI,1,0,0,Composed: Flip,10674.9779,NA,17.51600000000000,16.93220000000000,0.07020000000000,1.74840000000000,32.1529,10657.9856,17.0625,16.9923,0.0702,17.6590,1.0817,1.0720,0.0097,-0.5774,10657.9856,NA
ExperienceX.exe,56308,0x216838E1150,DXGI,1,0,0,Composed: Flip,10690.4505,NA,15.47260000000000,16.41430000000000,0.14450000000000,0.73710000000000,33.0946,10675.0481,15.5469,15.4024,0.1445,15.5467,0.5928,0.5928,0.0000,0.6482,10675.0481,NA
ExperienceX.exe,56308,0x216838E1150,DXGI,1,0,0,Composed: Flip,10709.5190,NA,19.06850000000000,17.08440000000000,0.07750000000000,1.50450000000000,31.1105,10690.5950,19.0015,18.9240,0.0775,19.3500,1.0785,1.0719,0.0066,-1.5375,10690.5950,NA
ExperienceX.exe,56308,0x216838E1150,DXGI,1,0,0,Composed: Flip,10723.8592,NA,14.34020000000000,16.29320000000000,0.20760000000000,1.12940000000000,33.0635,10709.5965,14.4703,14.2627,0.2076,14.4929,0.8992,0.8992,0.0000,2.7083,10709.5965,NA
ExperienceX.exe,56308,0x216838E1150,DXGI,1,0,0,Composed: Flip,10743.1760,NA,19.31680000000000,16.61410000000000,0.34080000000000,2.15630000000000,30.3608,10724.0668,19.4500,19.1092,0.3408,19.0899,2.1756,2.1709,0.0047,-2.1438,10724.0668,NA
ExperienceX.exe,56308,0x216838E1150,DXGI,1,0,0,Composed: Flip,10757.2965,NA,14.12050000000000,16.66760000000000,0.19320000000000,0.87140000000000,32.9079,10743.5168,13.9729,13.7797,0.1932,14.0394,0.6117,0.6117,0.0000,2.7824,10743.5168,NA
ExperienceX.exe,56308,0x216838E1150,DXGI,1,0,0,Composed: Flip,10774.6876,NA,17.39110000000000,16.65860000000000,0.05500000000000,1.82820000000000,32.1754,10757.4897,17.2529,17.1979,0.0550,17.5339,1.4922,1.4876,0.0046,-2.6857,10757.4897,NA
ExperienceX.exe,56308,0x216838E1150,DXGI,1,0,0,Composed: Flip,10790.7129,NA,16.02530000000000,16.68680000000000,0.19520000000000,0.82240000000000,32.8369,10774.7426,16.1655,15.9703,0.1952,16.1976,0.5951,0.5951,0.0000,0.5661,10774.7426,NA
ExperienceX.exe,56308,0x216838E1150,DXGI,1,0,0,Composed: Flip,10807.3567,NA,16.64380000000000,16.63270000000000,0.06930000000000,2.51490000000000,32.8258,10790.9081,16.5179,16.4486,0.0693,17.8058,1.1577,1.1509,0.0068,-0.4672,10790.9081,NA
ExperienceX.exe,56308,0x216838E1150,DXGI,1,0,0,Composed: Flip,10823.8517,NA,16.49500000000000,16.68920000000000,0.16890000000000,0.78440000000000,33.0200,10807.4260,16.5946,16.4257,0.1689,16.6070,0.6031,0.6031,0.0000,-0.1713,10807.4260,NA
ExperienceX.exe,56308,0x216838E1150,DXGI,1,0,0,Composed: Flip,10841.2427,NA,17.39100000000000,16.69510000000000,0.15120000000000,1.97350000000000,32.3241,10824.0206,17.3733,17.2221,0.1512,17.6913,1.5043,1.4955,0.0088,-0.1005,10824.0206,NA
ExperienceX.exe,56308,0x216838E1150,DXGI,1,0,0,Composed: Flip,10857.1610,NA,15.91830000000000,16.70940000000000,0.21240000000000,1.12110000000000,33.1152,10841.3939,15.9795,15.7671,0.2124,15.9625,0.9257,0.7751,0.1506,0.6639,10841.3939,NA
ExperienceX.exe,56308,0x216838E1150,DXGI,1,0,0,Composed: Flip,10874.4138,NA,17.25280000000000,16.60120000000000,0.06890000000000,2.48110000000000,32.4636,10857.3734,17.1093,17.0404,0.0689,18.0311,1.4904,1.4833,0.0071,-0.6217,10857.3734,NA
ExperienceX.exe,56308,0x216838E1150,DXGI,1,0,0,Composed: Flip,10890.5824,NA,16.16860000000000,16.70410000000000,0.18890000000000,0.71480000000000,32.9991,10874.4827,16.2886,16.0997,0.1889,16.2311,0.5834,0.5834,0.0000,0.4052,10874.4827,NA
ExperienceX.exe,56308,0x216838E1150,DXGI,1,0,0,Composed: Flip,10907.9618,NA,17.37940000000000,16.92250000000000,0.38780000000000,1.95350000000000,32.5422,10890.7713,17.5783,17.1905,0.3878,18.1021,1.0419,1.0358,0.0061,-0.6339,10890.7713,NA
ExperienceX.exe,56308,0x216838E1150,DXGI,1,0,0,Composed: Flip,10924.0807,NA,16.11890000000000,16.38970000000000,0.28370000000000,1.08220000000000,32.8130,10908.3496,16.0148,15.7311,0.2837,15.9928,0.8205,0.8205,0.0000,1.1886,10908.3496,NA
ExperienceX.exe,56308,0x216838E1150,DXGI,1,0,0,Composed: Flip,10942.9711,NA,18.89040000000000,16.78370000000000,0.21570000000000,1.68590000000000,30.7063,10924.3644,18.8224,18.6067,0.2157,19.2389,1.0537,1.0430,0.0107,-0.7689,10924.3644,NA
ExperienceX.exe,56308,0x216838E1150,DXGI,1,0,0,Composed: Flip,10957.1310,NA,14.15990000000000,16.53870000000000,0.10890000000000,0.72630000000000,33.0851,10943.1868,14.0531,13.9442,0.1089,14.0649,0.6056,0.6056,0.0000,2.2837,10943.1868,NA
ExperienceX.exe,56308,0x216838E1150,DXGI,1,0,0,Composed: Flip,10974.5129,NA,17.38190000000000,16.67870000000000,0.95350000000000,3.47320000000000,32.3819,10957.2399,18.2265,17.2730,0.9535,18.9646,1.7816,1.7759,0.0057,-2.6256,10957.2399,NA
ExperienceX.exe,56308,0x216838E1150,DXGI,1,0,0,Composed: Flip,10990.5846,NA,16.07170000000000,16.64740000000000,0.22200000000000,1.09820000000000,32.9576,10975.4664,15.3402,15.1182,0.2220,15.3670,0.8494,0.8494,0.0000,1.5791,10975.4664,NA
ExperienceX.exe,56308,0x216838E1150,DXGI,1,0,0,Composed: Flip,11007.7608,NA,17.17620000000000,16.67330000000000,0.19740000000000,2.12610000000000,32.4547,10990.8066,17.1516,16.9542,0.1974,17.6029,1.4774,1.4692,0.0082,-1.3331,10990.8066,NA
ExperienceX.exe,56308,0x216838E1150,DXGI,1,0,0,Composed: Flip,11023.8315,NA,16.07070000000000,16.65330000000000,0.26340000000000,1.16000000000000,33.0373,11007.9582,16.1367,15.8733,0.2634,16.2010,0.8323,0.8323,0.0000,0.4983,11007.9582,NA
ExperienceX.exe,56308,0x216838E1150,DXGI,1,0,0,Composed: Flip,11041.4159,NA,17.58440000000000,16.66780000000000,0.05240000000000,1.86240000000000,32.1207,11024.0949,17.3734,17.3210,0.0524,17.6774,1.5060,1.4978,0.0082,-0.5311,11024.0949,NA
ExperienceX.exe,56308,0x216838E1150,DXGI,1,0,0,Composed: Flip,11057.1730,NA,15.75710000000000,16.66870000000000,0.15810000000000,0.88940000000000,33.0323,11041.4683,15.8628,15.7047,0.1581,15.8777,0.7164,0.7164,0.0000,0.7047,11041.4683,NA
ExperienceX.exe,56308,0x216838E1150,DXGI,1,0,0,Composed: Flip,11074.0091,NA,16.83610000000000,16.68360000000000,0.05690000000000,2.51280000000000,32.8798,11057.3311,16.7349,16.6780,0.0569,17.7003,1.4905,1.4801,0.0104,-0.8208,11057.3311,NA
ExperienceX.exe,56308,0x216838E1150,DXGI,1,0,0,Composed: Flip,11090.4735,NA,16.46440000000000,16.90300000000000,0.18240000000000,1.97170000000000,33.3184,11074.0660,16.5899,16.4075,0.1824,16.5536,1.8256,1.8177,0.0079,-0.1681,11074.0660,NA
ExperienceX.exe,56308,0x216838E1150,DXGI,1,0,0,Composed: Flip,11108.2649,NA,17.79140000000000,16.76290000000000,0.41510000000000,1.81620000000000,32.2899,11090.6559,18.0241,17.6090,0.4151,18.3070,1.1182,1.1105,0.0077,-0.1730,11090.6559,NA
ExperienceX.exe,56308,0x216838E1150,DXGI,1,0,0,Composed: Flip,11124.5060,NA,16.24110000000000,16.34020000000000,0.26400000000000,1.16050000000000,32.3890,11108.6800,16.0900,15.8260,0.2640,16.0896,0.8969,0.8969,0.0000,1.6839,11108.6800,NA
ExperienceX.exe,56308,0x216838E1150,DXGI,1,0,0,Composed: Flip,11142.6623,NA,18.15630000000000,16.70960000000000,0.09290000000000,1.74020000000000,30.9423,11124.7700,17.9852,17.8923,0.0929,18.5670,1.0655,1.0655,0.0000,-0.6196,11124.7700,NA
ExperienceX.exe,56308,0x216838E1150,DXGI,1,0,0,Composed: Flip,11157.2169,NA,14.55460000000000,16.78690000000000,0.21280000000000,0.94220000000000,33.1746,11142.7552,14.6745,14.4617,0.2128,1.6473,13.7566,0.9974,12.7592,1.1983,11142.7552,NA
ExperienceX.exe,56308,0x216838E1150,DXGI,1,0,0,Composed: Flip,11174.7706,NA,17.55370000000000,16.49560000000000,0.05690000000000,2.00850000000000,32.1165,11157.4297,17.3978,17.3409,0.0569,17.8508,1.4986,1.4986,0.0000,-1.8211,11157.4297,NA
ExperienceX.exe,56308,0x216838E1150,DXGI,1,0,0,Composed: Flip,11190.9102,NA,16.13960000000000,16.85510000000000,0.19780000000000,2.41660000000000,32.8320,11174.8275,16.2805,16.0827,0.1978,1.9516,16.5477,2.3933,14.1544,0.5427,11174.8275,NA
ExperienceX.exe,56308,0x216838E1150,DXGI,1,0,0,Composed: Flip,11207.9025,NA,16.99230000000000,16.56970000000000,0.05840000000000,2.00250000000000,32.4094,11191.1080,16.8529,16.7945,0.0584,17.2934,1.5036,1.4952,0.0084,-0.2892,11191.1080,NA
ExperienceX.exe,56308,0x216838E1150,DXGI,1,0,0,Composed: Flip,11224.1680,NA,16.26550000000000,16.59150000000000,0.22480000000000,0.78490000000000,32.7354,11207.9609,16.4319,16.2071,0.2248,16.4029,0.5891,0.5891,0.0000,0.2614,11207.9609,NA
ExperienceX.exe,56308,0x216838E1150,DXGI,1,0,0,Composed: Flip,11240.9071,NA,16.73910000000000,16.63400000000000,0.07090000000000,2.94020000000000,32.6303,11224.3928,16.5852,16.5143,0.0709,18.3859,1.0686,1.0604,0.0082,-0.2021,11224.3928,NA
ExperienceX.exe,56308,0x216838E1150,DXGI,1,0,0,Composed: Flip,11257.2553,NA,16.34820000000000,16.70160000000000,0.21240000000000,0.76410000000000,32.9837,11240.9780,16.4897,16.2773,0.2124,16.4225,0.6189,0.6189,0.0000,-0.1164,11240.9780,NA
ExperienceX.exe,56308,0x216838E1150,DXGI,1,0,0,Composed: Flip,11274.8894,NA,17.63410000000000,16.62980000000000,0.05740000000000,1.97670000000000,31.9794,11257.4677,17.4791,17.4217,0.0574,17.8612,1.5372,1.5249,0.0123,-0.1401,11257.4677,NA
ExperienceX.exe,56308,0x216838E1150,DXGI,1,0,0,Composed: Flip,11290.5447,NA,15.65530000000000,16.76030000000000,0.16470000000000,0.78410000000000,33.0844,11274.9468,15.7626,15.5979,0.1647,15.7692,0.6128,0.6128,0.0000,0.7188,11274.9468,NA
ExperienceX.exe,56308,0x216838E1150,DXGI,1,0,0,Composed: Flip,11308.1945,NA,17.64980000000000,16.66420000000000,0.40460000000000,2.32590000000000,32.0988,11290.7094,17.8897,17.4851,0.4046,18.7372,1.0738,1.0636,0.0102,-0.9016,11290.7094,NA
ExperienceX.exe,56308,0x216838E1150,DXGI,1,0,0,Composed: Flip,11324.1075,NA,15.91300000000000,16.59450000000000,0.20680000000000,0.76410000000000,32.7803,11308.5991,15.7152,15.5084,0.2068,15.6841,0.5884,0.5884,0.0000,1.2952,11308.5991,NA
ExperienceX.exe,56308,0x216838E1150,DXGI,1,0,0,Composed: Flip,11342.1817,NA,18.07420000000000,16.65940000000000,0.18700000000000,1.75530000000000,31.3655,11324.3143,18.0544,17.8674,0.1870,18.5870,1.0357,1.0247,0.0110,-0.9442,11324.3143,NA
ExperienceX.exe,56308,0x216838E1150,DXGI,1,0,0,Composed: Flip,11357.1326,NA,14.95090000000000,16.64080000000000,0.18210000000000,0.81810000000000,33.0554,11342.3687,14.9460,14.7639,0.1821,14.9777,0.6043,0.6043,0.0000,1.4136,11342.3687,NA
ExperienceX.exe,56308,0x216838E1150,DXGI,1,0,0,Composed: Flip,11374.2173,NA,17.08470000000000,16.67200000000000,0.14260000000000,2.34730000000000,32.6427,11357.3147,17.0452,16.9026,0.1426,17.7788,1.4711,1.4711,0.0000,-1.7260,11357.3147,NA
ExperienceX.exe,56308,0x216838E1150,DXGI,1,0,0,Composed: Flip,11390.4300,NA,16.21270000000000,16.65780000000000,0.13020000000000,0.68670000000000,33.0878,11374.3599,16.2003,16.0701,0.1302,2.2047,14.5521,0.6245,13.9276,0.3874,11374.3599,NA
ExperienceX.exe,56308,0x216838E1150,DXGI,1,0,0,Composed: Flip,11407.8165,NA,17.38650000000000,16.72200000000000,0.36580000000000,2.53690000000000,32.4233,11390.5602,17.6221,17.2563,0.3658,18.0926,1.7006,1.6966,0.0040,-0.5217,11390.5602,NA
ExperienceX.exe,56308,0x216838E1150,DXGI,1,0,0,Composed: Flip,11423.7818,NA,15.96530000000000,16.61010000000000,0.17500000000000,0.72490000000000,33.0681,11408.1823,15.7745,15.5995,0.1750,15.7662,0.5582,0.5582,0.0000,1.0120,11408.1823,NA
ExperienceX.exe,56308,0x216838E1150,DXGI,1,0,0,Composed: Flip,11441.1002,NA,17.31840000000000,16.67570000000000,0.04750000000000,3.71740000000000,32.4254,11423.9568,17.1909,17.1434,0.0475,18.6590,2.2018,2.1958,0.0060,-0.9012,11423.9568,NA
ExperienceX.exe,56308,0x216838E1150,DXGI,1,0,0,Composed: Flip,11457.1670,NA,16.06680000000000,16.72180000000000,0.12350000000000,0.87640000000000,33.0804,11441.1477,16.1428,16.0193,0.1235,16.1242,0.7715,0.7715,0.0000,0.4691,11441.1477,NA
ExperienceX.exe,56308,0x216838E1150,DXGI,1,0,0,Composed: Flip,11474.5685,NA,17.40150000000000,16.76970000000000,0.04390000000000,1.90350000000000,32.4486,11457.2905,17.3219,17.2780,0.0439,17.7433,1.4382,1.4296,0.0086,-0.6269,11457.2905,NA
ExperienceX.exe,56308,0x216838E1150,DXGI,1,0,0,Composed: Flip,11490.7631,NA,16.19460000000000,16.52270000000000,0.19340000000000,1.08960000000000,32.7767,11474.6124,16.3441,16.1507,0.1934,16.3424,0.8979,0.8979,0.0000,0.7992,11474.6124,NA
ExperienceX.exe,56308,0x216838E1150,DXGI,1,0,0,Composed: Flip,11509.2961,NA,18.53300000000000,16.84050000000000,0.11430000000000,3.53690000000000,31.0842,11490.9565,18.4539,18.3396,0.1143,18.3789,3.4976,3.4914,0.0062,-0.4964,11490.9565,NA
ExperienceX.exe,56308,0x216838E1150,DXGI,1,0,0,Composed: Flip,11523.8223,NA,14.52620000000000,18.16070000000000,0.20510000000000,2.73660000000000,34.7187,11509.4104,14.6170,14.4119,0.2051,14.6340,2.5145,2.3317,0.1828,0.2932,11509.4104,NA
ExperienceX.exe,56308,0x216838E1150,DXGI,1,0,0,Composed: Flip,11542.2051,NA,18.38280000000000,15.00520000000000,0.13900000000000,1.62300000000000,31.3411,11524.0274,18.3167,18.1777,0.1390,18.3200,1.4807,1.4711,0.0096,-0.3882,11524.0274,NA
ExperienceX.exe,56308,0x216838E1150,DXGI,1,0,0,Composed: Flip,11559.0114,NA,16.80630000000000,16.94610000000000,0.21260000000000,0.90640000000000,31.4809,11542.3441,16.8799,16.6673,0.2126,1.4840,16.0897,1.0949,14.9948,1.3706,11542.3441,NA
ExperienceX.exe,56308,0x216838E1150,DXGI,1,0,0,Composed: Flip,11574.6661,NA,15.65470000000000,16.36690000000000,0.36060000000000,8.09180000000000,32.1931,11559.2240,15.8027,15.4421,0.3606,16.1430,7.3909,7.3797,0.0112,0.5130,11559.2240,NA
ExperienceX.exe,56308,0x216838E1150,DXGI,1,0,0,Composed: Flip,11591.1182,NA,16.45210000000000,16.76090000000000,0.25750000000000,1.07780000000000,32.5019,11575.0267,16.3490,16.0915,0.2575,16.3049,0.8644,0.8644,0.0000,-0.9582,11575.0267,NA
ExperienceX.exe,56308,0x216838E1150,DXGI,1,0,0,Composed: Flip,11607.6011,NA,16.48290000000000,16.57680000000000,0.21860000000000,3.73550000000000,32.5958,11591.3757,16.4440,16.2254,0.2186,17.6408,2.3201,2.3136,0.0065,-0.2278,11591.3757,NA
ExperienceX.exe,56308,0x216838E1150,DXGI,1,0,0,Composed: Flip,11624.1163,NA,16.51520000000000,16.67150000000000,0.42580000000000,0.98670000000000,32.7521,11607.8197,16.7224,16.2966,0.4258,16.6120,0.6713,0.6713,0.0000,-0.2275,11607.8197,NA
ExperienceX.exe,56308,0x216838E1150,DXGI,1,0,0,Composed: Flip,11640.7373,NA,16.62100000000000,16.83330000000000,0.08290000000000,2.98880000000000,32.9644,11624.5421,16.2781,16.1952,0.0829,17.4946,1.6894,1.6855,0.0039,-0.1109,11624.5421,NA
ExperienceX.exe,56308,0x216838E1150,DXGI,1,0,0,Composed: Flip,11657.0946,NA,16.35730000000000,16.49760000000000,0.12310000000000,0.73060000000000,33.1047,11640.8202,16.3975,16.2744,0.1231,16.4146,0.5904,0.5904,0.0000,-0.2195,11640.8202,NA
ExperienceX.exe,56308,0x216838E1150,DXGI,1,0,0,Composed: Flip,11674.7399,NA,17.64530000000000,16.65630000000000,0.48900000000000,2.25320000000000,32.1157,11657.2177,18.0112,17.5222,0.4890,18.3476,1.4278,1.4215,0.0063,-0.2588,11657.2177,NA
ExperienceX.exe,56308,0x216838E1150,DXGI,1,0,0,Composed: Flip,11690.4899,NA,15.75000000000000,16.66990000000000,0.07660000000000,0.93500000000000,33.0356,11675.2289,15.3376,15.2610,0.0766,15.3551,0.8409,0.8409,0.0000,1.3413,11675.2289,NA
ExperienceX.exe,56308,0x216838E1150,DXGI,1,0,0,Composed: Flip,11707.8371,NA,17.34720000000000,16.75890000000000,0.05590000000000,1.88980000000000,32.4473,11690.5665,17.3265,17.2706,0.0559,18.1163,1.0441,1.0385,0.0056,-1.4213,11690.5665,NA
ExperienceX.exe,56308,0x216838E1150,DXGI,1,0,0,Composed: Flip,11723.7827,NA,15.94560000000000,16.82230000000000,0.13000000000000,0.74460000000000,33.3240,11707.8930,16.0197,15.8897,0.1300,16.0531,0.5812,0.5812,0.0000,0.5042,11707.8930,NA
ExperienceX.exe,56308,0x216838E1150,DXGI,1,0,0,Composed: Flip,11741.2025,NA,17.41980000000000,16.43230000000000,0.13810000000000,2.77830000000000,32.3365,11723.9127,17.4279,17.2898,0.1381,18.0172,2.0509,2.0509,0.0000,-0.4126,11723.9127,NA
ExperienceX.exe,56308,0x216838E1150,DXGI,1,0,0,Composed: Flip,11757.5574,NA,16.35490000000000,16.65570000000000,0.16850000000000,0.69680000000000,32.6373,11741.3406,16.3853,16.2168,0.1685,2.6402,14.2734,0.7738,13.4996,0.7722,11741.3406,NA
ExperienceX.exe,56308,0x216838E1150,DXGI,1,0,0,Composed: Flip,11774.6050,NA,17.04760000000000,16.65560000000000,0.28370000000000,1.48080000000000,32.2453,11757.7259,17.1628,16.8791,0.2837,17.1959,1.1640,1.1579,0.0061,-0.2703,11757.7259,NA
ExperienceX.exe,56308,0x216838E1150,DXGI,1,0,0,Composed: Flip,11790.5279,NA,15.92290000000000,16.68320000000000,0.22280000000000,0.68590000000000,33.0056,11774.8887,15.8620,15.6392,0.2228,15.8700,0.4551,0.4551,0.0000,0.4796,11774.8887,NA
ExperienceX.exe,56308,0x216838E1150,DXGI,1,0,0,Composed: Flip,11807.9697,NA,17.44180000000000,16.65540000000000,0.04640000000000,1.76320000000000,32.2192,11790.7507,17.2654,17.2190,0.0464,18.1923,0.7899,0.7787,0.0112,-0.7934,11790.7507,NA
ExperienceX.exe,56308,0x216838E1150,DXGI,1,0,0,Composed: Flip,11823.7736,NA,15.80390000000000,16.75650000000000,0.13120000000000,0.61980000000000,33.1718,11808.0161,15.8887,15.7575,0.1312,15.8974,0.4799,0.4799,0.0000,0.5089,11808.0161,NA
ExperienceX.exe,56308,0x216838E1150,DXGI,1,0,0,Composed: Flip,11840.9669,NA,17.19330000000000,16.62500000000000,0.37620000000000,1.53090000000000,32.6035,11823.9048,17.4383,17.0621,0.3762,17.7726,0.8204,0.8204,0.0000,-0.7363,11823.9048,NA
ExperienceX.exe,56308,0x216838E1150,DXGI,1,0,0,Composed: Flip,11857.2523,NA,16.28540000000000,16.63050000000000,0.15240000000000,0.65730000000000,32.9486,11841.3431,16.0616,15.9092,0.1524,1.1547,15.4118,0.7249,14.6869,0.8078,11841.3431,NA
ExperienceX.exe,56308,0x216838E1150,DXGI,1,0,0,Composed: Flip,11874.9632,NA,17.71090000000000,16.66890000000000,0.08030000000000,1.28200000000000,31.9066,11857.4047,17.6388,17.5585,0.0803,18.0352,0.8053,0.7991,0.0062,-0.6073,11857.4047,NA
ExperienceX.exe,56308,0x216838E1150,DXGI,1,0,0,Composed: Flip,11890.3960,NA,15.43280000000000,16.68140000000000,0.08400000000000,0.54640000000000,33.1552,11875.0435,15.4365,15.3525,0.0840,15.4445,0.4544,0.4544,0.0000,0.9574,11875.0435,NA
ExperienceX.exe,56308,0x216838E1150,DXGI,1,0,0,Composed: Flip,11908.8767,NA,18.48070000000000,16.68910000000000,0.06590000000000,1.27900000000000,31.3636,11890.4800,18.4626,18.3967,0.0659,18.8499,0.8258,0.8258,0.0000,-1.2526,11890.4800,NA
ExperienceX.exe,56308,0x216838E1150,DXGI,1,0,0,Composed: Flip,11923.9124,NA,15.03570000000000,16.72610000000000,0.26220000000000,0.62290000000000,33.0540,11908.9426,15.2320,14.9698,0.2622,1.2131,14.3796,1.0938,13.2858,1.7365,11908.9426,NA
ExperienceX.exe,56308,0x216838E1150,DXGI,1,0,0,Composed: Flip,11941.9292,NA,18.01680000000000,16.64290000000000,0.35500000000000,1.58550000000000,31.6801,11924.1746,18.1096,17.7546,0.3550,18.9490,0.3911,0.3911,0.0000,-1.4109,11924.1746,NA
ExperienceX.exe,56308,0x216838E1150,DXGI,1,0,0,Composed: Flip,11957.3359,NA,15.40670000000000,16.58760000000000,0.24160000000000,1.33720000000000,32.8610,11942.2842,15.2933,15.0517,0.2416,1.2305,15.1584,1.1015,14.0569,1.5220,11942.2842,NA
ExperienceX.exe,56308,0x216838E1150,DXGI,1,0,0,Composed: Flip,11975.3188,NA,17.98290000000000,16.69390000000000,0.16150000000000,1.13850000000000,31.5720,11957.5775,17.9028,17.7413,0.1615,18.0911,0.7887,0.7887,0.0000,-1.4006,11957.5775,NA
ExperienceX.exe,56308,0x216838E1150,DXGI,1,0,0,Composed: Flip,11990.4184,NA,15.09960000000000,16.64390000000000,0.15120000000000,1.02930000000000,33.1163,11975.4803,15.0893,14.9381,0.1512,0.9770,14.9904,0.9075,14.0829,1.2589,11975.4803,NA
ExperienceX.exe,56308,0x216838E1150,DXGI,1,0,0,Composed: Flip,12007.8394,NA,17.42100000000000,16.65000000000000,0.12600000000000,1.59070000000000,32.3453,11990.5696,17.3958,17.2698,0.1260,17.9869,0.8736,0.8660,0.0076,-1.5607,11990.5696,NA
ExperienceX.exe,56308,0x216838E1150,DXGI,1,0,0,Composed: Flip,12023.9297,NA,16.09030000000000,16.70580000000000,0.23280000000000,0.79110000000000,32.9608,12007.9654,16.1971,15.9643,0.2328,1.4647,15.2907,1.5162,13.7745,0.6900,12007.9654,NA
ExperienceX.exe,56308,0x216838E1150,DXGI,1,0,0,Composed: Flip,12040.8859,NA,16.95620000000000,16.69080000000000,0.28730000000000,1.60820000000000,32.6954,12024.1625,17.0107,16.7234,0.2873,17.1853,1.1463,1.1422,0.0041,-0.4937,12024.1625,NA
ExperienceX.exe,56308,0x216838E1150,DXGI,1,0,0,Composed: Flip,12057.2076,NA,16.32170000000000,16.65980000000000,0.19260000000000,0.91400000000000,33.0335,12041.1732,16.2270,16.0344,0.1926,16.2625,0.6859,0.6859,0.0000,0.3509,12041.1732,NA
ExperienceX.exe,56308,0x216838E1150,DXGI,1,0,0,Composed: Flip,12075.4353,NA,18.22770000000000,16.64220000000000,0.05530000000000,1.78690000000000,31.4480,12057.4002,18.0904,18.0351,0.0553,18.4334,1.3886,1.3846,0.0040,-0.4152,12057.4002,NA
ExperienceX.exe,56308,0x216838E1150,DXGI,1,0,0,Composed: Flip,12090.5593,NA,15.12400000000000,16.64090000000000,0.18480000000000,1.15970000000000,32.9649,12075.4906,15.2535,15.0687,0.1848,15.3021,0.9263,0.9263,0.0000,1.4495,12075.4906,NA
ExperienceX.exe,56308,0x216838E1150,DXGI,1,0,0,Composed: Flip,12108.4034,NA,17.84410000000000,16.66110000000000,0.05590000000000,1.39810000000000,31.7819,12090.7441,17.7152,17.6593,0.0559,18.2584,0.7990,0.7950,0.0040,-1.4076,12090.7441,NA
ExperienceX.exe,56308,0x216838E1150,DXGI,1,0,0,Composed: Flip,12123.9163,NA,15.51290000000000,16.81100000000000,0.22540000000000,0.73880000000000,33.0800,12108.4593,15.6824,15.4570,0.2254,15.7270,0.4688,0.4688,0.0000,0.9042,12108.4593,NA
ExperienceX.exe,56308,0x216838E1150,DXGI,1,0,0,Composed: Flip,12141.0915,NA,17.17520000000000,16.79120000000000,0.07420000000000,1.40330000000000,32.6960,12124.1417,17.0240,16.9498,0.0742,17.5344,0.8187,0.8187,0.0000,-1.1088,12124.1417,NA
ExperienceX.exe,56308,0x216838E1150,DXGI,1,0,0,Composed: Flip,12157.5319,NA,16.44040000000000,16.55910000000000,0.42790000000000,2.36750000000000,32.8147,12141.1657,16.7941,16.3662,0.4279,1.3291,17.4046,2.0095,15.3951,0.4649,12141.1657,NA
ExperienceX.exe,56308,0x216838E1150,DXGI,1,0,0,Composed: Flip,12176.0125,NA,18.48060000000000,16.53670000000000,0.09220000000000,0.76120000000000,30.8708,12157.9598,18.1449,18.0527,0.0922,17.6424,1.1715,1.1715,0.0000,0.2574,12157.9598,NA
ExperienceX.exe,56308,0x216838E1150,DXGI,1,0,0,Composed: Flip,12190.7877,NA,14.77520000000000,16.63960000000000,0.21310000000000,1.19040000000000,32.7352,12176.1047,14.8961,14.6830,0.2131,0.6690,15.2044,1.2887,13.9157,1.5053,12176.1047,NA
ExperienceX.exe,56308,0x216838E1150,DXGI,1,0,0,Composed: Flip,12207.8331,NA,17.04540000000000,16.74640000000000,0.27450000000000,1.52190000000000,32.4362,12191.0008,17.1068,16.8323,0.2745,17.1825,1.1717,1.1717,0.0000,-1.8503,12191.0008,NA
ExperienceX.exe,56308,0x216838E1150,DXGI,1,0,0,Composed: Flip,12223.7429,NA,15.90980000000000,16.62950000000000,0.06610000000000,0.69370000000000,33.1559,12208.1076,15.7014,15.6353,0.0661,1.2474,15.0816,0.7763,14.3053,0.4773,12208.1076,NA
ExperienceX.exe,56308,0x216838E1150,DXGI,1,0,0,Composed: Flip,12240.6817,NA,16.93880000000000,16.63980000000000,0.33670000000000,1.95920000000000,32.8569,12223.8090,17.2094,16.8727,0.3367,17.6398,1.1921,1.1844,0.0077,-0.9384,12223.8090,NA
ExperienceX.exe,56308,0x216838E1150,DXGI,1,0,0,Composed: Flip,12257.2418,NA,16.56010000000000,16.64440000000000,0.05310000000000,1.89210000000000,32.9412,12241.0184,16.2765,16.2234,0.0531,16.2845,1.8310,1.8310,0.0000,0.5650,12241.0184,NA
ExperienceX.exe,56308,0x216838E1150,DXGI,1,0,0,Composed: Flip,12274.4399,NA,17.19810000000000,16.94180000000000,0.34270000000000,1.63460000000000,32.6849,12257.2949,17.4877,17.1450,0.3427,17.9915,0.7881,0.7849,0.0032,-0.6653,12257.2949,NA
ExperienceX.exe,56308,0x216838E1150,DXGI,1,0,0,Composed: Flip,12290.5642,NA,16.12430000000000,16.51210000000000,0.08320000000000,0.62860000000000,33.0727,12274.7826,15.8648,15.7816,0.0832,15.9075,0.5027,0.5027,0.0000,0.9756,12274.7826,NA
ExperienceX.exe,56308,0x216838E1150,DXGI,1,0,0,Composed: Flip,12308.8721,NA,18.30790000000000,16.81330000000000,0.18480000000000,2.17860000000000,31.5781,12290.6474,18.4095,18.2247,0.1848,19.2098,1.1935,1.1751,0.0184,-0.9485,12290.6474,NA
ExperienceX.exe,56308,0x216838E1150,DXGI,1,0,0,Composed: Flip,12324.1148,NA,15.24270000000000,16.41080000000000,0.31650000000000,1.22930000000000,32.7462,12309.0569,15.3744,15.0579,0.3165,15.2737,1.0135,1.0135,0.0000,1.9987,12309.0569,NA
ExperienceX.exe,56308,0x216838E1150,DXGI,1,0,0,Composed: Flip,12342.3046,NA,18.18980000000000,16.67520000000000,0.11630000000000,3.65070000000000,31.2316,12324.4313,17.9896,17.8733,0.1163,19.5181,2.0059,1.9795,0.0264,-1.3008,12324.4313,NA
ExperienceX.exe,56308,0x216838E1150,DXGI,1,0,0,Composed: Flip,12357.2894,NA,14.98480000000000,16.72860000000000,0.24740000000000,1.19830000000000,32.9754,12342.4209,15.1159,14.8685,0.2474,15.1403,0.9265,0.9265,0.0000,1.2610,12342.4209,NA
ExperienceX.exe,56308,0x216838E1150,DXGI,1,0,0,Composed: Flip,12374.5199,NA,17.23050000000000,16.60130000000000,0.09930000000000,1.52130000000000,32.3462,12357.5368,17.0824,16.9831,0.0993,17.3598,1.1446,1.1446,0.0000,-1.4854,12357.5368,NA
ExperienceX.exe,56308,0x216838E1150,DXGI,1,0,0,Composed: Flip,12390.5100,NA,15.99010000000000,16.64650000000000,0.07270000000000,2.04590000000000,33.0026,12374.6192,15.9635,15.8908,0.0727,1.4220,16.5147,2.0750,14.4397,0.4359,12374.6192,NA
ExperienceX.exe,56308,0x216838E1150,DXGI,1,0,0,Composed: Flip,12407.6734,NA,17.16340000000000,16.67710000000000,0.13650000000000,1.59300000000000,32.5163,12390.5827,17.2272,17.0907,0.1365,17.8846,0.7991,0.7991,0.0000,-0.7136,12390.5827,NA
ExperienceX.exe,56308,0x216838E1150,DXGI,1,0,0,Composed: Flip,12423.7867,NA,16.11330000000000,16.70350000000000,0.17850000000000,0.58000000000000,33.1065,12407.8099,16.1553,15.9768,0.1785,1.4565,15.1003,0.5073,14.5930,0.5237,12407.8099,NA
ExperienceX.exe,56308,0x216838E1150,DXGI,1,0,0,Composed: Flip,12441.6816,NA,17.89490000000000,16.63410000000000,0.46610000000000,1.77590000000000,31.8457,12423.9652,18.1825,17.7164,0.4661,18.6950,0.7973,0.7914,0.0059,-0.4788,12423.9652,NA
ExperienceX.exe,56308,0x216838E1150,DXGI,1,0,0,Composed: Flip,12457.2097,NA,15.52810000000000,16.66350000000000,0.11870000000000,0.98540000000000,32.9811,12442.1477,15.1807,15.0620,0.1187,15.2033,0.8441,0.8441,0.0000,1.5190,12442.1477,NA
ExperienceX.exe,56308,0x216838E1150,DXGI,1,0,0,Composed: Flip,12475.4482,NA,18.23850000000000,16.67690000000000,0.07500000000000,0.81010000000000,31.4195,12457.3284,18.1948,18.1198,0.0750,18.1260,0.8039,0.8039,0.0000,-1.4962,12457.3284,NA
ExperienceX.exe,56308,0x216838E1150,DXGI,1,0,0,Composed: Flip,12490.5391,NA,15.09090000000000,16.82400000000000,0.10650000000000,0.77000000000000,33.1526,12475.5232,15.1224,15.0159,0.1065,0.7351,15.0508,1.0389,14.0119,1.3708,12475.5232,NA
ExperienceX.exe,56308,0x216838E1150,DXGI,1,0,0,Composed: Flip,12507.6628,NA,17.12370000000000,16.50690000000000,0.06670000000000,1.72060000000000,32.5358,12490.6456,17.0839,17.0172,0.0667,17.4745,1.2633,1.2577,0.0056,-1.3845,12490.6456,NA
ExperienceX.exe,56308,0x216838E1150,DXGI,1,0,0,Composed: Flip,12524.2111,NA,16.54830000000000,16.68750000000000,0.30080000000000,0.90680000000000,32.6750,12507.7295,16.7824,16.4816,0.3008,16.7155,0.6729,0.6359,0.0370,0.3964,12507.7295,NA
ExperienceX.exe,56308,0x216838E1150,DXGI,1,0,0,Composed: Flip,12541.9027,NA,17.69160000000000,16.70420000000000,0.06470000000000,1.09150000000000,31.6876,12524.5119,17.4555,17.3908,0.0647,17.1002,1.3821,1.3821,0.0000,0.0782,12524.5119,NA
ExperienceX.exe,56308,0x216838E1150,DXGI,1,0,0,Composed: Flip,12557.2991,NA,15.39640000000000,16.57970000000000,0.12440000000000,0.59760000000000,32.8709,12541.9674,15.4561,15.3317,0.1244,1.0268,14.9025,0.5175,14.3850,0.8758,12541.9674,NA
ExperienceX.exe,56308,0x216838E1150,DXGI,1,0,0,Composed: Flip,12574.2584,NA,16.95930000000000,16.67700000000000,0.53180000000000,2.19040000000000,32.5886,12557.4235,17.3667,16.8349,0.5318,17.8408,1.1845,1.1786,0.0059,-1.2209,12557.4235,NA
ExperienceX.exe,56308,0x216838E1150,DXGI,1,0,0,Composed: Flip,12590.3646,NA,16.10620000000000,16.72300000000000,0.14850000000000,0.97450000000000,33.2054,12574.7902,15.7229,15.5744,0.1485,15.7174,0.8315,0.8315,0.0000,0.6437,12574.7902,NA
ExperienceX.exe,56308,0x216838E1150,DXGI,1,0,0,Composed: Flip,12607.5213,NA,17.15670000000000,16.64090000000000,0.07050000000000,1.86230000000000,32.6896,12590.5131,17.0787,17.0082,0.0705,17.7131,1.1574,1.1478,0.0096,-0.9180,12590.5131,NA
ExperienceX.exe,56308,0x216838E1150,DXGI,1,0,0,Composed: Flip,12623.9482,NA,16.42690000000000,16.65480000000000,0.17200000000000,2.01300000000000,32.9175,12607.5918,16.5284,16.3564,0.1720,1.7918,16.5776,2.2983,14.2793,0.4239,12607.5918,NA
ExperienceX.exe,56308,0x216838E1150,DXGI,1,0,0,Composed: Flip,12641.4136,NA,17.46540000000000,16.66530000000000,0.07400000000000,1.25130000000000,32.1174,12624.1202,17.3674,17.2934,0.0740,17.3805,1.1642,1.1586,0.0056,-0.1369,12624.1202,NA
ExperienceX.exe,56308,0x216838E1150,DXGI,1,0,0,Composed: Flip,12657.1325,NA,15.71890000000000,16.73550000000000,0.05920000000000,0.52100000000000,33.1340,12641.4876,15.7041,15.6449,0.0592,15.7195,0.4464,0.4397,0.0067,0.6319,12641.4876,NA
ExperienceX.exe,56308,0x216838E1150,DXGI,1,0,0,Composed: Flip,12674.6064,NA,17.47390000000000,16.62810000000000,0.13780000000000,1.37670000000000,32.2882,12657.1917,17.5525,17.4147,0.1378,17.6279,1.1635,1.1186,0.0449,-0.9240,12657.1917,NA
ExperienceX.exe,56308,0x216838E1150,DXGI,1,0,0,Composed: Flip,12690.6620,NA,16.05560000000000,16.68340000000000,0.07200000000000,0.76510000000000,32.9160,12674.7442,15.9898,15.9178,0.0720,1.2389,15.4440,1.0484,14.3956,0.8691,12674.7442,NA
ExperienceX.exe,56308,0x216838E1150,DXGI,1,0,0,Composed: Flip,12708.6002,NA,17.93820000000000,16.72790000000000,0.06550000000000,1.26250000000000,31.7057,12690.7340,17.9317,17.8662,0.0655,18.2690,0.8597,0.8545,0.0052,-0.7381,12690.7340,NA
ExperienceX.exe,56308,0x216838E1150,DXGI,1,0,0,Composed: Flip,12724.0067,NA,15.40650000000000,16.55750000000000,0.30990000000000,2.50280000000000,32.8567,12708.6657,15.6509,15.3410,0.3099,15.6047,2.2391,2.1418,0.0973,1.3742,12708.6657,NA
ExperienceX.exe,56308,0x216838E1150,DXGI,1,0,0,Composed: Flip,12741.3672,NA,17.36050000000000,16.69780000000000,0.91270000000000,2.23970000000000,32.1940,12724.3166,17.9633,17.0506,0.9127,18.4936,0.7967,0.7967,0.0000,-1.0469,12724.3166,NA
ExperienceX.exe,56308,0x216838E1150,DXGI,1,0,0,Composed: Flip,12757.0898,NA,15.72260000000000,16.83820000000000,0.07270000000000,0.90990000000000,33.3096,12742.2799,14.8826,14.8099,0.0727,1.3270,14.3928,1.1877,13.2051,1.1251,12742.2799,NA
ExperienceX.exe,56308,0x216838E1150,DXGI,1,0,0,Composed: Flip,12776.8236,NA,19.73380000000000,16.50860000000000,0.06480000000000,1.14460000000000,30.0844,12757.1625,19.7259,19.6611,0.0648,18.4825,2.3232,1.9065,0.4167,-1.6260,12757.1625,NA
ExperienceX.exe,56308,0x216838E1150,DXGI,1,0,0,Composed: Flip,12791.0088,NA,14.18520000000000,16.60100000000000,0.33850000000000,2.20170000000000,32.5002,12776.8884,14.4589,14.1204,0.3385,1.0798,15.2423,1.8076,13.4347,3.1249,12776.8884,NA
ExperienceX.exe,56308,0x216838E1150,DXGI,1,0,0,Composed: Flip,12807.7333,NA,16.72450000000000,16.69770000000000,0.04870000000000,1.57570000000000,32.4734,12791.3473,16.4347,16.3860,0.0487,16.7828,1.1789,1.1752,0.0037,-2.2388,12791.3473,NA
ExperienceX.exe,56308,0x216838E1150,DXGI,1,0,0,Composed: Flip,12823.7445,NA,16.01120000000000,16.63950000000000,0.14420000000000,0.59250000000000,33.1017,12807.7820,16.1067,15.9625,0.1442,16.1063,0.4487,0.4487,0.0000,-0.2048,12807.7820,NA
ExperienceX.exe,56308,0x216838E1150,DXGI,1,0,0,Composed: Flip,12841.5921,NA,17.84760000000000,17.09940000000000,0.05420000000000,1.16120000000000,32.3535,12823.8887,17.7576,17.7034,0.0542,17.7132,1.1514,1.1451,0.0063,-0.9927,12823.8887,NA
ExperienceX.exe,56308,0x0,Other,-1,0,0,Composed: Flip,10574.3219,NA,100.14490000000001,1933.37810000000013,0.00000000000000,2.11000000000000,32.6022,10474.1770,100.1449,100.1449,0.0000,101.2174,1.0375,1.0285,0.0090,99.9150,10474.1770,NA
ExperienceX.exe,56308,0x0,Other,-1,0,0,Composed: Flip,10641.0009,NA,66.67900000000000,NA,0.00000000000000,1.24160000000000,NA,10574.3219,66.6790,66.6790,0.0000,67.0044,0.9162,0.9162,0.0000,NA,NA,NA
ExperienceX.exe,56308,0x0,Other,-1,0,0,Composed: Flip,10907.6822,NA,266.68130000000002,NA,0.00000000000000,1.19120000000000,NA,10641.0009,266.6813,266.6813,0.0000,266.9606,0.9119,0.9119,0.0000,NA,NA,NA
ExperienceX.exe,56308,0x0,Other,-1,0,0,Composed: Flip,11440.9375,NA,533.25530000000003,NA,0.00000000000000,1.67830000000000,NA,10907.6822,533.2553,533.2553,0.0000,533.5797,1.3539,1.3539,0.0000,NA,NA,NA
ExperienceX.exe,56308,0x0,Other,-1,0,0,Composed: Flip,11574.2000,NA,133.26250000000002,NA,0.00000000000000,0.64650000000000,NA,11440.9375,133.2625,133.2625,0.0000,121.5654,12.3436,1.3931,10.9505,NA,NA,NA
ExperienceX.exe,56308,0x0,Other,-1,0,0,Composed: Flip,11807.4127,NA,233.21270000000001,NA,0.00000000000000,1.06560000000000,NA,11574.2000,233.2127,233.2127,0.0000,219.0941,15.1842,2.1118,13.0724,NA,NA,NA
ExperienceX.exe,56308,0x0,Other,-1,0,0,Composed: Flip,11991.6959,NA,184.28320000000002,NA,0.00000000000000,1.46110000000000,NA,11807.4127,184.2832,184.2832,0.0000,185.3920,0.3523,0.3523,0.0000,NA,NA,NA
ExperienceX.exe,56308,0x0,Other,-1,0,0,Composed: Flip,12107.9045,NA,116.20860000000000,NA,0.00000000000000,0.72870000000000,NA,11991.6959,116.2086,116.2086,0.0000,101.6230,15.3143,2.2948,13.0195,NA,NA,NA
ExperienceX.exe,56308,0x0,Other,-1,0,0,Composed: Flip,12124.6696,NA,16.76510000000000,NA,0.00000000000000,2.12240000000000,NA,12107.9045,16.7651,16.7651,0.0000,18.8839,0.0036,0.0036,0.0000,NA,NA,NA
ExperienceX.exe,56308,0x0,Other,-1,0,0,Composed: Flip,12140.7941,NA,16.12450000000000,NA,0.00000000000000,0.88200000000000,NA,12124.6696,16.1245,16.1245,0.0000,16.3377,0.6688,0.6688,0.0000,NA,NA,NA
ExperienceX.exe,56308,0x216838E1150,DXGI,1,0,0,Composed: Flip,12857.0809,NA,15.48880000000000,16.26040000000000,0.11990000000000,0.54640000000000,33.1251,12841.6463,15.5545,15.4346,0.1199,1.1070,14.8740,0.9067,13.9673,1.4972,12841.6463,NA
ExperienceX.exe,56308,0x216838E1150,DXGI,1,0,0,Composed: Flip,12874.6112,NA,17.53030000000000,NA,0.06890000000000,0.72590000000000,NA,12857.2008,17.4793,17.4104,0.0689,17.7400,0.3963,0.3963,0.0000,NA,NA,NA
ExperienceX.exe,56308,0x216838E1150,DXGI,1,0,0,Composed: Flip,12890.5307,NA,15.91950000000000,33.34540000000001,0.20180000000000,1.88480000000000,33.0207,12874.6801,16.0524,15.8506,0.2018,1.7800,15.9554,1.9197,14.0357,-0.3116,12874.6801,NA
ExperienceX.exe,56308,0x216838E1150,DXGI,1,0,0,Composed: Flip,12907.3885,NA,16.85780000000000,16.76130000000000,0.06400000000000,1.86350000000000,32.9242,12890.7325,16.7200,16.6560,0.0640,17.3700,1.1495,1.1495,0.0000,-0.7089,12890.7325,NA
ExperienceX.exe,56308,0x216838E1150,DXGI,1,0,0,Composed: Flip,12923.8183,NA,16.42980000000000,16.64440000000000,0.20340000000000,0.62470000000000,33.1388,12907.4525,16.5692,16.3658,0.2034,1.7995,15.1910,0.4928,14.6982,0.0756,12907.4525,NA
ExperienceX.exe,56308,0x216838E1150,DXGI,1,0,0,Composed: Flip,12941.8813,NA,18.06300000000000,16.57860000000000,0.07780000000000,1.50500000000000,31.6544,12924.0217,17.9374,17.8596,0.0778,18.9080,0.4566,0.4465,0.0101,-0.0094,12924.0217,NA
ExperienceX.exe,56308,0x216838E1150,DXGI,1,0,0,Composed: Flip,12957.3438,NA,15.46250000000000,16.69470000000000,0.32040000000000,1.85410000000000,32.8866,12941.9591,15.7051,15.3847,0.3204,15.7934,1.4454,1.4454,0.0000,1.2427,12941.9591,NA
ExperienceX.exe,56308,0x216838E1150,DXGI,1,0,0,Composed: Flip,12974.7221,NA,17.37830000000000,16.62120000000000,0.27290000000000,1.49390000000000,32.1295,12957.6642,17.3308,17.0579,0.2729,18.1619,0.3899,0.3843,0.0056,-0.9161,12957.6642,NA
ExperienceX.exe,56308,0x216838E1150,DXGI,1,0,0,Composed: Flip,12990.5989,NA,15.87680000000000,16.72650000000000,0.28020000000000,0.87470000000000,32.9792,12974.9950,15.8841,15.6039,0.2802,15.8554,0.6232,0.6232,0.0000,0.6043,12974.9950,NA
ExperienceX.exe,56308,0x216838E1150,DXGI,1,0,0,Composed: Flip,13007.8941,NA,17.29520000000000,16.59900000000000,0.11420000000000,1.50970000000000,32.2830,12990.8791,17.1292,17.0150,0.1142,17.7174,0.8073,0.8073,0.0000,-0.7149,12990.8791,NA
ExperienceX.exe,56308,0x216838E1150,DXGI,1,0,0,Composed: Flip,13023.8855,NA,15.99140000000000,16.68240000000000,0.08800000000000,0.76280000000000,32.9740,13008.0083,15.9652,15.8772,0.0880,1.3955,15.2445,0.6145,14.6300,0.4468,13008.0083,NA
ExperienceX.exe,56308,0x216838E1150,DXGI,1,0,0,Composed: Flip,13040.5561,NA,16.67060000000000,16.88810000000000,0.62800000000000,1.99170000000000,33.1915,13023.9735,17.2106,16.5826,0.6280,17.7198,0.8545,0.8545,0.0000,-0.9229,13023.9735,NA
ExperienceX.exe,56308,0x216838E1150,DXGI,1,0,0,Composed: Flip,13057.1660,NA,16.60990000000000,16.43720000000000,0.15100000000000,1.15950000000000,33.0188,13041.1841,16.1329,15.9819,0.1510,1.3637,15.7777,0.8372,14.9405,0.7734,13041.1841,NA
ExperienceX.exe,56308,0x216838E1150,DXGI,1,0,0,Composed: Flip,13074.7945,NA,17.62850000000000,16.76020000000000,0.25780000000000,1.50370000000000,32.1505,13057.3170,17.7353,17.4775,0.2578,17.7943,1.1869,1.1811,0.0058,-0.6273,13057.3170,NA
ExperienceX.exe,56308,0x216838E1150,DXGI,1,0,0,Composed: Flip,13090.3849,NA,15.59040000000000,16.59270000000000,0.06870000000000,0.55080000000000,33.1528,13075.0523,15.4013,15.3326,0.0687,15.4197,0.4637,0.4637,0.0000,1.1426,13075.0523,NA
ExperienceX.exe,56308,0x216838E1150,DXGI,1,0,0,Composed: Flip,13108.4264,NA,18.04150000000000,16.71680000000000,0.13390000000000,1.06390000000000,31.8281,13090.4536,18.1067,17.9728,0.1339,17.8554,1.1813,1.1813,0.0000,-1.3155,13090.4536,NA
ExperienceX.exe,56308,0x216838E1150,DXGI,1,0,0,Composed: Flip,13123.8939,NA,15.46750000000000,16.69220000000000,0.16620000000000,0.65630000000000,33.0528,13108.5603,15.4998,15.3336,0.1662,0.9300,15.0599,0.5688,14.4911,1.4145,13108.5603,NA
ExperienceX.exe,56308,0x216838E1150,DXGI,1,0,0,Composed: Flip,13141.5322,NA,17.63830000000000,16.63510000000000,0.06060000000000,1.32590000000000,32.0496,13124.0601,17.5327,17.4721,0.0606,17.6578,1.1402,1.1325,0.0077,-1.1353,13124.0601,NA
ExperienceX.exe,56308,0x216838E1150,DXGI,1,0,0,Composed: Flip,13157.2958,NA,15.76360000000000,16.62300000000000,0.21900000000000,2.03670000000000,32.9090,13141.5928,15.9220,15.7030,0.2190,15.9850,1.7547,1.7547,0.0000,0.9097,13141.5928,NA
ExperienceX.exe,56308,0x216838E1150,DXGI,1,0,0,Composed: Flip,13174.5338,NA,17.23800000000000,16.71110000000000,0.36290000000000,1.50390000000000,32.3821,13157.5148,17.3819,17.0190,0.3629,17.6690,0.8539,0.8539,0.0000,-0.7891,13157.5148,NA
ExperienceX.exe,56308,0x216838E1150,DXGI,1,0,0,Composed: Flip,13190.5313,NA,15.99750000000000,16.62640000000000,0.21360000000000,1.21720000000000,33.0110,13174.8967,15.8482,15.6346,0.2136,1.1410,15.7108,1.0973,14.6135,0.7555,13174.8967,NA
ExperienceX.exe,56308,0x216838E1150,DXGI,1,0,0,Composed: Flip,13208.6141,NA,18.08280000000000,16.64020000000000,0.06220000000000,1.69280000000000,31.5684,13190.7449,17.9314,17.8692,0.0622,18.1347,1.4273,1.4228,0.0045,-0.7920,13190.7449,NA
ExperienceX.exe,56308,0x216838E1150,DXGI,1,0,0,Composed: Flip,13223.8737,NA,15.25960000000000,16.68460000000000,0.15810000000000,0.77210000000000,32.9934,13208.6763,15.3555,15.1974,0.1581,15.3124,0.6571,0.6453,0.0118,1.2468,13208.6763,NA
ExperienceX.exe,56308,0x216838E1150,DXGI,1,0,0,Composed: Flip,13240.6327,NA,16.75900000000000,16.76860000000000,0.07940000000000,2.02010000000000,33.0030,13224.0318,16.6803,16.6009,0.0794,17.5006,1.1204,1.1151,0.0053,-1.4131,13224.0318,NA
ExperienceX.exe,56308,0x216838E1150,DXGI,1,0,0,Composed: Flip,13257.2064,NA,16.57370000000000,16.64350000000000,0.32090000000000,0.76640000000000,33.0728,13240.7121,16.8152,16.4943,0.3209,16.7005,0.5602,0.5602,0.0000,0.0368,13240.7121,NA
ExperienceX.exe,56308,0x216838E1150,DXGI,1,0,0,Composed: Flip,13274.5723,NA,17.36590000000000,16.61560000000000,0.06140000000000,1.75580000000000,32.3225,13257.5273,17.1064,17.0450,0.0614,17.6295,1.1713,1.1599,0.0114,0.1996,13257.5273,NA
ExperienceX.exe,56308,0x216838E1150,DXGI,1,0,0,Composed: Flip,13290.9029,NA,16.33060000000000,16.64090000000000,0.21990000000000,1.90220000000000,32.6328,13274.6337,16.4891,16.2692,0.2199,1.6944,16.4770,2.2445,14.2325,0.4655,13274.6337,NA
ExperienceX.exe,56308,0x216838E1150,DXGI,1,0,0,Composed: Flip,13307.6150,NA,16.71210000000000,16.74530000000000,0.10290000000000,2.35060000000000,32.6660,13291.1228,16.5951,16.4922,0.1029,18.0351,0.8077,0.8077,0.0000,-0.2562,13291.1228,NA
ExperienceX.exe,56308,0x216838E1150,DXGI,1,0,0,Composed: Flip,13323.8031,NA,16.18810000000000,16.62470000000000,0.11150000000000,1.76750000000000,33.1026,13307.7179,16.1967,16.0852,0.1115,2.2477,15.6050,1.7246,13.8804,-0.0296,13307.7179,NA
ExperienceX.exe,56308,0x216838E1150,DXGI,1,0,0,Composed: Flip,13342.4968,NA,18.69370000000000,16.64320000000000,0.07970000000000,0.70100000000000,31.0521,13323.9146,18.6619,18.5822,0.0797,18.1187,1.1645,1.1645,0.0000,-0.4465,13323.9146,NA
ExperienceX.exe,56308,0x216838E1150,DXGI,1,0,0,Composed: Flip,13357.2949,NA,14.79810000000000,16.68800000000000,0.28780000000000,0.65850000000000,32.9420,13342.5765,15.0062,14.7184,0.2878,0.6213,14.7556,0.8824,13.8732,1.9739,13342.5765,NA
ExperienceX.exe,56308,0x216838E1150,DXGI,1,0,0,Composed: Flip,13375.6132,NA,18.31830000000000,16.61140000000000,0.11560000000000,0.70190000000000,31.2351,13357.5827,18.1461,18.0305,0.1156,18.1157,0.6167,0.6167,0.0000,-1.6052,13357.5827,NA
ExperienceX.exe,56308,0x216838E1150,DXGI,1,0,0,Composed: Flip,13390.6290,NA,15.01580000000000,16.66180000000000,0.26130000000000,0.94770000000000,32.8811,13375.7288,15.1615,14.9002,0.2613,0.5863,15.2616,1.2589,14.0027,1.4843,13375.7288,NA
ExperienceX.exe,56308,0x216838E1150,DXGI,1,0,0,Composed: Flip,13407.3401,NA,16.71110000000000,16.66230000000000,0.06260000000000,1.87450000000000,32.8323,13390.8903,16.5124,16.4498,0.0626,17.1587,1.1656,1.1656,0.0000,-1.5008,13390.8903,NA
ExperienceX.exe,56308,0x216838E1150,DXGI,1,0,0,Composed: Flip,13423.8619,NA,16.52180000000000,16.68820000000000,0.29480000000000,1.63320000000000,32.9987,13407.4027,16.7540,16.4592,0.2948,16.6798,1.4126,1.4126,0.0000,-0.1758,13407.4027,NA
ExperienceX.exe,56308,0x216838E1150,DXGI,1,0,0,Composed: Flip,13440.9041,NA,17.04220000000000,16.63710000000000,0.07970000000000,2.19800000000000,32.5936,13424.1567,16.8271,16.7474,0.0797,18.1523,0.7931,0.7896,0.0035,0.1169,13424.1567,NA
ExperienceX.exe,56308,0x216838E1150,DXGI,1,0,0,Composed: Flip,13457.1394,NA,16.23530000000000,16.70230000000000,0.17130000000000,0.64340000000000,33.0606,13440.9838,16.3269,16.1556,0.1713,16.2585,0.5405,0.5405,0.0000,0.1248,13440.9838,NA
ExperienceX.exe,56308,0x216838E1150,DXGI,1,0,0,Composed: Flip,13474.5314,NA,17.39200000000000,16.64410000000000,0.04850000000000,1.28480000000000,32.3127,13457.3107,17.2692,17.2207,0.0485,17.7090,0.7965,0.7906,0.0059,-0.3172,13457.3107,NA
ExperienceX.exe,56308,0x216838E1150,DXGI,1,0,0,Composed: Flip,13490.4855,NA,15.95410000000000,16.68680000000000,0.12740000000000,0.72000000000000,33.0454,13474.5799,16.0330,15.9056,0.1274,16.0511,0.5745,0.5745,0.0000,0.5824,13474.5799,NA
ExperienceX.exe,56308,0x216838E1150,DXGI,1,0,0,Composed: Flip,13508.5817,NA,18.09620000000000,16.79160000000000,0.12760000000000,1.26810000000000,31.7408,13490.6129,18.0964,17.9688,0.1276,18.1861,1.0508,1.0508,0.0000,-0.7586,13490.6129,NA
ExperienceX.exe,56308,0x216838E1150,DXGI,1,0,0,Composed: Flip,13523.8678,NA,15.28610000000000,16.53300000000000,0.19000000000000,1.68250000000000,32.9877,13508.7093,15.3485,15.1585,0.1900,15.3708,1.4702,1.1253,0.3449,1.5634,13508.7093,NA
ExperienceX.exe,56308,0x216838E1150,DXGI,1,0,0,Composed: Flip,13543.2806,NA,19.41280000000000,16.69730000000000,0.31490000000000,1.02370000000000,30.2722,13524.0578,19.5377,19.2228,0.3149,18.7275,1.5190,1.2812,0.2378,-1.3488,13524.0578,NA
ExperienceX.exe,56308,0x216838E1150,DXGI,1,0,0,Composed: Flip,13557.2119,NA,13.93130000000000,16.63250000000000,0.20210000000000,0.66220000000000,32.9734,13543.5955,13.8185,13.6164,0.2021,0.9957,13.2829,1.7112,11.5717,2.9052,13543.5955,NA
ExperienceX.exe,56308,0x216838E1150,DXGI,1,0,0,Composed: Flip,13574.4456,NA,17.23370000000000,16.79180000000000,0.24750000000000,1.74800000000000,32.5315,13557.4140,17.2791,17.0316,0.2475,17.8529,0.9267,0.9267,0.0000,-2.9733,13557.4140,NA
ExperienceX.exe,56308,0x216838E1150,DXGI,1,0,0,Composed: Flip,13590.5631,NA,16.11750000000000,16.54260000000000,0.13850000000000,1.02320000000000,32.9566,13574.6931,16.0085,15.8700,0.1385,1.5005,15.3927,0.8955,14.4972,0.7365,13574.6931,NA
ExperienceX.exe,56308,0x216838E1150,DXGI,1,0,0,Composed: Flip,13608.2799,NA,17.71680000000000,16.75220000000000,0.04840000000000,1.44870000000000,31.9920,13590.7016,17.6267,17.5783,0.0484,17.7436,1.2834,1.2834,0.0000,-0.7437,13590.7016,NA
ExperienceX.exe,56308,0x216838E1150,DXGI,1,0,0,Composed: Flip,13623.8424,NA,15.56250000000000,16.56650000000000,0.18850000000000,0.67810000000000,32.9960,13608.3283,15.7026,15.5141,0.1885,1.4003,14.7919,0.5948,14.1971,1.0602,13608.3283,NA
ExperienceX.exe,56308,0x216838E1150,DXGI,1,0,0,Composed: Flip,13641.9099,NA,18.06750000000000,16.69940000000000,0.05530000000000,2.21630000000000,31.6279,13624.0309,17.9343,17.8790,0.0553,18.3645,1.7308,1.7131,0.0177,-0.9968,13624.0309,NA
ExperienceX.exe,56308,0x216838E1150,DXGI,1,0,0,Composed: Flip,13657.1122,NA,15.20230000000000,16.62200000000000,0.14590000000000,0.73400000000000,33.0476,13641.9652,15.2929,15.1470,0.1459,15.2906,0.5904,0.4943,0.0961,1.3123,13641.9652,NA
ExperienceX.exe,56308,0x216838E1150,DXGI,1,0,0,Composed: Flip,13674.0440,NA,16.93180000000000,16.82070000000000,0.36760000000000,2.06550000000000,32.9365,13657.2581,17.1535,16.7859,0.3676,17.6068,1.2446,1.2403,0.0043,-1.5278,13657.2581,NA
ExperienceX.exe,56308,0x216838E1150,DXGI,1,0,0,Composed: Flip,13690.4193,NA,16.37530000000000,16.57890000000000,0.16810000000000,0.83390000000000,33.1401,13674.4116,16.1758,16.0077,0.1681,16.1381,0.7035,0.7035,0.0000,0.5746,13674.4116,NA
ExperienceX.exe,56308,0x216838E1150,DXGI,1,0,0,Composed: Flip,13707.9239,NA,17.50460000000000,16.73800000000000,0.15590000000000,1.69900000000000,32.3735,13690.5874,17.4924,17.3365,0.1559,18.1470,0.8885,0.8837,0.0048,-0.5622,13690.5874,NA
ExperienceX.exe,56308,0x216838E1150,DXGI,1,0,0,Composed: Flip,13723.9773,NA,16.05340000000000,16.55630000000000,0.15570000000000,0.61690000000000,32.8764,13708.0798,16.0532,15.8975,0.1557,16.0193,0.4951,0.4951,0.0000,0.9361,13708.0798,NA
ExperienceX.exe,56308,0x216838E1150,DXGI,1,0,0,Composed: Flip,13741.9015,NA,17.92420000000000,16.66530000000000,0.19590000000000,1.95790000000000,31.6175,13724.1330,17.9644,17.7685,0.1959,18.8299,0.8965,0.8906,0.0059,-0.6121,13724.1330,NA
ExperienceX.exe,56308,0x216838E1150,DXGI,1,0,0,Composed: Flip,13757.3744,NA,15.47290000000000,16.64980000000000,0.20410000000000,0.71910000000000,32.7944,13742.0974,15.4811,15.2770,0.2041,15.4919,0.5042,0.5042,0.0000,1.3146,13742.0974,NA
ExperienceX.exe,56308,0x216838E1150,DXGI,1,0,0,Composed: Flip,13774.4646,NA,17.09020000000000,16.66470000000000,0.20560000000000,2.20630000000000,32.3689,13757.5785,17.0917,16.8861,0.2056,18.2012,0.8912,0.8870,0.0042,-1.1836,13757.5785,NA
ExperienceX.exe,56308,0x216838E1150,DXGI,1,0,0,Composed: Flip,13790.4821,NA,16.01750000000000,16.74060000000000,0.20670000000000,0.63610000000000,33.0920,13774.6702,16.0186,15.8119,0.2067,15.9333,0.5147,0.5147,0.0000,0.3511,13774.6702,NA
ExperienceX.exe,56308,0x216838E1150,DXGI,1,0,0,Composed: Flip,13807.7089,NA,17.22680000000000,16.61010000000000,0.05060000000000,1.70270000000000,32.4753,13790.6888,17.0707,17.0201,0.0506,17.4308,1.2920,1.2828,0.0092,-0.5915,13790.6888,NA
ExperienceX.exe,56308,0x216838E1150,DXGI,1,0,0,Composed: Flip,13824.1041,NA,16.39520000000000,16.64960000000000,0.32700000000000,0.98290000000000,32.7297,13807.7595,16.6716,16.3446,0.3270,16.5937,0.7338,0.7338,0.0000,0.4211,13807.7595,NA
ExperienceX.exe,56308,0x216838E1150,DXGI,1,0,0,Composed: Flip,13841.2593,NA,17.15520000000000,16.69050000000000,0.05680000000000,1.54310000000000,32.2650,13824.4311,16.8850,16.8282,0.0568,17.1023,1.2690,1.2649,0.0041,-0.0189,13824.4311,NA
ExperienceX.exe,56308,0x216838E1150,DXGI,1,0,0,Composed: Flip,13857.0757,NA,15.81640000000000,16.72320000000000,0.03970000000000,0.85630000000000,33.1718,13841.3161,15.7993,15.7596,0.0397,15.8143,0.8016,0.8016,0.0000,0.1618,13841.3161,NA
ExperienceX.exe,56308,0x216838E1150,DXGI,1,0,0,Composed: Flip,13875.1416,NA,18.06590000000000,16.61010000000000,0.22880000000000,2.64540000000000,31.7160,13857.1154,18.2550,18.0262,0.2288,19.3695,1.3021,1.2971,0.0050,-0.8108,13857.1154,NA
ExperienceX.exe,56308,0x216838E1150,DXGI,1,0,0,Composed: Flip,13890.6035,NA,15.46190000000000,16.66440000000000,0.05670000000000,0.80220000000000,32.9185,13875.3704,15.2898,15.2331,0.0567,15.2960,0.7393,0.6342,0.1051,1.5906,13875.3704,NA
ExperienceX.exe,56308,0x216838E1150,DXGI,1,0,0,Composed: Flip,13908.0787,NA,17.47520000000000,16.65880000000000,0.07560000000000,1.46680000000000,32.1021,13890.6602,17.4941,17.4185,0.0756,17.5795,1.3058,1.2972,0.0086,-1.3690,13890.6602,NA
ExperienceX.exe,56308,0x216838E1150,DXGI,1,0,0,Composed: Flip,13923.8513,NA,15.77260000000000,16.67440000000000,0.12090000000000,1.86740000000000,33.0039,13908.1543,15.8179,15.6970,0.1209,15.8461,1.7183,1.6773,0.0410,0.8197,13908.1543,NA
ExperienceX.exe,56308,0x216838E1150,DXGI,1,0,0,Composed: Flip,13941.7560,NA,17.90470000000000,16.65950000000000,0.07600000000000,1.75070000000000,31.7587,13923.9722,17.8598,17.7838,0.0760,18.2484,1.2861,1.2788,0.0073,-0.8416,13923.9722,NA
ExperienceX.exe,56308,0x216838E1150,DXGI,1,0,0,Composed: Flip,13957.1585,NA,15.40250000000000,16.70590000000000,0.21430000000000,0.76790000000000,33.0621,13941.8320,15.5408,15.3265,0.2143,1.6747,14.4197,0.9103,13.5094,1.1539,13941.8320,NA
ExperienceX.exe,56308,0x216838E1150,DXGI,1,0,0,Composed: Flip,13974.5792,NA,17.42070000000000,16.62340000000000,0.05160000000000,1.56140000000000,32.2648,13957.3728,17.2580,17.2064,0.0516,17.4421,1.3257,1.3257,0.0000,-1.0826,13957.3728,NA
ExperienceX.exe,56308,0x216838E1150,DXGI,1,0,0,Composed: Flip,13990.5566,NA,15.97740000000000,16.67130000000000,0.17340000000000,1.08290000000000,32.9587,13974.6308,16.0992,15.9258,0.1734,1.5098,15.4989,0.9370,14.5619,0.5867,13974.6308,NA
ExperienceX.exe,56308,0x216838E1150,DXGI,1,0,0,Composed: Flip,14008.2432,NA,17.68660000000000,16.69640000000000,0.04620000000000,1.55290000000000,31.9685,13990.7300,17.5594,17.5132,0.0462,18.1260,0.9401,0.9342,0.0059,-0.5972,13990.7300,NA
ExperienceX.exe,56308,0x0,Other,-1,0,0,Composed: Flip,12875.1871,NA,734.39300000000003,2299.92010000000028,0.00000000000000,1.27300000000000,31.6571,12140.7941,734.3930,734.3930,0.0000,734.5430,1.1230,1.1230,0.0000,-633.3030,12140.7941,NA
ExperienceX.exe,56308,0x0,Other,-1,0,0,Composed: Flip,12975.1232,NA,99.93610000000001,NA,0.00000000000000,0.70290000000000,NA,12875.1871,99.9361,99.9361,0.0000,99.6434,0.9956,0.9956,0.0000,NA,NA,NA
ExperienceX.exe,56308,0x0,Other,-1,0,0,Composed: Flip,13574.3406,NA,599.21740000000000,NA,0.00000000000000,0.16680000000000,NA,12975.1232,599.2174,599.2174,0.0000,584.8336,14.5506,1.1428,13.4078,NA,NA,NA
ExperienceX.exe,56308,0x0,Other,-1,0,0,Composed: Flip,14007.8327,NA,433.49209999999999,NA,0.00000000000000,1.02330000000000,NA,13574.3406,433.4921,433.4921,0.0000,433.7569,0.7585,0.7585,0.0000,NA,NA,NA
ExperienceX.exe,56308,0x216838E1150,DXGI,1,0,0,Composed: Flip,14023.8112,NA,15.56800000000000,16.63510000000000,0.13600000000000,1.09030000000000,33.0356,14008.2894,15.6578,15.5218,0.1360,15.6813,0.9308,0.9308,0.0000,0.9243,14008.2894,NA
ExperienceX.exe,56308,0x216838E1150,DXGI,1,0,0,Composed: Flip,14041.3005,NA,17.48930000000000,NA,0.09730000000000,0.78990000000000,NA,14023.9472,17.4506,17.3533,0.0973,17.6772,0.4660,0.4660,0.0000,NA,NA,NA
ExperienceX.exe,56308,0x216838E1150,DXGI,1,0,0,Composed: Flip,14057.0732,NA,15.77270000000000,33.41040000000000,0.13670000000000,0.69770000000000,33.1840,14041.3978,15.8121,15.6754,0.1367,15.8008,0.5723,0.5723,0.0000,-0.3020,14041.3978,NA
ExperienceX.exe,56308,0x216838E1150,DXGI,1,0,0,Composed: Flip,14074.9363,NA,17.86310000000000,16.64090000000000,0.06170000000000,3.86710000000000,31.9618,14057.2099,17.7881,17.7264,0.0617,19.0000,2.5935,2.5801,0.0134,-0.8288,14057.2099,NA
ExperienceX.exe,56308,0x216838E1150,DXGI,1,0,0,Composed: Flip,14090.8705,NA,15.93420000000000,16.66120000000000,0.39550000000000,2.02010000000000,32.6888,14074.9980,16.2680,15.8725,0.3955,16.3610,1.5316,1.5316,0.0000,1.1269,14074.9980,NA
ExperienceX.exe,56308,0x216838E1150,DXGI,1,0,0,Composed: Flip,14107.7954,NA,16.92490000000000,16.61780000000000,0.36800000000000,3.71600000000000,32.3817,14091.2660,16.8974,16.5294,0.3680,17.4474,2.7980,2.7893,0.0087,-0.3498,14091.2660,NA
ExperienceX.exe,56308,0x216838E1150,DXGI,1,0,0,Composed: Flip,14123.8238,NA,16.02840000000000,17.01050000000000,0.14880000000000,0.96050000000000,33.3638,14108.1634,15.8092,15.6604,0.1488,15.8000,0.8209,0.8209,0.0000,-0.1131,14108.1634,NA
ExperienceX.exe,56308,0x216838E1150,DXGI,1,0,0,Composed: Flip,14141.1537,NA,17.32990000000000,16.43590000000000,0.04980000000000,1.82540000000000,32.4698,14123.9726,17.2309,17.1811,0.0498,17.5743,1.4322,1.4209,0.0113,-0.6267,14123.9726,NA
ExperienceX.exe,56308,0x216838E1150,DXGI,1,0,0,Composed: Flip,14157.8608,NA,16.70710000000000,16.61690000000000,0.61890000000000,1.86530000000000,32.3796,14141.2035,17.2762,16.6573,0.6189,17.1510,1.3716,1.3716,0.0000,0.6140,14141.2035,NA
ExperienceX.exe,56308,0x216838E1150,DXGI,1,0,0,Composed: Flip,14174.9331,NA,17.07230000000000,16.61600000000000,0.34970000000000,3.02500000000000,31.9233,14158.4797,16.8031,16.4534,0.3497,17.6379,1.8405,1.8360,0.0045,0.6602,14158.4797,NA
ExperienceX.exe,56308,0x216838E1150,DXGI,1,0,0,Composed: Flip,14190.6310,NA,15.69790000000000,16.66330000000000,0.19180000000000,0.72500000000000,32.8887,14175.2828,15.5400,15.3482,0.1918,15.4900,0.5832,0.5626,0.0206,0.1398,14175.2828,NA
ExperienceX.exe,56308,0x216838E1150,DXGI,1,0,0,Composed: Flip,14207.8125,NA,17.18150000000000,16.76720000000000,0.05000000000000,1.73910000000000,32.4744,14190.8228,17.0397,16.9897,0.0500,17.3925,1.3363,1.3317,0.0046,-1.2272,14190.8228,NA
ExperienceX.exe,56308,0x216838E1150,DXGI,1,0,0,Composed: Flip,14223.9957,NA,16.18320000000000,16.65710000000000,0.55600000000000,0.98900000000000,32.9483,14207.8625,16.6892,16.1332,0.5560,16.4519,0.6703,0.6006,0.0697,0.3826,14207.8625,NA
ExperienceX.exe,56308,0x216838E1150,DXGI,1,0,0,Composed: Flip,14241.6605,NA,17.66480000000000,16.58530000000000,0.11130000000000,1.45280000000000,31.8688,14224.5517,17.2201,17.1088,0.1113,17.3773,1.1843,1.1739,0.0104,0.1039,14224.5517,NA
ExperienceX.exe,56308,0x216838E1150,DXGI,1,0,0,Composed: Flip,14257.3712,NA,15.71070000000000,16.69020000000000,0.37440000000000,2.57770000000000,32.8483,14241.7718,15.9738,15.5994,0.3744,1.3415,16.8356,2.4356,14.4000,0.5299,14241.7718,NA
ExperienceX.exe,56308,0x216838E1150,DXGI,1,0,0,Composed: Flip,14274.0981,NA,16.72690000000000,16.64720000000000,0.53060000000000,3.48340000000000,32.7686,14257.7456,16.8831,16.3525,0.5306,17.8609,1.9750,1.9708,0.0042,-0.6734,14257.7456,NA
ExperienceX.exe,56308,0x216838E1150,DXGI,1,0,0,Composed: Flip,14290.5544,NA,16.45630000000000,16.74760000000000,0.14780000000000,2.86110000000000,33.0599,14274.6287,16.0735,15.9257,0.1478,16.0855,2.7013,2.7013,0.0000,0.1355,14274.6287,NA
ExperienceX.exe,56308,0x216838E1150,DXGI,1,0,0,Composed: Flip,14307.6225,NA,17.06810000000000,16.70170000000000,0.09020000000000,2.61710000000000,32.6935,14290.7022,17.0105,16.9203,0.0902,18.4181,1.1193,1.0932,0.0261,-0.6282,14290.7022,NA
ExperienceX.exe,56308,0x216838E1150,DXGI,1,0,0,Composed: Flip,14324.0280,NA,16.40550000000000,16.54660000000000,0.29310000000000,1.93110000000000,32.8346,14307.7127,16.6084,16.3153,0.2931,16.6529,1.5935,1.5935,0.0000,0.4639,14307.7127,NA
ExperienceX.exe,56308,0x216838E1150,DXGI,1,0,0,Composed: Flip,14341.8174,NA,17.78940000000000,16.64660000000000,0.32980000000000,1.47980000000000,31.6918,14324.3211,17.8261,17.4963,0.3298,17.6857,1.2904,1.2840,0.0064,-0.0382,14324.3211,NA
ExperienceX.exe,56308,0x216838E1150,DXGI,1,0,0,Composed: Flip,14357.2482,NA,15.43080000000000,16.66690000000000,0.25840000000000,0.94160000000000,32.9279,14342.1472,15.3594,15.1010,0.2584,15.3195,0.7231,0.7231,0.0000,1.1592,14342.1472,NA
ExperienceX.exe,56308,0x216838E1150,DXGI,1,0,0,Composed: Flip,14374.4319,NA,17.18370000000000,16.66360000000000,0.07370000000000,1.68510000000000,32.4078,14357.5066,16.9990,16.9253,0.0737,17.6982,0.9122,0.9090,0.0032,-1.3042,14357.5066,NA
ExperienceX.exe,56308,0x216838E1150,DXGI,1,0,0,Composed: Flip,14390.6124,NA,16.18050000000000,16.67340000000000,0.24150000000000,0.75560000000000,32.9007,14374.5056,16.3483,16.1068,0.2415,16.3589,0.5035,0.5035,0.0000,0.3256,14374.5056,NA
ExperienceX.exe,56308,0x216838E1150,DXGI,1,0,0,Composed: Flip,14408.3658,NA,17.75340000000000,16.66300000000000,0.10220000000000,2.04730000000000,31.8103,14390.8539,17.6141,17.5119,0.1022,19.1752,0.3840,0.3798,0.0042,-0.3147,14390.8539,NA
ExperienceX.exe,56308,0x216838E1150,DXGI,1,0,0,Composed: Flip,14423.7551,NA,15.38930000000000,16.67500000000000,0.11930000000000,0.61170000000000,33.0960,14408.4680,15.4064,15.2871,0.1193,15.3959,0.5029,0.5029,0.0000,0.9391,14408.4680,NA
ExperienceX.exe,56308,0x216838E1150,DXGI,1,0,0,Composed: Flip,14441.5313,NA,17.77620000000000,16.67920000000000,0.06350000000000,1.39380000000000,31.9990,14423.8744,17.7204,17.6569,0.0635,17.7345,1.3162,1.3101,0.0061,-1.2728,14423.8744,NA
ExperienceX.exe,56308,0x216838E1150,DXGI,1,0,0,Composed: Flip,14457.1649,NA,15.63360000000000,16.63610000000000,0.17080000000000,0.89600000000000,33.0015,14441.5948,15.7409,15.5701,0.1708,15.7477,0.7184,0.7184,0.0000,1.0843,14441.5948,NA
ExperienceX.exe,56308,0x216838E1150,DXGI,1,0,0,Composed: Flip,14474.9668,NA,17.80190000000000,16.73840000000000,0.06740000000000,1.59890000000000,31.9380,14457.3357,17.6985,17.6311,0.0674,18.3134,0.9166,0.9079,0.0087,-0.9975,14457.3357,NA
ExperienceX.exe,56308,0x216838E1150,DXGI,1,0,0,Composed: Flip,14490.4489,NA,15.48210000000000,16.59980000000000,0.16910000000000,1.18670000000000,33.0557,14475.0342,15.5838,15.4147,0.1691,15.6053,0.9961,0.9961,0.0000,1.0987,14475.0342,NA
ExperienceX.exe,56308,0x216838E1150,DXGI,1,0,0,Composed: Flip,14508.4174,NA,17.96850000000000,16.68360000000000,0.05170000000000,1.18500000000000,31.7708,14490.6180,17.8511,17.7994,0.0517,17.6622,1.3222,1.3151,0.0071,-1.0998,14490.6180,NA
ExperienceX.exe,56308,0x216838E1150,DXGI,1,0,0,Composed: Flip,14523.7360,NA,15.31860000000000,16.63810000000000,0.12420000000000,0.63460000000000,33.0903,14508.4691,15.3911,15.2669,0.1242,15.3673,0.5342,0.5342,0.0000,1.2130,14508.4691,NA
ExperienceX.exe,56308,0x216838E1150,DXGI,1,0,0,Composed: Flip,14541.3828,NA,17.64680000000000,16.75750000000000,0.55210000000000,1.61370000000000,32.2010,14523.8602,18.0747,17.5226,0.5521,17.7374,1.3989,1.3926,0.0063,-1.3664,14523.8602,NA
ExperienceX.exe,56308,0x216838E1150,DXGI,1,0,0,Composed: Flip,14557.1143,NA,15.73150000000000,16.59130000000000,0.28180000000000,0.88850000000000,33.0608,14541.9349,15.4612,15.1794,0.2818,15.4242,0.6437,0.6437,0.0000,1.4834,14541.9349,NA
ExperienceX.exe,56308,0x216838E1150,DXGI,1,0,0,Composed: Flip,14575.6694,NA,18.55510000000000,16.65790000000000,0.05170000000000,1.67700000000000,31.1636,14557.3961,18.3250,18.2733,0.0517,18.1347,1.8156,1.8111,0.0045,-1.1967,14557.3961,NA
ExperienceX.exe,56308,0x0,Other,-1,0,0,Composed: Flip,14041.8098,NA,33.97710000000000,1166.66779999999994,0.00000000000000,1.58330000000000,31.7022,14007.8327,33.9771,33.9771,0.0000,34.2577,1.3027,1.2989,0.0038,700.3708,14007.8327,NA
ExperienceX.exe,56308,0x0,Other,-1,0,0,Composed: Flip,14541.2605,NA,499.45070000000004,NA,0.00000000000000,0.33710000000000,NA,14041.8098,499.4507,499.4507,0.0000,499.3199,0.4679,0.4679,0.0000,NA,NA,NA
ExperienceX.exe,56308,0x216838E1150,DXGI,1,0,0,Composed: Flip,14590.6524,NA,14.98300000000000,16.65940000000000,0.29930000000000,1.03360000000000,32.8400,14575.7211,15.2306,14.9313,0.2993,15.1701,0.7948,0.7948,0.0000,1.6656,14575.7211,NA
ExperienceX.exe,56308,0x216838E1150,DXGI,1,0,0,Composed: Flip,14607.2767,NA,16.62430000000000,NA,0.05560000000000,0.87310000000000,NA,14590.9517,16.3806,16.3250,0.0556,16.7397,0.4584,0.4584,0.0000,NA,NA,NA
ExperienceX.exe,56308,0x216838E1150,DXGI,1,0,0,Composed: Flip,14623.8176,NA,16.54090000000000,33.41460000000000,0.17900000000000,0.74000000000000,33.0894,14607.3323,16.6643,16.4853,0.1790,16.6548,0.5705,0.5705,0.0000,-1.8034,14607.3323,NA
ExperienceX.exe,56308,0x216838E1150,DXGI,1,0,0,Composed: Flip,14641.5445,NA,17.72690000000000,16.59770000000000,0.07550000000000,1.49310000000000,31.9602,14623.9966,17.6234,17.5479,0.0755,17.7249,1.3161,1.3102,0.0059,0.0666,14623.9966,NA
ExperienceX.exe,56308,0x216838E1150,DXGI,1,0,0,Composed: Flip,14657.2010,NA,15.65650000000000,16.71360000000000,0.27130000000000,0.74630000000000,33.0173,14641.6200,15.8523,15.5810,0.2713,15.8151,0.5122,0.5122,0.0000,0.9098,14641.6200,NA
ExperienceX.exe,56308,0x216838E1150,DXGI,1,0,0,Composed: Flip,14674.3969,NA,17.19590000000000,16.63360000000000,0.33810000000000,1.79170000000000,32.4550,14657.4723,17.2627,16.9246,0.3381,17.4206,1.2957,1.2913,0.0044,-0.7813,14657.4723,NA
ExperienceX.exe,56308,0x216838E1150,DXGI,1,0,0,Composed: Flip,14690.5994,NA,16.20250000000000,16.78240000000000,0.21420000000000,0.99530000000000,33.0349,14674.7350,16.0786,15.8644,0.2142,16.0997,0.7600,0.6439,0.1161,0.4803,14674.7350,NA
ExperienceX.exe,56308,0x216838E1150,DXGI,1,0,0,Composed: Flip,14708.5086,NA,17.90920000000000,16.72640000000000,0.07950000000000,1.82860000000000,31.8521,14690.8136,17.7745,17.6950,0.0795,18.5919,0.9317,0.9317,0.0000,-0.6478,14690.8136,NA
ExperienceX.exe,56308,0x216C829D570,DXGI,1,0,0,Composed: Flip,7057.5800,NA,17.09720000000000,999.99670000000003,0.13190000000000,1.39600000000000,32.6494,7040.6246,17.0873,16.9554,0.1319,17.4443,0.9071,0.9071,0.0000,-0.0003,7040.6246,NA
ExperienceX.exe,56308,0x216C829D570,DXGI,1,0,0,Composed: Flip,7074.0514,NA,16.47140000000000,NA,0.16350000000000,1.19160000000000,NA,7057.7119,16.5030,16.3395,0.1635,17.0393,0.4918,0.4918,0.0000,NA,NA,NA
ExperienceX.exe,56308,0x216C829D570,DXGI,1,0,0,Composed: Flip,7090.6445,NA,16.59310000000000,NA,0.68740000000000,3.07610000000000,NA,7074.2149,17.1170,16.4296,0.6874,19.0233,0.4824,0.4778,0.0046,NA,NA,NA
ExperienceX.exe,56308,0x216C829D570,DXGI,1,0,0,Composed: Flip,7107.1298,NA,16.48530000000000,NA,0.12200000000000,0.67500000000000,NA,7091.3319,15.9199,15.7979,0.1220,15.9348,0.5381,0.5381,0.0000,NA,NA,NA
ExperienceX.exe,56308,0x216C829D570,DXGI,1,0,0,Composed: Flip,7125.1004,NA,17.97060000000000,NA,0.10120000000000,1.88570000000000,NA,7107.2518,17.9498,17.8486,0.1012,17.6875,2.0468,2.0468,0.0000,NA,NA,NA
ExperienceX.exe,56308,0x216C829D570,DXGI,1,0,0,Composed: Flip,7140.9495,NA,15.84910000000000,NA,0.25690000000000,1.21170000000000,NA,7125.2016,16.0048,15.7479,0.2569,2.2813,14.6783,1.4172,13.2611,NA,NA,NA
ExperienceX.exe,56308,0x216C829D570,DXGI,1,0,0,Composed: Flip,7159.7692,NA,18.81970000000000,NA,0.44100000000000,2.03040000000000,NA,7141.2064,19.0038,18.5628,0.4410,20.1426,0.4506,0.4506,0.0000,NA,NA,NA
ExperienceX.exe,56308,0x216C829D570,DXGI,1,0,0,Composed: Flip,7174.0498,NA,14.28060000000000,NA,0.25150000000000,1.20620000000000,NA,7160.2102,14.0911,13.8396,0.2515,2.0549,12.9909,1.9498,11.0411,NA,NA,NA
ExperienceX.exe,56308,0x216C829D570,DXGI,1,0,0,Composed: Flip,7191.6633,NA,17.61350000000000,NA,0.16490000000000,4.76990000000000,NA,7174.3013,17.5269,17.3620,0.1649,20.7296,1.4023,1.3991,0.0032,NA,NA,NA
ExperienceX.exe,56308,0x216C829D570,DXGI,1,0,0,Composed: Flip,7207.3303,NA,15.66700000000000,NA,0.16370000000000,2.69520000000000,NA,7191.8282,15.6658,15.5021,0.1637,16.7470,1.4503,0.7679,0.6824,NA,NA,NA
ExperienceX.exe,56308,0x216C829D570,DXGI,1,0,0,Composed: Flip,7224.1425,NA,16.81220000000000,NA,0.60010000000000,3.03810000000000,NA,7207.4940,17.2486,16.6485,0.6001,19.2543,0.4323,0.4323,0.0000,NA,NA,NA
ExperienceX.exe,56308,0x216C829D570,DXGI,1,0,0,Composed: Flip,7240.5561,NA,16.41360000000000,NA,0.06420000000000,0.75190000000000,NA,7224.7426,15.8777,15.8135,0.0642,2.4380,14.1274,0.7063,13.4211,NA,NA,NA
ExperienceX.exe,56308,0x216C829D570,DXGI,1,0,0,Composed: Flip,7257.9623,NA,17.40620000000000,NA,0.15640000000000,3.57040000000000,NA,7240.6203,17.4984,17.3420,0.1564,19.9977,0.9147,0.9147,0.0000,NA,NA,NA
ExperienceX.exe,56308,0x216C829D570,DXGI,1,0,0,Composed: Flip,7273.9815,NA,16.01920000000000,NA,0.18230000000000,0.70520000000000,NA,7258.1187,16.0451,15.8628,0.1823,3.4140,13.1540,0.7800,12.3740,NA,NA,NA
ExperienceX.exe,56308,0x216C829D570,DXGI,1,0,0,Composed: Flip,7291.3727,NA,17.39120000000000,NA,0.09930000000000,2.49180000000000,NA,7274.1638,17.3082,17.2089,0.0993,17.6140,2.0867,2.0867,0.0000,NA,NA,NA
ExperienceX.exe,56308,0x216C829D570,DXGI,1,0,0,Composed: Flip,7307.2420,NA,15.86930000000000,NA,0.14210000000000,0.72230000000000,NA,7291.4720,15.9121,15.7700,0.1421,3.1581,13.3342,0.7767,12.5575,NA,NA,NA
ExperienceX.exe,56308,0x216C829D570,DXGI,1,0,0,Composed: Flip,7325.4397,NA,18.19770000000000,NA,0.09140000000000,1.70030000000000,NA,7307.3841,18.1470,18.0556,0.0914,18.1899,1.5660,1.5660,0.0000,NA,NA,NA
ExperienceX.exe,56308,0x216C829D570,DXGI,1,0,0,Composed: Flip,7340.4629,NA,15.02320000000000,NA,0.10970000000000,1.47200000000000,NA,7325.5311,15.0415,14.9318,0.1097,15.5630,0.8408,0.8408,0.0000,NA,NA,NA
ExperienceX.exe,56308,0x216C829D570,DXGI,1,0,0,Composed: Flip,7359.3834,NA,18.92050000000000,NA,0.26480000000000,1.44670000000000,NA,7340.5726,19.0756,18.8108,0.2648,19.7832,0.4743,0.4743,0.0000,NA,NA,NA
ExperienceX.exe,56308,0x216C829D570,DXGI,1,0,0,Composed: Flip,7373.9871,NA,14.60370000000000,NA,0.12220000000000,0.79250000000000,NA,7359.6482,14.4611,14.3389,0.1222,1.1819,13.9495,0.6394,13.3101,NA,NA,NA
ExperienceX.exe,56308,0x216C829D570,DXGI,1,0,0,Composed: Flip,7391.5304,NA,17.54330000000000,NA,0.31070000000000,2.07020000000000,NA,7374.1093,17.7318,17.4211,0.3107,17.5089,1.9824,1.9824,0.0000,NA,NA,NA
ExperienceX.exe,56308,0x216C829D570,DXGI,1,0,0,Composed: Flip,7407.5659,NA,16.03550000000000,NA,0.31730000000000,2.31410000000000,NA,7391.8411,16.0421,15.7248,0.3173,16.7284,1.3105,1.3105,0.0000,NA,NA,NA
ExperienceX.exe,56308,0x216C829D570,DXGI,1,0,0,Composed: Flip,7423.9363,NA,16.37040000000000,NA,0.07530000000000,4.58340000000000,NA,7407.8832,16.1284,16.0531,0.0753,20.1584,0.4781,0.4740,0.0041,NA,NA,NA
ExperienceX.exe,56308,0x216C829D570,DXGI,1,0,0,Composed: Flip,7440.5465,NA,16.61020000000000,NA,0.19220000000000,1.29460000000000,NA,7424.0116,16.7271,16.5349,0.1922,17.6100,0.2195,0.2195,0.0000,NA,NA,NA
ExperienceX.exe,56308,0x216C829D570,DXGI,1,0,0,Composed: Flip,7457.9330,NA,17.38650000000000,NA,0.07880000000000,2.08400000000000,NA,7440.7387,17.2731,17.1943,0.0788,17.4903,1.7880,1.7880,0.0000,NA,NA,NA
ExperienceX.exe,56308,0x216C829D570,DXGI,1,0,0,Composed: Flip,7473.8904,NA,15.95740000000000,NA,0.12010000000000,1.20010000000000,NA,7458.0118,15.9987,15.8786,0.1201,16.5809,0.4978,0.4978,0.0000,NA,NA,NA
ExperienceX.exe,56308,0x216C829D570,DXGI,1,0,0,Composed: Flip,7491.0539,NA,17.16350000000000,NA,0.15450000000000,2.84620000000000,NA,7474.0105,17.1979,17.0434,0.1545,19.3951,0.4945,0.4907,0.0038,NA,NA,NA
ExperienceX.exe,56308,0x216C829D570,DXGI,1,0,0,Composed: Flip,7507.2891,NA,16.23520000000000,NA,0.19290000000000,0.78300000000000,NA,7491.2084,16.2736,16.0807,0.1929,16.2789,0.5848,0.5848,0.0000,NA,NA,NA
ExperienceX.exe,56308,0x216C829D570,DXGI,1,0,0,Composed: Flip,7524.2715,NA,16.98240000000000,NA,0.08070000000000,2.62350000000000,NA,7507.4820,16.8702,16.7895,0.0807,17.2106,2.2024,2.2024,0.0000,NA,NA,NA
ExperienceX.exe,56308,0x216C829D570,DXGI,1,0,0,Composed: Flip,7540.5650,NA,16.29350000000000,NA,0.15010000000000,0.94000000000000,NA,7524.3522,16.3629,16.2128,0.1501,3.0282,14.1246,1.4805,12.6441,NA,NA,NA
ExperienceX.exe,56308,0x216C829D570,DXGI,1,0,0,Composed: Flip,7559.9923,NA,19.42730000000000,NA,0.16400000000000,1.96010000000000,NA,7540.7151,19.4412,19.2772,0.1640,20.7518,0.4855,0.4855,0.0000,NA,NA,NA
ExperienceX.exe,56308,0x216C829D570,DXGI,1,0,0,Composed: Flip,7573.8800,NA,13.88770000000000,NA,0.17330000000000,0.72180000000000,NA,7560.1563,13.8970,13.7237,0.1733,1.7961,12.6494,1.0761,11.5733,NA,NA,NA
ExperienceX.exe,56308,0x216C829D570,DXGI,1,0,0,Composed: Flip,7591.7161,NA,17.83610000000000,NA,0.23600000000000,2.53720000000000,NA,7574.0533,17.8988,17.6628,0.2360,17.4942,2.7058,2.7058,0.0000,NA,NA,NA
ExperienceX.exe,56308,0x216C829D570,DXGI,1,0,0,Composed: Flip,7607.2447,NA,15.52860000000000,NA,0.15540000000000,1.11320000000000,NA,7591.9521,15.4480,15.2926,0.1554,15.4545,0.9513,0.9513,0.0000,NA,NA,NA
ExperienceX.exe,56308,0x216C829D570,DXGI,1,0,0,Composed: Flip,7624.4222,NA,17.17750000000000,NA,0.05140000000000,2.78080000000000,NA,7607.4001,17.0735,17.0221,0.0514,19.3228,0.4801,0.4762,0.0039,NA,NA,NA
ExperienceX.exe,56308,0x216C829D570,DXGI,1,0,0,Composed: Flip,7640.5529,NA,16.13070000000000,NA,0.19800000000000,1.92420000000000,NA,7624.4736,16.2773,16.0793,0.1980,16.8253,1.1782,1.1782,0.0000,NA,NA,NA
ExperienceX.exe,56308,0x216C829D570,DXGI,1,0,0,Composed: Flip,7658.0116,NA,17.45870000000000,NA,0.16710000000000,2.64040000000000,NA,7640.7509,17.4278,17.2607,0.1671,19.4332,0.4679,0.4679,0.0000,NA,NA,NA
ExperienceX.exe,56308,0x216C829D570,DXGI,1,0,0,Composed: Flip,7673.8135,NA,15.80190000000000,NA,0.12680000000000,0.69690000000000,NA,7658.1787,15.7616,15.6348,0.1268,2.4733,13.8584,0.8200,13.0384,NA,NA,NA
ExperienceX.exe,56308,0x216C829D570,DXGI,1,0,0,Composed: Flip,7690.7527,NA,16.93920000000000,NA,0.56150000000000,4.69120000000000,NA,7673.9403,17.3739,16.8124,0.5615,19.3121,2.1915,2.1881,0.0034,NA,NA,NA
ExperienceX.exe,56308,0x216C829D570,DXGI,1,0,0,Composed: Flip,7707.2215,NA,16.46880000000000,NA,0.08720000000000,0.65930000000000,NA,7691.3142,15.9945,15.9073,0.0872,16.0204,0.5462,0.5462,0.0000,NA,NA,NA
ExperienceX.exe,56308,0x216C829D570,DXGI,1,0,0,Composed: Flip,7724.8190,NA,17.59750000000000,NA,0.06190000000000,2.36030000000000,NA,7707.3087,17.5722,17.5103,0.0619,19.3798,0.4908,0.4873,0.0035,NA,NA,NA
ExperienceX.exe,56308,0x216C829D570,DXGI,1,0,0,Composed: Flip,7740.4660,NA,15.64700000000000,NA,0.05090000000000,0.73940000000000,NA,7724.8809,15.6360,15.5851,0.0509,15.7593,0.5652,0.5652,0.0000,NA,NA,NA
ExperienceX.exe,56308,0x216C829D570,DXGI,1,0,0,Composed: Flip,7759.7866,NA,19.32060000000000,NA,0.07820000000000,0.85630000000000,NA,7740.5169,19.3479,19.2697,0.0782,18.5756,1.5504,1.5504,0.0000,NA,NA,NA
ExperienceX.exe,56308,0x216C829D570,DXGI,1,0,0,Composed: Flip,7773.8786,NA,14.09200000000000,NA,0.14600000000000,0.95020000000000,NA,7759.8648,14.1598,14.0138,0.1460,1.2707,13.6933,1.7729,11.9204,NA,NA,NA
ExperienceX.exe,56308,0x216C829D570,DXGI,1,0,0,Composed: Flip,7790.8869,NA,17.00830000000000,NA,0.12200000000000,3.08700000000000,NA,7774.0246,16.9843,16.8623,0.1220,19.4545,0.4948,0.4948,0.0000,NA,NA,NA
ExperienceX.exe,56308,0x216C829D570,DXGI,1,0,0,Composed: Flip,7807.1324,NA,16.24550000000000,NA,0.13620000000000,0.77160000000000,NA,7791.0089,16.2597,16.1235,0.1362,2.9650,13.9301,0.7611,13.1690,NA,NA,NA
ExperienceX.exe,56308,0x216C829D570,DXGI,1,0,0,Composed: Flip,7825.1342,NA,18.00180000000000,NA,0.08690000000000,5.69350000000000,NA,7807.2686,17.9525,17.8656,0.0869,20.5830,2.9761,2.9661,0.0100,NA,NA,NA
ExperienceX.exe,56308,0x216C829D570,DXGI,1,0,0,Composed: Flip,7840.4429,NA,15.30870000000000,NA,0.13310000000000,0.65600000000000,NA,7825.2211,15.3549,15.2218,0.1331,15.3234,0.5544,0.5544,0.0000,NA,NA,NA
ExperienceX.exe,56308,0x216C829D570,DXGI,1,0,0,Composed: Flip,7857.5441,NA,17.10120000000000,NA,0.37120000000000,3.16980000000000,NA,7840.5760,17.3393,16.9681,0.3712,19.6813,0.4566,0.4535,0.0031,NA,NA,NA
ExperienceX.exe,56308,0x216C829D570,DXGI,1,0,0,Composed: Flip,7873.8574,NA,16.31330000000000,NA,0.13480000000000,0.69810000000000,NA,7857.9153,16.0769,15.9421,0.1348,16.0805,0.5597,0.5597,0.0000,NA,NA,NA
ExperienceX.exe,56308,0x216C829D570,DXGI,1,0,0,Composed: Flip,7891.2387,NA,17.38130000000000,NA,0.26170000000000,2.72060000000000,NA,7873.9922,17.5082,17.2465,0.2617,19.4771,0.4900,0.4859,0.0041,NA,NA,NA
ExperienceX.exe,56308,0x216C829D570,DXGI,1,0,0,Composed: Flip,7907.5278,NA,16.28910000000000,NA,0.13500000000000,2.00210000000000,NA,7891.5004,16.1624,16.0274,0.1350,17.5484,0.4811,0.4811,0.0000,NA,NA,NA
ExperienceX.exe,56308,0x216C829D570,DXGI,1,0,0,Composed: Flip,7924.6735,NA,17.14570000000000,NA,0.42520000000000,2.74980000000000,NA,7907.6628,17.4359,17.0107,0.4252,19.2732,0.4873,0.4817,0.0056,NA,NA,NA
ExperienceX.exe,56308,0x216C829D570,DXGI,1,0,0,Composed: Flip,7940.4853,NA,15.81180000000000,NA,0.15280000000000,0.79520000000000,NA,7925.0987,15.5394,15.3866,0.1528,15.5730,0.6088,0.6088,0.0000,NA,NA,NA
ExperienceX.exe,56308,0x216C829D570,DXGI,1,0,0,Composed: Flip,7958.1842,NA,17.69890000000000,NA,0.06350000000000,1.92160000000000,NA,7940.6381,17.6096,17.5461,0.0635,17.4498,2.0179,2.0179,0.0000,NA,NA,NA
ExperienceX.exe,56308,0x216C829D570,DXGI,1,0,0,Composed: Flip,7973.8467,NA,15.66250000000000,NA,0.09380000000000,1.16790000000000,NA,7958.2477,15.6928,15.5990,0.0938,16.2567,0.5102,0.5102,0.0000,NA,NA,NA
ExperienceX.exe,56308,0x216C829D570,DXGI,1,0,0,Composed: Flip,7991.4913,NA,17.64460000000000,NA,0.04890000000000,1.94750000000000,NA,7973.9405,17.5997,17.5508,0.0489,17.3199,2.1784,2.1784,0.0000,NA,NA,NA
ExperienceX.exe,56308,0x216C829D570,DXGI,1,0,0,Composed: Flip,8007.1534,NA,15.66210000000000,NA,0.06900000000000,0.63290000000000,NA,7991.5402,15.6822,15.6132,0.0690,15.6938,0.5523,0.5523,0.0000,NA,NA,NA
ExperienceX.exe,56308,0x216C829D570,DXGI,1,0,0,Composed: Flip,8025.2220,NA,18.06860000000000,NA,0.38640000000000,1.87920000000000,NA,8007.2224,18.3860,17.9996,0.3864,17.7774,2.1014,2.1014,0.0000,NA,NA,NA
ExperienceX.exe,56308,0x216C829D570,DXGI,1,0,0,Composed: Flip,8040.5359,NA,15.31390000000000,NA,0.14240000000000,2.27260000000000,NA,8025.6084,15.0699,14.9275,0.1424,15.6477,1.5524,1.2576,0.2948,NA,NA,NA
ExperienceX.exe,56308,0x216C829D570,DXGI,1,0,0,Composed: Flip,8057.9542,NA,17.41830000000000,NA,0.09790000000000,2.59420000000000,NA,8040.6783,17.3738,17.2759,0.0979,19.3448,0.5253,0.5205,0.0048,NA,NA,NA
ExperienceX.exe,56308,0x216C829D570,DXGI,1,0,0,Composed: Flip,8092.0417,NA,34.08750000000000,NA,0.06600000000000,2.10830000000000,NA,8058.0521,34.0556,33.9896,0.0660,35.6217,0.4762,0.4762,0.0000,NA,NA,NA
ExperienceX.exe,56308,0x216C829D570,DXGI,1,0,0,Composed: Flip,8107.1695,NA,15.12780000000000,NA,0.10030000000000,1.19570000000000,NA,8092.1077,15.1621,15.0618,0.1003,15.7556,0.5019,0.5019,0.0000,NA,NA,NA
ExperienceX.exe,56308,0x216C829D570,DXGI,1,0,0,Composed: Flip,8124.3805,NA,17.21100000000000,NA,1.11820000000000,4.02410000000000,NA,8107.2698,18.2289,17.1107,1.1182,19.8625,1.2723,1.2723,0.0000,NA,NA,NA
ExperienceX.exe,56308,0x216C829D570,DXGI,1,0,0,Composed: Flip,8140.9466,NA,16.56610000000000,NA,0.24700000000000,0.82700000000000,NA,8125.4987,15.6949,15.4479,0.2470,2.9059,13.3690,0.7665,12.6025,NA,NA,NA
ExperienceX.exe,56308,0x216C829D570,DXGI,1,0,0,Composed: Flip,8159.2094,NA,18.26280000000000,NA,0.10180000000000,2.30310000000000,NA,8141.1936,18.1176,18.0158,0.1018,19.8351,0.4838,0.4838,0.0000,NA,NA,NA
ExperienceX.exe,56308,0x216C829D570,DXGI,1,0,0,Composed: Flip,8174.4873,NA,15.27790000000000,NA,0.28390000000000,2.33530000000000,NA,8159.3112,15.4600,15.1761,0.2839,17.5041,0.0073,0.0073,0.0000,NA,NA,NA
ExperienceX.exe,56308,0x216C829D570,DXGI,1,0,0,Composed: Flip,8191.4056,NA,16.91830000000000,NA,1.25550000000000,2.08520000000000,NA,8174.7712,17.8899,16.6344,1.2555,17.2991,1.4205,1.4205,0.0000,NA,NA,NA
ExperienceX.exe,56308,0x216C829D570,DXGI,1,0,0,Composed: Flip,8224.7110,NA,33.30540000000000,NA,0.16420000000000,2.60260000000000,NA,8192.6611,32.2141,32.0499,0.1642,34.1765,0.4760,0.4760,0.0000,NA,NA,NA
ExperienceX.exe,56308,0x216C829D570,DXGI,1,0,0,Composed: Flip,8240.4208,NA,15.70980000000000,NA,0.08300000000000,1.52250000000000,NA,8224.8752,15.6286,15.5456,0.0830,16.1848,0.8833,0.8833,0.0000,NA,NA,NA
ExperienceX.exe,56308,0x216C829D570,DXGI,1,0,0,Composed: Flip,8258.3402,NA,17.91940000000000,NA,0.08480000000000,4.23530000000000,NA,8240.5038,17.9212,17.8364,0.0848,20.5982,1.4735,1.4687,0.0048,NA,NA,NA
ExperienceX.exe,56308,0x216C829D570,DXGI,1,0,0,Composed: Flip,8274.3347,NA,15.99450000000000,NA,0.27380000000000,2.04530000000000,NA,8258.4250,16.1835,15.9097,0.2738,17.1097,0.8453,0.8453,0.0000,NA,NA,NA
ExperienceX.exe,56308,0x216C829D570,DXGI,1,0,0,Composed: Flip,8290.7604,NA,16.42570000000000,NA,0.37970000000000,4.56090000000000,NA,8274.6085,16.5316,16.1519,0.3797,20.2140,0.4988,0.4909,0.0079,NA,NA,NA
ExperienceX.exe,56308,0x216C829D570,DXGI,1,0,0,Composed: Flip,8307.1440,NA,16.38360000000000,NA,0.13960000000000,0.68710000000000,NA,8291.1401,16.1435,16.0039,0.1396,16.1351,0.5559,0.5559,0.0000,NA,NA,NA
ExperienceX.exe,56308,0x216C829D570,DXGI,1,0,0,Composed: Flip,8325.0792,NA,17.93520000000000,NA,0.32210000000000,2.02640000000000,NA,8307.2836,18.1177,17.7956,0.3221,17.5956,2.2264,2.2264,0.0000,NA,NA,NA
ExperienceX.exe,56308,0x216C829D570,DXGI,1,0,0,Composed: Flip,8340.5114,NA,15.43220000000000,NA,0.15410000000000,0.70430000000000,NA,8325.4013,15.2642,15.1101,0.1541,2.1332,13.6812,1.5994,12.0818,NA,NA,NA
ExperienceX.exe,56308,0x216C829D570,DXGI,1,0,0,Composed: Flip,8358.8888,NA,18.37740000000000,NA,0.08100000000000,2.25590000000000,NA,8340.6655,18.3043,18.2233,0.0810,19.9772,0.5020,0.5020,0.0000,NA,NA,NA
ExperienceX.exe,56308,0x216C829D570,DXGI,1,0,0,Composed: Flip,8374.3018,NA,15.41300000000000,NA,0.28020000000000,0.76130000000000,NA,8358.9698,15.6122,15.3320,0.2802,2.1749,13.9184,0.7189,13.1995,NA,NA,NA
ExperienceX.exe,56308,0x216C829D570,DXGI,1,0,0,Composed: Flip,8390.9451,NA,16.64330000000000,NA,0.58510000000000,4.70910000000000,NA,8374.5820,16.9482,16.3631,0.5851,20.5884,0.4838,0.4802,0.0036,NA,NA,NA
ExperienceX.exe,56308,0x216C829D570,DXGI,1,0,0,Composed: Flip,8407.1433,NA,16.19820000000000,NA,0.17330000000000,1.55560000000000,NA,8391.5302,15.7864,15.6131,0.1733,16.3034,0.8653,0.8653,0.0000,NA,NA,NA
ExperienceX.exe,56308,0x216C829D570,DXGI,1,0,0,Composed: Flip,8424.8474,NA,17.70410000000000,NA,0.06580000000000,2.48720000000000,NA,8407.3166,17.5966,17.5308,0.0658,19.5284,0.4896,0.4858,0.0038,NA,NA,NA
ExperienceX.exe,56308,0x216C829D570,DXGI,1,0,0,Composed: Flip,8458.3204,NA,33.47300000000000,NA,0.05720000000000,2.23920000000000,NA,8424.9132,33.4644,33.4072,0.0572,35.1606,0.4858,0.4858,0.0000,NA,NA,NA
ExperienceX.exe,56308,0x216C829D570,DXGI,1,0,0,Composed: Flip,8473.9629,NA,15.64250000000000,NA,0.31500000000000,1.90660000000000,NA,8458.3776,15.9003,15.5853,0.3150,2.1820,15.3099,1.6710,13.6389,NA,NA,NA
ExperienceX.exe,56308,0x216C829D570,DXGI,1,0,0,Composed: Flip,8491.2732,NA,17.31030000000000,NA,0.05430000000000,2.53350000000000,NA,8474.2779,17.0496,16.9953,0.0543,19.0381,0.4907,0.4907,0.0000,NA,NA,NA
ExperienceX.exe,56308,0x216C829D570,DXGI,1,0,0,Composed: Flip,8507.0900,NA,15.81680000000000,NA,0.12490000000000,1.55000000000000,NA,8491.3275,15.8874,15.7625,0.1249,16.5145,0.7980,0.7980,0.0000,NA,NA,NA
ExperienceX.exe,56308,0x216C829D570,DXGI,1,0,0,Composed: Flip,8524.0413,NA,16.95130000000000,NA,0.11270000000000,3.07800000000000,NA,8507.2149,16.9391,16.8264,0.1127,19.4258,0.4786,0.4786,0.0000,NA,NA,NA
ExperienceX.exe,56308,0x216C829D570,DXGI,1,0,0,Composed: Flip,8541.2347,NA,17.19340000000000,NA,0.26460000000000,1.83350000000000,NA,8524.1540,17.3453,17.0807,0.2646,18.9090,0.0052,0.0052,0.0000,NA,NA,NA
ExperienceX.exe,56308,0x216C829D570,DXGI,1,0,0,Composed: Flip,8557.6667,NA,16.43200000000000,NA,0.24640000000000,2.40450000000000,NA,8541.4993,16.4138,16.1674,0.2464,16.3594,2.2125,2.2125,0.0000,NA,NA,NA
ExperienceX.exe,56308,0x216C829D570,DXGI,1,0,0,Composed: Flip,8573.8423,NA,16.17560000000000,NA,0.14490000000000,1.07440000000000,NA,8557.9131,16.0741,15.9292,0.1449,2.6597,14.3439,1.4405,12.9034,NA,NA,NA
ExperienceX.exe,56308,0x216C829D570,DXGI,1,0,0,Composed: Flip,8590.8106,NA,16.96830000000000,NA,0.07560000000000,2.80240000000000,NA,8573.9872,16.8990,16.8234,0.0756,17.5504,2.0754,2.0754,0.0000,NA,NA,NA
ExperienceX.exe,56308,0x216C829D570,DXGI,1,0,0,Composed: Flip,8607.3689,NA,16.55830000000000,NA,0.20350000000000,0.74810000000000,NA,8590.8862,16.6862,16.4827,0.2035,16.6673,0.5635,0.5635,0.0000,NA,NA,NA
ExperienceX.exe,56308,0x216C829D570,DXGI,1,0,0,Composed: Flip,8624.3648,NA,16.99590000000000,NA,0.08160000000000,2.99190000000000,NA,8607.5724,16.8740,16.7924,0.0816,19.2515,0.5328,0.5328,0.0000,NA,NA,NA
ExperienceX.exe,56308,0x216C829D570,DXGI,1,0,0,Composed: Flip,8640.5011,NA,16.13630000000000,NA,0.11530000000000,0.68670000000000,NA,8624.4464,16.1700,16.0547,0.1153,16.1778,0.5636,0.5636,0.0000,NA,NA,NA
ExperienceX.exe,56308,0x216C829D570,DXGI,1,0,0,Composed: Flip,8657.4777,NA,16.97660000000000,NA,0.06820000000000,3.08740000000000,NA,8640.6164,16.9295,16.8613,0.0682,19.4758,0.4729,0.4698,0.0031,NA,NA,NA
ExperienceX.exe,56308,0x216C829D570,DXGI,1,0,0,Composed: Flip,8673.8446,NA,16.36690000000000,NA,0.14430000000000,1.54790000000000,NA,8657.5459,16.4430,16.2987,0.1443,16.9768,0.8698,0.8698,0.0000,NA,NA,NA
ExperienceX.exe,56308,0x216C829D570,DXGI,1,0,0,Composed: Flip,8691.1812,NA,17.33660000000000,NA,0.05770000000000,2.62640000000000,NA,8673.9889,17.2500,17.1923,0.0577,19.3376,0.4811,0.4811,0.0000,NA,NA,NA
ExperienceX.exe,56308,0x216C829D570,DXGI,1,0,0,Composed: Flip,8707.1831,NA,16.00190000000000,NA,0.17320000000000,0.70330000000000,NA,8691.2389,16.1174,15.9442,0.1732,2.5687,14.0788,0.8256,13.2532,NA,NA,NA
ExperienceX.exe,56308,0x216C829D570,DXGI,1,0,0,Composed: Flip,8726.6154,NA,19.43230000000000,NA,0.11480000000000,2.64040000000000,NA,8707.3563,19.3739,19.2591,0.1148,20.6528,1.2467,1.2403,0.0064,NA,NA,NA
ExperienceX.exe,56308,0x216C829D570,DXGI,1,0,0,Composed: Flip,8740.5100,NA,13.89460000000000,NA,0.16740000000000,1.60110000000000,NA,8726.7302,13.9472,13.7798,0.1674,14.4997,0.8812,0.8812,0.0000,NA,NA,NA
ExperienceX.exe,56308,0x216C829D570,DXGI,1,0,0,Composed: Flip,8758.1701,NA,17.66010000000000,NA,0.36520000000000,5.34920000000000,NA,8740.6774,17.8579,17.4927,0.3652,20.6250,2.2169,2.2087,0.0082,NA,NA,NA
ExperienceX.exe,56308,0x216C829D570,DXGI,1,0,0,Composed: Flip,8773.9287,NA,15.75860000000000,NA,0.27330000000000,0.87160000000000,NA,8758.5353,15.6667,15.3934,0.2733,15.7025,0.5625,0.5625,0.0000,NA,NA,NA
ExperienceX.exe,56308,0x216C829D570,DXGI,1,0,0,Composed: Flip,8790.8386,NA,16.90990000000000,NA,0.48610000000000,3.15870000000000,NA,8774.2020,17.1227,16.6366,0.4861,19.3130,0.4823,0.4779,0.0044,NA,NA,NA
ExperienceX.exe,56308,0x216C829D570,DXGI,1,0,0,Composed: Flip,8840.7225,NA,49.88390000000000,NA,0.13380000000000,0.69110000000000,NA,8791.3247,49.5316,49.3978,0.1338,49.5377,0.5512,0.5512,0.0000,NA,NA,NA
ExperienceX.exe,56308,0x216C829D570,DXGI,1,0,0,Composed: Flip,8858.4078,NA,17.68530000000000,NA,0.08180000000000,1.82840000000000,NA,8840.8563,17.6333,17.5515,0.0818,17.1965,2.1834,2.1834,0.0000,NA,NA,NA
ExperienceX.exe,56308,0x216C829D570,DXGI,1,0,0,Composed: Flip,8874.0003,NA,15.59250000000000,NA,0.14510000000000,0.72920000000000,NA,8858.4896,15.6558,15.5107,0.1451,2.2355,14.0044,0.6668,13.3376,NA,NA,NA
ExperienceX.exe,56308,0x216C829D570,DXGI,1,0,0,Composed: Flip,8891.3438,NA,17.34350000000000,NA,0.05300000000000,2.12140000000000,NA,8874.1454,17.2514,17.1984,0.0530,17.1388,2.1810,2.1810,0.0000,NA,NA,NA
ExperienceX.exe,56308,0x216C829D570,DXGI,1,0,0,Composed: Flip,8907.1572,NA,15.81340000000000,NA,0.16350000000000,1.13820000000000,NA,8891.3968,15.9239,15.7604,0.1635,16.3993,0.4993,0.4993,0.0000,NA,NA,NA
ExperienceX.exe,56308,0x216C829D570,DXGI,1,0,0,Composed: Flip,8924.0678,NA,16.91060000000000,NA,0.48610000000000,2.71150000000000,NA,8907.3207,17.2332,16.7471,0.4861,17.2786,2.1800,2.1800,0.0000,NA,NA,NA
ExperienceX.exe,56308,0x216C829D570,DXGI,1,0,0,Composed: Flip,8941.2472,NA,17.17940000000000,NA,0.31930000000000,2.10370000000000,NA,8924.5539,17.0126,16.6933,0.3193,16.9133,1.8837,1.8837,0.0000,NA,NA,NA
ExperienceX.exe,56308,0x216C829D570,DXGI,1,0,0,Composed: Flip,8957.9231,NA,16.67590000000000,NA,0.10290000000000,2.18150000000000,NA,8941.5665,16.4595,16.3566,0.1029,16.3639,2.1742,2.1742,0.0000,NA,NA,NA
ExperienceX.exe,56308,0x216C829D570,DXGI,1,0,0,Composed: Flip,8973.9078,NA,15.98470000000000,NA,0.11930000000000,1.55970000000000,NA,8958.0260,16.0011,15.8818,0.1193,16.5821,0.8594,0.8594,0.0000,NA,NA,NA
ExperienceX.exe,56308,0x216C829D570,DXGI,1,0,0,Composed: Flip,8992.1951,NA,18.28730000000000,NA,0.08750000000000,1.64840000000000,NA,8974.0271,18.2555,18.1680,0.0875,18.0604,1.7560,1.7560,0.0000,NA,NA,NA
ExperienceX.exe,56308,0x216C829D570,DXGI,1,0,0,Composed: Flip,9007.0965,NA,14.90140000000000,NA,0.11000000000000,0.67890000000000,NA,8992.2826,14.9239,14.8139,0.1100,2.0447,13.4481,0.8478,12.6003,NA,NA,NA
ExperienceX.exe,56308,0x216C829D570,DXGI,1,0,0,Composed: Flip,9024.6690,NA,17.57250000000000,NA,0.07270000000000,2.05470000000000,NA,9007.2065,17.5352,17.4625,0.0727,17.5601,1.9571,1.9571,0.0000,NA,NA,NA
ExperienceX.exe,56308,0x216C829D570,DXGI,1,0,0,Composed: Flip,9040.4564,NA,15.78740000000000,NA,0.12050000000000,0.70370000000000,NA,9024.7417,15.8352,15.7147,0.1205,2.4643,13.9541,0.5964,13.3577,NA,NA,NA
ExperienceX.exe,56308,0x216C829D570,DXGI,1,0,0,Composed: Flip,9058.4517,NA,17.99530000000000,NA,0.45370000000000,2.19070000000000,NA,9040.5769,18.3285,17.8748,0.4537,17.8849,2.1806,2.1806,0.0000,NA,NA,NA
ExperienceX.exe,56308,0x216C829D570,DXGI,1,0,0,Composed: Flip,9073.8769,NA,15.42520000000000,NA,0.39030000000000,0.87600000000000,NA,9058.9054,15.3618,14.9715,0.3903,15.2577,0.5898,0.5898,0.0000,NA,NA,NA
ExperienceX.exe,56308,0x216C829D570,DXGI,1,0,0,Composed: Flip,9090.8929,NA,17.01600000000000,NA,0.50380000000000,3.06870000000000,NA,9074.2672,17.1295,16.6257,0.5038,19.2064,0.4880,0.4880,0.0000,NA,NA,NA
ExperienceX.exe,56308,0x216C829D570,DXGI,1,0,0,Composed: Flip,9107.3636,NA,16.47070000000000,NA,0.23700000000000,0.78070000000000,NA,9091.3967,16.2039,15.9669,0.2370,2.5649,14.1827,0.8263,13.3564,NA,NA,NA
ExperienceX.exe,56308,0x216C829D570,DXGI,1,0,0,Composed: Flip,9125.3208,NA,17.95720000000000,NA,0.71320000000000,1.75560000000000,NA,9107.6006,18.4334,17.7202,0.7132,17.7775,1.6983,1.6983,0.0000,NA,NA,NA
ExperienceX.exe,56308,0x216C829D570,DXGI,1,0,0,Composed: Flip,9140.5622,NA,15.24140000000000,NA,0.23870000000000,0.81570000000000,NA,9126.0340,14.7669,14.5282,0.2387,1.5519,13.7920,1.1991,12.5929,NA,NA,NA
ExperienceX.exe,56308,0x216C829D570,DXGI,1,0,0,Composed: Flip,9157.8670,NA,17.30480000000000,NA,0.13740000000000,2.11150000000000,NA,9140.8009,17.2035,17.0661,0.1374,16.9713,2.2063,2.2063,0.0000,NA,NA,NA
ExperienceX.exe,56308,0x216C829D570,DXGI,1,0,0,Composed: Flip,9174.2090,NA,16.34200000000000,NA,0.27360000000000,2.33130000000000,NA,9158.0044,16.4782,16.2046,0.2736,17.7185,0.8174,0.8174,0.0000,NA,NA,NA
ExperienceX.exe,56308,0x216C829D570,DXGI,1,0,0,Composed: Flip,9191.5056,NA,17.29660000000000,NA,0.04880000000000,4.05390000000000,NA,9174.4826,17.0718,17.0230,0.0488,19.3854,1.6915,1.6874,0.0041,NA,NA,NA
ExperienceX.exe,56308,0x216C829D570,DXGI,1,0,0,Composed: Flip,9207.2464,NA,15.74080000000000,NA,0.29930000000000,1.58500000000000,NA,9191.5544,15.9913,15.6920,0.2993,15.9944,1.2826,1.2826,0.0000,NA,NA,NA
ExperienceX.exe,56308,0x216C829D570,DXGI,1,0,0,Composed: Flip,9224.8513,NA,17.60490000000000,NA,0.09340000000000,2.48070000000000,NA,9207.5457,17.3990,17.3056,0.0934,19.2668,0.5195,0.5195,0.0000,NA,NA,NA
ExperienceX.exe,56308,0x216C829D570,DXGI,1,0,0,Composed: Flip,9240.5016,NA,15.65030000000000,NA,0.14760000000000,1.37470000000000,NA,9224.9447,15.7045,15.5569,0.1476,16.4191,0.5125,0.5125,0.0000,NA,NA,NA
ExperienceX.exe,56308,0x216C829D570,DXGI,1,0,0,Composed: Flip,9258.4764,NA,17.97480000000000,NA,0.78720000000000,2.52240000000000,NA,9240.6492,18.6144,17.8272,0.7872,19.8678,0.4818,0.4818,0.0000,NA,NA,NA
ExperienceX.exe,56308,0x216C829D570,DXGI,1,0,0,Composed: Flip,9273.8161,NA,15.33970000000000,NA,0.44330000000000,0.67740000000000,NA,9259.2636,14.9958,14.5525,0.4433,1.7352,13.4947,0.9888,12.5059,NA,NA,NA
ExperienceX.exe,56308,0x216C829D570,DXGI,1,0,0,Composed: Flip,9291.8246,NA,18.00850000000000,NA,0.10810000000000,4.58270000000000,NA,9274.2594,17.6733,17.5652,0.1081,19.9279,2.2200,2.2114,0.0086,NA,NA,NA
ExperienceX.exe,56308,0x216C829D570,DXGI,1,0,0,Composed: Flip,9307.1031,NA,15.27850000000000,NA,0.11620000000000,1.18710000000000,NA,9291.9327,15.2866,15.1704,0.1162,15.8539,0.5036,0.5036,0.0000,NA,NA,NA
ExperienceX.exe,56308,0x216C829D570,DXGI,1,0,0,Composed: Flip,9324.3306,NA,17.22750000000000,NA,1.43150000000000,2.58750000000000,NA,9307.2193,18.5428,17.1113,1.4315,17.4949,2.2039,2.2039,0.0000,NA,NA,NA
ExperienceX.exe,56308,0x216C829D570,DXGI,1,0,0,Composed: Flip,9340.4885,NA,16.15790000000000,NA,0.15350000000000,0.74610000000000,NA,9325.7621,14.8799,14.7264,0.1535,1.6672,13.8053,0.9195,12.8858,NA,NA,NA
ExperienceX.exe,56308,0x216C829D570,DXGI,1,0,0,Composed: Flip,9359.1392,NA,18.65070000000000,NA,0.06460000000000,2.15680000000000,NA,9340.6420,18.5618,18.4972,0.0646,20.1664,0.4876,0.4876,0.0000,NA,NA,NA
ExperienceX.exe,56308,0x216C829D570,DXGI,1,0,0,Composed: Flip,9373.8055,NA,14.66630000000000,NA,0.11670000000000,1.20090000000000,NA,9359.2038,14.7184,14.6017,0.1167,15.2848,0.5178,0.5178,0.0000,NA,NA,NA
ExperienceX.exe,56308,0x216C829D570,DXGI,1,0,0,Composed: Flip,9390.7326,NA,16.92710000000000,NA,0.07170000000000,2.64990000000000,NA,9373.9222,16.8821,16.8104,0.0717,17.2705,2.1898,2.1898,0.0000,NA,NA,NA
ExperienceX.exe,56308,0x216C829D570,DXGI,1,0,0,Composed: Flip,9407.1310,NA,16.39840000000000,NA,0.13410000000000,0.66130000000000,NA,9390.8043,16.4608,16.3267,0.1341,16.4330,0.5550,0.5550,0.0000,NA,NA,NA
ExperienceX.exe,56308,0x216C829D570,DXGI,1,0,0,Composed: Flip,9424.3019,NA,17.17090000000000,NA,0.11230000000000,3.07270000000000,NA,9407.2651,17.1491,17.0368,0.1123,19.6118,0.4977,0.4977,0.0000,NA,NA,NA
ExperienceX.exe,56308,0x216C829D570,DXGI,1,0,0,Composed: Flip,9440.8786,NA,16.57670000000000,NA,0.26340000000000,2.81340000000000,NA,9424.4142,16.7278,16.4644,0.2634,18.8023,0.4755,0.4755,0.0000,NA,NA,NA
ExperienceX.exe,56308,0x216C829D570,DXGI,1,0,0,Composed: Flip,9458.1684,NA,17.28980000000000,NA,0.06230000000000,1.89350000000000,NA,9441.1420,17.0887,17.0264,0.0623,16.7864,2.1335,2.1335,0.0000,NA,NA,NA
ExperienceX.exe,56308,0x216C829D570,DXGI,1,0,0,Composed: Flip,9474.0104,NA,15.84200000000000,NA,0.23730000000000,2.25930000000000,NA,9458.2307,16.0170,15.7797,0.2373,16.6518,1.3872,1.3771,0.0101,NA,NA,NA
ExperienceX.exe,56308,0x216C829D570,DXGI,1,0,0,Composed: Flip,9490.6542,NA,16.64380000000000,NA,0.55780000000000,2.58070000000000,NA,9474.2477,16.9643,16.4065,0.5578,17.2246,1.7626,1.7626,0.0000,NA,NA,NA
ExperienceX.exe,56308,0x216C829D570,DXGI,1,0,0,Composed: Flip,9507.1832,NA,16.52900000000000,NA,0.17750000000000,1.07050000000000,NA,9491.2120,16.1487,15.9712,0.1775,16.1054,0.9363,0.9363,0.0000,NA,NA,NA
ExperienceX.exe,56308,0x216C829D570,DXGI,1,0,0,Composed: Flip,9524.3678,NA,17.18460000000000,NA,1.00320000000000,3.13610000000000,NA,9507.3607,18.0103,17.0071,1.0032,19.6206,0.5226,0.5226,0.0000,NA,NA,NA
ExperienceX.exe,56308,0x216C829D570,DXGI,1,0,0,Composed: Flip,9540.5335,NA,16.16570000000000,NA,0.15440000000000,1.59540000000000,NA,9525.3710,15.3169,15.1625,0.1544,15.8778,0.8801,0.8801,0.0000,NA,NA,NA
ExperienceX.exe,56308,0x216C829D570,DXGI,1,0,0,Composed: Flip,9557.2972,NA,16.76370000000000,NA,0.07380000000000,3.16610000000000,NA,9540.6879,16.6831,16.6093,0.0738,19.2571,0.5183,0.5158,0.0025,NA,NA,NA
ExperienceX.exe,56308,0x216C829D570,DXGI,1,0,0,Composed: Flip,9573.8313,NA,16.53410000000000,NA,0.14010000000000,1.56780000000000,NA,9557.3710,16.6004,16.4603,0.1401,17.1591,0.8690,0.8690,0.0000,NA,NA,NA
ExperienceX.exe,56308,0x216C829D570,DXGI,1,0,0,Composed: Flip,9592.0475,NA,18.21620000000000,NA,0.07490000000000,2.16620000000000,NA,9573.9714,18.1510,18.0761,0.0749,19.7632,0.4791,0.4791,0.0000,NA,NA,NA
ExperienceX.exe,56308,0x216C829D570,DXGI,1,0,0,Composed: Flip,9607.4347,NA,15.38720000000000,NA,0.18200000000000,1.16100000000000,NA,9592.1224,15.4943,15.3123,0.1820,2.0913,14.3820,1.1631,13.2189,NA,NA,NA
ExperienceX.exe,56308,0x216C829D570,DXGI,1,0,0,Composed: Flip,9624.3048,NA,16.87010000000000,NA,0.15590000000000,6.17690000000000,NA,9607.6167,16.8440,16.6881,0.1559,19.3215,3.5435,3.5338,0.0097,NA,NA,NA
ExperienceX.exe,56308,0x216C829D570,DXGI,1,0,0,Composed: Flip,9640.3651,NA,16.06030000000000,NA,0.08770000000000,1.88310000000000,NA,9624.4607,15.9921,15.9044,0.0877,16.9343,0.8532,0.8532,0.0000,NA,NA,NA
ExperienceX.exe,56308,0x216C829D570,DXGI,1,0,0,Composed: Flip,9658.1985,NA,17.83340000000000,NA,0.07660000000000,3.20960000000000,NA,9640.4528,17.8223,17.7457,0.0766,19.8400,1.1153,1.1086,0.0067,NA,NA,NA
ExperienceX.exe,56308,0x216C829D570,DXGI,1,0,0,Composed: Flip,9673.8711,NA,15.67260000000000,NA,0.16540000000000,1.77050000000000,NA,9658.2751,15.7614,15.5960,0.1654,15.7738,1.5927,1.5927,0.0000,NA,NA,NA
ExperienceX.exe,56308,0x216C829D570,DXGI,1,0,0,Composed: Flip,9691.0830,NA,17.21190000000000,NA,0.11560000000000,2.72490000000000,NA,9674.0365,17.1621,17.0465,0.1156,19.2874,0.4840,0.4807,0.0033,NA,NA,NA
ExperienceX.exe,56308,0x216C829D570,DXGI,1,0,0,Composed: Flip,9707.1401,NA,16.05710000000000,NA,0.15140000000000,2.22550000000000,NA,9691.1986,16.0929,15.9415,0.1514,17.6861,0.4809,0.4809,0.0000,NA,NA,NA
ExperienceX.exe,56308,0x216C829D570,DXGI,1,0,0,Composed: Flip,9725.0971,NA,17.95700000000000,NA,0.38280000000000,4.02180000000000,NA,9707.2915,18.1884,17.8056,0.3828,19.5939,2.2335,2.2225,0.0110,NA,NA,NA
ExperienceX.exe,56308,0x216C829D570,DXGI,1,0,0,Composed: Flip,9758.6132,NA,33.51610000000000,NA,0.09420000000000,2.01640000000000,NA,9725.4799,33.2275,33.1333,0.0942,34.6370,0.5127,0.5096,0.0031,NA,NA,NA
ExperienceX.exe,56308,0x216C829D570,DXGI,1,0,0,Composed: Flip,9773.8105,NA,15.19730000000000,NA,0.08760000000000,1.22010000000000,NA,9758.7074,15.1907,15.1031,0.0876,16.0288,0.2944,0.2944,0.0000,NA,NA,NA
ExperienceX.exe,56308,0x216C829D570,DXGI,1,0,0,Composed: Flip,9790.7938,NA,16.98330000000000,NA,0.06530000000000,4.36700000000000,NA,9773.8981,16.9610,16.8957,0.0653,20.7839,0.4788,0.4752,0.0036,NA,NA,NA
ExperienceX.exe,56308,0x216C829D570,DXGI,1,0,0,Composed: Flip,9807.1456,NA,16.35180000000000,NA,0.09370000000000,0.82880000000000,NA,9790.8591,16.3802,16.2865,0.0937,16.3661,0.7492,0.7492,0.0000,NA,NA,NA
ExperienceX.exe,56308,0x216C829D570,DXGI,1,0,0,Composed: Flip,9824.1795,NA,17.03390000000000,NA,0.74840000000000,3.08290000000000,NA,9807.2393,17.6886,16.9402,0.7484,19.5413,0.4818,0.4818,0.0000,NA,NA,NA
ExperienceX.exe,56308,0x216C829D570,DXGI,1,0,0,Composed: Flip,9840.5754,NA,16.39590000000000,NA,0.22370000000000,0.70020000000000,NA,9824.9279,15.8712,15.6475,0.2237,2.3345,14.0132,0.9254,13.0878,NA,NA,NA
ExperienceX.exe,56308,0x216C829D570,DXGI,1,0,0,Composed: Flip,9857.3538,NA,16.77840000000000,NA,0.41560000000000,3.85960000000000,NA,9840.7991,16.9703,16.5547,0.4156,17.0151,3.3992,3.3992,0.0000,NA,NA,NA
ExperienceX.exe,56308,0x216C829D570,DXGI,1,0,0,Composed: Flip,9873.8173,NA,16.46350000000000,NA,0.14760000000000,0.81770000000000,NA,9857.7694,16.1955,16.0479,0.1476,16.1646,0.7010,0.7010,0.0000,NA,NA,NA
ExperienceX.exe,56308,0x216C829D570,DXGI,1,0,0,Composed: Flip,9890.9339,NA,17.11660000000000,NA,0.61400000000000,3.03100000000000,NA,9873.9649,17.5830,16.9690,0.6140,19.5117,0.4883,0.4883,0.0000,NA,NA,NA
ExperienceX.exe,56308,0x216C829D570,DXGI,1,0,0,Composed: Flip,9907.3478,NA,16.41390000000000,NA,0.18350000000000,0.76800000000000,NA,9891.5479,15.9834,15.7999,0.1835,2.4170,14.1509,0.8225,13.3284,NA,NA,NA
ExperienceX.exe,56308,0x216C829D570,DXGI,1,0,0,Composed: Flip,9925.0355,NA,17.68770000000000,NA,0.08140000000000,2.11400000000000,NA,9907.5313,17.5856,17.5042,0.0814,19.1376,0.4806,0.4806,0.0000,NA,NA,NA
ExperienceX.exe,56308,0x216C829D570,DXGI,1,0,0,Composed: Flip,9940.8752,NA,15.83970000000000,NA,0.30280000000000,1.56240000000000,NA,9925.1169,16.0611,15.7583,0.3028,2.0326,15.2881,1.6920,13.5961,NA,NA,NA
ExperienceX.exe,56308,0x216C829D570,DXGI,1,0,0,Composed: Flip,9958.8505,NA,17.97530000000000,NA,0.09370000000000,1.94550000000000,NA,9941.1780,17.7662,17.6725,0.0937,18.1520,1.4660,1.4660,0.0000,NA,NA,NA
ExperienceX.exe,56308,0x216C829D570,DXGI,1,0,0,Composed: Flip,9973.8353,NA,14.98480000000000,NA,0.18820000000000,2.35570000000000,NA,9958.9442,15.0793,14.8911,0.1882,15.9956,1.2512,1.2512,0.0000,NA,NA,NA
ExperienceX.exe,56308,0x216C829D570,DXGI,1,0,0,Composed: Flip,9990.9422,NA,17.10690000000000,NA,0.08850000000000,4.49950000000000,NA,9974.0235,17.0072,16.9187,0.0885,19.6366,1.7816,1.7778,0.0038,NA,NA,NA
ExperienceX.exe,56308,0x216C829D570,DXGI,1,0,0,Composed: Flip,10007.1388,NA,16.19660000000000,NA,0.14460000000000,0.71730000000000,NA,9991.0307,16.2527,16.1081,0.1446,16.2473,0.5781,0.5781,0.0000,NA,NA,NA
ExperienceX.exe,56308,0x216C829D570,DXGI,1,0,0,Composed: Flip,10024.3949,NA,17.25610000000000,NA,0.24180000000000,4.10070000000000,NA,10007.2834,17.3533,17.1115,0.2418,20.7325,0.4797,0.4762,0.0035,NA,NA,NA
ExperienceX.exe,56308,0x216C829D570,DXGI,1,0,0,Composed: Flip,10040.4801,NA,16.08520000000000,NA,0.14710000000000,1.62170000000000,NA,10024.6367,15.9905,15.8434,0.1471,16.5746,0.8905,0.8905,0.0000,NA,NA,NA
ExperienceX.exe,56308,0x216C829D570,DXGI,1,0,0,Composed: Flip,10057.6378,NA,17.15770000000000,NA,0.64190000000000,2.73120000000000,NA,10040.6272,17.6525,17.0106,0.6419,17.4830,2.2588,2.2588,0.0000,NA,NA,NA
ExperienceX.exe,56308,0x216C829D570,DXGI,1,0,0,Composed: Flip,10073.8224,NA,16.18460000000000,NA,0.14460000000000,1.25370000000000,NA,10058.2797,15.6873,15.5427,0.1446,16.3635,0.4329,0.4329,0.0000,NA,NA,NA
ExperienceX.exe,56308,0x216C829D570,DXGI,1,0,0,Composed: Flip,10091.3226,NA,17.50020000000000,NA,0.25690000000000,2.68910000000000,NA,10073.9670,17.6125,17.3556,0.2569,19.5412,0.5035,0.4995,0.0040,NA,NA,NA
ExperienceX.exe,56308,0x216C829D570,DXGI,1,0,0,Composed: Flip,10107.3654,NA,16.04280000000000,NA,0.20750000000000,1.27910000000000,NA,10091.5795,15.9934,15.7859,0.2075,16.5301,0.5349,0.5349,0.0000,NA,NA,NA
ExperienceX.exe,56308,0x216C829D570,DXGI,1,0,0,Composed: Flip,10125.0426,NA,17.67720000000000,NA,0.16930000000000,2.55950000000000,NA,10107.5729,17.6390,17.4697,0.1693,19.5235,0.5057,0.5011,0.0046,NA,NA,NA
ExperienceX.exe,56308,0x216C829D570,DXGI,1,0,0,Composed: Flip,10140.4820,NA,15.43940000000000,NA,0.13530000000000,0.82210000000000,NA,10125.2119,15.4054,15.2701,0.1353,15.4043,0.6879,0.6879,0.0000,NA,NA,NA
ExperienceX.exe,56308,0x216C829D570,DXGI,1,0,0,Composed: Flip,10157.8876,NA,17.40560000000000,NA,0.16000000000000,2.76040000000000,NA,10140.6173,17.4303,17.2703,0.1600,17.6925,2.3382,2.3382,0.0000,NA,NA,NA
ExperienceX.exe,56308,0x216C829D570,DXGI,1,0,0,Composed: Flip,10174.4497,NA,16.56210000000000,NA,0.19710000000000,0.75950000000000,NA,10158.0476,16.5992,16.4021,0.1971,3.1036,14.0580,0.8295,13.2285,NA,NA,NA
ExperienceX.exe,56308,0x216C829D570,DXGI,1,0,0,Composed: Flip,10191.3087,NA,16.85900000000000,NA,0.30950000000000,2.71400000000000,NA,10174.6468,16.9714,16.6619,0.3095,18.8776,0.4983,0.4938,0.0045,NA,NA,NA
ExperienceX.exe,56308,0x216C829D570,DXGI,1,0,0,Composed: Flip,10207.1986,NA,15.88990000000000,NA,0.10030000000000,0.67040000000000,NA,10191.6182,15.6807,15.5804,0.1003,15.6790,0.5718,0.5718,0.0000,NA,NA,NA
ExperienceX.exe,56308,0x216C829D570,DXGI,1,0,0,Composed: Flip,10223.9879,NA,16.78930000000000,NA,0.07690000000000,3.23630000000000,NA,10207.2989,16.7659,16.6890,0.0769,19.4106,0.5147,0.5121,0.0026,NA,NA,NA
ExperienceX.exe,56308,0x216C829D570,DXGI,1,0,0,Composed: Flip,10240.5521,NA,16.56420000000000,NA,0.14720000000000,1.46520000000000,NA,10224.0648,16.6345,16.4873,0.1472,16.5964,1.3561,1.3561,0.0000,NA,NA,NA
ExperienceX.exe,56308,0x216C829D570,DXGI,1,0,0,Composed: Flip,10258.2769,NA,17.72480000000000,NA,0.15880000000000,2.62230000000000,NA,10240.6993,17.7364,17.5776,0.1588,19.6828,0.5171,0.5107,0.0064,NA,NA,NA
ExperienceX.exe,56308,0x216C829D570,DXGI,1,0,0,Composed: Flip,10291.5516,NA,33.27470000000000,NA,0.21650000000000,2.67960000000000,NA,10258.4357,33.3324,33.1159,0.2165,35.2906,0.5049,0.5012,0.0037,NA,NA,NA
ExperienceX.exe,56308,0x216C829D570,DXGI,1,0,0,Composed: Flip,10307.4839,NA,15.93230000000000,NA,0.38950000000000,1.75050000000000,NA,10291.7681,16.1053,15.7158,0.3895,16.1241,1.3422,1.3422,0.0000,NA,NA,NA
ExperienceX.exe,56308,0x216C829D570,DXGI,1,0,0,Composed: Flip,10324.9195,NA,17.43560000000000,NA,0.26340000000000,1.99360000000000,NA,10307.8734,17.3095,17.0461,0.2634,17.0260,2.0137,2.0137,0.0000,NA,NA,NA
ExperienceX.exe,56308,0x216C829D570,DXGI,1,0,0,Composed: Flip,10340.4316,NA,15.51210000000000,NA,0.14700000000000,0.74460000000000,NA,10325.1829,15.3957,15.2487,0.1470,15.4055,0.5878,0.5878,0.0000,NA,NA,NA
ExperienceX.exe,56308,0x216C829D570,DXGI,1,0,0,Composed: Flip,10358.0028,NA,17.57120000000000,NA,0.06940000000000,2.22570000000000,NA,10340.5786,17.4936,17.4242,0.0694,17.5710,2.0789,2.0789,0.0000,NA,NA,NA
ExperienceX.exe,56308,0x216C829D570,DXGI,1,0,0,Composed: Flip,10374.1923,NA,16.18950000000000,NA,0.18100000000000,1.79320000000000,NA,10358.0722,16.3011,16.1201,0.1810,17.0141,0.8992,0.8992,0.0000,NA,NA,NA
ExperienceX.exe,56308,0x216C829D570,DXGI,1,0,0,Composed: Flip,10391.5675,NA,17.37520000000000,NA,0.40700000000000,2.70550000000000,NA,10374.3733,17.6012,17.1942,0.4070,19.3579,0.5418,0.5381,0.0037,NA,NA,NA
ExperienceX.exe,56308,0x216C829D570,DXGI,1,0,0,Composed: Flip,10407.1704,NA,15.60290000000000,NA,0.13420000000000,1.26930000000000,NA,10391.9745,15.3301,15.1959,0.1342,15.9344,0.5308,0.5308,0.0000,NA,NA,NA
ExperienceX.exe,56308,0x216C829D570,DXGI,1,0,0,Composed: Flip,10423.8874,NA,16.71700000000000,NA,0.06940000000000,3.34260000000000,NA,10407.3046,16.6522,16.5828,0.0694,19.4140,0.5114,0.5067,0.0047,NA,NA,NA
ExperienceX.exe,56308,0x216C829D570,DXGI,1,0,0,Composed: Flip,10440.4561,NA,16.56870000000000,NA,0.10850000000000,0.74310000000000,NA,10423.9568,16.6078,16.4993,0.1085,16.6468,0.5956,0.5956,0.0000,NA,NA,NA
ExperienceX.exe,56308,0x216C829D570,DXGI,1,0,0,Composed: Flip,10457.8531,NA,17.39700000000000,NA,0.06180000000000,2.26570000000000,NA,10440.5646,17.3503,17.2885,0.0618,17.4753,2.0789,2.0789,0.0000,NA,NA,NA
ExperienceX.exe,56308,0x216C829D570,DXGI,1,0,0,Composed: Flip,10473.8190,NA,15.96590000000000,NA,0.16270000000000,0.69940000000000,NA,10457.9149,16.0668,15.9041,0.1627,16.0182,0.5853,0.5853,0.0000,NA,NA,NA
ExperienceX.exe,56308,0x216C829D570,DXGI,1,0,0,Composed: Flip,10490.5562,NA,16.73720000000000,NA,0.09980000000000,3.53540000000000,NA,10473.9817,16.6743,16.5745,0.0998,17.0663,3.0436,3.0436,0.0000,NA,NA,NA
ExperienceX.exe,56308,0x216C829D570,DXGI,1,0,0,Composed: Flip,10507.2023,NA,16.64610000000000,NA,0.14770000000000,0.72090000000000,NA,10490.6560,16.6940,16.5463,0.1477,16.6945,0.5727,0.5727,0.0000,NA,NA,NA
ExperienceX.exe,56308,0x216C829D570,DXGI,1,0,0,Composed: Flip,10526.1421,NA,18.93980000000000,NA,0.16450000000000,4.92170000000000,NA,10507.3500,18.9566,18.7921,0.1645,20.8381,2.8757,2.8645,0.0112,NA,NA,NA
ExperienceX.exe,56308,0x216C829D570,DXGI,1,0,0,Composed: Flip,10541.1562,NA,15.01410000000000,NA,0.47790000000000,1.91960000000000,NA,10526.3066,15.3275,14.8496,0.4779,15.0487,1.7205,1.7205,0.0000,NA,NA,NA
ExperienceX.exe,56308,0x216C829D570,DXGI,1,0,0,Composed: Flip,10557.8110,NA,16.65480000000000,NA,0.12380000000000,2.99970000000000,NA,10541.6341,16.3007,16.1769,0.1238,18.6800,0.4966,0.4900,0.0066,NA,NA,NA
ExperienceX.exe,56308,0x216C829D570,DXGI,1,0,0,Composed: Flip,10591.4496,NA,33.63860000000000,NA,0.15430000000000,3.12250000000000,NA,10557.9348,33.6691,33.5148,0.1543,36.1393,0.4980,0.4931,0.0049,NA,NA,NA
ExperienceX.exe,56308,0x216C829D570,DXGI,1,0,0,Composed: Flip,10607.1956,NA,15.74600000000000,NA,0.14690000000000,1.16000000000000,NA,10591.6039,15.7386,15.5917,0.1469,16.2199,0.5318,0.5318,0.0000,NA,NA,NA
ExperienceX.exe,56308,0x216C829D570,DXGI,1,0,0,Composed: Flip,10625.6133,NA,18.41770000000000,NA,0.07910000000000,3.35270000000000,NA,10607.3425,18.3499,18.2708,0.0791,19.8479,1.7756,1.7702,0.0054,NA,NA,NA
ExperienceX.exe,56308,0x216C829D570,DXGI,1,0,0,Composed: Flip,10658.3911,NA,32.77780000000000,NA,0.06220000000000,2.86160000000000,NA,10625.6924,32.7609,32.6987,0.0622,35.0561,0.5042,0.5042,0.0000,NA,NA,NA
ExperienceX.exe,56308,0x216C829D570,DXGI,1,0,0,Composed: Flip,10673.9900,NA,15.59890000000000,NA,0.22360000000000,1.65460000000000,NA,10658.4533,15.7603,15.5367,0.2236,16.2926,0.8987,0.8987,0.0000,NA,NA,NA
ExperienceX.exe,56308,0x216C829D570,DXGI,1,0,0,Composed: Flip,10690.6689,NA,16.67890000000000,NA,0.07580000000000,4.05330000000000,NA,10674.2136,16.5311,16.4553,0.0758,16.9740,3.5346,3.5346,0.0000,NA,NA,NA
ExperienceX.exe,56308,0x216C829D570,DXGI,1,0,0,Composed: Flip,10707.8375,NA,17.16860000000000,NA,0.34130000000000,2.10750000000000,NA,10690.7447,17.4341,17.0928,0.3413,18.0027,1.1976,1.1976,0.0000,NA,NA,NA
ExperienceX.exe,56308,0x216C829D570,DXGI,1,0,0,Composed: Flip,10724.1990,NA,16.36150000000000,NA,0.09900000000000,3.26640000000000,NA,10708.1788,16.1192,16.0202,0.0990,18.7729,0.5137,0.5137,0.0000,NA,NA,NA
ExperienceX.exe,56308,0x216C829D570,DXGI,1,0,0,Composed: Flip,10741.2336,NA,17.03460000000000,NA,0.40250000000000,1.92310000000000,NA,10724.2980,17.3381,16.9356,0.4025,18.3395,0.5192,0.5192,0.0000,NA,NA,NA
ExperienceX.exe,56308,0x216C829D570,DXGI,1,0,0,Composed: Flip,10757.6793,NA,16.44570000000000,NA,0.76780000000000,2.75910000000000,NA,10741.6361,16.8110,16.0432,0.7678,16.5318,2.2705,2.2705,0.0000,NA,NA,NA
ExperienceX.exe,56308,0x216C829D570,DXGI,1,0,0,Composed: Flip,10773.8063,NA,16.12700000000000,NA,0.12520000000000,1.21730000000000,NA,10758.4471,15.4844,15.3592,0.1252,16.0645,0.5120,0.5120,0.0000,NA,NA,NA
ExperienceX.exe,56308,0x216C829D570,DXGI,1,0,0,Composed: Flip,10791.5655,NA,17.75920000000000,NA,0.26770000000000,2.73670000000000,NA,10773.9315,17.9017,17.6340,0.2677,19.8591,0.5116,0.5059,0.0057,NA,NA,NA
ExperienceX.exe,56308,0x216C829D570,DXGI,1,0,0,Composed: Flip,10807.1151,NA,15.54960000000000,NA,0.12430000000000,0.71110000000000,NA,10791.8332,15.4062,15.2819,0.1243,15.4181,0.5749,0.5749,0.0000,NA,NA,NA
ExperienceX.exe,56308,0x216C829D570,DXGI,1,0,0,Composed: Flip,10824.6728,NA,17.55770000000000,NA,0.36500000000000,2.23550000000000,NA,10807.2394,17.7984,17.4334,0.3650,17.3967,2.2722,2.2722,0.0000,NA,NA,NA
ExperienceX.exe,56308,0x216C829D570,DXGI,1,0,0,Composed: Flip,10840.4717,NA,15.79890000000000,NA,0.17150000000000,1.24020000000000,NA,10825.0378,15.6054,15.4339,0.1715,16.1440,0.5301,0.5301,0.0000,NA,NA,NA
ExperienceX.exe,56308,0x216C829D570,DXGI,1,0,0,Composed: Flip,10858.6437,NA,18.17200000000000,NA,0.06620000000000,1.88430000000000,NA,10840.6432,18.0667,18.0005,0.0662,17.6389,2.2459,2.2459,0.0000,NA,NA,NA
ExperienceX.exe,56308,0x216C829D570,DXGI,1,0,0,Composed: Flip,10873.9721,NA,15.32840000000000,NA,0.26820000000000,1.34450000000000,NA,10858.7099,15.5304,15.2622,0.2682,15.5744,1.0323,1.0323,0.0000,NA,NA,NA
ExperienceX.exe,56308,0x216C829D570,DXGI,1,0,0,Composed: Flip,10890.8639,NA,16.89180000000000,NA,0.08320000000000,2.69670000000000,NA,10874.2403,16.7068,16.6236,0.0832,17.0569,2.2634,2.2634,0.0000,NA,NA,NA
ExperienceX.exe,56308,0x216C829D570,DXGI,1,0,0,Composed: Flip,10907.1988,NA,16.33490000000000,NA,0.15190000000000,0.76270000000000,NA,10890.9471,16.4036,16.2517,0.1519,16.4226,0.5918,0.5918,0.0000,NA,NA,NA
ExperienceX.exe,56308,0x216C829D570,DXGI,1,0,0,Composed: Flip,10924.4706,NA,17.27180000000000,NA,0.63090000000000,3.22320000000000,NA,10907.3507,17.7508,17.1199,0.6309,19.8432,0.4999,0.4999,0.0000,NA,NA,NA
ExperienceX.exe,56308,0x216C829D570,DXGI,1,0,0,Composed: Flip,10941.0982,NA,16.62760000000000,NA,0.40650000000000,1.91170000000000,NA,10925.1015,16.4032,15.9967,0.4065,2.5923,15.3161,1.7269,13.5892,NA,NA,NA
ExperienceX.exe,56308,0x216C829D570,DXGI,1,0,0,Composed: Flip,10957.4865,NA,16.38830000000000,NA,0.35520000000000,3.10700000000000,NA,10941.5047,16.3370,15.9818,0.3552,18.5954,0.4934,0.4905,0.0029,NA,NA,NA
ExperienceX.exe,56308,0x216C829D570,DXGI,1,0,0,Composed: Flip,10974.0799,NA,16.59340000000000,NA,0.19850000000000,1.30480000000000,NA,10957.8417,16.4367,16.2382,0.1985,16.4805,1.0625,1.0625,0.0000,NA,NA,NA
ExperienceX.exe,56308,0x216C829D570,DXGI,1,0,0,Composed: Flip,10991.8646,NA,17.78470000000000,NA,0.06080000000000,1.82650000000000,NA,10974.2784,17.6470,17.5862,0.0608,17.4044,2.0083,2.0083,0.0000,NA,NA,NA
ExperienceX.exe,56308,0x216C829D570,DXGI,1,0,0,Composed: Flip,11007.1415,NA,15.27690000000000,NA,0.12870000000000,1.26800000000000,NA,10991.9254,15.3448,15.2161,0.1287,16.1244,0.3597,0.3597,0.0000,NA,NA,NA
ExperienceX.exe,56308,0x216C829D570,DXGI,1,0,0,Composed: Flip,11025.3885,NA,18.24700000000000,NA,0.09540000000000,2.14610000000000,NA,11007.2702,18.2137,18.1183,0.0954,19.7763,0.4881,0.4881,0.0000,NA,NA,NA
ExperienceX.exe,56308,0x216C829D570,DXGI,1,0,0,Composed: Flip,11040.4670,NA,15.07850000000000,NA,0.12920000000000,1.30530000000000,NA,11025.4839,15.1123,14.9831,0.1292,15.7737,0.5147,0.5147,0.0000,NA,NA,NA
ExperienceX.exe,56308,0x216C829D570,DXGI,1,0,0,Composed: Flip,11058.1393,NA,17.67230000000000,NA,0.06230000000000,2.53440000000000,NA,11040.5962,17.6054,17.5431,0.0623,19.5888,0.4887,0.4859,0.0028,NA,NA,NA
ExperienceX.exe,56308,0x216C829D570,DXGI,1,0,0,Composed: Flip,11073.7702,NA,15.63090000000000,NA,0.11020000000000,0.70320000000000,NA,11058.2016,15.6788,15.5686,0.1102,15.6992,0.5726,0.5726,0.0000,NA,NA,NA
ExperienceX.exe,56308,0x216C829D570,DXGI,1,0,0,Composed: Flip,11091.6839,NA,17.91370000000000,NA,0.42330000000000,4.05460000000000,NA,11073.8804,18.2268,17.8035,0.4233,20.0778,1.7803,1.7741,0.0062,NA,NA,NA
ExperienceX.exe,56308,0x216C829D570,DXGI,1,0,0,Composed: Flip,11107.1873,NA,15.50340000000000,NA,0.14690000000000,1.77560000000000,NA,11092.1072,15.2270,15.0801,0.1469,16.8396,0.0161,0.0161,0.0000,NA,NA,NA
ExperienceX.exe,56308,0x216C829D570,DXGI,1,0,0,Composed: Flip,11125.4953,NA,18.30800000000000,NA,0.47610000000000,2.64170000000000,NA,11107.3342,18.6372,18.1611,0.4761,20.2935,0.5093,0.5093,0.0000,NA,NA,NA
ExperienceX.exe,56308,0x216C829D570,DXGI,1,0,0,Composed: Flip,11141.1663,NA,15.67100000000000,NA,0.30460000000000,2.17070000000000,NA,11125.9714,15.4995,15.1949,0.3046,16.5507,0.8149,0.8149,0.0000,NA,NA,NA
ExperienceX.exe,56308,0x216C829D570,DXGI,1,0,0,Composed: Flip,11157.5471,NA,16.38080000000000,NA,0.08530000000000,3.24220000000000,NA,11141.4709,16.1615,16.0762,0.0853,18.8070,0.5114,0.5114,0.0000,NA,NA,NA
ExperienceX.exe,56308,0x216C829D570,DXGI,1,0,0,Composed: Flip,11173.9541,NA,16.40700000000000,NA,0.21760000000000,1.32640000000000,NA,11157.6324,16.5393,16.3217,0.2176,17.1057,0.5424,0.5424,0.0000,NA,NA,NA
ExperienceX.exe,56308,0x216C829D570,DXGI,1,0,0,Composed: Flip,11191.8318,NA,17.87770000000000,NA,0.38630000000000,3.76900000000000,NA,11174.1717,18.0464,17.6601,0.3863,19.6565,1.7726,1.7683,0.0043,NA,NA,NA
ExperienceX.exe,56308,0x216C829D570,DXGI,1,0,0,Composed: Flip,11207.1266,NA,15.29480000000000,NA,0.12050000000000,0.91240000000000,NA,11192.2181,15.0290,14.9085,0.1205,15.0810,0.7399,0.7399,0.0000,NA,NA,NA
ExperienceX.exe,56308,0x216C829D570,DXGI,1,0,0,Composed: Flip,11225.0049,NA,17.87830000000000,NA,0.20290000000000,2.21450000000000,NA,11207.2471,17.9607,17.7578,0.2029,17.7058,2.2665,2.2665,0.0000,NA,NA,NA
ExperienceX.exe,56308,0x216C829D570,DXGI,1,0,0,Composed: Flip,11240.8182,NA,15.81330000000000,NA,0.28510000000000,1.05930000000000,NA,11225.2078,15.8955,15.6104,0.2851,15.7102,0.9595,0.9595,0.0000,NA,NA,NA
ExperienceX.exe,56308,0x216C829D570,DXGI,1,0,0,Composed: Flip,11257.9870,NA,17.16880000000000,NA,0.06950000000000,2.79630000000000,NA,11241.1033,16.9532,16.8837,0.0695,19.1875,0.4925,0.4870,0.0055,NA,NA,NA
ExperienceX.exe,56308,0x216C829D570,DXGI,1,0,0,Composed: Flip,11273.9352,NA,15.94820000000000,NA,0.24260000000000,0.88490000000000,NA,11258.0565,16.1213,15.8787,0.2426,16.1757,0.5879,0.5879,0.0000,NA,NA,NA
ExperienceX.exe,56308,0x216C829D570,DXGI,1,0,0,Composed: Flip,11291.2709,NA,17.33570000000000,NA,0.21140000000000,4.43450000000000,NA,11274.1778,17.3045,17.0931,0.2114,21.0330,0.4946,0.4908,0.0038,NA,NA,NA
ExperienceX.exe,56308,0x216C829D570,DXGI,1,0,0,Composed: Flip,11307.1123,NA,15.84140000000000,NA,0.15590000000000,2.33430000000000,NA,11291.4823,15.7859,15.6300,0.1559,17.4661,0.4982,0.4982,0.0000,NA,NA,NA
ExperienceX.exe,56308,0x216C829D570,DXGI,1,0,0,Composed: Flip,11325.3771,NA,18.26480000000000,NA,0.10260000000000,1.77990000000000,NA,11307.2682,18.2115,18.1089,0.1026,17.6034,2.2854,2.2854,0.0000,NA,NA,NA
ExperienceX.exe,56308,0x216C829D570,DXGI,1,0,0,Composed: Flip,11340.7404,NA,15.36330000000000,NA,0.18970000000000,2.16090000000000,NA,11325.4797,15.4504,15.2607,0.1897,17.4160,0.0056,0.0056,0.0000,NA,NA,NA
ExperienceX.exe,56308,0x216C829D570,DXGI,1,0,0,Composed: Flip,11358.1305,NA,17.39010000000000,NA,0.11100000000000,2.09610000000000,NA,11340.9301,17.3114,17.2004,0.1110,17.0206,2.2759,2.2759,0.0000,NA,NA,NA
ExperienceX.exe,56308,0x216C829D570,DXGI,1,0,0,Composed: Flip,11373.8379,NA,15.70740000000000,NA,0.20080000000000,1.25560000000000,NA,11358.2415,15.7972,15.5964,0.2008,16.4350,0.4170,0.4170,0.0000,NA,NA,NA
ExperienceX.exe,56308,0x216C829D570,DXGI,1,0,0,Composed: Flip,11390.6414,NA,16.80350000000000,NA,0.06740000000000,3.86890000000000,NA,11374.0387,16.6701,16.6027,0.0674,17.0780,3.3936,3.3936,0.0000,NA,NA,NA
ExperienceX.exe,56308,0x216C829D570,DXGI,1,0,0,Composed: Flip,11407.1083,NA,16.46690000000000,NA,0.11290000000000,1.54450000000000,NA,11390.7088,16.5124,16.3995,0.1129,17.0630,0.8810,0.8810,0.0000,NA,NA,NA
ExperienceX.exe,56308,0x216C829D570,DXGI,1,0,0,Composed: Flip,11424.0353,NA,16.92700000000000,NA,0.06550000000000,2.64810000000000,NA,11407.2212,16.8796,16.8141,0.0655,17.2855,2.1767,2.1767,0.0000,NA,NA,NA
ExperienceX.exe,56308,0x216C829D570,DXGI,1,0,0,Composed: Flip,11458.1599,NA,34.12460000000000,NA,0.13820000000000,1.84450000000000,NA,11424.1008,34.1973,34.0591,0.1382,33.9426,1.9610,1.9610,0.0000,NA,NA,NA
ExperienceX.exe,56308,0x216C829D570,DXGI,1,0,0,Composed: Flip,11473.8050,NA,15.64510000000000,NA,0.14470000000000,0.72790000000000,NA,11458.2981,15.6516,15.5069,0.1447,2.1935,14.0413,0.5998,13.4415,NA,NA,NA
ExperienceX.exe,56308,0x216C829D570,DXGI,1,0,0,Composed: Flip,11492.0017,NA,18.19670000000000,NA,0.34990000000000,1.74470000000000,NA,11473.9497,18.4019,18.0520,0.3499,17.9030,1.8937,1.8937,0.0000,NA,NA,NA
ExperienceX.exe,56308,0x216C829D570,DXGI,1,0,0,Composed: Flip,11507.5785,NA,15.57680000000000,NA,0.35050000000000,1.20730000000000,NA,11492.3516,15.5774,15.2269,0.3505,1.8678,14.5664,1.1936,13.3728,NA,NA,NA
ExperienceX.exe,56308,0x216C829D570,DXGI,1,0,0,Composed: Flip,11525.5413,NA,17.96280000000000,NA,0.19460000000000,2.53410000000000,NA,11507.9290,17.8069,17.6123,0.1946,19.1221,1.0243,1.0243,0.0000,NA,NA,NA
ExperienceX.exe,56308,0x216C829D570,DXGI,1,0,0,Composed: Flip,11540.9428,NA,15.40150000000000,NA,0.23170000000000,0.89700000000000,NA,11525.7359,15.4386,15.2069,0.2317,2.3395,13.7644,0.9751,12.7893,NA,NA,NA
ExperienceX.exe,56308,0x216C829D570,DXGI,1,0,0,Composed: Flip,11559.9534,NA,19.01060000000000,NA,0.14610000000000,2.05440000000000,NA,11541.1745,18.9250,18.7789,0.1461,18.7433,2.0900,2.0900,0.0000,NA,NA,NA
ExperienceX.exe,56308,0x216C829D570,DXGI,1,0,0,Composed: Flip,11592.2886,NA,32.33520000000000,NA,0.10640000000000,6.28000000000000,NA,11560.0995,32.2955,32.1891,0.1064,34.6312,3.8379,3.8308,0.0071,NA,NA,NA
ExperienceX.exe,56308,0x216C829D570,DXGI,1,0,0,Composed: Flip,11607.1047,NA,14.81610000000000,NA,0.13950000000000,1.91180000000000,NA,11592.3950,14.8492,14.7097,0.1395,16.0852,0.5363,0.5363,0.0000,NA,NA,NA
ExperienceX.exe,56308,0x216C829D570,DXGI,1,0,0,Composed: Flip,11624.7725,NA,17.66780000000000,NA,0.46840000000000,2.44240000000000,NA,11607.2442,17.9967,17.5283,0.4684,17.8588,2.1119,2.1119,0.0000,NA,NA,NA
ExperienceX.exe,56308,0x216C829D570,DXGI,1,0,0,Composed: Flip,11640.4863,NA,15.71380000000000,NA,0.15160000000000,1.55040000000000,NA,11625.2409,15.3970,15.2454,0.1516,15.9146,0.8812,0.8812,0.0000,NA,NA,NA
ExperienceX.exe,56308,0x216C829D570,DXGI,1,0,0,Composed: Flip,11658.1066,NA,17.62030000000000,NA,0.05910000000000,2.36630000000000,NA,11640.6379,17.5278,17.4687,0.0591,19.3475,0.4875,0.4832,0.0043,NA,NA,NA
ExperienceX.exe,56308,0x216C829D570,DXGI,1,0,0,Composed: Flip,11674.2849,NA,16.17830000000000,NA,0.20170000000000,0.78370000000000,NA,11658.1657,16.3209,16.1192,0.2017,16.3286,0.5743,0.5743,0.0000,NA,NA,NA
ExperienceX.exe,56308,0x216C829D570,DXGI,1,0,0,Composed: Flip,11691.4113,NA,17.12640000000000,NA,0.06230000000000,1.91320000000000,NA,11674.4866,16.9870,16.9247,0.0623,16.9383,1.8996,1.8996,0.0000,NA,NA,NA
ExperienceX.exe,56308,0x216C829D570,DXGI,1,0,0,Composed: Flip,11707.1159,NA,15.70460000000000,NA,0.13690000000000,1.56690000000000,NA,11691.4736,15.7792,15.6423,0.1369,16.3488,0.8604,0.8604,0.0000,NA,NA,NA
ExperienceX.exe,56308,0x216C829D570,DXGI,1,0,0,Composed: Flip,11724.0074,NA,16.89150000000000,NA,0.43550000000000,3.20200000000000,NA,11707.2528,17.1901,16.7546,0.4355,19.4870,0.4696,0.4620,0.0076,NA,NA,NA
ExperienceX.exe,56308,0x216C829D570,DXGI,1,0,0,Composed: Flip,11740.7051,NA,16.69770000000000,NA,0.20610000000000,1.22480000000000,NA,11724.4429,16.4683,16.2622,0.2061,17.1750,0.3120,0.3120,0.0000,NA,NA,NA
ExperienceX.exe,56308,0x216C829D570,DXGI,1,0,0,Composed: Flip,11759.8904,NA,19.18530000000000,NA,0.20260000000000,1.39850000000000,NA,11740.9112,19.1818,18.9792,0.2026,18.9253,1.4524,1.4447,0.0077,NA,NA,NA
ExperienceX.exe,56308,0x216C829D570,DXGI,1,0,0,Composed: Flip,11773.8472,NA,13.95680000000000,NA,0.17070000000000,0.75740000000000,NA,11760.0930,13.9249,13.7542,0.1707,13.9621,0.5495,0.5495,0.0000,NA,NA,NA
ExperienceX.exe,56308,0x216C829D570,DXGI,1,0,0,Composed: Flip,11791.4475,NA,17.60030000000000,NA,0.39820000000000,1.44820000000000,NA,11774.0179,17.8278,17.4296,0.3982,17.1959,1.6819,1.6819,0.0000,NA,NA,NA
ExperienceX.exe,56308,0x216C829D570,DXGI,1,0,0,Composed: Flip,11824.5990,NA,33.15150000000000,NA,0.27000000000000,1.45450000000000,NA,11791.8457,33.0233,32.7533,0.2700,32.5477,1.6601,1.6601,0.0000,NA,NA,NA
ExperienceX.exe,56308,0x216C829D570,DXGI,1,0,0,Composed: Flip,11840.4283,NA,15.82930000000000,NA,0.12520000000000,0.58320000000000,NA,11824.8690,15.6845,15.5593,0.1252,1.5718,14.5707,1.1136,13.4571,NA,NA,NA
ExperienceX.exe,56308,0x216C829D570,DXGI,1,0,0,Composed: Flip,11858.7425,NA,18.31420000000000,NA,0.16090000000000,1.20560000000000,NA,11840.5535,18.3499,18.1890,0.1609,18.9729,0.4217,0.4217,0.0000,NA,NA,NA
ExperienceX.exe,56308,0x216C829D570,DXGI,1,0,0,Composed: Flip,11873.9312,NA,15.18870000000000,NA,0.22400000000000,1.50870000000000,NA,11858.9034,15.2518,15.0278,0.2240,15.8618,0.6747,0.6747,0.0000,NA,NA,NA
ExperienceX.exe,56308,0x216C829D570,DXGI,1,0,0,Composed: Flip,11891.1912,NA,17.26000000000000,NA,0.06630000000000,1.44730000000000,NA,11874.1552,17.1023,17.0360,0.0663,16.7872,1.6961,1.6961,0.0000,NA,NA,NA
ExperienceX.exe,56308,0x216C829D570,DXGI,1,0,0,Composed: Flip,11907.3090,NA,16.11780000000000,NA,0.31290000000000,2.02090000000000,NA,11891.2575,16.3644,16.0515,0.3129,17.4411,0.6313,0.6313,0.0000,NA,NA,NA
ExperienceX.exe,56308,0x216C829D570,DXGI,1,0,0,Composed: Flip,11925.0809,NA,17.77190000000000,NA,0.06990000000000,1.18710000000000,NA,11907.6219,17.5289,17.4590,0.0699,16.9134,1.7327,1.7327,0.0000,NA,NA,NA
ExperienceX.exe,56308,0x216C829D570,DXGI,1,0,0,Composed: Flip,11940.5917,NA,15.51080000000000,NA,0.17000000000000,1.77910000000000,NA,11925.1508,15.6109,15.4409,0.1700,1.4909,15.7291,2.2677,13.4614,NA,NA,NA
ExperienceX.exe,56308,0x216C829D570,DXGI,1,0,0,Composed: Flip,11957.7048,NA,17.11310000000000,NA,0.55910000000000,2.36890000000000,NA,11940.7617,17.5022,16.9431,0.5591,17.9114,1.4006,1.4006,0.0000,NA,NA,NA
ExperienceX.exe,56308,0x216C829D570,DXGI,1,0,0,Composed: Flip,11974.0923,NA,16.38750000000000,NA,0.22370000000000,0.62090000000000,NA,11958.2639,16.0521,15.8284,0.2237,2.1936,14.2557,1.2502,13.0055,NA,NA,NA
ExperienceX.exe,56308,0x216C829D570,DXGI,1,0,0,Composed: Flip,12007.2317,NA,33.13940000000000,NA,0.22720000000000,0.80840000000000,NA,11974.3160,33.1429,32.9157,0.2272,18.8410,14.8831,1.5267,13.3564,NA,NA,NA
ExperienceX.exe,56308,0x216C829D570,DXGI,1,0,0,Composed: Flip,12025.2499,NA,18.01820000000000,NA,0.06360000000000,1.53740000000000,NA,12007.4589,17.8546,17.7910,0.0636,18.9525,0.3759,0.3759,0.0000,NA,NA,NA
ExperienceX.exe,56308,0x216C829D570,DXGI,1,0,0,Composed: Flip,12040.4053,NA,15.15540000000000,NA,0.09890000000000,0.55530000000000,NA,12025.3135,15.1907,15.0918,0.0989,1.4738,14.1733,1.3692,12.8041,NA,NA,NA
ExperienceX.exe,56308,0x216C829D570,DXGI,1,0,0,Composed: Flip,12058.2271,NA,17.82180000000000,NA,0.07060000000000,1.74080000000000,NA,12040.5042,17.7935,17.7229,0.0706,19.0705,0.3932,0.3932,0.0000,NA,NA,NA
ExperienceX.exe,56308,0x216C829D570,DXGI,1,0,0,Composed: Flip,12073.9137,NA,15.68660000000000,NA,0.23700000000000,1.91990000000000,NA,12058.2977,15.8530,15.6160,0.2370,17.1505,0.3854,0.3854,0.0000,NA,NA,NA
ExperienceX.exe,56308,0x216C829D570,DXGI,1,0,0,Composed: Flip,12091.1968,NA,17.28310000000000,NA,0.18960000000000,2.12210000000000,NA,12074.1507,17.2357,17.0461,0.1896,18.7854,0.3828,0.3828,0.0000,NA,NA,NA
ExperienceX.exe,56308,0x216C829D570,DXGI,1,0,0,Composed: Flip,12107.1982,NA,16.00140000000000,NA,0.13000000000000,1.80430000000000,NA,12091.3864,15.9418,15.8118,0.1300,17.2468,0.3693,0.3693,0.0000,NA,NA,NA
ExperienceX.exe,56308,0x216C829D570,DXGI,1,0,0,Composed: Flip,12124.2261,NA,17.02790000000000,NA,0.07470000000000,2.56230000000000,NA,12107.3282,16.9726,16.8979,0.0747,17.3269,2.1333,2.1333,0.0000,NA,NA,NA
ExperienceX.exe,56308,0x216C829D570,DXGI,1,0,0,Composed: Flip,12159.0401,NA,34.81400000000000,NA,0.10380000000000,1.90520000000000,NA,12124.3008,34.8431,34.7393,0.1038,36.2699,0.3746,0.3746,0.0000,NA,NA,NA
ExperienceX.exe,56308,0x216C829D570,DXGI,1,0,0,Composed: Flip,12174.2717,NA,15.23160000000000,NA,0.24210000000000,1.33050000000000,NA,12159.1439,15.3699,15.1278,0.2421,16.4537,0.0046,0.0046,0.0000,NA,NA,NA
ExperienceX.exe,56308,0x216C829D570,DXGI,1,0,0,Composed: Flip,12192.1038,NA,17.83210000000000,NA,0.20960000000000,1.79450000000000,NA,12174.5138,17.7996,17.5900,0.2096,18.9802,0.4043,0.4043,0.0000,NA,NA,NA
ExperienceX.exe,56308,0x216C829D570,DXGI,1,0,0,Composed: Flip,12207.1662,NA,15.06240000000000,NA,0.14150000000000,0.62820000000000,NA,12192.3134,14.9943,14.8528,0.1415,1.5849,13.8961,1.7008,12.1953,NA,NA,NA
ExperienceX.exe,56308,0x216C829D570,DXGI,1,0,0,Composed: Flip,12224.4127,NA,17.24650000000000,NA,0.05710000000000,1.91080000000000,NA,12207.3077,17.1621,17.1050,0.0571,18.6350,0.3808,0.3808,0.0000,NA,NA,NA
ExperienceX.exe,56308,0x216C829D570,DXGI,1,0,0,Composed: Flip,12240.5099,NA,16.09720000000000,NA,0.09410000000000,0.54370000000000,NA,12224.4698,16.1342,16.0401,0.0941,1.8537,14.7301,1.1270,13.6031,NA,NA,NA
ExperienceX.exe,56308,0x216C829D570,DXGI,1,0,0,Composed: Flip,12257.8916,NA,17.38170000000000,NA,0.11030000000000,2.43780000000000,NA,12240.6040,17.3979,17.2876,0.1103,18.9447,0.7807,0.7807,0.0000,NA,NA,NA
ExperienceX.exe,56308,0x216C829D570,DXGI,1,0,0,Composed: Flip,12273.7762,NA,15.88460000000000,NA,0.11180000000000,1.51020000000000,NA,12258.0019,15.8861,15.7743,0.1118,16.3368,0.9477,0.9477,0.0000,NA,NA,NA
ExperienceX.exe,56308,0x216C829D570,DXGI,1,0,0,Composed: Flip,12290.6935,NA,16.91730000000000,NA,0.08550000000000,2.58320000000000,NA,12273.8880,16.8910,16.8055,0.0855,19.0012,0.3875,0.3875,0.0000,NA,NA,NA
ExperienceX.exe,56308,0x216C829D570,DXGI,1,0,0,Composed: Flip,12307.5247,NA,16.83120000000000,NA,0.49420000000000,2.33250000000000,NA,12290.7790,17.2399,16.7457,0.4942,18.7054,0.3728,0.3728,0.0000,NA,NA,NA
ExperienceX.exe,56308,0x216C829D570,DXGI,1,0,0,Composed: Flip,12325.7899,NA,18.26520000000000,NA,0.08510000000000,0.97600000000000,NA,12308.0189,17.8561,17.7710,0.0851,17.3252,1.4218,1.4218,0.0000,NA,NA,NA
ExperienceX.exe,56308,0x216C829D570,DXGI,1,0,0,Composed: Flip,12340.9787,NA,15.18880000000000,NA,0.32140000000000,2.97070000000000,NA,12325.8750,15.4251,15.1037,0.3214,16.3204,1.7540,1.7540,0.0000,NA,NA,NA
ExperienceX.exe,56308,0x216C829D570,DXGI,1,0,0,Composed: Flip,12358.7798,NA,17.80110000000000,NA,0.15490000000000,1.36420000000000,NA,12341.3001,17.6346,17.4797,0.1549,18.4481,0.3958,0.3958,0.0000,NA,NA,NA
ExperienceX.exe,56308,0x216C829D570,DXGI,1,0,0,Composed: Flip,12373.8602,NA,15.08040000000000,NA,0.15310000000000,0.61880000000000,NA,12358.9347,15.0786,14.9255,0.1531,1.2093,14.3350,1.4466,12.8884,NA,NA,NA
ExperienceX.exe,56308,0x216C829D570,DXGI,1,0,0,Composed: Flip,12391.4180,NA,17.55780000000000,NA,0.41190000000000,2.32940000000000,NA,12374.0133,17.8166,17.4047,0.4119,18.9600,0.7741,0.7741,0.0000,NA,NA,NA
ExperienceX.exe,56308,0x216C829D570,DXGI,1,0,0,Composed: Flip,12407.0997,NA,15.68170000000000,NA,0.12400000000000,0.70770000000000,NA,12391.8299,15.3938,15.2698,0.1240,1.9175,14.0600,0.9983,13.0617,NA,NA,NA
ExperienceX.exe,56308,0x216C829D570,DXGI,1,0,0,Composed: Flip,12424.6333,NA,17.53360000000000,NA,0.05650000000000,1.44100000000000,NA,12407.2237,17.4661,17.4096,0.0565,17.1430,1.7076,1.7076,0.0000,NA,NA,NA
ExperienceX.exe,56308,0x216C829D570,DXGI,1,0,0,Composed: Flip,12440.6235,NA,15.99020000000000,NA,0.37850000000000,1.65180000000000,NA,12424.6898,16.3122,15.9337,0.3785,1.7910,15.7945,1.8462,13.9483,NA,NA,NA
ExperienceX.exe,56308,0x216C829D570,DXGI,1,0,0,Composed: Flip,12458.1041,NA,17.48060000000000,NA,0.05600000000000,1.82210000000000,NA,12441.0020,17.1581,17.1021,0.0560,18.5434,0.3808,0.3808,0.0000,NA,NA,NA
ExperienceX.exe,56308,0x216C829D570,DXGI,1,0,0,Composed: Flip,12473.8673,NA,15.76320000000000,NA,0.21560000000000,1.03160000000000,NA,12458.1601,15.9228,15.7072,0.2156,1.7661,14.9727,2.0263,12.9464,NA,NA,NA
ExperienceX.exe,56308,0x216C829D570,DXGI,1,0,0,Composed: Flip,12490.7910,NA,16.92370000000000,NA,0.52220000000000,2.39910000000000,NA,12474.0829,17.2303,16.7081,0.5222,18.7347,0.3725,0.3725,0.0000,NA,NA,NA
ExperienceX.exe,56308,0x216C829D570,DXGI,1,0,0,Composed: Flip,12507.1047,NA,16.31370000000000,NA,0.13820000000000,1.01540000000000,NA,12491.3132,15.9297,15.7915,0.1382,16.5251,0.2818,0.2818,0.0000,NA,NA,NA
ExperienceX.exe,56308,0x216C829D570,DXGI,1,0,0,Composed: Flip,12525.6045,NA,18.49980000000000,NA,0.83890000000000,1.54160000000000,NA,12507.2429,19.2005,18.3616,0.8389,18.0009,1.9023,1.9023,0.0000,NA,NA,NA
ExperienceX.exe,56308,0x216C829D570,DXGI,1,0,0,Composed: Flip,12540.5252,NA,14.92070000000000,NA,0.27850000000000,1.08690000000000,NA,12526.4434,14.3603,14.0818,0.2785,14.7823,0.3864,0.3864,0.0000,NA,NA,NA
ExperienceX.exe,56308,0x216C829D570,DXGI,1,0,0,Composed: Flip,12557.8441,NA,17.31890000000000,NA,0.05930000000000,2.12440000000000,NA,12540.8037,17.0997,17.0404,0.0593,18.7936,0.3712,0.3712,0.0000,NA,NA,NA
ExperienceX.exe,56308,0x216C829D570,DXGI,1,0,0,Composed: Flip,12573.8953,NA,16.05120000000000,NA,0.16330000000000,0.98050000000000,NA,12557.9034,16.1552,15.9919,0.1633,2.0651,14.9073,1.5785,13.3288,NA,NA,NA
ExperienceX.exe,56308,0x216C829D570,DXGI,1,0,0,Composed: Flip,12590.6493,NA,16.75400000000000,NA,0.08090000000000,2.04280000000000,NA,12574.0586,16.6716,16.5907,0.0809,17.2805,1.3530,1.3530,0.0000,NA,NA,NA
ExperienceX.exe,56308,0x216C829D570,DXGI,1,0,0,Composed: Flip,12607.2177,NA,16.56840000000000,NA,0.16930000000000,0.59970000000000,NA,12590.7302,16.6568,16.4875,0.1693,2.3007,14.7865,1.3776,13.4089,NA,NA,NA
ExperienceX.exe,56308,0x216C829D570,DXGI,1,0,0,Composed: Flip,12624.8108,NA,17.59310000000000,NA,0.04310000000000,1.99080000000000,NA,12607.3870,17.4669,17.4238,0.0431,19.0168,0.3978,0.3978,0.0000,NA,NA,NA
ExperienceX.exe,56308,0x216C829D570,DXGI,1,0,0,Composed: Flip,12640.5051,NA,15.69430000000000,NA,0.13010000000000,0.59340000000000,NA,12624.8539,15.7813,15.6512,0.1301,1.9477,14.2969,1.3941,12.9028,NA,NA,NA
ExperienceX.exe,56308,0x216C829D570,DXGI,1,0,0,Composed: Flip,12658.1824,NA,17.67730000000000,NA,0.08790000000000,1.69570000000000,NA,12640.6352,17.6351,17.5472,0.0879,18.8539,0.3890,0.3890,0.0000,NA,NA,NA
ExperienceX.exe,56308,0x216C829D570,DXGI,1,0,0,Composed: Flip,12673.7727,NA,15.59030000000000,NA,0.05930000000000,1.04690000000000,NA,12658.2703,15.5617,15.5024,0.0593,16.1311,0.4182,0.4182,0.0000,NA,NA,NA
ExperienceX.exe,56308,0x216C829D570,DXGI,1,0,0,Composed: Flip,12691.7363,NA,17.96360000000000,NA,0.05170000000000,1.92230000000000,NA,12673.8320,17.9560,17.9043,0.0517,19.4343,0.3923,0.3923,0.0000,NA,NA,NA
ExperienceX.exe,56308,0x216C829D570,DXGI,1,0,0,Composed: Flip,12707.1130,NA,15.37670000000000,NA,0.06780000000000,1.89000000000000,NA,12691.7880,15.3928,15.3250,0.0678,16.5412,0.6738,0.6738,0.0000,NA,NA,NA
ExperienceX.exe,56308,0x216C829D570,DXGI,1,0,0,Composed: Flip,12725.6102,NA,18.49720000000000,NA,0.07460000000000,2.07940000000000,NA,12707.1808,18.5040,18.4294,0.0746,19.7012,0.8076,0.8076,0.0000,NA,NA,NA
ExperienceX.exe,56308,0x216C829D570,DXGI,1,0,0,Composed: Flip,12740.9888,NA,15.37860000000000,NA,0.40470000000000,1.82140000000000,NA,12725.6848,15.7087,15.3040,0.4047,16.4486,0.6768,0.6768,0.0000,NA,NA,NA
ExperienceX.exe,56308,0x216C829D570,DXGI,1,0,0,Composed: Flip,12757.5277,NA,16.53890000000000,NA,0.10780000000000,2.00200000000000,NA,12741.3935,16.2420,16.1342,0.1078,16.6062,1.5300,1.5300,0.0000,NA,NA,NA
ExperienceX.exe,56308,0x216C829D570,DXGI,1,0,0,Composed: Flip,12774.0378,NA,16.51010000000000,NA,0.31740000000000,1.25020000000000,NA,12757.6355,16.7197,16.4023,0.3174,2.2934,15.3591,3.1419,12.2172,NA,NA,NA
ExperienceX.exe,56308,0x216C829D570,DXGI,1,0,0,Composed: Flip,12792.3458,NA,18.30800000000000,NA,0.06980000000000,2.08450000000000,NA,12774.3552,18.0604,17.9906,0.0698,19.2385,0.8366,0.8366,0.0000,NA,NA,NA
ExperienceX.exe,56308,0x216C829D570,DXGI,1,0,0,Composed: Flip,12807.1462,NA,14.80040000000000,NA,0.12400000000000,0.58220000000000,NA,12792.4156,14.8546,14.7306,0.1240,2.0147,13.2981,0.8380,12.4601,NA,NA,NA
ExperienceX.exe,56308,0x216C829D570,DXGI,1,0,0,Composed: Flip,12823.9868,NA,16.84060000000000,NA,0.07850000000000,2.30960000000000,NA,12807.2702,16.7951,16.7166,0.0785,17.0668,1.9594,1.9594,0.0000,NA,NA,NA
ExperienceX.exe,56308,0x216C829D570,DXGI,1,0,0,Composed: Flip,12840.5331,NA,16.54630000000000,NA,0.28100000000000,1.06880000000000,NA,12824.0653,16.7488,16.4678,0.2810,17.1487,0.3879,0.3879,0.0000,NA,NA,NA
ExperienceX.exe,56308,0x216C829D570,DXGI,1,0,0,Composed: Flip,12857.2583,NA,16.72520000000000,NA,0.08580000000000,2.06440000000000,NA,12840.8141,16.5300,16.4442,0.0858,16.8132,1.6954,1.6954,0.0000,NA,NA,NA
ExperienceX.exe,56308,0x216C829D570,DXGI,1,0,0,Composed: Flip,12874.2973,NA,17.03900000000000,NA,0.19120000000000,0.64350000000000,NA,12857.3441,17.1444,16.9532,0.1912,2.3551,15.2416,1.1738,14.0678,NA,NA,NA
ExperienceX.exe,56308,0x216C829D570,DXGI,1,0,0,Composed: Flip,12890.9177,NA,16.62040000000000,NA,0.62340000000000,2.71180000000000,NA,12874.4885,17.0526,16.4292,0.6234,18.2954,0.8456,0.8456,0.0000,NA,NA,NA
ExperienceX.exe,56308,0x216C829D570,DXGI,1,0,0,Composed: Flip,12907.1344,NA,16.21670000000000,NA,0.13430000000000,0.56650000000000,NA,12891.5411,15.7276,15.5933,0.1343,2.0884,14.0714,0.8356,13.2358,NA,NA,NA
ExperienceX.exe,56308,0x216C829D570,DXGI,1,0,0,Composed: Flip,12924.6094,NA,17.47500000000000,NA,0.08800000000000,1.53370000000000,NA,12907.2687,17.4287,17.3407,0.0880,17.1743,1.7001,1.7001,0.0000,NA,NA,NA
ExperienceX.exe,56308,0x216C829D570,DXGI,1,0,0,Composed: Flip,12940.8834,NA,16.27400000000000,NA,0.25170000000000,0.85550000000000,NA,12924.6974,16.4377,16.1860,0.2517,1.8207,15.2208,1.2440,13.9768,NA,NA,NA
ExperienceX.exe,56308,0x216C829D570,DXGI,1,0,0,Composed: Flip,12958.4505,NA,17.56710000000000,NA,0.09320000000000,1.88080000000000,NA,12941.1351,17.4086,17.3154,0.0932,18.0628,1.1334,1.1334,0.0000,NA,NA,NA
ExperienceX.exe,56308,0x216C829D570,DXGI,1,0,0,Composed: Flip,12973.8336,NA,15.38310000000000,NA,0.13860000000000,0.99690000000000,NA,12958.5437,15.4285,15.2899,0.1386,2.1707,14.1161,1.7010,12.4151,NA,NA,NA
ExperienceX.exe,56308,0x216C829D570,DXGI,1,0,0,Composed: Flip,12991.9652,NA,18.13160000000000,NA,0.07560000000000,1.78910000000000,NA,12973.9722,18.0686,17.9930,0.0756,17.5014,2.2807,2.2807,0.0000,NA,NA,NA
ExperienceX.exe,56308,0x216C829D570,DXGI,1,0,0,Composed: Flip,13007.1136,NA,15.14840000000000,NA,0.09550000000000,1.48290000000000,NA,12992.0408,15.1683,15.0728,0.0955,15.6173,0.9384,0.9384,0.0000,NA,NA,NA
ExperienceX.exe,56308,0x216C829D570,DXGI,1,0,0,Composed: Flip,13024.0892,NA,16.97560000000000,NA,0.05850000000000,2.62790000000000,NA,13007.2091,16.9386,16.8801,0.0585,19.1260,0.3820,0.3820,0.0000,NA,NA,NA
ExperienceX.exe,56308,0x216C829D570,DXGI,1,0,0,Composed: Flip,13040.3861,NA,16.29690000000000,NA,0.13650000000000,0.62590000000000,NA,13024.1477,16.3749,16.2384,0.1365,2.5694,14.2949,0.9384,13.3565,NA,NA,NA
ExperienceX.exe,56308,0x216C829D570,DXGI,1,0,0,Composed: Flip,13057.4987,NA,17.11260000000000,NA,0.09850000000000,2.83270000000000,NA,13040.5226,17.0746,16.9761,0.0985,19.3766,0.4322,0.4322,0.0000,NA,NA,NA
ExperienceX.exe,56308,0x216C829D570,DXGI,1,0,0,Composed: Flip,13074.1019,NA,16.60320000000000,NA,0.14700000000000,0.59420000000000,NA,13057.5972,16.6517,16.5047,0.1470,2.7342,14.3647,1.5778,12.7869,NA,NA,NA
ExperienceX.exe,56308,0x216C829D570,DXGI,1,0,0,Composed: Flip,13091.1802,NA,17.07830000000000,NA,0.05170000000000,1.83470000000000,NA,13074.2489,16.9830,16.9313,0.0517,18.3813,0.3847,0.3847,0.0000,NA,NA,NA
ExperienceX.exe,56308,0x216C829D570,DXGI,1,0,0,Composed: Flip,13107.2699,NA,16.08970000000000,NA,0.16150000000000,1.03910000000000,NA,13091.2319,16.1995,16.0380,0.1615,16.6691,0.4080,0.4080,0.0000,NA,NA,NA
ExperienceX.exe,56308,0x216C829D570,DXGI,1,0,0,Composed: Flip,13124.1729,NA,16.90300000000000,NA,0.07910000000000,2.06390000000000,NA,13107.4314,16.8206,16.7415,0.0791,17.1188,1.6866,1.6866,0.0000,NA,NA,NA
ExperienceX.exe,56308,0x216C829D570,DXGI,1,0,0,Composed: Flip,13140.6636,NA,16.49070000000000,NA,0.17240000000000,0.64750000000000,NA,13124.2520,16.5840,16.4116,0.1724,2.4470,14.6121,1.0608,13.5513,NA,NA,NA
ExperienceX.exe,56308,0x216C829D570,DXGI,1,0,0,Composed: Flip,13157.7962,NA,17.13260000000000,NA,0.70850000000000,2.71960000000000,NA,13140.8360,17.6687,16.9602,0.7085,18.8644,0.8154,0.8154,0.0000,NA,NA,NA
ExperienceX.exe,56308,0x216C829D570,DXGI,1,0,0,Composed: Flip,13173.8877,NA,16.09150000000000,NA,0.16900000000000,0.59950000000000,NA,13158.5047,15.5520,15.3830,0.1690,2.0111,13.9714,1.1659,12.8055,NA,NA,NA
ExperienceX.exe,56308,0x216C829D570,DXGI,1,0,0,Composed: Flip,13191.6640,NA,17.77630000000000,NA,0.11510000000000,1.46960000000000,NA,13174.0567,17.7224,17.6073,0.1151,17.6918,1.3851,1.3851,0.0000,NA,NA,NA
ExperienceX.exe,56308,0x216C829D570,DXGI,1,0,0,Composed: Flip,13207.3153,NA,15.65130000000000,NA,0.26600000000000,0.93140000000000,NA,13191.7791,15.8022,15.5362,0.2660,1.7363,14.7313,1.0768,13.6545,NA,NA,NA
ExperienceX.exe,56308,0x216C829D570,DXGI,1,0,0,Composed: Flip,13225.0454,NA,17.73010000000000,NA,0.06340000000000,1.26980000000000,NA,13207.5813,17.5275,17.4641,0.0634,17.0645,1.6694,1.6694,0.0000,NA,NA,NA
ExperienceX.exe,56308,0x216C829D570,DXGI,1,0,0,Composed: Flip,13240.4259,NA,15.38050000000000,NA,0.10840000000000,1.10650000000000,NA,13225.1088,15.4255,15.3171,0.1084,16.0157,0.4079,0.4079,0.0000,NA,NA,NA
ExperienceX.exe,56308,0x216C829D570,DXGI,1,0,0,Composed: Flip,13257.5951,NA,17.16920000000000,NA,0.54020000000000,2.39060000000000,NA,13240.5343,17.6010,17.0608,0.5402,19.0464,0.4050,0.4050,0.0000,NA,NA,NA
ExperienceX.exe,56308,0x216C829D570,DXGI,1,0,0,Composed: Flip,13274.1157,NA,16.52060000000000,NA,0.15130000000000,0.61110000000000,NA,13258.1353,16.1317,15.9804,0.1513,1.8504,14.7411,1.6851,13.0560,NA,NA,NA
ExperienceX.exe,56308,0x216C829D570,DXGI,1,0,0,Composed: Flip,13291.6436,NA,17.52790000000000,NA,0.06050000000000,2.35290000000000,NA,13274.2670,17.4371,17.3766,0.0605,18.9300,0.7995,0.7995,0.0000,NA,NA,NA
ExperienceX.exe,56308,0x216C829D570,DXGI,1,0,0,Composed: Flip,13307.2568,NA,15.61320000000000,NA,0.20510000000000,1.90110000000000,NA,13291.7041,15.7578,15.5527,0.2051,16.8027,0.6511,0.6511,0.0000,NA,NA,NA
ExperienceX.exe,56308,0x216C829D570,DXGI,1,0,0,Composed: Flip,13324.6168,NA,17.36000000000000,NA,0.07800000000000,1.33200000000000,NA,13307.4619,17.2329,17.1549,0.0780,18.1087,0.3782,0.3782,0.0000,NA,NA,NA
ExperienceX.exe,56308,0x216C829D570,DXGI,1,0,0,Composed: Flip,13341.0039,NA,16.38710000000000,NA,0.62250000000000,1.02940000000000,NA,13324.6948,16.9316,16.3091,0.6225,16.9547,0.3838,0.3838,0.0000,NA,NA,NA
ExperienceX.exe,56308,0x216C829D570,DXGI,1,0,0,Composed: Flip,13357.6293,NA,16.62540000000000,NA,0.11460000000000,2.41610000000000,NA,13341.6264,16.1175,16.0029,0.1146,18.0288,0.3902,0.3902,0.0000,NA,NA,NA
ExperienceX.exe,56308,0x216C829D570,DXGI,1,0,0,Composed: Flip,13373.8864,NA,16.25710000000000,NA,0.23000000000000,1.81200000000000,NA,13357.7439,16.3725,16.1425,0.2300,17.4521,0.5024,0.5024,0.0000,NA,NA,NA
ExperienceX.exe,56308,0x216C829D570,DXGI,1,0,0,Composed: Flip,13391.6440,NA,17.75760000000000,NA,0.27560000000000,1.73380000000000,NA,13374.1164,17.8032,17.5276,0.2756,18.8707,0.3907,0.3907,0.0000,NA,NA,NA
ExperienceX.exe,56308,0x216C829D570,DXGI,1,0,0,Composed: Flip,13407.0819,NA,15.43790000000000,NA,0.13920000000000,0.63500000000000,NA,13391.9196,15.3015,15.1623,0.1392,1.4582,14.3391,1.4150,12.9241,NA,NA,NA
ExperienceX.exe,56308,0x216C829D570,DXGI,1,0,0,Composed: Flip,13424.8961,NA,17.81420000000000,NA,0.13290000000000,2.62300000000000,NA,13407.2211,17.8079,17.6750,0.1329,19.9187,0.3793,0.3756,0.0037,NA,NA,NA
ExperienceX.exe,56308,0x216C829D570,DXGI,1,0,0,Composed: Flip,13440.4763,NA,15.58020000000000,NA,0.20150000000000,1.18690000000000,NA,13425.0290,15.6488,15.4473,0.2015,15.6153,1.0189,1.0189,0.0000,NA,NA,NA
ExperienceX.exe,56308,0x216C829D570,DXGI,1,0,0,Composed: Flip,13457.4248,NA,16.94850000000000,NA,0.55610000000000,1.98890000000000,NA,13440.6778,17.3031,16.7470,0.5561,17.1050,1.6309,1.6309,0.0000,NA,NA,NA
ExperienceX.exe,56308,0x216C829D570,DXGI,1,0,0,Composed: Flip,13473.7662,NA,16.34140000000000,NA,0.11490000000000,0.56280000000000,NA,13457.9809,15.9002,15.7853,0.1149,1.8400,14.5081,1.3059,13.2022,NA,NA,NA
ExperienceX.exe,56308,0x216C829D570,DXGI,1,0,0,Composed: Flip,13491.1960,NA,17.42980000000000,NA,0.41440000000000,1.57900000000000,NA,13473.8811,17.7293,17.3149,0.4144,17.3244,1.5695,1.5695,0.0000,NA,NA,NA
ExperienceX.exe,56308,0x216C829D570,DXGI,1,0,0,Composed: Flip,13507.2913,NA,16.09530000000000,NA,0.09160000000000,0.56400000000000,NA,13491.6104,15.7725,15.6809,0.0916,1.5607,14.6842,1.1099,13.5743,NA,NA,NA
ExperienceX.exe,56308,0x216C829D570,DXGI,1,0,0,Composed: Flip,13524.9838,NA,17.69250000000000,NA,0.08130000000000,1.75520000000000,NA,13507.3829,17.6822,17.6009,0.0813,18.1865,1.1696,1.1696,0.0000,NA,NA,NA
ExperienceX.exe,56308,0x216C829D570,DXGI,1,0,0,Composed: Flip,13541.0461,NA,16.06230000000000,NA,0.24020000000000,1.68700000000000,NA,13525.0651,16.2212,15.9810,0.2402,17.3163,0.3517,0.3437,0.0080,NA,NA,NA
ExperienceX.exe,56308,0x216C829D570,DXGI,1,0,0,Composed: Flip,13557.9475,NA,16.90140000000000,NA,0.28290000000000,1.62230000000000,NA,13541.2863,16.9441,16.6612,0.2829,16.5878,1.6957,1.6957,0.0000,NA,NA,NA
ExperienceX.exe,56308,0x216C829D570,DXGI,1,0,0,Composed: Flip,13573.8435,NA,15.89600000000000,NA,0.17390000000000,1.42340000000000,NA,13558.2304,15.7870,15.6131,0.1739,16.2770,0.7595,0.7595,0.0000,NA,NA,NA
ExperienceX.exe,56308,0x216C829D570,DXGI,1,0,0,Composed: Flip,13591.4855,NA,17.64200000000000,NA,0.11860000000000,1.81060000000000,NA,13574.0174,17.5867,17.4681,0.1186,17.5689,1.7098,1.7098,0.0000,NA,NA,NA
ExperienceX.exe,56308,0x216C829D570,DXGI,1,0,0,Composed: Flip,13607.3156,NA,15.83010000000000,NA,0.16710000000000,1.12960000000000,NA,13591.6041,15.8786,15.7115,0.1671,16.4332,0.4079,0.4079,0.0000,NA,NA,NA
ExperienceX.exe,56308,0x216C829D570,DXGI,1,0,0,Composed: Flip,13624.5781,NA,17.26250000000000,NA,0.07110000000000,2.28900000000000,NA,13607.4827,17.1665,17.0954,0.0711,18.9645,0.4199,0.4199,0.0000,NA,NA,NA
ExperienceX.exe,56308,0x216C829D570,DXGI,1,0,0,Composed: Flip,13640.6906,NA,16.11250000000000,NA,0.21570000000000,1.26450000000000,NA,13624.6492,16.2571,16.0414,0.2157,2.2179,15.0880,1.9696,13.1184,NA,NA,NA
ExperienceX.exe,56308,0x216C829D570,DXGI,1,0,0,Composed: Flip,13658.0951,NA,17.40450000000000,NA,0.37690000000000,2.23370000000000,NA,13640.9063,17.5657,17.1888,0.3769,18.9945,0.4280,0.4280,0.0000,NA,NA,NA
ExperienceX.exe,56308,0x216C829D570,DXGI,1,0,0,Composed: Flip,13673.7892,NA,15.69410000000000,NA,0.12080000000000,1.07570000000000,NA,13658.4720,15.4380,15.3172,0.1208,15.9646,0.4283,0.4283,0.0000,NA,NA,NA
ExperienceX.exe,56308,0x216C829D570,DXGI,1,0,0,Composed: Flip,13690.6880,NA,16.89880000000000,NA,0.07850000000000,4.03000000000000,NA,13673.9100,16.8565,16.7780,0.0785,19.4222,1.3858,1.3812,0.0046,NA,NA,NA
ExperienceX.exe,56308,0x216C829D570,DXGI,1,0,0,Composed: Flip,13707.3206,NA,16.63260000000000,NA,0.15540000000000,0.65580000000000,NA,13690.7665,16.7095,16.5541,0.1554,16.7105,0.4994,0.4994,0.0000,NA,NA,NA
ExperienceX.exe,56308,0x216C829D570,DXGI,1,0,0,Composed: Flip,13725.1314,NA,17.81080000000000,NA,0.06740000000000,1.78240000000000,NA,13707.4760,17.7228,17.6554,0.0674,19.1680,0.2698,0.2698,0.0000,NA,NA,NA
ExperienceX.exe,56308,0x216C829D570,DXGI,1,0,0,Composed: Flip,13740.7680,NA,15.63660000000000,NA,0.13850000000000,1.48450000000000,NA,13725.1988,15.7077,15.5692,0.1385,1.7150,15.3387,1.7788,13.5599,NA,NA,NA
ExperienceX.exe,56308,0x216C829D570,DXGI,1,0,0,Composed: Flip,13757.7050,NA,16.93700000000000,NA,0.07270000000000,2.72810000000000,NA,13740.9065,16.8712,16.7985,0.0727,19.1096,0.4170,0.4170,0.0000,NA,NA,NA
ExperienceX.exe,56308,0x216C829D570,DXGI,1,0,0,Composed: Flip,13773.8539,NA,16.14890000000000,NA,0.17540000000000,1.50940000000000,NA,13757.7777,16.2516,16.0762,0.1754,2.6554,14.9302,1.6771,13.2531,NA,NA,NA
ExperienceX.exe,56308,0x216C829D570,DXGI,1,0,0,Composed: Flip,13791.6924,NA,17.83850000000000,NA,0.04920000000000,1.73160000000000,NA,13774.0293,17.7123,17.6631,0.0492,18.9546,0.4401,0.4401,0.0000,NA,NA,NA
ExperienceX.exe,56308,0x216C829D570,DXGI,1,0,0,Composed: Flip,13807.0784,NA,15.38600000000000,NA,0.13460000000000,0.68370000000000,NA,13791.7416,15.4714,15.3368,0.1346,1.6824,14.3381,1.1716,13.1665,NA,NA,NA
ExperienceX.exe,56308,0x216C829D570,DXGI,1,0,0,Composed: Flip,13824.6611,NA,17.58270000000000,NA,0.59070000000000,2.10250000000000,NA,13807.2130,18.0388,17.4481,0.5907,17.8740,1.6766,1.6766,0.0000,NA,NA,NA
ExperienceX.exe,56308,0x216C829D570,DXGI,1,0,0,Composed: Flip,13840.5012,NA,15.84010000000000,NA,0.09840000000000,0.60510000000000,NA,13825.2518,15.3478,15.2494,0.0984,1.9334,13.9211,1.0783,12.8428,NA,NA,NA
ExperienceX.exe,56308,0x216C829D570,DXGI,1,0,0,Composed: Flip,13857.9290,NA,17.42780000000000,NA,0.09300000000000,1.60860000000000,NA,13840.5996,17.4224,17.3294,0.0930,17.3324,1.6056,1.6056,0.0000,NA,NA,NA
ExperienceX.exe,56308,0x216C829D570,DXGI,1,0,0,Composed: Flip,13874.2422,NA,16.31320000000000,NA,0.30980000000000,1.80140000000000,NA,13858.0220,16.5300,16.2202,0.3098,1.9358,16.0858,2.4206,13.6652,NA,NA,NA
ExperienceX.exe,56308,0x216C829D570,DXGI,1,0,0,Composed: Flip,13891.5305,NA,17.28830000000000,NA,0.06130000000000,2.13580000000000,NA,13874.5520,17.0398,16.9785,0.0613,18.6691,0.4452,0.4452,0.0000,NA,NA,NA
ExperienceX.exe,56308,0x216C829D570,DXGI,1,0,0,Composed: Flip,13907.1381,NA,15.60760000000000,NA,0.15170000000000,1.10160000000000,NA,13891.5918,15.6980,15.5463,0.1517,16.2054,0.4425,0.4425,0.0000,NA,NA,NA
ExperienceX.exe,56308,0x216C829D570,DXGI,1,0,0,Composed: Flip,13925.1241,NA,17.98600000000000,NA,0.23670000000000,1.78830000000000,NA,13907.2898,18.0710,17.8343,0.2367,18.4289,1.1937,1.1937,0.0000,NA,NA,NA
ExperienceX.exe,56308,0x216C829D570,DXGI,1,0,0,Composed: Flip,13940.4814,NA,15.35730000000000,NA,0.25010000000000,1.73920000000000,NA,13925.3608,15.3707,15.1206,0.2501,16.4289,0.4309,0.4309,0.0000,NA,NA,NA
ExperienceX.exe,56308,0x216C829D570,DXGI,1,0,0,Composed: Flip,13958.1181,NA,17.63670000000000,NA,0.08230000000000,1.80160000000000,NA,13940.7315,17.4689,17.3866,0.0823,17.1949,1.9933,1.9933,0.0000,NA,NA,NA
ExperienceX.exe,56308,0x216C829D570,DXGI,1,0,0,Composed: Flip,13973.7190,NA,15.60090000000000,NA,0.14810000000000,1.09590000000000,NA,13958.2004,15.6667,15.5186,0.1481,16.1714,0.4431,0.4431,0.0000,NA,NA,NA
ExperienceX.exe,56308,0x216C829D570,DXGI,1,0,0,Composed: Flip,13991.4080,NA,17.68900000000000,NA,0.33700000000000,1.82840000000000,NA,13973.8671,17.8779,17.5409,0.3370,17.7724,1.5969,1.5969,0.0000,NA,NA,NA
ExperienceX.exe,56308,0x216C829D570,DXGI,1,0,0,Composed: Flip,14025.0611,NA,33.65310000000000,NA,0.11300000000000,1.82760000000000,NA,13991.7450,33.4291,33.3161,0.1130,34.7023,0.4414,0.4414,0.0000,NA,NA,NA
ExperienceX.exe,56308,0x216C829D570,DXGI,1,0,0,Composed: Flip,14057.4382,NA,32.37710000000000,NA,0.44500000000000,2.23790000000000,NA,14025.1741,32.7091,32.2641,0.4450,32.5968,1.9052,1.9052,0.0000,NA,NA,NA
ExperienceX.exe,56308,0x216C829D570,DXGI,1,0,0,Composed: Flip,14073.9131,NA,16.47490000000000,NA,0.30230000000000,2.29680000000000,NA,14057.8832,16.3322,16.0299,0.3023,16.8386,1.4881,1.4881,0.0000,NA,NA,NA
ExperienceX.exe,56308,0x216C829D570,DXGI,1,0,0,Composed: Flip,14091.8598,NA,17.94670000000000,NA,0.73010000000000,2.35490000000000,NA,14074.2154,18.3745,17.6444,0.7301,18.6752,1.3241,1.3241,0.0000,NA,NA,NA
ExperienceX.exe,56308,0x216C829D570,DXGI,1,0,0,Composed: Flip,14107.3116,NA,15.45180000000000,NA,0.29660000000000,1.40180000000000,NA,14092.5899,15.0183,14.7217,0.2966,15.6707,0.4528,0.4528,0.0000,NA,NA,NA
ExperienceX.exe,56308,0x216C829D570,DXGI,1,0,0,Composed: Flip,14125.2545,NA,17.94290000000000,NA,0.10980000000000,1.62480000000000,NA,14107.6082,17.7561,17.6463,0.1098,19.1375,0.1336,0.1336,0.0000,NA,NA,NA
ExperienceX.exe,56308,0x216C829D570,DXGI,1,0,0,Composed: Flip,14140.4412,NA,15.18670000000000,NA,0.12360000000000,0.64710000000000,NA,14125.3643,15.2005,15.0769,0.1236,1.5150,14.2090,1.2029,13.0061,NA,NA,NA
ExperienceX.exe,56308,0x216C829D570,DXGI,1,0,0,Composed: Flip,14158.2837,NA,17.84250000000000,NA,0.27500000000000,3.90720000000000,NA,14140.5648,17.9939,17.7189,0.2750,21.1935,0.4326,0.4326,0.0000,NA,NA,NA
ExperienceX.exe,56308,0x216C829D570,DXGI,1,0,0,Composed: Flip,14173.9777,NA,15.69400000000000,NA,0.15640000000000,2.13570000000000,NA,14158.5587,15.5754,15.4190,0.1564,3.6322,13.9225,2.5482,11.3743,NA,NA,NA
ExperienceX.exe,56308,0x216C829D570,DXGI,1,0,0,Composed: Flip,14191.8012,NA,17.82350000000000,NA,0.07480000000000,1.50170000000000,NA,14174.1341,17.7419,17.6671,0.0748,17.2219,1.9469,1.9469,0.0000,NA,NA,NA
ExperienceX.exe,56308,0x216C829D570,DXGI,1,0,0,Composed: Flip,14207.0971,NA,15.29590000000000,NA,0.11910000000000,1.11820000000000,NA,14191.8760,15.3402,15.2211,0.1191,16.0005,0.3388,0.3388,0.0000,NA,NA,NA
ExperienceX.exe,56308,0x216C829D570,DXGI,1,0,0,Composed: Flip,14225.4245,NA,18.32740000000000,NA,0.08970000000000,1.51140000000000,NA,14207.2162,18.2980,18.2083,0.0897,17.7685,1.9512,1.9512,0.0000,NA,NA,NA
ExperienceX.exe,56308,0x216C829D570,DXGI,1,0,0,Composed: Flip,14240.6021,NA,15.17760000000000,NA,0.26310000000000,1.32690000000000,NA,14225.5142,15.3510,15.0879,0.2631,15.8778,0.5370,0.5370,0.0000,NA,NA,NA
ExperienceX.exe,56308,0x216C829D570,DXGI,1,0,0,Composed: Flip,14259.0675,NA,18.46540000000000,NA,0.07120000000000,2.11640000000000,NA,14240.8652,18.2735,18.2023,0.0712,19.8845,0.4342,0.4305,0.0037,NA,NA,NA
ExperienceX.exe,56308,0x216C829D570,DXGI,1,0,0,Composed: Flip,14273.8245,NA,14.75700000000000,NA,0.14970000000000,1.78200000000000,NA,14259.1387,14.8355,14.6858,0.1497,15.3674,1.1004,1.1004,0.0000,NA,NA,NA
ExperienceX.exe,56308,0x216C829D570,DXGI,1,0,0,Composed: Flip,14291.6576,NA,17.83310000000000,NA,0.08760000000000,5.27760000000000,NA,14273.9742,17.7710,17.6834,0.0876,19.8790,3.0820,3.0718,0.0102,NA,NA,NA
ExperienceX.exe,56308,0x216C829D570,DXGI,1,0,0,Composed: Flip,14307.1733,NA,15.51570000000000,NA,0.28580000000000,0.88120000000000,NA,14291.7452,15.7139,15.4281,0.2858,15.7116,0.5977,0.5977,0.0000,NA,NA,NA
ExperienceX.exe,56308,0x216C829D570,DXGI,1,0,0,Composed: Flip,14325.4652,NA,18.29190000000000,NA,0.18050000000000,2.88900000000000,NA,14307.4591,18.1866,18.0061,0.1805,20.5336,0.3615,0.3581,0.0034,NA,NA,NA
ExperienceX.exe,56308,0x216C829D570,DXGI,1,0,0,Composed: Flip,14340.7797,NA,15.31450000000000,NA,0.26340000000000,1.22710000000000,NA,14325.6457,15.3974,15.1340,0.2634,15.8818,0.4793,0.4793,0.0000,NA,NA,NA
ExperienceX.exe,56308,0x216C829D570,DXGI,1,0,0,Composed: Flip,14357.5719,NA,16.79220000000000,NA,0.07100000000000,2.82390000000000,NA,14341.0431,16.5998,16.5288,0.0710,18.9113,0.4414,0.4414,0.0000,NA,NA,NA
ExperienceX.exe,56308,0x216C829D570,DXGI,1,0,0,Composed: Flip,14373.7853,NA,16.21340000000000,NA,0.16030000000000,1.41950000000000,NA,14357.6429,16.3027,16.1424,0.1603,16.7867,0.7752,0.7752,0.0000,NA,NA,NA
ExperienceX.exe,56308,0x216C829D570,DXGI,1,0,0,Composed: Flip,14391.2772,NA,17.49190000000000,NA,0.09400000000000,2.80970000000000,NA,14373.9456,17.4256,17.3316,0.0940,20.1385,0.0028,0.0028,0.0000,NA,NA,NA
ExperienceX.exe,56308,0x216C829D570,DXGI,1,0,0,Composed: Flip,14407.1616,NA,15.88440000000000,NA,0.54010000000000,2.86750000000000,NA,14391.3712,16.3305,15.7904,0.5401,17.7461,0.9118,0.9118,0.0000,NA,NA,NA
ExperienceX.exe,56308,0x216C829D570,DXGI,1,0,0,Composed: Flip,14423.9782,NA,16.81660000000000,NA,0.06490000000000,2.37420000000000,NA,14407.7017,16.3414,16.2765,0.0649,16.6651,1.9856,1.9856,0.0000,NA,NA,NA
ExperienceX.exe,56308,0x216C829D570,DXGI,1,0,0,Composed: Flip,14440.5012,NA,16.52300000000000,NA,0.14850000000000,0.63890000000000,NA,14424.0431,16.6066,16.4581,0.1485,2.7479,14.3491,0.6950,13.6541,NA,NA,NA
ExperienceX.exe,56308,0x216C829D570,DXGI,1,0,0,Composed: Flip,14458.2325,NA,17.73130000000000,NA,0.05030000000000,1.58490000000000,NA,14440.6497,17.6331,17.5828,0.0503,17.4112,1.7565,1.7565,0.0000,NA,NA,NA
ExperienceX.exe,56308,0x216C829D570,DXGI,1,0,0,Composed: Flip,14473.8550,NA,15.62250000000000,NA,0.25110000000000,1.79410000000000,NA,14458.2828,15.8233,15.5722,0.2511,16.6002,0.7661,0.7661,0.0000,NA,NA,NA
ExperienceX.exe,56308,0x216C829D570,DXGI,1,0,0,Composed: Flip,14491.0732,NA,17.21820000000000,NA,0.05710000000000,2.04990000000000,NA,14474.1061,17.0242,16.9671,0.0571,17.5295,1.4875,1.4875,0.0000,NA,NA,NA
ExperienceX.exe,56308,0x216C829D570,DXGI,1,0,0,Composed: Flip,14507.2237,NA,16.15050000000000,NA,0.05770000000000,0.66050000000000,NA,14491.1303,16.1511,16.0934,0.0577,2.4246,14.3293,1.2128,13.1165,NA,NA,NA
ExperienceX.exe,56308,0x216C829D570,DXGI,1,0,0,Composed: Flip,14523.9738,NA,16.75010000000000,NA,0.08410000000000,2.44180000000000,NA,14507.2814,16.7765,16.6924,0.0841,17.0892,2.0450,2.0450,0.0000,NA,NA,NA
ExperienceX.exe,56308,0x216C829D570,DXGI,1,0,0,Composed: Flip,14540.4737,NA,16.49990000000000,NA,0.17790000000000,0.65600000000000,NA,14524.0579,16.5937,16.4158,0.1779,2.6897,14.3821,0.8424,13.5397,NA,NA,NA
ExperienceX.exe,56308,0x216C829D570,DXGI,1,0,0,Composed: Flip,14558.0029,NA,17.52920000000000,NA,0.08040000000000,1.88170000000000,NA,14540.6516,17.4317,17.3513,0.0804,17.3512,1.8818,1.8818,0.0000,NA,NA,NA
ExperienceX.exe,56308,0x216C829D570,DXGI,1,0,0,Composed: Flip,14574.0815,NA,16.07860000000000,NA,0.36100000000000,1.44930000000000,NA,14558.0833,16.3592,15.9982,0.3610,16.9941,0.4534,0.4534,0.0000,NA,NA,NA
ExperienceX.exe,56308,0x216C829D570,DXGI,1,0,0,Composed: Flip,14591.6913,NA,17.60980000000000,NA,0.06450000000000,2.13620000000000,NA,14574.4425,17.3133,17.2488,0.0645,18.9344,0.4506,0.4506,0.0000,NA,NA,NA
ExperienceX.exe,56308,0x216C829D570,DXGI,1,0,0,Composed: Flip,14607.0515,NA,15.36020000000000,NA,0.12180000000000,0.63990000000000,NA,14591.7558,15.4175,15.2957,0.1218,2.0717,13.8639,0.9811,12.8828,NA,NA,NA
ExperienceX.exe,56308,0x216C829D570,DXGI,1,0,0,Composed: Flip,14625.4145,NA,18.36300000000000,NA,0.07770000000000,1.15260000000000,NA,14607.1733,18.3189,18.2412,0.0777,17.3843,2.0095,2.0095,0.0000,NA,NA,NA
ExperienceX.exe,56308,0x216C829D570,DXGI,1,0,0,Composed: Flip,14640.5002,NA,15.08570000000000,NA,0.20580000000000,1.22130000000000,NA,14625.4922,15.2138,15.0080,0.2058,15.7623,0.4670,0.4670,0.0000,NA,NA,NA
ExperienceX.exe,56308,0x216C829D570,DXGI,1,0,0,Composed: Flip,14657.8569,NA,17.35670000000000,NA,0.36880000000000,2.48670000000000,NA,14640.7060,17.5197,17.1509,0.3688,19.1927,0.4449,0.4449,0.0000,NA,NA,NA
ExperienceX.exe,56308,0x216C829D570,DXGI,1,0,0,Composed: Flip,14673.7728,NA,15.91590000000000,NA,0.11600000000000,1.12010000000000,NA,14658.2257,15.6631,15.5471,0.1160,16.2158,0.4514,0.4514,0.0000,NA,NA,NA
ExperienceX.exe,56308,0x216C829D570,DXGI,1,0,0,Composed: Flip,14691.9009,NA,18.12810000000000,NA,0.05380000000000,2.12470000000000,NA,14673.8888,18.0659,18.0121,0.0538,19.6756,0.4612,0.4612,0.0000,NA,NA,NA
ExperienceX.exe,56308,0x216C829D570,DXGI,1,0,0,Composed: Flip,14707.2117,NA,15.31080000000000,NA,0.29000000000000,2.19380000000000,NA,14691.9547,15.5470,15.2570,0.2900,16.7031,0.7477,0.7477,0.0000,NA,NA,NA
ExperienceX.exe,56308,0x216C829D570,DXGI,1,0,0,Composed: Flip,14725.7258,NA,18.51410000000000,NA,0.08600000000000,1.54020000000000,NA,14707.5017,18.3101,18.2241,0.0860,19.3509,0.4134,0.4134,0.0000,NA,NA,NA
ExperienceX.exe,56308,0x216838E1150,DXGI,1,0,0,Composed: Flip,14724.0836,NA,15.57500000000000,16.68170000000000,0.19410000000000,0.77020000000000,32.9588,14708.5881,15.6896,15.4955,0.1941,1.7491,14.5166,0.8204,13.6962,1.0928,14708.5881,NA
ExperienceX.exe,56308,0x216838E1150,DXGI,1,0,0,Composed: Flip,14741.3088,NA,17.22520000000000,NA,0.11910000000000,2.76060000000000,NA,14724.2777,17.1502,17.0311,0.1191,19.3192,0.4725,0.4643,0.0082,NA,NA,NA
ExperienceX.exe,56308,0x216838E1150,DXGI,1,0,0,Composed: Flip,14757.6196,NA,16.31080000000000,33.13670000000000,0.40100000000000,1.49090000000000,32.5595,14741.4279,16.5927,16.1917,0.4010,16.4924,1.1902,1.1902,0.0000,-0.2969,14741.4279,NA
ExperienceX.exe,56308,0x216838E1150,DXGI,1,0,0,Composed: Flip,14774.4210,NA,16.80140000000000,16.64760000000000,0.04230000000000,1.77680000000000,32.4057,14758.0206,16.4427,16.4004,0.0423,16.8680,1.3092,1.3050,0.0042,-0.0549,14758.0206,NA
ExperienceX.exe,56308,0x216838E1150,DXGI,1,0,0,Composed: Flip,14790.4808,NA,16.05980000000000,16.65720000000000,0.15560000000000,0.92770000000000,33.0031,14774.4633,16.1731,16.0175,0.1556,16.1676,0.7776,0.7776,0.0000,-0.2145,14774.4633,NA
ExperienceX.exe,56308,0x216838E1150,DXGI,1,0,0,Composed: Flip,14807.7745,NA,17.29370000000000,16.68670000000000,0.05100000000000,1.70020000000000,32.3961,14790.6364,17.1891,17.1381,0.0510,17.8965,0.9418,0.9378,0.0040,-0.5136,14790.6364,NA
ExperienceX.exe,56308,0x216838E1150,DXGI,1,0,0,Composed: Flip,14823.7542,NA,15.97970000000000,16.66860000000000,0.19250000000000,0.69960000000000,33.0850,14807.8255,16.1212,15.9287,0.1925,16.0959,0.5324,0.5324,0.0000,0.5205,14807.8255,NA
ExperienceX.exe,56308,0x216838E1150,DXGI,1,0,0,Composed: Flip,14841.7420,NA,17.98780000000000,16.66780000000000,0.10500000000000,1.60730000000000,31.7650,14823.9467,17.9003,17.7953,0.1050,18.4111,0.9915,0.9817,0.0098,-0.5466,14823.9467,NA
ExperienceX.exe,56308,0x216838E1150,DXGI,1,0,0,Composed: Flip,14857.1337,NA,15.39170000000000,16.70950000000000,0.40320000000000,2.51510000000000,33.0828,14841.8470,15.6899,15.2867,0.4032,15.7419,2.0599,2.0599,0.0000,1.1908,14841.8470,NA
ExperienceX.exe,56308,0x216838E1150,DXGI,1,0,0,Composed: Flip,14874.3469,NA,17.21320000000000,16.62730000000000,0.24560000000000,2.22160000000000,32.4969,14857.5369,17.0556,16.8100,0.2456,18.0835,0.9481,0.9436,0.0045,-0.9374,14857.5369,NA
ExperienceX.exe,56308,0x216838E1150,DXGI,1,0,0,Composed: Flip,14890.4783,NA,16.13140000000000,16.66710000000000,0.18780000000000,1.46280000000000,33.0326,14874.5925,16.0736,15.8858,0.1878,16.0474,1.3012,1.3012,0.0000,0.3885,14874.5925,NA
ExperienceX.exe,56308,0x216838E1150,DXGI,1,0,0,Composed: Flip,14907.7043,NA,17.22600000000000,16.78460000000000,0.27420000000000,1.80100000000000,32.5912,14890.6661,17.3124,17.0382,0.2742,17.4883,1.3509,1.3443,0.0066,-0.7110,14890.6661,NA
ExperienceX.exe,56308,0x216838E1150,DXGI,1,0,0,Composed: Flip,14923.8711,NA,16.16680000000000,16.64240000000000,0.17200000000000,0.74150000000000,33.0668,14907.9785,16.0646,15.8926,0.1720,16.0925,0.5416,0.5416,0.0000,0.6700,14907.9785,NA
ExperienceX.exe,56308,0x216838E1150,DXGI,1,0,0,Composed: Flip,14943.2704,NA,19.39930000000000,16.59780000000000,0.08570000000000,1.04350000000000,30.2653,14924.0431,19.3130,19.2273,0.0857,18.2661,2.0047,2.0047,0.0000,-0.5332,14924.0431,NA
ExperienceX.exe,56308,0x216838E1150,DXGI,1,0,0,Composed: Flip,14957.3415,NA,14.07110000000000,16.63390000000000,0.24560000000000,1.12600000000000,32.8281,14943.3561,14.2310,13.9854,0.2456,0.9578,14.1536,1.0222,13.1314,2.6791,14943.3561,NA
ExperienceX.exe,56308,0x216838E1150,DXGI,1,0,0,Composed: Flip,14974.6673,NA,17.32580000000000,16.66690000000000,0.07800000000000,1.98620000000000,32.1692,14957.5871,17.1582,17.0802,0.0780,18.1146,0.9518,0.9454,0.0064,-2.4359,14957.5871,NA
ExperienceX.exe,56308,0x216838E1150,DXGI,1,0,0,Composed: Flip,14990.4757,NA,15.80840000000000,16.72580000000000,0.15890000000000,0.85560000000000,33.0866,14974.7453,15.8893,15.7304,0.1589,15.8428,0.7432,0.7432,0.0000,0.4324,14974.7453,NA
ExperienceX.exe,56308,0x216838E1150,DXGI,1,0,0,Composed: Flip,15007.2988,NA,16.82310000000000,16.69270000000000,0.62380000000000,3.12750000000000,32.9562,14990.6346,17.2880,16.6642,0.6238,18.1711,1.6206,1.6174,0.0032,-0.8034,14990.6346,NA
ExperienceX.exe,56308,0x216838E1150,DXGI,1,0,0,Composed: Flip,15023.8410,NA,16.54220000000000,16.57590000000000,0.05190000000000,0.68040000000000,32.9899,15007.9226,15.9703,15.9184,0.0519,15.9699,0.6289,0.5672,0.0617,0.7121,15007.9226,NA
ExperienceX.exe,56308,0x216C7EA03E0,DXGI,1,0,0,Composed: Flip,15040.6693,NA,15.92770000000000,NA,0.05680000000000,0.60470000000000,NA,15025.2736,15.4525,15.3957,0.0568,1.7572,14.2432,1.0660,13.1772,NA,NA,NA
ExperienceX.exe,56308,0x216838E1150,DXGI,1,0,0,Composed: Flip,15040.9307,NA,17.08970000000000,16.70800000000000,0.05920000000000,2.63070000000000,32.6082,15023.8929,17.0970,17.0378,0.0592,17.8667,1.8018,1.7933,0.0085,-0.7377,15023.8929,NA
ExperienceX.exe,56308,0x216C7EA03E0,DXGI,1,0,0,Composed: Flip,15058.1276,NA,17.45830000000000,NA,0.07240000000000,2.19100000000000,NA,15040.7261,17.4739,17.4015,0.0724,17.9993,1.5932,1.5932,0.0000,NA,NA,NA
ExperienceX.exe,56308,0x216C829D570,DXGI,1,0,0,Composed: Flip,14740.8939,NA,15.16810000000000,7683.27060000000074,0.09280000000000,2.70300000000000,32.6061,14725.8118,15.1749,15.0821,0.0928,17.2724,0.5127,0.5127,0.0000,1.9166,14725.8118,NA
ExperienceX.exe,56308,0x216C829D570,DXGI,1,0,0,Composed: Flip,14757.8844,NA,16.99050000000000,NA,0.13880000000000,3.28010000000000,NA,14740.9867,17.0365,16.8977,0.1388,19.7307,0.4471,0.4471,0.0000,NA,NA,NA
ExperienceX.exe,56308,0x216C829D570,DXGI,1,0,0,Composed: Flip,14773.7688,NA,15.88440000000000,NA,0.14950000000000,0.62100000000000,NA,14758.0232,15.8951,15.7456,0.1495,3.1413,13.2253,1.0666,12.1587,NA,NA,NA
ExperienceX.exe,56308,0x216C829D570,DXGI,1,0,0,Composed: Flip,14791.9524,NA,18.18360000000000,NA,0.16670000000000,2.44780000000000,NA,14773.9183,18.2008,18.0341,0.1667,20.0297,0.4522,0.4485,0.0037,NA,NA,NA
ExperienceX.exe,56308,0x216C829D570,DXGI,1,0,0,Composed: Flip,14807.0753,NA,15.12290000000000,NA,0.13420000000000,0.65000000000000,NA,14792.1191,15.0904,14.9562,0.1342,15.0825,0.5237,0.5237,0.0000,NA,NA,NA
ExperienceX.exe,56308,0x216C829D570,DXGI,1,0,0,Composed: Flip,14824.0283,NA,16.95300000000000,NA,0.06140000000000,2.89600000000000,NA,14807.2095,16.8802,16.8188,0.0614,19.2639,0.4509,0.4466,0.0043,NA,NA,NA
ExperienceX.exe,56308,0x216C829D570,DXGI,1,0,0,Composed: Flip,14840.4804,NA,16.45210000000000,NA,0.22580000000000,0.75710000000000,NA,14824.0897,16.6165,16.3907,0.2258,16.5981,0.5497,0.5497,0.0000,NA,NA,NA
ExperienceX.exe,56308,0x216C829D570,DXGI,1,0,0,Composed: Flip,14857.6558,NA,17.17540000000000,NA,0.25000000000000,3.40200000000000,NA,14840.7062,17.1996,16.9496,0.2500,19.3777,0.9739,0.9739,0.0000,NA,NA,NA
ExperienceX.exe,56308,0x216C829D570,DXGI,1,0,0,Composed: Flip,14873.8164,NA,16.16060000000000,NA,0.12640000000000,1.80400000000000,NA,14857.9058,16.0370,15.9106,0.1264,16.9441,0.7705,0.7705,0.0000,NA,NA,NA
ExperienceX.exe,56308,0x216C829D570,DXGI,1,0,0,Composed: Flip,14891.0524,NA,17.23600000000000,NA,0.11460000000000,2.13520000000000,NA,14873.9428,17.2242,17.1096,0.1146,17.9983,1.2465,1.2465,0.0000,NA,NA,NA
ExperienceX.exe,56308,0x216C829D570,DXGI,1,0,0,Composed: Flip,14907.0170,NA,15.96460000000000,NA,0.05950000000000,0.65340000000000,NA,14891.1670,15.9095,15.8500,0.0595,2.4774,14.0260,0.5919,13.4341,NA,NA,NA
ExperienceX.exe,56308,0x216C829D570,DXGI,1,0,0,Composed: Flip,14924.8336,NA,17.81660000000000,NA,0.22660000000000,2.26460000000000,NA,14907.0765,17.9837,17.7571,0.2266,19.5763,0.4454,0.4454,0.0000,NA,NA,NA
ExperienceX.exe,56308,0x216C829D570,DXGI,1,0,0,Composed: Flip,14940.9051,NA,16.07150000000000,NA,0.31230000000000,0.95730000000000,NA,14925.0602,16.1572,15.8449,0.3123,2.0380,14.7642,1.0151,13.7491,NA,NA,NA
ExperienceX.exe,56308,0x216C829D570,DXGI,1,0,0,Composed: Flip,14958.5124,NA,17.60730000000000,NA,0.35880000000000,2.14540000000000,NA,14941.2174,17.6538,17.2950,0.3588,18.9946,0.4458,0.4458,0.0000,NA,NA,NA
ExperienceX.exe,56308,0x216C829D570,DXGI,1,0,0,Composed: Flip,14973.8451,NA,15.33270000000000,NA,0.16710000000000,0.97400000000000,NA,14958.8712,15.1410,14.9739,0.1671,1.7866,14.1613,1.7672,12.3941,NA,NA,NA
ExperienceX.exe,56308,0x216C829D570,DXGI,1,0,0,Composed: Flip,14990.7464,NA,16.90130000000000,NA,0.41610000000000,2.40670000000000,NA,14974.0122,17.1503,16.7342,0.4161,17.3191,1.8218,1.8218,0.0000,NA,NA,NA
ExperienceX.exe,56308,0x216C829D570,DXGI,1,0,0,Composed: Flip,15007.0664,NA,16.32000000000000,NA,0.12480000000000,0.63340000000000,NA,14991.1625,16.0287,15.9039,0.1248,2.4378,14.0995,0.8901,13.2094,NA,NA,NA
ExperienceX.exe,56308,0x216C829D570,DXGI,1,0,0,Composed: Flip,15024.7342,NA,17.66780000000000,NA,0.05730000000000,2.29660000000000,NA,15007.1912,17.6003,17.5430,0.0573,19.3864,0.4532,0.4532,0.0000,NA,NA,NA
ExperienceX.exe,56308,0x216C829D570,DXGI,1,0,0,Composed: Flip,15040.7484,NA,16.01420000000000,NA,0.15600000000000,1.01120000000000,NA,15024.7915,16.1129,15.9569,0.1560,16.4825,0.4856,0.4856,0.0000,NA,NA,NA
ExperienceX.exe,56308,0x216C829D570,DXGI,1,0,0,Composed: Flip,15058.3626,NA,17.61420000000000,NA,0.05680000000000,2.40830000000000,NA,15040.9044,17.5150,17.4582,0.0568,19.4142,0.4523,0.4523,0.0000,NA,NA,NA
ExperienceX.exe,56308,0x216C7EA03E0,DXGI,1,0,0,Composed: Flip,15073.8618,NA,15.73420000000000,NA,0.18580000000000,2.23490000000000,NA,15058.2000,15.8476,15.6618,0.1858,17.4034,0.4933,0.4933,0.0000,NA,NA,NA
ExperienceX.exe,56308,0x216838E1150,DXGI,1,0,0,Composed: Flip,15057.3902,NA,16.45950000000000,16.63510000000000,0.33840000000000,1.33520000000000,32.7838,15040.9899,16.7387,16.4003,0.3384,16.7414,0.9941,0.9941,0.0000,0.4619,15040.9899,NA
ExperienceX.exe,56308,0x216838E1150,DXGI,1,0,0,Composed: Flip,15074.7832,NA,17.39300000000000,NA,0.24230000000000,0.82020000000000,NA,15057.7286,17.2969,17.0546,0.2423,3.0423,14.8325,2.0106,12.8219,NA,NA,NA
ExperienceX.exe,56308,0x216C7EA03E0,DXGI,1,0,0,Composed: Flip,15091.2968,NA,17.43500000000000,NA,0.04560000000000,1.91030000000000,NA,15074.0476,17.2948,17.2492,0.0456,17.1259,2.0336,2.0336,0.0000,NA,NA,NA
ExperienceX.exe,56308,0x216838E1150,DXGI,1,0,0,Composed: Flip,15090.5065,NA,15.72330000000000,33.33020000000000,0.14180000000000,0.66700000000000,32.9977,15075.0255,15.6228,15.4810,0.1418,15.6214,0.5266,0.5266,0.0000,0.7054,15075.0255,NA
ExperienceX.exe,56308,0x216C7EA03E0,DXGI,1,0,0,Composed: Flip,15107.2077,NA,15.91090000000000,NA,0.17100000000000,0.67590000000000,NA,15091.3424,16.0363,15.8653,0.1710,15.9882,0.5530,0.5530,0.0000,NA,NA,NA
ExperienceX.exe,56308,0x216838E1150,DXGI,1,0,0,Composed: Flip,15107.5207,NA,17.01420000000000,16.74500000000000,0.45830000000000,2.15220000000000,32.7285,15090.6483,17.3307,16.8724,0.4583,18.0497,0.9749,0.9692,0.0057,-1.1222,15090.6483,NA
ExperienceX.exe,56308,0x216C7EA03E0,DXGI,1,0,0,Composed: Flip,15123.9613,NA,16.75360000000000,NA,0.07110000000000,2.46980000000000,NA,15107.3787,16.6537,16.5826,0.0711,17.0542,1.9982,1.9982,0.0000,NA,NA,NA
ExperienceX.exe,56308,0x216838E1150,DXGI,1,0,0,Composed: Flip,15123.7636,NA,16.24290000000000,16.63830000000000,0.12890000000000,0.66930000000000,33.1239,15107.9790,15.9135,15.7846,0.1289,15.9057,0.5482,0.5482,0.0000,0.6924,15107.9790,NA
ExperienceX.exe,56308,0x216C7EA03E0,DXGI,1,0,0,Composed: Flip,15140.6645,NA,16.70320000000000,NA,0.25420000000000,1.54900000000000,NA,15124.0324,16.8863,16.6321,0.2542,17.7211,0.4600,0.4600,0.0000,NA,NA,NA
ExperienceX.exe,56308,0x216838E1150,DXGI,1,0,0,Composed: Flip,15141.0654,NA,17.30180000000000,16.69890000000000,0.08480000000000,2.49890000000000,32.5210,15123.8925,17.2577,17.1729,0.0848,18.3210,1.3508,1.3478,0.0030,-0.7854,15123.8925,NA
ExperienceX.exe,56308,0x216C7EA03E0,DXGI,1,0,0,Composed: Flip,15157.8366,NA,17.17210000000000,NA,0.06390000000000,2.18620000000000,NA,15140.9187,16.9818,16.9179,0.0639,17.0740,2.0301,2.0301,0.0000,NA,NA,NA
ExperienceX.exe,56308,0x216838E1150,DXGI,1,0,0,Composed: Flip,15157.2342,NA,16.16880000000000,16.64920000000000,0.23590000000000,0.75850000000000,33.0014,15141.1502,16.3199,16.0840,0.2359,16.3028,0.5397,0.5397,0.0000,0.6085,15141.1502,NA
ExperienceX.exe,56308,0x216C7EA03E0,DXGI,1,0,0,Composed: Flip,15173.9212,NA,16.08460000000000,NA,0.15490000000000,1.26480000000000,NA,15157.9005,16.1756,16.0207,0.1549,2.5923,14.6932,1.3832,13.3100,NA,NA,NA
ExperienceX.exe,56308,0x216838E1150,DXGI,1,0,0,Composed: Flip,15174.9695,NA,17.73530000000000,16.64260000000000,0.30380000000000,1.40070000000000,31.9087,15157.4701,17.8032,17.4994,0.3038,17.9492,0.9509,0.9439,0.0070,-0.3227,15157.4701,NA
ExperienceX.exe,56308,0x216C7EA03E0,DXGI,1,0,0,Composed: Flip,15191.8197,NA,17.89850000000000,NA,0.06780000000000,1.47680000000000,NA,15174.0761,17.8114,17.7436,0.0678,18.7733,0.4471,0.4471,0.0000,NA,NA,NA
ExperienceX.exe,56308,0x216838E1150,DXGI,1,0,0,Composed: Flip,15190.5936,NA,15.62410000000000,16.63130000000000,0.19250000000000,2.25580000000000,32.9159,15175.2733,15.5128,15.3203,0.1925,15.5442,2.0319,2.0319,0.0000,1.1719,15175.2733,NA
ExperienceX.exe,56308,0x216C7EA03E0,DXGI,1,0,0,Composed: Flip,15207.1691,NA,15.34940000000000,NA,0.16090000000000,0.95170000000000,NA,15191.8875,15.4425,15.2816,0.1609,15.4954,0.7379,0.7379,0.0000,NA,NA,NA
ExperienceX.exe,56308,0x216838E1150,DXGI,1,0,0,Composed: Flip,15207.4416,NA,16.84800000000000,16.66090000000000,0.07600000000000,2.95850000000000,32.7288,15190.7861,16.7315,16.6555,0.0760,17.6257,1.9883,1.9835,0.0048,-1.1481,15190.7861,NA
ExperienceX.exe,56308,0x216C7EA03E0,DXGI,1,0,0,Composed: Flip,15224.3901,NA,17.22100000000000,NA,0.20760000000000,2.01110000000000,NA,15207.3300,17.2677,17.0601,0.2076,17.0441,2.0271,2.0271,0.0000,NA,NA,NA
ExperienceX.exe,56308,0x216838E1150,DXGI,1,0,0,Composed: Flip,15223.7499,NA,16.30830000000000,16.66720000000000,0.10840000000000,0.62420000000000,33.0877,15207.5176,16.3407,16.2323,0.1084,16.3375,0.5190,0.5190,0.0000,0.0643,15207.5176,NA
ExperienceX.exe,56308,0x216C7EA03E0,DXGI,1,0,0,Composed: Flip,15240.4355,NA,16.04540000000000,NA,0.10540000000000,1.25240000000000,NA,15224.5977,15.9432,15.8378,0.1054,16.6109,0.4793,0.4793,0.0000,NA,NA,NA
ExperienceX.exe,56308,0x216838E1150,DXGI,1,0,0,Composed: Flip,15241.0188,NA,17.26890000000000,16.66050000000000,0.04580000000000,2.01970000000000,32.4793,15223.8583,17.2063,17.1605,0.0458,17.8296,1.3506,1.3446,0.0060,-0.3198,15223.8583,NA
ExperienceX.exe,56308,0x216C7EA03E0,DXGI,1,0,0,Composed: Flip,15257.8024,NA,17.36690000000000,NA,0.08830000000000,1.95200000000000,NA,15240.5409,17.3498,17.2615,0.0883,17.3123,1.9012,1.9012,0.0000,NA,NA,NA
ExperienceX.exe,56308,0x216838E1150,DXGI,1,0,0,Composed: Flip,15257.0746,NA,16.05580000000000,16.82380000000000,0.12990000000000,0.77860000000000,33.2473,15241.0646,16.1399,16.0100,0.1299,16.1274,0.6612,0.6612,0.0000,0.3825,15241.0646,NA
ExperienceX.exe,56308,0x216C7EA03E0,DXGI,1,0,0,Composed: Flip,15273.7854,NA,15.98300000000000,NA,0.27600000000000,0.77990000000000,NA,15257.8907,16.1707,15.8947,0.2760,2.3153,14.3593,0.7447,13.6146,NA,NA,NA
ExperienceX.exe,56308,0x216838E1150,DXGI,1,0,0,Composed: Flip,15274.7165,NA,17.64190000000000,16.52080000000000,0.31080000000000,1.62500000000000,32.1262,15257.2045,17.8228,17.5120,0.3108,17.8165,1.3205,1.3166,0.0039,-0.3809,15257.2045,NA
ExperienceX.exe,56308,0x216C7EA03E0,DXGI,1,0,0,Composed: Flip,15291.3051,NA,17.51970000000000,NA,1.03100000000000,2.48150000000000,NA,15274.0614,18.2747,17.2437,1.0310,17.6050,2.1202,2.1202,0.0000,NA,NA,NA
ExperienceX.exe,56308,0x216838E1150,DXGI,1,0,0,Composed: Flip,15290.8146,NA,16.09810000000000,16.65960000000000,0.35170000000000,0.84610000000000,32.6877,15275.0273,16.1390,15.7873,0.3517,16.0716,0.5618,0.5526,0.0092,1.1632,15275.0273,NA
ExperienceX.exe,56308,0x216C7EA03E0,DXGI,1,0,0,Composed: Flip,15307.1221,NA,15.81700000000000,NA,0.14620000000000,1.15230000000000,NA,15292.3361,14.9322,14.7860,0.1462,15.4557,0.4826,0.4826,0.0000,NA,NA,NA
ExperienceX.exe,56308,0x216838E1150,DXGI,1,0,0,Composed: Flip,15307.9141,NA,17.09950000000000,16.72680000000000,0.25300000000000,1.69910000000000,32.3150,15291.1663,17.0008,16.7478,0.2530,17.1081,1.3388,1.3348,0.0040,-0.5878,15291.1663,NA
ExperienceX.exe,56308,0x216838E1150,DXGI,1,0,0,Composed: Flip,15323.7323,NA,15.81820000000000,NA,0.06290000000000,4.91780000000000,NA,15308.1671,15.6281,15.5652,0.0629,18.4489,2.0341,2.0303,0.0038,NA,NA,NA
ExperienceX.exe,56308,0x216838E1150,DXGI,1,0,0,Composed: Flip,15341.1771,NA,17.44480000000000,33.27340000000000,0.17890000000000,1.92170000000000,32.3254,15323.7952,17.5608,17.3819,0.1789,17.9763,1.3273,1.3211,0.0062,-0.6445,15323.7952,NA
ExperienceX.exe,56308,0x216838E1150,DXGI,1,0,0,Composed: Flip,15357.6382,NA,16.46110000000000,16.66280000000000,0.30090000000000,1.55490000000000,32.5271,15341.3560,16.5831,16.2822,0.3009,16.5863,1.2508,1.2508,0.0000,0.8980,15341.3560,NA
ExperienceX.exe,56308,0x216838E1150,DXGI,1,0,0,Composed: Flip,15374.4490,NA,16.81080000000000,16.66160000000000,0.19020000000000,2.98930000000000,32.3779,15357.9391,16.7001,16.5099,0.1902,16.9913,2.5079,2.5037,0.0042,-0.0785,15357.9391,NA
ExperienceX.exe,56308,0x216838E1150,DXGI,1,0,0,Composed: Flip,15390.4646,NA,16.01560000000000,16.66710000000000,0.14850000000000,0.66350000000000,33.0294,15374.6392,15.9739,15.8254,0.1485,15.9674,0.5215,0.5215,0.0000,0.0330,15374.6392,NA
ExperienceX.exe,56308,0x216838E1150,DXGI,1,0,0,Composed: Flip,15407.6968,NA,17.23220000000000,16.94510000000000,0.04220000000000,1.75520000000000,32.7423,15390.6131,17.1259,17.0837,0.0422,17.9089,0.9300,0.9260,0.0040,-0.9712,15390.6131,NA
ExperienceX.exe,56308,0x216838E1150,DXGI,1,0,0,Composed: Flip,15423.6966,NA,15.99980000000000,16.39990000000000,0.12590000000000,1.03340000000000,33.1424,15407.7390,16.0835,15.9576,0.1259,16.0584,0.9326,0.9326,0.0000,0.7260,15407.7390,NA
ExperienceX.exe,56308,0x216838E1150,DXGI,1,0,0,Composed: Flip,15442.1753,NA,18.47870000000000,16.73770000000000,0.46840000000000,2.12020000000000,31.4014,15423.8225,18.8212,18.3528,0.4684,18.6712,1.8018,1.7891,0.0127,-0.6542,15423.8225,NA
ExperienceX.exe,56308,0x216838E1150,DXGI,1,0,0,Composed: Flip,15457.1053,NA,14.93000000000000,16.57820000000000,0.16350000000000,0.69600000000000,33.0496,15442.6437,14.6251,14.4616,0.1635,14.6119,0.5457,0.5457,0.0000,2.2430,15442.6437,NA
ExperienceX.exe,56308,0x216838E1150,DXGI,1,0,0,Composed: Flip,15474.7258,NA,17.62050000000000,16.66780000000000,0.27200000000000,2.16290000000000,32.0969,15457.2688,17.7290,17.4570,0.2720,17.8435,1.7764,1.7698,0.0066,-2.0427,15457.2688,NA
ExperienceX.exe,56308,0x216838E1150,DXGI,1,0,0,Composed: Flip,15490.3827,NA,15.65690000000000,16.71180000000000,0.05340000000000,0.61560000000000,33.1518,15474.9978,15.4383,15.3849,0.0534,15.4425,0.5580,0.5580,0.0000,1.0172,15474.9978,NA
ExperienceX.exe,56308,0x216838E1150,DXGI,1,0,0,Composed: Flip,15507.9333,NA,17.55060000000000,16.68790000000000,0.06700000000000,2.06890000000000,32.2891,15490.4361,17.5642,17.4972,0.0670,18.1936,1.3725,1.3665,0.0060,-1.2496,15490.4361,NA
ExperienceX.exe,56308,0x216838E1150,DXGI,1,0,0,Composed: Flip,15524.0654,NA,16.13210000000000,16.70260000000000,0.31520000000000,0.72060000000000,32.8596,15508.0003,16.3803,16.0651,0.3152,16.2667,0.5190,0.5190,0.0000,0.8616,15508.0003,NA
ExperienceX.exe,56308,0x216838E1150,DXGI,1,0,0,Composed: Flip,15541.3620,NA,17.29660000000000,16.58800000000000,0.21500000000000,1.88430000000000,32.1510,15524.3806,17.1964,16.9814,0.2150,17.8664,0.9993,0.9918,0.0075,-0.2077,15524.3806,NA
ExperienceX.exe,56308,0x216838E1150,DXGI,1,0,0,Composed: Flip,15557.4878,NA,16.12580000000000,16.67340000000000,0.36030000000000,0.84090000000000,32.6986,15541.5770,16.2711,15.9108,0.3603,16.1951,0.5566,0.5566,0.0000,0.5230,15541.5770,NA
ExperienceX.exe,56308,0x216838E1150,DXGI,1,0,0,Composed: Flip,15574.3458,NA,16.85800000000000,16.69070000000000,0.12600000000000,2.01990000000000,32.5313,15557.8481,16.6237,16.4977,0.1260,17.1348,1.3828,1.3789,0.0039,-0.4196,15557.8481,NA
ExperienceX.exe,56308,0x216838E1150,DXGI,1,0,0,Composed: Flip,15590.4455,NA,16.09970000000000,16.66600000000000,0.09320000000000,0.61340000000000,33.0976,15574.4718,16.0669,15.9737,0.0932,16.0500,0.5371,0.5371,0.0000,-0.0423,15574.4718,NA
ExperienceX.exe,56308,0x216838E1150,DXGI,1,0,0,Composed: Flip,15608.3717,NA,17.92620000000000,16.61730000000000,0.17930000000000,1.61640000000000,31.7887,15590.5387,18.0123,17.8330,0.1793,17.9974,1.4520,1.4520,0.0000,-0.5504,15590.5387,NA
ExperienceX.exe,56308,0x216838E1150,DXGI,1,0,0,Composed: Flip,15623.8426,NA,15.47090000000000,16.84950000000000,0.19800000000000,1.13780000000000,33.1673,15608.5510,15.4896,15.2916,0.1980,1.4371,14.9923,0.8907,14.1016,1.1628,15608.5510,NA
ExperienceX.exe,56308,0x216838E1150,DXGI,1,0,0,Composed: Flip,15641.2562,NA,17.41360000000000,16.49860000000000,0.05090000000000,1.71590000000000,32.2523,15624.0406,17.2665,17.2156,0.0509,17.5450,1.3865,1.3826,0.0039,-1.0090,15624.0406,NA
ExperienceX.exe,56308,0x216838E1150,DXGI,1,0,0,Composed: Flip,15657.5400,NA,16.28380000000000,16.72170000000000,0.36790000000000,1.99590000000000,32.6902,15641.3071,16.6008,16.2329,0.3679,16.6331,1.5957,1.5957,0.0000,0.5448,15641.3071,NA
ExperienceX.exe,56308,0x216838E1150,DXGI,1,0,0,Composed: Flip,15674.6469,NA,17.10690000000000,16.62950000000000,0.41830000000000,1.76100000000000,32.2128,15657.9079,17.1573,16.7390,0.4183,17.5167,0.9833,0.9775,0.0058,-0.0287,15657.9079,NA
ExperienceX.exe,56308,0x216838E1150,DXGI,1,0,0,Composed: Flip,15690.5565,NA,15.90960000000000,16.63880000000000,0.22520000000000,1.01050000000000,32.9420,15675.0652,15.7165,15.4913,0.2252,15.6694,0.8324,0.7723,0.0601,0.5185,15675.0652,NA
ExperienceX.exe,56308,0x216838E1150,DXGI,1,0,0,Composed: Flip,15708.6546,NA,18.09810000000000,16.70560000000000,0.06490000000000,1.82720000000000,31.5495,15690.7817,17.9378,17.8729,0.0649,18.6063,1.0938,1.0782,0.0156,-0.9891,15690.7817,NA
ExperienceX.exe,56308,0x216838E1150,DXGI,1,0,0,Composed: Flip,15723.7538,NA,15.09920000000000,16.73130000000000,0.13900000000000,0.90230000000000,33.1816,15708.7195,15.1733,15.0343,0.1390,15.1787,0.7579,0.7579,0.0000,1.2065,15708.7195,NA
ExperienceX.exe,56308,0x216838E1150,DXGI,1,0,0,Composed: Flip,15741.1564,NA,17.40260000000000,16.58000000000000,0.28900000000000,2.02560000000000,32.3590,15723.8928,17.5526,17.2636,0.2890,17.6505,1.6387,1.6241,0.0146,-1.4067,15723.8928,NA
ExperienceX.exe,56308,0x216838E1150,DXGI,1,0,0,Composed: Flip,15757.3065,NA,16.15010000000000,16.63970000000000,0.17850000000000,1.62250000000000,32.8486,15741.4454,16.0396,15.8611,0.1785,16.0677,1.4159,1.4159,0.0000,0.9129,15741.4454,NA
ExperienceX.exe,56308,0x216838E1150,DXGI,1,0,0,Composed: Flip,15774.7174,NA,17.41090000000000,16.67880000000000,0.37950000000000,1.81670000000000,32.1165,15757.4850,17.6119,17.2324,0.3795,18.0629,0.9862,0.9799,0.0063,-0.6392,15757.4850,NA
ExperienceX.exe,56308,0x216838E1150,DXGI,1,0,0,Composed: Flip,15790.4434,NA,15.72600000000000,16.65960000000000,0.15700000000000,0.85960000000000,33.0501,15775.0969,15.5035,15.3465,0.1570,15.5319,0.6742,0.6742,0.0000,0.9523,15775.0969,NA
ExperienceX.exe,56308,0x216838E1150,DXGI,1,0,0,Composed: Flip,15807.7389,NA,17.29550000000000,16.66490000000000,0.21990000000000,2.00620000000000,32.4195,15790.6004,17.3584,17.1385,0.2199,18.1456,0.9991,0.9943,0.0048,-1.1614,15790.6004,NA
ExperienceX.exe,56308,0x216838E1150,DXGI,1,0,0,Composed: Flip,15823.7462,NA,16.00730000000000,16.66740000000000,0.06020000000000,0.82630000000000,33.0796,15807.9588,15.8476,15.7874,0.0602,15.8524,0.7613,0.7613,0.0000,0.6910,15807.9588,NA
ExperienceX.exe,56308,0x216838E1150,DXGI,1,0,0,Composed: Flip,15841.1255,NA,17.37930000000000,16.66440000000000,0.05750000000000,1.81890000000000,32.3647,15823.8064,17.3766,17.3191,0.0575,17.7684,1.3696,1.3653,0.0043,-0.8168,15823.8064,NA
ExperienceX.exe,56308,0x216838E1150,DXGI,1,0,0,Composed: Flip,15857.1059,NA,15.98040000000000,16.66230000000000,0.17190000000000,1.27880000000000,33.0466,15841.1830,16.0948,15.9229,0.1719,16.1196,1.0821,1.0821,0.0000,0.7143,15841.1830,NA
ExperienceX.exe,56308,0x216838E1150,DXGI,1,0,0,Composed: Flip,15874.4105,NA,17.30460000000000,16.71310000000000,0.04870000000000,1.84300000000000,32.4551,15857.2778,17.1814,17.1327,0.0487,17.6094,1.3663,1.3583,0.0080,-0.6183,15857.2778,NA
ExperienceX.exe,56308,0x216838E1150,DXGI,1,0,0,Composed: Flip,15890.4125,NA,16.00200000000000,17.05030000000000,0.22090000000000,0.71690000000000,33.5034,15874.4592,16.1742,15.9533,0.2209,16.1098,0.5604,0.5604,0.0000,0.1311,15874.4592,NA
ExperienceX.exe,56308,0x216838E1150,DXGI,1,0,0,Composed: Flip,15908.5925,NA,18.18000000000000,16.39680000000000,0.73660000000000,2.29720000000000,31.7202,15890.6334,18.6957,17.9591,0.7366,19.2839,0.9724,0.9648,0.0076,-0.2226,15890.6334,NA
ExperienceX.exe,56308,0x216838E1150,DXGI,1,0,0,Composed: Flip,15924.2698,NA,15.67730000000000,16.54410000000000,0.27590000000000,1.28720000000000,32.5870,15909.3291,15.2166,14.9407,0.2759,15.1195,1.1084,1.0166,0.0918,2.1516,15909.3291,NA
ExperienceX.exe,56308,0x216838E1150,DXGI,1,0,0,Composed: Flip,15942.2347,NA,17.96490000000000,16.66160000000000,0.08270000000000,1.70470000000000,31.2837,15924.5457,17.7717,17.6890,0.0827,18.3799,1.0138,1.0063,0.0075,-1.4450,15924.5457,NA
ExperienceX.exe,56308,0x216838E1150,DXGI,1,0,0,Composed: Flip,15957.1129,NA,14.87820000000000,16.64610000000000,0.18250000000000,0.78640000000000,33.0516,15942.3174,14.9780,14.7955,0.1825,15.0264,0.5555,0.5555,0.0000,1.1256,15942.3174,NA
ExperienceX.exe,56308,0x216838E1150,DXGI,1,0,0,Composed: Flip,15974.4473,NA,17.33440000000000,16.70210000000000,0.35760000000000,2.27850000000000,32.4193,15957.2954,17.5095,17.1519,0.3576,18.4135,1.0169,0.9988,0.0181,-1.7241,15957.2954,NA
ExperienceX.exe,56308,0x216838E1150,DXGI,1,0,0,Composed: Flip,15990.3993,NA,15.95200000000000,16.71400000000000,0.17790000000000,0.73430000000000,33.1813,15974.8049,15.7723,15.5944,0.1779,15.7829,0.5458,0.5458,0.0000,0.7955,15974.8049,NA
ExperienceX.exe,56308,0x216838E1150,DXGI,1,0,0,Composed: Flip,16007.8430,NA,17.44370000000000,16.71370000000000,0.13130000000000,1.88260000000000,32.4513,15990.5772,17.3971,17.2658,0.1313,17.7621,1.3863,1.3751,0.0112,-0.9414,15990.5772,NA
ExperienceX.exe,56308,0x216838E1150,DXGI,1,0,0,Composed: Flip,16023.9243,NA,16.08130000000000,16.54840000000000,0.21160000000000,1.25870000000000,32.9184,16007.9743,16.1616,15.9500,0.2116,16.1937,1.0150,1.0150,0.0000,0.8487,16007.9743,NA
ExperienceX.exe,56308,0x216838E1150,DXGI,1,0,0,Composed: Flip,16041.7938,NA,17.86950000000000,16.74180000000000,0.05220000000000,2.21570000000000,31.7907,16024.1359,17.7101,17.6579,0.0522,18.8916,0.9820,0.9733,0.0087,-0.5802,16024.1359,NA
ExperienceX.exe,56308,0x216838E1150,DXGI,1,0,0,Composed: Flip,16057.1316,NA,15.33780000000000,16.58840000000000,0.19620000000000,1.15410000000000,33.0413,16041.8460,15.4818,15.2856,0.1962,15.5041,0.9356,0.9356,0.0000,1.1217,16041.8460,NA
ExperienceX.exe,56308,0x216838E1150,DXGI,1,0,0,Composed: Flip,16074.7332,NA,17.60160000000000,16.64960000000000,0.30060000000000,3.52340000000000,32.0893,16057.3278,17.7060,17.4054,0.3006,18.9713,1.9575,1.9520,0.0055,-1.1678,16057.3278,NA
ExperienceX.exe,56308,0x216838E1150,DXGI,1,0,0,Composed: Flip,16090.4230,NA,15.68980000000000,16.69410000000000,0.17120000000000,0.97690000000000,33.0936,16075.0338,15.5604,15.3892,0.1712,15.5716,0.7945,0.7945,0.0000,1.0119,16075.0338,NA
ExperienceX.exe,56308,0x216838E1150,DXGI,1,0,0,Composed: Flip,16107.2689,NA,16.84590000000000,16.65140000000000,0.33200000000000,3.39520000000000,32.8991,16090.5942,17.0067,16.6747,0.3320,17.9445,2.1254,2.1206,0.0048,-1.0910,16090.5942,NA
ExperienceX.exe,56308,0x216838E1150,DXGI,1,0,0,Composed: Flip,16123.8012,NA,16.53230000000000,16.76530000000000,0.20700000000000,1.32140000000000,33.1321,16107.6009,16.4073,16.2003,0.2070,16.3890,1.1327,0.8974,0.2353,0.2414,16107.6009,NA
ExperienceX.exe,56308,0x216838E1150,DXGI,1,0,0,Composed: Flip,16141.5624,NA,17.76120000000000,16.63530000000000,0.09690000000000,1.97140000000000,32.0062,16124.0082,17.6511,17.5542,0.0969,18.0832,1.4424,1.4346,0.0078,-0.2280,16124.0082,NA
ExperienceX.exe,56308,0x216838E1150,DXGI,1,0,0,Composed: Flip,16157.3746,NA,15.81220000000000,16.61500000000000,0.25150000000000,0.76040000000000,32.8090,16141.6593,15.9668,15.7153,0.2515,15.9199,0.5558,0.5438,0.0120,1.0361,16141.6593,NA
ExperienceX.exe,56308,0x216838E1150,DXGI,1,0,0,Composed: Flip,16175.8526,NA,18.47800000000000,16.64020000000000,0.15240000000000,1.19830000000000,30.9712,16157.6261,18.3789,18.2265,0.1524,18.3394,1.0854,1.0762,0.0092,-0.6734,16157.6261,NA
ExperienceX.exe,56308,0x216838E1150,DXGI,1,0,0,Composed: Flip,16190.5301,NA,14.67750000000000,16.72090000000000,0.17260000000000,0.80720000000000,33.0146,16176.0050,14.6977,14.5251,0.1726,1.0459,14.2864,1.5255,12.7609,1.6580,16176.0050,NA
ExperienceX.exe,56308,0x216838E1150,DXGI,1,0,0,Composed: Flip,16207.8632,NA,17.33310000000000,16.64320000000000,0.07030000000000,1.79640000000000,32.3247,16190.7027,17.2308,17.1605,0.0703,17.5822,1.3747,1.3650,0.0097,-1.9455,16190.7027,NA
ExperienceX.exe,56308,0x0,Other,-1,0,0,Composed: Flip,14607.5910,NA,66.33050000000000,566.66870000000006,0.00000000000000,2.04740000000000,32.5897,14541.2605,66.3305,66.3305,0.0000,66.8893,1.4886,1.4816,0.0070,-33.2409,14541.2605,NA
ExperienceX.exe,56308,0x0,Other,-1,0,0,Composed: Flip,15174.3882,NA,566.79719999999998,NA,0.00000000000000,1.03110000000000,NA,14607.5910,566.7972,566.7972,0.0000,567.5950,0.2333,0.2333,0.0000,NA,NA,NA
ExperienceX.exe,56308,0x0,Other,-1,0,0,Composed: Flip,15874.1209,NA,699.73270000000002,NA,0.00000000000000,0.26970000000000,NA,15174.3882,699.7327,699.7327,0.0000,686.0576,13.9448,0.9917,12.9531,NA,NA,NA
ExperienceX.exe,56308,0x216838E1150,DXGI,1,0,0,Composed: Flip,16223.9041,NA,16.04090000000000,16.83400000000000,0.22720000000000,2.36300000000000,33.1178,16207.9335,16.1978,15.9706,0.2272,16.2415,2.0921,2.0921,0.0000,0.3968,16207.9335,NA
ExperienceX.exe,56308,0x216838E1150,DXGI,1,0,0,Composed: Flip,16240.6071,NA,16.70300000000000,NA,0.06010000000000,0.48520000000000,NA,16224.1313,16.5359,16.4758,0.0601,3.5752,13.3858,0.6301,12.7557,NA,NA,NA
ExperienceX.exe,56308,0x216838E1150,DXGI,1,0,0,Composed: Flip,16257.6646,NA,17.05750000000000,33.19970000000000,0.21410000000000,2.25260000000000,32.5570,16240.6672,17.2115,16.9974,0.2141,17.1908,2.0592,2.0592,0.0000,-0.4660,16240.6672,NA
ExperienceX.exe,56308,0x216838E1150,DXGI,1,0,0,Composed: Flip,16274.4134,NA,16.74880000000000,16.71710000000000,0.07690000000000,1.87960000000000,32.5253,16257.8787,16.6116,16.5347,0.0769,17.4357,0.9786,0.9726,0.0060,0.4944,16257.8787,NA
ExperienceX.exe,56308,0x216838E1150,DXGI,1,0,0,Composed: Flip,16290.6612,NA,16.24780000000000,16.64520000000000,0.16390000000000,1.37430000000000,32.9227,16274.4903,16.3348,16.1709,0.1639,16.3156,1.2296,1.2296,0.0000,-0.0336,16274.4903,NA
ExperienceX.exe,56308,0x216838E1150,DXGI,1,0,0,Composed: Flip,16309.6272,NA,18.96600000000000,16.56510000000000,0.16630000000000,1.42750000000000,30.5218,16290.8251,18.9684,18.8021,0.1663,19.0009,1.2287,1.2184,0.0103,-0.2303,16290.8251,NA
ExperienceX.exe,56308,0x216838E1150,DXGI,1,0,0,Composed: Flip,16324.0930,NA,14.46580000000000,16.70460000000000,0.25140000000000,2.11310000000000,32.7606,16309.7935,14.5509,14.2995,0.2514,14.7226,1.6900,1.6900,0.0000,2.2638,16309.7935,NA
ExperienceX.exe,56308,0x216838E1150,DXGI,1,0,0,Composed: Flip,16341.2543,NA,17.16130000000000,16.64620000000000,0.05430000000000,1.97540000000000,32.2455,16324.3444,16.9642,16.9099,0.0543,17.8980,0.9873,0.9813,0.0060,-2.0953,16324.3444,NA
ExperienceX.exe,56308,0x216838E1150,DXGI,1,0,0,Composed: Flip,16357.1854,NA,15.93110000000000,16.66270000000000,0.22110000000000,0.72260000000000,32.9771,16341.3086,16.0979,15.8768,0.2211,16.0446,0.5548,0.5548,0.0000,0.3015,16341.3086,NA
ExperienceX.exe,56308,0x216838E1150,DXGI,1,0,0,Composed: Flip,16374.7744,NA,17.58900000000000,16.65530000000000,0.07760000000000,1.62960000000000,32.0434,16357.4065,17.4455,17.3679,0.0776,17.6135,1.3840,1.3769,0.0071,-0.5574,16357.4065,NA
ExperienceX.exe,56308,0x216838E1150,DXGI,1,0,0,Composed: Flip,16390.4526,NA,15.67820000000000,16.66710000000000,0.17000000000000,0.73070000000000,33.0323,16374.8520,15.7706,15.6006,0.1700,15.7922,0.5391,0.5391,0.0000,0.7784,16374.8520,NA
ExperienceX.exe,56308,0x216838E1150,DXGI,1,0,0,Composed: Flip,16407.7785,NA,17.32590000000000,16.67680000000000,0.04980000000000,1.79750000000000,32.3832,16390.6226,17.2057,17.1559,0.0498,17.9630,0.9904,0.9826,0.0078,-0.9062,16390.6226,NA
ExperienceX.exe,56308,0x216838E1150,DXGI,1,0,0,Composed: Flip,16423.8152,NA,16.03670000000000,16.64950000000000,0.32500000000000,0.85640000000000,32.9960,16407.8283,16.3119,15.9869,0.3250,16.2679,0.5754,0.5754,0.0000,0.5562,16407.8283,NA
ExperienceX.exe,56308,0x216838E1150,DXGI,1,0,0,Composed: Flip,16440.6825,NA,16.86730000000000,16.68470000000000,0.10970000000000,2.28310000000000,32.8134,16424.1402,16.6520,16.5423,0.1097,17.4458,1.3796,1.3750,0.0046,-0.3728,16424.1402,NA
ExperienceX.exe,56308,0x216838E1150,DXGI,1,0,0,Composed: Flip,16457.0649,NA,16.38240000000000,16.77240000000000,0.15380000000000,0.70820000000000,33.2034,16440.7922,16.4265,16.2727,0.1538,16.4358,0.5451,0.5451,0.0000,-0.1204,16440.7922,NA
ExperienceX.exe,56308,0x216838E1150,DXGI,1,0,0,Composed: Flip,16474.6629,NA,17.59800000000000,16.54900000000000,0.33270000000000,1.71090000000000,32.1544,16457.2187,17.7769,17.4442,0.3327,17.7723,1.3828,1.3767,0.0061,-0.1225,16457.2187,NA
ExperienceX.exe,56308,0x216838E1150,DXGI,1,0,0,Composed: Flip,16490.7269,NA,16.06400000000000,16.66470000000000,0.25540000000000,0.96800000000000,32.7551,16474.9956,15.9867,15.7313,0.2554,16.0259,0.6734,0.6734,0.0000,1.1122,16474.9956,NA
ExperienceX.exe,56308,0x216838E1150,DXGI,1,0,0,Composed: Flip,16507.8165,NA,17.08960000000000,16.65820000000000,0.21950000000000,1.84360000000000,32.3237,16490.9823,17.0537,16.8342,0.2195,17.2863,1.3915,1.3869,0.0046,-0.6715,16490.9823,NA
ExperienceX.exe,56308,0x216838E1150,DXGI,1,0,0,Composed: Flip,16523.7436,NA,15.92710000000000,16.77090000000000,0.10900000000000,0.64960000000000,33.1675,16508.0360,15.8166,15.7076,0.1090,15.8211,0.5361,0.5361,0.0000,0.2828,16508.0360,NA
ExperienceX.exe,56308,0x216838E1150,DXGI,1,0,0,Composed: Flip,16541.9635,NA,18.21990000000000,16.56950000000000,0.09190000000000,1.79890000000000,31.5171,16523.8526,18.2028,18.1109,0.0919,18.9282,0.9816,0.9713,0.0103,-0.7529,16523.8526,NA
ExperienceX.exe,56308,0x216838E1150,DXGI,1,0,0,Composed: Flip,16557.3129,NA,15.34940000000000,16.67570000000000,0.21010000000000,0.72800000000000,32.8434,16542.0554,15.4676,15.2575,0.2101,15.4398,0.5457,0.5457,0.0000,1.5271,16542.0554,NA
ExperienceX.exe,56308,0x216838E1150,DXGI,1,0,0,Composed: Flip,16574.3474,NA,17.03450000000000,16.66570000000000,0.05110000000000,2.04050000000000,32.4746,16557.5230,16.8755,16.8244,0.0511,17.4408,1.4241,1.4198,0.0043,-1.1981,16557.5230,NA
ExperienceX.exe,56308,0x216838E1150,DXGI,1,0,0,Composed: Flip,16590.4627,NA,16.11530000000000,16.67680000000000,0.15140000000000,0.68370000000000,33.0361,16574.3985,16.2156,16.0642,0.1514,16.2057,0.5422,0.5422,0.0000,0.1987,16574.3985,NA
ExperienceX.exe,56308,0x216838E1150,DXGI,1,0,0,Composed: Flip,16609.1574,NA,18.69470000000000,16.65430000000000,0.12230000000000,0.86760000000000,30.9957,16590.6141,18.6656,18.5433,0.1223,17.9035,1.5074,1.4987,0.0087,-0.4387,16590.6141,NA
ExperienceX.exe,56308,0x216838E1150,DXGI,1,0,0,Composed: Flip,16623.8092,NA,14.65180000000000,16.68690000000000,0.18980000000000,0.81590000000000,33.0308,16609.2797,14.7193,14.5295,0.1898,0.7453,14.6001,0.8856,13.7145,1.9787,16609.2797,NA
ExperienceX.exe,56308,0x216838E1150,DXGI,1,0,0,Composed: Flip,16641.1674,NA,17.35820000000000,16.64020000000000,0.06010000000000,1.72830000000000,32.3128,16623.9990,17.2285,17.1684,0.0601,17.5392,1.3575,1.3540,0.0035,-1.9209,16623.9990,NA
ExperienceX.exe,56308,0x216838E1150,DXGI,1,0,0,Composed: Flip,16657.3258,NA,16.15840000000000,16.69310000000000,0.11220000000000,0.71810000000000,32.8475,16641.2275,16.2105,16.0983,0.1122,16.2721,0.5443,0.5382,0.0061,0.5354,16641.2275,NA
ExperienceX.exe,56308,0x216838E1150,DXGI,1,0,0,Composed: Flip,16674.2747,NA,16.94890000000000,16.67860000000000,0.25910000000000,1.98550000000000,32.5772,16657.4380,17.0958,16.8367,0.2591,17.8474,0.9748,0.9667,0.0081,-0.4681,16657.4380,NA
ExperienceX.exe,56308,0x216838E1150,DXGI,1,0,0,Composed: Flip,16690.4811,NA,16.20640000000000,16.86110000000000,0.08760000000000,1.08800000000000,33.2319,16674.5338,16.0349,15.9473,0.0876,16.0885,0.9468,0.9468,0.0000,0.2347,16674.5338,NA
ExperienceX.exe,56308,0x216838E1150,DXGI,1,0,0,Composed: Flip,16709.2264,NA,18.74530000000000,16.43450000000000,0.10280000000000,1.74100000000000,30.9211,16690.5687,18.7605,18.6577,0.1028,19.4136,0.9851,0.9775,0.0076,-0.3996,16690.5687,NA
ExperienceX.exe,56308,0x216838E1150,DXGI,1,0,0,Composed: Flip,16724.3620,NA,15.13560000000000,17.53980000000000,0.37360000000000,1.89610000000000,33.3253,16709.3292,15.4064,15.0328,0.3736,15.6189,1.3100,1.3100,0.0000,1.2207,16709.3292,NA
ExperienceX.exe,56308,0x216838E1150,DXGI,1,0,0,Composed: Flip,16741.8626,NA,17.50060000000000,15.83330000000000,0.37750000000000,1.85980000000000,31.6580,16724.7356,17.5045,17.1270,0.3775,17.4845,1.5023,1.4961,0.0062,-0.4269,16724.7356,NA
ExperienceX.exe,56308,0x216838E1150,DXGI,1,0,0,Composed: Flip,16758.2430,NA,16.38040000000000,16.66200000000000,0.32190000000000,1.02720000000000,31.9396,16742.2401,16.3248,16.0029,0.3219,16.4439,0.5862,0.5862,0.0000,0.8425,16742.2401,NA
ExperienceX.exe,56308,0x216838E1150,DXGI,1,0,0,Composed: Flip,16774.7688,NA,16.52580000000000,16.65290000000000,0.21100000000000,1.66240000000000,32.0667,16758.5649,16.4149,16.2039,0.2110,16.4060,1.4603,1.4603,0.0000,-0.3281,16758.5649,NA
ExperienceX.exe,56308,0x216838E1150,DXGI,1,0,0,Composed: Flip,16790.5091,NA,15.74030000000000,16.68760000000000,0.18410000000000,0.75050000000000,33.0140,16774.9798,15.7134,15.5293,0.1841,1.4514,14.8284,0.6084,14.2200,-0.2727,16774.9798,NA
ExperienceX.exe,56308,0x216838E1150,DXGI,1,0,0,Composed: Flip,16807.7251,NA,17.21600000000000,16.62970000000000,0.30840000000000,2.04370000000000,32.4277,16790.6932,17.3403,17.0319,0.3084,17.6440,1.4316,1.4234,0.0082,-0.9163,16790.6932,NA
ExperienceX.exe,56308,0x216838E1150,DXGI,1,0,0,Composed: Flip,16823.7911,NA,16.06600000000000,16.66880000000000,0.09690000000000,0.80150000000000,33.0305,16808.0335,15.8545,15.7576,0.0969,15.8763,0.6828,0.6828,0.0000,0.6715,16808.0335,NA
ExperienceX.exe,56308,0x216838E1150,DXGI,1,0,0,Composed: Flip,16841.1385,NA,17.34740000000000,16.67920000000000,0.08570000000000,1.93180000000000,32.3623,16823.8880,17.3362,17.2505,0.0857,18.1290,1.0533,1.0474,0.0059,-0.8247,16823.8880,NA
ExperienceX.exe,56308,0x216838E1150,DXGI,1,0,0,Composed: Flip,16857.0698,NA,15.93130000000000,16.67710000000000,0.10960000000000,0.66650000000000,33.1081,16841.2242,15.9552,15.8456,0.1096,15.9598,0.5523,0.5523,0.0000,0.6591,16841.2242,NA
ExperienceX.exe,56308,0x216C7EA03E0,DXGI,1,0,0,Composed: Flip,15323.9195,NA,16.79740000000000,NA,0.07920000000000,2.24730000000000,33.0614,15307.2683,16.7304,16.6512,0.0792,16.8396,2.0589,2.0589,0.0000,NA,15307.2683,NA
ExperienceX.exe,56308,0x216C7EA03E0,DXGI,1,0,0,Composed: Flip,15340.5564,NA,16.63690000000000,NA,0.19650000000000,1.21510000000000,NA,15323.9987,16.7542,16.5577,0.1965,17.2370,0.5358,0.5358,0.0000,NA,NA,NA
ExperienceX.exe,56308,0x216C7EA03E0,DXGI,1,0,0,Composed: Flip,15358.7348,NA,18.17840000000000,NA,0.10880000000000,2.28220000000000,NA,15340.7529,18.0907,17.9819,0.1088,19.7917,0.4724,0.4724,0.0000,NA,NA,NA
ExperienceX.exe,56308,0x216C7EA03E0,DXGI,1,0,0,Composed: Flip,15373.7675,NA,15.03270000000000,NA,0.17940000000000,0.77660000000000,NA,15358.8436,15.1033,14.9239,0.1794,2.1734,13.5271,0.8583,12.6688,NA,NA,NA
ExperienceX.exe,56308,0x216C7EA03E0,DXGI,1,0,0,Composed: Flip,15391.0183,NA,17.25080000000000,NA,0.06120000000000,2.15710000000000,NA,15373.9469,17.1326,17.0714,0.0612,17.1812,2.0473,2.0473,0.0000,NA,NA,NA
ExperienceX.exe,56308,0x216C7EA03E0,DXGI,1,0,0,Composed: Flip,15407.0692,NA,16.05090000000000,NA,0.17370000000000,1.45280000000000,NA,15391.0795,16.1634,15.9897,0.1737,16.6562,0.7863,0.7863,0.0000,NA,NA,NA
ExperienceX.exe,56308,0x216C7EA03E0,DXGI,1,0,0,Composed: Flip,15423.8990,NA,16.82980000000000,NA,0.06940000000000,3.59470000000000,NA,15407.2429,16.7255,16.6561,0.0694,17.4871,2.7637,2.7637,0.0000,NA,NA,NA
ExperienceX.exe,56308,0x216C7EA03E0,DXGI,1,0,0,Composed: Flip,15440.9046,NA,17.00560000000000,NA,0.12650000000000,1.58910000000000,NA,15423.9684,17.0627,16.9362,0.1265,17.9717,0.5536,0.5536,0.0000,NA,NA,NA
ExperienceX.exe,56308,0x216C7EA03E0,DXGI,1,0,0,Composed: Flip,15457.3211,NA,16.41650000000000,NA,0.07930000000000,2.47330000000000,NA,15441.0311,16.3693,16.2900,0.0793,16.7702,1.9931,1.9931,0.0000,NA,NA,NA
ExperienceX.exe,56308,0x216C7EA03E0,DXGI,1,0,0,Composed: Flip,15473.9333,NA,16.61220000000000,NA,0.23250000000000,1.17900000000000,NA,15457.4004,16.7654,16.5329,0.2325,17.2351,0.4768,0.4768,0.0000,NA,NA,NA
ExperienceX.exe,56308,0x216C7EA03E0,DXGI,1,0,0,Composed: Flip,15491.0559,NA,17.12260000000000,NA,0.36850000000000,2.92900000000000,NA,15474.1658,17.2586,16.8901,0.3685,19.3341,0.4850,0.4807,0.0043,NA,NA,NA
ExperienceX.exe,56308,0x216C7EA03E0,DXGI,1,0,0,Composed: Flip,15507.0806,NA,16.02470000000000,NA,0.18230000000000,1.10170000000000,NA,15491.4244,15.8385,15.6562,0.1823,15.8662,0.8917,0.8917,0.0000,NA,NA,NA
ExperienceX.exe,56308,0x216C7EA03E0,DXGI,1,0,0,Composed: Flip,15525.0172,NA,17.93660000000000,NA,0.40810000000000,2.27450000000000,NA,15507.2629,18.1624,17.7543,0.4081,19.5643,0.4645,0.4645,0.0000,NA,NA,NA
ExperienceX.exe,56308,0x216C7EA03E0,DXGI,1,0,0,Composed: Flip,15540.6980,NA,15.68080000000000,NA,0.23300000000000,1.54900000000000,NA,15525.4253,15.5057,15.2727,0.2330,16.0041,0.8176,0.8176,0.0000,NA,NA,NA
ExperienceX.exe,56308,0x216C7EA03E0,DXGI,1,0,0,Composed: Flip,15558.6152,NA,17.91720000000000,NA,0.20960000000000,2.19590000000000,NA,15540.9310,17.8938,17.6842,0.2096,19.4262,0.4539,0.4539,0.0000,NA,NA,NA
ExperienceX.exe,56308,0x216C7EA03E0,DXGI,1,0,0,Composed: Flip,15573.8225,NA,15.20730000000000,NA,0.14230000000000,0.65900000000000,NA,15558.8248,15.1400,14.9977,0.1423,1.9863,13.6704,1.4136,12.2568,NA,NA,NA
ExperienceX.exe,56308,0x216C7EA03E0,DXGI,1,0,0,Composed: Flip,15590.7758,NA,16.95330000000000,NA,0.49680000000000,2.88480000000000,NA,15573.9648,17.3078,16.8110,0.4968,19.2205,0.4753,0.4706,0.0047,NA,NA,NA
ExperienceX.exe,56308,0x216C7EA03E0,DXGI,1,0,0,Composed: Flip,15607.2372,NA,16.46140000000000,NA,0.21180000000000,1.29890000000000,NA,15591.2726,16.1764,15.9646,0.2118,16.7556,0.5079,0.5079,0.0000,NA,NA,NA
ExperienceX.exe,56308,0x216C7EA03E0,DXGI,1,0,0,Composed: Flip,15624.6162,NA,17.37900000000000,NA,0.07310000000000,2.24630000000000,NA,15607.4490,17.2403,17.1672,0.0731,17.5314,1.8821,1.8821,0.0000,NA,NA,NA
ExperienceX.exe,56308,0x216C7EA03E0,DXGI,1,0,0,Composed: Flip,15640.4381,NA,15.82190000000000,NA,0.14320000000000,1.14750000000000,NA,15624.6893,15.8920,15.7488,0.1432,16.4169,0.4794,0.4794,0.0000,NA,NA,NA
ExperienceX.exe,56308,0x216C7EA03E0,DXGI,1,0,0,Composed: Flip,15659.1059,NA,18.66780000000000,NA,0.09010000000000,2.54430000000000,NA,15640.5813,18.6147,18.5246,0.0901,18.9546,2.1143,2.1143,0.0000,NA,NA,NA
ExperienceX.exe,56308,0x216C7EA03E0,DXGI,1,0,0,Composed: Flip,15673.8871,NA,14.78120000000000,NA,0.19770000000000,0.68940000000000,NA,15659.1960,14.8888,14.6911,0.1977,14.8472,0.5333,0.5333,0.0000,NA,NA,NA
ExperienceX.exe,56308,0x216C7EA03E0,DXGI,1,0,0,Composed: Flip,15691.7500,NA,17.86290000000000,NA,0.10450000000000,1.85710000000000,NA,15674.0848,17.7697,17.6652,0.1045,17.4822,2.0401,2.0401,0.0000,NA,NA,NA
ExperienceX.exe,56308,0x216C7EA03E0,DXGI,1,0,0,Composed: Flip,15707.2137,NA,15.46370000000000,NA,0.34430000000000,1.27640000000000,NA,15691.8545,15.7035,15.3592,0.3443,2.2302,14.4054,1.8080,12.5974,NA,NA,NA
ExperienceX.exe,56308,0x216C7EA03E0,DXGI,1,0,0,Composed: Flip,15724.5313,NA,17.31760000000000,NA,0.14480000000000,2.01210000000000,NA,15707.5580,17.1181,16.9733,0.1448,17.0981,1.8873,1.8873,0.0000,NA,NA,NA
ExperienceX.exe,56308,0x216C7EA03E0,DXGI,1,0,0,Composed: Flip,15740.4709,NA,15.93960000000000,NA,0.04870000000000,0.58850000000000,NA,15724.6761,15.8435,15.7948,0.0487,2.3472,14.0361,0.8271,13.2090,NA,NA,NA
ExperienceX.exe,56308,0x216C7EA03E0,DXGI,1,0,0,Composed: Flip,15758.4961,NA,18.02520000000000,NA,0.29890000000000,2.07740000000000,NA,15740.5196,18.2754,17.9765,0.2989,18.4094,1.6445,1.6445,0.0000,NA,NA,NA
ExperienceX.exe,56308,0x216C7EA03E0,DXGI,1,0,0,Composed: Flip,15773.9148,NA,15.41870000000000,NA,0.31180000000000,0.78480000000000,NA,15758.7950,15.4316,15.1198,0.3118,2.2459,13.6587,0.6294,13.0293,NA,NA,NA
ExperienceX.exe,56308,0x216C7EA03E0,DXGI,1,0,0,Composed: Flip,15790.6655,NA,16.75070000000000,NA,0.05880000000000,4.33270000000000,NA,15774.2266,16.4977,16.4389,0.0588,20.3126,0.4590,0.4556,0.0034,NA,NA,NA
ExperienceX.exe,56308,0x216C7EA03E0,DXGI,1,0,0,Composed: Flip,15807.1739,NA,16.50840000000000,NA,0.24580000000000,1.57210000000000,NA,15790.7243,16.6954,16.4496,0.2458,17.1856,0.8361,0.8361,0.0000,NA,NA,NA
ExperienceX.exe,56308,0x216C7EA03E0,DXGI,1,0,0,Composed: Flip,15824.4264,NA,17.25250000000000,NA,0.09410000000000,3.70950000000000,NA,15807.4197,17.1008,17.0067,0.0941,19.0482,1.6680,1.6627,0.0053,NA,NA,NA
ExperienceX.exe,56308,0x216C7EA03E0,DXGI,1,0,0,Composed: Flip,15840.4282,NA,16.00180000000000,NA,0.13950000000000,1.14660000000000,NA,15824.5205,16.0472,15.9077,0.1395,16.5500,0.5043,0.5043,0.0000,NA,NA,NA
ExperienceX.exe,56308,0x216C7EA03E0,DXGI,1,0,0,Composed: Flip,15857.3315,NA,16.90330000000000,NA,0.07140000000000,2.63690000000000,NA,15840.5677,16.8352,16.7638,0.0714,17.8170,1.5837,1.5837,0.0000,NA,NA,NA
ExperienceX.exe,56308,0x216C7EA03E0,DXGI,1,0,0,Composed: Flip,15891.3103,NA,33.97880000000000,NA,0.30200000000000,3.46310000000000,NA,15857.4029,34.2094,33.9074,0.3020,35.8926,1.4779,1.4731,0.0048,NA,NA,NA
ExperienceX.exe,56308,0x216C7EA03E0,DXGI,1,0,0,Composed: Flip,15907.4305,NA,16.12020000000000,NA,0.24530000000000,2.48680000000000,NA,15891.6123,16.0635,15.8182,0.2453,17.8345,0.4705,0.4705,0.0000,NA,NA,NA
ExperienceX.exe,56308,0x216C7EA03E0,DXGI,1,0,0,Composed: Flip,15924.6775,NA,17.24700000000000,NA,0.16410000000000,3.18330000000000,NA,15907.6758,17.1658,17.0017,0.1641,19.6747,0.5103,0.5103,0.0000,NA,NA,NA
ExperienceX.exe,56308,0x216C7EA03E0,DXGI,1,0,0,Composed: Flip,15940.9130,NA,16.23550000000000,NA,0.27770000000000,2.01260000000000,NA,15924.8416,16.3491,16.0714,0.2777,17.2944,0.7896,0.7896,0.0000,NA,NA,NA
ExperienceX.exe,56308,0x216C7EA03E0,DXGI,1,0,0,Composed: Flip,15957.4155,NA,16.50250000000000,NA,0.09340000000000,2.58080000000000,NA,15941.1907,16.3182,16.2248,0.0934,16.7086,2.0970,2.0970,0.0000,NA,NA,NA
ExperienceX.exe,56308,0x216C7EA03E0,DXGI,1,0,0,Composed: Flip,15973.8159,NA,16.40040000000000,NA,0.14810000000000,1.89300000000000,NA,15957.5089,16.4551,16.3070,0.1481,16.9943,1.2057,1.2057,0.0000,NA,NA,NA
ExperienceX.exe,56308,0x216C7EA03E0,DXGI,1,0,0,Composed: Flip,15990.6478,NA,16.83190000000000,NA,0.09250000000000,3.76800000000000,NA,15973.9640,16.7763,16.6838,0.0925,17.1696,3.2822,3.2822,0.0000,NA,NA,NA
ExperienceX.exe,56308,0x216C7EA03E0,DXGI,1,0,0,Composed: Flip,16007.1567,NA,16.50890000000000,NA,0.15270000000000,1.18260000000000,NA,15990.7403,16.5691,16.4164,0.1527,17.1113,0.4877,0.4877,0.0000,NA,NA,NA
ExperienceX.exe,56308,0x216C7EA03E0,DXGI,1,0,0,Composed: Flip,16025.0160,NA,17.85930000000000,NA,0.10170000000000,2.33960000000000,NA,16007.3094,17.8083,17.7066,0.1017,19.5806,0.4656,0.4656,0.0000,NA,NA,NA
ExperienceX.exe,56308,0x216C7EA03E0,DXGI,1,0,0,Composed: Flip,16040.8080,NA,15.79200000000000,NA,0.33460000000000,2.21950000000000,NA,16025.1177,16.0249,15.6903,0.3346,17.0950,0.8148,0.8148,0.0000,NA,NA,NA
ExperienceX.exe,56308,0x216C7EA03E0,DXGI,1,0,0,Composed: Flip,16057.5185,NA,16.71050000000000,NA,1.00800000000000,2.51060000000000,NA,16041.1426,17.3839,16.3759,1.0080,17.1431,1.7434,1.7434,0.0000,NA,NA,NA
ExperienceX.exe,56308,0x216C7EA03E0,DXGI,1,0,0,Composed: Flip,16073.9729,NA,16.45440000000000,NA,0.22480000000000,1.86190000000000,NA,16058.5265,15.6712,15.4464,0.2248,1.9641,15.3442,1.9163,13.4279,NA,NA,NA
ExperienceX.exe,56308,0x216C7EA03E0,DXGI,1,0,0,Composed: Flip,16090.6628,NA,16.68990000000000,NA,0.08140000000000,3.08630000000000,NA,16074.1977,16.5465,16.4651,0.0814,19.0861,0.4653,0.4653,0.0000,NA,NA,NA
ExperienceX.exe,56308,0x216C7EA03E0,DXGI,1,0,0,Composed: Flip,16107.0544,NA,16.39160000000000,NA,0.10520000000000,1.48430000000000,NA,16090.7442,16.4154,16.3102,0.1052,16.9478,0.8467,0.8467,0.0000,NA,NA,NA
ExperienceX.exe,56308,0x216C7EA03E0,DXGI,1,0,0,Composed: Flip,16124.3127,NA,17.25830000000000,NA,0.23030000000000,2.74420000000000,NA,16107.1596,17.3834,17.1531,0.2303,17.9630,1.9343,1.9343,0.0000,NA,NA,NA
ExperienceX.exe,56308,0x216C7EA03E0,DXGI,1,0,0,Composed: Flip,16140.4522,NA,16.13950000000000,NA,0.22120000000000,1.63920000000000,NA,16124.5430,16.1304,15.9092,0.2212,17.0818,0.4666,0.4666,0.0000,NA,NA,NA
ExperienceX.exe,56308,0x216C7EA03E0,DXGI,1,0,0,Composed: Flip,16159.0269,NA,18.57470000000000,NA,0.07100000000000,1.46890000000000,NA,16140.6734,18.4245,18.3535,0.0710,17.5921,2.2303,2.2303,0.0000,NA,NA,NA
ExperienceX.exe,56308,0x216C7EA03E0,DXGI,1,0,0,Composed: Flip,16173.9938,NA,14.96690000000000,NA,0.27640000000000,1.20990000000000,NA,16159.0979,15.1723,14.8959,0.2764,1.9533,14.1525,1.4287,12.7238,NA,NA,NA
ExperienceX.exe,56308,0x216C7EA03E0,DXGI,1,0,0,Composed: Flip,16191.8028,NA,17.80900000000000,NA,0.06530000000000,2.09270000000000,NA,16174.2702,17.5979,17.5326,0.0653,19.1719,0.4534,0.4534,0.0000,NA,NA,NA
ExperienceX.exe,56308,0x216C7EA03E0,DXGI,1,0,0,Composed: Flip,16207.0516,NA,15.24880000000000,NA,0.16280000000000,0.90350000000000,NA,16191.8681,15.3463,15.1835,0.1628,2.0274,14.0596,0.9595,13.1001,NA,NA,NA
ExperienceX.exe,56308,0x216C7EA03E0,DXGI,1,0,0,Composed: Flip,16224.7094,NA,17.65780000000000,NA,0.07930000000000,2.99710000000000,NA,16207.2144,17.5743,17.4950,0.0793,19.5011,0.9910,0.9910,0.0000,NA,NA,NA
ExperienceX.exe,56308,0x216C7EA03E0,DXGI,1,0,0,Composed: Flip,16258.3810,NA,33.67160000000001,NA,0.19690000000000,2.02460000000000,NA,16224.7887,33.7892,33.5923,0.1969,35.1285,0.4884,0.4884,0.0000,NA,NA,NA
ExperienceX.exe,56308,0x216C7EA03E0,DXGI,1,0,0,Composed: Flip,16273.7775,NA,15.39650000000000,NA,0.20770000000000,1.53690000000000,NA,16258.5779,15.4073,15.1996,0.2077,15.8942,0.8423,0.8423,0.0000,NA,NA,NA
ExperienceX.exe,56308,0x216C7EA03E0,DXGI,1,0,0,Composed: Flip,16291.2912,NA,17.51370000000000,NA,0.79300000000000,3.26950000000000,NA,16273.9852,18.0990,17.3060,0.7930,18.0503,2.5252,2.5252,0.0000,NA,NA,NA
ExperienceX.exe,56308,0x216C7EA03E0,DXGI,1,0,0,Composed: Flip,16307.5108,NA,16.21960000000000,NA,0.24380000000000,2.31520000000000,NA,16292.0842,15.6704,15.4266,0.2438,16.9325,0.8093,0.8093,0.0000,NA,NA,NA
ExperienceX.exe,56308,0x216C7EA03E0,DXGI,1,0,0,Composed: Flip,16325.9943,NA,18.48350000000000,NA,0.22610000000000,2.31150000000000,NA,16307.7546,18.4658,18.2397,0.2261,18.4515,2.0997,2.0997,0.0000,NA,NA,NA
ExperienceX.exe,56308,0x216C7EA03E0,DXGI,1,0,0,Composed: Flip,16340.3817,NA,14.38740000000000,NA,0.14020000000000,1.86070000000000,NA,16326.2204,14.3015,14.1613,0.1402,15.1940,0.8280,0.8280,0.0000,NA,NA,NA
ExperienceX.exe,56308,0x216C7EA03E0,DXGI,1,0,0,Composed: Flip,16358.0379,NA,17.65620000000000,NA,0.22680000000000,1.96960000000000,NA,16340.5219,17.7428,17.5160,0.2268,17.3861,2.0995,2.0995,0.0000,NA,NA,NA
ExperienceX.exe,56308,0x216C7EA03E0,DXGI,1,0,0,Composed: Flip,16373.8185,NA,15.78060000000000,NA,0.15740000000000,1.20150000000000,NA,16358.2647,15.7112,15.5538,0.1574,16.2556,0.4997,0.4997,0.0000,NA,NA,NA
ExperienceX.exe,56308,0x216C7EA03E0,DXGI,1,0,0,Composed: Flip,16390.7164,NA,16.89790000000000,NA,0.47120000000000,2.58270000000000,NA,16373.9759,17.2117,16.7405,0.4712,17.2074,2.1158,2.1158,0.0000,NA,NA,NA
ExperienceX.exe,56308,0x216C7EA03E0,DXGI,1,0,0,Composed: Flip,16424.6373,NA,33.92090000000000,NA,0.34290000000000,2.12510000000000,NA,16391.1876,33.7926,33.4497,0.3429,33.4840,2.0908,2.0908,0.0000,NA,NA,NA
ExperienceX.exe,56308,0x216C7EA03E0,DXGI,1,0,0,Composed: Flip,16440.4380,NA,15.80070000000000,NA,0.13990000000000,1.14800000000000,NA,16424.9802,15.5977,15.4578,0.1399,16.1055,0.5003,0.5003,0.0000,NA,NA,NA
ExperienceX.exe,56308,0x216C7EA03E0,DXGI,1,0,0,Composed: Flip,16457.2816,NA,16.84360000000000,NA,0.07230000000000,2.61720000000000,NA,16440.5779,16.7760,16.7037,0.0723,17.1952,2.1257,2.1257,0.0000,NA,NA,NA
ExperienceX.exe,56308,0x216C7EA03E0,DXGI,1,0,0,Composed: Flip,16473.7966,NA,16.51500000000000,NA,0.15440000000000,1.19440000000000,NA,16457.3539,16.5971,16.4427,0.1544,17.1876,0.4495,0.4495,0.0000,NA,NA,NA
ExperienceX.exe,56308,0x216C7EA03E0,DXGI,1,0,0,Composed: Flip,16491.6328,NA,17.83620000000000,NA,0.08890000000000,2.63970000000000,NA,16473.9510,17.7707,17.6818,0.0889,19.7274,0.5941,0.5893,0.0048,NA,NA,NA
ExperienceX.exe,56308,0x216C7EA03E0,DXGI,1,0,0,Composed: Flip,16507.0803,NA,15.44750000000000,NA,0.13610000000000,1.18830000000000,NA,16491.7217,15.4947,15.3586,0.1361,16.0635,0.4834,0.4834,0.0000,NA,NA,NA
ExperienceX.exe,56308,0x216C7EA03E0,DXGI,1,0,0,Composed: Flip,16524.3395,NA,17.25920000000000,NA,0.36390000000000,2.16980000000000,NA,16507.2164,17.4870,17.1231,0.3639,17.1768,2.1161,2.1161,0.0000,NA,NA,NA
ExperienceX.exe,56308,0x216C7EA03E0,DXGI,1,0,0,Composed: Flip,16540.4414,NA,16.10190000000000,NA,0.42400000000000,2.33600000000000,NA,16524.7034,16.1620,15.7380,0.4240,2.2806,15.7934,2.1114,13.6820,NA,NA,NA
ExperienceX.exe,56308,0x216C7EA03E0,DXGI,1,0,0,Composed: Flip,16557.9928,NA,17.55140000000000,NA,0.06770000000000,2.64170000000000,NA,16540.8654,17.1951,17.1274,0.0677,19.2893,0.4798,0.4798,0.0000,NA,NA,NA
ExperienceX.exe,56308,0x216C7EA03E0,DXGI,1,0,0,Composed: Flip,16573.7563,NA,15.76350000000000,NA,0.14400000000000,1.20750000000000,NA,16558.0605,15.8398,15.6958,0.1440,16.4693,0.4340,0.4340,0.0000,NA,NA,NA
ExperienceX.exe,56308,0x216C7EA03E0,DXGI,1,0,0,Composed: Flip,16590.6934,NA,16.93710000000000,NA,0.07380000000000,2.56810000000000,NA,16573.9003,16.8669,16.7931,0.0738,17.2461,2.1151,2.1151,0.0000,NA,NA,NA
ExperienceX.exe,56308,0x216C7EA03E0,DXGI,1,0,0,Composed: Flip,16607.1459,NA,16.45250000000000,NA,0.11340000000000,0.70660000000000,NA,16590.7672,16.4921,16.3787,0.1134,2.9509,14.1344,0.7318,13.4026,NA,NA,NA
ExperienceX.exe,56308,0x216C7EA03E0,DXGI,1,0,0,Composed: Flip,16624.0649,NA,16.91900000000000,NA,0.09420000000000,3.14510000000000,NA,16607.2593,16.8998,16.8056,0.0942,19.4652,0.4855,0.4817,0.0038,NA,NA,NA
ExperienceX.exe,56308,0x216C7EA03E0,DXGI,1,0,0,Composed: Flip,16640.4063,NA,16.34140000000000,NA,0.11740000000000,0.63270000000000,NA,16624.1591,16.3646,16.2472,0.1174,16.3475,0.5324,0.5324,0.0000,NA,NA,NA
ExperienceX.exe,56308,0x216C7EA03E0,DXGI,1,0,0,Composed: Flip,16658.5865,NA,18.18020000000000,NA,0.20140000000000,2.10630000000000,NA,16640.5237,18.2642,18.0628,0.2014,19.6880,0.4811,0.4811,0.0000,NA,NA,NA
ExperienceX.exe,56308,0x216C7EA03E0,DXGI,1,0,0,Composed: Flip,16673.7320,NA,15.14550000000000,NA,0.14790000000000,1.55340000000000,NA,16658.7879,15.0920,14.9441,0.1479,15.6501,0.8474,0.8474,0.0000,NA,NA,NA
ExperienceX.exe,56308,0x216C7EA03E0,DXGI,1,0,0,Composed: Flip,16690.7971,NA,17.06510000000000,NA,0.06480000000000,2.93020000000000,NA,16673.8799,16.9820,16.9172,0.0648,17.6892,2.1582,2.1582,0.0000,NA,NA,NA
ExperienceX.exe,56308,0x216C7EA03E0,DXGI,1,0,0,Composed: Flip,16707.9839,NA,17.18680000000000,NA,0.26080000000000,1.29690000000000,NA,16690.8619,17.3828,17.1220,0.2608,17.3556,1.0633,1.0633,0.0000,NA,NA,NA
ExperienceX.exe,56308,0x216C7EA03E0,DXGI,1,0,0,Composed: Flip,16724.8061,NA,16.82220000000000,NA,0.12310000000000,3.17960000000000,NA,16708.2447,16.6845,16.5614,0.1231,18.0134,1.7276,1.7276,0.0000,NA,NA,NA
ExperienceX.exe,56308,0x216C7EA03E0,DXGI,1,0,0,Composed: Flip,16740.5656,NA,15.75950000000000,NA,0.29790000000000,1.18200000000000,NA,16724.9292,15.9343,15.6364,0.2979,3.5389,13.2795,1.6625,11.6170,NA,NA,NA
ExperienceX.exe,56308,0x216C7EA03E0,DXGI,1,0,0,Composed: Flip,16759.6410,NA,19.07540000000000,NA,0.07060000000000,1.73190000000000,NA,16740.8635,18.8481,18.7775,0.0706,18.4067,2.1027,2.1027,0.0000,NA,NA,NA
ExperienceX.exe,56308,0x216C7EA03E0,DXGI,1,0,0,Composed: Flip,16773.8687,NA,14.22770000000000,NA,0.26800000000000,1.10220000000000,NA,16759.7116,14.4251,14.1571,0.2680,14.7665,0.4928,0.4928,0.0000,NA,NA,NA
ExperienceX.exe,56308,0x216C7EA03E0,DXGI,1,0,0,Composed: Flip,16791.1045,NA,17.23580000000000,NA,0.17650000000000,2.34970000000000,NA,16774.1367,17.1443,16.9678,0.1765,17.1229,2.1946,2.1946,0.0000,NA,NA,NA
ExperienceX.exe,56308,0x216C7EA03E0,DXGI,1,0,0,Composed: Flip,16807.1461,NA,16.04160000000000,NA,0.15450000000000,1.19110000000000,NA,16791.2810,16.0196,15.8651,0.1545,16.5592,0.4970,0.4970,0.0000,NA,NA,NA
ExperienceX.exe,56308,0x216C7EA03E0,DXGI,1,0,0,Composed: Flip,16824.0321,NA,16.88600000000000,NA,0.12220000000000,4.34650000000000,NA,16807.3006,16.8537,16.7315,0.1222,19.3567,1.7213,1.7173,0.0040,NA,NA,NA
ExperienceX.exe,56308,0x216C7EA03E0,DXGI,1,0,0,Composed: Flip,16840.4117,NA,16.37960000000000,NA,0.14600000000000,0.73450000000000,NA,16824.1543,16.4034,16.2574,0.1460,16.4187,0.5732,0.5732,0.0000,NA,NA,NA
ExperienceX.exe,56308,0x216C7EA03E0,DXGI,1,0,0,Composed: Flip,16857.3239,NA,16.91220000000000,NA,0.36490000000000,2.61770000000000,NA,16840.5577,17.1311,16.7662,0.3649,17.1786,2.2053,2.2053,0.0000,NA,NA,NA
ExperienceX.exe,56308,0x216C7EA03E0,DXGI,1,0,0,Composed: Flip,16873.7546,NA,16.43070000000000,NA,0.05160000000000,0.72970000000000,NA,16857.6888,16.1174,16.0658,0.0516,16.1931,0.6024,0.6024,0.0000,NA,NA,NA
ExperienceX.exe,56308,0x216838E1150,DXGI,1,0,0,Composed: Flip,16873.9926,NA,16.92280000000000,16.63620000000000,0.07140000000000,2.42110000000000,32.8215,16857.1794,16.8846,16.8132,0.0714,17.7864,1.4479,1.4426,0.0053,-0.6810,16857.1794,NA
ExperienceX.exe,56308,0x216838E1150,DXGI,1,0,0,Composed: Flip,16890.4477,NA,16.45510000000000,NA,0.26930000000000,4.90260000000000,NA,16874.0640,16.6530,16.3837,0.2693,19.8506,1.4357,1.4321,0.0036,NA,NA,NA
ExperienceX.exe,56308,0x216838E1150,DXGI,1,0,0,Composed: Flip,16908.0523,NA,17.60460000000000,33.33220000000000,0.05350000000000,1.82500000000000,32.0940,16890.7170,17.3888,17.3353,0.0535,17.5595,1.6008,1.5939,0.0069,0.2054,16890.7170,NA
ExperienceX.exe,56308,0x216838E1150,DXGI,1,0,0,Composed: Flip,16923.7226,NA,15.67030000000000,16.75120000000000,0.19630000000000,0.75860000000000,33.1749,16908.1058,15.8131,15.6168,0.1963,15.8180,0.5574,0.5574,0.0000,0.6376,16908.1058,NA
ExperienceX.exe,56308,0x216C7EA03E0,DXGI,1,0,0,Composed: Flip,16891.1800,NA,17.42540000000000,1566.49670000000015,0.05730000000000,2.73460000000000,32.2976,16873.8062,17.4311,17.3738,0.0573,17.1317,2.9767,2.9767,0.0000,0.0412,16873.8062,NA
ExperienceX.exe,56308,0x216C7EA03E0,DXGI,1,0,0,Composed: Flip,16907.0820,NA,15.90200000000000,NA,0.15780000000000,1.19450000000000,NA,16891.2373,16.0025,15.8447,0.1578,16.5275,0.5117,0.5117,0.0000,NA,NA,NA
ExperienceX.exe,56308,0x216C7EA03E0,DXGI,1,0,0,Composed: Flip,16924.0110,NA,16.92900000000000,NA,0.62100000000000,3.15160000000000,NA,16907.2398,17.3922,16.7712,0.6210,19.4411,0.4817,0.4817,0.0000,NA,NA,NA
ExperienceX.exe,56308,0x216C7EA03E0,DXGI,1,0,0,Composed: Flip,16940.7970,NA,16.78600000000000,NA,0.38060000000000,1.91410000000000,NA,16924.6320,16.5456,16.1650,0.3806,17.5813,0.4978,0.4978,0.0000,NA,NA,NA
ExperienceX.exe,56308,0x216838E1150,DXGI,1,0,0,Composed: Flip,16940.9595,NA,17.23690000000000,16.64090000000000,0.07960000000000,2.78240000000000,32.5789,16923.9189,17.1202,17.0406,0.0796,18.7922,1.0308,1.0228,0.0080,-0.8278,16923.9189,NA
ExperienceX.exe,56308,0x216838E1150,DXGI,1,0,0,Composed: Flip,16957.3470,NA,16.38750000000000,NA,0.25410000000000,2.96310000000000,NA,16941.0391,16.5620,16.3079,0.2541,17.1645,2.1065,2.1065,0.0000,NA,NA,NA
ExperienceX.exe,56308,0x216838E1150,DXGI,1,0,0,Composed: Flip,16974.6694,NA,17.32240000000000,33.29100000000000,0.05220000000000,1.75440000000000,32.1600,16957.6011,17.1205,17.0683,0.0522,17.4123,1.4104,1.4060,0.0044,0.3912,16957.6011,NA
ExperienceX.exe,56308,0x216838E1150,DXGI,1,0,0,Composed: Flip,16990.5849,NA,15.91550000000000,16.71500000000000,0.39260000000000,2.35070000000000,32.9595,16974.7216,16.2559,15.8633,0.3926,16.0940,2.1200,2.1200,0.0000,0.4055,16974.7216,NA
ExperienceX.exe,56308,0x216838E1150,DXGI,1,0,0,Composed: Flip,17007.7135,NA,17.12860000000000,16.63790000000000,0.35980000000000,1.96790000000000,32.4688,16990.9775,17.0958,16.7360,0.3598,17.7199,0.9840,0.9778,0.0062,-0.3820,16990.9775,NA
ExperienceX.exe,56308,0x216838E1150,DXGI,1,0,0,Composed: Flip,17023.8271,NA,16.11360000000000,16.72530000000000,0.04940000000000,0.67240000000000,33.0805,17008.0733,15.8032,15.7538,0.0494,15.8068,0.6194,0.6086,0.0108,0.3705,17008.0733,NA
ExperienceX.exe,56308,0x216838E1150,DXGI,1,0,0,Composed: Flip,17041.2077,NA,17.38060000000000,16.58160000000000,0.04860000000000,1.89070000000000,32.2815,17023.8765,17.3798,17.3312,0.0486,17.7879,1.4340,1.4298,0.0042,-0.7784,17023.8765,NA
ExperienceX.exe,56308,0x216838E1150,DXGI,1,0,0,Composed: Flip,17057.3132,NA,16.10550000000000,16.88480000000000,0.09330000000000,2.41470000000000,33.0608,17041.2563,16.1502,16.0569,0.0933,16.2688,2.2028,2.2028,0.0000,0.4950,17041.2563,NA
ExperienceX.exe,56308,0x216838E1150,DXGI,1,0,0,Composed: Flip,17074.4108,NA,17.09760000000000,16.53250000000000,0.05160000000000,1.93220000000000,32.4957,17057.4065,17.0559,17.0043,0.0516,17.8969,1.0396,1.0337,0.0059,-0.3823,17057.4065,NA
ExperienceX.exe,56308,0x216838E1150,DXGI,1,0,0,Composed: Flip,17090.7494,NA,16.33860000000000,16.80320000000000,0.09780000000000,1.11580000000000,32.9603,17074.4624,16.3848,16.2870,0.0978,16.4011,1.0017,1.0017,0.0000,0.2527,17074.4624,NA
ExperienceX.exe,56308,0x216838E1150,DXGI,1,0,0,Composed: Flip,17108.8618,NA,18.11240000000000,16.59830000000000,0.09070000000000,2.07490000000000,31.4462,17090.8472,18.1053,18.0146,0.0907,19.1214,0.9681,0.9467,0.0214,-0.2135,17090.8472,NA
ExperienceX.exe,56308,0x216C829D570,DXGI,1,0,0,Composed: Flip,15073.8620,NA,15.49940000000000,333.39750000000004,0.18560000000000,3.17150000000000,33.0355,15058.4194,15.6282,15.4426,0.1856,17.6773,0.9368,0.9301,0.0067,-0.7899,15058.4194,NA
ExperienceX.exe,56308,0x216C829D570,DXGI,1,0,0,Composed: Flip,15090.7282,NA,16.86620000000000,NA,0.06660000000000,2.93780000000000,NA,15074.0476,16.7472,16.6806,0.0666,19.1595,0.4589,0.4559,0.0030,NA,NA,NA
ExperienceX.exe,56308,0x216C829D570,DXGI,1,0,0,Composed: Flip,15107.1737,NA,16.44550000000000,NA,0.07110000000000,1.52430000000000,NA,15090.7948,16.4500,16.3789,0.0711,17.0888,0.8144,0.8144,0.0000,NA,NA,NA
ExperienceX.exe,56308,0x216C829D570,DXGI,1,0,0,Composed: Flip,15123.9614,NA,16.78770000000000,NA,0.07980000000000,2.92150000000000,NA,15107.2448,16.7964,16.7166,0.0798,19.1863,0.4518,0.4518,0.0000,NA,NA,NA
ExperienceX.exe,56308,0x216C829D570,DXGI,1,0,0,Composed: Flip,15140.6642,NA,16.70280000000000,NA,0.25610000000000,1.08930000000000,NA,15124.0412,16.8791,16.6230,0.2561,2.8417,14.8706,1.0736,13.7970,NA,NA,NA
ExperienceX.exe,56308,0x216C829D570,DXGI,1,0,0,Composed: Flip,15158.0245,NA,17.36030000000000,NA,0.05990000000000,2.46830000000000,NA,15140.9203,17.1641,17.1042,0.0599,19.1025,0.4700,0.4700,0.0000,NA,NA,NA
ExperienceX.exe,56308,0x216C829D570,DXGI,1,0,0,Composed: Flip,15191.8112,NA,33.78670000000000,NA,0.07650000000000,3.51980000000000,NA,15158.0844,33.8033,33.7268,0.0765,35.2121,2.0345,2.0310,0.0035,NA,NA,NA
ExperienceX.exe,56308,0x216C829D570,DXGI,1,0,0,Composed: Flip,15207.1704,NA,15.35920000000000,NA,0.16000000000000,1.24140000000000,NA,15191.8877,15.4427,15.2827,0.1600,16.2331,0.2910,0.2910,0.0000,NA,NA,NA
ExperienceX.exe,56308,0x216C829D570,DXGI,1,0,0,Composed: Flip,15224.4891,NA,17.31870000000000,NA,0.06950000000000,2.42390000000000,NA,15207.3304,17.2282,17.1587,0.0695,19.0708,0.5118,0.5118,0.0000,NA,NA,NA
ExperienceX.exe,56308,0x216C829D570,DXGI,1,0,0,Composed: Flip,15240.4352,NA,15.94610000000000,NA,0.10600000000000,0.77340000000000,NA,15224.5586,15.9826,15.8766,0.1060,2.3544,14.2956,1.1662,13.1294,NA,NA,NA
ExperienceX.exe,56308,0x216C829D570,DXGI,1,0,0,Composed: Flip,15257.7343,NA,17.29910000000000,NA,0.26910000000000,2.47170000000000,NA,15240.5412,17.4622,17.1931,0.2691,19.2132,0.4516,0.4516,0.0000,NA,NA,NA
ExperienceX.exe,56308,0x216C829D570,DXGI,1,0,0,Composed: Flip,15273.7862,NA,16.05190000000000,NA,0.25740000000000,1.23480000000000,NA,15258.0034,16.0402,15.7828,0.2574,16.5619,0.4557,0.4557,0.0000,NA,NA,NA
ExperienceX.exe,56308,0x216C829D570,DXGI,1,0,0,Composed: Flip,15291.3067,NA,17.52050000000000,NA,0.08010000000000,2.95310000000000,NA,15274.0436,17.3432,17.2631,0.0801,19.7430,0.4732,0.4732,0.0000,NA,NA,NA
ExperienceX.exe,56308,0x216C829D570,DXGI,1,0,0,Composed: Flip,15307.1219,NA,15.81520000000000,NA,0.14650000000000,0.66990000000000,NA,15291.3868,15.8816,15.7351,0.1465,2.8730,13.5320,1.3090,12.2230,NA,NA,NA
ExperienceX.exe,56308,0x216C829D570,DXGI,1,0,0,Composed: Flip,15323.9196,NA,16.79770000000000,NA,0.09080000000000,2.69640000000000,NA,15307.2684,16.7420,16.6512,0.0908,18.8984,0.4492,0.4492,0.0000,NA,NA,NA
ExperienceX.exe,56308,0x216C829D570,DXGI,1,0,0,Composed: Flip,15340.5562,NA,16.63660000000000,NA,0.19670000000000,0.67950000000000,NA,15324.0104,16.7425,16.5458,0.1967,16.7077,0.5176,0.5176,0.0000,NA,NA,NA
ExperienceX.exe,56308,0x216C829D570,DXGI,1,0,0,Composed: Flip,15358.8703,NA,18.31410000000000,NA,0.21570000000000,1.67430000000000,NA,15340.7529,18.3331,18.1174,0.2157,18.4402,1.3515,1.3515,0.0000,NA,NA,NA
ExperienceX.exe,56308,0x216C829D570,DXGI,1,0,0,Composed: Flip,15373.7674,NA,14.89710000000000,NA,0.17930000000000,1.16300000000000,NA,15359.0860,14.8607,14.6814,0.1793,15.4581,0.3863,0.3863,0.0000,NA,NA,NA
ExperienceX.exe,56308,0x216C829D570,DXGI,1,0,0,Composed: Flip,15391.2618,NA,17.49440000000000,NA,0.09130000000000,2.35830000000000,NA,15373.9467,17.4064,17.3151,0.0913,19.2287,0.4447,0.4447,0.0000,NA,NA,NA
ExperienceX.exe,56308,0x216C829D570,DXGI,1,0,0,Composed: Flip,15407.0691,NA,15.80730000000000,NA,0.17380000000000,0.66660000000000,NA,15391.3531,15.8898,15.7160,0.1738,2.2670,14.1156,0.7666,13.3490,NA,NA,NA
ExperienceX.exe,56308,0x216C829D570,DXGI,1,0,0,Composed: Flip,15424.3901,NA,17.32100000000000,NA,0.28530000000000,3.55220000000000,NA,15407.2429,17.4325,17.1472,0.2853,20.2508,0.4486,0.4455,0.0031,NA,NA,NA
ExperienceX.exe,56308,0x216C829D570,DXGI,1,0,0,Composed: Flip,15440.9052,NA,16.51510000000000,NA,0.12590000000000,1.03490000000000,NA,15424.6754,16.3557,16.2298,0.1259,16.3601,0.9046,0.9046,0.0000,NA,NA,NA
ExperienceX.exe,56308,0x216C829D570,DXGI,1,0,0,Composed: Flip,15457.3232,NA,16.41800000000000,NA,0.07790000000000,2.92240000000000,NA,15441.0311,16.3700,16.2921,0.0779,18.7633,0.4512,0.4512,0.0000,NA,NA,NA
ExperienceX.exe,56308,0x216C829D570,DXGI,1,0,0,Composed: Flip,15473.9325,NA,16.60930000000000,NA,0.23330000000000,0.70300000000000,NA,15457.4011,16.7647,16.5314,0.2333,2.8445,14.3899,0.8902,13.4997,NA,NA,NA
ExperienceX.exe,56308,0x216C829D570,DXGI,1,0,0,Composed: Flip,15491.2789,NA,17.34640000000000,NA,0.05880000000000,2.22100000000000,NA,15474.1658,17.1719,17.1131,0.0588,16.8325,2.5016,2.5016,0.0000,NA,NA,NA
ExperienceX.exe,56308,0x216C829D570,DXGI,1,0,0,Composed: Flip,15507.0694,NA,15.79050000000000,NA,0.13340000000000,1.56030000000000,NA,15491.3377,15.8651,15.7317,0.1334,16.8446,0.4474,0.4474,0.0000,NA,NA,NA
ExperienceX.exe,56308,0x216C829D570,DXGI,1,0,0,Composed: Flip,15524.6742,NA,17.60480000000000,NA,0.19800000000000,2.15300000000000,NA,15507.2028,17.6694,17.4714,0.1980,17.5832,2.0412,2.0412,0.0000,NA,NA,NA
ExperienceX.exe,56308,0x216C829D570,DXGI,1,0,0,Composed: Flip,15540.6138,NA,15.93960000000000,NA,0.06230000000000,0.81560000000000,NA,15524.8722,15.8039,15.7416,0.0623,2.4195,14.1377,1.0255,13.1122,NA,NA,NA
ExperienceX.exe,56308,0x216C829D570,DXGI,1,0,0,Composed: Flip,15558.3062,NA,17.69240000000000,NA,0.12370000000000,2.05100000000000,NA,15540.6761,17.7538,17.6301,0.1237,17.6526,2.0285,2.0285,0.0000,NA,NA,NA
ExperienceX.exe,56308,0x216C829D570,DXGI,1,0,0,Composed: Flip,15573.8224,NA,15.51620000000000,NA,0.14250000000000,1.16050000000000,NA,15558.4299,15.5350,15.3925,0.1425,16.0516,0.5014,0.5014,0.0000,NA,NA,NA
ExperienceX.exe,56308,0x216C829D570,DXGI,1,0,0,Composed: Flip,15591.0635,NA,17.24110000000000,NA,0.32160000000000,2.12180000000000,NA,15573.9649,17.4202,17.0986,0.3216,17.0940,2.1264,2.1264,0.0000,NA,NA,NA
ExperienceX.exe,56308,0x216C829D570,DXGI,1,0,0,Composed: Flip,15607.2375,NA,16.17400000000000,NA,0.21140000000000,0.79070000000000,NA,15591.3851,16.0638,15.8524,0.2114,16.0821,0.5610,0.5610,0.0000,NA,NA,NA
ExperienceX.exe,56308,0x216C829D570,DXGI,1,0,0,Composed: Flip,15624.6822,NA,17.44470000000000,NA,0.43050000000000,2.65920000000000,NA,15607.4489,17.6638,17.2333,0.4305,19.4136,0.4789,0.4789,0.0000,NA,NA,NA
ExperienceX.exe,56308,0x216C829D570,DXGI,1,0,0,Composed: Flip,15640.4380,NA,15.75580000000000,NA,0.14320000000000,0.66820000000000,NA,15625.1127,15.4685,15.3253,0.1432,2.2287,13.7648,0.5960,13.1688,NA,NA,NA
ExperienceX.exe,56308,0x216C829D570,DXGI,1,0,0,Composed: Flip,15658.6994,NA,18.26140000000000,NA,0.11830000000000,3.41050000000000,NA,15640.5812,18.2365,18.1182,0.1183,21.0690,0.4597,0.4563,0.0034,NA,NA,NA
ExperienceX.exe,56308,0x216C829D570,DXGI,1,0,0,Composed: Flip,15673.8875,NA,15.18810000000000,NA,0.19730000000000,1.53710000000000,NA,15658.8177,15.2671,15.0698,0.1973,15.7588,0.8481,0.8481,0.0000,NA,NA,NA
ExperienceX.exe,56308,0x216C829D570,DXGI,1,0,0,Composed: Flip,15691.9261,NA,18.03860000000000,NA,0.31060000000000,2.15860000000000,NA,15674.0848,18.1519,17.8413,0.3106,19.5223,0.4776,0.4776,0.0000,NA,NA,NA
ExperienceX.exe,56308,0x216C829D570,DXGI,1,0,0,Composed: Flip,15707.6603,NA,15.73420000000000,NA,0.17440000000000,1.72770000000000,NA,15692.2367,15.5980,15.4236,0.1744,16.2534,0.8979,0.8979,0.0000,NA,NA,NA
ExperienceX.exe,56308,0x216C829D570,DXGI,1,0,0,Composed: Flip,15724.5153,NA,16.85500000000000,NA,0.06530000000000,2.50800000000000,NA,15707.8347,16.7459,16.6806,0.0653,18.7087,0.4799,0.4799,0.0000,NA,NA,NA
ExperienceX.exe,56308,0x216C829D570,DXGI,1,0,0,Composed: Flip,15740.5110,NA,15.99570000000000,NA,0.15510000000000,1.03230000000000,NA,15724.5806,16.0855,15.9304,0.1551,16.4788,0.4839,0.4839,0.0000,NA,NA,NA
ExperienceX.exe,56308,0x216C829D570,DXGI,1,0,0,Composed: Flip,15758.7336,NA,18.22260000000000,NA,0.07850000000000,2.30730000000000,NA,15740.6661,18.1460,18.0675,0.0785,19.9074,0.4674,0.4674,0.0000,NA,NA,NA
ExperienceX.exe,56308,0x216C829D570,DXGI,1,0,0,Composed: Flip,15773.8335,NA,15.09990000000000,NA,0.14170000000000,1.71440000000000,NA,15758.8121,15.1631,15.0214,0.1417,15.8875,0.8483,0.8483,0.0000,NA,NA,NA
ExperienceX.exe,56308,0x216C829D570,DXGI,1,0,0,Composed: Flip,15790.6654,NA,16.83190000000000,NA,0.05890000000000,3.87380000000000,NA,15773.9752,16.7491,16.6902,0.0589,17.3278,3.2362,3.2362,0.0000,NA,NA,NA
ExperienceX.exe,56308,0x216C829D570,DXGI,1,0,0,Composed: Flip,15807.1746,NA,16.50920000000000,NA,0.24510000000000,0.73530000000000,NA,15790.7243,16.6954,16.4503,0.2451,16.6281,0.5575,0.5575,0.0000,NA,NA,NA
ExperienceX.exe,56308,0x216C829D570,DXGI,1,0,0,Composed: Flip,15824.8354,NA,17.66080000000000,NA,0.05250000000000,1.63250000000000,NA,15807.4197,17.4682,17.4157,0.0525,17.1528,1.8954,1.8954,0.0000,NA,NA,NA
ExperienceX.exe,56308,0x216C829D570,DXGI,1,0,0,Composed: Flip,15840.4284,NA,15.59300000000000,NA,0.13940000000000,0.64210000000000,NA,15824.8879,15.6799,15.5405,0.1394,15.6512,0.5314,0.5314,0.0000,NA,NA,NA
ExperienceX.exe,56308,0x216C829D570,DXGI,1,0,0,Composed: Flip,15857.3313,NA,16.90290000000000,NA,0.54800000000000,3.11450000000000,NA,15840.5678,17.3115,16.7635,0.5480,19.4006,0.4774,0.4774,0.0000,NA,NA,NA
ExperienceX.exe,56308,0x216C829D570,DXGI,1,0,0,Composed: Flip,15873.7256,NA,16.39430000000000,NA,0.12060000000000,1.16160000000000,NA,15857.8793,15.9669,15.8463,0.1206,16.5113,0.4966,0.4966,0.0000,NA,NA,NA
ExperienceX.exe,56308,0x216C829D570,DXGI,1,0,0,Composed: Flip,15891.2146,NA,17.48900000000000,NA,0.29710000000000,2.08090000000000,NA,15873.8462,17.6655,17.3684,0.2971,17.2832,2.1661,2.1661,0.0000,NA,NA,NA
ExperienceX.exe,56308,0x216C829D570,DXGI,1,0,0,Composed: Flip,15907.4083,NA,16.19370000000000,NA,0.28310000000000,2.03850000000000,NA,15891.5117,16.1797,15.8966,0.2831,16.2215,1.7136,1.6829,0.0307,NA,NA,NA
ExperienceX.exe,56308,0x216C829D570,DXGI,1,0,0,Composed: Flip,15924.6795,NA,17.27120000000000,NA,0.15790000000000,2.67100000000000,NA,15907.6914,17.1460,16.9881,0.1579,17.8656,1.7935,1.7935,0.0000,NA,NA,NA
ExperienceX.exe,56308,0x216C829D570,DXGI,1,0,0,Composed: Flip,15940.9111,NA,16.23160000000000,NA,0.30600000000000,1.22490000000000,NA,15924.8374,16.3797,16.0737,0.3060,3.0234,14.2752,1.4656,12.8096,NA,NA,NA
ExperienceX.exe,56308,0x216C829D570,DXGI,1,0,0,Composed: Flip,15957.4141,NA,16.50300000000000,NA,0.09940000000000,4.25520000000000,NA,15941.2171,16.2964,16.1970,0.0994,18.7792,1.6730,1.6681,0.0049,NA,NA,NA
ExperienceX.exe,56308,0x216C829D570,DXGI,1,0,0,Composed: Flip,15973.8163,NA,16.40220000000000,NA,0.14770000000000,0.68690000000000,NA,15957.5135,16.4505,16.3028,0.1477,16.4499,0.5398,0.5398,0.0000,NA,NA,NA
ExperienceX.exe,56308,0x216C829D570,DXGI,1,0,0,Composed: Flip,15990.6470,NA,16.83070000000000,NA,0.09430000000000,4.22780000000000,NA,15973.9640,16.7773,16.6830,0.0943,20.4518,0.4590,0.4563,0.0027,NA,NA,NA
ExperienceX.exe,56308,0x216C829D570,DXGI,1,0,0,Composed: Flip,16007.1565,NA,16.50950000000000,NA,0.15280000000000,0.69510000000000,NA,15990.7413,16.5680,16.4152,0.1528,16.5720,0.5383,0.5383,0.0000,NA,NA,NA
ExperienceX.exe,56308,0x216C829D570,DXGI,1,0,0,Composed: Flip,16024.9110,NA,17.75450000000000,NA,0.36200000000000,1.97900000000000,NA,16007.3093,17.9637,17.6017,0.3620,17.8737,1.7070,1.7070,0.0000,NA,NA,NA
ExperienceX.exe,56308,0x216C829D570,DXGI,1,0,0,Composed: Flip,16040.6978,NA,15.78680000000000,NA,0.07070000000000,1.51490000000000,NA,16025.2730,15.4955,15.4248,0.0707,2.0826,14.8571,1.6726,13.1845,NA,NA,NA
ExperienceX.exe,56308,0x216C829D570,DXGI,1,0,0,Composed: Flip,16058.0092,NA,17.31140000000000,NA,0.16880000000000,2.48140000000000,NA,16040.7685,17.4095,17.2407,0.1688,19.2606,0.4615,0.4615,0.0000,NA,NA,NA
ExperienceX.exe,56308,0x216C829D570,DXGI,1,0,0,Composed: Flip,16073.9728,NA,15.96360000000000,NA,0.22500000000000,2.32630000000000,NA,16058.1780,16.0198,15.7948,0.2250,17.6568,0.4643,0.4643,0.0000,NA,NA,NA
ExperienceX.exe,56308,0x216C829D570,DXGI,1,0,0,Composed: Flip,16090.6632,NA,16.69040000000000,NA,0.08090000000000,2.62060000000000,NA,16074.1978,16.5463,16.4654,0.0809,17.2021,1.8839,1.8839,0.0000,NA,NA,NA
ExperienceX.exe,56308,0x216C829D570,DXGI,1,0,0,Composed: Flip,16107.0541,NA,16.39090000000000,NA,0.10540000000000,0.63790000000000,NA,16090.7441,16.4154,16.3100,0.1054,3.0050,13.9429,0.8002,13.1427,NA,NA,NA
ExperienceX.exe,56308,0x216C829D570,DXGI,1,0,0,Composed: Flip,16125.6099,NA,18.55580000000000,NA,0.07620000000000,1.93820000000000,NA,16107.1595,18.5266,18.4504,0.0762,19.8974,0.4912,0.4912,0.0000,NA,NA,NA
ExperienceX.exe,56308,0x216C829D570,DXGI,1,0,0,Composed: Flip,16140.4513,NA,14.84140000000000,NA,0.22210000000000,1.17350000000000,NA,16125.6861,14.9873,14.7652,0.2221,1.8620,14.0767,1.4076,12.6691,NA,NA,NA
ExperienceX.exe,56308,0x216C829D570,DXGI,1,0,0,Composed: Flip,16158.9640,NA,18.51270000000000,NA,0.10540000000000,2.08720000000000,NA,16140.6734,18.3960,18.2906,0.1054,19.8224,0.5554,0.5554,0.0000,NA,NA,NA
ExperienceX.exe,56308,0x216C829D570,DXGI,1,0,0,Composed: Flip,16173.9939,NA,15.02990000000000,NA,0.28290000000000,1.97160000000000,NA,16159.0694,15.2074,14.9245,0.2829,16.1343,0.7618,0.7618,0.0000,NA,NA,NA
ExperienceX.exe,56308,0x216C829D570,DXGI,1,0,0,Composed: Flip,16191.6756,NA,17.68170000000000,NA,0.39150000000000,1.76650000000000,NA,16174.2768,17.7903,17.3988,0.3915,17.0605,2.1048,2.1048,0.0000,NA,NA,NA
ExperienceX.exe,56308,0x216C829D570,DXGI,1,0,0,Composed: Flip,16207.0515,NA,15.37590000000000,NA,0.16290000000000,1.23340000000000,NA,16192.0671,15.1473,14.9844,0.1629,15.8880,0.3298,0.3298,0.0000,NA,NA,NA
ExperienceX.exe,56308,0x216C829D570,DXGI,1,0,0,Composed: Flip,16224.6712,NA,17.61970000000000,NA,0.42310000000000,2.04430000000000,NA,16207.2144,17.8799,17.4568,0.4231,19.0527,0.4484,0.4484,0.0000,NA,NA,NA
ExperienceX.exe,56308,0x216C829D570,DXGI,1,0,0,Composed: Flip,16240.4226,NA,15.75140000000000,NA,0.11120000000000,1.14730000000000,NA,16225.0943,15.4395,15.3283,0.1112,15.9980,0.4776,0.4776,0.0000,NA,NA,NA
ExperienceX.exe,56308,0x216C829D570,DXGI,1,0,0,Composed: Flip,16258.5299,NA,18.10730000000000,NA,0.06530000000000,2.84160000000000,NA,16240.5338,18.0614,17.9961,0.0653,19.8718,0.9659,0.9659,0.0000,NA,NA,NA
ExperienceX.exe,56308,0x216C829D570,DXGI,1,0,0,Composed: Flip,16273.7791,NA,15.24920000000000,NA,0.21090000000000,0.69300000000000,NA,16258.5952,15.3948,15.1839,0.2109,2.7763,13.1006,0.7007,12.3999,NA,NA,NA
ExperienceX.exe,56308,0x216C829D570,DXGI,1,0,0,Composed: Flip,16290.9558,NA,17.17670000000000,NA,0.06710000000000,4.04110000000000,NA,16273.9900,17.0329,16.9658,0.0671,20.5707,0.4362,0.4330,0.0032,NA,NA,NA
ExperienceX.exe,56308,0x216C829D570,DXGI,1,0,0,Composed: Flip,16307.4188,NA,16.46300000000000,NA,0.14000000000000,1.59790000000000,NA,16291.0229,16.5359,16.3959,0.1400,16.7039,1.2899,1.2899,0.0000,NA,NA,NA
ExperienceX.exe,56308,0x216C829D570,DXGI,1,0,0,Composed: Flip,16325.0858,NA,17.66700000000000,NA,0.04790000000000,3.69500000000000,NA,16307.5588,17.5749,17.5270,0.0479,20.7470,0.4750,0.4703,0.0047,NA,NA,NA
ExperienceX.exe,56308,0x216C829D570,DXGI,1,0,0,Composed: Flip,16340.3818,NA,15.29600000000000,NA,0.14010000000000,1.03260000000000,NA,16325.1337,15.3882,15.2481,0.1401,15.3842,0.8965,0.8965,0.0000,NA,NA,NA
ExperienceX.exe,56308,0x216C829D570,DXGI,1,0,0,Composed: Flip,16358.3158,NA,17.93400000000000,NA,0.24030000000000,2.17470000000000,NA,16340.5219,18.0342,17.7939,0.2403,19.4856,0.4830,0.4830,0.0000,NA,NA,NA
ExperienceX.exe,56308,0x216C829D570,DXGI,1,0,0,Composed: Flip,16390.7161,NA,32.40030000000000,NA,0.07770000000000,3.04740000000000,NA,16358.5561,32.2377,32.1600,0.0777,34.7430,0.4644,0.4644,0.0000,NA,NA,NA
ExperienceX.exe,56308,0x216C829D570,DXGI,1,0,0,Composed: Flip,16407.0811,NA,16.36500000000000,NA,0.14860000000000,0.65950000000000,NA,16390.7938,16.4359,16.2873,0.1486,2.9697,13.9771,0.6404,13.3367,NA,NA,NA
ExperienceX.exe,56308,0x216C829D570,DXGI,1,0,0,Composed: Flip,16424.1703,NA,17.08920000000000,NA,0.08510000000000,3.06000000000000,NA,16407.2297,17.0257,16.9406,0.0851,19.5327,0.4679,0.4679,0.0000,NA,NA,NA
ExperienceX.exe,56308,0x216C829D570,DXGI,1,0,0,Composed: Flip,16440.4374,NA,16.26710000000000,NA,0.14050000000000,0.64830000000000,NA,16424.2554,16.3225,16.1820,0.1405,2.9749,13.8554,0.6486,13.2068,NA,NA,NA
ExperienceX.exe,56308,0x216C829D570,DXGI,1,0,0,Composed: Flip,16457.2817,NA,16.84430000000000,NA,0.07650000000000,3.11040000000000,NA,16440.5779,16.7803,16.7038,0.0765,19.3209,0.4933,0.4898,0.0035,NA,NA,NA
ExperienceX.exe,56308,0x216C829D570,DXGI,1,0,0,Composed: Flip,16473.8276,NA,16.54590000000000,NA,0.21190000000000,0.71390000000000,NA,16457.3582,16.6813,16.4694,0.2119,16.5970,0.5863,0.5863,0.0000,NA,NA,NA
ExperienceX.exe,56308,0x216C829D570,DXGI,1,0,0,Composed: Flip,16491.0853,NA,17.25770000000000,NA,0.76430000000000,2.59310000000000,NA,16474.0395,17.8101,17.0458,0.7643,17.6554,1.9835,1.9835,0.0000,NA,NA,NA
ExperienceX.exe,56308,0x216C829D570,DXGI,1,0,0,Composed: Flip,16507.0796,NA,15.99430000000000,NA,0.13680000000000,0.70560000000000,NA,16491.8496,15.3668,15.2300,0.1368,15.3973,0.5383,0.5383,0.0000,NA,NA,NA
ExperienceX.exe,56308,0x216C829D570,DXGI,1,0,0,Composed: Flip,16523.9969,NA,16.91730000000000,NA,0.07500000000000,2.98710000000000,NA,16507.2164,16.8555,16.7805,0.0750,19.2929,0.4747,0.4747,0.0000,NA,NA,NA
ExperienceX.exe,56308,0x216C829D570,DXGI,1,0,0,Composed: Flip,16557.6974,NA,33.70050000000000,NA,0.58910000000000,2.45730000000000,NA,16524.0719,34.2146,33.6255,0.5891,33.9690,2.1138,2.1138,0.0000,NA,NA,NA
ExperienceX.exe,56308,0x216C829D570,DXGI,1,0,0,Composed: Flip,16573.7559,NA,16.05850000000000,NA,0.14440000000000,0.77390000000000,NA,16558.2865,15.6138,15.4694,0.1444,2.3480,13.8953,1.1875,12.7078,NA,NA,NA
ExperienceX.exe,56308,0x216C829D570,DXGI,1,0,0,Composed: Flip,16590.6930,NA,16.93710000000000,NA,0.07550000000000,3.02510000000000,NA,16573.9003,16.8682,16.7927,0.0755,19.3612,0.4566,0.4566,0.0000,NA,NA,NA
ExperienceX.exe,56308,0x216C829D570,DXGI,1,0,0,Composed: Flip,16607.1972,NA,16.50420000000000,NA,0.32660000000000,1.12200000000000,NA,16590.7685,16.7553,16.4287,0.3266,17.0840,0.4667,0.4617,0.0050,NA,NA,NA
ExperienceX.exe,56308,0x216C829D570,DXGI,1,0,0,Composed: Flip,16624.0712,NA,16.87400000000000,NA,0.08620000000000,2.65330000000000,NA,16607.5238,16.6336,16.5474,0.0862,17.1013,2.0994,2.0994,0.0000,NA,NA,NA
ExperienceX.exe,56308,0x216C829D570,DXGI,1,0,0,Composed: Flip,16640.4058,NA,16.33460000000000,NA,0.11780000000000,1.13240000000000,NA,16624.1574,16.3662,16.2484,0.1178,16.8816,0.4992,0.4992,0.0000,NA,NA,NA
ExperienceX.exe,56308,0x216C829D570,DXGI,1,0,0,Composed: Flip,16658.2100,NA,17.80420000000000,NA,0.06860000000000,2.00170000000000,NA,16640.5236,17.7550,17.6864,0.0686,17.5235,2.1646,2.1646,0.0000,NA,NA,NA
ExperienceX.exe,56308,0x216C829D570,DXGI,1,0,0,Composed: Flip,16673.7317,NA,15.52170000000000,NA,0.14830000000000,0.70630000000000,NA,16658.2786,15.6014,15.4531,0.1483,2.4142,13.7452,0.8160,12.9292,NA,NA,NA
ExperienceX.exe,56308,0x216C829D570,DXGI,1,0,0,Composed: Flip,16691.5486,NA,17.81690000000000,NA,0.13580000000000,5.00480000000000,NA,16673.8800,17.8044,17.6686,0.1358,19.8473,2.8261,2.8147,0.0114,NA,NA,NA
ExperienceX.exe,56308,0x216C829D570,DXGI,1,0,0,Composed: Flip,16707.9840,NA,16.43540000000000,NA,0.26070000000000,1.99830000000000,NA,16691.6844,16.5603,16.2996,0.2607,17.5964,0.7015,0.7015,0.0000,NA,NA,NA
ExperienceX.exe,56308,0x216C829D570,DXGI,1,0,0,Composed: Flip,16725.8817,NA,17.89770000000000,NA,0.33540000000000,2.58640000000000,NA,16708.2447,17.9724,17.6370,0.3354,19.7410,0.4824,0.4824,0.0000,NA,NA,NA
ExperienceX.exe,56308,0x216C829D570,DXGI,1,0,0,Composed: Flip,16740.6306,NA,14.74890000000000,NA,0.20030000000000,1.58950000000000,NA,16726.2171,14.6138,14.4135,0.2003,15.5305,0.4725,0.4725,0.0000,NA,NA,NA
ExperienceX.exe,56308,0x216C829D570,DXGI,1,0,0,Composed: Flip,16758.6767,NA,18.04610000000000,NA,0.37050000000000,3.18360000000000,NA,16740.8309,18.2163,17.8458,0.3705,20.5420,0.4874,0.4874,0.0000,NA,NA,NA
ExperienceX.exe,56308,0x216C829D570,DXGI,1,0,0,Composed: Flip,16773.7970,NA,15.12030000000000,NA,0.09800000000000,0.68110000000000,NA,16759.0472,14.8478,14.7498,0.0980,2.8131,12.6178,0.6309,11.9869,NA,NA,NA
ExperienceX.exe,56308,0x216C829D570,DXGI,1,0,0,Composed: Flip,16791.4333,NA,17.63630000000000,NA,0.05300000000000,2.51400000000000,NA,16773.8950,17.5913,17.5383,0.0530,19.5592,0.4931,0.4882,0.0049,NA,NA,NA
ExperienceX.exe,56308,0x216C829D570,DXGI,1,0,0,Composed: Flip,16807.1464,NA,15.71310000000000,NA,0.15420000000000,0.69380000000000,NA,16791.4863,15.8143,15.6601,0.1542,15.7919,0.5620,0.5620,0.0000,NA,NA,NA
ExperienceX.exe,56308,0x216C829D570,DXGI,1,0,0,Composed: Flip,16824.9469,NA,17.80050000000000,NA,0.05220000000000,1.71040000000000,NA,16807.3006,17.6985,17.6463,0.0522,17.2920,2.0647,2.0647,0.0000,NA,NA,NA
ExperienceX.exe,56308,0x216C829D570,DXGI,1,0,0,Composed: Flip,16840.4111,NA,15.46420000000000,NA,0.14670000000000,1.60590000000000,NA,16824.9991,15.5587,15.4120,0.1467,16.1471,0.8708,0.8708,0.0000,NA,NA,NA
ExperienceX.exe,56308,0x216C829D570,DXGI,1,0,0,Composed: Flip,16857.7328,NA,17.32170000000000,NA,0.08540000000000,2.73460000000000,NA,16840.5578,17.2604,17.1750,0.0854,19.3838,0.5258,0.5226,0.0032,NA,NA,NA
ExperienceX.exe,56308,0x216C829D570,DXGI,1,0,0,Composed: Flip,16873.7878,NA,16.05500000000000,NA,0.18100000000000,1.17800000000000,NA,16857.8182,16.1506,15.9696,0.1810,16.6661,0.4815,0.4815,0.0000,NA,NA,NA
ExperienceX.exe,56308,0x216C829D570,DXGI,1,0,0,Composed: Flip,16891.3480,NA,17.56020000000000,NA,0.05770000000000,5.79760000000000,NA,16873.9688,17.4369,17.3792,0.0577,21.3883,1.7885,1.7851,0.0034,NA,NA,NA
ExperienceX.exe,56308,0x216C829D570,DXGI,1,0,0,Composed: Flip,16907.0816,NA,15.73360000000000,NA,0.15810000000000,0.68320000000000,NA,16891.4057,15.8340,15.6759,0.1581,15.8104,0.5487,0.5487,0.0000,NA,NA,NA
ExperienceX.exe,56308,0x216C829D570,DXGI,1,0,0,Composed: Flip,16924.0103,NA,16.92870000000000,NA,0.09080000000000,2.67060000000000,NA,16907.2397,16.8614,16.7706,0.0908,17.2415,2.1997,2.1997,0.0000,NA,NA,NA
ExperienceX.exe,56308,0x216C829D570,DXGI,1,0,0,Composed: Flip,16940.6140,NA,16.60370000000000,NA,0.09690000000000,1.59930000000000,NA,16924.1011,16.6098,16.5129,0.0969,3.0615,15.0507,1.7185,13.3322,NA,NA,NA
ExperienceX.exe,56308,0x216C829D570,DXGI,1,0,0,Composed: Flip,16958.2215,NA,17.60750000000000,NA,0.08350000000000,2.56570000000000,NA,16940.7109,17.5941,17.5106,0.0835,19.5992,0.4771,0.4740,0.0031,NA,NA,NA
ExperienceX.exe,56308,0x216C829D570,DXGI,1,0,0,Composed: Flip,16973.8195,NA,15.59800000000000,NA,0.11400000000000,0.78010000000000,NA,16958.3050,15.6285,15.5145,0.1140,15.6356,0.6590,0.6590,0.0000,NA,NA,NA
ExperienceX.exe,56308,0x216C829D570,DXGI,1,0,0,Composed: Flip,16991.3713,NA,17.55180000000000,NA,0.07190000000000,4.24170000000000,NA,16973.9335,17.5097,17.4378,0.0719,19.4831,2.1964,2.1925,0.0039,NA,NA,NA
ExperienceX.exe,56308,0x216C829D570,DXGI,1,0,0,Composed: Flip,17024.5840,NA,33.21270000000000,NA,0.05340000000000,2.09880000000000,NA,16991.4432,33.1942,33.1408,0.0534,33.0563,2.1833,2.1833,0.0000,NA,NA,NA
ExperienceX.exe,56308,0x216C829D570,DXGI,1,0,0,Composed: Flip,17058.4017,NA,33.81770000000000,NA,0.34710000000000,4.74390000000000,NA,17024.6374,34.1114,33.7643,0.3471,35.5802,2.9280,2.9247,0.0033,NA,NA,NA
ExperienceX.exe,56308,0x216C829D570,DXGI,1,0,0,Composed: Flip,17073.7280,NA,15.32630000000000,NA,0.13200000000000,0.70460000000000,NA,17058.7488,15.1112,14.9792,0.1320,15.1082,0.5756,0.5756,0.0000,NA,NA,NA
ExperienceX.exe,56308,0x216C829D570,DXGI,1,0,0,Composed: Flip,17091.6508,NA,17.92280000000000,NA,0.51690000000000,2.44200000000000,NA,17073.8600,18.3077,17.7908,0.5169,18.0052,2.2276,2.2276,0.0000,NA,NA,NA
ExperienceX.exe,56308,0x216C829D570,DXGI,1,0,0,Composed: Flip,17107.3513,NA,15.70050000000000,NA,0.26800000000000,2.61730000000000,NA,17092.1677,15.4516,15.1836,0.2680,16.8406,0.9603,0.9603,0.0000,NA,NA,NA
ExperienceX.exe,56308,0x216C829D570,DXGI,1,0,0,Composed: Flip,17124.5029,NA,17.15160000000000,NA,0.13600000000000,2.78900000000000,NA,17107.6193,17.0196,16.8836,0.1360,17.6394,2.0332,2.0332,0.0000,NA,NA,NA
ExperienceX.exe,56308,0x216838E1150,DXGI,1,0,0,Composed: Flip,17124.1580,NA,15.29620000000000,16.65630000000000,0.21590000000000,1.10070000000000,32.8063,17108.9525,15.4214,15.2055,0.2159,15.4255,0.8807,0.8807,0.0000,1.4490,17108.9525,NA
ExperienceX.exe,56308,0x216838E1150,DXGI,1,0,0,Composed: Flip,17140.9622,NA,16.80420000000000,NA,0.05150000000000,0.99300000000000,NA,17124.3739,16.6398,16.5883,0.0515,17.0120,0.5693,0.5693,0.0000,NA,NA,NA
ExperienceX.exe,56308,0x216838E1150,DXGI,1,0,0,Composed: Flip,17157.3902,NA,16.42800000000000,33.28400000000000,0.20470000000000,0.97800000000000,32.8581,17141.0137,16.5812,16.3765,0.2047,16.5908,0.7637,0.7637,0.0000,-1.2228,17141.0137,NA
ExperienceX.exe,56308,0x216838E1150,DXGI,1,0,0,Composed: Flip,17174.5890,NA,17.19880000000000,16.61390000000000,0.05750000000000,1.99970000000000,32.2732,17157.5949,17.0516,16.9941,0.0575,17.5139,1.4799,1.4698,0.0101,-0.0327,17157.5949,NA
ExperienceX.exe,56308,0x216838E1150,DXGI,1,0,0,Composed: Flip,17190.5744,NA,15.98540000000000,16.66710000000000,0.09050000000000,0.94910000000000,32.9549,17174.6465,16.0184,15.9279,0.0905,16.0243,0.8527,0.8428,0.0099,0.3845,17174.6465,NA
ExperienceX.exe,56308,0x216838E1150,DXGI,1,0,0,Composed: Flip,17208.2078,NA,17.63340000000000,16.92480000000000,0.07680000000000,1.63590000000000,32.2463,17190.6649,17.6197,17.5429,0.0768,17.7212,1.4576,1.4518,0.0058,-0.9064,17190.6649,NA
ExperienceX.exe,56308,0x216838E1150,DXGI,1,0,0,Composed: Flip,17223.8738,NA,15.66600000000000,16.36010000000000,0.22940000000000,1.39940000000000,32.9404,17208.2846,15.8186,15.5892,0.2294,15.9216,1.0670,1.0670,0.0000,1.2596,17208.2846,NA
ExperienceX.exe,56308,0x216838E1150,DXGI,1,0,0,Composed: Flip,17241.1037,NA,17.22990000000000,16.69490000000000,0.06180000000000,2.53260000000000,32.4054,17224.1032,17.0623,17.0005,0.0618,18.0588,1.4743,1.4615,0.0128,-0.8763,17224.1032,NA
ExperienceX.exe,56308,0x216838E1150,DXGI,1,0,0,Composed: Flip,17257.0591,NA,15.95540000000000,16.62610000000000,0.12290000000000,2.25500000000000,33.0761,17241.1655,16.0165,15.8936,0.1229,16.0033,2.1453,2.1453,0.0000,0.4362,17241.1655,NA
ExperienceX.exe,56308,0x216838E1150,DXGI,1,0,0,Composed: Flip,17273.9764,NA,16.91730000000000,16.74650000000000,0.07360000000000,3.30300000000000,32.9053,17257.1820,16.8680,16.7944,0.0736,18.3771,1.7203,1.7140,0.0063,-0.7300,17257.1820,NA
ExperienceX.exe,56308,0x216838E1150,DXGI,1,0,0,Composed: Flip,17290.3633,NA,16.38690000000000,16.89420000000000,0.15950000000000,0.75750000000000,33.4126,17274.0500,16.4728,16.3133,0.1595,16.4716,0.5992,0.5992,0.0000,-0.0262,17274.0500,NA
ExperienceX.exe,56308,0x216838E1150,DXGI,1,0,0,Composed: Flip,17308.3897,NA,18.02640000000000,16.47480000000000,0.84950000000000,2.14690000000000,31.8610,17290.5228,18.7164,17.8669,0.8495,18.4728,1.5410,1.5350,0.0060,-0.0020,17290.5228,NA
ExperienceX.exe,56308,0x216838E1150,DXGI,1,0,0,Composed: Flip,17324.7100,NA,16.32030000000000,16.74040000000000,0.22720000000000,3.87760000000000,32.2811,17309.2392,15.6980,15.4708,0.2272,1.2974,18.0510,3.4967,14.5543,1.9760,17309.2392,NA
ExperienceX.exe,56308,0x216838E1150,DXGI,1,0,0,Composed: Flip,17341.4415,NA,16.73150000000000,16.57280000000000,0.05750000000000,1.92550000000000,32.1224,17324.9372,16.5618,16.5043,0.0575,16.9505,1.4793,1.4726,0.0067,-0.8748,17324.9372,NA
ExperienceX.exe,56308,0x216838E1150,DXGI,1,0,0,Composed: Flip,17357.4725,NA,16.03100000000000,16.59910000000000,0.14930000000000,0.73850000000000,32.6905,17341.4990,16.1228,15.9735,0.1493,16.1203,0.5917,0.5917,0.0000,-0.0373,17341.4990,NA
ExperienceX.exe,56308,0x216838E1150,DXGI,1,0,0,Composed: Flip,17375.3743,NA,17.90180000000000,16.65450000000000,0.05880000000000,1.75030000000000,31.4432,17357.6218,17.8113,17.7525,0.0588,18.4372,1.0656,1.0606,0.0050,-0.5317,17357.6218,NA
ExperienceX.exe,56308,0x216838E1150,DXGI,1,0,0,Composed: Flip,17390.6462,NA,15.27190000000000,16.72100000000000,0.35850000000000,2.59990000000000,32.8923,17375.4331,15.5716,15.2131,0.3585,15.6523,2.1607,2.1607,0.0000,1.0903,17375.4331,NA
ExperienceX.exe,56308,0x216838E1150,DXGI,1,0,0,Composed: Flip,17407.2568,NA,16.61060000000000,16.68700000000000,0.05930000000000,3.49940000000000,32.9687,17391.0047,16.3114,16.2521,0.0593,17.5628,2.1887,2.1822,0.0065,-1.1154,17391.0047,NA
ExperienceX.exe,56308,0x216838E1150,DXGI,1,0,0,Composed: Flip,17423.9808,NA,16.72400000000000,16.58160000000000,0.33890000000000,0.84160000000000,32.8263,17407.3161,17.0036,16.6647,0.3389,16.9133,0.5930,0.5930,0.0000,-0.2702,17407.3161,NA
ExperienceX.exe,56308,0x216838E1150,DXGI,1,0,0,Composed: Flip,17441.6994,NA,17.71860000000000,16.71560000000000,0.07770000000000,2.69560000000000,31.8233,17424.3197,17.4574,17.3797,0.0777,18.2963,1.7790,1.7717,0.0073,0.2880,17424.3197,NA
ExperienceX.exe,56308,0x216838E1150,DXGI,1,0,0,Composed: Flip,17457.0911,NA,15.39170000000000,16.80940000000000,0.10090000000000,0.84260000000000,33.2410,17441.7771,15.4149,15.3140,0.1009,15.4335,0.7231,0.7231,0.0000,0.6480,17441.7771,NA
ExperienceX.exe,56308,0x216838E1150,DXGI,1,0,0,Composed: Flip,17474.4963,NA,17.40520000000000,16.67770000000000,0.85560000000000,3.76450000000000,32.5135,17457.1920,18.1599,17.3043,0.8556,19.3473,1.7215,1.7127,0.0088,-1.2628,17457.1920,NA
ExperienceX.exe,56308,0x216838E1150,DXGI,1,0,0,Composed: Flip,17490.9252,NA,16.42890000000000,16.53740000000000,0.24970000000000,1.46980000000000,32.6220,17475.3519,15.8230,15.5733,0.2497,15.8591,1.1840,1.1594,0.0246,1.6225,17475.3519,NA
ExperienceX.exe,56308,0x216838E1150,DXGI,1,0,0,Composed: Flip,17508.9915,NA,18.06630000000000,16.77470000000000,0.08840000000000,1.64000000000000,31.3304,17491.1749,17.9050,17.8166,0.0884,17.9468,1.5098,1.4992,0.0106,-0.9517,17491.1749,NA
ExperienceX.exe,56308,0x216838E1150,DXGI,1,0,0,Composed: Flip,17524.1631,NA,15.17160000000000,16.52830000000000,0.35760000000000,0.95950000000000,32.6871,17509.0799,15.4408,15.0832,0.3576,1.5516,14.4911,0.8486,13.6425,1.3767,17509.0799,NA
ExperienceX.exe,56308,0x216838E1150,DXGI,1,0,0,Composed: Flip,17542.6043,NA,18.44120000000000,16.72630000000000,0.07460000000000,3.39300000000000,30.9722,17524.5207,18.1582,18.0836,0.0746,19.4224,2.0542,2.0473,0.0069,-1.2855,17524.5207,NA
ExperienceX.exe,56308,0x216838E1150,DXGI,1,0,0,Composed: Flip,17557.4828,NA,14.87850000000000,16.66200000000000,0.18520000000000,1.82870000000000,32.7557,17542.6789,14.9891,14.8039,0.1852,15.2804,1.3522,1.3522,0.0000,1.4962,17542.6789,NA
ExperienceX.exe,56308,0x216838E1150,DXGI,1,0,0,Composed: Flip,17574.2162,NA,16.73340000000000,16.60660000000000,0.07070000000000,2.76100000000000,32.6289,17557.6680,16.6189,16.5482,0.0707,18.2992,1.0100,0.9998,0.0102,-1.6175,17557.6680,NA
ExperienceX.exe,56308,0x216838E1150,DXGI,1,0,0,Composed: Flip,17590.6134,NA,16.39720000000000,16.89920000000000,0.29100000000000,0.93040000000000,33.1309,17574.2869,16.6175,16.3265,0.2910,16.6142,0.6427,0.6427,0.0000,-0.2803,17574.2869,NA
ExperienceX.exe,56308,0x216C7EA03E0,DXGI,1,0,0,Composed: Flip,16957.4115,NA,16.61450000000000,66.68900000000001,0.06110000000000,0.79210000000000,32.7551,16941.1776,16.2950,16.2339,0.0611,16.3668,0.6592,0.6592,0.0000,0.6824,16941.1776,NA
ExperienceX.exe,56308,0x216C7EA03E0,DXGI,1,0,0,Composed: Flip,16973.8196,NA,16.40810000000000,NA,0.11400000000000,1.19380000000000,NA,16957.4726,16.4610,16.3470,0.1140,17.1270,0.4138,0.4138,0.0000,NA,NA,NA
ExperienceX.exe,56308,0x216C7EA03E0,DXGI,1,0,0,Composed: Flip,16991.5270,NA,17.70740000000000,NA,0.12440000000000,1.88960000000000,NA,16973.9336,17.7178,17.5934,0.1244,19.0020,0.4810,0.4810,0.0000,NA,NA,NA
ExperienceX.exe,56308,0x216C7EA03E0,DXGI,1,0,0,Composed: Flip,17007.0903,NA,15.56330000000000,NA,0.14590000000000,1.60710000000000,NA,16991.6514,15.5848,15.4389,0.1459,16.1939,0.8521,0.8521,0.0000,NA,NA,NA
ExperienceX.exe,56308,0x216C7EA03E0,DXGI,1,0,0,Composed: Flip,17025.0152,NA,17.92490000000000,NA,0.04660000000000,2.15970000000000,NA,17007.2362,17.8256,17.7790,0.0466,19.4466,0.4921,0.4921,0.0000,NA,NA,NA
ExperienceX.exe,56308,0x216C7EA03E0,DXGI,1,0,0,Composed: Flip,17040.4295,NA,15.41430000000000,NA,0.16420000000000,0.74250000000000,NA,17025.0618,15.5319,15.3677,0.1642,2.1131,13.9971,0.7614,13.2357,NA,NA,NA
ExperienceX.exe,56308,0x216C7EA03E0,DXGI,1,0,0,Composed: Flip,17058.8637,NA,18.43420000000000,NA,0.05060000000000,1.35390000000000,NA,17040.5937,18.3206,18.2700,0.0506,19.1342,0.4897,0.4897,0.0000,NA,NA,NA
ExperienceX.exe,56308,0x216C7EA03E0,DXGI,1,0,0,Composed: Flip,17073.7278,NA,14.86410000000000,NA,0.13220000000000,1.57560000000000,NA,17058.9143,14.9457,14.8135,0.1322,15.5183,0.8708,0.8708,0.0000,NA,NA,NA
ExperienceX.exe,56308,0x216C7EA03E0,DXGI,1,0,0,Composed: Flip,17091.6746,NA,17.94680000000000,NA,0.41290000000000,4.61250000000000,NA,17073.8600,18.2275,17.8146,0.4129,20.2328,2.1943,2.1878,0.0065,NA,NA,NA
ExperienceX.exe,56308,0x216C7EA03E0,DXGI,1,0,0,Composed: Flip,17107.3521,NA,15.67750000000000,NA,0.26720000000000,1.65620000000000,NA,17092.0875,15.5318,15.2646,0.2672,15.6252,1.2956,1.2956,0.0000,NA,NA,NA
ExperienceX.exe,56308,0x216C7EA03E0,DXGI,1,0,0,Composed: Flip,17124.5031,NA,17.15100000000000,NA,0.12130000000000,3.27250000000000,NA,17107.6193,17.0051,16.8838,0.1213,19.6726,0.4837,0.4837,0.0000,NA,NA,NA
ExperienceX.exe,56308,0x216C7EA03E0,DXGI,1,0,0,Composed: Flip,17140.7374,NA,16.23430000000000,NA,0.07400000000000,0.64850000000000,NA,17124.6244,16.1870,16.1130,0.0740,3.1512,13.6103,1.4112,12.1991,NA,NA,NA
ExperienceX.exe,56308,0x216C7EA03E0,DXGI,1,0,0,Composed: Flip,17158.1446,NA,17.40720000000000,NA,0.13880000000000,2.38960000000000,NA,17140.8114,17.4720,17.3332,0.1388,17.5568,2.1660,2.1660,0.0000,NA,NA,NA
ExperienceX.exe,56308,0x216C7EA03E0,DXGI,1,0,0,Composed: Flip,17173.8743,NA,15.72970000000000,NA,0.21170000000000,1.23450000000000,NA,17158.2834,15.8026,15.5909,0.2117,16.2880,0.5374,0.5374,0.0000,NA,NA,NA
ExperienceX.exe,56308,0x216C7EA03E0,DXGI,1,0,0,Composed: Flip,17191.5354,NA,17.66110000000000,NA,0.08250000000000,2.49010000000000,NA,17174.0860,17.5319,17.4494,0.0825,19.4279,0.5116,0.5116,0.0000,NA,NA,NA
ExperienceX.exe,56308,0x216C7EA03E0,DXGI,1,0,0,Composed: Flip,17224.8220,NA,33.28660000000000,NA,0.06480000000000,2.16120000000000,NA,17191.6179,33.2689,33.2041,0.0648,33.6553,1.7100,1.7100,0.0000,NA,NA,NA
ExperienceX.exe,56308,0x216C7EA03E0,DXGI,1,0,0,Composed: Flip,17240.8951,NA,16.07310000000000,NA,0.05370000000000,0.74940000000000,NA,17224.8868,16.0620,16.0083,0.0537,16.1046,0.6531,0.6531,0.0000,NA,NA,NA
ExperienceX.exe,56308,0x216C7EA03E0,DXGI,1,0,0,Composed: Flip,17257.8578,NA,16.96270000000000,NA,0.09760000000000,1.91700000000000,NA,17240.9488,17.0066,16.9090,0.0976,18.3653,0.4607,0.4607,0.0000,NA,NA,NA
ExperienceX.exe,56308,0x216C7EA03E0,DXGI,1,0,0,Composed: Flip,17273.8506,NA,15.99280000000000,NA,0.11440000000000,1.20810000000000,NA,17257.9554,16.0096,15.8952,0.1144,16.0097,1.0936,1.0936,0.0000,NA,NA,NA
ExperienceX.exe,56308,0x216C7EA03E0,DXGI,1,0,0,Composed: Flip,17290.5876,NA,16.73700000000000,NA,0.52530000000000,3.92170000000000,NA,17273.9650,17.1479,16.6226,0.5253,17.1558,3.3885,3.3885,0.0000,NA,NA,NA
ExperienceX.exe,56308,0x216C7EA03E0,DXGI,1,0,0,Composed: Flip,17307.3832,NA,16.79560000000000,NA,0.23510000000000,1.61240000000000,NA,17291.1129,16.5054,16.2703,0.2351,17.0711,0.8116,0.8116,0.0000,NA,NA,NA
ExperienceX.exe,56308,0x216C7EA03E0,DXGI,1,0,0,Composed: Flip,17325.4654,NA,18.08220000000000,NA,0.19790000000000,3.29660000000000,NA,17307.6183,18.0450,17.8471,0.1979,20.9693,0.1744,0.1744,0.0000,NA,NA,NA
ExperienceX.exe,56308,0x216C7EA03E0,DXGI,1,0,0,Composed: Flip,17340.6659,NA,15.20050000000000,NA,0.21480000000000,1.22180000000000,NA,17325.6633,15.2174,15.0026,0.2148,15.7179,0.5065,0.5065,0.0000,NA,NA,NA
ExperienceX.exe,56308,0x216C7EA03E0,DXGI,1,0,0,Composed: Flip,17358.6792,NA,18.01330000000000,NA,0.17020000000000,2.24580000000000,NA,17340.8807,17.9687,17.7985,0.1702,19.5660,0.4783,0.4783,0.0000,NA,NA,NA
ExperienceX.exe,56308,0x216C7EA03E0,DXGI,1,0,0,Composed: Flip,17373.9759,NA,15.29670000000000,NA,0.25010000000000,1.50150000000000,NA,17358.8494,15.3766,15.1265,0.2501,2.0756,14.5524,1.3717,13.1807,NA,NA,NA
ExperienceX.exe,56308,0x216C7EA03E0,DXGI,1,0,0,Composed: Flip,17392.0085,NA,18.03260000000000,NA,0.08280000000000,3.87610000000000,NA,17374.2260,17.8653,17.7825,0.0828,19.4639,2.1947,2.1912,0.0035,NA,NA,NA
ExperienceX.exe,56308,0x216C7EA03E0,DXGI,1,0,0,Composed: Flip,17407.0229,NA,15.01440000000000,NA,0.10930000000000,0.65960000000000,NA,17392.0913,15.0409,14.9316,0.1093,15.0399,0.5513,0.5513,0.0000,NA,NA,NA
ExperienceX.exe,56308,0x216C7EA03E0,DXGI,1,0,0,Composed: Flip,17425.2568,NA,18.23390000000000,NA,0.08890000000000,2.06480000000000,NA,17407.1322,18.2135,18.1246,0.0889,17.6902,2.4992,2.4992,0.0000,NA,NA,NA
ExperienceX.exe,56308,0x216C7EA03E0,DXGI,1,0,0,Composed: Flip,17457.9858,NA,32.72900000000000,NA,0.05300000000000,1.96620000000000,NA,17425.3457,32.6931,32.6401,0.0530,32.5880,2.0183,2.0183,0.0000,NA,NA,NA
ExperienceX.exe,56308,0x216C7EA03E0,DXGI,1,0,0,Composed: Flip,17473.9740,NA,15.98820000000000,NA,0.31830000000000,2.56530000000000,NA,17458.0388,16.2535,15.9352,0.3183,18.0224,0.4781,0.4781,0.0000,NA,NA,NA
ExperienceX.exe,56308,0x216C7EA03E0,DXGI,1,0,0,Composed: Flip,17491.2804,NA,17.30640000000000,NA,0.09990000000000,3.07400000000000,NA,17474.2923,17.0880,16.9881,0.0999,18.1027,1.9594,1.9208,0.0386,NA,NA,NA
ExperienceX.exe,56308,0x216C7EA03E0,DXGI,1,0,0,Composed: Flip,17507.5055,NA,16.22510000000000,NA,0.15110000000000,1.13590000000000,NA,17491.3803,16.2763,16.1252,0.1511,3.5375,13.7236,1.4836,12.2400,NA,NA,NA
ExperienceX.exe,56308,0x216C7EA03E0,DXGI,1,0,0,Composed: Flip,17525.4106,NA,17.90510000000000,NA,0.06860000000000,2.53230000000000,NA,17507.6566,17.8226,17.7540,0.0686,17.4660,2.8203,2.8203,0.0000,NA,NA,NA
ExperienceX.exe,56308,0x216C7EA03E0,DXGI,1,0,0,Composed: Flip,17559.0438,NA,33.63320000000000,NA,0.05670000000000,2.59260000000000,NA,17525.4792,33.6213,33.5646,0.0567,35.8656,0.2916,0.2833,0.0083,NA,NA,NA
ExperienceX.exe,56308,0x216C7EA03E0,DXGI,1,0,0,Composed: Flip,17573.8990,NA,14.85520000000000,NA,0.17050000000000,1.55460000000000,NA,17559.1005,14.9690,14.7985,0.1705,15.0646,1.2885,1.2885,0.0000,NA,NA,NA
ExperienceX.exe,56308,0x216C7EA03E0,DXGI,1,0,0,Composed: Flip,17591.0788,NA,17.17980000000000,NA,0.09770000000000,3.12830000000000,NA,17574.0695,17.1070,17.0093,0.0977,19.6570,0.4806,0.4806,0.0000,NA,NA,NA
ExperienceX.exe,56308,0x216C7EA03E0,DXGI,1,0,0,Composed: Flip,17607.1271,NA,16.04830000000000,NA,0.09120000000000,1.23540000000000,NA,17591.1765,16.0418,15.9506,0.0912,16.6800,0.5060,0.5060,0.0000,NA,NA,NA
ExperienceX.exe,56308,0x216838E1150,DXGI,1,0,0,Composed: Flip,17607.9484,NA,17.33500000000000,16.40290000000000,0.16620000000000,1.86120000000000,32.1988,17590.9044,17.2102,17.0440,0.1662,17.4581,1.4471,1.4427,0.0044,0.2146,17590.9044,NA
ExperienceX.exe,56308,0x216838E1150,DXGI,1,0,0,Composed: Flip,17624.5451,NA,16.59670000000000,NA,0.68520000000000,3.59600000000000,NA,17608.1146,17.1157,16.4305,0.6852,19.5279,0.4986,0.4986,0.0000,NA,NA,NA
ExperienceX.exe,56308,0x216838E1150,DXGI,1,0,0,Composed: Flip,17641.5733,NA,17.02820000000000,33.46310000000000,0.14780000000000,2.77910000000000,32.0370,17625.2303,16.4908,16.3430,0.1478,16.4677,2.6544,2.6504,0.0040,0.8628,17625.2303,NA
ExperienceX.exe,56308,0x216838E1150,DXGI,1,0,0,Composed: Flip,17657.1097,NA,15.53640000000000,16.69710000000000,0.13450000000000,0.70260000000000,33.1977,17641.7211,15.5231,15.3886,0.1345,15.5311,0.5601,0.5601,0.0000,-0.2063,17641.7211,NA
ExperienceX.exe,56308,0x216838E1150,DXGI,1,0,0,Composed: Flip,17675.1618,NA,18.05210000000000,16.63370000000000,0.08430000000000,1.61070000000000,31.7793,17657.2442,18.0019,17.9176,0.0843,18.0654,1.4629,1.4565,0.0064,-1.1106,17657.2442,NA
ExperienceX.exe,56308,0x216838E1150,DXGI,1,0,0,Composed: Flip,17690.9245,NA,15.76270000000000,16.54040000000000,0.28020000000000,2.03670000000000,32.5570,17675.2461,15.9586,15.6784,0.2802,15.9494,1.7657,1.4749,0.2908,1.4615,17675.2461,NA
ExperienceX.exe,56308,0x216838E1150,DXGI,1,0,0,Composed: Flip,17709.0828,NA,18.15830000000000,16.98430000000000,0.12900000000000,2.33890000000000,31.3830,17691.2047,18.0071,17.8781,0.1290,18.5012,1.7158,1.7112,0.0046,-1.0257,17691.2047,NA
ExperienceX.exe,56308,0x216838E1150,DXGI,1,0,0,Composed: Flip,17723.8299,NA,14.74710000000000,16.38940000000000,0.21470000000000,0.74590000000000,33.0253,17709.2118,14.8328,14.6181,0.2147,14.8083,0.5557,0.5557,0.0000,1.6177,17709.2118,NA
ExperienceX.exe,56308,0x216838E1150,DXGI,1,0,0,Composed: Flip,17743.1059,NA,19.27600000000000,16.82920000000000,0.12450000000000,2.59180000000000,30.5785,17724.0446,19.1858,19.0613,0.1245,18.6595,2.9936,2.9877,0.0059,-1.9964,17724.0446,NA
ExperienceX.exe,56308,0x216838E1150,DXGI,1,0,0,Composed: Flip,17757.2239,NA,14.11800000000000,16.51180000000000,0.30820000000000,1.88120000000000,32.9723,17743.2304,14.3017,13.9935,0.3082,14.3952,1.4795,1.4795,0.0000,2.6740,17743.2304,NA
ExperienceX.exe,56308,0x216838E1150,DXGI,1,0,0,Composed: Flip,17775.0219,NA,17.79800000000000,16.62810000000000,0.53120000000000,2.03400000000000,31.8024,17757.5321,18.0210,17.4898,0.5312,18.1071,1.4167,1.4167,0.0000,-2.3264,17757.5321,NA
ExperienceX.exe,56308,0x216838E1150,DXGI,1,0,0,Composed: Flip,17790.5402,NA,15.51830000000000,16.66810000000000,0.30130000000000,0.81050000000000,32.9522,17775.5531,15.2884,14.9871,0.3013,1.5028,14.2948,0.7685,13.5263,1.3529,17775.5531,NA
ExperienceX.exe,56308,0x216838E1150,DXGI,1,0,0,Composed: Flip,17807.5840,NA,17.04380000000000,16.64740000000000,0.04760000000000,3.27200000000000,32.5558,17790.8415,16.7901,16.7425,0.0476,17.7832,2.2313,2.2270,0.0043,-1.3590,17790.8415,NA
ExperienceX.exe,56308,0x216838E1150,DXGI,1,0,0,Composed: Flip,17823.8356,NA,16.25160000000000,16.75280000000000,0.16730000000000,0.77320000000000,33.0570,17807.6316,16.3713,16.2040,0.1673,16.3638,0.6134,0.6134,0.0000,0.0373,17807.6316,NA
ExperienceX.exe,56308,0x216838E1150,DXGI,1,0,0,Composed: Flip,17840.6298,NA,16.79420000000000,16.59080000000000,0.05370000000000,3.57840000000000,32.8536,17824.0029,16.6806,16.6269,0.0537,17.6075,2.5978,2.5932,0.0046,-0.2195,17824.0029,NA
ExperienceX.exe,56308,0x216838E1150,DXGI,1,0,0,Composed: Flip,17857.3814,NA,16.75160000000000,16.69500000000000,0.24910000000000,0.81070000000000,32.7970,17840.6835,16.9470,16.6979,0.2491,16.9508,0.5578,0.5578,0.0000,-0.0144,17840.6835,NA
ExperienceX.exe,56308,0x216838E1150,DXGI,1,0,0,Composed: Flip,17874.4378,NA,17.05640000000000,16.63300000000000,0.13330000000000,1.95210000000000,32.3736,17857.6305,16.9406,16.8073,0.1333,17.7308,1.0286,1.0245,0.0041,0.3140,17857.6305,NA
ExperienceX.exe,56308,0x216838E1150,DXGI,1,0,0,Composed: Flip,17890.5211,NA,16.08330000000000,16.71070000000000,0.14900000000000,3.17170000000000,33.0010,17874.5711,16.0990,15.9500,0.1490,16.2141,2.9076,2.9076,0.0000,0.2299,17874.5711,NA
ExperienceX.exe,56308,0x216838E1150,DXGI,1,0,0,Composed: Flip,17908.0937,NA,17.57260000000000,16.72680000000000,0.07270000000000,1.97370000000000,32.1552,17890.6701,17.4963,17.4236,0.0727,18.3946,1.0027,1.0027,0.0000,-0.6278,17890.6701,NA
ExperienceX.exe,56308,0x216838E1150,DXGI,1,0,0,Composed: Flip,17923.9596,NA,15.86590000000000,16.84590000000000,0.13570000000000,1.80040000000000,33.1352,17908.1664,15.9289,15.7932,0.1357,1.9010,15.6926,1.8362,13.8564,0.6504,17908.1664,NA
ExperienceX.exe,56308,0x216838E1150,DXGI,1,0,0,Composed: Flip,17941.9937,NA,18.03410000000000,16.39330000000000,0.08100000000000,2.19460000000000,31.4944,17924.0953,17.9794,17.8984,0.0810,19.0391,1.0539,1.0450,0.0089,-0.4644,17924.0953,NA
ExperienceX.exe,56308,0x216838E1150,DXGI,1,0,0,Composed: Flip,17957.5564,NA,15.56270000000000,16.69850000000000,0.28020000000000,0.87110000000000,32.6302,17942.0747,15.7619,15.4817,0.2802,15.7434,0.6094,0.6094,0.0000,1.2809,17942.0747,NA
ExperienceX.exe,56308,0x216838E1150,DXGI,1,0,0,Composed: Flip,17975.6612,NA,18.10480000000000,16.61950000000000,0.05870000000000,1.78900000000000,31.1449,17957.8366,17.8833,17.8246,0.0587,18.5946,1.0190,1.0113,0.0077,-0.8576,17957.8366,NA
ExperienceX.exe,56308,0x216838E1150,DXGI,1,0,0,Composed: Flip,17990.4341,NA,14.77290000000000,16.69910000000000,0.11100000000000,0.73620000000000,33.0711,17975.7199,14.8252,14.7142,0.1110,14.8417,0.6087,0.6087,0.0000,1.1842,17975.7199,NA
ExperienceX.exe,56308,0x216838E1150,DXGI,1,0,0,Composed: Flip,18007.6414,NA,17.20730000000000,16.64080000000000,0.05050000000000,1.96980000000000,32.5046,17990.5451,17.1468,17.0963,0.0505,18.0321,1.0340,1.0293,0.0047,-1.8156,17990.5451,NA
ExperienceX.exe,56308,0x216838E1150,DXGI,1,0,0,Composed: Flip,18023.9996,NA,16.35820000000000,16.78420000000000,0.21730000000000,1.09490000000000,32.9306,18007.6919,16.5250,16.3077,0.2173,16.5387,0.8639,0.8639,0.0000,0.3626,18007.6919,NA
ExperienceX.exe,56308,0x216838E1150,DXGI,1,0,0,Composed: Flip,18040.8712,NA,16.87160000000000,16.59320000000000,0.28510000000000,2.11920000000000,32.6522,18024.2169,16.9394,16.6543,0.2851,17.3133,1.4602,1.4513,0.0089,-0.0682,18024.2169,NA
ExperienceX.exe,56308,0x216838E1150,DXGI,1,0,0,Composed: Flip,18057.3157,NA,16.44450000000000,16.78260000000000,0.18050000000000,1.74570000000000,32.9903,18041.1563,16.3399,16.1594,0.1805,16.3819,1.5232,1.1291,0.3941,0.1568,18041.1563,NA
ExperienceX.exe,56308,0x216838E1150,DXGI,1,0,0,Composed: Flip,18074.7998,NA,17.48410000000000,16.53340000000000,0.44460000000000,2.09840000000000,32.0396,18057.4962,17.7482,17.3036,0.4446,18.3727,1.0293,1.0195,0.0098,-0.1935,18057.4962,NA
ExperienceX.exe,56308,0x216838E1150,DXGI,1,0,0,Composed: Flip,18090.9404,NA,16.14060000000000,16.63090000000000,0.32370000000000,0.83460000000000,32.5299,18075.2444,16.0197,15.6960,0.3237,15.9432,0.5874,0.5874,0.0000,1.1173,18075.2444,NA
ExperienceX.exe,56308,0x216838E1150,DXGI,1,0,0,Composed: Flip,18108.3482,NA,17.40780000000000,17.06100000000000,0.07300000000000,2.46500000000000,32.1831,18091.2641,17.1571,17.0841,0.0730,17.2429,2.3062,2.3025,0.0037,-1.0413,18091.2641,NA
ExperienceX.exe,56308,0x216838E1150,DXGI,1,0,0,Composed: Flip,18123.6494,NA,15.30120000000000,16.37740000000000,0.04620000000000,0.64270000000000,33.2593,18108.4212,15.2744,15.2282,0.0462,15.2951,0.5758,0.5758,0.0000,0.7797,18108.4212,NA
ExperienceX.exe,56308,0x216838E1150,DXGI,1,0,0,Composed: Flip,18143.0636,NA,19.41420000000000,16.49190000000000,0.23330000000000,2.98290000000000,30.3370,18123.6956,19.6013,19.3680,0.2333,20.8283,1.5226,1.5133,0.0093,-1.2175,18123.6956,NA
ExperienceX.exe,56308,0x216838E1150,DXGI,1,0,0,Composed: Flip,18157.5738,NA,14.51020000000000,16.76330000000000,0.46440000000000,1.66190000000000,32.5901,18143.2969,14.7413,14.2769,0.4644,14.6110,1.3278,1.3278,0.0000,2.8380,18143.2969,NA
ExperienceX.exe,56308,0x216838E1150,DXGI,1,0,0,Composed: Flip,18174.6387,NA,17.06490000000000,16.77510000000000,0.11970000000000,1.77950000000000,32.3003,18158.0382,16.7202,16.6005,0.1197,16.8942,1.4858,1.4692,0.0166,-2.0338,18158.0382,NA
ExperienceX.exe,56308,0x216838E1150,DXGI,1,0,0,Composed: Flip,18190.5465,NA,15.90780000000000,16.59090000000000,0.19370000000000,1.01680000000000,32.9834,18174.7584,15.9818,15.7881,0.1937,16.0345,0.7704,0.7704,0.0000,0.1293,18174.7584,NA
ExperienceX.exe,56308,0x216838E1150,DXGI,1,0,0,Composed: Flip,18208.8137,NA,18.26720000000000,16.62530000000000,0.09800000000000,1.82650000000000,31.3415,18190.7402,18.1715,18.0735,0.0980,18.4664,1.4336,1.4225,0.0111,-0.6435,18190.7402,NA
ExperienceX.exe,56308,0x216838E1150,DXGI,1,0,0,Composed: Flip,18223.7749,NA,14.96120000000000,16.68160000000000,0.13840000000000,0.68830000000000,33.0619,18208.9117,15.0016,14.8632,0.1384,14.9881,0.5634,0.5634,0.0000,1.4899,18208.9117,NA
ExperienceX.exe,56308,0x216838E1150,DXGI,1,0,0,Composed: Flip,18241.3856,NA,17.61070000000000,16.63870000000000,0.08390000000000,1.81640000000000,32.0899,18223.9133,17.5562,17.4723,0.0839,17.8365,1.4522,1.4436,0.0086,-1.6371,18223.9133,NA
ExperienceX.exe,56308,0x216838E1150,DXGI,1,0,0,Composed: Flip,18257.0496,NA,15.66400000000000,16.71790000000000,0.05500000000000,0.64130000000000,33.1438,18241.4695,15.6351,15.5801,0.0550,15.6529,0.5685,0.5685,0.0000,0.8383,18241.4695,NA
ExperienceX.exe,56308,0x216838E1150,DXGI,1,0,0,Composed: Flip,18274.5738,NA,17.52420000000000,16.62800000000000,0.04990000000000,3.07710000000000,32.2476,18257.1046,17.5191,17.4692,0.0499,17.9150,2.6313,2.6270,0.0043,-0.9929,18257.1046,NA
ExperienceX.exe,56308,0x216838E1150,DXGI,1,0,0,Composed: Flip,18290.4372,NA,15.86340000000000,16.84340000000000,0.14340000000000,0.69500000000000,33.2276,18274.6237,15.9569,15.8135,0.1434,15.9474,0.5611,0.5611,0.0000,0.6757,18274.6237,NA
ExperienceX.exe,56308,0x216838E1150,DXGI,1,0,0,Composed: Flip,18308.1370,NA,17.69980000000000,16.50180000000000,0.05800000000000,2.26990000000000,32.0296,18290.5806,17.6144,17.5564,0.0580,18.7916,1.0347,1.0196,0.0151,-0.5449,18290.5806,NA
ExperienceX.exe,56308,0x216838E1150,DXGI,1,0,0,Composed: Flip,18324.2314,NA,16.09440000000000,16.67200000000000,0.22080000000000,0.91160000000000,32.6072,18308.1950,16.2572,16.0364,0.2208,16.3183,0.6297,0.6297,0.0000,0.9424,18308.1950,NA
ExperienceX.exe,56308,0x216838E1150,DXGI,1,0,0,Composed: Flip,18341.1149,NA,16.88350000000000,16.62950000000000,0.35090000000000,1.97830000000000,32.3532,18324.4522,17.0136,16.6627,0.3509,17.6020,1.0390,1.0295,0.0095,-0.3723,18324.4522,NA
ExperienceX.exe,56308,0x216838E1150,DXGI,1,0,0,Composed: Flip,18357.1837,NA,16.06880000000000,16.75370000000000,0.18910000000000,0.90850000000000,33.0381,18341.4658,15.9070,15.7179,0.1891,16.0388,0.5876,0.5876,0.0000,0.2599,18341.4658,NA
ExperienceX.exe,56308,0x216838E1150,DXGI,1,0,0,Composed: Flip,18374.2898,NA,17.10610000000000,16.58650000000000,0.11160000000000,2.10390000000000,32.5185,18357.3728,17.0286,16.9170,0.1116,17.5871,1.4338,1.4279,0.0059,-0.6795,18357.3728,NA
ExperienceX.exe,56308,0x216838E1150,DXGI,1,0,0,Composed: Flip,18390.5518,NA,16.26200000000000,16.66380000000000,0.18670000000000,0.73200000000000,32.9203,18374.4014,16.3371,16.1504,0.1867,16.3150,0.5674,0.5674,0.0000,0.3648,18374.4014,NA
ExperienceX.exe,56308,0x216838E1150,DXGI,1,0,0,Composed: Flip,18407.9594,NA,17.40760000000000,16.65980000000000,0.06690000000000,1.69150000000000,32.1725,18390.7385,17.2878,17.2209,0.0669,17.8868,1.0256,1.0217,0.0039,-0.3227,18390.7385,NA
ExperienceX.exe,56308,0x216838E1150,DXGI,1,0,0,Composed: Flip,18423.7576,NA,15.79820000000000,16.69380000000000,0.19330000000000,0.74220000000000,33.0681,18408.0263,15.9246,15.7313,0.1933,15.9175,0.5560,0.5560,0.0000,0.5940,18408.0263,NA
ExperienceX.exe,56308,0x216838E1150,DXGI,1,0,0,Composed: Flip,18440.7006,NA,16.94300000000000,16.63800000000000,0.32960000000000,2.30090000000000,32.7631,18423.9509,17.0793,16.7497,0.3296,18.0117,1.0389,1.0334,0.0055,-0.7134,18423.9509,NA
ExperienceX.exe,56308,0x216838E1150,DXGI,1,0,0,Composed: Flip,18457.1429,NA,16.44230000000000,17.19690000000000,0.16510000000000,0.95750000000000,33.5177,18441.0302,16.2778,16.1127,0.1651,16.2679,0.8023,0.8023,0.0000,-0.1176,18441.0302,NA
ExperienceX.exe,56308,0x216838E1150,DXGI,1,0,0,Composed: Flip,18474.8465,NA,17.70360000000000,16.14920000000000,0.05540000000000,3.37750000000000,31.9633,18457.3080,17.5939,17.5385,0.0554,18.7577,2.1583,2.1511,0.0072,0.1286,18457.3080,NA
ExperienceX.exe,56308,0x216838E1150,DXGI,1,0,0,Composed: Flip,18490.9267,NA,16.08020000000000,16.66030000000000,0.12460000000000,0.76170000000000,32.5434,18474.9019,16.1494,16.0248,0.1246,16.1512,0.6353,0.6353,0.0000,0.9336,18474.9019,NA
ExperienceX.exe,56308,0x216838E1150,DXGI,1,0,0,Composed: Flip,18507.3872,NA,16.46050000000000,16.79430000000000,0.05760000000000,2.35940000000000,32.8772,18491.0513,16.3935,16.3359,0.0576,17.2519,1.4434,1.4359,0.0075,-0.6449,18491.0513,NA
ExperienceX.exe,56308,0x216838E1150,DXGI,1,0,0,Composed: Flip,18523.7729,NA,16.38570000000000,16.71310000000000,0.10390000000000,0.97440000000000,33.2046,18507.4448,16.4320,16.3281,0.1039,16.5154,0.7871,0.7871,0.0000,-0.3196,18507.4448,NA
ExperienceX.exe,56308,0x216838E1150,DXGI,1,0,0,Composed: Flip,18542.0865,NA,18.31360000000000,16.63510000000000,0.06730000000000,1.86750000000000,31.5261,18523.8768,18.2770,18.2097,0.0673,18.0947,1.9825,1.9692,0.0133,-0.2031,18523.8768,NA
ExperienceX.exe,56308,0x0,Other,-1,0,0,Composed: Flip,16240.9741,NA,366.85320000000002,1633.31680000000006,0.00000000000000,2.01400000000000,32.5234,15874.1209,366.8532,366.8532,0.0000,367.4490,1.4182,1.4143,0.0039,-300.4564,15874.1209,NA
ExperienceX.exe,56308,0x0,Other,-1,0,0,Composed: Flip,16374.2728,NA,133.29870000000000,NA,0.00000000000000,0.24750000000000,NA,16240.9741,133.2987,133.2987,0.0000,119.5164,14.0298,0.6073,13.4225,NA,NA,NA
ExperienceX.exe,56308,0x0,Other,-1,0,0,Composed: Flip,16407.4920,NA,33.21920000000000,NA,0.00000000000000,1.09360000000000,NA,16374.2728,33.2192,33.2192,0.0000,33.4678,0.8450,0.8450,0.0000,NA,NA,NA
ExperienceX.exe,56308,0x0,Other,-1,0,0,Composed: Flip,16541.4611,NA,133.96910000000000,NA,0.00000000000000,1.31970000000000,NA,16407.4920,133.9691,133.9691,0.0000,135.2854,0.0034,0.0034,0.0000,NA,NA,NA
ExperienceX.exe,56308,0x0,Other,-1,0,0,Composed: Flip,17007.5780,NA,466.11690000000004,NA,0.00000000000000,0.26730000000000,NA,16541.4611,466.1169,466.1169,0.0000,465.7808,0.6034,0.6034,0.0000,NA,NA,NA
ExperienceX.exe,56308,0x0,Other,-1,0,0,Composed: Flip,17040.9312,NA,33.35320000000000,NA,0.00000000000000,0.73320000000000,NA,17007.5780,33.3532,33.3532,0.0000,33.5940,0.4924,0.4924,0.0000,NA,NA,NA
ExperienceX.exe,56308,0x0,Other,-1,0,0,Composed: Flip,17207.5432,NA,166.61199999999999,NA,0.00000000000000,0.84290000000000,NA,17040.9312,166.6120,166.6120,0.0000,167.0183,0.4366,0.4366,0.0000,NA,NA,NA
ExperienceX.exe,56308,0x0,Other,-1,0,0,Composed: Flip,17441.3325,NA,233.78930000000000,NA,0.00000000000000,0.45140000000000,NA,17207.5432,233.7893,233.7893,0.0000,233.2960,0.9447,0.9447,0.0000,NA,NA,NA
ExperienceX.exe,56308,0x0,Other,-1,0,0,Composed: Flip,17542.3246,NA,100.99210000000001,NA,0.00000000000000,1.10150000000000,NA,17441.3325,100.9921,100.9921,0.0000,99.7459,2.3477,2.3477,0.0000,NA,NA,NA
ExperienceX.exe,56308,0x0,Other,-1,0,0,Composed: Flip,17641.0446,NA,98.72000000000000,NA,0.00000000000000,0.65340000000000,NA,17542.3246,98.7200,98.7200,0.0000,98.8716,0.5018,0.5018,0.0000,NA,NA,NA
ExperienceX.exe,56308,0x0,Other,-1,0,0,Composed: Flip,17708.3453,NA,67.30070000000001,NA,0.00000000000000,1.36060000000000,NA,17641.0446,67.3007,67.3007,0.0000,68.2643,0.3970,0.3970,0.0000,NA,NA,NA
ExperienceX.exe,56308,0x0,Other,-1,0,0,Composed: Flip,18040.7186,NA,332.37330000000003,NA,0.00000000000000,0.81160000000000,NA,17708.3453,332.3733,332.3733,0.0000,332.6815,0.5034,0.5034,0.0000,NA,NA,NA
ExperienceX.exe,56308,0x0,Other,-1,0,0,Composed: Flip,18142.5476,NA,101.82900000000001,NA,0.00000000000000,1.96890000000000,NA,18040.7186,101.8290,101.8290,0.0000,101.0513,2.7466,2.7466,0.0000,NA,NA,NA
ExperienceX.exe,56308,0x0,Other,-1,0,0,Composed: Flip,18374.1877,NA,231.64010000000002,NA,0.00000000000000,0.77220000000000,NA,18142.5476,231.6401,231.6401,0.0000,231.9107,0.5016,0.5016,0.0000,NA,NA,NA
ExperienceX.exe,56308,0x216838E1150,DXGI,1,0,0,Composed: Flip,18557.5078,NA,15.42130000000000,16.52080000000000,0.17900000000000,2.77620000000000,32.6256,18542.1538,15.5330,15.3540,0.1790,15.8839,2.2463,2.2463,0.0000,1.7562,18542.1538,NA
ExperienceX.exe,56308,0x216838E1150,DXGI,1,0,0,Composed: Flip,18574.5870,NA,17.07920000000000,NA,0.61320000000000,1.59160000000000,NA,18557.6868,17.5134,16.9002,0.6132,17.6632,0.8286,0.8286,0.0000,NA,NA,NA
ExperienceX.exe,56308,0x216838E1150,DXGI,1,0,0,Composed: Flip,18590.4147,NA,15.82770000000000,33.39440000000000,0.12970000000000,0.79700000000000,33.1131,18575.2002,15.3442,15.2145,0.1297,2.0022,14.0093,0.7579,13.2514,-0.3480,18575.2002,NA
ExperienceX.exe,56308,0x216838E1150,DXGI,1,0,0,Composed: Flip,18607.7631,NA,17.34840000000000,16.59520000000000,0.05550000000000,3.64690000000000,32.3599,18590.5444,17.2742,17.2187,0.0555,18.4509,2.4147,2.4063,0.0084,-1.2510,18590.5444,NA
ExperienceX.exe,56308,0x216838E1150,DXGI,1,0,0,Composed: Flip,18623.8832,NA,16.12010000000000,16.68730000000000,0.18220000000000,0.79250000000000,32.9271,18607.8186,16.2468,16.0646,0.1822,16.2422,0.6149,0.6149,0.0000,0.5869,18607.8186,NA
ExperienceX.exe,56308,0x216838E1150,DXGI,1,0,0,Composed: Flip,18640.9390,NA,17.05580000000000,16.83900000000000,0.06790000000000,2.14440000000000,32.7103,18624.0654,16.9415,16.8736,0.0679,17.6392,1.3788,1.3691,0.0097,-0.5922,18624.0654,NA
ExperienceX.exe,56308,0x216838E1150,DXGI,1,0,0,Composed: Flip,18657.1176,NA,16.17860000000000,16.55810000000000,0.28150000000000,0.80110000000000,33.0898,18641.0069,16.3922,16.1107,0.2815,16.3512,0.5606,0.5606,0.0000,0.3834,18641.0069,NA
ExperienceX.exe,56308,0x216838E1150,DXGI,1,0,0,Composed: Flip,18674.5356,NA,17.41800000000000,16.70910000000000,0.08190000000000,2.78930000000000,32.3809,18657.3991,17.2184,17.1365,0.0819,18.4886,1.4372,1.4284,0.0088,-0.3169,18657.3991,NA
ExperienceX.exe,56308,0x216838E1150,DXGI,1,0,0,Composed: Flip,18690.5366,NA,16.00100000000000,16.63330000000000,0.26240000000000,0.83110000000000,33.0132,18674.6175,16.1815,15.9191,0.2624,16.1044,0.6458,0.6121,0.0337,0.5851,18674.6175,NA
ExperienceX.exe,56308,0x216838E1150,DXGI,1,0,0,Composed: Flip,18708.1207,NA,17.58410000000000,16.68710000000000,0.12960000000000,2.79490000000000,32.1162,18690.7990,17.4513,17.3217,0.1296,19.0699,1.0467,1.0331,0.0136,-0.5056,18690.7990,NA
ExperienceX.exe,56308,0x216838E1150,DXGI,1,0,0,Composed: Flip,18723.8791,NA,15.75840000000000,16.60900000000000,0.19230000000000,1.12140000000000,32.9668,18708.2503,15.8211,15.6288,0.1923,15.8238,0.9264,0.9264,0.0000,0.8423,18708.2503,NA
ExperienceX.exe,56308,0x216838E1150,DXGI,1,0,0,Composed: Flip,18740.9975,NA,17.11840000000000,16.61660000000000,0.07150000000000,2.35280000000000,32.4650,18724.0714,16.9976,16.9261,0.0715,17.8382,1.4407,1.4349,0.0058,-0.7955,18724.0714,NA
ExperienceX.exe,56308,0x216838E1150,DXGI,1,0,0,Composed: Flip,18757.1628,NA,16.16530000000000,16.71470000000000,0.11200000000000,0.89840000000000,33.0144,18741.0690,16.2058,16.0938,0.1120,16.1867,0.8055,0.8055,0.0000,0.2829,18741.0690,NA
ExperienceX.exe,56308,0x216838E1150,DXGI,1,0,0,Composed: Flip,18774.4662,NA,17.30340000000000,16.63090000000000,0.04630000000000,1.86340000000000,32.3419,18757.2748,17.2377,17.1914,0.0463,17.6080,1.4468,1.4376,0.0092,-0.4251,18757.2748,NA
ExperienceX.exe,56308,0x216838E1150,DXGI,1,0,0,Composed: Flip,18790.6183,NA,16.15210000000000,16.65410000000000,0.34740000000000,0.80270000000000,32.8439,18774.5125,16.4532,16.1058,0.3474,16.3365,0.5720,0.5720,0.0000,0.5836,18774.5125,NA
ExperienceX.exe,56308,0x216838E1150,DXGI,1,0,0,Composed: Flip,18808.3605,NA,17.74220000000000,16.66210000000000,0.05690000000000,2.70850000000000,31.7638,18790.9657,17.4517,17.3948,0.0569,17.4233,2.6800,2.6724,0.0076,-0.2089,18790.9657,NA
ExperienceX.exe,56308,0x216838E1150,DXGI,1,0,0,Composed: Flip,18823.6895,NA,15.32900000000000,16.70580000000000,0.14590000000000,0.67680000000000,33.1406,18808.4174,15.4180,15.2721,0.1459,15.3912,0.5577,0.5577,0.0000,0.7459,18808.4174,NA
ExperienceX.exe,56308,0x216838E1150,DXGI,1,0,0,Composed: Flip,18840.8510,NA,17.16150000000000,16.64520000000000,0.04660000000000,2.13680000000000,32.6243,18823.8354,17.0622,17.0156,0.0466,17.7109,1.4415,1.4327,0.0088,-1.2272,18823.8354,NA
ExperienceX.exe,56308,0x216838E1150,DXGI,1,0,0,Composed: Flip,18857.3193,NA,16.46830000000000,16.90410000000000,0.16800000000000,1.00440000000000,33.0601,18840.8976,16.5897,16.4217,0.1680,16.5658,0.8603,0.8603,0.0000,0.1581,18840.8976,NA
ExperienceX.exe,56308,0x216838E1150,DXGI,1,0,0,Composed: Flip,18874.1207,NA,16.80140000000000,16.42860000000000,0.08260000000000,2.44590000000000,32.6873,18857.4873,16.7160,16.6334,0.0826,17.6458,1.4335,1.4273,0.0062,0.1611,18857.4873,NA
ExperienceX.exe,56308,0x216838E1150,DXGI,1,0,0,Composed: Flip,18890.8778,NA,16.75710000000000,16.80880000000000,0.08800000000000,0.79240000000000,32.7390,18874.2033,16.7625,16.6745,0.0880,16.8855,0.5814,0.5814,0.0000,-0.0928,18874.2033,NA
ExperienceX.exe,56308,0x216C829D570,DXGI,1,0,0,Composed: Flip,17140.9584,NA,16.45550000000000,2066.63820000000032,0.26480000000000,2.40020000000000,32.5773,17124.6389,16.5843,16.3195,0.2648,17.3163,1.4034,1.3972,0.0062,-0.4187,17124.6389,NA
ExperienceX.exe,56308,0x216C829D570,DXGI,1,0,0,Composed: Flip,17157.6564,NA,16.69800000000000,NA,0.09630000000000,5.84500000000000,NA,17141.2232,16.5295,16.4332,0.0963,19.3110,2.9672,2.9578,0.0094,NA,NA,NA
ExperienceX.exe,56308,0x216C829D570,DXGI,1,0,0,Composed: Flip,17173.8739,NA,16.21750000000000,NA,0.21220000000000,0.69750000000000,NA,17157.7527,16.3334,16.1212,0.2122,16.2546,0.5641,0.5641,0.0000,NA,NA,NA
ExperienceX.exe,56308,0x216C829D570,DXGI,1,0,0,Composed: Flip,17191.4429,NA,17.56900000000000,NA,0.23080000000000,2.07100000000000,NA,17174.0861,17.5876,17.3568,0.2308,17.4374,1.9904,1.9904,0.0000,NA,NA,NA
ExperienceX.exe,56308,0x216C829D570,DXGI,1,0,0,Composed: Flip,17207.1668,NA,15.72390000000000,NA,0.17550000000000,0.78270000000000,NA,17191.6737,15.6686,15.4931,0.1755,2.3518,13.9240,1.0897,12.8343,NA,NA,NA
ExperienceX.exe,56308,0x216C829D570,DXGI,1,0,0,Composed: Flip,17224.5596,NA,17.39280000000000,NA,0.17680000000000,2.93850000000000,NA,17207.3423,17.3941,17.2173,0.1768,19.6409,0.5149,0.5107,0.0042,NA,NA,NA
ExperienceX.exe,56308,0x216C829D570,DXGI,1,0,0,Composed: Flip,17241.0003,NA,16.44070000000000,NA,0.21000000000000,1.16170000000000,NA,17224.7364,16.4739,16.2639,0.2100,16.9081,0.5175,0.5175,0.0000,NA,NA,NA
ExperienceX.exe,56308,0x216C829D570,DXGI,1,0,0,Composed: Flip,17257.9833,NA,16.98300000000000,NA,0.05520000000000,4.84820000000000,NA,17241.2103,16.8282,16.7730,0.0552,18.5645,3.0567,3.0462,0.0105,NA,NA,NA
ExperienceX.exe,56308,0x216C829D570,DXGI,1,0,0,Composed: Flip,17273.8480,NA,15.86470000000000,NA,0.11700000000000,1.71110000000000,NA,17258.0385,15.9265,15.8095,0.1170,17.0202,0.5004,0.5004,0.0000,NA,NA,NA
ExperienceX.exe,56308,0x216C829D570,DXGI,1,0,0,Composed: Flip,17290.5875,NA,16.73950000000000,NA,0.39230000000000,4.40070000000000,NA,17273.9650,17.0148,16.6225,0.3923,20.5443,0.4789,0.4748,0.0041,NA,NA,NA
ExperienceX.exe,56308,0x216C829D570,DXGI,1,0,0,Composed: Flip,17307.3843,NA,16.79680000000000,NA,0.23400000000000,0.79970000000000,NA,17290.9798,16.6385,16.4045,0.2340,16.6374,0.5668,0.5668,0.0000,NA,NA,NA
ExperienceX.exe,56308,0x216C829D570,DXGI,1,0,0,Composed: Flip,17326.8635,NA,19.47920000000000,NA,0.92790000000000,2.91420000000000,NA,17307.6183,20.1731,19.2452,0.9279,21.1437,1.0157,1.0157,0.0000,NA,NA,NA
ExperienceX.exe,56308,0x216C829D570,DXGI,1,0,0,Composed: Flip,17340.6671,NA,13.80360000000000,NA,0.21430000000000,0.71410000000000,NA,17327.7914,13.0900,12.8757,0.2143,1.9863,11.6035,0.6994,10.9041,NA,NA,NA
ExperienceX.exe,56308,0x216C829D570,DXGI,1,0,0,Composed: Flip,17358.3707,NA,17.70360000000000,NA,0.07160000000000,2.07600000000000,NA,17340.8814,17.5609,17.4893,0.0716,17.3296,2.2357,2.2357,0.0000,NA,NA,NA
ExperienceX.exe,56308,0x216C829D570,DXGI,1,0,0,Composed: Flip,17373.9763,NA,15.60560000000000,NA,0.24960000000000,2.08270000000000,NA,17358.4423,15.7836,15.5340,0.2496,17.0351,0.5816,0.5816,0.0000,NA,NA,NA
ExperienceX.exe,56308,0x216C829D570,DXGI,1,0,0,Composed: Flip,17392.0211,NA,18.04480000000000,NA,0.13770000000000,1.66880000000000,NA,17374.2259,17.9329,17.7952,0.1377,19.0202,0.4438,0.4438,0.0000,NA,NA,NA
ExperienceX.exe,56308,0x216C829D570,DXGI,1,0,0,Composed: Flip,17407.0218,NA,15.00070000000000,NA,0.11050000000000,1.54570000000000,NA,17392.1588,14.9735,14.8630,0.1105,15.5237,0.8850,0.8850,0.0000,NA,NA,NA
ExperienceX.exe,56308,0x216C829D570,DXGI,1,0,0,Composed: Flip,17425.1179,NA,18.09610000000000,NA,0.09190000000000,2.68250000000000,NA,17407.1323,18.0775,17.9856,0.0919,20.1893,0.4788,0.4738,0.0050,NA,NA,NA
ExperienceX.exe,56308,0x216C829D570,DXGI,1,0,0,Composed: Flip,17440.6548,NA,15.53690000000000,NA,0.17250000000000,1.96120000000000,NA,17425.2098,15.6175,15.4450,0.1725,16.5741,0.8321,0.8321,0.0000,NA,NA,NA
ExperienceX.exe,56308,0x216C829D570,DXGI,1,0,0,Composed: Flip,17458.1852,NA,17.53040000000000,NA,0.04910000000000,2.24860000000000,NA,17440.8273,17.4070,17.3579,0.0491,19.1247,0.4818,0.4787,0.0031,NA,NA,NA
ExperienceX.exe,56308,0x216C829D570,DXGI,1,0,0,Composed: Flip,17473.9778,NA,15.79260000000000,NA,0.33670000000000,2.08340000000000,NA,17458.2343,16.0802,15.7435,0.3367,16.1452,1.6817,1.6817,0.0000,NA,NA,NA
ExperienceX.exe,56308,0x216C829D570,DXGI,1,0,0,Composed: Flip,17491.2916,NA,17.31380000000000,NA,0.94690000000000,3.62620000000000,NA,17474.3145,17.9240,16.9771,0.9469,20.0399,0.5634,0.5634,0.0000,NA,NA,NA
ExperienceX.exe,56308,0x216C829D570,DXGI,1,0,0,Composed: Flip,17507.5080,NA,16.21640000000000,NA,0.16670000000000,1.61370000000000,NA,17492.2385,15.4362,15.2695,0.1667,16.4029,0.4803,0.4803,0.0000,NA,NA,NA
ExperienceX.exe,56308,0x216C829D570,DXGI,1,0,0,Composed: Flip,17525.1979,NA,17.68990000000000,NA,0.28040000000000,3.08760000000000,NA,17507.6747,17.8036,17.5232,0.2804,20.2682,0.3426,0.3394,0.0032,NA,NA,NA
ExperienceX.exe,56308,0x216C829D570,DXGI,1,0,0,Composed: Flip,17540.8386,NA,15.64070000000000,NA,0.30490000000000,3.10450000000000,NA,17525.4783,15.6652,15.3603,0.3049,17.9478,0.5170,0.5170,0.0000,NA,NA,NA
ExperienceX.exe,56308,0x216C829D570,DXGI,1,0,0,Composed: Flip,17558.8766,NA,18.03800000000000,NA,0.13900000000000,2.46820000000000,NA,17541.1435,17.8721,17.7331,0.1390,18.1680,2.0333,2.0333,0.0000,NA,NA,NA
ExperienceX.exe,56308,0x216C829D570,DXGI,1,0,0,Composed: Flip,17573.9415,NA,15.06490000000000,NA,0.18680000000000,2.02570000000000,NA,17559.0156,15.1127,14.9259,0.1868,16.4380,0.5136,0.5136,0.0000,NA,NA,NA
ExperienceX.exe,56308,0x216C829D570,DXGI,1,0,0,Composed: Flip,17591.7770,NA,17.83550000000000,NA,0.44110000000000,1.94950000000000,NA,17574.1283,18.0898,17.6487,0.4411,17.4155,2.1827,2.1827,0.0000,NA,NA,NA
ExperienceX.exe,56308,0x216C829D570,DXGI,1,0,0,Composed: Flip,17607.1282,NA,15.35120000000000,NA,0.14110000000000,0.72830000000000,NA,17592.2181,15.0512,14.9101,0.1411,1.9890,13.6494,0.8418,12.8076,NA,NA,NA
ExperienceX.exe,56308,0x216C829D570,DXGI,1,0,0,Composed: Flip,17624.5322,NA,17.40400000000000,NA,0.08070000000000,3.11030000000000,NA,17607.2693,17.3436,17.2629,0.0807,19.0989,1.2743,1.2743,0.0000,NA,NA,NA
ExperienceX.exe,56308,0x216C829D570,DXGI,1,0,0,Composed: Flip,17640.4070,NA,15.87480000000000,NA,0.22330000000000,0.78920000000000,NA,17624.6129,16.0174,15.7941,0.2233,3.5282,13.0551,1.1408,11.9143,NA,NA,NA
ExperienceX.exe,56308,0x216C829D570,DXGI,1,0,0,Composed: Flip,17657.8356,NA,17.42860000000000,NA,0.27850000000000,2.64930000000000,NA,17640.6303,17.4838,17.2053,0.2785,19.3762,0.4784,0.4748,0.0036,NA,NA,NA
ExperienceX.exe,56308,0x216C829D570,DXGI,1,0,0,Composed: Flip,17674.0011,NA,16.16550000000000,NA,0.20360000000000,0.82390000000000,NA,17658.1141,16.0906,15.8870,0.2036,16.1147,0.5962,0.5962,0.0000,NA,NA,NA
ExperienceX.exe,56308,0x216C829D570,DXGI,1,0,0,Composed: Flip,17692.9055,NA,18.90440000000000,NA,0.28640000000000,4.51880000000000,NA,17674.2047,18.9872,18.7008,0.2864,20.9303,2.2893,2.2846,0.0047,NA,NA,NA
ExperienceX.exe,56308,0x216C829D570,DXGI,1,0,0,Composed: Flip,17707.3818,NA,14.47630000000000,NA,0.23210000000000,1.92710000000000,NA,17693.1919,14.4220,14.1899,0.2321,14.3806,1.7364,1.7364,0.0000,NA,NA,NA
ExperienceX.exe,56308,0x216C829D570,DXGI,1,0,0,Composed: Flip,17724.0841,NA,16.70230000000000,NA,0.08740000000000,4.46410000000000,NA,17707.6139,16.5576,16.4702,0.0874,19.1569,1.7774,1.7669,0.0105,NA,NA,NA
ExperienceX.exe,56308,0x216C829D570,DXGI,1,0,0,Composed: Flip,17741.0974,NA,17.01330000000000,NA,0.29600000000000,1.60670000000000,NA,17724.1715,17.2219,16.9259,0.2960,17.9917,0.5409,0.5409,0.0000,NA,NA,NA
ExperienceX.exe,56308,0x216C829D570,DXGI,1,0,0,Composed: Flip,17758.3759,NA,17.27850000000000,NA,0.07150000000000,2.40800000000000,NA,17741.3934,17.0540,16.9825,0.0715,17.7117,1.6788,1.6788,0.0000,NA,NA,NA
ExperienceX.exe,56308,0x216C829D570,DXGI,1,0,0,Composed: Flip,17774.3784,NA,16.00250000000000,NA,0.11820000000000,1.25590000000000,NA,17758.4474,16.0492,15.9310,0.1182,2.8270,14.3599,1.2920,13.0679,NA,NA,NA
ExperienceX.exe,56308,0x216C829D570,DXGI,1,0,0,Composed: Flip,17791.5443,NA,17.16590000000000,NA,0.08180000000000,1.98190000000000,NA,17774.4966,17.1295,17.0477,0.0818,16.8541,2.1755,2.1755,0.0000,NA,NA,NA
ExperienceX.exe,56308,0x216C829D570,DXGI,1,0,0,Composed: Flip,17807.0540,NA,15.50970000000000,NA,0.10930000000000,1.57070000000000,NA,17791.6261,15.5372,15.4279,0.1093,16.1292,0.8694,0.8694,0.0000,NA,NA,NA
ExperienceX.exe,56308,0x216C829D570,DXGI,1,0,0,Composed: Flip,17824.8302,NA,17.77620000000000,NA,0.28260000000000,2.39690000000000,NA,17807.1633,17.9495,17.6669,0.2826,19.5797,0.4841,0.4841,0.0000,NA,NA,NA
ExperienceX.exe,56308,0x216C829D570,DXGI,1,0,0,Composed: Flip,17840.3891,NA,15.55890000000000,NA,0.12380000000000,0.69210000000000,NA,17825.1128,15.4001,15.2763,0.1238,2.1143,13.8541,0.7725,13.0816,NA,NA,NA
ExperienceX.exe,56308,0x216C829D570,DXGI,1,0,0,Composed: Flip,17858.2319,NA,17.84280000000000,NA,0.36130000000000,2.63980000000000,NA,17840.5129,18.0803,17.7190,0.3613,19.8708,0.4880,0.4880,0.0000,NA,NA,NA
ExperienceX.exe,56308,0x216C829D570,DXGI,1,0,0,Composed: Flip,17873.7534,NA,15.52150000000000,NA,0.15790000000000,1.60790000000000,NA,17858.5932,15.3181,15.1602,0.1579,15.8910,0.8771,0.8771,0.0000,NA,NA,NA
ExperienceX.exe,56308,0x216C829D570,DXGI,1,0,0,Composed: Flip,17891.6596,NA,17.90620000000000,NA,0.06890000000000,5.99230000000000,NA,17873.9113,17.8172,17.7483,0.0689,20.2606,3.4800,3.4698,0.0102,NA,NA,NA
ExperienceX.exe,56308,0x216C829D570,DXGI,1,0,0,Composed: Flip,17907.1347,NA,15.47510000000000,NA,0.23270000000000,1.93000000000000,NA,17891.7285,15.6389,15.4062,0.2327,16.1036,1.2326,1.2326,0.0000,NA,NA,NA
ExperienceX.exe,56308,0x216C829D570,DXGI,1,0,0,Composed: Flip,17925.4196,NA,18.28490000000000,NA,0.15620000000000,4.91270000000000,NA,17907.3674,18.2084,18.0522,0.1562,20.6403,2.3246,2.3118,0.0128,NA,NA,NA
ExperienceX.exe,56308,0x216C829D570,DXGI,1,0,0,Composed: Flip,17940.7382,NA,15.31860000000000,NA,0.29460000000000,2.39620000000000,NA,17925.5758,15.4570,15.1624,0.2946,16.7116,0.8470,0.8470,0.0000,NA,NA,NA
ExperienceX.exe,56308,0x216C829D570,DXGI,1,0,0,Composed: Flip,17958.3545,NA,17.61630000000000,NA,0.06340000000000,2.73840000000000,NA,17941.0328,17.3851,17.3217,0.0634,19.5644,0.4957,0.4957,0.0000,NA,NA,NA
ExperienceX.exe,56308,0x216C829D570,DXGI,1,0,0,Composed: Flip,17973.7949,NA,15.44040000000000,NA,0.49650000000000,2.63630000000000,NA,17958.4179,15.8735,15.3770,0.4965,17.5223,0.4910,0.4910,0.0000,NA,NA,NA
ExperienceX.exe,56308,0x216C829D570,DXGI,1,0,0,Composed: Flip,17991.2590,NA,17.46410000000000,NA,0.23320000000000,2.11110000000000,NA,17974.2914,17.2008,16.9676,0.2332,16.8789,2.1998,2.1998,0.0000,NA,NA,NA
ExperienceX.exe,56308,0x216C829D570,DXGI,1,0,0,Composed: Flip,18007.0518,NA,15.79280000000000,NA,0.10650000000000,1.52540000000000,NA,17991.4922,15.6661,15.5596,0.1065,16.2166,0.8684,0.8684,0.0000,NA,NA,NA
ExperienceX.exe,56308,0x216C829D570,DXGI,1,0,0,Composed: Flip,18025.4273,NA,18.37550000000000,NA,0.06770000000000,1.61560000000000,NA,18007.1583,18.3367,18.2690,0.0677,17.9362,1.9484,1.9484,0.0000,NA,NA,NA
ExperienceX.exe,56308,0x216C829D570,DXGI,1,0,0,Composed: Flip,18058.1440,NA,32.71670000000000,NA,1.55170000000000,2.82680000000000,NA,18025.4950,34.2007,32.6490,1.5517,33.5664,1.9094,1.9094,0.0000,NA,NA,NA
ExperienceX.exe,56308,0x216C829D570,DXGI,1,0,0,Composed: Flip,18073.8898,NA,15.74580000000000,NA,0.19250000000000,0.82690000000000,NA,18059.6957,14.3866,14.1941,0.1925,1.7447,13.2763,2.4320,10.8443,NA,NA,NA
ExperienceX.exe,56308,0x216C829D570,DXGI,1,0,0,Composed: Flip,18092.2215,NA,18.33170000000000,NA,0.14460000000000,1.72050000000000,NA,18074.0823,18.2838,18.1392,0.1446,17.6927,2.1670,2.1670,0.0000,NA,NA,NA
ExperienceX.exe,56308,0x216C829D570,DXGI,1,0,0,Composed: Flip,18107.1987,NA,14.97720000000000,NA,0.20040000000000,1.09560000000000,NA,18092.3661,15.0330,14.8326,0.2004,2.1266,13.8016,0.9757,12.8259,NA,NA,NA
ExperienceX.exe,56308,0x216C829D570,DXGI,1,0,0,Composed: Flip,18123.9990,NA,16.80030000000000,NA,0.43770000000000,2.45750000000000,NA,18107.3991,17.0376,16.5999,0.4377,16.8930,2.1644,2.1644,0.0000,NA,NA,NA
ExperienceX.exe,56308,0x216C829D570,DXGI,1,0,0,Composed: Flip,18141.4419,NA,17.44290000000000,NA,0.28350000000000,3.08200000000000,NA,18124.4367,17.2887,17.0052,0.2835,20.0798,0.0074,0.0074,0.0000,NA,NA,NA
ExperienceX.exe,56308,0x216C829D570,DXGI,1,0,0,Composed: Flip,18158.7179,NA,17.27600000000000,NA,0.88130000000000,3.87240000000000,NA,18141.7254,17.8738,16.9925,0.8813,19.7946,1.0703,1.0591,0.0112,NA,NA,NA
ExperienceX.exe,56308,0x216C829D570,DXGI,1,0,0,Composed: Flip,18173.7454,NA,15.02750000000000,NA,0.10980000000000,0.95850000000000,NA,18159.5992,14.2560,14.1462,0.1098,14.2385,0.8662,0.8662,0.0000,NA,NA,NA
ExperienceX.exe,56308,0x216C829D570,DXGI,1,0,0,Composed: Flip,18191.5464,NA,17.80100000000000,NA,0.22590000000000,2.51730000000000,NA,18173.8552,17.9171,17.6912,0.2259,19.7101,0.4984,0.4984,0.0000,NA,NA,NA
ExperienceX.exe,56308,0x216C829D570,DXGI,1,0,0,Composed: Flip,18207.2712,NA,15.72480000000000,NA,0.20890000000000,1.44510000000000,NA,18191.7723,15.7078,15.4989,0.2089,2.2914,14.6526,1.5581,13.0945,NA,NA,NA
ExperienceX.exe,56308,0x216C829D570,DXGI,1,0,0,Composed: Flip,18224.0982,NA,16.82700000000000,NA,0.51170000000000,3.08890000000000,NA,18207.4801,17.1298,16.6181,0.5117,19.1737,0.5333,0.5333,0.0000,NA,NA,NA
ExperienceX.exe,56308,0x216C829D570,DXGI,1,0,0,Composed: Flip,18240.4817,NA,16.38350000000000,NA,0.05170000000000,0.78120000000000,NA,18224.6099,15.9235,15.8718,0.0517,2.5772,14.0758,0.8564,13.2194,NA,NA,NA
ExperienceX.exe,56308,0x216C829D570,DXGI,1,0,0,Composed: Flip,18257.1987,NA,16.71700000000000,NA,0.06680000000000,3.14270000000000,NA,18240.5334,16.7321,16.6653,0.0668,19.3261,0.4819,0.4792,0.0027,NA,NA,NA
ExperienceX.exe,56308,0x216C829D570,DXGI,1,0,0,Composed: Flip,18273.7610,NA,16.56230000000000,NA,0.18510000000000,0.75760000000000,NA,18257.2655,16.6806,16.4955,0.1851,16.6427,0.6104,0.6104,0.0000,NA,NA,NA
ExperienceX.exe,56308,0x216C829D570,DXGI,1,0,0,Composed: Flip,18290.6822,NA,16.92120000000000,NA,0.05860000000000,3.13580000000000,NA,18273.9461,16.7947,16.7361,0.0586,19.3825,0.4894,0.4894,0.0000,NA,NA,NA
ExperienceX.exe,56308,0x216C829D570,DXGI,1,0,0,Composed: Flip,18307.0602,NA,16.37800000000000,NA,0.18270000000000,1.43170000000000,NA,18290.7408,16.5021,16.3194,0.1827,3.0772,14.6739,1.3180,13.3559,NA,NA,NA
ExperienceX.exe,56308,0x216C829D570,DXGI,1,0,0,Composed: Flip,18325.6558,NA,18.59560000000000,NA,0.06910000000000,2.09300000000000,NA,18307.2429,18.4820,18.4129,0.0691,20.0161,0.4898,0.4898,0.0000,NA,NA,NA
ExperienceX.exe,56308,0x216C829D570,DXGI,1,0,0,Composed: Flip,18340.4305,NA,14.77470000000000,NA,0.15440000000000,0.76720000000000,NA,18325.7249,14.8600,14.7056,0.1544,2.0239,13.4489,0.6349,12.8140,NA,NA,NA
ExperienceX.exe,56308,0x216C829D570,DXGI,1,0,0,Composed: Flip,18357.9365,NA,17.50600000000000,NA,0.06130000000000,7.35270000000000,NA,18340.5849,17.4129,17.3516,0.0613,20.7312,3.9731,3.9585,0.0146,NA,NA,NA
ExperienceX.exe,56308,0x216C829D570,DXGI,1,0,0,Composed: Flip,18373.7624,NA,15.82590000000000,NA,0.14640000000000,0.69590000000000,NA,18357.9978,15.9110,15.7646,0.1464,15.8969,0.5636,0.5636,0.0000,NA,NA,NA
ExperienceX.exe,56308,0x216C829D570,DXGI,1,0,0,Composed: Flip,18391.2615,NA,17.49910000000000,NA,0.16410000000000,2.71410000000000,NA,18373.9088,17.5168,17.3527,0.1641,19.5678,0.4990,0.4949,0.0041,NA,NA,NA
ExperienceX.exe,56308,0x216C829D570,DXGI,1,0,0,Composed: Flip,18407.0885,NA,15.82700000000000,NA,0.15100000000000,1.53680000000000,NA,18391.4256,15.8139,15.6629,0.1510,16.3399,0.8598,0.8598,0.0000,NA,NA,NA
ExperienceX.exe,56308,0x216C829D570,DXGI,1,0,0,Composed: Flip,18424.3702,NA,17.28170000000000,NA,0.08250000000000,2.81760000000000,NA,18407.2395,17.2132,17.1307,0.0825,19.4658,0.4825,0.4790,0.0035,NA,NA,NA
ExperienceX.exe,56308,0x216C829D570,DXGI,1,0,0,Composed: Flip,18440.4286,NA,16.05840000000000,NA,0.13080000000000,1.53400000000000,NA,18424.4527,16.1067,15.9759,0.1308,16.6325,0.8774,0.8774,0.0000,NA,NA,NA
ExperienceX.exe,56308,0x216C829D570,DXGI,1,0,0,Composed: Flip,18457.8292,NA,17.40060000000000,NA,0.38190000000000,2.77910000000000,NA,18440.5594,17.6517,17.2698,0.3819,19.5252,0.5237,0.5180,0.0057,NA,NA,NA
ExperienceX.exe,56308,0x216C829D570,DXGI,1,0,0,Composed: Flip,18474.0843,NA,16.25510000000000,NA,0.19360000000000,1.98140000000000,NA,18458.2111,16.0668,15.8732,0.1936,17.3455,0.5091,0.5091,0.0000,NA,NA,NA
ExperienceX.exe,56308,0x216C829D570,DXGI,1,0,0,Composed: Flip,18491.9193,NA,17.83500000000000,NA,0.05880000000000,1.87410000000000,NA,18474.2779,17.7002,17.6414,0.0588,17.4105,2.1050,2.1050,0.0000,NA,NA,NA
ExperienceX.exe,56308,0x216C829D570,DXGI,1,0,0,Composed: Flip,18507.1131,NA,15.19380000000000,NA,0.19210000000000,0.68190000000000,NA,18491.9781,15.3271,15.1350,0.1921,15.2579,0.5590,0.5590,0.0000,NA,NA,NA
ExperienceX.exe,56308,0x216C829D570,DXGI,1,0,0,Composed: Flip,18524.4398,NA,17.32670000000000,NA,0.05950000000000,2.82440000000000,NA,18507.3052,17.1941,17.1346,0.0595,19.4229,0.5361,0.5361,0.0000,NA,NA,NA
ExperienceX.exe,56308,0x216C829D570,DXGI,1,0,0,Composed: Flip,18540.7791,NA,16.33930000000000,NA,0.14300000000000,0.66320000000000,NA,18524.4993,16.4228,16.2798,0.1430,16.3900,0.5530,0.5530,0.0000,NA,NA,NA
ExperienceX.exe,56308,0x216C829D570,DXGI,1,0,0,Composed: Flip,18558.0701,NA,17.29100000000000,NA,0.07790000000000,2.74060000000000,NA,18540.9221,17.2259,17.1480,0.0779,19.3619,0.5267,0.5267,0.0000,NA,NA,NA
ExperienceX.exe,56308,0x216C829D570,DXGI,1,0,0,Composed: Flip,18574.1369,NA,16.06680000000000,NA,0.29170000000000,1.21310000000000,NA,18558.1480,16.2806,15.9889,0.2917,3.6866,13.5154,1.1981,12.3173,NA,NA,NA
ExperienceX.exe,56308,0x216C829D570,DXGI,1,0,0,Composed: Flip,18590.6348,NA,16.49790000000000,NA,0.07210000000000,3.13640000000000,NA,18574.4286,16.2783,16.2062,0.0721,18.8512,0.4914,0.4914,0.0000,NA,NA,NA
ExperienceX.exe,56308,0x216C829D570,DXGI,1,0,0,Composed: Flip,18607.0627,NA,16.42790000000000,NA,0.14440000000000,1.06400000000000,NA,18590.7069,16.5002,16.3558,0.1444,3.0643,14.3555,0.9504,13.4051,NA,NA,NA
ExperienceX.exe,56308,0x216C829D570,DXGI,1,0,0,Composed: Flip,18624.7577,NA,17.69500000000000,NA,0.06420000000000,2.10860000000000,NA,18607.2071,17.6148,17.5506,0.0642,17.4686,2.1906,2.1906,0.0000,NA,NA,NA
ExperienceX.exe,56308,0x216C829D570,DXGI,1,0,0,Composed: Flip,18640.3750,NA,15.61730000000000,NA,0.13680000000000,1.32960000000000,NA,18624.8219,15.6899,15.5531,0.1368,16.3193,0.5634,0.5634,0.0000,NA,NA,NA
ExperienceX.exe,56308,0x216C829D570,DXGI,1,0,0,Composed: Flip,18657.8910,NA,17.51600000000000,NA,0.17740000000000,3.94600000000000,NA,18640.5118,17.5566,17.3792,0.1774,19.6005,1.7247,1.7167,0.0080,NA,NA,NA
ExperienceX.exe,56308,0x216C829D570,DXGI,1,0,0,Composed: Flip,18674.1382,NA,16.24720000000000,NA,0.11450000000000,1.74950000000000,NA,18658.0684,16.1843,16.0698,0.1145,17.3292,0.4901,0.4901,0.0000,NA,NA,NA
ExperienceX.exe,56308,0x216C829D570,DXGI,1,0,0,Composed: Flip,18690.9641,NA,16.82590000000000,NA,0.23640000000000,2.76100000000000,NA,18674.2527,16.9478,16.7114,0.2364,17.1936,2.2788,2.2788,0.0000,NA,NA,NA
ExperienceX.exe,56308,0x216C829D570,DXGI,1,0,0,Composed: Flip,18707.5276,NA,16.56350000000000,NA,0.19610000000000,2.34130000000000,NA,18691.2005,16.5232,16.3271,0.1961,17.8164,0.8520,0.8520,0.0000,NA,NA,NA
ExperienceX.exe,56308,0x216C829D570,DXGI,1,0,0,Composed: Flip,18724.1691,NA,16.64150000000000,NA,0.08400000000000,3.16540000000000,NA,18707.7237,16.5294,16.4454,0.0840,19.1252,0.4856,0.4856,0.0000,NA,NA,NA
ExperienceX.exe,56308,0x216C829D570,DXGI,1,0,0,Composed: Flip,18740.6339,NA,16.46480000000000,NA,0.16620000000000,1.27570000000000,NA,18724.2531,16.5470,16.3808,0.1662,17.1607,0.4958,0.4958,0.0000,NA,NA,NA
ExperienceX.exe,56308,0x216C829D570,DXGI,1,0,0,Composed: Flip,18757.4378,NA,16.80390000000000,NA,0.45270000000000,2.56090000000000,NA,18740.8001,17.0904,16.6377,0.4527,17.2611,1.9375,1.9375,0.0000,NA,NA,NA
ExperienceX.exe,56308,0x216C829D570,DXGI,1,0,0,Composed: Flip,18773.7246,NA,16.28680000000000,NA,0.12270000000000,0.68710000000000,NA,18757.8905,15.9568,15.8341,0.1227,2.6398,13.8814,0.7296,13.1518,NA,NA,NA
ExperienceX.exe,56308,0x216C829D570,DXGI,1,0,0,Composed: Flip,18791.1704,NA,17.44580000000000,NA,0.06540000000000,2.91620000000000,NA,18773.8473,17.3885,17.3231,0.0654,19.7459,0.4934,0.4934,0.0000,NA,NA,NA
ExperienceX.exe,56308,0x216C829D570,DXGI,1,0,0,Composed: Flip,18807.1363,NA,15.96590000000000,NA,0.23070000000000,0.77720000000000,NA,18791.2358,16.1312,15.9005,0.2307,2.8508,13.8269,0.7472,13.0797,NA,NA,NA
ExperienceX.exe,56308,0x216C829D570,DXGI,1,0,0,Composed: Flip,18823.9542,NA,16.81790000000000,NA,0.09240000000000,2.59130000000000,NA,18807.3670,16.6796,16.5872,0.0924,16.9993,2.1792,2.1792,0.0000,NA,NA,NA
ExperienceX.exe,56308,0x216C829D570,DXGI,1,0,0,Composed: Flip,18840.3719,NA,16.41770000000000,NA,0.13260000000000,0.67740000000000,NA,18824.0466,16.4579,16.3253,0.1326,16.4346,0.5681,0.5681,0.0000,NA,NA,NA
ExperienceX.exe,56308,0x216C829D570,DXGI,1,0,0,Composed: Flip,18858.0691,NA,17.69720000000000,NA,0.43220000000000,2.15290000000000,NA,18840.5045,17.9968,17.5646,0.4322,17.8192,1.8983,1.8983,0.0000,NA,NA,NA
ExperienceX.exe,56308,0x216C829D570,DXGI,1,0,0,Composed: Flip,18873.8353,NA,15.76620000000000,NA,0.18710000000000,0.77100000000000,NA,18858.5013,15.5211,15.3340,0.1871,2.2227,13.8823,0.7893,13.0930,NA,NA,NA
ExperienceX.exe,56308,0x216C829D570,DXGI,1,0,0,Composed: Flip,18891.0130,NA,17.17770000000000,NA,0.08850000000000,2.84770000000000,NA,18874.0224,17.0791,16.9906,0.0885,17.6478,2.1905,2.1905,0.0000,NA,NA,NA
ExperienceX.exe,56308,0x216C829D570,DXGI,1,0,0,Composed: Flip,18907.0998,NA,16.08680000000000,NA,0.15870000000000,0.73090000000000,NA,18891.1015,16.1570,15.9983,0.1587,16.1767,0.5525,0.5525,0.0000,NA,NA,NA
ExperienceX.exe,56308,0x216838E1150,DXGI,1,0,0,Composed: Flip,18907.9949,NA,17.11710000000000,16.74710000000000,0.04580000000000,1.81740000000000,32.3690,18890.9658,17.0749,17.0291,0.0458,17.7426,1.1039,1.0872,0.0167,0.0154,18890.9658,NA
ExperienceX.exe,56308,0x216838E1150,DXGI,1,0,0,Composed: Flip,18924.1211,NA,16.12620000000000,NA,0.34610000000000,2.96560000000000,NA,18908.0407,16.4265,16.0804,0.3461,16.3329,2.7131,2.7011,0.0120,NA,NA,NA
ExperienceX.exe,56308,0x216838E1150,DXGI,1,0,0,Composed: Flip,18941.4498,NA,17.32870000000000,33.10380000000000,0.11650000000000,2.65900000000000,32.0179,18924.4672,17.0991,16.9826,0.1165,18.3430,1.2986,1.2892,0.0094,0.3976,18924.4672,NA
ExperienceX.exe,56308,0x0,Other,-1,0,0,Composed: Flip,18575.5307,NA,201.34300000000002,2333.29620000000023,0.00000000000000,1.67170000000000,31.2630,18374.1877,201.3430,201.3430,0.0000,201.9909,1.0238,1.0238,0.0000,166.7706,18374.1877,NA
ExperienceX.exe,56308,0x216838E1150,DXGI,1,0,0,Composed: Flip,18957.2828,NA,15.83300000000000,16.69070000000000,0.31560000000000,0.93000000000000,32.8756,18941.5663,16.0321,15.7165,0.3156,15.9226,0.7239,0.7056,0.0183,0.4084,18941.5663,NA
ExperienceX.exe,56308,0x216838E1150,DXGI,1,0,0,Composed: Flip,18974.0450,NA,16.76220000000000,NA,0.07290000000000,0.49380000000000,NA,18957.5984,16.5195,16.4466,0.0729,3.2203,13.7201,1.0915,12.6286,NA,NA,NA
ExperienceX.exe,56308,0x216838E1150,DXGI,1,0,0,Composed: Flip,18990.5013,NA,16.45630000000000,33.37170000000000,0.19450000000000,0.80070000000000,33.0288,18974.1179,16.5779,16.3834,0.1945,16.5620,0.6221,0.6221,0.0000,-0.8201,18974.1179,NA
ExperienceX.exe,56308,0x216838E1150,DXGI,1,0,0,Composed: Flip,19007.6255,NA,17.12420000000000,16.60550000000000,0.25450000000000,2.02890000000000,32.5101,18990.6958,17.1842,16.9297,0.2545,17.5381,1.4205,1.4164,0.0041,-0.0276,18990.6958,NA
ExperienceX.exe,56308,0x216838E1150,DXGI,1,0,0,Composed: Flip,19023.9002,NA,16.27470000000000,16.99750000000000,0.22490000000000,1.42540000000000,33.2329,19007.8800,16.2451,16.0202,0.2249,16.3329,1.1127,1.1127,0.0000,0.1867,19007.8800,NA
ExperienceX.exe,56308,0x216838E1150,DXGI,1,0,0,Composed: Flip,19041.2969,NA,17.39670000000000,16.35710000000000,0.05090000000000,1.66830000000000,32.1933,19024.1251,17.2227,17.1718,0.0509,17.8216,1.0185,1.0142,0.0043,-0.1120,19024.1251,NA
ExperienceX.exe,56308,0x216838E1150,DXGI,1,0,0,Composed: Flip,19057.5258,NA,16.22890000000000,16.66010000000000,0.19620000000000,0.83680000000000,32.6245,19041.3478,16.3742,16.1780,0.1962,16.4465,0.5683,0.5683,0.0000,0.5626,19041.3478,NA
ExperienceX.exe,56308,0x216838E1150,DXGI,1,0,0,Composed: Flip,19074.6672,NA,17.14140000000000,16.66940000000000,0.08890000000000,3.29250000000000,32.1525,19057.7220,17.0341,16.9452,0.0889,17.9700,2.2677,2.2555,0.0122,-0.2952,19057.7220,NA
ExperienceX.exe,56308,0x216838E1150,DXGI,1,0,0,Composed: Flip,19090.4458,NA,15.77860000000000,16.66000000000000,0.14800000000000,0.77090000000000,33.0339,19074.7561,15.8377,15.6897,0.1480,15.8899,0.5707,0.5707,0.0000,0.3741,19074.7561,NA
ExperienceX.exe,56308,0x216838E1150,DXGI,1,0,0,Composed: Flip,19107.6849,NA,17.23910000000000,16.86680000000000,1.25450000000000,2.79610000000000,32.6616,19090.5938,18.3456,17.0911,1.2545,18.8505,1.0367,1.0367,0.0000,-1.0291,19090.5938,NA
ExperienceX.exe,56308,0x216838E1150,DXGI,1,0,0,Composed: Flip,19123.9307,NA,16.24580000000000,16.45400000000000,0.11130000000000,2.18240000000000,32.8698,19108.9394,15.1026,14.9913,0.1113,1.5416,15.6321,1.7747,13.8574,1.8916,19108.9394,NA
ExperienceX.exe,56308,0x216838E1150,DXGI,1,0,0,Composed: Flip,19141.3377,NA,17.40700000000000,16.72000000000000,0.07300000000000,2.76400000000000,32.1828,19124.0420,17.3687,17.2957,0.0730,18.9918,1.0679,1.0679,0.0000,-1.6174,19124.0420,NA
ExperienceX.exe,56308,0x216C7EA03E0,DXGI,1,0,0,Composed: Flip,17624.5287,NA,17.40160000000000,666.69090000000006,0.06770000000000,1.83950000000000,32.3288,17607.2183,17.3781,17.3104,0.0677,17.6559,1.4940,1.4940,0.0000,-0.6502,17607.2183,NA
ExperienceX.exe,56308,0x216C7EA03E0,DXGI,1,0,0,Composed: Flip,17657.3990,NA,32.87030000000000,NA,0.49580000000000,2.60750000000000,NA,17624.5964,33.2984,32.8026,0.4958,33.2159,2.1942,2.1942,0.0000,NA,NA,NA
ExperienceX.exe,56308,0x216C7EA03E0,DXGI,1,0,0,Composed: Flip,17674.0018,NA,16.60280000000000,NA,0.20280000000000,1.30780000000000,NA,17657.8948,16.3098,16.1070,0.2028,16.9302,0.4846,0.4846,0.0000,NA,NA,NA
ExperienceX.exe,56308,0x216C7EA03E0,DXGI,1,0,0,Composed: Flip,17693.1870,NA,19.18520000000000,NA,0.48880000000000,1.94800000000000,NA,17674.2046,19.4712,18.9824,0.4888,18.7566,2.1738,2.1738,0.0000,NA,NA,NA
ExperienceX.exe,56308,0x216C7EA03E0,DXGI,1,0,0,Composed: Flip,17724.0842,NA,30.89720000000000,NA,0.08730000000000,2.68660000000000,NA,17693.6758,30.4957,30.4084,0.0873,30.9000,2.1950,2.1950,0.0000,NA,NA,NA
ExperienceX.exe,56308,0x216C7EA03E0,DXGI,1,0,0,Composed: Flip,17741.0991,NA,17.01490000000000,NA,0.29450000000000,1.06410000000000,NA,17724.1715,17.2221,16.9276,0.2945,17.2143,0.7774,0.7774,0.0000,NA,NA,NA
ExperienceX.exe,56308,0x216C7EA03E0,DXGI,1,0,0,Composed: Flip,17758.5422,NA,17.44310000000000,NA,0.86000000000000,2.73220000000000,NA,17741.3936,18.0086,17.1486,0.8600,19.3903,0.4905,0.4905,0.0000,NA,NA,NA
ExperienceX.exe,56308,0x216C7EA03E0,DXGI,1,0,0,Composed: Flip,17774.3763,NA,15.83410000000000,NA,0.12030000000000,1.26290000000000,NA,17759.4022,15.0944,14.9741,0.1203,16.2321,0.0049,0.0049,0.0000,NA,NA,NA
ExperienceX.exe,56308,0x216C7EA03E0,DXGI,1,0,0,Composed: Flip,17791.2822,NA,16.90590000000000,NA,0.52800000000000,2.72710000000000,NA,17774.4966,17.3136,16.7856,0.5280,19.0296,0.4831,0.4798,0.0033,NA,NA,NA
ExperienceX.exe,56308,0x216C7EA03E0,DXGI,1,0,0,Composed: Flip,17807.0544,NA,15.77220000000000,NA,0.10890000000000,0.70090000000000,NA,17791.8102,15.3531,15.2442,0.1089,15.3994,0.5457,0.5457,0.0000,NA,NA,NA
ExperienceX.exe,56308,0x216C7EA03E0,DXGI,1,0,0,Composed: Flip,17824.6388,NA,17.58440000000000,NA,0.21650000000000,2.10420000000000,NA,17807.1633,17.6920,17.4755,0.2165,17.4455,2.1342,2.1342,0.0000,NA,NA,NA
ExperienceX.exe,56308,0x216C7EA03E0,DXGI,1,0,0,Composed: Flip,17840.3892,NA,15.75040000000000,NA,0.12360000000000,1.22120000000000,NA,17824.8553,15.6575,15.5339,0.1236,16.2259,0.5292,0.5292,0.0000,NA,NA,NA
ExperienceX.exe,56308,0x216C7EA03E0,DXGI,1,0,0,Composed: Flip,17858.4823,NA,18.09310000000000,NA,0.08600000000000,1.90140000000000,NA,17840.5128,18.0555,17.9695,0.0860,17.6793,2.1916,2.1916,0.0000,NA,NA,NA
ExperienceX.exe,56308,0x216C7EA03E0,DXGI,1,0,0,Composed: Flip,17873.7531,NA,15.27080000000000,NA,0.15810000000000,0.73110000000000,NA,17858.5683,15.3429,15.1848,0.1581,2.3034,13.6125,0.7122,12.9003,NA,NA,NA
ExperienceX.exe,56308,0x216C7EA03E0,DXGI,1,0,0,Composed: Flip,17891.5240,NA,17.77090000000000,NA,0.13460000000000,2.64790000000000,NA,17873.9112,17.7474,17.6128,0.1346,19.7816,0.4791,0.4791,0.0000,NA,NA,NA
ExperienceX.exe,56308,0x216C7EA03E0,DXGI,1,0,0,Composed: Flip,17907.1096,NA,15.58560000000000,NA,0.18880000000000,0.72250000000000,NA,17891.6586,15.6398,15.4510,0.1888,15.5963,0.5772,0.5772,0.0000,NA,NA,NA
ExperienceX.exe,56308,0x216C7EA03E0,DXGI,1,0,0,Composed: Flip,17925.6328,NA,18.52320000000000,NA,0.14640000000000,2.37490000000000,NA,17907.2984,18.4808,18.3344,0.1464,18.4616,2.2477,2.2477,0.0000,NA,NA,NA
ExperienceX.exe,56308,0x216C7EA03E0,DXGI,1,0,0,Composed: Flip,17940.7284,NA,15.09560000000000,NA,0.30410000000000,1.55900000000000,NA,17925.7792,15.2533,14.9492,0.3041,15.2158,1.2924,1.2924,0.0000,NA,NA,NA
ExperienceX.exe,56308,0x216C7EA03E0,DXGI,1,0,0,Composed: Flip,17958.4978,NA,17.76940000000000,NA,0.07000000000000,2.09940000000000,NA,17941.0325,17.5353,17.4653,0.0700,17.3950,2.1697,2.1697,0.0000,NA,NA,NA
ExperienceX.exe,56308,0x216C7EA03E0,DXGI,1,0,0,Composed: Flip,17973.7950,NA,15.29720000000000,NA,0.28200000000000,2.14520000000000,NA,17958.5678,15.5092,15.2272,0.2820,2.5251,14.8473,2.1704,12.6769,NA,NA,NA
ExperienceX.exe,56308,0x216C7EA03E0,DXGI,1,0,0,Composed: Flip,17991.6147,NA,17.81970000000000,NA,0.05150000000000,3.42770000000000,NA,17974.0770,17.5892,17.5377,0.0515,19.2931,1.6723,1.6683,0.0040,NA,NA,NA
ExperienceX.exe,56308,0x216C7EA03E0,DXGI,1,0,0,Composed: Flip,18007.0872,NA,15.47250000000000,NA,0.14570000000000,0.62160000000000,NA,17991.6662,15.5667,15.4210,0.1457,15.4956,0.5470,0.5470,0.0000,NA,NA,NA
ExperienceX.exe,56308,0x216C7EA03E0,DXGI,1,0,0,Composed: Flip,18025.2257,NA,18.13850000000000,NA,0.17760000000000,2.29580000000000,NA,18007.2329,18.1704,17.9928,0.1776,19.8100,0.4786,0.4786,0.0000,NA,NA,NA
ExperienceX.exe,56308,0x216C7EA03E0,DXGI,1,0,0,Composed: Flip,18040.3631,NA,15.13740000000000,NA,0.11590000000000,0.66370000000000,NA,18025.4033,15.0757,14.9598,0.1159,2.1182,13.5053,0.7442,12.7611,NA,NA,NA
ExperienceX.exe,56308,0x216C7EA03E0,DXGI,1,0,0,Composed: Flip,18059.0663,NA,18.70320000000000,NA,0.10940000000000,2.37410000000000,NA,18040.4790,18.6967,18.5873,0.1094,20.4918,0.4696,0.4696,0.0000,NA,NA,NA
ExperienceX.exe,56308,0x216C7EA03E0,DXGI,1,0,0,Composed: Flip,18073.8902,NA,14.82390000000000,NA,0.19220000000000,1.97870000000000,NA,18059.1757,14.9067,14.7145,0.1922,15.5410,1.1522,1.1522,0.0000,NA,NA,NA
ExperienceX.exe,56308,0x216C7EA03E0,DXGI,1,0,0,Composed: Flip,18091.9690,NA,18.07880000000000,NA,0.47120000000000,2.52370000000000,NA,18074.0824,18.3578,17.8866,0.4712,19.8596,0.5507,0.5507,0.0000,NA,NA,NA
ExperienceX.exe,56308,0x216C7EA03E0,DXGI,1,0,0,Composed: Flip,18107.1995,NA,15.23050000000000,NA,0.19920000000000,1.30750000000000,NA,18092.4402,14.9585,14.7593,0.1992,15.8541,0.2127,0.2127,0.0000,NA,NA,NA
ExperienceX.exe,56308,0x216C7EA03E0,DXGI,1,0,0,Composed: Flip,18124.7143,NA,17.51480000000000,NA,0.05020000000000,3.45350000000000,NA,18107.3987,17.3658,17.3156,0.0502,19.0578,1.7113,1.7071,0.0042,NA,NA,NA
ExperienceX.exe,56308,0x216C7EA03E0,DXGI,1,0,0,Composed: Flip,18158.1942,NA,33.47990000000000,NA,1.06960000000000,3.32580000000000,NA,18124.7645,34.4993,33.4297,1.0696,34.4712,2.2843,2.2843,0.0000,NA,NA,NA
ExperienceX.exe,56308,0x216C7EA03E0,DXGI,1,0,0,Composed: Flip,18173.7456,NA,15.55140000000000,NA,0.10950000000000,1.18680000000000,NA,18159.2638,14.5913,14.4818,0.1095,15.4401,0.2285,0.2285,0.0000,NA,NA,NA
ExperienceX.exe,56308,0x216C7EA03E0,DXGI,1,0,0,Composed: Flip,18190.9470,NA,17.20140000000000,NA,0.14280000000000,2.61830000000000,NA,18173.8551,17.2347,17.0919,0.1428,17.7082,2.0020,2.0020,0.0000,NA,NA,NA
ExperienceX.exe,56308,0x216C7EA03E0,DXGI,1,0,0,Composed: Flip,18207.2704,NA,16.32340000000000,NA,0.20970000000000,1.93620000000000,NA,18191.0898,16.3903,16.1806,0.2097,17.6265,0.4903,0.4903,0.0000,NA,NA,NA
ExperienceX.exe,56308,0x216C7EA03E0,DXGI,1,0,0,Composed: Flip,18224.0593,NA,16.78890000000000,NA,0.42620000000000,2.59450000000000,NA,18207.4801,17.0054,16.5792,0.4262,16.9831,2.1906,2.1906,0.0000,NA,NA,NA
ExperienceX.exe,56308,0x216C7EA03E0,DXGI,1,0,0,Composed: Flip,18240.4815,NA,16.42220000000000,NA,0.06950000000000,1.26830000000000,NA,18224.4855,16.0655,15.9960,0.0695,16.7774,0.4869,0.4869,0.0000,NA,NA,NA
ExperienceX.exe,56308,0x216C7EA03E0,DXGI,1,0,0,Composed: Flip,18257.1995,NA,16.71800000000000,NA,0.06160000000000,2.66000000000000,NA,18240.5510,16.7101,16.6485,0.0616,17.1399,2.1686,2.1686,0.0000,NA,NA,NA
ExperienceX.exe,56308,0x216C7EA03E0,DXGI,1,0,0,Composed: Flip,18273.7602,NA,16.56070000000000,NA,0.18570000000000,1.25940000000000,NA,18257.2611,16.6848,16.4991,0.1857,17.2575,0.5010,0.5010,0.0000,NA,NA,NA
ExperienceX.exe,56308,0x216C7EA03E0,DXGI,1,0,0,Composed: Flip,18290.6789,NA,16.91870000000000,NA,0.07390000000000,2.64970000000000,NA,18273.9459,16.8069,16.7330,0.0739,17.1863,2.1964,2.1964,0.0000,NA,NA,NA
ExperienceX.exe,56308,0x216C7EA03E0,DXGI,1,0,0,Composed: Flip,18307.0583,NA,16.37940000000000,NA,0.17750000000000,2.31390000000000,NA,18290.7528,16.4830,16.3055,0.1775,17.7391,0.8803,0.8803,0.0000,NA,NA,NA
ExperienceX.exe,56308,0x216C7EA03E0,DXGI,1,0,0,Composed: Flip,18325.4419,NA,18.38360000000000,NA,0.06440000000000,1.81710000000000,NA,18307.2358,18.2705,18.2061,0.0644,17.9072,2.1160,2.1160,0.0000,NA,NA,NA
ExperienceX.exe,56308,0x216C7EA03E0,DXGI,1,0,0,Composed: Flip,18340.4306,NA,14.98870000000000,NA,0.15440000000000,1.62360000000000,NA,18325.5063,15.0787,14.9243,0.1544,15.6914,0.8565,0.8565,0.0000,NA,NA,NA
ExperienceX.exe,56308,0x216C7EA03E0,DXGI,1,0,0,Composed: Flip,18357.5331,NA,17.10250000000000,NA,0.06460000000000,3.78300000000000,NA,18340.5850,17.0127,16.9481,0.0646,17.5072,3.2239,3.2239,0.0000,NA,NA,NA
ExperienceX.exe,56308,0x216C7EA03E0,DXGI,1,0,0,Composed: Flip,18391.5753,NA,34.04220000000000,NA,0.05060000000000,1.90130000000000,NA,18357.5977,34.0282,33.9776,0.0506,33.6861,2.1928,2.1928,0.0000,NA,NA,NA
ExperienceX.exe,56308,0x216C7EA03E0,DXGI,1,0,0,Composed: Flip,18407.0884,NA,15.51310000000000,NA,0.15110000000000,0.67710000000000,NA,18391.6259,15.6136,15.4625,0.1511,15.5857,0.5539,0.5539,0.0000,NA,NA,NA
ExperienceX.exe,56308,0x216C7EA03E0,DXGI,1,0,0,Composed: Flip,18424.5887,NA,17.50030000000000,NA,0.04660000000000,2.11660000000000,NA,18407.2395,17.3958,17.3492,0.0466,17.2603,2.2055,2.2055,0.0000,NA,NA,NA
ExperienceX.exe,56308,0x216C7EA03E0,DXGI,1,0,0,Composed: Flip,18440.4284,NA,15.83970000000000,NA,0.13100000000000,0.65680000000000,NA,18424.6353,15.9241,15.7931,0.1310,15.9018,0.5481,0.5481,0.0000,NA,NA,NA
ExperienceX.exe,56308,0x216C7EA03E0,DXGI,1,0,0,Composed: Flip,18457.4897,NA,17.06130000000000,NA,0.72520000000000,2.59490000000000,NA,18440.5594,17.6555,16.9303,0.7252,17.5410,1.9842,1.9842,0.0000,NA,NA,NA
ExperienceX.exe,56308,0x216C7EA03E0,DXGI,1,0,0,Composed: Flip,18473.7508,NA,16.26110000000000,NA,0.27800000000000,1.80580000000000,NA,18458.2149,15.8139,15.5359,0.2780,15.6999,1.6418,1.6418,0.0000,NA,NA,NA
ExperienceX.exe,56308,0x216C7EA03E0,DXGI,1,0,0,Composed: Flip,18492.0644,NA,18.31360000000000,NA,0.08580000000000,3.44260000000000,NA,18474.0288,18.1214,18.0356,0.0858,19.7646,1.7136,1.7101,0.0035,NA,NA,NA
ExperienceX.exe,56308,0x216C7EA03E0,DXGI,1,0,0,Composed: Flip,18507.0763,NA,15.01190000000000,NA,0.13930000000000,1.22690000000000,NA,18492.1502,15.0654,14.9261,0.1393,15.6448,0.5082,0.5082,0.0000,NA,NA,NA
ExperienceX.exe,56308,0x216C7EA03E0,DXGI,1,0,0,Composed: Flip,18524.1641,NA,17.08780000000000,NA,0.52320000000000,2.56400000000000,NA,18507.2156,17.4717,16.9485,0.5232,17.5317,1.9808,1.9808,0.0000,NA,NA,NA
ExperienceX.exe,56308,0x216C7EA03E0,DXGI,1,0,0,Composed: Flip,18540.7801,NA,16.61600000000000,NA,0.14210000000000,1.19140000000000,NA,18524.6873,16.2349,16.0928,0.1421,16.7550,0.5292,0.5292,0.0000,NA,NA,NA
ExperienceX.exe,56308,0x216C7EA03E0,DXGI,1,0,0,Composed: Flip,18558.0059,NA,17.22580000000000,NA,0.11090000000000,3.82870000000000,NA,18540.9222,17.1946,17.0837,0.1109,19.8885,1.0239,1.0239,0.0000,NA,NA,NA
ExperienceX.exe,56308,0x216C7EA03E0,DXGI,1,0,0,Composed: Flip,18590.6349,NA,32.62900000000000,NA,0.07270000000000,2.64490000000000,NA,18558.1168,32.5908,32.5181,0.0727,33.0949,2.0681,2.0681,0.0000,NA,NA,NA
ExperienceX.exe,56308,0x216C7EA03E0,DXGI,1,0,0,Composed: Flip,18607.0631,NA,16.42820000000000,NA,0.14400000000000,1.93220000000000,NA,18590.7076,16.4995,16.3555,0.1440,17.4191,0.8686,0.8686,0.0000,NA,NA,NA
ExperienceX.exe,56308,0x216C7EA03E0,DXGI,1,0,0,Composed: Flip,18624.7015,NA,17.63840000000000,NA,0.11580000000000,3.66280000000000,NA,18607.2071,17.6102,17.4944,0.1158,19.6592,1.4980,1.4825,0.0155,NA,NA,NA
ExperienceX.exe,56308,0x216C7EA03E0,DXGI,1,0,0,Composed: Flip,18640.3751,NA,15.67360000000000,NA,0.13660000000000,0.76610000000000,NA,18624.8173,15.6944,15.5578,0.1366,15.7065,0.6174,0.6174,0.0000,NA,NA,NA
ExperienceX.exe,56308,0x216C7EA03E0,DXGI,1,0,0,Composed: Flip,18657.5985,NA,17.22340000000000,NA,0.65170000000000,2.51380000000000,NA,18640.5117,17.7385,17.0868,0.6517,17.4070,2.1936,2.1936,0.0000,NA,NA,NA
ExperienceX.exe,56308,0x216C7EA03E0,DXGI,1,0,0,Composed: Flip,18674.1647,NA,16.56620000000000,NA,0.16410000000000,1.23290000000000,NA,18658.2502,16.0786,15.9145,0.1641,16.1908,0.9566,0.9566,0.0000,NA,NA,NA
ExperienceX.exe,56308,0x216C7EA03E0,DXGI,1,0,0,Composed: Flip,18691.0146,NA,16.84990000000000,NA,0.75170000000000,3.17880000000000,NA,18674.3288,17.4375,16.6858,0.7517,19.3963,0.4683,0.4683,0.0000,NA,NA,NA
ExperienceX.exe,56308,0x216C7EA03E0,DXGI,1,0,0,Composed: Flip,18707.6082,NA,16.59360000000000,NA,0.61560000000000,1.40870000000000,NA,18691.7663,16.4575,15.8419,0.6156,2.4271,14.8235,1.6727,13.1508,NA,NA,NA
ExperienceX.exe,56308,0x216C7EA03E0,DXGI,1,0,0,Composed: Flip,18724.7079,NA,17.09970000000000,NA,0.44240000000000,2.14100000000000,NA,18708.2238,16.9265,16.4841,0.4424,16.7767,1.8484,1.8484,0.0000,NA,NA,NA
ExperienceX.exe,56308,0x216C7EA03E0,DXGI,1,0,0,Composed: Flip,18740.6330,NA,15.92510000000000,NA,0.16810000000000,0.78080000000000,NA,18725.1503,15.6508,15.4827,0.1681,2.1842,14.0793,0.7528,13.3265,NA,NA,NA
ExperienceX.exe,56308,0x216C7EA03E0,DXGI,1,0,0,Composed: Flip,18757.4384,NA,16.80540000000000,NA,0.40400000000000,3.09190000000000,NA,18740.8011,17.0413,16.6373,0.4040,19.1976,0.5316,0.5316,0.0000,NA,NA,NA
ExperienceX.exe,56308,0x216C7EA03E0,DXGI,1,0,0,Composed: Flip,18773.7249,NA,16.28650000000000,NA,0.12230000000000,1.15790000000000,NA,18757.8424,16.0048,15.8825,0.1223,16.5693,0.4711,0.4711,0.0000,NA,NA,NA
ExperienceX.exe,56308,0x216C7EA03E0,DXGI,1,0,0,Composed: Flip,18790.9641,NA,17.23920000000000,NA,0.10450000000000,2.62910000000000,NA,18773.8472,17.2214,17.1169,0.1045,17.5738,2.1722,2.1722,0.0000,NA,NA,NA
ExperienceX.exe,56308,0x216C7EA03E0,DXGI,1,0,0,Composed: Flip,18807.1368,NA,16.17270000000000,NA,0.23030000000000,1.25220000000000,NA,18791.0686,16.2985,16.0682,0.2303,16.8449,0.4755,0.4755,0.0000,NA,NA,NA
ExperienceX.exe,56308,0x216C7EA03E0,DXGI,1,0,0,Composed: Flip,18824.3921,NA,17.25530000000000,NA,0.07870000000000,4.65040000000000,NA,18807.3671,17.1037,17.0250,0.0787,19.1784,2.4970,2.4897,0.0073,NA,NA,NA
ExperienceX.exe,56308,0x216C7EA03E0,DXGI,1,0,0,Composed: Flip,18840.3718,NA,15.97970000000000,NA,0.13290000000000,1.17450000000000,NA,18824.4708,16.0339,15.9010,0.1329,16.5785,0.4970,0.4970,0.0000,NA,NA,NA
ExperienceX.exe,56308,0x216C7EA03E0,DXGI,1,0,0,Composed: Flip,18858.4612,NA,18.08940000000000,NA,0.11000000000000,2.26280000000000,NA,18840.5047,18.0665,17.9565,0.1100,19.7173,0.5020,0.5020,0.0000,NA,NA,NA
ExperienceX.exe,56308,0x216C7EA03E0,DXGI,1,0,0,Composed: Flip,18873.8354,NA,15.37420000000000,NA,0.18710000000000,1.29770000000000,NA,18858.5712,15.4513,15.2642,0.1871,16.0351,0.5268,0.5268,0.0000,NA,NA,NA
ExperienceX.exe,56308,0x216C7EA03E0,DXGI,1,0,0,Composed: Flip,18891.9757,NA,18.14030000000000,NA,0.08200000000000,2.53740000000000,NA,18874.0225,18.0352,17.9532,0.0820,19.8382,0.6524,0.6482,0.0042,NA,NA,NA
ExperienceX.exe,56308,0x216C7EA03E0,DXGI,1,0,0,Composed: Flip,18907.1000,NA,15.12430000000000,NA,0.15850000000000,1.60840000000000,NA,18892.0577,15.2008,15.0423,0.1585,15.7730,0.8777,0.8777,0.0000,NA,NA,NA
ExperienceX.exe,56308,0x216C7EA03E0,DXGI,1,0,0,Composed: Flip,18925.8255,NA,18.72550000000000,NA,0.35320000000000,3.04550000000000,NA,18907.2585,18.9202,18.5670,0.3532,20.4632,1.1493,1.1493,0.0000,NA,NA,NA
ExperienceX.exe,56308,0x216C7EA03E0,DXGI,1,0,0,Composed: Flip,18940.8852,NA,15.05970000000000,NA,0.20330000000000,1.92500000000000,NA,18926.1787,14.9098,14.7065,0.2033,15.9744,0.6571,0.6571,0.0000,NA,NA,NA
ExperienceX.exe,56308,0x216C7EA03E0,DXGI,1,0,0,Composed: Flip,18958.4481,NA,17.56290000000000,NA,0.05460000000000,1.87940000000000,NA,18941.0885,17.4142,17.3596,0.0546,17.1243,2.1147,2.1147,0.0000,NA,NA,NA
ExperienceX.exe,56308,0x216C7EA03E0,DXGI,1,0,0,Composed: Flip,18973.7191,NA,15.27100000000000,NA,0.15140000000000,1.21630000000000,NA,18958.5027,15.3678,15.2164,0.1514,16.0361,0.3966,0.3966,0.0000,NA,NA,NA
ExperienceX.exe,56308,0x216C7EA03E0,DXGI,1,0,0,Composed: Flip,18990.8133,NA,17.09420000000000,NA,0.64030000000000,3.09120000000000,NA,18973.8705,17.5831,16.9428,0.6403,19.5563,0.4777,0.4744,0.0033,NA,NA,NA
ExperienceX.exe,56308,0x216C7EA03E0,DXGI,1,0,0,Composed: Flip,19007.0475,NA,16.23420000000000,NA,0.13720000000000,1.18640000000000,NA,18991.4536,15.7311,15.5939,0.1372,16.3278,0.4525,0.4525,0.0000,NA,NA,NA
ExperienceX.exe,56308,0x216C7EA03E0,DXGI,1,0,0,Composed: Flip,19025.1351,NA,18.08760000000000,NA,0.17400000000000,2.10170000000000,NA,19007.1847,18.1244,17.9504,0.1740,18.1409,1.9112,1.9112,0.0000,NA,NA,NA
ExperienceX.exe,56308,0x216C7EA03E0,DXGI,1,0,0,Composed: Flip,19040.4068,NA,15.27170000000000,NA,0.14360000000000,1.53990000000000,NA,19025.3091,15.2413,15.0977,0.1436,15.7530,0.8846,0.8846,0.0000,NA,NA,NA
ExperienceX.exe,56308,0x216C7EA03E0,DXGI,1,0,0,Composed: Flip,19058.5005,NA,18.09370000000000,NA,0.05790000000000,2.07500000000000,NA,19040.5504,18.0080,17.9501,0.0579,17.8122,2.2129,2.2129,0.0000,NA,NA,NA
ExperienceX.exe,56308,0x216C7EA03E0,DXGI,1,0,0,Composed: Flip,19073.7476,NA,15.24710000000000,NA,0.12910000000000,1.94440000000000,NA,19058.5584,15.3183,15.1892,0.1291,16.6322,0.5014,0.5014,0.0000,NA,NA,NA
ExperienceX.exe,56308,0x216C7EA03E0,DXGI,1,0,0,Composed: Flip,19091.3269,NA,17.57930000000000,NA,0.06950000000000,2.65420000000000,NA,19073.8767,17.5197,17.4502,0.0695,19.5216,0.5828,0.5778,0.0050,NA,NA,NA
ExperienceX.exe,56308,0x216C7EA03E0,DXGI,1,0,0,Composed: Flip,19107.2001,NA,15.87320000000000,NA,0.33620000000000,1.34650000000000,NA,19091.3964,16.1399,15.8037,0.3362,16.1637,0.9865,0.9865,0.0000,NA,NA,NA
ExperienceX.exe,56308,0x216C7EA03E0,DXGI,1,0,0,Composed: Flip,19124.7828,NA,17.58270000000000,NA,0.34160000000000,4.86670000000000,NA,19107.5363,17.5881,17.2465,0.3416,20.3759,1.7373,1.7329,0.0044,NA,NA,NA
ExperienceX.exe,56308,0x216C7EA03E0,DXGI,1,0,0,Composed: Flip,19141.0203,NA,16.23750000000000,NA,0.13080000000000,2.01350000000000,NA,19125.1244,16.0267,15.8959,0.1308,17.2074,0.7020,0.7020,0.0000,NA,NA,NA
ExperienceX.exe,56308,0x216C7EA03E0,DXGI,1,0,0,Composed: Flip,19157.9896,NA,16.96930000000000,NA,0.07420000000000,3.22840000000000,NA,19141.1511,16.9127,16.8385,0.0742,16.6676,3.3993,3.3993,0.0000,NA,NA,NA
ExperienceX.exe,56308,0x216838E1150,DXGI,1,0,0,Composed: Flip,19157.0556,NA,15.71790000000000,16.68930000000000,0.14640000000000,0.76310000000000,33.1542,19141.4107,15.7913,15.6449,0.1464,2.6910,13.7170,1.2738,12.4432,0.6794,19141.4107,NA
ExperienceX.exe,56308,0x216838E1150,DXGI,1,0,0,Composed: Flip,19173.9821,NA,16.92650000000000,NA,0.06750000000000,1.53400000000000,NA,19157.2020,16.8476,16.7801,0.0675,17.7828,0.5313,0.5313,0.0000,NA,NA,NA
ExperienceX.exe,56308,0x216838E1150,DXGI,1,0,0,Composed: Flip,19190.5546,NA,16.57250000000000,33.27660000000000,0.22170000000000,1.10410000000000,32.9318,19174.0496,16.7267,16.5050,0.2217,16.6774,0.9317,0.9317,0.0000,-0.6377,19174.0496,NA
ExperienceX.exe,56308,0x216838E1150,DXGI,1,0,0,Composed: Flip,19208.5957,NA,18.04110000000000,16.68540000000000,0.10960000000000,1.67740000000000,31.5761,19190.7763,17.9290,17.8194,0.1096,18.4708,1.0260,1.0174,0.0086,0.0413,19190.7763,NA
ExperienceX.exe,56308,0x216838E1150,DXGI,1,0,0,Composed: Flip,19223.7600,NA,15.16430000000000,16.69470000000000,0.20570000000000,1.05050000000000,33.1065,19208.7053,15.2604,15.0547,0.2057,15.2930,0.8122,0.8122,0.0000,1.2343,19208.7053,NA
ExperienceX.exe,56308,0x216838E1150,DXGI,1,0,0,Composed: Flip,19241.0552,NA,17.29520000000000,16.69450000000000,0.50690000000000,2.21240000000000,32.5058,19223.9657,17.5964,17.0895,0.5069,17.8183,1.4836,1.4676,0.0160,-1.4341,19223.9657,NA
ExperienceX.exe,56308,0x216838E1150,DXGI,1,0,0,Composed: Flip,19257.1988,NA,16.14360000000000,16.58010000000000,0.24910000000000,1.23320000000000,32.9423,19241.5621,15.8858,15.6367,0.2491,15.9885,0.8814,0.8814,0.0000,1.0163,19241.5621,NA
ExperienceX.exe,56308,0x216838E1150,DXGI,1,0,0,Composed: Flip,19274.1607,NA,16.96190000000000,16.79410000000000,0.35650000000000,3.47250000000000,32.7745,19257.4479,17.0693,16.7128,0.3565,18.4453,1.7400,1.7326,0.0074,-0.9083,19257.4479,NA
ExperienceX.exe,56308,0x216838E1150,DXGI,1,0,0,Composed: Flip,19290.3945,NA,16.23380000000000,16.59520000000000,0.14760000000000,0.81750000000000,33.1359,19274.5172,16.0249,15.8773,0.1476,16.0240,0.6708,0.6708,0.0000,0.4741,19274.5172,NA
ExperienceX.exe,56308,0x216838E1150,DXGI,1,0,0,Composed: Flip,19308.0167,NA,17.62220000000000,16.69340000000000,0.46360000000000,5.34050000000000,32.2071,19290.5421,17.9382,17.4746,0.4636,18.3321,4.4830,4.4682,0.0148,-0.6685,19290.5421,NA
ExperienceX.exe,56308,0x216838E1150,DXGI,1,0,0,Composed: Flip,19323.9691,NA,15.95240000000000,16.57190000000000,0.08570000000000,1.46250000000000,32.8266,19308.4803,15.5745,15.4888,0.0857,15.6397,1.3116,1.3116,0.0000,1.3663,19308.4803,NA
ExperienceX.exe,56308,0x216838E1150,DXGI,1,0,0,Composed: Flip,19341.3130,NA,17.34390000000000,16.68540000000000,0.04740000000000,2.84110000000000,32.1681,19324.0548,17.3056,17.2582,0.0474,19.5384,0.5609,0.5567,0.0042,-1.1109,19324.0548,NA
ExperienceX.exe,56308,0x216838E1150,DXGI,1,0,0,Composed: Flip,19357.1078,NA,15.79480000000000,16.66800000000000,0.12700000000000,1.43490000000000,33.0413,19341.3604,15.8744,15.7474,0.1270,15.9035,1.2788,0.9314,0.3474,0.6376,19341.3604,NA
ExperienceX.exe,56308,0x216838E1150,DXGI,1,0,0,Composed: Flip,19374.8608,NA,17.75300000000000,16.66070000000000,0.13960000000000,2.06490000000000,31.9490,19357.2348,17.7656,17.6260,0.1396,18.6275,1.0634,1.0533,0.0101,-0.7863,19357.2348,NA
ExperienceX.exe,56308,0x216838E1150,DXGI,1,0,0,Composed: Flip,19390.5507,NA,15.68990000000000,16.67090000000000,0.20850000000000,0.70390000000000,32.9300,19375.0004,15.7588,15.5503,0.2085,15.7008,0.5534,0.5534,0.0000,1.0947,19375.0004,NA
ExperienceX.exe,56308,0x216838E1150,DXGI,1,0,0,Composed: Flip,19407.3453,NA,16.79460000000000,16.64830000000000,0.74420000000000,2.33910000000000,32.7837,19390.7592,17.3303,16.5861,0.7442,17.8951,1.0301,1.0271,0.0030,-0.8895,19390.7592,NA
ExperienceX.exe,56308,0x216838E1150,DXGI,1,0,0,Composed: Flip,19423.8678,NA,16.52250000000000,16.67780000000000,0.36180000000000,0.80170000000000,32.9390,19408.0895,16.1401,15.7783,0.3618,16.0027,0.5773,0.5773,0.0000,0.6525,19408.0895,NA
ExperienceX.exe,56308,0x216838E1150,DXGI,1,0,0,Composed: Flip,19441.3317,NA,17.46390000000000,16.64950000000000,0.07790000000000,1.79060000000000,32.1246,19424.2296,17.1800,17.1021,0.0779,17.5014,1.3913,1.3867,0.0046,-0.5094,19424.2296,NA
ExperienceX.exe,56308,0x216838E1150,DXGI,1,0,0,Composed: Flip,19457.0677,NA,15.73600000000000,16.86790000000000,0.09990000000000,0.89660000000000,33.2565,19441.4096,15.7580,15.6581,0.0999,15.7994,0.7553,0.7553,0.0000,0.3121,19441.4096,NA
ExperienceX.exe,56308,0x216838E1150,DXGI,1,0,0,Composed: Flip,19473.9521,NA,16.88440000000000,16.47410000000000,0.39650000000000,3.86760000000000,32.8462,19457.1676,17.1810,16.7845,0.3965,18.4643,2.1878,2.1794,0.0084,-0.7161,19457.1676,NA
ExperienceX.exe,56308,0x216838E1150,DXGI,1,0,0,Composed: Flip,19490.8588,NA,16.90670000000000,16.70710000000000,0.10120000000000,1.02870000000000,32.6466,19474.3486,16.6114,16.5102,0.1012,16.6209,0.9180,0.9046,0.0134,0.4739,19474.3486,NA
ExperienceX.exe,56308,0x216838E1150,DXGI,1,0,0,Composed: Flip,19508.6400,NA,17.78120000000000,16.63060000000000,0.08690000000000,2.05690000000000,31.4960,19490.9600,17.7669,17.6800,0.0869,18.6967,1.0402,1.0289,0.0113,-0.0192,19490.9600,NA
ExperienceX.exe,56308,0x216838E1150,DXGI,1,0,0,Composed: Flip,19524.0184,NA,15.37840000000000,16.75990000000000,0.28620000000000,1.91010000000000,32.8775,19508.7269,15.5777,15.2915,0.2862,15.6327,1.5689,1.5489,0.0200,1.0070,19508.7269,NA
ExperienceX.exe,56308,0x216838E1150,DXGI,1,0,0,Composed: Flip,19541.9434,NA,17.92500000000000,16.56580000000000,0.06490000000000,2.02280000000000,31.5183,19524.3046,17.7037,17.6388,0.0649,18.8682,0.7934,0.7813,0.0121,-0.9881,19524.3046,NA
ExperienceX.exe,56308,0x216838E1150,DXGI,1,0,0,Composed: Flip,19557.3164,NA,15.37300000000000,16.67000000000000,0.17030000000000,0.81910000000000,32.8153,19542.0083,15.4784,15.3081,0.1703,15.5096,0.6176,0.6176,0.0000,1.0337,19542.0083,NA
ExperienceX.exe,56308,0x216838E1150,DXGI,1,0,0,Composed: Flip,19574.8262,NA,17.50980000000000,16.66290000000000,0.12830000000000,2.25010000000000,31.9684,19557.4867,17.4678,17.3395,0.1283,18.5794,1.0102,1.0016,0.0086,-1.1845,19557.4867,NA
ExperienceX.exe,56308,0x216838E1150,DXGI,1,0,0,Composed: Flip,19590.4339,NA,15.60770000000000,16.66460000000000,0.16750000000000,0.68620000000000,33.0253,19574.9545,15.6469,15.4794,0.1675,15.6103,0.5553,0.5553,0.0000,0.8032,19574.9545,NA
ExperienceX.exe,56308,0x216838E1150,DXGI,1,0,0,Composed: Flip,19608.0072,NA,17.57330000000000,16.69710000000000,0.09360000000000,1.76800000000000,32.1491,19590.6014,17.4994,17.4058,0.0936,17.7143,1.4595,1.4460,0.0135,-1.0502,19590.6014,NA
ExperienceX.exe,56308,0x216838E1150,DXGI,1,0,0,Composed: Flip,19623.6913,NA,15.68410000000000,16.66810000000000,0.13800000000000,0.69780000000000,33.1331,19608.1008,15.7285,15.5905,0.1380,15.7276,0.5607,0.5607,0.0000,0.8313,19608.1008,NA
ExperienceX.exe,56308,0x216838E1150,DXGI,1,0,0,Composed: Flip,19641.3114,NA,17.62010000000000,16.69700000000000,0.04420000000000,2.03350000000000,32.2100,19623.8293,17.5263,17.4821,0.0442,18.0726,1.4430,1.4390,0.0040,-0.9685,19623.8293,NA
ExperienceX.exe,56308,0x216838E1150,DXGI,1,0,0,Composed: Flip,19657.1890,NA,15.87760000000000,16.60640000000000,0.19380000000000,0.79360000000000,32.9388,19641.3556,16.0272,15.8334,0.1938,16.0447,0.5823,0.5823,0.0000,0.9199,19641.3556,NA
ExperienceX.exe,56308,0x216838E1150,DXGI,1,0,0,Composed: Flip,19675.0367,NA,17.84770000000000,16.68120000000000,0.22070000000000,1.43220000000000,31.7723,19657.3828,17.8746,17.6539,0.2207,17.6322,1.4539,1.4467,0.0072,-0.6540,19657.3828,NA
ExperienceX.exe,56308,0x216838E1150,DXGI,1,0,0,Composed: Flip,19690.3466,NA,15.30990000000000,16.68560000000000,0.19780000000000,1.05990000000000,33.1480,19675.2574,15.2870,15.0892,0.1978,15.3533,0.7958,0.7958,0.0000,1.1890,19675.2574,NA
ExperienceX.exe,56308,0x216838E1150,DXGI,1,0,0,Composed: Flip,19708.0647,NA,17.71810000000000,16.76690000000000,0.17970000000000,3.58960000000000,32.1968,19690.5444,17.7000,17.5203,0.1797,17.6935,3.4164,3.4130,0.0034,-1.4799,19690.5444,NA
ExperienceX.exe,56308,0x216838E1150,DXGI,1,0,0,Composed: Flip,19724.0020,NA,15.93730000000000,16.54210000000000,0.09250000000000,0.87440000000000,32.8016,19708.2444,15.8501,15.7576,0.0925,15.8600,0.7720,0.5762,0.1958,1.1579,19708.2444,NA
ExperienceX.exe,56308,0x216838E1150,DXGI,1,0,0,Composed: Flip,19742.5878,NA,18.58580000000000,16.73740000000000,0.07070000000000,4.32220000000000,30.9532,19724.0945,18.5640,18.4933,0.0707,18.6574,4.1581,4.1548,0.0033,-0.8873,19724.0945,NA
ExperienceX.exe,56308,0x216838E1150,DXGI,1,0,0,Composed: Flip,19757.0474,NA,14.45960000000000,16.57830000000000,0.18780000000000,2.37020000000000,33.0719,19742.6585,14.5767,14.3889,0.1878,15.0294,1.7297,1.7297,0.0000,1.9857,19742.6585,NA
ExperienceX.exe,56308,0x216838E1150,DXGI,1,0,0,Composed: Flip,19774.9160,NA,17.86860000000000,16.80870000000000,0.13400000000000,1.73600000000000,32.0120,19757.2352,17.8148,17.6808,0.1340,17.9575,1.4593,1.4533,0.0060,-2.2320,19757.2352,NA
ExperienceX.exe,56308,0x216838E1150,DXGI,1,0,0,Composed: Flip,19790.3431,NA,15.42710000000000,16.54790000000000,0.22330000000000,2.91780000000000,33.1328,19775.0500,15.5164,15.2931,0.2233,15.4936,2.7173,2.6819,0.0354,1.2669,19775.0500,NA
ExperienceX.exe,56308,0x216838E1150,DXGI,1,0,0,Composed: Flip,19808.7454,NA,18.40230000000000,16.64650000000000,0.11960000000000,1.76880000000000,31.3770,19790.5664,18.2986,18.1790,0.1196,18.9451,1.0027,0.9952,0.0075,-1.1301,19790.5664,NA
ExperienceX.exe,56308,0x216838E1150,DXGI,1,0,0,Composed: Flip,19823.7477,NA,15.00230000000000,16.67660000000000,0.17750000000000,0.73560000000000,33.0513,19808.8650,15.0602,14.8827,0.1775,15.0601,0.5582,0.5582,0.0000,1.6220,19808.8650,NA
ExperienceX.exe,56308,0x216838E1150,DXGI,1,0,0,Composed: Flip,19840.8108,NA,17.06310000000000,16.67730000000000,0.04390000000000,3.28600000000000,32.6655,19823.9252,16.9295,16.8856,0.0439,17.9769,2.1947,2.1909,0.0038,-1.6171,19823.9252,NA
ExperienceX.exe,56308,0x216838E1150,DXGI,1,0,0,Composed: Flip,19857.1453,NA,16.33450000000000,16.80290000000000,0.24900000000000,0.80660000000000,33.1339,19840.8547,16.5396,16.2906,0.2490,16.5210,0.5762,0.5762,0.0000,0.1266,19840.8547,NA
ExperienceX.exe,56308,0x216838E1150,DXGI,1,0,0,Composed: Flip,19874.0498,NA,16.90450000000000,16.67080000000000,0.42120000000000,2.41380000000000,32.9002,19857.3943,17.0767,16.6555,0.4212,17.6266,1.4427,1.4378,0.0049,-0.1312,19857.3943,NA
ExperienceX.exe,56308,0x216838E1150,DXGI,1,0,0,Composed: Flip,19890.7342,NA,16.68440000000000,16.53150000000000,0.28320000000000,2.32680000000000,32.7473,19874.4710,16.5464,16.2632,0.2832,16.4691,2.1209,2.1209,0.0000,0.5452,19874.4710,NA
ExperienceX.exe,56308,0x216838E1150,DXGI,1,0,0,Composed: Flip,19909.3187,NA,18.58450000000000,16.65070000000000,0.16250000000000,1.14430000000000,30.8135,19891.0174,18.4638,18.3013,0.1625,17.9883,1.4573,1.4507,0.0066,-0.1043,19891.0174,NA
ExperienceX.exe,56308,0x216838E1150,DXGI,1,0,0,Composed: Flip,19923.7772,NA,14.45850000000000,16.81420000000000,0.19750000000000,0.73410000000000,33.1692,19909.4812,14.4935,14.2960,0.1975,14.4822,0.5479,0.5479,0.0000,1.6496,19909.4812,NA
ExperienceX.exe,56308,0x216838E1150,DXGI,1,0,0,Composed: Flip,19941.9988,NA,18.22160000000000,16.51990000000000,0.05250000000000,1.52320000000000,31.4675,19923.9747,18.0766,18.0241,0.0525,18.0599,1.4874,1.4834,0.0040,-2.0264,19923.9747,NA
