Application,ProcessID,SwapChainAddress,PresentRuntime,SyncInterval,PresentFlags,AllowsTearing,PresentMode,TimeInMs,MsBetweenSimulationStart,MsBetweenPresents,MsBetweenDisplayChange,MsInPresentAPI,MsRenderPresentLatency,MsUntilDisplayed,CPUStartTimeInMs,MsBetweenAppStart,MsCPUBusy,MsCPUWait,MsGPULatency,MsGPUTime,MsGPUBusy,MsGPUWait,MsAnimationError,AnimationTime,MsFlipDelay
ExperienceX.exe,49456,0x1E283BFA830,DXGI,1,0,0,Composed: Flip,39.6110,NA,15.98260000000000,16.99480000000000,0.12230000000000,1.14010000000000,33.4437,23.7422,15.9911,15.8688,0.1223,4.2142,12.7947,1.4054,11.3893,NA,23.7422,NA
ExperienceX.exe,49456,0x1E283BFA830,DXGI,1,0,0,Composed: Flip,57.0359,NA,17.42490000000000,16.36580000000000,0.10580000000000,5.07170000000000,32.3846,39.7333,17.4084,17.3026,0.1058,16.8592,5.5151,5.3869,0.1282,-0.3747,39.7333,NA
ExperienceX.exe,49456,0x1E283BFA830,DXGI,1,0,0,Composed: Flip,73.6751,NA,16.63920000000000,16.99860000000000,0.29390000000000,1.96800000000000,32.7440,57.1417,16.8273,16.5334,0.2939,4.9659,13.5355,1.9874,11.5481,0.4098,57.1417,NA
ExperienceX.exe,49456,0x1E283BFA830,DXGI,1,0,0,Composed: Flip,91.1565,NA,17.48140000000000,16.32660000000000,0.13740000000000,1.35750000000000,31.5892,73.9690,17.3249,17.1875,0.1374,16.5095,2.0355,1.7766,0.2589,0.5007,73.9690,NA
ExperienceX.exe,49456,0x1E283BFA830,DXGI,1,0,0,Composed: Flip,106.9618,NA,15.80530000000000,16.66080000000000,0.23470000000000,1.54890000000000,32.4447,91.2939,15.9026,15.6679,0.2347,1.2201,15.9967,4.4840,11.5127,0.6641,91.2939,NA
ExperienceX.exe,49456,0x1E283BFA830,DXGI,1,0,0,Composed: Flip,124.6097,NA,17.64790000000000,16.61930000000000,0.18420000000000,5.25200000000000,31.4161,107.1965,17.5974,17.4132,0.1842,16.6802,5.9850,5.5030,0.4820,-0.7167,107.1965,NA
ExperienceX.exe,49456,0x1E283BFA830,DXGI,1,0,0,Composed: Flip,139.5898,NA,14.98010000000000,16.70190000000000,0.10630000000000,1.39800000000000,33.1379,124.7939,14.9022,14.7959,0.1063,5.0678,11.1261,1.4896,9.6365,0.8955,124.7939,NA
ExperienceX.exe,49456,0x1E283BFA830,DXGI,1,0,0,Composed: Flip,156.6915,NA,17.10170000000000,16.66590000000000,0.43090000000000,5.04740000000000,32.7021,139.6961,17.4263,16.9954,0.4309,16.8341,5.2087,5.2087,0.0000,-1.7637,139.6961,NA
ExperienceX.exe,49456,0x1E283BFA830,DXGI,1,0,0,Composed: Flip,172.9811,NA,16.28960000000000,16.71400000000000,0.11960000000000,4.94800000000000,33.1265,157.1224,15.9783,15.8587,0.1196,4.6165,16.1902,4.9492,11.2410,0.7123,157.1224,NA
ExperienceX.exe,49456,0x1E283BFA830,DXGI,1,0,0,Composed: Flip,191.4121,NA,18.43100000000000,16.71460000000000,0.17730000000000,0.95030000000000,31.4101,173.1007,18.4887,18.3114,0.1773,17.6322,1.6295,1.6190,0.0105,-0.7363,173.1007,NA
ExperienceX.exe,49456,0x1E283BFA830,DXGI,1,0,0,Composed: Flip,206.4963,NA,15.08420000000000,16.61750000000000,0.27280000000000,1.84890000000000,32.9434,191.5894,15.1797,14.9069,0.2728,0.7730,15.9828,2.7293,13.2535,1.8712,191.5894,NA
ExperienceX.exe,49456,0x1E283BFA830,DXGI,1,0,0,Composed: Flip,224.4929,NA,17.99660000000000,16.65080000000000,0.17750000000000,1.17710000000000,31.5976,206.7691,17.9013,17.7238,0.1775,16.9664,1.9345,1.9149,0.0196,-1.4711,206.7691,NA
ExperienceX.exe,49456,0x1E283BFA830,DXGI,1,0,0,Composed: Flip,239.9386,NA,15.44570000000000,16.60960000000000,0.13070000000000,1.33540000000000,32.7615,224.6704,15.3989,15.2682,0.1307,0.9996,15.6040,3.6555,11.9485,1.2917,224.6704,NA
ExperienceX.exe,49456,0x1E283BFA830,DXGI,1,0,0,Composed: Flip,257.3320,NA,17.39340000000000,16.79120000000000,0.13370000000000,1.28450000000000,32.1593,240.0693,17.3964,17.2627,0.1337,16.6705,1.8767,1.7715,0.1052,-1.3923,240.0693,NA
ExperienceX.exe,49456,0x1E283BFA830,DXGI,1,0,0,Composed: Flip,272.9174,NA,15.58540000000000,16.57660000000000,0.13200000000000,1.39410000000000,33.1505,257.4657,15.5837,15.4517,0.1320,1.1508,15.6950,3.6414,12.0536,0.8198,257.4657,NA
ExperienceX.exe,49456,0x1E283BFA830,DXGI,1,0,0,Composed: Flip,291.0473,NA,18.12990000000000,16.97410000000000,0.72860000000000,1.86670000000000,31.9947,273.0494,18.7265,17.9979,0.7286,17.6217,2.2429,2.0225,0.2204,-1.3904,273.0494,NA
ExperienceX.exe,49456,0x1E283BFA830,DXGI,1,0,0,Composed: Flip,306.2957,NA,15.24840000000000,16.39560000000000,0.13260000000000,1.27410000000000,33.1419,291.7759,14.6524,14.5198,0.1326,1.1381,14.6558,3.9074,10.7484,2.3309,291.7759,NA
ExperienceX.exe,49456,0x1E283BFA830,DXGI,1,0,0,Composed: Flip,325.9904,NA,19.69470000000000,16.63040000000000,0.31130000000000,1.98130000000000,30.0776,306.4283,19.8734,19.5621,0.3113,18.4516,3.0918,2.5904,0.5014,-1.9780,306.4283,NA
ExperienceX.exe,49456,0x1E283BFA830,DXGI,1,0,0,Composed: Flip,339.9568,NA,13.96640000000000,16.69120000000000,0.22040000000000,1.40800000000000,32.8024,326.3017,13.8755,13.6551,0.2204,1.6700,13.3931,4.0328,9.3603,3.1822,326.3017,NA
ExperienceX.exe,49456,0x1E283BFA830,DXGI,1,0,0,Composed: Flip,356.9568,NA,17.00000000000000,16.73770000000000,0.11370000000000,1.65580000000000,32.5401,340.1772,16.8933,16.7796,0.1137,16.5394,1.8960,1.7075,0.1885,-2.8622,340.1772,NA
ExperienceX.exe,49456,0x1E283BFA830,DXGI,1,0,0,Composed: Flip,372.9649,NA,16.00810000000000,16.53180000000000,0.09850000000000,1.37610000000000,33.0638,357.0705,15.9929,15.8944,0.0985,1.5421,15.7284,4.2987,11.4297,0.3615,357.0705,NA
ExperienceX.exe,49456,0x1E283BFA830,DXGI,1,0,0,Composed: Flip,390.9238,NA,17.95890000000000,16.70800000000000,0.24700000000000,1.50950000000000,31.8129,373.0634,18.1074,17.8604,0.2470,17.3239,2.0460,1.7481,0.2979,-0.7151,373.0634,NA
ExperienceX.exe,49456,0x1E283BFA830,DXGI,1,0,0,Composed: Flip,406.1767,NA,15.25290000000000,16.66830000000000,0.08310000000000,1.39910000000000,33.2283,391.1708,15.0890,15.0059,0.0831,1.2625,15.1425,3.8000,11.3425,1.4391,391.1708,NA
ExperienceX.exe,49456,0x1E283BFA830,DXGI,1,0,0,Composed: Flip,424.8280,NA,18.65130000000000,16.66480000000000,0.11440000000000,1.30460000000000,31.2418,406.2598,18.6826,18.5682,0.1144,18.1418,1.7310,1.7310,0.0000,-1.5758,406.2598,NA
ExperienceX.exe,49456,0x1E283BFA830,DXGI,1,0,0,Composed: Flip,439.6175,NA,14.78950000000000,16.70720000000000,0.10170000000000,1.38670000000000,33.1595,424.9424,14.7768,14.6751,0.1017,1.1902,14.8716,3.8719,10.9997,1.9754,424.9424,NA
ExperienceX.exe,49456,0x1E283BFA830,DXGI,1,0,0,Composed: Flip,456.5923,NA,16.97480000000000,16.95140000000000,0.58970000000000,1.91400000000000,33.1361,439.7192,17.4628,16.8731,0.5897,17.0485,1.7386,1.7291,0.0095,-2.1746,439.7192,NA
ExperienceX.exe,49456,0x1E283BFA830,DXGI,1,0,0,Composed: Flip,473.1047,NA,16.51240000000000,16.42750000000000,0.13240000000000,2.58320000000000,33.0512,457.1820,16.0551,15.9227,0.1324,1.3243,17.1816,5.2474,11.9342,1.0353,457.1820,NA
ExperienceX.exe,49456,0x1E283BFA830,DXGI,1,0,0,Composed: Flip,492.8693,NA,19.76460000000000,16.57810000000000,1.14720000000000,1.98920000000000,29.8647,473.2371,20.7794,19.6322,1.1472,18.5123,3.1091,2.6849,0.4242,-0.5230,473.2371,NA
ExperienceX.exe,49456,0x1E283BFA830,DXGI,1,0,0,Composed: Flip,506.4856,NA,13.61630000000000,16.64690000000000,0.19170000000000,1.16690000000000,32.8953,494.0165,12.6608,12.4691,0.1917,0.8420,12.7940,4.3452,8.4488,4.1325,494.0165,NA
ExperienceX.exe,49456,0x1E283BFA830,DXGI,1,0,0,Composed: Flip,524.0558,NA,17.57020000000000,16.69330000000000,0.53590000000000,5.98260000000000,32.0184,506.6773,17.9144,17.3785,0.5359,16.8147,6.5464,6.1686,0.3778,-4.0325,506.6773,NA
ExperienceX.exe,49456,0x1E283BFA830,DXGI,1,0,0,Composed: Flip,539.6619,NA,15.60610000000000,16.69570000000000,0.18850000000000,0.89080000000000,33.1080,524.5917,15.2587,15.0702,0.1885,15.2519,0.7091,0.7061,0.0030,1.2187,524.5917,NA
ExperienceX.exe,49456,0x1E283BFA830,DXGI,1,0,0,Composed: Flip,556.6081,NA,16.94620000000000,16.62400000000000,0.61970000000000,4.73020000000000,32.7858,539.8504,17.3774,16.7577,0.6197,16.9385,4.5494,4.5494,0.0000,-1.3653,539.8504,NA
ExperienceX.exe,49456,0x1E283BFA830,DXGI,1,0,0,Composed: Flip,573.0973,NA,16.48920000000000,16.70950000000000,0.31890000000000,5.20840000000000,33.0061,557.2278,16.1884,15.8695,0.3189,4.1105,16.9674,5.3629,11.6045,0.6679,557.2278,NA
ExperienceX.exe,49456,0x1E283BFA830,DXGI,1,0,0,Composed: Flip,590.5693,NA,17.47200000000000,16.58030000000000,0.08740000000000,6.15820000000000,32.1144,573.4162,17.2405,17.1531,0.0874,16.7416,6.5697,6.5632,0.0065,-0.3919,573.4162,NA
ExperienceX.exe,49456,0x1E283BFA830,DXGI,1,0,0,Composed: Flip,606.3282,NA,15.75890000000000,16.75240000000000,0.11510000000000,0.89730000000000,33.1079,590.6567,15.7866,15.6715,0.1151,15.8044,0.7644,0.7572,0.0072,0.4881,590.6567,NA
ExperienceX.exe,49456,0x1E283BFA830,DXGI,1,0,0,Composed: Flip,623.9204,NA,17.59220000000000,16.62430000000000,0.26320000000000,1.24370000000000,32.1400,606.4433,17.7403,17.4771,0.2632,16.9431,1.7777,1.7726,0.0051,-0.8377,606.4433,NA
ExperienceX.exe,49456,0x1E283BFA830,DXGI,1,0,0,Composed: Flip,639.7227,NA,15.80230000000000,16.65070000000000,0.14600000000000,1.44460000000000,32.9884,624.1836,15.6851,15.5391,0.1460,0.9805,16.0032,3.9686,12.0346,1.0896,624.1836,NA
ExperienceX.exe,49456,0x1E283BFA830,DXGI,1,0,0,Composed: Flip,657.2808,NA,17.55810000000000,16.68160000000000,0.10730000000000,1.24750000000000,32.1119,639.8687,17.5194,17.4121,0.1073,16.9018,1.7578,1.7578,0.0000,-0.9965,639.8687,NA
ExperienceX.exe,49456,0x1E283BFA830,DXGI,1,0,0,Composed: Flip,673.0010,NA,15.72020000000000,16.91600000000000,0.13040000000000,2.63310000000000,33.3077,657.3881,15.7433,15.6129,0.1304,1.1402,17.1058,6.3076,10.7982,0.6034,657.3881,NA
ExperienceX.exe,49456,0x1E283BFA830,DXGI,1,0,0,Composed: Flip,690.9901,NA,17.98910000000000,16.42100000000000,0.78930000000000,1.50540000000000,31.7396,673.1314,18.6480,17.8587,0.7893,17.3998,1.9643,1.9529,0.0114,-0.6777,673.1314,NA
ExperienceX.exe,49456,0x1E283BFA830,DXGI,1,0,0,Composed: Flip,706.8264,NA,15.83630000000000,16.74760000000000,0.18640000000000,1.44470000000000,32.6509,691.7794,15.2334,15.0470,0.1864,0.7161,15.7756,2.4902,13.2854,1.9004,691.7794,NA
ExperienceX.exe,49456,0x1E283BFA830,DXGI,1,0,0,Composed: Flip,724.8344,NA,18.00800000000000,16.56980000000000,0.12480000000000,1.43360000000000,31.2127,707.0128,17.9464,17.8216,0.1248,16.9599,2.2953,2.0320,0.2633,-1.3364,707.0128,NA
ExperienceX.exe,49456,0x1E283BFA830,DXGI,1,0,0,Composed: Flip,739.9519,NA,15.11750000000000,16.74270000000000,0.36740000000000,1.66340000000000,32.8379,724.9592,15.3601,14.9927,0.3674,1.3088,15.3473,4.6352,10.7121,1.2037,724.9592,NA
ExperienceX.exe,49456,0x1E283BFA830,DXGI,1,0,0,Composed: Flip,757.5182,NA,17.56630000000000,16.60530000000000,0.11850000000000,1.12170000000000,31.8769,740.3193,17.3174,17.1989,0.1185,16.4389,1.8817,1.7283,0.1534,-1.2452,740.3193,NA
ExperienceX.exe,49456,0x1E283BFA830,DXGI,1,0,0,Composed: Flip,773.1833,NA,15.66510000000000,16.66680000000000,0.14490000000000,1.55020000000000,32.8786,757.6367,15.6915,15.5466,0.1449,1.0032,16.0936,4.8734,11.2202,0.6506,757.6367,NA
ExperienceX.exe,49456,0x1E283BFA830,DXGI,1,0,0,Composed: Flip,790.5461,NA,17.36280000000000,16.66940000000000,0.16900000000000,1.55440000000000,32.1852,773.3282,17.3869,17.2179,0.1690,16.7098,2.0625,1.9807,0.0818,-0.9779,773.3282,NA
ExperienceX.exe,49456,0x1E283BFA830,DXGI,1,0,0,Composed: Flip,806.4039,NA,15.85780000000000,16.65360000000000,0.20010000000000,1.63590000000000,32.9810,790.7151,15.8889,15.6888,0.2001,1.3854,15.9393,4.4488,11.4905,0.7333,790.7151,NA
ExperienceX.exe,49456,0x1E283BFA830,DXGI,1,0,0,Composed: Flip,823.6258,NA,17.22190000000000,16.80670000000000,0.11490000000000,1.62570000000000,32.5658,806.6040,17.1367,17.0218,0.1149,16.7705,1.8770,1.6774,0.1996,-0.9178,806.6040,NA
ExperienceX.exe,49456,0x1E283BFA830,DXGI,1,0,0,Composed: Flip,839.6551,NA,16.02930000000000,16.54290000000000,0.20090000000000,1.43690000000000,33.0794,823.7407,16.1153,15.9144,0.2009,1.5108,15.8405,3.7464,12.0941,0.5938,823.7407,NA
ExperienceX.exe,49456,0x1E283BFA830,DXGI,1,0,0,Composed: Flip,857.8978,NA,18.24270000000000,16.73280000000000,0.66460000000000,1.99360000000000,31.5695,839.8560,18.7064,18.0418,0.6646,17.5501,2.4853,1.9488,0.5365,-0.6175,839.8560,NA
ExperienceX.exe,49456,0x1E283BFA830,DXGI,1,0,0,Composed: Flip,873.0014,NA,15.10360000000000,16.56730000000000,0.10880000000000,2.53010000000000,33.0332,858.5624,14.5478,14.4390,0.1088,1.3290,15.6401,4.9849,10.6552,2.1391,858.5624,NA
ExperienceX.exe,49456,0x1E283BFA830,DXGI,1,0,0,Composed: Flip,890.1312,NA,17.12980000000000,16.71090000000000,0.05660000000000,2.08880000000000,32.6143,873.1102,17.0776,17.0210,0.0566,17.2803,1.8295,1.8196,0.0099,-2.1631,873.1102,NA
ExperienceX.exe,49456,0x1E283BFA830,DXGI,1,0,0,Composed: Flip,906.2900,NA,16.15880000000000,16.76930000000000,0.14140000000000,1.42430000000000,33.2248,890.1878,16.2436,16.1022,0.1414,2.0322,15.4943,2.7381,12.7562,0.3083,890.1878,NA
ExperienceX.exe,49456,0x1E283BFA830,DXGI,1,0,0,Composed: Flip,924.0968,NA,17.80680000000000,16.56090000000000,0.11870000000000,1.25630000000000,31.9789,906.4314,17.7841,17.6654,0.1187,17.1260,1.7957,1.7873,0.0084,-0.3173,906.4314,NA
ExperienceX.exe,49456,0x1E283BFA830,DXGI,1,0,0,Composed: Flip,939.9441,NA,15.84730000000000,16.61980000000000,0.25060000000000,1.51270000000000,32.7514,924.2155,15.9792,15.7286,0.2506,1.1376,16.1037,3.6366,12.4671,1.1643,924.2155,NA
ExperienceX.exe,49456,0x1E283BFA830,DXGI,1,0,0,Composed: Flip,957.8450,NA,17.90090000000000,16.79910000000000,0.28300000000000,1.31400000000000,31.6496,940.1947,17.9333,17.6503,0.2830,16.8719,2.0924,2.0760,0.0164,-0.8199,940.1947,NA
ExperienceX.exe,49456,0x1E283BFA830,DXGI,1,0,0,Composed: Flip,972.9050,NA,15.06000000000000,16.65590000000000,0.12600000000000,1.35140000000000,33.2455,958.1280,14.9030,14.7770,0.1260,1.0310,15.0974,2.6789,12.4185,1.2774,958.1280,NA
ExperienceX.exe,49456,0x1E283BFA830,DXGI,1,0,0,Composed: Flip,992.0017,NA,19.09670000000000,16.58350000000000,0.11330000000000,4.15250000000000,30.7323,973.0310,19.0840,18.9707,0.1133,18.1796,4.9436,4.5976,0.3460,-1.6805,973.0310,NA
ExperienceX.exe,49456,0x1E283BFA830,DXGI,1,0,0,Composed: Flip,1006.3947,NA,14.39300000000000,16.67460000000000,0.12990000000000,1.27490000000000,33.0139,992.1150,14.4096,14.2797,0.1299,4.0392,11.5154,1.3288,10.1866,2.4094,992.1150,NA
ExperienceX.exe,49456,0x1E283BFA830,DXGI,1,0,0,Composed: Flip,1023.1452,NA,16.75050000000000,16.63640000000000,0.53730000000000,5.74710000000000,32.8998,1006.5246,17.1579,16.6206,0.5373,16.7840,5.5837,5.4568,0.1269,-2.2268,1006.5246,NA
ExperienceX.exe,49456,0x1E283BFA830,DXGI,1,0,0,Composed: Flip,1039.6502,NA,16.50500000000000,16.76530000000000,0.13920000000000,1.37760000000000,33.1601,1023.6825,16.1069,15.9677,0.1392,5.2098,12.1355,1.6126,10.5229,0.3926,1023.6825,NA
ExperienceX.exe,49456,0x1E283BFA830,DXGI,1,0,0,Composed: Flip,1057.5174,NA,17.86720000000000,16.72630000000000,0.25870000000000,1.81600000000000,32.0192,1039.7894,17.9867,17.7280,0.2587,17.0959,2.4481,1.9079,0.5402,-0.6194,1039.7894,NA
ExperienceX.exe,49456,0x1E283BFA830,DXGI,1,0,0,Composed: Flip,1073.2517,NA,15.73430000000000,16.99990000000000,0.18620000000000,2.35460000000000,33.2848,1057.7761,15.6618,15.4756,0.1862,1.5573,16.2729,5.5079,10.7650,0.9868,1057.7761,NA
ExperienceX.exe,49456,0x1E283BFA830,DXGI,1,0,0,Composed: Flip,1091.8550,NA,18.60330000000000,16.24660000000000,0.16020000000000,1.42820000000000,30.9281,1073.4379,18.5773,18.4171,0.1602,17.5049,2.3404,2.3206,0.0198,-0.5848,1073.4379,NA
ExperienceX.exe,49456,0x1E283BFA830,DXGI,1,0,0,Composed: Flip,1107.1842,NA,15.32920000000000,16.71520000000000,0.35470000000000,2.50300000000000,32.3141,1092.0152,15.5237,15.1690,0.3547,1.2680,16.4040,2.9708,13.4332,1.8621,1092.0152,NA
ExperienceX.exe,49456,0x1E283BFA830,DXGI,1,0,0,Composed: Flip,1124.3735,NA,17.18930000000000,16.67960000000000,0.54820000000000,5.94680000000000,31.8044,1107.5389,17.3828,16.8346,0.5482,16.4340,6.3474,6.3434,0.0040,-1.1559,1107.5389,NA
ExperienceX.exe,49456,0x1E283BFA830,DXGI,1,0,0,Composed: Flip,1139.9693,NA,15.59580000000000,16.65080000000000,0.19770000000000,1.41320000000000,32.8594,1124.9217,15.2453,15.0476,0.1977,15.2928,1.1680,1.1604,0.0076,0.7320,1124.9217,NA
ExperienceX.exe,49456,0x1E283BFA830,DXGI,1,0,0,Composed: Flip,1158.4737,NA,18.50440000000000,16.62610000000000,0.26700000000000,1.34770000000000,30.9811,1140.1670,18.5737,18.3067,0.2670,17.1632,2.4912,2.4442,0.0470,-1.3808,1140.1670,NA
ExperienceX.exe,49456,0x1E283BFA830,DXGI,1,0,0,Composed: Flip,1173.1453,NA,14.67160000000000,16.73200000000000,0.18590000000000,2.36000000000000,33.0415,1158.7407,14.5905,14.4046,0.1859,1.0807,15.6839,3.0757,12.6082,1.8417,1158.7407,NA
ExperienceX.exe,49456,0x1E283BFA830,DXGI,1,0,0,Composed: Flip,1191.2567,NA,18.11140000000000,16.63030000000000,0.08370000000000,5.49320000000000,31.5604,1173.3312,18.0092,17.9255,0.0837,17.3613,6.0574,6.0437,0.0137,-2.0398,1173.3312,NA
ExperienceX.exe,49456,0x1E283BFA830,DXGI,1,0,0,Composed: Flip,1206.7967,NA,15.54000000000000,16.60440000000000,0.21340000000000,1.07680000000000,32.6248,1191.3404,15.6697,15.4563,0.2134,15.7339,0.7992,0.7855,0.0137,1.4048,1191.3404,NA
ExperienceX.exe,49456,0x1E283BFA830,DXGI,1,0,0,Composed: Flip,1223.6371,NA,16.84040000000000,16.68950000000000,0.38150000000000,3.96030000000000,32.4739,1207.0101,17.0085,16.6270,0.3815,16.3816,4.2057,4.2057,0.0000,-1.0198,1207.0101,NA
ExperienceX.exe,49456,0x1E283BFA830,DXGI,1,0,0,Composed: Flip,1239.7170,NA,16.07990000000000,16.71160000000000,0.18400000000000,1.70690000000000,33.1056,1224.0186,15.8824,15.6984,0.1840,3.5788,13.8265,1.9214,11.9051,0.2969,1224.0186,NA
ExperienceX.exe,49456,0x1E283BFA830,DXGI,1,0,0,Composed: Flip,1257.3219,NA,17.60490000000000,17.03700000000000,0.26310000000000,1.66890000000000,32.5377,1239.9010,17.6840,17.4209,0.2631,16.9019,2.1879,1.8115,0.3764,-1.1546,1239.9010,NA
ExperienceX.exe,49456,0x1E283BFA830,DXGI,1,0,0,Composed: Flip,1273.1685,NA,15.84660000000000,16.22730000000000,0.18410000000000,2.13220000000000,32.9184,1257.5850,15.7676,15.5835,0.1841,1.4058,16.3099,4.8033,11.5066,1.4567,1257.5850,NA
ExperienceX.exe,49456,0x1E283BFA830,DXGI,1,0,0,Composed: Flip,1290.8252,NA,17.65670000000000,16.90900000000000,0.94490000000000,2.66370000000000,32.1707,1273.3526,18.4175,17.4726,0.9449,17.7226,2.4137,2.3947,0.0190,-1.1414,1273.3526,NA
ExperienceX.exe,49456,0x1E283BFA830,DXGI,1,0,0,Composed: Flip,1306.3456,NA,15.52040000000000,17.20670000000000,0.16020000000000,1.58770000000000,33.8570,1291.7701,14.7357,14.5755,0.1602,1.7188,14.4444,4.3438,10.1006,1.2108,1291.7701,NA
ExperienceX.exe,49456,0x1E283BFA830,DXGI,1,0,0,Composed: Flip,1323.5386,NA,17.19300000000000,15.88140000000000,0.37080000000000,2.78810000000000,32.5454,1306.5058,17.4036,17.0328,0.3708,17.5405,2.2804,2.0577,0.2227,-1.1457,1306.5058,NA
ExperienceX.exe,49456,0x1E283BFA830,DXGI,1,0,0,Composed: Flip,1340.8967,NA,17.35810000000000,16.87240000000000,0.29440000000000,1.36540000000000,32.0597,1323.9094,17.2817,16.9873,0.2944,2.4971,15.8556,3.0132,12.8424,0.5312,1323.9094,NA
ExperienceX.exe,49456,0x1E283BFA830,DXGI,1,0,0,Composed: Flip,1356.6257,NA,15.72900000000000,16.47710000000000,0.78700000000000,2.39010000000000,32.8078,1341.1911,16.2216,15.4346,0.7870,15.6439,2.1808,1.8280,0.3528,0.8046,1341.1911,NA
ExperienceX.exe,49456,0x1E283BFA830,DXGI,1,0,0,Composed: Flip,1373.4961,NA,16.87040000000000,16.66590000000000,0.24790000000000,1.93320000000000,32.6033,1357.4127,16.3313,16.0834,0.2479,1.6031,16.4135,5.4457,10.9678,-0.4443,1357.4127,NA
ExperienceX.exe,49456,0x1E283BFA830,DXGI,1,0,0,Composed: Flip,1390.8519,NA,17.35580000000000,16.78130000000000,0.70280000000000,1.51300000000000,32.0288,1373.7440,17.8107,17.1079,0.7028,16.7197,1.9012,1.8737,0.0275,-0.4500,1373.7440,NA
ExperienceX.exe,49456,0x1E283BFA830,DXGI,1,0,0,Composed: Flip,1406.5888,NA,15.73690000000000,16.88360000000000,0.30990000000000,3.33970000000000,33.1755,1391.5547,15.3440,15.0341,0.3099,0.8102,17.5636,5.3505,12.2131,0.9271,1391.5547,NA
ExperienceX.exe,49456,0x1E283BFA830,DXGI,1,0,0,Composed: Flip,1426.0879,NA,19.49910000000000,16.42290000000000,0.21650000000000,9.59010000000000,30.0993,1406.8987,19.4057,19.1892,0.2165,18.6158,10.1635,10.0994,0.0641,-1.0789,1406.8987,NA
ExperienceX.exe,49456,0x1E283BFA830,DXGI,1,0,0,Composed: Flip,1440.6888,NA,14.60090000000000,17.11980000000000,0.34030000000000,2.47980000000000,32.6182,1426.3044,14.7247,14.3844,0.3403,9.3736,7.4906,3.4451,4.0455,2.2859,1426.3044,NA
ExperienceX.exe,49456,0x1E283BFA830,DXGI,1,0,0,Composed: Flip,1459.2544,NA,18.56560000000000,16.21840000000000,0.17160000000000,2.85430000000000,30.2710,1441.0291,18.3969,18.2253,0.1716,16.8737,4.2059,4.1955,0.0104,-1.4937,1441.0291,NA
ExperienceX.exe,49456,0x1E283BFA830,DXGI,1,0,0,Composed: Flip,1474.3711,NA,15.11670000000000,16.65270000000000,0.47230000000000,5.32220000000000,31.8070,1459.4260,15.4174,14.9451,0.4723,2.6827,17.5846,10.3841,7.2005,1.7442,1459.4260,NA
ExperienceX.exe,49456,0x1E283BFA830,DXGI,1,0,0,Composed: Flip,1493.4452,NA,19.07410000000000,16.79750000000000,0.24800000000000,11.14250000000000,29.5304,1474.8434,18.8498,18.6018,0.2480,17.0743,12.6700,12.6576,0.0124,-1.3801,1474.8434,NA
ExperienceX.exe,49456,0x1E283BFA830,DXGI,1,0,0,Composed: Flip,1506.9643,NA,13.51910000000000,16.80980000000000,0.42540000000000,3.76970000000000,32.8211,1493.6932,13.6965,13.2711,0.4254,13.9758,3.0650,2.4590,0.6060,2.0400,1493.6932,NA
ExperienceX.exe,49456,0x1E283BFA830,DXGI,1,0,0,Composed: Flip,1526.8672,NA,19.90290000000000,16.37860000000000,0.34590000000000,2.03520000000000,29.2968,1507.3897,19.8234,19.4775,0.3459,17.5261,3.9866,3.5785,0.4081,-2.6821,1507.3897,NA
ExperienceX.exe,49456,0x1E283BFA830,DXGI,1,0,0,Composed: Flip,1540.8573,NA,13.99010000000000,16.76460000000000,0.58140000000000,5.74070000000000,32.0713,1527.2131,14.2256,13.6442,0.5814,1.6893,17.6956,12.5648,5.1308,3.0588,1527.2131,NA
ExperienceX.exe,49456,0x1E283BFA830,DXGI,1,0,0,Composed: Flip,1560.5975,NA,19.74020000000000,17.07470000000000,0.38380000000000,2.49620000000000,29.4058,1541.4387,19.5426,19.1588,0.3838,17.9861,3.6689,3.5699,0.0990,-2.8491,1541.4387,NA
ExperienceX.exe,49456,0x1E283BFA830,DXGI,1,0,0,Composed: Flip,1573.6781,NA,13.08060000000000,NA,0.47210000000000,6.85220000000000,NA,1560.9813,13.1689,12.6968,0.4721,2.1698,17.3792,9.7505,7.6287,NA,NA,NA
ExperienceX.exe,49456,0x1E283BFA830,DXGI,1,0,0,Composed: Flip,1594.0183,NA,20.34020000000000,32.90940000000001,0.38470000000000,3.69170000000000,28.8944,1574.1502,20.2528,19.8681,0.3847,18.8595,4.7003,4.6607,0.0396,-0.1979,1574.1502,NA
ExperienceX.exe,49456,0x1E283BFA830,DXGI,1,0,0,Composed: Flip,1607.0989,NA,13.08060000000000,16.65200000000000,0.35560000000000,2.15790000000000,32.4658,1594.4030,13.0515,12.6959,0.3556,3.3070,11.5468,4.9380,6.6088,3.6008,1594.4030,NA
ExperienceX.exe,49456,0x1E283BFA830,DXGI,1,0,0,Composed: Flip,1626.2543,NA,19.15540000000000,16.72840000000000,0.26430000000000,1.72180000000000,30.0388,1607.4545,19.0641,18.7998,0.2643,17.4225,3.0991,3.0609,0.0382,-3.6769,1607.4545,NA
ExperienceX.exe,49456,0x1E283BFA830,DXGI,1,0,0,Composed: Flip,1640.7935,NA,14.53920000000000,16.59790000000000,0.75920000000000,3.40350000000000,32.0975,1626.5186,15.0341,14.2749,0.7592,1.4575,16.2209,3.0048,13.2161,2.4662,1626.5186,NA
ExperienceX.exe,49456,0x1E283BFA830,DXGI,1,0,0,Composed: Flip,1660.5425,NA,19.74900000000000,16.80650000000000,0.39820000000000,2.54870000000000,29.1550,1641.5527,19.3880,18.9898,0.3982,16.7508,4.7877,2.8954,1.8923,-1.7724,1641.5527,NA
ExperienceX.exe,49456,0x1E283BFA830,DXGI,1,0,0,Composed: Flip,1673.5735,NA,13.03100000000000,16.64850000000000,0.42360000000000,2.67740000000000,32.7725,1660.9407,13.0564,12.6328,0.4236,2.3292,12.9810,3.6975,9.2835,2.7395,1660.9407,NA
ExperienceX.exe,49456,0x1E283BFA830,DXGI,1,0,0,Composed: Flip,1693.7317,NA,20.15820000000000,16.65040000000000,0.20930000000000,3.63820000000000,29.2647,1673.9971,19.9439,19.7346,0.2093,18.4185,4.9543,4.8997,0.0546,-3.5940,1673.9971,NA
ExperienceX.exe,49456,0x1E283BFA830,DXGI,1,0,0,Composed: Flip,1707.1813,NA,13.44960000000000,16.68490000000000,0.50870000000000,4.54580000000000,32.5000,1693.9410,13.7490,13.2403,0.5087,3.4407,14.3454,6.8248,7.5206,3.2590,1693.9410,NA
ExperienceX.exe,49456,0x1E283BFA830,DXGI,1,0,0,Composed: Flip,1727.5758,NA,20.39450000000000,16.50670000000000,1.47780000000000,4.91940000000000,28.6122,1707.6900,21.3636,19.8858,1.4778,18.2576,6.5476,4.9047,1.6429,-2.7577,1707.6900,NA
ExperienceX.exe,49456,0x1E283BFA830,DXGI,1,0,0,Composed: Flip,1740.6293,NA,13.05350000000000,17.13000000000000,0.49190000000000,3.76450000000000,32.6887,1729.0536,12.0676,11.5757,0.4919,3.4416,11.8986,1.9601,9.9385,4.2336,1729.0536,NA
ExperienceX.exe,49456,0x1E283BFA830,DXGI,1,0,0,Composed: Flip,1759.2717,NA,18.64240000000000,33.03820000000000,0.30930000000000,1.41960000000000,47.0845,1741.1212,18.4598,18.1505,0.3093,16.7394,2.8307,1.8167,1.0140,-20.9706,1741.1212,NA
ExperienceX.exe,49456,0x1E283BFA830,DXGI,1,0,0,Composed: Flip,1774.3684,NA,15.09670000000000,0.08820000000000,0.47940000000000,2.67230000000000,32.0760,1759.5810,15.2668,14.7874,0.4794,1.1103,16.3494,4.6834,11.6660,18.3716,1759.5810,NA
ExperienceX.exe,49456,0x1E283BFA830,DXGI,1,0,0,Composed: Flip,1795.0197,NA,20.65130000000000,33.71750000000000,1.61280000000000,6.35500000000000,45.1422,1774.8478,21.7847,20.1719,1.6128,18.8117,7.7152,7.6092,0.1060,-18.4507,1774.8478,NA
ExperienceX.exe,49456,0x1E283BFA830,DXGI,1,0,0,Composed: Flip,1807.3721,NA,12.35240000000000,NA,0.34380000000000,2.29450000000000,NA,1796.6325,11.0834,10.7396,0.3438,11.2868,1.7473,1.3395,0.4078,NA,NA,NA
ExperienceX.exe,49456,0x1E283BFA830,DXGI,1,0,0,Composed: Flip,1827.8310,NA,20.45890000000000,16.00890000000000,0.37560000000000,2.85220000000000,28.3398,1807.7159,20.4907,20.1151,0.3756,19.3324,3.6349,3.6276,0.0073,16.8592,1807.7159,NA
ExperienceX.exe,49456,0x1E283BFA830,DXGI,1,0,0,Composed: Flip,1841.2650,NA,13.43400000000000,16.92280000000000,0.37310000000000,2.47070000000000,31.8286,1828.2066,13.4315,13.0584,0.3731,2.4766,13.0525,2.9146,10.1379,3.5679,1828.2066,NA
ExperienceX.exe,49456,0x1E283BFA830,DXGI,1,0,0,Composed: Flip,1859.9639,NA,18.69890000000000,16.41620000000000,0.34820000000000,1.89810000000000,29.5459,1841.6381,18.6740,18.3258,0.3482,16.5987,3.6252,3.1681,0.4571,-2.9847,1841.6381,NA
ExperienceX.exe,49456,0x1E283BFA830,DXGI,1,0,0,Composed: Flip,1873.9418,NA,13.97790000000000,16.78470000000000,0.26450000000000,2.43240000000000,32.3527,1860.3121,13.8942,13.6297,0.2645,1.5499,14.5122,2.2870,12.2252,1.8893,1860.3121,NA
ExperienceX.exe,49456,0x1E283BFA830,DXGI,1,0,0,Composed: Flip,1893.0298,NA,19.08800000000000,16.57050000000000,2.03620000000000,6.78080000000000,29.8352,1874.2063,20.8597,18.8235,2.0362,17.6154,7.9889,7.2132,0.7757,-2.6763,1874.2063,NA
ExperienceX.exe,49456,0x1E283BFA830,DXGI,1,0,0,Composed: Flip,1907.0207,NA,13.99090000000000,16.71120000000000,0.33110000000000,2.82070000000000,32.5555,1895.0660,12.2858,11.9547,0.3311,12.5770,2.1984,1.4595,0.7389,4.1485,1895.0660,NA
ExperienceX.exe,49456,0x1E283BFA830,DXGI,1,0,0,Composed: Flip,1926.1503,NA,19.12960000000000,16.70830000000000,0.27830000000000,1.65140000000000,30.1342,1907.3518,19.0768,18.7985,0.2783,17.9462,2.5037,2.2960,0.2077,-4.4225,1907.3518,NA
ExperienceX.exe,49456,0x1E283BFA830,DXGI,1,0,0,Composed: Flip,1940.3788,NA,14.22850000000000,16.55480000000000,0.35220000000000,2.55480000000000,32.4605,1926.4286,14.3024,13.9502,0.3522,1.3731,15.1319,3.2806,11.8513,2.5220,1926.4286,NA
ExperienceX.exe,49456,0x1E283BFA830,DXGI,1,0,0,Composed: Flip,1958.7122,NA,18.33340000000000,16.78060000000000,0.33710000000000,2.68070000000000,30.9077,1940.7310,18.3183,17.9812,0.3371,16.9571,3.7048,3.7048,0.0000,-2.4782,1940.7310,NA
ExperienceX.exe,49456,0x1E283BFA830,DXGI,1,0,0,Composed: Flip,1973.2212,NA,14.50900000000000,16.96210000000000,0.21180000000000,2.49410000000000,33.3608,1959.0493,14.3837,14.1719,0.2118,2.3436,14.3224,2.6211,11.7013,1.3562,1959.0493,NA
ExperienceX.exe,49456,0x1E283BFA830,DXGI,1,0,0,Composed: Flip,1992.4404,NA,19.21920000000000,16.43580000000000,0.17810000000000,1.78750000000000,30.5774,1973.4330,19.1855,19.0074,0.1781,17.9124,2.8825,2.5845,0.2980,-2.0521,1973.4330,NA
ExperienceX.exe,49456,0x1E283BFA830,DXGI,1,0,0,Composed: Flip,2007.5888,NA,15.14840000000000,16.55290000000000,0.39440000000000,2.65670000000000,31.9819,1992.6185,15.3647,14.9703,0.3944,1.6094,16.0176,3.0867,12.9309,2.6326,1992.6185,NA
ExperienceX.exe,49456,0x1E283BFA830,DXGI,1,0,0,Composed: Flip,2026.4859,NA,18.89710000000000,16.89390000000000,0.45240000000000,1.62460000000000,29.9787,2007.9832,18.9551,18.5027,0.4524,17.6071,2.5202,2.1377,0.3825,-1.5292,2007.9832,NA
ExperienceX.exe,49456,0x1E283BFA830,DXGI,1,0,0,Composed: Flip,2040.4932,NA,14.00730000000000,16.84790000000000,0.35740000000000,2.26820000000000,32.8193,2026.9383,13.9123,13.5549,0.3574,1.1722,14.6509,3.2676,11.3833,2.1072,2026.9383,NA
ExperienceX.exe,49456,0x1E283BFA830,DXGI,1,0,0,Composed: Flip,2061.3727,NA,20.87950000000000,33.10380000000000,0.31970000000000,1.87670000000000,45.0436,2040.8506,20.8418,20.5221,0.3197,18.3582,4.0406,3.0910,0.9496,-19.1915,2040.8506,NA
ExperienceX.exe,49456,0x1E283BFA830,DXGI,1,0,0,Composed: Flip,2078.1282,NA,16.75550000000000,0.05090000000000,0.64210000000000,2.88820000000000,28.3390,2061.6924,17.0779,16.4358,0.6421,1.5570,17.7670,2.3789,15.3881,20.7909,2061.6924,NA
ExperienceX.exe,49456,0x1E283BFA830,DXGI,1,0,0,Composed: Flip,2094.4591,NA,16.33090000000000,17.16480000000000,1.51420000000000,4.11090000000000,29.1729,2078.7703,17.2030,15.6888,1.5142,15.0253,4.7744,4.1983,0.5761,-0.0869,2078.7703,NA
ExperienceX.exe,49456,0x1E283BFA830,DXGI,1,0,0,Composed: Flip,2107.8527,NA,13.39360000000000,16.28480000000000,1.13630000000000,3.01440000000000,32.0641,2095.9733,13.0157,11.8794,1.1363,2.5967,12.2971,2.3365,9.9606,0.9182,2095.9733,NA
ExperienceX.exe,49456,0x1E283BFA830,DXGI,1,0,0,Composed: Flip,2128.0123,NA,20.15960000000000,16.84020000000000,1.28490000000000,3.52580000000000,28.7447,2108.9890,20.3082,19.0233,1.2849,16.8729,5.6762,5.1393,0.5369,-3.8245,2108.9890,NA
ExperienceX.exe,49456,0x1E283BFA830,DXGI,1,0,0,Composed: Flip,2141.0436,NA,13.03130000000000,16.14960000000000,0.56180000000000,3.55710000000000,31.8630,2129.2972,12.3082,11.7464,0.5618,12.7009,2.6026,2.0579,0.5447,4.1586,2129.2972,NA
ExperienceX.exe,49456,0x1E283BFA830,DXGI,1,0,0,Composed: Flip,2160.9389,NA,19.89530000000000,16.96860000000000,0.36110000000000,2.13660000000000,28.9363,2141.6054,19.6946,19.3335,0.3611,18.2043,3.2658,2.3776,0.8882,-4.6604,2141.6054,NA
ExperienceX.exe,49456,0x1E283BFA830,DXGI,1,0,0,Composed: Flip,2173.8064,NA,12.86750000000000,16.48910000000000,0.40400000000000,3.10560000000000,32.5579,2161.3000,12.9104,12.5064,0.4040,3.1036,12.5084,4.1994,8.3090,3.2055,2161.3000,NA
ExperienceX.exe,49456,0x1E283BFA830,DXGI,1,0,0,Composed: Flip,2192.1061,NA,18.29970000000000,16.48340000000000,0.45870000000000,8.02780000000000,30.7416,2174.2104,18.3544,17.8957,0.4587,19.6759,6.2476,3.8864,2.3612,-3.5730,2174.2104,NA
ExperienceX.exe,49456,0x1E283BFA830,DXGI,1,0,0,Composed: Flip,2207.3512,NA,15.24510000000000,16.69000000000000,0.43900000000000,2.47340000000000,32.1865,2192.5648,15.2254,14.7864,0.4390,7.5691,9.6907,4.6324,5.0583,1.6644,2192.5648,NA
ExperienceX.exe,49456,0x1E283BFA830,DXGI,1,0,0,Composed: Flip,2227.4082,NA,20.05700000000000,16.68860000000000,0.36040000000000,1.87320000000000,28.8181,2207.7902,19.9784,19.6180,0.3604,17.3441,4.1471,3.6831,0.4640,-1.4632,2207.7902,NA
ExperienceX.exe,49456,0x1E283BFA830,DXGI,1,0,0,Composed: Flip,2240.2562,NA,12.84800000000000,17.58770000000000,0.40560000000000,3.41410000000000,33.5578,2227.7686,12.8932,12.4876,0.4056,1.5128,14.3889,3.3437,11.0452,2.3907,2227.7686,NA
ExperienceX.exe,49456,0x1E283BFA830,DXGI,1,0,0,Composed: Flip,2259.6974,NA,19.44120000000000,15.90990000000000,1.09230000000000,2.84260000000000,30.0265,2240.6618,20.1279,19.0356,1.0923,18.0347,3.8435,2.5792,1.2643,-3.0167,2240.6618,NA
ExperienceX.exe,49456,0x1E283BFA830,DXGI,1,0,0,Composed: Flip,2274.4986,NA,14.80120000000000,17.53170000000000,0.36400000000000,3.28040000000000,32.7570,2260.7897,14.0729,13.7089,0.3640,1.9859,15.0034,3.6857,11.3177,2.5962,2260.7897,NA
ExperienceX.exe,49456,0x1E283BFA830,DXGI,1,0,0,Composed: Flip,2294.7926,NA,20.29400000000000,15.80790000000000,0.38200000000000,2.72620000000000,28.2709,2274.8626,20.3120,19.9300,0.3820,17.7448,4.9114,4.8843,0.0271,-1.7350,2274.8626,NA
ExperienceX.exe,49456,0x1E283BFA830,DXGI,1,0,0,Composed: Flip,2308.2079,NA,13.41530000000000,16.66340000000000,0.58520000000000,4.20060000000000,31.5190,2295.1746,13.6185,13.0333,0.5852,14.2166,3.0173,2.4015,0.6158,3.6486,2295.1746,NA
ExperienceX.exe,49456,0x1E283BFA830,DXGI,1,0,0,Composed: Flip,2327.7726,NA,19.56470000000000,16.56380000000000,0.40390000000000,1.97150000000000,28.5181,2308.7931,19.3834,18.9795,0.4039,17.0658,3.8852,3.1104,0.7748,-2.9453,2308.7931,NA
ExperienceX.exe,49456,0x1E283BFA830,DXGI,1,0,0,Composed: Flip,2340.8812,NA,13.10860000000000,16.64190000000000,0.54200000000000,5.31120000000000,32.0514,2328.1765,13.2467,12.7047,0.5420,1.5676,16.4483,2.6477,13.8006,2.7415,2328.1765,NA
ExperienceX.exe,49456,0x1E283BFA830,DXGI,1,0,0,Composed: Flip,2360.1515,NA,19.27030000000000,16.78510000000000,0.41660000000000,2.03040000000000,29.5662,2341.4232,19.1449,18.7283,0.4166,17.5483,3.2104,2.8001,0.4103,-3.5384,2341.4232,NA
ExperienceX.exe,49456,0x1E283BFA830,DXGI,1,0,0,Composed: Flip,2373.7714,NA,13.61990000000000,16.73420000000000,0.46730000000000,2.82210000000000,32.6805,2360.5681,13.6706,13.2033,0.4673,2.0060,14.0194,3.9605,10.0589,2.4107,2360.5681,NA
ExperienceX.exe,49456,0x1E283BFA830,DXGI,1,0,0,Composed: Flip,2396.6711,NA,22.89970000000000,34.01260000000000,0.48330000000000,2.60770000000000,43.7934,2374.2387,22.9157,22.4324,0.4833,19.6888,5.3513,4.0053,1.3460,-20.3420,2374.2387,NA
ExperienceX.exe,49456,0x1E283BFA830,DXGI,1,0,0,Composed: Flip,2409.1383,NA,12.46720000000000,0.20350000000000,0.50190000000000,2.70080000000000,31.5297,2397.1544,12.4858,11.9839,0.5019,12.7486,1.9361,1.8475,0.0886,22.7122,2397.1544,NA
ExperienceX.exe,49456,0x1E283BFA830,DXGI,1,0,0,Composed: Flip,2427.3448,NA,18.20650000000000,32.32720000000000,0.27650000000000,2.63300000000000,45.6504,2409.6402,17.9811,17.7046,0.2765,17.0676,3.2700,3.2626,0.0074,-19.8414,2409.6402,NA
ExperienceX.exe,49456,0x1E283BFA830,DXGI,1,0,0,Composed: Flip,2441.7528,NA,14.40800000000000,NA,0.52500000000000,2.65870000000000,NA,2427.6213,14.6565,14.1315,0.5250,2.3565,14.4337,3.7329,10.7008,NA,NA,NA
ExperienceX.exe,49456,0x1E283BFA830,DXGI,1,0,0,Composed: Flip,2469.3909,NA,27.63810000000000,16.58570000000000,0.55430000000000,2.07980000000000,20.1900,2442.2778,27.6674,27.1131,0.5543,25.8315,3.3614,3.2913,0.0701,16.0519,2442.2778,NA
ExperienceX.exe,49456,0x1E283BFA830,DXGI,1,0,0,Composed: Flip,2473.9454,NA,4.55450000000000,33.43740000000000,0.34690000000000,1.95870000000000,49.0729,2469.9452,4.3471,4.0002,0.3469,1.5699,4.3890,3.9431,0.4459,-5.7700,2469.9452,NA
ExperienceX.exe,49456,0x1E283BFA830,DXGI,1,0,0,Composed: Flip,2495.0039,NA,21.05850000000000,16.65900000000000,1.18260000000000,2.75950000000000,44.6734,2474.2923,21.8942,20.7116,1.1826,18.3535,5.1176,5.0844,0.0332,-12.3119,2474.2923,NA
ExperienceX.exe,49456,0x1E283BFA830,DXGI,1,0,0,Composed: Flip,2520.2167,NA,25.21280000000000,16.84890000000000,0.40850000000000,1.53270000000000,36.3095,2496.1865,24.4387,24.0302,0.4085,22.1837,3.3792,3.0342,0.3450,5.0453,2496.1865,NA
ExperienceX.exe,49456,0x1E283BFA830,DXGI,1,0,0,Composed: Flip,2531.4581,NA,11.24140000000000,0.10530000000000,0.39870000000000,2.43690000000000,25.1734,2520.6252,11.2316,10.8329,0.3987,1.1242,12.1456,2.2129,9.9327,24.3334,2520.6252,NA
ExperienceX.exe,49456,0x1E283BFA830,DXGI,1,0,0,Composed: Flip,2543.3484,NA,11.89030000000000,16.51600000000000,0.82230000000000,2.53250000000000,29.7991,2531.8568,12.3139,11.4916,0.8223,12.1199,1.9042,1.4604,0.4438,-5.2844,2531.8568,NA
ExperienceX.exe,49456,0x1E283BFA830,DXGI,1,0,0,Composed: Flip,2560.6356,NA,17.28720000000000,16.43810000000000,1.11060000000000,2.51510000000000,28.9500,2544.1707,17.5755,16.4649,1.1106,14.9379,4.0421,3.0789,0.9632,-4.1242,2544.1707,NA
ExperienceX.exe,49456,0x1E283BFA830,DXGI,1,0,0,Composed: Flip,2573.9193,NA,13.28370000000000,16.96110000000000,0.43710000000000,3.09450000000000,32.6274,2561.7462,12.6102,12.1731,0.4371,1.4045,13.8631,2.5989,11.2642,0.6144,2561.7462,NA
ExperienceX.exe,49456,0x1E283BFA830,DXGI,1,0,0,Composed: Flip,2595.7344,NA,21.81510000000000,16.63650000000000,0.42320000000000,2.51790000000000,27.4488,2574.3564,21.8012,21.3780,0.4232,18.3385,5.5574,4.0483,1.5091,-4.0263,2574.3564,NA
ExperienceX.exe,49456,0x1E283BFA830,DXGI,1,0,0,Composed: Flip,2607.8307,NA,12.09630000000000,16.63520000000000,0.68200000000000,3.42910000000000,31.9877,2596.1576,12.3551,11.6731,0.6820,12.8872,2.2150,1.7824,0.4326,5.1660,2596.1576,NA
ExperienceX.exe,49456,0x1E283BFA830,DXGI,1,0,0,Composed: Flip,2627.3534,NA,19.52270000000000,16.49550000000000,1.19510000000000,2.63350000000000,28.9605,2608.5127,20.0358,18.8407,1.1951,17.7287,3.7455,3.2293,0.5162,-4.1404,2608.5127,NA
ExperienceX.exe,49456,0x1E283BFA830,DXGI,1,0,0,Composed: Flip,2640.5922,NA,13.23880000000000,16.63200000000000,0.39630000000000,2.77350000000000,32.3537,2628.5485,12.4400,12.0437,0.3963,1.4384,13.3788,2.4919,10.8869,3.4038,2628.5485,NA
ExperienceX.exe,49456,0x1E283BFA830,DXGI,1,0,0,Composed: Flip,2659.4405,NA,18.84830000000000,33.25080000000000,0.93550000000000,2.75170000000000,46.7562,2640.9885,19.3875,18.4520,0.9355,17.7997,3.4040,2.5563,0.8477,-20.8108,2640.9885,NA
ExperienceX.exe,49456,0x1E283BFA830,DXGI,1,0,0,Composed: Flip,2683.7220,NA,24.28150000000000,0.04690000000000,0.43990000000000,2.64350000000000,22.5216,2660.3760,23.7859,23.3460,0.4399,2.1398,23.8497,4.5942,19.2555,19.3406,2660.3760,NA
ExperienceX.exe,49456,0x1E283BFA830,DXGI,1,0,0,Composed: Flip,2694.5299,NA,10.80790000000000,16.69690000000000,0.37430000000000,2.85840000000000,28.4106,2684.1619,10.7423,10.3680,0.3743,3.8036,9.4228,3.8171,5.6057,7.0890,2684.1619,NA
ExperienceX.exe,49456,0x1E283BFA830,DXGI,1,0,0,Composed: Flip,2706.6915,NA,12.16160000000000,16.65050000000000,0.32250000000000,1.98320000000000,32.8995,2694.9042,12.1098,11.7873,0.3225,12.2857,1.4848,1.4576,0.0272,-5.9082,2694.9042,NA
ExperienceX.exe,49456,0x1E283BFA830,DXGI,1,0,0,Composed: Flip,2730.1060,NA,23.41450000000000,16.73940000000000,0.27060000000000,1.86970000000000,26.2244,2707.0140,23.3626,23.0920,0.2706,20.7544,4.2073,2.6952,1.5121,-4.6296,2707.0140,NA
ExperienceX.exe,49456,0x1E283BFA830,DXGI,1,0,0,Composed: Flip,2740.3981,NA,10.29210000000000,16.73780000000000,0.35740000000000,2.19250000000000,32.6701,2730.3766,10.3789,10.0215,0.3574,1.9072,10.3068,3.5214,6.7854,6.6248,2730.3766,NA
ExperienceX.exe,49456,0x1E283BFA830,DXGI,1,0,0,Composed: Flip,2759.6582,NA,19.26010000000000,33.55140000000000,0.91420000000000,2.38750000000000,46.9614,2740.7555,19.8169,18.9027,0.9142,17.7750,3.5152,3.1130,0.4022,-23.1725,2740.7555,NA
ExperienceX.exe,49456,0x1E283BFA830,DXGI,1,0,0,Composed: Flip,2774.0036,NA,14.34540000000000,NA,0.60590000000000,3.24130000000000,NA,2760.5724,14.0371,13.4312,0.6059,1.5391,15.1334,4.7640,10.3694,NA,NA,NA
ExperienceX.exe,49456,0x1E283BFA830,DXGI,1,0,0,Composed: Flip,2795.4822,NA,21.47860000000000,16.26970000000000,0.78270000000000,2.18060000000000,27.4071,2774.6095,21.6554,20.8727,0.7827,20.1092,2.9441,2.2235,0.7206,17.5843,2774.6095,NA
ExperienceX.exe,49456,0x1E283BFA830,DXGI,1,0,0,Composed: Flip,2807.4948,NA,12.01260000000000,16.71450000000000,0.39540000000000,2.19080000000000,32.1090,2796.2649,11.6253,11.2299,0.3954,1.3979,12.0228,3.1517,8.8711,4.9409,2796.2649,NA
ExperienceX.exe,49456,0x1E283BFA830,DXGI,1,0,0,Composed: Flip,2827.3534,NA,19.85860000000000,16.60130000000000,0.84360000000000,3.32090000000000,28.8517,2807.8902,20.3068,19.4632,0.8436,18.0275,4.7566,3.4940,1.2626,-4.9760,2807.8902,NA
ExperienceX.exe,49456,0x1E283BFA830,DXGI,1,0,0,Composed: Flip,2840.4035,NA,13.05010000000000,16.74830000000000,0.36610000000000,2.02910000000000,32.5499,2828.1970,12.5726,12.2065,0.3661,2.4773,11.7583,2.8771,8.8812,3.5585,2828.1970,NA
ExperienceX.exe,49456,0x1E283BFA830,DXGI,1,0,0,Composed: Flip,2859.5957,NA,19.19220000000000,16.66530000000000,0.44570000000000,1.29850000000000,30.0230,2840.7696,19.2718,18.8261,0.4457,17.8524,2.2722,2.0120,0.2602,-4.0927,2840.7696,NA
ExperienceX.exe,49456,0x1E283BFA830,DXGI,1,0,0,Composed: Flip,2873.8104,NA,14.21470000000000,16.69610000000000,0.43630000000000,2.49860000000000,32.5044,2860.0414,14.2053,13.7690,0.4363,0.8528,15.4148,4.0116,11.4032,2.5757,2860.0414,NA
ExperienceX.exe,49456,0x1E283BFA830,DXGI,1,0,0,Composed: Flip,2893.7556,NA,19.94520000000000,16.53530000000000,0.33180000000000,2.43410000000000,29.0945,2874.2467,19.8407,19.5089,0.3318,17.7731,4.1699,4.1699,0.0000,-2.3300,2874.2467,NA
ExperienceX.exe,49456,0x1E283BFA830,DXGI,1,0,0,Composed: Flip,2907.0774,NA,13.32180000000000,16.72580000000000,0.35250000000000,3.03910000000000,32.4985,2894.0874,13.3425,12.9900,0.3525,13.6489,2.3802,2.0668,0.3134,3.1149,2894.0874,NA
ExperienceX.exe,49456,0x1E283BFA830,DXGI,1,0,0,Composed: Flip,2925.5167,NA,18.43930000000000,16.76760000000000,0.25970000000000,1.68590000000000,30.8268,2907.4299,18.3465,18.0868,0.2597,17.3936,2.3791,2.1075,0.2716,-3.4251,2907.4299,NA
ExperienceX.exe,49456,0x1E283BFA830,DXGI,1,0,0,Composed: Flip,2940.3692,NA,14.85250000000000,16.70950000000000,0.25390000000000,3.22180000000000,32.6838,2925.7764,14.8467,14.5928,0.2539,1.4573,16.3573,6.4185,9.9388,1.6370,2925.7764,NA
ExperienceX.exe,49456,0x1E283BFA830,DXGI,1,0,0,Composed: Flip,2959.2989,NA,18.92970000000000,16.59460000000000,0.19770000000000,1.93640000000000,30.3487,2940.6231,18.8735,18.6758,0.1977,17.4305,3.1817,3.1459,0.0358,-1.7479,2940.6231,NA
ExperienceX.exe,49456,0x1E283BFA830,DXGI,1,0,0,Composed: Flip,2973.5048,NA,14.20590000000000,16.69630000000000,0.25580000000000,1.81000000000000,32.8391,2959.4966,14.2640,14.0082,0.2558,1.7387,14.0795,2.1372,11.9423,2.1772,2959.4966,NA
ExperienceX.exe,49456,0x1E283BFA830,DXGI,1,0,0,Composed: Flip,2993.1640,NA,19.65920000000000,16.52330000000000,0.40260000000000,2.97320000000000,29.7032,2973.7606,19.8060,19.4034,0.4026,18.3774,3.9992,2.4879,1.5113,-2.2593,2973.7606,NA
ExperienceX.exe,49456,0x1E283BFA830,DXGI,1,0,0,Composed: Flip,3007.3637,NA,14.19970000000000,16.87350000000000,0.39290000000000,3.15910000000000,32.3770,2993.5666,14.1900,13.7971,0.3929,2.5706,14.3856,3.6405,10.7451,2.9325,2993.5666,NA
ExperienceX.exe,49456,0x1E283BFA830,DXGI,1,0,0,Composed: Flip,3025.6008,NA,18.23710000000000,16.37690000000000,0.90020000000000,2.20170000000000,30.5168,3007.7566,18.7444,17.8442,0.9002,16.9233,3.1226,2.2197,0.9029,-2.1869,3007.7566,NA
ExperienceX.exe,49456,0x1E283BFA830,DXGI,1,0,0,Composed: Flip,3040.6367,NA,15.03590000000000,16.73990000000000,0.40050000000000,2.90900000000000,32.2208,3026.5010,14.5362,14.1357,0.4005,1.3015,15.7432,3.6683,12.0749,2.0045,3026.5010,NA
ExperienceX.exe,49456,0x1E283BFA830,DXGI,1,0,0,Composed: Flip,3060.1815,NA,19.54480000000000,16.76840000000000,0.38720000000000,1.99770000000000,29.4444,3041.0372,19.5315,19.1443,0.3872,17.0100,4.1320,2.9441,1.1879,-2.2322,3041.0372,NA
ExperienceX.exe,49456,0x1E283BFA830,DXGI,1,0,0,Composed: Flip,3073.4855,NA,13.30400000000000,16.52680000000000,0.24060000000000,2.45560000000000,32.6672,3060.5687,13.1574,12.9168,0.2406,1.6105,13.7619,2.0352,11.7267,3.0047,3060.5687,NA
ExperienceX.exe,49456,0x1E283BFA830,DXGI,1,0,0,Composed: Flip,3095.0646,NA,21.57910000000000,33.51960000000000,1.55870000000000,2.88050000000000,44.6077,3073.7261,22.8972,21.3385,1.5587,19.3563,4.8627,4.4496,0.4131,-20.3622,3073.7261,NA
ExperienceX.exe,49456,0x1E283BFA830,DXGI,1,0,0,Composed: Flip,3107.5006,NA,12.43600000000000,0.12110000000000,0.44770000000000,2.48190000000000,32.2928,3096.6233,11.3250,10.8773,0.4477,1.3218,12.0374,2.2658,9.7716,22.7761,3096.6233,NA
ExperienceX.exe,49456,0x1E283BFA830,DXGI,1,0,0,Composed: Flip,3127.7430,NA,20.24240000000000,16.37710000000000,0.38610000000000,3.23950000000000,28.4275,3107.9483,20.1808,19.7947,0.3861,17.8585,5.1757,4.7429,0.4328,-5.0521,3107.9483,NA
ExperienceX.exe,49456,0x1E283BFA830,DXGI,1,0,0,Composed: Flip,3140.3998,NA,12.65680000000000,16.84410000000000,0.29700000000000,1.56870000000000,32.6148,3128.1291,12.5677,12.2707,0.2970,2.8534,10.9860,1.3346,9.6514,3.3367,3128.1291,NA
ExperienceX.exe,49456,0x1E283BFA830,DXGI,1,0,0,Composed: Flip,3158.8329,NA,18.43310000000000,16.68910000000000,0.17350000000000,1.33030000000000,30.8708,3140.6968,18.3096,18.1361,0.1735,17.0504,2.4160,1.8393,0.5767,-4.1214,3140.6968,NA
ExperienceX.exe,49456,0x1E283BFA830,DXGI,1,0,0,Composed: Flip,3174.2484,NA,15.41550000000000,16.49320000000000,0.45070000000000,2.97710000000000,31.9485,3159.0064,15.6927,15.2420,0.4507,1.1568,17.0623,5.6677,11.3946,1.8164,3159.0064,NA
ExperienceX.exe,49456,0x1E283BFA830,DXGI,1,0,0,Composed: Flip,3192.6017,NA,18.35330000000000,16.86240000000000,0.80610000000000,3.79070000000000,30.4576,3174.6991,18.7087,17.9026,0.8061,17.2016,4.4917,4.4917,0.0000,-1.1697,3174.6991,NA
ExperienceX.exe,49456,0x1E283BFA830,DXGI,1,0,0,Composed: Flip,3206.8231,NA,14.22140000000000,16.57680000000000,0.35500000000000,1.56770000000000,32.8130,3193.4078,13.7703,13.4153,0.3550,2.9846,11.9984,1.7310,10.2674,2.1319,3193.4078,NA
ExperienceX.exe,49456,0x1E283BFA830,DXGI,1,0,0,Composed: Flip,3226.1739,NA,19.35080000000000,16.73480000000000,1.28890000000000,2.09960000000000,30.1970,3207.1781,20.2847,18.9958,1.2889,18.2479,2.8475,1.9972,0.8503,-2.9645,3207.1781,NA
ExperienceX.exe,49456,0x1E283BFA830,DXGI,1,0,0,Composed: Flip,3240.2259,NA,14.05200000000000,16.53690000000000,0.24020000000000,2.43340000000000,32.6819,3227.4628,13.0033,12.7631,0.2402,0.8638,14.3327,4.0624,10.2703,3.7478,3227.4628,NA
ExperienceX.exe,49456,0x1E283BFA830,DXGI,1,0,0,Composed: Flip,3260.1194,NA,19.89350000000000,16.76930000000000,0.28250000000000,1.44550000000000,29.5577,3240.4661,19.9358,19.6533,0.2825,17.8676,3.2312,2.7609,0.4703,-3.7660,3240.4661,NA
ExperienceX.exe,49456,0x1E283BFA830,DXGI,1,0,0,Composed: Flip,3273.5136,NA,13.39420000000000,16.58350000000000,0.21010000000000,2.49660000000000,32.7470,3260.4019,13.3218,13.1117,0.2101,1.1630,14.4453,2.5989,11.8464,3.3523,3260.4019,NA
ExperienceX.exe,49456,0x1E283BFA830,DXGI,1,0,0,Composed: Flip,3292.9385,NA,19.42490000000000,16.58520000000000,0.22080000000000,3.42800000000000,29.9073,3273.7237,19.4356,19.2148,0.2208,17.7094,4.9334,4.9189,0.0145,-3.2634,3273.7237,NA
ExperienceX.exe,49456,0x1E283BFA830,DXGI,1,0,0,Composed: Flip,3307.0034,NA,14.06490000000000,16.87480000000000,0.26350000000000,2.25110000000000,32.7172,3293.1593,14.1076,13.8441,0.2635,14.1657,1.9295,1.5919,0.3376,2.5608,3293.1593,NA
ExperienceX.exe,49456,0x1E283BFA830,DXGI,1,0,0,Composed: Flip,3325.7137,NA,18.71030000000000,16.51030000000000,0.96020000000000,2.10450000000000,30.5172,3307.2669,19.4070,18.4468,0.9602,17.5807,2.9706,2.6518,0.3188,-2.4027,3307.2669,NA
ExperienceX.exe,49456,0x1E283BFA830,DXGI,1,0,0,Composed: Flip,3340.4666,NA,14.75290000000000,16.68920000000000,0.45410000000000,3.02340000000000,32.4535,3326.6739,14.2468,13.7927,0.4541,1.1443,15.6718,2.7614,12.9104,2.7178,3326.6739,NA
ExperienceX.exe,49456,0x1E283BFA830,DXGI,1,0,0,Composed: Flip,3358.0880,NA,17.62140000000000,16.96240000000000,0.23340000000000,2.30920000000000,31.7945,3340.9207,17.4007,17.1673,0.2334,16.4879,2.9886,2.8001,0.1885,-2.7156,3340.9207,NA
ExperienceX.exe,49456,0x1E283BFA830,DXGI,1,0,0,Composed: Flip,3373.3252,NA,15.23720000000000,16.30970000000000,0.18760000000000,1.57580000000000,32.8670,3358.3214,15.1914,15.0038,0.1876,2.0758,14.5038,5.0393,9.4645,1.0910,3358.3214,NA
ExperienceX.exe,49456,0x1E283BFA830,DXGI,1,0,0,Composed: Flip,3391.3858,NA,18.06060000000000,16.72200000000000,0.26190000000000,3.02340000000000,31.5284,3373.5128,18.1349,17.8730,0.2619,18.6791,2.2173,2.1887,0.0286,-1.5306,3373.5128,NA
ExperienceX.exe,49456,0x1E283BFA830,DXGI,1,0,0,Composed: Flip,3406.7635,NA,15.37770000000000,17.12950000000000,0.21170000000000,1.58680000000000,33.2802,3391.6477,15.3275,15.1158,0.2117,3.2048,13.4978,4.8153,8.6825,1.0054,3391.6477,NA
ExperienceX.exe,49456,0x1E283BFA830,DXGI,1,0,0,Composed: Flip,3425.1907,NA,18.42720000000000,16.14350000000000,0.15920000000000,1.33010000000000,30.9965,3406.9752,18.3747,18.2155,0.1592,17.4878,2.0578,2.0494,0.0084,-0.8160,3406.9752,NA
ExperienceX.exe,49456,0x1E283BFA830,DXGI,1,0,0,Composed: Flip,3440.8080,NA,15.61730000000000,16.60230000000000,0.21500000000000,2.99330000000000,31.9815,3425.3499,15.6731,15.4581,0.2150,1.1709,17.2805,4.8118,12.4687,1.7724,3425.3499,NA
ExperienceX.exe,49456,0x1E283BFA830,DXGI,1,0,0,Composed: Flip,3459.9282,NA,19.12020000000000,17.09910000000000,0.74700000000000,1.51220000000000,29.9604,3441.0230,19.6522,18.9052,0.7470,17.4962,2.9212,2.1981,0.7231,-1.4260,3441.0230,NA
ExperienceX.exe,49456,0x1E283BFA830,DXGI,1,0,0,Composed: Flip,3473.4033,NA,13.47510000000000,16.32110000000000,0.43020000000000,1.60940000000000,32.8064,3460.6752,13.1583,12.7281,0.4302,0.8161,13.5214,4.6866,8.8348,3.3311,3460.6752,NA
ExperienceX.exe,49456,0x1E283BFA830,DXGI,1,0,0,Composed: Flip,3493.8785,NA,20.47520000000000,16.96130000000000,1.05600000000000,2.35820000000000,29.2925,3473.8335,21.1010,20.0450,1.0560,18.6386,3.7646,2.3428,1.4218,-3.8030,3473.8335,NA
ExperienceX.exe,49456,0x1E283BFA830,DXGI,1,0,0,Composed: Flip,3506.9626,NA,13.08410000000000,16.94980000000000,0.31800000000000,2.92960000000000,33.1582,3494.9345,12.3461,12.0281,0.3180,1.7840,13.1737,4.7510,8.4227,4.1512,3494.9345,NA
ExperienceX.exe,49456,0x1E283BFA830,DXGI,1,0,0,Composed: Flip,3526.8284,NA,19.86580000000000,16.22230000000000,0.22550000000000,1.47980000000000,29.5147,3507.2806,19.7733,19.5478,0.2255,18.1930,2.8346,2.7906,0.0440,-3.8762,3507.2806,NA
ExperienceX.exe,49456,0x1E283BFA830,DXGI,1,0,0,Composed: Flip,3541.0700,NA,14.24160000000000,16.78140000000000,0.26460000000000,2.11040000000000,32.0545,3527.0539,14.2807,14.0161,0.2646,1.2543,14.8722,2.7566,12.1156,2.9919,3527.0539,NA
ExperienceX.exe,49456,0x1E283BFA830,DXGI,1,0,0,Composed: Flip,3560.8815,NA,19.81150000000000,16.43040000000000,0.22390000000000,1.51570000000000,28.6734,3541.3346,19.7708,19.5469,0.2239,17.5479,3.5147,3.0114,0.5033,-2.1497,3541.3346,NA
ExperienceX.exe,49456,0x1E283BFA830,DXGI,1,0,0,Composed: Flip,3573.8904,NA,13.00890000000000,16.89750000000000,0.37880000000000,2.59740000000000,32.5620,3561.1054,13.1638,12.7850,0.3788,1.2918,14.0906,4.2116,9.8790,2.8733,3561.1054,NA
ExperienceX.exe,49456,0x1E283BFA830,DXGI,1,0,0,Composed: Flip,3593.2646,NA,19.37420000000000,16.78140000000000,0.38520000000000,1.87900000000000,29.9692,3574.2692,19.3806,18.9954,0.3852,17.2377,3.6367,3.0739,0.5628,-3.6176,3574.2692,NA
ExperienceX.exe,49456,0x1E283BFA830,DXGI,1,0,0,Composed: Flip,3607.0831,NA,13.81850000000000,16.42190000000000,0.26210000000000,2.30590000000000,32.5726,3593.6498,13.6954,13.4333,0.2621,1.4938,14.2454,2.1805,12.0649,2.9587,3593.6498,NA
ExperienceX.exe,49456,0x1E283BFA830,DXGI,1,0,0,Composed: Flip,3626.1107,NA,19.02760000000000,16.55290000000000,0.89550000000000,2.81420000000000,30.0979,3607.3452,19.6610,18.7655,0.8955,17.8244,3.7553,3.7553,0.0000,-2.8575,3607.3452,NA
ExperienceX.exe,49456,0x1E283BFA830,DXGI,1,0,0,Composed: Flip,3640.1772,NA,14.06650000000000,16.64640000000000,0.25240000000000,2.11950000000000,32.6778,3627.0062,13.4234,13.1710,0.2524,1.9187,13.3718,4.0137,9.3581,3.0146,3627.0062,NA
ExperienceX.exe,49456,0x1E283BFA830,DXGI,1,0,0,Composed: Flip,3657.8021,NA,17.62490000000000,16.82280000000000,0.17360000000000,1.51050000000000,31.8757,3640.4296,17.5461,17.3725,0.1736,16.8681,2.0149,2.0079,0.0070,-3.3994,3640.4296,NA
ExperienceX.exe,49456,0x1E283BFA830,DXGI,1,0,0,Composed: Flip,3673.3004,NA,15.49830000000000,16.73440000000000,0.23310000000000,2.87420000000000,33.1118,3657.9757,15.5578,15.3247,0.2331,1.3369,16.8620,5.1866,11.6754,0.8117,3657.9757,NA
ExperienceX.exe,49456,0x1E283BFA830,DXGI,1,0,0,Composed: Flip,3693.3241,NA,20.02370000000000,17.68460000000000,0.28210000000000,2.93830000000000,30.7727,3673.5335,20.0727,19.7906,0.2821,17.9003,4.8286,4.7985,0.0301,-2.1268,3673.5335,NA
ExperienceX.exe,49456,0x1E283BFA830,DXGI,1,0,0,Composed: Flip,3707.2386,NA,13.91450000000000,15.72400000000000,0.40920000000000,2.64210000000000,32.5822,3693.6062,14.0416,13.6324,0.4092,14.3928,1.8817,1.6846,0.1971,4.3487,3693.6062,NA
ExperienceX.exe,49456,0x1E283BFA830,DXGI,1,0,0,Composed: Flip,3728.7571,NA,21.51850000000000,16.59170000000000,0.36200000000000,2.05520000000000,27.6554,3707.6478,21.4713,21.1093,0.3620,18.9124,4.2521,3.9934,0.2587,-2.5501,3707.6478,NA
ExperienceX.exe,49456,0x1E283BFA830,DXGI,1,0,0,Composed: Flip,3740.6490,NA,11.89190000000000,16.45750000000000,0.31470000000000,2.59120000000000,32.2210,3729.1191,11.8446,11.5299,0.3147,11.9833,2.1378,2.0382,0.0996,5.0138,3729.1191,NA
ExperienceX.exe,49456,0x1E283BFA830,DXGI,1,0,0,Composed: Flip,3760.3116,NA,19.66260000000000,16.68780000000000,1.10540000000000,2.02530000000000,29.2462,3740.9637,20.4533,19.3479,1.1054,18.0140,3.3592,2.5465,0.8127,-4.8432,3740.9637,NA
ExperienceX.exe,49456,0x1E283BFA830,DXGI,1,0,0,Composed: Flip,3773.3351,NA,13.02350000000000,16.66330000000000,0.39220000000000,2.34050000000000,32.8860,3761.4170,12.3103,11.9181,0.3922,0.9199,13.3387,3.5993,9.7394,3.7900,3761.4170,NA
ExperienceX.exe,49456,0x1E283BFA830,DXGI,1,0,0,Composed: Flip,3792.4241,NA,19.08900000000000,17.03410000000000,0.22270000000000,1.54420000000000,30.8311,3773.7273,18.9195,18.6968,0.2227,17.1716,3.0694,2.7227,0.3467,-4.7238,3773.7273,NA
ExperienceX.exe,49456,0x1E283BFA830,DXGI,1,0,0,Composed: Flip,3806.5166,NA,14.09250000000000,16.14370000000000,0.15220000000000,1.52140000000000,32.8823,3792.6468,14.0220,13.8698,0.1522,1.3215,14.0697,1.8775,12.1922,2.7758,3792.6468,NA
ExperienceX.exe,49456,0x1E283BFA830,DXGI,1,0,0,Composed: Flip,3824.2891,NA,17.77250000000000,16.83690000000000,0.23340000000000,3.56010000000000,31.9467,3806.6688,17.8537,17.6203,0.2334,18.1340,3.0464,2.9797,0.0667,-2.8149,3806.6688,NA
ExperienceX.exe,49456,0x1E283BFA830,DXGI,1,0,0,Composed: Flip,3839.8276,NA,15.53850000000000,16.74240000000000,0.21620000000000,1.51210000000000,33.1506,3824.5225,15.5213,15.3051,0.2162,3.3267,13.4905,3.7591,9.7314,1.1113,3824.5225,NA
ExperienceX.exe,49456,0x1E283BFA830,DXGI,1,0,0,Composed: Flip,3857.7425,NA,17.91490000000000,16.79560000000000,0.12350000000000,3.04840000000000,32.0313,3840.0438,17.8222,17.6987,0.1235,17.1109,3.6362,3.6362,0.0000,-1.2743,3840.0438,NA
ExperienceX.exe,49456,0x1E283BFA830,DXGI,1,0,0,Composed: Flip,3873.4412,NA,15.69870000000000,16.28670000000000,0.32480000000000,2.00740000000000,32.6193,3857.8660,15.9000,15.5752,0.3248,2.9249,14.6577,1.7055,12.9522,1.5355,3857.8660,NA
ExperienceX.exe,49456,0x1E283BFA830,DXGI,1,0,0,Composed: Flip,3891.5318,NA,18.09060000000000,16.96750000000000,0.15020000000000,5.02050000000000,31.4962,3873.7660,17.9160,17.7658,0.1502,17.0716,5.7147,5.6990,0.0157,-1.0675,3873.7660,NA
ExperienceX.exe,49456,0x1E283BFA830,DXGI,1,0,0,Composed: Flip,3906.3253,NA,14.79350000000000,16.36420000000000,0.13100000000000,1.33070000000000,33.0669,3891.6820,14.7743,14.6433,0.1310,14.7955,1.1785,1.1703,0.0082,1.5518,3891.6820,NA
ExperienceX.exe,49456,0x1E283BFA830,DXGI,1,0,0,Composed: Flip,3925.8350,NA,19.50970000000000,16.71700000000000,0.23600000000000,1.44900000000000,30.2742,3906.4563,19.6147,19.3787,0.2360,18.2631,2.5646,2.5539,0.0107,-1.9427,3906.4563,NA
ExperienceX.exe,49456,0x1E283BFA830,DXGI,1,0,0,Composed: Flip,3939.6764,NA,13.84140000000000,16.63180000000000,0.17610000000000,1.46080000000000,33.0646,3926.0710,13.7815,13.6054,0.1761,1.2130,13.8532,3.6496,10.2036,2.9829,3926.0710,NA
ExperienceX.exe,49456,0x1E283BFA830,DXGI,1,0,0,Composed: Flip,3957.7339,NA,18.05750000000000,16.81920000000000,0.31380000000000,1.25520000000000,31.8263,3939.8525,18.1952,17.8814,0.3138,17.5200,1.6166,1.6092,0.0074,-3.0377,3939.8525,NA
ExperienceX.exe,49456,0x1E283BFA830,DXGI,1,0,0,Composed: Flip,3972.9858,NA,15.25190000000000,16.48320000000000,0.14500000000000,1.96830000000000,33.0576,3958.0477,15.0831,14.9381,0.1450,0.9414,15.9650,4.2579,11.7071,1.7120,3958.0477,NA
ExperienceX.exe,49456,0x1E283BFA830,DXGI,1,0,0,Composed: Flip,3991.1265,NA,18.14070000000000,16.88280000000000,0.15250000000000,1.74820000000000,31.7997,3973.1308,18.1482,17.9957,0.1525,17.3284,2.4155,2.4155,0.0000,-1.7997,3973.1308,NA
ExperienceX.exe,49456,0x1E283BFA830,DXGI,1,0,0,Composed: Flip,4006.4584,NA,15.33190000000000,16.52040000000000,0.17660000000000,1.39640000000000,32.9882,3991.2790,15.3560,15.1794,0.1766,1.5957,14.9801,2.4042,12.5759,1.6278,3991.2790,NA
ExperienceX.exe,49456,0x1E283BFA830,DXGI,1,0,0,Composed: Flip,4024.4358,NA,17.97740000000000,16.73160000000000,0.47210000000000,1.54220000000000,31.7424,4006.6350,18.2729,17.8008,0.4721,17.2849,2.0581,1.8369,0.2212,-1.3756,4006.6350,NA
ExperienceX.exe,49456,0x1E283BFA830,DXGI,1,0,0,Composed: Flip,4039.7396,NA,15.30380000000000,16.72270000000000,0.19300000000000,1.30590000000000,33.1613,4024.9079,15.0247,14.8317,0.1930,1.0701,15.0675,3.6737,11.3938,1.5502,4024.9079,NA
ExperienceX.exe,49456,0x1E283BFA830,DXGI,1,0,0,Composed: Flip,4058.3380,NA,18.59840000000000,16.76850000000000,0.20950000000000,0.97640000000000,31.3314,4039.9326,18.6149,18.4054,0.2095,17.2388,2.1430,2.1045,0.0385,-1.7438,4039.9326,NA
ExperienceX.exe,49456,0x1E283BFA830,DXGI,1,0,0,Composed: Flip,4073.2886,NA,14.95060000000000,16.60340000000000,0.20970000000000,2.31040000000000,32.9842,4058.5475,14.9508,14.7411,0.2097,0.7669,16.2846,4.5924,11.6922,2.0115,4058.5475,NA
ExperienceX.exe,49456,0x1E283BFA830,DXGI,1,0,0,Composed: Flip,4092.0281,NA,18.73950000000000,16.58170000000000,0.18170000000000,5.77220000000000,30.8264,4073.4983,18.7115,18.5298,0.1817,17.6860,6.6160,6.0309,0.5851,-1.6309,4073.4983,NA
ExperienceX.exe,49456,0x1E283BFA830,DXGI,1,0,0,Composed: Flip,4106.8967,NA,14.86860000000000,16.54480000000000,0.20130000000000,1.13990000000000,32.5026,4092.2098,14.8882,14.6869,0.2013,14.9920,0.8348,0.7966,0.0382,2.1667,4092.2098,NA
ExperienceX.exe,49456,0x1E283BFA830,DXGI,1,0,0,Composed: Flip,4123.5946,NA,16.69790000000000,16.73440000000000,0.95110000000000,2.06050000000000,32.5391,4107.0980,17.4477,16.4966,0.9511,16.7358,1.8213,1.7852,0.0361,-1.8462,4107.0980,NA
ExperienceX.exe,49456,0x1E283BFA830,DXGI,1,0,0,Composed: Flip,4139.7071,NA,16.11250000000000,16.74540000000000,0.13990000000000,1.60490000000000,33.1720,4124.5457,15.3013,15.1614,0.1399,1.1094,15.6569,5.1509,10.5060,0.7023,4124.5457,NA
ExperienceX.exe,49456,0x1E283BFA830,DXGI,1,0,0,Composed: Flip,4158.1855,NA,18.47840000000000,16.70770000000000,0.16490000000000,0.95930000000000,31.4013,4139.8470,18.5034,18.3385,0.1649,17.5102,1.7876,1.7555,0.0321,-1.4064,4139.8470,NA
ExperienceX.exe,49456,0x1E283BFA830,DXGI,1,0,0,Composed: Flip,4173.2954,NA,15.10990000000000,16.53900000000000,0.17490000000000,1.45610000000000,32.8304,4158.3504,15.1199,14.9450,0.1749,0.7944,15.6067,3.6782,11.9285,1.9644,4158.3504,NA
ExperienceX.exe,49456,0x1E283BFA830,DXGI,1,0,0,Composed: Flip,4191.1902,NA,17.89480000000000,16.65950000000000,0.51190000000000,1.44720000000000,31.5951,4173.4703,18.2318,17.7199,0.5119,17.3857,1.7814,1.7237,0.0577,-1.5396,4173.4703,NA
ExperienceX.exe,49456,0x1E283BFA830,DXGI,1,0,0,Composed: Flip,4206.3952,NA,15.20500000000000,16.70260000000000,0.09870000000000,1.32090000000000,33.0927,4191.7021,14.7918,14.6931,0.0987,0.9353,15.0787,4.1367,10.9420,1.5292,4191.7021,NA
ExperienceX.exe,49456,0x1E283BFA830,DXGI,1,0,0,Composed: Flip,4223.8157,NA,17.42050000000000,16.65390000000000,0.09080000000000,1.49730000000000,32.3261,4206.4939,17.4126,17.3218,0.0908,17.1001,1.7190,1.7039,0.0151,-1.8621,4206.4939,NA
ExperienceX.exe,49456,0x1E283BFA830,DXGI,1,0,0,Composed: Flip,4239.8277,NA,16.01200000000000,16.68290000000000,0.20390000000000,1.42060000000000,32.9970,4223.9065,16.1251,15.9212,0.2039,1.4065,15.9353,4.3759,11.5594,0.7297,4223.9065,NA
ExperienceX.exe,49456,0x1E283BFA830,DXGI,1,0,0,Composed: Flip,4257.4328,NA,17.60510000000000,17.53960000000000,0.16600000000000,4.36440000000000,32.9315,4240.0316,17.5672,17.4012,0.1660,16.8462,4.9194,4.7786,0.1408,-1.4145,4240.0316,NA
ExperienceX.exe,49456,0x1E283BFA830,DXGI,1,0,0,Composed: Flip,4273.1054,NA,15.67260000000000,15.91820000000000,0.19910000000000,1.24060000000000,33.1771,4257.5988,15.7057,15.5066,0.1991,4.1984,12.5488,1.1233,11.4255,1.6490,4257.5988,NA
ExperienceX.exe,49456,0x1E283BFA830,DXGI,1,0,0,Composed: Flip,4291.5310,NA,18.42560000000000,16.55150000000000,0.79830000000000,2.28830000000000,31.3030,4273.3045,19.0248,18.2265,0.7983,18.4371,2.0777,2.0502,0.0275,-0.8458,4273.3045,NA
ExperienceX.exe,49456,0x1E283BFA830,DXGI,1,0,0,Composed: Flip,4306.7504,NA,15.21940000000000,16.61910000000000,0.30270000000000,2.24640000000000,32.7027,4292.3293,14.7238,14.4211,0.3027,1.4900,15.1775,3.8152,11.3623,2.4057,4292.3293,NA
ExperienceX.exe,49456,0x1E283BFA830,DXGI,1,0,0,Composed: Flip,4325.6607,NA,18.91030000000000,16.62370000000000,0.52110000000000,2.42300000000000,30.4161,4307.0531,19.1287,18.6076,0.5211,17.3915,3.6391,3.6080,0.0311,-1.8999,4307.0531,NA
ExperienceX.exe,49456,0x1E283BFA830,DXGI,1,0,0,Composed: Flip,4339.7775,NA,14.11680000000000,16.82560000000000,0.21810000000000,1.49970000000000,33.1249,4326.1818,13.8138,13.5957,0.2181,13.8054,1.2900,1.2782,0.0118,2.3031,4326.1818,NA
ExperienceX.exe,49456,0x1E283BFA830,DXGI,1,0,0,Composed: Flip,4357.5100,NA,17.73250000000000,16.51910000000000,0.19320000000000,2.12480000000000,31.9115,4339.9956,17.7076,17.5144,0.1932,16.7853,2.8539,2.8419,0.0120,-2.7053,4339.9956,NA
ExperienceX.exe,49456,0x1E283BFA830,DXGI,1,0,0,Composed: Flip,4373.5220,NA,16.01200000000000,16.70370000000000,0.51020000000000,1.78940000000000,32.6032,4357.7032,16.3290,15.8188,0.5102,1.9316,15.6766,1.4685,14.2081,1.0039,4357.7032,NA
ExperienceX.exe,49456,0x1E283BFA830,DXGI,1,0,0,Composed: Flip,4390.9402,NA,17.41820000000000,16.76030000000000,0.11180000000000,1.47090000000000,31.9453,4374.0322,17.0198,16.9080,0.1118,16.4617,1.9172,1.9172,0.0000,-0.4313,4374.0322,NA
ExperienceX.exe,49456,0x1E283BFA830,DXGI,1,0,0,Composed: Flip,4406.5559,NA,15.61570000000000,16.61280000000000,0.25480000000000,1.66870000000000,32.9424,4391.0520,15.7587,15.5039,0.2548,1.3591,15.8135,3.8612,11.9523,0.4070,4391.0520,NA
ExperienceX.exe,49456,0x1E283BFA830,DXGI,1,0,0,Composed: Flip,4425.0066,NA,18.45070000000000,16.56350000000000,0.16810000000000,0.98550000000000,31.0552,4406.8107,18.3640,18.1959,0.1681,17.3166,1.8648,1.8455,0.0193,-0.8048,4406.8107,NA
ExperienceX.exe,49456,0x1E283BFA830,DXGI,1,0,0,Composed: Flip,4439.8086,NA,14.80200000000000,16.65290000000000,0.21370000000000,1.39970000000000,32.9061,4425.1747,14.8476,14.6339,0.2137,0.8174,15.2162,3.1773,12.0389,1.7111,4425.1747,NA
ExperienceX.exe,49456,0x1E283BFA830,DXGI,1,0,0,Composed: Flip,4457.7342,NA,17.92560000000000,16.90900000000000,0.16650000000000,1.05680000000000,31.8895,4440.0223,17.8784,17.7119,0.1665,17.0307,1.7380,1.7380,0.0000,-2.0614,4440.0223,NA
ExperienceX.exe,49456,0x1E283BFA830,DXGI,1,0,0,Composed: Flip,4472.9948,NA,15.26060000000000,16.44860000000000,0.12420000000000,1.32670000000000,33.0775,4457.9007,15.2183,15.0941,0.1242,0.8903,15.5305,3.6760,11.8545,1.4298,4457.9007,NA
ExperienceX.exe,49456,0x1E283BFA830,DXGI,1,0,0,Composed: Flip,4492.5053,NA,19.51050000000000,16.68440000000000,0.18000000000000,6.68660000000000,30.2514,4473.1190,19.5663,19.3863,0.1800,18.5692,7.5037,7.4997,0.0040,-1.4661,4473.1190,NA
ExperienceX.exe,49456,0x1E283BFA830,DXGI,1,0,0,Composed: Flip,4506.2969,NA,13.79160000000000,16.64610000000000,0.10470000000000,0.97730000000000,33.1059,4492.6853,13.7163,13.6116,0.1047,13.7417,0.8472,0.8404,0.0068,2.9202,4492.6853,NA
ExperienceX.exe,49456,0x1E283BFA830,DXGI,1,0,0,Composed: Flip,4523.9089,NA,17.61200000000000,16.63530000000000,0.09830000000000,4.63560000000000,32.1292,4506.4016,17.6056,17.5073,0.0983,17.0623,5.0806,5.0741,0.0065,-2.9190,4506.4016,NA
ExperienceX.exe,49456,0x1E283BFA830,DXGI,1,0,0,Composed: Flip,4539.6851,NA,15.77620000000000,16.66070000000000,0.11290000000000,1.06370000000000,33.0137,4524.0072,15.7908,15.6779,0.1129,15.8844,0.8572,0.8492,0.0080,0.9449,4524.0072,NA
ExperienceX.exe,49456,0x1E283BFA830,DXGI,1,0,0,Composed: Flip,4557.3155,NA,17.63040000000000,16.66640000000000,0.13180000000000,5.70200000000000,32.0497,4539.7980,17.6493,17.5175,0.1318,16.9137,6.3058,6.0779,0.2279,-0.8756,4539.7980,NA
ExperienceX.exe,49456,0x1E283BFA830,DXGI,1,0,0,Composed: Flip,4572.9457,NA,15.63020000000000,16.70730000000000,0.11970000000000,1.15830000000000,33.1268,4557.4473,15.6181,15.4984,0.1197,15.6490,1.0077,1.0002,0.0075,0.9420,4557.4473,NA
ExperienceX.exe,49456,0x1E283BFA830,DXGI,1,0,0,Composed: Flip,4590.4064,NA,17.46070000000000,16.61700000000000,0.08340000000000,1.45170000000000,32.2831,4573.0654,17.4244,17.3410,0.0834,16.9642,1.8285,1.8285,0.0000,-0.9989,4573.0654,NA
ExperienceX.exe,49456,0x1E283BFA830,DXGI,1,0,0,Composed: Flip,4606.3291,NA,15.92270000000000,16.76390000000000,0.11290000000000,1.38940000000000,33.1243,4590.4898,15.9522,15.8393,0.1129,1.3683,15.8604,4.3958,11.4646,0.6605,4590.4898,NA
ExperienceX.exe,49456,0x1E283BFA830,DXGI,1,0,0,Composed: Flip,4623.4421,NA,17.11300000000000,16.64390000000000,0.51670000000000,1.59800000000000,32.6552,4606.4420,17.5168,17.0001,0.5167,16.8433,1.7548,1.7548,0.0000,-0.6917,4606.4420,NA
ExperienceX.exe,49456,0x1E283BFA830,DXGI,1,0,0,Composed: Flip,4639.9297,NA,16.48760000000000,16.68050000000000,0.13690000000000,1.36180000000000,32.8481,4623.9588,16.1078,15.9709,0.1369,1.0813,16.2514,2.6234,13.6280,0.8363,4623.9588,NA
ExperienceX.exe,49456,0x1E283BFA830,DXGI,1,0,0,Composed: Flip,4657.1828,NA,17.25310000000000,16.67270000000000,0.08630000000000,1.50960000000000,32.2677,4640.0666,17.2025,17.1162,0.0863,16.8667,1.7591,1.7480,0.0111,-0.5649,4640.0666,NA
ExperienceX.exe,49456,0x1E283BFA830,DXGI,1,0,0,Composed: Flip,4673.2756,NA,16.09280000000000,16.67510000000000,0.23120000000000,1.44040000000000,32.8500,4657.2691,16.2377,16.0065,0.2312,1.4233,16.0236,4.7669,11.2567,0.5274,4657.2691,NA
ExperienceX.exe,49456,0x1E283BFA830,DXGI,1,0,0,Composed: Flip,4691.6701,NA,18.39450000000000,16.56790000000000,0.21990000000000,1.17000000000000,31.0234,4673.5068,18.3832,18.1633,0.2199,17.2272,2.1061,2.0927,0.0134,-0.3302,4673.5068,NA
ExperienceX.exe,49456,0x1E283BFA830,DXGI,1,0,0,Composed: Flip,4706.4095,NA,14.73940000000000,16.67760000000000,0.17870000000000,1.28350000000000,32.9616,4691.8900,14.6982,14.5195,0.1787,0.9501,14.8529,2.0734,12.7795,1.7056,4691.8900,NA
ExperienceX.exe,49456,0x1E283BFA830,DXGI,1,0,0,Composed: Flip,4723.5736,NA,17.16410000000000,16.66510000000000,0.07230000000000,4.79280000000000,32.4626,4706.5882,17.0577,16.9854,0.0723,16.7786,4.9996,4.9879,0.0117,-1.9669,4706.5882,NA
ExperienceX.exe,49456,0x1E283BFA830,DXGI,1,0,0,Composed: Flip,4739.6148,NA,16.04120000000000,16.70510000000000,0.09960000000000,0.79290000000000,33.1265,4723.6459,16.0685,15.9689,0.0996,16.0726,0.6892,0.6822,0.0070,0.3526,4723.6459,NA
ExperienceX.exe,49456,0x1E283BFA830,DXGI,1,0,0,Composed: Flip,4757.2206,NA,17.60580000000000,16.69510000000000,0.35840000000000,1.58110000000000,32.2158,4739.7144,17.8646,17.5062,0.3584,17.1928,1.8945,1.6846,0.2099,-0.6266,4739.7144,NA
ExperienceX.exe,49456,0x1E283BFA830,DXGI,1,0,0,Composed: Flip,4773.1362,NA,15.91560000000000,16.57980000000000,0.18170000000000,2.22370000000000,32.8800,4757.5790,15.7389,15.5572,0.1817,1.2227,16.5582,5.1139,11.4443,1.2848,4757.5790,NA
ExperienceX.exe,49456,0x1E283BFA830,DXGI,1,0,0,Composed: Flip,4790.2949,NA,17.15870000000000,16.78900000000000,0.07980000000000,1.72170000000000,32.5103,4773.3179,17.0568,16.9770,0.0798,16.6665,2.0322,2.0322,0.0000,-1.0501,4773.3179,NA
ExperienceX.exe,49456,0x1E283BFA830,DXGI,1,0,0,Composed: Flip,4806.2468,NA,15.95190000000000,16.55320000000000,0.14880000000000,1.19270000000000,33.1116,4790.3747,16.0209,15.8721,0.1488,1.6419,15.4229,3.5425,11.8804,0.5036,4790.3747,NA
ExperienceX.exe,49456,0x1E283BFA830,DXGI,1,0,0,Composed: Flip,4824.5392,NA,18.29240000000000,16.65110000000000,0.13420000000000,5.14830000000000,31.4703,4806.3956,18.2778,18.1436,0.1342,17.3815,5.9104,5.8948,0.0156,-0.6302,4806.3956,NA
ExperienceX.exe,49456,0x1E283BFA830,DXGI,1,0,0,Composed: Flip,4839.5907,NA,15.05150000000000,16.73510000000000,0.12310000000000,1.24420000000000,33.1539,4824.6734,15.0404,14.9173,0.1231,15.0620,1.0995,1.0925,0.0070,1.5427,4824.6734,NA
ExperienceX.exe,49456,0x1E283BFA830,DXGI,1,0,0,Composed: Flip,4856.6638,NA,17.07310000000000,16.63860000000000,0.21970000000000,1.66740000000000,32.7194,4839.7138,17.1697,16.9500,0.2197,16.8153,1.8021,1.8021,0.0000,-1.5982,4839.7138,NA
ExperienceX.exe,49456,0x1E283BFA830,DXGI,1,0,0,Composed: Flip,4873.1439,NA,16.48010000000000,16.69690000000000,0.24800000000000,1.51440000000000,32.9362,4856.8835,16.5084,16.2604,0.2480,1.4477,16.3271,4.6610,11.6661,0.4728,4856.8835,NA
ExperienceX.exe,49456,0x1E283BFA830,DXGI,1,0,0,Composed: Flip,4890.5685,NA,17.42460000000000,16.61920000000000,0.09820000000000,1.55050000000000,32.1308,4873.3919,17.2748,17.1766,0.0982,16.8979,1.8292,1.8206,0.0086,-0.1108,4873.3919,NA
ExperienceX.exe,49456,0x1E283BFA830,DXGI,1,0,0,Composed: Flip,4906.4077,NA,15.83920000000000,16.66120000000000,0.07800000000000,1.44590000000000,32.9528,4890.6667,15.8190,15.7410,0.0780,1.4523,15.7346,5.0139,10.7207,0.6136,4890.6667,NA
ExperienceX.exe,49456,0x1E283BFA830,DXGI,1,0,0,Composed: Flip,4923.9800,NA,17.57230000000000,16.66540000000000,0.18430000000000,5.64400000000000,32.0459,4906.4857,17.6786,17.4943,0.1843,16.9903,6.1480,6.1418,0.0062,-0.8464,4906.4857,NA
ExperienceX.exe,49456,0x1E283BFA830,DXGI,1,0,0,Composed: Flip,4939.5928,NA,15.61280000000000,16.66760000000000,0.10080000000000,1.19860000000000,33.1007,4924.1643,15.5293,15.4285,0.1008,15.5193,1.1078,1.1031,0.0047,1.0110,4924.1643,NA
ExperienceX.exe,49456,0x1E283BFA830,DXGI,1,0,0,Composed: Flip,4956.7761,NA,17.18330000000000,16.67000000000000,0.07700000000000,1.60650000000000,32.5874,4939.6936,17.1595,17.0825,0.0770,16.9226,1.7664,1.7578,0.0086,-1.1407,4939.6936,NA
ExperienceX.exe,49456,0x1E283BFA830,DXGI,1,0,0,Composed: Flip,4972.8760,NA,16.09990000000000,16.75810000000000,0.08400000000000,1.49630000000000,33.2456,4956.8531,16.1069,16.0229,0.0840,1.5295,15.9897,5.2032,10.7865,0.4014,4956.8531,NA
ExperienceX.exe,49456,0x1E283BFA830,DXGI,1,0,0,Composed: Flip,4990.1571,NA,17.28110000000000,16.57430000000000,0.32150000000000,1.61460000000000,32.5388,4972.9600,17.5186,17.1971,0.3215,17.0144,1.7973,1.7830,0.0143,-0.4674,4972.9600,NA
ExperienceX.exe,49456,0x1E283BFA830,DXGI,1,0,0,Composed: Flip,5006.7387,NA,16.58160000000000,16.66910000000000,0.35200000000000,2.07230000000000,32.6263,4990.4786,16.6121,16.2601,0.3520,1.2931,17.0393,5.4549,11.5844,0.8495,4990.4786,NA
ExperienceX.exe,49456,0x1E283BFA830,DXGI,1,0,0,Composed: Flip,5024.7103,NA,17.97160000000000,16.66850000000000,0.10310000000000,1.15590000000000,31.3232,5007.0907,17.7227,17.6196,0.1031,16.7611,2.0144,1.7221,0.2923,-0.0564,5007.0907,NA
ExperienceX.exe,49456,0x1E283BFA830,DXGI,1,0,0,Composed: Flip,5039.6877,NA,14.97740000000000,16.66810000000000,0.12770000000000,1.47450000000000,33.0139,5024.8134,15.0020,14.8743,0.1277,1.0528,15.2960,5.0625,10.2335,1.0546,5024.8134,NA
ExperienceX.exe,49456,0x1E283BFA830,DXGI,1,0,0,Composed: Flip,5057.3191,NA,17.63140000000000,16.66780000000000,0.34970000000000,1.48520000000000,32.0503,5039.8154,17.8534,17.5037,0.3497,17.0639,1.9250,1.8868,0.0382,-1.6658,5039.8154,NA
ExperienceX.exe,49456,0x1E283BFA830,DXGI,1,0,0,Composed: Flip,5072.9628,NA,15.64370000000000,16.72620000000000,0.13540000000000,1.33350000000000,33.1328,5057.6688,15.4294,15.2940,0.1354,1.1355,15.4920,3.6469,11.8451,1.1272,5057.6688,NA
ExperienceX.exe,49456,0x1E283BFA830,DXGI,1,0,0,Composed: Flip,5090.6457,NA,17.68290000000000,16.59540000000000,0.10960000000000,1.25230000000000,32.0453,5073.0982,17.6571,17.5475,0.1096,16.9218,1.8780,1.6884,0.1896,-1.1660,5073.0982,NA
ExperienceX.exe,49456,0x1E283BFA830,DXGI,1,0,0,Composed: Flip,5106.3532,NA,15.70750000000000,16.72860000000000,0.07040000000000,1.61610000000000,33.0664,5090.7553,15.6683,15.5979,0.0704,1.1427,16.0713,3.8707,12.2006,0.9285,5090.7553,NA
ExperienceX.exe,49456,0x1E283BFA830,DXGI,1,0,0,Composed: Flip,5124.6918,NA,18.33860000000000,16.61870000000000,0.14960000000000,1.14410000000000,31.3465,5106.4236,18.4178,18.2682,0.1496,17.5204,1.8919,1.8637,0.0282,-0.9504,5106.4236,NA
ExperienceX.exe,49456,0x1E283BFA830,DXGI,1,0,0,Composed: Flip,5139.7263,NA,15.03450000000000,16.68570000000000,0.18700000000000,1.38310000000000,32.9977,5124.8414,15.0719,14.8849,0.1870,0.9945,15.2735,2.3671,12.9064,1.7321,5124.8414,NA
ExperienceX.exe,49456,0x1E283BFA830,DXGI,1,0,0,Composed: Flip,5157.0660,NA,17.33970000000000,16.64170000000000,0.17980000000000,1.58210000000000,32.2997,5139.9133,17.3325,17.1527,0.1798,16.9138,1.8210,1.8124,0.0086,-1.5698,5139.9133,NA
ExperienceX.exe,49456,0x1E283BFA830,DXGI,1,0,0,Composed: Flip,5173.0466,NA,15.98060000000000,16.65010000000000,0.20540000000000,1.73280000000000,32.9692,5157.2458,16.0062,15.8008,0.2054,1.4023,16.1313,4.1406,11.9907,0.6824,5157.2458,NA
ExperienceX.exe,49456,0x1E283BFA830,DXGI,1,0,0,Composed: Flip,5190.4153,NA,17.36870000000000,16.69670000000000,0.08020000000000,1.45400000000000,32.2972,5173.2520,17.2435,17.1633,0.0802,16.7070,1.9103,1.9103,0.0000,-0.6905,5173.2520,NA
ExperienceX.exe,49456,0x1E283BFA830,DXGI,1,0,0,Composed: Flip,5206.2238,NA,15.80850000000000,16.63520000000000,0.12470000000000,1.35200000000000,33.1239,5190.4955,15.8530,15.7283,0.1247,1.3738,15.7065,3.7583,11.9482,0.6083,5190.4955,NA
ExperienceX.exe,49456,0x1E283BFA830,DXGI,1,0,0,Composed: Flip,5223.8094,NA,17.58560000000000,16.72260000000000,0.09390000000000,4.66920000000000,32.2609,5206.3485,17.5548,17.4609,0.0939,16.9881,5.1420,5.1341,0.0079,-0.8696,5206.3485,NA
ExperienceX.exe,49456,0x1E283BFA830,DXGI,1,0,0,Composed: Flip,5239.6170,NA,15.80760000000000,16.63200000000000,0.12320000000000,0.79240000000000,33.0853,5223.9033,15.8369,15.7137,0.1232,15.8198,0.6863,0.6817,0.0046,0.9228,5223.9033,NA
ExperienceX.exe,49456,0x1E283BFA830,DXGI,1,0,0,Composed: Flip,5257.2964,NA,17.67940000000000,16.68570000000000,0.09930000000000,3.96580000000000,32.0916,5239.7402,17.6555,17.5562,0.0993,17.0461,4.4759,4.2762,0.1997,-0.8488,5239.7402,NA
ExperienceX.exe,49456,0x1E283BFA830,DXGI,1,0,0,Composed: Flip,5272.9576,NA,15.66120000000000,16.76420000000000,0.09800000000000,1.26730000000000,33.1946,5257.3957,15.6599,15.5619,0.0980,3.8665,12.9627,1.7000,11.2627,0.8913,5257.3957,NA
ExperienceX.exe,49456,0x1E283BFA830,DXGI,1,0,0,Composed: Flip,5291.3376,NA,18.38000000000000,16.53110000000000,0.14850000000000,1.81370000000000,31.3457,5273.0556,18.4305,18.2820,0.1485,17.5405,2.5552,2.2167,0.3385,-0.8712,5273.0556,NA
ExperienceX.exe,49456,0x1E283BFA830,DXGI,1,0,0,Composed: Flip,5306.5399,NA,15.20230000000000,16.69240000000000,0.18770000000000,2.69180000000000,32.8358,5291.4861,15.2415,15.0538,0.1877,1.6652,16.0804,3.4710,12.6094,1.7381,5291.4861,NA
ExperienceX.exe,49456,0x1E283BFA830,DXGI,1,0,0,Composed: Flip,5324.4714,NA,17.93150000000000,16.66040000000000,0.11030000000000,1.02860000000000,31.5647,5306.7276,17.8541,17.7438,0.1103,17.0953,1.6771,1.6658,0.0113,-1.4189,5306.7276,NA
ExperienceX.exe,49456,0x1E283BFA830,DXGI,1,0,0,Composed: Flip,5339.7029,NA,15.23150000000000,16.77350000000000,0.12230000000000,1.33990000000000,33.1067,5324.5817,15.2435,15.1212,0.1223,0.9183,15.5428,5.1174,10.4254,1.0806,5324.5817,NA
ExperienceX.exe,49456,0x1E283BFA830,DXGI,1,0,0,Composed: Flip,5356.8765,NA,17.17360000000000,16.55370000000000,0.39900000000000,1.57320000000000,32.4868,5339.8252,17.4503,17.0513,0.3990,16.8321,1.7924,1.7855,0.0069,-1.3102,5339.8252,NA
ExperienceX.exe,49456,0x1E283BFA830,DXGI,1,0,0,Composed: Flip,5373.2403,NA,16.36380000000000,16.83980000000000,0.24450000000000,1.54170000000000,32.9628,5357.2755,16.2093,15.9648,0.2445,1.1742,16.3323,4.6874,11.6449,0.6105,5357.2755,NA
ExperienceX.exe,49456,0x1E283BFA830,DXGI,1,0,0,Composed: Flip,5390.1948,NA,16.95450000000000,16.49010000000000,0.27010000000000,1.51510000000000,32.4984,5373.4848,16.9801,16.7100,0.2701,16.5050,1.7201,1.7201,0.0000,-0.2808,5373.4848,NA
ExperienceX.exe,49456,0x1E283BFA830,DXGI,1,0,0,Composed: Flip,5406.6067,NA,16.41190000000000,16.72080000000000,0.29360000000000,1.56580000000000,32.8073,5390.4649,16.4354,16.1418,0.2936,1.2450,16.4626,4.8323,11.6303,0.2593,5390.4649,NA
ExperienceX.exe,49456,0x1E283BFA830,DXGI,1,0,0,Composed: Flip,5424.0085,NA,17.40180000000000,16.60920000000000,0.11480000000000,5.16700000000000,32.0147,5406.9003,17.2230,17.1082,0.1148,16.5602,5.7150,5.7092,0.0058,-0.1738,5406.9003,NA
ExperienceX.exe,49456,0x1E283BFA830,DXGI,1,0,0,Composed: Flip,5439.7384,NA,15.72990000000000,16.72360000000000,0.11230000000000,1.89420000000000,33.0084,5424.1233,15.7274,15.6151,0.1123,15.7572,1.7521,1.7479,0.0042,0.4994,5424.1233,NA
ExperienceX.exe,49456,0x1E283BFA830,DXGI,1,0,0,Composed: Flip,5456.7816,NA,17.04320000000000,16.76730000000000,0.25110000000000,1.47230000000000,32.7325,5439.8507,17.1820,16.9309,0.2511,16.7580,1.6452,1.6452,0.0000,-1.0399,5439.8507,NA
ExperienceX.exe,49456,0x1E283BFA830,DXGI,1,0,0,Composed: Flip,5473.0304,NA,16.24880000000000,16.56530000000000,0.16220000000000,1.94540000000000,33.0490,5457.0327,16.1599,15.9977,0.1622,1.2212,16.7219,4.9814,11.7405,0.6167,5457.0327,NA
ExperienceX.exe,49456,0x1E283BFA830,DXGI,1,0,0,Composed: Flip,5491.6832,NA,18.65280000000000,16.60620000000000,0.30740000000000,5.53030000000000,31.0024,5473.1926,18.7980,18.4906,0.3074,17.9273,6.0936,6.0708,0.0228,-0.4463,5473.1926,NA
ExperienceX.exe,49456,0x1E283BFA830,DXGI,1,0,0,Composed: Flip,5506.3028,NA,14.61960000000000,16.68090000000000,0.17180000000000,1.25910000000000,33.0637,5491.9906,14.4840,14.3122,0.1718,14.4600,1.1113,1.1075,0.0038,2.1171,5491.9906,NA
ExperienceX.exe,49456,0x1E283BFA830,DXGI,1,0,0,Composed: Flip,5524.4561,NA,18.15330000000000,16.66000000000000,0.14780000000000,2.38590000000000,31.5704,5506.4746,18.1293,17.9815,0.1478,17.3821,2.9853,2.5659,0.4194,-2.1760,5506.4746,NA
ExperienceX.exe,49456,0x1E283BFA830,DXGI,1,0,0,Composed: Flip,5539.6406,NA,15.18450000000000,16.70390000000000,0.13420000000000,1.30770000000000,33.0898,5524.6039,15.1709,15.0367,0.1342,2.2381,14.1063,3.1900,10.9163,1.4254,5524.6039,NA
ExperienceX.exe,49456,0x1E283BFA830,DXGI,1,0,0,Composed: Flip,5558.0090,NA,18.36840000000000,16.62450000000000,0.13910000000000,1.00120000000000,31.3459,5539.7748,18.3733,18.2342,0.1391,17.4634,1.7720,1.7393,0.0327,-1.4536,5539.7748,NA
ExperienceX.exe,49456,0x1E283BFA830,DXGI,1,0,0,Composed: Flip,5572.9950,NA,14.98600000000000,16.72950000000000,0.16410000000000,1.36730000000000,33.0894,5558.1481,15.0110,14.8469,0.1641,0.8621,15.3521,2.3930,12.9591,1.6438,5558.1481,NA
ExperienceX.exe,49456,0x1E283BFA830,DXGI,1,0,0,Composed: Flip,5590.3994,NA,17.40440000000000,16.77140000000000,0.08850000000000,1.31170000000000,32.4564,5573.1591,17.3288,17.2403,0.0885,16.8205,1.7315,1.7315,0.0000,-1.7604,5573.1591,NA
ExperienceX.exe,49456,0x1E283BFA830,DXGI,1,0,0,Composed: Flip,5606.5009,NA,16.10150000000000,16.51570000000000,0.18250000000000,1.38860000000000,32.8706,5590.4879,16.1955,16.0130,0.1825,1.2232,16.1784,3.2547,12.9237,0.8131,5590.4879,NA
ExperienceX.exe,49456,0x1E283BFA830,DXGI,1,0,0,Composed: Flip,5623.3742,NA,16.87330000000000,16.66310000000000,0.55940000000000,1.90270000000000,32.6604,5606.6834,17.2502,16.6908,0.5594,16.8613,1.7322,1.7203,0.0119,-0.4676,5606.6834,NA
ExperienceX.exe,49456,0x1E283BFA830,DXGI,1,0,0,Composed: Flip,5639.6466,NA,16.27240000000000,16.68870000000000,0.14190000000000,1.35770000000000,33.0767,5623.9336,15.8549,15.7130,0.1419,1.3433,15.7274,4.1386,11.5888,0.5615,5623.9336,NA
ExperienceX.exe,49456,0x1E283BFA830,DXGI,1,0,0,Composed: Flip,5657.6403,NA,17.99370000000000,16.70820000000000,0.12370000000000,1.92390000000000,31.7912,5639.7885,17.9755,17.8518,0.1237,17.3002,2.4755,2.4694,0.0061,-0.8533,5639.7885,NA
ExperienceX.exe,49456,0x1E283BFA830,DXGI,1,0,0,Composed: Flip,5673.2407,NA,15.60040000000000,16.59630000000000,0.17750000000000,1.36930000000000,32.7871,5657.7640,15.6542,15.4767,0.1775,1.8002,15.0458,3.2544,11.7914,1.3792,5657.7640,NA
ExperienceX.exe,49456,0x1E283BFA830,DXGI,1,0,0,Composed: Flip,5690.5273,NA,17.28660000000000,16.72840000000000,0.21980000000000,4.78430000000000,32.2289,5673.4182,17.3289,17.1091,0.2198,16.7046,5.1888,5.1813,0.0075,-1.0742,5673.4182,NA
ExperienceX.exe,49456,0x1E283BFA830,DXGI,1,0,0,Composed: Flip,5706.2511,NA,15.72380000000000,16.61330000000000,0.04600000000000,0.81150000000000,33.1184,5690.7471,15.5500,15.5040,0.0460,15.5606,0.7549,0.7458,0.0091,0.7156,5690.7471,NA
ExperienceX.exe,49456,0x1E283BFA830,DXGI,1,0,0,Composed: Flip,5723.9871,NA,17.73600000000000,16.64640000000000,0.20610000000000,7.11140000000000,32.0288,5706.2971,17.8961,17.6900,0.2061,17.4770,7.3244,7.3107,0.0137,-1.0964,5706.2971,NA
ExperienceX.exe,49456,0x1E283BFA830,DXGI,1,0,0,Composed: Flip,5739.6724,NA,15.68530000000000,16.71950000000000,0.06820000000000,1.23910000000000,33.0630,5724.1932,15.5474,15.4792,0.0682,15.5623,1.1560,1.1482,0.0078,1.1766,5724.1932,NA
ExperienceX.exe,49456,0x1E283BFA830,DXGI,1,0,0,Composed: Flip,5757.0071,NA,17.33470000000000,16.61420000000000,0.35340000000000,1.47870000000000,32.3425,5739.7406,17.6199,17.2665,0.3534,16.9550,1.7902,1.7610,0.0292,-1.0668,5739.7406,NA
ExperienceX.exe,49456,0x1E283BFA830,DXGI,1,0,0,Composed: Flip,5773.2521,NA,16.24500000000000,16.67930000000000,0.24180000000000,1.55710000000000,32.7768,5757.3605,16.1334,15.8916,0.2418,1.1253,16.3234,4.0278,12.2956,0.9406,5757.3605,NA
ExperienceX.exe,49456,0x1E283BFA830,DXGI,1,0,0,Composed: Flip,5790.7494,NA,17.49730000000000,16.65390000000000,0.08080000000000,1.30470000000000,31.9334,5773.4939,17.3363,17.2555,0.0808,16.8461,1.7141,1.7141,0.0000,-0.5205,5773.4939,NA
ExperienceX.exe,49456,0x1E283BFA830,DXGI,1,0,0,Composed: Flip,5806.2879,NA,15.53850000000000,16.69240000000000,0.15490000000000,1.47410000000000,33.0873,5790.8302,15.6126,15.4577,0.1549,1.2239,15.7079,4.5487,11.1592,0.6439,5790.8302,NA
ExperienceX.exe,49456,0x1E283BFA830,DXGI,1,0,0,Composed: Flip,5823.7004,NA,17.41250000000000,16.64760000000000,0.08680000000000,1.30830000000000,32.3224,5806.4428,17.3444,17.2576,0.0868,16.8141,1.7518,1.7518,0.0000,-1.0350,5806.4428,NA
ExperienceX.exe,49456,0x1E283BFA830,DXGI,1,0,0,Composed: Flip,5839.6223,NA,15.92190000000000,16.78180000000000,0.11580000000000,1.35000000000000,33.1823,5823.7872,15.9509,15.8351,0.1158,1.2215,15.9636,5.0652,10.8984,0.5626,5823.7872,NA
ExperienceX.exe,49456,0x1E283BFA830,DXGI,1,0,0,Composed: Flip,5856.9706,NA,17.34830000000000,16.60560000000000,0.07670000000000,1.49320000000000,32.4396,5839.7381,17.3092,17.2325,0.0767,16.8848,1.8409,1.8409,0.0000,-0.6547,5839.7381,NA
ExperienceX.exe,49456,0x1E283BFA830,DXGI,1,0,0,Composed: Flip,5873.2564,NA,16.28580000000000,16.64720000000000,0.17800000000000,1.59770000000000,32.8010,5857.0473,16.3871,16.2091,0.1780,1.4165,16.3903,4.4709,11.9194,0.6620,5857.0473,NA
ExperienceX.exe,49456,0x1E283BFA830,DXGI,1,0,0,Composed: Flip,5890.3153,NA,17.05890000000000,16.63460000000000,0.11330000000000,7.03010000000000,32.3767,5873.4344,16.9942,16.8809,0.1133,17.2246,6.6864,6.6734,0.0130,-0.2475,5873.4344,NA
ExperienceX.exe,49456,0x1E283BFA830,DXGI,1,0,0,Composed: Flip,5906.6753,NA,16.36000000000000,16.78010000000000,0.26340000000000,1.81040000000000,32.7968,5890.4286,16.5101,16.2467,0.2634,16.4700,1.5871,1.5835,0.0036,0.2141,5890.4286,NA
ExperienceX.exe,49456,0x1E283BFA830,DXGI,1,0,0,Composed: Flip,5923.9725,NA,17.29720000000000,16.54120000000000,0.46690000000000,1.62500000000000,32.0408,5906.9387,17.5007,17.0338,0.4669,16.6243,2.0345,1.7170,0.3175,-0.0311,5906.9387,NA
ExperienceX.exe,49456,0x1E283BFA830,DXGI,1,0,0,Composed: Flip,5939.8280,NA,15.85550000000000,16.67920000000000,0.17370000000000,1.52980000000000,32.8645,5924.4394,15.5623,15.3886,0.1737,1.1581,15.7603,4.7019,11.0584,0.8215,5924.4394,NA
ExperienceX.exe,49456,0x1E283BFA830,DXGI,1,0,0,Composed: Flip,5956.9926,NA,17.16460000000000,16.65870000000000,0.12050000000000,1.73130000000000,32.3586,5940.0017,17.1114,16.9909,0.1205,16.6992,2.0230,1.8015,0.2215,-1.0964,5940.0017,NA
ExperienceX.exe,49456,0x1E283BFA830,DXGI,1,0,0,Composed: Flip,5972.9277,NA,15.93510000000000,16.69260000000000,0.11600000000000,1.49930000000000,33.1161,5957.1131,15.9306,15.8146,0.1160,1.6108,15.7031,4.5783,11.1248,0.4188,5957.1131,NA
ExperienceX.exe,49456,0x1E283BFA830,DXGI,1,0,0,Composed: Flip,5989.8315,NA,16.90380000000000,16.92620000000000,0.56440000000000,1.93570000000000,33.1385,5973.0437,17.3522,16.7878,0.5644,16.9338,1.7897,1.6105,0.1792,-0.9956,5973.0437,NA
ExperienceX.exe,49456,0x1E283BFA830,DXGI,1,0,0,Composed: Flip,6006.2547,NA,16.42320000000000,16.54740000000000,0.06490000000000,2.64570000000000,33.2627,5990.3959,15.9237,15.8588,0.0649,1.3713,17.1332,5.3000,11.8332,0.8048,5990.3959,NA
ExperienceX.exe,49456,0x1E283BFA830,DXGI,1,0,0,Composed: Flip,6024.0147,NA,17.76000000000000,16.51890000000000,0.15320000000000,7.70250000000000,32.0216,6006.3196,17.8483,17.6951,0.1532,17.3248,8.0728,8.0728,0.0000,-0.5952,6006.3196,NA
ExperienceX.exe,49456,0x1E283BFA830,DXGI,1,0,0,Composed: Flip,6039.8488,NA,15.83410000000000,16.71570000000000,0.11450000000000,1.76360000000000,32.9032,6024.1679,15.7954,15.6809,0.1145,7.5493,9.8952,3.6606,6.2346,1.1326,6024.1679,NA
ExperienceX.exe,49456,0x1E283BFA830,DXGI,1,0,0,Composed: Flip,6057.3114,NA,17.46260000000000,16.69840000000000,0.11260000000000,8.94290000000000,32.1390,6039.9633,17.4607,17.3481,0.1126,16.7791,9.5119,9.5119,0.0000,-0.9030,6039.9633,NA
ExperienceX.exe,49456,0x1E283BFA830,DXGI,1,0,0,Composed: Flip,6073.0020,NA,15.69060000000000,16.68940000000000,0.16660000000000,2.15550000000000,33.1378,6057.4240,15.7446,15.5780,0.1666,8.8303,8.9032,2.8247,6.0785,0.7713,6057.4240,NA
ExperienceX.exe,49456,0x1E283BFA830,DXGI,1,0,0,Composed: Flip,6091.6578,NA,18.65580000000000,16.57160000000000,0.33610000000000,2.22940000000000,31.0536,6073.1686,18.8253,18.4892,0.3361,17.9006,2.8180,2.8109,0.0071,-0.8270,6073.1686,NA
ExperienceX.exe,49456,0x1E283BFA830,DXGI,1,0,0,Composed: Flip,6106.4699,NA,14.81210000000000,16.67180000000000,0.22520000000000,2.62110000000000,32.9133,6091.9939,14.7012,14.4760,0.2252,1.8933,15.2038,10.3599,4.8439,2.1535,6091.9939,NA
ExperienceX.exe,49456,0x1E283BFA830,DXGI,1,0,0,Composed: Flip,6123.7061,NA,17.23620000000000,16.64510000000000,0.13020000000000,9.21110000000000,32.3222,6106.6951,17.1412,17.0110,0.1302,16.5929,9.6292,9.6292,0.0000,-1.9439,6106.6951,NA
ExperienceX.exe,49456,0x1E283BFA830,DXGI,1,0,0,Composed: Flip,6139.5869,NA,15.88080000000000,16.71160000000000,0.12030000000000,1.61700000000000,33.1530,6123.8363,15.8709,15.7506,0.1203,9.0809,8.2867,2.3292,5.9575,0.4296,6123.8363,NA
ExperienceX.exe,49456,0x1E283BFA830,DXGI,1,0,0,Composed: Flip,6157.3694,NA,17.78250000000000,16.69490000000000,0.08690000000000,9.67170000000000,32.0654,6139.7072,17.7491,17.6622,0.0869,16.9583,10.3756,10.3756,0.0000,-0.8240,6139.7072,NA
ExperienceX.exe,49456,0x1E283BFA830,DXGI,1,0,0,Composed: Flip,6173.1882,NA,15.81880000000000,16.57030000000000,0.33730000000000,1.58080000000000,32.8169,6157.4563,16.0692,15.7319,0.3373,9.5848,7.7279,2.0191,5.7088,1.1788,6157.4563,NA
ExperienceX.exe,49456,0x1E283BFA830,DXGI,1,0,0,Composed: Flip,6190.2464,NA,17.05820000000000,16.69580000000000,0.19480000000000,10.59010000000000,32.4545,6173.5255,16.9157,16.7209,0.1948,16.5458,10.7652,10.7652,0.0000,-0.6266,6173.5255,NA
ExperienceX.exe,49456,0x1E283BFA830,DXGI,1,0,0,Composed: Flip,6206.2125,NA,15.96610000000000,16.77030000000000,0.17280000000000,1.07180000000000,33.2587,6190.4412,15.9441,15.7713,0.1728,10.3953,6.4478,2.0864,4.3614,0.1454,6190.4412,NA
ExperienceX.exe,49456,0x1E283BFA830,DXGI,1,0,0,Composed: Flip,6223.8771,NA,17.66460000000000,16.57120000000000,0.11380000000000,1.56450000000000,32.1653,6206.3853,17.6056,17.4918,0.1138,17.0611,1.9952,1.9952,0.0000,-0.6271,6206.3853,NA
ExperienceX.exe,49456,0x1E283BFA830,DXGI,1,0,0,Composed: Flip,6239.8023,NA,15.92520000000000,16.63620000000000,0.17950000000000,1.47130000000000,32.8763,6223.9909,15.9909,15.8114,0.1795,1.4507,15.8320,4.5934,11.2386,0.9694,6223.9909,NA
ExperienceX.exe,49456,0x1E283BFA830,DXGI,1,0,0,Composed: Flip,6257.5284,NA,17.72610000000000,16.70190000000000,0.16400000000000,1.27270000000000,31.8521,6239.9818,17.7106,17.5466,0.1640,16.7543,2.0650,1.7018,0.3632,-0.7110,6239.9818,NA
ExperienceX.exe,49456,0x1E283BFA830,DXGI,1,0,0,Composed: Flip,6272.8820,NA,15.35360000000000,16.64650000000000,0.10830000000000,1.32320000000000,33.1450,6257.6924,15.2979,15.1896,0.1083,1.1087,15.4041,3.4433,11.9608,1.0641,6257.6924,NA
ExperienceX.exe,49456,0x1E283BFA830,DXGI,1,0,0,Composed: Flip,6290.6181,NA,17.73610000000000,16.68200000000000,0.10450000000000,5.35310000000000,32.0909,6272.9903,17.7323,17.6278,0.1045,17.0853,5.8956,5.8913,0.0043,-1.3841,6272.9903,NA
ExperienceX.exe,49456,0x1E283BFA830,DXGI,1,0,0,Composed: Flip,6306.3052,NA,15.68710000000000,16.85340000000000,0.18400000000000,0.86930000000000,33.2572,6290.7226,15.7666,15.5826,0.1840,15.7731,0.6788,0.6695,0.0093,0.8789,6290.7226,NA
ExperienceX.exe,49456,0x1E283BFA830,DXGI,1,0,0,Composed: Flip,6324.1822,NA,17.87700000000000,16.45620000000000,0.14500000000000,1.30610000000000,31.8364,6306.4892,17.8380,17.6930,0.1450,17.0060,1.9931,1.7208,0.2723,-0.6896,6306.4892,NA
ExperienceX.exe,49456,0x1E283BFA830,DXGI,1,0,0,Composed: Flip,6340.3450,NA,16.16280000000000,16.66930000000000,0.22600000000000,1.96870000000000,32.3429,6324.3272,16.2438,16.0178,0.2260,1.1611,16.8254,4.7054,12.1200,1.1687,6324.3272,NA
ExperienceX.exe,49456,0x1E283BFA830,DXGI,1,0,0,Composed: Flip,6356.9316,NA,16.58660000000000,16.65390000000000,0.24360000000000,1.46630000000000,32.4102,6340.5710,16.6042,16.3606,0.2436,16.1512,1.6757,1.6632,0.0125,-0.4101,6340.5710,NA
ExperienceX.exe,49456,0x1E283BFA830,DXGI,1,0,0,Composed: Flip,6372.9881,NA,16.05650000000000,16.66400000000000,0.13820000000000,1.37880000000000,33.0177,6357.1752,15.9511,15.8129,0.1382,1.2227,15.9690,5.0714,10.8976,-0.0598,6357.1752,NA
ExperienceX.exe,49456,0x1E283BFA830,DXGI,1,0,0,Composed: Flip,6389.7932,NA,16.80510000000000,16.66450000000000,0.42720000000000,2.01260000000000,32.8771,6373.1263,17.0941,16.6669,0.4272,16.7962,1.8833,1.8833,0.0000,-0.7134,6373.1263,NA
ExperienceX.exe,49456,0x1E283BFA830,DXGI,1,0,0,Composed: Flip,6406.2438,NA,16.45060000000000,16.73290000000000,0.08220000000000,1.30340000000000,33.1594,6390.2204,16.1056,16.0234,0.0822,1.5854,15.7414,4.7665,10.9749,0.3612,6390.2204,NA
ExperienceX.exe,49456,0x1E283BFA830,DXGI,1,0,0,Composed: Flip,6423.3313,NA,17.08750000000000,16.60880000000000,0.47720000000000,1.83010000000000,32.6807,6406.3260,17.4825,17.0053,0.4772,17.1777,1.6577,1.6487,0.0090,-0.5032,6406.3260,NA
ExperienceX.exe,49456,0x1E283BFA830,DXGI,1,0,0,Composed: Flip,6439.8255,NA,16.49420000000000,17.19590000000000,0.16730000000000,1.56420000000000,33.3824,6423.8085,16.1843,16.0170,0.1673,1.3529,16.2283,5.0630,11.1653,0.2866,6423.8085,NA
ExperienceX.exe,49456,0x1E283BFA830,DXGI,1,0,0,Composed: Flip,6456.9167,NA,17.09120000000000,16.30900000000000,0.07960000000000,1.41400000000000,32.6002,6439.9928,17.0035,16.9239,0.0796,16.5992,1.7387,1.7387,0.0000,-0.1247,6439.9928,NA
ExperienceX.exe,49456,0x1E283BFA830,DXGI,1,0,0,Composed: Flip,6473.8514,NA,16.93470000000000,16.60960000000000,0.23470000000000,1.44910000000000,32.2751,6456.9963,17.0898,16.8551,0.2347,1.3344,16.9698,4.8546,12.1152,0.3939,6456.9963,NA
ExperienceX.exe,49456,0x1E283BFA830,DXGI,1,0,0,Composed: Flip,6491.5547,NA,17.70330000000000,16.55250000000000,0.13930000000000,3.01210000000000,31.1243,6474.0861,17.6079,17.4686,0.1393,16.7349,3.7458,3.7458,0.0000,0.5373,6474.0861,NA
ExperienceX.exe,49456,0x1E283BFA830,DXGI,1,0,0,Composed: Flip,6506.9660,NA,15.41130000000000,16.67200000000000,0.29380000000000,1.59520000000000,32.3850,6491.6940,15.5658,15.2720,0.2938,2.8728,13.9944,1.6569,12.3375,0.9359,6491.6940,NA
ExperienceX.exe,49456,0x1E283BFA830,DXGI,1,0,0,Composed: Flip,6523.7040,NA,16.73800000000000,16.75110000000000,0.09450000000000,5.06680000000000,32.3981,6507.2598,16.5387,16.4442,0.0945,15.9537,5.5573,5.3424,0.2149,-1.1853,6507.2598,NA
ExperienceX.exe,49456,0x1E283BFA830,DXGI,1,0,0,Composed: Flip,6539.5599,NA,15.85590000000000,16.58280000000000,0.04640000000000,1.19460000000000,33.1250,6523.7985,15.8078,15.7614,0.0464,4.9723,11.9837,1.4263,10.5574,-0.0441,6523.7985,NA
ExperienceX.exe,49456,0x1E283BFA830,DXGI,1,0,0,Composed: Flip,6557.6692,NA,18.10930000000000,16.65160000000000,0.10430000000000,4.94710000000000,31.6673,6539.6063,18.1672,18.0629,0.1043,17.4320,5.5780,5.3060,0.2720,-0.8438,6539.6063,NA
ExperienceX.exe,49456,0x1E283BFA830,DXGI,1,0,0,Composed: Flip,6572.9576,NA,15.28840000000000,16.68580000000000,0.05000000000000,0.98480000000000,33.0647,6557.7735,15.2341,15.1841,0.0500,15.2557,0.9132,0.8988,0.0144,1.4814,6557.7735,NA
ExperienceX.exe,49456,0x1E283BFA830,DXGI,1,0,0,Composed: Flip,6590.3069,NA,17.34930000000000,16.65420000000000,0.08340000000000,1.44410000000000,32.3696,6573.0076,17.3827,17.2993,0.0834,16.9046,1.8388,1.8388,0.0000,-1.4201,6573.0076,NA
ExperienceX.exe,49456,0x1E283BFA830,DXGI,1,0,0,Composed: Flip,6606.5301,NA,16.22320000000000,16.66130000000000,0.12220000000000,1.33130000000000,32.8077,6590.3903,16.2620,16.1398,0.1222,1.3607,16.1104,4.6941,11.4163,0.7214,6590.3903,NA
ExperienceX.exe,49456,0x1E283BFA830,DXGI,1,0,0,Composed: Flip,6624.1231,NA,17.59300000000000,16.66460000000000,0.09530000000000,0.96900000000000,31.8793,6606.6523,17.5661,17.4708,0.0953,16.8758,1.5640,1.5541,0.0099,-0.4026,6606.6523,NA
ExperienceX.exe,49456,0x1E283BFA830,DXGI,1,0,0,Composed: Flip,6639.6035,NA,15.48040000000000,16.69620000000000,0.11900000000000,1.40660000000000,33.0951,6624.2184,15.5041,15.3851,0.1190,0.8737,15.9180,4.9428,10.9752,0.8699,6624.2184,NA
ExperienceX.exe,49456,0x1E283BFA830,DXGI,1,0,0,Composed: Flip,6656.7908,NA,17.18730000000000,16.71290000000000,0.30620000000000,1.44330000000000,32.6207,6639.7225,17.3745,17.0683,0.3062,16.9163,1.5953,1.5840,0.0113,-1.2088,6639.7225,NA
ExperienceX.exe,49456,0x1E283BFA830,DXGI,1,0,0,Composed: Flip,6673.0866,NA,16.29580000000000,16.62400000000000,0.17760000000000,1.31860000000000,32.9489,6657.0970,16.1672,15.9896,0.1776,1.1371,16.1711,3.7870,12.3841,0.7505,6657.0970,NA
ExperienceX.exe,49456,0x1E283BFA830,DXGI,1,0,0,Composed: Flip,6691.2570,NA,18.17040000000000,16.64060000000000,0.19990000000000,6.18700000000000,31.4191,6673.2642,18.1927,17.9928,0.1999,17.4726,6.7072,6.7037,0.0035,-0.4734,6673.2642,NA
ExperienceX.exe,49456,0x1E283BFA830,DXGI,1,0,0,Composed: Flip,6706.3043,NA,15.04730000000000,16.69470000000000,0.14050000000000,0.85860000000000,33.0665,6691.4569,14.9879,14.8474,0.1405,14.9989,0.7071,0.6991,0.0080,1.4980,6691.4569,NA
ExperienceX.exe,49456,0x1E283BFA830,DXGI,1,0,0,Composed: Flip,6724.2646,NA,17.96030000000000,16.64000000000000,0.10360000000000,1.06030000000000,31.7462,6706.4448,17.9234,17.8198,0.1036,17.1935,1.6866,1.6769,0.0097,-1.6521,6706.4448,NA
ExperienceX.exe,49456,0x1E283BFA830,DXGI,1,0,0,Composed: Flip,6739.6754,NA,15.41080000000000,16.66950000000000,0.20070000000000,1.57480000000000,33.0049,6724.3682,15.5079,15.3072,0.2007,0.9567,15.9253,3.9426,11.9827,1.2539,6724.3682,NA
ExperienceX.exe,49456,0x1E283BFA830,DXGI,1,0,0,Composed: Flip,6757.2609,NA,17.58550000000000,16.65770000000000,0.12920000000000,1.12860000000000,32.0771,6739.8761,17.5140,17.3848,0.1292,16.8139,1.6995,1.5386,0.1609,-1.1498,6739.8761,NA
ExperienceX.exe,49456,0x1E283BFA830,DXGI,1,0,0,Composed: Flip,6773.0495,NA,15.78860000000000,16.66930000000000,0.16510000000000,1.73160000000000,32.9578,6757.3901,15.8245,15.6594,0.1651,0.9994,16.3916,5.0278,11.3638,0.8447,6757.3901,NA
ExperienceX.exe,49456,0x1E283BFA830,DXGI,1,0,0,Composed: Flip,6790.2475,NA,17.19800000000000,16.66860000000000,0.37080000000000,1.51140000000000,32.4284,6773.2146,17.4037,17.0329,0.3708,16.7355,1.8088,1.6152,0.1936,-0.8441,6773.2146,NA
ExperienceX.exe,49456,0x1E283BFA830,DXGI,1,0,0,Composed: Flip,6806.2657,NA,16.01820000000000,16.82280000000000,0.13580000000000,1.51150000000000,33.2330,6790.6183,15.7832,15.6474,0.1358,1.1406,16.0183,4.5942,11.4241,0.5809,6790.6183,NA
ExperienceX.exe,49456,0x1E283BFA830,DXGI,1,0,0,Composed: Flip,6823.2179,NA,16.95220000000000,16.50850000000000,0.39210000000000,2.22150000000000,32.7893,6806.4015,17.2085,16.8164,0.3921,16.9438,2.0941,1.8482,0.2459,-0.7253,6806.4015,NA
ExperienceX.exe,49456,0x1E283BFA830,DXGI,1,0,0,Composed: Flip,6839.9302,NA,16.71230000000000,16.67340000000000,0.15760000000000,1.26930000000000,32.7504,6823.6100,16.4778,16.3202,0.1576,1.8294,15.7601,3.4635,12.2966,0.5351,6823.6100,NA
ExperienceX.exe,49456,0x1E283BFA830,DXGI,1,0,0,Composed: Flip,6857.0592,NA,17.12900000000000,16.65920000000000,0.13350000000000,1.24030000000000,32.2806,6840.0878,17.1049,16.9714,0.1335,16.5624,1.6493,1.6493,0.0000,-0.1814,6840.0878,NA
ExperienceX.exe,49456,0x1E283BFA830,DXGI,1,0,0,Composed: Flip,6873.0097,NA,15.95050000000000,16.74110000000000,0.15830000000000,1.36260000000000,33.0712,6857.1927,15.9753,15.8170,0.1583,1.1068,16.0728,3.6992,12.3736,0.3638,6857.1927,NA
ExperienceX.exe,49456,0x1E283BFA830,DXGI,1,0,0,Composed: Flip,6890.4340,NA,17.42430000000000,16.72040000000000,0.09260000000000,6.42900000000000,32.3673,6873.1680,17.3586,17.2660,0.0926,16.8384,6.8566,6.8437,0.0129,-0.7451,6873.1680,NA
ExperienceX.exe,49456,0x1E283BFA830,DXGI,1,0,0,Composed: Flip,6906.5593,NA,16.12530000000000,16.55440000000000,0.31370000000000,1.04480000000000,32.7964,6890.5266,16.3464,16.0327,0.3137,16.3763,0.7012,0.6929,0.0083,0.8042,6890.5266,NA
ExperienceX.exe,49456,0x1E283BFA830,DXGI,1,0,0,Composed: Flip,6924.1049,NA,17.54560000000000,16.82360000000000,0.09050000000000,1.48460000000000,32.0744,6906.8730,17.3224,17.2319,0.0905,16.9888,1.7277,1.7180,0.0097,-0.4772,6906.8730,NA
ExperienceX.exe,49456,0x1E283BFA830,DXGI,1,0,0,Composed: Flip,6939.6370,NA,15.53210000000000,16.50620000000000,0.13570000000000,1.28820000000000,33.0485,6924.1954,15.5773,15.4416,0.1357,1.3941,15.3357,4.1519,11.1838,0.8162,6924.1954,NA
ExperienceX.exe,49456,0x1E283BFA830,DXGI,1,0,0,Composed: Flip,6957.7337,NA,18.09670000000000,16.69810000000000,0.13310000000000,5.03410000000000,31.6499,6939.7727,18.0941,17.9610,0.1331,17.2524,5.7427,5.7367,0.0060,-1.1208,6939.7727,NA
ExperienceX.exe,49456,0x1E283BFA830,DXGI,1,0,0,Composed: Flip,6972.9600,NA,15.22630000000000,16.64640000000000,0.12750000000000,1.25510000000000,33.0700,6957.8668,15.2207,15.0932,0.1275,15.2604,1.0879,1.0810,0.0069,1.4477,6957.8668,NA
ExperienceX.exe,49456,0x1E283BFA830,DXGI,1,0,0,Composed: Flip,6990.4753,NA,17.51530000000000,16.67980000000000,0.11230000000000,3.88470000000000,32.2345,6973.0875,17.5001,17.3878,0.1123,16.9846,4.2879,4.2344,0.0535,-1.4591,6973.0875,NA
ExperienceX.exe,49456,0x1E283BFA830,DXGI,1,0,0,Composed: Flip,7006.4836,NA,16.00830000000000,16.65900000000000,0.10960000000000,1.14580000000000,32.8852,6990.5876,16.0056,15.8960,0.1096,3.7724,13.2694,1.7281,11.5413,0.8411,6990.5876,NA
ExperienceX.exe,49456,0x1E283BFA830,DXGI,1,0,0,Composed: Flip,7023.4835,NA,16.99990000000000,16.71230000000000,0.55680000000000,5.69740000000000,32.5976,7006.5932,17.4471,16.8903,0.5568,16.7251,5.8626,5.6707,0.1919,-0.7067,7006.5932,NA
ExperienceX.exe,49456,0x1E283BFA830,DXGI,1,0,0,Composed: Flip,7039.6187,NA,16.13520000000000,16.76530000000000,0.11380000000000,1.29370000000000,33.2277,7024.0403,15.6922,15.5784,0.1138,15.7286,1.1435,1.1352,0.0083,0.6818,7024.0403,NA
ExperienceX.exe,49456,0x1E283BFA830,DXGI,1,0,0,Composed: Flip,7058.7333,NA,19.11460000000000,17.04440000000000,0.12060000000000,1.43110000000000,31.1575,7039.7325,19.1214,19.0008,0.1206,18.1654,2.2665,1.7879,0.4786,-1.3522,7039.7325,NA
ExperienceX.exe,49456,0x1E283BFA830,DXGI,1,0,0,Composed: Flip,7073.3343,NA,14.60100000000000,16.39110000000000,0.22610000000000,1.81470000000000,32.9476,7058.8539,14.7065,14.4804,0.2261,1.3105,14.9846,4.9650,10.0196,2.7303,7058.8539,NA
ExperienceX.exe,49456,0x1E283BFA830,DXGI,1,0,0,Composed: Flip,7093.1427,NA,19.80840000000000,16.43350000000000,0.16370000000000,1.14160000000000,29.5727,7073.5604,19.7460,19.5823,0.1637,17.9872,2.7367,2.7202,0.0165,-1.7270,7073.5604,NA
ExperienceX.exe,49456,0x1E283BFA830,DXGI,1,0,0,Composed: Flip,7106.7389,NA,13.59620000000000,16.75150000000000,0.25650000000000,1.88560000000000,32.7280,7093.3064,13.6890,13.4325,0.2565,0.9779,14.3402,3.9610,10.3792,2.9945,7093.3064,NA
ExperienceX.exe,49456,0x1E283BFA830,DXGI,1,0,0,Composed: Flip,7124.6300,NA,17.89110000000000,16.57520000000000,0.17730000000000,2.35520000000000,31.4121,7106.9954,17.8119,17.6346,0.1773,16.7948,3.1950,3.1950,0.0000,-2.8862,7106.9954,NA
ExperienceX.exe,49456,0x1E283BFA830,DXGI,1,0,0,Composed: Flip,7139.8036,NA,15.17360000000000,16.78380000000000,0.19820000000000,1.49100000000000,33.0223,7124.8073,15.1945,14.9963,0.1982,2.1779,14.3094,3.1265,11.1829,1.0281,7124.8073,NA
ExperienceX.exe,49456,0x1E283BFA830,DXGI,1,0,0,Composed: Flip,7157.0925,NA,17.28890000000000,16.55100000000000,0.11030000000000,1.35310000000000,32.2844,7140.0018,17.2010,17.0907,0.1103,16.7111,1.7327,1.7327,0.0000,-1.3565,7140.0018,NA
ExperienceX.exe,49456,0x1E283BFA830,DXGI,1,0,0,Composed: Flip,7173.3632,NA,16.27070000000000,16.71810000000000,0.59860000000000,3.33270000000000,32.7318,7157.2028,16.7590,16.1604,0.5986,1.2428,18.2503,6.2593,11.9910,0.4829,7157.2028,NA
ExperienceX.exe,49456,0x1E283BFA830,DXGI,1,0,0,Composed: Flip,7190.6905,NA,17.32730000000000,16.58530000000000,0.23670000000000,1.53860000000000,31.9898,7173.9618,16.9654,16.7287,0.2367,16.1497,2.1176,2.0306,0.0870,0.1737,7173.9618,NA
ExperienceX.exe,49456,0x1E283BFA830,DXGI,1,0,0,Composed: Flip,7206.6562,NA,15.96570000000000,16.67620000000000,0.17920000000000,1.49680000000000,32.7003,7190.9272,15.9082,15.7290,0.1792,1.3019,15.9239,3.5298,12.3941,0.2892,7190.9272,NA
ExperienceX.exe,49456,0x1E283BFA830,DXGI,1,0,0,Composed: Flip,7223.6859,NA,17.02970000000000,16.65120000000000,0.09840000000000,1.33770000000000,32.3218,7206.8354,16.9489,16.8505,0.0984,16.4406,1.7476,1.5516,0.1960,-0.7430,7206.8354,NA
ExperienceX.exe,49456,0x1E283BFA830,DXGI,1,0,0,Composed: Flip,7239.6205,NA,15.93460000000000,16.85530000000000,0.31560000000000,1.51570000000000,33.2425,7223.7843,16.1518,15.8362,0.3156,1.2393,16.1126,4.0909,12.0217,0.0936,7223.7843,NA
ExperienceX.exe,49456,0x1E283BFA830,DXGI,1,0,0,Composed: Flip,7257.4323,NA,17.81180000000000,16.54720000000000,0.15280000000000,1.41810000000000,31.9779,7239.9361,17.6490,17.4962,0.1528,16.7045,2.2098,1.7922,0.4176,-0.3954,7239.9361,NA
ExperienceX.exe,49456,0x1E283BFA830,DXGI,1,0,0,Composed: Flip,7273.6600,NA,16.22770000000000,16.61720000000000,0.47600000000000,1.64990000000000,32.3674,7257.5851,16.5509,16.0749,0.4760,1.2653,16.4595,2.1848,14.2747,1.0318,7257.5851,NA
ExperienceX.exe,49456,0x1E283BFA830,DXGI,1,0,0,Composed: Flip,7292.2970,NA,18.63700000000000,16.74200000000000,0.15430000000000,3.95530000000000,30.4724,7274.1360,18.3153,18.1610,0.1543,17.5222,4.5941,4.5876,0.0065,-0.1911,7274.1360,NA
ExperienceX.exe,49456,0x1E283BFA830,DXGI,1,0,0,Composed: Flip,7306.2513,NA,13.95430000000000,16.59450000000000,0.20060000000000,0.99330000000000,33.1126,7292.4513,14.0006,13.8000,0.2006,14.0308,0.7625,0.7537,0.0088,1.7208,7292.4513,NA
ExperienceX.exe,49456,0x1E283BFA830,DXGI,1,0,0,Composed: Flip,7324.9873,NA,18.73600000000000,16.65170000000000,0.24210000000000,0.90670000000000,31.0283,7306.4519,18.7775,18.5354,0.2421,17.7424,1.6997,1.6707,0.0290,-2.6511,7306.4519,NA
ExperienceX.exe,49456,0x1E283BFA830,DXGI,1,0,0,Composed: Flip,7339.5422,NA,14.55490000000000,16.67400000000000,0.08180000000000,1.45170000000000,33.1474,7325.2294,14.3946,14.3128,0.0818,0.6646,15.0999,4.2969,10.8030,2.1035,7325.2294,NA
ExperienceX.exe,49456,0x1E283BFA830,DXGI,1,0,0,Composed: Flip,7356.9026,NA,17.36040000000000,16.67180000000000,0.59390000000000,1.48460000000000,32.4588,7339.6240,17.8725,17.2786,0.5939,17.0812,1.6820,1.6684,0.0136,-2.2772,7339.6240,NA
ExperienceX.exe,49456,0x1E283BFA830,DXGI,1,0,0,Composed: Flip,7372.9126,NA,16.01000000000000,16.66910000000000,0.12440000000000,1.34940000000000,33.1179,7357.4965,15.5405,15.4161,0.1244,0.8907,15.8748,4.3591,11.5157,1.2034,7357.4965,NA
ExperienceX.exe,49456,0x1E283BFA830,DXGI,1,0,0,Composed: Flip,7390.5750,NA,17.66240000000000,16.73350000000000,0.16750000000000,4.77390000000000,32.1890,7373.0370,17.7055,17.5380,0.1675,17.0063,5.3056,5.2987,0.0069,-1.1930,7373.0370,NA
ExperienceX.exe,49456,0x1E283BFA830,DXGI,1,0,0,Composed: Flip,7406.2195,NA,15.64450000000000,16.57650000000000,0.10720000000000,1.09050000000000,33.1210,7390.7425,15.5842,15.4770,0.1072,15.5892,0.9783,0.9705,0.0078,1.1290,7390.7425,NA
ExperienceX.exe,49456,0x1E283BFA830,DXGI,1,0,0,Composed: Flip,7423.7445,NA,17.52500000000000,16.69980000000000,0.16190000000000,1.63460000000000,32.2958,7406.3267,17.5797,17.4178,0.1619,17.0431,2.0093,2.0093,0.0000,-1.1156,7406.3267,NA
ExperienceX.exe,49456,0x1E283BFA830,DXGI,1,0,0,Composed: Flip,7439.5205,NA,15.77600000000000,16.63920000000000,0.11140000000000,1.13620000000000,33.1590,7423.9064,15.7255,15.6141,0.1114,1.4727,15.2776,3.2497,12.0279,0.9405,7423.9064,NA
ExperienceX.exe,49456,0x1E283BFA830,DXGI,1,0,0,Composed: Flip,7457.5597,NA,18.03920000000000,16.66060000000000,0.16120000000000,1.39620000000000,31.7804,7439.6319,18.0890,17.9278,0.1612,17.2932,2.0308,2.0172,0.0136,-0.9351,7439.6319,NA
ExperienceX.exe,49456,0x1E283BFA830,DXGI,1,0,0,Composed: Flip,7472.9052,NA,15.34550000000000,16.96440000000000,0.12050000000000,1.39770000000000,33.3993,7457.7209,15.3048,15.1843,0.1205,1.2350,15.3470,4.0903,11.2567,1.1246,7457.7209,NA
ExperienceX.exe,49456,0x1E283BFA830,DXGI,1,0,0,Composed: Flip,7490.4835,NA,17.57830000000000,16.50830000000000,0.09090000000000,6.14740000000000,32.3293,7473.0257,17.5487,17.4578,0.0909,17.0331,6.5721,6.5531,0.0190,-1.2035,7473.0257,NA
ExperienceX.exe,49456,0x1E283BFA830,DXGI,1,0,0,Composed: Flip,7506.7903,NA,16.30680000000000,16.69720000000000,0.23120000000000,1.57950000000000,32.7197,7490.5744,16.4471,16.2159,0.2312,16.6078,1.1876,1.1744,0.0132,0.8515,7490.5744,NA
ExperienceX.exe,49456,0x1E283BFA830,DXGI,1,0,0,Composed: Flip,7524.1468,NA,17.35650000000000,16.52370000000000,0.10170000000000,5.09320000000000,31.8869,7507.0215,17.2270,17.1253,0.1017,16.6265,5.5920,5.5851,0.0069,-0.0766,7507.0215,NA
ExperienceX.exe,49456,0x1E283BFA830,DXGI,1,0,0,Composed: Flip,7540.0037,NA,15.85690000000000,16.65470000000000,0.13870000000000,1.38490000000000,32.6847,7524.2485,15.8939,15.7552,0.1387,15.9404,1.1997,1.1899,0.0098,0.5723,7524.2485,NA
ExperienceX.exe,49456,0x1E283BFA830,DXGI,1,0,0,Composed: Flip,7556.7817,NA,16.77800000000000,16.69670000000000,0.11400000000000,5.85670000000000,32.6034,7540.1424,16.7533,16.6393,0.1140,17.1068,5.3892,5.1680,0.2212,-0.8028,7540.1424,NA
ExperienceX.exe,49456,0x1E283BFA830,DXGI,1,0,0,Composed: Flip,7572.9019,NA,16.12020000000000,16.61900000000000,0.11280000000000,0.97690000000000,33.1022,7556.8957,16.1190,16.0062,0.1128,5.7427,11.2404,1.1779,10.0625,0.1343,7556.8957,NA
ExperienceX.exe,49456,0x1E283BFA830,DXGI,1,0,0,Composed: Flip,7590.9214,NA,18.01950000000000,16.75780000000000,0.09060000000000,5.97340000000000,31.8405,7573.0147,17.9973,17.9067,0.0906,17.2724,6.6077,6.5941,0.0136,-0.6388,7573.0147,NA
ExperienceX.exe,49456,0x1E283BFA830,DXGI,1,0,0,Composed: Flip,7606.2304,NA,15.30900000000000,16.58250000000000,0.11940000000000,0.98650000000000,33.1140,7591.0120,15.3378,15.2184,0.1194,15.3492,0.8557,0.8500,0.0057,1.4148,7591.0120,NA
ExperienceX.exe,49456,0x1E283BFA830,DXGI,1,0,0,Composed: Flip,7624.2114,NA,17.98100000000000,16.65530000000000,0.10650000000000,5.33380000000000,31.7883,7606.3498,17.9681,17.8616,0.1065,17.3877,5.8077,5.8013,0.0064,-1.3175,7606.3498,NA
ExperienceX.exe,49456,0x1E283BFA830,DXGI,1,0,0,Composed: Flip,7639.6700,NA,15.45860000000000,16.71440000000000,0.08050000000000,2.10320000000000,33.0441,7624.3179,15.4326,15.3521,0.0805,15.5591,1.8962,1.8902,0.0060,1.2537,7624.3179,NA
ExperienceX.exe,49456,0x1E283BFA830,DXGI,1,0,0,Composed: Flip,7656.8824,NA,17.21240000000000,16.62750000000000,0.08820000000000,4.83130000000000,32.4592,7639.7505,17.2201,17.1319,0.0882,16.8375,5.1257,5.1257,0.0000,-1.1949,7639.7505,NA
ExperienceX.exe,49456,0x1E283BFA830,DXGI,1,0,0,Composed: Flip,7673.0098,NA,16.12740000000000,16.65550000000000,0.16220000000000,1.61220000000000,32.9873,7656.9706,16.2014,16.0392,0.1622,4.7431,12.9083,1.4614,11.4469,0.5646,7656.9706,NA
ExperienceX.exe,49456,0x1E283BFA830,DXGI,1,0,0,Composed: Flip,7690.4137,NA,17.40390000000000,16.71270000000000,0.12790000000000,5.29250000000000,32.2961,7673.1720,17.3696,17.2417,0.1279,16.8449,5.6893,5.6821,0.0072,-0.5113,7673.1720,NA
ExperienceX.exe,49456,0x1E283BFA830,DXGI,1,0,0,Composed: Flip,7706.2596,NA,15.84590000000000,16.63660000000000,0.13190000000000,0.96020000000000,33.0868,7690.5416,15.8499,15.7180,0.1319,15.8732,0.8050,0.7980,0.0070,0.7330,7690.5416,NA
ExperienceX.exe,49456,0x1E283BFA830,DXGI,1,0,0,Composed: Flip,7724.5333,NA,18.27370000000000,16.65580000000000,0.35970000000000,1.64460000000000,31.4689,7706.3915,18.5015,18.1418,0.3597,17.4252,2.3612,2.3505,0.0107,-0.8059,7706.3915,NA
ExperienceX.exe,49456,0x1E283BFA830,DXGI,1,0,0,Composed: Flip,7739.6521,NA,15.11880000000000,16.73480000000000,0.15100000000000,1.35410000000000,33.0849,7724.8930,14.9101,14.7591,0.1510,1.2849,14.8283,5.1375,9.6908,1.7667,7724.8930,NA
ExperienceX.exe,49456,0x1E283BFA830,DXGI,1,0,0,Composed: Flip,7757.0340,NA,17.38190000000000,16.60890000000000,0.42920000000000,1.63930000000000,32.3119,7739.8031,17.6601,17.2309,0.4292,17.0260,1.8442,1.6532,0.1910,-1.6988,7739.8031,NA
ExperienceX.exe,49456,0x1E283BFA830,DXGI,1,0,0,Composed: Flip,7773.1454,NA,16.11140000000000,16.66360000000000,0.24200000000000,1.42670000000000,32.8641,7757.4632,15.9242,15.6822,0.2420,1.2101,15.8988,3.7894,12.1094,0.9965,7757.4632,NA
ExperienceX.exe,49456,0x1E283BFA830,DXGI,1,0,0,Composed: Flip,7790.2771,NA,17.13170000000000,16.66820000000000,0.34480000000000,7.07740000000000,32.4006,7773.3874,17.2345,16.8897,0.3448,16.6253,7.3418,7.3280,0.0138,-0.7440,7773.3874,NA
ExperienceX.exe,49456,0x1E283BFA830,DXGI,1,0,0,Composed: Flip,7806.2497,NA,15.97260000000000,16.66020000000000,0.16850000000000,0.98960000000000,33.0882,7790.6219,15.7963,15.6278,0.1685,15.7998,0.8176,0.8055,0.0121,0.5743,7790.6219,NA
ExperienceX.exe,49456,0x1E283BFA830,DXGI,1,0,0,Composed: Flip,7823.8722,NA,17.62250000000000,16.65840000000000,0.13280000000000,1.24630000000000,32.1241,7806.4182,17.5868,17.4540,0.1328,16.9415,1.7588,1.7588,0.0000,-0.8621,7806.4182,NA
ExperienceX.exe,49456,0x1E283BFA830,DXGI,1,0,0,Composed: Flip,7839.7758,NA,15.90360000000000,16.91920000000000,0.35640000000000,1.56830000000000,33.1397,7824.0050,16.1272,15.7708,0.3564,1.1135,16.2256,4.5950,11.6306,0.6676,7824.0050,NA
ExperienceX.exe,49456,0x1E283BFA830,DXGI,1,0,0,Composed: Flip,7857.0428,NA,17.26700000000000,16.56810000000000,0.09160000000000,1.24560000000000,32.4408,7840.1322,17.0022,16.9106,0.0916,16.4563,1.6999,1.6999,0.0000,-0.4409,7840.1322,NA
ExperienceX.exe,49456,0x1E283BFA830,DXGI,1,0,0,Composed: Flip,7873.4356,NA,16.39280000000000,16.55110000000000,0.21150000000000,2.47780000000000,32.5991,7857.1344,16.5127,16.3012,0.2115,1.1540,17.6250,6.0058,11.6192,0.4511,7857.1344,NA
ExperienceX.exe,49456,0x1E283BFA830,DXGI,1,0,0,Composed: Flip,7892.2262,NA,18.79060000000000,16.64330000000000,0.18240000000000,1.36680000000000,30.4518,7873.6471,18.7615,18.5791,0.1824,17.7972,2.1487,2.1356,0.0131,-0.1306,7873.6471,NA
ExperienceX.exe,49456,0x1E283BFA830,DXGI,1,0,0,Composed: Flip,7906.4685,NA,14.24230000000000,16.65560000000000,0.26130000000000,2.06120000000000,32.8651,7892.4086,14.3212,14.0599,0.2613,1.1844,14.9367,3.3397,11.5970,2.1059,7892.4086,NA
ExperienceX.exe,49456,0x1E283BFA830,DXGI,1,0,0,Composed: Flip,7924.0470,NA,17.57850000000000,16.66210000000000,0.14010000000000,1.07180000000000,31.9487,7906.7298,17.4573,17.3172,0.1401,16.7788,1.6102,1.6052,0.0050,-2.3409,7906.7298,NA
ExperienceX.exe,49456,0x1E283BFA830,DXGI,1,0,0,Composed: Flip,7939.5439,NA,15.49690000000000,16.66890000000000,0.12180000000000,1.49950000000000,33.1207,7924.1871,15.4786,15.3568,0.1218,0.9317,15.9246,4.4227,11.5019,0.7884,7924.1871,NA
ExperienceX.exe,49456,0x1E283BFA830,DXGI,1,0,0,Composed: Flip,7956.9707,NA,17.42680000000000,16.64260000000000,0.38710000000000,4.47420000000000,32.3365,7939.6657,17.6921,17.3050,0.3871,16.9778,4.8014,4.5633,0.2381,-1.1640,7939.6657,NA
ExperienceX.exe,49456,0x1E283BFA830,DXGI,1,0,0,Composed: Flip,7972.9957,NA,16.02500000000000,16.69850000000000,0.15720000000000,0.85680000000000,33.0100,7957.3578,15.7951,15.6379,0.1572,4.0871,12.4076,0.9973,11.4103,0.9936,7957.3578,NA
ExperienceX.exe,49456,0x1E283BFA830,DXGI,1,0,0,Composed: Flip,7990.2879,NA,17.29220000000000,16.66550000000000,0.18390000000000,1.47070000000000,32.3833,7973.1529,17.3189,17.1350,0.1839,16.9209,1.6848,1.5945,0.0903,-0.8704,7973.1529,NA
ExperienceX.exe,49456,0x1E283BFA830,DXGI,1,0,0,Composed: Flip,8006.2531,NA,15.96520000000000,16.68440000000000,0.14880000000000,2.58780000000000,33.1025,7990.4718,15.9301,15.7813,0.1488,1.2868,17.0823,4.6127,12.4696,0.6345,7990.4718,NA
ExperienceX.exe,49456,0x1E283BFA830,DXGI,1,0,0,Composed: Flip,8023.4742,NA,17.22110000000000,16.78410000000000,0.44130000000000,1.85730000000000,32.6655,8006.4019,17.5136,17.0723,0.4413,17.2370,1.6926,1.6842,0.0084,-0.8540,8006.4019,NA
ExperienceX.exe,49456,0x1E283BFA830,DXGI,1,0,0,Composed: Flip,8039.7112,NA,16.23700000000000,16.59410000000000,0.23300000000000,1.30360000000000,33.0226,8023.9155,16.0287,15.7957,0.2330,1.4160,15.6833,3.6951,11.9882,0.9195,8023.9155,NA
ExperienceX.exe,49456,0x1E283BFA830,DXGI,1,0,0,Composed: Flip,8058.2532,NA,18.54200000000000,16.79490000000000,0.17720000000000,1.07970000000000,31.2755,8039.9442,18.4862,18.3090,0.1772,17.5655,1.8232,1.8112,0.0120,-0.7662,8039.9442,NA
ExperienceX.exe,49456,0x1E283BFA830,DXGI,1,0,0,Composed: Flip,8073.1061,NA,14.85290000000000,16.49010000000000,0.15340000000000,1.34220000000000,32.9127,8058.4304,14.8291,14.6757,0.1534,0.9025,15.1154,2.6260,12.4894,1.9961,8058.4304,NA
ExperienceX.exe,49456,0x1E283BFA830,DXGI,1,0,0,Composed: Flip,8090.4963,NA,17.39020000000000,16.64670000000000,0.69750000000000,7.50800000000000,32.1692,8073.2595,17.9343,17.2368,0.6975,17.4456,7.2992,7.2931,0.0061,-1.8176,8073.2595,NA
ExperienceX.exe,49456,0x1E283BFA830,DXGI,1,0,0,Composed: Flip,8106.2375,NA,15.74120000000000,16.70240000000000,0.15040000000000,0.98310000000000,33.1304,8091.1938,15.1941,15.0437,0.1504,15.2250,0.8018,0.7923,0.0095,1.2319,8091.1938,NA
ExperienceX.exe,49456,0x1E283BFA830,DXGI,1,0,0,Composed: Flip,8123.4648,NA,17.22730000000000,16.80050000000000,0.86670000000000,1.61460000000000,32.7036,8106.3879,17.9436,17.0769,0.8667,16.9124,1.7791,1.7791,0.0000,-1.6064,8106.3879,NA
ExperienceX.exe,49456,0x1E283BFA830,DXGI,1,0,0,Composed: Flip,8139.5636,NA,16.09880000000000,16.49100000000000,0.16380000000000,1.42830000000000,33.0958,8124.3315,15.3959,15.2321,0.1638,0.7479,15.9125,4.4203,11.4922,1.4526,8124.3315,NA
ExperienceX.exe,49456,0x1E283BFA830,DXGI,1,0,0,Composed: Flip,8157.4684,NA,17.90480000000000,16.66630000000000,0.12990000000000,4.17820000000000,31.8573,8139.7274,17.8709,17.7410,0.1299,17.1371,4.7821,4.7723,0.0098,-1.2704,8139.7274,NA
ExperienceX.exe,49456,0x1E283BFA830,DXGI,1,0,0,Composed: Flip,8172.8221,NA,15.35370000000000,16.66020000000000,0.08520000000000,1.13500000000000,33.1638,8157.5983,15.3090,15.2238,0.0852,4.0483,12.3105,1.0825,11.2280,1.2107,8157.5983,NA
ExperienceX.exe,49456,0x1E283BFA830,DXGI,1,0,0,Composed: Flip,8190.8316,NA,18.00950000000000,16.67500000000000,0.56880000000000,1.65440000000000,31.8293,8172.9073,18.4931,17.9243,0.5688,17.4120,2.1667,1.8464,0.3203,-1.3660,8172.9073,NA
ExperienceX.exe,49456,0x1E283BFA830,DXGI,1,0,0,Composed: Flip,8206.4593,NA,15.62770000000000,16.67740000000000,0.18720000000000,1.29100000000000,32.8790,8191.4004,15.2461,15.0589,0.1872,1.0856,15.2643,3.4246,11.8397,1.8157,8191.4004,NA
ExperienceX.exe,49456,0x1E283BFA830,DXGI,1,0,0,Composed: Flip,8224.0744,NA,17.61510000000000,16.80770000000000,0.12760000000000,1.10620000000000,32.0716,8206.6465,17.5555,17.4279,0.1276,16.7846,1.7495,1.5827,0.1668,-1.5616,8206.6465,NA
ExperienceX.exe,49456,0x1E283BFA830,DXGI,1,0,0,Composed: Flip,8239.6210,NA,15.54660000000000,16.55930000000000,0.49330000000000,1.98450000000000,33.0843,8224.2020,15.9123,15.4190,0.4933,0.9786,16.4249,4.1208,12.3041,0.9962,8224.2020,NA
ExperienceX.exe,49456,0x1E283BFA830,DXGI,1,0,0,Composed: Flip,8257.0728,NA,17.45180000000000,16.69290000000000,0.13010000000000,1.99100000000000,32.3254,8240.1143,17.0886,16.9585,0.1301,17.2874,1.6621,1.6552,0.0069,-0.7806,8240.1143,NA
ExperienceX.exe,49456,0x1E283BFA830,DXGI,1,0,0,Composed: Flip,8272.9263,NA,15.85350000000000,16.84420000000000,0.15700000000000,1.33070000000000,33.3161,8257.2029,15.8804,15.7234,0.1570,1.8609,15.1932,3.8664,11.3268,0.2444,8257.2029,NA
ExperienceX.exe,49456,0x1E283BFA830,DXGI,1,0,0,Composed: Flip,8290.7884,NA,17.86210000000000,16.48290000000000,0.14990000000000,5.18010000000000,31.9369,8273.0833,17.8550,17.7051,0.1499,17.2176,5.6676,5.6504,0.0172,-0.6025,8273.0833,NA
ExperienceX.exe,49456,0x1E283BFA830,DXGI,1,0,0,Composed: Flip,8307.0515,NA,16.26310000000000,16.67860000000000,0.29990000000000,1.27120000000000,32.3524,8290.9383,16.4131,16.1132,0.2999,16.5172,0.8672,0.8425,0.0247,1.1764,8290.9383,NA
ExperienceX.exe,49456,0x1E283BFA830,DXGI,1,0,0,Composed: Flip,8324.3320,NA,17.28050000000000,16.62100000000000,0.12990000000000,1.23750000000000,31.6929,8307.3514,17.1105,16.9806,0.1299,16.4957,1.7224,1.7158,0.0066,-0.2079,8307.3514,NA
ExperienceX.exe,49456,0x1E283BFA830,DXGI,1,0,0,Composed: Flip,8339.9657,NA,15.63370000000000,16.69330000000000,0.21380000000000,1.62840000000000,32.7525,8324.4619,15.7176,15.5038,0.2138,1.1076,16.0246,5.0663,10.9583,0.4172,8324.4619,NA
ExperienceX.exe,49456,0x1E283BFA830,DXGI,1,0,0,Composed: Flip,8357.5377,NA,17.57200000000000,16.65340000000000,0.06560000000000,1.65160000000000,31.8339,8340.1795,17.4238,17.3582,0.0656,16.7986,2.2112,1.7949,0.4163,-0.9358,8340.1795,NA
ExperienceX.exe,49456,0x1E283BFA830,DXGI,1,0,0,Composed: Flip,8373.0912,NA,15.55350000000000,16.62190000000000,0.04060000000000,1.67560000000000,32.9023,8357.6033,15.5285,15.4879,0.0406,1.5860,15.5775,5.2302,10.3473,0.8019,8357.6033,NA
ExperienceX.exe,49456,0x1E283BFA830,DXGI,1,0,0,Composed: Flip,8390.3629,NA,17.27170000000000,16.68830000000000,0.08720000000000,1.51500000000000,32.3189,8373.1318,17.3183,17.2311,0.0872,16.9087,1.8374,1.8374,0.0000,-1.1598,8373.1318,NA
ExperienceX.exe,49456,0x1E283BFA830,DXGI,1,0,0,Composed: Flip,8406.2115,NA,15.84860000000000,16.65980000000000,0.11040000000000,1.37910000000000,33.1301,8390.4501,15.8718,15.7614,0.1104,1.4278,15.7127,4.8951,10.8176,0.6585,8390.4501,NA
ExperienceX.exe,49456,0x1E283BFA830,DXGI,1,0,0,Composed: Flip,8423.1778,NA,16.96630000000000,16.65090000000000,0.61960000000000,6.01600000000000,32.8147,8406.3219,17.4755,16.8559,0.6196,17.0413,5.8306,5.8140,0.0166,-0.7791,8406.3219,NA
ExperienceX.exe,49456,0x1E283BFA830,DXGI,1,0,0,Composed: Flip,8439.6295,NA,16.45170000000000,16.67580000000000,0.28170000000000,1.45330000000000,33.0388,8423.7974,16.1138,15.8321,0.2817,16.1438,1.1416,1.1332,0.0084,0.7997,8423.7974,NA
ExperienceX.exe,49456,0x1E283BFA830,DXGI,1,0,0,Composed: Flip,8456.8641,NA,17.23460000000000,16.76230000000000,0.37960000000000,1.38370000000000,32.5665,8439.9112,17.3325,16.9529,0.3796,16.6736,1.6630,1.5052,0.1578,-0.6485,8439.9112,NA
ExperienceX.exe,49456,0x1E283BFA830,DXGI,1,0,0,Composed: Flip,8472.9830,NA,16.11890000000000,16.78420000000000,0.19320000000000,2.24240000000000,33.2318,8457.2437,15.9325,15.7393,0.1932,1.0041,16.9776,4.1334,12.8442,0.5483,8457.2437,NA
ExperienceX.exe,49456,0x1E283BFA830,DXGI,1,0,0,Composed: Flip,8491.8548,NA,18.87180000000000,16.57000000000000,0.97500000000000,3.28080000000000,30.9300,8473.1762,19.6536,18.6786,0.9750,17.9727,3.9867,3.9830,0.0037,-0.6375,8473.1762,NA
ExperienceX.exe,49456,0x1E283BFA830,DXGI,1,0,0,Composed: Flip,8506.5555,NA,14.70070000000000,16.54900000000000,0.17340000000000,1.65480000000000,32.7783,8492.8298,13.8991,13.7257,0.1734,14.0123,1.3682,1.3364,0.0318,3.1046,8492.8298,NA
ExperienceX.exe,49456,0x1E283BFA830,DXGI,1,0,0,Composed: Flip,8524.7542,NA,18.19870000000000,16.66850000000000,0.20500000000000,0.91260000000000,31.2481,8506.7289,18.2303,18.0253,0.2050,17.2059,1.7320,1.7172,0.0148,-2.7694,8506.7289,NA
ExperienceX.exe,49456,0x1E283BFA830,DXGI,1,0,0,Composed: Flip,8539.5823,NA,14.82810000000000,16.65530000000000,0.14060000000000,1.29950000000000,33.0753,8524.9592,14.7637,14.6231,0.1406,0.7076,15.2150,2.3274,12.8876,1.5750,8524.9592,NA
ExperienceX.exe,49456,0x1E283BFA830,DXGI,1,0,0,Composed: Flip,8556.7314,NA,17.14910000000000,16.69920000000000,0.32890000000000,4.72040000000000,32.6254,8539.7229,17.3374,17.0085,0.3289,16.8615,4.8674,4.6451,0.2223,-1.9355,8539.7229,NA
ExperienceX.exe,49456,0x1E283BFA830,DXGI,1,0,0,Composed: Flip,8572.8334,NA,16.10200000000000,16.67570000000000,0.05150000000000,0.89140000000000,33.1991,8557.0603,15.8246,15.7731,0.0515,4.3915,12.2730,1.1439,11.1291,0.6617,8557.0603,NA
ExperienceX.exe,49456,0x1E283BFA830,DXGI,1,0,0,Composed: Flip,8590.8853,NA,18.05190000000000,16.61400000000000,0.06690000000000,1.32410000000000,31.7612,8572.8849,18.0673,18.0004,0.0669,17.4495,1.8750,1.7403,0.1347,-0.7894,8572.8849,NA
ExperienceX.exe,49456,0x1E283BFA830,DXGI,1,0,0,Composed: Flip,8606.3453,NA,15.46000000000000,16.67870000000000,0.11110000000000,2.00400000000000,32.9799,8590.9522,15.5042,15.3931,0.1111,1.2572,16.1399,5.1176,11.0223,1.3886,8590.9522,NA
ExperienceX.exe,49456,0x1E283BFA830,DXGI,1,0,0,Composed: Flip,8623.5875,NA,17.24220000000000,16.66280000000000,0.07030000000000,1.63220000000000,32.4005,8606.4564,17.2014,17.1311,0.0703,16.7606,2.0027,1.7587,0.2440,-1.1586,8606.4564,NA
ExperienceX.exe,49456,0x1E283BFA830,DXGI,1,0,0,Composed: Flip,8639.5492,NA,15.96170000000000,16.73700000000000,0.06100000000000,1.52570000000000,33.1758,8623.6578,15.9524,15.8914,0.0610,1.5619,15.8552,4.5195,11.3357,0.4644,8623.6578,NA
ExperienceX.exe,49456,0x1E283BFA830,DXGI,1,0,0,Composed: Flip,8657.4197,NA,17.87050000000000,16.69860000000000,0.19290000000000,1.54030000000000,32.0039,8639.6102,18.0024,17.8095,0.1929,17.1257,2.2241,1.8510,0.3731,-0.7462,8639.6102,NA
ExperienceX.exe,49456,0x1E283BFA830,DXGI,1,0,0,Composed: Flip,8673.0757,NA,15.65600000000000,16.62070000000000,0.11580000000000,1.28830000000000,32.9686,8657.6126,15.5789,15.4631,0.1158,1.3474,15.4040,4.1286,11.2754,1.3817,8657.6126,NA
ExperienceX.exe,49456,0x1E283BFA830,DXGI,1,0,0,Composed: Flip,8692.1054,NA,19.02970000000000,16.69940000000000,0.16230000000000,1.61920000000000,30.6383,8673.1915,19.0762,18.9139,0.1623,18.0765,2.4566,2.4566,0.0000,-1.1205,8673.1915,NA
ExperienceX.exe,49456,0x1E283BFA830,DXGI,1,0,0,Composed: Flip,8706.3924,NA,14.28700000000000,16.59920000000000,0.13960000000000,1.26960000000000,32.9505,8692.2677,14.2643,14.1247,0.1396,1.4569,13.9374,3.1638,10.7736,2.4770,8692.2677,NA
ExperienceX.exe,49456,0x1E283BFA830,DXGI,1,0,0,Composed: Flip,8725.1197,NA,18.72730000000000,16.67120000000000,0.39170000000000,1.78660000000000,30.8944,8706.5320,18.9794,18.5877,0.3917,17.7849,2.5894,2.3922,0.1972,-2.4069,8706.5320,NA
ExperienceX.exe,49456,0x1E283BFA830,DXGI,1,0,0,Composed: Flip,8739.6870,NA,14.56730000000000,16.65570000000000,0.18920000000000,1.42280000000000,32.9828,8725.5114,14.3648,14.1756,0.1892,1.3949,14.2035,3.4244,10.7791,2.3237,8725.5114,NA
ExperienceX.exe,49456,0x1E283BFA830,DXGI,1,0,0,Composed: Flip,8757.5033,NA,17.81630000000000,16.66280000000000,0.66680000000000,1.95190000000000,31.8293,8739.8762,18.2939,17.6271,0.6668,17.0791,2.4999,2.0191,0.4808,-2.2980,8739.8762,NA
ExperienceX.exe,49456,0x1E283BFA830,DXGI,1,0,0,Composed: Flip,8772.9732,NA,15.46990000000000,16.65780000000000,0.12310000000000,1.32970000000000,33.0172,8758.1701,14.9262,14.8031,0.1231,1.2851,14.8477,2.3831,12.4646,1.6361,8758.1701,NA
ExperienceX.exe,49456,0x1E283BFA830,DXGI,1,0,0,Composed: Flip,8790.6074,NA,17.63420000000000,16.66090000000000,0.09300000000000,5.07110000000000,32.0439,8773.0963,17.6041,17.5111,0.0930,17.1401,5.4421,5.4364,0.0057,-1.7347,8773.0963,NA
ExperienceX.exe,49456,0x1E283BFA830,DXGI,1,0,0,Composed: Flip,8806.1961,NA,15.58870000000000,16.69400000000000,0.12680000000000,0.89470000000000,33.1492,8790.7004,15.6225,15.4957,0.1268,15.6410,0.7494,0.7427,0.0067,0.9101,8790.7004,NA
ExperienceX.exe,49456,0x1E283BFA830,DXGI,1,0,0,Composed: Flip,8823.6073,NA,17.41120000000000,16.66640000000000,0.11700000000000,5.52300000000000,32.4044,8806.3229,17.4014,17.2844,0.1170,17.0270,5.7804,5.7667,0.0137,-1.0439,8806.3229,NA
ExperienceX.exe,49456,0x1E283BFA830,DXGI,1,0,0,Composed: Flip,8839.7119,NA,16.10460000000000,16.65850000000000,0.11880000000000,1.21530000000000,32.9583,8823.7243,16.1064,15.9876,0.1188,16.0896,1.1133,1.1063,0.0070,0.7429,8823.7243,NA
ExperienceX.exe,49456,0x1E283BFA830,DXGI,1,0,0,Composed: Flip,8856.9447,NA,17.23280000000000,16.67180000000000,0.08440000000000,1.44100000000000,32.3973,8839.8307,17.1984,17.1140,0.0844,16.7834,1.7716,1.7716,0.0000,-0.5654,8839.8307,NA
ExperienceX.exe,49456,0x1E283BFA830,DXGI,1,0,0,Composed: Flip,8872.9514,NA,16.00670000000000,16.66370000000000,0.14040000000000,1.41090000000000,33.0543,8857.0291,16.0627,15.9223,0.1404,1.3566,15.9766,4.8393,11.1373,0.5347,8857.0291,NA
ExperienceX.exe,49456,0x1E283BFA830,DXGI,1,0,0,Composed: Flip,8891.1757,NA,18.22430000000000,16.66660000000000,0.18860000000000,2.56750000000000,31.4966,8873.0918,18.2725,18.0839,0.1886,17.4734,3.1780,3.1741,0.0039,-0.6039,8873.0918,NA
ExperienceX.exe,49456,0x1E283BFA830,DXGI,1,0,0,Composed: Flip,8906.4955,NA,15.31980000000000,16.66100000000000,0.34210000000000,1.80380000000000,32.8378,8891.3643,15.4733,15.1312,0.3421,15.5113,1.4237,1.4155,0.0082,1.6115,8891.3643,NA
ExperienceX.exe,49456,0x1E283BFA830,DXGI,1,0,0,Composed: Flip,8923.6257,NA,17.13020000000000,16.67250000000000,0.09650000000000,5.33970000000000,32.3801,8906.8376,16.8846,16.7881,0.0965,16.4004,5.7274,5.7206,0.0068,-1.1992,8906.8376,NA
ExperienceX.exe,49456,0x1E283BFA830,DXGI,1,0,0,Composed: Flip,8939.6224,NA,15.99670000000000,16.65400000000000,0.14820000000000,1.31570000000000,33.0374,8923.7222,16.0484,15.9002,0.1482,16.0877,1.1282,1.1226,0.0056,0.2306,8923.7222,NA
ExperienceX.exe,49456,0x1E283BFA830,DXGI,1,0,0,Composed: Flip,8956.8295,NA,17.20710000000000,16.66450000000000,0.36770000000000,1.33920000000000,32.4948,8939.7706,17.4266,17.0589,0.3677,16.8670,1.5311,1.5311,0.0000,-0.6161,8939.7706,NA
ExperienceX.exe,49456,0x1E283BFA830,DXGI,1,0,0,Composed: Flip,8972.9401,NA,16.11060000000000,16.69910000000000,0.14120000000000,1.35030000000000,33.0833,8957.1972,15.8841,15.7429,0.1412,0.9715,16.1217,3.3768,12.7449,0.7275,8957.1972,NA
ExperienceX.exe,49456,0x1E283BFA830,DXGI,1,0,0,Composed: Flip,8990.5673,NA,17.62720000000000,16.63640000000000,0.16660000000000,1.01300000000000,32.0925,8973.0813,17.6526,17.4860,0.1666,16.9392,1.5598,1.5598,0.0000,-0.7523,8973.0813,NA
ExperienceX.exe,49456,0x1E283BFA830,DXGI,1,0,0,Composed: Flip,9006.3021,NA,15.73480000000000,16.73530000000000,0.12810000000000,3.15610000000000,33.0930,8990.7339,15.6963,15.5682,0.1281,0.8464,17.8779,5.6267,12.2512,0.9173,8990.7339,NA
ExperienceX.exe,49456,0x1E283BFA830,DXGI,1,0,0,Composed: Flip,9023.4530,NA,17.15090000000000,16.60310000000000,0.08540000000000,1.59900000000000,32.5452,9006.4302,17.1082,17.0228,0.0854,16.8569,1.7649,1.6618,0.1031,-0.9068,9006.4302,NA
ExperienceX.exe,49456,0x1E283BFA830,DXGI,1,0,0,Composed: Flip,9039.6800,NA,16.22700000000000,16.68780000000000,0.13700000000000,1.47500000000000,33.0060,9023.5384,16.2786,16.1416,0.1370,1.5136,16.1030,4.6171,11.4859,0.4204,9023.5384,NA
ExperienceX.exe,49456,0x1E283BFA830,DXGI,1,0,0,Composed: Flip,9056.9721,NA,17.29210000000000,16.72010000000000,0.51780000000000,1.49790000000000,32.4340,9039.8170,17.6729,17.1551,0.5178,16.9651,1.6879,1.6803,0.0076,-0.4415,9039.8170,NA
ExperienceX.exe,49456,0x1E283BFA830,DXGI,1,0,0,Composed: Flip,9072.9040,NA,15.93190000000000,16.63420000000000,0.12920000000000,1.49840000000000,33.1363,9057.4899,15.5433,15.4141,0.1292,0.9801,15.9324,3.5628,12.3696,1.0387,9057.4899,NA
ExperienceX.exe,49456,0x1E283BFA830,DXGI,1,0,0,Composed: Flip,9090.2677,NA,17.36370000000000,16.63490000000000,0.15560000000000,1.84710000000000,32.4075,9073.0332,17.3901,17.2345,0.1556,17.4331,1.6485,1.6314,0.0171,-1.0916,9073.0332,NA
ExperienceX.exe,49456,0x1E283BFA830,DXGI,1,0,0,Composed: Flip,9106.3382,NA,16.07050000000000,16.64090000000000,0.13120000000000,1.27370000000000,32.9779,9090.4233,16.0461,15.9149,0.1312,1.6915,15.4971,2.9734,12.5237,0.7492,9090.4233,NA
ExperienceX.exe,49456,0x1E283BFA830,DXGI,1,0,0,Composed: Flip,9123.5121,NA,17.17390000000000,16.67290000000000,0.09700000000000,2.00860000000000,32.4769,9106.4694,17.1397,17.0427,0.0970,17.2537,1.7976,1.7827,0.0149,-0.6268,9106.4694,NA
ExperienceX.exe,49456,0x1E283BFA830,DXGI,1,0,0,Composed: Flip,9139.5183,NA,16.00620000000000,16.69290000000000,0.12900000000000,1.57650000000000,33.1636,9123.6091,16.0382,15.9092,0.1290,1.9116,15.5741,3.9834,11.5907,0.4468,9123.6091,NA
ExperienceX.exe,49456,0x1E283BFA830,DXGI,1,0,0,Composed: Flip,9157.5409,NA,18.02260000000000,16.64670000000000,0.10050000000000,1.10240000000000,31.7877,9139.6473,17.9941,17.8936,0.1005,17.3145,1.6815,1.6716,0.0099,-0.6085,9139.6473,NA
ExperienceX.exe,49456,0x1E283BFA830,DXGI,1,0,0,Composed: Flip,9172.9521,NA,15.41120000000000,16.66670000000000,0.12980000000000,1.38320000000000,33.0432,9157.6414,15.4405,15.3107,0.1298,1.0019,15.6920,3.8385,11.8535,1.3274,9157.6414,NA
ExperienceX.exe,49456,0x1E283BFA830,DXGI,1,0,0,Composed: Flip,9190.3363,NA,17.38420000000000,16.69220000000000,0.10460000000000,1.13750000000000,32.3512,9173.0819,17.3590,17.2544,0.1046,16.7543,1.6376,1.6330,0.0046,-1.2517,9173.0819,NA
ExperienceX.exe,49456,0x1E283BFA830,DXGI,1,0,0,Composed: Flip,9206.1946,NA,15.85830000000000,16.64880000000000,0.14530000000000,1.46320000000000,33.1417,9190.4409,15.8990,15.7537,0.1453,1.0329,16.1840,3.7098,12.4742,0.7102,9190.4409,NA
ExperienceX.exe,49456,0x1E283BFA830,DXGI,1,0,0,Composed: Flip,9223.4576,NA,17.26300000000000,16.68530000000000,0.09230000000000,1.49250000000000,32.5640,9206.3399,17.2100,17.1177,0.0923,16.9516,1.6586,1.6506,0.0080,-0.7863,9206.3399,NA
ExperienceX.exe,49456,0x1E283BFA830,DXGI,1,0,0,Composed: Flip,9239.5743,NA,16.11670000000000,16.64330000000000,0.15000000000000,1.36500000000000,33.0906,9223.5499,16.1744,16.0244,0.1500,1.4002,15.9892,4.3732,11.6160,0.5667,9223.5499,NA
ExperienceX.exe,49456,0x1E283BFA830,DXGI,1,0,0,Composed: Flip,9257.1081,NA,17.53380000000000,16.92500000000000,0.36060000000000,5.25820000000000,32.4818,9239.7243,17.7444,17.3838,0.3606,17.0977,5.5443,5.5387,0.0056,-0.7506,9239.7243,NA
ExperienceX.exe,49456,0x1E283BFA830,DXGI,1,0,0,Composed: Flip,9272.8902,NA,15.78210000000000,16.40760000000000,0.15070000000000,0.90460000000000,33.1073,9257.4687,15.5722,15.4215,0.1507,15.5715,0.7546,0.7452,0.0094,1.3368,9257.4687,NA
ExperienceX.exe,49456,0x1E283BFA830,DXGI,1,0,0,Composed: Flip,9291.1293,NA,18.23910000000000,16.69540000000000,0.10960000000000,1.60320000000000,31.5636,9273.0409,18.1980,18.0884,0.1096,17.6557,2.0359,2.0359,0.0000,-1.1232,9273.0409,NA
ExperienceX.exe,49456,0x1E283BFA830,DXGI,1,0,0,Composed: Flip,9306.2547,NA,15.12540000000000,16.63950000000000,0.14590000000000,1.16980000000000,33.0777,9291.2389,15.1617,15.0158,0.1459,1.4936,14.6920,3.5611,11.1309,1.5585,9291.2389,NA
ExperienceX.exe,49456,0x1E283BFA830,DXGI,1,0,0,Composed: Flip,9323.9556,NA,17.70090000000000,16.67520000000000,0.46010000000000,6.61370000000000,32.0520,9306.4006,18.0151,17.5550,0.4601,17.3223,6.8464,6.8402,0.0062,-1.5135,9306.4006,NA
ExperienceX.exe,49456,0x1E283BFA830,DXGI,1,0,0,Composed: Flip,9339.5232,NA,15.56760000000000,16.65390000000000,0.12980000000000,1.62450000000000,33.1383,9324.4157,15.2373,15.1075,0.1298,15.2553,1.4767,1.2811,0.1956,1.3612,9324.4157,NA
ExperienceX.exe,49456,0x1E283BFA830,DXGI,1,0,0,Composed: Flip,9356.9193,NA,17.39610000000000,16.66890000000000,0.23580000000000,1.59640000000000,32.4111,9339.6530,17.5021,17.2663,0.2358,17.0699,1.7928,1.7825,0.0103,-1.4316,9339.6530,NA
ExperienceX.exe,49456,0x1E283BFA830,DXGI,1,0,0,Composed: Flip,9372.9034,NA,15.98410000000000,16.69350000000000,0.28670000000000,2.41690000000000,33.1205,9357.1551,16.0350,15.7483,0.2867,1.3606,16.8046,5.1910,11.6136,0.8086,9357.1551,NA
ExperienceX.exe,49456,0x1E283BFA830,DXGI,1,0,0,Composed: Flip,9390.3822,NA,17.47880000000000,16.65870000000000,0.08350000000000,1.25230000000000,32.3004,9373.1901,17.2756,17.1921,0.0835,16.7177,1.7267,1.7218,0.0049,-0.6237,9373.1901,NA
ExperienceX.exe,49456,0x1E283BFA830,DXGI,1,0,0,Composed: Flip,9406.2537,NA,15.87150000000000,16.66540000000000,0.23810000000000,2.67140000000000,33.0943,9390.4657,16.0261,15.7880,0.2381,1.1688,17.2906,5.7666,11.5240,0.6102,9390.4657,NA
ExperienceX.exe,49456,0x1E283BFA830,DXGI,1,0,0,Composed: Flip,9423.5245,NA,17.27080000000000,16.76380000000000,0.24600000000000,7.88960000000000,32.5873,9406.4918,17.2787,17.0327,0.2460,16.8538,8.0685,8.0553,0.0132,-0.7377,9406.4918,NA
ExperienceX.exe,49456,0x1E283BFA830,DXGI,1,0,0,Composed: Flip,9439.5752,NA,16.05070000000000,16.58100000000000,0.12830000000000,1.99070000000000,33.1176,9423.7705,15.9330,15.8047,0.1283,7.6436,10.1518,3.3072,6.8446,0.6977,9423.7705,NA
ExperienceX.exe,49456,0x1E283BFA830,DXGI,1,0,0,Composed: Flip,9457.6226,NA,18.04740000000000,16.67050000000000,0.10140000000000,10.37840000000000,31.7407,9439.7035,18.0205,17.9191,0.1014,17.5276,10.7699,10.7650,0.0049,-0.7375,9439.7035,NA
ExperienceX.exe,49456,0x1E283BFA830,DXGI,1,0,0,Composed: Flip,9473.0275,NA,15.40490000000000,16.64570000000000,0.21020000000000,1.57750000000000,32.9815,9457.7240,15.5137,15.3035,0.2102,15.5848,1.2962,1.2845,0.0117,1.3748,9457.7240,NA
ExperienceX.exe,49456,0x1E283BFA830,DXGI,1,0,0,Composed: Flip,9491.7827,NA,18.75520000000000,16.79630000000000,0.13580000000000,10.84590000000000,31.0226,9473.2377,18.6808,18.5450,0.1358,17.5432,11.8477,11.8410,0.0067,-1.2826,9473.2377,NA
ExperienceX.exe,49456,0x1E283BFA830,DXGI,1,0,0,Composed: Flip,9506.3223,NA,14.53960000000000,16.52130000000000,0.19560000000000,1.68200000000000,33.0043,9491.9185,14.5994,14.4038,0.1956,14.6446,1.4412,1.4359,0.0053,2.1595,9491.9185,NA
ExperienceX.exe,49456,0x1E283BFA830,DXGI,1,0,0,Composed: Flip,9524.9463,NA,18.62400000000000,16.70110000000000,0.20080000000000,12.58200000000000,31.0814,9506.5179,18.6292,18.4284,0.2008,17.4635,13.5469,13.5285,0.0184,-2.1017,9506.5179,NA
ExperienceX.exe,49456,0x1E283BFA830,DXGI,1,0,0,Composed: Flip,9539.5657,NA,14.61940000000000,16.65900000000000,0.15900000000000,2.07140000000000,33.1210,9525.1471,14.5776,14.4186,0.1590,14.6249,1.8651,1.6706,0.1945,1.9702,9525.1471,NA
ExperienceX.exe,49456,0x1E283BFA830,DXGI,1,0,0,Composed: Flip,9556.8375,NA,17.27180000000000,16.63890000000000,0.18240000000000,8.29270000000000,32.4881,9539.7247,17.2952,17.1128,0.1824,16.9690,8.4365,8.4365,0.0000,-2.0613,9539.7247,NA
ExperienceX.exe,49456,0x1E283BFA830,DXGI,1,0,0,Composed: Flip,9572.9310,NA,16.09350000000000,16.67540000000000,0.15440000000000,1.39760000000000,33.0700,9557.0199,16.0655,15.9111,0.1544,8.1103,9.1984,2.4952,6.7032,0.6198,9557.0199,NA
ExperienceX.exe,49456,0x1E283BFA830,DXGI,1,0,0,Composed: Flip,9590.4529,NA,17.52190000000000,16.75230000000000,0.11880000000000,12.06840000000000,32.3004,9573.0854,17.4863,17.3675,0.1188,16.8411,12.5948,12.5948,0.0000,-0.6868,9573.0854,NA
ExperienceX.exe,49456,0x1E283BFA830,DXGI,1,0,0,Composed: Flip,9606.2599,NA,15.80700000000000,16.56420000000000,0.10250000000000,1.83700000000000,33.0576,9590.5717,15.7907,15.6882,0.1025,11.9496,5.5756,2.4319,3.1437,0.9221,9590.5717,NA
ExperienceX.exe,49456,0x1E283BFA830,DXGI,1,0,0,Composed: Flip,9624.2373,NA,17.97740000000000,16.59970000000000,0.18290000000000,1.30150000000000,31.6799,9606.3624,18.0578,17.8749,0.1829,17.5818,1.5946,1.5787,0.0159,-0.8090,9606.3624,NA
ExperienceX.exe,49456,0x1E283BFA830,DXGI,1,0,0,Composed: Flip,9639.7562,NA,15.51890000000000,16.80940000000000,0.36580000000000,2.26040000000000,32.9704,9624.4202,15.7018,15.3360,0.3658,1.1186,16.4778,4.3757,12.1021,1.2484,9624.4202,NA
ExperienceX.exe,49456,0x1E283BFA830,DXGI,1,0,0,Composed: Flip,9656.8076,NA,17.05140000000000,16.61290000000000,0.09810000000000,5.64550000000000,32.5319,9640.1220,16.7837,16.6856,0.0981,16.4703,5.8608,5.8460,0.0148,-0.9111,9640.1220,NA
ExperienceX.exe,49456,0x1E283BFA830,DXGI,1,0,0,Composed: Flip,9673.3875,NA,16.57990000000000,16.83490000000000,0.19660000000000,1.77070000000000,32.7869,9656.9057,16.6784,16.4818,0.1966,16.6397,1.6128,1.6012,0.0116,-0.0512,9656.9057,NA
ExperienceX.exe,49456,0x1E283BFA830,DXGI,1,0,0,Composed: Flip,9690.6074,NA,17.21990000000000,16.48270000000000,0.13840000000000,5.73800000000000,32.0497,9673.5841,17.1617,17.0233,0.1384,16.5323,6.2290,6.2182,0.0108,0.1957,9673.5841,NA
ExperienceX.exe,49456,0x1E283BFA830,DXGI,1,0,0,Composed: Flip,9706.6422,NA,16.03480000000000,16.89760000000000,0.27600000000000,1.23040000000000,32.9125,9690.7458,16.1724,15.8964,0.2760,16.1832,0.9436,0.9300,0.0136,0.2641,9690.7458,NA
ExperienceX.exe,49456,0x1E283BFA830,DXGI,1,0,0,Composed: Flip,9724.1149,NA,17.47270000000000,16.43740000000000,0.08650000000000,1.48150000000000,31.8772,9706.9182,17.2832,17.1967,0.0865,16.7022,1.9760,1.9760,0.0000,-0.2650,9706.9182,NA
ExperienceX.exe,49456,0x1E283BFA830,DXGI,1,0,0,Composed: Flip,9740.0705,NA,15.95560000000000,16.75410000000000,0.22180000000000,1.86980000000000,32.6757,9724.2014,16.0909,15.8691,0.2218,1.3950,16.3439,4.8904,11.4535,0.5291,9724.2014,NA
ExperienceX.exe,49456,0x1E283BFA830,DXGI,1,0,0,Composed: Flip,9756.7499,NA,16.67940000000000,16.62580000000000,0.08480000000000,1.60050000000000,32.6221,9740.2923,16.5424,16.4576,0.0848,16.2848,1.7733,1.6218,0.1515,-0.5349,9740.2923,NA
ExperienceX.exe,49456,0x1E283BFA830,DXGI,1,0,0,Composed: Flip,9773.1846,NA,16.43470000000000,16.60450000000000,0.19940000000000,1.67590000000000,32.7919,9756.8347,16.5493,16.3499,0.1994,1.5157,16.5101,4.9706,11.5395,-0.0621,9756.8347,NA
ExperienceX.exe,49456,0x1E283BFA830,DXGI,1,0,0,Composed: Flip,9790.3102,NA,17.12560000000000,16.67410000000000,0.63770000000000,1.74480000000000,32.3404,9773.3840,17.5639,16.9262,0.6377,16.6541,2.0169,1.7239,0.2930,-0.1248,9773.3840,NA
ExperienceX.exe,49456,0x1E283BFA830,DXGI,1,0,0,Composed: Flip,9806.4805,NA,16.17030000000000,16.68640000000000,0.14700000000000,1.57530000000000,32.8565,9790.9479,15.6796,15.5326,0.1470,1.1071,16.0008,4.6346,11.3662,0.8775,9790.9479,NA
ExperienceX.exe,49456,0x1E283BFA830,DXGI,1,0,0,Composed: Flip,9824.1937,NA,17.71320000000000,16.66200000000000,0.19670000000000,1.51840000000000,31.8053,9806.6275,17.7629,17.5662,0.1967,16.8622,2.2224,1.7193,0.5031,-0.9824,9806.6275,NA
ExperienceX.exe,49456,0x1E283BFA830,DXGI,1,0,0,Composed: Flip,9839.6191,NA,15.42540000000000,16.64700000000000,0.11230000000000,1.33660000000000,33.0269,9824.3904,15.3410,15.2287,0.1123,1.3217,15.2436,4.0717,11.1719,1.1159,9824.3904,NA
ExperienceX.exe,49456,0x1E283BFA830,DXGI,1,0,0,Composed: Flip,9857.1264,NA,17.50730000000000,16.70050000000000,0.11450000000000,1.15830000000000,32.2201,9839.7314,17.5095,17.3950,0.1145,16.9942,1.5591,1.5591,0.0000,-1.3595,9839.7314,NA
ExperienceX.exe,49456,0x1E283BFA830,DXGI,1,0,0,Composed: Flip,9872.8453,NA,15.71890000000000,16.64960000000000,0.11070000000000,1.34390000000000,33.1508,9857.2409,15.7151,15.6044,0.1107,1.0438,15.9045,3.5277,12.3768,0.8599,9857.2409,NA
ExperienceX.exe,49456,0x1E283BFA830,DXGI,1,0,0,Composed: Flip,9890.9866,NA,18.14130000000000,16.81270000000000,0.06740000000000,4.46390000000000,31.8222,9872.9560,18.0980,18.0306,0.0674,17.4201,5.0744,5.0537,0.0207,-1.0976,9872.9560,NA
ExperienceX.exe,49456,0x1E283BFA830,DXGI,1,0,0,Composed: Flip,9906.2846,NA,15.29800000000000,16.57110000000000,0.23110000000000,1.18970000000000,33.0953,9891.0540,15.4617,15.2306,0.2311,15.4375,0.9828,0.9759,0.0069,1.5269,9891.0540,NA
ExperienceX.exe,49456,0x1E283BFA830,DXGI,1,0,0,Composed: Flip,9925.6011,NA,19.31650000000000,16.62930000000000,0.41910000000000,1.74900000000000,30.4081,9906.5157,19.5045,19.0854,0.4191,18.3045,2.5299,2.2874,0.2425,-1.1676,9906.5157,NA
ExperienceX.exe,49456,0x1E283BFA830,DXGI,1,0,0,Composed: Flip,9939.7181,NA,14.11700000000000,16.64920000000000,0.07210000000000,1.70200000000000,32.9403,9926.0202,13.7700,13.6979,0.0721,1.3299,14.0700,3.0998,10.9702,2.8553,9926.0202,NA
