Application,ProcessID,SwapChainAddress,PresentRuntime,SyncInterval,PresentFlags,AllowsTearing,PresentMode,TimeInMs,MsBetweenSimulationStart,MsBetweenPresents,MsBetweenDisplayChange,MsInPresentAPI,MsRenderPresentLatency,MsUntilDisplayed,CPUStartTimeInMs,MsBetweenAppStart,MsCPUBusy,MsCPUWait,MsGPULatency,MsGPUTime,MsGPUBusy,MsGPUWait,MsAnimationError,AnimationTime,MsFlipDelay
ExperienceX.exe,22676,0x1BBC8041FF0,DXGI,1,0,0,Composed: Flip,45.9691,NA,17.65380000000000,33.34870000000000,15.67060000000000,65.56870000000001,97.2216,44.9713,16.6684,0.9978,15.6706,49.9842,16.5823,6.7004,9.8819,NA,44.9713,NA
ExperienceX.exe,22676,0x1BBC8041FF0,DXGI,1,0,0,Composed: Flip,61.7359,NA,15.76680000000000,16.87810000000000,16.51140000000000,67.00090000000000,98.3329,61.6397,16.6076,0.0962,16.5114,65.7655,1.3316,1.3174,0.0142,-0.2097,61.6397,NA
ExperienceX.exe,22676,0x1BBC8041FF0,DXGI,1,0,0,Composed: Flip,79.4598,NA,17.72390000000000,16.45870000000000,15.50070000000000,65.78210000000000,97.0677,78.2473,16.7132,1.2125,15.5007,50.4960,16.4986,5.6579,10.8407,0.1489,78.2473,NA
ExperienceX.exe,22676,0x1BBC8041FF0,DXGI,1,0,0,Composed: Flip,95.0616,NA,15.60180000000000,16.68580000000000,16.48700000000000,66.94440000000000,98.1517,94.9605,16.5881,0.1011,16.4870,65.3716,1.6739,1.6556,0.0183,0.0274,94.9605,NA
ExperienceX.exe,22676,0x1BBC8041FF0,DXGI,1,0,0,Composed: Flip,112.5526,NA,17.49100000000000,17.04120000000000,16.08950000000000,65.66740000000000,97.7019,111.5486,17.0935,1.0040,16.0895,50.4606,16.2108,3.9082,12.3026,-0.4531,111.5486,NA
ExperienceX.exe,22676,0x1BBC8041FF0,DXGI,1,0,0,Composed: Flip,128.7551,NA,16.20250000000000,16.48980000000000,16.50920000000000,66.14710000000001,97.9892,128.6421,16.6222,0.1130,16.5092,49.8494,16.4107,1.6671,14.7436,0.6037,128.6421,NA
ExperienceX.exe,22676,0x1BBC8041FF0,DXGI,1,0,0,Composed: Flip,146.1233,NA,17.36820000000000,16.49540000000000,15.75560000000000,65.85460000000000,97.1164,145.2643,16.6146,0.8590,15.7556,49.6409,17.0727,6.3300,10.7427,0.1268,145.2643,NA
ExperienceX.exe,22676,0x1BBC8041FF0,DXGI,1,0,0,Composed: Flip,162.0219,NA,15.89860000000000,16.66400000000000,16.22200000000000,66.47030000000001,97.8818,161.8789,16.3650,0.1430,16.2220,65.2244,1.3889,1.3804,0.0085,-0.0494,161.8789,NA
ExperienceX.exe,22676,0x1BBC8041FF0,DXGI,1,0,0,Composed: Flip,179.2460,NA,17.22410000000000,16.62450000000000,15.64870000000000,65.92500000000000,97.2822,178.2439,16.6508,1.0021,15.6487,50.2528,16.6743,4.6171,12.0572,-0.2595,178.2439,NA
ExperienceX.exe,22676,0x1BBC8041FF0,DXGI,1,0,0,Composed: Flip,194.9727,NA,15.72670000000000,16.73050000000000,16.99730000000000,67.51980000000000,98.2860,194.8947,17.0753,0.0780,16.9973,65.1807,2.4171,2.4114,0.0057,-0.0797,194.8947,NA
ExperienceX.exe,22676,0x1BBC8041FF0,DXGI,1,0,0,Composed: Flip,214.2903,NA,19.31760000000000,16.58660000000000,14.17720000000000,64.06980000000000,95.5550,211.9700,16.4975,2.3203,14.1772,50.5256,15.8645,7.1024,8.7621,0.4887,211.9700,NA
ExperienceX.exe,22676,0x1BBC8041FF0,DXGI,1,0,0,Composed: Flip,228.6079,NA,14.31760000000000,16.68480000000000,16.57280000000000,66.85110000000000,97.9222,228.4675,16.7132,0.1404,16.5728,64.9256,2.0659,2.0615,0.0044,-0.1873,228.4675,NA
ExperienceX.exe,22676,0x1BBC8041FF0,DXGI,1,0,0,Composed: Flip,247.0887,NA,18.48080000000000,16.65870000000000,15.32170000000000,64.95690000000000,96.1001,245.1807,17.2297,1.9080,15.3217,50.2805,16.5844,6.9382,9.6462,0.0545,245.1807,NA
ExperienceX.exe,22676,0x1BBC8041FF0,DXGI,1,0,0,Composed: Flip,262.5318,NA,15.44310000000000,16.64000000000000,15.85400000000000,65.60570000000000,97.2970,262.4104,15.9754,0.1214,15.8540,49.8603,15.8668,1.5904,14.2764,0.5897,262.4104,NA
ExperienceX.exe,22676,0x1BBC8041FF0,DXGI,1,0,0,Composed: Flip,279.1336,NA,16.60180000000000,16.68780000000000,16.35870000000000,65.72970000000001,97.3830,278.3858,17.1065,0.7478,16.3587,49.7550,16.7225,6.5892,10.1333,-0.7124,278.3858,NA
ExperienceX.exe,22676,0x1BBC8041FF0,DXGI,1,0,0,Composed: Flip,295.5825,NA,16.44890000000000,16.66620000000000,16.49760000000000,65.74160000000001,97.6003,295.4923,16.5878,0.0902,16.4976,64.4198,1.4120,1.4071,0.0049,0.4403,295.4923,NA
ExperienceX.exe,22676,0x1BBC8041FF0,DXGI,1,0,0,Composed: Flip,313.0010,NA,17.41850000000000,16.72970000000000,15.14440000000000,65.25110000000001,96.9115,312.0801,16.0653,0.9209,15.1444,49.2468,16.9252,5.5312,11.3940,-0.1419,312.0801,NA
ExperienceX.exe,22676,0x1BBC8041FF0,DXGI,1,0,0,Composed: Flip,328.3005,NA,15.29950000000000,16.63100000000000,16.59000000000000,66.59880000000000,98.2430,328.1454,16.7451,0.1551,16.5900,65.1673,1.5866,1.5775,0.0091,-0.5657,328.1454,NA
ExperienceX.exe,22676,0x1BBC8041FF0,DXGI,1,0,0,Composed: Flip,345.5118,NA,17.21130000000000,16.67920000000000,15.84700000000000,65.98610000000001,97.7109,344.8905,16.4683,0.6213,15.8470,50.0131,16.5943,3.8508,12.7435,0.0659,344.8905,NA
ExperienceX.exe,22676,0x1BBC8041FF0,DXGI,1,0,0,Composed: Flip,361.7955,NA,16.28370000000000,16.65690000000000,16.51340000000000,66.40290000000000,98.0841,361.3588,16.9501,0.4367,16.5134,65.3433,1.4963,1.4894,0.0069,-0.1886,361.3588,NA
ExperienceX.exe,22676,0x1BBC8041FF0,DXGI,1,0,0,Composed: Flip,379.5118,NA,17.71630000000000,16.63170000000000,15.45070000000000,66.03840000000001,96.9995,378.3089,16.6536,1.2029,15.4507,49.8938,17.3475,5.9717,11.3758,0.3184,378.3089,NA
ExperienceX.exe,22676,0x1BBC8041FF0,DXGI,1,0,0,Composed: Flip,395.0908,NA,15.57900000000000,16.67260000000000,16.47440000000000,66.41070000000001,98.0931,394.9625,16.6027,0.1283,16.4744,50.8925,15.6465,1.7666,13.8799,-0.0190,394.9625,NA
ExperienceX.exe,22676,0x1BBC8041FF0,DXGI,1,0,0,Composed: Flip,413.1423,NA,18.05150000000000,16.85660000000000,15.09140000000000,69.80600000000000,96.8982,411.5652,16.6685,1.5771,15.0914,49.9395,21.4436,11.2977,10.1459,-0.2539,411.5652,NA
ExperienceX.exe,22676,0x1BBC8041FF0,DXGI,1,0,0,Composed: Flip,428.3580,NA,15.21570000000000,16.47460000000000,17.27110000000000,66.08650000000000,98.1571,428.2337,17.3954,0.1243,17.2711,65.0306,1.1802,1.1714,0.0088,0.1939,428.2337,NA
ExperienceX.exe,22676,0x1BBC8041FF0,DXGI,1,0,0,Composed: Flip,446.7979,NA,18.43990000000000,16.67310000000000,14.78780000000000,65.81520000000000,96.3903,445.6291,15.9566,1.1688,14.7878,48.8213,18.1627,7.2493,10.9134,0.7223,445.6291,NA
ExperienceX.exe,22676,0x1BBC8041FF0,DXGI,1,0,0,Composed: Flip,461.7282,NA,14.93030000000000,16.65100000000000,21.25320000000000,66.38410000000000,98.1110,461.5857,21.3957,0.1425,21.2532,65.0833,1.4433,1.4353,0.0080,-0.6944,461.5857,NA
ExperienceX.exe,22676,0x1BBC8041FF0,DXGI,1,0,0,Composed: Flip,483.5949,NA,21.86670000000000,16.66520000000000,10.94740000000000,61.20130000000000,92.9095,482.9814,11.5609,0.6135,10.9474,45.1331,16.6817,2.1076,14.5741,4.7305,482.9814,NA
ExperienceX.exe,22676,0x1BBC8041FF0,DXGI,1,0,0,Composed: Flip,494.7200,NA,11.12510000000000,16.65660000000000,17.87580000000000,66.73180000000001,98.4410,494.5423,18.0535,0.1777,17.8758,50.7320,16.1775,6.2378,9.9397,-5.0957,494.5423,NA
ExperienceX.exe,22676,0x1BBC8041FF0,DXGI,1,0,0,Composed: Flip,512.9527,NA,18.23270000000000,16.72480000000000,15.32520000000000,65.12150000000000,96.9331,512.5958,15.6821,0.3569,15.3252,48.8588,16.6196,5.2541,11.3655,1.3287,512.5958,NA
ExperienceX.exe,22676,0x1BBC8041FF0,DXGI,1,0,0,Composed: Flip,528.9171,NA,15.96440000000000,16.62260000000000,15.92040000000000,65.78520000000000,97.5913,528.2779,16.5596,0.6392,15.9204,64.9742,1.4502,1.4425,0.0077,-0.9405,528.2779,NA
ExperienceX.exe,22676,0x1BBC8041FF0,DXGI,1,0,0,Composed: Flip,546.3685,NA,17.45140000000000,16.70180000000000,15.12460000000000,65.05180000000000,96.8417,544.8375,16.6556,1.5310,15.1246,49.8683,16.7145,5.0652,11.6493,-0.1422,544.8375,NA
ExperienceX.exe,22676,0x1BBC8041FF0,DXGI,1,0,0,Composed: Flip,561.5790,NA,15.21050000000000,16.65140000000000,16.53550000000000,66.52970000000001,98.2826,561.4931,16.6214,0.0859,16.5355,65.1526,1.4630,1.4578,0.0052,0.0042,561.4931,NA
ExperienceX.exe,22676,0x1BBC8041FF0,DXGI,1,0,0,Composed: Flip,578.7756,NA,17.19660000000000,16.67400000000000,15.93560000000000,66.20910000000001,97.7600,578.1145,16.5967,0.6611,15.9356,49.9979,16.8723,6.7147,10.1576,-0.0526,578.1145,NA
ExperienceX.exe,22676,0x1BBC8041FF0,DXGI,1,0,0,Composed: Flip,594.8146,NA,16.03900000000000,16.71030000000000,16.71980000000000,66.63150000000000,98.4313,594.7112,16.8232,0.1034,16.7198,65.2878,1.4471,1.4428,0.0043,-0.1136,594.7112,NA
ExperienceX.exe,22676,0x1BBC8041FF0,DXGI,1,0,0,Composed: Flip,612.4875,NA,17.67290000000000,16.62600000000000,15.64310000000000,65.75100000000000,97.3844,611.5344,16.5962,0.9531,15.6431,49.9154,16.7887,6.3920,10.3967,0.1972,611.5344,NA
ExperienceX.exe,22676,0x1BBC8041FF0,DXGI,1,0,0,Composed: Flip,628.2116,NA,15.72410000000000,16.70350000000000,16.83030000000000,66.77200000000001,98.3638,628.1306,16.9113,0.0810,16.8303,50.4492,16.4038,1.6439,14.7599,-0.1073,628.1306,NA
ExperienceX.exe,22676,0x1BBC8041FF0,DXGI,1,0,0,Composed: Flip,646.2854,NA,18.07380000000000,16.61600000000000,15.19210000000000,65.53730000000000,96.9060,645.0419,16.4356,1.2435,15.1921,49.9474,16.8334,5.8358,10.9976,0.2953,645.0419,NA
ExperienceX.exe,22676,0x1BBC8041FF0,DXGI,1,0,0,Composed: Flip,661.5699,NA,15.28450000000000,16.64620000000000,16.63510000000000,66.62520000000001,98.2677,661.4775,16.7275,0.0924,16.6351,65.2532,1.4644,1.4571,0.0073,-0.2106,661.4775,NA
ExperienceX.exe,22676,0x1BBC8041FF0,DXGI,1,0,0,Composed: Flip,679.7831,NA,18.21320000000000,16.67580000000000,15.18430000000000,65.97500000000001,96.7303,678.2050,16.7624,1.5781,15.1843,49.9944,17.5587,5.9701,11.5886,0.0517,678.2050,NA
ExperienceX.exe,22676,0x1BBC8041FF0,DXGI,1,0,0,Composed: Flip,695.0721,NA,15.28900000000000,16.66470000000000,16.77720000000000,66.37260000000001,98.1060,694.9674,16.8819,0.1047,16.7772,50.7907,15.6866,1.4853,14.2013,0.0977,694.9674,NA
ExperienceX.exe,22676,0x1BBC8041FF0,DXGI,1,0,0,Composed: Flip,712.7267,NA,17.65460000000000,17.01890000000000,15.45980000000000,65.49440000000000,97.4703,711.8493,16.3372,0.8774,15.4598,49.5984,16.7734,6.7581,10.0153,-0.1370,711.8493,NA
ExperienceX.exe,22676,0x1BBC8041FF0,DXGI,1,0,0,Composed: Flip,729.2355,NA,16.50880000000000,16.32270000000000,16.57080000000000,65.48720000000000,97.2842,728.1865,17.6198,1.0490,16.5708,65.1613,1.3749,1.3701,0.0048,0.0145,728.1865,NA
ExperienceX.exe,22676,0x1BBC8041FF0,DXGI,1,0,0,Composed: Flip,746.1447,NA,16.90920000000000,16.80600000000000,15.31390000000000,65.89960000000001,97.1810,745.8063,15.6523,0.3384,15.3139,48.9182,17.3198,5.2675,12.0523,0.8138,745.8063,NA
ExperienceX.exe,22676,0x1BBC8041FF0,DXGI,1,0,0,Composed: Flip,762.0538,NA,15.90910000000000,16.58910000000000,16.19730000000000,66.09240000000000,97.8610,761.4586,16.7925,0.5952,16.1973,51.1057,15.5819,1.6173,13.9646,-0.9368,761.4586,NA
ExperienceX.exe,22676,0x1BBC8041FF0,DXGI,1,0,0,Composed: Flip,779.2552,NA,17.20140000000000,16.61030000000000,15.49360000000000,65.76740000000001,97.2699,778.2511,16.4977,1.0041,15.4936,49.8981,16.8734,5.4221,11.4513,0.1822,778.2511,NA
ExperienceX.exe,22676,0x1BBC8041FF0,DXGI,1,0,0,Composed: Flip,794.8161,NA,15.56090000000000,16.73250000000000,17.47050000000000,66.72480000000000,98.4415,794.7488,17.5378,0.0673,17.4705,65.3286,1.4635,1.4583,0.0052,-0.2348,794.7488,NA
ExperienceX.exe,22676,0x1BBC8041FF0,DXGI,1,0,0,Composed: Flip,813.6750,NA,18.85890000000000,16.63640000000000,14.45240000000000,64.45960000000001,96.2190,812.2866,15.8408,1.3884,14.4524,49.2563,16.5917,5.1985,11.3932,0.9014,812.2866,NA
ExperienceX.exe,22676,0x1BBC8041FF0,DXGI,1,0,0,Composed: Flip,828.2477,NA,14.57270000000000,16.71980000000000,16.74330000000000,66.82780000000000,98.3661,828.1274,16.8636,0.1203,16.7433,65.3569,1.5912,1.5679,0.0233,-0.8790,828.1274,NA
ExperienceX.exe,22676,0x1BBC8041FF0,DXGI,1,0,0,Composed: Flip,846.1419,NA,17.89420000000000,16.77120000000000,15.44030000000000,65.41270000000000,97.2431,844.9910,16.5912,1.1509,15.4403,50.0897,16.4739,3.9446,12.5293,0.0924,844.9910,NA
ExperienceX.exe,22676,0x1BBC8041FF0,DXGI,1,0,0,Composed: Flip,861.6827,NA,15.54080000000000,16.63480000000000,16.46430000000000,66.57560000000001,98.3371,861.5822,16.5648,0.1005,16.4643,65.2332,1.4429,1.4230,0.0199,-0.0436,861.5822,NA
ExperienceX.exe,22676,0x1BBC8041FF0,DXGI,1,0,0,Composed: Flip,878.9008,NA,17.21810000000000,16.60110000000000,16.06870000000000,67.07220000000001,97.7201,878.1470,16.8225,0.7538,16.0687,50.1179,17.7081,4.7193,12.9888,-0.0363,878.1470,NA
ExperienceX.exe,22676,0x1BBC8041FF0,DXGI,1,0,0,Composed: Flip,895.1788,NA,16.27800000000000,16.57940000000000,16.34640000000000,66.61520000000000,98.0215,894.9695,16.5557,0.2093,16.3464,51.4539,15.3706,1.6534,13.7172,0.2431,894.9695,NA
ExperienceX.exe,22676,0x1BBC8041FF0,DXGI,1,0,0,Composed: Flip,912.6024,NA,17.42360000000000,16.73700000000000,15.63670000000000,65.67880000000001,97.3349,911.5252,16.7139,1.0772,15.6367,50.2731,16.4829,4.5737,11.9092,-0.1813,911.5252,NA
ExperienceX.exe,22676,0x1BBC8041FF0,DXGI,1,0,0,Composed: Flip,928.4509,NA,15.84850000000000,16.59760000000000,17.41300000000000,66.43360000000000,98.0840,928.2391,17.6248,0.2118,17.4130,65.0872,1.5582,1.5499,0.0083,0.1163,928.2391,NA
ExperienceX.exe,22676,0x1BBC8041FF0,DXGI,1,0,0,Composed: Flip,947.1560,NA,18.70510000000000,17.10810000000000,14.64050000000000,64.41920000000000,96.4870,945.8639,15.9326,1.2921,14.6405,49.0247,16.6866,6.3713,10.3153,0.5167,945.8639,NA
ExperienceX.exe,22676,0x1BBC8041FF0,DXGI,1,0,0,Composed: Flip,963.4302,NA,16.27420000000000,16.32640000000000,14.81110000000000,64.74680000000001,96.5392,961.7965,16.4448,1.6337,14.8111,64.8620,1.5185,1.5106,0.0079,-0.3938,961.7965,NA
ExperienceX.exe,22676,0x1BBC8041FF0,DXGI,1,0,0,Composed: Flip,980.0648,NA,16.63460000000000,17.07150000000000,14.80350000000000,65.70800000000000,96.9761,978.2413,16.6270,1.8235,14.8035,49.9401,17.5914,5.3055,12.2859,-0.6267,978.2413,NA
ExperienceX.exe,22676,0x1BBC8041FF0,DXGI,1,0,0,Composed: Flip,994.9574,NA,14.89260000000000,16.32010000000000,16.54550000000000,66.58530000000000,98.4036,994.8683,16.6346,0.0891,16.5455,65.2352,1.4392,1.4241,0.0151,0.3069,994.8683,NA
ExperienceX.exe,22676,0x1BBC8041FF0,DXGI,1,0,0,Composed: Flip,1012.4600,NA,17.50260000000000,16.63730000000000,15.69260000000000,67.28800000000000,97.5383,1011.5029,16.6497,0.9571,15.6926,50.0474,18.1977,4.6501,13.5476,-0.0027,1011.5029,NA
ExperienceX.exe,22676,0x1BBC8041FF0,DXGI,1,0,0,Composed: Flip,1028.2587,NA,15.79870000000000,16.70050000000000,17.46240000000000,66.55440000000000,98.4401,1028.1526,17.5685,0.1061,17.4624,51.5954,15.0651,1.3272,13.7379,-0.0508,1028.1526,NA
ExperienceX.exe,22676,0x1BBC8041FF0,DXGI,1,0,0,Composed: Flip,1049.0000,NA,20.74130000000000,16.58910000000000,12.79910000000000,62.76320000000000,94.2879,1045.7211,16.0780,3.2789,12.7991,49.0972,16.9449,3.6711,13.2738,0.9794,1045.7211,NA
ExperienceX.exe,22676,0x1BBC8041FF0,DXGI,1,0,0,Composed: Flip,1062.1247,NA,13.12470000000000,16.76560000000000,16.74570000000000,66.52740000000000,97.9288,1061.7991,17.0713,0.3256,16.7457,65.2913,1.5617,1.5335,0.0282,-0.6876,1061.7991,NA
ExperienceX.exe,22676,0x1BBC8041FF0,DXGI,1,0,0,Composed: Flip,1080.5421,NA,18.41740000000000,16.67860000000000,14.20850000000000,64.75610000000000,96.1900,1078.8704,15.8802,1.6717,14.2085,49.7884,16.6394,4.2787,12.3607,0.3927,1078.8704,NA
ExperienceX.exe,22676,0x1BBC8041FF0,DXGI,1,0,0,Composed: Flip,1094.9456,NA,14.40350000000000,16.66720000000000,16.78000000000000,67.15250000000000,98.4537,1094.7506,16.9750,0.1950,16.7800,65.7400,1.6075,1.5786,0.0289,-0.7870,1094.7506,NA
ExperienceX.exe,22676,0x1BBC8041FF0,DXGI,1,0,0,Composed: Flip,1113.9901,NA,19.04450000000000,16.59270000000000,14.65770000000000,64.67960000000001,96.0019,1111.7256,16.9222,2.2645,14.6577,50.3850,16.5591,4.0064,12.5527,0.3823,1111.7256,NA
ExperienceX.exe,22676,0x1BBC8041FF0,DXGI,1,0,0,Composed: Flip,1129.0944,NA,15.10430000000000,16.81240000000000,16.34760000000000,66.13530000000000,97.7100,1128.6478,16.7942,0.4466,16.3476,65.1491,1.4328,1.4089,0.0239,0.1098,1128.6478,NA
ExperienceX.exe,22676,0x1BBC8041FF0,DXGI,1,0,0,Composed: Flip,1147.1401,NA,18.04570000000000,16.59740000000000,14.89590000000000,64.58010000000000,96.2617,1145.4420,16.5940,1.6981,14.8959,49.7942,16.4840,3.7143,12.7697,0.1968,1145.4420,NA
ExperienceX.exe,22676,0x1BBC8041FF0,DXGI,1,0,0,Composed: Flip,1162.3346,NA,15.19450000000000,16.60480000000000,16.41800000000000,66.41190000000000,97.6720,1162.0360,16.7166,0.2986,16.4180,50.1333,16.5772,1.6455,14.9317,-0.0108,1162.0360,NA
ExperienceX.exe,22676,0x1BBC8041FF0,DXGI,1,0,0,Composed: Flip,1182.8315,NA,20.49690000000000,16.53790000000000,12.49900000000000,62.27330000000001,93.7130,1178.7526,16.5779,4.0789,12.4990,49.9939,16.3583,5.2873,11.0710,0.1787,1178.7526,NA
ExperienceX.exe,22676,0x1BBC8041FF0,DXGI,1,0,0,Composed: Flip,1195.6867,NA,12.85520000000000,16.68800000000000,16.12580000000000,66.05960000000000,97.5458,1195.3305,16.4820,0.3562,16.1258,64.9869,1.4289,1.4212,0.0077,-0.1101,1195.3305,NA
ExperienceX.exe,22676,0x1BBC8041FF0,DXGI,1,0,0,Composed: Flip,1213.7541,NA,18.06740000000000,16.68080000000000,15.97670000000000,64.37180000000001,96.1592,1211.8125,17.9183,1.9416,15.9767,49.9360,16.3774,5.3188,11.0586,-0.1988,1211.8125,NA
ExperienceX.exe,22676,0x1BBC8041FF0,DXGI,1,0,0,Composed: Flip,1230.0214,NA,16.26730000000000,16.63920000000000,14.97540000000000,64.93770000000001,96.5311,1229.7308,15.2660,0.2906,14.9754,63.7041,1.5242,1.5145,0.0097,1.2791,1229.7308,NA
ExperienceX.exe,22676,0x1BBC8041FF0,DXGI,1,0,0,Composed: Flip,1246.8192,NA,16.79780000000000,16.76740000000000,14.97180000000000,64.69320000000000,96.5007,1244.9968,16.7942,1.8224,14.9718,49.9673,16.5483,5.3931,11.1552,-1.5014,1244.9968,NA
ExperienceX.exe,22676,0x1BBC8041FF0,DXGI,1,0,0,Composed: Flip,1262.3723,NA,15.55310000000000,16.60510000000000,15.71950000000000,65.90470000000001,97.5527,1261.7910,16.3008,0.5813,15.7195,64.8936,1.5924,1.5802,0.0122,0.1891,1261.7910,NA
ExperienceX.exe,22676,0x1BBC8041FF0,DXGI,1,0,0,Composed: Flip,1279.2460,NA,16.87370000000000,16.89380000000000,15.72560000000000,66.03340000000000,97.5728,1278.0918,16.8798,1.1542,15.7256,50.1930,16.9946,3.7966,13.1980,-0.5930,1278.0918,NA
ExperienceX.exe,22676,0x1BBC8041FF0,DXGI,1,0,0,Composed: Flip,1295.1145,NA,15.86850000000000,16.37280000000000,16.35290000000000,66.40270000000001,98.0771,1294.9716,16.4958,0.1429,16.3529,50.7003,15.8453,1.6072,14.2381,0.5070,1294.9716,NA
ExperienceX.exe,22676,0x1BBC8041FF0,DXGI,1,0,0,Composed: Flip,1313.3343,NA,18.21980000000000,16.89750000000000,14.83870000000000,65.20460000000000,96.7548,1311.4674,16.7056,1.8669,14.8387,50.0546,17.0169,5.5014,11.5155,-0.4017,1311.4674,NA
ExperienceX.exe,22676,0x1BBC8041FF0,DXGI,1,0,0,Composed: Flip,1328.2974,NA,14.96310000000000,16.68590000000000,16.86440000000000,66.57520000000001,98.4776,1328.1730,16.9888,0.1244,16.8644,65.1596,1.5400,1.5317,0.0083,0.0197,1328.1730,NA
ExperienceX.exe,22676,0x1BBC8041FF0,DXGI,1,0,0,Composed: Flip,1346.6529,NA,18.35550000000000,16.59320000000000,14.87370000000000,65.24870000000000,96.7153,1345.1618,16.3648,1.4911,14.8737,49.7150,17.0248,6.3417,10.6831,0.3956,1345.1618,NA
ExperienceX.exe,22676,0x1BBC8041FF0,DXGI,1,0,0,Composed: Flip,1361.6516,NA,14.99870000000000,16.72840000000000,16.80520000000000,66.90860000000001,98.4450,1361.5266,16.9302,0.1250,16.8052,65.5455,1.4881,1.4746,0.0135,-0.3636,1361.5266,NA
ExperienceX.exe,22676,0x1BBC8041FF0,DXGI,1,0,0,Composed: Flip,1380.9319,NA,19.28030000000000,16.70170000000000,13.92330000000000,64.25300000000000,95.8664,1378.4568,16.3984,2.4751,13.9233,50.1066,16.6215,4.0088,12.6127,0.2285,1378.4568,NA
ExperienceX.exe,22676,0x1BBC8041FF0,DXGI,1,0,0,Composed: Flip,1394.9552,NA,14.02330000000000,16.46370000000000,17.12030000000000,66.83950000000000,98.3068,1394.8552,17.2203,0.1000,17.1203,65.5304,1.4091,1.3879,0.0212,-0.0653,1394.8552,NA
ExperienceX.exe,22676,0x1BBC8041FF0,DXGI,1,0,0,Composed: Flip,1414.6593,NA,19.70410000000000,17.06470000000000,13.91660000000000,64.63710000000000,95.6674,1412.0755,16.5004,2.5838,13.9166,49.7228,17.4981,4.3008,13.1973,0.1556,1412.0755,NA
ExperienceX.exe,22676,0x1BBC8041FF0,DXGI,1,0,0,Composed: Flip,1428.9013,NA,14.24200000000000,16.35260000000000,16.33770000000000,66.01460000000000,97.7780,1428.5759,16.6631,0.3254,16.3377,51.4081,14.9319,1.7531,13.1788,0.1478,1428.5759,NA
ExperienceX.exe,22676,0x1BBC8041FF0,DXGI,1,0,0,Composed: Flip,1447.3456,NA,18.44430000000000,16.55540000000000,14.41390000000000,64.64540000000001,95.8891,1445.2390,16.5205,2.1066,14.4139,49.6822,17.0698,3.8266,13.2432,0.1077,1445.2390,NA
ExperienceX.exe,22676,0x1BBC8041FF0,DXGI,1,0,0,Composed: Flip,1463.2675,NA,15.92190000000000,16.69420000000000,15.81220000000000,65.13360000000000,96.6614,1461.7595,17.3202,1.5080,15.8122,65.1961,1.4455,1.4269,0.0186,-0.1737,1461.7595,NA
ExperienceX.exe,22676,0x1BBC8041FF0,DXGI,1,0,0,Composed: Flip,1481.3155,NA,18.04800000000000,16.81740000000000,13.57110000000000,63.56550000000000,95.4308,1479.0797,15.8069,2.2358,13.5711,49.3264,16.4749,3.6859,12.7890,0.5028,1479.0797,NA
ExperienceX.exe,22676,0x1BBC8041FF0,DXGI,1,0,0,Composed: Flip,1495.0437,NA,13.72820000000000,16.48410000000000,17.06590000000000,66.55600000000000,98.1867,1494.8866,17.2230,0.1571,17.0659,65.1736,1.5395,1.5282,0.0113,-0.6772,1494.8866,NA
ExperienceX.exe,22676,0x1BBC8041FF0,DXGI,1,0,0,Composed: Flip,1515.3089,NA,20.26520000000000,16.81980000000000,12.99790000000000,63.00460000000000,94.7413,1512.1096,16.1972,3.1993,12.9979,49.4917,16.7122,5.4235,11.2887,0.4032,1512.1096,NA
ExperienceX.exe,22676,0x1BBC8041FF0,DXGI,1,0,0,Composed: Flip,1528.4391,NA,13.13020000000000,16.71160000000000,16.50390000000000,66.40970000000000,98.3227,1528.3068,16.6362,0.1323,16.5039,65.1030,1.4390,1.4278,0.0112,-0.5144,1528.3068,NA
ExperienceX.exe,22676,0x1BBC8041FF0,DXGI,1,0,0,Composed: Flip,1546.9724,NA,18.53330000000000,16.59460000000000,14.56290000000000,64.84250000000000,96.3840,1544.9430,16.5923,2.0294,14.5629,49.9092,16.9627,5.1996,11.7631,0.0416,1544.9430,NA
ExperienceX.exe,22676,0x1BBC8041FF0,DXGI,1,0,0,Composed: Flip,1561.6819,NA,14.70950000000000,16.69930000000000,16.59370000000000,66.97030000000001,98.3738,1561.5353,16.7403,0.1466,16.5937,50.8476,16.2693,1.7027,14.5666,-0.1070,1561.5353,NA
ExperienceX.exe,22676,0x1BBC8041FF0,DXGI,1,0,0,Composed: Flip,1579.3240,NA,17.64210000000000,16.50310000000000,15.49290000000000,66.21700000000000,97.2348,1578.2756,16.5413,1.0484,15.4929,50.3819,16.8835,4.4930,12.3905,0.2372,1578.2756,NA
ExperienceX.exe,22676,0x1BBC8041FF0,DXGI,1,0,0,Composed: Flip,1595.6578,NA,16.33380000000000,16.80930000000000,16.09840000000000,66.26350000000001,97.7103,1594.8169,16.9393,0.8409,16.0984,65.6733,1.4311,1.4026,0.0285,-0.2680,1594.8169,NA
ExperienceX.exe,22676,0x1BBC8041FF0,DXGI,1,0,0,Composed: Flip,1613.6045,NA,17.94670000000000,16.53350000000000,14.94910000000000,64.60810000000001,96.2971,1611.7562,16.7974,1.8483,14.9491,50.1724,16.2840,2.1189,14.1651,0.4058,1611.7562,NA
ExperienceX.exe,22676,0x1BBC8041FF0,DXGI,1,0,0,Composed: Flip,1628.7962,NA,15.19170000000000,16.67530000000000,16.82560000000000,69.00560000000000,97.7807,1628.5536,17.0682,0.2426,16.8256,50.3050,18.9432,8.9189,10.0243,0.1221,1628.5536,NA
ExperienceX.exe,22676,0x1BBC8041FF0,DXGI,1,0,0,Composed: Flip,1646.1535,NA,17.35730000000000,16.68910000000000,15.70480000000000,65.39820000000000,97.1125,1645.6218,16.2365,0.5317,15.7048,52.1854,13.7445,6.1525,7.5920,0.3791,1645.6218,NA
ExperienceX.exe,22676,0x1BBC8041FF0,DXGI,1,0,0,Composed: Flip,1662.6127,NA,16.45920000000000,16.59240000000000,15.56870000000000,65.70540000000000,97.2457,1661.8583,16.3231,0.7544,15.5687,64.9196,1.5402,1.5288,0.0114,-0.3559,1661.8583,NA
ExperienceX.exe,22676,0x1BBC8041FF0,DXGI,1,0,0,Composed: Flip,1680.7457,NA,18.13300000000000,16.69210000000000,17.12390000000000,64.16020000000000,95.8048,1678.1814,19.6882,2.5643,17.1239,50.1404,16.5841,5.2861,11.2980,-0.3690,1678.1814,NA
ExperienceX.exe,22676,0x1BBC8041FF0,DXGI,1,0,0,Composed: Flip,1698.0089,NA,17.26320000000000,16.64060000000000,13.54110000000000,63.48560000000001,95.1822,1697.8696,13.6804,0.1393,13.5411,62.0563,1.5686,1.5565,0.0121,3.0476,1697.8696,NA
ExperienceX.exe,22676,0x1BBC8041FF0,DXGI,1,0,0,Composed: Flip,1712.8042,NA,14.79530000000000,16.75350000000000,15.76300000000000,65.17220000000000,97.1404,1711.5500,17.0172,1.2542,15.7630,49.9504,16.4760,6.7914,9.6846,-3.0731,1711.5500,NA
ExperienceX.exe,22676,0x1BBC8041FF0,DXGI,1,0,0,Composed: Flip,1728.7889,NA,15.98470000000000,16.57320000000000,16.07030000000000,65.93550000000000,97.7289,1728.5672,16.2920,0.2217,16.0703,64.7234,1.4338,1.4280,0.0058,0.4440,1728.5672,NA
ExperienceX.exe,22676,0x1BBC8041FF0,DXGI,1,0,0,Composed: Flip,1746.1483,NA,17.35940000000000,16.80870000000000,15.40080000000000,65.56690000000000,97.1782,1744.8592,16.6899,1.2891,15.4008,49.8692,16.9868,6.5396,10.4472,-0.5167,1744.8592,NA
ExperienceX.exe,22676,0x1BBC8041FF0,DXGI,1,0,0,Composed: Flip,1761.6918,NA,15.54350000000000,16.60840000000000,16.25640000000000,66.40190000000000,98.2431,1761.5491,16.3991,0.1427,16.2564,50.4365,16.1081,1.6307,14.4774,0.0815,1761.5491,NA
ExperienceX.exe,22676,0x1BBC8041FF0,DXGI,1,0,0,Composed: Flip,1778.9390,NA,17.24720000000000,16.59390000000000,15.85270000000000,67.25170000000000,97.5898,1777.9482,16.8435,0.9908,15.8527,50.1473,18.0952,9.7751,8.3201,-0.1948,1777.9482,NA
ExperienceX.exe,22676,0x1BBC8041FF0,DXGI,1,0,0,Composed: Flip,1794.8837,NA,15.94470000000000,16.72820000000000,16.81410000000000,68.11350000000000,98.3733,1794.7917,16.9061,0.0920,16.8141,51.3990,16.8065,8.7879,8.0186,0.1153,1794.7917,NA
ExperienceX.exe,22676,0x1BBC8041FF0,DXGI,1,0,0,Composed: Flip,1812.7996,NA,17.91590000000000,16.63110000000000,15.32380000000000,66.75210000000000,97.0885,1811.6978,16.4256,1.1018,15.3238,51.3033,16.5506,14.7936,1.7570,0.2750,1811.6978,NA
ExperienceX.exe,22676,0x1BBC8041FF0,DXGI,1,0,0,Composed: Flip,1828.2163,NA,15.41670000000000,16.76240000000000,23.95540000000000,68.34040000000000,98.4342,1828.1234,24.0483,0.0929,23.9554,65.3282,3.1051,3.1051,0.0000,-0.3368,1828.1234,NA
ExperienceX.exe,22676,0x1BBC8041FF0,DXGI,1,0,0,Composed: Flip,1853.3312,NA,25.11490000000000,16.66540000000000,9.59980000000000,65.46390000000001,89.9847,1852.1717,10.7593,1.1595,9.5998,44.3850,22.2384,20.8721,1.3663,7.3829,1852.1717,NA
ExperienceX.exe,22676,0x1BBC8041FF0,DXGI,1,0,0,Composed: Flip,1863.0557,NA,9.72450000000000,16.57820000000000,16.49420000000000,75.09460000000000,96.8384,1862.9310,16.6189,0.1247,16.4942,63.8767,11.3426,11.3351,0.0075,-5.8189,1862.9310,NA
ExperienceX.exe,22676,0x1BBC8041FF0,DXGI,1,0,0,Composed: Flip,1880.8018,NA,17.74610000000000,16.71270000000000,15.70190000000000,71.60090000000001,95.8050,1879.5499,16.9538,1.2519,15.7019,58.6025,14.2503,12.7137,1.5366,-0.0938,1879.5499,NA
ExperienceX.exe,22676,0x1BBC8041FF0,DXGI,1,0,0,Composed: Flip,1896.6317,NA,15.82990000000000,16.61480000000000,22.18320000000000,65.94370000000001,96.5899,1896.5037,22.3112,0.1280,22.1832,56.4141,9.6576,3.1570,6.5006,0.3390,1896.5037,NA
ExperienceX.exe,22676,0x1BBC8041FF0,DXGI,1,0,0,Composed: Flip,1919.9638,NA,23.33210000000000,16.65430000000000,18.19460000000000,65.83540000000001,89.9121,1918.8149,19.3435,1.1489,18.1946,43.7623,23.2220,22.4764,0.7456,5.6569,1918.8149,NA
ExperienceX.exe,22676,0x1BBC8041FF0,DXGI,1,0,0,Composed: Flip,1938.2747,NA,18.31090000000000,16.65540000000000,14.18650000000000,57.27260000000000,88.2566,1938.1584,14.3028,0.1163,14.1865,55.2319,2.1570,2.1485,0.0085,2.6881,1938.1584,NA
ExperienceX.exe,22676,0x1BBC8041FF0,DXGI,1,0,0,Composed: Flip,1953.8189,NA,15.54420000000000,16.64460000000000,8.69310000000000,67.67580000000001,89.3570,1952.4612,10.0508,1.3577,8.6931,43.0888,25.9447,23.1062,2.8385,-2.3418,1952.4612,NA
ExperienceX.exe,22676,0x1BBC8041FF0,DXGI,1,0,0,Composed: Flip,1962.6217,NA,8.80280000000000,16.68530000000000,23.26870000000000,66.57760000000000,97.2395,1962.5120,23.3784,0.1097,23.2687,64.2036,2.4837,2.4647,0.0190,-6.6345,1962.5120,NA
ExperienceX.exe,22676,0x1BBC8041FF0,DXGI,1,0,0,Composed: Flip,1986.5780,NA,23.95630000000000,16.74930000000000,8.93590000000000,58.28890000000001,90.0325,1985.8904,9.6235,0.6876,8.9359,43.3147,15.6618,10.0552,5.6066,6.6291,1985.8904,NA
ExperienceX.exe,22676,0x1BBC8041FF0,DXGI,1,0,0,Composed: Flip,1995.5892,NA,9.01120000000000,16.65360000000000,26.00500000000000,65.92040000000000,97.6749,1995.5139,26.0803,0.0753,26.0050,64.4954,1.5003,1.4915,0.0088,-7.0301,1995.5139,NA
ExperienceX.exe,22676,0x1BBC8041FF0,DXGI,1,0,0,Composed: Flip,2022.2822,NA,26.69300000000000,16.66440000000000,6.86800000000000,55.93950000000000,87.6463,2021.5942,7.5560,0.6880,6.8680,39.9196,16.7079,5.3570,11.3509,9.4159,2021.5942,NA
ExperienceX.exe,22676,0x1BBC8041FF0,DXGI,1,0,0,Composed: Flip,2029.2786,NA,6.99640000000000,16.89810000000000,15.61810000000000,65.57350000000001,97.5480,2029.1502,15.7465,0.1284,15.6181,49.5139,16.1880,1.4951,14.6929,-9.3421,2029.1502,NA
ExperienceX.exe,22676,0x1BBC8041FF0,DXGI,1,0,0,Composed: Flip,2046.5332,NA,17.25460000000000,16.51220000000000,14.94200000000000,65.08790000000000,96.8056,2044.8967,16.5785,1.6365,14.9420,49.9599,16.7645,5.9999,10.7646,-0.7657,2044.8967,NA
ExperienceX.exe,22676,0x1BBC8041FF0,DXGI,1,0,0,Composed: Flip,2061.5696,NA,15.03640000000000,16.75250000000000,16.73980000000000,67.04550000000000,98.5217,2061.4752,16.8342,0.0944,16.7398,65.6716,1.4683,1.4282,0.0401,-0.1740,2061.4752,NA
ExperienceX.exe,22676,0x1BBC8041FF0,DXGI,1,0,0,Composed: Flip,2079.4892,NA,17.91960000000000,16.45870000000000,15.34340000000000,65.45840000000000,97.0608,2078.3094,16.5232,1.1798,15.3434,50.3119,16.3263,5.9436,10.3827,0.3755,2078.3094,NA
ExperienceX.exe,22676,0x1BBC8041FF0,DXGI,1,0,0,Composed: Flip,2094.9541,NA,15.46490000000000,16.69910000000000,16.60610000000000,67.58070000000001,98.2950,2094.8326,16.7276,0.1215,16.6061,65.6125,2.0897,2.0897,0.0000,-0.1759,2094.8326,NA
ExperienceX.exe,22676,0x1BBC8041FF0,DXGI,1,0,0,Composed: Flip,2112.8443,NA,17.89020000000000,16.65010000000000,15.85690000000000,65.27750000000000,97.0549,2111.5602,17.1410,1.2841,15.8569,50.9746,15.5870,6.0000,9.5870,0.0775,2111.5602,NA
ExperienceX.exe,22676,0x1BBC8041FF0,DXGI,1,0,0,Composed: Flip,2128.8639,NA,16.01960000000000,16.60000000000000,16.02810000000000,66.09410000000000,97.6353,2128.7012,16.1908,0.1627,16.0281,64.7129,1.5439,1.5347,0.0092,0.5410,2128.7012,NA
ExperienceX.exe,22676,0x1BBC8041FF0,DXGI,1,0,0,Composed: Flip,2145.7755,NA,16.91160000000000,16.81310000000000,16.81410000000000,65.73520000000001,97.5368,2144.8920,17.6976,0.8835,16.8141,50.0695,16.5492,3.9118,12.6374,-0.6223,2144.8920,NA
ExperienceX.exe,22676,0x1BBC8041FF0,DXGI,1,0,0,Composed: Flip,2162.7607,NA,16.98520000000000,16.53360000000000,15.33530000000000,65.43270000000000,97.0852,2162.5896,15.5064,0.1711,15.3353,49.5697,16.0341,1.7309,14.3032,1.1640,2162.5896,NA
ExperienceX.exe,22676,0x1BBC8041FF0,DXGI,1,0,0,Composed: Flip,2179.6500,NA,16.88930000000000,16.76170000000000,15.31740000000000,65.24450000000000,96.9576,2178.0960,16.8714,1.5540,15.3174,50.1007,16.6978,6.3318,10.3660,-1.2553,2178.0960,NA
ExperienceX.exe,22676,0x1BBC8041FF0,DXGI,1,0,0,Composed: Flip,2195.0826,NA,15.43260000000000,16.59980000000000,16.34380000000000,66.39090000000000,98.1248,2194.9674,16.4590,0.1152,16.3438,65.0469,1.4592,1.4533,0.0059,0.2716,2194.9674,NA
ExperienceX.exe,22676,0x1BBC8041FF0,DXGI,1,0,0,Composed: Flip,2213.0244,NA,17.94180000000000,16.85360000000000,15.23290000000000,65.26850000000000,97.0366,2211.4264,16.8309,1.5980,15.2329,50.0504,16.8161,6.6998,10.1163,-0.3946,2211.4264,NA
ExperienceX.exe,22676,0x1BBC8041FF0,DXGI,1,0,0,Composed: Flip,2228.3670,NA,15.34260000000000,16.52030000000000,16.50020000000000,66.40710000000000,98.2143,2228.2573,16.6099,0.1097,16.5002,65.0515,1.4653,1.4580,0.0073,0.3106,2228.2573,NA
ExperienceX.exe,22676,0x1BBC8041FF0,DXGI,1,0,0,Composed: Flip,2246.2898,NA,17.92280000000000,16.69720000000000,15.22000000000000,65.38180000000000,96.9887,2244.8672,16.6426,1.4226,15.2200,49.9100,16.8944,6.3670,10.5274,-0.0873,2244.8672,NA
ExperienceX.exe,22676,0x1BBC8041FF0,DXGI,1,0,0,Composed: Flip,2261.5898,NA,15.30000000000000,16.64030000000000,16.64070000000000,66.70210000000000,98.3290,2261.5098,16.7207,0.0800,16.6407,65.2318,1.5503,1.5377,0.0126,0.0023,2261.5098,NA
ExperienceX.exe,22676,0x1BBC8041FF0,DXGI,1,0,0,Composed: Flip,2279.3751,NA,17.78530000000000,16.87020000000000,15.37770000000000,65.58830000000000,97.4139,2278.2305,16.5223,1.1446,15.3777,50.0634,16.6695,6.4386,10.2309,-0.1495,2278.2305,NA
ExperienceX.exe,22676,0x1BBC8041FF0,DXGI,1,0,0,Composed: Flip,2294.8291,NA,15.45400000000000,16.49670000000000,16.81970000000000,66.70580000000000,98.4566,2294.7528,16.8960,0.0763,16.8197,50.6128,16.1693,1.6714,14.4979,0.0256,2294.7528,NA
ExperienceX.exe,22676,0x1BBC8041FF0,DXGI,1,0,0,Composed: Flip,2312.7834,NA,17.95430000000000,16.66630000000000,15.47500000000000,65.74910000000000,97.1686,2311.6488,16.6096,1.1346,15.4750,49.8914,16.9923,6.4243,10.5680,0.2297,2311.6488,NA
ExperienceX.exe,22676,0x1BBC8041FF0,DXGI,1,0,0,Composed: Flip,2329.0414,NA,16.25800000000000,16.60110000000000,15.90870000000000,65.89020000000001,97.5117,2328.2584,16.6917,0.7830,15.9087,65.1246,1.5486,1.5402,0.0084,0.0085,2328.2584,NA
ExperienceX.exe,22676,0x1BBC8041FF0,DXGI,1,0,0,Composed: Flip,2346.7024,NA,17.66100000000000,16.80290000000000,14.81670000000000,64.89050000000000,96.6536,2344.9501,16.5690,1.7523,14.8167,49.9854,16.6574,3.9645,12.6929,-0.1112,2344.9501,NA
ExperienceX.exe,22676,0x1BBC8041FF0,DXGI,1,0,0,Composed: Flip,2361.6327,NA,14.93030000000000,16.51620000000000,16.86030000000000,66.50800000000001,98.2395,2361.5191,16.9739,0.1136,16.8603,50.0738,16.5478,1.7435,14.8043,0.0528,2361.5191,NA
ExperienceX.exe,22676,0x1BBC8041FF0,DXGI,1,0,0,Composed: Flip,2380.2469,NA,18.61420000000000,16.62040000000000,14.65160000000000,64.72620000000001,96.2457,2378.4930,16.4055,1.7539,14.6516,49.6509,16.8292,5.1301,11.6991,0.3535,2378.4930,NA
ExperienceX.exe,22676,0x1BBC8041FF0,DXGI,1,0,0,Composed: Flip,2395.0364,NA,14.78950000000000,16.78060000000000,16.98720000000000,66.22580000000001,98.2368,2394.8985,17.1251,0.1379,16.9872,65.0820,1.2817,1.2718,0.0099,-0.3751,2394.8985,NA
ExperienceX.exe,22676,0x1BBC8041FF0,DXGI,1,0,0,Composed: Flip,2413.2618,NA,18.22540000000000,16.82890000000000,14.87740000000000,64.94340000000000,96.8403,2412.0236,16.1156,1.2382,14.8774,49.2426,16.9390,6.3967,10.5423,0.2962,2412.0236,NA
ExperienceX.exe,22676,0x1BBC8041FF0,DXGI,1,0,0,Composed: Flip,2428.2624,NA,15.00060000000000,16.45970000000000,16.77090000000000,66.70970000000000,98.2994,2428.1392,16.8941,0.1232,16.7709,50.5691,16.2638,1.6169,14.6469,-0.3441,2428.1392,NA
ExperienceX.exe,22676,0x1BBC8041FF0,DXGI,1,0,0,Composed: Flip,2445.8973,NA,17.63490000000000,16.60250000000000,15.33590000000000,66.19720000000001,97.2670,2445.0333,16.1999,0.8640,15.3359,49.9414,17.1198,4.1985,12.9213,0.2916,2445.0333,NA
ExperienceX.exe,22676,0x1BBC8041FF0,DXGI,1,0,0,Composed: Flip,2461.3148,NA,15.41750000000000,16.74470000000000,16.89440000000000,66.88140000000000,98.5942,2461.2332,16.9760,0.0816,16.8944,65.4825,1.4805,1.4751,0.0054,-0.5448,2461.2332,NA
ExperienceX.exe,22676,0x1BBC8041FF0,DXGI,1,0,0,Composed: Flip,2479.4196,NA,18.10480000000000,16.83120000000000,15.55240000000000,65.32880000000000,97.3206,2478.2092,16.7628,1.2104,15.5524,49.9913,16.5479,5.4178,11.1301,0.1448,2478.2092,NA
ExperienceX.exe,22676,0x1BBC8041FF0,DXGI,1,0,0,Composed: Flip,2495.2206,NA,15.80100000000000,16.53650000000000,17.05540000000000,69.98570000000001,98.0561,2494.9720,17.3040,0.2486,17.0554,65.1285,5.1058,5.0933,0.0125,0.2263,2494.9720,NA
ExperienceX.exe,22676,0x1BBC8041FF0,DXGI,1,0,0,Composed: Flip,2513.7241,NA,18.50350000000000,16.77080000000000,14.52970000000000,64.71020000000000,96.3234,2512.2760,15.9778,1.4481,14.5297,52.9335,13.2248,4.5300,8.6948,0.5332,2512.2760,NA
ExperienceX.exe,22676,0x1BBC8041FF0,DXGI,1,0,0,Composed: Flip,2528.3495,NA,14.62540000000000,16.65180000000000,16.41670000000000,66.71080000000001,98.3498,2528.2538,16.5124,0.0957,16.4167,65.2502,1.5563,1.5315,0.0248,-0.6740,2528.2538,NA
ExperienceX.exe,22676,0x1BBC8041FF0,DXGI,1,0,0,Composed: Flip,2545.6309,NA,17.28140000000000,16.50240000000000,19.78040000000000,66.18920000000000,97.5708,2544.7662,20.6451,0.8647,19.7804,50.3009,16.7530,6.4073,10.3457,0.0100,2544.7662,NA
ExperienceX.exe,22676,0x1BBC8041FF0,DXGI,1,0,0,Composed: Flip,2565.6728,NA,20.04190000000000,16.85340000000000,12.61980000000000,63.81120000000001,94.3823,2565.4113,12.8813,0.2615,12.6198,46.9206,17.1521,2.7461,14.4060,3.7917,2565.4113,NA
ExperienceX.exe,22676,0x1BBC8041FF0,DXGI,1,0,0,Composed: Flip,2580.1927,NA,14.51990000000000,16.55150000000000,14.86720000000000,64.60980000000001,96.4139,2578.2926,16.7673,1.9001,14.8672,51.1914,15.3185,5.4290,9.8895,-3.6702,2578.2926,NA
ExperienceX.exe,22676,0x1BBC8041FF0,DXGI,1,0,0,Composed: Flip,2595.2392,NA,15.04650000000000,16.61600000000000,16.46200000000000,66.43620000000000,97.9834,2595.0599,16.6413,0.1793,16.4620,65.3638,1.2517,1.2431,0.0086,0.1513,2595.0599,NA
ExperienceX.exe,22676,0x1BBC8041FF0,DXGI,1,0,0,Composed: Flip,2612.9938,NA,17.75460000000000,16.67520000000000,16.12350000000000,65.25020000000001,96.9040,2611.7012,17.4161,1.2926,16.1235,49.9778,16.5650,5.3776,11.1874,-0.0339,2611.7012,NA
ExperienceX.exe,22676,0x1BBC8041FF0,DXGI,1,0,0,Composed: Flip,2629.3202,NA,16.32640000000000,16.61740000000000,15.46260000000000,65.71860000000001,97.1950,2629.1173,15.6655,0.2029,15.4626,64.3199,1.6016,1.5890,0.0126,0.7987,2629.1173,NA
ExperienceX.exe,22676,0x1BBC8041FF0,DXGI,1,0,0,Composed: Flip,2646.0487,NA,16.72850000000000,16.66710000000000,15.65700000000000,65.69560000000000,97.1336,2644.7828,16.9229,1.2659,15.6570,50.2608,16.7007,4.0180,12.6827,-1.0016,2644.7828,NA
ExperienceX.exe,22676,0x1BBC8041FF0,DXGI,1,0,0,Composed: Flip,2661.8352,NA,15.78650000000000,16.65690000000000,16.36900000000000,66.40020000000000,98.0040,2661.7057,16.4985,0.1295,16.3690,64.9768,1.5529,1.5396,0.0133,0.2660,2661.7057,NA
ExperienceX.exe,22676,0x1BBC8041FF0,DXGI,1,0,0,Composed: Flip,2679.7780,NA,17.94280000000000,16.69300000000000,15.21160000000000,65.09600000000000,96.7542,2678.2042,16.7854,1.5738,15.2116,50.0355,16.6343,4.0103,12.6240,-0.1945,2678.2042,NA
ExperienceX.exe,22676,0x1BBC8041FF0,DXGI,1,0,0,Composed: Flip,2695.1340,NA,15.35600000000000,16.64630000000000,16.54510000000000,66.29890000000000,98.0445,2694.9896,16.6895,0.1444,16.5451,50.1670,16.2763,1.6607,14.6156,0.1391,2694.9896,NA
ExperienceX.exe,22676,0x1BBC8041FF0,DXGI,1,0,0,Composed: Flip,2713.8959,NA,18.76190000000000,16.71010000000000,14.34600000000000,64.27280000000000,95.9927,2711.6791,16.5628,2.2168,14.3460,49.7554,16.7342,6.4687,10.2655,-0.0206,2711.6791,NA
ExperienceX.exe,22676,0x1BBC8041FF0,DXGI,1,0,0,Composed: Flip,2728.4075,NA,14.51160000000000,16.77490000000000,16.42430000000000,66.37140000000001,98.2560,2728.2419,16.5899,0.1656,16.4243,65.0482,1.4888,1.4819,0.0069,-0.2121,2728.2419,NA
ExperienceX.exe,22676,0x1BBC8041FF0,DXGI,1,0,0,Composed: Flip,2745.7686,NA,17.36110000000000,16.54390000000000,15.65800000000000,65.83090000000000,97.4388,2744.8318,16.5948,0.9368,15.6580,49.9489,16.8188,6.5580,10.2608,0.0460,2744.8318,NA
ExperienceX.exe,22676,0x1BBC8041FF0,DXGI,1,0,0,Composed: Flip,2761.5099,NA,15.74130000000000,16.97820000000000,16.66040000000000,66.86420000000000,98.6757,2761.4266,16.7437,0.0833,16.6604,65.5667,1.3808,1.3701,0.0107,-0.3834,2761.4266,NA
ExperienceX.exe,22676,0x1BBC8041FF0,DXGI,1,0,0,Composed: Flip,2779.5012,NA,17.99130000000000,16.49140000000000,15.26560000000000,65.28340000000000,97.1758,2778.1703,16.5965,1.3309,15.2656,50.2092,16.4051,5.5174,10.8877,0.2523,2778.1703,NA
ExperienceX.exe,22676,0x1BBC8041FF0,DXGI,1,0,0,Composed: Flip,2794.8632,NA,15.36200000000000,16.53490000000000,16.73220000000000,68.01930000000000,98.3487,2794.7668,16.8286,0.0964,16.7322,65.6055,2.5102,2.5023,0.0079,0.0616,2794.7668,NA
ExperienceX.exe,22676,0x1BBC8041FF0,DXGI,1,0,0,Composed: Flip,2813.1722,NA,18.30900000000000,16.68700000000000,15.17490000000000,65.87390000000001,96.7267,2811.5954,16.7517,1.5768,15.1749,51.2921,16.1586,7.0965,9.0621,0.1416,2811.5954,NA
ExperienceX.exe,22676,0x1BBC8041FF0,DXGI,1,0,0,Composed: Flip,2828.4950,NA,15.32280000000000,16.72820000000000,16.27250000000000,66.43330000000000,98.1321,2828.3471,16.4204,0.1479,16.2725,50.9115,15.6697,1.5756,14.0941,0.0235,2828.3471,NA
ExperienceX.exe,22676,0x1BBC8041FF0,DXGI,1,0,0,Composed: Flip,2845.4919,NA,16.99690000000000,16.56770000000000,17.57860000000000,66.19070000000001,97.7029,2844.7675,18.3030,0.7244,17.5786,50.1652,16.7499,5.6404,11.1095,-0.1473,2844.7675,NA
ExperienceX.exe,22676,0x1BBC8041FF0,DXGI,1,0,0,Composed: Flip,2863.1935,NA,17.70160000000000,16.69380000000000,15.82210000000000,65.02920000000000,96.6951,2863.0705,15.9451,0.1230,15.8221,63.7383,1.4139,1.3992,0.0147,1.6092,2863.0705,NA
ExperienceX.exe,22676,0x1BBC8041FF0,DXGI,1,0,0,Composed: Flip,2879.9334,NA,16.73990000000000,16.62380000000000,14.95340000000000,64.92940000000000,96.5790,2879.0156,15.8712,0.9178,14.9534,49.2128,16.6344,5.4793,11.1551,-0.6787,2879.0156,NA
ExperienceX.exe,22676,0x1BBC8041FF0,DXGI,1,0,0,Composed: Flip,2895.0320,NA,15.09860000000000,16.64790000000000,16.58990000000000,66.52220000000000,98.1283,2894.8868,16.7351,0.1452,16.5899,65.1478,1.5196,1.5028,0.0168,-0.7767,2894.8868,NA
ExperienceX.exe,22676,0x1BBC8041FF0,DXGI,1,0,0,Composed: Flip,2912.9514,NA,17.91940000000000,16.70090000000000,15.20310000000000,65.32230000000000,96.9098,2911.6219,16.5326,1.3295,15.2031,49.9354,16.7164,5.6977,11.0187,0.0342,2911.6219,NA
ExperienceX.exe,22676,0x1BBC8041FF0,DXGI,1,0,0,Composed: Flip,2928.2488,NA,15.29740000000000,16.68420000000000,16.60360000000000,66.41750000000000,98.2966,2928.1545,16.6979,0.0943,16.6036,65.0724,1.4394,1.4340,0.0054,-0.1516,2928.1545,NA
ExperienceX.exe,22676,0x1BBC8041FF0,DXGI,1,0,0,Composed: Flip,2945.8196,NA,17.57080000000000,16.64330000000000,15.62430000000000,65.74870000000000,97.3691,2944.8524,16.5915,0.9672,15.6243,49.8170,16.8989,5.5144,11.3845,0.0546,2944.8524,NA
ExperienceX.exe,22676,0x1BBC8041FF0,DXGI,1,0,0,Composed: Flip,2961.5710,NA,15.75140000000000,16.74630000000000,16.73930000000000,66.72780000000000,98.3640,2961.4439,16.8664,0.1271,16.7393,50.5609,16.2940,1.6655,14.6285,-0.1548,2961.4439,NA
ExperienceX.exe,22676,0x1BBC8041FF0,DXGI,1,0,0,Composed: Flip,2979.4904,NA,17.91940000000000,16.60760000000000,15.19220000000000,65.39450000000001,97.0522,2978.3103,16.3723,1.1801,15.1922,49.9930,16.5816,5.3424,11.2392,0.2588,2978.3103,NA
ExperienceX.exe,22676,0x1BBC8041FF0,DXGI,1,0,0,Composed: Flip,2994.7592,NA,15.26880000000000,16.76670000000000,16.79070000000000,66.83150000000001,98.5501,2994.6826,16.8673,0.0766,16.7907,65.4596,1.4485,1.4342,0.0143,-0.3944,2994.6826,NA
ExperienceX.exe,22676,0x1BBC8041FF0,DXGI,1,0,0,Composed: Flip,3012.8864,NA,18.12720000000000,16.73040000000000,15.36310000000000,65.35260000000001,97.1533,3011.5499,16.6996,1.3365,15.3631,50.0447,16.6444,5.4392,11.2052,0.1369,3011.5499,NA
ExperienceX.exe,22676,0x1BBC8041FF0,DXGI,1,0,0,Composed: Flip,3028.8880,NA,16.00160000000000,16.80680000000000,15.96440000000000,66.17720000000000,97.9585,3028.2495,16.6029,0.6385,15.9644,65.2472,1.5685,1.5685,0.0000,-0.1072,3028.2495,NA
ExperienceX.exe,22676,0x1BBC8041FF0,DXGI,1,0,0,Composed: Flip,3046.0035,NA,17.11550000000000,16.42800000000000,15.55980000000000,65.70060000000001,97.2710,3044.8524,16.7109,1.1511,15.5598,50.2128,16.6389,4.0689,12.5700,0.1749,3044.8524,NA
ExperienceX.exe,22676,0x1BBC8041FF0,DXGI,1,0,0,Composed: Flip,3061.8031,NA,15.79960000000000,16.92360000000000,16.42150000000000,67.25030000000001,98.3950,3061.5633,16.6613,0.2398,16.4215,65.5589,1.9312,1.9223,0.0089,-0.2127,3061.5633,NA
ExperienceX.exe,22676,0x1BBC8041FF0,DXGI,1,0,0,Composed: Flip,3079.1725,NA,17.36940000000000,16.39920000000000,15.74190000000000,65.82530000000000,97.4248,3078.2246,16.6898,0.9479,15.7419,50.8348,15.9384,5.4646,10.4738,0.2621,3078.2246,NA
ExperienceX.exe,22676,0x1BBC8041FF0,DXGI,1,0,0,Composed: Flip,3095.0960,NA,15.92350000000000,16.56900000000000,16.56600000000000,67.33690000000000,98.0703,3094.9144,16.7476,0.1816,16.5660,50.6846,16.8339,1.8176,15.0163,0.1208,3094.9144,NA
ExperienceX.exe,22676,0x1BBC8041FF0,DXGI,1,0,0,Composed: Flip,3113.3779,NA,18.28190000000000,16.86660000000000,15.77650000000000,65.00590000000000,96.6550,3111.6620,17.4924,1.7159,15.7765,50.7709,15.9509,4.5181,11.4328,-0.1190,3111.6620,NA
ExperienceX.exe,22676,0x1BBC8041FF0,DXGI,1,0,0,Composed: Flip,3129.3142,NA,15.93630000000000,16.51900000000000,15.57990000000000,65.53060000000001,97.2377,3129.1544,15.7397,0.1598,15.5799,64.1324,1.5580,1.5495,0.0085,0.9734,3129.1544,NA
ExperienceX.exe,22676,0x1BBC8041FF0,DXGI,1,0,0,Composed: Flip,3146.6207,NA,17.30650000000000,16.80720000000000,16.13990000000000,65.24070000000000,96.7384,3144.8941,17.8665,1.7266,16.1399,49.9536,17.0137,6.4806,10.5331,-1.0675,3144.8941,NA
ExperienceX.exe,22676,0x1BBC8041FF0,DXGI,1,0,0,Composed: Flip,3162.9753,NA,16.35460000000000,16.62090000000000,15.36490000000000,65.22710000000001,97.0047,3162.7606,15.5796,0.2147,15.3649,63.9585,1.4833,1.4760,0.0073,1.2456,3162.7606,NA
ExperienceX.exe,22676,0x1BBC8041FF0,DXGI,1,0,0,Composed: Flip,3179.8743,NA,16.89900000000000,16.58160000000000,14.96250000000000,65.17800000000000,96.6873,3178.3402,16.4966,1.5341,14.9625,49.8675,16.8446,5.7100,11.1346,-1.0020,3178.3402,NA
ExperienceX.exe,22676,0x1BBC8041FF0,DXGI,1,0,0,Composed: Flip,3194.9233,NA,15.04900000000000,16.75460000000000,16.84340000000000,67.36700000000000,98.3929,3194.8368,16.9299,0.0865,16.8434,65.4356,2.0179,2.0025,0.0154,-0.2580,3194.8368,NA
ExperienceX.exe,22676,0x1BBC8041FF0,DXGI,1,0,0,Composed: Flip,3214.4223,NA,19.49900000000000,16.86400000000000,13.82210000000000,63.75610000000000,95.7579,3211.7667,16.4777,2.6556,13.8221,50.5287,15.8830,5.4531,10.4299,0.0659,3211.7667,NA
ExperienceX.exe,22676,0x1BBC8041FF0,DXGI,1,0,0,Composed: Flip,3228.4295,NA,14.00720000000000,16.54710000000000,16.52280000000000,66.50250000000000,98.2978,3228.2444,16.7079,0.1851,16.5228,50.6612,16.0264,1.4526,14.5738,-0.0694,3228.2444,NA
ExperienceX.exe,22676,0x1BBC8041FF0,DXGI,1,0,0,Composed: Flip,3246.4119,NA,17.98240000000000,16.64440000000000,15.82620000000000,65.69870000000000,96.9598,3244.9523,17.2858,1.4596,15.8262,49.9875,17.1708,4.2798,12.8910,0.0635,3244.9523,NA
ExperienceX.exe,22676,0x1BBC8041FF0,DXGI,1,0,0,Composed: Flip,3263.2735,NA,16.86160000000000,16.70760000000000,15.03380000000000,65.47430000000000,96.8058,3262.2381,16.0692,1.0354,15.0338,65.1061,1.4036,1.4036,0.0000,0.5782,3262.2381,NA
ExperienceX.exe,22676,0x1BBC8041FF0,DXGI,1,0,0,Composed: Flip,3279.6854,NA,16.41190000000000,16.56500000000000,15.15990000000000,65.34930000000000,96.9589,3278.3073,16.5380,1.3781,15.1599,50.4405,16.2869,4.5452,11.7417,-0.4958,3278.3073,NA
ExperienceX.exe,22676,0x1BBC8041FF0,DXGI,1,0,0,Composed: Flip,3295.0784,NA,15.39300000000000,16.66620000000000,16.90180000000000,68.95270000000001,98.2321,3294.8453,17.1349,0.2331,16.9018,65.5225,3.6633,3.6506,0.0127,-0.1282,3294.8453,NA
ExperienceX.exe,22676,0x1BBC8041FF0,DXGI,1,0,0,Composed: Flip,3312.8774,NA,17.79900000000000,16.69000000000000,15.87560000000000,65.96540000000000,97.1231,3311.9802,16.7728,0.8972,15.8756,52.0532,14.8094,5.9477,8.8617,0.4449,3311.9802,NA
ExperienceX.exe,22676,0x1BBC8041FF0,DXGI,1,0,0,Composed: Flip,3331.5252,NA,18.64780000000000,16.63560000000000,13.39750000000000,63.94900000000001,95.1109,3328.7530,16.1697,2.7722,13.3975,64.8635,1.8577,1.8487,0.0090,0.1372,3328.7530,NA
ExperienceX.exe,22676,0x1BBC8041FF0,DXGI,1,0,0,Composed: Flip,3346.8589,NA,15.33370000000000,16.60140000000000,17.10870000000000,64.84480000000001,96.3786,3344.9227,19.0449,1.9362,17.1087,50.5579,16.2231,5.3169,10.9062,-0.4317,3344.9227,NA
ExperienceX.exe,22676,0x1BBC8041FF0,DXGI,1,0,0,Composed: Flip,3364.1172,NA,17.25830000000000,16.69650000000000,14.82090000000000,64.24560000000000,95.8168,3363.9676,14.9705,0.1496,14.8209,48.1727,16.2225,1.7260,14.4965,2.3484,3363.9676,NA
ExperienceX.exe,22676,0x1BBC8041FF0,DXGI,1,0,0,Composed: Flip,3380.3212,NA,16.20400000000000,16.58370000000000,15.25490000000000,64.66030000000001,96.1965,3378.9381,16.6380,1.3831,15.2549,49.4273,16.6161,4.1855,12.4306,-1.6132,3378.9381,NA
ExperienceX.exe,22676,0x1BBC8041FF0,DXGI,1,0,0,Composed: Flip,3396.5131,NA,16.19190000000000,16.65340000000000,15.14460000000000,65.91630000000001,96.6580,3395.5761,16.0816,0.9370,15.1446,64.5718,2.2815,2.2635,0.0180,-0.0154,3395.5761,NA
ExperienceX.exe,22676,0x1BBC8041FF0,DXGI,1,0,0,Composed: Flip,3413.4236,NA,16.91050000000000,16.74290000000000,14.80270000000000,64.81620000000001,96.4904,3411.6577,16.5686,1.7659,14.8027,50.7780,15.8041,3.8238,11.9803,-0.6613,3411.6577,NA
ExperienceX.exe,22676,0x1BBC8041FF0,DXGI,1,0,0,Composed: Flip,3428.3777,NA,14.95410000000000,16.76970000000000,16.58200000000000,66.41390000000000,98.3060,3428.2263,16.7334,0.1514,16.5820,65.0325,1.5328,1.5142,0.0186,-0.2011,3428.2263,NA
ExperienceX.exe,22676,0x1BBC8041FF0,DXGI,1,0,0,Composed: Flip,3448.0213,NA,19.64360000000000,16.74290000000000,14.34220000000000,63.57030000000000,95.4053,3444.9597,17.4038,3.0616,14.3422,49.8345,16.7974,6.6090,10.1884,-0.0095,3444.9597,NA
ExperienceX.exe,22676,0x1BBC8041FF0,DXGI,1,0,0,Composed: Flip,3462.6111,NA,14.58980000000000,16.53700000000000,15.58920000000000,65.66140000000000,97.3525,3462.3635,15.8368,0.2476,15.5892,64.6235,1.2855,1.2665,0.0190,0.8668,3462.3635,NA
ExperienceX.exe,22676,0x1BBC8041FF0,DXGI,1,0,0,Composed: Flip,3479.8015,NA,17.19040000000000,16.59200000000000,15.01630000000000,65.35520000000000,96.7541,3478.2003,16.6175,1.6012,15.0163,50.0752,16.8812,4.0394,12.8418,-0.7552,3478.2003,NA
ExperienceX.exe,22676,0x1BBC8041FF0,DXGI,1,0,0,Composed: Flip,3495.4938,NA,15.69230000000000,16.61390000000000,16.04500000000000,67.07360000000000,97.6757,3494.8178,16.7210,0.6760,16.0450,50.8048,16.9448,2.4303,14.5145,0.0036,3494.8178,NA
ExperienceX.exe,22676,0x1BBC8041FF0,DXGI,1,0,0,Composed: Flip,3512.6917,NA,17.19790000000000,16.76160000000000,15.58260000000000,65.69530000000000,97.2394,3511.5388,16.7355,1.1529,15.5826,51.0320,15.8162,5.8882,9.9280,-0.0406,3511.5388,NA
ExperienceX.exe,22676,0x1BBC8041FF0,DXGI,1,0,0,Composed: Flip,3528.6020,NA,15.91030000000000,16.68890000000000,16.44570000000000,66.47250000000000,98.0180,3528.2743,16.7734,0.3277,16.4457,65.1113,1.6889,1.6826,0.0063,0.0466,3528.2743,NA
ExperienceX.exe,22676,0x1BBC8041FF0,DXGI,1,0,0,Composed: Flip,3546.6915,NA,18.08950000000000,16.69220000000000,15.83820000000000,64.98050000000001,96.6207,3545.0477,17.4820,1.6438,15.8382,50.0291,16.5952,6.7153,9.8799,0.0812,3545.0477,NA
ExperienceX.exe,22676,0x1BBC8041FF0,DXGI,1,0,0,Composed: Flip,3562.6892,NA,15.99770000000000,16.59820000000000,15.62220000000000,65.44910000000000,97.2212,3562.5297,15.7817,0.1595,15.6222,64.3314,1.2772,1.2675,0.0097,0.8838,3562.5297,NA
ExperienceX.exe,22676,0x1BBC8041FF0,DXGI,1,0,0,Composed: Flip,3580.5445,NA,17.85530000000000,16.61180000000000,14.57300000000000,66.00200000000001,95.9777,3578.3114,16.8061,2.2331,14.5730,49.8311,18.4040,6.7223,11.6817,-0.8301,3578.3114,NA
ExperienceX.exe,22676,0x1BBC8041FF0,DXGI,1,0,0,Composed: Flip,3595.2016,NA,14.65710000000000,16.74770000000000,16.44110000000000,72.68000000000001,98.0683,3595.1175,16.5252,0.0841,16.4411,51.4290,21.3351,10.4157,10.9194,0.0584,3595.1175,NA
ExperienceX.exe,22676,0x1BBC8041FF0,DXGI,1,0,0,Composed: Flip,3613.3033,NA,18.10170000000000,16.56020000000000,14.98700000000000,64.92050000000000,96.5268,3611.6427,16.6476,1.6606,14.9870,56.2421,10.3390,4.0446,6.2944,-0.0350,3611.6427,NA
ExperienceX.exe,22676,0x1BBC8041FF0,DXGI,1,0,0,Composed: Flip,3629.0805,NA,15.77720000000000,16.85300000000000,20.16880000000000,65.75180000000000,97.6026,3628.2903,20.9590,0.7902,20.1688,50.0688,16.4732,1.4481,15.0251,-0.2054,3628.2903,NA
ExperienceX.exe,22676,0x1BBC8041FF0,DXGI,1,0,0,Composed: Flip,3650.6659,NA,21.58540000000000,16.63270000000000,17.27990000000000,60.83570000000000,92.6499,3649.2493,18.6965,1.4166,17.2799,45.5860,16.6663,3.8941,12.7722,4.3263,3649.2493,NA
ExperienceX.exe,22676,0x1BBC8041FF0,DXGI,1,0,0,Composed: Flip,3668.0213,NA,17.35540000000000,16.69960000000000,10.21830000000000,60.33720000000000,91.9941,3667.9458,10.2938,0.0755,10.2183,59.0683,1.3444,1.3334,0.0110,1.9969,3667.9458,NA
ExperienceX.exe,22676,0x1BBC8041FF0,DXGI,1,0,0,Composed: Flip,3678.9530,NA,10.93170000000000,16.53350000000000,15.88080000000000,66.09440000000001,97.5959,3678.2396,16.5942,0.7134,15.8808,50.1244,16.6834,4.0280,12.6554,-6.2397,3678.2396,NA
ExperienceX.exe,22676,0x1BBC8041FF0,DXGI,1,0,0,Composed: Flip,3694.9674,NA,16.01440000000000,16.75320000000000,16.56750000000000,69.08360000000000,98.3347,3694.8338,16.7011,0.1336,16.5675,65.5837,3.6335,3.6335,0.0000,-0.1590,3694.8338,NA
ExperienceX.exe,22676,0x1BBC8041FF0,DXGI,1,0,0,Composed: Flip,3713.0167,NA,18.04930000000000,16.64800000000000,15.31700000000000,65.23710000000000,96.9334,3711.5349,16.7988,1.4818,15.3170,52.5161,14.2028,5.6670,8.5358,0.0531,3711.5349,NA
ExperienceX.exe,22676,0x1BBC8041FF0,DXGI,1,0,0,Composed: Flip,3728.4859,NA,15.46920000000000,16.92950000000000,16.50070000000000,66.47780000000000,98.3937,3728.3337,16.6529,0.1522,16.5007,65.3128,1.3172,1.3058,0.0114,-0.1307,3728.3337,NA
ExperienceX.exe,22676,0x1BBC8041FF0,DXGI,1,0,0,Composed: Flip,3746.6686,NA,18.18270000000000,16.35230000000000,17.28170000000000,65.06230000000001,96.5633,3744.9866,18.9637,1.6820,17.2817,49.9818,16.7625,5.9317,10.8308,0.3006,3744.9866,NA
ExperienceX.exe,22676,0x1BBC8041FF0,DXGI,1,0,0,Composed: Flip,3764.1728,NA,17.50420000000000,16.60070000000000,14.07020000000000,65.21100000000000,95.6598,3763.9503,14.2927,0.2225,14.0702,48.2489,17.1846,2.3935,14.7911,2.3630,3763.9503,NA
ExperienceX.exe,22676,0x1BBC8041FF0,DXGI,1,0,0,Composed: Flip,3779.4772,NA,15.30440000000000,16.66590000000000,15.43760000000000,65.38230000000000,97.0213,3778.2430,16.6718,1.2342,15.4376,51.1440,15.4725,6.1862,9.2863,-2.3732,3778.2430,NA
ExperienceX.exe,22676,0x1BBC8041FF0,DXGI,1,0,0,Composed: Flip,3795.0264,NA,15.54920000000000,16.65900000000000,16.53850000000000,66.55970000000001,98.1311,3794.9148,16.6501,0.1116,16.5385,65.1246,1.5467,1.5427,0.0040,0.0128,3794.9148,NA
ExperienceX.exe,22676,0x1BBC8041FF0,DXGI,1,0,0,Composed: Flip,3812.7293,NA,17.70290000000000,16.75410000000000,16.83010000000000,65.43440000000000,97.1823,3811.5649,17.9945,1.1644,16.8301,50.0247,16.5741,6.5433,10.0308,-0.1040,3811.5649,NA
ExperienceX.exe,22676,0x1BBC8041FF0,DXGI,1,0,0,Composed: Flip,3829.7757,NA,17.04640000000000,16.82500000000000,15.05630000000000,65.06140000000001,96.9609,3829.5594,15.2726,0.2163,15.0563,63.7347,1.5430,1.5386,0.0044,1.1695,3829.5594,NA
ExperienceX.exe,22676,0x1BBC8041FF0,DXGI,1,0,0,Composed: Flip,3845.9647,NA,16.18900000000000,16.52020000000000,15.69160000000000,65.76740000000001,97.2921,3844.8320,16.8243,1.1327,15.6916,50.0092,16.8909,6.5591,10.3318,-1.2476,3844.8320,NA
ExperienceX.exe,22676,0x1BBC8041FF0,DXGI,1,0,0,Composed: Flip,3861.7497,NA,15.78500000000000,16.68210000000000,16.40250000000000,66.57240000000000,98.1892,3861.6563,16.4959,0.0934,16.4025,65.3270,1.3388,1.3260,0.0128,0.1422,3861.6563,NA
ExperienceX.exe,22676,0x1BBC8041FF0,DXGI,1,0,0,Composed: Flip,3879.3242,NA,17.57450000000000,16.65200000000000,15.54260000000000,65.58590000000001,97.2667,3878.1522,16.7146,1.1720,15.5426,50.1750,16.5829,5.6981,10.8848,-0.1561,3878.1522,NA
ExperienceX.exe,22676,0x1BBC8041FF0,DXGI,1,0,0,Composed: Flip,3895.0104,NA,15.68620000000000,16.60610000000000,16.70470000000000,72.37510000000000,98.1866,3894.8668,16.8483,0.1436,16.7047,50.2245,22.2942,7.4077,14.8865,0.1085,3894.8668,NA
ExperienceX.exe,22676,0x1BBC8041FF0,DXGI,1,0,0,Composed: Flip,3913.6579,NA,18.64750000000000,16.80320000000000,14.89290000000000,64.29620000000000,96.3423,3911.7151,16.8357,1.9428,14.8929,55.6733,10.5657,3.5227,7.0430,0.0451,3911.7151,NA
ExperienceX.exe,22676,0x1BBC8041FF0,DXGI,1,0,0,Composed: Flip,3928.7878,NA,15.12990000000000,16.74710000000000,16.07160000000000,66.09260000000000,97.9595,3928.5508,16.3086,0.2370,16.0716,64.8027,1.5269,1.5179,0.0090,0.0886,3928.5508,NA
ExperienceX.exe,22676,0x1BBC8041FF0,DXGI,1,0,0,Composed: Flip,3946.4588,NA,17.67100000000000,16.55250000000000,20.91060000000000,65.35060000000000,96.8410,3944.8594,22.5100,1.5994,20.9106,50.0250,16.9250,6.4210,10.5040,-0.2439,3944.8594,NA
ExperienceX.exe,22676,0x1BBC8041FF0,DXGI,1,0,0,Composed: Flip,3967.4541,NA,20.99530000000000,16.53760000000000,10.40290000000000,60.84450000000000,92.3833,3967.3694,10.4876,0.0847,10.4029,59.6401,1.2891,1.2623,0.0268,5.9724,3967.3694,NA
ExperienceX.exe,22676,0x1BBC8041FF0,DXGI,1,0,0,Composed: Flip,3979.4551,NA,12.00100000000000,16.66420000000000,15.38800000000000,66.15500000000000,97.0465,3977.8570,16.9861,1.5981,15.3880,50.4461,17.3070,5.6569,11.6501,-6.1766,3977.8570,NA
ExperienceX.exe,22676,0x1BBC8041FF0,DXGI,1,0,0,Composed: Flip,3994.9437,NA,15.48860000000000,16.66270000000000,16.84980000000000,72.42490000000001,98.2206,3994.8431,16.9504,0.1006,16.8498,65.1393,7.3862,7.3816,0.0046,0.3234,3994.8431,NA
ExperienceX.exe,22676,0x1BBC8041FF0,DXGI,1,0,0,Composed: Flip,4013.2021,NA,18.25840000000000,16.70850000000000,15.30040000000000,64.93540000000000,96.6707,4011.7935,16.7090,1.4086,15.3004,55.5780,10.7660,3.8262,6.9398,0.2419,4011.7935,NA
ExperienceX.exe,22676,0x1BBC8041FF0,DXGI,1,0,0,Composed: Flip,4028.6505,NA,15.44840000000000,16.72350000000000,17.00260000000000,66.08620000000001,97.9458,4028.5025,17.1506,0.1480,17.0026,49.8337,16.4005,1.5600,14.8405,-0.0145,4028.5025,NA
ExperienceX.exe,22676,0x1BBC8041FF0,DXGI,1,0,0,Composed: Flip,4046.5835,NA,17.93300000000000,16.61110000000000,20.74300000000000,65.11620000000001,96.6239,4045.6531,21.6734,0.9304,20.7430,49.0867,16.9599,5.8184,11.1415,0.5395,4045.6531,NA
ExperienceX.exe,22676,0x1BBC8041FF0,DXGI,1,0,0,Composed: Flip,4067.4498,NA,20.86630000000000,16.69320000000000,10.67280000000000,60.77980000000000,92.4508,4067.3265,10.7961,0.1233,10.6728,59.4672,1.4359,1.4247,0.0112,4.9802,4067.3265,NA
ExperienceX.exe,22676,0x1BBC8041FF0,DXGI,1,0,0,Composed: Flip,4078.9393,NA,11.48950000000000,16.63990000000000,15.79080000000000,65.91730000000000,97.6012,4078.1226,16.6075,0.8167,15.7908,50.1109,16.6231,3.9092,12.7139,-5.8438,4078.1226,NA
ExperienceX.exe,22676,0x1BBC8041FF0,DXGI,1,0,0,Composed: Flip,4094.8282,NA,15.88890000000000,16.63090000000000,16.81320000000000,71.20990000000000,98.3432,4094.7301,16.9113,0.0981,16.8132,65.3997,5.9083,5.9011,0.0072,-0.0234,4094.7301,NA
ExperienceX.exe,22676,0x1BBC8041FF0,DXGI,1,0,0,Composed: Flip,4112.8910,NA,18.06280000000000,16.71580000000000,15.26570000000000,65.35290000000001,96.9962,4111.6414,16.5153,1.2496,15.2657,54.4025,12.2000,2.1033,10.0967,0.1955,4111.6414,NA
ExperienceX.exe,22676,0x1BBC8041FF0,DXGI,1,0,0,Composed: Flip,4128.2418,NA,15.35080000000000,16.59630000000000,16.60730000000000,66.50510000000000,98.2417,4128.1567,16.6924,0.0851,16.6073,50.5731,16.0171,6.2442,9.7729,-0.0810,4128.1567,NA
ExperienceX.exe,22676,0x1BBC8041FF0,DXGI,1,0,0,Composed: Flip,4145.2334,NA,16.99160000000000,16.87070000000000,20.89020000000000,66.38400000000000,98.1208,4144.8491,21.2745,0.3843,20.8902,49.8998,16.8685,6.0641,10.8044,-0.1783,4144.8491,NA
ExperienceX.exe,22676,0x1BBC8041FF0,DXGI,1,0,0,Composed: Flip,4167.0146,NA,21.78120000000000,16.50650000000000,11.15480000000000,61.15480000000000,92.8461,4166.1236,12.0458,0.8910,11.1548,60.4568,1.5890,1.5806,0.0084,4.7680,4166.1236,NA
ExperienceX.exe,22676,0x1BBC8041FF0,DXGI,1,0,0,Composed: Flip,4179.8765,NA,12.86190000000000,16.69240000000000,14.84060000000000,65.86640000000000,96.6766,4178.1694,16.5477,1.7071,14.8406,50.0042,17.5693,7.3071,10.2622,-4.6466,4178.1694,NA
ExperienceX.exe,22676,0x1BBC8041FF0,DXGI,1,0,0,Composed: Flip,4194.8143,NA,14.93780000000000,16.62950000000000,16.76280000000000,71.03540000000001,98.3683,4194.7171,16.8600,0.0972,16.7628,51.0258,20.1068,5.8247,14.2821,-0.0818,4194.7171,NA
ExperienceX.exe,22676,0x1BBC8041FF0,DXGI,1,0,0,Composed: Flip,4213.0309,NA,18.21660000000000,16.72290000000000,15.14450000000000,64.83580000000001,96.8746,4211.5771,16.5983,1.4538,15.1445,54.2762,12.0134,3.6890,8.3244,0.1371,4211.5771,NA
ExperienceX.exe,22676,0x1BBC8041FF0,DXGI,1,0,0,Composed: Flip,4228.2950,NA,15.26410000000000,16.67470000000000,17.47500000000000,66.52790000000000,98.2852,4228.1754,17.5946,0.1196,17.4750,65.2049,1.4426,1.4364,0.0062,-0.0764,4228.1754,NA
ExperienceX.exe,22676,0x1BBC8041FF0,DXGI,1,0,0,Composed: Flip,4246.7598,NA,18.46480000000000,16.59110000000000,19.12750000000000,64.84140000000001,96.4115,4245.7700,20.1173,0.9898,19.1275,49.0545,16.7767,5.4294,11.3473,1.0035,4245.7700,NA
ExperienceX.exe,22676,0x1BBC8041FF0,DXGI,1,0,0,Composed: Flip,4265.9686,NA,19.20880000000000,16.81260000000000,11.81410000000000,62.30640000000000,94.0153,4265.8873,11.8954,0.0813,11.8141,46.1643,16.2234,1.7308,14.4926,3.3047,4265.8873,NA
ExperienceX.exe,22676,0x1BBC8041FF0,DXGI,1,0,0,Composed: Flip,4278.9211,NA,12.95250000000000,16.63950000000000,15.94740000000000,65.92550000000000,97.7023,4277.7827,17.0858,1.1384,15.9474,50.5011,16.5628,4.1382,12.4246,-4.7441,4277.7827,NA
ExperienceX.exe,22676,0x1BBC8041FF0,DXGI,1,0,0,Composed: Flip,4294.9548,NA,16.03370000000000,16.63450000000000,16.60380000000000,72.92330000000000,98.3031,4294.8685,16.6901,0.0863,16.6038,65.2660,7.7436,7.7299,0.0137,0.4513,4294.8685,NA
ExperienceX.exe,22676,0x1BBC8041FF0,DXGI,1,0,0,Composed: Flip,4313.4481,NA,18.49330000000000,16.65550000000000,14.93590000000000,64.88170000000001,96.4653,4311.5586,16.8254,1.8895,14.9359,56.3258,10.4454,4.5768,5.8686,0.0346,4311.5586,NA
ExperienceX.exe,22676,0x1BBC8041FF0,DXGI,1,0,0,Composed: Flip,4328.6010,NA,15.15290000000000,16.63910000000000,16.19270000000000,66.51750000000000,97.9515,4328.3840,16.4097,0.2170,16.1927,65.0550,1.6795,1.6622,0.0173,0.1863,4328.3840,NA
ExperienceX.exe,22676,0x1BBC8041FF0,DXGI,1,0,0,Composed: Flip,4345.9895,NA,17.38850000000000,16.66040000000000,22.12860000000000,65.56920000000001,97.2234,4344.7937,23.3244,1.1958,22.1286,50.3307,16.4343,6.6244,9.8099,-0.2507,4344.7937,NA
ExperienceX.exe,22676,0x1BBC8041FF0,DXGI,1,0,0,Composed: Flip,4368.2930,NA,22.30350000000000,16.61760000000000,9.99630000000000,59.89720000000001,91.5375,4368.1181,10.1712,0.1749,9.9963,58.5996,1.4725,1.4725,0.0000,6.7068,4368.1181,NA
ExperienceX.exe,22676,0x1BBC8041FF0,DXGI,1,0,0,Composed: Flip,4379.6433,NA,11.35030000000000,16.73360000000000,15.40970000000000,65.37350000000001,96.9208,4378.2893,16.7637,1.3540,15.4097,49.9009,16.8266,6.5463,10.2803,-6.5624,4378.2893,NA
ExperienceX.exe,22676,0x1BBC8041FF0,DXGI,1,0,0,Composed: Flip,4395.2455,NA,15.60220000000000,16.66290000000000,16.26800000000000,72.07600000000001,97.9815,4395.0530,16.4605,0.1925,16.2680,50.3345,21.9340,7.6339,14.3001,0.1008,4395.0530,NA
ExperienceX.exe,22676,0x1BBC8041FF0,DXGI,1,0,0,Composed: Flip,4412.4952,NA,17.24970000000000,16.63890000000000,15.64020000000000,65.57390000000001,97.3707,4411.5135,16.6219,0.9817,15.6402,55.8114,10.7442,4.2755,6.4687,-0.1784,4411.5135,NA
ExperienceX.exe,22676,0x1BBC8041FF0,DXGI,1,0,0,Composed: Flip,4428.2310,NA,15.73580000000000,16.87700000000000,16.73720000000000,67.48040000000000,98.5119,4428.1354,16.8328,0.0956,16.7372,65.2703,2.3057,2.2988,0.0069,-0.2551,4428.1354,NA
ExperienceX.exe,22676,0x1BBC8041FF0,DXGI,1,0,0,Composed: Flip,4446.8060,NA,18.57500000000000,16.42190000000000,20.52140000000000,64.68100000000000,96.3588,4444.9682,22.3592,1.8378,20.5214,50.7455,15.7733,7.0616,8.7117,0.4109,4444.9682,NA
ExperienceX.exe,22676,0x1BBC8041FF0,DXGI,1,0,0,Composed: Flip,4467.9895,NA,21.18350000000000,16.66100000000000,10.02790000000000,60.67610000000001,91.8363,4467.3274,10.6900,0.6621,10.0279,59.6705,1.6677,1.6677,0.0000,5.6982,4467.3274,NA
ExperienceX.exe,22676,0x1BBC8041FF0,DXGI,1,0,0,Composed: Flip,4479.2811,NA,11.29160000000000,16.82700000000000,16.39730000000000,65.49870000000000,97.3717,4478.0174,17.6610,1.2637,16.3973,50.6482,16.1142,5.9543,10.1599,-6.1370,4478.0174,NA
ExperienceX.exe,22676,0x1BBC8041FF0,DXGI,1,0,0,Composed: Flip,4495.7849,NA,16.50380000000000,16.50960000000000,15.67800000000000,65.81760000000000,97.3775,4495.6784,15.7845,0.1065,15.6780,64.3631,1.5610,1.5519,0.0091,1.1514,4495.6784,NA
ExperienceX.exe,22676,0x1BBC8041FF0,DXGI,1,0,0,Composed: Flip,4512.9627,NA,17.17780000000000,17.14210000000000,16.39780000000000,66.89320000000001,97.3418,4511.4629,17.8976,1.4998,16.3978,50.1417,18.2513,6.8663,11.3850,-1.3576,4511.4629,NA
ExperienceX.exe,22676,0x1BBC8041FF0,DXGI,1,0,0,Composed: Flip,4529.4991,NA,16.53640000000000,16.21420000000000,15.28550000000000,65.32360000000000,97.0196,4529.3605,15.4241,0.1386,15.2855,51.0173,14.4449,1.7178,12.7271,1.6834,4529.3605,NA
ExperienceX.exe,22676,0x1BBC8041FF0,DXGI,1,0,0,Composed: Flip,4545.8633,NA,16.36420000000000,16.75240000000000,15.87430000000000,66.16810000000001,97.4078,4544.7846,16.9530,1.0787,15.8743,50.0433,17.2035,6.3059,10.8976,-1.3283,4544.7846,NA
ExperienceX.exe,22676,0x1BBC8041FF0,DXGI,1,0,0,Composed: Flip,4561.8242,NA,15.96090000000000,16.65330000000000,18.10570000000000,66.36870000000000,98.1002,4561.7376,18.1923,0.0866,18.1057,64.9766,1.4787,1.4700,0.0087,0.2997,4561.7376,NA
ExperienceX.exe,22676,0x1BBC8041FF0,DXGI,1,0,0,Composed: Flip,4581.6085,NA,19.78430000000000,16.58620000000000,13.20950000000000,63.38190000000000,94.9021,4579.9299,14.8881,1.6786,13.2095,48.2669,16.7936,6.3965,10.3971,1.6061,4579.9299,NA
ExperienceX.exe,22676,0x1BBC8041FF0,DXGI,1,0,0,Composed: Flip,4594.8966,NA,13.28810000000000,16.70110000000000,17.05530000000000,66.96450000000000,98.3151,4594.8180,17.1339,0.0786,17.0553,65.3126,1.7305,1.7305,0.0000,-1.8130,4594.8180,NA
ExperienceX.exe,22676,0x1BBC8041FF0,DXGI,1,0,0,Composed: Flip,4613.0781,NA,18.18150000000000,16.63100000000000,15.12980000000000,65.03040000000000,96.7646,4611.9519,16.2560,1.1262,15.1298,49.9092,16.2474,6.4173,9.8301,0.5029,4611.9519,NA
ExperienceX.exe,22676,0x1BBC8041FF0,DXGI,1,0,0,Composed: Flip,4628.3374,NA,15.25930000000000,16.74730000000000,16.60830000000000,66.67840000000000,98.2526,4628.2079,16.7378,0.1295,16.6083,65.1722,1.6357,1.6357,0.0000,-0.4913,4628.2079,NA
ExperienceX.exe,22676,0x1BBC8041FF0,DXGI,1,0,0,Composed: Flip,4645.9611,NA,17.62370000000000,16.61930000000000,15.88220000000000,65.15480000000001,97.2482,4644.9457,16.8976,1.0154,15.8822,50.0701,16.1001,8.0626,8.0375,0.1185,4644.9457,NA
ExperienceX.exe,22676,0x1BBC8041FF0,DXGI,1,0,0,Composed: Flip,4661.9842,NA,16.02310000000000,16.61970000000000,16.10690000000000,66.33570000000000,97.8448,4661.8433,16.2478,0.1409,16.1069,49.5622,16.9144,1.6379,15.2765,0.2779,4661.8433,NA
ExperienceX.exe,22676,0x1BBC8041FF0,DXGI,1,0,0,Composed: Flip,4679.2679,NA,17.28370000000000,16.75540000000000,16.35250000000000,65.52260000000000,97.3165,4678.0911,17.5293,1.1768,16.3525,50.2326,16.4668,4.9368,11.5300,-0.5076,4678.0911,NA
ExperienceX.exe,22676,0x1BBC8041FF0,DXGI,1,0,0,Composed: Flip,4695.7092,NA,16.44130000000000,16.66810000000000,15.37750000000000,65.87690000000001,97.5433,4695.6204,15.4663,0.0888,15.3775,64.3861,1.5796,1.5740,0.0056,0.8612,4695.6204,NA
ExperienceX.exe,22676,0x1BBC8041FF0,DXGI,1,0,0,Composed: Flip,4712.5642,NA,16.85500000000000,16.68070000000000,15.77820000000000,65.65570000000001,97.3690,4711.0867,17.2557,1.4775,15.7782,50.5039,16.6293,6.7147,9.9146,-1.2144,4711.0867,NA
ExperienceX.exe,22676,0x1BBC8041FF0,DXGI,1,0,0,Composed: Flip,4728.4916,NA,15.92740000000000,16.63930000000000,16.28350000000000,66.46100000000000,98.0809,4728.3424,16.4327,0.1492,16.2835,65.1146,1.4956,1.4772,0.0184,0.6164,4728.3424,NA
ExperienceX.exe,22676,0x1BBC8041FF0,DXGI,1,0,0,Composed: Flip,4745.3028,NA,16.81120000000000,16.61040000000000,16.31770000000000,66.31800000000000,97.8801,4744.7751,16.8454,0.5277,16.3177,50.1834,16.6623,4.0248,12.6375,-0.1777,4744.7751,NA
ExperienceX.exe,22676,0x1BBC8041FF0,DXGI,1,0,0,Composed: Flip,4762.6530,NA,17.35020000000000,16.66790000000000,15.54260000000000,65.67550000000000,97.1978,4761.6205,16.5751,1.0325,15.5426,65.1931,1.5149,1.4934,0.0215,0.1775,4761.6205,NA
ExperienceX.exe,22676,0x1BBC8041FF0,DXGI,1,0,0,Composed: Flip,4779.6369,NA,16.98390000000000,16.89350000000000,15.26990000000000,65.29880000000000,97.1074,4778.1956,16.7112,1.4413,15.2699,50.1378,16.6023,3.9710,12.6313,-0.3184,4778.1956,NA
ExperienceX.exe,22676,0x1BBC8041FF0,DXGI,1,0,0,Composed: Flip,4795.0853,NA,15.44840000000000,16.55270000000000,16.48660000000000,66.77510000000001,98.2117,4794.9068,16.6651,0.1785,16.4866,50.5508,16.4028,2.0080,14.3948,0.1585,4794.9068,NA
ExperienceX.exe,22676,0x1BBC8041FF0,DXGI,1,0,0,Composed: Flip,4813.9447,NA,18.85940000000000,16.66290000000000,14.35120000000000,64.53840000000001,96.0152,4811.5719,16.7240,2.3728,14.3512,50.2919,16.6193,6.4167,10.2026,0.0022,4811.5719,NA
ExperienceX.exe,22676,0x1BBC8041FF0,DXGI,1,0,0,Composed: Flip,4828.4926,NA,14.54790000000000,16.59060000000000,16.48150000000000,66.54290000000000,98.0579,4828.2959,16.6782,0.1967,16.4815,65.3111,1.4285,1.4145,0.0140,0.1334,4828.2959,NA
ExperienceX.exe,22676,0x1BBC8041FF0,DXGI,1,0,0,Composed: Flip,4846.4133,NA,17.92070000000000,16.71640000000000,15.41910000000000,65.31430000000000,96.8536,4844.9741,16.8583,1.4392,15.4191,50.0668,16.6867,3.9116,12.7751,-0.0382,4844.9741,NA
ExperienceX.exe,22676,0x1BBC8041FF0,DXGI,1,0,0,Composed: Flip,4861.9305,NA,15.51720000000000,16.68050000000000,16.51500000000000,66.32040000000001,98.0169,4861.8324,16.6131,0.0981,16.5150,64.8859,1.5326,1.5210,0.0116,0.1778,4861.8324,NA
ExperienceX.exe,22676,0x1BBC8041FF0,DXGI,1,0,0,Composed: Flip,4881.0861,NA,19.15560000000000,16.62030000000000,13.86980000000000,64.83120000000001,95.4816,4878.4455,16.5104,2.6406,13.8698,49.8083,17.6635,6.2994,11.3641,-0.0072,4878.4455,NA
ExperienceX.exe,22676,0x1BBC8041FF0,DXGI,1,0,0,Composed: Flip,4895.0846,NA,13.99850000000000,16.82790000000000,16.54750000000000,67.19760000000001,98.3110,4894.9559,16.6762,0.1287,16.5475,65.2100,2.1163,2.0937,0.0226,-0.3175,4894.9559,NA
ExperienceX.exe,22676,0x1BBC8041FF0,DXGI,1,0,0,Composed: Flip,4913.3907,NA,18.30610000000000,16.60230000000000,15.05390000000000,64.83310000000000,96.6072,4911.6321,16.8125,1.7586,15.0539,50.6569,15.9348,5.1602,10.7746,0.0739,4911.6321,NA
ExperienceX.exe,22676,0x1BBC8041FF0,DXGI,1,0,0,Composed: Flip,4928.6243,NA,15.23360000000000,16.61080000000000,17.20830000000000,66.47770000000000,97.9844,4928.4446,17.3880,0.1797,17.2083,49.7792,16.8782,2.0767,14.8015,0.2017,4928.4446,NA
ExperienceX.exe,22676,0x1BBC8041FF0,DXGI,1,0,0,Composed: Flip,4947.4913,NA,18.86700000000000,16.58290000000000,14.67990000000000,64.15190000000000,95.7003,4945.8326,16.3386,1.6587,14.6799,49.2737,16.5369,3.9461,12.5908,0.8051,4945.8326,NA
ExperienceX.exe,22676,0x1BBC8041FF0,DXGI,1,0,0,Composed: Flip,4962.5016,NA,15.01030000000000,16.70350000000000,16.25470000000000,65.76750000000000,97.3935,4962.1712,16.5851,0.3304,16.2547,64.5967,1.5012,1.4804,0.0208,-0.3649,4962.1712,NA
ExperienceX.exe,22676,0x1BBC8041FF0,DXGI,1,0,0,Composed: Flip,4980.2295,NA,17.72790000000000,16.60980000000000,14.76190000000000,64.69010000000000,96.2754,4978.7563,16.2351,1.4732,14.7619,49.5182,16.6451,5.7488,10.8963,-0.0247,4978.7563,NA
ExperienceX.exe,22676,0x1BBC8041FF0,DXGI,1,0,0,Composed: Flip,4995.1104,NA,14.88090000000000,16.81430000000000,16.59160000000000,68.35940000000001,98.2088,4994.9914,16.7106,0.1190,16.5916,65.0979,3.3805,3.3805,0.0000,-0.5792,4994.9914,NA
ExperienceX.exe,22676,0x1BBC8041FF0,DXGI,1,0,0,Composed: Flip,5013.2798,NA,18.16940000000000,16.50950000000000,15.00860000000000,64.93760000000000,96.5489,5011.7020,16.5864,1.5778,15.0086,51.7678,14.7476,6.0857,8.6619,0.2011,5011.7020,NA
ExperienceX.exe,22676,0x1BBC8041FF0,DXGI,1,0,0,Composed: Flip,5029.9992,NA,16.71940000000000,16.75250000000000,14.87510000000000,64.89360000000001,96.5820,5028.2884,16.5859,1.7108,14.8751,65.2046,1.3998,1.3854,0.0144,-0.1661,5028.2884,NA
ExperienceX.exe,22676,0x1BBC8041FF0,DXGI,1,0,0,Composed: Flip,5046.5541,NA,16.55490000000000,16.66060000000000,19.30920000000000,64.92750000000001,96.6877,5044.8743,20.9890,1.6798,19.3092,50.0230,16.5843,5.4098,11.1745,-0.0747,5044.8743,NA
ExperienceX.exe,22676,0x1BBC8041FF0,DXGI,1,0,0,Composed: Flip,5065.9387,NA,19.38460000000000,16.62440000000000,12.25820000000000,62.50270000000000,93.9275,5065.8633,12.3336,0.0754,12.2582,45.8525,16.7256,1.7405,14.9851,4.3646,5065.8633,NA
ExperienceX.exe,22676,0x1BBC8041FF0,DXGI,1,0,0,Composed: Flip,5079.0872,NA,13.14850000000000,16.62330000000000,15.71380000000000,65.72000000000000,97.4023,5078.1969,16.6041,0.8903,15.7138,50.2445,16.3658,6.0570,10.3088,-4.2897,5078.1969,NA
ExperienceX.exe,22676,0x1BBC8041FF0,DXGI,1,0,0,Composed: Flip,5094.8842,NA,15.79700000000000,16.71470000000000,16.60760000000000,71.61710000000001,98.3200,5094.8010,16.6908,0.0832,16.6076,65.2424,6.4579,6.4542,0.0037,-0.1106,5094.8010,NA
ExperienceX.exe,22676,0x1BBC8041FF0,DXGI,1,0,0,Composed: Flip,5112.2676,NA,17.38340000000000,16.72390000000000,16.62150000000000,65.91900000000000,97.6605,5111.4918,17.3973,0.7758,16.6215,55.0137,11.6811,4.6203,7.0608,-0.0331,5111.4918,NA
ExperienceX.exe,22676,0x1BBC8041FF0,DXGI,1,0,0,Composed: Flip,5128.9598,NA,16.69220000000000,16.72140000000000,15.82300000000000,66.78380000000000,97.6897,5128.8891,15.8937,0.0707,15.8230,64.5341,2.3204,2.3132,0.0072,0.6759,5128.8891,NA
ExperienceX.exe,22676,0x1BBC8041FF0,DXGI,1,0,0,Composed: Flip,5145.8985,NA,16.93870000000000,16.63020000000000,20.61050000000000,65.77310000000000,97.3812,5144.7828,21.7262,1.1157,20.6105,50.9638,15.9250,6.0070,9.9180,-0.7365,5144.7828,NA
ExperienceX.exe,22676,0x1BBC8041FF0,DXGI,1,0,0,Composed: Flip,5166.6686,NA,20.77010000000000,16.56620000000000,11.50750000000000,61.61390000000000,93.1773,5166.5090,11.6671,0.1596,11.5075,60.3343,1.4392,1.4302,0.0090,5.1600,5166.5090,NA
ExperienceX.exe,22676,0x1BBC8041FF0,DXGI,1,0,0,Composed: Flip,5179.2454,NA,12.57680000000000,16.69680000000000,16.45520000000000,65.69600000000000,97.2973,5178.1761,17.5245,1.0693,16.4552,50.1111,16.6542,5.6354,11.0188,-5.0297,5178.1761,NA
ExperienceX.exe,22676,0x1BBC8041FF0,DXGI,1,0,0,Composed: Flip,5195.8212,NA,16.57580000000000,16.69430000000000,15.78230000000000,71.85980000000001,97.4158,5195.7006,15.9029,0.1206,15.7823,49.7088,22.2716,7.9064,14.3652,0.8302,5195.7006,NA
ExperienceX.exe,22676,0x1BBC8041FF0,DXGI,1,0,0,Composed: Flip,5212.8934,NA,17.07220000000000,16.68080000000000,15.47170000000000,65.03240000000001,97.0244,5211.6035,16.7616,1.2899,15.4717,56.0805,10.2418,3.5379,6.7039,-0.7779,5211.6035,NA
ExperienceX.exe,22676,0x1BBC8041FF0,DXGI,1,0,0,Composed: Flip,5228.5968,NA,15.70340000000000,16.82250000000000,16.30030000000000,66.32070000000000,98.1435,5228.3651,16.5320,0.2317,16.3003,65.1430,1.4094,1.3946,0.0148,-0.0609,5228.3651,NA
ExperienceX.exe,22676,0x1BBC8041FF0,DXGI,1,0,0,Composed: Flip,5246.3690,NA,17.77220000000000,16.67400000000000,21.37010000000000,65.27790000000000,97.0453,5244.8971,22.8420,1.4719,21.3701,50.0259,16.7239,4.1450,12.5789,-0.1420,5244.8971,NA
ExperienceX.exe,22676,0x1BBC8041FF0,DXGI,1,0,0,Composed: Flip,5267.8210,NA,21.45200000000000,16.49820000000000,10.05970000000000,60.48230000000000,92.0915,5267.7391,10.1416,0.0819,10.0597,59.1446,1.4196,1.4085,0.0111,6.3438,5267.7391,NA
ExperienceX.exe,22676,0x1BBC8041FF0,DXGI,1,0,0,Composed: Flip,5279.7888,NA,11.96780000000000,16.69430000000000,15.15010000000000,65.43180000000001,96.8180,5277.8807,17.0582,1.9081,15.1501,50.4244,16.9155,4.0383,12.8772,-6.5527,5277.8807,NA
ExperienceX.exe,22676,0x1BBC8041FF0,DXGI,1,0,0,Composed: Flip,5295.1216,NA,15.33280000000000,16.58410000000000,16.47300000000000,68.45530000000001,98.0693,5294.9389,16.6557,0.1827,16.4730,65.2098,3.4282,3.4204,0.0078,0.4741,5294.9389,NA
ExperienceX.exe,22676,0x1BBC8041FF0,DXGI,1,0,0,Composed: Flip,5313.3613,NA,18.23970000000000,16.73520000000000,15.20400000000000,64.98120000000000,96.5648,5311.5946,16.9707,1.7667,15.2040,51.9857,14.7622,6.4622,8.3000,-0.0795,5311.5946,NA
ExperienceX.exe,22676,0x1BBC8041FF0,DXGI,1,0,0,Composed: Flip,5328.8209,NA,15.45960000000000,16.64440000000000,16.32120000000000,66.07790000000000,97.7496,5328.5653,16.5768,0.2556,16.3212,50.2631,16.0704,1.7304,14.3400,0.3263,5328.5653,NA
ExperienceX.exe,22676,0x1BBC8041FF0,DXGI,1,0,0,Composed: Flip,5347.1107,NA,18.28980000000000,16.73160000000000,16.37100000000000,65.09690000000001,96.1914,5345.1421,18.3396,1.9686,16.3710,49.7586,17.3069,7.1101,10.1968,-0.1548,5345.1421,NA
ExperienceX.exe,22676,0x1BBC8041FF0,DXGI,1,0,0,Composed: Flip,5363.6255,NA,16.51480000000000,16.62590000000000,14.63910000000000,64.42510000000000,96.3025,5363.4817,14.7829,0.1438,14.6391,63.2423,1.3266,1.3147,0.0119,1.7137,5363.4817,NA
ExperienceX.exe,22676,0x1BBC8041FF0,DXGI,1,0,0,Composed: Flip,5380.0119,NA,16.38640000000000,16.57060000000000,14.83310000000000,64.91080000000001,96.4867,5378.2646,16.5804,1.7473,14.8331,49.7910,16.8671,6.6276,10.2395,-1.7877,5378.2646,NA
ExperienceX.exe,22676,0x1BBC8041FF0,DXGI,1,0,0,Composed: Flip,5394.9347,NA,14.92280000000000,16.77860000000000,17.34500000000000,68.88970000000000,98.3425,5394.8450,17.4347,0.0897,17.3450,50.0777,18.9017,4.0212,14.8805,-0.1982,5394.8450,NA
ExperienceX.exe,22676,0x1BBC8041FF0,DXGI,1,0,0,Composed: Flip,5413.5430,NA,18.60830000000000,16.67790000000000,14.45430000000000,64.65580000000000,96.4121,5412.2797,15.7176,1.2633,14.4543,51.5523,14.3668,6.4878,7.8790,0.7568,5412.2797,NA
ExperienceX.exe,22676,0x1BBC8041FF0,DXGI,1,0,0,Composed: Flip,5428.0839,NA,14.54090000000000,16.78350000000000,17.37140000000000,67.01160000000000,98.6547,5427.9973,17.4580,0.0866,17.3714,65.5459,1.5523,1.5378,0.0145,-1.0659,5427.9973,NA
ExperienceX.exe,22676,0x1BBC8041FF0,DXGI,1,0,0,Composed: Flip,5446.6907,NA,18.60680000000000,16.54950000000000,16.83220000000000,64.95060000000001,96.5974,5445.4553,18.0676,1.2354,16.8322,49.6452,16.5408,4.0097,12.5311,0.9085,5445.4553,NA
ExperienceX.exe,22676,0x1BBC8041FF0,DXGI,1,0,0,Composed: Flip,5463.7117,NA,17.02100000000000,16.79660000000000,14.49040000000000,64.62190000000000,96.3730,5463.5229,14.6792,0.1888,14.4904,48.4317,16.3790,1.3979,14.9811,1.2710,5463.5229,NA
ExperienceX.exe,22676,0x1BBC8041FF0,DXGI,1,0,0,Composed: Flip,5479.7179,NA,16.00620000000000,16.44100000000000,15.26740000000000,65.22470000000000,96.8078,5478.2021,16.7832,1.5158,15.2674,50.1395,16.6010,3.9197,12.6813,-1.7618,5478.2021,NA
ExperienceX.exe,22676,0x1BBC8041FF0,DXGI,1,0,0,Composed: Flip,5495.1408,NA,15.42290000000000,16.66910000000000,16.45960000000000,68.34210000000000,98.0540,5494.9853,16.6151,0.1555,16.4596,65.3880,3.1096,3.1096,0.0000,0.1141,5494.9853,NA
ExperienceX.exe,22676,0x1BBC8041FF0,DXGI,1,0,0,Composed: Flip,5512.7320,NA,17.59120000000000,16.61860000000000,15.76920000000000,70.83350000000000,97.0814,5511.6004,16.9008,1.1316,15.7692,51.8825,20.0826,11.8858,8.1968,-0.0035,5511.6004,NA
ExperienceX.exe,22676,0x1BBC8041FF0,DXGI,1,0,0,Composed: Flip,5528.7206,NA,15.98860000000000,16.76710000000000,16.19890000000000,66.79910000000001,97.8599,5528.5012,16.4183,0.2194,16.1989,64.8907,2.1278,2.1231,0.0047,0.1337,5528.5012,NA
ExperienceX.exe,22676,0x1BBC8041FF0,DXGI,1,0,0,Composed: Flip,5545.8901,NA,17.16950000000000,16.71610000000000,17.53990000000000,65.36250000000000,97.4065,5544.9195,18.5105,0.9706,17.5399,50.6033,15.7298,6.1259,9.6039,-0.2978,5544.9195,NA
ExperienceX.exe,22676,0x1BBC8041FF0,DXGI,1,0,0,Composed: Flip,5563.6814,NA,17.79130000000000,16.52880000000000,19.91650000000000,64.67420000000000,96.1440,5563.4300,20.1679,0.2514,19.9165,63.4294,1.4962,1.4816,0.0146,1.9817,5563.4300,NA
ExperienceX.exe,22676,0x1BBC8041FF0,DXGI,1,0,0,Composed: Flip,5584.1853,NA,20.50390000000000,16.64010000000000,11.49400000000000,60.60870000000001,92.2802,5583.5979,12.0814,0.5874,11.4940,44.7628,16.4333,3.7169,12.7164,3.5278,5583.5979,NA
ExperienceX.exe,22676,0x1BBC8041FF0,DXGI,1,0,0,Composed: Flip,5595.7682,NA,11.58290000000000,16.73290000000000,15.56270000000000,66.08280000000001,97.4302,5595.6793,15.6516,0.0889,15.5627,49.1147,17.0570,2.6988,14.3582,-4.6515,5595.6793,NA
ExperienceX.exe,22676,0x1BBC8041FF0,DXGI,1,0,0,Composed: Flip,5612.3376,NA,16.56940000000000,16.69440000000000,15.94200000000000,65.82800000000000,97.5552,5611.3309,16.9487,1.0067,15.9420,50.5228,16.3119,6.5782,9.7337,-1.0428,5611.3309,NA
ExperienceX.exe,22676,0x1BBC8041FF0,DXGI,1,0,0,Composed: Flip,5628.4632,NA,16.12560000000000,16.69450000000000,17.04830000000000,66.52430000000000,98.1241,5628.2796,17.2319,0.1836,17.0483,65.1347,1.5732,1.5598,0.0134,0.2542,5628.2796,NA
ExperienceX.exe,22676,0x1BBC8041FF0,DXGI,1,0,0,Composed: Flip,5646.4394,NA,17.97620000000000,16.62160000000000,15.39360000000000,65.19890000000001,96.7695,5645.5115,16.3215,0.9279,15.3936,49.4832,16.6436,4.6177,12.0259,0.6103,5645.5115,NA
ExperienceX.exe,22676,0x1BBC8041FF0,DXGI,1,0,0,Composed: Flip,5661.9082,NA,15.46880000000000,16.68200000000000,16.25570000000000,66.41810000000001,97.9827,5661.8330,16.3309,0.0752,16.2557,65.0619,1.4314,1.4103,0.0211,-0.3605,5661.8330,NA
ExperienceX.exe,22676,0x1BBC8041FF0,DXGI,1,0,0,Composed: Flip,5679.1222,NA,17.21400000000000,16.66170000000000,15.87540000000000,65.62050000000001,97.4304,5678.1639,16.8337,0.9583,15.8754,50.1675,16.4113,3.8782,12.5331,-0.3308,5678.1639,NA
ExperienceX.exe,22676,0x1BBC8041FF0,DXGI,1,0,0,Composed: Flip,5695.1429,NA,16.02070000000000,16.63620000000000,16.40440000000000,68.29050000000001,98.0459,5694.9976,16.5497,0.1453,16.4044,65.0910,3.3448,3.3292,0.0156,0.1975,5694.9976,NA
ExperienceX.exe,22676,0x1BBC8041FF0,DXGI,1,0,0,Composed: Flip,5713.1629,NA,18.02000000000000,16.81760000000000,15.10320000000000,65.19510000000000,96.8435,5711.5473,16.7188,1.6156,15.1032,51.8917,14.9190,6.6850,8.2340,-0.2679,5711.5473,NA
ExperienceX.exe,22676,0x1BBC8041FF0,DXGI,1,0,0,Composed: Flip,5728.4419,NA,15.27900000000000,16.58380000000000,16.31220000000000,66.41620000000000,98.1483,5728.2661,16.4880,0.1758,16.3122,50.6322,15.9598,1.6835,14.2763,0.1350,5728.2661,NA
ExperienceX.exe,22676,0x1BBC8041FF0,DXGI,1,0,0,Composed: Flip,5746.0306,NA,17.58870000000000,16.77360000000000,17.31060000000000,65.76960000000000,97.3332,5744.7541,18.5871,1.2765,17.3106,50.1088,16.9373,6.4778,10.4595,-0.2856,5744.7541,NA
ExperienceX.exe,22676,0x1BBC8041FF0,DXGI,1,0,0,Composed: Flip,5763.4431,NA,17.41250000000000,16.70360000000000,14.79510000000000,64.62530000000001,96.6243,5763.3412,14.8970,0.1019,14.7951,63.4830,1.2442,1.2272,0.0170,1.8835,5763.3412,NA
ExperienceX.exe,22676,0x1BBC8041FF0,DXGI,1,0,0,Composed: Flip,5780.3220,NA,16.87890000000000,16.43140000000000,14.51360000000000,64.80310000000000,96.1768,5778.2382,16.5974,2.0838,14.5136,49.8327,17.0542,4.4867,12.5675,-1.5344,5778.2382,NA
ExperienceX.exe,22676,0x1BBC8041FF0,DXGI,1,0,0,Composed: Flip,5794.9303,NA,14.60830000000000,16.63890000000000,16.75900000000000,71.78460000000000,98.2074,5794.8356,16.8537,0.0947,16.7590,65.5155,6.3638,6.3614,0.0024,-0.0415,5794.8356,NA
ExperienceX.exe,22676,0x1BBC8041FF0,DXGI,1,0,0,Composed: Flip,5813.1464,NA,18.21610000000000,16.73420000000000,15.10400000000000,65.04030000000000,96.7255,5811.6893,16.5611,1.4571,15.1040,55.0309,11.4665,4.5866,6.8799,0.1195,5811.6893,NA
ExperienceX.exe,22676,0x1BBC8041FF0,DXGI,1,0,0,Composed: Flip,5828.7261,NA,15.57970000000000,16.70920000000000,16.32540000000000,66.07570000000000,97.8550,5828.2504,16.8011,0.4757,16.3254,65.0024,1.5490,1.5448,0.0042,-0.1481,5828.2504,NA
ExperienceX.exe,22676,0x1BBC8041FF0,DXGI,1,0,0,Composed: Flip,5846.5299,NA,17.80380000000000,16.65620000000000,20.30330000000000,65.24540000000000,96.7074,5845.0515,21.7817,1.4784,20.3033,49.7536,16.9702,6.8908,10.0794,0.1449,5845.0515,NA
ExperienceX.exe,22676,0x1BBC8041FF0,DXGI,1,0,0,Composed: Flip,5866.9924,NA,20.46250000000000,16.80850000000000,11.10510000000000,61.35470000000000,93.0534,5866.8332,11.2643,0.1592,11.1051,45.4107,16.1032,1.6255,14.4777,4.9732,5866.8332,NA
ExperienceX.exe,22676,0x1BBC8041FF0,DXGI,1,0,0,Composed: Flip,5879.1494,NA,12.15700000000000,16.59280000000000,15.65930000000000,65.70190000000001,97.4892,5878.0975,16.7112,1.0519,15.6593,50.2558,16.4980,3.8695,12.6285,-5.3285,5878.0975,NA
ExperienceX.exe,22676,0x1BBC8041FF0,DXGI,1,0,0,Composed: Flip,5894.9172,NA,15.76780000000000,16.58110000000000,16.72120000000000,68.40360000000000,98.3025,5894.8087,16.8297,0.1085,16.7212,65.5133,2.9988,2.9845,0.0143,0.1301,5894.8087,NA
ExperienceX.exe,22676,0x1BBC8041FF0,DXGI,1,0,0,Composed: Flip,5913.2243,NA,18.30710000000000,16.80540000000000,15.07590000000000,65.08560000000000,96.8008,5911.6384,16.6618,1.5859,15.0759,51.6884,14.9831,6.6622,8.3209,0.0243,5911.6384,NA
ExperienceX.exe,22676,0x1BBC8041FF0,DXGI,1,0,0,Composed: Flip,5928.4716,NA,15.24730000000000,16.69710000000000,16.34760000000000,66.38080000000001,98.2506,5928.3002,16.5190,0.1714,16.3476,65.0865,1.4657,1.4577,0.0080,-0.0353,5928.3002,NA
ExperienceX.exe,22676,0x1BBC8041FF0,DXGI,1,0,0,Composed: Flip,5946.0796,NA,17.60800000000000,16.60270000000000,17.11610000000000,65.68410000000000,97.2453,5944.8192,18.3765,1.2604,17.1161,50.0356,16.9089,3.8604,13.0485,-0.0837,5944.8192,NA
ExperienceX.exe,22676,0x1BBC8041FF0,DXGI,1,0,0,Composed: Flip,5963.3212,NA,17.24160000000000,16.56590000000000,14.97160000000000,64.99340000000001,96.5696,5963.1957,15.0971,0.1255,14.9716,63.7635,1.3554,1.3364,0.0190,1.8106,5963.1957,NA
ExperienceX.exe,22676,0x1BBC8041FF0,DXGI,1,0,0,Composed: Flip,5980.0369,NA,16.71570000000000,16.62640000000000,14.81640000000000,65.16960000000000,96.4803,5978.2928,16.5605,1.7441,14.8164,50.0266,16.8871,5.8617,11.0254,-1.5293,5978.2928,NA
ExperienceX.exe,22676,0x1BBC8041FF0,DXGI,1,0,0,Composed: Flip,5994.9914,NA,14.95450000000000,16.73240000000000,16.84310000000000,71.60150000000000,98.2582,5994.8533,16.9812,0.1381,16.8431,50.6907,21.0489,6.7335,14.3154,-0.1719,5994.8533,NA
ExperienceX.exe,22676,0x1BBC8041FF0,DXGI,1,0,0,Composed: Flip,6014.0882,NA,19.09680000000000,16.59390000000000,14.11340000000000,64.13020000000000,95.7553,6011.8345,16.3671,2.2537,14.1134,54.7626,11.6213,3.9070,7.7143,0.3873,6011.8345,NA
ExperienceX.exe,22676,0x1BBC8041FF0,DXGI,1,0,0,Composed: Flip,6028.3517,NA,14.26350000000000,16.87870000000000,16.79490000000000,66.50450000000001,98.3705,6028.2016,16.9450,0.1501,16.7949,65.2483,1.4063,1.3957,0.0106,-0.5116,6028.2016,NA
ExperienceX.exe,22676,0x1BBC8041FF0,DXGI,1,0,0,Composed: Flip,6046.2432,NA,17.89150000000000,16.48500000000000,20.35080000000000,65.29360000000000,96.9640,6045.1466,21.4474,1.0966,20.3508,49.7141,16.6761,5.6984,10.9777,0.4600,6045.1466,NA
ExperienceX.exe,22676,0x1BBC8041FF0,DXGI,1,0,0,Composed: Flip,6066.7282,NA,20.48500000000000,16.77680000000000,11.48030000000000,61.82740000000000,93.2558,6066.5940,11.6145,0.1342,11.4803,60.3920,1.5696,1.5696,0.0000,4.6706,6066.5940,NA
ExperienceX.exe,22676,0x1BBC8041FF0,DXGI,1,0,0,Composed: Flip,6078.9749,NA,12.24670000000000,16.71200000000000,15.82760000000000,65.93320000000000,97.7211,6078.2085,16.5940,0.7664,15.8276,50.3471,16.3525,5.3338,11.0187,-5.0975,6078.2085,NA
ExperienceX.exe,22676,0x1BBC8041FF0,DXGI,1,0,0,Composed: Flip,6095.6722,NA,16.69730000000000,16.57770000000000,15.83870000000000,67.74440000000000,97.6015,6094.8025,16.7084,0.8697,15.8387,65.4503,3.1638,3.1429,0.0209,0.0163,6094.8025,NA
ExperienceX.exe,22676,0x1BBC8041FF0,DXGI,1,0,0,Composed: Flip,6112.2594,NA,16.58720000000000,16.82110000000000,16.08350000000000,66.47380000000000,97.8354,6111.5109,16.8320,0.7485,16.0835,51.9134,15.3089,6.1979,9.1110,-0.1127,6111.5109,NA
ExperienceX.exe,22676,0x1BBC8041FF0,DXGI,1,0,0,Composed: Flip,6129.2153,NA,16.95590000000000,16.79780000000000,15.62410000000000,65.78880000000001,97.6773,6128.3429,16.4965,0.8724,15.6241,51.1558,15.5054,1.6758,13.8296,0.0342,6128.3429,NA
ExperienceX.exe,22676,0x1BBC8041FF0,DXGI,1,0,0,Composed: Flip,6145.8468,NA,16.63150000000000,16.70390000000000,17.36040000000000,66.15580000000000,97.7497,6144.8394,18.3678,1.0074,17.3604,50.1700,16.9932,3.8622,13.1310,-0.2074,6144.8394,NA
ExperienceX.exe,22676,0x1BBC8041FF0,DXGI,1,0,0,Composed: Flip,6163.3882,NA,17.54140000000000,16.36280000000000,15.56430000000000,65.69100000000000,96.5711,6163.2072,15.7453,0.1810,15.5643,64.3312,1.5408,1.4791,0.0617,2.0050,6163.2072,NA
ExperienceX.exe,22676,0x1BBC8041FF0,DXGI,1,0,0,Composed: Flip,6180.2757,NA,16.88750000000000,16.62540000000000,14.63360000000000,65.49620000000000,96.3090,6178.9525,15.9568,1.3232,14.6336,50.1399,16.6795,4.5106,12.1689,-0.8801,6178.9525,NA
ExperienceX.exe,22676,0x1BBC8041FF0,DXGI,1,0,0,Composed: Flip,6196.0858,NA,15.81010000000000,16.64430000000000,15.81870000000000,67.00000000000000,97.1432,6194.9093,16.9952,1.1765,15.8187,65.3430,2.8335,2.8335,0.0000,-0.6875,6194.9093,NA
ExperienceX.exe,22676,0x1BBC8041FF0,DXGI,1,0,0,Composed: Flip,6214.3167,NA,18.23090000000000,16.59870000000000,14.51790000000000,63.86690000000000,95.5110,6211.9045,16.9301,2.4122,14.5179,51.1813,15.0978,6.6012,8.4966,0.3965,6211.9045,NA
ExperienceX.exe,22676,0x1BBC8041FF0,DXGI,1,0,0,Composed: Flip,6231.4765,NA,17.15980000000000,16.68010000000000,14.18050000000000,63.30380000000000,95.0313,6228.8346,16.8224,2.6419,14.1805,49.3490,16.5967,2.0045,14.5922,0.2500,6228.8346,NA
ExperienceX.exe,22676,0x1BBC8041FF0,DXGI,1,0,0,Composed: Flip,6248.3097,NA,16.83320000000000,16.65260000000000,14.66950000000000,63.22270000000000,94.8507,6245.6570,17.3222,2.6527,14.6695,49.1252,16.7502,5.4030,11.3472,0.1698,6245.6570,NA
ExperienceX.exe,22676,0x1BBC8041FF0,DXGI,1,0,0,Composed: Flip,6263.1189,NA,14.80920000000000,16.65660000000000,15.74910000000000,65.21200000000000,96.6981,6262.9792,15.8888,0.1397,15.7491,48.8970,16.4547,1.7344,14.7203,0.6656,6262.9792,NA
ExperienceX.exe,22676,0x1BBC8041FF0,DXGI,1,0,0,Composed: Flip,6279.8945,NA,16.77560000000000,16.66360000000000,14.86250000000000,64.94770000000000,96.5861,6278.8680,15.8890,1.0265,14.8625,49.4652,16.5090,5.3491,11.1599,-0.7748,6278.8680,NA
ExperienceX.exe,22676,0x1BBC8041FF0,DXGI,1,0,0,Composed: Flip,6294.8658,NA,14.97130000000000,16.88340000000000,16.66720000000000,66.81500000000000,98.4982,6294.7570,16.7760,0.1088,16.6672,65.2213,1.7025,1.6937,0.0088,-0.9944,6294.7570,NA
ExperienceX.exe,22676,0x1BBC8041FF0,DXGI,1,0,0,Composed: Flip,6312.9109,NA,18.04510000000000,16.90530000000000,15.35550000000000,65.20610000000001,97.3584,6311.5330,16.7334,1.3779,15.3555,50.1503,16.4337,5.4437,10.9900,-0.1293,6311.5330,NA
ExperienceX.exe,22676,0x1BBC8041FF0,DXGI,1,0,0,Composed: Flip,6328.3958,NA,15.48490000000000,16.40820000000000,16.44440000000000,66.91520000000000,98.2817,6328.2664,16.5738,0.1294,16.4444,65.4670,1.5776,1.5600,0.0176,0.3252,6328.2664,NA
ExperienceX.exe,22676,0x1BBC8041FF0,DXGI,1,0,0,Composed: Flip,6345.9708,NA,17.57500000000000,16.67090000000000,15.67510000000000,66.12940000000000,97.3776,6344.8402,16.8057,1.1306,15.6751,50.4740,16.7860,4.1922,12.5938,-0.0971,6344.8402,NA
ExperienceX.exe,22676,0x1BBC8041FF0,DXGI,1,0,0,Composed: Flip,6361.7642,NA,15.79340000000000,16.56660000000000,16.37030000000000,66.69550000000001,98.1508,6361.6459,16.4886,0.1183,16.3703,65.2650,1.5488,1.5355,0.0133,0.2391,6361.6459,NA
ExperienceX.exe,22676,0x1BBC8041FF0,DXGI,1,0,0,Composed: Flip,6379.1058,NA,17.34160000000000,16.62400000000000,16.04940000000000,65.99850000000001,97.4332,6378.1345,17.0207,0.9713,16.0494,50.3308,16.6390,3.8445,12.7945,-0.1354,6378.1345,NA
ExperienceX.exe,22676,0x1BBC8041FF0,DXGI,1,0,0,Composed: Flip,6395.3082,NA,16.20240000000000,16.71490000000000,16.68250000000000,67.95580000000000,97.9457,6395.1552,16.8355,0.1530,16.6825,50.6293,17.4795,3.3551,14.1244,0.3058,6395.1552,NA
ExperienceX.exe,22676,0x1BBC8041FF0,DXGI,1,0,0,Composed: Flip,6413.9672,NA,18.65900000000000,16.59350000000000,14.48240000000000,64.42700000000001,95.8802,6411.9907,16.4589,1.9765,14.4824,51.2753,15.1282,7.4863,7.6419,0.2420,6411.9907,NA
ExperienceX.exe,22676,0x1BBC8041FF0,DXGI,1,0,0,Composed: Flip,6428.6024,NA,14.63520000000000,16.89130000000000,16.46810000000000,67.22730000000000,98.1363,6428.4496,16.6209,0.1528,16.4681,64.9969,2.3832,2.3724,0.0108,-0.4324,6428.4496,NA
ExperienceX.exe,22676,0x1BBC8041FF0,DXGI,1,0,0,Composed: Flip,6447.2630,NA,18.66060000000000,16.48140000000000,15.85780000000000,64.11470000000000,95.9571,6445.0705,18.0503,2.1925,15.8578,50.7625,15.5447,5.8019,9.7428,0.1395,6445.0705,NA
ExperienceX.exe,22676,0x1BBC8041FF0,DXGI,1,0,0,Composed: Flip,6463.2771,NA,16.01410000000000,16.62820000000000,15.03950000000000,65.41250000000001,96.5712,6463.1208,15.1958,0.1563,15.0395,63.8764,1.6924,1.6924,0.0000,1.4221,6463.1208,NA
ExperienceX.exe,22676,0x1BBC8041FF0,DXGI,1,0,0,Composed: Flip,6480.0399,NA,16.76280000000000,16.65340000000000,16.29170000000000,64.81930000000000,96.4618,6478.3166,18.0150,1.7233,16.2917,50.3730,16.1696,5.3597,10.8099,-1.4576,6478.3166,NA
ExperienceX.exe,22676,0x1BBC8041FF0,DXGI,1,0,0,Composed: Flip,6496.4299,NA,16.39000000000000,16.63500000000000,15.04940000000000,67.26140000000001,96.7068,6496.3316,15.1477,0.0983,15.0494,63.7818,3.5779,3.5520,0.0259,1.3800,6496.3316,NA
ExperienceX.exe,22676,0x1BBC8041FF0,DXGI,1,0,0,Composed: Flip,6512.9528,NA,16.52290000000000,16.69480000000000,16.01640000000000,65.35050000000000,96.8787,6511.4793,17.4899,1.4735,16.0164,52.2212,14.6028,6.7205,7.8823,-1.5471,6511.4793,NA
ExperienceX.exe,22676,0x1BBC8041FF0,DXGI,1,0,0,Composed: Flip,6529.0727,NA,16.11990000000000,16.73310000000000,15.76550000000000,69.86150000000001,97.4919,6528.9692,15.8690,0.1035,15.7655,50.0086,19.9564,5.7719,14.1845,0.7568,6528.9692,NA
ExperienceX.exe,22676,0x1BBC8041FF0,DXGI,1,0,0,Composed: Flip,6545.9952,NA,16.92250000000000,16.56620000000000,17.60620000000000,65.52320000000000,97.1356,6544.8382,18.7632,1.1570,17.6062,54.0986,12.5816,3.7854,8.7962,-0.6972,6544.8382,NA
ExperienceX.exe,22676,0x1BBC8041FF0,DXGI,1,0,0,Composed: Flip,6563.8342,NA,17.83900000000000,16.76220000000000,14.68290000000000,64.34740000000001,96.0588,6563.6014,14.9157,0.2328,14.6829,63.1483,1.4319,1.4192,0.0127,2.0010,6563.6014,NA
ExperienceX.exe,22676,0x1BBC8041FF0,DXGI,1,0,0,Composed: Flip,6579.9283,NA,16.09410000000000,16.58200000000000,19.02910000000000,64.80430000000000,96.5467,6578.5171,20.4403,1.4112,19.0291,49.6699,16.5456,5.6484,10.8972,-1.6663,6578.5171,NA
ExperienceX.exe,22676,0x1BBC8041FF0,DXGI,1,0,0,Composed: Flip,6599.0335,NA,19.10520000000000,16.76890000000000,12.45580000000000,67.57430000000001,94.2104,6598.9574,12.5319,0.0761,12.4558,61.1366,6.5138,6.4957,0.0181,3.6714,6598.9574,NA
ExperienceX.exe,22676,0x1BBC8041FF0,DXGI,1,0,0,Composed: Flip,6612.4693,NA,13.43580000000000,16.64380000000000,15.69460000000000,65.59910000000001,97.4184,6611.4893,16.6746,0.9800,15.6946,55.1221,11.4570,4.3714,7.0856,-4.1119,6611.4893,NA
ExperienceX.exe,22676,0x1BBC8041FF0,DXGI,1,0,0,Composed: Flip,6628.3284,NA,15.85910000000000,16.69610000000000,16.44650000000000,66.55060000000000,98.2554,6628.1639,16.6110,0.1645,16.4465,65.3182,1.3969,1.3842,0.0127,-0.0215,6628.1639,NA
ExperienceX.exe,22676,0x1BBC8041FF0,DXGI,1,0,0,Composed: Flip,6645.6708,NA,17.34240000000000,16.84970000000000,20.95130000000000,65.92080000000000,97.7627,6644.7749,21.8472,0.8959,20.9513,50.1091,16.7076,6.0296,10.6780,-0.2387,6644.7749,NA
ExperienceX.exe,22676,0x1BBC8041FF0,DXGI,1,0,0,Composed: Flip,6666.7347,NA,21.06390000000000,16.55030000000000,11.41440000000000,61.69350000000000,93.2491,6666.6221,11.5270,0.1126,11.4144,45.6500,16.1561,1.8048,14.3513,5.2969,6666.6221,NA
ExperienceX.exe,22676,0x1BBC8041FF0,DXGI,1,0,0,Composed: Flip,6679.0224,NA,12.28770000000000,16.57380000000000,15.85670000000000,66.07970000000000,97.5352,6678.1491,16.7300,0.8733,15.8567,50.2841,16.6689,5.6034,11.0655,-5.0468,6678.1491,NA
ExperienceX.exe,22676,0x1BBC8041FF0,DXGI,1,0,0,Composed: Flip,6694.9931,NA,15.97070000000000,16.64390000000000,16.59520000000000,66.73250000000000,98.2084,6694.8791,16.7092,0.1140,16.5952,65.4203,1.4262,1.4125,0.0137,0.0861,6694.8791,NA
ExperienceX.exe,22676,0x1BBC8041FF0,DXGI,1,0,0,Composed: Flip,6713.2741,NA,18.28100000000000,16.60080000000000,15.18600000000000,64.88020000000000,96.5282,6711.5883,16.8718,1.6858,15.1860,50.1413,16.4247,5.5715,10.8532,0.1084,6711.5883,NA
ExperienceX.exe,22676,0x1BBC8041FF0,DXGI,1,0,0,Composed: Flip,6728.5813,NA,15.30720000000000,17.00600000000000,16.47460000000000,66.39390000000000,98.2270,6728.4601,16.5958,0.1212,16.4746,64.9206,1.5945,1.5874,0.0071,-0.1342,6728.4601,NA
ExperienceX.exe,22676,0x1BBC8041FF0,DXGI,1,0,0,Composed: Flip,6746.1182,NA,17.53690000000000,16.32910000000000,15.63000000000000,65.24800000000000,97.0192,6745.0559,16.6923,1.0623,15.6300,49.9225,16.3878,6.7816,9.6062,0.2667,6745.0559,NA
ExperienceX.exe,22676,0x1BBC8041FF0,DXGI,1,0,0,Composed: Flip,6762.9803,NA,16.86210000000000,16.67810000000000,15.13890000000000,65.30600000000000,96.8352,6761.7482,16.3710,1.2321,15.1389,65.2795,1.2586,1.2467,0.0119,0.0142,6761.7482,NA
ExperienceX.exe,22676,0x1BBC8041FF0,DXGI,1,0,0,Composed: Flip,6779.3894,NA,16.40910000000000,16.86690000000000,15.56590000000000,65.35670000000000,97.2930,6778.1192,16.8361,1.2702,15.5659,50.1729,16.4540,3.9418,12.5122,-0.4959,6778.1192,NA
ExperienceX.exe,22676,0x1BBC8041FF0,DXGI,1,0,0,Composed: Flip,6795.0487,NA,15.65930000000000,16.58140000000000,16.31780000000000,71.61510000000000,98.2151,6794.9553,16.4112,0.0934,16.3178,50.0432,21.6653,6.8921,14.7732,0.2547,6794.9553,NA
ExperienceX.exe,22676,0x1BBC8041FF0,DXGI,1,0,0,Composed: Flip,6812.4028,NA,17.35410000000000,16.78890000000000,16.13340000000000,65.66110000000000,97.6499,6811.3665,17.1697,1.0363,16.1334,55.2992,11.3982,3.6523,7.7459,-0.3777,6811.3665,NA
ExperienceX.exe,22676,0x1BBC8041FF0,DXGI,1,0,0,Composed: Flip,6829.5689,NA,17.16610000000000,16.60220000000000,15.13730000000000,65.43650000000001,97.0860,6828.5362,16.1700,1.0327,15.1373,64.9697,1.4995,1.4870,0.0125,0.5675,6828.5362,NA
ExperienceX.exe,22676,0x1BBC8041FF0,DXGI,1,0,0,Composed: Flip,6845.8538,NA,16.28490000000000,16.52060000000000,20.86610000000000,66.00860000000000,97.3217,6844.7062,22.0137,1.1476,20.8661,50.3041,16.8521,5.5639,11.2882,-0.3506,6844.7062,NA
ExperienceX.exe,22676,0x1BBC8041FF0,DXGI,1,0,0,Composed: Flip,6866.8092,NA,20.95540000000000,16.83450000000000,11.22550000000000,61.48440000000000,93.2008,6866.7199,11.3148,0.0893,11.2255,60.1222,1.4515,1.4378,0.0137,5.1792,6866.7199,NA
ExperienceX.exe,22676,0x1BBC8041FF0,DXGI,1,0,0,Composed: Flip,6879.1081,NA,12.29890000000000,16.48140000000000,15.82760000000000,65.86370000000001,97.3833,6878.0347,16.9010,1.0734,15.8276,50.2634,16.6737,6.5648,10.1089,-5.1666,6878.0347,NA
ExperienceX.exe,22676,0x1BBC8041FF0,DXGI,1,0,0,Composed: Flip,6895.0732,NA,15.96510000000000,16.77050000000000,16.66760000000000,67.98830000000001,98.1887,6894.9357,16.8051,0.1375,16.6676,65.4723,2.6535,2.6535,0.0000,0.1305,6894.9357,NA
ExperienceX.exe,22676,0x1BBC8041FF0,DXGI,1,0,0,Composed: Flip,6914.2630,NA,19.18980000000000,16.57520000000000,13.94770000000000,63.87240000000001,95.5741,6911.7408,16.4699,2.5222,13.9477,51.3207,15.0739,7.2453,7.8286,0.2299,6911.7408,NA
ExperienceX.exe,22676,0x1BBC8041FF0,DXGI,1,0,0,Composed: Flip,6928.3207,NA,14.05770000000000,16.72810000000000,16.70210000000000,66.64170000000000,98.2445,6928.2107,16.8121,0.1100,16.7021,50.1946,16.5571,1.5861,14.9710,-0.2582,6928.2107,NA
ExperienceX.exe,22676,0x1BBC8041FF0,DXGI,1,0,0,Composed: Flip,6946.5394,NA,18.21870000000000,16.86890000000000,17.40740000000000,64.97200000000001,96.8947,6945.0228,18.9240,1.5166,17.4074,49.9527,16.5359,4.0395,12.4964,-0.0568,6945.0228,NA
ExperienceX.exe,22676,0x1BBC8041FF0,DXGI,1,0,0,Composed: Flip,6964.2513,NA,17.71190000000000,16.42080000000000,13.86760000000000,64.05690000000000,95.6036,6963.9468,14.1721,0.3045,13.8676,62.8385,1.5229,1.4987,0.0242,2.5032,6963.9468,NA
ExperienceX.exe,22676,0x1BBC8041FF0,DXGI,1,0,0,Composed: Flip,6979.1953,NA,14.94400000000000,16.78570000000000,16.03660000000000,65.97180000000000,97.4453,6978.1189,17.1130,1.0764,16.0366,50.1954,16.8528,3.9995,12.8533,-2.6136,6978.1189,NA
ExperienceX.exe,22676,0x1BBC8041FF0,DXGI,1,0,0,Composed: Flip,6995.3780,NA,16.18270000000000,16.53050000000000,16.15620000000000,66.06240000000000,97.7931,6995.2319,16.3023,0.1461,16.1562,64.7980,1.4105,1.3964,0.0141,0.5825,6995.2319,NA
ExperienceX.exe,22676,0x1BBC8041FF0,DXGI,1,0,0,Composed: Flip,7012.5830,NA,17.20500000000000,16.78740000000000,15.66190000000000,65.80810000000001,97.3755,7011.5342,16.7107,1.0488,15.6619,49.9112,16.9457,5.2313,11.7144,-0.4851,7011.5342,NA
ExperienceX.exe,22676,0x1BBC8041FF0,DXGI,1,0,0,Composed: Flip,7028.4686,NA,15.88560000000000,16.59350000000000,16.73680000000000,66.47460000000001,98.0834,7028.2449,16.9605,0.2237,16.7368,65.1102,1.5881,1.5881,0.0000,0.1172,7028.2449,NA
ExperienceX.exe,22676,0x1BBC8041FF0,DXGI,1,0,0,Composed: Flip,7046.7344,NA,18.26580000000000,16.66590000000000,14.63040000000000,64.93950000000001,96.4835,7045.2054,16.1594,1.5290,14.6304,49.7378,16.7307,6.5776,10.1531,0.2946,7045.2054,NA
ExperienceX.exe,22676,0x1BBC8041FF0,DXGI,1,0,0,Composed: Flip,7061.4665,NA,14.73210000000000,16.66470000000000,17.02050000000000,66.72580000000001,98.4161,7061.3648,17.1222,0.1017,17.0205,50.6466,16.1809,1.7027,14.4782,-0.5053,7061.3648,NA
ExperienceX.exe,22676,0x1BBC8041FF0,DXGI,1,0,0,Composed: Flip,7079.6874,NA,18.22090000000000,16.77350000000000,15.23780000000000,65.22430000000000,96.9687,7078.4870,16.4382,1.2004,15.2378,49.7094,16.7153,6.5343,10.1810,0.3487,7078.4870,NA
ExperienceX.exe,22676,0x1BBC8041FF0,DXGI,1,0,0,Composed: Flip,7095.0175,NA,15.33010000000000,16.57100000000000,16.57200000000000,72.78060000000001,98.2096,7094.9252,16.6643,0.0923,16.5720,65.0686,7.8043,7.7976,0.0067,-0.1328,7094.9252,NA
ExperienceX.exe,22676,0x1BBC8041FF0,DXGI,1,0,0,Composed: Flip,7112.9946,NA,17.97710000000000,16.60340000000000,15.16140000000000,66.15990000000001,96.8359,7111.5895,16.5665,1.4051,15.1614,56.2121,11.3529,4.6875,6.6654,0.0609,7111.5895,NA
ExperienceX.exe,22676,0x1BBC8041FF0,DXGI,1,0,0,Composed: Flip,7128.2865,NA,15.29190000000000,16.65720000000000,16.54480000000000,66.99310000000000,98.2012,7128.1560,16.6753,0.1305,16.5448,50.9985,16.1251,2.0977,14.0274,-0.0907,7128.1560,NA
ExperienceX.exe,22676,0x1BBC8041FF0,DXGI,1,0,0,Composed: Flip,7146.4095,NA,18.12300000000000,16.73660000000000,21.39490000000000,66.30130000000000,96.8148,7144.8313,22.9731,1.5782,21.3949,50.4564,17.4231,8.1320,9.2911,-0.0613,7144.8313,NA
ExperienceX.exe,22676,0x1BBC8041FF0,DXGI,1,0,0,Composed: Flip,7167.8865,NA,21.47700000000000,16.59170000000000,11.52100000000000,60.70680000000000,91.9295,7167.8044,11.6031,0.0821,11.5210,59.0203,1.7686,1.7549,0.0137,6.3814,7167.8044,NA
ExperienceX.exe,22676,0x1BBC8041FF0,DXGI,1,0,0,Composed: Flip,7181.0009,NA,13.11440000000000,16.65280000000000,14.27670000000000,63.92660000000000,95.4679,7179.4075,15.8701,1.5934,14.2767,49.1918,16.3282,5.6126,10.7156,-5.0497,7179.4075,NA
ExperienceX.exe,22676,0x1BBC8041FF0,DXGI,1,0,0,Composed: Flip,7195.5144,NA,14.51350000000000,16.75030000000000,17.28300000000000,67.91080000000001,97.7047,7195.2776,17.5198,0.2368,17.2830,49.9835,18.1641,3.5910,14.5731,-0.8802,7195.2776,NA
ExperienceX.exe,22676,0x1BBC8041FF0,DXGI,1,0,0,Composed: Flip,7213.8793,NA,18.36490000000000,16.64810000000000,14.54240000000000,63.87720000000000,95.9879,7212.7974,15.6243,1.0819,14.5424,50.6311,14.3280,7.5718,6.7562,0.8717,7212.7974,NA
ExperienceX.exe,22676,0x1BBC8041FF0,DXGI,1,0,0,Composed: Flip,7228.5925,NA,14.71320000000000,16.63240000000000,16.43940000000000,66.35740000000000,97.9071,7228.4217,16.6102,0.1708,16.4394,65.1607,1.3675,1.3618,0.0057,-1.0081,7228.4217,NA
ExperienceX.exe,22676,0x1BBC8041FF0,DXGI,1,0,0,Composed: Flip,7246.2582,NA,17.66570000000000,16.63390000000000,17.19490000000000,65.21110000000000,96.8753,7245.0319,18.4212,1.2263,17.1949,49.9217,16.5157,6.4582,10.0575,-0.0237,7245.0319,NA
ExperienceX.exe,22676,0x1BBC8041FF0,DXGI,1,0,0,Composed: Flip,7263.5285,NA,17.27030000000000,16.73100000000000,14.27130000000000,65.27910000000000,96.3360,7263.4531,14.3467,0.0754,14.2713,63.1616,2.1929,2.1891,0.0038,1.6902,7263.4531,NA
ExperienceX.exe,22676,0x1BBC8041FF0,DXGI,1,0,0,Composed: Flip,7278.9239,NA,15.39540000000000,16.69590000000000,16.04300000000000,65.92950000000000,97.6365,7277.7998,17.1671,1.1241,16.0430,51.0104,16.0432,6.9780,9.0652,-2.3492,7277.7998,NA
ExperienceX.exe,22676,0x1BBC8041FF0,DXGI,1,0,0,Composed: Flip,7295.0835,NA,16.15960000000000,16.57560000000000,16.37950000000000,67.79110000000000,98.0525,7294.9669,16.4961,0.1166,16.3795,65.1092,2.7985,2.7985,0.0000,0.5915,7294.9669,NA
ExperienceX.exe,22676,0x1BBC8041FF0,DXGI,1,0,0,Composed: Flip,7312.3593,NA,17.27580000000000,16.66190000000000,16.47310000000000,65.95610000000001,97.4386,7311.4630,17.3694,0.8963,16.4731,51.4116,15.4408,5.6035,9.8373,-0.1658,7311.4630,NA
ExperienceX.exe,22676,0x1BBC8041FF0,DXGI,1,0,0,Composed: Flip,7328.9172,NA,16.55790000000000,16.85670000000000,15.95490000000000,65.98180000000001,97.7374,7328.8324,16.0397,0.0848,15.9549,49.7309,16.3357,1.6833,14.6524,0.5127,7328.8324,NA
ExperienceX.exe,22676,0x1BBC8041FF0,DXGI,1,0,0,Composed: Flip,7345.6340,NA,16.71680000000000,16.67010000000000,17.15930000000000,65.78050000000000,97.6907,7344.8721,17.9212,0.7619,17.1593,50.0295,16.5129,6.5332,9.9797,-0.6304,7344.8721,NA
ExperienceX.exe,22676,0x1BBC8041FF0,DXGI,1,0,0,Composed: Flip,7362.9334,NA,17.29940000000000,16.55100000000000,15.33870000000000,65.37280000000000,96.9423,7362.7933,15.4788,0.1401,15.3387,64.0554,1.4575,1.4575,0.0000,1.3702,7362.7933,NA
ExperienceX.exe,22676,0x1BBC8041FF0,DXGI,1,0,0,Composed: Flip,7379.1525,NA,16.21910000000000,16.58280000000000,15.78320000000000,65.75540000000001,97.3060,7378.2721,16.6636,0.8804,15.7832,50.0341,16.6017,6.3765,10.2252,-1.1040,7378.2721,NA
ExperienceX.exe,22676,0x1BBC8041FF0,DXGI,1,0,0,Composed: Flip,7395.0370,NA,15.88450000000000,16.70700000000000,16.40500000000000,67.10950000000000,98.1285,7394.9357,16.5063,0.1013,16.4050,65.1132,2.0976,2.0950,0.0026,-0.0434,7394.9357,NA
ExperienceX.exe,22676,0x1BBC8041FF0,DXGI,1,0,0,Composed: Flip,7412.3990,NA,17.36200000000000,16.62500000000000,16.38690000000000,65.45680000000000,97.3915,7411.4420,17.3439,0.9570,16.3869,50.7090,15.7048,5.7055,9.9993,-0.1187,7411.4420,NA
ExperienceX.exe,22676,0x1BBC8041FF0,DXGI,1,0,0,Composed: Flip,7428.9110,NA,16.51200000000000,17.00640000000000,15.99780000000000,65.99620000000000,97.8859,7428.7859,16.1229,0.1251,15.9978,64.5790,1.5423,1.5338,0.0085,0.3375,7428.7859,NA
ExperienceX.exe,22676,0x1BBC8041FF0,DXGI,1,0,0,Composed: Flip,7446.7494,NA,17.83840000000000,16.34620000000000,15.44680000000000,64.65530000000000,96.3937,7444.9088,17.2874,1.8406,15.4468,50.0034,16.4925,5.7986,10.6939,-0.2233,7444.9088,NA
ExperienceX.exe,22676,0x1BBC8041FF0,DXGI,1,0,0,Composed: Flip,7462.2796,NA,15.53020000000000,16.66920000000000,15.57180000000000,66.14370000000001,97.5327,7462.1962,15.6552,0.0834,15.5718,49.5123,16.7148,1.4264,15.2884,0.6182,7462.1962,NA
ExperienceX.exe,22676,0x1BBC8041FF0,DXGI,1,0,0,Composed: Flip,7478.9263,NA,16.64670000000000,16.66250000000000,16.12050000000000,65.81520000000000,97.5485,7477.8514,17.1954,1.0749,16.1205,50.5792,16.3109,3.9633,12.3476,-1.0073,7477.8514,NA
ExperienceX.exe,22676,0x1BBC8041FF0,DXGI,1,0,0,Composed: Flip,7495.1592,NA,16.23290000000000,16.73000000000000,16.29480000000000,71.32440000000000,98.0456,7495.0468,16.4072,0.1124,16.2948,64.8852,6.5516,6.5455,0.0061,0.4654,7495.0468,NA
ExperienceX.exe,22676,0x1BBC8041FF0,DXGI,1,0,0,Composed: Flip,7512.2584,NA,17.09920000000000,16.63900000000000,16.15640000000000,65.60660000000000,97.5854,7511.4540,16.9608,0.8044,16.1564,55.0329,11.3781,3.5358,7.8423,-0.2318,7511.4540,NA
ExperienceX.exe,22676,0x1BBC8041FF0,DXGI,1,0,0,Composed: Flip,7528.7074,NA,16.44900000000000,16.67900000000000,15.99580000000000,66.21030000000000,97.8154,7528.4148,16.2884,0.2926,15.9958,65.2089,1.2940,1.2859,0.0081,0.2818,7528.4148,NA
ExperienceX.exe,22676,0x1BBC8041FF0,DXGI,1,0,0,Composed: Flip,7545.6461,NA,16.93870000000000,16.81320000000000,20.87810000000000,65.79210000000000,97.6899,7544.7032,21.8210,0.9429,20.8781,50.2185,16.5165,6.6976,9.8189,-0.5248,7544.7032,NA
ExperienceX.exe,22676,0x1BBC8041FF0,DXGI,1,0,0,Composed: Flip,7566.6214,NA,20.97530000000000,16.57960000000000,11.23730000000000,61.50080000000001,93.2942,7566.5242,11.3345,0.0972,11.2373,60.1548,1.4432,1.4306,0.0126,5.2414,7566.5242,NA
ExperienceX.exe,22676,0x1BBC8041FF0,DXGI,1,0,0,Composed: Flip,7578.2556,NA,11.63420000000000,16.60220000000000,16.65540000000000,68.95920000000001,98.2622,7577.8587,17.0523,0.3969,16.6554,50.2692,19.0869,4.2585,14.8284,-5.2677,7577.8587,NA
ExperienceX.exe,22676,0x1BBC8041FF0,DXGI,1,0,0,Composed: Flip,7595.6160,NA,17.36040000000000,16.64220000000000,15.93500000000000,76.29080000000000,97.5440,7594.9110,16.6400,0.7050,15.9350,52.7422,24.2536,20.7020,3.5516,0.4101,7594.9110,NA
ExperienceX.exe,22676,0x1BBC8041FF0,DXGI,1,0,0,Composed: Flip,7611.9582,NA,16.34220000000000,16.65280000000000,16.14840000000000,73.97500000000001,97.8546,7611.5510,16.5556,0.4072,16.1484,60.3576,14.0246,13.9907,0.0339,-0.0128,7611.5510,NA
ExperienceX.exe,22676,0x1BBC8041FF0,DXGI,1,0,0,Composed: Flip,7628.7493,NA,16.79110000000000,16.73690000000000,18.31420000000000,66.86510000000000,97.8004,7628.1066,18.9569,0.6427,18.3142,57.8266,9.6812,3.2466,6.4346,-0.1813,7628.1066,NA
ExperienceX.exe,22676,0x1BBC8041FF0,DXGI,1,0,0,Composed: Flip,7650.6944,NA,21.94510000000000,16.68230000000000,21.23970000000000,62.07250000000001,92.5376,7647.0635,24.8706,3.6309,21.2397,48.5541,17.1493,13.9187,3.2306,2.2746,7647.0635,NA
ExperienceX.exe,22676,0x1BBC8041FF0,DXGI,1,0,0,Composed: Flip,7672.0096,NA,21.31520000000000,16.60030000000000,14.93500000000000,57.65420000000000,87.8227,7671.9341,15.0105,0.0755,14.9350,40.8328,16.8969,8.1412,8.7557,8.2703,7671.9341,NA
ExperienceX.exe,22676,0x1BBC8041FF0,DXGI,1,0,0,Composed: Flip,7687.7993,NA,15.78970000000000,16.64540000000000,7.93110000000000,58.58050000000000,88.6784,7686.9446,8.7858,0.8547,7.9311,42.7279,16.7073,15.8315,0.8758,-1.6349,7686.9446,NA
ExperienceX.exe,22676,0x1BBC8041FF0,DXGI,1,0,0,Composed: Flip,7695.8199,NA,8.02060000000000,16.71470000000000,22.31500000000000,75.43280000000000,97.3725,7695.7304,22.4045,0.0895,22.3150,64.2768,11.2455,11.2414,0.0041,-7.9289,7695.7304,NA
ExperienceX.exe,22676,0x1BBC8041FF0,DXGI,1,0,0,Composed: Flip,7719.4210,NA,23.60110000000000,16.65220000000000,10.37790000000000,59.34540000000001,90.4236,7718.1349,11.6640,1.2861,10.3779,53.1208,7.5107,6.5982,0.9125,5.7523,7718.1349,NA
ExperienceX.exe,22676,0x1BBC8041FF0,DXGI,1,0,0,Composed: Flip,7729.9172,NA,10.49620000000000,16.62920000000000,16.74060000000000,66.41060000000000,96.5566,7729.7989,16.8589,0.1183,16.7406,49.2882,17.2407,3.2094,14.0313,-4.9652,7729.7989,NA
ExperienceX.exe,22676,0x1BBC8041FF0,DXGI,1,0,0,Composed: Flip,7747.9255,NA,18.00830000000000,16.80300000000000,23.39350000000000,70.91120000000001,95.3513,7746.6578,24.6612,1.2677,23.3935,49.6700,22.5089,21.9678,0.5411,0.0559,7746.6578,NA
ExperienceX.exe,22676,0x1BBC8041FF0,DXGI,1,0,0,Composed: Flip,7772.3881,NA,24.46260000000000,16.52420000000000,6.45790000000000,56.61780000000000,87.4129,7771.3190,7.5270,1.0691,6.4579,47.5177,10.1692,2.9298,7.2394,8.1370,7771.3190,NA
ExperienceX.exe,22676,0x1BBC8041FF0,DXGI,1,0,0,Composed: Flip,7779.8493,NA,7.46120000000000,16.66930000000000,25.60690000000000,64.56930000000000,96.6210,7778.8460,26.6102,1.0033,25.6069,50.1599,15.4127,12.5744,2.8383,-9.1423,7778.8460,NA
ExperienceX.exe,22676,0x1BBC8041FF0,DXGI,1,0,0,Composed: Flip,7805.5449,NA,25.69560000000000,16.74100000000000,13.77120000000000,60.50070000000000,87.6664,7805.4562,13.8599,0.0887,13.7712,38.9624,21.6270,6.9466,14.6804,9.8692,7805.4562,NA
ExperienceX.exe,22676,0x1BBC8041FF0,DXGI,1,0,0,Composed: Flip,7820.1831,NA,14.63820000000000,16.64070000000000,17.28920000000000,58.09300000000000,89.6689,7819.3161,18.1562,0.8670,17.2892,46.7328,12.2272,3.9473,8.2799,-2.7808,7819.3161,NA
ExperienceX.exe,22676,0x1BBC8041FF0,DXGI,1,0,0,Composed: Flip,7837.5902,NA,17.40710000000000,16.72480000000000,7.88340000000000,57.19750000000001,88.9866,7837.4723,8.0013,0.1179,7.8834,55.9561,1.3593,1.3478,0.0115,1.4314,7837.4723,NA
ExperienceX.exe,22676,0x1BBC8041FF0,DXGI,1,0,0,Composed: Flip,7846.6720,NA,9.08180000000000,16.60600000000000,19.38750000000000,65.01550000000000,96.5108,7845.4736,20.5859,1.1984,19.3875,49.3162,16.8977,4.5342,12.3635,-8.6047,7845.4736,NA
ExperienceX.exe,22676,0x1BBC8041FF0,DXGI,1,0,0,Composed: Flip,7866.5221,NA,19.85010000000000,16.84960000000000,11.78210000000000,61.81250000000000,93.5103,7866.0595,12.2447,0.4626,11.7821,46.0240,16.2511,1.5691,14.6820,3.7363,7866.0595,NA
ExperienceX.exe,22676,0x1BBC8041FF0,DXGI,1,0,0,Composed: Flip,7879.0676,NA,12.54550000000000,16.46830000000000,15.69630000000000,65.79960000000000,97.4331,7878.3042,16.4597,0.7634,15.6963,50.0351,16.5279,4.7222,11.8057,-4.2236,7878.3042,NA
ExperienceX.exe,22676,0x1BBC8041FF0,DXGI,1,0,0,Composed: Flip,7894.8777,NA,15.81010000000000,16.74510000000000,16.83100000000000,67.68700000000000,98.3681,7894.7639,16.9448,0.1138,16.8310,65.5167,2.2841,2.2707,0.0134,-0.2854,7894.7639,NA
ExperienceX.exe,22676,0x1BBC8041FF0,DXGI,1,0,0,Composed: Flip,7913.2338,NA,18.35610000000000,16.61200000000000,15.04100000000000,64.91270000000000,96.6240,7911.7087,16.5661,1.5251,15.0410,50.8602,15.5776,5.7405,9.8371,0.3328,7911.7087,NA
ExperienceX.exe,22676,0x1BBC8041FF0,DXGI,1,0,0,Composed: Flip,7929.3724,NA,16.13860000000000,16.68390000000000,15.45130000000000,65.65330000000000,97.1693,7928.2748,16.5489,1.0976,15.4513,65.2143,1.5366,1.5288,0.0078,-0.1178,7928.2748,NA
ExperienceX.exe,22676,0x1BBC8041FF0,DXGI,1,0,0,Composed: Flip,7946.2197,NA,16.84730000000000,16.59970000000000,16.23070000000000,65.28160000000000,96.9217,7944.8237,17.6267,1.3960,16.2307,50.2044,16.4732,3.9600,12.5132,-0.0508,7944.8237,NA
ExperienceX.exe,22676,0x1BBC8041FF0,DXGI,1,0,0,Composed: Flip,7962.5578,NA,16.33810000000000,16.75170000000000,15.68510000000000,65.76690000000001,97.3353,7962.4504,15.7925,0.1074,15.6851,64.4110,1.4633,1.4617,0.0016,0.8750,7962.4504,NA
ExperienceX.exe,22676,0x1BBC8041FF0,DXGI,1,0,0,Composed: Flip,7979.9424,NA,17.38460000000000,16.55700000000000,15.14380000000000,64.79870000000000,96.5077,7978.2429,16.8433,1.6995,15.1438,50.0833,16.4149,6.4497,9.9652,-0.7645,7978.2429,NA
ExperienceX.exe,22676,0x1BBC8041FF0,DXGI,1,0,0,Composed: Flip,7995.2060,NA,15.26360000000000,16.92350000000000,16.27640000000000,68.21920000000000,98.1676,7995.0862,16.3962,0.1198,16.2764,49.9081,18.4309,3.5374,14.8935,-0.0802,7995.0862,NA
ExperienceX.exe,22676,0x1BBC8041FF0,DXGI,1,0,0,Composed: Flip,8012.6775,NA,17.47150000000000,16.50650000000000,15.71170000000000,65.46630000000000,97.2026,8011.4824,16.9068,1.1951,15.7117,51.9428,14.7186,7.0388,7.6798,-0.1103,8011.4824,NA
ExperienceX.exe,22676,0x1BBC8041FF0,DXGI,1,0,0,Composed: Flip,8028.4647,NA,15.78720000000000,16.59060000000000,16.27980000000000,66.46400000000000,98.0060,8028.3892,16.3553,0.0755,16.2798,65.2599,1.2796,1.2735,0.0061,0.3162,8028.3892,NA
ExperienceX.exe,22676,0x1BBC8041FF0,DXGI,1,0,0,Composed: Flip,8045.6465,NA,17.18180000000000,16.63990000000000,20.07790000000000,65.92420000000000,97.4641,8044.7445,20.9799,0.9020,20.0779,50.1874,16.6388,3.7059,12.9329,-0.2846,8044.7445,NA
ExperienceX.exe,22676,0x1BBC8041FF0,DXGI,1,0,0,Composed: Flip,8065.8044,NA,20.15790000000000,16.74970000000000,12.37950000000000,62.33100000000000,94.0559,8065.7244,12.4595,0.0800,12.3795,60.8972,1.5138,1.5097,0.0041,4.2302,8065.7244,NA
ExperienceX.exe,22676,0x1BBC8041FF0,DXGI,1,0,0,Composed: Flip,8079.2669,NA,13.46250000000000,16.67220000000000,15.72590000000000,65.42900000000000,97.2656,8078.1839,16.8089,1.0830,15.7259,49.9548,16.5572,6.7653,9.7919,-4.2127,8078.1839,NA
ExperienceX.exe,22676,0x1BBC8041FF0,DXGI,1,0,0,Composed: Flip,8095.1033,NA,15.83640000000000,16.70950000000000,16.43690000000000,67.47650000000000,98.1387,8094.9928,16.5474,0.1105,16.4369,65.0895,2.4975,2.4816,0.0159,0.0994,8094.9928,NA
ExperienceX.exe,22676,0x1BBC8041FF0,DXGI,1,0,0,Composed: Flip,8112.8131,NA,17.70980000000000,16.64040000000000,15.35990000000000,65.30690000000000,97.0693,8111.5402,16.6328,1.2729,15.3599,51.0446,15.5352,6.5132,9.0220,-0.0930,8111.5402,NA
ExperienceX.exe,22676,0x1BBC8041FF0,DXGI,1,0,0,Composed: Flip,8128.2550,NA,15.44190000000000,16.58820000000000,16.46710000000000,66.53770000000000,98.2156,8128.1730,16.5491,0.0820,16.4671,50.3355,16.2842,1.5264,14.7578,0.0446,8128.1730,NA
ExperienceX.exe,22676,0x1BBC8041FF0,DXGI,1,0,0,Composed: Flip,8145.4169,NA,17.16190000000000,16.84300000000000,17.03710000000000,66.15250000000000,97.8967,8144.7221,17.7319,0.6948,17.0371,50.0740,16.7733,6.3559,10.4174,-0.2939,8144.7221,NA
ExperienceX.exe,22676,0x1BBC8041FF0,DXGI,1,0,0,Composed: Flip,8162.5761,NA,17.15920000000000,16.50640000000000,15.59040000000000,65.70480000000001,97.2439,8162.4540,15.7125,0.1221,15.5904,64.2120,1.6149,1.6077,0.0072,1.2255,8162.4540,NA
ExperienceX.exe,22676,0x1BBC8041FF0,DXGI,1,0,0,Composed: Flip,8179.3338,NA,16.75770000000000,16.92820000000000,15.49390000000000,65.78300000000000,97.4144,8178.1665,16.6612,1.1673,15.4939,50.1164,16.8339,6.3605,10.4734,-1.2157,8178.1665,NA
ExperienceX.exe,22676,0x1BBC8041FF0,DXGI,1,0,0,Composed: Flip,8194.9225,NA,15.58870000000000,16.36580000000000,16.68080000000000,67.47590000000001,98.1915,8194.8277,16.7756,0.0948,16.6808,65.1339,2.4368,2.4338,0.0030,0.2954,8194.8277,NA
ExperienceX.exe,22676,0x1BBC8041FF0,DXGI,1,0,0,Composed: Flip,8213.8022,NA,18.87970000000000,16.76450000000000,14.43210000000000,64.45420000000000,96.0763,8211.6033,16.6310,2.1989,14.4321,50.7987,15.8544,7.3751,8.4793,0.0111,8211.6033,NA
ExperienceX.exe,22676,0x1BBC8041FF0,DXGI,1,0,0,Composed: Flip,8228.3951,NA,14.59290000000000,16.69120000000000,16.68940000000000,66.25700000000001,98.1746,8228.2343,16.8502,0.1608,16.6894,64.9652,1.4526,1.4476,0.0050,-0.0602,8228.2343,NA
ExperienceX.exe,22676,0x1BBC8041FF0,DXGI,1,0,0,Composed: Flip,8247.2260,NA,18.83090000000000,16.60720000000000,15.18220000000000,64.60240000000000,95.9509,8245.0845,17.3237,2.1415,15.1822,49.5710,17.1729,6.1784,10.9945,0.2430,8245.0845,NA
ExperienceX.exe,22676,0x1BBC8041FF0,DXGI,1,0,0,Composed: Flip,8263.3795,NA,16.15350000000000,16.71070000000000,14.82350000000000,64.70250000000000,96.5081,8262.4082,15.7948,0.9713,14.8235,50.1887,15.4851,1.4744,14.0107,0.6130,8262.4082,NA
ExperienceX.exe,22676,0x1BBC8041FF0,DXGI,1,0,0,Composed: Flip,8279.7468,NA,16.36730000000000,16.60730000000000,14.93620000000000,65.18920000000000,96.7481,8278.2030,16.4800,1.5438,14.9362,49.8835,16.8495,6.2084,10.6411,-0.8125,8278.2030,NA
ExperienceX.exe,22676,0x1BBC8041FF0,DXGI,1,0,0,Composed: Flip,8295.5135,NA,15.76670000000000,16.65180000000000,16.20390000000000,66.86910000000000,97.6332,8294.6830,17.0344,0.8305,16.2039,65.4544,2.2452,2.2306,0.0146,-0.1718,8294.6830,NA
ExperienceX.exe,22676,0x1BBC8041FF0,DXGI,1,0,0,Composed: Flip,8313.7709,NA,18.25740000000000,16.67590000000000,14.28440000000000,64.64060000000001,96.0517,8311.7174,16.3379,2.0535,14.2844,50.6709,16.0232,6.5803,9.4429,0.3585,8311.7174,NA
ExperienceX.exe,22676,0x1BBC8041FF0,DXGI,1,0,0,Composed: Flip,8328.1659,NA,14.39500000000000,16.79960000000000,16.76570000000000,66.70680000000000,98.4563,8328.0553,16.8763,0.1106,16.7657,65.4253,1.3921,1.3796,0.0125,-0.4617,8328.0553,NA
ExperienceX.exe,22676,0x1BBC8041FF0,DXGI,1,0,0,Composed: Flip,8345.9234,NA,17.75750000000000,16.57520000000000,16.37190000000000,65.53200000000000,97.2740,8344.9316,17.3637,0.9918,16.3719,49.9461,16.5777,5.5715,11.0062,0.3011,8344.9316,NA
ExperienceX.exe,22676,0x1BBC8041FF0,DXGI,1,0,0,Composed: Flip,8362.4462,NA,16.52280000000000,16.61220000000000,15.89920000000000,65.83860000000000,97.3634,8362.2953,16.0501,0.1509,15.8992,64.7244,1.2651,1.2581,0.0070,0.7515,8362.2953,NA
ExperienceX.exe,22676,0x1BBC8041FF0,DXGI,1,0,0,Composed: Flip,8379.5887,NA,17.14250000000000,16.73170000000000,15.25480000000000,65.20740000000001,96.9526,8378.3454,16.4981,1.2433,15.2548,49.9456,16.5051,4.5887,11.9164,-0.6816,8378.3454,NA
ExperienceX.exe,22676,0x1BBC8041FF0,DXGI,1,0,0,Composed: Flip,8394.9467,NA,15.35800000000000,16.63880000000000,16.51360000000000,66.46780000000000,98.2334,8394.8435,16.6168,0.1032,16.5136,50.3946,16.1764,1.5885,14.5879,-0.1407,8394.8435,NA
ExperienceX.exe,22676,0x1BBC8041FF0,DXGI,1,0,0,Composed: Flip,8412.5343,NA,17.58760000000000,16.60610000000000,15.80390000000000,65.76120000000000,97.2519,8411.4603,16.8779,1.0740,15.8039,49.9593,16.8759,5.6274,11.2485,0.0107,8411.4603,NA
ExperienceX.exe,22676,0x1BBC8041FF0,DXGI,1,0,0,Composed: Flip,8428.5014,NA,15.96710000000000,16.76140000000000,16.34070000000000,66.28760000000000,98.0462,8428.3382,16.5039,0.1632,16.3407,64.9855,1.4653,1.4541,0.0112,0.1165,8428.3382,NA
ExperienceX.exe,22676,0x1BBC8041FF0,DXGI,1,0,0,Composed: Flip,8446.2304,NA,17.72900000000000,16.56640000000000,15.14870000000000,65.16580000000000,96.8836,8444.8421,16.5370,1.3883,15.1487,49.9511,16.6030,5.7469,10.8561,-0.0625,8444.8421,NA
ExperienceX.exe,22676,0x1BBC8041FF0,DXGI,1,0,0,Composed: Flip,8461.4806,NA,15.25020000000000,16.86190000000000,16.81310000000000,66.65080000000000,98.4953,8461.3791,16.9146,0.1015,16.8131,65.3500,1.4023,1.3913,0.0110,-0.3249,8461.3791,NA
ExperienceX.exe,22676,0x1BBC8041FF0,DXGI,1,0,0,Composed: Flip,8479.4430,NA,17.96240000000000,16.47750000000000,15.32370000000000,65.27920000000000,97.0104,8478.2937,16.4730,1.1493,15.3237,49.8423,16.5862,5.8830,10.7032,0.4371,8478.2937,NA
ExperienceX.exe,22676,0x1BBC8041FF0,DXGI,1,0,0,Composed: Flip,8494.9306,NA,15.48760000000000,16.69550000000000,16.52370000000000,68.47960000000000,98.2183,8494.7667,16.6876,0.1639,16.5237,65.5024,3.1411,3.1312,0.0099,-0.2225,8494.7667,NA
ExperienceX.exe,22676,0x1BBC8041FF0,DXGI,1,0,0,Composed: Flip,8512.7250,NA,17.79440000000000,16.66490000000000,15.36860000000000,65.41150000000000,97.0888,8511.4543,16.6393,1.2707,15.3686,51.9602,14.7220,6.2229,8.4991,0.0227,8511.4543,NA
ExperienceX.exe,22676,0x1BBC8041FF0,DXGI,1,0,0,Composed: Flip,8528.1908,NA,15.46580000000000,16.67240000000000,16.55140000000000,66.69930000000001,98.2954,8528.0936,16.6486,0.0972,16.5514,50.4205,16.3760,1.7441,14.6319,-0.0331,8528.0936,NA
ExperienceX.exe,22676,0x1BBC8041FF0,DXGI,1,0,0,Composed: Flip,8545.4638,NA,17.27300000000000,16.70090000000000,17.93360000000000,65.99930000000001,97.7233,8544.7422,18.6552,0.7216,17.9336,50.1522,16.5687,5.7806,10.7881,-0.0523,8544.7422,NA
ExperienceX.exe,22676,0x1BBC8041FF0,DXGI,1,0,0,Composed: Flip,8564.2939,NA,18.83010000000000,16.73830000000000,13.85220000000000,63.76550000000000,95.6315,8563.3974,14.7487,0.8965,13.8522,63.2235,1.4385,1.4305,0.0080,1.9169,8563.3974,NA
ExperienceX.exe,22676,0x1BBC8041FF0,DXGI,1,0,0,Composed: Flip,8579.1207,NA,14.82680000000000,16.60060000000000,15.79210000000000,65.75480000000000,97.4053,8578.1461,16.7667,0.9746,15.7921,49.9167,16.8127,5.5431,11.2696,-1.8519,8578.1461,NA
ExperienceX.exe,22676,0x1BBC8041FF0,DXGI,1,0,0,Composed: Flip,8595.0884,NA,15.96770000000000,16.74960000000000,16.41140000000000,67.28300000000000,98.1872,8594.9128,16.5870,0.1756,16.4114,65.2664,2.1922,2.1821,0.0101,0.0171,8594.9128,NA
ExperienceX.exe,22676,0x1BBC8041FF0,DXGI,1,0,0,Composed: Flip,8613.0924,NA,18.00400000000000,16.62480000000000,14.99550000000000,65.12430000000001,96.8080,8611.4998,16.5881,1.5926,14.9955,50.8755,15.8414,6.6820,9.1594,-0.0378,8611.4998,NA
ExperienceX.exe,22676,0x1BBC8041FF0,DXGI,1,0,0,Composed: Flip,8628.1850,NA,15.09260000000000,16.68330000000000,16.66480000000000,67.74630000000001,98.3987,8628.0879,16.7619,0.0971,16.6648,65.4539,2.3895,2.3782,0.0113,-0.0952,8628.0879,NA
ExperienceX.exe,22676,0x1BBC8041FF0,DXGI,1,0,0,Composed: Flip,8646.1259,NA,17.94090000000000,16.63340000000000,16.19110000000000,65.80570000000000,97.0912,8644.8498,17.4672,1.2761,16.1911,51.0907,15.9911,6.3506,9.6405,0.1285,8644.8498,NA
ExperienceX.exe,22676,0x1BBC8041FF0,DXGI,1,0,0,Composed: Flip,8662.4587,NA,16.33280000000000,16.60570000000000,15.76230000000000,65.83310000000000,97.3641,8662.3170,15.9040,0.1417,15.7623,50.9599,15.0149,1.7903,13.2246,0.8615,8662.3170,NA
ExperienceX.exe,22676,0x1BBC8041FF0,DXGI,1,0,0,Composed: Flip,8679.8534,NA,17.39470000000000,16.61910000000000,16.12920000000000,64.97430000000000,96.5885,8678.2210,17.7616,1.6324,16.1292,50.0740,16.5327,3.9790,12.5537,-0.7151,8678.2210,NA
ExperienceX.exe,22676,0x1BBC8041FF0,DXGI,1,0,0,Composed: Flip,8696.0870,NA,16.23360000000000,16.87580000000000,15.64500000000000,66.14090000000000,97.2307,8695.9826,15.7494,0.1044,15.6450,64.0358,2.2095,2.2095,0.0000,0.8858,8695.9826,NA
ExperienceX.exe,22676,0x1BBC8041FF0,DXGI,1,0,0,Composed: Flip,8714.1779,NA,18.09090000000000,16.58040000000000,14.13330000000000,63.85950000000000,95.7202,8711.7320,16.5792,2.4459,14.1333,50.4959,15.8095,6.8881,8.9214,-0.8310,8711.7320,NA
ExperienceX.exe,22676,0x1BBC8041FF0,DXGI,1,0,0,Composed: Flip,8729.3880,NA,15.21010000000000,16.61930000000000,15.40090000000000,65.43960000000000,97.1294,8728.3112,16.4777,1.0768,15.4009,65.2829,1.2335,1.2335,0.0000,-0.0401,8728.3112,NA
ExperienceX.exe,22676,0x1BBC8041FF0,DXGI,1,0,0,Composed: Flip,8746.1150,NA,16.72700000000000,16.90010000000000,16.87880000000000,65.36180000000000,97.3025,8744.7889,18.2049,1.3261,16.8788,50.0387,16.6492,6.0066,10.6426,-0.4224,8744.7889,NA
ExperienceX.exe,22676,0x1BBC8041FF0,DXGI,1,0,0,Composed: Flip,8763.1265,NA,17.01150000000000,16.37340000000000,14.93190000000000,65.16460000000001,96.6644,8762.9938,15.0646,0.1327,14.9319,63.7477,1.5496,1.5362,0.0134,1.8315,8762.9938,NA
ExperienceX.exe,22676,0x1BBC8041FF0,DXGI,1,0,0,Composed: Flip,8778.9318,NA,15.80530000000000,16.69560000000000,16.55750000000000,66.18090000000001,97.5547,8778.0584,17.4309,0.8734,16.5575,50.2371,16.8172,6.4153,10.4019,-1.6310,8778.0584,NA
ExperienceX.exe,22676,0x1BBC8041FF0,DXGI,1,0,0,Composed: Flip,8795.6465,NA,16.71470000000000,17.02280000000000,15.77870000000000,66.75700000000001,97.8628,8795.4893,15.9359,0.1572,15.7787,50.6195,16.2947,2.7946,13.5001,0.4081,8795.4893,NA
ExperienceX.exe,22676,0x1BBC8041FF0,DXGI,1,0,0,Composed: Flip,8812.8472,NA,17.20070000000000,16.39670000000000,15.39750000000000,65.49840000000000,97.0588,8811.4252,16.8195,1.4220,15.3975,50.9835,15.9369,6.5624,9.3745,-0.4608,8811.4252,NA
ExperienceX.exe,22676,0x1BBC8041FF0,DXGI,1,0,0,Composed: Flip,8828.3978,NA,15.55060000000000,16.66950000000000,16.56640000000000,67.05070000000001,98.1777,8828.2447,16.7195,0.1531,16.5664,65.6950,1.5088,1.4808,0.0280,0.1500,8828.2447,NA
ExperienceX.exe,22676,0x1BBC8041FF0,DXGI,1,0,0,Composed: Flip,8847.9258,NA,19.52800000000000,16.88600000000000,14.45750000000000,63.69030000000000,95.5357,8844.9642,17.4191,2.9616,14.4575,50.4897,16.1622,3.9286,12.2336,-0.1665,8844.9642,NA
ExperienceX.exe,22676,0x1BBC8041FF0,DXGI,1,0,0,Composed: Flip,8863.3044,NA,15.37860000000000,16.57810000000000,15.00710000000000,64.96610000000000,96.7352,8862.3833,15.9282,0.9211,15.0071,64.3550,1.5322,1.5113,0.0209,0.8410,8862.3833,NA
ExperienceX.exe,22676,0x1BBC8041FF0,DXGI,1,0,0,Composed: Flip,8879.7042,NA,16.39980000000000,16.47740000000000,15.61230000000000,65.53800000000000,96.8128,8878.3115,17.0050,1.3927,15.6123,49.9646,16.9661,5.6982,11.2679,-0.5492,8878.3115,NA
ExperienceX.exe,22676,0x1BBC8041FF0,DXGI,1,0,0,Composed: Flip,8895.5563,NA,15.85210000000000,16.75950000000000,16.05940000000000,66.98400000000001,97.7202,8895.3165,16.2992,0.2398,16.0594,64.9591,2.2647,2.2482,0.0165,0.2455,8895.3165,NA
ExperienceX.exe,22676,0x1BBC8041FF0,DXGI,1,0,0,Composed: Flip,8913.6601,NA,18.10380000000000,16.53600000000000,14.52360000000000,64.58880000000001,96.1524,8911.6157,16.5680,2.0444,14.5236,50.9271,15.7061,2.1244,13.5817,-0.2368,8911.6157,NA
ExperienceX.exe,22676,0x1BBC8041FF0,DXGI,1,0,0,Composed: Flip,8928.3362,NA,14.67610000000000,16.66240000000000,16.77470000000000,67.14720000000000,98.1387,8928.1837,16.9272,0.1525,16.7747,50.5250,16.7747,4.0383,12.7364,-0.0944,8928.1837,NA
ExperienceX.exe,22676,0x1BBC8041FF0,DXGI,1,0,0,Composed: Flip,8945.8987,NA,17.56250000000000,16.75640000000000,16.52420000000000,65.55320000000000,97.3326,8945.1109,17.3120,0.7878,16.5242,50.3725,15.9685,5.7010,10.2675,0.1708,8945.1109,NA
ExperienceX.exe,22676,0x1BBC8041FF0,DXGI,1,0,0,Composed: Flip,8963.7553,NA,17.85660000000000,16.55920000000000,14.35610000000000,64.60440000000000,96.0352,8962.4229,15.6885,1.3324,14.3561,64.2348,1.7020,1.6951,0.0069,0.7528,8962.4229,NA
ExperienceX.exe,22676,0x1BBC8041FF0,DXGI,1,0,0,Composed: Flip,8979.5192,NA,15.76390000000000,16.65940000000000,15.72230000000000,65.47050000000000,96.9307,8978.1114,17.1301,1.4078,15.7223,50.2541,16.6242,6.6742,9.9500,-0.9709,8978.1114,NA
ExperienceX.exe,22676,0x1BBC8041FF0,DXGI,1,0,0,Composed: Flip,8996.1054,NA,16.58620000000000,16.68160000000000,15.30040000000000,65.13210000000001,97.0261,8995.2415,16.1643,0.8639,15.3004,64.6618,1.3342,1.3291,0.0051,0.4485,8995.2415,NA
ExperienceX.exe,22676,0x1BBC8041FF0,DXGI,1,0,0,Composed: Flip,9012.4601,NA,16.35470000000000,16.67480000000000,15.94430000000000,65.57610000000000,97.3462,9011.4058,16.9986,1.0543,15.9443,49.8345,16.7959,6.4907,10.3052,-0.5105,9011.4058,NA
ExperienceX.exe,22676,0x1BBC8041FF0,DXGI,1,0,0,Composed: Flip,9028.5145,NA,16.05440000000000,16.89260000000000,16.41110000000000,66.31560000000000,98.1844,9028.4044,16.5212,0.1101,16.4111,64.9074,1.5183,1.5055,0.0128,0.1060,9028.4044,NA
ExperienceX.exe,22676,0x1BBC8041FF0,DXGI,1,0,0,Composed: Flip,9046.4107,NA,17.89620000000000,16.43710000000000,14.87460000000000,64.97200000000001,96.7253,9044.9256,16.3597,1.4851,14.8746,49.9126,16.5445,4.0831,12.4614,0.0841,9044.9256,NA
ExperienceX.exe,22676,0x1BBC8041FF0,DXGI,1,0,0,Composed: Flip,9061.3581,NA,14.94740000000000,16.68020000000000,16.72860000000000,67.09450000000000,98.4581,9061.2853,16.8014,0.0728,16.7286,50.2955,16.8718,1.5403,15.3315,-0.3205,9061.2853,NA
ExperienceX.exe,22676,0x1BBC8041FF0,DXGI,1,0,0,Composed: Flip,9079.4309,NA,18.07280000000000,16.69590000000000,15.45780000000000,65.26330000000000,97.0812,9078.0867,16.8020,1.3442,15.4578,50.3749,16.2326,4.9328,11.2998,0.1055,9078.0867,NA
ExperienceX.exe,22676,0x1BBC8041FF0,DXGI,1,0,0,Composed: Flip,9095.0504,NA,15.61950000000000,16.62280000000000,16.32730000000000,66.35520000000000,98.0845,9094.8887,16.4890,0.1617,16.3273,65.0964,1.4205,1.4123,0.0082,0.1792,9094.8887,NA
ExperienceX.exe,22676,0x1BBC8041FF0,DXGI,1,0,0,Composed: Flip,9112.3221,NA,17.27170000000000,16.74760000000000,16.02230000000000,65.80770000000000,97.5604,9111.3777,16.9667,0.9444,16.0223,50.0317,16.7204,6.4624,10.2580,-0.2586,9111.3777,NA
ExperienceX.exe,22676,0x1BBC8041FF0,DXGI,1,0,0,Composed: Flip,9128.4850,NA,16.16290000000000,16.66110000000000,16.20890000000000,66.24490000000000,98.0586,9128.3444,16.3495,0.1406,16.2089,64.9122,1.4733,1.4629,0.0104,0.3056,9128.3444,NA
ExperienceX.exe,22676,0x1BBC8041FF0,DXGI,1,0,0,Composed: Flip,9145.5569,NA,17.07190000000000,17.14530000000000,15.88520000000000,65.96750000000000,98.1320,9144.6939,16.7482,0.8630,15.8852,50.0409,16.7896,6.5762,10.2134,-0.7958,9144.6939,NA
ExperienceX.exe,22676,0x1BBC8041FF0,DXGI,1,0,0,Composed: Flip,9161.6328,NA,16.07590000000000,16.14960000000000,16.45770000000000,66.54530000000000,98.2057,9161.4421,16.6484,0.1907,16.4577,65.2818,1.4542,1.4439,0.0103,0.5986,9161.4421,NA
ExperienceX.exe,22676,0x1BBC8041FF0,DXGI,1,0,0,Composed: Flip,9178.9916,NA,17.35880000000000,16.62960000000000,15.71360000000000,66.81050000000000,97.4765,9178.0905,16.6147,0.9011,15.7136,50.0921,17.6195,6.6295,10.9900,0.0188,9178.0905,NA
ExperienceX.exe,22676,0x1BBC8041FF0,DXGI,1,0,0,Composed: Flip,9194.8354,NA,15.84380000000000,16.72670000000000,16.63170000000000,67.15140000000001,98.3594,9194.7052,16.7619,0.1302,16.6317,51.0969,16.1847,2.2916,13.8931,-0.1120,9194.7052,NA
ExperienceX.exe,22676,0x1BBC8041FF0,DXGI,1,0,0,Composed: Flip,9212.6690,NA,17.83360000000000,16.58920000000000,15.44600000000000,65.59670000000000,97.1150,9211.4671,16.6479,1.2019,15.4460,50.5214,16.2772,6.7222,9.5550,0.1727,9211.4671,NA
ExperienceX.exe,22676,0x1BBC8041FF0,DXGI,1,0,0,Composed: Flip,9228.2084,NA,15.53940000000000,17.13750000000000,17.78290000000000,66.62520000000001,98.7131,9228.1150,17.8763,0.0934,17.7829,65.2605,1.4581,1.4474,0.0107,-0.4896,9228.1150,NA
ExperienceX.exe,22676,0x1BBC8041FF0,DXGI,1,0,0,Composed: Flip,9246.9330,NA,18.72460000000000,16.20220000000000,15.01730000000000,64.57260000000001,96.1907,9245.9913,15.9590,0.9417,15.0173,48.8491,16.6652,5.4407,11.2245,1.6741,9245.9913,NA
ExperienceX.exe,22676,0x1BBC8041FF0,DXGI,1,0,0,Composed: Flip,9262.0335,NA,15.10050000000000,16.82300000000000,16.29700000000000,67.14860000000000,97.9132,9261.9503,16.3802,0.0832,16.2970,65.4181,1.8137,1.7636,0.0501,-0.8640,9261.9503,NA
ExperienceX.exe,22676,0x1BBC8041FF0,DXGI,1,0,0,Composed: Flip,9280.0110,NA,17.97750000000000,16.71380000000000,14.73160000000000,64.66240000000001,96.6495,9278.3305,16.4121,1.6805,14.7316,50.8632,15.4797,4.3358,11.1439,-0.3336,9278.3305,NA
ExperienceX.exe,22676,0x1BBC8041FF0,DXGI,1,0,0,Composed: Flip,9294.8402,NA,14.82920000000000,16.65000000000000,16.76710000000000,67.37450000000000,98.4703,9294.7426,16.8647,0.0976,16.7671,65.3692,2.1029,2.0854,0.0175,-0.2379,9294.7426,NA
ExperienceX.exe,22676,0x1BBC8041FF0,DXGI,1,0,0,Composed: Flip,9312.8528,NA,18.01260000000000,16.60610000000000,15.95900000000000,65.64720000000000,97.0638,9311.6073,17.2045,1.2455,15.9590,50.6107,16.2820,5.5186,10.7634,0.2586,9311.6073,NA
ExperienceX.exe,22676,0x1BBC8041FF0,DXGI,1,0,0,Composed: Flip,9330.6632,NA,17.81040000000000,16.53390000000000,14.05940000000000,64.33840000000001,95.7873,9328.8118,15.9108,1.8514,14.0594,50.0650,16.1248,1.5750,14.5498,0.6706,9328.8118,NA
ExperienceX.exe,22676,0x1BBC8041FF0,DXGI,1,0,0,Composed: Flip,9346.0321,NA,15.36890000000000,16.81120000000000,16.21520000000000,65.49590000000001,97.2296,9344.7226,17.5247,1.3095,16.2152,50.2831,16.5223,3.7119,12.8104,-0.9004,9344.7226,NA
ExperienceX.exe,22676,0x1BBC8041FF0,DXGI,1,0,0,Composed: Flip,9362.4649,NA,16.43280000000000,16.56750000000000,16.09880000000000,65.51380000000000,97.3643,9362.2473,16.3164,0.2176,16.0988,64.3381,1.3933,1.3884,0.0049,0.9572,9362.2473,NA
ExperienceX.exe,22676,0x1BBC8041FF0,DXGI,1,0,0,Composed: Flip,9381.0907,NA,18.62580000000000,16.73880000000000,13.89040000000000,63.85010000000000,95.4773,9378.5637,16.4174,2.5270,13.8904,49.4179,16.9592,4.1308,12.8284,-0.4224,9378.5637,NA
ExperienceX.exe,22676,0x1BBC8041FF0,DXGI,1,0,0,Composed: Flip,9395.1469,NA,14.05620000000000,16.57340000000000,16.33420000000000,66.88680000000001,97.9945,9394.9811,16.5000,0.1658,16.3342,65.0355,2.0171,2.0065,0.0106,-0.1560,9394.9811,NA
ExperienceX.exe,22676,0x1BBC8041FF0,DXGI,1,0,0,Composed: Flip,9412.8719,NA,17.72500000000000,16.66890000000000,15.14380000000000,65.46780000000000,96.9384,9411.4811,16.5346,1.3908,15.1438,50.5571,16.3015,6.4297,9.8718,-0.1689,9411.4811,NA
ExperienceX.exe,22676,0x1BBC8041FF0,DXGI,1,0,0,Composed: Flip,9428.1236,NA,15.25170000000000,16.71620000000000,16.82370000000000,66.44330000000001,98.4029,9428.0157,16.9316,0.1079,16.8237,65.3831,1.1681,1.1593,0.0088,-0.1816,9428.0157,NA
ExperienceX.exe,22676,0x1BBC8041FF0,DXGI,1,0,0,Composed: Flip,9446.9606,NA,18.83700000000000,16.75030000000000,15.07390000000000,64.58180000000000,96.3162,9444.9473,17.0872,2.0133,15.0739,49.6222,16.9729,5.5695,11.4034,0.1813,9444.9473,NA
ExperienceX.exe,22676,0x1BBC8041FF0,DXGI,1,0,0,Composed: Flip,9462.9867,NA,16.02610000000000,16.54220000000000,15.42160000000000,65.29490000000000,96.8323,9462.0345,16.3738,0.9522,15.4216,49.8363,16.4108,1.7670,14.6438,0.5450,9462.0345,NA
ExperienceX.exe,22676,0x1BBC8041FF0,DXGI,1,0,0,Composed: Flip,9479.5817,NA,16.59500000000000,16.75930000000000,15.03640000000000,65.23690000000001,96.9966,9478.4083,16.2098,1.1734,15.0364,49.8850,16.5253,3.9472,12.5781,-0.3855,9478.4083,NA
ExperienceX.exe,22676,0x1BBC8041FF0,DXGI,1,0,0,Composed: Flip,9494.7276,NA,15.14590000000000,16.55410000000000,16.79670000000000,67.32240000000000,98.4048,9494.6181,16.9062,0.1095,16.7967,65.4547,1.9772,1.9668,0.0104,-0.3443,9494.6181,NA
ExperienceX.exe,22676,0x1BBC8041FF0,DXGI,1,0,0,Composed: Flip,9513.2331,NA,18.50550000000000,16.69750000000000,15.23710000000000,65.26040000000000,96.5968,9511.5243,16.9459,1.7088,15.2371,50.5315,16.4377,5.7918,10.6459,0.2087,9511.5243,NA
ExperienceX.exe,22676,0x1BBC8041FF0,DXGI,1,0,0,Composed: Flip,9528.7221,NA,15.48900000000000,16.73460000000000,16.15290000000000,66.09590000000000,97.8424,9528.4702,16.4048,0.2519,16.1529,64.7887,1.5591,1.5501,0.0090,0.2113,9528.4702,NA
ExperienceX.exe,22676,0x1BBC8041FF0,DXGI,1,0,0,Composed: Flip,9545.7579,NA,17.03580000000000,16.59260000000000,16.28670000000000,65.68950000000001,97.3992,9544.8750,17.1696,0.8829,16.2867,49.9485,16.6239,6.5300,10.0939,-0.1878,9544.8750,NA
ExperienceX.exe,22676,0x1BBC8041FF0,DXGI,1,0,0,Composed: Flip,9562.9359,NA,17.17800000000000,16.86440000000000,15.61930000000000,65.12510000000000,97.0856,9562.0446,16.5106,0.8913,15.6193,64.7011,1.3153,1.3037,0.0116,0.3052,9562.0446,NA
ExperienceX.exe,22676,0x1BBC8041FF0,DXGI,1,0,0,Composed: Flip,9580.7759,NA,17.84000000000000,16.42090000000000,14.08400000000000,64.02580000000000,95.6665,9578.5552,16.3047,2.2207,14.0840,49.5092,16.7373,4.6210,12.1163,0.0897,9578.5552,NA
ExperienceX.exe,22676,0x1BBC8041FF0,DXGI,1,0,0,Composed: Flip,9595.0602,NA,14.28430000000000,16.76590000000000,16.37820000000000,67.94500000000001,98.1481,9594.8599,16.5785,0.2003,16.3782,50.1486,17.9967,2.9092,15.0875,-0.4612,9594.8599,NA
ExperienceX.exe,22676,0x1BBC8041FF0,DXGI,1,0,0,Composed: Flip,9612.5758,NA,17.51560000000000,16.57290000000000,15.48350000000000,65.57530000000000,97.2054,9611.4384,16.6209,1.1374,15.4835,51.5717,15.1410,6.6189,8.5221,0.0056,9611.4384,NA
ExperienceX.exe,22676,0x1BBC8041FF0,DXGI,1,0,0,Composed: Flip,9628.2179,NA,15.64210000000000,16.66620000000000,16.65450000000000,67.08580000000001,98.2295,9628.0593,16.8131,0.1586,16.6545,65.3107,1.9337,1.9276,0.0061,-0.0453,9628.0593,NA
ExperienceX.exe,22676,0x1BBC8041FF0,DXGI,1,0,0,Composed: Flip,9645.8169,NA,17.59900000000000,16.69310000000000,17.16810000000000,65.45170000000000,97.3236,9644.8724,18.1126,0.9445,17.1681,50.4362,15.9600,5.5932,10.3668,0.1200,9644.8724,NA
ExperienceX.exe,22676,0x1BBC8041FF0,DXGI,1,0,0,Composed: Flip,9663.1015,NA,17.28460000000000,16.63940000000000,15.03540000000000,65.04250000000000,96.6784,9662.9850,15.1519,0.1165,15.0354,63.6129,1.5461,1.5393,0.0068,1.4732,9662.9850,NA
ExperienceX.exe,22676,0x1BBC8041FF0,DXGI,1,0,0,Composed: Flip,9679.1997,NA,16.09820000000000,16.68520000000000,16.17940000000000,65.65150000000000,97.2654,9678.1369,17.2422,1.0628,16.1794,50.0111,16.7032,6.6331,10.0701,-1.5333,9678.1369,NA
ExperienceX.exe,22676,0x1BBC8041FF0,DXGI,1,0,0,Composed: Flip,9695.5251,NA,16.32540000000000,16.67030000000000,15.77290000000000,66.40480000000001,97.6103,9695.3791,15.9189,0.1460,15.7729,64.6242,1.9266,1.9176,0.0090,0.5719,9695.3791,NA
ExperienceX.exe,22676,0x1BBC8041FF0,DXGI,1,0,0,Composed: Flip,9712.2357,NA,16.71060000000000,16.86620000000000,15.92920000000000,65.92080000000000,97.7659,9711.2980,16.8669,0.9377,15.9292,50.6351,16.2234,5.5043,10.7191,-0.9473,9711.2980,NA
ExperienceX.exe,22676,0x1BBC8041FF0,DXGI,1,0,0,Composed: Flip,9728.2606,NA,16.02490000000000,16.56530000000000,16.59270000000000,66.70400000000001,98.3063,9728.1649,16.6884,0.0957,16.5927,50.4775,16.3222,1.8636,14.4586,0.3016,9728.1649,NA
ExperienceX.exe,22676,0x1BBC8041FF0,DXGI,1,0,0,Composed: Flip,9745.9194,NA,17.65880000000000,16.55320000000000,16.10550000000000,65.64730000000000,97.2007,9744.8533,17.1716,1.0661,16.1055,50.1181,16.5953,5.6402,10.9551,0.1352,9744.8533,NA
ExperienceX.exe,22676,0x1BBC8041FF0,DXGI,1,0,0,Composed: Flip,9762.1266,NA,16.20720000000000,16.67770000000000,16.13050000000000,66.05240000000001,97.6712,9762.0249,16.2322,0.1017,16.1305,64.7578,1.3963,1.3838,0.0125,0.4939,9762.0249,NA
ExperienceX.exe,22676,0x1BBC8041FF0,DXGI,1,0,0,Composed: Flip,9780.4458,NA,18.31920000000000,16.64290000000000,14.54750000000000,64.28680000000000,95.9949,9778.2571,16.7362,2.1887,14.5475,49.9382,16.5373,3.8425,12.6948,-0.4107,9778.2571,NA
ExperienceX.exe,22676,0x1BBC8041FF0,DXGI,1,0,0,Composed: Flip,9795.0960,NA,14.65020000000000,16.76600000000000,16.55490000000000,66.20080000000000,98.1107,9794.9933,16.6576,0.1027,16.5549,64.8851,1.4184,1.4138,0.0046,-0.0298,9794.9933,NA
ExperienceX.exe,22676,0x1BBC8041FF0,DXGI,1,0,0,Composed: Flip,9813.2436,NA,18.14760000000000,16.65440000000000,14.88110000000000,64.99360000000000,96.6175,9811.6509,16.4738,1.5927,14.8811,49.6497,16.9366,7.0127,9.9239,0.0032,9811.6509,NA
ExperienceX.exe,22676,0x1BBC8041FF0,DXGI,1,0,0,Composed: Flip,9828.2861,NA,15.04250000000000,16.64760000000000,16.42590000000000,66.67050000000000,98.2226,9828.1247,16.5873,0.1614,16.4259,65.2605,1.5714,1.5597,0.0117,-0.1738,9828.1247,NA
ExperienceX.exe,22676,0x1BBC8041FF0,DXGI,1,0,0,Composed: Flip,9845.7005,NA,17.41440000000000,16.67280000000000,15.64250000000000,66.78800000000000,97.4810,9844.7120,16.6310,0.9885,15.6425,50.2512,17.5253,4.6954,12.8299,-0.0855,9844.7120,NA
ExperienceX.exe,22676,0x1BBC8041FF0,DXGI,1,0,0,Composed: Flip,9861.4244,NA,15.72390000000000,16.61120000000000,16.87740000000000,66.73090000000001,98.3683,9861.3430,16.9588,0.0814,16.8774,51.6251,15.1872,1.6637,13.5235,0.0198,9861.3430,NA
ExperienceX.exe,22676,0x1BBC8041FF0,DXGI,1,0,0,Composed: Flip,9879.3406,NA,17.91620000000000,16.64780000000000,15.60130000000000,66.03440000000001,97.0999,9878.3018,16.6401,1.0388,15.6013,49.8578,17.2154,7.0374,10.1780,0.3110,9878.3018,NA
