Application,ProcessID,SwapChainAddress,PresentRuntime,SyncInterval,PresentFlags,AllowsTearing,PresentMode,TimeInMs,MsBetweenSimulationStart,MsBetweenPresents,MsBetweenDisplayChange,MsInPresentAPI,MsRenderPresentLatency,MsUntilDisplayed,CPUStartTimeInMs,MsBetweenAppStart,MsCPUBusy,MsCPUWait,MsGPULatency,MsGPUTime,MsGPUBusy,MsGPUWait,MsAnimationError,AnimationTime,MsFlipDelay
ExperienceX.exe,22676,0x1BBC8041FF0,DXGI,1,0,0,Composed: Flip,51.7521,NA,16.75230000000000,16.68360000000000,16.37040000000000,68.34040000000000,97.5519,51.0467,17.0758,0.7054,16.3704,50.2479,18.7979,8.9481,9.8498,NA,51.0467,NA
ExperienceX.exe,22676,0x1BBC8041FF0,DXGI,1,0,0,Composed: Flip,68.6429,NA,16.89080000000000,16.63180000000000,15.69470000000000,65.62460000000000,97.2929,68.1225,16.2151,0.5204,15.6947,64.6117,1.5333,1.5333,0.0000,0.4440,68.1225,NA
ExperienceX.exe,22676,0x1BBC8041FF0,DXGI,1,0,0,Composed: Flip,85.8231,NA,17.18020000000000,16.71500000000000,16.31610000000000,65.29600000000001,96.8277,84.3376,17.8016,1.4855,16.3161,49.9299,16.8516,8.1469,8.7047,-0.4999,84.3376,NA
ExperienceX.exe,22676,0x1BBC8041FF0,DXGI,1,0,0,Composed: Flip,102.4183,NA,16.59520000000000,16.61780000000000,17.50780000000000,65.45550000000000,96.8503,102.1392,17.7869,0.2791,17.5078,63.9470,1.7876,1.7694,0.0182,1.1838,102.1392,NA
ExperienceX.exe,22676,0x1BBC8041FF0,DXGI,1,0,0,Composed: Flip,121.6657,NA,19.24740000000000,16.73380000000000,13.43370000000000,63.47420000000000,94.3367,119.9261,15.1733,1.7396,13.4337,47.9548,17.2590,8.0746,9.1844,1.0531,119.9261,NA
ExperienceX.exe,22676,0x1BBC8041FF0,DXGI,1,0,0,Composed: Flip,135.2322,NA,13.56650000000000,16.62150000000000,15.87020000000000,65.82740000000000,97.3917,135.0994,16.0030,0.1328,15.8702,64.4356,1.5246,1.5156,0.0090,-1.4482,135.0994,NA
ExperienceX.exe,22676,0x1BBC8041FF0,DXGI,1,0,0,Composed: Flip,153.0162,NA,17.78400000000000,16.66020000000000,14.89960000000000,67.04140000000001,96.2679,151.1024,16.8134,1.9138,14.8996,49.9655,18.9897,6.1873,12.8024,-0.6572,151.1024,NA
ExperienceX.exe,22676,0x1BBC8041FF0,DXGI,1,0,0,Composed: Flip,168.0793,NA,15.06310000000000,16.61850000000000,17.04120000000000,66.22750000000001,97.8233,167.9158,17.2047,0.1635,17.0412,52.2841,14.1069,1.6722,12.4347,0.1949,167.9158,NA
ExperienceX.exe,22676,0x1BBC8041FF0,DXGI,1,0,0,Composed: Flip,186.2331,NA,18.15380000000000,16.65590000000000,14.88100000000000,64.97130000000000,96.3254,185.1205,15.9936,1.1126,14.8810,49.1902,16.8937,6.6483,10.2454,0.5488,185.1205,NA
ExperienceX.exe,22676,0x1BBC8041FF0,DXGI,1,0,0,Composed: Flip,201.2740,NA,15.04090000000000,16.66920000000000,18.81620000000000,71.63910000000000,97.9537,201.1141,18.9761,0.1599,18.8162,64.9976,6.8014,6.7938,0.0076,-0.6756,201.1141,NA
ExperienceX.exe,22676,0x1BBC8041FF0,DXGI,1,0,0,Composed: Flip,221.1849,NA,19.91090000000000,16.67310000000000,13.12480000000000,62.75750000000000,94.7159,220.0902,14.2195,1.0947,13.1248,52.8249,11.0273,3.7432,7.2841,2.3030,220.0902,NA
ExperienceX.exe,22676,0x1BBC8041FF0,DXGI,1,0,0,Composed: Flip,234.4081,NA,13.22320000000000,17.02230000000000,16.82540000000000,67.20050000000001,98.5150,234.3097,16.9238,0.0984,16.8254,65.1750,2.1239,2.1222,0.0017,-2.8028,234.3097,NA
ExperienceX.exe,22676,0x1BBC8041FF0,DXGI,1,0,0,Composed: Flip,252.8559,NA,18.44780000000000,16.33880000000000,20.05990000000000,65.69660000000000,96.4060,251.2335,21.6823,1.6224,20.0599,50.3778,16.9412,8.7830,8.1582,0.5850,251.2335,NA
ExperienceX.exe,22676,0x1BBC8041FF0,DXGI,1,0,0,Composed: Flip,273.0400,NA,20.18410000000000,16.65140000000000,10.93870000000000,61.72820000000000,92.8733,272.9158,11.0629,0.1242,10.9387,60.3042,1.5482,1.5482,0.0000,5.0309,272.9158,NA
ExperienceX.exe,22676,0x1BBC8041FF0,DXGI,1,0,0,Composed: Flip,284.6895,NA,11.64950000000000,16.67820000000000,16.94160000000000,66.27900000000000,97.9020,283.9787,17.6524,0.7108,16.9416,50.7895,16.2003,8.1489,8.0514,-5.6153,283.9787,NA
ExperienceX.exe,22676,0x1BBC8041FF0,DXGI,1,0,0,Composed: Flip,301.7107,NA,17.02120000000000,16.64050000000000,16.82920000000000,65.96590000000000,97.5213,301.6311,16.9088,0.0796,16.8292,49.6528,16.3927,1.7835,14.6092,1.0119,301.6311,NA
ExperienceX.exe,22676,0x1BBC8041FF0,DXGI,1,0,0,Composed: Flip,320.2984,NA,18.58770000000000,16.69620000000000,15.32590000000000,64.05300000000000,95.6298,318.5399,17.0844,1.7585,15.3259,49.1403,16.6712,7.1009,9.5703,0.2126,318.5399,NA
ExperienceX.exe,22676,0x1BBC8041FF0,DXGI,1,0,0,Composed: Flip,335.7589,NA,15.46050000000000,16.75680000000000,15.23350000000000,65.08270000000000,96.9261,335.6243,15.3681,0.1346,15.2335,63.7505,1.4668,1.4619,0.0049,0.3276,335.6243,NA
ExperienceX.exe,22676,0x1BBC8041FF0,DXGI,1,0,0,Composed: Flip,352.0665,NA,16.30760000000000,16.69100000000000,15.60580000000000,65.59090000000000,97.3095,350.9924,16.6799,1.0741,15.6058,49.8526,16.8124,6.5833,10.2291,-1.3229,350.9924,NA
ExperienceX.exe,22676,0x1BBC8041FF0,DXGI,1,0,0,Composed: Flip,367.7828,NA,15.71630000000000,16.52630000000000,16.61880000000000,66.66450000000000,98.1195,367.6723,16.7293,0.1105,16.6188,65.2697,1.5053,1.4973,0.0080,0.1536,367.6723,NA
ExperienceX.exe,22676,0x1BBC8041FF0,DXGI,1,0,0,Composed: Flip,385.3318,NA,17.54900000000000,16.64890000000000,15.54780000000000,65.81370000000000,97.2194,384.4016,16.4780,0.9302,15.5478,50.0512,16.6927,6.9974,9.6953,0.0804,384.4016,NA
ExperienceX.exe,22676,0x1BBC8041FF0,DXGI,1,0,0,Composed: Flip,401.4316,NA,16.09980000000000,16.76380000000000,16.23090000000000,66.23150000000000,97.8834,400.8796,16.7829,0.5520,16.2309,65.1933,1.5902,1.5812,0.0090,-0.2858,400.8796,NA
ExperienceX.exe,22676,0x1BBC8041FF0,DXGI,1,0,0,Composed: Flip,418.4879,NA,17.05630000000000,16.58900000000000,15.96610000000000,65.70120000000000,97.4161,417.6625,16.7915,0.8254,15.9661,50.0026,16.5240,6.2154,10.3086,0.1939,417.6625,NA
ExperienceX.exe,22676,0x1BBC8041FF0,DXGI,1,0,0,Composed: Flip,435.3452,NA,16.85730000000000,16.66300000000000,15.89520000000000,65.67240000000000,97.2218,434.4540,16.7864,0.8912,15.8952,49.9180,16.6456,1.6706,14.9750,0.1285,434.4540,NA
ExperienceX.exe,22676,0x1BBC8041FF0,DXGI,1,0,0,Composed: Flip,452.6993,NA,17.35410000000000,16.69050000000000,14.92870000000000,70.33630000000001,96.5582,451.2404,16.3876,1.4589,14.9287,49.7823,22.0129,11.6627,10.3502,0.0959,451.2404,NA
ExperienceX.exe,22676,0x1BBC8041FF0,DXGI,1,0,0,Composed: Flip,467.7234,NA,15.02410000000000,16.70950000000000,16.51620000000000,66.38060000000000,98.2436,467.6280,16.6116,0.0954,16.5162,65.1129,1.3631,1.3577,0.0054,-0.3219,467.6280,NA
ExperienceX.exe,22676,0x1BBC8041FF0,DXGI,1,0,0,Composed: Flip,485.3546,NA,17.63120000000000,16.70050000000000,15.63690000000000,65.35920000000000,97.3129,484.2396,16.7519,1.1150,15.6369,49.8678,16.6064,5.1119,11.4945,-0.0889,484.2396,NA
ExperienceX.exe,22676,0x1BBC8041FF0,DXGI,1,0,0,Composed: Flip,501.9118,NA,16.55720000000000,16.65600000000000,21.21000000000000,65.63650000000000,97.4117,500.9915,22.1303,0.9203,21.2100,49.7223,16.8345,1.8414,14.9931,0.0959,500.9915,NA
ExperienceX.exe,22676,0x1BBC8041FF0,DXGI,1,0,0,Composed: Flip,524.4741,NA,22.56230000000000,16.72180000000000,9.68450000000000,59.93400000000000,91.5712,523.1218,11.0368,1.3523,9.6845,44.4310,16.8553,5.3981,11.4572,5.4085,523.1218,NA
ExperienceX.exe,22676,0x1BBC8041FF0,DXGI,1,0,0,Composed: Flip,534.7864,NA,10.31230000000000,16.62050000000000,16.39930000000000,66.35290000000001,97.8794,534.1586,17.0271,0.6278,16.3993,65.5316,1.4491,1.4245,0.0246,-5.5837,534.1586,NA
ExperienceX.exe,22676,0x1BBC8041FF0,DXGI,1,0,0,Composed: Flip,551.6478,NA,16.86140000000000,16.61660000000000,15.96820000000000,66.63190000000000,97.6346,551.1857,16.4303,0.4621,15.9682,49.9595,17.1345,4.5260,12.6085,0.4105,551.1857,NA
ExperienceX.exe,22676,0x1BBC8041FF0,DXGI,1,0,0,Composed: Flip,568.3218,NA,16.67400000000000,16.70720000000000,16.16330000000000,66.14680000000000,97.6678,567.6160,16.8691,0.7058,16.1633,50.9858,15.8668,1.7516,14.1152,-0.2769,567.6160,NA
ExperienceX.exe,22676,0x1BBC8041FF0,DXGI,1,0,0,Composed: Flip,585.7086,NA,17.38680000000000,16.62520000000000,15.26350000000000,65.42340000000000,96.9062,584.4851,16.4870,1.2235,15.2635,49.9903,16.6566,5.7203,10.9363,0.2439,584.4851,NA
ExperienceX.exe,22676,0x1BBC8041FF0,DXGI,1,0,0,Composed: Flip,601.1832,NA,15.47460000000000,16.81480000000000,17.21630000000000,66.69330000000001,98.2464,600.9721,17.4274,0.2111,17.2163,65.2735,1.6309,1.6143,0.0166,-0.3278,600.9721,NA
ExperienceX.exe,22676,0x1BBC8041FF0,DXGI,1,0,0,Composed: Flip,620.3477,NA,19.16450000000000,16.52220000000000,14.01500000000000,64.41940000000000,95.6041,618.3995,15.9632,1.9482,14.0150,49.4804,16.8872,6.4012,10.4860,0.9052,618.3995,NA
ExperienceX.exe,22676,0x1BBC8041FF0,DXGI,1,0,0,Composed: Flip,634.5052,NA,14.15750000000000,16.71030000000000,16.62430000000000,66.66660000000000,98.1569,634.3627,16.7668,0.1425,16.6243,65.3679,1.4412,1.4313,0.0099,-0.7471,634.3627,NA
ExperienceX.exe,22676,0x1BBC8041FF0,DXGI,1,0,0,Composed: Flip,652.5773,NA,18.07210000000000,16.59630000000000,15.21950000000000,70.81510000000000,96.6811,651.1295,16.6673,1.4478,15.2195,50.0464,22.2165,11.2248,10.9917,0.1705,651.1295,NA
ExperienceX.exe,22676,0x1BBC8041FF0,DXGI,1,0,0,Composed: Flip,668.0133,NA,15.43600000000000,16.70360000000000,16.86730000000000,66.25460000000000,97.9487,667.7968,17.0838,0.2165,16.8673,65.1124,1.3587,1.3487,0.0100,-0.0363,667.7968,NA
ExperienceX.exe,22676,0x1BBC8041FF0,DXGI,1,0,0,Composed: Flip,686.8572,NA,18.84390000000000,16.80720000000000,14.25390000000000,64.01110000000000,95.9120,684.8806,16.2305,1.9766,14.2539,49.3919,16.5958,5.4221,11.1737,0.2766,684.8806,NA
ExperienceX.exe,22676,0x1BBC8041FF0,DXGI,1,0,0,Composed: Flip,701.2032,NA,14.34600000000000,16.60660000000000,22.22040000000000,66.46050000000000,98.1726,701.1111,22.3125,0.0921,22.2204,50.2349,16.3177,1.7099,14.6078,-0.3761,701.1111,NA
ExperienceX.exe,22676,0x1BBC8041FF0,DXGI,1,0,0,Composed: Flip,724.8390,NA,23.63580000000000,16.60450000000000,9.37610000000000,59.63140000000001,91.1413,723.4236,10.7915,1.4154,9.3761,44.2401,16.8067,6.9343,9.8724,5.7080,723.4236,NA
ExperienceX.exe,22676,0x1BBC8041FF0,DXGI,1,0,0,Composed: Flip,734.3074,NA,9.46840000000000,16.78710000000000,16.58100000000000,67.56840000000000,98.4600,734.2151,16.6733,0.0923,16.5810,65.3757,2.2850,2.2802,0.0048,-5.9956,734.2151,NA
ExperienceX.exe,22676,0x1BBC8041FF0,DXGI,1,0,0,Composed: Flip,751.8817,NA,17.57430000000000,16.49120000000000,16.58530000000000,67.09530000000001,97.3769,750.8884,17.5786,0.9933,16.5853,50.9915,17.0971,7.3680,9.7291,0.1821,750.8884,NA
ExperienceX.exe,22676,0x1BBC8041FF0,DXGI,1,0,0,Composed: Flip,769.5453,NA,17.66360000000000,16.63950000000000,14.91740000000000,65.96770000000001,96.3528,768.4670,15.9957,1.0783,14.9174,64.6198,2.4262,2.4192,0.0070,0.9391,768.4670,NA
ExperienceX.exe,22676,0x1BBC8041FF0,DXGI,1,0,0,Composed: Flip,786.2121,NA,16.66680000000000,16.87930000000000,15.62800000000000,64.74240000000000,96.5653,784.4627,17.3774,1.7494,15.6280,51.0543,15.4375,6.0664,9.3711,-0.8836,784.4627,NA
ExperienceX.exe,22676,0x1BBC8041FF0,DXGI,1,0,0,Composed: Flip,801.9573,NA,15.74520000000000,16.57690000000000,16.91920000000000,65.71250000000001,97.3970,801.8401,17.0364,0.1172,16.9192,64.2062,1.6235,1.6235,0.0000,0.8005,801.8401,NA
ExperienceX.exe,22676,0x1BBC8041FF0,DXGI,1,0,0,Composed: Flip,820.8819,NA,18.92460000000000,16.68020000000000,14.61460000000000,63.74600000000000,95.1526,818.8765,16.6200,2.0054,14.6146,48.7933,16.9581,6.6265,10.3316,0.3562,818.8765,NA
ExperienceX.exe,22676,0x1BBC8041FF0,DXGI,1,0,0,Composed: Flip,836.5627,NA,15.68080000000000,16.59550000000000,14.34710000000000,64.67410000000001,96.0673,835.4965,15.4133,1.0662,14.3471,49.7817,15.9586,1.6638,14.2948,0.0245,835.4965,NA
ExperienceX.exe,22676,0x1BBC8041FF0,DXGI,1,0,0,Composed: Flip,851.8047,NA,15.24200000000000,16.69210000000000,15.87650000000000,67.13410000000000,97.5174,850.9098,16.7714,0.8949,15.8765,50.3330,17.6960,5.3713,12.3247,-1.2788,850.9098,NA
ExperienceX.exe,22676,0x1BBC8041FF0,DXGI,1,0,0,Composed: Flip,868.3706,NA,16.56590000000000,16.57850000000000,16.15180000000000,66.06190000000001,97.5300,867.6812,16.8412,0.6894,16.1518,65.1429,1.6084,1.5909,0.0175,0.1929,867.6812,NA
ExperienceX.exe,22676,0x1BBC8041FF0,DXGI,1,0,0,Composed: Flip,886.6800,NA,18.30940000000000,16.86600000000000,14.50940000000000,64.36450000000001,96.0866,884.5224,16.6670,2.1576,14.5094,49.9149,16.6072,6.4853,10.1219,-0.0248,884.5224,NA
ExperienceX.exe,22676,0x1BBC8041FF0,DXGI,1,0,0,Composed: Flip,901.4914,NA,14.81140000000000,16.49780000000000,17.40310000000000,65.99660000000000,97.7730,901.1894,17.7051,0.3020,17.4031,64.7814,1.5172,1.5106,0.0066,0.1692,901.1894,NA
ExperienceX.exe,22676,0x1BBC8041FF0,DXGI,1,0,0,Composed: Flip,921.2013,NA,19.70990000000000,16.71880000000000,13.17740000000000,63.25560000000000,94.7819,918.8945,15.4842,2.3068,13.1774,48.5957,16.9667,6.7236,10.2431,0.9863,918.8945,NA
ExperienceX.exe,22676,0x1BBC8041FF0,DXGI,1,0,0,Composed: Flip,934.5068,NA,13.30550000000000,16.60400000000000,16.48910000000000,66.42100000000001,98.0804,934.3787,16.6172,0.1281,16.4891,65.0427,1.5064,1.5006,0.0058,-1.1198,934.3787,NA
ExperienceX.exe,22676,0x1BBC8041FF0,DXGI,1,0,0,Composed: Flip,952.0052,NA,17.49840000000000,16.96690000000000,15.54840000000000,65.87740000000001,97.5489,950.9959,16.5577,1.0093,15.5484,49.9355,16.9512,6.6678,10.2834,-0.3497,950.9959,NA
ExperienceX.exe,22676,0x1BBC8041FF0,DXGI,1,0,0,Composed: Flip,967.6788,NA,15.67360000000000,16.52550000000000,16.93160000000000,66.80670000000001,98.4008,967.5536,17.0568,0.1252,16.9316,50.7406,16.1913,1.8867,14.3046,0.0322,967.5536,NA
ExperienceX.exe,22676,0x1BBC8041FF0,DXGI,1,0,0,Composed: Flip,986.3330,NA,18.65420000000000,16.67440000000000,14.56370000000000,65.97600000000000,96.4210,984.6104,16.2863,1.7226,14.5637,49.8809,17.8177,6.3258,11.4919,0.3824,984.6104,NA
ExperienceX.exe,22676,0x1BBC8041FF0,DXGI,1,0,0,Composed: Flip,1000.9750,NA,14.64200000000000,16.78220000000000,16.74750000000000,66.92460000000000,98.5612,1000.8967,16.8258,0.0783,16.7475,65.5634,1.4395,1.4161,0.0234,-0.4959,1000.8967,NA
ExperienceX.exe,22676,0x1BBC8041FF0,DXGI,1,0,0,Composed: Flip,1019.6168,NA,18.64180000000000,16.58790000000000,14.85240000000000,65.78980000000000,96.5073,1017.7225,16.7467,1.8943,14.8524,50.1829,17.5012,4.7075,12.7937,0.2379,1017.7225,NA
ExperienceX.exe,22676,0x1BBC8041FF0,DXGI,1,0,0,Composed: Flip,1034.7495,NA,15.13270000000000,16.64140000000000,17.53000000000000,66.72290000000001,98.0160,1034.4692,17.8103,0.2803,17.5300,65.3550,1.6482,1.6167,0.0315,0.1053,1034.4692,NA
ExperienceX.exe,22676,0x1BBC8041FF0,DXGI,1,0,0,Composed: Flip,1053.8169,NA,19.06740000000000,17.02980000000000,14.00250000000000,65.82450000000000,95.9784,1052.2795,15.5399,1.5374,14.0025,49.1982,18.1637,6.0276,12.1361,0.7805,1052.2795,NA
ExperienceX.exe,22676,0x1BBC8041FF0,DXGI,1,0,0,Composed: Flip,1068.0214,NA,14.20450000000000,16.34920000000000,17.67730000000000,66.54880000000000,98.1231,1067.8194,17.8793,0.2020,17.6773,65.3239,1.4269,1.4042,0.0227,-0.8093,1067.8194,NA
ExperienceX.exe,22676,0x1BBC8041FF0,DXGI,1,0,0,Composed: Flip,1086.7411,NA,18.71970000000000,16.55930000000000,14.48490000000000,64.82680000000001,95.9627,1085.6987,15.5273,1.0424,14.4849,48.8798,16.9894,3.8153,13.1741,1.3200,1085.6987,NA
ExperienceX.exe,22676,0x1BBC8041FF0,DXGI,1,0,0,Composed: Flip,1101.4331,NA,14.69200000000000,16.70930000000000,18.18550000000000,66.60390000000001,97.9800,1101.2260,18.3926,0.2071,18.1855,51.1391,15.6719,1.8731,13.7988,-1.1820,1101.2260,NA
ExperienceX.exe,22676,0x1BBC8041FF0,DXGI,1,0,0,Composed: Flip,1121.7761,NA,20.34300000000000,16.75010000000000,12.86660000000000,62.68860000000000,94.3871,1119.6186,15.0241,2.1575,12.8666,48.4242,16.4219,4.3918,12.0301,1.6425,1119.6186,NA
ExperienceX.exe,22676,0x1BBC8041FF0,DXGI,1,0,0,Composed: Flip,1137.1760,NA,15.39990000000000,16.60320000000000,14.43750000000000,64.06880000000000,95.5904,1134.6427,16.9708,2.5333,14.4375,65.1719,1.4302,1.4175,0.0127,-1.5791,1134.6427,NA
ExperienceX.exe,22676,0x1BBC8041FF0,DXGI,1,0,0,Composed: Flip,1152.2583,NA,15.08230000000000,16.79150000000000,15.72820000000000,66.55480000000000,97.2996,1151.6135,16.3730,0.6448,15.7282,49.6380,17.5616,4.8339,12.7277,0.1793,1151.6135,NA
ExperienceX.exe,22676,0x1BBC8041FF0,DXGI,1,0,0,Composed: Flip,1169.3751,NA,17.11680000000000,16.53020000000000,15.22450000000000,65.30870000000000,96.7130,1167.9865,16.6131,1.3886,15.2245,65.0632,1.6341,1.6092,0.0249,-0.1572,1167.9865,NA
ExperienceX.exe,22676,0x1BBC8041FF0,DXGI,1,0,0,Composed: Flip,1187.5168,NA,18.14170000000000,16.81450000000000,13.77080000000000,64.37060000000000,95.3858,1184.5996,16.6880,2.9172,13.7708,50.0877,17.2001,4.3475,12.8526,-0.2014,1184.5996,NA
ExperienceX.exe,22676,0x1BBC8041FF0,DXGI,1,0,0,Composed: Flip,1201.4617,NA,13.94490000000000,16.54620000000000,17.29510000000000,66.50300000000000,97.9871,1201.2876,17.4692,0.1741,17.2951,65.2184,1.4587,1.4484,0.0103,0.1418,1201.2876,NA
ExperienceX.exe,22676,0x1BBC8041FF0,DXGI,1,0,0,Composed: Flip,1222.1374,NA,20.67570000000000,16.80450000000000,12.51840000000000,63.33100000000000,94.1159,1218.7568,15.8990,3.3806,12.5184,49.2122,17.4994,5.0036,12.4958,0.6647,1218.7568,NA
ExperienceX.exe,22676,0x1BBC8041FF0,DXGI,1,0,0,Composed: Flip,1235.0890,NA,12.95160000000000,16.44620000000000,16.72160000000000,66.11320000000001,97.6105,1234.6558,17.1548,0.4332,16.7216,51.3379,15.2085,1.6075,13.6010,-0.5472,1234.6558,NA
ExperienceX.exe,22676,0x1BBC8041FF0,DXGI,1,0,0,Composed: Flip,1254.7099,NA,19.62090000000000,16.71940000000000,13.27800000000000,64.45150000000001,94.7090,1251.8106,16.1773,2.8993,13.2780,49.3983,17.9525,3.4192,14.5333,0.4354,1251.8106,NA
ExperienceX.exe,22676,0x1BBC8041FF0,DXGI,1,0,0,Composed: Flip,1268.1875,NA,13.47760000000000,16.61750000000000,17.20050000000000,66.31010000000001,97.8489,1267.9879,17.4001,0.1996,17.2005,53.3342,13.1755,4.3424,8.8331,-0.4402,1267.9879,NA
ExperienceX.exe,22676,0x1BBC8041FF0,DXGI,1,0,0,Composed: Flip,1286.2442,NA,18.05670000000000,16.55280000000000,14.89410000000000,65.17420000000000,96.3450,1285.3880,15.7503,0.8562,14.8941,49.1175,16.9129,5.4639,11.4490,0.8473,1285.3880,NA
ExperienceX.exe,22676,0x1BBC8041FF0,DXGI,1,0,0,Composed: Flip,1302.2947,NA,16.05050000000000,16.67990000000000,16.69680000000000,65.64300000000000,96.9744,1301.1383,17.8532,1.1564,16.6968,65.0595,1.7399,1.7262,0.0137,-0.9296,1301.1383,NA
ExperienceX.exe,22676,0x1BBC8041FF0,DXGI,1,0,0,Composed: Flip,1324.8364,NA,22.54170000000000,16.62980000000000,9.63750000000000,59.63270000000000,91.0625,1318.9915,15.4824,5.8449,9.6375,48.9529,16.5247,7.2091,9.3156,1.2234,1318.9915,NA
ExperienceX.exe,22676,0x1BBC8041FF0,DXGI,1,0,0,Composed: Flip,1334.7061,NA,9.86970000000000,16.75840000000000,16.69640000000000,66.36860000000000,97.9512,1334.4739,16.9286,0.2322,16.6964,65.0149,1.5859,1.5799,0.0060,-1.2760,1334.4739,NA
ExperienceX.exe,22676,0x1BBC8041FF0,DXGI,1,0,0,Composed: Flip,1353.3770,NA,18.67090000000000,16.78930000000000,14.87250000000000,65.51470000000000,96.0696,1351.4025,16.8470,1.9745,14.8725,49.6739,17.8153,7.9062,9.9091,0.1393,1351.4025,NA
ExperienceX.exe,22676,0x1BBC8041FF0,DXGI,1,0,0,Composed: Flip,1368.4278,NA,15.05080000000000,16.59890000000000,16.00550000000000,65.94820000000000,97.6177,1368.2495,16.1838,0.1783,16.0055,64.6014,1.5251,1.5130,0.0121,0.2481,1368.2495,NA
ExperienceX.exe,22676,0x1BBC8041FF0,DXGI,1,0,0,Composed: Flip,1385.3669,NA,16.93910000000000,16.73560000000000,15.72720000000000,65.83150000000001,97.4142,1384.4333,16.6608,0.9336,15.7272,49.9461,16.8190,5.9999,10.8191,-0.5518,1384.4333,NA
ExperienceX.exe,22676,0x1BBC8041FF0,DXGI,1,0,0,Composed: Flip,1401.2026,NA,15.83570000000000,16.43140000000000,17.61220000000000,66.60560000000001,98.0099,1401.0941,17.7207,0.1085,17.6122,50.6450,16.0691,1.8265,14.2426,0.2294,1401.0941,NA
ExperienceX.exe,22676,0x1BBC8041FF0,DXGI,1,0,0,Composed: Flip,1419.6937,NA,18.49110000000000,16.74390000000000,14.62940000000000,64.81950000000001,96.2627,1418.8148,15.5083,0.8789,14.6294,48.9969,16.7015,5.4479,11.2536,0.9768,1418.8148,NA
ExperienceX.exe,22676,0x1BBC8041FF0,DXGI,1,0,0,Composed: Flip,1434.4413,NA,14.74760000000000,16.61290000000000,16.71140000000000,66.27190000000000,98.1280,1434.3231,16.8296,0.1182,16.7114,64.9597,1.4304,1.4227,0.0077,-1.1046,1434.3231,NA
ExperienceX.exe,22676,0x1BBC8041FF0,DXGI,1,0,0,Composed: Flip,1453.0102,NA,18.56890000000000,16.82690000000000,14.75660000000000,65.81680000000000,96.3860,1451.1527,16.6141,1.8575,14.7566,49.5657,18.1086,7.7380,10.3706,0.0027,1451.1527,NA
ExperienceX.exe,22676,0x1BBC8041FF0,DXGI,1,0,0,Composed: Flip,1467.8517,NA,14.84150000000000,16.48120000000000,16.69760000000000,66.39940000000000,98.0257,1467.7668,16.7825,0.0849,16.6976,64.9454,1.5389,1.5308,0.0081,0.1329,1467.7668,NA
ExperienceX.exe,22676,0x1BBC8041FF0,DXGI,1,0,0,Composed: Flip,1486.0420,NA,18.19030000000000,16.78130000000000,14.87920000000000,65.20440000000001,96.6167,1484.5493,16.3719,1.4927,14.8792,49.7061,16.9910,6.4527,10.5383,0.0012,1484.5493,NA
ExperienceX.exe,22676,0x1BBC8041FF0,DXGI,1,0,0,Composed: Flip,1501.1999,NA,15.15790000000000,16.65070000000000,17.49680000000000,66.35970000000000,98.1095,1500.9212,17.7755,0.2787,17.4968,65.0725,1.5659,1.5575,0.0084,-0.2788,1500.9212,NA
ExperienceX.exe,22676,0x1BBC8041FF0,DXGI,1,0,0,Composed: Flip,1520.3857,NA,19.18580000000000,16.73210000000000,13.90810000000000,64.14190000000001,95.6558,1518.6967,15.5971,1.6890,13.9081,48.8697,16.9612,6.8188,10.1424,1.0434,1518.6967,NA
ExperienceX.exe,22676,0x1BBC8041FF0,DXGI,1,0,0,Composed: Flip,1534.4215,NA,14.03580000000000,16.56330000000000,16.83170000000000,66.67020000000001,98.1833,1534.2938,16.9594,0.1277,16.8317,50.5407,16.2572,1.8212,14.4360,-0.9662,1534.2938,NA
ExperienceX.exe,22676,0x1BBC8041FF0,DXGI,1,0,0,Composed: Flip,1553.6622,NA,19.24070000000000,16.71770000000000,13.95120000000000,65.09220000000001,95.6603,1551.2532,16.3602,2.4090,13.9512,49.8418,17.6594,7.4942,10.1652,0.2417,1551.2532,NA
ExperienceX.exe,22676,0x1BBC8041FF0,DXGI,1,0,0,Composed: Flip,1567.7517,NA,14.08950000000000,16.69530000000000,16.76820000000000,66.57660000000000,98.2661,1567.6134,16.9065,0.1383,16.7682,65.1802,1.5347,1.5261,0.0086,-0.3351,1567.6134,NA
ExperienceX.exe,22676,0x1BBC8041FF0,DXGI,1,0,0,Composed: Flip,1586.5657,NA,18.81400000000000,16.65730000000000,14.38400000000000,64.42460000000000,96.1094,1584.5199,16.4298,2.0458,14.3840,49.8139,16.6565,6.1643,10.4922,0.2492,1584.5199,NA
ExperienceX.exe,22676,0x1BBC8041FF0,DXGI,1,0,0,Composed: Flip,1601.0972,NA,14.53150000000000,16.61330000000000,17.86100000000000,66.85430000000001,98.1912,1600.9497,18.0085,0.1475,17.8610,65.4046,1.5972,1.5789,0.0183,-0.1835,1600.9497,NA
ExperienceX.exe,22676,0x1BBC8041FF0,DXGI,1,0,0,Composed: Flip,1620.5999,NA,19.50270000000000,16.63840000000000,13.74930000000000,64.51360000000000,95.3269,1618.9582,15.3910,1.6417,13.7493,49.0005,17.1548,7.2331,9.9217,1.3701,1618.9582,NA
ExperienceX.exe,22676,0x1BBC8041FF0,DXGI,1,0,0,Composed: Flip,1634.5327,NA,13.93280000000000,16.68240000000000,16.45360000000000,66.47960000000000,98.0765,1634.3492,16.6371,0.1835,16.4536,65.1482,1.5149,1.5012,0.0137,-1.2914,1634.3492,NA
ExperienceX.exe,22676,0x1BBC8041FF0,DXGI,1,0,0,Composed: Flip,1652.3481,NA,17.81540000000000,16.70960000000000,15.51040000000000,65.44170000000000,96.9707,1650.9863,16.8722,1.3618,15.5104,50.0301,16.7734,6.7216,10.0518,-0.0725,1650.9863,NA
ExperienceX.exe,22676,0x1BBC8041FF0,DXGI,1,0,0,Composed: Flip,1669.5107,NA,17.16260000000000,16.58120000000000,15.52590000000000,64.89300000000000,96.3893,1667.8585,17.1781,1.6522,15.5259,50.2191,16.3261,1.8365,14.4896,0.2910,1667.8585,NA
ExperienceX.exe,22676,0x1BBC8041FF0,DXGI,1,0,0,Composed: Flip,1686.0492,NA,16.53850000000000,16.80630000000000,14.89740000000000,64.98270000000001,96.6571,1685.0366,15.9100,1.0126,14.8974,49.3698,16.6255,5.2578,11.3677,0.3718,1685.0366,NA
ExperienceX.exe,22676,0x1BBC8041FF0,DXGI,1,0,0,Composed: Flip,1702.0893,NA,16.04010000000000,16.55420000000000,15.73570000000000,65.42860000000000,97.1712,1700.9466,16.8784,1.1427,15.7357,65.0588,1.5125,1.5051,0.0074,-0.6442,1700.9466,NA
ExperienceX.exe,22676,0x1BBC8041FF0,DXGI,1,0,0,Composed: Flip,1719.1366,NA,17.04730000000000,16.77490000000000,15.25320000000000,65.67570000000001,96.8988,1717.8250,16.5648,1.3116,15.2532,49.6964,17.2909,7.0135,10.2774,0.1035,1717.8250,NA
ExperienceX.exe,22676,0x1BBC8041FF0,DXGI,1,0,0,Composed: Flip,1734.4676,NA,15.33100000000000,16.52010000000000,16.47990000000000,66.49050000000000,98.0879,1734.3898,16.5577,0.0778,16.4799,65.0588,1.5095,1.5028,0.0067,0.0447,1734.3898,NA
ExperienceX.exe,22676,0x1BBC8041FF0,DXGI,1,0,0,Composed: Flip,1752.0139,NA,17.54630000000000,16.73880000000000,15.47970000000000,65.78240000000001,97.2804,1750.9475,16.5461,1.0664,15.4797,50.0125,16.8363,6.6035,10.2328,-0.1811,1750.9475,NA
ExperienceX.exe,22676,0x1BBC8041FF0,DXGI,1,0,0,Composed: Flip,1767.5688,NA,15.55490000000000,16.69860000000000,16.94500000000000,66.64840000000001,98.4241,1767.4936,17.0202,0.0752,16.9450,65.2504,1.4732,1.4686,0.0046,-0.1525,1767.4936,NA
ExperienceX.exe,22676,0x1BBC8041FF0,DXGI,1,0,0,Composed: Flip,1786.0966,NA,18.52780000000000,16.63720000000000,14.81900000000000,64.94360000000000,96.5335,1784.5138,16.4018,1.5828,14.8190,49.7065,16.8199,6.7706,10.0493,0.3830,1784.5138,NA
ExperienceX.exe,22676,0x1BBC8041FF0,DXGI,1,0,0,Composed: Flip,1801.0304,NA,14.93380000000000,16.60970000000000,16.67060000000000,66.59890000000000,98.2094,1800.9156,16.7854,0.1148,16.6706,50.5866,16.1271,1.6076,14.5195,-0.2079,1800.9156,NA
ExperienceX.exe,22676,0x1BBC8041FF0,DXGI,1,0,0,Composed: Flip,1819.2483,NA,18.21790000000000,17.00650000000000,15.01430000000000,65.15380000000000,96.9980,1817.7010,16.5616,1.5473,15.0143,49.9324,16.7687,6.5031,10.2656,-0.2211,1817.7010,NA
ExperienceX.exe,22676,0x1BBC8041FF0,DXGI,1,0,0,Composed: Flip,1834.3739,NA,15.12560000000000,16.44770000000000,16.81470000000000,66.45600000000000,98.3201,1834.2626,16.9260,0.1113,16.8147,65.0858,1.4815,1.4755,0.0060,0.1139,1834.2626,NA
ExperienceX.exe,22676,0x1BBC8041FF0,DXGI,1,0,0,Composed: Flip,1852.3255,NA,17.95160000000000,16.57100000000000,15.27010000000000,67.13220000000000,96.9395,1851.1886,16.4070,1.1369,15.2701,49.6448,18.6243,8.1565,10.4678,0.3550,1851.1886,NA
ExperienceX.exe,22676,0x1BBC8041FF0,DXGI,1,0,0,Composed: Flip,1867.6826,NA,15.35710000000000,16.70520000000000,16.68120000000000,66.62150000000000,98.2876,1867.5956,16.7682,0.0870,16.6812,65.3181,1.3904,1.3673,0.0231,-0.2982,1867.5956,NA
ExperienceX.exe,22676,0x1BBC8041FF0,DXGI,1,0,0,Composed: Flip,1886.3141,NA,18.63150000000000,16.58870000000000,14.52070000000000,65.05070000000001,96.2448,1884.3638,16.4710,1.9503,14.5207,49.9462,17.0548,4.2791,12.7757,0.1795,1884.3638,NA
ExperienceX.exe,22676,0x1BBC8041FF0,DXGI,1,0,0,Composed: Flip,1900.9136,NA,14.59950000000000,16.98270000000000,18.45450000000000,66.68330000000000,98.6280,1900.8348,18.5333,0.0788,18.4545,65.3698,1.3923,1.3798,0.0125,-0.5117,1900.8348,NA
ExperienceX.exe,22676,0x1BBC8041FF0,DXGI,1,0,0,Composed: Flip,1920.6429,NA,19.72930000000000,16.36880000000000,13.56100000000000,63.68400000000000,95.2675,1919.3681,14.8358,1.2748,13.5610,48.2342,16.7246,6.6599,10.0647,2.1645,1919.3681,NA
ExperienceX.exe,22676,0x1BBC8041FF0,DXGI,1,0,0,Composed: Flip,1934.3790,NA,13.73610000000000,16.77470000000000,17.04020000000000,66.99790000000000,98.3061,1934.2039,17.2153,0.1751,17.0402,50.3183,16.8547,1.5887,15.2660,-1.9389,1934.2039,NA
ExperienceX.exe,22676,0x1BBC8041FF0,DXGI,1,0,0,Composed: Flip,1952.1222,NA,17.74320000000000,16.68710000000000,15.47790000000000,65.36960000000001,97.2500,1951.4192,16.1809,0.7030,15.4779,49.9626,16.1100,5.3568,10.7532,0.5282,1951.4192,NA
ExperienceX.exe,22676,0x1BBC8041FF0,DXGI,1,0,0,Composed: Flip,1967.7514,NA,15.62920000000000,16.54450000000000,16.59670000000000,66.62280000000000,98.1653,1967.6001,16.7480,0.1513,16.5967,65.2911,1.4830,1.4614,0.0216,-0.3636,1967.6001,NA
ExperienceX.exe,22676,0x1BBC8041FF0,DXGI,1,0,0,Composed: Flip,1985.2185,NA,17.46710000000000,16.67200000000000,16.07940000000000,65.84870000000001,97.3702,1984.3481,16.9498,0.8704,16.0794,50.0308,16.6883,5.5395,11.1488,0.0760,1984.3481,NA
ExperienceX.exe,22676,0x1BBC8041FF0,DXGI,1,0,0,Composed: Flip,2001.4202,NA,16.20170000000000,16.72770000000000,16.06190000000000,66.24600000000001,97.8962,2001.2979,16.1842,0.1223,16.0619,64.8097,1.5586,1.5476,0.0110,0.2221,2001.2979,NA
ExperienceX.exe,22676,0x1BBC8041FF0,DXGI,1,0,0,Composed: Flip,2018.6386,NA,17.21840000000000,16.77600000000000,15.66310000000000,65.71870000000000,97.4538,2017.4821,16.8196,1.1565,15.6631,50.1881,16.6871,5.5932,11.0939,-0.5918,2017.4821,NA
ExperienceX.exe,22676,0x1BBC8041FF0,DXGI,1,0,0,Composed: Flip,2034.4559,NA,15.81730000000000,16.77290000000000,16.78350000000000,66.51160000000000,98.4094,2034.3017,16.9377,0.1542,16.7835,65.2331,1.4327,1.4213,0.0114,0.0467,2034.3017,NA
ExperienceX.exe,22676,0x1BBC8041FF0,DXGI,1,0,0,Composed: Flip,2053.0575,NA,18.60160000000000,16.47360000000000,14.56560000000000,65.57690000000001,96.2814,2051.2394,16.3837,1.8181,14.5656,49.7325,17.6625,6.7661,10.8964,0.4641,2051.2394,NA
ExperienceX.exe,22676,0x1BBC8041FF0,DXGI,1,0,0,Composed: Flip,2067.7314,NA,14.67390000000000,16.55250000000000,16.57380000000000,67.85570000000000,98.1600,2067.6231,16.6821,0.1083,16.5738,51.3106,16.6534,2.4755,14.1779,-0.1688,2067.6231,NA
ExperienceX.exe,22676,0x1BBC8041FF0,DXGI,1,0,0,Composed: Flip,2085.2847,NA,17.55330000000000,16.71640000000000,15.64200000000000,65.77450000000000,97.3231,2084.3052,16.6215,0.9795,15.6420,51.2862,15.4678,6.1041,9.3637,-0.0343,2084.3052,NA
ExperienceX.exe,22676,0x1BBC8041FF0,DXGI,1,0,0,Composed: Flip,2101.6672,NA,16.38250000000000,16.66700000000000,16.85100000000000,65.90880000000000,97.6076,2100.9267,17.5915,0.7405,16.8510,65.0931,1.5562,1.5473,0.0089,-0.0455,2100.9267,NA
ExperienceX.exe,22676,0x1BBC8041FF0,DXGI,1,0,0,Composed: Flip,2119.5648,NA,17.89760000000000,16.61370000000000,15.98190000000000,64.60890000000001,96.3237,2118.5182,17.0285,1.0466,15.9819,49.0625,16.5930,6.5208,10.0722,0.9778,2118.5182,NA
ExperienceX.exe,22676,0x1BBC8041FF0,DXGI,1,0,0,Composed: Flip,2136.6307,NA,17.06590000000000,16.69610000000000,14.35000000000000,64.23060000000001,95.9539,2135.5467,15.4340,1.0840,14.3500,63.9479,1.3667,1.3579,0.0088,0.3324,2135.5467,NA
ExperienceX.exe,22676,0x1BBC8041FF0,DXGI,1,0,0,Composed: Flip,2152.1969,NA,15.56620000000000,16.75530000000000,15.36300000000000,66.07120000000000,97.1430,2150.9807,16.5792,1.2162,15.3630,49.8860,17.4014,4.6211,12.7803,-1.3213,2150.9807,NA
ExperienceX.exe,22676,0x1BBC8041FF0,DXGI,1,0,0,Composed: Flip,2167.6699,NA,15.47300000000000,16.66360000000000,16.49010000000000,67.78240000000001,98.3336,2167.5599,16.6001,0.1100,16.4901,65.2061,2.6863,2.6838,0.0025,-0.0844,2167.5599,NA
ExperienceX.exe,22676,0x1BBC8041FF0,DXGI,1,0,0,Composed: Flip,2185.3813,NA,17.71140000000000,16.53580000000000,15.56530000000000,65.61890000000000,97.1580,2184.1600,16.7866,1.2213,15.5653,51.2960,15.5442,5.8978,9.6464,0.0643,2184.1600,NA
ExperienceX.exe,22676,0x1BBC8041FF0,DXGI,1,0,0,Composed: Flip,2201.0883,NA,15.70700000000000,16.75630000000000,17.18350000000000,66.56420000000000,98.2073,2200.9466,17.3252,0.1417,17.1835,50.4860,16.2199,1.5270,14.6929,0.0303,2200.9466,NA
ExperienceX.exe,22676,0x1BBC8041FF0,DXGI,1,0,0,Composed: Flip,2219.0300,NA,17.94170000000000,16.61670000000000,16.47310000000000,65.00250000000000,96.8823,2218.2718,17.2313,0.7582,16.4731,49.3852,16.3755,5.2777,11.0978,0.7085,2218.2718,NA
ExperienceX.exe,22676,0x1BBC8041FF0,DXGI,1,0,0,Composed: Flip,2235.5810,NA,16.55100000000000,16.66290000000000,15.39160000000000,65.38970000000000,96.9942,2235.5031,15.4695,0.0779,15.3916,63.9710,1.4966,1.4811,0.0155,0.5684,2235.5031,NA
ExperienceX.exe,22676,0x1BBC8041FF0,DXGI,1,0,0,Composed: Flip,2252.3215,NA,16.74050000000000,16.66090000000000,15.34000000000000,66.03000000000000,96.9146,2250.9726,16.6889,1.3489,15.3400,50.0018,17.3771,7.0898,10.2873,-1.1914,2250.9726,NA
ExperienceX.exe,22676,0x1BBC8041FF0,DXGI,1,0,0,Composed: Flip,2267.7788,NA,15.45730000000000,16.64110000000000,16.42630000000000,66.59490000000001,98.0984,2267.6615,16.5436,0.1173,16.4263,65.1793,1.5329,1.5122,0.0207,0.0478,2267.6615,NA
ExperienceX.exe,22676,0x1BBC8041FF0,DXGI,1,0,0,Composed: Flip,2285.3269,NA,17.54810000000000,16.70040000000000,15.60350000000000,65.42480000000000,97.2507,2284.2051,16.7253,1.1218,15.6035,50.1752,16.3714,5.8396,10.5318,-0.1568,2284.2051,NA
ExperienceX.exe,22676,0x1BBC8041FF0,DXGI,1,0,0,Composed: Flip,2302.1354,NA,16.80850000000000,16.66150000000000,16.25610000000000,65.42630000000000,97.1037,2300.9304,17.4611,1.2050,16.2561,65.0895,1.5418,1.5418,0.0000,0.0638,2300.9304,NA
ExperienceX.exe,22676,0x1BBC8041FF0,DXGI,1,0,0,Composed: Flip,2319.6816,NA,17.54620000000000,16.68840000000000,14.91190000000000,64.58120000000001,96.2459,2318.3915,16.2020,1.2901,14.9119,49.1702,16.7011,6.7455,9.9556,0.7727,2318.3915,NA
ExperienceX.exe,22676,0x1BBC8041FF0,DXGI,1,0,0,Composed: Flip,2334.7726,NA,15.09100000000000,16.62130000000000,16.03090000000000,65.94730000000000,97.7762,2334.5935,16.2100,0.1791,16.0309,50.0973,16.0291,1.4906,14.5385,-0.4193,2334.5935,NA
ExperienceX.exe,22676,0x1BBC8041FF0,DXGI,1,0,0,Composed: Flip,2351.8489,NA,17.07630000000000,16.65310000000000,15.74710000000000,65.65040000000000,97.3530,2350.8035,16.7925,1.0454,15.7471,49.9274,16.7684,5.2908,11.4776,-0.4431,2350.8035,NA
ExperienceX.exe,22676,0x1BBC8041FF0,DXGI,1,0,0,Composed: Flip,2367.6971,NA,15.84820000000000,16.68740000000000,16.57200000000000,66.55270000000000,98.1922,2367.5960,16.6731,0.1011,16.5720,65.0717,1.5821,1.5753,0.0068,0.1051,2367.5960,NA
ExperienceX.exe,22676,0x1BBC8041FF0,DXGI,1,0,0,Composed: Flip,2385.4242,NA,17.72710000000000,16.68470000000000,15.30860000000000,65.33400000000000,97.1498,2384.2691,16.4637,1.1551,15.3086,49.9863,16.5028,6.7747,9.7281,-0.0116,2384.2691,NA
ExperienceX.exe,22676,0x1BBC8041FF0,DXGI,1,0,0,Composed: Flip,2400.8436,NA,15.41940000000000,16.68090000000000,16.67850000000000,66.58020000000000,98.4113,2400.7328,16.7893,0.1108,16.6785,65.3384,1.3526,1.3468,0.0058,-0.2172,2400.7328,NA
ExperienceX.exe,22676,0x1BBC8041FF0,DXGI,1,0,0,Composed: Flip,2418.8263,NA,17.98270000000000,16.73290000000000,15.53330000000000,65.36530000000000,97.1615,2417.5221,16.8375,1.3042,15.5333,49.9055,16.7640,6.4867,10.2773,0.0564,2417.5221,NA
ExperienceX.exe,22676,0x1BBC8041FF0,DXGI,1,0,0,Composed: Flip,2434.4830,NA,15.65670000000000,16.55090000000000,16.30270000000000,66.34610000000001,98.0557,2434.3596,16.4261,0.1234,16.3027,65.1984,1.2711,1.2668,0.0043,0.2866,2434.3596,NA
ExperienceX.exe,22676,0x1BBC8041FF0,DXGI,1,0,0,Composed: Flip,2451.6045,NA,17.12150000000000,16.88250000000000,15.84000000000000,66.75880000000001,97.8167,2450.7857,16.6588,0.8188,15.8400,50.0468,17.5308,5.9378,11.5930,-0.4564,2450.7857,NA
ExperienceX.exe,22676,0x1BBC8041FF0,DXGI,1,0,0,Composed: Flip,2467.5350,NA,15.93050000000000,16.44760000000000,16.66780000000000,66.57940000000001,98.3338,2467.4445,16.7583,0.0905,16.6678,51.3009,15.3690,1.5715,13.7975,0.2112,2467.4445,NA
ExperienceX.exe,22676,0x1BBC8041FF0,DXGI,1,0,0,Composed: Flip,2485.1008,NA,17.56580000000000,16.73940000000000,15.81480000000000,66.07540000000000,97.5074,2484.2028,16.7128,0.8980,15.8148,49.9149,17.0585,3.8660,13.1925,0.0189,2484.2028,NA
ExperienceX.exe,22676,0x1BBC8041FF0,DXGI,1,0,0,Composed: Flip,2501.8331,NA,16.73230000000000,16.61680000000000,16.46720000000000,65.53010000000000,97.3919,2500.9156,17.3847,0.9175,16.4672,65.0768,1.3708,1.3655,0.0053,0.0960,2500.9156,NA
ExperienceX.exe,22676,0x1BBC8041FF0,DXGI,1,0,0,Composed: Flip,2519.6252,NA,17.79210000000000,16.66080000000000,14.51610000000000,64.68000000000001,96.2606,2518.3003,15.8410,1.3249,14.5161,49.0677,16.9372,6.6658,10.2714,0.7239,2518.3003,NA
ExperienceX.exe,22676,0x1BBC8041FF0,DXGI,1,0,0,Composed: Flip,2534.2297,NA,14.60450000000000,16.73200000000000,17.10250000000000,66.38960000000000,98.3881,2534.1413,17.1909,0.0884,17.1025,65.1667,1.3113,1.3021,0.0092,-0.8910,2534.1413,NA
ExperienceX.exe,22676,0x1BBC8041FF0,DXGI,1,0,0,Composed: Flip,2552.9149,NA,18.68520000000000,16.63390000000000,14.47640000000000,64.59520000000001,96.3368,2551.3322,16.0591,1.5827,14.4764,49.2909,16.8870,6.4261,10.4609,0.5570,2551.3322,NA
ExperienceX.exe,22676,0x1BBC8041FF0,DXGI,1,0,0,Composed: Flip,2567.4811,NA,14.56620000000000,16.74480000000000,16.83910000000000,66.91850000000001,98.5154,2567.3913,16.9289,0.0898,16.8391,65.4802,1.5281,1.5133,0.0148,-0.6857,2567.3913,NA
ExperienceX.exe,22676,0x1BBC8041FF0,DXGI,1,0,0,Composed: Flip,2584.9859,NA,17.50480000000000,16.54120000000000,15.64800000000000,65.92680000000000,97.5518,2584.3202,16.3137,0.6657,15.6480,50.0833,16.5092,5.5204,10.9888,0.3877,2584.3202,NA
ExperienceX.exe,22676,0x1BBC8041FF0,DXGI,1,0,0,Composed: Flip,2601.4166,NA,16.43070000000000,16.73640000000000,16.07600000000000,66.39800000000000,97.8575,2600.6339,16.8587,0.7827,16.0760,50.7131,16.4676,1.7140,14.7536,-0.4227,2600.6339,NA
ExperienceX.exe,22676,0x1BBC8041FF0,DXGI,1,0,0,Composed: Flip,2618.6204,NA,17.20380000000000,16.59900000000000,15.73790000000000,65.23350000000001,97.2527,2617.4926,16.8657,1.1278,15.7379,50.3278,16.0335,5.2633,10.7702,0.2597,2617.4926,NA
ExperienceX.exe,22676,0x1BBC8041FF0,DXGI,1,0,0,Composed: Flip,2634.5247,NA,15.90430000000000,16.88940000000000,16.39100000000000,66.56990000000000,98.2378,2634.3583,16.5574,0.1664,16.3910,65.2081,1.5282,1.5267,0.0015,-0.0237,2634.3583,NA
ExperienceX.exe,22676,0x1BBC8041FF0,DXGI,1,0,0,Composed: Flip,2652.1656,NA,17.64090000000000,16.50170000000000,15.77520000000000,66.73390000000001,97.0986,2650.9157,17.0251,1.2499,15.7752,50.1814,17.8024,8.0279,9.7745,0.0557,2650.9157,NA
ExperienceX.exe,22676,0x1BBC8041FF0,DXGI,1,0,0,Composed: Flip,2669.3517,NA,17.18610000000000,16.68210000000000,14.48570000000000,64.95230000000001,96.5946,2667.9408,15.8966,1.4109,14.4857,65.0079,1.3553,1.3412,0.0141,0.3430,2667.9408,NA
ExperienceX.exe,22676,0x1BBC8041FF0,DXGI,1,0,0,Composed: Flip,2684.6422,NA,15.29050000000000,16.77660000000000,16.50100000000000,66.27100000000000,98.0807,2683.8374,17.3058,0.8048,16.5010,50.4709,16.6049,6.1650,10.4399,-0.8800,2683.8374,NA
ExperienceX.exe,22676,0x1BBC8041FF0,DXGI,1,0,0,Composed: Flip,2701.6072,NA,16.96500000000000,16.55270000000000,17.30680000000000,66.71270000000000,97.6684,2701.1432,17.7708,0.4640,17.3068,65.0139,2.1628,2.1628,0.0000,0.7531,2701.1432,NA
ExperienceX.exe,22676,0x1BBC8041FF0,DXGI,1,0,0,Composed: Flip,2719.6709,NA,18.06370000000000,16.67820000000000,14.62460000000000,64.46840000000000,96.2829,2718.9140,15.3815,0.7569,14.6246,49.4059,15.8194,6.0369,9.7825,1.0926,2718.9140,NA
ExperienceX.exe,22676,0x1BBC8041FF0,DXGI,1,0,0,Composed: Flip,2735.4013,NA,15.73040000000000,16.59220000000000,15.43210000000000,65.96150000000000,97.1447,2734.2955,16.5379,1.1058,15.4321,50.1703,16.8970,2.0448,14.8522,-1.2107,2734.2955,NA
ExperienceX.exe,22676,0x1BBC8041FF0,DXGI,1,0,0,Composed: Flip,2752.3641,NA,16.96280000000000,16.77930000000000,15.87680000000000,65.90850000000000,96.9612,2750.8334,17.4075,1.5307,15.8768,50.5335,16.9057,6.5931,10.3126,-0.2414,2750.8334,NA
ExperienceX.exe,22676,0x1BBC8041FF0,DXGI,1,0,0,Composed: Flip,2768.3876,NA,16.02350000000000,16.54670000000000,15.74140000000000,65.84910000000001,97.4844,2768.2409,15.8881,0.1467,15.7414,64.4443,1.5515,1.5453,0.0062,0.8608,2768.2409,NA
ExperienceX.exe,22676,0x1BBC8041FF0,DXGI,1,0,0,Composed: Flip,2785.4907,NA,17.10310000000000,16.90810000000000,15.87200000000000,65.56680000000000,97.2894,2784.1290,17.2337,1.3617,15.8720,50.1093,16.8192,6.8197,9.9995,-1.0200,2784.1290,NA
ExperienceX.exe,22676,0x1BBC8041FF0,DXGI,1,0,0,Composed: Flip,2801.4546,NA,15.96390000000000,16.55800000000000,16.77300000000000,65.92710000000001,97.8835,2801.3627,16.8649,0.0919,16.7730,64.6117,1.4073,1.3875,0.0198,0.6757,2801.3627,NA
ExperienceX.exe,22676,0x1BBC8041FF0,DXGI,1,0,0,Composed: Flip,2819.1300,NA,17.67540000000000,16.64740000000000,15.15210000000000,65.23560000000001,96.8555,2818.2276,16.0545,0.9024,15.1521,49.1570,16.9810,6.3330,10.6480,0.2175,2818.2276,NA
ExperienceX.exe,22676,0x1BBC8041FF0,DXGI,1,0,0,Composed: Flip,2834.4014,NA,15.27140000000000,16.58500000000000,16.60780000000000,66.50070000000001,98.1691,2834.2821,16.7271,0.1193,16.6078,65.2566,1.3634,1.3546,0.0088,-0.5305,2834.2821,NA
ExperienceX.exe,22676,0x1BBC8041FF0,DXGI,1,0,0,Composed: Flip,2851.9694,NA,17.56800000000000,16.66400000000000,15.43000000000000,66.32830000000000,97.2651,2851.0092,16.3902,0.9602,15.4300,49.8966,17.3919,7.0601,10.3318,0.0631,2851.0092,NA
ExperienceX.exe,22676,0x1BBC8041FF0,DXGI,1,0,0,Composed: Flip,2867.4959,NA,15.52650000000000,16.63650000000000,16.84040000000000,66.70480000000001,98.3751,2867.3994,16.9369,0.0965,16.8404,51.4479,15.3534,1.6889,13.6645,-0.2463,2867.3994,NA
ExperienceX.exe,22676,0x1BBC8041FF0,DXGI,1,0,0,Composed: Flip,2885.9379,NA,18.44200000000000,16.80550000000000,14.97270000000000,64.93290000000000,96.7386,2884.3363,16.5743,1.6016,14.9727,49.8661,16.6684,6.6767,9.9917,0.1314,2884.3363,NA
ExperienceX.exe,22676,0x1BBC8041FF0,DXGI,1,0,0,Composed: Flip,2900.9981,NA,15.06020000000000,16.58030000000000,17.25330000000000,66.30440000000000,98.2587,2900.9106,17.3408,0.0875,17.2533,65.0304,1.3615,1.3567,0.0048,-0.0060,2900.9106,NA
ExperienceX.exe,22676,0x1BBC8041FF0,DXGI,1,0,0,Composed: Flip,2919.6852,NA,18.68710000000000,16.71630000000000,14.49910000000000,64.92250000000000,96.2879,2918.2514,15.9329,1.4338,14.4991,49.0543,17.3020,6.7264,10.5756,0.6245,2918.2514,NA
ExperienceX.exe,22676,0x1BBC8041FF0,DXGI,1,0,0,Composed: Flip,2934.2617,NA,14.57650000000000,16.62390000000000,16.59180000000000,66.56280000000001,98.3353,2934.1843,16.6692,0.0774,16.5918,65.2213,1.4189,1.4081,0.0108,-0.6910,2934.1843,NA
ExperienceX.exe,22676,0x1BBC8041FF0,DXGI,1,0,0,Composed: Flip,2951.7809,NA,17.51920000000000,16.74840000000000,15.55740000000000,66.46150000000000,97.5645,2950.8535,16.4848,0.9274,15.5574,49.9759,17.4130,6.1227,11.2903,-0.0792,2950.8535,NA
ExperienceX.exe,22676,0x1BBC8041FF0,DXGI,1,0,0,Composed: Flip,2967.4226,NA,15.64170000000000,16.54630000000000,17.08090000000000,66.86590000000000,98.4691,2967.3383,17.1652,0.0843,17.0809,65.4146,1.5356,1.5233,0.0123,-0.0615,2967.3383,NA
ExperienceX.exe,22676,0x1BBC8041FF0,DXGI,1,0,0,Composed: Flip,2986.0179,NA,18.59530000000000,16.72350000000000,14.81100000000000,65.09100000000001,96.5973,2984.5035,16.3254,1.5144,14.8110,49.7893,16.8161,6.1296,10.6865,0.4417,2984.5035,NA
ExperienceX.exe,22676,0x1BBC8041FF0,DXGI,1,0,0,Composed: Flip,3000.9596,NA,14.94170000000000,16.69530000000000,17.19920000000000,66.62190000000000,98.3509,3000.8289,17.3299,0.1307,17.1992,50.4532,16.2994,1.5837,14.7157,-0.3699,3000.8289,NA
ExperienceX.exe,22676,0x1BBC8041FF0,DXGI,1,0,0,Composed: Flip,3019.5223,NA,18.56270000000000,16.65120000000000,14.70180000000000,64.68490000000000,96.4394,3018.1588,16.0653,1.3635,14.7018,49.4263,16.6221,5.3908,11.2313,0.6787,3018.1588,NA
ExperienceX.exe,22676,0x1BBC8041FF0,DXGI,1,0,0,Composed: Flip,3034.3476,NA,14.82530000000000,16.75680000000000,16.79900000000000,66.64960000000001,98.3709,3034.2241,16.9225,0.1235,16.7990,65.3100,1.4631,1.4459,0.0172,-0.6915,3034.2241,NA
ExperienceX.exe,22676,0x1BBC8041FF0,DXGI,1,0,0,Composed: Flip,3052.2550,NA,17.90740000000000,16.56930000000000,15.38360000000000,65.35230000000000,97.0328,3051.1466,16.4920,1.1084,15.3836,49.8573,16.6034,5.4762,11.1272,0.3532,3051.1466,NA
ExperienceX.exe,22676,0x1BBC8041FF0,DXGI,1,0,0,Composed: Flip,3067.7942,NA,15.53920000000000,16.65270000000000,16.43860000000000,66.61500000000001,98.1463,3067.6386,16.5942,0.1556,16.4386,65.3009,1.4697,1.4579,0.0118,-0.1607,3067.6386,NA
ExperienceX.exe,22676,0x1BBC8041FF0,DXGI,1,0,0,Composed: Flip,3085.3329,NA,17.53870000000000,16.60320000000000,15.60570000000000,65.56530000000001,97.2108,3084.2328,16.7058,1.1001,15.6057,50.1815,16.4839,5.3908,11.0931,-0.0090,3084.2328,NA
ExperienceX.exe,22676,0x1BBC8041FF0,DXGI,1,0,0,Composed: Flip,3101.1068,NA,15.77390000000000,16.75800000000000,16.42520000000000,66.51180000000001,98.1949,3100.9386,16.5934,0.1682,16.4252,65.1985,1.4815,1.4679,0.0136,-0.0522,3100.9386,NA
ExperienceX.exe,22676,0x1BBC8041FF0,DXGI,1,0,0,Composed: Flip,3118.7828,NA,17.67600000000000,16.68790000000000,15.55710000000000,65.32650000000001,97.2068,3117.5320,16.8079,1.2508,15.5571,50.0912,16.4861,5.8420,10.6441,-0.0945,3117.5320,NA
ExperienceX.exe,22676,0x1BBC8041FF0,DXGI,1,0,0,Composed: Flip,3134.4324,NA,15.64960000000000,16.65660000000000,16.39060000000000,66.52130000000000,98.2138,3134.3399,16.4831,0.0925,16.3906,50.0173,16.5965,1.6284,14.9681,0.1513,3134.3399,NA
ExperienceX.exe,22676,0x1BBC8041FF0,DXGI,1,0,0,Composed: Flip,3152.0604,NA,17.62800000000000,16.92270000000000,15.51520000000000,66.17340000000000,97.5085,3150.8230,16.7526,1.2374,15.5152,50.1307,17.2801,7.2334,10.0467,-0.4396,3150.8230,NA
ExperienceX.exe,22676,0x1BBC8041FF0,DXGI,1,0,0,Composed: Flip,3167.6970,NA,15.63660000000000,16.66910000000000,16.40060000000000,66.62770000000000,98.5410,3167.5756,16.5220,0.1214,16.4006,65.2594,1.4897,1.4725,0.0172,0.0835,3167.5756,NA
ExperienceX.exe,22676,0x1BBC8041FF0,DXGI,1,0,0,Composed: Flip,3184.9249,NA,17.22790000000000,16.34820000000000,15.97550000000000,66.53290000000000,97.6613,3184.0976,16.8028,0.8273,15.9755,50.2325,17.1277,5.6523,11.4754,0.1738,3184.0976,NA
ExperienceX.exe,22676,0x1BBC8041FF0,DXGI,1,0,0,Composed: Flip,3201.8495,NA,16.92460000000000,16.68640000000000,16.33040000000000,66.04250000000000,97.4231,3200.9004,17.2795,0.9491,16.3304,65.6356,1.3560,1.3407,0.0153,0.1164,3200.9004,NA
ExperienceX.exe,22676,0x1BBC8041FF0,DXGI,1,0,0,Composed: Flip,3219.5667,NA,17.71720000000000,16.69220000000000,14.70380000000000,64.61440000000000,96.3981,3218.1799,16.0906,1.3868,14.7038,49.7182,16.2830,5.2637,11.0193,0.5873,3218.1799,NA
ExperienceX.exe,22676,0x1BBC8041FF0,DXGI,1,0,0,Composed: Flip,3234.4747,NA,14.90800000000000,16.59740000000000,16.87160000000000,66.52100000000000,98.0875,3234.2705,17.0758,0.2042,16.8716,65.1451,1.5801,1.5709,0.0092,-0.5068,3234.2705,NA
ExperienceX.exe,22676,0x1BBC8041FF0,DXGI,1,0,0,Composed: Flip,3254.3712,NA,19.89650000000000,16.72480000000000,13.46680000000000,63.69280000000001,94.9158,3251.3463,16.4917,3.0249,13.4668,49.6543,17.0634,6.2259,10.8375,0.3510,3251.3463,NA
ExperienceX.exe,22676,0x1BBC8041FF0,DXGI,1,0,0,Composed: Flip,3268.1282,NA,13.75700000000000,16.59180000000000,16.02540000000000,66.01980000000000,97.7506,3267.8380,16.3156,0.2902,16.0254,50.7316,15.5784,1.6093,13.9691,-0.1001,3267.8380,NA
ExperienceX.exe,22676,0x1BBC8041FF0,DXGI,1,0,0,Composed: Flip,3286.0137,NA,17.88550000000000,16.76880000000000,14.97940000000000,64.90840000000000,96.6339,3284.1536,16.8395,1.8601,14.9794,49.9963,16.7722,6.0230,10.7492,-0.4532,3284.1536,NA
ExperienceX.exe,22676,0x1BBC8041FF0,DXGI,1,0,0,Composed: Flip,3301.1664,NA,15.15270000000000,16.63200000000000,16.91020000000000,66.28880000000001,98.1132,3300.9931,17.0835,0.1733,16.9102,65.0556,1.4065,1.4000,0.0065,0.2075,3300.9931,NA
ExperienceX.exe,22676,0x1BBC8041FF0,DXGI,1,0,0,Composed: Flip,3319.5116,NA,18.34520000000000,16.67380000000000,14.64890000000000,64.80260000000000,96.4418,3318.0766,16.0839,1.4350,14.6489,49.3816,16.8560,6.5243,10.3317,0.4097,3318.0766,NA
ExperienceX.exe,22676,0x1BBC8041FF0,DXGI,1,0,0,Composed: Flip,3334.2582,NA,14.74660000000000,16.58700000000000,16.63520000000000,66.54600000000001,98.2822,3334.1605,16.7329,0.0977,16.6352,65.2930,1.3507,1.3382,0.0125,-0.5031,3334.1605,NA
ExperienceX.exe,22676,0x1BBC8041FF0,DXGI,1,0,0,Composed: Flip,3352.2984,NA,18.04020000000000,16.74760000000000,15.15370000000000,65.63320000000000,96.9896,3350.8934,16.5587,1.4050,15.1537,49.9137,17.1245,6.9415,10.1830,-0.0147,3350.8934,NA
ExperienceX.exe,22676,0x1BBC8041FF0,DXGI,1,0,0,Composed: Flip,3367.5416,NA,15.24320000000000,17.40290000000000,16.79180000000000,66.42830000000001,99.1493,3367.4521,16.8813,0.0895,16.7918,65.2621,1.2557,1.2498,0.0059,-0.8442,3367.4521,NA
ExperienceX.exe,22676,0x1BBC8041FF0,DXGI,1,0,0,Composed: Flip,3385.8418,NA,18.30020000000000,15.91990000000000,15.06460000000000,65.09100000000001,96.7690,3384.3334,16.5730,1.5084,15.0646,49.6399,16.9595,4.0794,12.8801,0.9614,3384.3334,NA
ExperienceX.exe,22676,0x1BBC8041FF0,DXGI,1,0,0,Composed: Flip,3400.9897,NA,15.14790000000000,16.65510000000000,16.92990000000000,67.65070000000000,98.2762,3400.9064,17.0132,0.0833,16.9299,50.2906,17.4434,1.5697,15.8737,-0.0821,3400.9064,NA
ExperienceX.exe,22676,0x1BBC8041FF0,DXGI,1,0,0,Composed: Flip,3418.8686,NA,17.87890000000000,16.81890000000000,15.14650000000000,65.38780000000000,97.2162,3417.9196,16.0955,0.9490,15.1465,50.7208,15.6160,5.2731,10.3429,0.1943,3417.9196,NA
ExperienceX.exe,22676,0x1BBC8041FF0,DXGI,1,0,0,Composed: Flip,3434.0847,NA,15.21610000000000,16.51210000000000,16.79170000000000,66.93940000000001,98.5122,3434.0151,16.8613,0.0696,16.7917,65.4760,1.5330,1.5235,0.0095,-0.4166,3434.0151,NA
ExperienceX.exe,22676,0x1BBC8041FF0,DXGI,1,0,0,Composed: Flip,3452.2317,NA,18.14700000000000,16.77140000000000,17.27190000000000,65.78140000000000,97.1366,3450.8764,18.6272,1.3553,17.2719,50.1528,16.9839,4.0728,12.9111,0.0899,3450.8764,NA
ExperienceX.exe,22676,0x1BBC8041FF0,DXGI,1,0,0,Composed: Flip,3469.7312,NA,17.49950000000000,16.51700000000000,14.47540000000000,64.54370000000000,96.1541,3469.5036,14.7030,0.2276,14.4754,63.2925,1.4788,1.4607,0.0181,2.1102,3469.5036,NA
ExperienceX.exe,22676,0x1BBC8041FF0,DXGI,1,0,0,Composed: Flip,3486.0975,NA,16.36630000000000,17.10090000000000,14.98490000000000,65.00630000000001,96.8887,3484.2066,16.8758,1.8909,14.9849,50.0749,16.8223,5.1803,11.6420,-2.3979,3484.2066,NA
ExperienceX.exe,22676,0x1BBC8041FF0,DXGI,1,0,0,Composed: Flip,3501.2534,NA,15.15590000000000,16.30890000000000,16.72270000000000,66.13550000000001,98.0417,3501.0824,16.8937,0.1710,16.7227,64.8986,1.4079,1.4022,0.0057,0.5669,3501.0824,NA
ExperienceX.exe,22676,0x1BBC8041FF0,DXGI,1,0,0,Composed: Flip,3519.2382,NA,17.98480000000000,16.82400000000000,15.04810000000000,65.75800000000001,96.8809,3517.9761,16.3102,1.2621,15.0481,49.4156,17.6045,6.8120,10.7925,0.0697,3517.9761,NA
ExperienceX.exe,22676,0x1BBC8041FF0,DXGI,1,0,0,Composed: Flip,3534.4473,NA,15.20910000000000,16.46890000000000,16.58480000000000,66.51270000000001,98.1407,3534.2863,16.7458,0.1610,16.5848,51.3794,15.2943,1.6149,13.6794,-0.1587,3534.2863,NA
ExperienceX.exe,22676,0x1BBC8041FF0,DXGI,1,0,0,Composed: Flip,3552.6820,NA,18.23470000000000,16.62950000000000,14.71530000000000,65.31940000000000,96.5355,3551.0321,16.3652,1.6499,14.7153,49.9329,17.0364,6.6698,10.3666,0.1163,3551.0321,NA
ExperienceX.exe,22676,0x1BBC8041FF0,DXGI,1,0,0,Composed: Flip,3567.4820,NA,14.80000000000000,16.92490000000000,17.58690000000000,66.83490000000000,98.6604,3567.3973,17.6716,0.0847,17.5869,65.3427,1.5769,1.5584,0.0185,-0.5597,3567.3973,NA
ExperienceX.exe,22676,0x1BBC8041FF0,DXGI,1,0,0,Composed: Flip,3587.5767,NA,20.09470000000000,16.50340000000000,13.38420000000000,63.31370000000000,95.0691,3585.0689,15.8920,2.5078,13.3842,49.2604,16.5611,5.6882,10.8729,1.1682,3585.0689,NA
ExperienceX.exe,22676,0x1BBC8041FF0,DXGI,1,0,0,Composed: Flip,3601.0969,NA,13.52020000000000,16.78440000000000,16.83720000000000,66.58460000000001,98.3333,3600.9609,16.9732,0.1360,16.8372,65.4117,1.3089,1.2956,0.0133,-0.8924,3600.9609,NA
ExperienceX.exe,22676,0x1BBC8041FF0,DXGI,1,0,0,Composed: Flip,3620.5424,NA,19.44550000000000,16.65090000000000,13.63500000000000,63.71710000000000,95.5387,3617.9341,16.2433,2.6083,13.6350,49.7530,16.5724,6.4394,10.1330,0.3223,3617.9341,NA
ExperienceX.exe,22676,0x1BBC8041FF0,DXGI,1,0,0,Composed: Flip,3634.2958,NA,13.75340000000000,16.47350000000000,16.56310000000000,66.58320000000001,98.2588,3634.1774,16.6815,0.1184,16.5631,65.4408,1.2608,1.2536,0.0072,-0.2302,3634.1774,NA
ExperienceX.exe,22676,0x1BBC8041FF0,DXGI,1,0,0,Composed: Flip,3652.3093,NA,18.01350000000000,16.78680000000000,15.32210000000000,65.58580000000001,97.0321,3650.8589,16.7725,1.4504,15.3221,50.0248,17.0114,5.7733,11.2381,-0.1053,3650.8589,NA
ExperienceX.exe,22676,0x1BBC8041FF0,DXGI,1,0,0,Composed: Flip,3669.0671,NA,16.75780000000000,16.55080000000000,15.14280000000000,65.72320000000001,96.8251,3667.6314,16.5785,1.4357,15.1428,51.3524,15.8065,2.3593,13.4472,0.2217,3667.6314,NA
ExperienceX.exe,22676,0x1BBC8041FF0,DXGI,1,0,0,Composed: Flip,3685.3971,NA,16.33000000000000,16.88900000000000,15.53090000000000,65.57300000000001,97.3841,3684.2099,16.7181,1.1872,15.5309,50.5804,16.1798,5.3960,10.7838,-0.3105,3684.2099,NA
ExperienceX.exe,22676,0x1BBC8041FF0,DXGI,1,0,0,Composed: Flip,3702.0361,NA,16.63900000000000,16.56260000000000,15.78680000000000,65.39260000000000,97.3077,3700.9280,16.8949,1.1081,15.7868,65.0994,1.4013,1.3952,0.0061,0.1555,3700.9280,NA
ExperienceX.exe,22676,0x1BBC8041FF0,DXGI,1,0,0,Composed: Flip,3720.4165,NA,18.38040000000000,16.61910000000000,13.92680000000000,63.96900000000000,95.5464,3717.8229,16.5204,2.5936,13.9268,49.6093,16.9533,5.4823,11.4710,0.2758,3717.8229,NA
ExperienceX.exe,22676,0x1BBC8041FF0,DXGI,1,0,0,Composed: Flip,3734.5258,NA,14.10930000000000,16.60930000000000,16.35720000000000,66.50610000000000,98.0464,3734.3433,16.5397,0.1825,16.3572,65.2112,1.4774,1.4605,0.0169,-0.0889,3734.3433,NA
ExperienceX.exe,22676,0x1BBC8041FF0,DXGI,1,0,0,Composed: Flip,3752.5100,NA,17.98420000000000,17.04300000000000,15.02460000000000,65.18900000000001,97.1052,3750.8830,16.6516,1.6270,15.0246,50.1530,16.6630,5.5031,11.1599,-0.5033,3750.8830,NA
ExperienceX.exe,22676,0x1BBC8041FF0,DXGI,1,0,0,Composed: Flip,3767.6096,NA,15.09960000000000,16.33920000000000,16.70430000000000,66.57990000000001,98.3448,3767.5346,16.7793,0.0750,16.7043,65.2124,1.4425,1.4321,0.0104,0.3124,3767.5346,NA
ExperienceX.exe,22676,0x1BBC8041FF0,DXGI,1,0,0,Composed: Flip,3785.6134,NA,18.00380000000000,16.77420000000000,15.34130000000000,66.41040000000001,97.1152,3784.3139,16.6408,1.2995,15.3413,49.8789,17.8310,7.3651,10.4659,0.0051,3784.3139,NA
ExperienceX.exe,22676,0x1BBC8041FF0,DXGI,1,0,0,Composed: Flip,3801.0942,NA,15.48080000000000,16.59370000000000,16.53640000000000,66.56490000000001,98.2281,3800.9547,16.6759,0.1395,16.5364,51.4955,15.2089,1.8688,13.3401,0.0471,3800.9547,NA
ExperienceX.exe,22676,0x1BBC8041FF0,DXGI,1,0,0,Composed: Flip,3819.1668,NA,18.07260000000000,16.56230000000000,14.98790000000000,65.09750000000000,96.7178,3817.6306,16.5241,1.5362,14.9879,50.0355,16.5982,5.3681,11.2301,0.1136,3817.6306,NA
ExperienceX.exe,22676,0x1BBC8041FF0,DXGI,1,0,0,Composed: Flip,3834.2309,NA,15.06410000000000,16.66260000000000,18.10200000000000,66.66130000000000,98.3163,3834.1547,18.1782,0.0762,18.1020,65.4175,1.3200,1.3052,0.0148,-0.1385,3834.1547,NA
ExperienceX.exe,22676,0x1BBC8041FF0,DXGI,1,0,0,Composed: Flip,3853.5388,NA,19.30790000000000,16.79760000000000,14.19570000000000,64.34730000000000,95.8060,3852.3329,15.4016,1.2059,14.1957,48.5653,16.9879,5.7747,11.2132,1.3806,3852.3329,NA
ExperienceX.exe,22676,0x1BBC8041FF0,DXGI,1,0,0,Composed: Flip,3867.9237,NA,14.38490000000000,16.55600000000000,16.32000000000000,66.22300000000000,97.9771,3867.7345,16.5092,0.1892,16.3200,64.9173,1.4949,1.4904,0.0045,-1.1544,3867.7345,NA
ExperienceX.exe,22676,0x1BBC8041FF0,DXGI,1,0,0,Composed: Flip,3885.2260,NA,17.30230000000000,16.78610000000000,15.64190000000000,65.76890000000000,97.4609,3884.2437,16.6242,0.9823,15.6419,49.9104,16.8408,6.6573,10.1835,-0.2769,3884.2437,NA
ExperienceX.exe,22676,0x1BBC8041FF0,DXGI,1,0,0,Composed: Flip,3901.0055,NA,15.77950000000000,16.59250000000000,16.89620000000000,66.41810000000001,98.2739,3900.8679,17.0338,0.1376,16.8962,65.1521,1.4036,1.3994,0.0042,0.0317,3900.8679,NA
ExperienceX.exe,22676,0x1BBC8041FF0,DXGI,1,0,0,Composed: Flip,3919.1005,NA,18.09500000000000,16.88700000000000,15.09000000000000,65.20770000000000,97.0659,3917.9017,16.2888,1.1988,15.0900,49.5253,16.8812,6.3922,10.4890,0.1468,3917.9017,NA
ExperienceX.exe,22676,0x1BBC8041FF0,DXGI,1,0,0,Composed: Flip,3934.2915,NA,15.19100000000000,16.39110000000000,16.66360000000000,66.59140000000001,98.2660,3934.1905,16.7646,0.1010,16.6636,50.4407,16.2517,1.5570,14.6947,-0.1023,3934.1905,NA
ExperienceX.exe,22676,0x1BBC8041FF0,DXGI,1,0,0,Composed: Flip,3952.1450,NA,17.85350000000000,16.85770000000000,15.27840000000000,65.70700000000001,97.2702,3950.9551,16.4683,1.1899,15.2784,49.9315,16.9654,6.8507,10.1147,-0.0931,3950.9551,NA
ExperienceX.exe,22676,0x1BBC8041FF0,DXGI,1,0,0,Composed: Flip,3968.1417,NA,15.99670000000000,16.45510000000000,16.12300000000000,66.04630000000000,97.7286,3967.4234,16.8413,0.7183,16.1230,65.2623,1.5023,1.4943,0.0080,0.0132,3967.4234,NA
ExperienceX.exe,22676,0x1BBC8041FF0,DXGI,1,0,0,Composed: Flip,3985.3944,NA,17.25270000000000,16.73950000000000,15.43590000000000,65.60790000000000,97.2154,3984.2647,16.5656,1.1297,15.4359,49.9272,16.8104,6.3496,10.4608,0.1018,3984.2647,NA
ExperienceX.exe,22676,0x1BBC8041FF0,DXGI,1,0,0,Composed: Flip,4000.9282,NA,15.53380000000000,16.71710000000000,17.15330000000000,66.51040000000000,98.3987,4000.8303,17.2512,0.0979,17.1533,65.1924,1.4159,1.4100,0.0059,-0.1515,4000.8303,NA
ExperienceX.exe,22676,0x1BBC8041FF0,DXGI,1,0,0,Composed: Flip,4019.7822,NA,18.85400000000000,16.54110000000000,14.38360000000000,64.99120000000001,96.0858,4018.0815,16.0843,1.7007,14.3836,49.3604,17.3315,7.3329,9.9986,0.7101,4018.0815,NA
ExperienceX.exe,22676,0x1BBC8041FF0,DXGI,1,0,0,Composed: Flip,4034.2429,NA,14.46070000000000,16.78350000000000,16.75000000000000,66.79780000000001,98.4086,4034.1658,16.8271,0.0771,16.7500,65.6453,1.2296,1.2171,0.0125,-0.6992,4034.1658,NA
ExperienceX.exe,22676,0x1BBC8041FF0,DXGI,1,0,0,Composed: Flip,4052.3620,NA,18.11910000000000,16.55640000000000,15.05210000000000,65.11970000000001,96.8459,4050.9929,16.4212,1.3691,15.0521,50.0521,16.4367,5.7893,10.6474,0.2707,4050.9929,NA
ExperienceX.exe,22676,0x1BBC8041FF0,DXGI,1,0,0,Composed: Flip,4067.4992,NA,15.13720000000000,16.75360000000000,17.37010000000000,66.88130000000001,98.4623,4067.4141,17.4552,0.0851,17.3701,50.7031,16.2633,1.6177,14.6456,-0.3324,4067.4141,NA
ExperienceX.exe,22676,0x1BBC8041FF0,DXGI,1,0,0,Composed: Flip,4086.5077,NA,19.00850000000000,16.69500000000000,14.48790000000000,64.27420000000001,96.1488,4084.8693,16.1263,1.6384,14.4879,49.5152,16.3974,6.0304,10.3670,0.7602,4084.8693,NA
ExperienceX.exe,22676,0x1BBC8041FF0,DXGI,1,0,0,Composed: Flip,4101.6786,NA,15.17090000000000,16.61930000000000,16.05580000000000,65.96630000000000,97.5972,4100.9956,16.7388,0.6830,16.0558,65.1739,1.4754,1.4639,0.0115,-0.4930,4100.9956,NA
ExperienceX.exe,22676,0x1BBC8041FF0,DXGI,1,0,0,Composed: Flip,4118.7115,NA,17.03290000000000,16.67550000000000,15.64220000000000,65.53610000000000,97.2398,4117.7344,16.6193,0.9771,15.6422,49.9166,16.5966,5.3451,11.2515,0.0633,4117.7344,NA
ExperienceX.exe,22676,0x1BBC8041FF0,DXGI,1,0,0,Composed: Flip,4134.5001,NA,15.78860000000000,16.58260000000000,16.29180000000000,66.42740000000001,98.0338,4134.3537,16.4382,0.1464,16.2918,65.0919,1.4819,1.4627,0.0192,0.0367,4134.3537,NA
ExperienceX.exe,22676,0x1BBC8041FF0,DXGI,1,0,0,Composed: Flip,4151.3234,NA,16.82330000000000,16.78260000000000,16.22810000000000,66.78420000000000,97.9931,4150.7919,16.7596,0.5315,16.2281,50.1436,17.1721,5.9991,11.1730,-0.3444,4150.7919,NA
ExperienceX.exe,22676,0x1BBC8041FF0,DXGI,1,0,0,Composed: Flip,4167.6820,NA,16.35860000000000,16.78280000000000,16.58980000000000,66.52180000000000,98.4173,4167.5515,16.7203,0.1305,16.5898,65.1253,1.5270,1.5158,0.0112,-0.0232,4167.5515,NA
ExperienceX.exe,22676,0x1BBC8041FF0,DXGI,1,0,0,Composed: Flip,4185.3726,NA,17.69060000000000,16.50730000000000,15.51350000000000,65.67200000000000,97.2340,4184.2718,16.6143,1.1008,15.5135,49.9368,16.8360,6.5598,10.2762,0.2130,4184.2718,NA
ExperienceX.exe,22676,0x1BBC8041FF0,DXGI,1,0,0,Composed: Flip,4202.0547,NA,16.68210000000000,16.70290000000000,16.21880000000000,71.00730000000000,97.2548,4200.8861,17.3874,1.1686,16.2188,50.7619,21.4140,6.9216,14.4924,-0.0886,4200.8861,NA
ExperienceX.exe,22676,0x1BBC8041FF0,DXGI,1,0,0,Composed: Flip,4219.1281,NA,17.07340000000000,16.62250000000000,15.02620000000000,64.75500000000001,96.8039,4218.2735,15.8808,0.8546,15.0262,54.7916,10.8180,3.6077,7.2103,0.7649,4218.2735,NA
ExperienceX.exe,22676,0x1BBC8041FF0,DXGI,1,0,0,Composed: Flip,4235.0764,NA,15.94830000000000,16.63260000000000,15.92870000000000,65.71000000000001,97.4882,4234.1543,16.8508,0.9221,15.9287,65.3621,1.2700,1.2563,0.0137,-0.7518,4234.1543,NA
ExperienceX.exe,22676,0x1BBC8041FF0,DXGI,1,0,0,Composed: Flip,4252.9679,NA,17.89150000000000,16.91480000000000,20.09370000000000,64.92140000000001,96.5115,4251.0051,22.0565,1.9628,20.0937,49.7883,17.0959,5.9276,11.1683,-0.0640,4251.0051,NA
ExperienceX.exe,22676,0x1BBC8041FF0,DXGI,1,0,0,Composed: Flip,4273.1353,NA,20.16740000000000,16.39060000000000,10.73340000000000,61.17410000000000,92.7347,4273.0616,10.8071,0.0737,10.7334,59.6856,1.5622,1.5460,0.0162,5.6659,4273.0616,NA
ExperienceX.exe,22676,0x1BBC8041FF0,DXGI,1,0,0,Composed: Flip,4285.4771,NA,12.34180000000000,16.68350000000000,15.26010000000000,65.46880000000000,97.0764,4283.8687,16.8685,1.6084,15.2601,50.4445,16.6327,3.6612,12.9715,-5.8764,4283.8687,NA
ExperienceX.exe,22676,0x1BBC8041FF0,DXGI,1,0,0,Composed: Flip,4301.5425,NA,16.06540000000000,16.86650000000000,16.27150000000000,65.88520000000000,97.8775,4300.7372,17.0768,0.8053,16.2715,65.2693,1.4212,1.4132,0.0080,0.0020,4300.7372,NA
ExperienceX.exe,22676,0x1BBC8041FF0,DXGI,1,0,0,Composed: Flip,4318.8338,NA,17.29130000000000,16.48960000000000,15.36730000000000,65.32420000000000,97.0758,4317.8140,16.3871,1.0198,15.3673,49.6186,16.7254,5.4715,11.2539,0.5872,4317.8140,NA
ExperienceX.exe,22676,0x1BBC8041FF0,DXGI,1,0,0,Composed: Flip,4334.4033,NA,15.56950000000000,16.67670000000000,16.60630000000000,66.69450000000001,98.1830,4334.2011,16.8085,0.2022,16.6063,50.2100,16.6867,1.4464,15.2403,-0.2896,4334.2011,NA
ExperienceX.exe,22676,0x1BBC8041FF0,DXGI,1,0,0,Composed: Flip,4352.2044,NA,17.80110000000000,16.66360000000000,15.23690000000000,65.48830000000001,97.0455,4351.0096,16.4317,1.1948,15.2369,50.0932,16.5899,4.0497,12.5402,0.1449,4351.0096,NA
ExperienceX.exe,22676,0x1BBC8041FF0,DXGI,1,0,0,Composed: Flip,4367.5720,NA,15.36760000000000,16.82470000000000,16.58520000000000,66.81830000000001,98.5026,4367.4413,16.7159,0.1307,16.5852,65.3310,1.6180,1.6023,0.0157,-0.3930,4367.4413,NA
ExperienceX.exe,22676,0x1BBC8041FF0,DXGI,1,0,0,Composed: Flip,4385.0185,NA,17.44650000000000,16.45380000000000,16.02780000000000,65.83540000000001,97.5099,4384.1572,16.8891,0.8613,16.0278,50.2377,16.4590,5.6276,10.8314,0.2621,4384.1572,NA
ExperienceX.exe,22676,0x1BBC8041FF0,DXGI,1,0,0,Composed: Flip,4401.1981,NA,16.17960000000000,16.68350000000000,16.47970000000000,66.66980000000001,98.0138,4401.0463,16.6315,0.1518,16.4797,65.4220,1.3996,1.3814,0.0182,0.2056,4401.0463,NA
ExperienceX.exe,22676,0x1BBC8041FF0,DXGI,1,0,0,Composed: Flip,4419.2417,NA,18.04360000000000,16.74850000000000,15.09580000000000,64.88670000000000,96.7187,4417.6778,16.6597,1.5639,15.0958,50.1945,16.2561,3.8693,12.3868,-0.1170,4417.6778,NA
ExperienceX.exe,22676,0x1BBC8041FF0,DXGI,1,0,0,Composed: Flip,4434.4545,NA,15.21280000000000,16.71860000000000,16.42170000000000,66.36050000000000,98.2245,4434.3375,16.5387,0.1170,16.4217,65.0159,1.4616,1.4544,0.0072,-0.0589,4434.3375,NA
ExperienceX.exe,22676,0x1BBC8041FF0,DXGI,1,0,0,Composed: Flip,4452.1423,NA,17.68780000000000,16.71890000000000,15.66860000000000,65.34400000000001,97.2556,4450.8762,16.9347,1.2661,15.6686,49.9424,16.6677,5.2718,11.3959,-0.1802,4450.8762,NA
ExperienceX.exe,22676,0x1BBC8041FF0,DXGI,1,0,0,Composed: Flip,4467.9697,NA,15.82740000000000,16.46870000000000,16.22300000000000,66.56910000000001,97.8969,4467.8109,16.3818,0.1588,16.2230,50.0988,16.6291,1.7772,14.8519,0.4660,4467.8109,NA
ExperienceX.exe,22676,0x1BBC8041FF0,DXGI,1,0,0,Composed: Flip,4484.9994,NA,17.02970000000000,16.72390000000000,15.81350000000000,65.92280000000001,97.5911,4484.1927,16.6202,0.8067,15.8135,50.3539,16.3756,4.1680,12.2076,-0.3421,4484.1927,NA
ExperienceX.exe,22676,0x1BBC8041FF0,DXGI,1,0,0,Composed: Flip,4500.9342,NA,15.93480000000000,16.75800000000000,16.53950000000000,66.37660000000000,98.4143,4500.8129,16.6608,0.1213,16.5395,65.1444,1.3535,1.3458,0.0077,-0.1378,4500.8129,NA
ExperienceX.exe,22676,0x1BBC8041FF0,DXGI,1,0,0,Composed: Flip,4519.9278,NA,18.99360000000000,16.54150000000000,14.46260000000000,64.43720000000000,95.9622,4517.4737,16.9167,2.4541,14.4626,49.8412,17.0501,6.3830,10.6671,0.1193,4517.4737,NA
ExperienceX.exe,22676,0x1BBC8041FF0,DXGI,1,0,0,Composed: Flip,4534.7157,NA,14.78790000000000,16.73340000000000,16.26350000000000,66.39110000000001,97.9077,4534.3904,16.5888,0.3253,16.2635,65.2156,1.5008,1.4738,0.0270,0.1833,4534.3904,NA
ExperienceX.exe,22676,0x1BBC8041FF0,DXGI,1,0,0,Composed: Flip,4552.9004,NA,18.18470000000000,16.64200000000000,14.50470000000000,64.53280000000001,96.3650,4550.9792,16.4259,1.9212,14.5047,50.1384,16.3156,4.3823,11.9333,-0.0532,4550.9792,NA
ExperienceX.exe,22676,0x1BBC8041FF0,DXGI,1,0,0,Composed: Flip,4567.4972,NA,14.59680000000000,16.84740000000000,16.87480000000000,67.01680000000000,98.6156,4567.4051,16.9669,0.0921,16.8748,65.4558,1.6531,1.6298,0.0233,-0.4215,4567.4051,NA
ExperienceX.exe,22676,0x1BBC8041FF0,DXGI,1,0,0,Composed: Flip,4585.6019,NA,18.10470000000000,16.46410000000000,15.40450000000000,65.29310000000001,96.9750,4584.3720,16.6344,1.2299,15.4045,50.1506,16.3724,5.3297,11.0427,0.5028,4584.3720,NA
ExperienceX.exe,22676,0x1BBC8041FF0,DXGI,1,0,0,Composed: Flip,4601.3028,NA,15.70090000000000,16.79450000000000,16.12100000000000,66.55530000000000,98.0686,4601.0064,16.4174,0.2964,16.1210,50.3019,16.5498,1.6060,14.9438,-0.1601,4601.0064,NA
ExperienceX.exe,22676,0x1BBC8041FF0,DXGI,1,0,0,Composed: Flip,4618.8707,NA,17.56790000000000,16.74360000000000,15.52150000000000,65.26910000000001,97.2443,4617.4238,16.9684,1.4469,15.5215,50.4393,16.2767,3.9310,12.3457,-0.3262,4617.4238,NA
ExperienceX.exe,22676,0x1BBC8041FF0,DXGI,1,0,0,Composed: Flip,4634.5887,NA,15.71800000000000,16.71300000000000,16.25880000000000,66.46600000000001,98.2393,4634.3922,16.4553,0.1965,16.2588,65.2592,1.4033,1.3900,0.0133,0.2554,4634.3922,NA
ExperienceX.exe,22676,0x1BBC8041FF0,DXGI,1,0,0,Composed: Flip,4653.1694,NA,18.58070000000000,16.62670000000000,14.93300000000000,64.67490000000001,96.2853,4650.8475,17.2549,2.3219,14.9330,50.2100,16.7868,5.4300,11.3568,-0.1714,4650.8475,NA
ExperienceX.exe,22676,0x1BBC8041FF0,DXGI,1,0,0,Composed: Flip,4668.2874,NA,15.11800000000000,16.49630000000000,15.94940000000000,66.54070000000000,97.6636,4668.1024,16.1344,0.1850,15.9494,65.1820,1.5437,1.5233,0.0204,0.7586,4668.1024,NA
ExperienceX.exe,22676,0x1BBC8041FF0,DXGI,1,0,0,Composed: Flip,4685.8531,NA,17.56570000000000,16.89080000000000,15.13520000000000,65.32350000000001,96.9887,4684.2368,16.7515,1.6163,15.1352,50.5997,16.3401,2.0631,14.2770,-0.7564,4684.2368,NA
ExperienceX.exe,22676,0x1BBC8041FF0,DXGI,1,0,0,Composed: Flip,4701.1330,NA,15.27990000000000,16.64450000000000,16.66080000000000,66.56600000000000,98.3533,4700.9883,16.8055,0.1447,16.6608,51.8925,14.8182,3.5558,11.2624,0.1070,4700.9883,NA
ExperienceX.exe,22676,0x1BBC8041FF0,DXGI,1,0,0,Composed: Flip,4719.6391,NA,18.50610000000000,16.68610000000000,15.02310000000000,65.05560000000000,96.5333,4717.7938,16.8684,1.8453,15.0231,49.9142,16.9867,5.1527,11.8340,0.1194,4717.7938,NA
ExperienceX.exe,22676,0x1BBC8041FF0,DXGI,1,0,0,Composed: Flip,4735.6459,NA,16.00680000000000,16.61110000000000,15.45600000000000,65.69180000000000,97.1376,4734.6622,16.4397,0.9837,15.4560,65.2498,1.4257,1.4100,0.0157,0.2573,4734.6622,NA
ExperienceX.exe,22676,0x1BBC8041FF0,DXGI,1,0,0,Composed: Flip,4755.7397,NA,20.09380000000000,16.69110000000000,11.94730000000000,62.12770000000000,93.7349,4751.1019,16.5851,4.6378,11.9473,50.2425,16.5230,3.9776,12.5454,-0.2514,4751.1019,NA
ExperienceX.exe,22676,0x1BBC8041FF0,DXGI,1,0,0,Composed: Flip,4769.8318,NA,14.09210000000000,16.50510000000000,14.75930000000000,64.97870000000000,96.1479,4767.6870,16.9041,2.1448,14.7593,65.6469,1.4766,1.4529,0.0237,0.0800,4767.6870,NA
ExperienceX.exe,22676,0x1BBC8041FF0,DXGI,1,0,0,Composed: Flip,4787.0503,NA,17.21850000000000,16.58420000000000,14.21260000000000,64.35900000000001,95.5136,4784.5911,16.6718,2.4592,14.2126,50.2301,16.5881,2.0705,14.5176,0.3199,4784.5911,NA
ExperienceX.exe,22676,0x1BBC8041FF0,DXGI,1,0,0,Composed: Flip,4801.5426,NA,14.49230000000000,16.78400000000000,16.19400000000000,66.61610000000000,97.8053,4801.2629,16.4737,0.2797,16.1940,52.3124,14.5834,3.5472,11.0362,-0.1122,4801.2629,NA
ExperienceX.exe,22676,0x1BBC8041FF0,DXGI,1,0,0,Composed: Flip,4818.5460,NA,17.00340000000000,16.62180000000000,16.19820000000000,66.36840000000001,97.4237,4817.7366,17.0076,0.8094,16.1982,50.4277,16.7501,2.7647,13.9854,-0.1481,4817.7366,NA
ExperienceX.exe,22676,0x1BBC8041FF0,DXGI,1,0,0,Composed: Flip,4836.3147,NA,17.76870000000000,16.72850000000000,15.10980000000000,65.52960000000000,96.3835,4834.7442,16.6803,1.5705,15.1098,50.7192,16.3809,5.5641,10.8168,0.2791,4834.7442,NA
ExperienceX.exe,22676,0x1BBC8041FF0,DXGI,1,0,0,Composed: Flip,4854.0908,NA,17.77610000000000,16.65380000000000,14.03060000000000,63.91660000000000,95.2612,4851.4245,16.6969,2.6663,14.0306,50.4258,16.1571,4.2966,11.8605,0.0265,4851.4245,NA
ExperienceX.exe,22676,0x1BBC8041FF0,DXGI,1,0,0,Composed: Flip,4868.8440,NA,14.75320000000000,16.64250000000000,16.11490000000000,66.94200000000001,97.1505,4868.1214,16.8375,0.7226,16.1149,65.0025,2.6621,2.6595,0.0026,0.0544,4868.1214,NA
ExperienceX.exe,22676,0x1BBC8041FF0,DXGI,1,0,0,Composed: Flip,4887.7770,NA,18.93300000000000,16.58680000000000,14.18950000000000,63.62870000000000,94.8043,4884.9589,17.0076,2.8181,14.1895,50.8349,15.6119,4.4262,11.1857,0.2507,4884.9589,NA
ExperienceX.exe,22676,0x1BBC8041FF0,DXGI,1,0,0,Composed: Flip,4902.2206,NA,14.44360000000000,16.85070000000000,16.00350000000000,65.54500000000000,97.2114,4901.9665,16.2576,0.2541,16.0035,64.3083,1.4908,1.4584,0.0324,0.1569,4901.9665,NA
ExperienceX.exe,22676,0x1BBC8041FF0,DXGI,1,0,0,Composed: Flip,4920.9773,NA,18.75670000000000,16.67910000000000,14.91720000000000,63.36600000000000,95.1338,4918.2241,17.6704,2.7532,14.9172,49.5479,16.5713,4.5984,11.9729,-0.4215,4918.2241,NA
ExperienceX.exe,22676,0x1BBC8041FF0,DXGI,1,0,0,Composed: Flip,4936.1117,NA,15.13440000000000,16.43410000000000,15.31850000000000,65.05390000000000,96.4335,4935.8945,15.5357,0.2172,15.3185,63.8686,1.4025,1.3956,0.0069,1.2363,4935.8945,NA
ExperienceX.exe,22676,0x1BBC8041FF0,DXGI,1,0,0,Composed: Flip,4954.3393,NA,18.22760000000000,16.68940000000000,13.36880000000000,64.09160000000000,94.8953,4951.4302,16.2779,2.9091,13.3688,49.7418,17.2589,6.2220,11.0369,-1.1537,4951.4302,NA
ExperienceX.exe,22676,0x1BBC8041FF0,DXGI,1,0,0,Composed: Flip,4968.1056,NA,13.76630000000000,16.80320000000000,16.17910000000000,66.16280000000000,97.9322,4967.7081,16.5766,0.3975,16.1791,50.9637,15.5966,1.8754,13.7212,-0.5253,4967.7081,NA
ExperienceX.exe,22676,0x1BBC8041FF0,DXGI,1,0,0,Composed: Flip,4985.8646,NA,17.75900000000000,16.48210000000000,15.34940000000000,65.13740000000000,96.6553,4984.2847,16.9293,1.5799,15.3494,49.9861,16.7312,6.6481,10.0831,0.0945,4984.2847,NA
ExperienceX.exe,22676,0x1BBC8041FF0,DXGI,1,0,0,Composed: Flip,5001.3147,NA,15.45010000000000,16.74110000000000,17.13290000000000,66.48750000000000,97.9463,5001.2140,17.2336,0.1007,17.1329,65.1783,1.4099,1.3874,0.0225,0.1882,5001.2140,NA
ExperienceX.exe,22676,0x1BBC8041FF0,DXGI,1,0,0,Composed: Flip,5019.4152,NA,18.10050000000000,16.61290000000000,14.82420000000000,64.61600000000000,96.4587,5018.4476,15.7918,0.9676,14.8242,49.3600,16.2236,1.9194,14.3042,0.6207,5018.4476,NA
ExperienceX.exe,22676,0x1BBC8041FF0,DXGI,1,0,0,Composed: Flip,5034.8358,NA,15.42060000000000,16.74120000000000,16.19190000000000,66.08480000000000,97.7793,5034.2394,16.7883,0.5964,16.1919,50.1529,16.5283,5.8408,10.6875,-0.9494,5034.2394,NA
ExperienceX.exe,22676,0x1BBC8041FF0,DXGI,1,0,0,Composed: Flip,5051.9121,NA,17.07630000000000,16.66380000000000,15.83440000000000,65.55760000000001,97.3668,5051.0277,16.7188,0.8844,15.8344,49.8973,16.5447,5.6203,10.9244,0.1245,5051.0277,NA
ExperienceX.exe,22676,0x1BBC8041FF0,DXGI,1,0,0,Composed: Flip,5068.9813,NA,17.06920000000000,16.57840000000000,15.05840000000000,65.25210000000000,96.8760,5067.7465,16.2932,1.2348,15.0584,65.0915,1.3954,1.3849,0.0105,0.1404,5067.7465,NA
ExperienceX.exe,22676,0x1BBC8041FF0,DXGI,1,0,0,Composed: Flip,5085.0979,NA,16.11660000000000,16.77480000000000,15.78010000000000,65.72770000000000,97.5342,5084.0397,16.8383,1.0582,15.7801,50.1963,16.5896,5.3736,11.2160,-0.4816,5084.0397,NA
ExperienceX.exe,22676,0x1BBC8041FF0,DXGI,1,0,0,Composed: Flip,5101.0043,NA,15.90640000000000,16.65920000000000,16.55160000000000,66.35280000000000,98.2870,5100.8780,16.6779,0.1263,16.5516,65.0870,1.3921,1.3857,0.0064,0.1791,5100.8780,NA
ExperienceX.exe,22676,0x1BBC8041FF0,DXGI,1,0,0,Composed: Flip,5118.7898,NA,17.78550000000000,16.81990000000000,15.40580000000000,65.54250000000000,97.3214,5117.5559,16.6397,1.2339,15.4058,49.8045,16.9719,6.8798,10.0921,-0.1420,5117.5559,NA
ExperienceX.exe,22676,0x1BBC8041FF0,DXGI,1,0,0,Composed: Flip,5134.3078,NA,15.51800000000000,16.46840000000000,16.42840000000000,66.56720000000000,98.2718,5134.1956,16.5406,0.1122,16.4284,65.2524,1.4270,1.4151,0.0119,0.1713,5134.1956,NA
ExperienceX.exe,22676,0x1BBC8041FF0,DXGI,1,0,0,Composed: Flip,5151.8960,NA,17.58820000000000,16.63950000000000,15.44810000000000,66.24400000000000,97.3231,5150.7362,16.6079,1.1598,15.4481,50.1436,17.2602,6.5872,10.6730,-0.0989,5150.7362,NA
ExperienceX.exe,22676,0x1BBC8041FF0,DXGI,1,0,0,Composed: Flip,5167.4414,NA,15.54540000000000,16.73110000000000,16.82090000000000,66.71160000000000,98.5088,5167.3441,16.9182,0.0973,16.8209,51.1827,15.6262,1.4881,14.1381,-0.1232,5167.3441,NA
ExperienceX.exe,22676,0x1BBC8041FF0,DXGI,1,0,0,Composed: Flip,5185.6394,NA,18.19800000000000,16.58530000000000,15.15370000000000,65.35390000000001,96.8961,5184.2623,16.5308,1.3771,15.1537,49.8907,16.8403,5.7125,11.1278,0.3329,5184.2623,NA
ExperienceX.exe,22676,0x1BBC8041FF0,DXGI,1,0,0,Composed: Flip,5201.5408,NA,15.90140000000000,16.89430000000000,16.67890000000000,66.07620000000000,97.8890,5200.7931,17.4266,0.7477,16.6789,65.3816,1.4423,1.4296,0.0127,-0.3635,5200.7931,NA
ExperienceX.exe,22676,0x1BBC8041FF0,DXGI,1,0,0,Composed: Flip,5219.4187,NA,17.87790000000000,16.43840000000000,14.85840000000000,64.63220000000000,96.4495,5218.2197,16.0574,1.1990,14.8584,49.4019,16.4293,5.4722,10.9571,0.9882,5218.2197,NA
ExperienceX.exe,22676,0x1BBC8041FF0,DXGI,1,0,0,Composed: Flip,5234.5761,NA,15.15740000000000,16.67500000000000,16.41470000000000,66.72220000000000,97.9671,5234.2771,16.7137,0.2990,16.4147,65.5144,1.5068,1.4963,0.0105,-0.6176,5234.2771,NA
ExperienceX.exe,22676,0x1BBC8041FF0,DXGI,1,0,0,Composed: Flip,5251.3737,NA,16.79760000000000,16.69220000000000,16.19540000000000,66.22130000000000,97.8617,5250.9908,16.5783,0.3829,16.1954,50.3130,16.2912,4.0113,12.2799,0.0215,5250.9908,NA
ExperienceX.exe,22676,0x1BBC8041FF0,DXGI,1,0,0,Composed: Flip,5268.5175,NA,17.14380000000000,16.67260000000000,15.56420000000000,65.71680000000001,97.3905,5267.5691,16.5126,0.9484,15.5642,65.1254,1.5398,1.5310,0.0088,-0.0943,5267.5691,NA
ExperienceX.exe,22676,0x1BBC8041FF0,DXGI,1,0,0,Composed: Flip,5285.3354,NA,16.81790000000000,16.65760000000000,16.06650000000000,66.82330000000000,97.2302,5284.0817,17.3202,1.2537,16.0665,50.1543,17.9227,6.5467,11.3760,-0.1450,5284.0817,NA
ExperienceX.exe,22676,0x1BBC8041FF0,DXGI,1,0,0,Composed: Flip,5301.5711,NA,16.23570000000000,16.62630000000000,16.06210000000000,65.89620000000001,97.6208,5301.4019,16.2313,0.1692,16.0621,50.7568,15.3086,5.3711,9.9375,0.6939,5301.4019,NA
ExperienceX.exe,22676,0x1BBC8041FF0,DXGI,1,0,0,Composed: Flip,5318.2963,NA,16.72520000000000,16.66800000000000,15.96780000000000,65.97240000000001,97.5636,5317.6332,16.6309,0.6631,15.9678,49.8385,16.7970,5.3181,11.4789,-0.4367,5317.6332,NA
ExperienceX.exe,22676,0x1BBC8041FF0,DXGI,1,0,0,Composed: Flip,5334.9474,NA,16.65110000000000,16.69760000000000,21.07570000000000,65.82570000000000,97.6101,5334.2641,21.7590,0.6833,21.0757,65.0604,1.4486,1.4436,0.0050,-0.0667,5334.2641,NA
ExperienceX.exe,22676,0x1BBC8041FF0,DXGI,1,0,0,Composed: Flip,5357.1887,NA,22.24130000000000,16.72180000000000,10.24310000000000,60.34380000000000,92.0906,5356.0231,11.4087,1.1656,10.2431,44.7549,16.7545,6.0324,10.7221,5.0372,5356.0231,NA
ExperienceX.exe,22676,0x1BBC8041FF0,DXGI,1,0,0,Composed: Flip,5368.2526,NA,11.06390000000000,16.66670000000000,16.08770000000000,66.15200000000000,97.6934,5367.4318,16.9085,0.8208,16.0877,65.2509,1.7219,1.7183,0.0036,-5.2580,5367.4318,NA
ExperienceX.exe,22676,0x1BBC8041FF0,DXGI,1,0,0,Composed: Flip,5385.6781,NA,17.42550000000000,16.59710000000000,15.11390000000000,65.18290000000000,96.8650,5384.3403,16.4517,1.3378,15.1139,50.0693,16.4514,6.2041,10.2473,0.3114,5384.3403,NA
ExperienceX.exe,22676,0x1BBC8041FF0,DXGI,1,0,0,Composed: Flip,5400.8890,NA,15.21090000000000,16.64900000000000,16.83520000000000,66.73300000000000,98.3031,5400.7920,16.9322,0.0970,16.8352,65.3905,1.4395,1.4343,0.0052,-0.1973,5400.7920,NA
ExperienceX.exe,22676,0x1BBC8041FF0,DXGI,1,0,0,Composed: Flip,5420.2864,NA,19.39740000000000,16.67410000000000,14.10210000000000,63.94060000000000,95.5798,5417.7242,16.6643,2.5622,14.1021,49.8999,16.6029,5.4277,11.1752,0.2581,5417.7242,NA
ExperienceX.exe,22676,0x1BBC8041FF0,DXGI,1,0,0,Composed: Flip,5434.5192,NA,14.23280000000000,16.68180000000000,16.37190000000000,66.17960000000001,98.0288,5434.3885,16.5026,0.1307,16.3719,50.2596,16.0507,1.5455,14.5052,-0.0175,5434.3885,NA
ExperienceX.exe,22676,0x1BBC8041FF0,DXGI,1,0,0,Composed: Flip,5452.6124,NA,18.09320000000000,16.64060000000000,15.07230000000000,64.89510000000000,96.5762,5450.8911,16.7936,1.7213,15.0723,49.8095,16.8069,6.8718,9.9351,-0.1380,5450.8911,NA
ExperienceX.exe,22676,0x1BBC8041FF0,DXGI,1,0,0,Composed: Flip,5467.8296,NA,15.21720000000000,16.65660000000000,16.44920000000000,66.12830000000001,98.0156,5467.6847,16.5941,0.1449,16.4492,64.9641,1.3091,1.3031,0.0060,0.1370,5467.6847,NA
ExperienceX.exe,22676,0x1BBC8041FF0,DXGI,1,0,0,Composed: Flip,5485.9405,NA,18.11090000000000,16.68060000000000,14.80550000000000,64.88430000000000,96.5853,5484.2788,16.4672,1.6617,14.8055,49.6845,16.8615,5.1285,11.7330,-0.0865,5484.2788,NA
ExperienceX.exe,22676,0x1BBC8041FF0,DXGI,1,0,0,Composed: Flip,5500.8402,NA,14.89970000000000,16.70410000000000,16.71840000000000,66.56250000000000,98.3897,5500.7460,16.8126,0.0942,16.7184,65.1979,1.4588,1.4536,0.0052,-0.2369,5500.7460,NA
ExperienceX.exe,22676,0x1BBC8041FF0,DXGI,1,0,0,Composed: Flip,5518.5394,NA,17.69920000000000,16.76320000000000,15.41840000000000,65.58750000000001,97.4537,5517.5586,16.3992,0.9808,15.4184,49.8471,16.7212,5.5626,11.1586,0.0494,5517.5586,NA
ExperienceX.exe,22676,0x1BBC8041FF0,DXGI,1,0,0,Composed: Flip,5534.0591,NA,15.51970000000000,16.57080000000000,16.79870000000000,66.87430000000001,98.5048,5533.9578,16.9000,0.1013,16.7987,65.4246,1.5510,1.5334,0.0176,-0.1716,5533.9578,NA
ExperienceX.exe,22676,0x1BBC8041FF0,DXGI,1,0,0,Composed: Flip,5551.8421,NA,17.78300000000000,16.66190000000000,15.61840000000000,65.76730000000001,97.3837,5550.8578,16.6027,0.9843,15.6184,50.0810,16.6706,5.5682,11.1024,0.2381,5550.8578,NA
ExperienceX.exe,22676,0x1BBC8041FF0,DXGI,1,0,0,Composed: Flip,5567.5496,NA,15.70750000000000,16.72140000000000,16.62530000000000,66.63760000000001,98.3976,5567.4605,16.7144,0.0891,16.6253,50.4948,16.2319,1.6013,14.6306,-0.1187,5567.4605,NA
ExperienceX.exe,22676,0x1BBC8041FF0,DXGI,1,0,0,Composed: Flip,5585.2028,NA,17.65320000000000,16.64020000000000,15.68390000000000,65.59010000000001,97.3846,5584.1749,16.7118,1.0279,15.6839,50.0177,16.6003,5.9049,10.6954,0.0742,5584.1749,NA
ExperienceX.exe,22676,0x1BBC8041FF0,DXGI,1,0,0,Composed: Flip,5601.0122,NA,15.80940000000000,16.72570000000000,16.53690000000000,66.68300000000001,98.3009,5600.8867,16.6624,0.1255,16.5369,65.2485,1.5600,1.5455,0.0145,-0.0139,5600.8867,NA
ExperienceX.exe,22676,0x1BBC8041FF0,DXGI,1,0,0,Composed: Flip,5618.8084,NA,17.79620000000000,16.57010000000000,15.33910000000000,65.49640000000001,97.0748,5617.5491,16.5984,1.2593,15.3391,50.1520,16.6037,5.4119,11.1918,0.0923,5617.5491,NA
ExperienceX.exe,22676,0x1BBC8041FF0,DXGI,1,0,0,Composed: Flip,5634.2354,NA,15.42700000000000,16.80150000000000,16.57320000000000,66.89870000000001,98.4493,5634.1475,16.6611,0.0879,16.5732,65.4309,1.5557,1.5311,0.0246,-0.2031,5634.1475,NA
ExperienceX.exe,22676,0x1BBC8041FF0,DXGI,1,0,0,Composed: Flip,5652.6386,NA,18.40320000000000,16.56390000000000,15.11530000000000,64.87400000000001,96.6100,5650.8086,16.9453,1.8300,15.1153,50.3308,16.3732,4.0251,12.3481,0.0972,5650.8086,NA
ExperienceX.exe,22676,0x1BBC8041FF0,DXGI,1,0,0,Composed: Flip,5667.9166,NA,15.27800000000000,16.65510000000000,16.39950000000000,66.48350000000001,97.9871,5667.7539,16.5622,0.1627,16.3995,65.1674,1.4788,1.4726,0.0062,0.2902,5667.7539,NA
ExperienceX.exe,22676,0x1BBC8041FF0,DXGI,1,0,0,Composed: Flip,5685.4488,NA,17.53220000000000,16.81630000000000,15.55890000000000,65.44940000000000,97.2712,5684.3161,16.6916,1.1327,15.5589,50.0897,16.4924,3.7230,12.7694,-0.2541,5684.3161,NA
ExperienceX.exe,22676,0x1BBC8041FF0,DXGI,1,0,0,Composed: Flip,5701.2351,NA,15.78630000000000,16.47360000000000,16.27300000000000,66.26410000000000,97.9585,5701.0077,16.5004,0.2274,16.2730,50.4266,16.0649,1.5964,14.4685,0.2180,5701.0077,NA
ExperienceX.exe,22676,0x1BBC8041FF0,DXGI,1,0,0,Composed: Flip,5718.5556,NA,17.32050000000000,16.73440000000000,15.88970000000000,65.68880000000000,97.3724,5717.5081,16.9372,1.0475,15.8897,49.9956,16.7407,5.4895,11.2512,-0.2340,5717.5081,NA
ExperienceX.exe,22676,0x1BBC8041FF0,DXGI,1,0,0,Composed: Flip,5735.6931,NA,17.13750000000000,16.60370000000000,15.26480000000000,65.03710000000001,96.8386,5734.4453,16.5126,1.2478,15.2648,64.8837,1.4012,1.3966,0.0046,0.3335,5734.4453,NA
ExperienceX.exe,22676,0x1BBC8041FF0,DXGI,1,0,0,Composed: Flip,5752.1622,NA,16.46910000000000,16.69850000000000,15.27560000000000,65.39130000000000,97.0680,5750.9579,16.4799,1.2043,15.2756,49.7739,16.8217,6.4503,10.3714,-0.1859,5750.9579,NA
ExperienceX.exe,22676,0x1BBC8041FF0,DXGI,1,0,0,Composed: Flip,5767.5078,NA,15.34560000000000,16.70350000000000,16.66900000000000,66.61920000000001,98.4259,5767.4378,16.7390,0.0700,16.6690,65.2056,1.4836,1.4761,0.0075,-0.2236,5767.4378,NA
ExperienceX.exe,22676,0x1BBC8041FF0,DXGI,1,0,0,Composed: Flip,5785.7462,NA,18.23840000000000,16.66290000000000,14.98370000000000,65.11250000000000,96.8504,5784.1768,16.5531,1.5694,14.9837,49.9557,16.7262,6.6404,10.0858,0.0761,5784.1768,NA
ExperienceX.exe,22676,0x1BBC8041FF0,DXGI,1,0,0,Composed: Flip,5800.7953,NA,15.04910000000000,16.92160000000000,16.73440000000000,67.57560000000001,98.7229,5800.7299,16.7998,0.0654,16.7344,65.4188,2.2222,2.2120,0.0102,-0.3685,5800.7299,NA
ExperienceX.exe,22676,0x1BBC8041FF0,DXGI,1,0,0,Composed: Flip,5818.6650,NA,17.86970000000000,16.44250000000000,15.43470000000000,65.79840000000000,97.2957,5817.5297,16.5700,1.1353,15.4347,50.8446,16.0891,5.8899,10.1992,0.3573,5817.5297,NA
ExperienceX.exe,22676,0x1BBC8041FF0,DXGI,1,0,0,Composed: Flip,5834.1916,NA,15.52660000000000,16.62320000000000,16.62980000000000,66.97480000000000,98.3923,5834.0997,16.7217,0.0919,16.6298,50.8688,16.1979,1.5763,14.6216,-0.0532,5834.0997,NA
ExperienceX.exe,22676,0x1BBC8041FF0,DXGI,1,0,0,Composed: Flip,5852.1487,NA,17.95710000000000,16.66600000000000,16.16160000000000,65.69710000000001,97.1012,5850.8214,17.4889,1.3273,16.1616,50.3527,16.6717,2.3018,14.3699,0.0557,5850.8214,NA
ExperienceX.exe,22676,0x1BBC8041FF0,DXGI,1,0,0,Composed: Flip,5868.4628,NA,16.31410000000000,16.61690000000000,15.97230000000000,65.47740000000000,97.4040,5868.3103,16.1248,0.1525,15.9723,50.8625,14.7674,4.4651,10.3023,0.8720,5868.3103,NA
ExperienceX.exe,22676,0x1BBC8041FF0,DXGI,1,0,0,Composed: Flip,5885.5237,NA,17.06090000000000,16.79010000000000,15.67410000000000,65.37630000000000,97.1332,5884.4351,16.7627,1.0886,15.6741,49.5074,16.9575,6.0298,10.9277,-0.6653,5884.4351,NA
ExperienceX.exe,22676,0x1BBC8041FF0,DXGI,1,0,0,Composed: Flip,5901.9794,NA,16.45570000000000,16.60520000000000,15.62510000000000,65.40880000000000,97.2827,5901.1978,16.4067,0.7816,15.6251,64.7743,1.4161,1.4072,0.0089,0.1575,5901.1978,NA
ExperienceX.exe,22676,0x1BBC8041FF0,DXGI,1,0,0,Composed: Flip,5920.0073,NA,18.02790000000000,16.72510000000000,13.96500000000000,64.29820000000001,95.9799,5917.6045,16.3678,2.4028,13.9650,49.7893,16.9117,6.5259,10.3858,-0.3184,5917.6045,NA
ExperienceX.exe,22676,0x1BBC8041FF0,DXGI,1,0,0,Composed: Flip,5934.7479,NA,14.74060000000000,16.58320000000000,16.10480000000000,66.14110000000001,97.8225,5933.9723,16.8804,0.7756,16.1048,65.4688,1.4479,1.4337,0.0142,-0.2154,5933.9723,NA
ExperienceX.exe,22676,0x1BBC8041FF0,DXGI,1,0,0,Composed: Flip,5952.0751,NA,17.32720000000000,16.62880000000000,15.35270000000000,65.49250000000001,97.1241,5950.8527,16.5751,1.2224,15.3527,50.0411,16.6738,6.6474,10.0264,0.2516,5950.8527,NA
ExperienceX.exe,22676,0x1BBC8041FF0,DXGI,1,0,0,Composed: Flip,5967.5377,NA,15.46260000000000,16.69760000000000,16.70930000000000,66.43080000000000,98.3591,5967.4278,16.8192,0.1099,16.7093,65.2969,1.2438,1.2326,0.0112,-0.1225,5967.4278,NA
ExperienceX.exe,22676,0x1BBC8041FF0,DXGI,1,0,0,Composed: Flip,5985.3175,NA,17.77980000000000,16.70420000000000,15.50700000000000,65.46860000000001,97.2835,5984.2470,16.5775,1.0705,15.5070,49.7246,16.8145,5.5375,11.2770,0.1150,5984.2470,NA
ExperienceX.exe,22676,0x1BBC8041FF0,DXGI,1,0,0,Composed: Flip,6001.6886,NA,16.37110000000000,16.80270000000000,15.84770000000000,66.51680000000000,97.7151,6000.8245,16.7118,0.8641,15.8477,50.2300,17.1509,2.2907,14.8602,-0.2252,6000.8245,NA
ExperienceX.exe,22676,0x1BBC8041FF0,DXGI,1,0,0,Composed: Flip,6018.5306,NA,16.84200000000000,16.90240000000000,15.40340000000000,65.64440000000000,97.7755,6017.5363,16.3977,0.9943,15.4034,50.6715,15.9672,7.0563,8.9109,-0.1906,6017.5363,NA
ExperienceX.exe,22676,0x1BBC8041FF0,DXGI,1,0,0,Composed: Flip,6034.5838,NA,16.05320000000000,16.22920000000000,16.18260000000000,67.34780000000001,97.9515,6033.9340,16.8324,0.6498,16.1826,65.7838,2.2138,2.2075,0.0063,0.1685,6033.9340,NA
ExperienceX.exe,22676,0x1BBC8041FF0,DXGI,1,0,0,Composed: Flip,6051.4792,NA,16.89540000000000,16.76050000000000,16.70970000000000,66.34990000000001,97.8166,6050.7664,17.4225,0.7128,16.7097,51.1689,15.8938,5.8214,10.0724,0.0719,6050.7664,NA
ExperienceX.exe,22676,0x1BBC8041FF0,DXGI,1,0,0,Composed: Flip,6068.5032,NA,17.02400000000000,16.55880000000000,15.63730000000000,66.03960000000001,97.3514,6068.1889,15.9516,0.3143,15.6373,64.5650,1.7889,1.7889,0.0000,0.8637,6068.1889,NA
ExperienceX.exe,22676,0x1BBC8041FF0,DXGI,1,0,0,Composed: Flip,6085.9769,NA,17.47370000000000,16.73670000000000,15.89310000000000,64.96180000000000,96.6144,6084.1405,17.7295,1.8364,15.8931,50.4023,16.3959,6.4467,9.9492,-0.7851,6084.1405,NA
ExperienceX.exe,22676,0x1BBC8041FF0,DXGI,1,0,0,Composed: Flip,6102.0064,NA,16.02950000000000,16.61180000000000,15.77430000000000,65.34490000000001,97.1967,6101.8700,15.9107,0.1364,15.7743,64.1124,1.3689,1.3647,0.0042,1.1177,6101.8700,NA
ExperienceX.exe,22676,0x1BBC8041FF0,DXGI,1,0,0,Composed: Flip,6119.8476,NA,17.84120000000000,16.80140000000000,14.45300000000000,64.44010000000000,96.1569,6117.7807,16.5199,2.0669,14.4530,49.5741,16.9329,6.3932,10.5397,-0.8907,6117.7807,NA
ExperienceX.exe,22676,0x1BBC8041FF0,DXGI,1,0,0,Composed: Flip,6134.4330,NA,14.58540000000000,16.64700000000000,16.50380000000000,66.53420000000000,98.2185,6134.3006,16.6362,0.1324,16.5038,50.6229,16.0437,1.7028,14.3409,-0.1271,6134.3006,NA
ExperienceX.exe,22676,0x1BBC8041FF0,DXGI,1,0,0,Composed: Flip,6151.8757,NA,17.44270000000000,16.80910000000000,15.49150000000000,65.82510000000001,97.5849,6150.9368,16.4304,0.9389,15.4915,50.0338,16.7302,6.5834,10.1468,-0.1729,6150.9368,NA
ExperienceX.exe,22676,0x1BBC8041FF0,DXGI,1,0,0,Composed: Flip,6167.4373,NA,15.56160000000000,16.38040000000000,16.83280000000000,68.38420000000001,98.4037,6167.3672,16.9029,0.0701,16.8328,65.4811,2.9732,2.9694,0.0038,0.0500,6167.3672,NA
ExperienceX.exe,22676,0x1BBC8041FF0,DXGI,1,0,0,Composed: Flip,6185.4564,NA,18.01910000000000,16.66690000000000,15.53980000000000,65.66320000000000,97.0515,6184.2701,16.7261,1.1863,15.5398,51.5542,15.2953,6.6128,8.6825,0.2360,6184.2701,NA
ExperienceX.exe,22676,0x1BBC8041FF0,DXGI,1,0,0,Composed: Flip,6201.5671,NA,16.11070000000000,16.67040000000000,16.09140000000000,65.80730000000000,97.6112,6200.9962,16.6623,0.5709,16.0914,65.0016,1.3766,1.3717,0.0049,0.0557,6200.9962,NA
ExperienceX.exe,22676,0x1BBC8041FF0,DXGI,1,0,0,Composed: Flip,6219.0089,NA,17.44180000000000,16.66100000000000,16.91000000000000,65.08060000000000,96.8304,6217.6585,18.2604,1.3504,16.9100,49.7185,16.7125,6.3767,10.3358,0.0013,6217.6585,NA
ExperienceX.exe,22676,0x1BBC8041FF0,DXGI,1,0,0,Composed: Flip,6236.0256,NA,17.01670000000000,16.93990000000000,15.13820000000000,65.39400000000001,96.7536,6235.9189,15.2449,0.1067,15.1382,63.3681,2.1326,2.1299,0.0027,1.3205,6235.9189,NA
ExperienceX.exe,22676,0x1BBC8041FF0,DXGI,1,0,0,Composed: Flip,6252.6359,NA,16.61030000000000,16.46960000000000,14.77280000000000,64.84860000000000,96.6129,6251.1638,16.2449,1.4721,14.7728,50.2586,16.0621,6.4697,9.5924,-1.2247,6251.1638,NA
ExperienceX.exe,22676,0x1BBC8041FF0,DXGI,1,0,0,Composed: Flip,6267.7720,NA,15.13610000000000,16.62770000000000,16.30750000000000,66.63910000000000,98.1045,6267.4087,16.6708,0.3633,16.3075,50.4145,16.5879,1.4415,15.1464,-0.3828,6267.4087,NA
ExperienceX.exe,22676,0x1BBC8041FF0,DXGI,1,0,0,Composed: Flip,6284.6335,NA,16.86150000000000,16.65490000000000,16.81930000000000,66.15350000000001,97.8979,6284.0795,17.3733,0.5540,16.8193,50.3384,16.3691,5.4744,10.8947,0.0159,6284.0795,NA
ExperienceX.exe,22676,0x1BBC8041FF0,DXGI,1,0,0,Composed: Flip,6301.8671,NA,17.23360000000000,16.65700000000000,15.71050000000000,65.58290000000001,97.3213,6301.4528,16.1248,0.4143,15.7105,64.5569,1.4403,1.4316,0.0087,0.7163,6301.4528,NA
ExperienceX.exe,22676,0x1BBC8041FF0,DXGI,1,0,0,Composed: Flip,6319.2538,NA,17.38670000000000,16.68990000000000,15.23420000000000,64.90210000000000,96.6245,6317.5776,16.9104,1.6762,15.2342,49.8753,16.7030,5.6406,11.0624,-0.5651,6317.5776,NA
ExperienceX.exe,22676,0x1BBC8041FF0,DXGI,1,0,0,Composed: Flip,6334.6713,NA,15.41750000000000,16.67050000000000,16.13230000000000,66.06860000000000,97.8775,6334.4880,16.3156,0.1833,16.1323,64.8463,1.4056,1.4002,0.0054,0.2399,6334.4880,NA
ExperienceX.exe,22676,0x1BBC8041FF0,DXGI,1,0,0,Composed: Flip,6352.2078,NA,17.53650000000000,16.63250000000000,15.22700000000000,65.34440000000001,96.9735,6350.8036,16.6312,1.4042,15.2270,49.9398,16.8088,5.4959,11.3129,-0.3169,6350.8036,NA
ExperienceX.exe,22676,0x1BBC8041FF0,DXGI,1,0,0,Composed: Flip,6367.5665,NA,15.35870000000000,16.74450000000000,16.58360000000000,66.65250000000000,98.3593,6367.4348,16.7153,0.1317,16.5836,65.2597,1.5245,1.5135,0.0110,-0.1133,6367.4348,NA
ExperienceX.exe,22676,0x1BBC8041FF0,DXGI,1,0,0,Composed: Flip,6385.0065,NA,17.44000000000000,16.60790000000000,15.81810000000000,65.75350000000000,97.5272,6384.1501,16.6745,0.8564,15.8181,50.0743,16.5356,5.6355,10.9001,0.1074,6384.1501,NA
ExperienceX.exe,22676,0x1BBC8041FF0,DXGI,1,0,0,Composed: Flip,6401.3163,NA,16.30980000000000,16.70080000000000,16.23060000000000,66.24380000000001,97.9182,6400.8246,16.7223,0.4917,16.2306,50.2095,16.5260,1.5166,15.0094,-0.0263,6400.8246,NA
ExperienceX.exe,22676,0x1BBC8041FF0,DXGI,1,0,0,Composed: Flip,6418.6496,NA,17.33330000000000,16.71650000000000,15.56640000000000,65.52730000000000,97.3014,6417.5469,16.6691,1.1027,15.5664,50.0163,16.6137,5.4281,11.1856,0.0058,6417.5469,NA
ExperienceX.exe,22676,0x1BBC8041FF0,DXGI,1,0,0,Composed: Flip,6434.3216,NA,15.67200000000000,16.67430000000000,16.47500000000000,66.50480000000000,98.3037,6434.2160,16.5806,0.1056,16.4750,65.2042,1.4062,1.4019,0.0043,-0.0052,6434.2160,NA
ExperienceX.exe,22676,0x1BBC8041FF0,DXGI,1,0,0,Composed: Flip,6451.4413,NA,17.11970000000000,16.71040000000000,16.08650000000000,66.06480000000001,97.8944,6450.7966,16.7312,0.6447,16.0865,50.0333,16.6762,6.6307,10.0455,-0.1298,6450.7966,NA
ExperienceX.exe,22676,0x1BBC8041FF0,DXGI,1,0,0,Composed: Flip,6467.6436,NA,16.20230000000000,16.90180000000000,16.62080000000000,66.57410000000000,98.5939,6467.5278,16.7366,0.1158,16.6208,65.3307,1.3592,1.3503,0.0089,-0.1706,6467.5278,NA
ExperienceX.exe,22676,0x1BBC8041FF0,DXGI,1,0,0,Composed: Flip,6485.8653,NA,18.22170000000000,16.45360000000000,15.08650000000000,65.21240000000000,96.8258,6484.2644,16.6874,1.6009,15.0865,49.9576,16.8557,5.1617,11.6940,0.2830,6484.2644,NA
ExperienceX.exe,22676,0x1BBC8041FF0,DXGI,1,0,0,Composed: Flip,6501.0508,NA,15.18550000000000,16.61890000000000,16.47410000000000,67.02100000000000,98.2592,6500.9518,16.5731,0.0990,16.4741,65.6635,1.4565,1.4393,0.0172,0.0685,6500.9518,NA
ExperienceX.exe,22676,0x1BBC8041FF0,DXGI,1,0,0,Composed: Flip,6518.9487,NA,17.89790000000000,16.87680000000000,15.22280000000000,65.17790000000001,97.2381,6517.5249,16.6466,1.4238,15.2228,50.5509,16.0508,3.9077,12.1431,-0.3037,6517.5249,NA
ExperienceX.exe,22676,0x1BBC8041FF0,DXGI,1,0,0,Composed: Flip,6534.2797,NA,15.33100000000000,16.53680000000000,16.68100000000000,66.70600000000000,98.4439,6534.1715,16.7892,0.1082,16.6810,49.9551,16.8591,2.0950,14.7641,0.1098,6534.1715,NA
ExperienceX.exe,22676,0x1BBC8041FF0,DXGI,1,0,0,Composed: Flip,6552.6501,NA,18.37040000000000,17.02070000000000,15.31600000000000,65.09160000000000,97.0942,6550.9607,17.0054,1.6894,15.3160,50.0306,16.7504,3.7609,12.9895,-0.2315,6550.9607,NA
ExperienceX.exe,22676,0x1BBC8041FF0,DXGI,1,0,0,Composed: Flip,6568.2535,NA,15.60340000000000,16.26620000000000,16.56270000000000,68.50520000000000,97.7570,6567.9661,16.8501,0.2874,16.5627,65.0562,3.7364,3.7281,0.0083,0.7392,6567.9661,NA
ExperienceX.exe,22676,0x1BBC8041FF0,DXGI,1,0,0,Composed: Flip,6586.3063,NA,18.05280000000000,16.58250000000000,14.63920000000000,65.15410000000000,96.2867,6584.8162,16.1293,1.4901,14.6392,51.9470,14.6972,6.6452,8.0520,0.2676,6584.8162,NA
ExperienceX.exe,22676,0x1BBC8041FF0,DXGI,1,0,0,Composed: Flip,6601.2504,NA,14.94410000000000,16.83940000000000,16.66100000000000,66.39770000000000,98.1820,6600.9455,16.9659,0.3049,16.6610,65.3147,1.3879,1.3707,0.0172,-0.7101,6600.9455,NA
ExperienceX.exe,22676,0x1BBC8041FF0,DXGI,1,0,0,Composed: Flip,6619.6251,NA,18.37470000000000,16.50600000000000,17.07340000000000,64.53100000000001,96.3133,6617.9114,18.7871,1.7137,17.0734,49.7390,16.5057,2.0481,14.4576,0.4599,6617.9114,NA
ExperienceX.exe,22676,0x1BBC8041FF0,DXGI,1,0,0,Composed: Flip,6637.7323,NA,18.10720000000000,16.76670000000000,13.64630000000000,63.57030000000000,94.9728,6636.6985,14.6801,1.0338,13.6463,48.4622,16.1419,6.4002,9.7417,2.0204,6636.6985,NA
ExperienceX.exe,22676,0x1BBC8041FF0,DXGI,1,0,0,Composed: Flip,6652.1517,NA,14.41940000000000,16.61260000000000,15.45510000000000,65.44400000000000,97.1660,6651.3786,16.2282,0.7731,15.4551,49.9305,16.2866,4.7016,11.5850,-1.9325,6651.3786,NA
ExperienceX.exe,22676,0x1BBC8041FF0,DXGI,1,0,0,Composed: Flip,6668.8018,NA,16.65010000000000,16.76490000000000,15.34610000000000,65.70090000000000,97.2808,6667.6068,16.5411,1.1950,15.3461,65.3494,1.5465,1.5152,0.0313,-0.5367,6667.6068,NA
ExperienceX.exe,22676,0x1BBC8041FF0,DXGI,1,0,0,Composed: Flip,6687.0024,NA,18.20060000000000,16.59120000000000,14.20580000000000,64.21740000000000,95.6714,6684.1479,17.0603,2.8545,14.2058,50.3645,16.7074,6.1471,10.5603,-0.0501,6684.1479,NA
ExperienceX.exe,22676,0x1BBC8041FF0,DXGI,1,0,0,Composed: Flip,6701.3829,NA,14.38050000000000,16.66190000000000,16.13840000000000,66.92540000000000,97.9528,6701.2082,16.3131,0.1747,16.1384,65.1712,1.9289,1.9172,0.0117,0.3984,6701.2082,NA
ExperienceX.exe,22676,0x1BBC8041FF0,DXGI,1,0,0,Composed: Flip,6718.9084,NA,17.52550000000000,16.58090000000000,16.39390000000000,66.57410000000000,97.0082,6717.5213,17.7810,1.3871,16.3939,50.7934,17.1678,6.7110,10.4568,-0.2678,6717.5213,NA
ExperienceX.exe,22676,0x1BBC8041FF0,DXGI,1,0,0,Composed: Flip,6736.2196,NA,17.31120000000000,16.90720000000000,14.82630000000000,64.92450000000001,96.6042,6735.3023,15.7436,0.9173,14.8263,64.3647,1.4771,1.4573,0.0198,0.8738,6735.3023,NA
ExperienceX.exe,22676,0x1BBC8041FF0,DXGI,1,0,0,Composed: Flip,6752.7966,NA,16.57700000000000,16.41260000000000,15.60490000000000,64.96740000000000,96.4398,6751.0459,17.3556,1.7507,15.6049,50.1018,16.6163,4.1636,12.4527,-0.6690,6751.0459,NA
ExperienceX.exe,22676,0x1BBC8041FF0,DXGI,1,0,0,Composed: Flip,6770.5402,NA,17.74360000000000,16.75910000000000,14.99340000000000,66.49370000000000,95.4553,6768.4015,17.1321,2.1387,14.9934,49.7244,18.9080,4.0242,14.8838,0.5965,6768.4015,NA
ExperienceX.exe,22676,0x1BBC8041FF0,DXGI,1,0,0,Composed: Flip,6786.5050,NA,15.96480000000000,16.69630000000000,14.59270000000000,64.38020000000000,96.1868,6785.5336,15.5641,0.9714,14.5927,51.5076,13.8440,5.6105,8.2335,0.4358,6785.5336,NA
ExperienceX.exe,22676,0x1BBC8041FF0,DXGI,1,0,0,Composed: Flip,6801.3164,NA,14.81140000000000,16.64480000000000,16.44620000000000,66.40100000000000,98.0202,6801.0977,16.6649,0.2187,16.4462,65.1590,1.4607,1.4419,0.0188,-1.0807,6801.0977,NA
ExperienceX.exe,22676,0x1BBC8041FF0,DXGI,1,0,0,Composed: Flip,6819.6266,NA,18.31020000000000,16.60640000000000,17.26560000000000,64.86690000000000,96.3164,6817.7626,19.1296,1.8640,17.2656,49.9594,16.7715,4.2619,12.5096,0.0585,6817.7626,NA
ExperienceX.exe,22676,0x1BBC8041FF0,DXGI,1,0,0,Composed: Flip,6837.0138,NA,17.38720000000000,16.75570000000000,13.90530000000000,64.19150000000000,95.6849,6836.8922,14.0269,0.1216,13.9053,62.7573,1.5558,1.5407,0.0151,2.3739,6836.8922,NA
ExperienceX.exe,22676,0x1BBC8041FF0,DXGI,1,0,0,Composed: Flip,6852.7152,NA,15.70140000000000,16.58080000000000,15.30160000000000,64.90700000000000,96.5643,6850.9191,17.0977,1.7961,15.3016,50.2929,16.4102,4.4022,12.0080,-2.5539,6850.9191,NA
ExperienceX.exe,22676,0x1BBC8041FF0,DXGI,1,0,0,Composed: Flip,6868.2678,NA,15.55260000000000,16.73250000000000,16.17150000000000,68.48800000000000,97.7442,6868.0168,16.4225,0.2510,16.1715,64.9452,3.7938,3.7938,0.0000,0.3652,6868.0168,NA
ExperienceX.exe,22676,0x1BBC8041FF0,DXGI,1,0,0,Composed: Flip,6886.6791,NA,18.41130000000000,16.95480000000000,14.36270000000000,64.31430000000000,96.2877,6884.4393,16.6025,2.2398,14.3627,52.3165,14.2376,7.3160,6.9216,-0.5323,6884.4393,NA
ExperienceX.exe,22676,0x1BBC8041FF0,DXGI,1,0,0,Composed: Flip,6902.9141,NA,16.23500000000000,16.36330000000000,14.62810000000000,65.02600000000000,96.4160,6901.0418,16.5004,1.8723,14.6281,50.7958,16.1025,1.7264,14.3761,0.2392,6901.0418,NA
ExperienceX.exe,22676,0x1BBC8041FF0,DXGI,1,0,0,Composed: Flip,6919.4838,NA,16.56970000000000,16.74740000000000,18.11380000000000,65.13640000000001,96.5937,6917.5422,20.0554,1.9416,18.1138,50.4053,16.6727,5.0728,11.5999,-0.2470,6917.5422,NA
ExperienceX.exe,22676,0x1BBC8041FF0,DXGI,1,0,0,Composed: Flip,6937.8799,NA,18.39610000000000,16.58550000000000,13.34190000000000,63.37950000000000,94.7831,6937.5976,13.6242,0.2823,13.3419,61.9685,1.6933,1.6860,0.0073,3.4699,6937.5976,NA
ExperienceX.exe,22676,0x1BBC8041FF0,DXGI,1,0,0,Composed: Flip,6953.2768,NA,15.39690000000000,16.64510000000000,14.58340000000000,64.90570000000001,96.0313,6951.2218,16.6384,2.0550,14.5834,50.0412,16.9195,7.4669,9.4526,-3.0209,6951.2218,NA
ExperienceX.exe,22676,0x1BBC8041FF0,DXGI,1,0,0,Composed: Flip,6968.0820,NA,14.80520000000000,16.67630000000000,16.46620000000000,67.84160000000000,97.9024,6967.8602,16.6880,0.2218,16.4662,50.3223,17.7411,3.7230,14.0181,-0.0379,6967.8602,NA
ExperienceX.exe,22676,0x1BBC8041FF0,DXGI,1,0,0,Composed: Flip,6986.1080,NA,18.02600000000000,16.56700000000000,15.14130000000000,65.50400000000000,96.4434,6984.5482,16.7011,1.5598,15.1413,51.3832,15.6806,7.1495,8.5311,0.1210,6984.5482,NA
ExperienceX.exe,22676,0x1BBC8041FF0,DXGI,1,0,0,Composed: Flip,7001.3956,NA,15.28760000000000,16.81490000000000,17.22640000000000,67.44940000000000,97.9707,7001.2493,17.3727,0.1463,17.2264,65.0489,2.5468,2.5468,0.0000,-0.1138,7001.2493,NA
ExperienceX.exe,22676,0x1BBC8041FF0,DXGI,1,0,0,Composed: Flip,7020.8594,NA,19.46380000000000,16.75090000000000,15.18390000000000,63.85450000000000,95.2578,7018.6220,17.4213,2.2374,15.1839,50.2230,15.8689,4.4589,11.4100,0.6218,7018.6220,NA
ExperienceX.exe,22676,0x1BBC8041FF0,DXGI,1,0,0,Composed: Flip,7036.2511,NA,15.39170000000000,16.57100000000000,15.42700000000000,64.93580000000000,96.4371,7036.0433,15.6348,0.2078,15.4270,49.1518,15.9918,1.5945,14.3973,0.8503,7036.0433,NA
ExperienceX.exe,22676,0x1BBC8041FF0,DXGI,1,0,0,Composed: Flip,7053.3500,NA,17.09890000000000,16.57710000000000,14.94520000000000,64.71030000000000,95.9153,7051.6781,16.6171,1.6719,14.9452,49.5141,16.8681,3.8947,12.9734,-0.9423,7051.6781,NA
ExperienceX.exe,22676,0x1BBC8041FF0,DXGI,1,0,0,Composed: Flip,7068.5011,NA,15.15110000000000,16.58050000000000,16.24560000000000,68.48090000000001,97.3447,7068.2952,16.4515,0.2059,16.2456,64.6765,4.0103,3.9943,0.0160,0.0366,7068.2952,NA
ExperienceX.exe,22676,0x1BBC8041FF0,DXGI,1,0,0,Composed: Flip,7086.1052,NA,17.60410000000000,16.96230000000000,15.03500000000000,64.98690000000001,96.7029,7084.7467,16.3935,1.3585,15.0350,52.2395,14.1059,7.1736,6.9323,-0.5108,7084.7467,NA
ExperienceX.exe,22676,0x1BBC8041FF0,DXGI,1,0,0,Composed: Flip,7101.3484,NA,15.24320000000000,16.50510000000000,16.81200000000000,66.21960000000000,97.9648,7101.1402,17.0202,0.2082,16.8120,64.8791,1.5487,1.5414,0.0073,-0.1116,7101.1402,NA
ExperienceX.exe,22676,0x1BBC8041FF0,DXGI,1,0,0,Composed: Flip,7120.7326,NA,19.38420000000000,17.05200000000000,16.02590000000000,64.98770000000000,95.6326,7118.1604,18.5981,2.5722,16.0259,49.4130,18.1469,6.5977,11.5492,-0.0318,7118.1604,NA
ExperienceX.exe,22676,0x1BBC8041FF0,DXGI,1,0,0,Composed: Flip,7136.9663,NA,16.23370000000000,16.20570000000000,14.38590000000000,64.12940000000000,95.6046,7136.7585,14.5937,0.2078,14.3859,62.9833,1.3539,1.3345,0.0194,2.3924,7136.7585,NA
ExperienceX.exe,22676,0x1BBC8041FF0,DXGI,1,0,0,Composed: Flip,7155.1462,NA,18.17990000000000,16.62290000000000,12.42350000000000,63.28150000000000,94.0476,7151.3522,16.2175,3.7940,12.4235,49.7473,17.3282,4.0698,13.2584,-2.0292,7151.3522,NA
ExperienceX.exe,22676,0x1BBC8041FF0,DXGI,1,0,0,Composed: Flip,7167.6993,NA,12.55310000000000,16.66400000000000,17.80060000000000,66.46540000000000,98.1585,7167.5697,17.9302,0.1296,17.8006,51.4158,15.1792,1.6145,13.5647,-0.4465,7167.5697,NA
ExperienceX.exe,22676,0x1BBC8041FF0,DXGI,1,0,0,Composed: Flip,7188.5489,NA,20.84960000000000,16.65890000000000,12.52000000000000,62.27450000000000,93.9678,7185.4999,15.5690,3.0490,12.5200,48.6699,16.6536,6.4550,10.1986,1.2713,7185.4999,NA
ExperienceX.exe,22676,0x1BBC8041FF0,DXGI,1,0,0,Composed: Flip,7201.2918,NA,12.74290000000000,16.75840000000000,16.97650000000000,66.29840000000000,97.9833,7201.0689,17.1994,0.2229,16.9765,65.0711,1.4502,1.4303,0.0199,-1.1894,7201.0689,NA
ExperienceX.exe,22676,0x1BBC8041FF0,DXGI,1,0,0,Composed: Flip,7219.8853,NA,18.59350000000000,16.86730000000000,14.25540000000000,64.30260000000000,96.2571,7218.2683,15.8724,1.6170,14.2554,49.3285,16.5911,3.9130,12.6781,0.3321,7218.2683,NA
ExperienceX.exe,22676,0x1BBC8041FF0,DXGI,1,0,0,Composed: Flip,7234.6301,NA,14.74480000000000,16.47130000000000,16.17510000000000,66.23220000000001,97.9836,7234.1407,16.6645,0.4894,16.1751,65.3026,1.4190,1.4059,0.0131,-0.5989,7234.1407,NA
ExperienceX.exe,22676,0x1BBC8041FF0,DXGI,1,0,0,Composed: Flip,7251.4323,NA,16.80220000000000,16.60160000000000,16.12910000000000,66.73440000000001,97.7830,7250.8052,16.7562,0.6271,16.1291,50.0620,17.2995,5.9391,11.3604,0.0629,7250.8052,NA
ExperienceX.exe,22676,0x1BBC8041FF0,DXGI,1,0,0,Composed: Flip,7268.8694,NA,17.43710000000000,16.67270000000000,15.28550000000000,72.24910000000000,97.0186,7267.5614,16.5935,1.3080,15.2855,65.2615,8.2956,8.2956,0.0000,0.0835,7267.5614,NA
ExperienceX.exe,22676,0x1BBC8041FF0,DXGI,1,0,0,Composed: Flip,7285.0634,NA,16.19400000000000,16.87940000000000,15.76050000000000,65.88580000000000,97.7040,7284.1549,16.6690,0.9085,15.7605,56.9636,9.8307,4.7041,5.1266,-0.2859,7284.1549,NA
ExperienceX.exe,22676,0x1BBC8041FF0,DXGI,1,0,0,Composed: Flip,7300.9483,NA,15.88490000000000,16.69080000000000,17.35650000000000,67.89450000000001,98.5099,7300.8239,17.4809,0.1244,17.3565,50.3830,17.6359,2.8609,14.7750,-0.0218,7300.8239,NA
ExperienceX.exe,22676,0x1BBC8041FF0,DXGI,1,0,0,Composed: Flip,7319.7827,NA,18.83440000000000,16.73260000000000,21.35070000000000,64.79060000000000,96.4081,7318.3048,22.8286,1.4779,21.3507,50.5420,15.7265,7.2021,8.5244,0.7483,7318.3048,NA
ExperienceX.exe,22676,0x1BBC8041FF0,DXGI,1,0,0,Composed: Flip,7341.6867,NA,21.90400000000000,16.51220000000000,9.24610000000000,60.44560000000001,91.0163,7341.1334,9.7994,0.5533,9.2461,58.9974,2.0015,2.0015,0.0000,6.3164,7341.1334,NA
ExperienceX.exe,22676,0x1BBC8041FF0,DXGI,1,0,0,Composed: Flip,7351.8460,NA,10.15930000000000,16.69130000000000,17.02110000000000,66.17720000000000,97.5483,7350.9328,17.9343,0.9132,17.0211,51.1995,15.8909,6.2175,9.6734,-6.8919,7350.9328,NA
ExperienceX.exe,22676,0x1BBC8041FF0,DXGI,1,0,0,Composed: Flip,7368.9585,NA,17.11250000000000,16.55910000000000,15.46590000000000,68.00960000000001,96.9949,7368.8671,15.5573,0.0914,15.4659,64.0935,4.0075,3.9812,0.0263,1.3752,7368.8671,NA
ExperienceX.exe,22676,0x1BBC8041FF0,DXGI,1,0,0,Composed: Flip,7385.7184,NA,16.75990000000000,16.60940000000000,16.44160000000000,65.54790000000000,96.8444,7384.4244,17.7356,1.2940,16.4416,52.5517,14.2902,6.6675,7.6227,-1.0521,7384.4244,NA
ExperienceX.exe,22676,0x1BBC8041FF0,DXGI,1,0,0,Composed: Flip,7402.3383,NA,16.61990000000000,16.88670000000000,15.97740000000000,65.34060000000001,97.1112,7402.1600,16.1557,0.1783,15.9774,64.0672,1.4517,1.4333,0.0184,0.8489,7402.1600,NA
ExperienceX.exe,22676,0x1BBC8041FF0,DXGI,1,0,0,Composed: Flip,7420.5584,NA,18.22010000000000,16.40030000000000,16.34020000000000,63.62950000000000,95.2914,7418.3157,18.5829,2.2427,16.3402,49.3663,16.5059,3.8813,12.6246,-0.2446,7418.3157,NA
ExperienceX.exe,22676,0x1BBC8041FF0,DXGI,1,0,0,Composed: Flip,7437.1629,NA,16.60450000000000,16.67410000000000,14.06470000000000,63.95250000000000,95.3610,7436.8986,14.3290,0.2643,14.0647,47.6525,16.5643,1.4926,15.0717,1.9088,7436.8986,NA
ExperienceX.exe,22676,0x1BBC8041FF0,DXGI,1,0,0,Composed: Flip,7452.8380,NA,15.67510000000000,16.68020000000000,14.79170000000000,65.86680000000000,96.3661,7451.2276,16.4021,1.6104,14.7917,49.8925,17.5847,6.5272,11.0575,-2.3512,7451.2276,NA
ExperienceX.exe,22676,0x1BBC8041FF0,DXGI,1,0,0,Composed: Flip,7467.8699,NA,15.03190000000000,16.63200000000000,16.27310000000000,67.52760000000001,97.9662,7467.6297,16.5133,0.2402,16.2731,64.9945,2.7733,2.7683,0.0050,-0.2299,7467.6297,NA
ExperienceX.exe,22676,0x1BBC8041FF0,DXGI,1,0,0,Composed: Flip,7485.2336,NA,17.36370000000000,16.70120000000000,15.85830000000000,65.87600000000000,97.3037,7484.1430,16.9489,1.0906,15.8583,51.2581,15.7085,8.7377,6.9708,-0.1879,7484.1430,NA
ExperienceX.exe,22676,0x1BBC8041FF0,DXGI,1,0,0,Composed: Flip,7501.2333,NA,15.99970000000000,16.70050000000000,17.51610000000000,66.15510000000000,98.0045,7501.0919,17.6575,0.1414,17.5161,64.8928,1.4037,1.4000,0.0037,0.2484,7501.0919,NA
ExperienceX.exe,22676,0x1BBC8041FF0,DXGI,1,0,0,Composed: Flip,7519.6046,NA,18.37130000000000,16.89020000000000,15.82090000000000,65.48720000000000,96.5234,7518.7494,16.6761,0.8552,15.8209,48.6433,17.6991,7.3407,10.3584,0.7673,7518.7494,NA
ExperienceX.exe,22676,0x1BBC8041FF0,DXGI,1,0,0,Composed: Flip,7536.1777,NA,16.57310000000000,16.43800000000000,15.05390000000000,64.69470000000000,96.3883,7535.4255,15.8061,0.7522,15.0539,64.0231,1.4238,1.4092,0.0146,0.2381,7535.4255,NA
ExperienceX.exe,22676,0x1BBC8041FF0,DXGI,1,0,0,Composed: Flip,7553.0498,NA,16.87210000000000,16.77400000000000,14.38300000000000,64.72530000000000,96.2902,7551.2316,16.2012,1.8182,14.3830,49.6490,16.8945,5.3787,11.5158,-0.9679,7551.2316,NA
ExperienceX.exe,22676,0x1BBC8041FF0,DXGI,1,0,0,Composed: Flip,7567.5188,NA,14.46900000000000,16.56880000000000,17.60260000000000,66.63440000000000,98.3900,7567.4328,17.6886,0.0860,17.6026,50.8271,15.8933,1.6055,14.2878,-0.3676,7567.4328,NA
ExperienceX.exe,22676,0x1BBC8041FF0,DXGI,1,0,0,Composed: Flip,7586.7936,NA,19.27480000000000,16.92100000000000,13.97260000000000,65.21590000000000,96.0362,7585.1214,15.6448,1.6722,13.9726,49.0318,17.8563,7.0724,10.7839,0.7676,7585.1214,NA
ExperienceX.exe,22676,0x1BBC8041FF0,DXGI,1,0,0,Composed: Flip,7600.8954,NA,14.10180000000000,16.37940000000000,16.82680000000000,66.72760000000001,98.3138,7600.7662,16.9560,0.1292,16.8268,65.3051,1.5517,1.5445,0.0072,-0.7346,7600.7662,NA
ExperienceX.exe,22676,0x1BBC8041FF0,DXGI,1,0,0,Composed: Flip,7618.9983,NA,18.10290000000000,16.79110000000000,15.59490000000000,65.60270000000000,97.0020,7617.7222,16.8710,1.2761,15.5949,49.9050,16.9738,6.6704,10.3034,0.1649,7617.7222,NA
ExperienceX.exe,22676,0x1BBC8041FF0,DXGI,1,0,0,Composed: Flip,7635.0897,NA,16.09140000000000,16.56710000000000,16.45350000000000,65.67430000000000,97.4777,7634.5932,16.9500,0.4965,16.4535,64.7160,1.4548,1.4447,0.0101,0.3039,7634.5932,NA
ExperienceX.exe,22676,0x1BBC8041FF0,DXGI,1,0,0,Composed: Flip,7653.2238,NA,18.13410000000000,16.72130000000000,14.38070000000000,64.58050000000000,96.0649,7651.5432,16.0613,1.6806,14.3807,49.2232,17.0379,6.4407,10.5972,0.2287,7651.5432,NA
ExperienceX.exe,22676,0x1BBC8041FF0,DXGI,1,0,0,Composed: Flip,7667.7022,NA,14.47840000000000,16.64170000000000,16.86960000000000,67.43780000000001,98.2282,7667.6045,16.9673,0.0977,16.8696,65.1587,2.3768,2.3640,0.0128,-0.5804,7667.6045,NA
ExperienceX.exe,22676,0x1BBC8041FF0,DXGI,1,0,0,Composed: Flip,7687.1066,NA,19.40440000000000,16.74930000000000,13.65300000000000,63.95390000000000,95.5731,7684.5718,16.1878,2.5348,13.6530,50.5722,15.9165,6.5347,9.3818,0.2180,7684.5718,NA
ExperienceX.exe,22676,0x1BBC8041FF0,DXGI,1,0,0,Composed: Flip,7700.8825,NA,13.77590000000000,16.67170000000000,16.88950000000000,66.58500000000001,98.4689,7700.7596,17.0124,0.1229,16.8895,50.6963,16.0116,1.7367,14.2749,-0.4839,7700.7596,NA
ExperienceX.exe,22676,0x1BBC8041FF0,DXGI,1,0,0,Composed: Flip,7719.7568,NA,18.87430000000000,16.91470000000000,15.31850000000000,65.12660000000000,96.5093,7717.7720,17.3033,1.9848,15.3185,49.6981,17.4133,6.9120,10.5013,0.0977,7717.7720,NA
ExperienceX.exe,22676,0x1BBC8041FF0,DXGI,1,0,0,Composed: Flip,7735.1854,NA,15.42860000000000,16.34310000000000,15.82080000000000,65.92500000000000,97.4238,7735.0753,15.9309,0.1101,15.8208,64.6122,1.4229,1.3973,0.0256,0.9602,7735.0753,NA
ExperienceX.exe,22676,0x1BBC8041FF0,DXGI,1,0,0,Composed: Flip,7752.4023,NA,17.21690000000000,16.59850000000000,15.01950000000000,65.66580000000000,96.8054,7751.0062,16.4156,1.3961,15.0195,50.1125,16.9494,3.8554,13.0940,-0.6676,7751.0062,NA
ExperienceX.exe,22676,0x1BBC8041FF0,DXGI,1,0,0,Composed: Flip,7767.5382,NA,15.13590000000000,16.73090000000000,17.29260000000000,72.52270000000000,98.4004,7767.4218,17.4090,0.1164,17.2926,65.3744,7.2647,7.2594,0.0053,-0.3153,7767.4218,NA
ExperienceX.exe,22676,0x1BBC8041FF0,DXGI,1,0,0,Composed: Flip,7786.7772,NA,19.23900000000000,16.62200000000000,14.67580000000000,64.15190000000000,95.7834,7784.8308,16.6222,1.9464,14.6758,55.2322,10.8661,4.1471,6.7190,0.7870,7784.8308,NA
ExperienceX.exe,22676,0x1BBC8041FF0,DXGI,1,0,0,Composed: Flip,7801.7297,NA,14.95250000000000,16.88590000000000,16.28020000000000,65.85770000000001,97.7168,7801.4530,16.5569,0.2767,16.2802,64.7210,1.4134,1.4010,0.0124,-0.2637,7801.4530,NA
ExperienceX.exe,22676,0x1BBC8041FF0,DXGI,1,0,0,Composed: Flip,7820.4671,NA,18.73740000000000,16.48500000000000,19.51390000000000,63.70790000000000,95.4644,7818.0099,21.9711,2.4572,19.5139,49.5797,16.5854,3.6877,12.8977,0.0719,7818.0099,NA
ExperienceX.exe,22676,0x1BBC8041FF0,DXGI,1,0,0,Composed: Flip,7840.0776,NA,19.61050000000000,16.75990000000000,10.81210000000000,61.01310000000000,92.6138,7839.9810,10.9087,0.0966,10.8121,44.4722,16.6375,1.4883,15.1492,5.2112,7839.9810,NA
ExperienceX.exe,22676,0x1BBC8041FF0,DXGI,1,0,0,Composed: Flip,7852.0103,NA,11.93270000000000,16.51890000000000,15.50140000000000,65.48170000000000,97.2000,7850.8897,16.6220,1.1206,15.5014,50.2078,16.3945,3.6609,12.7336,-5.6102,7850.8897,NA
ExperienceX.exe,22676,0x1BBC8041FF0,DXGI,1,0,0,Composed: Flip,7868.2846,NA,16.27430000000000,16.68530000000000,15.85140000000000,68.27410000000000,97.6110,7867.5117,16.6243,0.7729,15.8514,65.5808,3.4662,3.4624,0.0038,-0.0633,7867.5117,NA
ExperienceX.exe,22676,0x1BBC8041FF0,DXGI,1,0,0,Composed: Flip,7885.0829,NA,16.79830000000000,16.69530000000000,15.95270000000000,65.78030000000000,97.5080,7884.1360,16.8996,0.9469,15.9527,52.4274,14.2998,6.8422,7.4576,-0.0710,7884.1360,NA
ExperienceX.exe,22676,0x1BBC8041FF0,DXGI,1,0,0,Composed: Flip,7901.1809,NA,16.09800000000000,16.67540000000000,16.28820000000000,66.25690000000000,98.0854,7901.0356,16.4335,0.1453,16.2882,64.9962,1.4060,1.3972,0.0088,0.2242,7901.0356,NA
ExperienceX.exe,22676,0x1BBC8041FF0,DXGI,1,0,0,Composed: Flip,7919.2180,NA,18.03710000000000,16.71260000000000,17.19570000000000,66.06780000000001,96.7609,7917.4691,18.9446,1.7489,17.1957,49.9729,17.8438,2.9952,14.8486,-0.2791,7917.4691,NA
ExperienceX.exe,22676,0x1BBC8041FF0,DXGI,1,0,0,Composed: Flip,7936.5190,NA,17.30100000000000,16.88660000000000,14.35400000000000,64.27310000000000,96.3465,7936.4137,14.4593,0.1053,14.3540,50.2127,14.1657,5.1645,9.0012,2.0580,7936.4137,NA
ExperienceX.exe,22676,0x1BBC8041FF0,DXGI,1,0,0,Composed: Flip,7952.0022,NA,15.48320000000000,16.35710000000000,15.39190000000000,65.67370000000000,97.2204,7950.8730,16.5211,1.1292,15.3919,49.9247,16.8782,4.6340,12.2442,-1.8978,7950.8730,NA
ExperienceX.exe,22676,0x1BBC8041FF0,DXGI,1,0,0,Composed: Flip,7967.9916,NA,15.98940000000000,16.64840000000000,17.19460000000000,68.37990000000001,97.8794,7967.3941,17.7921,0.5975,17.1946,65.8113,3.1661,3.1486,0.0175,-0.1273,7967.3941,NA
ExperienceX.exe,22676,0x1BBC8041FF0,DXGI,1,0,0,Composed: Flip,7988.6366,NA,20.64500000000000,16.68890000000000,12.06870000000000,62.34350000000001,93.9233,7985.1862,15.5191,3.4504,12.0687,51.1909,14.6030,6.6824,7.9206,1.1032,7985.1862,NA
ExperienceX.exe,22676,0x1BBC8041FF0,DXGI,1,0,0,Composed: Flip,8000.8516,NA,12.21500000000000,16.80220000000000,16.88100000000000,66.60610000000000,98.5105,8000.7053,17.0273,0.1463,16.8810,65.3896,1.3628,1.3553,0.0075,-1.2831,8000.7053,NA
ExperienceX.exe,22676,0x1BBC8041FF0,DXGI,1,0,0,Composed: Flip,8019.3878,NA,18.53620000000000,16.60090000000000,16.82300000000000,64.89000000000000,96.5752,8017.7326,18.4782,1.6552,16.8230,49.7295,16.8157,5.3886,11.4271,0.4264,8017.7326,NA
ExperienceX.exe,22676,0x1BBC8041FF0,DXGI,1,0,0,Composed: Flip,8036.3424,NA,16.95460000000000,16.77340000000000,14.69920000000000,64.81320000000001,96.3940,8036.2108,14.8308,0.1316,14.6992,63.5020,1.4428,1.4242,0.0186,1.7048,8036.2108,NA
ExperienceX.exe,22676,0x1BBC8041FF0,DXGI,1,0,0,Composed: Flip,8052.5620,NA,16.21960000000000,16.46080000000000,15.03460000000000,65.03260000000000,96.6352,8051.0416,16.5550,1.5204,15.0346,50.1183,16.4347,4.1082,12.3265,-1.6300,8051.0416,NA
ExperienceX.exe,22676,0x1BBC8041FF0,DXGI,1,0,0,Composed: Flip,8068.3067,NA,15.74470000000000,16.70310000000000,15.92490000000000,68.11080000000000,97.5936,8067.5966,16.6350,0.7101,15.9249,50.4400,18.3809,3.3943,14.9866,-0.1481,8067.5966,NA
ExperienceX.exe,22676,0x1BBC8041FF0,DXGI,1,0,0,Composed: Flip,8085.4129,NA,17.10620000000000,16.73910000000000,15.68260000000000,65.39720000000000,97.2265,8084.2316,16.8639,1.1813,15.6826,52.1902,14.3883,5.6159,8.7724,-0.1041,8084.2316,NA
ExperienceX.exe,22676,0x1BBC8041FF0,DXGI,1,0,0,Composed: Flip,8101.3266,NA,15.91370000000000,16.55760000000000,16.24290000000000,66.17580000000001,97.8704,8101.0955,16.4740,0.2311,16.2429,64.9439,1.4630,1.4486,0.0144,0.3063,8101.0955,NA
ExperienceX.exe,22676,0x1BBC8041FF0,DXGI,1,0,0,Composed: Flip,8119.1493,NA,17.82270000000000,16.79440000000000,17.18780000000000,65.11440000000000,96.8421,8117.5695,18.7676,1.5798,17.1878,49.9349,16.7593,5.8754,10.8839,-0.3204,8117.5695,NA
ExperienceX.exe,22676,0x1BBC8041FF0,DXGI,1,0,0,Composed: Flip,8136.4720,NA,17.32270000000000,16.57370000000000,14.38530000000000,64.32910000000000,96.0931,8136.3371,14.5202,0.1349,14.3853,63.0269,1.4371,1.4305,0.0066,2.1939,8136.3371,NA
ExperienceX.exe,22676,0x1BBC8041FF0,DXGI,1,0,0,Composed: Flip,8152.2311,NA,15.75910000000000,16.78640000000000,15.23360000000000,65.38500000000001,97.1204,8150.8573,16.6074,1.3738,15.2336,49.9470,16.8118,5.1591,11.6527,-2.2662,8150.8573,NA
ExperienceX.exe,22676,0x1BBC8041FF0,DXGI,1,0,0,Composed: Flip,8167.5646,NA,15.33350000000000,16.99450000000000,16.65980000000000,68.97820000000000,98.7814,8167.4647,16.7597,0.0999,16.6598,65.3618,3.7163,3.6940,0.0223,-0.3871,8167.4647,NA
ExperienceX.exe,22676,0x1BBC8041FF0,DXGI,1,0,0,Composed: Flip,8185.2762,NA,17.71160000000000,16.28000000000000,15.61600000000000,66.02200000000001,97.3498,8184.2244,16.6678,1.0518,15.6160,52.3270,14.7468,6.7161,8.0307,0.4797,8184.2244,NA
ExperienceX.exe,22676,0x1BBC8041FF0,DXGI,1,0,0,Composed: Flip,8202.0164,NA,16.74020000000000,16.57790000000000,15.59910000000000,66.33490000000000,97.1875,8200.8922,16.7233,1.1242,15.5991,50.9091,16.5500,1.8260,14.7240,0.0899,8200.8922,NA
ExperienceX.exe,22676,0x1BBC8041FF0,DXGI,1,0,0,Composed: Flip,8220.4421,NA,18.42570000000000,16.89310000000000,15.98170000000000,63.96140000000000,95.6549,8217.6155,18.8083,2.8266,15.9817,50.7358,16.0522,6.8438,9.2084,-0.1698,8217.6155,NA
ExperienceX.exe,22676,0x1BBC8041FF0,DXGI,1,0,0,Composed: Flip,8236.5986,NA,16.15650000000000,16.56640000000000,14.61220000000000,64.27750000000000,96.0648,8236.4238,14.7870,0.1748,14.6122,62.8947,1.5576,1.5497,0.0079,2.2419,8236.4238,NA
ExperienceX.exe,22676,0x1BBC8041FF0,DXGI,1,0,0,Composed: Flip,8252.8860,NA,16.28740000000000,16.54850000000000,15.52760000000000,65.11520000000000,96.3259,8251.2108,17.2028,1.6752,15.5276,49.6703,17.1201,6.8408,10.2793,-1.7615,8251.2108,NA
ExperienceX.exe,22676,0x1BBC8041FF0,DXGI,1,0,0,Composed: Flip,8268.5766,NA,15.69060000000000,16.63730000000000,15.93240000000000,72.64420000000000,97.2726,8268.4136,16.0954,0.1630,15.9324,64.5289,8.2783,8.2705,0.0078,0.5655,8268.4136,NA
ExperienceX.exe,22676,0x1BBC8041FF0,DXGI,1,0,0,Composed: Flip,8285.9016,NA,17.32500000000000,16.79160000000000,15.00920000000000,64.86640000000000,96.7392,8284.5090,16.4018,1.3926,15.0092,56.7141,9.5449,3.8525,5.6924,-0.6962,8284.5090,NA
ExperienceX.exe,22676,0x1BBC8041FF0,DXGI,1,0,0,Composed: Flip,8301.0438,NA,15.14220000000000,16.53440000000000,16.90300000000000,66.32200000000000,98.1314,8300.9108,17.0360,0.1330,16.9030,65.0824,1.3726,1.3658,0.0068,-0.1326,8300.9108,NA
ExperienceX.exe,22676,0x1BBC8041FF0,DXGI,1,0,0,Composed: Flip,8320.2196,NA,19.17580000000000,16.83750000000000,21.02560000000000,64.12890000000000,95.7931,8317.9468,23.2984,2.2728,21.0256,49.4210,16.9807,6.5096,10.4711,0.1985,8317.9468,NA
ExperienceX.exe,22676,0x1BBC8041FF0,DXGI,1,0,0,Composed: Flip,8342.4255,NA,22.20590000000000,16.79880000000000,8.34140000000000,58.39910000000000,90.3860,8341.2452,9.5217,1.1803,8.3414,43.4066,16.1728,1.6607,14.5121,6.4996,8341.2452,NA
ExperienceX.exe,22676,0x1BBC8041FF0,DXGI,1,0,0,Composed: Flip,8351.6342,NA,9.20870000000000,16.41580000000000,15.77190000000000,66.07600000000001,97.5931,8350.7669,16.6392,0.8673,15.7719,50.0632,16.8801,6.6678,10.2123,-6.8941,8350.7669,NA
ExperienceX.exe,22676,0x1BBC8041FF0,DXGI,1,0,0,Composed: Flip,8368.1392,NA,16.50500000000000,16.65540000000000,16.14970000000000,66.89160000000000,97.7435,8367.4061,16.8828,0.7331,16.1497,65.6377,1.9870,1.9693,0.0177,-0.0162,8367.4061,NA
ExperienceX.exe,22676,0x1BBC8041FF0,DXGI,1,0,0,Composed: Flip,8386.0061,NA,17.86690000000000,16.73620000000000,14.88700000000000,65.78070000000001,96.6128,8384.2889,16.6042,1.7172,14.8870,50.7513,16.7466,7.4517,9.2949,0.1466,8384.2889,NA
ExperienceX.exe,22676,0x1BBC8041FF0,DXGI,1,0,0,Composed: Flip,8401.9325,NA,15.92640000000000,16.83200000000000,15.77820000000000,65.48900000000000,97.5184,8400.8931,16.8176,1.0394,15.7782,65.1470,1.3814,1.3733,0.0081,-0.2278,8400.8931,NA
ExperienceX.exe,22676,0x1BBC8041FF0,DXGI,1,0,0,Composed: Flip,8419.5893,NA,17.65680000000000,16.55640000000000,15.33980000000000,64.76100000000001,96.4180,8417.7107,17.2184,1.8786,15.3398,49.7123,16.9273,6.6593,10.2680,0.2612,8417.7107,NA
ExperienceX.exe,22676,0x1BBC8041FF0,DXGI,1,0,0,Composed: Flip,8435.1814,NA,15.59210000000000,16.60680000000000,16.54760000000000,65.92260000000000,97.4327,8434.9291,16.7999,0.2523,16.5476,64.8669,1.3080,1.2980,0.0100,0.6116,8434.9291,NA
ExperienceX.exe,22676,0x1BBC8041FF0,DXGI,1,0,0,Composed: Flip,8452.9839,NA,17.80250000000000,16.58640000000000,14.41040000000000,64.64130000000000,96.2166,8451.7290,15.6653,1.2549,14.4104,49.3789,16.5173,5.1557,11.3616,0.2135,8451.7290,NA
ExperienceX.exe,22676,0x1BBC8041FF0,DXGI,1,0,0,Composed: Flip,8467.4851,NA,14.50120000000000,16.65640000000000,17.05100000000000,71.14390000000000,98.3718,8467.3943,17.1418,0.0908,17.0510,50.6704,20.5643,6.0242,14.5401,-0.9911,8467.3943,NA
ExperienceX.exe,22676,0x1BBC8041FF0,DXGI,1,0,0,Composed: Flip,8486.2202,NA,18.73510000000000,16.73890000000000,14.84090000000000,64.60970000000000,96.3756,8484.5361,16.5250,1.6841,14.8409,54.1031,12.1907,3.6554,8.5353,0.4029,8484.5361,NA
ExperienceX.exe,22676,0x1BBC8041FF0,DXGI,1,0,0,Composed: Flip,8501.1814,NA,14.96120000000000,16.57950000000000,16.41320000000000,66.28200000000000,97.9939,8501.0611,16.5335,0.1203,16.4132,64.9697,1.4326,1.4229,0.0097,-0.0545,8501.0611,NA
ExperienceX.exe,22676,0x1BBC8041FF0,DXGI,1,0,0,Composed: Flip,8519.0173,NA,17.83590000000000,16.74560000000000,19.59270000000000,65.29980000000000,96.9036,8517.5946,21.0154,1.4227,19.5927,49.8736,16.8489,6.7641,10.0848,-0.2121,8517.5946,NA
ExperienceX.exe,22676,0x1BBC8041FF0,DXGI,1,0,0,Composed: Flip,8538.8026,NA,19.78530000000000,16.62870000000000,12.05570000000000,61.95860000000000,93.7470,8538.6100,12.2483,0.1926,12.0557,60.7612,1.3900,1.3821,0.0079,4.3867,8538.6100,NA
ExperienceX.exe,22676,0x1BBC8041FF0,DXGI,1,0,0,Composed: Flip,8551.4432,NA,12.64060000000000,16.67290000000000,16.02340000000000,66.09850000000000,97.7793,8550.8583,16.6083,0.5849,16.0234,49.9058,16.7776,6.3328,10.4448,-4.4246,8550.8583,NA
ExperienceX.exe,22676,0x1BBC8041FF0,DXGI,1,0,0,Composed: Flip,8568.0975,NA,16.65430000000000,16.68990000000000,16.15080000000000,68.23720000000000,97.8149,8567.4666,16.7817,0.6309,16.1508,65.2637,3.6044,3.6044,0.0000,-0.0816,8567.4666,NA
ExperienceX.exe,22676,0x1BBC8041FF0,DXGI,1,0,0,Composed: Flip,8585.5047,NA,17.40720000000000,16.62140000000000,15.34080000000000,65.03950000000000,97.0291,8584.2483,16.5972,1.2564,15.3408,52.0864,14.2095,7.3878,6.8217,0.1603,8584.2483,NA
ExperienceX.exe,22676,0x1BBC8041FF0,DXGI,1,0,0,Composed: Flip,8600.9146,NA,15.40990000000000,16.67650000000000,16.60560000000000,66.59720000000000,98.2957,8600.8455,16.6747,0.0691,16.6056,50.0873,16.5790,1.6399,14.9391,-0.0793,8600.8455,NA
ExperienceX.exe,22676,0x1BBC8041FF0,DXGI,1,0,0,Composed: Flip,8618.2019,NA,17.28730000000000,16.63400000000000,21.98440000000000,66.00260000000000,97.6424,8617.5202,22.6661,0.6817,21.9844,49.9953,16.6890,6.8350,9.8540,0.0407,8617.5202,NA
ExperienceX.exe,22676,0x1BBC8041FF0,DXGI,1,0,0,Composed: Flip,8640.3589,NA,22.15700000000000,16.77670000000000,10.16520000000000,60.39210000000001,92.2621,8640.1863,10.3378,0.1726,10.1652,44.0182,16.5465,1.7581,14.7884,5.8894,8640.1863,NA
ExperienceX.exe,22676,0x1BBC8041FF0,DXGI,1,0,0,Composed: Flip,8652.4472,NA,12.08830000000000,16.57660000000000,15.01040000000000,65.07180000000000,96.7504,8650.5241,16.9335,1.9231,15.0104,50.2303,16.7646,5.2212,11.5434,-6.2388,8650.5241,NA
ExperienceX.exe,22676,0x1BBC8041FF0,DXGI,1,0,0,Composed: Flip,8667.5521,NA,15.10490000000000,16.65380000000000,17.15690000000000,71.04100000000000,98.2993,8667.4576,17.2514,0.0945,17.1569,65.3008,5.8347,5.7506,0.0841,0.2797,8667.4576,NA
ExperienceX.exe,22676,0x1BBC8041FF0,DXGI,1,0,0,Composed: Flip,8686.0116,NA,18.45950000000000,16.65970000000000,14.77610000000000,64.83910000000000,96.4995,8684.7090,16.0787,1.3026,14.7761,53.8911,12.2506,3.9611,8.2895,0.5917,8684.7090,NA
ExperienceX.exe,22676,0x1BBC8041FF0,DXGI,1,0,0,Composed: Flip,8700.9087,NA,14.89710000000000,16.77480000000000,16.61350000000000,66.48660000000001,98.3772,8700.7877,16.7345,0.1210,16.6135,65.1859,1.4217,1.4137,0.0080,-0.6961,8700.7877,NA
ExperienceX.exe,22676,0x1BBC8041FF0,DXGI,1,0,0,Composed: Flip,8718.5450,NA,17.63630000000000,16.62150000000000,20.06210000000000,65.59950000000001,97.3624,8717.5222,21.0849,1.0228,20.0621,49.8770,16.7453,5.4189,11.3264,0.1130,8717.5222,NA
ExperienceX.exe,22676,0x1BBC8041FF0,DXGI,1,0,0,Composed: Flip,8739.7920,NA,21.24700000000000,16.65790000000000,11.06650000000000,61.13070000000000,92.7733,8738.6071,12.2514,1.1849,11.0665,45.8546,16.4610,1.5540,14.9070,4.4270,8738.6071,NA
ExperienceX.exe,22676,0x1BBC8041FF0,DXGI,1,0,0,Composed: Flip,8751.9968,NA,12.20480000000000,16.68140000000000,15.39450000000000,65.71400000000000,97.2499,8750.8585,16.5328,1.1383,15.3945,50.0696,16.7827,5.4460,11.3367,-4.4300,8750.8585,NA
ExperienceX.exe,22676,0x1BBC8041FF0,DXGI,1,0,0,Composed: Flip,8767.5130,NA,15.51620000000000,16.62580000000000,16.66140000000000,71.53180000000000,98.3595,8767.3913,16.7831,0.1217,16.6614,65.3574,6.2961,6.2937,0.0024,-0.0930,8767.3913,NA
ExperienceX.exe,22676,0x1BBC8041FF0,DXGI,1,0,0,Composed: Flip,8785.0945,NA,17.58150000000000,16.62430000000000,15.76300000000000,65.80440000000000,97.4023,8784.1744,16.6831,0.9201,15.7630,54.8743,11.8502,4.3603,7.4899,0.1588,8784.1744,NA
ExperienceX.exe,22676,0x1BBC8041FF0,DXGI,1,0,0,Composed: Flip,8800.9876,NA,15.89310000000000,16.75360000000000,16.54590000000000,66.47320000000001,98.2628,8800.8575,16.6760,0.1301,16.5459,65.1643,1.4390,1.4299,0.0091,-0.0705,8800.8575,NA
ExperienceX.exe,22676,0x1BBC8041FF0,DXGI,1,0,0,Composed: Flip,8819.1153,NA,18.12770000000000,16.58140000000000,19.97700000000000,65.00810000000000,96.7165,8817.5335,21.5588,1.5818,19.9770,49.9310,16.6589,6.1527,10.5062,0.0946,8817.5335,NA
ExperienceX.exe,22676,0x1BBC8041FF0,DXGI,1,0,0,Composed: Flip,8839.3300,NA,20.21470000000000,16.73090000000000,11.50740000000000,61.63450000000000,93.2327,8839.0923,11.7451,0.2377,11.5074,60.3730,1.4992,1.4813,0.0179,4.8279,8839.0923,NA
ExperienceX.exe,22676,0x1BBC8041FF0,DXGI,1,0,0,Composed: Flip,8851.7124,NA,12.38240000000000,16.65450000000000,15.71980000000000,65.67130000000000,97.5048,8850.8374,16.5948,0.8750,15.7198,50.1335,16.4128,6.1522,10.2606,-4.9094,8850.8374,NA
ExperienceX.exe,22676,0x1BBC8041FF0,DXGI,1,0,0,Composed: Flip,8868.2269,NA,16.51450000000000,16.66570000000000,15.97680000000000,70.19280000000001,97.6560,8867.4322,16.7715,0.7947,15.9768,50.3934,20.5941,5.8887,14.7054,-0.0709,8867.4322,NA
ExperienceX.exe,22676,0x1BBC8041FF0,DXGI,1,0,0,Composed: Flip,8885.3059,NA,17.07900000000000,16.72140000000000,15.73850000000000,65.50140000000000,97.2984,8884.2037,16.8407,1.1022,15.7385,54.2185,12.3851,3.9315,8.4536,0.0501,8884.2037,NA
ExperienceX.exe,22676,0x1BBC8041FF0,DXGI,1,0,0,Composed: Flip,8901.1582,NA,15.85230000000000,16.91660000000000,16.25420000000000,66.40240000000000,98.3627,8901.0444,16.3680,0.1138,16.2542,64.9794,1.5368,1.5197,0.0171,-0.0759,8901.0444,NA
ExperienceX.exe,22676,0x1BBC8041FF0,DXGI,1,0,0,Composed: Flip,8918.5008,NA,17.34260000000000,16.36070000000000,19.92730000000000,66.43210000000001,97.3808,8917.4124,21.0157,1.0884,19.9273,50.1539,17.3666,4.4075,12.9591,0.0073,8917.4124,NA
ExperienceX.exe,22676,0x1BBC8041FF0,DXGI,1,0,0,Composed: Flip,8938.5101,NA,20.00930000000000,16.71950000000000,12.30380000000000,62.81420000000000,94.0910,8938.4281,12.3858,0.0820,12.3038,61.5486,1.3476,1.3330,0.0146,4.2962,8938.4281,NA
ExperienceX.exe,22676,0x1BBC8041FF0,DXGI,1,0,0,Composed: Flip,8951.8536,NA,13.34350000000000,16.63470000000000,15.64760000000000,65.62080000000000,97.3822,8950.8139,16.6873,1.0397,15.6476,50.5170,16.1435,5.6269,10.5166,-4.2489,8950.8139,NA
ExperienceX.exe,22676,0x1BBC8041FF0,DXGI,1,0,0,Composed: Flip,8967.6849,NA,15.83130000000000,16.66220000000000,17.14660000000000,70.69600000000000,98.2131,8967.5012,17.3303,0.1837,17.1466,65.3607,5.5190,5.5131,0.0059,0.0251,8967.5012,NA
ExperienceX.exe,22676,0x1BBC8041FF0,DXGI,1,0,0,Composed: Flip,8986.1425,NA,18.45760000000000,16.68160000000000,15.10250000000000,64.85540000000000,96.4371,8984.8315,16.4135,1.3110,15.1025,53.5530,12.6134,3.8255,8.7879,0.6487,8984.8315,NA
ExperienceX.exe,22676,0x1BBC8041FF0,DXGI,1,0,0,Composed: Flip,9001.3534,NA,15.21090000000000,16.64930000000000,16.12690000000000,66.60410000000000,97.8755,9001.2450,16.2353,0.1084,16.1269,50.7241,15.9884,2.0565,13.9319,-0.2358,9001.2450,NA
ExperienceX.exe,22676,0x1BBC8041FF0,DXGI,1,0,0,Composed: Flip,9018.8600,NA,17.50660000000000,16.66010000000000,19.55330000000000,65.44260000000000,97.0290,9017.4803,20.9330,1.3797,19.5533,50.4772,16.3451,5.3030,11.0421,-0.4248,9017.4803,NA
ExperienceX.exe,22676,0x1BBC8041FF0,DXGI,1,0,0,Composed: Flip,9038.5502,NA,19.69020000000000,16.70280000000000,12.44580000000000,62.30010000000000,94.0416,9038.4133,12.5827,0.1369,12.4458,61.0125,1.4245,1.4138,0.0107,4.2302,9038.4133,NA
ExperienceX.exe,22676,0x1BBC8041FF0,DXGI,1,0,0,Composed: Flip,9053.0679,NA,14.51770000000000,16.66910000000000,14.44670000000000,64.49060000000000,96.1930,9050.9960,16.5186,2.0719,14.4467,49.8564,16.7061,6.0234,10.6827,-4.0864,9050.9960,NA
ExperienceX.exe,22676,0x1BBC8041FF0,DXGI,1,0,0,Composed: Flip,9067.6455,NA,14.57760000000000,16.63900000000000,16.57510000000000,67.03610000000000,98.2544,9067.5146,16.7060,0.1309,16.5751,65.2765,1.8905,1.8798,0.0107,-0.1204,9067.5146,NA
ExperienceX.exe,22676,0x1BBC8041FF0,DXGI,1,0,0,Composed: Flip,9085.5222,NA,17.87670000000000,16.61600000000000,15.26760000000000,65.63760000000001,96.9937,9084.2206,16.5692,1.3016,15.2676,50.4642,16.4750,5.7510,10.7240,0.0900,9084.2206,NA
ExperienceX.exe,22676,0x1BBC8041FF0,DXGI,1,0,0,Composed: Flip,9101.7421,NA,16.21990000000000,16.74000000000000,15.77220000000000,65.80440000000000,97.5138,9100.7898,16.7245,0.9523,15.7722,50.3700,16.3867,1.9066,14.4801,-0.1708,9100.7898,NA
ExperienceX.exe,22676,0x1BBC8041FF0,DXGI,1,0,0,Composed: Flip,9119.2231,NA,17.48100000000000,16.64980000000000,15.42110000000000,65.04690000000001,96.6826,9117.5143,17.1299,1.7088,15.4211,50.0394,16.7163,5.8748,10.8415,0.0747,9117.5143,NA
ExperienceX.exe,22676,0x1BBC8041FF0,DXGI,1,0,0,Composed: Flip,9134.7871,NA,15.56400000000000,16.86800000000000,16.44590000000000,66.44900000000000,97.9866,9134.6442,16.5888,0.1429,16.4459,49.9708,16.6211,1.8092,14.8119,0.2619,9134.6442,NA
ExperienceX.exe,22676,0x1BBC8041FF0,DXGI,1,0,0,Composed: Flip,9152.4673,NA,17.68020000000000,16.44010000000000,14.93700000000000,65.07280000000000,96.7465,9151.2330,16.1713,1.2343,14.9370,50.0072,16.2999,4.3139,11.9860,0.1487,9151.2330,NA
ExperienceX.exe,22676,0x1BBC8041FF0,DXGI,1,0,0,Composed: Flip,9167.5534,NA,15.08610000000000,16.84320000000000,16.81140000000000,68.50910000000000,98.5036,9167.4043,16.9605,0.1491,16.8114,65.6359,3.0223,3.0068,0.0155,-0.6719,9167.4043,NA
ExperienceX.exe,22676,0x1BBC8041FF0,DXGI,1,0,0,Composed: Flip,9185.5040,NA,17.95060000000000,16.44330000000000,15.89960000000000,71.28870000000001,96.9963,9184.3648,17.0388,1.1392,15.8996,51.7020,20.7259,11.4106,9.3153,0.5172,9184.3648,NA
ExperienceX.exe,22676,0x1BBC8041FF0,DXGI,1,0,0,Composed: Flip,9202.2861,NA,16.78210000000000,16.79990000000000,15.39690000000000,65.13240000000000,97.0141,9201.4036,16.2794,0.8825,15.3969,64.8806,1.1343,1.1214,0.0129,0.2389,9201.4036,NA
ExperienceX.exe,22676,0x1BBC8041FF0,DXGI,1,0,0,Composed: Flip,9218.8329,NA,16.54680000000000,16.59030000000000,17.07680000000000,65.22120000000000,97.0576,9217.6830,18.2267,1.1499,17.0768,49.7393,16.6318,5.4301,11.2017,-0.3109,9217.6830,NA
ExperienceX.exe,22676,0x1BBC8041FF0,DXGI,1,0,0,Composed: Flip,9236.0434,NA,17.21050000000000,16.74870000000000,20.79470000000000,64.94810000000000,96.5958,9235.9097,20.9284,0.1337,20.7947,63.6341,1.4477,1.4318,0.0159,1.4780,9235.9097,NA
ExperienceX.exe,22676,0x1BBC8041FF0,DXGI,1,0,0,Composed: Flip,9257.8500,NA,21.80660000000000,16.62280000000000,9.51290000000000,59.63710000000000,91.4120,9256.8381,10.5248,1.0119,9.5129,44.1591,16.4899,3.7869,12.7030,4.3056,9256.8381,NA
ExperienceX.exe,22676,0x1BBC8041FF0,DXGI,1,0,0,Composed: Flip,9267.4769,NA,9.62690000000000,16.61700000000000,16.58200000000000,68.73670000000000,98.4021,9267.3629,16.6960,0.1140,16.5820,50.9320,17.9187,3.5087,14.4100,-6.0922,9267.3629,NA
ExperienceX.exe,22676,0x1BBC8041FF0,DXGI,1,0,0,Composed: Flip,9285.5324,NA,18.05550000000000,16.68640000000000,15.74760000000000,65.38890000000001,97.0330,9284.0589,17.2211,1.4735,15.7476,52.1547,14.7077,3.5432,11.1645,0.0096,9284.0589,NA
ExperienceX.exe,22676,0x1BBC8041FF0,DXGI,1,0,0,Composed: Flip,9301.4847,NA,15.95230000000000,16.76000000000000,16.07500000000000,66.43850000000000,97.8407,9301.2800,16.2797,0.2047,16.0750,50.7232,15.9200,5.9171,10.0029,0.4611,9301.2800,NA
ExperienceX.exe,22676,0x1BBC8041FF0,DXGI,1,0,0,Composed: Flip,9318.5266,NA,17.04190000000000,16.57010000000000,17.69980000000000,65.70430000000000,97.3689,9317.5597,18.6667,0.9669,17.6998,50.3718,16.2994,6.0230,10.2764,-0.2904,9317.5597,NA
ExperienceX.exe,22676,0x1BBC8041FF0,DXGI,1,0,0,Composed: Flip,9337.0682,NA,18.54160000000000,16.81760000000000,13.80780000000000,64.38490000000000,95.6449,9336.2264,14.6496,0.8418,13.8078,63.3502,1.8765,1.8662,0.0103,1.8491,9336.2264,NA
ExperienceX.exe,22676,0x1BBC8041FF0,DXGI,1,0,0,Composed: Flip,9353.6259,NA,16.55770000000000,16.57720000000000,14.34450000000000,63.79890000000000,95.6644,9350.8760,17.0944,2.7499,14.3445,50.5813,15.9675,5.4631,10.5044,-1.9276,9350.8760,NA
ExperienceX.exe,22676,0x1BBC8041FF0,DXGI,1,0,0,Composed: Flip,9368.1984,NA,14.57250000000000,16.63050000000000,16.00590000000000,68.00750000000001,97.7224,9367.9704,16.2339,0.2280,16.0059,65.1759,3.0596,3.0452,0.0144,0.4639,9367.9704,NA
ExperienceX.exe,22676,0x1BBC8041FF0,DXGI,1,0,0,Composed: Flip,9385.5045,NA,17.30610000000000,16.90220000000000,16.00370000000000,65.54550000000000,97.3185,9384.2043,17.3039,1.3002,16.0037,52.0084,14.8373,6.5295,8.3078,-0.6683,9384.2043,NA
ExperienceX.exe,22676,0x1BBC8041FF0,DXGI,1,0,0,Composed: Flip,9402.2312,NA,16.72670000000000,16.36410000000000,15.13700000000000,65.32790000000000,96.9559,9401.5082,15.8600,0.7230,15.1370,64.6429,1.4080,1.3952,0.0128,0.9398,9401.5082,NA
ExperienceX.exe,22676,0x1BBC8041FF0,DXGI,1,0,0,Composed: Flip,9418.3732,NA,16.14200000000000,16.79480000000000,17.75880000000000,66.10370000000000,97.6087,9417.3682,18.7638,1.0050,17.7588,50.1966,16.9121,6.5479,10.3642,-0.9348,9417.3682,NA
ExperienceX.exe,22676,0x1BBC8041FF0,DXGI,1,0,0,Composed: Flip,9436.2913,NA,17.91810000000000,16.60160000000000,14.68120000000000,64.48240000000000,96.2922,9436.1320,14.8405,0.1593,14.6812,49.6177,15.0240,1.7284,13.2956,2.1622,9436.1320,NA
ExperienceX.exe,22676,0x1BBC8041FF0,DXGI,1,0,0,Composed: Flip,9452.8009,NA,16.50960000000000,16.86070000000000,14.69360000000000,64.98930000000000,96.6433,9450.9725,16.5220,1.8284,14.6936,49.8053,17.0124,6.2065,10.8059,-2.0202,9450.9725,NA
ExperienceX.exe,22676,0x1BBC8041FF0,DXGI,1,0,0,Composed: Flip,9467.6148,NA,14.81390000000000,16.41520000000000,17.15940000000000,72.15420000000000,98.2446,9467.4945,17.2797,0.1203,17.1594,65.3267,6.9478,6.9446,0.0032,0.1068,9467.4945,NA
ExperienceX.exe,22676,0x1BBC8041FF0,DXGI,1,0,0,Composed: Flip,9487.6217,NA,20.00690000000000,16.72720000000000,13.17030000000000,63.18340000000001,94.9649,9484.7742,16.0178,2.8475,13.1703,54.9987,11.0322,3.6731,7.3591,0.5525,9484.7742,NA
ExperienceX.exe,22676,0x1BBC8041FF0,DXGI,1,0,0,Composed: Flip,9500.9651,NA,13.34340000000000,16.83990000000000,17.01230000000000,66.42200000000000,98.4614,9500.7920,17.1854,0.1731,17.0123,65.1748,1.4203,1.4115,0.0088,-0.8221,9500.7920,NA
ExperienceX.exe,22676,0x1BBC8041FF0,DXGI,1,0,0,Composed: Flip,9519.9005,NA,18.93540000000000,16.64220000000000,19.90600000000000,64.42130000000000,96.1682,9517.9774,21.8291,1.9231,19.9060,49.4131,16.9313,6.4815,10.4498,0.5432,9517.9774,NA
ExperienceX.exe,22676,0x1BBC8041FF0,DXGI,1,0,0,Composed: Flip,9539.9483,NA,20.04780000000000,16.64450000000000,10.77710000000000,61.08820000000000,92.7649,9539.8065,10.9189,0.1418,10.7771,59.9578,1.2722,1.2567,0.0155,5.1846,9539.8065,NA
ExperienceX.exe,22676,0x1BBC8041FF0,DXGI,1,0,0,Composed: Flip,9552.6741,NA,12.72580000000000,16.65080000000000,14.72510000000000,65.31700000000001,96.6899,9550.7254,16.6738,1.9487,14.7251,50.3167,16.9490,4.2949,12.6541,-5.7319,9550.7254,NA
ExperienceX.exe,22676,0x1BBC8041FF0,DXGI,1,0,0,Composed: Flip,9567.5451,NA,14.87100000000000,16.49600000000000,16.74070000000000,66.81490000000001,98.3149,9567.3992,16.8866,0.1459,16.7407,50.9090,16.0518,1.5848,14.4670,0.1778,9567.3992,NA
ExperienceX.exe,22676,0x1BBC8041FF0,DXGI,1,0,0,Composed: Flip,9587.2936,NA,19.74850000000000,17.02230000000000,13.73300000000000,63.71990000000000,95.5887,9584.2858,16.7408,3.0078,13.7330,50.0787,16.6490,4.5320,12.1170,-0.1357,9584.2858,NA
ExperienceX.exe,22676,0x1BBC8041FF0,DXGI,1,0,0,Composed: Flip,9601.2953,NA,14.00170000000000,16.30440000000000,16.50670000000000,66.15590000000000,97.8914,9601.0266,16.7754,0.2687,16.5067,65.0044,1.4202,1.4122,0.0080,0.4364,9601.0266,NA
ExperienceX.exe,22676,0x1BBC8041FF0,DXGI,1,0,0,Composed: Flip,9620.3110,NA,19.01570000000000,16.75440000000000,13.95540000000000,64.47660000000000,95.6301,9617.8020,16.4644,2.5090,13.9554,49.6541,17.3315,5.9603,11.3712,0.0210,9617.8020,NA
ExperienceX.exe,22676,0x1BBC8041FF0,DXGI,1,0,0,Composed: Flip,9634.4957,NA,14.18470000000000,16.61040000000000,16.37420000000000,66.28590000000000,98.0558,9634.2664,16.6035,0.2293,16.3742,65.0599,1.4553,1.4480,0.0073,-0.1460,9634.2664,NA
ExperienceX.exe,22676,0x1BBC8041FF0,DXGI,1,0,0,Composed: Flip,9652.7886,NA,18.29290000000000,16.74270000000000,14.65050000000000,64.87240000000000,96.5056,9650.8699,16.5692,1.9187,14.6505,49.9157,16.8754,6.9031,9.9723,-0.1392,9650.8699,NA
ExperienceX.exe,22676,0x1BBC8041FF0,DXGI,1,0,0,Composed: Flip,9667.5245,NA,14.73590000000000,16.62720000000000,17.20280000000000,68.26850000000000,98.3969,9667.4391,17.2882,0.0854,17.2028,65.3878,2.9661,2.9598,0.0063,-0.0580,9667.4391,NA
ExperienceX.exe,22676,0x1BBC8041FF0,DXGI,1,0,0,Composed: Flip,9686.2308,NA,18.70630000000000,16.72670000000000,14.52520000000000,64.47930000000001,96.4173,9684.7273,16.0287,1.5035,14.5252,51.0687,14.9141,5.1952,9.7189,0.5615,9684.7273,NA
ExperienceX.exe,22676,0x1BBC8041FF0,DXGI,1,0,0,Composed: Flip,9700.8580,NA,14.62720000000000,16.66750000000000,16.81880000000000,66.61710000000001,98.4576,9700.7560,16.9208,0.1020,16.8188,50.7311,15.9880,4.9170,11.0710,-0.6388,9700.7560,NA
ExperienceX.exe,22676,0x1BBC8041FF0,DXGI,1,0,0,Composed: Flip,9718.5108,NA,17.65280000000000,16.52520000000000,17.24070000000000,65.80820000000000,97.3300,9717.6768,18.0747,0.8340,17.2407,49.8012,16.8410,6.5531,10.2879,0.3956,9717.6768,NA
ExperienceX.exe,22676,0x1BBC8041FF0,DXGI,1,0,0,Composed: Flip,9736.4987,NA,17.98790000000000,16.74050000000000,14.11130000000000,64.93690000000001,96.0826,9735.7515,14.8585,0.7472,14.1113,63.7568,1.9273,1.9273,0.0000,1.3342,9735.7515,NA
ExperienceX.exe,22676,0x1BBC8041FF0,DXGI,1,0,0,Composed: Flip,9752.2408,NA,15.74210000000000,16.65110000000000,15.20350000000000,64.93460000000000,96.9916,9750.6100,16.8343,1.6308,15.2035,50.8256,15.7398,6.9902,8.7496,-1.7926,9750.6100,NA
ExperienceX.exe,22676,0x1BBC8041FF0,DXGI,1,0,0,Composed: Flip,9768.5392,NA,16.29840000000000,16.83110000000000,15.75180000000000,65.89400000000001,97.5243,9767.4443,16.8467,1.0949,15.7518,65.3184,1.6705,1.6650,0.0055,0.0032,9767.4443,NA
ExperienceX.exe,22676,0x1BBC8041FF0,DXGI,1,0,0,Composed: Flip,9785.3768,NA,16.83760000000000,16.55940000000000,16.17060000000000,65.50170000000000,97.2461,9784.2910,17.2564,1.0858,16.1706,50.1453,16.4422,6.3285,10.1137,0.2873,9784.2910,NA
ExperienceX.exe,22676,0x1BBC8041FF0,DXGI,1,0,0,Composed: Flip,9801.6194,NA,16.24260000000000,16.56120000000000,15.58970000000000,66.58970000000001,97.5647,9801.5474,15.6617,0.0720,15.5897,64.7217,1.9400,1.9266,0.0134,0.6952,9801.5474,NA
ExperienceX.exe,22676,0x1BBC8041FF0,DXGI,1,0,0,Composed: Flip,9818.0950,NA,16.47560000000000,16.92240000000000,16.32970000000000,66.00230000000001,98.0115,9817.2091,17.2156,0.8859,16.3297,51.0050,15.8832,5.3526,10.5306,-1.2607,9817.2091,NA
ExperienceX.exe,22676,0x1BBC8041FF0,DXGI,1,0,0,Composed: Flip,9834.5425,NA,16.44750000000000,16.40180000000000,16.20530000000000,66.28690000000000,97.9658,9834.4247,16.3231,0.1178,16.2053,49.8867,16.5180,1.6597,14.8583,0.8138,9834.4247,NA
ExperienceX.exe,22676,0x1BBC8041FF0,DXGI,1,0,0,Composed: Flip,9852.5032,NA,17.96070000000000,16.72180000000000,15.76900000000000,65.35010000000000,96.7269,9850.7478,17.5244,1.7554,15.7690,50.0832,17.0223,6.8706,10.1517,-0.3987,9850.7478,NA
ExperienceX.exe,22676,0x1BBC8041FF0,DXGI,1,0,0,Composed: Flip,9869.2448,NA,16.74160000000000,16.80810000000000,14.78120000000000,66.69820000000000,96.7934,9868.2722,15.7538,0.9726,14.7812,64.3706,3.3002,3.2959,0.0043,0.7163,9868.2722,NA
ExperienceX.exe,22676,0x1BBC8041FF0,DXGI,1,0,0,Composed: Flip,9884.9787,NA,15.73390000000000,16.61310000000000,15.81850000000000,65.64270000000000,97.6726,9884.0260,16.7712,0.9527,15.8185,51.9222,14.6732,6.9062,7.7670,-0.8593,9884.0260,NA
