Application,ProcessID,SwapChainAddress,PresentRuntime,SyncInterval,PresentFlags,AllowsTearing,PresentMode,TimeInMs,MsBetweenSimulationStart,MsBetweenPresents,MsBetweenDisplayChange,MsInPresentAPI,MsRenderPresentLatency,MsUntilDisplayed,CPUStartTimeInMs,MsBetweenAppStart,MsCPUBusy,MsCPUWait,MsGPULatency,MsGPUTime,MsGPUBusy,MsGPUWait,MsAnimationError,AnimationTime,MsFlipDelay
ExperienceX.exe,22676,0x1BBC8041FF0,DXGI,1,0,0,Composed: Flip,28.9173,NA,17.30560000000000,33.33770000000000,16.16820000000000,65.63810000000001,97.4527,28.1868,16.8987,0.7305,16.1682,49.9215,16.4471,5.5194,10.9277,NA,28.1868,NA
ExperienceX.exe,22676,0x1BBC8041FF0,DXGI,1,0,0,Composed: Flip,46.2823,NA,17.36500000000000,16.68600000000000,15.02850000000000,67.68090000000001,96.7737,45.0855,16.2253,1.1968,15.0285,65.0532,3.8245,3.8120,0.0125,0.2127,45.0855,NA
ExperienceX.exe,22676,0x1BBC8041FF0,DXGI,1,0,0,Composed: Flip,62.7178,NA,16.43550000000000,16.62950000000000,15.32700000000000,65.20340000000000,96.9677,61.3108,16.7340,1.4070,15.3270,52.6596,13.9508,6.3395,7.6113,-0.4042,61.3108,NA
ExperienceX.exe,22676,0x1BBC8041FF0,DXGI,1,0,0,Composed: Flip,79.0781,NA,16.36030000000000,16.72210000000000,15.46710000000000,65.78160000000000,97.3295,78.0448,16.5004,1.0333,15.4671,50.1504,16.6645,1.7175,14.9470,0.0119,78.0448,NA
ExperienceX.exe,22676,0x1BBC8041FF0,DXGI,1,0,0,Composed: Flip,95.3266,NA,16.24850000000000,16.62100000000000,18.57980000000000,65.97490000000001,97.7020,94.5452,19.3612,0.7814,18.5798,50.3211,16.4352,6.9451,9.4901,-0.1206,94.5452,NA
ExperienceX.exe,22676,0x1BBC8041FF0,DXGI,1,0,0,Composed: Flip,114.0571,NA,18.73050000000000,16.66310000000000,13.87900000000000,64.03580000000001,95.6346,113.9064,14.0297,0.1507,13.8790,62.6384,1.5481,1.5346,0.0135,2.6981,113.9064,NA
ExperienceX.exe,22676,0x1BBC8041FF0,DXGI,1,0,0,Composed: Flip,129.1270,NA,15.06990000000000,16.67420000000000,15.76020000000000,65.61070000000001,97.2389,127.9361,16.9511,1.1909,15.7602,50.1629,16.6387,5.6803,10.9584,-2.6445,127.9361,NA
ExperienceX.exe,22676,0x1BBC8041FF0,DXGI,1,0,0,Composed: Flip,145.1356,NA,16.00860000000000,16.68640000000000,16.20360000000000,66.10440000000000,97.9167,144.8872,16.4520,0.2484,16.2036,49.8505,16.5023,1.7361,14.7662,0.2647,144.8872,NA
ExperienceX.exe,22676,0x1BBC8041FF0,DXGI,1,0,0,Composed: Flip,162.1274,NA,16.99180000000000,16.69000000000000,15.92230000000000,66.00260000000000,97.6149,161.3392,16.7105,0.7882,15.9223,49.9047,16.8861,6.8759,10.0102,-0.2380,161.3392,NA
ExperienceX.exe,22676,0x1BBC8041FF0,DXGI,1,0,0,Composed: Flip,178.7460,NA,16.61860000000000,16.64280000000000,16.05290000000000,66.51340000000000,97.6391,178.0497,16.7492,0.6963,16.0529,65.1997,2.0100,1.9814,0.0286,0.0677,178.0497,NA
ExperienceX.exe,22676,0x1BBC8041FF0,DXGI,1,0,0,Composed: Flip,195.7046,NA,16.95860000000000,16.64790000000000,15.51110000000000,65.77330000000001,97.3284,194.7989,16.4168,0.9057,15.5111,50.4693,16.2097,3.8550,12.3547,0.1013,194.7989,NA
ExperienceX.exe,22676,0x1BBC8041FF0,DXGI,1,0,0,Composed: Flip,211.3255,NA,15.62090000000000,16.69110000000000,16.84440000000000,67.88620000000000,98.3986,211.2157,16.9542,0.1098,16.8444,50.7028,17.2932,2.7381,14.5551,-0.2743,211.2157,NA
ExperienceX.exe,22676,0x1BBC8041FF0,DXGI,1,0,0,Composed: Flip,229.1278,NA,17.80230000000000,16.64300000000000,16.07340000000000,65.49830000000000,97.2393,228.1699,17.0313,0.9579,16.0734,51.0453,15.4109,5.5981,9.8128,0.3112,228.1699,NA
ExperienceX.exe,22676,0x1BBC8041FF0,DXGI,1,0,0,Composed: Flip,245.4772,NA,16.34940000000000,16.79870000000000,16.05010000000000,65.81870000000001,97.6886,245.2012,16.3261,0.2760,16.0501,64.6236,1.4711,1.4625,0.0086,0.2326,245.2012,NA
ExperienceX.exe,22676,0x1BBC8041FF0,DXGI,1,0,0,Composed: Flip,262.8842,NA,17.40700000000000,16.52820000000000,16.37130000000000,64.96500000000000,96.8098,261.5273,17.7282,1.3569,16.3713,49.7732,16.5487,1.9900,14.5587,-0.2021,261.5273,NA
ExperienceX.exe,22676,0x1BBC8041FF0,DXGI,1,0,0,Composed: Flip,279.3316,NA,16.44740000000000,16.71480000000000,15.35860000000000,65.77050000000000,97.0772,279.2555,15.4347,0.0761,15.3586,49.4116,16.4350,6.1742,10.2608,1.0134,279.2555,NA
ExperienceX.exe,22676,0x1BBC8041FF0,DXGI,1,0,0,Composed: Flip,295.6116,NA,16.28000000000000,16.59930000000000,15.70540000000000,65.57680000000001,97.3965,294.6902,16.6268,0.9214,15.7054,50.4179,16.0803,4.5787,11.5016,-1.1646,294.6902,NA
ExperienceX.exe,22676,0x1BBC8041FF0,DXGI,1,0,0,Composed: Flip,312.1348,NA,16.52320000000000,16.66390000000000,15.74770000000000,66.10480000000000,97.5372,311.3170,16.5655,0.8178,15.7477,65.2744,1.6482,1.6420,0.0062,-0.0371,311.3170,NA
ExperienceX.exe,22676,0x1BBC8041FF0,DXGI,1,0,0,Composed: Flip,329.5642,NA,17.42940000000000,16.69990000000000,15.39230000000000,64.98300000000000,96.8077,327.8825,17.0740,1.6817,15.3923,50.3606,16.3041,6.1073,10.1968,-0.1344,327.8825,NA
ExperienceX.exe,22676,0x1BBC8041FF0,DXGI,1,0,0,Composed: Flip,345.2214,NA,15.65720000000000,16.64570000000000,16.00590000000000,66.11990000000000,97.7962,344.9565,16.2708,0.2649,16.0059,64.8562,1.5286,1.5286,0.0000,0.4283,344.9565,NA
ExperienceX.exe,22676,0x1BBC8041FF0,DXGI,1,0,0,Composed: Flip,362.2934,NA,17.07200000000000,16.74170000000000,15.95000000000000,65.73240000000000,97.4659,361.2273,17.0161,1.0661,15.9500,50.1140,16.6845,7.0823,9.6022,-0.4709,361.2273,NA
ExperienceX.exe,22676,0x1BBC8041FF0,DXGI,1,0,0,Composed: Flip,378.3310,NA,16.03760000000000,16.61380000000000,16.26900000000000,66.29640000000001,98.0421,378.2434,16.3566,0.0876,16.2690,65.0171,1.3669,1.3616,0.0053,0.4023,378.2434,NA
ExperienceX.exe,22676,0x1BBC8041FF0,DXGI,1,0,0,Composed: Flip,395.3937,NA,17.06270000000000,16.65720000000000,15.95210000000000,65.88220000000000,97.6366,394.6000,16.7458,0.7937,15.9521,50.0325,16.6434,5.2779,11.3655,-0.3006,394.6000,NA
ExperienceX.exe,22676,0x1BBC8041FF0,DXGI,1,0,0,Composed: Flip,411.8866,NA,16.49290000000000,16.69430000000000,16.17450000000000,66.67550000000000,97.8380,411.3458,16.7153,0.5408,16.1745,50.3009,16.9154,2.2384,14.6770,0.0515,411.3458,NA
ExperienceX.exe,22676,0x1BBC8041FF0,DXGI,1,0,0,Composed: Flip,428.6586,NA,16.77200000000000,16.63640000000000,16.10120000000000,65.90350000000001,97.7024,428.0611,16.6987,0.5975,16.1012,50.5059,15.9951,6.6505,9.3446,0.0789,428.0611,NA
ExperienceX.exe,22676,0x1BBC8041FF0,DXGI,1,0,0,Composed: Flip,445.8251,NA,17.16650000000000,16.75780000000000,15.49110000000000,66.52240000000000,97.2937,444.7598,16.5564,1.0653,15.4911,65.1125,2.4752,2.4752,0.0000,-0.0591,444.7598,NA
ExperienceX.exe,22676,0x1BBC8041FF0,DXGI,1,0,0,Composed: Flip,462.2499,NA,16.42480000000000,16.78690000000000,16.36490000000000,65.64680000000000,97.6558,461.3162,17.2986,0.9337,16.3649,51.0313,15.5492,6.3934,9.1558,-0.2305,461.3162,NA
ExperienceX.exe,22676,0x1BBC8041FF0,DXGI,1,0,0,Composed: Flip,479.4547,NA,17.20480000000000,16.53590000000000,15.13630000000000,65.36020000000001,96.9869,478.6148,15.9762,0.8399,15.1363,64.7493,1.4508,1.4369,0.0139,0.7627,478.6148,NA
ExperienceX.exe,22676,0x1BBC8041FF0,DXGI,1,0,0,Composed: Flip,495.5453,NA,16.09060000000000,16.71260000000000,17.34360000000000,66.03320000000001,97.6089,494.5910,18.2979,0.9543,17.3436,50.2285,16.7590,3.7013,13.0577,-0.7364,494.5910,NA
ExperienceX.exe,22676,0x1BBC8041FF0,DXGI,1,0,0,Composed: Flip,513.0237,NA,17.47840000000000,16.92080000000000,14.91470000000000,65.11740000000000,97.0513,512.8889,15.0495,0.1348,14.9147,63.7989,1.4533,1.4404,0.0129,1.3771,512.8889,NA
ExperienceX.exe,22676,0x1BBC8041FF0,DXGI,1,0,0,Composed: Flip,529.0986,NA,16.07490000000000,16.33670000000000,15.64850000000000,65.71390000000001,97.3131,527.9384,16.8087,1.1602,15.6485,50.2100,16.6641,5.9677,10.6964,-1.2872,527.9384,NA
ExperienceX.exe,22676,0x1BBC8041FF0,DXGI,1,0,0,Composed: Flip,544.9118,NA,15.81320000000000,16.76690000000000,16.63620000000000,71.81830000000001,98.2668,544.7471,16.8009,0.1647,16.6362,50.5400,21.4430,6.7467,14.6963,0.0418,544.7471,NA
ExperienceX.exe,22676,0x1BBC8041FF0,DXGI,1,0,0,Composed: Flip,563.1693,NA,18.25750000000000,16.53320000000000,15.02250000000000,64.76500000000000,96.5425,561.5480,16.6438,1.6213,15.0225,55.1876,11.1987,5.0913,6.1074,0.2677,561.5480,NA
ExperienceX.exe,22676,0x1BBC8041FF0,DXGI,1,0,0,Composed: Flip,578.3648,NA,15.19550000000000,16.71950000000000,16.37600000000000,66.52540000000000,98.0665,578.1918,16.5490,0.1730,16.3760,65.2644,1.4340,1.4198,0.0142,-0.0757,578.1918,NA
ExperienceX.exe,22676,0x1BBC8041FF0,DXGI,1,0,0,Composed: Flip,596.4218,NA,18.05700000000000,16.65700000000000,20.36720000000000,64.90970000000000,96.6665,594.7408,22.0482,1.6810,20.3672,50.1550,16.4357,4.0322,12.4035,-0.1080,594.7408,NA
ExperienceX.exe,22676,0x1BBC8041FF0,DXGI,1,0,0,Composed: Flip,618.5867,NA,22.16490000000000,16.76070000000000,9.31290000000000,59.49540000000000,91.2623,616.7890,11.1106,1.7977,9.3129,44.5469,16.7462,5.4040,11.3422,5.2875,616.7890,NA
ExperienceX.exe,22676,0x1BBC8041FF0,DXGI,1,0,0,Composed: Flip,628.7280,NA,10.14130000000000,16.64580000000000,16.20060000000000,66.00900000000000,97.7668,627.8996,17.0290,0.8284,16.2006,65.3622,1.4752,1.4624,0.0128,-5.5352,627.8996,NA
ExperienceX.exe,22676,0x1BBC8041FF0,DXGI,1,0,0,Composed: Flip,645.1061,NA,16.37810000000000,16.61580000000000,16.19320000000000,73.24060000000000,98.0045,644.9286,16.3707,0.1775,16.1932,65.1456,8.2725,8.2725,0.0000,0.4132,644.9286,NA
ExperienceX.exe,22676,0x1BBC8041FF0,DXGI,1,0,0,Composed: Flip,663.1357,NA,18.02960000000000,16.82950000000000,14.90440000000000,64.77910000000000,96.8044,661.2993,16.7408,1.8364,14.9044,57.0474,9.5681,3.9368,5.6313,-0.4588,661.2993,NA
ExperienceX.exe,22676,0x1BBC8041FF0,DXGI,1,0,0,Composed: Flip,678.1398,NA,15.00410000000000,16.49040000000000,16.57220000000000,66.55810000000001,98.2907,678.0401,16.6719,0.0997,16.5722,65.2287,1.4291,1.4180,0.0111,0.2504,678.0401,NA
ExperienceX.exe,22676,0x1BBC8041FF0,DXGI,1,0,0,Composed: Flip,696.2111,NA,18.07130000000000,16.87500000000000,21.88710000000000,65.44330000000001,97.0944,694.7120,23.3862,1.4991,21.8871,49.9918,16.9506,5.2241,11.7265,-0.2031,694.7120,NA
ExperienceX.exe,22676,0x1BBC8041FF0,DXGI,1,0,0,Composed: Flip,719.7225,NA,23.51140000000000,16.47750000000000,8.10860000000000,58.41980000000000,90.0605,718.0982,9.7329,1.6243,8.1086,43.5626,16.4815,2.1199,14.3616,6.9087,718.0982,NA
ExperienceX.exe,22676,0x1BBC8041FF0,DXGI,1,0,0,Composed: Flip,728.0718,NA,8.34930000000000,16.68450000000000,16.55220000000000,67.13030000000001,98.3957,727.8311,16.7929,0.2407,16.5522,51.6882,15.6828,5.5159,10.1669,-6.9516,727.8311,NA
ExperienceX.exe,22676,0x1BBC8041FF0,DXGI,1,0,0,Composed: Flip,744.7331,NA,16.66130000000000,16.62340000000000,16.83090000000000,72.69100000000000,98.3578,744.6240,16.9400,0.1091,16.8309,65.2970,7.5031,7.4976,0.0055,0.1695,744.6240,NA
ExperienceX.exe,22676,0x1BBC8041FF0,DXGI,1,0,0,Composed: Flip,762.1824,NA,17.44930000000000,16.65530000000000,15.82890000000000,65.97660000000000,97.5638,761.5640,16.4473,0.6184,15.8289,55.8630,10.7320,3.9124,6.8196,0.2847,761.5640,NA
ExperienceX.exe,22676,0x1BBC8041FF0,DXGI,1,0,0,Composed: Flip,779.6505,NA,17.46810000000000,16.68930000000000,15.47050000000000,64.99900000000001,96.7850,778.0113,17.1097,1.6392,15.4705,65.2715,1.3667,1.3486,0.0181,-0.2420,778.0113,NA
ExperienceX.exe,22676,0x1BBC8041FF0,DXGI,1,0,0,Composed: Flip,797.1287,NA,17.47820000000000,16.63030000000000,20.41600000000000,64.39110000000001,95.9371,795.1210,22.4237,2.0077,20.4160,49.5357,16.8631,4.1670,12.6961,0.4794,795.1210,NA
ExperienceX.exe,22676,0x1BBC8041FF0,DXGI,1,0,0,Composed: Flip,819.5861,NA,22.45740000000000,16.76670000000000,8.64080000000000,58.53950000000000,90.2464,817.5447,10.6822,2.0414,8.6408,43.9802,16.6007,2.1590,14.4417,5.6570,817.5447,NA
ExperienceX.exe,22676,0x1BBC8041FF0,DXGI,1,0,0,Composed: Flip,828.4186,NA,8.83250000000000,16.52910000000000,16.14760000000000,66.21690000000001,97.9430,828.2269,16.3393,0.1917,16.1476,50.7227,15.6859,3.1742,12.5117,-5.8469,828.2269,NA
ExperienceX.exe,22676,0x1BBC8041FF0,DXGI,1,0,0,Composed: Flip,844.7361,NA,16.31750000000000,16.73650000000000,16.83450000000000,71.94010000000000,98.3620,844.5662,17.0044,0.1699,16.8345,65.4956,6.6144,6.6061,0.0083,-0.3972,844.5662,NA
ExperienceX.exe,22676,0x1BBC8041FF0,DXGI,1,0,0,Composed: Flip,863.1339,NA,18.39780000000000,16.98080000000000,14.91950000000000,64.73760000000000,96.9450,861.5706,16.4828,1.5633,14.9195,55.1088,11.1921,4.3408,6.8513,0.0236,861.5706,NA
ExperienceX.exe,22676,0x1BBC8041FF0,DXGI,1,0,0,Composed: Flip,879.0162,NA,15.88230000000000,16.47270000000000,15.59430000000000,65.72300000000000,97.5354,878.0534,16.5571,0.9628,15.5943,65.1540,1.5318,1.5160,0.0158,0.0101,878.0534,NA
ExperienceX.exe,22676,0x1BBC8041FF0,DXGI,1,0,0,Composed: Flip,895.4214,NA,16.40520000000000,16.80280000000000,21.51430000000000,66.32600000000001,97.9330,894.6105,22.3252,0.8109,21.5143,50.1341,17.0028,5.3548,11.6480,-0.2457,894.6105,NA
ExperienceX.exe,22676,0x1BBC8041FF0,DXGI,1,0,0,Composed: Flip,918.1020,NA,22.68060000000000,16.52760000000000,9.77230000000000,60.36600000000000,91.7800,916.9357,10.9386,1.1663,9.7723,44.8177,16.7146,5.3659,11.3487,5.7976,916.9357,NA
ExperienceX.exe,22676,0x1BBC8041FF0,DXGI,1,0,0,Composed: Flip,928.4492,NA,10.34720000000000,16.75440000000000,16.24130000000000,66.37130000000001,98.1872,927.8743,16.8162,0.5749,16.2413,65.6983,1.2479,1.2396,0.0083,-5.8158,927.8743,NA
ExperienceX.exe,22676,0x1BBC8041FF0,DXGI,1,0,0,Composed: Flip,944.8615,NA,16.41230000000000,16.45370000000000,16.93250000000000,68.91360000000000,98.2286,944.6905,17.1035,0.1710,16.9325,65.5070,3.5776,3.5776,0.0000,0.3625,944.6905,NA
ExperienceX.exe,22676,0x1BBC8041FF0,DXGI,1,0,0,Composed: Flip,963.3524,NA,18.49090000000000,16.74810000000000,15.01930000000000,64.87980000000000,96.4858,961.7940,16.5777,1.5584,15.0193,51.9811,14.4571,7.0153,7.4418,0.3554,961.7940,NA
ExperienceX.exe,22676,0x1BBC8041FF0,DXGI,1,0,0,Composed: Flip,978.6413,NA,15.28890000000000,16.78110000000000,16.15230000000000,66.72670000000001,97.9780,978.3717,16.4219,0.2696,16.1523,64.9515,2.0448,2.0334,0.0114,-0.2034,978.3717,NA
ExperienceX.exe,22676,0x1BBC8041FF0,DXGI,1,0,0,Composed: Flip,996.2584,NA,17.61710000000000,16.45940000000000,18.33820000000000,65.29630000000000,96.8203,994.7936,19.8030,1.4648,18.3382,50.5771,16.1840,4.4785,11.7055,-0.0375,994.7936,NA
ExperienceX.exe,22676,0x1BBC8041FF0,DXGI,1,0,0,Composed: Flip,1014.7747,NA,18.51630000000000,16.64860000000000,13.37010000000000,63.82380000000001,94.9526,1014.5966,13.5482,0.1781,13.3701,62.2863,1.7156,1.7156,0.0000,3.1544,1014.5966,NA
ExperienceX.exe,22676,0x1BBC8041FF0,DXGI,1,0,0,Composed: Flip,1030.1275,NA,15.35280000000000,16.74320000000000,15.08610000000000,64.48310000000001,96.3430,1028.1448,17.0688,1.9827,15.0861,50.4537,16.0121,6.3384,9.6737,-3.1950,1028.1448,NA
ExperienceX.exe,22676,0x1BBC8041FF0,DXGI,1,0,0,Composed: Flip,1045.3675,NA,15.24000000000000,16.62470000000000,16.06130000000000,68.83680000000000,97.7277,1045.2136,16.2152,0.1539,16.0613,64.7157,4.2750,4.2750,0.0000,0.4441,1045.2136,NA
ExperienceX.exe,22676,0x1BBC8041FF0,DXGI,1,0,0,Composed: Flip,1063.6808,NA,18.31330000000000,16.61420000000000,15.27210000000000,64.12660000000000,96.0286,1061.4288,17.5241,2.2520,15.2721,52.7755,13.6031,6.8223,6.7808,-0.3990,1061.4288,NA
ExperienceX.exe,22676,0x1BBC8041FF0,DXGI,1,0,0,Composed: Flip,1079.0811,NA,15.40030000000000,16.84860000000000,15.48850000000000,65.41930000000001,97.4769,1078.9529,15.6167,0.1282,15.4885,64.3025,1.2450,1.2335,0.0115,0.6755,1078.9529,NA
ExperienceX.exe,22676,0x1BBC8041FF0,DXGI,1,0,0,Composed: Flip,1096.8911,NA,17.81000000000000,16.55450000000000,17.17560000000000,64.45490000000001,96.2214,1094.5696,19.4971,2.3215,17.1756,49.9345,16.8419,5.5247,11.3172,-0.9378,1094.5696,NA
ExperienceX.exe,22676,0x1BBC8041FF0,DXGI,1,0,0,Composed: Flip,1114.2847,NA,17.39360000000000,16.74380000000000,13.47750000000000,64.02440000000000,95.5716,1114.0667,13.6955,0.2180,13.4775,62.7313,1.5111,1.4875,0.0236,2.7533,1114.0667,NA
ExperienceX.exe,22676,0x1BBC8041FF0,DXGI,1,0,0,Composed: Flip,1129.0308,NA,14.74610000000000,16.58560000000000,15.40560000000000,65.81030000000000,97.4111,1127.7622,16.6742,1.2686,15.4056,50.5559,16.5230,4.0991,12.4239,-2.8901,1127.7622,NA
ExperienceX.exe,22676,0x1BBC8041FF0,DXGI,1,0,0,Composed: Flip,1144.5271,NA,15.49630000000000,17.12960000000000,16.82770000000000,67.63600000000001,99.0444,1144.4364,16.9184,0.0907,16.8277,65.8163,1.9104,1.8916,0.0188,-0.4554,1144.4364,NA
ExperienceX.exe,22676,0x1BBC8041FF0,DXGI,1,0,0,Composed: Flip,1162.6196,NA,18.09250000000000,16.28690000000000,15.58380000000000,65.42810000000000,97.2388,1161.3548,16.8486,1.2648,15.5838,50.8162,15.8767,4.0609,11.8158,0.6315,1161.3548,NA
ExperienceX.exe,22676,0x1BBC8041FF0,DXGI,1,0,0,Composed: Flip,1178.4270,NA,15.80740000000000,16.62550000000000,16.28980000000000,67.04630000000000,98.0569,1178.2034,16.5134,0.2236,16.2898,65.7420,1.5279,1.5279,0.0000,0.2231,1178.2034,NA
ExperienceX.exe,22676,0x1BBC8041FF0,DXGI,1,0,0,Composed: Flip,1196.7782,NA,18.35120000000000,16.62650000000000,15.40090000000000,64.69320000000000,96.3322,1194.7168,17.4623,2.0614,15.4009,50.7565,15.9981,4.7472,11.2509,-0.1131,1194.7168,NA
ExperienceX.exe,22676,0x1BBC8041FF0,DXGI,1,0,0,Composed: Flip,1212.3490,NA,15.57080000000000,16.83460000000000,15.62760000000000,65.80130000000000,97.5960,1212.1791,15.7975,0.1699,15.6276,64.5195,1.4517,1.4417,0.0100,0.6277,1212.1791,NA
ExperienceX.exe,22676,0x1BBC8041FF0,DXGI,1,0,0,Composed: Flip,1229.2451,NA,16.89610000000000,16.60690000000000,16.07700000000000,65.36050000000000,97.3068,1227.9766,17.3455,1.2685,16.0770,50.1780,16.4510,4.6680,11.7830,-0.8094,1227.9766,NA
ExperienceX.exe,22676,0x1BBC8041FF0,DXGI,1,0,0,Composed: Flip,1245.6265,NA,16.38140000000000,16.50790000000000,15.77820000000000,72.16770000000000,97.4333,1245.3221,16.0826,0.3044,15.7782,64.8207,7.6514,7.6451,0.0063,0.8376,1245.3221,NA
ExperienceX.exe,22676,0x1BBC8041FF0,DXGI,1,0,0,Composed: Flip,1262.9454,NA,17.31890000000000,16.87230000000000,15.20620000000000,65.18660000000000,96.9867,1261.4047,16.7469,1.5407,15.2062,56.3933,10.3340,4.6447,5.6893,-0.7897,1261.4047,NA
ExperienceX.exe,22676,0x1BBC8041FF0,DXGI,1,0,0,Composed: Flip,1278.2856,NA,15.34020000000000,16.43720000000000,16.26210000000000,66.44840000000001,98.0837,1278.1516,16.3961,0.1340,16.2621,65.0932,1.4892,1.4797,0.0095,0.3097,1278.1516,NA
ExperienceX.exe,22676,0x1BBC8041FF0,DXGI,1,0,0,Composed: Flip,1295.7057,NA,17.42010000000000,16.71980000000000,22.04970000000000,65.85590000000001,97.3834,1294.5477,23.2077,1.1580,22.0497,50.1909,16.8230,5.7650,11.0580,-0.3237,1294.5477,NA
ExperienceX.exe,22676,0x1BBC8041FF0,DXGI,1,0,0,Composed: Flip,1319.8495,NA,24.14380000000000,16.61200000000000,8.23170000000000,58.10860000000000,89.8516,1317.7554,10.3258,2.0941,8.2317,43.8101,16.3926,5.4357,10.9569,6.5957,1317.7554,NA
ExperienceX.exe,22676,0x1BBC8041FF0,DXGI,1,0,0,Composed: Flip,1328.3371,NA,8.48760000000000,16.70820000000000,16.34940000000000,66.45120000000000,98.0722,1328.0812,16.6053,0.2559,16.3494,65.1773,1.5298,1.5161,0.0137,-6.3824,1328.0812,NA
ExperienceX.exe,22676,0x1BBC8041FF0,DXGI,1,0,0,Composed: Flip,1344.8158,NA,16.47870000000000,17.18660000000000,16.72220000000000,69.68950000000001,98.7801,1344.6865,16.8515,0.1293,16.7222,65.1619,4.6569,4.6569,0.0000,-0.5813,1344.6865,NA
ExperienceX.exe,22676,0x1BBC8041FF0,DXGI,1,0,0,Composed: Flip,1362.6721,NA,17.85630000000000,16.37760000000000,15.23520000000000,65.12330000000000,97.3014,1361.5380,16.3693,1.1341,15.2352,52.9673,13.2901,6.6990,6.5911,0.4739,1361.5380,NA
ExperienceX.exe,22676,0x1BBC8041FF0,DXGI,1,0,0,Composed: Flip,1377.9904,NA,15.31830000000000,16.41450000000000,16.74040000000000,67.40880000000000,98.3976,1377.9073,16.8235,0.0831,16.7404,66.0279,1.4640,1.4055,0.0585,-0.0452,1377.9073,NA
ExperienceX.exe,22676,0x1BBC8041FF0,DXGI,1,0,0,Composed: Flip,1396.1516,NA,18.16120000000000,16.62110000000000,17.91690000000000,67.29310000000001,96.8575,1394.7308,19.3377,1.4208,17.9169,50.6866,18.0273,6.3540,11.6733,0.2024,1394.7308,NA
ExperienceX.exe,22676,0x1BBC8041FF0,DXGI,1,0,0,Composed: Flip,1414.2291,NA,18.07750000000000,16.67590000000000,13.61850000000000,63.73910000000000,95.4559,1414.0685,13.7791,0.1606,13.6185,62.4399,1.4598,1.4598,0.0000,2.6618,1414.0685,NA
ExperienceX.exe,22676,0x1BBC8041FF0,DXGI,1,0,0,Composed: Flip,1428.7362,NA,14.50710000000000,16.66200000000000,16.44510000000000,65.40180000000001,97.6108,1427.8476,17.3337,0.8886,16.4451,50.1206,16.1698,6.1635,10.0063,-2.8829,1427.8476,NA
ExperienceX.exe,22676,0x1BBC8041FF0,DXGI,1,0,0,Composed: Flip,1445.3902,NA,16.65400000000000,16.95480000000000,17.97550000000000,72.54490000000000,97.9116,1445.1813,18.1844,0.2089,17.9755,64.6661,8.0877,8.0844,0.0033,0.3789,1445.1813,NA
ExperienceX.exe,22676,0x1BBC8041FF0,DXGI,1,0,0,Composed: Flip,1465.0197,NA,19.62950000000000,16.39980000000000,13.67340000000000,62.63380000000000,94.6819,1463.3657,15.3274,1.6540,13.6734,54.5708,9.7170,3.5725,6.1445,1.7846,1463.3657,NA
ExperienceX.exe,22676,0x1BBC8041FF0,DXGI,1,0,0,Composed: Flip,1479.1273,NA,14.10760000000000,16.71090000000000,15.07040000000000,65.59510000000000,97.2852,1478.6931,15.5046,0.4342,15.0704,64.9188,1.1105,1.1008,0.0097,-1.3835,1478.6931,NA
ExperienceX.exe,22676,0x1BBC8041FF0,DXGI,1,0,0,Composed: Flip,1494.9973,NA,15.87000000000000,16.62480000000000,22.98220000000000,66.24280000000000,98.0400,1494.1977,23.7818,0.7996,22.9822,50.5284,16.5140,3.9520,12.5620,-1.1202,1494.1977,NA
ExperienceX.exe,22676,0x1BBC8041FF0,DXGI,1,0,0,Composed: Flip,1518.6494,NA,23.65210000000000,16.62700000000000,9.27830000000000,60.22550000000000,91.0149,1517.9795,9.9482,0.6699,9.2783,43.2637,17.6317,7.3281,10.3036,7.1548,1517.9795,NA
ExperienceX.exe,22676,0x1BBC8041FF0,DXGI,1,0,0,Composed: Flip,1527.9981,NA,9.34870000000000,16.68740000000000,16.69090000000000,66.58180000000000,98.3536,1527.9277,16.7613,0.0704,16.6909,65.2605,1.3917,1.3852,0.0065,-6.7392,1527.9277,NA
ExperienceX.exe,22676,0x1BBC8041FF0,DXGI,1,0,0,Composed: Flip,1544.7864,NA,16.78830000000000,16.71570000000000,16.48000000000000,72.21220000000001,98.2810,1544.6890,16.5774,0.0974,16.4800,65.0951,7.2145,7.2117,0.0028,0.0456,1544.6890,NA
ExperienceX.exe,22676,0x1BBC8041FF0,DXGI,1,0,0,Composed: Flip,1562.2319,NA,17.44550000000000,16.61570000000000,16.54390000000000,65.68270000000000,97.4512,1561.2664,17.5094,0.9655,16.5439,55.7347,10.9135,4.7768,6.1367,-0.0383,1561.2664,NA
ExperienceX.exe,22676,0x1BBC8041FF0,DXGI,1,0,0,Composed: Flip,1578.8914,NA,16.65950000000000,16.68640000000000,15.73420000000000,65.96530000000000,97.4781,1578.7758,15.8498,0.1156,15.7342,64.4764,1.6045,1.5948,0.0097,0.8230,1578.7758,NA
ExperienceX.exe,22676,0x1BBC8041FF0,DXGI,1,0,0,Composed: Flip,1595.6300,NA,16.73860000000000,16.62970000000000,21.36790000000000,65.57470000000001,97.3692,1594.6256,22.3723,1.0044,21.3679,50.2343,16.3448,6.2283,10.1165,-0.7799,1594.6256,NA
ExperienceX.exe,22676,0x1BBC8041FF0,DXGI,1,0,0,Composed: Flip,1617.6205,NA,21.99050000000000,16.69460000000000,10.29450000000000,61.39480000000000,92.0733,1616.9979,10.9171,0.6226,10.2945,44.2112,17.8062,2.9394,14.8668,5.6777,1616.9979,NA
ExperienceX.exe,22676,0x1BBC8041FF0,DXGI,1,0,0,Composed: Flip,1627.9950,NA,10.37450000000000,16.70910000000000,16.80590000000000,66.59620000000001,98.4079,1627.9150,16.8859,0.0800,16.8059,51.7664,14.9098,5.0936,9.8162,-5.7920,1627.9150,NA
ExperienceX.exe,22676,0x1BBC8041FF0,DXGI,1,0,0,Composed: Flip,1644.9391,NA,16.94410000000000,16.70580000000000,16.31290000000000,66.59830000000001,98.1696,1644.8009,16.4511,0.1382,16.3129,65.0410,1.6955,1.6861,0.0094,0.1801,1644.8009,NA
ExperienceX.exe,22676,0x1BBC8041FF0,DXGI,1,0,0,Composed: Flip,1661.7745,NA,16.83540000000000,16.56550000000000,17.29310000000000,66.26070000000000,97.8997,1661.2520,17.8156,0.5225,17.2931,50.2920,16.4912,5.4329,11.0583,-0.1144,1661.2520,NA
ExperienceX.exe,22676,0x1BBC8041FF0,DXGI,1,0,0,Composed: Flip,1679.8088,NA,18.03430000000000,16.84130000000000,14.83750000000000,64.81640000000000,96.7067,1679.0676,15.5787,0.7412,14.8375,64.2986,1.2590,1.2512,0.0078,0.9743,1679.0676,NA
ExperienceX.exe,22676,0x1BBC8041FF0,DXGI,1,0,0,Composed: Flip,1695.5325,NA,15.72370000000000,16.50350000000000,15.90050000000000,65.71160000000000,97.4865,1694.6463,16.7867,0.8862,15.9005,49.9826,16.6152,6.3789,10.2363,-0.9248,1694.6463,NA
ExperienceX.exe,22676,0x1BBC8041FF0,DXGI,1,0,0,Composed: Flip,1711.6381,NA,16.10560000000000,16.69440000000000,16.36650000000000,66.44010000000000,98.0753,1711.4330,16.5716,0.2051,16.3665,65.3797,1.2655,1.2567,0.0088,0.0923,1711.4330,NA
ExperienceX.exe,22676,0x1BBC8041FF0,DXGI,1,0,0,Composed: Flip,1729.6470,NA,18.00890000000000,16.66200000000000,15.07550000000000,64.96790000000000,96.7284,1728.0046,16.7179,1.6424,15.0755,50.0789,16.5314,5.4453,11.0861,-0.0904,1728.0046,NA
ExperienceX.exe,22676,0x1BBC8041FF0,DXGI,1,0,0,Composed: Flip,1744.7969,NA,15.14990000000000,16.65670000000000,16.44700000000000,66.77990000000000,98.2352,1744.7225,16.5214,0.0744,16.4470,65.1224,1.7319,1.7239,0.0080,0.0612,1744.7225,NA
ExperienceX.exe,22676,0x1BBC8041FF0,DXGI,1,0,0,Composed: Flip,1761.9526,NA,17.15570000000000,17.03170000000000,16.11630000000000,66.07030000000000,98.1112,1761.2439,16.8250,0.7087,16.1163,50.3373,16.4417,6.7068,9.7349,-0.5103,1761.2439,NA
ExperienceX.exe,22676,0x1BBC8041FF0,DXGI,1,0,0,Composed: Flip,1778.1766,NA,16.22400000000000,16.28800000000000,16.55780000000000,66.41520000000000,98.1752,1778.0689,16.6655,0.1077,16.5578,65.1225,1.4004,1.3907,0.0097,0.5370,1778.0689,NA
ExperienceX.exe,22676,0x1BBC8041FF0,DXGI,1,0,0,Composed: Flip,1795.7341,NA,17.55750000000000,16.65790000000000,15.81290000000000,66.22190000000001,97.2756,1794.7344,16.8126,0.9997,15.8129,49.8608,17.3608,6.4470,10.9138,0.0076,1794.7344,NA
ExperienceX.exe,22676,0x1BBC8041FF0,DXGI,1,0,0,Composed: Flip,1811.6270,NA,15.89290000000000,16.80760000000000,16.37410000000000,66.24120000000001,98.1903,1811.5470,16.4541,0.0800,16.3741,64.9502,1.3710,1.3650,0.0060,0.0050,1811.5470,NA
ExperienceX.exe,22676,0x1BBC8041FF0,DXGI,1,0,0,Composed: Flip,1829.2241,NA,17.59710000000000,16.59310000000000,15.34600000000000,65.35860000000001,97.1863,1828.0011,16.5690,1.2230,15.3460,49.8703,16.7113,6.6962,10.0151,-0.1390,1828.0011,NA
ExperienceX.exe,22676,0x1BBC8041FF0,DXGI,1,0,0,Composed: Flip,1844.6545,NA,15.43040000000000,16.71950000000000,17.13590000000000,67.04860000000001,98.4754,1844.5701,17.2203,0.0844,17.1359,65.4663,1.6667,1.6667,0.0000,-0.1505,1844.5701,NA
ExperienceX.exe,22676,0x1BBC8041FF0,DXGI,1,0,0,Composed: Flip,1863.2643,NA,18.60980000000000,16.54340000000000,14.59590000000000,64.63720000000001,96.4090,1861.7904,16.0698,1.4739,14.5959,49.9127,16.1984,6.7479,9.4505,0.6769,1861.7904,NA
ExperienceX.exe,22676,0x1BBC8041FF0,DXGI,1,0,0,Composed: Flip,1877.9295,NA,14.66520000000000,16.72530000000000,16.64100000000000,66.87660000000000,98.4691,1877.8602,16.7103,0.0693,16.6410,65.4612,1.4847,1.4745,0.0102,-0.6555,1877.8602,NA
ExperienceX.exe,22676,0x1BBC8041FF0,DXGI,1,0,0,Composed: Flip,1895.3721,NA,17.44260000000000,16.62930000000000,17.23310000000000,65.74810000000001,97.6558,1894.5705,18.0347,0.8016,17.2331,50.2405,16.3092,5.4984,10.8108,0.0810,1894.5705,NA
ExperienceX.exe,22676,0x1BBC8041FF0,DXGI,1,0,0,Composed: Flip,1913.6423,NA,18.27020000000000,16.67160000000000,14.25250000000000,64.62910000000001,96.0572,1912.6052,15.2896,1.0371,14.2525,64.0081,1.6581,1.6581,0.0000,1.3631,1912.6052,NA
ExperienceX.exe,22676,0x1BBC8041FF0,DXGI,1,0,0,Composed: Flip,1928.9073,NA,15.26500000000000,16.68680000000000,16.00700000000000,65.74360000000000,97.4790,1927.8948,17.0195,1.0125,16.0070,50.3766,16.3795,3.6821,12.6974,-1.3972,1927.8948,NA
ExperienceX.exe,22676,0x1BBC8041FF0,DXGI,1,0,0,Composed: Flip,1945.0756,NA,16.16830000000000,16.72640000000000,16.17110000000000,66.74230000000000,98.0371,1944.9143,16.3324,0.1613,16.1711,64.8868,2.0168,2.0051,0.0117,0.2931,1944.9143,NA
ExperienceX.exe,22676,0x1BBC8041FF0,DXGI,1,0,0,Composed: Flip,1963.3862,NA,18.31060000000000,16.57160000000000,14.72230000000000,64.70980000000000,96.2981,1961.2467,16.8618,2.1395,14.7223,50.5761,16.2732,5.6685,10.6047,-0.2392,1961.2467,NA
ExperienceX.exe,22676,0x1BBC8041FF0,DXGI,1,0,0,Composed: Flip,1978.2922,NA,14.90600000000000,16.89910000000000,16.41900000000000,67.00160000000000,98.2912,1978.1085,16.6027,0.1837,16.4190,65.3553,1.8300,1.8300,0.0000,-0.0373,1978.1085,NA
ExperienceX.exe,22676,0x1BBC8041FF0,DXGI,1,0,0,Composed: Flip,1995.8559,NA,17.56370000000000,16.49740000000000,15.90890000000000,65.38230000000000,97.2249,1994.7112,17.0536,1.1447,15.9089,50.5826,15.9444,5.3447,10.5997,0.1053,1994.7112,NA
ExperienceX.exe,22676,0x1BBC8041FF0,DXGI,1,0,0,Composed: Flip,2011.9560,NA,16.10010000000000,16.65130000000000,16.15550000000000,66.32310000000000,97.7761,2011.7648,16.3467,0.1912,16.1555,65.1700,1.3443,1.3320,0.0123,0.4023,2011.7648,NA
ExperienceX.exe,22676,0x1BBC8041FF0,DXGI,1,0,0,Composed: Flip,2029.2932,NA,17.33720000000000,16.67070000000000,15.55080000000000,65.39630000000000,97.1096,2028.1115,16.7325,1.1817,15.5508,50.1716,16.4064,4.3294,12.0770,-0.3240,2028.1115,NA
ExperienceX.exe,22676,0x1BBC8041FF0,DXGI,1,0,0,Composed: Flip,2045.6438,NA,16.35060000000000,16.67500000000000,15.70350000000000,70.73260000000001,97.4340,2044.8440,16.5033,0.7998,15.7035,65.0820,6.4504,6.4479,0.0025,0.0575,2044.8440,NA
ExperienceX.exe,22676,0x1BBC8041FF0,DXGI,1,0,0,Composed: Flip,2062.5374,NA,16.89360000000000,16.65760000000000,15.73010000000000,65.54280000000000,97.1980,2061.3473,16.9202,1.1901,15.7301,55.0323,11.7006,4.4945,7.2061,-0.1543,2061.3473,NA
ExperienceX.exe,22676,0x1BBC8041FF0,DXGI,1,0,0,Composed: Flip,2078.4132,NA,15.87580000000000,16.75180000000000,16.20000000000000,66.87130000000001,98.0740,2078.2675,16.3457,0.1457,16.2000,64.9724,2.0446,2.0388,0.0058,0.1684,2078.2675,NA
ExperienceX.exe,22676,0x1BBC8041FF0,DXGI,1,0,0,Composed: Flip,2096.0666,NA,17.65340000000000,16.63460000000000,20.33830000000000,65.16420000000001,97.0552,2094.6132,21.7917,1.4534,20.3383,50.6750,15.9426,5.3397,10.6029,-0.2889,2094.6132,NA
ExperienceX.exe,22676,0x1BBC8041FF0,DXGI,1,0,0,Composed: Flip,2117.7983,NA,21.73170000000000,16.57490000000000,10.19920000000000,60.47000000000001,91.8984,2116.4049,11.5926,1.3934,10.1992,44.8287,17.0347,6.5067,10.5280,5.2168,2116.4049,NA
ExperienceX.exe,22676,0x1BBC8041FF0,DXGI,1,0,0,Composed: Flip,2129.0432,NA,11.24490000000000,16.76530000000000,16.29030000000000,65.77880000000000,97.4188,2127.9975,17.3360,1.0457,16.2903,65.3766,1.4479,1.4337,0.0142,-5.1727,2127.9975,NA
ExperienceX.exe,22676,0x1BBC8041FF0,DXGI,1,0,0,Composed: Flip,2145.4367,NA,16.39350000000000,16.63740000000000,15.77430000000000,69.18990000000001,97.6627,2145.3335,15.8775,0.1032,15.7743,64.4830,4.8101,4.8101,0.0000,0.6986,2145.3335,NA
ExperienceX.exe,22676,0x1BBC8041FF0,DXGI,1,0,0,Composed: Flip,2162.2963,NA,16.85960000000000,16.83840000000000,15.97990000000000,65.46960000000000,97.6415,2161.2110,17.0652,1.0853,15.9799,53.4156,13.1393,4.7919,8.3474,-0.9609,2161.2110,NA
ExperienceX.exe,22676,0x1BBC8041FF0,DXGI,1,0,0,Composed: Flip,2178.4419,NA,16.14560000000000,16.45500000000000,17.18740000000000,66.16840000000001,97.9509,2178.2762,17.3531,0.1657,17.1874,50.0832,16.2509,5.0331,11.2178,0.6102,2178.2762,NA
ExperienceX.exe,22676,0x1BBC8041FF0,DXGI,1,0,0,Composed: Flip,2196.2553,NA,17.81340000000000,16.69460000000000,18.05420000000000,65.57180000000000,96.8321,2195.6293,18.6802,0.6260,18.0542,48.9849,17.2129,5.5079,11.7050,0.6585,2195.6293,NA
ExperienceX.exe,22676,0x1BBC8041FF0,DXGI,1,0,0,Composed: Flip,2214.9831,NA,18.72780000000000,16.78280000000000,12.74190000000000,62.97180000000000,94.8871,2214.3095,13.4155,0.6736,12.7419,62.2073,1.4381,1.4265,0.0116,1.8974,2214.3095,NA
ExperienceX.exe,22676,0x1BBC8041FF0,DXGI,1,0,0,Composed: Flip,2228.9892,NA,14.00610000000000,16.59000000000000,15.61470000000000,65.69530000000000,97.4710,2227.7250,16.8789,1.2642,15.6147,50.2336,16.7259,6.7508,9.9751,-3.1745,2227.7250,NA
ExperienceX.exe,22676,0x1BBC8041FF0,DXGI,1,0,0,Composed: Flip,2245.2580,NA,16.26880000000000,16.57670000000000,16.45020000000000,68.03410000000001,97.7789,2244.6039,17.1043,0.6541,16.4502,65.5127,3.1755,3.1755,0.0000,0.3022,2244.6039,NA
ExperienceX.exe,22676,0x1BBC8041FF0,DXGI,1,0,0,Composed: Flip,2263.2085,NA,17.95050000000000,16.81170000000000,14.72420000000000,64.89420000000000,96.6401,2261.7082,16.2245,1.5003,14.7242,51.5839,14.8106,6.5205,8.2901,0.2926,2261.7082,NA
ExperienceX.exe,22676,0x1BBC8041FF0,DXGI,1,0,0,Composed: Flip,2278.7391,NA,15.53060000000000,16.57070000000000,16.03570000000000,66.32440000000000,97.6802,2277.9327,16.8421,0.8064,16.0357,65.2710,1.8598,1.8554,0.0044,-0.3462,2277.9327,NA
ExperienceX.exe,22676,0x1BBC8041FF0,DXGI,1,0,0,Composed: Flip,2296.0779,NA,17.33880000000000,16.68930000000000,17.08400000000000,66.17360000000001,97.0307,2294.7748,18.3871,1.3031,17.0840,50.2925,17.1842,7.4168,9.7674,0.1528,2294.7748,NA
ExperienceX.exe,22676,0x1BBC8041FF0,DXGI,1,0,0,Composed: Flip,2313.2994,NA,17.22150000000000,16.79380000000000,14.77200000000000,64.53960000000001,96.6030,2313.1619,14.9095,0.1375,14.7720,49.0896,15.5875,1.2678,14.3197,1.5933,2313.1619,NA
ExperienceX.exe,22676,0x1BBC8041FF0,DXGI,1,0,0,Composed: Flip,2329.3168,NA,16.01740000000000,16.46890000000000,15.78070000000000,66.81430000000000,97.0545,2328.0714,17.0261,1.2454,15.7807,49.7728,18.2869,5.2494,13.0375,-1.5594,2328.0714,NA
ExperienceX.exe,22676,0x1BBC8041FF0,DXGI,1,0,0,Composed: Flip,2345.1749,NA,15.85810000000000,16.78320000000000,16.58640000000000,68.01740000000001,97.9796,2345.0975,16.6638,0.0774,16.5864,65.1378,2.9570,2.9477,0.0093,0.2429,2345.0975,NA
ExperienceX.exe,22676,0x1BBC8041FF0,DXGI,1,0,0,Composed: Flip,2362.9474,NA,17.77250000000000,16.54070000000000,15.05890000000000,65.03400000000001,96.7478,2361.7613,16.2450,1.1861,15.0589,51.4355,14.7846,5.6455,9.1391,0.1231,2361.7613,NA
ExperienceX.exe,22676,0x1BBC8041FF0,DXGI,1,0,0,Composed: Flip,2378.1489,NA,15.20150000000000,16.72370000000000,18.01960000000000,66.68890000000000,98.2700,2378.0063,18.1622,0.1426,18.0196,65.4042,1.4273,1.4164,0.0109,-0.4787,2378.0063,NA
ExperienceX.exe,22676,0x1BBC8041FF0,DXGI,1,0,0,Composed: Flip,2397.3640,NA,19.21510000000000,16.65190000000000,15.78090000000000,63.84220000000001,95.7068,2396.1685,16.9764,1.1955,15.7809,48.6742,16.3635,3.8496,12.5139,1.5103,2396.1685,NA
ExperienceX.exe,22676,0x1BBC8041FF0,DXGI,1,0,0,Composed: Flip,2413.2014,NA,15.83740000000000,16.79850000000000,14.85680000000000,64.88550000000001,96.6679,2413.1449,14.9133,0.0565,14.8568,63.4268,1.5152,1.5013,0.0139,0.1779,2413.1449,NA
ExperienceX.exe,22676,0x1BBC8041FF0,DXGI,1,0,0,Composed: Flip,2429.0137,NA,15.81230000000000,16.50840000000000,15.73190000000000,65.62750000000000,97.3640,2428.0582,16.6874,0.9555,15.7319,50.0343,16.5487,5.5554,10.9933,-1.5951,2428.0582,NA
ExperienceX.exe,22676,0x1BBC8041FF0,DXGI,1,0,0,Composed: Flip,2444.8619,NA,15.84820000000000,17.08640000000000,16.34810000000000,68.37690000000001,98.6022,2444.7456,16.4644,0.1163,16.3481,50.2493,18.2439,3.3152,14.9287,-0.3990,2444.7456,NA
ExperienceX.exe,22676,0x1BBC8041FF0,DXGI,1,0,0,Composed: Flip,2462.3122,NA,17.45030000000000,16.22700000000000,15.69460000000000,65.67420000000000,97.3789,2461.2100,16.7968,1.1022,15.6946,52.0339,14.7425,7.7047,7.0378,0.2374,2461.2100,NA
ExperienceX.exe,22676,0x1BBC8041FF0,DXGI,1,0,0,Composed: Flip,2478.1450,NA,15.83280000000000,16.68590000000000,16.48490000000000,67.01230000000000,98.2320,2478.0068,16.6231,0.1382,16.4849,65.7358,1.4147,1.3971,0.0176,0.1109,2478.0068,NA
ExperienceX.exe,22676,0x1BBC8041FF0,DXGI,1,0,0,Composed: Flip,2495.8267,NA,17.68170000000000,16.63690000000000,17.32790000000000,65.36220000000000,97.1872,2494.6299,18.5247,1.1968,17.3279,50.5323,16.0267,3.7743,12.2524,-0.0138,2494.6299,NA
ExperienceX.exe,22676,0x1BBC8041FF0,DXGI,1,0,0,Composed: Flip,2513.2835,NA,17.45680000000000,16.75930000000000,14.71150000000000,65.32640000000001,96.4897,2513.1546,14.8404,0.1289,14.7115,63.4975,1.9578,1.9533,0.0045,1.7654,2513.1546,NA
ExperienceX.exe,22676,0x1BBC8041FF0,DXGI,1,0,0,Composed: Flip,2528.6033,NA,15.31980000000000,16.76630000000000,16.51060000000000,65.95330000000000,97.9362,2527.9950,17.1189,0.6083,16.5106,50.6186,15.9430,4.6194,11.3236,-1.9259,2527.9950,NA
ExperienceX.exe,22676,0x1BBC8041FF0,DXGI,1,0,0,Composed: Flip,2546.6256,NA,18.02230000000000,16.60250000000000,14.57300000000000,64.82570000000000,96.5164,2545.1139,16.0847,1.5117,14.5730,64.8730,1.4644,1.4548,0.0096,0.5164,2545.1139,NA
ExperienceX.exe,22676,0x1BBC8041FF0,DXGI,1,0,0,Composed: Flip,2562.3440,NA,15.71840000000000,16.57360000000000,16.25340000000000,66.11790000000001,97.3716,2561.1986,17.3988,1.1454,16.2534,50.2576,17.0057,5.7124,11.2933,-0.4889,2561.1986,NA
ExperienceX.exe,22676,0x1BBC8041FF0,DXGI,1,0,0,Composed: Flip,2578.7093,NA,16.36530000000000,16.92520000000000,15.83870000000000,68.34910000000001,97.9315,2578.5974,15.9506,0.1119,15.8387,50.2029,18.2581,3.8741,14.3840,0.4736,2578.5974,NA
ExperienceX.exe,22676,0x1BBC8041FF0,DXGI,1,0,0,Composed: Flip,2595.4682,NA,16.75890000000000,16.43750000000000,16.00680000000000,67.41030000000001,97.6101,2594.5480,16.9270,0.9202,16.0068,52.5170,15.8135,15.7595,0.0540,-0.4869,2594.5480,NA
ExperienceX.exe,22676,0x1BBC8041FF0,DXGI,1,0,0,Composed: Flip,2611.5795,NA,16.11130000000000,16.70170000000000,16.85660000000000,67.84800000000000,98.2005,2611.4750,16.9611,0.1045,16.8566,65.4209,2.5316,2.5190,0.0126,0.2253,2611.4750,NA
ExperienceX.exe,22676,0x1BBC8041FF0,DXGI,1,0,0,Composed: Flip,2630.1397,NA,18.56020000000000,16.74520000000000,17.15350000000000,65.90480000000001,96.3855,2628.4361,18.8571,1.7036,17.1535,50.9980,16.6104,13.7876,2.8228,0.2159,2628.4361,NA
ExperienceX.exe,22676,0x1BBC8041FF0,DXGI,1,0,0,Composed: Flip,2647.4249,NA,17.28520000000000,16.56020000000000,15.40330000000000,67.18260000000001,95.6605,2647.2932,15.5350,0.1317,15.4033,48.7513,18.5630,9.8428,8.7202,2.2969,2647.2932,NA
ExperienceX.exe,22676,0x1BBC8041FF0,DXGI,1,0,0,Composed: Flip,2664.0554,NA,16.63050000000000,16.62920000000000,15.39240000000000,65.44250000000001,95.6592,2662.8282,16.6196,1.2272,15.3924,51.7793,14.8904,14.8237,0.0667,-1.0942,2662.8282,NA
ExperienceX.exe,22676,0x1BBC8041FF0,DXGI,1,0,0,Composed: Flip,2679.6442,NA,15.58880000000000,16.69130000000000,21.65330000000000,66.42850000000000,96.7617,2679.4478,21.8497,0.1964,21.6533,50.0501,16.5748,8.8930,7.6818,-0.0717,2679.4478,NA
ExperienceX.exe,22676,0x1BBC8041FF0,DXGI,1,0,0,Composed: Flip,2703.3829,NA,23.73870000000000,16.67130000000000,20.54780000000000,58.71650000000000,89.6943,2701.2975,22.6332,2.0854,20.5478,44.7752,16.0267,14.7806,1.2461,5.1784,2701.2975,NA
ExperienceX.exe,22676,0x1BBC8041FF0,DXGI,1,0,0,Composed: Flip,2726.1856,NA,22.80270000000000,16.64470000000000,3.35060000000000,53.16060000000000,83.5363,2723.9307,5.6055,2.2549,3.3506,38.1768,17.2387,11.8246,5.4141,5.9885,2723.9307,NA
ExperienceX.exe,22676,0x1BBC8041FF0,DXGI,1,0,0,Composed: Flip,2729.6473,NA,3.46170000000000,16.85870000000000,25.13190000000000,66.27890000000001,96.9333,2729.5362,25.2430,0.1111,25.1319,49.8100,16.5800,11.9171,4.6629,-11.2532,2729.5362,NA
ExperienceX.exe,22676,0x1BBC8041FF0,DXGI,1,0,0,Composed: Flip,2755.7404,NA,26.09310000000000,16.60750000000000,6.23640000000000,66.94690000000000,87.4477,2754.7792,7.1976,0.9612,6.2364,41.1470,26.7611,25.3587,1.4024,8.6355,2754.7792,NA
ExperienceX.exe,22676,0x1BBC8041FF0,DXGI,1,0,0,Composed: Flip,2763.2674,NA,7.52700000000000,16.49090000000000,25.39460000000000,67.03040000000000,96.4116,2761.9768,26.6852,1.2906,25.3946,64.7916,3.5294,3.5271,0.0023,-9.2933,2761.9768,NA
ExperienceX.exe,22676,0x1BBC8041FF0,DXGI,1,0,0,Composed: Flip,2789.7635,NA,26.49610000000000,16.65860000000000,12.36330000000000,56.03290000000001,86.5741,2788.6620,13.4648,1.1015,12.3633,41.6383,15.4961,11.8144,3.6817,10.0266,2788.6620,NA
ExperienceX.exe,22676,0x1BBC8041FF0,DXGI,1,0,0,Composed: Flip,2802.2142,NA,12.45070000000000,16.70950000000000,20.49680000000000,59.13360000000000,90.8329,2802.1268,20.5842,0.0874,20.4968,43.9997,15.2213,1.7321,13.4892,-3.2447,2802.1268,NA
ExperienceX.exe,22676,0x1BBC8041FF0,DXGI,1,0,0,Composed: Flip,2823.4075,NA,21.19330000000000,16.79250000000000,6.88170000000000,54.48710000000001,86.4321,2822.7110,7.5782,0.6965,6.8817,38.6403,16.5433,6.8141,9.7292,3.7917,2822.7110,NA
ExperienceX.exe,22676,0x1BBC8041FF0,DXGI,1,0,0,Composed: Flip,2831.0894,NA,7.68190000000000,16.53800000000000,14.67200000000000,63.53290000000001,95.2882,2830.2892,15.4722,0.8002,14.6720,62.9823,1.3508,1.3435,0.0073,-8.9598,2830.2892,NA
ExperienceX.exe,22676,0x1BBC8041FF0,DXGI,1,0,0,Composed: Flip,2845.8532,NA,14.76380000000000,16.69740000000000,15.48570000000000,67.27840000000000,97.2218,2845.7614,15.5775,0.0918,15.4857,64.2978,3.0724,3.0724,0.0000,-1.2252,2845.7614,NA
ExperienceX.exe,22676,0x1BBC8041FF0,DXGI,1,0,0,Composed: Flip,2862.7012,NA,16.84800000000000,16.66800000000000,15.18790000000000,65.32750000000000,97.0418,2861.3389,16.5502,1.3623,15.1879,51.7927,14.8971,5.4382,9.4589,-1.0905,2861.3389,NA
ExperienceX.exe,22676,0x1BBC8041FF0,DXGI,1,0,0,Composed: Flip,2877.9613,NA,15.26010000000000,16.89290000000000,16.69020000000000,66.78420000000000,98.6746,2877.8891,16.7624,0.0722,16.6902,65.4113,1.4451,1.4328,0.0123,-0.3427,2877.8891,NA
ExperienceX.exe,22676,0x1BBC8041FF0,DXGI,1,0,0,Composed: Flip,2895.3809,NA,17.41960000000000,16.37520000000000,17.65730000000000,65.90500000000000,97.6302,2894.6515,18.3867,0.7294,17.6573,50.0976,16.5368,5.4892,11.0476,0.3872,2894.6515,NA
ExperienceX.exe,22676,0x1BBC8041FF0,DXGI,1,0,0,Composed: Flip,2913.8079,NA,18.42700000000000,16.75920000000000,14.22210000000000,64.56130000000000,95.9624,2913.0382,14.9918,0.7697,14.2221,63.9523,1.3787,1.3649,0.0138,1.6275,2913.0382,NA
ExperienceX.exe,22676,0x1BBC8041FF0,DXGI,1,0,0,Composed: Flip,2929.0798,NA,15.27190000000000,16.66300000000000,15.66210000000000,65.45690000000000,97.3535,2928.0300,16.7119,1.0498,15.6621,50.3421,16.1646,3.9631,12.2015,-1.6712,2928.0300,NA
ExperienceX.exe,22676,0x1BBC8041FF0,DXGI,1,0,0,Composed: Flip,2944.8649,NA,15.78510000000000,16.65270000000000,16.40020000000000,67.09880000000000,98.2211,2944.7419,16.5232,0.1230,16.4002,65.2283,1.9935,1.9832,0.0103,0.0592,2944.7419,NA
ExperienceX.exe,22676,0x1BBC8041FF0,DXGI,1,0,0,Composed: Flip,2962.2100,NA,17.34510000000000,16.60170000000000,16.17310000000000,65.61260000000000,97.4777,2961.2651,17.1180,0.9449,16.1731,50.7052,15.8523,5.3293,10.5230,-0.0785,2961.2651,NA
ExperienceX.exe,22676,0x1BBC8041FF0,DXGI,1,0,0,Composed: Flip,2978.5602,NA,16.35020000000000,16.64370000000000,16.01210000000000,66.68940000000001,97.7712,2978.3831,16.1892,0.1771,16.0121,64.8713,1.9952,1.9868,0.0084,0.4743,2978.3831,NA
ExperienceX.exe,22676,0x1BBC8041FF0,DXGI,1,0,0,Composed: Flip,2994.9059,NA,16.34570000000000,16.85600000000000,17.19330000000000,66.19220000000000,98.2815,2994.5723,17.5269,0.3336,17.1933,50.6814,15.8444,5.4128,10.4316,-0.6668,2994.5723,NA
ExperienceX.exe,22676,0x1BBC8041FF0,DXGI,1,0,0,Composed: Flip,3012.9793,NA,18.07340000000000,16.59980000000000,14.82160000000000,64.98650000000001,96.8079,3012.0992,15.7017,0.8801,14.8216,64.3245,1.5421,1.5364,0.0057,0.9271,3012.0992,NA
ExperienceX.exe,22676,0x1BBC8041FF0,DXGI,1,0,0,Composed: Flip,3028.8053,NA,15.82600000000000,16.55350000000000,16.47290000000000,66.11570000000000,97.5354,3027.8009,17.4773,1.0044,16.4729,50.1690,16.9511,6.5002,10.4509,-0.8518,3027.8009,NA
ExperienceX.exe,22676,0x1BBC8041FF0,DXGI,1,0,0,Composed: Flip,3045.4073,NA,16.60200000000000,16.74400000000000,15.71880000000000,67.57300000000001,97.6774,3045.2782,15.8479,0.1291,15.7188,64.6724,3.0297,3.0079,0.0218,0.7333,3045.2782,NA
ExperienceX.exe,22676,0x1BBC8041FF0,DXGI,1,0,0,Composed: Flip,3062.1608,NA,16.75350000000000,16.60520000000000,15.86670000000000,65.80210000000001,97.5291,3061.1261,16.9014,1.0347,15.8667,51.8584,14.9784,6.8065,8.1719,-0.7573,3061.1261,NA
ExperienceX.exe,22676,0x1BBC8041FF0,DXGI,1,0,0,Composed: Flip,3078.1912,NA,16.03040000000000,16.74880000000000,16.73210000000000,66.47780000000000,98.2475,3078.0275,16.8958,0.1637,16.7321,65.2330,1.4085,1.3937,0.0148,0.1526,3078.0275,NA
ExperienceX.exe,22676,0x1BBC8041FF0,DXGI,1,0,0,Composed: Flip,3096.4833,NA,18.29210000000000,16.58710000000000,16.37030000000000,64.84430000000000,96.5425,3094.9233,17.9303,1.5600,16.3703,49.7498,16.6545,4.9497,11.7048,0.3087,3094.9233,NA
ExperienceX.exe,22676,0x1BBC8041FF0,DXGI,1,0,0,Composed: Flip,3112.9444,NA,16.46110000000000,16.89290000000000,15.00250000000000,65.25630000000001,96.9743,3112.8536,15.0933,0.0908,15.0025,63.7932,1.5539,1.5314,0.0225,1.0374,3112.8536,NA
ExperienceX.exe,22676,0x1BBC8041FF0,DXGI,1,0,0,Composed: Flip,3129.0358,NA,16.09140000000000,16.44920000000000,15.63630000000000,65.58030000000001,97.3321,3127.9469,16.7252,1.0889,15.6363,50.2567,16.4125,5.3415,11.0710,-1.3559,3127.9469,NA
ExperienceX.exe,22676,0x1BBC8041FF0,DXGI,1,0,0,Composed: Flip,3144.8196,NA,15.78380000000000,16.76600000000000,16.46620000000000,66.75690000000000,98.3143,3144.6721,16.6137,0.1475,16.4662,65.6759,1.2285,1.2199,0.0086,-0.0408,3144.6721,NA
ExperienceX.exe,22676,0x1BBC8041FF0,DXGI,1,0,0,Composed: Flip,3162.7519,NA,17.93230000000000,16.60240000000000,15.30380000000000,65.46980000000001,96.9844,3161.2858,16.7699,1.4661,15.3038,50.2944,16.6415,6.9442,9.6973,0.0113,3161.2858,NA
ExperienceX.exe,22676,0x1BBC8041FF0,DXGI,1,0,0,Composed: Flip,3178.2557,NA,15.50380000000000,16.70800000000000,16.44080000000000,66.46470000000001,98.1886,3178.0557,16.6408,0.2000,16.4408,65.2647,1.4000,1.3813,0.0187,0.0619,3178.0557,NA
ExperienceX.exe,22676,0x1BBC8041FF0,DXGI,1,0,0,Composed: Flip,3195.8153,NA,17.55960000000000,16.67310000000000,15.75140000000000,65.68820000000001,97.3021,3194.6965,16.8702,1.1188,15.7514,50.0268,16.7802,4.7585,12.0217,-0.0323,3194.6965,NA
ExperienceX.exe,22676,0x1BBC8041FF0,DXGI,1,0,0,Composed: Flip,3211.7143,NA,15.89900000000000,16.56250000000000,16.49060000000000,66.32160000000000,97.9656,3211.5667,16.6382,0.1476,16.4906,65.0680,1.4012,1.3893,0.0119,0.3077,3211.5667,NA
ExperienceX.exe,22676,0x1BBC8041FF0,DXGI,1,0,0,Composed: Flip,3229.1999,NA,17.48560000000000,16.71470000000000,15.43020000000000,65.45380000000000,97.1947,3228.2049,16.4252,0.9950,15.4302,49.8368,16.6120,4.0754,12.5366,-0.0765,3228.2049,NA
ExperienceX.exe,22676,0x1BBC8041FF0,DXGI,1,0,0,Composed: Flip,3244.8092,NA,15.60930000000000,16.75530000000000,16.87830000000000,66.40910000000001,98.3407,3244.6301,17.0574,0.1791,16.8783,65.1938,1.3944,1.3865,0.0079,-0.3301,3244.6301,NA
ExperienceX.exe,22676,0x1BBC8041FF0,DXGI,1,0,0,Composed: Flip,3263.1867,NA,18.37750000000000,16.67930000000000,14.79860000000000,65.48410000000000,96.6425,3261.6875,16.2978,1.4992,14.7986,49.5353,17.4480,6.8153,10.6327,0.3781,3261.6875,NA
ExperienceX.exe,22676,0x1BBC8041FF0,DXGI,1,0,0,Composed: Flip,3278.1173,NA,14.93060000000000,16.65600000000000,16.53300000000000,66.78510000000000,98.3679,3277.9853,16.6650,0.1320,16.5330,65.4642,1.4529,1.4327,0.0202,-0.3582,3277.9853,NA
ExperienceX.exe,22676,0x1BBC8041FF0,DXGI,1,0,0,Composed: Flip,3295.9936,NA,17.87630000000000,16.54950000000000,15.22460000000000,65.46560000000001,97.0411,3294.6503,16.5679,1.3433,15.2246,50.2588,16.5501,4.0851,12.4650,0.1155,3294.6503,NA
ExperienceX.exe,22676,0x1BBC8041FF0,DXGI,1,0,0,Composed: Flip,3312.0358,NA,16.04220000000000,16.73160000000000,16.69060000000000,67.28180000000000,97.7305,3311.2182,17.5082,0.8176,16.6906,65.4247,2.6747,2.6711,0.0036,-0.1637,3311.2182,NA
ExperienceX.exe,22676,0x1BBC8041FF0,DXGI,1,0,0,Composed: Flip,3330.1591,NA,18.12330000000000,16.66080000000000,14.65730000000000,64.56400000000001,96.2680,3328.7264,16.0900,1.4327,14.6573,50.5979,15.3988,6.5263,8.8725,0.8474,3328.7264,NA
ExperienceX.exe,22676,0x1BBC8041FF0,DXGI,1,0,0,Composed: Flip,3345.0081,NA,14.84900000000000,16.61570000000000,16.37790000000000,66.36960000000001,98.0347,3344.8164,16.5696,0.1917,16.3779,65.1600,1.4013,1.3912,0.0101,-0.5257,3344.8164,NA
ExperienceX.exe,22676,0x1BBC8041FF0,DXGI,1,0,0,Composed: Flip,3363.7034,NA,18.69530000000000,16.69460000000000,15.65450000000000,64.54740000000000,96.0340,3361.3860,17.9719,2.3174,15.6545,49.9958,16.8690,4.1664,12.7026,-0.1250,3361.3860,NA
ExperienceX.exe,22676,0x1BBC8041FF0,DXGI,1,0,0,Composed: Flip,3379.4934,NA,15.79000000000000,16.69610000000000,15.21420000000000,65.35790000000000,96.9401,3379.3579,15.3497,0.1355,15.2142,63.9119,1.5815,1.5714,0.0101,1.2758,3379.3579,NA
ExperienceX.exe,22676,0x1BBC8041FF0,DXGI,1,0,0,Composed: Flip,3396.0238,NA,16.53040000000000,16.57100000000000,15.33150000000000,65.32890000000000,96.9807,3394.7076,16.6477,1.3162,15.3315,50.1486,16.4965,5.6745,10.8220,-1.2213,3394.7076,NA
ExperienceX.exe,22676,0x1BBC8041FF0,DXGI,1,0,0,Composed: Flip,3411.5184,NA,15.49460000000000,16.69220000000000,16.60410000000000,66.39490000000001,98.1783,3411.3553,16.7672,0.1631,16.6041,65.3099,1.2481,1.2403,0.0078,-0.0445,3411.3553,NA
ExperienceX.exe,22676,0x1BBC8041FF0,DXGI,1,0,0,Composed: Flip,3429.6722,NA,18.15380000000000,16.66720000000000,15.15130000000000,64.82710000000000,96.6917,3428.1225,16.7010,1.5497,15.1513,49.7968,16.5800,5.4206,11.1594,0.1000,3428.1225,NA
ExperienceX.exe,22676,0x1BBC8041FF0,DXGI,1,0,0,Composed: Flip,3444.9511,NA,15.27890000000000,16.63680000000000,16.38920000000000,66.38030000000001,98.0496,3444.8235,16.5168,0.1276,16.3892,65.0503,1.4576,1.4449,0.0127,0.0642,3444.8235,NA
ExperienceX.exe,22676,0x1BBC8041FF0,DXGI,1,0,0,Composed: Flip,3462.2434,NA,17.29230000000000,16.65360000000000,15.70870000000000,65.94420000000001,97.4109,3461.3403,16.6118,0.9031,15.7087,49.9973,16.8500,4.3073,12.5427,-0.1368,3461.3403,NA
ExperienceX.exe,22676,0x1BBC8041FF0,DXGI,1,0,0,Composed: Flip,3478.6995,NA,16.45610000000000,16.73130000000000,15.80630000000000,65.82350000000001,97.6861,3477.9521,16.5537,0.7474,15.8063,65.1872,1.3837,1.3786,0.0051,-0.1195,3477.9521,NA
ExperienceX.exe,22676,0x1BBC8041FF0,DXGI,1,0,0,Composed: Flip,3495.2853,NA,16.58580000000000,16.63140000000000,16.17000000000000,65.99400000000000,97.7317,3494.5058,16.9495,0.7795,16.1700,50.0200,16.7535,6.4474,10.3061,-0.0777,3494.5058,NA
ExperienceX.exe,22676,0x1BBC8041FF0,DXGI,1,0,0,Composed: Flip,3511.6774,NA,16.39210000000000,16.65950000000000,16.45140000000000,66.31650000000000,97.9991,3511.4553,16.6735,0.2221,16.4514,65.1201,1.4185,1.4052,0.0133,0.2900,3511.4553,NA
ExperienceX.exe,22676,0x1BBC8041FF0,DXGI,1,0,0,Composed: Flip,3529.2859,NA,17.60850000000000,16.65380000000000,15.26130000000000,65.39680000000000,97.0444,3528.1288,16.4184,1.1571,15.2613,49.8720,16.6819,5.6136,11.0683,0.0197,3528.1288,NA
ExperienceX.exe,22676,0x1BBC8041FF0,DXGI,1,0,0,Composed: Flip,3544.6191,NA,15.33320000000000,16.78480000000000,16.72990000000000,68.02570000000000,98.4960,3544.5472,16.8018,0.0719,16.7299,65.3232,2.7744,2.7718,0.0026,-0.3664,3544.5472,NA
ExperienceX.exe,22676,0x1BBC8041FF0,DXGI,1,0,0,Composed: Flip,3562.1280,NA,17.50890000000000,16.67570000000000,15.88870000000000,65.41280000000000,97.6628,3561.3490,16.6677,0.7790,15.8887,51.2989,14.8929,7.1891,7.7038,0.1261,3561.3490,NA
ExperienceX.exe,22676,0x1BBC8041FF0,DXGI,1,0,0,Composed: Flip,3578.9754,NA,16.84740000000000,16.82110000000000,15.78300000000000,65.59780000000001,97.6365,3578.0167,16.7417,0.9587,15.7830,65.3188,1.2377,1.2249,0.0128,-0.1534,3578.0167,NA
ExperienceX.exe,22676,0x1BBC8041FF0,DXGI,1,0,0,Composed: Flip,3596.3699,NA,17.39450000000000,16.43220000000000,16.30010000000000,65.03360000000001,96.6742,3594.7584,17.9116,1.6115,16.3001,49.8180,16.8271,3.8047,13.0224,0.3095,3594.7584,NA
ExperienceX.exe,22676,0x1BBC8041FF0,DXGI,1,0,0,Composed: Flip,3612.7861,NA,16.41620000000000,16.88670000000000,14.82420000000000,65.61790000000001,97.1447,3612.6700,14.9403,0.1161,14.8242,64.2677,1.4663,1.4663,0.0000,1.0249,3612.6700,NA
ExperienceX.exe,22676,0x1BBC8041FF0,DXGI,1,0,0,Composed: Flip,3628.7966,NA,16.01050000000000,16.45870000000000,15.75730000000000,65.73960000000001,97.5929,3627.6103,16.9436,1.1863,15.7573,50.7937,16.1322,6.4143,9.7179,-1.5184,3627.6103,NA
ExperienceX.exe,22676,0x1BBC8041FF0,DXGI,1,0,0,Composed: Flip,3644.7270,NA,15.93040000000000,16.68640000000000,16.63280000000000,66.91470000000000,98.3489,3644.5539,16.8059,0.1731,16.6328,65.6256,1.4622,1.4566,0.0056,0.2572,3644.5539,NA
ExperienceX.exe,22676,0x1BBC8041FF0,DXGI,1,0,0,Composed: Flip,3662.4936,NA,17.76660000000000,16.73190000000000,15.83230000000000,65.42690000000000,97.3142,3661.3598,16.9661,1.1338,15.8323,50.2871,16.2736,5.3517,10.9219,0.0740,3661.3598,NA
ExperienceX.exe,22676,0x1BBC8041FF0,DXGI,1,0,0,Composed: Flip,3679.4833,NA,16.98970000000000,16.53530000000000,15.01600000000000,65.38890000000001,96.8598,3678.3259,16.1734,1.1574,15.0160,65.0264,1.5199,1.5037,0.0162,0.4308,3678.3259,NA
ExperienceX.exe,22676,0x1BBC8041FF0,DXGI,1,0,0,Composed: Flip,3695.7462,NA,16.26290000000000,16.76850000000000,15.96390000000000,65.74570000000000,97.3654,3694.4993,17.2108,1.2469,15.9639,50.3797,16.6129,4.1440,12.4689,-0.5951,3694.4993,NA
ExperienceX.exe,22676,0x1BBC8041FF0,DXGI,1,0,0,Composed: Flip,3711.8138,NA,16.06760000000000,16.67850000000000,16.08660000000000,66.13710000000000,97.9763,3711.7101,16.1903,0.1037,16.0866,64.8410,1.3998,1.3929,0.0069,0.5323,3711.7101,NA
ExperienceX.exe,22676,0x1BBC8041FF0,DXGI,1,0,0,Composed: Flip,3729.2486,NA,17.43480000000000,16.82550000000000,15.60680000000000,65.47940000000000,97.3670,3727.9004,16.9550,1.3482,15.6068,50.0548,16.7728,6.2489,10.5239,-0.6352,3727.9004,NA
ExperienceX.exe,22676,0x1BBC8041FF0,DXGI,1,0,0,Composed: Flip,3745.0245,NA,15.77590000000000,16.59400000000000,16.41320000000000,71.68840000000000,98.1851,3744.8554,16.5823,0.1691,16.4132,65.0998,6.7577,6.7512,0.0065,0.3610,3744.8554,NA
ExperienceX.exe,22676,0x1BBC8041FF0,DXGI,1,0,0,Composed: Flip,3763.2703,NA,18.24580000000000,16.67490000000000,14.65350000000000,65.67690000000000,96.6142,3761.4377,16.4861,1.8326,14.6535,55.2803,12.2292,5.1470,7.0822,-0.0926,3761.4377,NA
ExperienceX.exe,22676,0x1BBC8041FF0,DXGI,1,0,0,Composed: Flip,3778.0301,NA,14.75980000000000,16.57750000000000,16.61550000000000,66.83790000000000,98.4319,3777.9238,16.7218,0.1063,16.6155,65.5076,1.4366,1.4158,0.0208,-0.0914,3777.9238,NA
ExperienceX.exe,22676,0x1BBC8041FF0,DXGI,1,0,0,Composed: Flip,3795.6229,NA,17.59280000000000,16.63480000000000,21.12120000000000,66.02620000000000,97.4739,3794.6456,22.0985,0.9773,21.1212,50.2303,16.7732,4.0780,12.6952,0.0870,3794.6456,NA
ExperienceX.exe,22676,0x1BBC8041FF0,DXGI,1,0,0,Composed: Flip,3818.6239,NA,23.00100000000000,16.70400000000000,9.65360000000000,59.49020000000000,91.1769,3816.7441,11.5334,1.8798,9.6536,44.9123,16.4577,6.1997,10.2580,5.3945,3816.7441,NA
ExperienceX.exe,22676,0x1BBC8041FF0,DXGI,1,0,0,Composed: Flip,3828.6306,NA,10.00670000000000,17.32570000000000,16.20960000000000,66.10330000000000,98.4959,3828.2775,16.5627,0.3531,16.2096,64.9854,1.4710,1.4586,0.0124,-5.7923,3828.2775,NA
ExperienceX.exe,22676,0x1BBC8041FF0,DXGI,1,0,0,Composed: Flip,3845.0848,NA,16.45420000000000,15.95670000000000,16.44570000000000,67.73610000000001,97.9984,3844.8402,16.6903,0.2446,16.4457,65.1434,2.8373,2.8094,0.0279,0.6060,3844.8402,NA
ExperienceX.exe,22676,0x1BBC8041FF0,DXGI,1,0,0,Composed: Flip,3864.5793,NA,19.49450000000000,16.59470000000000,13.70400000000000,64.36460000000001,95.0986,3861.5305,16.7528,3.0488,13.7040,51.2981,16.1153,6.3417,9.7736,0.0956,3861.5305,NA
ExperienceX.exe,22676,0x1BBC8041FF0,DXGI,1,0,0,Composed: Flip,3878.4031,NA,13.82380000000000,16.72320000000000,16.25170000000000,66.16570000000000,97.9980,3878.2833,16.3715,0.1198,16.2517,50.6606,15.6249,2.0642,13.5607,0.0296,3878.2833,NA
ExperienceX.exe,22676,0x1BBC8041FF0,DXGI,1,0,0,Composed: Flip,3896.2551,NA,17.85200000000000,16.62970000000000,16.41400000000000,65.23180000000001,96.7757,3894.6548,18.0143,1.6003,16.4140,49.9169,16.9152,6.3600,10.5552,-0.2582,3894.6548,NA
ExperienceX.exe,22676,0x1BBC8041FF0,DXGI,1,0,0,Composed: Flip,3912.9472,NA,16.69210000000000,16.64260000000000,16.82980000000000,65.05020000000000,96.7262,3912.6691,17.1079,0.2781,16.8298,63.9004,1.4279,1.4189,0.0090,1.3717,3912.6691,NA
ExperienceX.exe,22676,0x1BBC8041FF0,DXGI,1,0,0,Composed: Flip,3930.9031,NA,17.95590000000000,16.67430000000000,13.63830000000000,63.73260000000001,95.4446,3929.7770,14.7644,1.1261,13.6383,48.2246,16.6341,5.7795,10.8546,0.4336,3929.7770,NA
ExperienceX.exe,22676,0x1BBC8041FF0,DXGI,1,0,0,Composed: Flip,3944.6345,NA,13.73140000000000,16.72560000000000,16.81800000000000,66.63450000000000,98.4388,3944.5414,16.9111,0.0931,16.8180,65.2810,1.4466,1.4396,0.0070,-1.9612,3944.5414,NA
ExperienceX.exe,22676,0x1BBC8041FF0,DXGI,1,0,0,Composed: Flip,3962.7892,NA,18.15470000000000,16.63230000000000,15.18190000000000,65.26220000000001,96.9164,3961.4525,16.5186,1.3367,15.1819,49.8202,16.7787,5.4889,11.2898,0.2788,3961.4525,NA
ExperienceX.exe,22676,0x1BBC8041FF0,DXGI,1,0,0,Composed: Flip,3978.0626,NA,15.27340000000000,16.69210000000000,16.59190000000000,66.72900000000000,98.3351,3977.9711,16.6834,0.0915,16.5919,65.2750,1.5455,1.5379,0.0076,-0.1735,3977.9711,NA
ExperienceX.exe,22676,0x1BBC8041FF0,DXGI,1,0,0,Composed: Flip,3995.9998,NA,17.93720000000000,16.66870000000000,15.25150000000000,65.35330000000000,97.0666,3994.6545,16.5968,1.3453,15.2515,50.1414,16.5572,6.7485,9.8087,0.0147,3994.6545,NA
ExperienceX.exe,22676,0x1BBC8041FF0,DXGI,1,0,0,Composed: Flip,4011.3589,NA,15.35910000000000,16.67700000000000,16.67290000000000,66.59520000000001,98.3845,4011.2513,16.7805,0.1076,16.6729,65.3039,1.3989,1.3898,0.0091,-0.0802,4011.2513,NA
ExperienceX.exe,22676,0x1BBC8041FF0,DXGI,1,0,0,Composed: Flip,4029.3469,NA,17.98800000000000,16.67880000000000,15.37720000000000,65.37630000000000,97.0753,4028.0318,16.6923,1.3151,15.3772,49.9257,16.7657,6.5801,10.1856,0.1017,4028.0318,NA
ExperienceX.exe,22676,0x1BBC8041FF0,DXGI,1,0,0,Composed: Flip,4044.8432,NA,15.49630000000000,16.69000000000000,16.47720000000000,71.31070000000000,98.2690,4044.7241,16.5963,0.1191,16.4772,65.1531,6.2767,6.2716,0.0051,0.0023,4044.7241,NA
ExperienceX.exe,22676,0x1BBC8041FF0,DXGI,1,0,0,Composed: Flip,4062.0700,NA,17.22680000000000,16.58630000000000,15.83580000000000,65.83250000000001,97.6285,4061.3204,16.5854,0.7496,15.8358,54.8363,11.7458,3.9947,7.7511,0.0100,4061.3204,NA
ExperienceX.exe,22676,0x1BBC8041FF0,DXGI,1,0,0,Composed: Flip,4078.0014,NA,15.93140000000000,16.68550000000000,16.69810000000000,67.16460000000001,98.3826,4077.9058,16.7937,0.0956,16.6981,49.9967,17.2635,2.0960,15.1675,-0.1001,4077.9058,NA
ExperienceX.exe,22676,0x1BBC8041FF0,DXGI,1,0,0,Composed: Flip,4095.9205,NA,17.91910000000000,16.65060000000000,20.26410000000000,65.82780000000000,97.1141,4094.6995,21.4851,1.2210,20.2641,50.4706,16.5782,6.9744,9.6038,0.1431,4094.6995,NA
ExperienceX.exe,22676,0x1BBC8041FF0,DXGI,1,0,0,Composed: Flip,4116.2672,NA,20.34670000000000,16.65750000000000,11.92990000000000,61.78970000000000,93.4249,4116.1846,12.0125,0.0826,11.9299,60.3982,1.4741,1.4613,0.0128,4.8276,4116.1846,NA
ExperienceX.exe,22676,0x1BBC8041FF0,DXGI,1,0,0,Composed: Flip,4129.3065,NA,13.03930000000000,16.66930000000000,15.87530000000000,65.33340000000000,97.0549,4128.1971,16.9847,1.1094,15.8753,49.8658,16.5770,6.7745,9.8025,-4.6568,4128.1971,NA
ExperienceX.exe,22676,0x1BBC8041FF0,DXGI,1,0,0,Composed: Flip,4145.2911,NA,15.98460000000000,16.65830000000000,16.49730000000000,67.14680000000000,97.7286,4145.1818,16.6066,0.1093,16.4973,64.6643,2.5918,2.5818,0.0100,0.3264,4145.1818,NA
ExperienceX.exe,22676,0x1BBC8041FF0,DXGI,1,0,0,Composed: Flip,4162.1072,NA,16.81610000000000,16.74450000000000,15.94950000000000,66.00580000000001,97.6570,4161.7884,16.2683,0.3188,15.9495,50.6546,15.6700,6.3819,9.2881,-0.1379,4161.7884,NA
ExperienceX.exe,22676,0x1BBC8041FF0,DXGI,1,0,0,Composed: Flip,4178.1739,NA,16.06670000000000,16.56930000000000,16.51080000000000,66.49940000000001,98.1596,4178.0567,16.6280,0.1172,16.5108,65.1627,1.4539,1.4428,0.0111,-0.3010,4178.0567,NA
ExperienceX.exe,22676,0x1BBC8041FF0,DXGI,1,0,0,Composed: Flip,4195.5654,NA,17.39150000000000,16.65400000000000,16.82260000000000,65.75400000000000,97.4221,4194.6847,17.7033,0.8807,16.8226,49.9933,16.6414,5.2032,11.4382,-0.0260,4194.6847,NA
ExperienceX.exe,22676,0x1BBC8041FF0,DXGI,1,0,0,Composed: Flip,4212.4880,NA,16.92260000000000,16.95650000000000,15.63100000000000,65.40090000000001,97.4560,4212.3880,15.7310,0.1000,15.6310,64.0541,1.4468,1.4387,0.0081,0.7468,4212.3880,NA
ExperienceX.exe,22676,0x1BBC8041FF0,DXGI,1,0,0,Composed: Flip,4229.0556,NA,16.56760000000000,16.38680000000000,15.59980000000000,65.43140000000000,97.2752,4228.1190,16.5364,0.9366,15.5998,49.7746,16.5934,6.1036,10.4898,-0.6558,4228.1190,NA
ExperienceX.exe,22676,0x1BBC8041FF0,DXGI,1,0,0,Composed: Flip,4244.7573,NA,15.70170000000000,16.78890000000000,16.59750000000000,67.94780000000000,98.3624,4244.6554,16.6994,0.1019,16.5975,65.5451,2.5046,2.4888,0.0158,-0.2525,4244.6554,NA
ExperienceX.exe,22676,0x1BBC8041FF0,DXGI,1,0,0,Composed: Flip,4262.5525,NA,17.79520000000000,16.57400000000000,15.34930000000000,65.40890000000000,97.1412,4261.3548,16.5470,1.1977,15.3493,51.3562,15.2504,6.0605,9.1899,0.1254,4261.3548,NA
ExperienceX.exe,22676,0x1BBC8041FF0,DXGI,1,0,0,Composed: Flip,4278.0226,NA,15.47010000000000,16.66940000000000,16.47260000000000,67.16180000000000,98.3405,4277.9018,16.5934,0.1208,16.4726,65.4186,1.8640,1.8572,0.0068,-0.1224,4277.9018,NA
ExperienceX.exe,22676,0x1BBC8041FF0,DXGI,1,0,0,Composed: Flip,4295.5501,NA,17.52750000000000,16.67740000000000,17.10400000000000,65.61530000000000,97.4904,4294.4952,18.1589,1.0549,17.1040,50.6940,15.9762,5.9582,10.0180,-0.0840,4294.4952,NA
ExperienceX.exe,22676,0x1BBC8041FF0,DXGI,1,0,0,Composed: Flip,4312.7955,NA,17.24540000000000,16.71170000000000,15.18410000000000,65.74850000000001,96.9567,4312.6541,15.3255,0.1414,15.1841,63.8904,1.9995,1.9911,0.0084,1.4472,4312.6541,NA
ExperienceX.exe,22676,0x1BBC8041FF0,DXGI,1,0,0,Composed: Flip,4328.9112,NA,16.11570000000000,16.59120000000000,16.27460000000000,65.81660000000001,97.4322,4327.9796,17.2062,0.9316,16.2746,50.5673,16.1809,3.9773,12.2036,-1.2657,4327.9796,NA
ExperienceX.exe,22676,0x1BBC8041FF0,DXGI,1,0,0,Composed: Flip,4345.3332,NA,16.42200000000000,16.66630000000000,15.81320000000000,72.09580000000000,97.6765,4345.1858,15.9606,0.1474,15.8132,64.7029,7.5403,7.5338,0.0065,0.5399,4345.1858,NA
ExperienceX.exe,22676,0x1BBC8041FF0,DXGI,1,0,0,Composed: Flip,4362.3149,NA,16.98170000000000,16.68730000000000,16.39370000000000,65.47760000000001,97.3821,4361.1464,17.5622,1.1685,16.3937,56.2893,10.3568,4.6569,5.6999,-0.7267,4361.1464,NA
ExperienceX.exe,22676,0x1BBC8041FF0,DXGI,1,0,0,Composed: Flip,4379.0205,NA,16.70560000000000,16.69730000000000,15.73750000000000,65.62090000000001,97.3738,4378.7086,16.0494,0.3119,15.7375,64.4689,1.4639,1.4569,0.0070,0.8649,4378.7086,NA
ExperienceX.exe,22676,0x1BBC8041FF0,DXGI,1,0,0,Composed: Flip,4395.3717,NA,16.35120000000000,16.59230000000000,22.17560000000000,65.87080000000000,97.6149,4394.7580,22.7893,0.6137,22.1756,49.8871,16.5974,5.3072,11.2902,-0.5429,4394.7580,NA
ExperienceX.exe,22676,0x1BBC8041FF0,DXGI,1,0,0,Composed: Flip,4419.2112,NA,23.83950000000000,16.69100000000000,8.61680000000000,58.82460000000000,90.4664,4417.5473,10.2807,1.6639,8.6168,43.6988,16.7897,6.6731,10.1166,6.0983,4417.5473,NA
ExperienceX.exe,22676,0x1BBC8041FF0,DXGI,1,0,0,Composed: Flip,4428.4393,NA,9.22810000000000,16.63490000000000,16.23410000000000,66.10510000000001,97.8732,4427.8280,16.8454,0.6113,16.2341,65.2935,1.4229,1.4178,0.0051,-6.3542,4427.8280,NA
ExperienceX.exe,22676,0x1BBC8041FF0,DXGI,1,0,0,Composed: Flip,4444.7861,NA,16.34680000000000,16.91970000000000,16.48890000000000,70.54120000000000,98.4461,4444.6734,16.6016,0.1127,16.4889,65.1496,5.5043,5.5021,0.0022,-0.0743,4444.6734,NA
ExperienceX.exe,22676,0x1BBC8041FF0,DXGI,1,0,0,Composed: Flip,4462.2052,NA,17.41910000000000,16.44280000000000,15.89690000000000,65.69710000000001,97.4698,4461.2750,16.8271,0.9302,15.8969,54.0555,12.5718,4.4435,8.1283,0.1588,4461.2750,NA
ExperienceX.exe,22676,0x1BBC8041FF0,DXGI,1,0,0,Composed: Flip,4478.2704,NA,16.06520000000000,16.67780000000000,16.34000000000000,67.39740000000000,98.0824,4478.1021,16.5083,0.1683,16.3400,65.3845,2.1812,2.1706,0.0106,0.1493,4478.1021,NA
ExperienceX.exe,22676,0x1BBC8041FF0,DXGI,1,0,0,Composed: Flip,4495.4135,NA,17.14310000000000,16.69390000000000,19.95030000000000,65.68420000000000,97.6332,4494.6104,20.7534,0.8031,19.9503,51.0607,15.4266,5.9033,9.5233,-0.1856,4494.6104,NA
ExperienceX.exe,22676,0x1BBC8041FF0,DXGI,1,0,0,Composed: Flip,4515.4496,NA,20.03610000000000,16.60750000000000,12.44550000000000,62.70110000000000,94.2046,4515.3638,12.5313,0.0858,12.4455,61.1703,1.6166,1.6046,0.0120,4.1459,4515.3638,NA
ExperienceX.exe,22676,0x1BBC8041FF0,DXGI,1,0,0,Composed: Flip,4528.2411,NA,12.79150000000000,16.73990000000000,17.37970000000000,66.40230000000000,98.1530,4527.8951,17.7257,0.3460,17.3797,50.2600,16.4883,5.7051,10.7832,-4.2086,4527.8951,NA
ExperienceX.exe,22676,0x1BBC8041FF0,DXGI,1,0,0,Composed: Flip,4546.5042,NA,18.26310000000000,16.62400000000000,14.66790000000000,66.07990000000001,96.5139,4545.6208,15.5513,0.8834,14.6679,64.1665,2.7968,2.7907,0.0061,1.1017,4545.6208,NA
ExperienceX.exe,22676,0x1BBC8041FF0,DXGI,1,0,0,Composed: Flip,4562.4817,NA,15.97750000000000,16.65000000000000,15.74340000000000,65.59330000000000,97.1864,4561.1721,17.0530,1.3096,15.7434,51.4161,15.4868,6.3741,9.1127,-1.0987,4561.1721,NA
ExperienceX.exe,22676,0x1BBC8041FF0,DXGI,1,0,0,Composed: Flip,4578.4539,NA,15.97220000000000,16.66790000000000,16.19940000000000,66.11440000000000,97.8821,4578.2251,16.4282,0.2288,16.1994,64.9268,1.4164,1.4094,0.0070,0.3851,4578.2251,NA
ExperienceX.exe,22676,0x1BBC8041FF0,DXGI,1,0,0,Composed: Flip,4596.3373,NA,17.88340000000000,16.64560000000000,16.31090000000000,64.94600000000000,96.6443,4594.6533,17.9949,1.6840,16.3109,49.9211,16.7089,6.6309,10.0780,-0.2174,4594.6533,NA
ExperienceX.exe,22676,0x1BBC8041FF0,DXGI,1,0,0,Composed: Flip,4612.7557,NA,16.41840000000000,16.79440000000000,15.50250000000000,65.16700000000000,97.0203,4612.6482,15.6100,0.1075,15.5025,63.8689,1.4056,1.3953,0.0103,1.2005,4612.6482,NA
ExperienceX.exe,22676,0x1BBC8041FF0,DXGI,1,0,0,Composed: Flip,4629.7906,NA,17.03490000000000,16.63290000000000,14.80840000000000,64.78690000000000,96.6183,4628.2582,16.3408,1.5324,14.8084,49.6692,16.6501,6.6670,9.9831,-1.0229,4628.2582,NA
ExperienceX.exe,22676,0x1BBC8041FF0,DXGI,1,0,0,Composed: Flip,4644.6960,NA,14.90540000000000,16.57750000000000,16.56650000000000,66.73430000000000,98.2904,4644.5990,16.6635,0.0970,16.5665,65.3747,1.4566,1.4402,0.0164,-0.2367,4644.5990,NA
ExperienceX.exe,22676,0x1BBC8041FF0,DXGI,1,0,0,Composed: Flip,4662.2514,NA,17.55540000000000,16.73180000000000,15.67100000000000,65.87930000000000,97.4668,4661.2625,16.6599,0.9889,15.6710,50.1738,16.6944,4.0928,12.6016,-0.0683,4661.2625,NA
ExperienceX.exe,22676,0x1BBC8041FF0,DXGI,1,0,0,Composed: Flip,4678.0436,NA,15.79220000000000,16.68810000000000,16.51480000000000,66.45770000000000,98.3627,4677.9224,16.6360,0.1212,16.5148,65.1852,1.3937,1.3852,0.0085,-0.0282,4677.9224,NA
ExperienceX.exe,22676,0x1BBC8041FF0,DXGI,1,0,0,Composed: Flip,4695.5450,NA,17.50140000000000,16.64980000000000,15.82720000000000,65.84650000000001,97.5111,4694.5584,16.8138,0.9866,15.8272,49.9466,16.8865,6.5395,10.3470,-0.0138,4694.5584,NA
ExperienceX.exe,22676,0x1BBC8041FF0,DXGI,1,0,0,Composed: Flip,4711.5371,NA,15.99210000000000,16.62170000000000,16.50340000000000,66.38930000000001,98.1407,4711.3722,16.6683,0.1649,16.5034,50.0193,16.5349,1.6975,14.8374,0.1921,4711.3722,NA
ExperienceX.exe,22676,0x1BBC8041FF0,DXGI,1,0,0,Composed: Flip,4729.2182,NA,17.68110000000000,16.65960000000000,15.28050000000000,65.45970000000000,97.1192,4728.0405,16.4582,1.1777,15.2805,49.8894,16.7480,6.2275,10.5205,0.0087,4728.0405,NA
ExperienceX.exe,22676,0x1BBC8041FF0,DXGI,1,0,0,Composed: Flip,4745.1110,NA,15.89280000000000,16.69780000000000,16.67740000000000,66.48110000000000,97.9242,4744.4987,17.2897,0.6123,16.6774,65.3414,1.7520,1.7481,0.0039,-0.2396,4744.4987,NA
ExperienceX.exe,22676,0x1BBC8041FF0,DXGI,1,0,0,Composed: Flip,4762.5020,NA,17.39100000000000,16.64010000000000,15.40580000000000,66.04520000000001,97.1733,4761.7884,16.1194,0.7136,15.4058,49.8087,16.9501,7.0052,9.9449,0.6496,4761.7884,NA
ExperienceX.exe,22676,0x1BBC8041FF0,DXGI,1,0,0,Composed: Flip,4777.9866,NA,15.48460000000000,16.87130000000000,16.72250000000000,66.82750000000000,98.5600,4777.9078,16.8013,0.0788,16.7225,65.3739,1.5324,1.5154,0.0170,-0.7519,4777.9078,NA
ExperienceX.exe,22676,0x1BBC8041FF0,DXGI,1,0,0,Composed: Flip,4795.6176,NA,17.63100000000000,16.44890000000000,16.01770000000000,65.75270000000000,97.3779,4794.7091,16.9262,0.9085,16.0177,50.1090,16.5522,2.1090,14.4432,0.3524,4794.7091,NA
ExperienceX.exe,22676,0x1BBC8041FF0,DXGI,1,0,0,Composed: Flip,4811.7208,NA,16.10320000000000,16.72350000000000,16.95560000000000,66.49110000000000,97.9982,4811.6353,17.0411,0.0855,16.9556,50.4762,16.1004,6.2114,9.8890,0.2027,4811.6353,NA
ExperienceX.exe,22676,0x1BBC8041FF0,DXGI,1,0,0,Composed: Flip,4829.9015,NA,18.18070000000000,16.65050000000000,14.76980000000000,64.64300000000000,96.4680,4828.6764,15.9949,1.2251,14.7698,49.5392,16.3289,5.3968,10.9321,0.3906,4828.6764,NA
ExperienceX.exe,22676,0x1BBC8041FF0,DXGI,1,0,0,Composed: Flip,4845.5193,NA,15.61780000000000,16.77120000000000,15.85190000000000,66.91860000000000,97.6214,4844.6713,16.6999,0.8480,15.8519,65.2503,2.5163,2.5062,0.0101,-0.7763,4844.6713,NA
ExperienceX.exe,22676,0x1BBC8041FF0,DXGI,1,0,0,Composed: Flip,4863.4791,NA,17.95980000000000,16.60650000000000,14.65270000000000,64.52980000000001,96.2681,4861.3712,16.7606,2.1079,14.6527,51.0719,15.5658,6.1482,9.4176,0.0934,4861.3712,NA
ExperienceX.exe,22676,0x1BBC8041FF0,DXGI,1,0,0,Composed: Flip,4878.2673,NA,14.78820000000000,16.57480000000000,16.28480000000000,66.41070000000001,98.0547,4878.1318,16.4203,0.1355,16.2848,65.2181,1.3281,1.3195,0.0086,0.1858,4878.1318,NA
ExperienceX.exe,22676,0x1BBC8041FF0,DXGI,1,0,0,Composed: Flip,4895.3166,NA,17.04930000000000,16.74540000000000,17.06250000000000,66.02960000000000,97.7508,4894.5521,17.8270,0.7645,17.0625,50.1284,16.6657,4.9242,11.7415,-0.3251,4894.5521,NA
ExperienceX.exe,22676,0x1BBC8041FF0,DXGI,1,0,0,Composed: Flip,4913.6457,NA,18.32910000000000,16.61030000000000,14.35660000000000,64.19260000000000,96.0320,4912.3791,15.6232,1.2666,14.3566,64.0437,1.4155,1.4072,0.0083,1.2167,4912.3791,NA
ExperienceX.exe,22676,0x1BBC8041FF0,DXGI,1,0,0,Composed: Flip,4929.0734,NA,15.42770000000000,16.73390000000000,15.57890000000000,66.56130000000000,97.3382,4928.0023,16.6500,1.0711,15.5789,49.8394,17.7930,7.2960,10.4970,-1.1107,4928.0023,NA
ExperienceX.exe,22676,0x1BBC8041FF0,DXGI,1,0,0,Composed: Flip,4944.7700,NA,15.69660000000000,16.63370000000000,16.73450000000000,71.18590000000000,98.2753,4944.6523,16.8522,0.1177,16.7345,51.2491,20.0545,6.2759,13.7786,0.0163,4944.6523,NA
ExperienceX.exe,22676,0x1BBC8041FF0,DXGI,1,0,0,Composed: Flip,4962.6081,NA,17.83810000000000,16.63320000000000,15.19770000000000,65.27000000000001,97.0704,4961.5045,16.3013,1.1036,15.1977,54.4557,11.9179,1.7995,10.1184,0.2190,4961.5045,NA
ExperienceX.exe,22676,0x1BBC8041FF0,DXGI,1,0,0,Composed: Flip,4978.2461,NA,15.63800000000000,16.76290000000000,17.34450000000000,66.35730000000001,98.1953,4977.8058,17.7848,0.4403,17.3445,50.4893,16.3083,3.2506,13.0577,-0.4616,4977.8058,NA
ExperienceX.exe,22676,0x1BBC8041FF0,DXGI,1,0,0,Composed: Flip,4995.9866,NA,17.74050000000000,16.57920000000000,19.82410000000000,65.47850000000000,97.0340,4995.5906,20.2201,0.3960,19.8241,49.0231,16.8514,5.6769,11.1745,1.2056,4995.5906,NA
ExperienceX.exe,22676,0x1BBC8041FF0,DXGI,1,0,0,Composed: Flip,5016.4431,NA,20.45650000000000,16.78970000000000,11.42130000000000,61.66520000000001,93.3672,5015.8107,12.0537,0.6324,11.4213,60.9285,1.3691,1.3568,0.0123,3.4304,5015.8107,NA
ExperienceX.exe,22676,0x1BBC8041FF0,DXGI,1,0,0,Composed: Flip,5029.3714,NA,12.92830000000000,16.59740000000000,15.08070000000000,65.21090000000001,97.0363,5027.8644,16.5877,1.5070,15.0807,50.2479,16.4700,5.3361,11.1339,-4.5437,5027.8644,NA
ExperienceX.exe,22676,0x1BBC8041FF0,DXGI,1,0,0,Composed: Flip,5044.6098,NA,15.23840000000000,16.67430000000000,16.81150000000000,67.94230000000000,98.4722,5044.4521,16.9692,0.1577,16.8115,65.6281,2.4719,2.4560,0.0159,-0.0866,5044.4521,NA
ExperienceX.exe,22676,0x1BBC8041FF0,DXGI,1,0,0,Composed: Flip,5063.1305,NA,18.52070000000000,16.65100000000000,14.92040000000000,64.90430000000001,96.6025,5061.4213,16.6296,1.7092,14.9204,51.1389,15.4746,5.5747,9.8999,0.3182,5061.4213,NA
ExperienceX.exe,22676,0x1BBC8041FF0,DXGI,1,0,0,Composed: Flip,5078.1319,NA,15.00140000000000,16.63540000000000,16.81520000000000,66.54540000000000,98.2365,5078.0509,16.8962,0.0810,16.8152,65.2345,1.3919,1.3762,0.0157,-0.0058,5078.0509,NA
ExperienceX.exe,22676,0x1BBC8041FF0,DXGI,1,0,0,Composed: Flip,5097.3966,NA,19.26470000000000,16.71230000000000,15.45780000000000,64.16130000000000,95.6841,5094.9471,17.9073,2.4495,15.4578,49.7363,16.8745,4.2064,12.6681,0.1839,5094.9471,NA
ExperienceX.exe,22676,0x1BBC8041FF0,DXGI,1,0,0,Composed: Flip,5113.0036,NA,15.60700000000000,16.66640000000000,14.96440000000000,64.99500000000000,96.7435,5112.8544,15.1136,0.1492,14.9644,49.3078,15.8364,1.5505,14.2859,1.2409,5112.8544,NA
ExperienceX.exe,22676,0x1BBC8041FF0,DXGI,1,0,0,Composed: Flip,5129.0686,NA,16.06500000000000,16.62650000000000,15.80040000000000,65.63140000000000,97.3050,5127.9680,16.9010,1.1006,15.8004,50.0340,16.6980,6.3811,10.3169,-1.5129,5127.9680,NA
ExperienceX.exe,22676,0x1BBC8041FF0,DXGI,1,0,0,Composed: Flip,5145.0496,NA,15.98100000000000,16.61800000000000,16.83320000000000,67.30850000000001,97.9420,5144.8690,17.0138,0.1806,16.8332,65.0118,2.4773,2.4661,0.0112,0.2830,5144.8690,NA
ExperienceX.exe,22676,0x1BBC8041FF0,DXGI,1,0,0,Composed: Flip,5163.3696,NA,18.32000000000000,16.72620000000000,14.60750000000000,65.22930000000001,96.3482,5161.8828,16.0943,1.4868,14.6075,50.4778,16.2383,7.2796,8.9587,0.2876,5161.8828,NA
ExperienceX.exe,22676,0x1BBC8041FF0,DXGI,1,0,0,Composed: Flip,5178.0695,NA,14.69990000000000,16.62120000000000,16.59150000000000,66.41770000000000,98.2695,5177.9771,16.6839,0.0924,16.5915,65.1440,1.3661,1.3541,0.0120,-0.5269,5177.9771,NA
ExperienceX.exe,22676,0x1BBC8041FF0,DXGI,1,0,0,Composed: Flip,5196.3595,NA,18.29000000000000,17.20390000000000,15.96120000000000,65.10990000000000,97.1834,5194.6610,17.6597,1.6985,15.9612,49.8278,16.9806,6.1974,10.7832,-0.5200,5194.6610,NA
ExperienceX.exe,22676,0x1BBC8041FF0,DXGI,1,0,0,Composed: Flip,5212.4313,NA,16.07180000000000,16.15720000000000,16.15910000000000,65.52730000000000,97.2688,5212.3207,16.2697,0.1106,16.1591,64.1944,1.4435,1.4332,0.0103,1.5025,5212.3207,NA
ExperienceX.exe,22676,0x1BBC8041FF0,DXGI,1,0,0,Composed: Flip,5229.2629,NA,16.83160000000000,16.64570000000000,15.24390000000000,65.70850000000000,97.0829,5228.5904,15.9164,0.6725,15.2439,49.3710,17.0100,5.0941,11.9159,-0.3760,5228.5904,NA
ExperienceX.exe,22676,0x1BBC8041FF0,DXGI,1,0,0,Composed: Flip,5245.2070,NA,15.94410000000000,16.67190000000000,16.24380000000000,67.16480000000000,97.8107,5244.5068,16.9440,0.7002,16.2438,51.1072,16.7578,2.6661,14.0917,-0.7555,5244.5068,NA
ExperienceX.exe,22676,0x1BBC8041FF0,DXGI,1,0,0,Composed: Flip,5262.2289,NA,17.02190000000000,16.66090000000000,15.71240000000000,65.90330000000000,97.4497,5261.4508,16.4905,0.7781,15.7124,50.9263,15.7551,5.4786,10.2765,0.2831,5261.4508,NA
ExperienceX.exe,22676,0x1BBC8041FF0,DXGI,1,0,0,Composed: Flip,5278.9936,NA,16.76470000000000,16.69770000000000,16.10030000000000,65.66730000000000,97.3827,5277.9413,17.1526,1.0523,16.1003,65.2383,1.4813,1.4703,0.0110,-0.2072,5277.9413,NA
ExperienceX.exe,22676,0x1BBC8041FF0,DXGI,1,0,0,Composed: Flip,5296.4296,NA,17.43600000000000,16.62010000000000,16.01990000000000,66.46710000000000,96.5668,5295.0939,17.3556,1.3357,16.0199,49.5721,18.2307,6.8511,11.3796,0.5325,5295.0939,NA
ExperienceX.exe,22676,0x1BBC8041FF0,DXGI,1,0,0,Composed: Flip,5313.5596,NA,17.13000000000000,16.66560000000000,14.62020000000000,64.47690000000000,96.1024,5312.4495,15.7303,1.1101,14.6202,64.1242,1.4628,1.4550,0.0078,0.6900,5312.4495,NA
ExperienceX.exe,22676,0x1BBC8041FF0,DXGI,1,0,0,Composed: Flip,5329.4018,NA,15.84220000000000,16.69630000000000,15.30000000000000,65.17010000000001,96.9565,5328.1798,16.5220,1.2220,15.3000,49.8614,16.5307,5.5830,10.9477,-0.9660,5328.1798,NA
ExperienceX.exe,22676,0x1BBC8041FF0,DXGI,1,0,0,Composed: Flip,5345.5312,NA,16.12940000000000,16.63450000000000,17.42380000000000,65.64530000000001,97.4616,5344.7018,18.2532,0.8294,17.4238,65.0509,1.4238,1.4183,0.0055,-0.1125,5344.7018,NA
ExperienceX.exe,22676,0x1BBC8041FF0,DXGI,1,0,0,Composed: Flip,5363.5860,NA,18.05480000000000,16.67040000000000,14.42900000000000,64.28770000000000,96.0772,5362.9550,15.0600,0.6310,14.4290,48.2253,16.6934,5.2760,11.4174,1.5828,5362.9550,NA
ExperienceX.exe,22676,0x1BBC8041FF0,DXGI,1,0,0,Composed: Flip,5378.1506,NA,14.56460000000000,16.65630000000000,16.44650000000000,66.47180000000000,98.1689,5378.0150,16.5821,0.1356,16.4465,50.2671,16.3403,1.6103,14.7300,-1.5963,5378.0150,NA
ExperienceX.exe,22676,0x1BBC8041FF0,DXGI,1,0,0,Composed: Flip,5395.7045,NA,17.55390000000000,16.65270000000000,15.50560000000000,65.55230000000000,97.2677,5394.5971,16.6130,1.1074,15.5056,50.0286,16.6311,6.4296,10.2015,-0.0706,5394.5971,NA
ExperienceX.exe,22676,0x1BBC8041FF0,DXGI,1,0,0,Composed: Flip,5411.2960,NA,15.59150000000000,16.69470000000000,16.59960000000000,66.42090000000000,98.3709,5411.2101,16.6855,0.0859,16.5996,65.2642,1.2426,1.2353,0.0073,-0.0817,5411.2101,NA
ExperienceX.exe,22676,0x1BBC8041FF0,DXGI,1,0,0,Composed: Flip,5428.8127,NA,17.51670000000000,16.71910000000000,15.88730000000000,65.71960000000000,97.5733,5427.8956,16.8044,0.9171,15.8873,49.8254,16.8113,3.9520,12.8593,-0.0336,5427.8956,NA
ExperienceX.exe,22676,0x1BBC8041FF0,DXGI,1,0,0,Composed: Flip,5445.2377,NA,16.42500000000000,16.65210000000000,16.04080000000000,67.10520000000000,97.8004,5444.7000,16.5785,0.5377,16.0408,65.1411,2.5018,2.4941,0.0077,0.1523,5444.7000,NA
ExperienceX.exe,22676,0x1BBC8041FF0,DXGI,1,0,0,Composed: Flip,5461.9236,NA,16.68590000000000,16.60350000000000,15.85320000000000,66.11900000000000,97.7180,5461.2785,16.4983,0.6451,15.8532,51.0697,15.6944,6.3526,9.3418,-0.0250,5461.2785,NA
ExperienceX.exe,22676,0x1BBC8041FF0,DXGI,1,0,0,Composed: Flip,5477.9176,NA,15.99400000000000,16.68250000000000,16.67100000000000,66.71110000000000,98.4065,5477.7768,16.8118,0.1408,16.6710,65.4187,1.4332,1.4257,0.0075,-0.1842,5477.7768,NA
ExperienceX.exe,22676,0x1BBC8041FF0,DXGI,1,0,0,Composed: Flip,5495.3319,NA,17.41430000000000,16.68220000000000,17.07490000000000,65.90730000000001,97.6744,5494.5886,17.8182,0.7433,17.0749,50.0434,16.6072,6.5751,10.0321,0.1296,5494.5886,NA
ExperienceX.exe,22676,0x1BBC8041FF0,DXGI,1,0,0,Composed: Flip,5513.3238,NA,17.99190000000000,16.64760000000000,14.85840000000000,64.62010000000001,96.3301,5512.4068,15.7754,0.9170,14.8584,49.1300,16.4071,1.5587,14.8484,1.1706,5512.4068,NA
ExperienceX.exe,22676,0x1BBC8041FF0,DXGI,1,0,0,Composed: Flip,5530.1246,NA,16.80080000000000,16.67610000000000,14.54790000000000,64.47140000000000,96.2054,5528.1822,16.4903,1.9424,14.5479,49.7677,16.6461,5.3992,11.2469,-0.9007,5528.1822,NA
ExperienceX.exe,22676,0x1BBC8041FF0,DXGI,1,0,0,Composed: Flip,5545.8467,NA,15.72210000000000,16.64780000000000,15.40370000000000,66.26050000000001,97.1311,5544.6725,16.5779,1.1742,15.4037,65.1547,2.2800,2.2800,0.0000,-0.1575,5544.6725,NA
ExperienceX.exe,22676,0x1BBC8041FF0,DXGI,1,0,0,Composed: Flip,5562.4464,NA,16.59970000000000,16.75040000000000,15.60150000000000,65.16710000000000,97.2818,5561.2504,16.7975,1.1960,15.6015,50.8568,15.5063,7.2483,8.2580,-0.1725,5561.2504,NA
ExperienceX.exe,22676,0x1BBC8041FF0,DXGI,1,0,0,Composed: Flip,5578.2034,NA,15.75700000000000,16.64620000000000,16.42700000000000,66.39960000000001,98.1710,5578.0479,16.5825,0.1555,16.4270,64.9962,1.5589,1.5426,0.0163,0.1513,5578.0479,NA
ExperienceX.exe,22676,0x1BBC8041FF0,DXGI,1,0,0,Composed: Flip,5595.3370,NA,17.13360000000000,16.61080000000000,16.81630000000000,66.48510000000000,97.6482,5594.6304,17.5229,0.7066,16.8163,49.9828,17.2089,6.7829,10.4260,-0.0283,5594.6304,NA
ExperienceX.exe,22676,0x1BBC8041FF0,DXGI,1,0,0,Composed: Flip,5612.8445,NA,17.50750000000000,16.65620000000000,14.78640000000000,65.06440000000001,96.7969,5612.1533,15.4776,0.6912,14.7864,64.4038,1.3518,1.3408,0.0110,0.8667,5612.1533,NA
ExperienceX.exe,22676,0x1BBC8041FF0,DXGI,1,0,0,Composed: Flip,5628.2229,NA,15.37840000000000,16.68280000000000,16.46170000000000,66.45830000000001,98.1013,5627.6309,17.0537,0.5920,16.4617,50.2821,16.7682,6.7956,9.9726,-1.2052,5627.6309,NA
ExperienceX.exe,22676,0x1BBC8041FF0,DXGI,1,0,0,Composed: Flip,5645.4765,NA,17.25360000000000,16.76690000000000,16.72860000000000,68.81220000000000,97.6146,5644.6846,17.5205,0.7919,16.7286,50.2059,19.3982,4.6699,14.7283,0.2868,5644.6846,NA
ExperienceX.exe,22676,0x1BBC8041FF0,DXGI,1,0,0,Composed: Flip,5663.0847,NA,17.60820000000000,16.60610000000000,14.80470000000000,65.04280000000000,96.6125,5662.2051,15.6843,0.8796,14.8047,52.0881,13.8343,3.8423,9.9920,0.9144,5662.2051,NA
ExperienceX.exe,22676,0x1BBC8041FF0,DXGI,1,0,0,Composed: Flip,5678.0016,NA,14.91690000000000,16.76070000000000,16.69940000000000,66.74570000000000,98.4563,5677.8894,16.8116,0.1122,16.6994,65.5023,1.3556,1.3447,0.0109,-1.0764,5677.8894,NA
ExperienceX.exe,22676,0x1BBC8041FF0,DXGI,1,0,0,Composed: Flip,5695.3022,NA,17.30060000000000,16.57100000000000,18.97180000000000,66.07620000000000,97.7267,5694.7010,19.5730,0.6012,18.9718,50.0516,16.6258,3.9886,12.6372,0.2406,5694.7010,NA
ExperienceX.exe,22676,0x1BBC8041FF0,DXGI,1,0,0,Composed: Flip,5714.9256,NA,19.62340000000000,16.68980000000000,13.17140000000000,63.22870000000000,94.7931,5714.2740,13.8230,0.6516,13.1714,62.3893,1.4910,1.4745,0.0165,2.8832,5714.2740,NA
ExperienceX.exe,22676,0x1BBC8041FF0,DXGI,1,0,0,Composed: Flip,5729.7679,NA,14.84230000000000,16.62850000000000,15.14670000000000,65.04450000000000,96.5793,5728.0970,16.8176,1.6709,15.1467,50.0641,16.6513,2.1687,14.4826,-2.8055,5728.0970,NA
ExperienceX.exe,22676,0x1BBC8041FF0,DXGI,1,0,0,Composed: Flip,5745.0344,NA,15.26650000000000,16.75850000000000,16.26740000000000,67.12490000000000,98.0713,5744.9146,16.3872,0.1198,16.2674,50.6756,16.5691,6.5908,9.9783,0.0591,5744.9146,NA
ExperienceX.exe,22676,0x1BBC8041FF0,DXGI,1,0,0,Composed: Flip,5762.0489,NA,17.01450000000000,16.55350000000000,16.03070000000000,66.05410000000001,97.6103,5761.3018,16.7778,0.7471,16.0307,50.8640,15.9372,5.8120,10.1252,-0.1663,5761.3018,NA
ExperienceX.exe,22676,0x1BBC8041FF0,DXGI,1,0,0,Composed: Flip,5779.0518,NA,17.00290000000000,16.73040000000000,15.79930000000000,65.95510000000000,97.3378,5778.0796,16.7715,0.9722,15.7993,65.3764,1.5509,1.5229,0.0280,0.0474,5778.0796,NA
ExperienceX.exe,22676,0x1BBC8041FF0,DXGI,1,0,0,Composed: Flip,5796.5252,NA,17.47340000000000,16.61190000000000,15.57230000000000,64.72930000000001,96.4763,5794.8511,17.2464,1.6741,15.5723,50.1693,16.2341,3.9500,12.2841,0.1596,5794.8511,NA
ExperienceX.exe,22676,0x1BBC8041FF0,DXGI,1,0,0,Composed: Flip,5812.2037,NA,15.67850000000000,16.68180000000000,15.96890000000000,65.84990000000001,97.4796,5812.0975,16.0751,0.1062,15.9689,64.4702,1.4859,1.4776,0.0083,0.5646,5812.0975,NA
ExperienceX.exe,22676,0x1BBC8041FF0,DXGI,1,0,0,Composed: Flip,5829.3390,NA,17.13530000000000,16.67250000000000,15.72140000000000,65.19890000000001,97.0168,5828.1726,16.8878,1.1664,15.7214,49.8868,16.4785,6.7080,9.7705,-0.5974,5828.1726,NA
ExperienceX.exe,22676,0x1BBC8041FF0,DXGI,1,0,0,Composed: Flip,5845.3398,NA,16.00080000000000,16.62130000000000,15.94840000000000,67.55880000000001,97.6373,5845.0604,16.2278,0.2794,15.9484,64.7914,3.0468,3.0468,0.0000,0.2665,5845.0604,NA
ExperienceX.exe,22676,0x1BBC8041FF0,DXGI,1,0,0,Composed: Flip,5862.2588,NA,16.91900000000000,16.66620000000000,15.77680000000000,65.73750000000000,97.3845,5861.2882,16.7474,0.9706,15.7768,51.6104,15.0977,7.1166,7.9811,-0.4384,5861.2882,NA
ExperienceX.exe,22676,0x1BBC8041FF0,DXGI,1,0,0,Composed: Flip,5878.6874,NA,16.42860000000000,16.81890000000000,15.86960000000000,65.97280000000001,97.7748,5878.0356,16.5214,0.6518,15.8696,50.3295,16.2951,1.7401,14.5550,-0.0715,5878.0356,NA
ExperienceX.exe,22676,0x1BBC8041FF0,DXGI,1,0,0,Composed: Flip,5895.2944,NA,16.60700000000000,16.53990000000000,20.00280000000000,65.93300000000001,97.7077,5894.5570,20.7402,0.7374,20.0028,50.1083,16.5621,6.4679,10.0942,-0.0185,5894.5570,NA
ExperienceX.exe,22676,0x1BBC8041FF0,DXGI,1,0,0,Composed: Flip,5915.7849,NA,20.49050000000000,16.65760000000000,12.17590000000000,62.32820000000000,93.8748,5915.2972,12.6636,0.4877,12.1759,61.4244,1.3915,1.3790,0.0125,4.0826,5915.2972,NA
ExperienceX.exe,22676,0x1BBC8041FF0,DXGI,1,0,0,Composed: Flip,5929.2666,NA,13.48170000000000,16.73080000000000,15.41370000000000,65.39030000000000,97.1239,5927.9608,16.7195,1.3058,15.4137,50.1575,16.5386,5.8598,10.6788,-4.0672,5927.9608,NA
ExperienceX.exe,22676,0x1BBC8041FF0,DXGI,1,0,0,Composed: Flip,5944.7867,NA,15.52010000000000,16.65010000000000,16.42040000000000,67.33860000000000,98.2539,5944.6803,16.5268,0.1064,16.4204,65.1339,2.3111,2.3012,0.0099,0.0694,5944.6803,NA
ExperienceX.exe,22676,0x1BBC8041FF0,DXGI,1,0,0,Composed: Flip,5962.2282,NA,17.44150000000000,16.73230000000000,15.81140000000000,65.91610000000000,97.5447,5961.2071,16.8325,1.0211,15.8114,50.9225,16.0147,6.4401,9.5746,-0.2055,5961.2071,NA
ExperienceX.exe,22676,0x1BBC8041FF0,DXGI,1,0,0,Composed: Flip,5978.1684,NA,15.94020000000000,16.53570000000000,16.47590000000000,66.59350000000001,98.1402,5978.0396,16.6047,0.1288,16.4759,65.1676,1.5547,1.5338,0.0209,0.2968,5978.0396,NA
ExperienceX.exe,22676,0x1BBC8041FF0,DXGI,1,0,0,Composed: Flip,5995.7846,NA,17.61620000000000,16.73770000000000,16.26490000000000,65.61500000000001,97.2617,5994.6443,17.4052,1.1403,16.2649,50.1236,16.6317,4.4251,12.2066,-0.1330,5994.6443,NA
ExperienceX.exe,22676,0x1BBC8041FF0,DXGI,1,0,0,Composed: Flip,6012.1325,NA,16.34790000000000,16.69550000000000,16.06020000000000,65.72930000000001,97.6093,6012.0495,16.1432,0.0830,16.0602,49.6721,16.1402,1.5572,14.5830,0.7097,6012.0495,NA
ExperienceX.exe,22676,0x1BBC8041FF0,DXGI,1,0,0,Composed: Flip,6029.9034,NA,17.77090000000000,16.57610000000000,14.87190000000000,65.68600000000001,96.4145,6028.1927,16.5826,1.7107,14.8719,49.6719,17.7248,7.1027,10.6221,-0.4329,6028.1927,NA
ExperienceX.exe,22676,0x1BBC8041FF0,DXGI,1,0,0,Composed: Flip,6044.9367,NA,15.03330000000000,16.81670000000000,16.44670000000000,66.37420000000000,98.1979,6044.7753,16.6081,0.1614,16.4467,65.2309,1.3047,1.2975,0.0072,-0.2341,6044.7753,NA
ExperienceX.exe,22676,0x1BBC8041FF0,DXGI,1,0,0,Composed: Flip,6062.2343,NA,17.29760000000000,16.51820000000000,15.66210000000000,65.80180000000000,97.4185,6061.3834,16.5130,0.8509,15.6621,49.9317,16.7210,6.4147,10.3063,0.0899,6061.3834,NA
ExperienceX.exe,22676,0x1BBC8041FF0,DXGI,1,0,0,Composed: Flip,6078.4693,NA,16.23500000000000,16.65210000000000,17.10880000000000,66.31740000000001,97.8356,6077.8964,17.6817,0.5729,17.1088,65.5582,1.3321,1.3264,0.0057,-0.1391,6077.8964,NA
ExperienceX.exe,22676,0x1BBC8041FF0,DXGI,1,0,0,Composed: Flip,6096.6792,NA,18.20990000000000,16.70400000000000,14.60760000000000,64.55820000000000,96.3297,6095.5781,15.7087,1.1011,14.6076,49.2130,16.4463,6.4396,10.0067,0.9777,6095.5781,NA
ExperienceX.exe,22676,0x1BBC8041FF0,DXGI,1,0,0,Composed: Flip,6111.3695,NA,14.69030000000000,16.74150000000000,16.64670000000000,66.46270000000000,98.3809,6111.2868,16.7294,0.0827,16.6467,65.1271,1.4183,1.4118,0.0065,-1.0328,6111.2868,NA
ExperienceX.exe,22676,0x1BBC8041FF0,DXGI,1,0,0,Composed: Flip,6128.3457,NA,16.97620000000000,16.56790000000000,16.49610000000000,66.42810000000000,97.9726,6128.0162,16.8256,0.3295,16.4961,49.8190,16.9386,6.3910,10.5476,0.1615,6128.0162,NA
ExperienceX.exe,22676,0x1BBC8041FF0,DXGI,1,0,0,Composed: Flip,6145.7069,NA,17.36120000000000,16.70510000000000,15.56300000000000,66.67600000000000,97.3165,6144.8418,16.4281,0.8651,15.5630,50.6553,16.8858,2.6211,14.2647,0.1205,6144.8418,NA
ExperienceX.exe,22676,0x1BBC8041FF0,DXGI,1,0,0,Composed: Flip,6162.3889,NA,16.68200000000000,16.65030000000000,15.44320000000000,65.54000000000001,97.2848,6161.2699,16.5622,1.1190,15.4432,51.1205,15.5385,6.7421,8.7964,-0.2222,6161.2699,NA
ExperienceX.exe,22676,0x1BBC8041FF0,DXGI,1,0,0,Composed: Flip,6177.9044,NA,15.51550000000000,16.83640000000000,16.93350000000000,66.83810000000000,98.6057,6177.8321,17.0058,0.0723,16.9335,65.3727,1.5377,1.5236,0.0141,-0.2742,6177.8321,NA
ExperienceX.exe,22676,0x1BBC8041FF0,DXGI,1,0,0,Composed: Flip,6196.8201,NA,18.91570000000000,16.46510000000000,15.47380000000000,64.43490000000000,96.1551,6194.8379,17.4560,1.9822,15.4738,49.9097,16.5074,2.0272,14.4802,0.5407,6194.8379,NA
ExperienceX.exe,22676,0x1BBC8041FF0,DXGI,1,0,0,Composed: Flip,6212.4706,NA,15.65050000000000,16.68770000000000,15.46870000000000,65.73080000000000,97.1923,6212.2939,15.6454,0.1767,15.4687,49.4741,16.4334,5.2426,11.1908,0.7683,6212.2939,NA
ExperienceX.exe,22676,0x1BBC8041FF0,DXGI,1,0,0,Composed: Flip,6228.6238,NA,16.15320000000000,16.67150000000000,16.04590000000000,66.02900000000000,97.7106,6227.9393,16.7304,0.6845,16.0459,50.2669,16.4466,4.0489,12.3977,-1.0261,6227.9393,NA
ExperienceX.exe,22676,0x1BBC8041FF0,DXGI,1,0,0,Composed: Flip,6245.4238,NA,16.80000000000000,16.64060000000000,15.83550000000000,66.57500000000000,97.5512,6244.6697,16.5896,0.7541,15.8355,65.1539,2.1752,2.1752,0.0000,0.0898,6244.6697,NA
ExperienceX.exe,22676,0x1BBC8041FF0,DXGI,1,0,0,Composed: Flip,6263.0189,NA,17.59510000000000,16.78060000000000,15.11600000000000,64.91050000000000,96.7367,6261.2593,16.8756,1.7596,15.1160,50.7395,15.9306,6.8158,9.1148,-0.1910,6261.2593,NA
ExperienceX.exe,22676,0x1BBC8041FF0,DXGI,1,0,0,Composed: Flip,6278.2717,NA,15.25280000000000,16.57240000000000,16.42070000000000,66.40860000000001,98.0563,6278.1349,16.5575,0.1368,16.4207,65.0120,1.5334,1.5257,0.0077,0.3032,6278.1349,NA
ExperienceX.exe,22676,0x1BBC8041FF0,DXGI,1,0,0,Composed: Flip,6295.4280,NA,17.15630000000000,16.66180000000000,16.55510000000000,66.00110000000001,97.5618,6294.6924,17.2907,0.7356,16.5551,49.9913,16.7454,6.6241,10.1213,-0.1043,6294.6924,NA
ExperienceX.exe,22676,0x1BBC8041FF0,DXGI,1,0,0,Composed: Flip,6312.0840,NA,16.65600000000000,16.64510000000000,15.87010000000000,65.60590000000001,97.5509,6311.9831,15.9710,0.1009,15.8701,64.4973,1.2095,1.2030,0.0065,0.6456,6311.9831,NA
ExperienceX.exe,22676,0x1BBC8041FF0,DXGI,1,0,0,Composed: Flip,6328.7904,NA,16.70640000000000,16.65980000000000,15.92330000000000,65.97580000000001,97.5043,6327.9541,16.7596,0.8363,15.9233,49.7401,17.0720,6.3453,10.7267,-0.6888,6327.9541,NA
ExperienceX.exe,22676,0x1BBC8041FF0,DXGI,1,0,0,Composed: Flip,6345.2671,NA,16.47670000000000,16.74140000000000,16.24200000000000,68.88320000000000,97.7690,6344.7137,16.7954,0.5534,16.2420,50.3118,19.1248,4.5488,14.5760,0.0182,6344.7137,NA
ExperienceX.exe,22676,0x1BBC8041FF0,DXGI,1,0,0,Composed: Flip,6362.6249,NA,17.35780000000000,16.63090000000000,15.07680000000000,65.40060000000000,97.0421,6361.5091,16.1926,1.1158,15.0768,52.6440,13.8724,3.9527,9.9197,0.1645,6361.5091,NA
ExperienceX.exe,22676,0x1BBC8041FF0,DXGI,1,0,0,Composed: Flip,6377.7760,NA,15.15110000000000,16.65620000000000,17.02920000000000,66.80080000000001,98.5472,6377.7017,17.1035,0.0743,17.0292,65.4905,1.3846,1.3784,0.0062,-0.4636,6377.7017,NA
ExperienceX.exe,22676,0x1BBC8041FF0,DXGI,1,0,0,Composed: Flip,6395.6411,NA,17.86510000000000,16.63710000000000,18.53600000000000,65.55670000000001,97.3192,6394.8052,19.3719,0.8359,18.5360,49.7751,16.6175,5.3091,11.3084,0.4664,6394.8052,NA
ExperienceX.exe,22676,0x1BBC8041FF0,DXGI,1,0,0,Composed: Flip,6414.2533,NA,18.61220000000000,16.78770000000000,13.86070000000000,63.66700000000000,95.4947,6414.1771,13.9369,0.0762,13.8607,62.2948,1.4484,1.4403,0.0081,2.5842,6414.1771,NA
ExperienceX.exe,22676,0x1BBC8041FF0,DXGI,1,0,0,Composed: Flip,6429.6392,NA,15.38590000000000,16.57080000000000,14.93610000000000,64.89550000000000,96.6796,6428.1140,16.4613,1.5252,14.9361,49.8085,16.6122,5.6703,10.9419,-2.6339,6428.1140,NA
ExperienceX.exe,22676,0x1BBC8041FF0,DXGI,1,0,0,Composed: Flip,6444.7111,NA,15.07190000000000,16.71940000000000,16.52360000000000,67.54470000000001,98.3271,6444.5753,16.6594,0.1358,16.5236,65.4139,2.2666,2.2084,0.0582,-0.2581,6444.5753,NA
ExperienceX.exe,22676,0x1BBC8041FF0,DXGI,1,0,0,Composed: Flip,6462.5739,NA,17.86280000000000,16.67390000000000,15.50680000000000,65.28100000000001,97.1382,6461.2347,16.8460,1.3392,15.5068,51.0386,15.5816,5.6878,9.8938,-0.0145,6461.2347,NA
ExperienceX.exe,22676,0x1BBC8041FF0,DXGI,1,0,0,Composed: Flip,6478.2058,NA,15.63190000000000,16.79600000000000,16.32830000000000,66.51770000000000,98.3023,6478.0807,16.4534,0.1251,16.3283,50.0261,16.6167,1.6568,14.9599,0.0500,6478.0807,NA
ExperienceX.exe,22676,0x1BBC8041FF0,DXGI,1,0,0,Composed: Flip,6495.1740,NA,16.96820000000000,16.45270000000000,16.81890000000000,67.14470000000000,97.7868,6494.5341,17.4588,0.6399,16.8189,50.1939,17.5907,7.4683,10.1224,0.0007,6494.5341,NA
ExperienceX.exe,22676,0x1BBC8041FF0,DXGI,1,0,0,Composed: Flip,6512.2982,NA,17.12420000000000,16.66710000000000,15.56570000000000,66.03770000000000,97.3297,6511.9929,15.8710,0.3053,15.5657,64.7350,1.6080,1.6080,0.0000,0.7917,6511.9929,NA
ExperienceX.exe,22676,0x1BBC8041FF0,DXGI,1,0,0,Composed: Flip,6528.5562,NA,16.25800000000000,16.68550000000000,16.18940000000000,65.83840000000001,97.7572,6527.8639,16.8817,0.6923,16.1894,50.4720,16.0587,7.8262,8.2325,-0.8145,6527.8639,NA
ExperienceX.exe,22676,0x1BBC8041FF0,DXGI,1,0,0,Composed: Flip,6545.6927,NA,17.13650000000000,16.65100000000000,16.60360000000000,65.58740000000000,97.2717,6544.7456,17.5507,0.9471,16.6036,65.0212,1.5133,1.5090,0.0043,0.2307,6544.7456,NA
ExperienceX.exe,22676,0x1BBC8041FF0,DXGI,1,0,0,Composed: Flip,6563.0014,NA,17.30870000000000,16.67120000000000,15.84260000000000,64.95820000000001,96.6342,6562.2963,16.5477,0.7051,15.8426,48.9872,16.6761,6.5174,10.1587,0.8795,6562.2963,NA
ExperienceX.exe,22676,0x1BBC8041FF0,DXGI,1,0,0,Composed: Flip,6579.4405,NA,16.43910000000000,16.75910000000000,14.97090000000000,65.05000000000000,96.9542,6578.8440,15.5674,0.5965,14.9709,64.2608,1.3857,1.3817,0.0040,-0.2114,6578.8440,NA
ExperienceX.exe,22676,0x1BBC8041FF0,DXGI,1,0,0,Composed: Flip,6595.0634,NA,15.62290000000000,16.59820000000000,16.20380000000000,66.16210000000001,97.9295,6594.4114,16.8558,0.6520,16.2038,50.0824,16.7317,6.6215,10.1102,-1.0308,6594.4114,NA
ExperienceX.exe,22676,0x1BBC8041FF0,DXGI,1,0,0,Composed: Flip,6611.3403,NA,16.27690000000000,16.87870000000000,16.63690000000000,66.33300000000000,98.5313,6611.2672,16.7100,0.0731,16.6369,50.0955,16.3106,1.2827,15.0279,-0.0229,6611.2672,NA
ExperienceX.exe,22676,0x1BBC8041FF0,DXGI,1,0,0,Composed: Flip,6628.9258,NA,17.58550000000000,16.45460000000000,15.61570000000000,65.64570000000001,97.4004,6627.9772,16.5643,0.9486,15.6157,49.7002,16.8941,5.0688,11.8253,0.2554,6627.9772,NA
ExperienceX.exe,22676,0x1BBC8041FF0,DXGI,1,0,0,Composed: Flip,6644.6243,NA,15.69850000000000,16.73300000000000,16.65230000000000,67.30830000000000,98.4349,6644.5415,16.7351,0.0828,16.6523,65.6262,1.7649,1.7377,0.0272,-0.1687,6644.5415,NA
ExperienceX.exe,22676,0x1BBC8041FF0,DXGI,1,0,0,Composed: Flip,6661.9284,NA,17.30410000000000,16.75270000000000,15.77350000000000,66.10010000000000,97.8835,6661.2766,16.4253,0.6518,15.7735,50.6649,16.0870,5.6373,10.4497,-0.0176,6661.2766,NA
ExperienceX.exe,22676,0x1BBC8041FF0,DXGI,1,0,0,Composed: Flip,6678.3240,NA,16.39560000000000,16.55850000000000,16.24410000000000,66.33810000000000,98.0464,6677.7019,16.8662,0.6221,16.2441,65.5574,1.4028,1.3922,0.0106,-0.1332,6677.7019,NA
ExperienceX.exe,22676,0x1BBC8041FF0,DXGI,1,0,0,Composed: Flip,6695.3169,NA,16.99290000000000,16.73830000000000,16.59380000000000,66.06020000000001,97.7918,6694.5681,17.3426,0.7488,16.5938,50.0993,16.7097,5.1689,11.5408,0.1279,6694.5681,NA
ExperienceX.exe,22676,0x1BBC8041FF0,DXGI,1,0,0,Composed: Flip,6713.9611,NA,18.64420000000000,16.58630000000000,14.02050000000000,63.97790000000001,95.7339,6711.9107,16.0709,2.0504,14.0205,64.6222,1.4061,1.3980,0.0081,0.7563,6711.9107,NA
ExperienceX.exe,22676,0x1BBC8041FF0,DXGI,1,0,0,Composed: Flip,6729.0985,NA,15.13740000000000,16.65780000000000,15.50260000000000,66.02720000000001,97.2543,6727.9816,16.6195,1.1169,15.5026,49.9612,17.1829,6.8078,10.3751,-0.5869,6727.9816,NA
ExperienceX.exe,22676,0x1BBC8041FF0,DXGI,1,0,0,Composed: Flip,6744.7004,NA,15.60190000000000,16.65350000000000,16.62270000000000,66.61680000000000,98.3059,6744.6011,16.7220,0.0993,16.6227,50.9003,15.8158,1.8562,13.9596,-0.0340,6744.6011,NA
ExperienceX.exe,22676,0x1BBC8041FF0,DXGI,1,0,0,Composed: Flip,6762.9971,NA,18.29670000000000,16.63660000000000,15.07560000000000,65.10810000000001,96.6458,6761.3231,16.7496,1.6740,15.0756,49.9960,16.7861,6.4794,10.3067,0.0854,6761.3231,NA
ExperienceX.exe,22676,0x1BBC8041FF0,DXGI,1,0,0,Composed: Flip,6778.1628,NA,15.16570000000000,16.73280000000000,17.04090000000000,66.38930000000001,98.2129,6778.0727,17.1310,0.0901,17.0409,65.1391,1.3403,1.3293,0.0110,0.0168,6778.0727,NA
ExperienceX.exe,22676,0x1BBC8041FF0,DXGI,1,0,0,Composed: Flip,6796.0116,NA,17.84880000000000,16.68280000000000,15.34360000000000,65.29790000000000,97.0469,6795.2037,16.1515,0.8079,15.3436,49.3519,16.7539,6.6116,10.1423,0.4482,6795.2037,NA
ExperienceX.exe,22676,0x1BBC8041FF0,DXGI,1,0,0,Composed: Flip,6812.2738,NA,16.26220000000000,16.59620000000000,15.77360000000000,65.76930000000000,97.3809,6811.3552,16.6922,0.9186,15.7736,65.1795,1.5084,1.4929,0.0155,-0.4447,6811.3552,NA
ExperienceX.exe,22676,0x1BBC8041FF0,DXGI,1,0,0,Composed: Flip,6828.8664,NA,16.59260000000000,16.66160000000000,15.68410000000000,65.73610000000001,97.4499,6828.0474,16.5031,0.8190,15.6841,50.0027,16.5524,5.2928,11.2596,0.0306,6828.0474,NA
ExperienceX.exe,22676,0x1BBC8041FF0,DXGI,1,0,0,Composed: Flip,6844.6481,NA,15.78170000000000,16.70930000000000,16.86530000000000,67.21970000000000,98.3775,6844.5505,16.9629,0.0976,16.8653,65.2517,2.0656,2.0584,0.0072,-0.2062,6844.5505,NA
ExperienceX.exe,22676,0x1BBC8041FF0,DXGI,1,0,0,Composed: Flip,6863.0102,NA,18.36210000000000,16.81090000000000,14.96760000000000,64.91550000000001,96.8263,6861.5134,16.4644,1.4968,14.9676,50.3569,16.0554,6.5712,9.4842,0.1520,6861.5134,NA
ExperienceX.exe,22676,0x1BBC8041FF0,DXGI,1,0,0,Composed: Flip,6878.1568,NA,15.14660000000000,16.57730000000000,16.45900000000000,66.50460000000000,98.2570,6877.9778,16.6380,0.1790,16.4590,50.1272,16.5564,1.6150,14.9414,-0.1129,6877.9778,NA
ExperienceX.exe,22676,0x1BBC8041FF0,DXGI,1,0,0,Composed: Flip,6895.4223,NA,17.26550000000000,16.71150000000000,16.45230000000000,66.05710000000001,97.7030,6894.6158,17.2588,0.8065,16.4523,50.0496,16.8140,3.7102,13.1038,-0.0735,6894.6158,NA
ExperienceX.exe,22676,0x1BBC8041FF0,DXGI,1,0,0,Composed: Flip,6911.9730,NA,16.55070000000000,16.61490000000000,15.94730000000000,66.09620000000000,97.7672,6911.8746,16.0457,0.0984,15.9473,64.6912,1.5034,1.4914,0.0120,0.6439,6911.8746,NA
ExperienceX.exe,22676,0x1BBC8041FF0,DXGI,1,0,0,Composed: Flip,6929.1397,NA,17.16670000000000,16.61210000000000,15.48260000000000,65.65790000000000,97.2126,6927.9203,16.7020,1.2194,15.4826,50.1546,16.7227,3.9785,12.7442,-0.5664,6927.9203,NA
ExperienceX.exe,22676,0x1BBC8041FF0,DXGI,1,0,0,Composed: Flip,6944.7155,NA,15.57580000000000,16.70060000000000,16.71570000000000,67.79400000000000,98.3374,6944.6223,16.8089,0.0932,16.7157,65.2909,2.5963,2.5963,0.0000,0.0014,6944.6223,NA
ExperienceX.exe,22676,0x1BBC8041FF0,DXGI,1,0,0,Composed: Flip,6962.6141,NA,17.89860000000000,16.62590000000000,15.40430000000000,65.47880000000001,97.0647,6961.4312,16.5872,1.1829,15.4043,51.0783,15.5834,8.4727,7.1107,0.1830,6961.4312,NA
ExperienceX.exe,22676,0x1BBC8041FF0,DXGI,1,0,0,Composed: Flip,6978.2010,NA,15.58690000000000,16.63520000000000,16.62860000000000,66.55690000000000,98.1130,6978.0184,16.8112,0.1826,16.6286,65.1910,1.5485,1.5485,0.0000,-0.0480,6978.0184,NA
ExperienceX.exe,22676,0x1BBC8041FF0,DXGI,1,0,0,Composed: Flip,6997.4688,NA,19.26780000000000,16.65510000000000,18.68540000000000,63.66990000000001,95.5003,6994.8296,21.3246,2.6392,18.6854,49.9283,16.3808,5.9404,10.4404,0.1561,6994.8296,NA
ExperienceX.exe,22676,0x1BBC8041FF0,DXGI,1,0,0,Composed: Flip,7016.2534,NA,18.78460000000000,16.82340000000000,11.77630000000000,61.71870000000001,93.5391,7016.1542,11.8755,0.0992,11.7763,45.2305,16.5874,1.6777,14.9097,4.5012,7016.1542,NA
ExperienceX.exe,22676,0x1BBC8041FF0,DXGI,1,0,0,Composed: Flip,7029.4742,NA,13.22080000000000,16.52600000000000,15.95420000000000,65.14580000000001,96.8443,7028.0297,17.3987,1.4445,15.9542,49.9454,16.6449,6.0934,10.5515,-4.6505,7028.0297,NA
ExperienceX.exe,22676,0x1BBC8041FF0,DXGI,1,0,0,Composed: Flip,7045.5275,NA,16.05330000000000,16.69940000000000,15.61650000000000,66.32410000000000,97.4904,7045.4284,15.7156,0.0991,15.6165,64.8599,1.5633,1.5633,0.0000,0.6993,7045.4284,NA
ExperienceX.exe,22676,0x1BBC8041FF0,DXGI,1,0,0,Composed: Flip,7061.7925,NA,16.26500000000000,16.65890000000000,16.21090000000000,66.22740000000000,97.8843,7061.1440,16.8594,0.6485,16.2109,50.7076,16.1683,5.8470,10.3213,-0.9433,7061.1440,NA
ExperienceX.exe,22676,0x1BBC8041FF0,DXGI,1,0,0,Composed: Flip,7078.1002,NA,16.30770000000000,16.65570000000000,16.48340000000000,66.45850000000000,98.2323,7078.0034,16.5802,0.0968,16.4834,65.1790,1.3763,1.3685,0.0078,0.2037,7078.0034,NA
ExperienceX.exe,22676,0x1BBC8041FF0,DXGI,1,0,0,Composed: Flip,7095.9569,NA,17.85670000000000,16.67620000000000,15.83340000000000,65.33420000000001,97.0518,7094.5836,17.2067,1.3733,15.8334,49.9784,16.7291,4.7523,11.9768,-0.0960,7094.5836,NA
ExperienceX.exe,22676,0x1BBC8041FF0,DXGI,1,0,0,Composed: Flip,7111.8734,NA,15.91650000000000,16.70070000000000,16.14120000000000,65.99800000000000,97.8360,7111.7903,16.2243,0.0831,16.1412,64.7128,1.3683,1.3622,0.0061,0.5060,7111.7903,NA
ExperienceX.exe,22676,0x1BBC8041FF0,DXGI,1,0,0,Composed: Flip,7128.7873,NA,16.91390000000000,16.66190000000000,15.70680000000000,65.93990000000001,97.5840,7128.0146,16.4795,0.7727,15.7068,49.8612,16.8514,6.7663,10.0851,-0.4376,7128.0146,NA
ExperienceX.exe,22676,0x1BBC8041FF0,DXGI,1,0,0,Composed: Flip,7144.5814,NA,15.79410000000000,16.60030000000000,16.72760000000000,67.05490000000000,98.3902,7144.4941,16.8149,0.0873,16.7276,50.6600,16.4822,1.9867,14.4955,-0.1208,7144.4941,NA
ExperienceX.exe,22676,0x1BBC8041FF0,DXGI,1,0,0,Composed: Flip,7162.1591,NA,17.57770000000000,16.67540000000000,15.74950000000000,66.88020000000000,97.4879,7161.3090,16.5996,0.8501,15.7495,50.3319,17.3984,7.2963,10.1021,0.1395,7161.3090,NA
ExperienceX.exe,22676,0x1BBC8041FF0,DXGI,1,0,0,Composed: Flip,7178.4112,NA,16.25210000000000,16.72750000000000,16.47900000000000,66.05000000000000,97.9633,7177.9086,16.9816,0.5026,16.4790,65.2240,1.3286,1.3173,0.0113,-0.1279,7177.9086,NA
ExperienceX.exe,22676,0x1BBC8041FF0,DXGI,1,0,0,Composed: Flip,7196.1402,NA,17.72900000000000,16.57910000000000,15.52700000000000,65.20210000000000,96.8134,7194.8902,16.7770,1.2500,15.5270,49.5743,16.8778,4.1720,12.7058,0.4025,7194.8902,NA
ExperienceX.exe,22676,0x1BBC8041FF0,DXGI,1,0,0,Composed: Flip,7211.8064,NA,15.66620000000000,16.77390000000000,17.20600000000000,66.22200000000001,97.9211,7211.6672,17.3452,0.1392,17.2060,64.9454,1.4158,1.4054,0.0104,0.0031,7211.6672,NA
ExperienceX.exe,22676,0x1BBC8041FF0,DXGI,1,0,0,Composed: Flip,7230.8185,NA,19.01210000000000,16.59160000000000,13.68720000000000,63.65930000000000,95.5006,7229.0124,15.4933,1.8061,13.6872,49.0196,16.4458,5.3592,11.0866,0.7536,7229.0124,NA
ExperienceX.exe,22676,0x1BBC8041FF0,DXGI,1,0,0,Composed: Flip,7244.7281,NA,13.90960000000000,16.64040000000000,16.63840000000000,67.12840000000000,98.2314,7244.5057,16.8608,0.2224,16.6384,65.4517,1.8991,1.8904,0.0087,-1.1471,7244.5057,NA
ExperienceX.exe,22676,0x1BBC8041FF0,DXGI,1,0,0,Composed: Flip,7261.9364,NA,17.20830000000000,16.67310000000000,16.10390000000000,65.98880000000000,97.6962,7261.3665,16.6738,0.5699,16.1039,50.4957,16.0630,3.8445,12.2185,0.1877,7261.3665,NA
ExperienceX.exe,22676,0x1BBC8041FF0,DXGI,1,0,0,Composed: Flip,7279.3629,NA,17.42650000000000,16.65410000000000,15.12760000000000,65.18720000000000,96.9238,7278.0403,16.4502,1.3226,15.1276,50.2283,16.2815,1.6137,14.6678,0.0197,7278.0403,NA
ExperienceX.exe,22676,0x1BBC8041FF0,DXGI,1,0,0,Composed: Flip,7295.2998,NA,15.93690000000000,16.67680000000000,16.67820000000000,65.90020000000000,97.6637,7294.4905,17.4875,0.8093,16.6782,50.0633,16.6462,5.6674,10.9788,-0.2266,7294.4905,NA
ExperienceX.exe,22676,0x1BBC8041FF0,DXGI,1,0,0,Composed: Flip,7312.1254,NA,16.82560000000000,16.67530000000000,15.83480000000000,65.71190000000000,97.5134,7311.9780,15.9822,0.1474,15.8348,64.4295,1.4298,1.4226,0.0072,0.8122,7311.9780,NA
ExperienceX.exe,22676,0x1BBC8041FF0,DXGI,1,0,0,Composed: Flip,7328.7561,NA,16.63070000000000,16.68360000000000,15.79020000000000,65.67270000000001,97.5663,7327.9602,16.5861,0.7959,15.7902,49.8804,16.5882,1.9236,14.6646,-0.7014,7327.9602,NA
ExperienceX.exe,22676,0x1BBC8041FF0,DXGI,1,0,0,Composed: Flip,7344.6570,NA,15.90090000000000,16.66940000000000,16.57640000000000,67.19220000000000,98.3348,7344.5463,16.6871,0.1107,16.5764,50.6114,16.6915,6.5921,10.0994,-0.0833,7344.5463,NA
ExperienceX.exe,22676,0x1BBC8041FF0,DXGI,1,0,0,Composed: Flip,7361.9046,NA,17.24760000000000,16.93580000000000,15.93040000000000,65.92410000000001,98.0230,7361.2334,16.6016,0.6712,15.9304,50.6205,15.9748,4.8133,11.1615,-0.2487,7361.2334,NA
ExperienceX.exe,22676,0x1BBC8041FF0,DXGI,1,0,0,Composed: Flip,7378.0900,NA,16.18540000000000,16.37680000000000,16.38030000000000,66.50810000000000,98.2144,7377.8350,16.6353,0.2550,16.3803,65.3079,1.4552,1.4503,0.0049,0.2248,7377.8350,NA
ExperienceX.exe,22676,0x1BBC8041FF0,DXGI,1,0,0,Composed: Flip,7395.2143,NA,17.12430000000000,16.64340000000000,16.70210000000000,66.69210000000000,97.7335,7394.4703,17.4461,0.7440,16.7021,50.1317,17.3044,6.7028,10.6016,-0.0081,7394.4703,NA
ExperienceX.exe,22676,0x1BBC8041FF0,DXGI,1,0,0,Composed: Flip,7412.8304,NA,17.61610000000000,16.68680000000000,15.08290000000000,65.06060000000001,96.8042,7411.9164,15.9969,0.9140,15.0829,64.5622,1.4124,1.4073,0.0051,0.7593,7411.9164,NA
ExperienceX.exe,22676,0x1BBC8041FF0,DXGI,1,0,0,Composed: Flip,7429.4659,NA,16.63550000000000,16.65140000000000,15.14500000000000,65.14430000000000,96.8201,7427.9133,16.6976,1.5526,15.1450,49.9817,16.7152,6.5742,10.1410,-0.6545,7427.9133,NA
ExperienceX.exe,22676,0x1BBC8041FF0,DXGI,1,0,0,Composed: Flip,7444.7575,NA,15.29160000000000,16.69450000000000,17.11760000000000,66.49890000000001,98.2230,7444.6109,17.2642,0.1466,17.1176,65.1923,1.4532,1.4436,0.0096,0.0031,7444.6109,NA
ExperienceX.exe,22676,0x1BBC8041FF0,DXGI,1,0,0,Composed: Flip,7463.1462,NA,18.38870000000000,16.65360000000000,14.79000000000000,64.72230000000000,96.4879,7461.8751,16.0611,1.2711,14.7900,49.3837,16.6097,5.4881,11.1216,0.6106,7461.8751,NA
ExperienceX.exe,22676,0x1BBC8041FF0,DXGI,1,0,0,Composed: Flip,7478.0181,NA,14.87190000000000,16.68320000000000,16.63040000000000,66.51550000000000,98.2992,7477.9362,16.7123,0.0819,16.6304,50.2295,16.3679,1.6138,14.7541,-0.6221,7477.9362,NA
ExperienceX.exe,22676,0x1BBC8041FF0,DXGI,1,0,0,Composed: Flip,7495.4322,NA,17.41410000000000,16.63810000000000,16.39220000000000,65.72880000000001,97.5232,7494.6485,17.1759,0.7837,16.3922,49.8891,16.6234,5.3342,11.2892,0.0742,7494.6485,NA
ExperienceX.exe,22676,0x1BBC8041FF0,DXGI,1,0,0,Composed: Flip,7512.0853,NA,16.65310000000000,16.68630000000000,15.84400000000000,65.91260000000000,97.5564,7511.8244,16.1049,0.2609,15.8440,64.6404,1.5331,1.5274,0.0057,0.4896,7511.8244,NA
ExperienceX.exe,22676,0x1BBC8041FF0,DXGI,1,0,0,Composed: Flip,7529.1578,NA,17.07250000000000,16.65840000000000,15.45660000000000,65.39730000000000,97.1423,7527.9293,16.6851,1.2285,15.4566,50.0732,16.5526,6.5144,10.0382,-0.5535,7527.9293,NA
ExperienceX.exe,22676,0x1BBC8041FF0,DXGI,1,0,0,Composed: Flip,7544.7604,NA,15.60260000000000,16.64870000000000,16.44170000000000,66.78050000000000,98.1884,7544.6144,16.5877,0.1460,16.4417,65.1338,1.7927,1.7835,0.0092,0.0364,7544.6144,NA
ExperienceX.exe,22676,0x1BBC8041FF0,DXGI,1,0,0,Composed: Flip,7562.0560,NA,17.29560000000000,16.89310000000000,16.01000000000000,65.89290000000000,97.7859,7561.2021,16.8639,0.8539,16.0100,50.3426,16.4042,6.2336,10.1706,-0.3054,7561.2021,NA
ExperienceX.exe,22676,0x1BBC8041FF0,DXGI,1,0,0,Composed: Flip,7578.1869,NA,16.13090000000000,16.44910000000000,16.37060000000000,66.27300000000000,98.1041,7578.0660,16.4915,0.1209,16.3706,65.0040,1.3899,1.3844,0.0055,0.4148,7578.0660,NA
ExperienceX.exe,22676,0x1BBC8041FF0,DXGI,1,0,0,Composed: Flip,7595.1562,NA,16.96930000000000,16.70510000000000,16.40860000000000,66.84090000000000,97.8399,7594.5575,17.0073,0.5987,16.4086,49.9054,17.5342,7.0782,10.4560,-0.2136,7594.5575,NA
ExperienceX.exe,22676,0x1BBC8041FF0,DXGI,1,0,0,Composed: Flip,7612.4665,NA,17.31030000000000,16.65230000000000,15.47680000000000,65.23780000000001,97.1819,7611.5648,16.3785,0.9017,15.4768,50.8641,15.2754,1.4992,13.7762,0.3550,7611.5648,NA
ExperienceX.exe,22676,0x1BBC8041FF0,DXGI,1,0,0,Composed: Flip,7628.9550,NA,16.48850000000000,16.62780000000000,15.52940000000000,65.81880000000001,97.3212,7627.9433,16.5411,1.0117,15.5294,49.7658,17.0647,6.2898,10.7749,-0.2493,7627.9433,NA
ExperienceX.exe,22676,0x1BBC8041FF0,DXGI,1,0,0,Composed: Flip,7644.5775,NA,15.62250000000000,16.69920000000000,17.55490000000000,66.79600000000001,98.3979,7644.4844,17.6480,0.0931,17.5549,65.3284,1.5607,1.5529,0.0078,-0.1581,7644.4844,NA
ExperienceX.exe,22676,0x1BBC8041FF0,DXGI,1,0,0,Composed: Flip,7663.2617,NA,18.68420000000000,16.67460000000000,14.48490000000000,64.72780000000000,96.3883,7662.1324,15.6142,1.1293,14.4849,49.2454,16.6117,6.5828,10.0289,0.9734,7662.1324,NA
ExperienceX.exe,22676,0x1BBC8041FF0,DXGI,1,0,0,Composed: Flip,7677.8298,NA,14.56810000000000,16.66990000000000,16.96380000000000,66.79260000000001,98.4901,7677.7466,17.0470,0.0832,16.9638,65.4438,1.4320,1.4224,0.0096,-1.0557,7677.7466,NA
ExperienceX.exe,22676,0x1BBC8041FF0,DXGI,1,0,0,Composed: Flip,7695.8479,NA,18.01810000000000,16.69140000000000,15.52730000000000,65.40260000000001,97.1634,7694.7936,16.5816,1.0543,15.5273,49.8312,16.6257,5.3457,11.2800,0.3556,7694.7936,NA
ExperienceX.exe,22676,0x1BBC8041FF0,DXGI,1,0,0,Composed: Flip,7711.5022,NA,15.65430000000000,16.65460000000000,16.48530000000000,66.36850000000000,98.1637,7711.3752,16.6123,0.1270,16.4853,65.1229,1.3726,1.3610,0.0116,-0.0730,7711.3752,NA
ExperienceX.exe,22676,0x1BBC8041FF0,DXGI,1,0,0,Composed: Flip,7729.1012,NA,17.59900000000000,16.69970000000000,15.50350000000000,65.87980000000000,97.2644,7727.9875,16.6172,1.1137,15.5035,49.8873,17.1062,6.7709,10.3353,-0.0874,7727.9875,NA
ExperienceX.exe,22676,0x1BBC8041FF0,DXGI,1,0,0,Composed: Flip,7745.3824,NA,16.28120000000000,16.63050000000000,15.88700000000000,66.23060000000001,97.6137,7744.6047,16.6647,0.7777,15.8870,50.6908,16.3175,1.9874,14.3301,-0.0133,7744.6047,NA
ExperienceX.exe,22676,0x1BBC8041FF0,DXGI,1,0,0,Composed: Flip,7761.9523,NA,16.56990000000000,16.63570000000000,15.89700000000000,66.16780000000000,97.6795,7761.2694,16.5799,0.6829,15.8970,50.3473,16.5034,5.7589,10.7445,0.0290,7761.2694,NA
ExperienceX.exe,22676,0x1BBC8041FF0,DXGI,1,0,0,Composed: Flip,7777.9548,NA,16.00250000000000,16.69010000000000,17.06130000000000,66.67650000000000,98.3671,7777.8493,17.1668,0.1055,17.0613,65.2881,1.4939,1.4829,0.0110,-0.1102,7777.8493,NA
ExperienceX.exe,22676,0x1BBC8041FF0,DXGI,1,0,0,Composed: Flip,7795.8794,NA,17.92460000000000,16.65180000000000,15.75100000000000,65.22300000000000,97.0943,7795.0161,16.6143,0.8633,15.7510,49.6198,16.4665,5.8341,10.6324,0.5150,7795.0161,NA
ExperienceX.exe,22676,0x1BBC8041FF0,DXGI,1,0,0,Composed: Flip,7811.7315,NA,15.85210000000000,16.67080000000000,16.47310000000000,66.62540000000000,97.9130,7811.6304,16.5742,0.1011,16.4731,64.8853,1.8412,1.8380,0.0032,-0.0565,7811.6304,NA
ExperienceX.exe,22676,0x1BBC8041FF0,DXGI,1,0,0,Composed: Flip,7829.1513,NA,17.41980000000000,16.68580000000000,15.46750000000000,64.98210000000000,97.1790,7828.2046,16.4142,0.9467,15.4675,50.1551,15.7737,6.4826,9.2911,-0.1116,7828.2046,NA
ExperienceX.exe,22676,0x1BBC8041FF0,DXGI,1,0,0,Composed: Flip,7845.4509,NA,16.29960000000000,16.72630000000000,15.68560000000000,66.09400000000001,97.6057,7844.6188,16.5177,0.8321,15.6856,65.1631,1.7630,1.7565,0.0065,-0.3121,7844.6188,NA
ExperienceX.exe,22676,0x1BBC8041FF0,DXGI,1,0,0,Composed: Flip,7861.9051,NA,16.45420000000000,16.56900000000000,16.46250000000000,66.00730000000000,97.7205,7861.1365,17.2311,0.7686,16.4625,50.4116,16.3643,3.7742,12.5901,-0.0513,7861.1365,NA
ExperienceX.exe,22676,0x1BBC8041FF0,DXGI,1,0,0,Composed: Flip,7878.6514,NA,16.74630000000000,16.81600000000000,15.52470000000000,66.17520000000000,97.7902,7878.3676,15.8085,0.2838,15.5247,50.0667,16.3923,1.6708,14.7215,0.4151,7878.3676,NA
ExperienceX.exe,22676,0x1BBC8041FF0,DXGI,1,0,0,Composed: Flip,7895.0161,NA,16.36470000000000,16.55950000000000,16.63160000000000,66.10780000000000,97.9850,7894.1761,17.4716,0.8400,16.6316,50.6558,16.2920,5.1842,11.1078,-0.7510,7894.1761,NA
ExperienceX.exe,22676,0x1BBC8041FF0,DXGI,1,0,0,Composed: Flip,7911.8179,NA,16.80180000000000,16.62160000000000,16.13480000000000,66.55800000000001,97.8048,7911.6477,16.3050,0.1702,16.1348,65.0877,1.6405,1.6064,0.0341,0.8500,7911.6477,NA
ExperienceX.exe,22676,0x1BBC8041FF0,DXGI,1,0,0,Composed: Flip,7928.9785,NA,17.16060000000000,16.71710000000000,15.79800000000000,65.55780000000000,97.3613,7927.9527,16.8238,1.0258,15.7980,50.4429,16.1407,5.5800,10.5607,-0.4121,7927.9527,NA
ExperienceX.exe,22676,0x1BBC8041FF0,DXGI,1,0,0,Composed: Flip,7945.0157,NA,16.03720000000000,16.83850000000000,16.13120000000000,66.47840000000001,98.1626,7944.7765,16.3704,0.2392,16.1312,65.0279,1.6897,1.6816,0.0081,-0.0147,7944.7765,NA
ExperienceX.exe,22676,0x1BBC8041FF0,DXGI,1,0,0,Composed: Flip,7962.2666,NA,17.25090000000000,16.54140000000000,15.92560000000000,65.60330000000000,97.4531,7961.1469,17.0453,1.1197,15.9256,50.3525,16.3705,5.3696,11.0009,-0.1710,7961.1469,NA
ExperienceX.exe,22676,0x1BBC8041FF0,DXGI,1,0,0,Composed: Flip,7978.3472,NA,16.08060000000000,16.63660000000000,16.21660000000000,66.52630000000001,98.0091,7978.1922,16.3716,0.1550,16.2166,65.2796,1.4017,1.3906,0.0111,0.4087,7978.1922,NA
ExperienceX.exe,22676,0x1BBC8041FF0,DXGI,1,0,0,Composed: Flip,7995.1505,NA,16.80330000000000,16.60270000000000,16.35270000000000,66.14770000000000,97.8085,7994.5638,16.9394,0.5867,16.3527,50.3151,16.4193,5.2714,11.1479,-0.2311,7994.5638,NA
ExperienceX.exe,22676,0x1BBC8041FF0,DXGI,1,0,0,Composed: Flip,8012.3155,NA,17.16500000000000,16.68540000000000,15.60150000000000,65.66250000000001,97.3289,8011.5032,16.4138,0.8123,15.6015,50.1028,16.3720,1.5822,14.7898,0.2540,8011.5032,NA
ExperienceX.exe,22676,0x1BBC8041FF0,DXGI,1,0,0,Composed: Flip,8028.9925,NA,16.67700000000000,16.63620000000000,15.82580000000000,65.44120000000001,97.2881,8027.9170,16.9013,1.0755,15.8258,50.0651,16.4516,6.1287,10.3229,-0.2224,8027.9170,NA
ExperienceX.exe,22676,0x1BBC8041FF0,DXGI,1,0,0,Composed: Flip,8044.9418,NA,15.94930000000000,16.69220000000000,16.34540000000000,70.00770000000000,98.0310,8044.8183,16.4689,0.1235,16.3454,64.9344,5.1968,5.1943,0.0025,0.2091,8044.8183,NA
ExperienceX.exe,22676,0x1BBC8041FF0,DXGI,1,0,0,Composed: Flip,8062.6040,NA,17.66220000000000,16.69890000000000,15.35170000000000,65.24000000000001,97.0677,8061.2872,16.6685,1.3168,15.3517,53.6647,12.8921,4.5540,8.3381,-0.2300,8061.2872,NA
ExperienceX.exe,22676,0x1BBC8041FF0,DXGI,1,0,0,Composed: Flip,8078.0326,NA,15.42860000000000,16.65350000000000,16.39610000000000,66.65380000000000,98.2926,8077.9557,16.4730,0.0769,16.3961,65.1854,1.5453,1.5416,0.0037,0.0150,8077.9557,NA
ExperienceX.exe,22676,0x1BBC8041FF0,DXGI,1,0,0,Composed: Flip,8095.1298,NA,17.09720000000000,16.63190000000000,19.86040000000000,66.11200000000001,97.8273,8094.4287,20.5615,0.7011,19.8604,50.2612,16.5519,2.0416,14.5103,-0.1589,8094.4287,NA
ExperienceX.exe,22676,0x1BBC8041FF0,DXGI,1,0,0,Composed: Flip,8115.6413,NA,20.51150000000000,16.71300000000000,12.18840000000000,62.28030000000000,94.0288,8114.9902,12.8395,0.6511,12.1884,47.4350,15.4964,5.4747,10.0217,3.8485,8114.9902,NA
ExperienceX.exe,22676,0x1BBC8041FF0,DXGI,1,0,0,Composed: Flip,8128.2234,NA,12.58210000000000,16.71690000000000,16.50530000000000,66.44380000000001,98.1636,8127.8297,16.8990,0.3937,16.5053,50.0972,16.7403,5.5722,11.1681,-3.8774,8127.8297,NA
ExperienceX.exe,22676,0x1BBC8041FF0,DXGI,1,0,0,Composed: Flip,8145.3482,NA,17.12480000000000,16.63130000000000,15.96170000000000,65.92540000000000,97.6701,8144.7287,16.5812,0.6195,15.9617,65.1168,1.4281,1.4193,0.0088,0.2677,8144.7287,NA
ExperienceX.exe,22676,0x1BBC8041FF0,DXGI,1,0,0,Composed: Flip,8163.5161,NA,18.16790000000000,16.79250000000000,14.59070000000000,64.52480000000000,96.2947,8161.3099,16.7969,2.2062,14.5907,49.9670,16.7640,5.7049,11.0591,-0.2113,8161.3099,NA
ExperienceX.exe,22676,0x1BBC8041FF0,DXGI,1,0,0,Composed: Flip,8179.3676,NA,15.85150000000000,16.48590000000000,15.31440000000000,65.23690000000001,96.9291,8178.1068,16.5752,1.2608,15.3144,65.1106,1.3871,1.3729,0.0142,0.3110,8178.1068,NA
ExperienceX.exe,22676,0x1BBC8041FF0,DXGI,1,0,0,Composed: Flip,8195.4274,NA,16.05980000000000,16.65090000000000,15.82460000000000,66.37710000000000,97.5202,8194.6820,16.5700,0.7454,15.8246,49.9250,17.1975,6.4474,10.7501,-0.0757,8194.6820,NA
ExperienceX.exe,22676,0x1BBC8041FF0,DXGI,1,0,0,Composed: Flip,8211.7028,NA,16.27540000000000,16.70300000000000,16.30580000000000,66.09010000000001,97.9478,8211.2520,16.7566,0.4508,16.3058,65.2066,1.3343,1.3295,0.0048,-0.1330,8211.2520,NA
ExperienceX.exe,22676,0x1BBC8041FF0,DXGI,1,0,0,Composed: Flip,8228.7956,NA,17.09280000000000,16.83820000000000,15.77280000000000,65.69730000000000,97.6932,8228.0086,16.5598,0.7870,15.7728,49.7882,16.6961,6.7864,9.9097,-0.0816,8228.0086,NA
ExperienceX.exe,22676,0x1BBC8041FF0,DXGI,1,0,0,Composed: Flip,8245.4806,NA,16.68500000000000,16.46520000000000,16.21640000000000,65.84590000000000,97.4734,8244.5684,17.1286,0.9122,16.2164,50.2326,16.5255,1.7312,14.7943,0.0946,8244.5684,NA
ExperienceX.exe,22676,0x1BBC8041FF0,DXGI,1,0,0,Composed: Flip,8263.7821,NA,18.30150000000000,16.66420000000000,14.03250000000000,64.23880000000000,95.8361,8261.6970,16.1176,2.0851,14.0325,49.6319,16.6920,7.3485,9.3435,0.4644,8261.6970,NA
ExperienceX.exe,22676,0x1BBC8041FF0,DXGI,1,0,0,Composed: Flip,8277.9005,NA,14.11840000000000,16.68960000000000,16.64210000000000,66.59110000000000,98.4073,8277.8146,16.7280,0.0859,16.6421,65.3193,1.3577,1.3515,0.0062,-0.5720,8277.8146,NA
ExperienceX.exe,22676,0x1BBC8041FF0,DXGI,1,0,0,Composed: Flip,8295.4780,NA,17.57750000000000,16.64470000000000,15.90160000000000,66.40770000000001,97.4745,8294.5426,16.8370,0.9354,15.9016,49.9542,17.3889,7.3716,10.0173,0.0833,8294.5426,NA
ExperienceX.exe,22676,0x1BBC8041FF0,DXGI,1,0,0,Composed: Flip,8311.4701,NA,15.99210000000000,16.67980000000000,16.52360000000000,66.21610000000000,98.1622,8311.3796,16.6141,0.0905,16.5236,65.0386,1.2680,1.2620,0.0060,0.1572,8311.3796,NA
ExperienceX.exe,22676,0x1BBC8041FF0,DXGI,1,0,0,Composed: Flip,8329.4023,NA,17.93220000000000,16.68330000000000,15.11950000000000,65.29450000000000,96.9133,8327.9937,16.5281,1.4086,15.1195,49.6974,17.0057,6.5645,10.4412,-0.0692,8327.9937,NA
ExperienceX.exe,22676,0x1BBC8041FF0,DXGI,1,0,0,Composed: Flip,8344.6201,NA,15.21780000000000,16.68940000000000,17.29600000000000,66.70420000000000,98.3849,8344.5218,17.3943,0.0983,17.2960,65.2932,1.5093,1.5015,0.0078,-0.1613,8344.5218,NA
ExperienceX.exe,22676,0x1BBC8041FF0,DXGI,1,0,0,Composed: Flip,8362.8004,NA,18.18030000000000,16.62290000000000,14.90930000000000,65.05900000000000,96.8275,8361.9161,15.7936,0.8843,14.9093,49.4110,16.5323,3.9033,12.6290,0.7714,8361.9161,NA
ExperienceX.exe,22676,0x1BBC8041FF0,DXGI,1,0,0,Composed: Flip,8377.8000,NA,14.99960000000000,16.65740000000000,16.93320000000000,66.89600000000000,98.4853,8377.7097,17.0235,0.0903,16.9332,50.4833,16.5030,1.5877,14.9153,-0.8638,8377.7097,NA
ExperienceX.exe,22676,0x1BBC8041FF0,DXGI,1,0,0,Composed: Flip,8395.6922,NA,17.89220000000000,16.66960000000000,15.74640000000000,65.44290000000001,97.2627,8394.7332,16.7054,0.9590,15.7464,49.9694,16.4325,5.6484,10.7841,0.3539,8394.7332,NA
ExperienceX.exe,22676,0x1BBC8041FF0,DXGI,1,0,0,Composed: Flip,8411.6254,NA,15.93320000000000,16.68870000000000,16.28180000000000,66.21790000000000,98.0182,8411.4386,16.4686,0.1868,16.2818,64.9896,1.4151,1.4097,0.0054,0.0167,8411.4386,NA
ExperienceX.exe,22676,0x1BBC8041FF0,DXGI,1,0,0,Composed: Flip,8429.0937,NA,17.46830000000000,16.65750000000000,15.73560000000000,65.36890000000000,97.2074,8427.9072,16.9221,1.1865,15.7356,49.9390,16.6164,5.3799,11.2365,-0.1889,8427.9072,NA
ExperienceX.exe,22676,0x1BBC8041FF0,DXGI,1,0,0,Composed: Flip,8445.0793,NA,15.98560000000000,16.70770000000000,16.14070000000000,66.20550000000000,97.9295,8444.8293,16.3907,0.2500,16.1407,64.9379,1.5176,1.5121,0.0055,0.2144,8444.8293,NA
ExperienceX.exe,22676,0x1BBC8041FF0,DXGI,1,0,0,Composed: Flip,8462.2380,NA,17.15870000000000,16.61630000000000,15.61560000000000,65.69280000000001,97.3871,8461.2200,16.6336,1.0180,15.6156,50.0684,16.6424,5.8062,10.8362,-0.2256,8461.2200,NA
ExperienceX.exe,22676,0x1BBC8041FF0,DXGI,1,0,0,Composed: Flip,8477.9324,NA,15.69440000000000,16.66000000000000,16.55320000000000,66.77690000000000,98.3527,8477.8536,16.6320,0.0788,16.5532,65.3399,1.5158,1.5020,0.0138,-0.0264,8477.8536,NA
ExperienceX.exe,22676,0x1BBC8041FF0,DXGI,1,0,0,Composed: Flip,8495.0976,NA,17.16520000000000,16.67580000000000,16.22080000000000,65.97250000000000,97.8633,8494.4856,16.8328,0.6120,16.2208,50.2278,16.3567,5.4377,10.9190,-0.0438,8494.4856,NA
ExperienceX.exe,22676,0x1BBC8041FF0,DXGI,1,0,0,Composed: Flip,8511.4117,NA,16.31410000000000,16.70290000000000,16.50280000000000,66.42120000000000,98.2521,8511.3184,16.5961,0.0933,16.5028,50.0114,16.5031,1.5900,14.9131,0.1299,8511.3184,NA
ExperienceX.exe,22676,0x1BBC8041FF0,DXGI,1,0,0,Composed: Flip,8529.0626,NA,17.65090000000000,16.63630000000000,15.66030000000000,65.50820000000000,97.2375,8527.9145,16.8084,1.1481,15.6603,49.9231,16.7332,6.3442,10.3890,-0.0402,8527.9145,NA
ExperienceX.exe,22676,0x1BBC8041FF0,DXGI,1,0,0,Composed: Flip,8544.8584,NA,15.79580000000000,16.83550000000000,16.24550000000000,67.40820000000001,98.2772,8544.7229,16.3810,0.1355,16.2455,65.0965,2.4472,2.4416,0.0056,-0.0271,8544.7229,NA
ExperienceX.exe,22676,0x1BBC8041FF0,DXGI,1,0,0,Composed: Flip,8561.9279,NA,17.06950000000000,16.52370000000000,15.95960000000000,65.84810000000000,97.7314,8561.1039,16.7836,0.8240,15.9596,51.1661,15.5060,7.3423,8.1637,-0.1427,8561.1039,NA
ExperienceX.exe,22676,0x1BBC8041FF0,DXGI,1,0,0,Composed: Flip,8578.8008,NA,16.87290000000000,16.63730000000000,15.75860000000000,66.18190000000000,97.4958,8577.8875,16.6719,0.9133,15.7586,65.6169,1.4783,1.4703,0.0080,0.1463,8577.8875,NA
ExperienceX.exe,22676,0x1BBC8041FF0,DXGI,1,0,0,Composed: Flip,8595.2855,NA,16.48470000000000,16.64880000000000,16.94940000000000,65.85700000000000,97.6599,8594.5594,17.6755,0.7261,16.9494,50.4288,16.1543,5.3068,10.8475,0.0231,8594.5594,NA
ExperienceX.exe,22676,0x1BBC8041FF0,DXGI,1,0,0,Composed: Flip,8612.8034,NA,17.51790000000000,16.77030000000000,15.02680000000000,65.22010000000000,96.9123,8612.2349,15.5953,0.5685,15.0268,64.2271,1.5615,1.5568,0.0047,0.9052,8612.2349,NA
ExperienceX.exe,22676,0x1BBC8041FF0,DXGI,1,0,0,Composed: Flip,8628.5909,NA,15.78750000000000,16.53620000000000,16.49080000000000,65.98190000000001,97.6610,8627.8302,17.2515,0.7607,16.4908,50.1965,16.5461,6.5694,9.9767,-0.9409,8627.8302,NA
ExperienceX.exe,22676,0x1BBC8041FF0,DXGI,1,0,0,Composed: Flip,8646.0412,NA,17.45030000000000,16.79180000000000,15.13390000000000,65.24630000000001,97.0025,8645.0817,16.0934,0.9595,15.1339,49.7941,16.4117,1.5302,14.8815,0.4597,8645.0817,NA
ExperienceX.exe,22676,0x1BBC8041FF0,DXGI,1,0,0,Composed: Flip,8662.2816,NA,16.24040000000000,16.61110000000000,15.77250000000000,65.90750000000000,97.3732,8661.1751,16.8790,1.1065,15.7725,50.1179,16.8961,5.7950,11.1011,-0.5177,8661.1751,NA
ExperienceX.exe,22676,0x1BBC8041FF0,DXGI,1,0,0,Composed: Flip,8678.2029,NA,15.92130000000000,16.66860000000000,16.39290000000000,66.40050000000001,98.1205,8678.0541,16.5417,0.1488,16.3929,65.2054,1.3439,1.3309,0.0130,0.2104,8678.0541,NA
ExperienceX.exe,22676,0x1BBC8041FF0,DXGI,1,0,0,Composed: Flip,8695.2936,NA,17.09070000000000,16.68960000000000,16.02190000000000,65.95160000000000,97.7194,8694.5958,16.7197,0.6978,16.0219,50.0107,16.6387,4.3004,12.3383,-0.1479,8694.5958,NA
ExperienceX.exe,22676,0x1BBC8041FF0,DXGI,1,0,0,Composed: Flip,8711.4250,NA,16.13140000000000,16.61600000000000,16.67670000000000,66.80920000000000,98.2040,8711.3155,16.7862,0.1095,16.6767,65.1310,1.7877,1.7836,0.0041,0.1037,8711.3155,NA
ExperienceX.exe,22676,0x1BBC8041FF0,DXGI,1,0,0,Composed: Flip,8729.3924,NA,17.96740000000000,16.65230000000000,15.16630000000000,65.49330000000000,96.8889,8728.1017,16.4570,1.2907,15.1663,50.1347,16.6493,5.5938,11.0555,0.1339,8728.1017,NA
ExperienceX.exe,22676,0x1BBC8041FF0,DXGI,1,0,0,Composed: Flip,8744.6948,NA,15.30240000000000,16.74400000000000,16.52380000000000,70.94860000000000,98.3305,8744.5587,16.6599,0.1361,16.5238,65.1800,5.9047,5.9010,0.0037,-0.2870,8744.5587,NA
ExperienceX.exe,22676,0x1BBC8041FF0,DXGI,1,0,0,Composed: Flip,8762.1053,NA,17.41050000000000,16.68030000000000,16.16640000000000,65.43670000000000,97.6003,8761.2186,17.0531,0.8867,16.1664,54.4285,11.8949,3.4847,8.4102,-0.0204,8761.2186,NA
ExperienceX.exe,22676,0x1BBC8041FF0,DXGI,1,0,0,Composed: Flip,8778.3472,NA,16.24190000000000,16.80140000000000,16.58240000000000,66.27860000000000,98.1598,8778.2717,16.6579,0.0755,16.5824,49.4676,16.8865,1.5121,15.3744,0.2517,8778.2717,NA
ExperienceX.exe,22676,0x1BBC8041FF0,DXGI,1,0,0,Composed: Flip,8795.7907,NA,17.44350000000000,16.44760000000000,19.90980000000000,65.46130000000001,97.1639,8794.9296,20.7709,0.8611,19.9098,49.6962,16.6262,6.1995,10.4267,0.2103,8794.9296,NA
ExperienceX.exe,22676,0x1BBC8041FF0,DXGI,1,0,0,Composed: Flip,8816.0109,NA,20.22020000000000,16.68200000000000,11.51440000000000,62.05480000000000,93.6257,8815.7005,11.8248,0.3104,11.5144,61.0955,1.2697,1.2641,0.0056,4.0889,8815.7005,NA
ExperienceX.exe,22676,0x1BBC8041FF0,DXGI,1,0,0,Composed: Flip,8828.6009,NA,12.59000000000000,16.75370000000000,16.15050000000000,65.72910000000000,97.7894,8827.5253,17.2261,1.0756,16.1505,50.5443,16.2604,4.4064,11.8540,-4.9289,8827.5253,NA
ExperienceX.exe,22676,0x1BBC8041FF0,DXGI,1,0,0,Composed: Flip,8844.8517,NA,16.25080000000000,16.73070000000000,16.36260000000000,66.50650000000000,98.2693,8844.7514,16.4629,0.1003,16.3626,65.0218,1.5850,1.5783,0.0067,0.4954,8844.7514,NA
ExperienceX.exe,22676,0x1BBC8041FF0,DXGI,1,0,0,Composed: Flip,8862.5939,NA,17.74220000000000,16.53390000000000,15.53690000000000,65.36150000000001,97.0610,8861.2143,16.9165,1.3796,15.5369,50.1484,16.5927,5.5460,11.0467,-0.0710,8861.2143,NA
ExperienceX.exe,22676,0x1BBC8041FF0,DXGI,1,0,0,Composed: Flip,8878.2343,NA,15.64040000000000,16.64850000000000,16.11480000000000,66.45220000000000,98.0691,8878.1308,16.2183,0.1035,16.1148,65.2901,1.2656,1.2571,0.0085,0.2680,8878.1308,NA
ExperienceX.exe,22676,0x1BBC8041FF0,DXGI,1,0,0,Composed: Flip,8895.2049,NA,16.97060000000000,16.65470000000000,16.18250000000000,66.16910000000000,97.7532,8894.3491,17.0383,0.8558,16.1825,50.3432,16.6817,5.7283,10.9534,-0.4364,8894.3491,NA
ExperienceX.exe,22676,0x1BBC8041FF0,DXGI,1,0,0,Composed: Flip,8911.5826,NA,16.37770000000000,16.66640000000000,16.38130000000000,66.31030000000000,98.0419,8911.3874,16.5765,0.1952,16.3813,50.3082,16.1973,1.6138,14.5835,0.3719,8911.3874,NA
ExperienceX.exe,22676,0x1BBC8041FF0,DXGI,1,0,0,Composed: Flip,8928.8558,NA,17.27320000000000,16.70600000000000,15.78740000000000,65.63160000000001,97.4747,8927.9639,16.6793,0.8919,15.7874,49.9335,16.5900,5.6591,10.9309,-0.1295,8927.9639,NA
ExperienceX.exe,22676,0x1BBC8041FF0,DXGI,1,0,0,Composed: Flip,8944.7641,NA,15.90830000000000,16.64280000000000,16.66010000000000,66.67670000000000,98.2092,8944.6432,16.7810,0.1209,16.6601,65.1061,1.6915,1.6915,0.0000,0.0365,8944.6432,NA
ExperienceX.exe,22676,0x1BBC8041FF0,DXGI,1,0,0,Composed: Flip,8962.0647,NA,17.30060000000000,16.63990000000000,15.82630000000000,66.04110000000000,97.5485,8961.4242,16.4668,0.6405,15.8263,50.0166,16.6650,5.9835,10.6815,0.1411,8961.4242,NA
ExperienceX.exe,22676,0x1BBC8041FF0,DXGI,1,0,0,Composed: Flip,8977.9840,NA,15.91930000000000,16.76990000000000,16.53320000000000,66.61080000000000,98.3991,8977.8910,16.6262,0.0930,16.5332,65.2543,1.4495,1.4417,0.0078,-0.3031,8977.8910,NA
ExperienceX.exe,22676,0x1BBC8041FF0,DXGI,1,0,0,Composed: Flip,8995.1836,NA,17.19960000000000,16.56450000000000,16.19610000000000,65.93950000000001,97.7640,8994.5172,16.8625,0.6664,16.1961,50.0814,16.5245,6.2444,10.2801,0.0617,8994.5172,NA
ExperienceX.exe,22676,0x1BBC8041FF0,DXGI,1,0,0,Composed: Flip,9012.4467,NA,17.26310000000000,16.68840000000000,15.59120000000000,65.60240000000000,97.1893,9011.3797,16.6582,1.0670,15.5912,65.1694,1.5000,1.5000,0.0000,0.1741,9011.3797,NA
ExperienceX.exe,22676,0x1BBC8041FF0,DXGI,1,0,0,Composed: Flip,9029.4630,NA,17.01630000000000,16.67980000000000,15.14180000000000,64.75720000000000,96.8528,9028.0379,16.5669,1.4251,15.1418,50.0112,16.1711,4.4642,11.7069,-0.0216,9028.0379,NA
ExperienceX.exe,22676,0x1BBC8041FF0,DXGI,1,0,0,Composed: Flip,9044.6806,NA,15.21760000000000,16.67630000000000,16.44810000000000,66.61940000000000,98.3115,9044.6048,16.5239,0.0758,16.4481,49.7899,16.9053,6.0805,10.8248,-0.1094,9044.6048,NA
ExperienceX.exe,22676,0x1BBC8041FF0,DXGI,1,0,0,Composed: Flip,9061.5447,NA,16.86410000000000,16.66260000000000,17.10830000000000,66.53790000000001,98.1100,9061.1287,17.5243,0.4160,17.1083,50.1747,16.7792,6.5537,10.2255,-0.1387,9061.1287,NA
ExperienceX.exe,22676,0x1BBC8041FF0,DXGI,1,0,0,Composed: Flip,9078.9274,NA,17.38270000000000,16.71360000000000,15.30760000000000,65.69840000000001,97.4409,9078.6530,15.5820,0.2744,15.3076,64.6531,1.3197,1.3093,0.0104,0.8107,9078.6530,NA
ExperienceX.exe,22676,0x1BBC8041FF0,DXGI,1,0,0,Composed: Flip,9095.1805,NA,16.25310000000000,16.59790000000000,16.16030000000000,66.16910000000000,97.7857,9094.2350,17.1058,0.9455,16.1603,50.3957,16.7189,4.2241,12.4948,-1.0159,9094.2350,NA
ExperienceX.exe,22676,0x1BBC8041FF0,DXGI,1,0,0,Composed: Flip,9112.1276,NA,16.94710000000000,16.69540000000000,16.00450000000000,65.99060000000000,97.5340,9111.3408,16.7913,0.7868,16.0045,65.3028,1.4746,1.4666,0.0080,0.4104,9111.3408,NA
ExperienceX.exe,22676,0x1BBC8041FF0,DXGI,1,0,0,Composed: Flip,9129.5263,NA,17.39870000000000,16.63280000000000,15.10910000000000,64.99100000000000,96.7681,9128.1321,16.5033,1.3942,15.1091,49.9882,16.3970,4.1756,12.2214,0.1585,9128.1321,NA
ExperienceX.exe,22676,0x1BBC8041FF0,DXGI,1,0,0,Composed: Flip,9144.7596,NA,15.23330000000000,16.71180000000000,16.61070000000000,66.49410000000000,98.2466,9144.6354,16.7349,0.1242,16.6107,65.2307,1.3876,1.3826,0.0050,-0.2085,9144.6354,NA
ExperienceX.exe,22676,0x1BBC8041FF0,DXGI,1,0,0,Composed: Flip,9162.0849,NA,17.32530000000000,16.64360000000000,15.98210000000000,65.70070000000000,97.5649,9161.3703,16.6967,0.7146,15.9821,49.8874,16.5279,5.5931,10.9348,0.0913,9161.3703,NA
ExperienceX.exe,22676,0x1BBC8041FF0,DXGI,1,0,0,Composed: Flip,9179.4976,NA,17.41270000000000,16.64320000000000,15.05030000000000,65.17690000000000,96.7954,9178.0670,16.4809,1.4306,15.0503,49.9558,16.6517,1.5757,15.0760,0.0535,9178.0670,NA
ExperienceX.exe,22676,0x1BBC8041FF0,DXGI,1,0,0,Composed: Flip,9195.1500,NA,15.65240000000000,16.68430000000000,16.12650000000000,66.10580000000000,97.8273,9194.5479,16.7286,0.6021,16.1265,50.1322,16.5757,5.9303,10.6454,-0.2034,9194.5479,NA
ExperienceX.exe,22676,0x1BBC8041FF0,DXGI,1,0,0,Composed: Flip,9211.3526,NA,16.20260000000000,16.63200000000000,16.46440000000000,66.46330000000000,98.2567,9211.2765,16.5405,0.0761,16.4644,65.1488,1.3906,1.3859,0.0047,0.0966,9211.2765,NA
ExperienceX.exe,22676,0x1BBC8041FF0,DXGI,1,0,0,Composed: Flip,9228.5650,NA,17.21240000000000,16.66990000000000,16.12240000000000,66.10260000000001,97.7142,9227.8170,16.8704,0.7480,16.1224,50.0021,16.8485,5.4981,11.3504,-0.1294,9227.8170,NA
ExperienceX.exe,22676,0x1BBC8041FF0,DXGI,1,0,0,Composed: Flip,9245.9806,NA,17.41560000000000,16.67470000000000,15.27420000000000,65.76010000000001,96.9733,9244.6874,16.5674,1.2932,15.2742,49.9802,17.0731,2.5854,14.4877,0.1957,9244.6874,NA
ExperienceX.exe,22676,0x1BBC8041FF0,DXGI,1,0,0,Composed: Flip,9262.7106,NA,16.73000000000000,16.66310000000000,15.14350000000000,65.16960000000000,96.9064,9261.2548,16.5993,1.4558,15.1435,50.4859,16.1395,8.8918,7.2477,-0.0957,9261.2548,NA
ExperienceX.exe,22676,0x1BBC8041FF0,DXGI,1,0,0,Composed: Flip,9277.9476,NA,15.23700000000000,16.78160000000000,17.28030000000000,66.88060000000000,98.4510,9277.8541,17.3738,0.0935,17.2803,65.2681,1.7060,1.6993,0.0067,-0.1823,9277.8541,NA
ExperienceX.exe,22676,0x1BBC8041FF0,DXGI,1,0,0,Composed: Flip,9295.5135,NA,17.56590000000000,16.61120000000000,20.34050000000000,66.31000000000000,97.4963,9295.2279,20.6261,0.2856,20.3405,49.6053,16.9903,7.2754,9.7149,0.7626,9295.2279,NA
ExperienceX.exe,22676,0x1BBC8041FF0,DXGI,1,0,0,Composed: Flip,9316.3184,NA,20.80490000000000,16.64740000000000,11.59010000000000,61.71420000000001,93.3388,9315.8540,12.0545,0.4644,11.5901,46.5067,15.6719,1.5807,14.0912,3.9787,9315.8540,NA
ExperienceX.exe,22676,0x1BBC8041FF0,DXGI,1,0,0,Composed: Flip,9328.8402,NA,12.52180000000000,16.66340000000000,16.06390000000000,65.84400000000001,97.4804,9327.9085,16.9956,0.9317,16.0639,50.1318,16.6439,3.9444,12.6995,-4.6089,9327.9085,NA
ExperienceX.exe,22676,0x1BBC8041FF0,DXGI,1,0,0,Composed: Flip,9345.0256,NA,16.18540000000000,16.72070000000000,16.75680000000000,66.17760000000000,98.0157,9344.9041,16.8783,0.1215,16.7568,64.8475,1.4516,1.4460,0.0056,0.2749,9344.9041,NA
ExperienceX.exe,22676,0x1BBC8041FF0,DXGI,1,0,0,Composed: Flip,9362.6704,NA,17.64480000000000,16.59000000000000,15.47200000000000,65.24950000000000,96.9609,9361.7824,16.3600,0.8880,15.4720,49.4243,16.7132,6.4595,10.2537,0.2883,9361.7824,NA
ExperienceX.exe,22676,0x1BBC8041FF0,DXGI,1,0,0,Composed: Flip,9379.7051,NA,17.03470000000000,16.76220000000000,14.97410000000000,64.96930000000000,96.6884,9378.1424,16.5368,1.5627,14.9741,65.1122,1.4198,1.4091,0.0107,-0.4022,9378.1424,NA
ExperienceX.exe,22676,0x1BBC8041FF0,DXGI,1,0,0,Composed: Flip,9396.8836,NA,17.17850000000000,16.56850000000000,14.33880000000000,64.39580000000001,96.0784,9394.6792,16.5432,2.2044,14.3388,49.9984,16.6018,6.5204,10.0814,-0.0317,9394.6792,NA
ExperienceX.exe,22676,0x1BBC8041FF0,DXGI,1,0,0,Composed: Flip,9411.3049,NA,14.42130000000000,16.68630000000000,16.62610000000000,66.43890000000000,98.3434,9411.2224,16.7086,0.0825,16.6261,65.3240,1.1974,1.1893,0.0081,-0.1431,9411.2224,NA
ExperienceX.exe,22676,0x1BBC8041FF0,DXGI,1,0,0,Composed: Flip,9428.6549,NA,17.35000000000000,16.69030000000000,16.05180000000000,65.96250000000001,97.6837,9427.9310,16.7757,0.7239,16.0518,49.8164,16.8700,5.1707,11.6993,0.0183,9427.9310,NA
ExperienceX.exe,22676,0x1BBC8041FF0,DXGI,1,0,0,Composed: Flip,9445.8160,NA,17.16110000000000,16.60040000000000,15.48650000000000,65.56430000000000,97.1230,9444.7067,16.5958,1.1093,15.4865,50.1023,16.5713,1.7302,14.8411,0.1753,9444.7067,NA
ExperienceX.exe,22676,0x1BBC8041FF0,DXGI,1,0,0,Composed: Flip,9462.2162,NA,16.40020000000000,16.70330000000000,15.57140000000000,65.91170000000000,97.4261,9461.3025,16.4851,0.9137,15.5714,50.0840,16.7414,4.2769,12.4645,-0.1075,9461.3025,NA
ExperienceX.exe,22676,0x1BBC8041FF0,DXGI,1,0,0,Composed: Flip,9477.8995,NA,15.68330000000000,16.64010000000000,16.69620000000000,66.75870000000000,98.3829,9477.7876,16.8081,0.1119,16.6962,65.3071,1.5635,1.5567,0.0068,-0.1550,9477.7876,NA
ExperienceX.exe,22676,0x1BBC8041FF0,DXGI,1,0,0,Composed: Flip,9495.2027,NA,17.30320000000000,16.67110000000000,16.14040000000000,66.69850000000001,97.7508,9494.5957,16.7474,0.6070,16.1404,50.0666,17.2389,7.2922,9.9467,0.1370,9494.5957,NA
ExperienceX.exe,22676,0x1BBC8041FF0,DXGI,1,0,0,Composed: Flip,9511.5193,NA,16.31660000000000,16.67310000000000,16.73170000000000,66.20200000000000,98.1073,9511.3431,16.9079,0.1762,16.7317,65.0579,1.3203,1.3127,0.0076,0.0743,9511.3431,NA
ExperienceX.exe,22676,0x1BBC8041FF0,DXGI,1,0,0,Composed: Flip,9530.0085,NA,18.48920000000000,16.65250000000000,14.63060000000000,65.01790000000000,96.2706,9528.2510,16.3881,1.7575,14.6306,49.4743,17.3011,6.3664,10.9347,0.2554,9528.2510,NA
ExperienceX.exe,22676,0x1BBC8041FF0,DXGI,1,0,0,Composed: Flip,9544.7390,NA,14.73050000000000,16.78520000000000,17.23500000000000,66.48940000000000,98.3253,9544.6391,17.3349,0.0999,17.2350,65.1880,1.4013,1.3957,0.0056,-0.3971,9544.6391,NA
ExperienceX.exe,22676,0x1BBC8041FF0,DXGI,1,0,0,Composed: Flip,9562.9155,NA,18.17650000000000,16.59570000000000,14.84660000000000,64.94040000000000,96.7445,9561.9740,15.7881,0.9415,14.8466,49.2576,16.6243,5.3342,11.2901,0.7392,9561.9740,NA
ExperienceX.exe,22676,0x1BBC8041FF0,DXGI,1,0,0,Composed: Flip,9577.8583,NA,14.94280000000000,16.62200000000000,16.92930000000000,66.88510000000001,98.4237,9577.7621,17.0255,0.0962,16.9293,50.3469,16.6344,1.6073,15.0271,-0.8339,9577.7621,NA
ExperienceX.exe,22676,0x1BBC8041FF0,DXGI,1,0,0,Composed: Flip,9596.0062,NA,18.14790000000000,16.65540000000000,15.28280000000000,65.43880000000000,96.9312,9594.7876,16.5014,1.2186,15.2828,49.9679,16.6895,4.2224,12.4671,0.3701,9594.7876,NA
ExperienceX.exe,22676,0x1BBC8041FF0,DXGI,1,0,0,Composed: Flip,9611.3796,NA,15.37340000000000,16.77800000000000,16.48720000000000,66.45900000000000,98.3358,9611.2890,16.5778,0.0906,16.4872,65.0989,1.4507,1.4449,0.0058,-0.2766,9611.2890,NA
ExperienceX.exe,22676,0x1BBC8041FF0,DXGI,1,0,0,Composed: Flip,9628.7475,NA,17.36790000000000,16.60490000000000,16.05880000000000,65.84750000000000,97.5728,9627.8668,16.9395,0.8807,16.0588,49.9747,16.7535,5.4691,11.2844,-0.0271,9627.8668,NA
ExperienceX.exe,22676,0x1BBC8041FF0,DXGI,1,0,0,Composed: Flip,9645.0379,NA,16.29040000000000,16.91200000000000,16.42750000000000,66.32000000000001,98.1944,9644.8063,16.6591,0.2316,16.4275,65.1276,1.4240,1.4122,0.0118,0.0275,9644.8063,NA
ExperienceX.exe,22676,0x1BBC8041FF0,DXGI,1,0,0,Composed: Flip,9662.2888,NA,17.25090000000000,16.58230000000000,15.56490000000000,65.70640000000000,97.5258,9661.4654,16.3883,0.8234,15.5649,49.8948,16.6350,5.4525,11.1825,0.0768,9661.4654,NA
ExperienceX.exe,22676,0x1BBC8041FF0,DXGI,1,0,0,Composed: Flip,9677.9436,NA,15.65480000000000,16.45860000000000,16.68160000000000,67.00960000000001,98.3296,9677.8537,16.7715,0.0899,16.6816,65.6133,1.4862,1.4641,0.0221,-0.0703,9677.8537,NA
ExperienceX.exe,22676,0x1BBC8041FF0,DXGI,1,0,0,Composed: Flip,9695.6421,NA,17.69850000000000,16.66370000000000,15.67010000000000,65.71200000000000,97.2948,9694.6252,16.6870,1.0169,15.6701,50.3342,16.3947,1.9652,14.4295,0.1078,9694.6252,NA
ExperienceX.exe,22676,0x1BBC8041FF0,DXGI,1,0,0,Composed: Flip,9711.4048,NA,15.76270000000000,16.68700000000000,16.55220000000000,66.69280000000001,98.2191,9711.3122,16.6448,0.0926,16.5522,50.2769,16.5085,6.6383,9.8702,0.0000,9711.3122,NA
ExperienceX.exe,22676,0x1BBC8041FF0,DXGI,1,0,0,Composed: Flip,9728.7265,NA,17.32170000000000,16.85580000000000,16.15060000000000,65.72010000000000,97.7532,9727.9570,16.9201,0.7695,16.1506,50.1440,16.3456,5.4050,10.9406,-0.2110,9727.9570,NA
ExperienceX.exe,22676,0x1BBC8041FF0,DXGI,1,0,0,Composed: Flip,9746.0063,NA,17.27980000000000,16.51830000000000,15.33230000000000,65.56480000000001,96.9917,9744.8771,16.4615,1.1292,15.3323,64.8559,1.8381,1.8339,0.0042,0.4018,9744.8771,NA
ExperienceX.exe,22676,0x1BBC8041FF0,DXGI,1,0,0,Composed: Flip,9763.4687,NA,17.46240000000000,16.65620000000000,14.63980000000000,64.68150000000000,96.1855,9761.3386,16.7699,2.1301,14.6398,50.2348,16.5768,6.8598,9.7170,-0.1947,9761.3386,NA
ExperienceX.exe,22676,0x1BBC8041FF0,DXGI,1,0,0,Composed: Flip,9778.1695,NA,14.70080000000000,16.91780000000000,16.27810000000000,66.86250000000000,98.4025,9778.1085,16.3391,0.0610,16.2781,65.0936,1.8299,1.7970,0.0329,-0.1479,9778.1085,NA
ExperienceX.exe,22676,0x1BBC8041FF0,DXGI,1,0,0,Composed: Flip,9795.2928,NA,17.12330000000000,16.49840000000000,16.28500000000000,66.16960000000000,97.7776,9794.4476,17.1302,0.8452,16.2850,50.5971,16.4177,4.2159,12.2018,-0.1593,9794.4476,NA
ExperienceX.exe,22676,0x1BBC8041FF0,DXGI,1,0,0,Composed: Flip,9811.6573,NA,16.36450000000000,16.63750000000000,16.53970000000000,66.95980000000000,98.0506,9811.5778,16.6192,0.0795,16.5397,65.5765,1.4628,1.4449,0.0179,0.4927,9811.5778,NA
ExperienceX.exe,22676,0x1BBC8041FF0,DXGI,1,0,0,Composed: Flip,9829.3988,NA,17.74150000000000,16.80010000000000,16.08540000000000,66.22630000000001,97.1092,9828.1970,17.2872,1.2018,16.0854,50.4247,17.0034,5.2859,11.7175,-0.1809,9828.1970,NA
ExperienceX.exe,22676,0x1BBC8041FF0,DXGI,1,0,0,Composed: Flip,9845.7591,NA,16.36030000000000,17.04360000000000,15.75230000000000,66.23410000000000,97.7925,9845.4842,16.0272,0.2749,15.7523,50.4885,16.0205,2.4151,13.6054,0.2436,9845.4842,NA
ExperienceX.exe,22676,0x1BBC8041FF0,DXGI,1,0,0,Composed: Flip,9862.6080,NA,16.84890000000000,16.15630000000000,16.07040000000000,66.07920000000000,97.0999,9861.5114,17.1670,1.0966,16.0704,50.4845,16.6913,3.2977,13.3936,-0.1291,9861.5114,NA
ExperienceX.exe,22676,0x1BBC8041FF0,DXGI,1,0,0,Composed: Flip,9878.9548,NA,16.34680000000000,16.69530000000000,16.70430000000000,66.44370000000001,97.4484,9878.6784,16.9807,0.2764,16.7043,50.5614,16.1587,6.0261,10.1326,0.4717,9878.6784,NA
