Application,ProcessID,SwapChainAddress,PresentRuntime,SyncInterval,PresentFlags,AllowsTearing,PresentMode,TimeInMs,MsBetweenSimulationStart,MsBetweenPresents,MsBetweenDisplayChange,MsInPresentAPI,MsRenderPresentLatency,MsUntilDisplayed,CPUStartTimeInMs,MsBetweenAppStart,MsCPUBusy,MsCPUWait,MsGPULatency,MsGPUTime,MsGPUBusy,MsGPUWait,MsAnimationError,AnimationTime,MsFlipDelay
ExperienceX.exe,49456,0x1E283BFA830,DXGI,1,0,0,Composed: Flip,41.7926,NA,17.34120000000000,16.70090000000000,0.42940000000000,0.68010000000000,31.7258,24.5474,17.6746,17.2452,0.4294,0.6421,17.2832,1.6162,15.6670,NA,24.5474,NA
ExperienceX.exe,49456,0x1E283BFA830,DXGI,1,0,0,Composed: Flip,57.0225,NA,15.22990000000000,16.65070000000000,0.10740000000000,0.45120000000000,33.1466,42.2220,14.9079,14.8005,0.1074,0.2507,15.0010,0.9248,14.0762,1.0239,42.2220,NA
ExperienceX.exe,49456,0x1E283BFA830,DXGI,1,0,0,Composed: Flip,75.4881,NA,18.46560000000000,16.66580000000000,0.13540000000000,0.50390000000000,31.3468,57.1299,18.4936,18.3582,0.1354,17.6525,1.2096,0.9822,0.2274,-1.7579,57.1299,NA
ExperienceX.exe,49456,0x1E283BFA830,DXGI,1,0,0,Composed: Flip,90.3597,NA,14.87160000000000,16.83900000000000,0.05000000000000,0.36180000000000,33.3142,75.6235,14.7862,14.7362,0.0500,0.3685,14.7295,0.8244,13.9051,1.6546,75.6235,NA
ExperienceX.exe,49456,0x1E283BFA830,DXGI,1,0,0,Composed: Flip,107.9512,NA,17.59150000000000,16.67710000000000,0.14550000000000,1.30540000000000,32.3998,90.4097,17.6870,17.5415,0.1455,17.2916,1.5553,0.6489,0.9064,-1.8909,90.4097,NA
ExperienceX.exe,49456,0x1E283BFA830,DXGI,1,0,0,Composed: Flip,124.2376,NA,16.28640000000000,16.67500000000000,0.17490000000000,1.38780000000000,32.7884,108.0967,16.3158,16.1409,0.1749,1.1599,16.3688,1.4858,14.8830,1.0120,108.0967,NA
ExperienceX.exe,49456,0x1E283BFA830,DXGI,1,0,0,Composed: Flip,142.2949,NA,18.05730000000000,16.65720000000000,0.21860000000000,1.54830000000000,31.3883,124.4125,18.1010,17.8824,0.2186,17.3361,2.0946,1.3818,0.7128,-0.3414,124.4125,NA
ExperienceX.exe,49456,0x1E283BFA830,DXGI,1,0,0,Composed: Flip,157.3885,NA,15.09360000000000,16.63770000000000,0.11500000000000,0.96390000000000,32.9324,142.5135,14.9900,14.8750,0.1150,1.3297,14.5092,0.6966,13.8126,1.4633,142.5135,NA
ExperienceX.exe,49456,0x1E283BFA830,DXGI,1,0,0,Composed: Flip,175.4566,NA,18.06810000000000,16.50900000000000,0.06610000000000,1.07140000000000,31.3733,157.5035,18.0192,17.9531,0.0661,17.5493,1.4752,0.7761,0.6991,-1.5190,157.5035,NA
ExperienceX.exe,49456,0x1E283BFA830,DXGI,1,0,0,Composed: Flip,190.7008,NA,15.24420000000000,16.70070000000000,0.25030000000000,1.16490000000000,32.8298,175.5227,15.4284,15.1781,0.2503,1.0053,15.3377,1.3285,14.0092,1.3185,175.5227,NA
ExperienceX.exe,49456,0x1E283BFA830,DXGI,1,0,0,Composed: Flip,208.3412,NA,17.64040000000000,16.74380000000000,0.43000000000000,1.30860000000000,31.9332,190.9511,17.8201,17.3901,0.4300,16.9229,1.7758,1.1875,0.5883,-1.3154,190.9511,NA
ExperienceX.exe,49456,0x1E283BFA830,DXGI,1,0,0,Composed: Flip,223.8796,NA,15.53840000000000,16.56830000000000,0.17770000000000,0.87420000000000,32.9631,208.7712,15.2861,15.1084,0.1777,0.8786,15.1040,0.9241,14.1799,1.2518,208.7712,NA
ExperienceX.exe,49456,0x1E283BFA830,DXGI,1,0,0,Composed: Flip,241.9101,NA,18.03050000000000,16.62450000000000,0.12490000000000,0.43590000000000,31.5571,224.0573,17.9777,17.8528,0.1249,17.2678,1.0209,0.8429,0.1780,-1.3384,224.0573,NA
ExperienceX.exe,49456,0x1E283BFA830,DXGI,1,0,0,Composed: Flip,257.1646,NA,15.25450000000000,16.78170000000000,0.17240000000000,0.59890000000000,33.0843,242.0350,15.3020,15.1296,0.1724,0.3110,15.4175,0.9739,14.4436,1.1960,242.0350,NA
ExperienceX.exe,49456,0x1E283BFA830,DXGI,1,0,0,Composed: Flip,274.2300,NA,17.06540000000000,16.62990000000000,0.23730000000000,0.48260000000000,32.6488,257.3370,17.1303,16.8930,0.2373,16.7305,0.6451,0.6359,0.0092,-1.3279,257.3370,NA
ExperienceX.exe,49456,0x1E283BFA830,DXGI,1,0,0,Composed: Flip,290.9334,NA,16.70340000000000,16.65300000000000,0.31570000000000,1.01490000000000,32.5984,274.4673,16.7818,16.4661,0.3157,0.2453,17.2357,1.1059,16.1298,0.4773,274.4673,NA
ExperienceX.exe,49456,0x1E283BFA830,DXGI,1,0,0,Composed: Flip,308.6821,NA,17.74870000000000,16.62080000000000,0.17150000000000,0.46150000000000,31.4705,291.2491,17.6045,17.4330,0.1715,16.6561,1.2384,1.0272,0.2112,0.1610,291.2491,NA
ExperienceX.exe,49456,0x1E283BFA830,DXGI,1,0,0,Composed: Flip,323.9303,NA,15.24820000000000,16.68860000000000,0.20140000000000,0.53850000000000,32.9109,308.8536,15.2781,15.0767,0.2014,0.2900,15.3252,0.7883,14.5369,0.9159,308.8536,NA
ExperienceX.exe,49456,0x1E283BFA830,DXGI,1,0,0,Composed: Flip,341.2334,NA,17.30310000000000,16.65580000000000,0.11860000000000,0.40260000000000,32.2636,324.1317,17.2203,17.1017,0.1186,16.6707,0.8336,0.8112,0.0224,-1.3777,324.1317,NA
ExperienceX.exe,49456,0x1E283BFA830,DXGI,1,0,0,Composed: Flip,357.1287,NA,15.89530000000000,16.68390000000000,0.17540000000000,1.23220000000000,33.0522,341.3520,15.9521,15.7767,0.1754,0.2840,16.7249,1.0832,15.6417,0.5364,341.3520,NA
ExperienceX.exe,49456,0x1E283BFA830,DXGI,1,0,0,Composed: Flip,374.5600,NA,17.43130000000000,16.62920000000000,0.11420000000000,0.63800000000000,32.2501,357.3041,17.3701,17.2559,0.1142,16.8130,1.0809,0.5630,0.5179,-0.6771,357.3041,NA
ExperienceX.exe,49456,0x1E283BFA830,DXGI,1,0,0,Composed: Flip,390.4495,NA,15.88950000000000,16.66770000000000,0.13320000000000,1.08010000000000,33.0283,374.6742,15.9085,15.7753,0.1332,0.5238,16.3316,1.1441,15.1875,0.7024,374.6742,NA
ExperienceX.exe,49456,0x1E283BFA830,DXGI,1,0,0,Composed: Flip,407.7564,NA,17.30690000000000,16.65060000000000,0.47910000000000,1.39080000000000,32.3720,390.5827,17.6528,17.1737,0.4791,16.8261,1.7384,1.0733,0.6651,-0.7421,390.5827,NA
ExperienceX.exe,49456,0x1E283BFA830,DXGI,1,0,0,Composed: Flip,423.8445,NA,16.08810000000000,16.66190000000000,0.26850000000000,1.32550000000000,32.9458,408.2355,15.8775,15.6090,0.2685,0.9117,16.0228,0.7033,15.3195,0.9909,408.2355,NA
ExperienceX.exe,49456,0x1E283BFA830,DXGI,1,0,0,Composed: Flip,441.0125,NA,17.16800000000000,16.67610000000000,0.07590000000000,0.34470000000000,32.4539,424.1130,16.9754,16.8995,0.0759,16.5945,0.6497,0.6497,0.0000,-0.7986,424.1130,NA
ExperienceX.exe,49456,0x1E283BFA830,DXGI,1,0,0,Composed: Flip,457.0220,NA,16.00950000000000,16.73260000000000,0.12860000000000,0.55260000000000,33.1770,441.0884,16.0622,15.9336,0.1286,0.2688,16.2174,1.0556,15.1618,0.2428,441.0884,NA
ExperienceX.exe,49456,0x1E283BFA830,DXGI,1,0,0,Composed: Flip,474.2696,NA,17.24760000000000,16.60430000000000,0.23570000000000,0.48410000000000,32.5337,457.1506,17.3547,17.1190,0.2357,16.8268,0.7763,0.6896,0.0867,-0.5421,457.1506,NA
ExperienceX.exe,49456,0x1E283BFA830,DXGI,1,0,0,Composed: Flip,490.6415,NA,16.37190000000000,16.99980000000000,0.17400000000000,0.55870000000000,33.1616,474.5053,16.3102,16.1362,0.1740,0.2484,16.4465,1.0772,15.3693,0.3549,474.5053,NA
ExperienceX.exe,49456,0x1E283BFA830,DXGI,1,0,0,Composed: Flip,508.4329,NA,17.79140000000000,16.37850000000000,0.66570000000000,0.97870000000000,31.7487,490.8155,18.2831,17.6174,0.6657,17.0632,1.5329,0.8616,0.6713,-0.0683,490.8155,NA
ExperienceX.exe,49456,0x1E283BFA830,DXGI,1,0,0,Composed: Flip,524.3688,NA,15.93590000000000,16.74890000000000,0.32340000000000,1.06220000000000,32.5617,509.0986,15.5936,15.2702,0.3234,0.3130,16.0194,0.9678,15.0516,1.5342,509.0986,NA
ExperienceX.exe,49456,0x1E283BFA830,DXGI,1,0,0,Composed: Flip,541.2955,NA,16.92670000000000,16.60990000000000,0.09190000000000,0.38050000000000,32.2449,524.6922,16.6952,16.6033,0.0919,16.1387,0.8451,0.7955,0.0496,-1.0163,524.6922,NA
ExperienceX.exe,49456,0x1E283BFA830,DXGI,1,0,0,Composed: Flip,557.5034,NA,16.20790000000000,16.58950000000000,0.25930000000000,0.98540000000000,32.6265,541.3874,16.3753,16.1160,0.2593,0.2886,16.8128,1.0793,15.7335,0.1057,541.3874,NA
ExperienceX.exe,49456,0x1E283BFA830,DXGI,1,0,0,Composed: Flip,574.9075,NA,17.40410000000000,16.73220000000000,0.13000000000000,0.45460000000000,31.9546,557.7627,17.2748,17.1448,0.1300,16.5936,1.0058,0.8779,0.1279,-0.3569,557.7627,NA
ExperienceX.exe,49456,0x1E283BFA830,DXGI,1,0,0,Composed: Flip,590.3177,NA,15.41020000000000,16.61910000000000,0.03820000000000,0.44840000000000,33.1635,575.0375,15.3184,15.2802,0.0382,0.3246,15.4040,0.9879,14.4161,0.6557,575.0375,NA
ExperienceX.exe,49456,0x1E283BFA830,DXGI,1,0,0,Composed: Flip,607.8788,NA,17.56110000000000,16.77700000000000,0.17150000000000,0.97870000000000,32.3794,590.3559,17.6944,17.5229,0.1715,17.0881,1.4135,0.8282,0.5853,-1.4586,590.3559,NA
ExperienceX.exe,49456,0x1E283BFA830,DXGI,1,0,0,Composed: Flip,623.6498,NA,15.77100000000000,16.64790000000000,0.10130000000000,0.47260000000000,33.2563,608.0503,15.7008,15.5995,0.1013,0.8072,15.2649,1.0524,14.2125,1.0465,608.0503,NA
ExperienceX.exe,49456,0x1E283BFA830,DXGI,1,0,0,Composed: Flip,641.9010,NA,18.25120000000000,16.57190000000000,0.35090000000000,1.11190000000000,31.5770,623.7511,18.5008,18.1499,0.3509,17.6151,1.6467,0.7675,0.8792,-0.8711,623.7511,NA
ExperienceX.exe,49456,0x1E283BFA830,DXGI,1,0,0,Composed: Flip,657.4054,NA,15.50440000000000,16.94300000000000,0.17020000000000,0.59950000000000,33.0156,642.2519,15.3237,15.1535,0.1702,0.7610,14.9920,1.1268,13.8652,1.5578,642.2519,NA
ExperienceX.exe,49456,0x1E283BFA830,DXGI,1,0,0,Composed: Flip,674.7693,NA,17.36390000000000,16.60330000000000,0.13780000000000,0.47770000000000,32.2550,657.5756,17.3315,17.1937,0.1378,16.6944,0.9770,0.5272,0.4498,-1.2796,657.5756,NA
ExperienceX.exe,49456,0x1E283BFA830,DXGI,1,0,0,Composed: Flip,690.7591,NA,15.98980000000000,16.54550000000000,0.13990000000000,0.98380000000000,32.8107,674.9071,15.9919,15.8520,0.1399,0.3399,16.4959,1.3175,15.1784,0.7860,674.9071,NA
ExperienceX.exe,49456,0x1E283BFA830,DXGI,1,0,0,Composed: Flip,709.9674,NA,19.20830000000000,16.88820000000000,0.52430000000000,1.02150000000000,30.4906,690.8990,19.5927,19.0684,0.5243,18.0921,1.9978,1.4516,0.5462,-0.8963,690.8990,NA
ExperienceX.exe,49456,0x1E283BFA830,DXGI,1,0,0,Composed: Flip,723.9180,NA,13.95060000000000,16.45420000000000,0.18060000000000,0.74210000000000,32.9942,710.4917,13.6069,13.4263,0.1806,0.8883,13.2801,1.6410,11.6391,3.1385,710.4917,NA
ExperienceX.exe,49456,0x1E283BFA830,DXGI,1,0,0,Composed: Flip,742.5153,NA,18.59730000000000,16.78290000000000,0.13680000000000,0.63650000000000,31.1798,724.0986,18.5535,18.4167,0.1368,17.5916,1.4616,1.1775,0.2841,-3.1760,724.0986,NA
ExperienceX.exe,49456,0x1E283BFA830,DXGI,1,0,0,Composed: Flip,757.3053,NA,14.79000000000000,16.51600000000000,0.20450000000000,0.82050000000000,32.9058,742.6521,14.8577,14.6532,0.2045,0.4997,14.9740,0.9171,14.0569,2.0375,742.6521,NA
ExperienceX.exe,49456,0x1E283BFA830,DXGI,1,0,0,Composed: Flip,775.6605,NA,18.35520000000000,16.66570000000000,0.15350000000000,0.73380000000000,31.2163,757.5098,18.3042,18.1507,0.1535,17.4811,1.4034,1.3708,0.0326,-1.8080,757.5098,NA
ExperienceX.exe,49456,0x1E283BFA830,DXGI,1,0,0,Composed: Flip,790.5060,NA,14.84550000000000,16.74150000000000,0.14910000000000,0.89030000000000,33.1123,775.8140,14.8411,14.6920,0.1491,0.5803,15.0020,0.7733,14.2287,1.5627,775.8140,NA
ExperienceX.exe,49456,0x1E283BFA830,DXGI,1,0,0,Composed: Flip,808.7933,NA,18.28730000000000,16.53130000000000,0.15550000000000,0.55660000000000,31.3563,790.6551,18.2937,18.1382,0.1555,17.3300,1.3648,1.1525,0.2123,-1.6902,790.6551,NA
ExperienceX.exe,49456,0x1E283BFA830,DXGI,1,0,0,Composed: Flip,823.9490,NA,15.15570000000000,16.76410000000000,0.12130000000000,0.70300000000000,32.9647,808.9488,15.1215,15.0002,0.1213,0.4011,15.3021,0.9166,14.3855,1.5296,808.9488,NA
ExperienceX.exe,49456,0x1E283BFA830,DXGI,1,0,0,Composed: Flip,841.2119,NA,17.26290000000000,16.60430000000000,0.07150000000000,0.38910000000000,32.3061,824.0703,17.2131,17.1416,0.0715,16.6221,0.9086,0.8107,0.0979,-1.4828,824.0703,NA
ExperienceX.exe,49456,0x1E283BFA830,DXGI,1,0,0,Composed: Flip,857.2520,NA,16.04010000000000,16.70920000000000,0.21000000000000,0.94920000000000,32.9752,841.2834,16.1786,15.9686,0.2100,0.3176,16.6002,1.0116,15.5886,0.5039,841.2834,NA
ExperienceX.exe,49456,0x1E283BFA830,DXGI,1,0,0,Composed: Flip,874.9236,NA,17.67160000000000,16.76370000000000,0.20240000000000,0.74620000000000,32.0673,857.4620,17.6640,17.4616,0.2024,16.8636,1.3442,0.7237,0.6205,-0.5851,857.4620,NA
ExperienceX.exe,49456,0x1E283BFA830,DXGI,1,0,0,Composed: Flip,890.5425,NA,15.61890000000000,16.80070000000000,0.15120000000000,1.57430000000000,33.2491,875.1260,15.5677,15.4165,0.1512,0.5438,16.4470,1.4847,14.9623,0.8633,875.1260,NA
ExperienceX.exe,49456,0x1E283BFA830,DXGI,1,0,0,Composed: Flip,908.5232,NA,17.98070000000000,16.39490000000000,0.17500000000000,0.59840000000000,31.6633,890.6937,18.0045,17.8295,0.1750,17.0866,1.3413,0.7292,0.6121,-0.8272,890.6937,NA
ExperienceX.exe,49456,0x1E283BFA830,DXGI,1,0,0,Composed: Flip,924.2139,NA,15.69070000000000,16.71380000000000,0.18570000000000,0.73430000000000,32.6864,908.6982,15.7014,15.5157,0.1857,0.4234,15.8266,1.2844,14.5422,1.2907,908.6982,NA
ExperienceX.exe,49456,0x1E283BFA830,DXGI,1,0,0,Composed: Flip,941.4463,NA,17.23240000000000,16.60890000000000,0.09380000000000,0.46380000000000,32.0629,924.3996,17.1405,17.0467,0.0938,16.5836,0.9269,0.9112,0.0157,-0.9075,924.3996,NA
ExperienceX.exe,49456,0x1E283BFA830,DXGI,1,0,0,Composed: Flip,957.3679,NA,15.92160000000000,16.63890000000000,0.10520000000000,0.81020000000000,32.7802,941.5401,15.9330,15.8278,0.1052,0.3700,16.2680,0.9331,15.3349,0.5016,941.5401,NA
ExperienceX.exe,49456,0x1E283BFA830,DXGI,1,0,0,Composed: Flip,974.4766,NA,17.10870000000000,16.68050000000000,0.33340000000000,0.58060000000000,32.3520,957.4731,17.3369,17.0035,0.3334,16.7059,0.8782,0.7649,0.1133,-0.7475,957.4731,NA
ExperienceX.exe,49456,0x1E283BFA830,DXGI,1,0,0,Composed: Flip,990.4420,NA,15.96540000000000,16.62540000000000,0.17890000000000,0.57490000000000,33.0120,974.8100,15.8109,15.6320,0.1789,0.2472,15.9597,1.0440,14.9157,0.7115,974.8100,NA
ExperienceX.exe,49456,0x1E283BFA830,DXGI,1,0,0,Composed: Flip,1007.5149,NA,17.07290000000000,16.67680000000000,0.19480000000000,0.54820000000000,32.6159,990.6209,17.0888,16.8940,0.1948,16.6891,0.7531,0.6049,0.1482,-0.8659,990.6209,NA
ExperienceX.exe,49456,0x1E283BFA830,DXGI,1,0,0,Composed: Flip,1023.6115,NA,16.09660000000000,16.66340000000000,0.06190000000000,0.39350000000000,33.1827,1007.7097,15.9637,15.9018,0.0619,0.3534,15.9419,1.4054,14.5365,0.4254,1007.7097,NA
ExperienceX.exe,49456,0x1E283BFA830,DXGI,1,0,0,Composed: Flip,1041.0072,NA,17.39570000000000,16.68550000000000,0.05800000000000,0.39160000000000,32.4725,1023.6734,17.3918,17.3338,0.0580,16.9563,0.7691,0.7618,0.0073,-0.7218,1023.6734,NA
ExperienceX.exe,49456,0x1E283BFA830,DXGI,1,0,0,Composed: Flip,1057.0479,NA,16.04070000000000,16.72040000000000,0.05900000000000,0.41700000000000,33.1522,1041.0652,16.0417,15.9827,0.0590,0.3336,16.0661,0.9003,15.1658,0.6714,1041.0652,NA
ExperienceX.exe,49456,0x1E283BFA830,DXGI,1,0,0,Composed: Flip,1074.3161,NA,17.26820000000000,16.74290000000000,0.08570000000000,0.45470000000000,32.6269,1057.1069,17.2949,17.2092,0.0857,17.0690,0.5949,0.5668,0.0281,-0.7012,1057.1069,NA
ExperienceX.exe,49456,0x1E283BFA830,DXGI,1,0,0,Composed: Flip,1090.4720,NA,16.15590000000000,16.53360000000000,0.14120000000000,0.83030000000000,33.0046,1074.4018,16.2114,16.0702,0.1412,0.4320,16.4685,1.5676,14.9009,0.7613,1074.4018,NA
ExperienceX.exe,49456,0x1E283BFA830,DXGI,1,0,0,Composed: Flip,1108.6758,NA,18.20380000000000,16.69450000000000,0.25640000000000,0.72680000000000,31.4953,1090.6132,18.3190,18.0626,0.2564,17.7269,1.0625,1.0272,0.0353,-0.4831,1090.6132,NA
ExperienceX.exe,49456,0x1E283BFA830,DXGI,1,0,0,Composed: Flip,1123.8920,NA,15.21620000000000,16.86530000000000,0.20450000000000,1.16960000000000,33.1444,1108.9322,15.1643,14.9598,0.2045,1.1177,15.0117,2.0808,12.9309,1.4537,1108.9322,NA
ExperienceX.exe,49456,0x1E283BFA830,DXGI,1,0,0,Composed: Flip,1141.4262,NA,17.53420000000000,16.47540000000000,0.44210000000000,0.69580000000000,32.0856,1124.0965,17.7718,17.3297,0.4421,17.0291,0.9964,0.8089,0.1875,-1.3111,1124.0965,NA
ExperienceX.exe,49456,0x1E283BFA830,DXGI,1,0,0,Composed: Flip,1157.5648,NA,16.13860000000000,16.66440000000000,0.30710000000000,1.10360000000000,32.6114,1141.8683,16.0036,15.6965,0.3071,0.2537,16.5464,1.2600,15.2864,1.1074,1141.8683,NA
ExperienceX.exe,49456,0x1E283BFA830,DXGI,1,0,0,Composed: Flip,1174.6197,NA,17.05490000000000,16.63600000000000,0.09460000000000,0.36800000000000,32.1925,1157.8719,16.8424,16.7478,0.0946,16.3085,0.8073,0.7620,0.0453,-0.6324,1157.8719,NA
ExperienceX.exe,49456,0x1E283BFA830,DXGI,1,0,0,Composed: Flip,1190.4199,NA,15.80020000000000,16.77540000000000,0.13820000000000,0.52210000000000,33.1677,1174.7143,15.8438,15.7056,0.1382,0.2734,15.9543,1.0907,14.8636,0.0670,1174.7143,NA
ExperienceX.exe,49456,0x1E283BFA830,DXGI,1,0,0,Composed: Flip,1207.9385,NA,17.51860000000000,16.54420000000000,0.10690000000000,0.55830000000000,32.1933,1190.5581,17.4873,17.3804,0.1069,16.8569,1.0818,0.6274,0.4544,-0.7004,1190.5581,NA
ExperienceX.exe,49456,0x1E283BFA830,DXGI,1,0,0,Composed: Flip,1224.0347,NA,16.09620000000000,16.94080000000000,0.23880000000000,0.50180000000000,33.0379,1208.0454,16.2281,15.9893,0.2388,0.4514,16.0397,1.0514,14.9883,0.5465,1208.0454,NA
ExperienceX.exe,49456,0x1E283BFA830,DXGI,1,0,0,Composed: Flip,1241.0746,NA,17.03990000000000,16.71900000000000,0.40970000000000,0.82710000000000,32.7170,1224.2735,17.2108,16.8011,0.4097,16.4932,1.1350,0.5738,0.5612,-0.4909,1224.2735,NA
ExperienceX.exe,49456,0x1E283BFA830,DXGI,1,0,0,Composed: Flip,1257.4674,NA,16.39280000000000,16.34600000000000,0.03790000000000,0.86040000000000,32.6702,1241.4843,16.0210,15.9831,0.0379,0.4174,16.4261,1.4383,14.9878,0.8648,1241.4843,NA
ExperienceX.exe,49456,0x1E283BFA830,DXGI,1,0,0,Composed: Flip,1275.7097,NA,18.24230000000000,16.67010000000000,0.07260000000000,0.59330000000000,31.0980,1257.5053,18.2770,18.2044,0.0726,17.4516,1.3461,0.6761,0.6700,-0.6491,1257.5053,NA
ExperienceX.exe,49456,0x1E283BFA830,DXGI,1,0,0,Composed: Flip,1290.3557,NA,14.64600000000000,16.73970000000000,0.09350000000000,0.45970000000000,33.1917,1275.7823,14.6669,14.5734,0.0935,0.5207,14.5124,1.0918,13.4206,1.5373,1275.7823,NA
ExperienceX.exe,49456,0x1E283BFA830,DXGI,1,0,0,Composed: Flip,1307.9748,NA,17.61910000000000,16.80780000000000,0.16600000000000,0.75970000000000,32.3804,1290.4492,17.6916,17.5256,0.1660,17.0243,1.2610,0.5926,0.6684,-2.1409,1290.4492,NA
ExperienceX.exe,49456,0x1E283BFA830,DXGI,1,0,0,Composed: Flip,1323.9268,NA,15.95200000000000,16.45940000000000,0.16080000000000,0.56230000000000,32.8878,1308.1408,15.9468,15.7860,0.1608,0.5937,15.7546,1.1602,14.5944,1.2322,1308.1408,NA
ExperienceX.exe,49456,0x1E283BFA830,DXGI,1,0,0,Composed: Flip,1342.0154,NA,18.08860000000000,17.23280000000000,0.21100000000000,0.88770000000000,32.0320,1324.0876,18.1388,17.9278,0.2110,17.3159,1.4996,1.3415,0.1581,-1.2860,1324.0876,NA
ExperienceX.exe,49456,0x1E283BFA830,DXGI,1,0,0,Composed: Flip,1357.0950,NA,15.07960000000000,16.08310000000000,0.16890000000000,0.88190000000000,33.0355,1342.2264,15.0375,14.8686,0.1689,0.6767,15.0738,0.7846,14.2892,2.0557,1342.2264,NA
ExperienceX.exe,49456,0x1E283BFA830,DXGI,1,0,0,Composed: Flip,1376.4137,NA,19.31870000000000,16.67220000000000,0.16340000000000,0.60480000000000,30.3890,1357.2639,19.3132,19.1498,0.1634,18.2652,1.4894,1.2213,0.2681,-1.6347,1357.2639,NA
ExperienceX.exe,49456,0x1E283BFA830,DXGI,1,0,0,Composed: Flip,1390.3066,NA,13.89290000000000,16.77820000000000,0.12410000000000,0.42070000000000,33.2743,1376.5771,13.8536,13.7295,0.1241,0.4414,13.7088,0.7416,12.9672,2.5350,1376.5771,NA
ExperienceX.exe,49456,0x1E283BFA830,DXGI,1,0,0,Composed: Flip,1407.3388,NA,17.03220000000000,16.66090000000000,0.65930000000000,1.45980000000000,32.9030,1390.4307,17.5674,16.9081,0.6593,17.0838,1.2841,0.8213,0.4628,-2.8073,1390.4307,NA
ExperienceX.exe,49456,0x1E283BFA830,DXGI,1,0,0,Composed: Flip,1424.0157,NA,16.67690000000000,16.92420000000000,0.14350000000000,0.93710000000000,33.1503,1407.9981,16.1611,16.0176,0.1435,0.8005,16.1542,1.1614,14.9928,0.6432,1407.9981,NA
ExperienceX.exe,49456,0x1E283BFA830,DXGI,1,0,0,Composed: Flip,1441.5535,NA,17.53780000000000,16.50850000000000,0.53610000000000,0.90050000000000,32.1210,1424.1592,17.9304,17.3943,0.5361,16.9932,1.3016,0.7036,0.5980,-0.3474,1424.1592,NA
ExperienceX.exe,49456,0x1E283BFA830,DXGI,1,0,0,Composed: Flip,1457.7968,NA,16.24330000000000,16.90410000000000,0.25250000000000,1.63120000000000,32.7818,1442.0896,15.9597,15.7072,0.2525,0.4720,16.8664,2.0915,14.7749,1.0263,1442.0896,NA
ExperienceX.exe,49456,0x1E283BFA830,DXGI,1,0,0,Composed: Flip,1476.5603,NA,18.76350000000000,16.41390000000000,0.20900000000000,0.55080000000000,30.4322,1458.0493,18.7200,18.5110,0.2090,17.2287,1.8331,1.1043,0.7288,-0.4542,1458.0493,NA
ExperienceX.exe,49456,0x1E283BFA830,DXGI,1,0,0,Composed: Flip,1491.6571,NA,15.09680000000000,17.20560000000000,0.39120000000000,2.22060000000000,32.5410,1476.7693,15.2790,14.8878,0.3912,0.3418,16.7666,1.0780,15.6886,1.5144,1476.7693,NA
ExperienceX.exe,49456,0x1E283BFA830,DXGI,1,0,0,Composed: Flip,1511.2377,NA,19.58060000000000,16.13060000000000,0.59960000000000,1.61190000000000,29.0910,1492.0483,19.7890,19.1894,0.5996,17.3262,3.4751,1.6721,1.8030,-0.8516,1492.0483,NA
ExperienceX.exe,49456,0x1E283BFA830,DXGI,1,0,0,Composed: Flip,1525.2319,NA,13.99420000000000,16.61810000000000,0.38850000000000,4.84230000000000,31.7149,1511.8373,13.7831,13.3946,0.3885,1.2076,17.0293,3.3147,13.7146,3.1709,1511.8373,NA
ExperienceX.exe,49456,0x1E283BFA830,DXGI,1,0,0,Composed: Flip,1544.8594,NA,19.62750000000000,17.60840000000000,0.28640000000000,1.12240000000000,29.6958,1525.6204,19.5254,19.2390,0.2864,17.2494,3.1120,2.9466,0.1654,-3.8253,1525.6204,NA
ExperienceX.exe,49456,0x1E283BFA830,DXGI,1,0,0,Composed: Flip,1557.7501,NA,12.89070000000000,15.94250000000000,0.33930000000000,2.67230000000000,32.7476,1545.1458,12.9436,12.6043,0.3393,1.0468,14.2298,2.3490,11.8808,3.5829,1545.1458,NA
ExperienceX.exe,49456,0x1E283BFA830,DXGI,1,0,0,Composed: Flip,1578.5919,NA,20.84180000000000,16.52650000000000,0.34820000000000,1.34120000000000,28.4323,1558.0894,20.8507,20.5025,0.3482,19.3102,2.5335,0.7951,1.7384,-3.5829,1558.0894,NA
ExperienceX.exe,49456,0x1E283BFA830,DXGI,1,0,0,Composed: Flip,1591.4759,NA,12.88400000000000,16.58250000000000,0.46220000000000,2.49040000000000,32.1308,1578.9401,12.9980,12.5358,0.4622,1.6275,13.3987,2.5565,10.8422,4.2682,1578.9401,NA
ExperienceX.exe,49456,0x1E283BFA830,DXGI,1,0,0,Composed: Flip,1610.7080,NA,19.23210000000000,16.85810000000000,0.24850000000000,0.87460000000000,29.7568,1591.9381,19.0184,18.7699,0.2485,17.2654,2.3791,1.4199,0.9592,-3.8601,1591.9381,NA
ExperienceX.exe,49456,0x1E283BFA830,DXGI,1,0,0,Composed: Flip,1624.7102,NA,14.00220000000000,16.86180000000000,0.51410000000000,1.93770000000000,32.6164,1610.9565,14.2678,13.7537,0.5141,0.6261,15.0653,0.7759,14.2894,2.1566,1610.9565,NA
ExperienceX.exe,49456,0x1E283BFA830,DXGI,1,0,0,Composed: Flip,1643.9060,NA,19.19580000000000,16.57880000000000,0.84800000000000,1.37390000000000,29.9994,1625.2243,19.5297,18.6817,0.8480,17.9378,2.1178,1.0110,1.1068,-2.3110,1625.2243,NA
ExperienceX.exe,49456,0x1E283BFA830,DXGI,1,0,0,Composed: Flip,1658.2440,NA,14.33800000000000,16.91540000000000,0.36240000000000,2.48920000000000,32.5768,1644.7540,13.8524,13.4900,0.3624,1.0503,14.9289,1.8252,13.1037,2.6143,1644.7540,NA
ExperienceX.exe,49456,0x1E283BFA830,DXGI,1,0,0,Composed: Flip,1677.2143,NA,18.97030000000000,16.18150000000000,0.28150000000000,0.82860000000000,29.7880,1658.6064,18.8894,18.6079,0.2815,17.5466,1.8899,0.9758,0.9141,-2.3291,1658.6064,NA
ExperienceX.exe,49456,0x1E283BFA830,DXGI,1,0,0,Composed: Flip,1691.6497,NA,14.43540000000000,16.72550000000000,0.41890000000000,1.94620000000000,32.0781,1677.4958,14.5728,14.1539,0.4189,0.6599,15.4402,1.9162,13.5240,2.1639,1677.4958,NA
ExperienceX.exe,49456,0x1E283BFA830,DXGI,1,0,0,Composed: Flip,1710.0438,NA,18.39410000000000,16.59800000000000,1.21280000000000,1.69320000000000,30.2820,1692.0686,19.1880,17.9752,1.2128,16.9209,2.7475,1.7300,1.0175,-2.0252,1692.0686,NA
ExperienceX.exe,49456,0x1E283BFA830,DXGI,1,0,0,Composed: Flip,1727.3549,NA,17.31110000000000,16.86650000000000,0.31030000000000,2.49570000000000,29.8374,1711.2566,16.4086,16.0983,0.3103,0.4804,18.1136,1.0238,17.0898,2.3215,1711.2566,NA
ExperienceX.exe,49456,0x1E283BFA830,DXGI,1,0,0,Composed: Flip,1744.9494,NA,17.59450000000000,16.67980000000000,0.36350000000000,1.42310000000000,28.9227,1727.6652,17.6477,17.2842,0.3635,15.0862,3.6211,2.1635,1.4576,-0.2712,1727.6652,NA
ExperienceX.exe,49456,0x1E283BFA830,DXGI,1,0,0,Composed: Flip,1758.3009,NA,13.35150000000000,16.46040000000000,0.40700000000000,2.23750000000000,32.0316,1745.3129,13.3950,12.9880,0.4070,13.6383,1.5872,0.7572,0.8300,1.1873,1745.3129,NA
ExperienceX.exe,49456,0x1E283BFA830,DXGI,1,0,0,Composed: Flip,1782.9553,NA,24.65440000000000,16.65280000000000,0.25210000000000,1.73030000000000,24.0300,1758.7079,24.4995,24.2474,0.2521,22.1430,3.8347,1.7652,2.0695,-3.2578,1758.7079,NA
ExperienceX.exe,49456,0x1E283BFA830,DXGI,1,0,0,Composed: Flip,1791.2029,NA,8.24760000000000,16.69100000000000,0.28630000000000,1.12470000000000,32.4734,1783.2074,8.2818,7.9955,0.2863,8.4227,0.6975,0.4612,0.2363,7.8085,1783.2074,NA
ExperienceX.exe,49456,0x1E283BFA830,DXGI,1,0,0,Composed: Flip,1816.8971,NA,25.69420000000000,16.68140000000000,0.44290000000000,1.04660000000000,23.4606,1791.4892,25.8508,25.4079,0.4429,23.7069,2.7476,1.7178,1.0298,-8.3996,1791.4892,NA
ExperienceX.exe,49456,0x1E283BFA830,DXGI,1,0,0,Composed: Flip,1824.7241,NA,7.82700000000000,16.64580000000000,0.44500000000000,1.98910000000000,32.2794,1817.3400,7.8291,7.3841,0.4450,0.6063,8.7669,1.0656,7.7013,9.2050,1817.3400,NA
ExperienceX.exe,49456,0x1E283BFA830,DXGI,1,0,0,Composed: Flip,1846.0614,NA,21.33730000000000,16.64550000000000,0.40420000000000,1.20870000000000,27.5876,1825.1691,21.2965,20.8923,0.4042,18.1318,3.9692,2.3010,1.6682,-8.8164,1825.1691,NA
ExperienceX.exe,49456,0x1E283BFA830,DXGI,1,0,0,Composed: Flip,1860.8732,NA,14.81180000000000,16.60270000000000,0.47920000000000,3.64920000000000,29.3785,1846.4656,14.8868,14.4076,0.4792,15.0299,3.0269,0.5314,2.4955,4.6938,1846.4656,NA
ExperienceX.exe,49456,0x1E283BFA830,DXGI,1,0,0,Composed: Flip,1877.8713,NA,16.99810000000000,16.77020000000000,1.13300000000000,3.07800000000000,29.1506,1861.3524,17.6519,16.5189,1.1330,14.7873,4.8096,2.7963,2.0133,-1.8834,1861.3524,NA
ExperienceX.exe,49456,0x1E283BFA830,DXGI,1,0,0,Composed: Flip,1891.0732,NA,13.20190000000000,16.94530000000000,0.26300000000000,2.54970000000000,32.8940,1879.0043,12.3319,12.0689,0.2630,12.6156,2.0030,0.6828,1.3202,0.7066,1879.0043,NA
ExperienceX.exe,49456,0x1E283BFA830,DXGI,1,0,0,Composed: Flip,1910.6612,NA,19.58800000000000,16.80500000000000,0.30870000000000,0.98450000000000,30.1110,1891.3362,19.6337,19.3250,0.3087,17.9262,2.3833,1.0076,1.3757,-4.4731,1891.3362,NA
ExperienceX.exe,49456,0x1E283BFA830,DXGI,1,0,0,Composed: Flip,1924.5062,NA,13.84500000000000,16.74140000000000,0.22880000000000,0.62520000000000,33.0074,1910.9699,13.7651,13.5363,0.2288,1.4327,12.7288,1.5841,11.1447,2.8923,1910.9699,NA
ExperienceX.exe,49456,0x1E283BFA830,DXGI,1,0,0,Composed: Flip,1945.4675,NA,20.96130000000000,16.35320000000000,0.44330000000000,1.32780000000000,28.3993,1924.7350,21.1758,20.7325,0.4433,18.4828,3.5775,2.3666,1.2109,-2.5881,1924.7350,NA
ExperienceX.exe,49456,0x1E283BFA830,DXGI,1,0,0,Composed: Flip,1957.9954,NA,12.52790000000000,16.44250000000000,0.15170000000000,0.85630000000000,32.3139,1945.9108,12.2363,12.0846,0.1517,1.0578,11.8831,0.6476,11.2355,4.7333,1945.9108,NA
ExperienceX.exe,49456,0x1E283BFA830,DXGI,1,0,0,Composed: Flip,1980.0878,NA,22.09240000000000,16.87280000000000,0.41820000000000,1.58480000000000,27.0943,1958.1471,22.3589,21.9407,0.4182,18.4627,5.0628,2.7573,2.3055,-4.6365,1958.1471,NA
ExperienceX.exe,49456,0x1E283BFA830,DXGI,1,0,0,Composed: Flip,1991.2479,NA,11.16010000000000,16.42030000000000,0.42330000000000,3.06570000000000,32.3545,1980.5060,11.1652,10.7419,0.4233,11.3897,2.4179,0.6247,1.7932,5.9386,1980.5060,NA
ExperienceX.exe,49456,0x1E283BFA830,DXGI,1,0,0,Composed: Flip,2012.2468,NA,20.99890000000000,16.73480000000000,0.29280000000000,1.27490000000000,28.0904,1991.6712,20.8684,20.5756,0.2928,18.6800,3.1705,1.9673,1.2032,-5.5696,1991.6712,NA
ExperienceX.exe,49456,0x1E283BFA830,DXGI,1,0,0,Composed: Flip,2024.0380,NA,11.79120000000000,16.55280000000000,0.18080000000000,0.90160000000000,32.8520,2012.5396,11.6792,11.4984,0.1808,11.7588,0.6412,0.4124,0.2288,4.3156,2012.5396,NA
ExperienceX.exe,49456,0x1E283BFA830,DXGI,1,0,0,Composed: Flip,2041.0253,NA,16.98730000000000,16.74800000000000,0.13640000000000,1.55440000000000,32.6127,2024.2188,16.9429,16.8065,0.1364,17.0802,1.2807,0.7266,0.5541,-5.0688,2024.2188,NA
ExperienceX.exe,49456,0x1E283BFA830,DXGI,1,0,0,Composed: Flip,2057.2847,NA,16.25940000000000,16.95180000000000,0.14850000000000,0.64300000000000,33.3051,2041.1617,16.2715,16.1230,0.1485,1.4180,15.3480,1.3022,14.0458,-0.0089,2041.1617,NA
ExperienceX.exe,49456,0x1E283BFA830,DXGI,1,0,0,Composed: Flip,2075.8897,NA,18.60500000000000,16.56360000000000,0.29140000000000,0.95270000000000,31.2637,2057.4332,18.7479,18.4565,0.2914,17.3158,2.0934,1.6630,0.4304,-0.2921,2057.4332,NA
ExperienceX.exe,49456,0x1E283BFA830,DXGI,1,0,0,Composed: Flip,2091.6193,NA,15.72960000000000,16.49390000000000,0.44180000000000,2.55880000000000,32.0280,2076.1811,15.8800,15.4382,0.4418,0.6613,17.3357,0.9637,16.3720,2.2540,2076.1811,NA
ExperienceX.exe,49456,0x1E283BFA830,DXGI,1,0,0,Composed: Flip,2109.9899,NA,18.37060000000000,16.61030000000000,0.34860000000000,1.26730000000000,30.2677,2092.0611,18.2774,17.9288,0.3486,17.2126,1.9835,1.0254,0.9581,-0.7303,2092.0611,NA
ExperienceX.exe,49456,0x1E283BFA830,DXGI,1,0,0,Composed: Flip,2124.3474,NA,14.35750000000000,16.88090000000000,0.41500000000000,2.72390000000000,32.7911,2110.3385,14.4239,14.0089,0.4150,1.8358,14.8970,2.2035,12.6935,1.3965,2110.3385,NA
ExperienceX.exe,49456,0x1E283BFA830,DXGI,1,0,0,Composed: Flip,2143.8078,NA,19.46040000000000,16.53600000000000,0.31380000000000,1.07480000000000,29.8667,2124.7624,19.3592,19.0454,0.3138,17.3897,2.7305,1.7255,1.0050,-2.1121,2124.7624,NA
ExperienceX.exe,49456,0x1E283BFA830,DXGI,1,0,0,Composed: Flip,2157.9954,NA,14.18760000000000,16.66950000000000,0.48060000000000,4.75070000000000,32.3486,2144.1216,14.3544,13.8738,0.4806,0.7610,17.8635,1.1249,16.7386,2.6897,2144.1216,NA
ExperienceX.exe,49456,0x1E283BFA830,DXGI,1,0,0,Composed: Flip,2175.3740,NA,17.37860000000000,16.71310000000000,0.34530000000000,3.31160000000000,31.6831,2158.4760,17.2433,16.8980,0.3453,18.2882,1.9214,1.1761,0.7453,-2.3587,2158.4760,NA
ExperienceX.exe,49456,0x1E283BFA830,DXGI,1,0,0,Composed: Flip,2190.9350,NA,15.56100000000000,16.66110000000000,0.41940000000000,2.15760000000000,32.7832,2175.7193,15.6351,15.2157,0.4194,4.4199,12.9534,2.7227,10.2307,0.5822,2175.7193,NA
ExperienceX.exe,49456,0x1E283BFA830,DXGI,1,0,0,Composed: Flip,2212.1918,NA,21.25680000000000,17.00260000000000,0.41990000000000,1.55280000000000,28.5290,2191.3544,21.2573,20.8374,0.4199,18.2187,4.1715,1.9362,2.2353,-1.3675,2191.3544,NA
ExperienceX.exe,49456,0x1E283BFA830,DXGI,1,0,0,Composed: Flip,2224.4478,NA,12.25600000000000,16.29910000000000,0.43520000000000,2.48700000000000,32.5721,2212.6117,12.2713,11.8361,0.4352,1.1373,13.1858,0.8694,12.3164,4.9582,2212.6117,NA
ExperienceX.exe,49456,0x1E283BFA830,DXGI,1,0,0,Composed: Flip,2243.7237,NA,19.27590000000000,16.66360000000000,0.47520000000000,2.68270000000000,29.9598,2224.8830,19.3159,18.8407,0.4752,20.0543,1.4691,0.7758,0.6933,-4.3923,2224.8830,NA
ExperienceX.exe,49456,0x1E283BFA830,DXGI,1,0,0,Composed: Flip,2257.8767,NA,14.15300000000000,16.61170000000000,0.73660000000000,2.70700000000000,32.4185,2244.1989,14.4144,13.6778,0.7366,3.3397,13.0451,2.1067,10.9384,2.7042,2244.1989,NA
ExperienceX.exe,49456,0x1E283BFA830,DXGI,1,0,0,Composed: Flip,2278.6875,NA,20.81080000000000,17.34730000000000,0.76290000000000,1.76450000000000,28.9550,2258.6133,20.8371,20.0742,0.7629,18.2588,3.5799,2.0581,1.5218,-2.9329,2258.6133,NA
ExperienceX.exe,49456,0x1E283BFA830,DXGI,1,0,0,Composed: Flip,2291.3769,NA,12.68940000000000,15.99200000000000,0.48530000000000,2.99960000000000,32.2576,2279.4504,12.4118,11.9265,0.4853,12.8504,2.0757,0.7151,1.3606,4.8451,2279.4504,NA
ExperienceX.exe,49456,0x1E283BFA830,DXGI,1,0,0,Composed: Flip,2310.5772,NA,19.20030000000000,16.66260000000000,2.59500000000000,4.58090000000000,29.7199,2291.8622,21.3100,18.7150,2.5950,20.0540,3.2419,1.3668,1.8751,-4.2508,2291.8622,NA
ExperienceX.exe,49456,0x1E283BFA830,DXGI,1,0,0,Composed: Flip,2324.1636,NA,13.58640000000000,16.78090000000000,0.30470000000000,1.74330000000000,32.9144,2313.1722,11.2961,10.9914,0.3047,3.5078,9.2269,1.9898,7.2371,4.5291,2313.1722,NA
ExperienceX.exe,49456,0x1E283BFA830,DXGI,1,0,0,Composed: Flip,2344.4843,NA,20.32070000000000,16.65670000000000,1.75850000000000,2.53580000000000,29.2504,2324.4683,21.7745,20.0160,1.7585,18.6237,3.9281,1.4614,2.4667,-5.3606,2324.4683,NA
ExperienceX.exe,49456,0x1E283BFA830,DXGI,1,0,0,Composed: Flip,2358.5137,NA,14.02940000000000,16.53490000000000,0.78060000000000,4.58970000000000,31.7559,2346.2428,13.0515,12.2709,0.7806,0.7773,16.0833,0.9708,15.1125,5.2396,2346.2428,NA
ExperienceX.exe,49456,0x1E283BFA830,DXGI,1,0,0,Composed: Flip,2378.6919,NA,20.17820000000000,17.11850000000000,0.45930000000000,0.86160000000000,28.6962,2359.2943,19.8569,19.3976,0.4593,17.2056,3.0536,2.6397,0.4139,-4.0670,2359.2943,NA
ExperienceX.exe,49456,0x1E283BFA830,DXGI,1,0,0,Composed: Flip,2390.6677,NA,11.97580000000000,18.62050000000000,0.28910000000000,2.28600000000000,35.3409,2379.1512,11.8056,11.5165,0.2891,0.4023,13.4002,0.8620,12.5382,1.2364,2379.1512,NA
ExperienceX.exe,49456,0x1E283BFA830,DXGI,1,0,0,Composed: Flip,2411.6574,NA,20.98970000000000,14.67290000000000,1.23130000000000,1.83820000000000,29.0241,2390.9568,21.9319,20.7006,1.2313,19.2109,3.3279,1.7169,1.6110,-2.8673,2390.9568,NA
ExperienceX.exe,49456,0x1E283BFA830,DXGI,1,0,0,Composed: Flip,2424.6049,NA,12.94750000000000,16.46810000000000,0.93850000000000,2.73660000000000,32.5447,2412.8887,12.6547,11.7162,0.9385,0.6069,13.8459,0.9727,12.8732,5.4638,2412.8887,NA
ExperienceX.exe,49456,0x1E283BFA830,DXGI,1,0,0,Composed: Flip,2444.6262,NA,20.02130000000000,16.75820000000000,0.45550000000000,1.69170000000000,29.2816,2425.5434,19.5383,19.0828,0.4555,18.0700,2.7045,0.9597,1.7448,-4.1035,2425.5434,NA
ExperienceX.exe,49456,0x1E283BFA830,DXGI,1,0,0,Composed: Flip,2460.0869,NA,15.46070000000000,16.40990000000000,0.38550000000000,1.55120000000000,30.2308,2445.0817,15.3907,15.0052,0.3855,2.3272,14.2292,1.7765,12.4527,3.1284,2445.0817,NA
ExperienceX.exe,49456,0x1E283BFA830,DXGI,1,0,0,Composed: Flip,2477.9124,NA,17.82550000000000,16.90640000000000,0.50560000000000,1.01670000000000,29.3117,2460.4724,17.9456,17.4400,0.5056,16.0673,2.3894,0.8428,1.5466,-1.5157,2460.4724,NA
ExperienceX.exe,49456,0x1E283BFA830,DXGI,1,0,0,Composed: Flip,2490.7779,NA,12.86550000000000,16.46370000000000,0.19670000000000,1.20850000000000,32.9099,2478.4180,12.5566,12.3599,0.1967,0.6385,12.9299,1.7191,11.2108,1.4819,2478.4180,NA
ExperienceX.exe,49456,0x1E283BFA830,DXGI,1,0,0,Composed: Flip,2508.5021,NA,17.72420000000000,16.81110000000000,0.22930000000000,3.00720000000000,31.9968,2490.9746,17.7568,17.5275,0.2293,18.3899,2.1448,1.3225,0.8223,-4.2545,2490.9746,NA
ExperienceX.exe,49456,0x1E283BFA830,DXGI,1,0,0,Composed: Flip,2524.2747,NA,15.77260000000000,16.37240000000000,0.29380000000000,0.88330000000000,32.5966,2508.7314,15.8371,15.5433,0.2938,3.0254,13.4012,1.4856,11.9156,1.3844,2508.7314,NA
ExperienceX.exe,49456,0x1E283BFA830,DXGI,1,0,0,Composed: Flip,2543.4606,NA,19.18590000000000,16.64760000000000,0.19950000000000,0.60990000000000,30.0583,2524.5685,19.0916,18.8921,0.1995,17.7029,1.7991,0.7501,1.0490,-0.8105,2524.5685,NA
ExperienceX.exe,49456,0x1E283BFA830,DXGI,1,0,0,Composed: Flip,2557.2918,NA,13.83120000000000,16.86170000000000,0.12290000000000,0.92160000000000,33.0888,2543.6601,13.7546,13.6317,0.1229,0.6126,13.9407,1.5827,12.3580,2.2299,2543.6601,NA
ExperienceX.exe,49456,0x1E283BFA830,DXGI,1,0,0,Composed: Flip,2574.2478,NA,16.95600000000000,16.41690000000000,0.56730000000000,0.97770000000000,32.5497,2557.4147,17.4004,16.8331,0.5673,17.0222,0.7886,0.6524,0.1362,-2.6623,2557.4147,NA
ExperienceX.exe,49456,0x1E283BFA830,DXGI,1,0,0,Composed: Flip,2590.8115,NA,16.56370000000000,16.81170000000000,0.13730000000000,1.06360000000000,32.7977,2574.8151,16.1337,15.9964,0.1373,0.7177,16.3423,1.7132,14.6291,0.5887,2574.8151,NA
ExperienceX.exe,49456,0x1E283BFA830,DXGI,1,0,0,Composed: Flip,2607.9266,NA,17.11510000000000,16.60030000000000,0.13850000000000,0.57860000000000,32.2829,2590.9488,17.1163,16.9778,0.1385,16.5319,1.0245,0.6024,0.4221,-0.4666,2590.9488,NA
ExperienceX.exe,49456,0x1E283BFA830,DXGI,1,0,0,Composed: Flip,2623.9067,NA,15.98010000000000,16.73490000000000,0.15420000000000,1.47320000000000,33.0377,2608.0651,15.9958,15.8416,0.1542,0.4401,16.8747,1.2144,15.6603,0.3814,2608.0651,NA
ExperienceX.exe,49456,0x1E283BFA830,DXGI,1,0,0,Composed: Flip,2641.7853,NA,17.87860000000000,16.58410000000000,0.11700000000000,0.73900000000000,31.7432,2624.0609,17.8414,17.7244,0.1170,17.1396,1.3238,0.6621,0.6617,-0.5883,2624.0609,NA
ExperienceX.exe,49456,0x1E283BFA830,DXGI,1,0,0,Composed: Flip,2657.2709,NA,15.48560000000000,16.97560000000000,0.13020000000000,0.85610000000000,33.2332,2641.9023,15.4988,15.3686,0.1302,0.6220,15.6027,1.1797,14.4230,0.8658,2641.9023,NA
ExperienceX.exe,49456,0x1E283BFA830,DXGI,1,0,0,Composed: Flip,2674.7362,NA,17.46530000000000,16.65930000000000,0.51020000000000,1.04070000000000,32.4272,2657.4011,17.8453,17.3351,0.5102,17.0994,1.2764,0.6780,0.5984,-1.1605,2657.4011,NA
ExperienceX.exe,49456,0x1E283BFA830,DXGI,1,0,0,Composed: Flip,2690.8325,NA,16.09630000000000,16.45410000000000,0.23110000000000,1.29940000000000,32.7850,2675.2464,15.8172,15.5861,0.2311,0.5305,16.3550,1.2696,15.0854,1.3912,2675.2464,NA
ExperienceX.exe,49456,0x1E283BFA830,DXGI,1,0,0,Composed: Flip,2708.0393,NA,17.20680000000000,16.51190000000000,0.15390000000000,1.83790000000000,32.0901,2691.0636,17.1296,16.9757,0.1539,17.8037,1.0099,0.8424,0.1675,-0.6947,2691.0636,NA
ExperienceX.exe,49456,0x1E283BFA830,DXGI,1,0,0,Composed: Flip,2724.3555,NA,16.31620000000000,16.68720000000000,0.19130000000000,0.66310000000000,32.4611,2708.1932,16.3536,16.1623,0.1913,2.1277,14.6977,1.5360,13.1617,0.4424,2708.1932,NA
ExperienceX.exe,49456,0x1E283BFA830,DXGI,1,0,0,Composed: Flip,2741.4174,NA,17.06190000000000,17.07460000000000,0.10320000000000,0.65510000000000,32.4738,2724.5468,16.9738,16.8706,0.1032,16.3615,1.1642,0.6174,0.5468,-0.7210,2724.5468,NA
ExperienceX.exe,49456,0x1E283BFA830,DXGI,1,0,0,Composed: Flip,2757.1061,NA,15.68870000000000,16.32910000000000,0.05910000000000,0.56420000000000,33.1142,2741.5206,15.6446,15.5855,0.0591,0.5519,15.5978,1.1019,14.4959,0.6447,2741.5206,NA
ExperienceX.exe,49456,0x1E283BFA830,DXGI,1,0,0,Composed: Flip,2775.3122,NA,18.20610000000000,16.69940000000000,0.29550000000000,0.60190000000000,31.6075,2757.1652,18.4425,18.1470,0.2955,17.8016,0.9473,0.6094,0.3379,-1.0548,2757.1652,NA
ExperienceX.exe,49456,0x1E283BFA830,DXGI,1,0,0,Composed: Flip,2790.5504,NA,15.23820000000000,16.78590000000000,0.12680000000000,0.63980000000000,33.1552,2775.6077,15.0695,14.9427,0.1268,0.4544,15.1281,1.4317,13.6964,1.6566,2775.6077,NA
ExperienceX.exe,49456,0x1E283BFA830,DXGI,1,0,0,Composed: Flip,2808.0254,NA,17.47500000000000,16.43560000000000,0.44140000000000,0.69330000000000,32.1158,2790.6772,17.7896,17.3482,0.4414,17.0958,0.9457,0.8647,0.0810,-1.3661,2790.6772,NA
ExperienceX.exe,49456,0x1E283BFA830,DXGI,1,0,0,Composed: Flip,2824.0767,NA,16.05130000000000,16.79570000000000,0.12020000000000,1.21540000000000,32.8602,2808.4668,15.7301,15.6099,0.1202,0.2519,16.5734,1.5839,14.9895,0.9939,2808.4668,NA
ExperienceX.exe,49456,0x1E283BFA830,DXGI,1,0,0,Composed: Flip,2841.1529,NA,17.07620000000000,16.63930000000000,0.07050000000000,0.36950000000000,32.4233,2824.1969,17.0265,16.9560,0.0705,16.5316,0.7939,0.7815,0.0124,-0.9092,2824.1969,NA
ExperienceX.exe,49456,0x1E283BFA830,DXGI,1,0,0,Composed: Flip,2857.5525,NA,16.39960000000000,16.62250000000000,0.15790000000000,0.67370000000000,32.6462,2841.2234,16.4870,16.3291,0.1579,0.2990,16.7038,0.9835,15.7203,0.4040,2841.2234,NA
ExperienceX.exe,49456,0x1E283BFA830,DXGI,1,0,0,Composed: Flip,2874.0178,NA,16.46530000000000,16.60420000000000,0.06200000000000,1.51680000000000,32.7851,2857.7104,16.3694,16.3074,0.0620,16.5776,1.2466,0.9067,0.3399,-0.1172,2857.7104,NA
ExperienceX.exe,49456,0x1E283BFA830,DXGI,1,0,0,Composed: Flip,2890.5785,NA,16.56070000000000,17.07520000000000,0.32110000000000,1.28930000000000,33.2996,2874.0798,16.8198,16.4987,0.3211,1.4548,16.3332,1.3706,14.9626,-0.7058,2874.0798,NA
ExperienceX.exe,49456,0x1E283BFA830,DXGI,1,0,0,Composed: Flip,2907.5036,NA,16.92510000000000,16.38000000000000,0.11860000000000,1.26830000000000,32.7545,2890.8996,16.7226,16.6040,0.1186,16.9191,0.9532,0.8328,0.1204,0.4398,2890.8996,NA
ExperienceX.exe,49456,0x1E283BFA830,DXGI,1,0,0,Composed: Flip,2924.4646,NA,16.96100000000000,16.72940000000000,0.36530000000000,1.07230000000000,32.5229,2907.6222,17.2077,16.8424,0.3653,1.7151,16.1996,1.8696,14.3300,-0.0068,2907.6222,NA
ExperienceX.exe,49456,0x1E283BFA830,DXGI,1,0,0,Composed: Flip,2942.3650,NA,17.90040000000000,16.53660000000000,0.17650000000000,0.56050000000000,31.1591,2924.8299,17.7116,17.5351,0.1765,16.5781,1.5175,0.9331,0.5844,0.6711,2924.8299,NA
ExperienceX.exe,49456,0x1E283BFA830,DXGI,1,0,0,Composed: Flip,2957.4825,NA,15.11750000000000,16.84960000000000,0.21010000000000,1.36670000000000,32.8912,2942.5415,15.1511,14.9410,0.2101,0.3840,15.9237,1.0980,14.8257,0.8620,2942.5415,NA
ExperienceX.exe,49456,0x1E283BFA830,DXGI,1,0,0,Composed: Flip,2974.9968,NA,17.51430000000000,16.52160000000000,0.12760000000000,0.55630000000000,31.8985,2957.6926,17.4318,17.3042,0.1276,16.6986,1.1619,1.0777,0.0842,-1.3705,2957.6926,NA
ExperienceX.exe,49456,0x1E283BFA830,DXGI,1,0,0,Composed: Flip,2990.7061,NA,15.70930000000000,16.58350000000000,0.19770000000000,0.98800000000000,32.7727,2975.1244,15.7794,15.5817,0.1977,0.4287,16.1410,0.8581,15.2829,0.8483,2975.1244,NA
ExperienceX.exe,49456,0x1E283BFA830,DXGI,1,0,0,Composed: Flip,3008.0349,NA,17.32880000000000,16.64640000000000,0.09000000000000,0.44300000000000,32.0903,2990.9038,17.2211,17.1311,0.0900,16.7045,0.8696,0.8594,0.0102,-0.8670,2990.9038,NA
ExperienceX.exe,49456,0x1E283BFA830,DXGI,1,0,0,Composed: Flip,3023.7270,NA,15.69210000000000,16.67530000000000,0.12450000000000,0.55650000000000,33.0735,3008.1249,15.7266,15.6021,0.1245,0.3530,15.8056,0.9400,14.8656,0.5458,3008.1249,NA
ExperienceX.exe,49456,0x1E283BFA830,DXGI,1,0,0,Composed: Flip,3041.1282,NA,17.40120000000000,16.65960000000000,0.10110000000000,0.58970000000000,32.3319,3023.8515,17.3778,17.2767,0.1011,16.8326,1.0338,1.0043,0.0295,-0.9330,3023.8515,NA
ExperienceX.exe,49456,0x1E283BFA830,DXGI,1,0,0,Composed: Flip,3057.0667,NA,15.93850000000000,16.68770000000000,0.11980000000000,1.10190000000000,33.0811,3041.2293,15.9572,15.8374,0.1198,0.4886,16.4507,1.1439,15.3068,0.6901,3041.2293,NA
ExperienceX.exe,49456,0x1E283BFA830,DXGI,1,0,0,Composed: Flip,3074.9565,NA,17.88980000000000,16.83320000000000,0.14440000000000,0.48320000000000,32.0245,3057.1865,17.9144,17.7700,0.1444,17.0727,1.1805,0.9270,0.2535,-0.8760,3057.1865,NA
ExperienceX.exe,49456,0x1E283BFA830,DXGI,1,0,0,Composed: Flip,3090.5605,NA,15.60400000000000,16.52100000000000,0.08210000000000,0.61340000000000,32.9415,3075.1009,15.5417,15.4596,0.0821,0.3388,15.7342,0.8855,14.8487,1.3934,3075.1009,NA
ExperienceX.exe,49456,0x1E283BFA830,DXGI,1,0,0,Composed: Flip,3108.9166,NA,18.35610000000000,16.69650000000000,0.23370000000000,0.66050000000000,31.2819,3090.6426,18.5077,18.2740,0.2337,17.4898,1.4447,0.6854,0.7593,-1.1548,3090.6426,NA
ExperienceX.exe,49456,0x1E283BFA830,DXGI,1,0,0,Composed: Flip,3123.9042,NA,14.98760000000000,16.64510000000000,0.19540000000000,1.06300000000000,32.9394,3109.1503,14.9493,14.7539,0.1954,0.4268,15.3901,1.2428,14.1473,1.8626,3109.1503,NA
ExperienceX.exe,49456,0x1E283BFA830,DXGI,1,0,0,Composed: Flip,3141.3746,NA,17.47040000000000,16.65440000000000,0.12170000000000,0.59810000000000,32.1234,3124.0996,17.3967,17.2750,0.1217,16.7621,1.1110,0.5809,0.5301,-1.7051,3124.0996,NA
ExperienceX.exe,49456,0x1E283BFA830,DXGI,1,0,0,Composed: Flip,3157.2103,NA,15.83570000000000,16.65350000000000,0.17790000000000,1.08570000000000,32.9412,3141.4963,15.8919,15.7140,0.1779,0.4764,16.3233,1.2885,15.0348,0.7432,3141.4963,NA
ExperienceX.exe,49456,0x1E283BFA830,DXGI,1,0,0,Composed: Flip,3174.9283,NA,17.71800000000000,16.62730000000000,0.62930000000000,1.16270000000000,31.8505,3157.3882,18.1694,17.5401,0.6293,17.1043,1.5985,0.8656,0.7329,-0.7354,3157.3882,NA
ExperienceX.exe,49456,0x1E283BFA830,DXGI,1,0,0,Composed: Flip,3190.3584,NA,15.43010000000000,16.66360000000000,0.08070000000000,0.81590000000000,33.0840,3175.5576,14.8815,14.8008,0.0807,0.5334,15.0833,0.9026,14.1807,1.5058,3175.5576,NA
ExperienceX.exe,49456,0x1E283BFA830,DXGI,1,0,0,Composed: Flip,3207.8252,NA,17.46680000000000,16.67420000000000,0.09450000000000,0.64830000000000,32.2914,3190.4391,17.4806,17.3861,0.0945,16.9747,1.0597,0.5737,0.4860,-1.7927,3190.4391,NA
ExperienceX.exe,49456,0x1E283BFA830,DXGI,1,0,0,Composed: Flip,3223.6841,NA,15.85890000000000,16.74490000000000,0.07440000000000,0.94650000000000,33.1774,3207.9197,15.8388,15.7644,0.0744,0.5538,16.1571,1.0969,15.0602,0.7357,3207.9197,NA
ExperienceX.exe,49456,0x1E283BFA830,DXGI,1,0,0,Composed: Flip,3240.4369,NA,16.75280000000000,16.58920000000000,0.38630000000000,1.08190000000000,33.0138,3223.7585,17.0647,16.6784,0.3863,16.7948,0.9655,0.5552,0.4103,-0.7504,3223.7585,NA
ExperienceX.exe,49456,0x1E283BFA830,DXGI,1,0,0,Composed: Flip,3257.4623,NA,17.02540000000000,16.68420000000000,0.18640000000000,0.59750000000000,32.6726,3240.8232,16.8255,16.6391,0.1864,0.6956,16.5410,1.1351,15.4059,0.3805,3240.8232,NA
ExperienceX.exe,49456,0x1E283BFA830,DXGI,1,0,0,Composed: Flip,3274.4089,NA,16.94660000000000,16.88940000000000,0.41710000000000,1.19110000000000,32.6154,3257.6487,17.1773,16.7602,0.4171,16.4176,1.5337,0.9342,0.5995,-0.0639,3257.6487,NA
ExperienceX.exe,49456,0x1E283BFA830,DXGI,1,0,0,Composed: Flip,3290.3835,NA,15.97460000000000,16.51880000000000,0.14250000000000,0.43330000000000,33.1596,3274.8260,15.7000,15.5575,0.1425,0.7740,15.2168,0.7255,14.4913,0.6585,3274.8260,NA
ExperienceX.exe,49456,0x1E283BFA830,DXGI,1,0,0,Composed: Flip,3309.6194,NA,19.23590000000000,16.57510000000000,0.22600000000000,0.66590000000000,30.4988,3290.5260,19.3194,19.0934,0.2260,18.1504,1.6089,1.1739,0.4350,-0.8751,3290.5260,NA
ExperienceX.exe,49456,0x1E283BFA830,DXGI,1,0,0,Composed: Flip,3323.7611,NA,14.14170000000000,16.92300000000000,0.07360000000000,0.46930000000000,33.2801,3309.8454,13.9893,13.9157,0.0736,0.4399,13.9451,0.5749,13.3702,2.3964,3309.8454,NA
ExperienceX.exe,49456,0x1E283BFA830,DXGI,1,0,0,Composed: Flip,3341.0905,NA,17.32940000000000,16.41430000000000,0.09840000000000,0.44320000000000,32.3650,3323.8347,17.3542,17.2558,0.0984,16.8894,0.8096,0.8000,0.0096,-2.4250,3323.8347,NA
ExperienceX.exe,49456,0x1E283BFA830,DXGI,1,0,0,Composed: Flip,3357.5396,NA,16.44910000000000,16.84840000000000,0.31470000000000,1.05740000000000,32.7643,3341.1889,16.6654,16.3507,0.3147,0.3448,17.0633,1.0355,16.0278,0.5058,3341.1889,NA
ExperienceX.exe,49456,0x1E283BFA830,DXGI,1,0,0,Composed: Flip,3374.7425,NA,17.20290000000000,16.46720000000000,0.10500000000000,0.45940000000000,32.0286,3357.8543,16.9932,16.8882,0.1050,16.2667,1.0809,0.5847,0.4962,0.1982,3357.8543,NA
ExperienceX.exe,49456,0x1E283BFA830,DXGI,1,0,0,Composed: Flip,3390.6903,NA,15.94780000000000,16.67800000000000,0.14750000000000,0.93590000000000,32.7588,3374.8475,15.9903,15.8428,0.1475,0.3544,16.4243,1.1743,15.2500,0.3152,3374.8475,NA
ExperienceX.exe,49456,0x1E283BFA830,DXGI,1,0,0,Composed: Flip,3407.6886,NA,16.99830000000000,16.65980000000000,0.26300000000000,0.57910000000000,32.4203,3390.8378,17.1138,16.8508,0.2630,16.6048,0.8251,0.5450,0.2801,-0.6695,3390.8378,NA
ExperienceX.exe,49456,0x1E283BFA830,DXGI,1,0,0,Composed: Flip,3423.6619,NA,15.97330000000000,16.71700000000000,0.11570000000000,0.75310000000000,33.1640,3407.9516,15.8260,15.7103,0.1157,0.3161,16.1473,1.2095,14.9378,0.3968,3407.9516,NA
ExperienceX.exe,49456,0x1E283BFA830,DXGI,1,0,0,Composed: Flip,3441.1430,NA,17.48110000000000,16.61580000000000,0.12310000000000,0.70300000000000,32.2987,3423.7776,17.4885,17.3654,0.1231,16.9981,1.0703,0.5753,0.4950,-0.7898,3423.7776,NA
ExperienceX.exe,49456,0x1E283BFA830,DXGI,1,0,0,Composed: Flip,3457.0527,NA,15.90970000000000,16.68980000000000,0.10010000000000,0.45560000000000,33.0788,3441.2661,15.8867,15.7866,0.1001,0.5799,15.6623,1.0777,14.5846,0.7987,3441.2661,NA
ExperienceX.exe,49456,0x1E283BFA830,DXGI,1,0,0,Composed: Flip,3474.4636,NA,17.41090000000000,16.64630000000000,0.06080000000000,0.37210000000000,32.3142,3457.1528,17.3716,17.3108,0.0608,17.0679,0.6150,0.5327,0.0823,-0.7596,3457.1528,NA
ExperienceX.exe,49456,0x1E283BFA830,DXGI,1,0,0,Composed: Flip,3490.4435,NA,15.97990000000000,16.77920000000000,0.14350000000000,0.58640000000000,33.1135,3474.5244,16.0626,15.9191,0.1435,0.4552,16.0503,1.3794,14.6709,0.5924,3474.5244,NA
ExperienceX.exe,49456,0x1E283BFA830,DXGI,1,0,0,Composed: Flip,3508.3530,NA,17.90950000000000,16.57600000000000,0.07360000000000,0.62250000000000,31.7800,3490.5870,17.8396,17.7660,0.0736,17.4453,0.9432,0.6481,0.2951,-0.5134,3490.5870,NA
ExperienceX.exe,49456,0x1E283BFA830,DXGI,1,0,0,Composed: Flip,3524.0432,NA,15.69020000000000,16.65840000000000,0.19680000000000,0.66630000000000,32.7482,3508.4266,15.8134,15.6166,0.1968,0.8421,15.4408,1.4445,13.9963,1.1812,3508.4266,NA
ExperienceX.exe,49456,0x1E283BFA830,DXGI,1,0,0,Composed: Flip,3541.4785,NA,17.43530000000000,16.73960000000000,0.09940000000000,0.39760000000000,32.0525,3524.2400,17.3379,17.2385,0.0994,16.6663,0.9698,0.8521,0.1177,-0.9262,3524.2400,NA
ExperienceX.exe,49456,0x1E283BFA830,DXGI,1,0,0,Composed: Flip,3557.0448,NA,15.56630000000000,16.59000000000000,0.16190000000000,0.56560000000000,33.0762,3541.5779,15.6288,15.4669,0.1619,0.2982,15.7343,0.8798,14.8545,0.7479,3541.5779,NA
ExperienceX.exe,49456,0x1E283BFA830,DXGI,1,0,0,Composed: Flip,3576.6123,NA,19.56750000000000,16.68880000000000,0.20430000000000,0.71140000000000,30.1975,3557.2067,19.6099,19.4056,0.2043,17.7579,2.3591,2.3157,0.0434,-1.0600,3557.2067,NA
ExperienceX.exe,49456,0x1E283BFA830,DXGI,1,0,0,Composed: Flip,3590.4685,NA,13.85620000000000,16.71830000000000,0.13830000000000,0.78440000000000,33.0596,3576.8166,13.7902,13.6519,0.1383,13.8480,0.5883,0.3728,0.2155,2.8916,3576.8166,NA
ExperienceX.exe,49456,0x1E283BFA830,DXGI,1,0,0,Composed: Flip,3608.3215,NA,17.85300000000000,16.67140000000000,0.19500000000000,0.67190000000000,31.8780,3590.6068,17.9097,17.7147,0.1950,17.1229,1.2637,0.9556,0.3081,-2.8812,3590.6068,NA
ExperienceX.exe,49456,0x1E283BFA830,DXGI,1,0,0,Composed: Flip,3624.0694,NA,15.74790000000000,16.65440000000000,0.21370000000000,1.11370000000000,32.7845,3608.5165,15.7666,15.5529,0.2137,0.4769,16.1897,1.1258,15.0639,1.2553,3608.5165,NA
ExperienceX.exe,49456,0x1E283BFA830,DXGI,1,0,0,Composed: Flip,3641.2674,NA,17.19800000000000,16.78130000000000,0.08450000000000,0.63300000000000,32.3678,3624.2831,17.0688,16.9843,0.0845,16.5016,1.1157,0.6575,0.4582,-1.0147,3624.2831,NA
ExperienceX.exe,49456,0x1E283BFA830,DXGI,1,0,0,Composed: Flip,3657.0820,NA,15.81460000000000,16.64410000000000,0.15310000000000,0.77140000000000,33.1973,3641.3519,15.8832,15.7301,0.1531,0.5485,15.9530,1.3853,14.5677,0.4247,3641.3519,NA
ExperienceX.exe,49456,0x1E283BFA830,DXGI,1,0,0,Composed: Flip,3675.2922,NA,18.21020000000000,16.53210000000000,0.22050000000000,0.57820000000000,31.5192,3657.2351,18.2776,18.0571,0.2205,17.7258,0.9095,0.6111,0.2984,-0.6489,3657.2351,NA
ExperienceX.exe,49456,0x1E283BFA830,DXGI,1,0,0,Composed: Flip,3690.6492,NA,15.35700000000000,16.84620000000000,0.15810000000000,0.55030000000000,33.0084,3675.5127,15.2946,15.1365,0.1581,0.3577,15.3291,1.4776,13.8515,1.4314,3675.5127,NA
ExperienceX.exe,49456,0x1E283BFA830,DXGI,1,0,0,Composed: Flip,3707.8673,NA,17.21810000000000,16.47320000000000,0.11260000000000,0.41850000000000,32.2635,3690.8073,17.1726,17.0600,0.1126,16.7207,0.7578,0.7578,0.0000,-1.1786,3690.8073,NA
ExperienceX.exe,49456,0x1E283BFA830,DXGI,1,0,0,Composed: Flip,3723.9633,NA,16.09600000000000,16.95920000000000,0.20170000000000,0.87770000000000,33.1267,3707.9799,16.1851,15.9834,0.2017,0.3059,16.5552,1.1340,15.4212,0.2134,3707.9799,NA
ExperienceX.exe,49456,0x1E283BFA830,DXGI,1,0,0,Composed: Flip,3742.0966,NA,18.13330000000000,16.38910000000000,0.17030000000000,0.58760000000000,31.3825,3724.1650,18.1019,17.9316,0.1703,16.6600,1.8592,1.5539,0.3053,-0.2040,3724.1650,NA
ExperienceX.exe,49456,0x1E283BFA830,DXGI,1,0,0,Composed: Flip,3757.6279,NA,15.53130000000000,16.74580000000000,0.30810000000000,1.00990000000000,32.5970,3742.2669,15.6691,15.3610,0.3081,0.4173,15.9536,1.0378,14.9158,1.3561,3742.2669,NA
ExperienceX.exe,49456,0x1E283BFA830,DXGI,1,0,0,Composed: Flip,3774.9813,NA,17.35340000000000,16.67990000000000,0.14990000000000,0.43290000000000,31.9235,3757.9360,17.1952,17.0453,0.1499,16.4789,0.9993,0.8657,0.1336,-1.0108,3757.9360,NA
ExperienceX.exe,49456,0x1E283BFA830,DXGI,1,0,0,Composed: Flip,3790.5081,NA,15.52680000000000,16.64070000000000,0.07280000000000,0.48110000000000,33.0374,3775.1312,15.4497,15.3769,0.0728,0.2830,15.5750,0.9885,14.5865,0.5545,3775.1312,NA
ExperienceX.exe,49456,0x1E283BFA830,DXGI,1,0,0,Composed: Flip,3807.9636,NA,17.45550000000000,16.61830000000000,0.51890000000000,0.82090000000000,32.2002,3790.5809,17.9016,17.3827,0.5189,17.1025,1.1011,0.9562,0.1449,-1.1686,3790.5809,NA
ExperienceX.exe,49456,0x1E283BFA830,DXGI,1,0,0,Composed: Flip,3824.1537,NA,16.19010000000000,16.78040000000000,0.41110000000000,0.96910000000000,32.7905,3808.4825,16.0823,15.6712,0.4111,0.3020,16.3383,1.0672,15.2711,1.1212,3808.4825,NA
ExperienceX.exe,49456,0x1E283BFA830,DXGI,1,0,0,Composed: Flip,3841.2353,NA,17.08160000000000,16.55100000000000,0.10210000000000,0.40260000000000,32.2599,3824.5648,16.7726,16.6705,0.1021,16.2870,0.7861,0.7685,0.0176,-0.4687,3824.5648,NA
ExperienceX.exe,49456,0x1E283BFA830,DXGI,1,0,0,Composed: Flip,3857.3865,NA,16.15120000000000,16.99670000000000,0.22580000000000,1.56590000000000,33.1054,3841.3374,16.2749,16.0491,0.2258,0.3005,17.3145,1.2552,16.0593,-0.2241,3841.3374,NA
ExperienceX.exe,49456,0x1E283BFA830,DXGI,1,0,0,Composed: Flip,3875.0933,NA,17.70680000000000,16.57260000000000,0.11170000000000,0.50350000000000,31.9712,3857.6123,17.5927,17.4810,0.1117,16.6189,1.3656,0.7638,0.6018,-0.2977,3857.6123,NA
ExperienceX.exe,49456,0x1E283BFA830,DXGI,1,0,0,Composed: Flip,3890.8529,NA,15.75960000000000,16.55670000000000,0.05420000000000,0.99380000000000,32.7683,3875.2050,15.7021,15.6479,0.0542,0.3918,16.2499,1.4790,14.7709,1.0360,3875.2050,NA
ExperienceX.exe,49456,0x1E283BFA830,DXGI,1,0,0,Composed: Flip,3908.8968,NA,18.04390000000000,16.51040000000000,0.24780000000000,0.70500000000000,31.2348,3890.9071,18.2375,17.9897,0.2478,17.2997,1.3950,0.8367,0.5583,-0.8083,3890.9071,NA
ExperienceX.exe,49456,0x1E283BFA830,DXGI,1,0,0,Composed: Flip,3923.8927,NA,14.99590000000000,17.14990000000000,0.13690000000000,0.62250000000000,33.3888,3909.1446,14.8850,14.7481,0.1369,0.4572,14.9134,1.1335,13.7799,1.0876,3909.1446,NA
ExperienceX.exe,49456,0x1E283BFA830,DXGI,1,0,0,Composed: Flip,3941.3598,NA,17.46710000000000,16.62890000000000,0.14950000000000,0.80430000000000,32.5506,3924.0296,17.4797,17.3302,0.1495,16.7111,1.4234,0.8300,0.5934,-1.7439,3924.0296,NA
ExperienceX.exe,49456,0x1E283BFA830,DXGI,1,0,0,Composed: Flip,3957.9191,NA,16.55930000000000,16.29900000000000,0.39420000000000,1.61020000000000,32.2903,3941.5093,16.8040,16.4098,0.3942,0.6548,17.3652,1.2655,16.0997,1.1807,3941.5093,NA
ExperienceX.exe,49456,0x1E283BFA830,DXGI,1,0,0,Composed: Flip,3975.7336,NA,17.81450000000000,16.61010000000000,0.12770000000000,0.52730000000000,31.0859,3958.3133,17.5480,17.4203,0.1277,16.7313,1.2163,1.1872,0.0291,0.1939,3958.3133,NA
ExperienceX.exe,49456,0x1E283BFA830,DXGI,1,0,0,Composed: Flip,3990.6530,NA,14.91940000000000,16.65750000000000,0.18420000000000,1.62530000000000,32.8240,3975.8613,14.9759,14.7917,0.1842,0.3996,16.0174,1.7254,14.2920,0.8905,3975.8613,NA
ExperienceX.exe,49456,0x1E283BFA830,DXGI,1,0,0,Composed: Flip,4008.0058,NA,17.35280000000000,16.78020000000000,0.10390000000000,0.37230000000000,32.2514,3990.8372,17.2725,17.1686,0.1039,16.7171,0.8238,0.8054,0.0184,-1.8043,3990.8372,NA
ExperienceX.exe,49456,0x1E283BFA830,DXGI,1,0,0,Composed: Flip,4023.8012,NA,15.79540000000000,16.59230000000000,0.15860000000000,0.57860000000000,33.0483,4008.1097,15.8501,15.6915,0.1586,0.2684,16.0017,0.9056,15.0961,0.6802,4008.1097,NA
ExperienceX.exe,49456,0x1E283BFA830,DXGI,1,0,0,Composed: Flip,4041.8291,NA,18.02790000000000,16.63030000000000,0.13650000000000,0.80420000000000,31.6507,4023.9598,18.0058,17.8693,0.1365,17.3561,1.3174,1.2920,0.0254,-0.7802,4023.9598,NA
ExperienceX.exe,49456,0x1E283BFA830,DXGI,1,0,0,Composed: Flip,4057.3612,NA,15.53210000000000,16.74970000000000,0.06380000000000,0.60920000000000,32.8683,4041.9656,15.4594,15.3956,0.0638,0.6677,15.3371,0.5893,14.7478,1.2561,4041.9656,NA
ExperienceX.exe,49456,0x1E283BFA830,DXGI,1,0,0,Composed: Flip,4074.2643,NA,16.90310000000000,16.97070000000000,0.52740000000000,0.81580000000000,32.9359,4057.4250,17.3667,16.8393,0.5274,16.6661,0.9890,0.8924,0.0966,-1.5113,4057.4250,NA
ExperienceX.exe,49456,0x1E283BFA830,DXGI,1,0,0,Composed: Flip,4090.4510,NA,16.18670000000000,16.48720000000000,0.05070000000000,0.77810000000000,33.2364,4074.7917,15.7100,15.6593,0.0507,0.2884,16.1490,1.0851,15.0639,0.8795,4074.7917,NA
ExperienceX.exe,49456,0x1E283BFA830,DXGI,1,0,0,Composed: Flip,4109.6640,NA,19.21300000000000,16.49840000000000,0.19360000000000,0.71970000000000,30.5218,4090.5017,19.3559,19.1623,0.1936,18.2995,1.5825,1.1204,0.4621,-0.7884,4090.5017,NA
ExperienceX.exe,49456,0x1E283BFA830,DXGI,1,0,0,Composed: Flip,4124.2090,NA,14.54500000000000,16.88920000000000,0.29390000000000,1.54470000000000,32.8660,4109.8576,14.6453,14.3514,0.2939,0.5261,15.3700,1.2287,14.1413,2.4667,4109.8576,NA
ExperienceX.exe,49456,0x1E283BFA830,DXGI,1,0,0,Composed: Flip,4140.9374,NA,16.72840000000000,16.56550000000000,0.20490000000000,2.27050000000000,32.7031,4124.5029,16.6394,16.4345,0.2049,17.2706,1.4344,0.6262,0.8082,-1.9202,4124.5029,NA
ExperienceX.exe,49456,0x1E283BFA830,DXGI,1,0,0,Composed: Flip,4157.5136,NA,16.57620000000000,16.57510000000000,0.23170000000000,1.01700000000000,32.7020,4141.1423,16.6030,16.3713,0.2317,2.7686,14.6197,1.6176,13.0021,0.0643,4141.1423,NA
ExperienceX.exe,49456,0x1E283BFA830,DXGI,1,0,0,Composed: Flip,4175.6783,NA,18.16470000000000,16.59500000000000,0.14220000000000,0.50570000000000,31.1323,4157.7453,18.0752,17.9330,0.1422,16.9434,1.4953,0.9241,0.5712,0.0080,4157.7453,NA
ExperienceX.exe,49456,0x1E283BFA830,DXGI,1,0,0,Composed: Flip,4190.4689,NA,14.79060000000000,16.70860000000000,0.16630000000000,0.63550000000000,33.0503,4175.8205,14.8147,14.6484,0.1663,0.3635,14.9204,0.9662,13.9542,1.3666,4175.8205,NA
ExperienceX.exe,49456,0x1E283BFA830,DXGI,1,0,0,Composed: Flip,4208.0934,NA,17.62450000000000,16.57100000000000,0.10560000000000,0.61160000000000,31.9968,4190.6352,17.5638,17.4582,0.1056,16.9895,1.0803,0.6009,0.4794,-1.7563,4190.6352,NA
ExperienceX.exe,49456,0x1E283BFA830,DXGI,1,0,0,Composed: Flip,4223.8576,NA,15.76420000000000,16.86820000000000,0.13280000000000,0.66680000000000,33.1008,4208.1990,15.7914,15.6586,0.1328,0.5060,15.8194,1.1651,14.6543,0.6956,4208.1990,NA
ExperienceX.exe,49456,0x1E283BFA830,DXGI,1,0,0,Composed: Flip,4241.1794,NA,17.32180000000000,16.49160000000000,0.07750000000000,0.37160000000000,32.2706,4223.9904,17.2665,17.1890,0.0775,16.7062,0.8544,0.7753,0.0791,-0.7002,4223.9904,NA
ExperienceX.exe,49456,0x1E283BFA830,DXGI,1,0,0,Composed: Flip,4257.2951,NA,16.11570000000000,16.73420000000000,0.26920000000000,0.67060000000000,32.8891,4241.2569,16.3074,16.0382,0.2692,0.2941,16.4147,1.1177,15.2970,0.5323,4241.2569,NA
ExperienceX.exe,49456,0x1E283BFA830,DXGI,1,0,0,Composed: Flip,4274.8348,NA,17.53970000000000,16.59290000000000,0.15660000000000,0.65430000000000,31.9423,4257.5643,17.4271,17.2705,0.1566,16.5978,1.3270,1.3270,0.0000,-0.2855,4257.5643,NA
ExperienceX.exe,49456,0x1E283BFA830,DXGI,1,0,0,Composed: Flip,4290.8014,NA,15.96660000000000,17.00910000000000,0.44170000000000,1.52780000000000,32.9848,4274.9914,16.2517,15.8100,0.4417,0.4977,16.8401,1.7747,15.0654,0.4180,4274.9914,NA
ExperienceX.exe,49456,0x1E283BFA830,DXGI,1,0,0,Composed: Flip,4307.7232,NA,16.92180000000000,16.33580000000000,0.32480000000000,1.13580000000000,32.3988,4291.2431,16.8049,16.4801,0.3248,16.2356,1.3803,0.8127,0.5676,-0.0841,4291.2431,NA
ExperienceX.exe,49456,0x1E283BFA830,DXGI,1,0,0,Composed: Flip,4324.4339,NA,16.71070000000000,16.67140000000000,0.36610000000000,1.80150000000000,32.3595,4308.0480,16.7520,16.3859,0.3661,0.8110,17.3764,2.1058,15.2706,0.1335,4308.0480,NA
ExperienceX.exe,49456,0x1E283BFA830,DXGI,1,0,0,Composed: Flip,4341.5871,NA,17.15320000000000,16.86640000000000,0.15120000000000,0.76060000000000,32.0727,4324.8000,16.9383,16.7871,0.1512,16.2327,1.3150,1.3038,0.0112,-0.1144,4324.8000,NA
ExperienceX.exe,49456,0x1E283BFA830,DXGI,1,0,0,Composed: Flip,4357.0626,NA,15.47550000000000,16.45690000000000,0.13090000000000,0.99930000000000,33.0541,4341.7383,15.4552,15.3243,0.1309,0.6094,15.7142,0.8943,14.8199,0.4814,4341.7383,NA
ExperienceX.exe,49456,0x1E283BFA830,DXGI,1,0,0,Composed: Flip,4376.1876,NA,19.12500000000000,16.64640000000000,0.10130000000000,1.00980000000000,30.5755,4357.1935,19.0954,18.9941,0.1013,17.6445,2.3594,2.0518,0.3076,-1.1912,4357.1935,NA
ExperienceX.exe,49456,0x1E283BFA830,DXGI,1,0,0,Composed: Flip,4390.3424,NA,14.15480000000000,16.66880000000000,0.10530000000000,0.49650000000000,33.0895,4376.2889,14.1588,14.0535,0.1053,0.9085,13.6415,0.4661,13.1754,2.4266,4376.2889,NA
ExperienceX.exe,49456,0x1E283BFA830,DXGI,1,0,0,Composed: Flip,4407.1829,NA,16.84050000000000,16.67470000000000,0.04680000000000,1.34950000000000,32.9237,4390.4477,16.7820,16.7352,0.0468,16.8987,1.1860,0.8059,0.3801,-2.5159,4390.4477,NA
ExperienceX.exe,49456,0x1E283BFA830,DXGI,1,0,0,Composed: Flip,4423.7083,NA,16.52540000000000,16.67350000000000,0.04840000000000,0.66570000000000,33.0718,4407.2297,16.5270,16.4786,0.0484,1.3027,15.8416,1.1783,14.6633,0.1085,4407.2297,NA
ExperienceX.exe,49456,0x1E283BFA830,DXGI,1,0,0,Composed: Flip,4440.7782,NA,17.06990000000000,16.66810000000000,0.34520000000000,0.94540000000000,32.6700,4423.7567,17.3667,17.0215,0.3452,16.8285,1.1384,0.8113,0.3271,-0.1411,4423.7567,NA
ExperienceX.exe,49456,0x1E283BFA830,DXGI,1,0,0,Composed: Flip,4457.0676,NA,16.28940000000000,16.71890000000000,0.10380000000000,1.18550000000000,33.0995,4441.1234,16.0480,15.9442,0.1038,0.6002,16.5295,1.3203,15.2092,0.6478,4441.1234,NA
ExperienceX.exe,49456,0x1E283BFA830,DXGI,1,0,0,Composed: Flip,4474.5923,NA,17.52470000000000,16.64740000000000,0.12640000000000,0.81990000000000,32.2222,4457.1714,17.5473,17.4209,0.1264,16.9624,1.2784,0.8612,0.4172,-0.5994,4457.1714,NA
ExperienceX.exe,49456,0x1E283BFA830,DXGI,1,0,0,Composed: Flip,4490.6094,NA,16.01710000000000,16.64380000000000,0.15140000000000,0.55420000000000,32.8489,4474.7187,16.0421,15.8907,0.1514,0.6935,15.7514,1.1331,14.6183,0.9035,4474.7187,NA
ExperienceX.exe,49456,0x1E283BFA830,DXGI,1,0,0,Composed: Flip,4508.0561,NA,17.44670000000000,16.76850000000000,0.07670000000000,1.97670000000000,32.1707,4490.7608,17.3720,17.2953,0.0767,16.7403,2.5317,1.5634,0.9683,-0.7264,4490.7608,NA
ExperienceX.exe,49456,0x1E283BFA830,DXGI,1,0,0,Composed: Flip,4523.8538,NA,15.79770000000000,16.54650000000000,0.13230000000000,0.96340000000000,32.9195,4508.1328,15.8533,15.7210,0.1323,1.9000,14.7844,0.8097,13.9747,0.8255,4508.1328,NA
ExperienceX.exe,49456,0x1E283BFA830,DXGI,1,0,0,Composed: Flip,4541.2870,NA,17.43320000000000,16.65580000000000,0.29960000000000,1.30000000000000,32.1421,4523.9861,17.6005,17.3009,0.2996,17.1151,1.4858,1.4858,0.0000,-0.8025,4523.9861,NA
ExperienceX.exe,49456,0x1E283BFA830,DXGI,1,0,0,Composed: Flip,4557.0657,NA,15.77870000000000,16.69050000000000,0.14340000000000,0.47380000000000,33.0539,4541.5866,15.6225,15.4791,0.1434,1.0004,14.9525,0.4786,14.4739,0.9100,4541.5866,NA
ExperienceX.exe,49456,0x1E283BFA830,DXGI,1,0,0,Composed: Flip,4574.3225,NA,17.25680000000000,16.81030000000000,0.08150000000000,0.82680000000000,32.6074,4557.2091,17.1949,17.1134,0.0815,16.7444,1.1958,0.8214,0.3744,-1.1878,4557.2091,NA
ExperienceX.exe,49456,0x1E283BFA830,DXGI,1,0,0,Composed: Flip,4590.3648,NA,16.04230000000000,16.53140000000000,0.17230000000000,0.69810000000000,33.0965,4574.4040,16.1331,15.9608,0.1723,0.7453,15.9136,1.1377,14.7759,0.6635,4574.4040,NA
ExperienceX.exe,49456,0x1E283BFA830,DXGI,1,0,0,Composed: Flip,4608.7686,NA,18.40380000000000,16.66020000000000,0.13980000000000,0.77050000000000,31.3529,4590.5371,18.3713,18.2315,0.1398,17.5794,1.4226,1.4121,0.0105,-0.5271,4590.5371,NA
ExperienceX.exe,49456,0x1E283BFA830,DXGI,1,0,0,Composed: Flip,4623.6034,NA,14.83480000000000,16.73100000000000,0.06030000000000,0.42600000000000,33.2491,4608.9084,14.7553,14.6950,0.0603,0.6307,14.4903,0.6652,13.8251,1.6403,4608.9084,NA
ExperienceX.exe,49456,0x1E283BFA830,DXGI,1,0,0,Composed: Flip,4641.1976,NA,17.59420000000000,16.59000000000000,0.11020000000000,0.77830000000000,32.2449,4623.6637,17.6441,17.5339,0.1102,17.0486,1.2636,0.8613,0.4023,-1.8347,4623.6637,NA
ExperienceX.exe,49456,0x1E283BFA830,DXGI,1,0,0,Composed: Flip,4657.1791,NA,15.98150000000000,16.67640000000000,0.04470000000000,0.63640000000000,32.9398,4641.3078,15.9160,15.8713,0.0447,0.6681,15.8396,1.2072,14.6324,0.9677,4641.3078,NA
ExperienceX.exe,49456,0x1E283BFA830,DXGI,1,0,0,Composed: Flip,4674.0740,NA,16.89490000000000,17.00680000000000,0.42070000000000,1.13910000000000,33.0517,4657.2238,17.2709,16.8502,0.4207,16.7427,1.2466,0.8481,0.3985,-1.0908,4657.2238,NA
ExperienceX.exe,49456,0x1E283BFA830,DXGI,1,0,0,Composed: Flip,4690.4879,NA,16.41390000000000,16.43360000000000,0.19950000000000,0.54100000000000,33.0714,4674.4947,16.1927,15.9932,0.1995,0.7184,15.8158,1.0255,14.7903,0.8373,4674.4947,NA
ExperienceX.exe,49456,0x1E283BFA830,DXGI,1,0,0,Composed: Flip,4708.9515,NA,18.46360000000000,16.55860000000000,0.12710000000000,0.88500000000000,31.1664,4690.6874,18.3912,18.2641,0.1271,17.9735,1.1756,1.0855,0.0901,-0.3659,4690.6874,NA
ExperienceX.exe,49456,0x1E283BFA830,DXGI,1,0,0,Composed: Flip,4723.7878,NA,14.83630000000000,16.98620000000000,0.14990000000000,0.83690000000000,33.3163,4709.0786,14.8591,14.7092,0.1499,0.8518,14.6943,1.8370,12.8573,1.4050,4709.0786,NA
ExperienceX.exe,49456,0x1E283BFA830,DXGI,1,0,0,Composed: Flip,4740.9574,NA,17.16960000000000,16.33650000000000,0.27670000000000,1.05750000000000,32.4832,4723.9377,17.2964,17.0197,0.2767,16.7875,1.2897,0.9006,0.3891,-1.4774,4723.9377,NA
ExperienceX.exe,49456,0x1E283BFA830,DXGI,1,0,0,Composed: Flip,4757.5990,NA,16.64160000000000,16.66960000000000,0.29530000000000,1.56910000000000,32.5112,4741.2341,16.6602,16.3649,0.2953,0.7808,17.1532,2.0883,15.0649,0.6268,4741.2341,NA
ExperienceX.exe,49456,0x1E283BFA830,DXGI,1,0,0,Composed: Flip,4774.5020,NA,16.90300000000000,16.65260000000000,0.40520000000000,1.04700000000000,32.2608,4757.8943,17.0129,16.6077,0.4052,16.3956,1.2591,0.8544,0.4047,0.0076,4757.8943,NA
ExperienceX.exe,49456,0x1E283BFA830,DXGI,1,0,0,Composed: Flip,4790.3510,NA,15.84900000000000,16.66860000000000,0.10690000000000,0.49230000000000,33.0804,4774.9072,15.5507,15.4438,0.1069,0.6418,15.2943,1.0519,14.2424,0.3443,4774.9072,NA
ExperienceX.exe,49456,0x1E283BFA830,DXGI,1,0,0,Composed: Flip,4808.3192,NA,17.96820000000000,16.71470000000000,0.08840000000000,0.49220000000000,31.8269,4790.4579,17.9497,17.8613,0.0884,17.4621,0.8914,0.8812,0.0102,-1.1640,4790.4579,NA
ExperienceX.exe,49456,0x1E283BFA830,DXGI,1,0,0,Composed: Flip,4823.6864,NA,15.36720000000000,16.64940000000000,0.10290000000000,0.45030000000000,33.1091,4808.4076,15.3817,15.2788,0.1029,0.4038,15.3253,1.0059,14.3194,1.3003,4808.4076,NA
ExperienceX.exe,49456,0x1E283BFA830,DXGI,1,0,0,Composed: Flip,4841.2540,NA,17.56760000000000,16.77980000000000,0.10670000000000,1.10200000000000,32.3213,4823.7893,17.5714,17.4647,0.1067,16.9751,1.5916,1.5800,0.0116,-1.3981,4823.7893,NA
ExperienceX.exe,49456,0x1E283BFA830,DXGI,1,0,0,Composed: Flip,4857.0631,NA,15.80910000000000,16.56280000000000,0.10470000000000,1.30880000000000,33.0750,4841.3607,15.8071,15.7024,0.1047,0.9953,16.0159,3.4737,12.5422,1.0086,4841.3607,NA
ExperienceX.exe,49456,0x1E283BFA830,DXGI,1,0,0,Composed: Flip,4875.0565,NA,17.99340000000000,16.67820000000000,0.33560000000000,1.55200000000000,31.7598,4857.1678,18.2243,17.8887,0.3356,17.3521,2.0886,1.5767,0.5119,-0.8711,4857.1678,NA
ExperienceX.exe,49456,0x1E283BFA830,DXGI,1,0,0,Composed: Flip,4890.4609,NA,15.40440000000000,16.70730000000000,0.10600000000000,1.20390000000000,33.0627,4875.3921,15.1748,15.0688,0.1060,1.2164,15.0563,2.4719,12.5844,1.5170,4875.3921,NA
ExperienceX.exe,49456,0x1E283BFA830,DXGI,1,0,0,Composed: Flip,4908.3555,NA,17.89460000000000,16.70680000000000,0.15790000000000,1.36980000000000,31.8749,4890.5669,17.9465,17.7886,0.1579,16.9720,2.1864,1.6997,0.4867,-1.5320,4890.5669,NA
ExperienceX.exe,49456,0x1E283BFA830,DXGI,1,0,0,Composed: Flip,4923.8273,NA,15.47180000000000,16.70010000000000,0.13780000000000,1.26570000000000,33.1032,4908.5134,15.4517,15.3139,0.1378,1.2119,15.3677,2.5173,12.8504,1.2464,4908.5134,NA
ExperienceX.exe,49456,0x1E283BFA830,DXGI,1,0,0,Composed: Flip,4941.6678,NA,17.84050000000000,16.77220000000000,0.46710000000000,5.35900000000000,32.0349,4923.9651,18.1698,17.7027,0.4671,17.3296,5.7321,5.7270,0.0051,-1.3205,4923.9651,NA
ExperienceX.exe,49456,0x1E283BFA830,DXGI,1,0,0,Composed: Flip,4957.2065,NA,15.53870000000000,16.42170000000000,0.10840000000000,0.83140000000000,32.9179,4942.1349,15.1800,15.0716,0.1084,15.1826,0.7204,0.6806,0.0398,1.7481,4942.1349,NA
ExperienceX.exe,49456,0x1E283BFA830,DXGI,1,0,0,Composed: Flip,4975.4660,NA,18.25950000000000,16.67540000000000,0.15500000000000,2.09230000000000,31.3338,4957.3149,18.3061,18.1511,0.1550,17.5652,2.6782,2.6704,0.0078,-1.4954,4957.3149,NA
ExperienceX.exe,49456,0x1E283BFA830,DXGI,1,0,0,Composed: Flip,4990.3195,NA,14.85350000000000,16.64410000000000,0.05580000000000,1.08380000000000,33.1244,4975.6210,14.7543,14.6985,0.0558,1.9373,13.8450,2.8546,10.9904,1.6620,4975.6210,NA
ExperienceX.exe,49456,0x1E283BFA830,DXGI,1,0,0,Composed: Flip,5007.9858,NA,17.66630000000000,16.70250000000000,0.14020000000000,1.39750000000000,32.1606,4990.3753,17.7507,17.6105,0.1402,17.0982,1.9098,1.5099,0.3999,-1.9482,4990.3753,NA
ExperienceX.exe,49456,0x1E283BFA830,DXGI,1,0,0,Composed: Flip,5023.6489,NA,15.66310000000000,16.65540000000000,0.10980000000000,1.33700000000000,33.1529,5008.1260,15.6327,15.5229,0.1098,1.2573,15.6026,3.5238,12.0788,1.0953,5008.1260,NA
ExperienceX.exe,49456,0x1E283BFA830,DXGI,1,0,0,Composed: Flip,5040.9162,NA,17.26730000000000,16.64490000000000,0.28260000000000,1.34910000000000,32.5305,5023.7587,17.4401,17.1575,0.2826,16.9854,1.5212,1.5212,0.0000,-1.0122,5023.7587,NA
ExperienceX.exe,49456,0x1E283BFA830,DXGI,1,0,0,Composed: Flip,5057.0954,NA,16.17920000000000,16.68870000000000,0.16430000000000,1.20060000000000,33.0400,5041.1988,16.0609,15.8966,0.1643,1.0665,16.0307,3.3564,12.6743,0.7514,5041.1988,NA
ExperienceX.exe,49456,0x1E283BFA830,DXGI,1,0,0,Composed: Flip,5074.4865,NA,17.39110000000000,16.86510000000000,0.09750000000000,1.18670000000000,32.5140,5057.2597,17.3243,17.2268,0.0975,16.7622,1.6513,1.6427,0.0086,-0.8042,5057.2597,NA
ExperienceX.exe,49456,0x1E283BFA830,DXGI,1,0,0,Composed: Flip,5090.3800,NA,15.89350000000000,16.69180000000000,0.12200000000000,1.47210000000000,33.3123,5074.5840,15.9180,15.7960,0.1220,1.0892,16.1789,4.7624,11.4165,0.6325,5074.5840,NA
ExperienceX.exe,49456,0x1E283BFA830,DXGI,1,0,0,Composed: Flip,5108.5618,NA,18.18180000000000,16.44150000000000,0.48060000000000,1.96360000000000,31.5720,5090.5020,18.5404,18.0598,0.4806,17.6734,2.3500,1.6727,0.6773,-0.5235,5090.5020,NA
ExperienceX.exe,49456,0x1E283BFA830,DXGI,1,0,0,Composed: Flip,5124.2505,NA,15.68870000000000,16.67160000000000,0.21710000000000,1.60240000000000,32.5549,5109.0424,15.4252,15.2081,0.2171,1.4830,15.3275,2.7373,12.5902,1.8688,5109.0424,NA
ExperienceX.exe,49456,0x1E283BFA830,DXGI,1,0,0,Composed: Flip,5141.4694,NA,17.21890000000000,16.69180000000000,0.13510000000000,1.20980000000000,32.0278,5124.4676,17.1369,17.0018,0.1351,16.3707,1.8409,1.4187,0.4222,-1.2666,5124.4676,NA
ExperienceX.exe,49456,0x1E283BFA830,DXGI,1,0,0,Composed: Flip,5157.0753,NA,15.60590000000000,16.62570000000000,0.22310000000000,1.59250000000000,33.0476,5141.6045,15.6939,15.4708,0.2231,1.0747,15.9886,4.0159,11.9727,0.5112,5141.6045,NA
ExperienceX.exe,49456,0x1E283BFA830,DXGI,1,0,0,Composed: Flip,5178.0057,NA,20.93040000000000,16.85600000000000,0.13390000000000,3.51970000000000,28.9732,5157.2984,20.8412,20.7073,0.1339,17.2840,6.9430,5.7355,1.2075,-1.1621,5157.2984,NA
ExperienceX.exe,49456,0x1E283BFA830,DXGI,1,0,0,Composed: Flip,5190.3706,NA,12.36490000000000,16.49870000000000,0.08580000000000,0.84350000000000,33.1070,5178.1396,12.3168,12.2310,0.0858,12.3860,0.6885,0.6809,0.0076,4.3425,5178.1396,NA
ExperienceX.exe,49456,0x1E283BFA830,DXGI,1,0,0,Composed: Flip,5208.8275,NA,18.45690000000000,16.63460000000000,0.19750000000000,2.14690000000000,31.2847,5190.4564,18.5686,18.3711,0.1975,17.6678,2.8502,2.2725,0.5777,-4.3178,5190.4564,NA
ExperienceX.exe,49456,0x1E283BFA830,DXGI,1,0,0,Composed: Flip,5223.7738,NA,14.94630000000000,16.69300000000000,0.13850000000000,1.40650000000000,33.0314,5209.0250,14.8873,14.7488,0.1385,1.9494,14.2059,3.5171,10.6888,1.8756,5209.0250,NA
ExperienceX.exe,49456,0x1E283BFA830,DXGI,1,0,0,Composed: Flip,5241.2098,NA,17.43600000000000,16.76090000000000,0.08150000000000,4.73850000000000,32.3563,5223.9123,17.3790,17.2975,0.0815,16.8292,5.2068,5.1989,0.0079,-1.8736,5223.9123,NA
ExperienceX.exe,49456,0x1E283BFA830,DXGI,1,0,0,Composed: Flip,5257.3048,NA,16.09500000000000,16.58310000000000,0.17470000000000,1.32830000000000,32.8444,5241.2913,16.1882,16.0135,0.1747,4.6570,12.6848,1.1826,11.5022,0.7959,5241.2913,NA
ExperienceX.exe,49456,0x1E283BFA830,DXGI,1,0,0,Composed: Flip,5274.8340,NA,17.52920000000000,16.75980000000000,0.11930000000000,0.88650000000000,32.0750,5257.4795,17.4738,17.3545,0.1193,16.8425,1.3985,1.3985,0.0000,-0.5716,5257.4795,NA
ExperienceX.exe,49456,0x1E283BFA830,DXGI,1,0,0,Composed: Flip,5290.4319,NA,15.59790000000000,16.62690000000000,0.08010000000000,1.33120000000000,33.1040,5274.9533,15.5587,15.4786,0.0801,0.7672,16.0426,3.7711,12.2715,0.8469,5274.9533,NA
ExperienceX.exe,49456,0x1E283BFA830,DXGI,1,0,0,Composed: Flip,5308.9247,NA,18.49280000000000,16.62460000000000,0.22180000000000,1.02190000000000,31.2358,5290.5120,18.6345,18.4127,0.2218,17.5593,1.8753,1.8507,0.0246,-1.0659,5290.5120,NA
ExperienceX.exe,49456,0x1E283BFA830,DXGI,1,0,0,Composed: Flip,5324.0379,NA,15.11320000000000,16.67560000000000,0.20870000000000,1.55170000000000,32.7982,5309.1465,15.1001,14.8914,0.2087,0.8001,15.6430,2.1116,13.5314,1.9589,5309.1465,NA
ExperienceX.exe,49456,0x1E283BFA830,DXGI,1,0,0,Composed: Flip,5341.7180,NA,17.68010000000000,16.63440000000000,0.64500000000000,1.29490000000000,31.7525,5324.2466,18.1164,17.4714,0.6450,16.7557,2.0106,1.8700,0.1406,-1.5343,5324.2466,NA
ExperienceX.exe,49456,0x1E283BFA830,DXGI,1,0,0,Composed: Flip,5357.1506,NA,15.43260000000000,16.70500000000000,0.24210000000000,1.13580000000000,33.0249,5342.3630,15.0297,14.7876,0.2421,0.6499,15.2735,2.0798,13.1937,1.4114,5342.3630,NA
ExperienceX.exe,49456,0x1E283BFA830,DXGI,1,0,0,Composed: Flip,5375.0666,NA,17.91600000000000,16.59140000000000,0.08610000000000,4.72830000000000,31.7003,5357.3927,17.7600,17.6739,0.0861,16.6794,5.7228,5.7072,0.0156,-1.5617,5357.3927,NA
ExperienceX.exe,49456,0x1E283BFA830,DXGI,1,0,0,Composed: Flip,5390.7857,NA,15.71910000000000,16.66660000000000,0.15560000000000,1.34270000000000,32.6478,5375.1527,15.7886,15.6330,0.1556,15.8227,1.1530,0.9515,0.2015,1.0934,5375.1527,NA
ExperienceX.exe,49456,0x1E283BFA830,DXGI,1,0,0,Composed: Flip,5407.7171,NA,16.93140000000000,16.72700000000000,0.06250000000000,1.45560000000000,32.4434,5390.9413,16.8383,16.7758,0.0625,16.3631,1.8683,1.5945,0.2738,-0.9384,5390.9413,NA
ExperienceX.exe,49456,0x1E283BFA830,DXGI,1,0,0,Composed: Flip,5423.6526,NA,15.93550000000000,16.62000000000000,0.09540000000000,1.29840000000000,33.1279,5407.7796,15.9684,15.8730,0.0954,1.3931,15.7783,4.8232,10.9551,0.2183,5407.7796,NA
ExperienceX.exe,49456,0x1E283BFA830,DXGI,1,0,0,Composed: Flip,5441.6598,NA,18.00720000000000,16.66470000000000,0.38320000000000,2.56780000000000,31.7854,5423.7480,18.2950,17.9118,0.3832,17.5578,2.9218,2.4814,0.4404,-0.6963,5423.7480,NA
ExperienceX.exe,49456,0x1E283BFA830,DXGI,1,0,0,Composed: Flip,5457.0335,NA,15.37370000000000,16.66880000000000,0.13260000000000,1.30780000000000,33.0805,5442.0430,15.1231,14.9905,0.1326,2.1846,14.1137,3.6146,10.4991,1.6262,5442.0430,NA
ExperienceX.exe,49456,0x1E283BFA830,DXGI,1,0,0,Composed: Flip,5474.7301,NA,17.69660000000000,16.65610000000000,0.39530000000000,1.84500000000000,32.0400,5457.1661,17.9593,17.5640,0.3953,17.1338,2.2752,1.7530,0.5222,-1.5330,5457.1661,NA
ExperienceX.exe,49456,0x1E283BFA830,DXGI,1,0,0,Composed: Flip,5490.3095,NA,15.57940000000000,16.78880000000000,0.09590000000000,1.35800000000000,33.2494,5475.1254,15.2800,15.1841,0.0959,1.4497,15.0924,2.3176,12.7748,1.1705,5475.1254,NA
ExperienceX.exe,49456,0x1E283BFA830,DXGI,1,0,0,Composed: Flip,5508.1148,NA,17.80530000000000,16.56820000000000,0.12970000000000,1.57270000000000,32.0123,5490.4054,17.8391,17.7094,0.1297,17.1780,2.1041,1.4642,0.6399,-1.2882,5490.4054,NA
ExperienceX.exe,49456,0x1E283BFA830,DXGI,1,0,0,Composed: Flip,5523.9809,NA,15.86610000000000,16.67890000000000,0.07560000000000,1.45820000000000,32.8251,5508.2445,15.8120,15.7364,0.0756,1.4430,15.7516,4.1685,11.5831,1.1602,5508.2445,NA
ExperienceX.exe,49456,0x1E283BFA830,DXGI,1,0,0,Composed: Flip,5541.1798,NA,17.19890000000000,16.79180000000000,0.08050000000000,1.22940000000000,32.4180,5524.0565,17.2038,17.1233,0.0805,16.7348,1.6179,1.6179,0.0000,-0.9798,5524.0565,NA
ExperienceX.exe,49456,0x1E283BFA830,DXGI,1,0,0,Composed: Flip,5557.0530,NA,15.87320000000000,16.52820000000000,0.23000000000000,1.56170000000000,33.0730,5541.2603,16.0227,15.7927,0.2300,1.1489,16.2055,3.5876,12.6179,0.6756,5541.2603,NA
ExperienceX.exe,49456,0x1E283BFA830,DXGI,1,0,0,Composed: Flip,5574.5479,NA,17.49490000000000,16.66970000000000,0.15840000000000,2.98410000000000,32.2478,5557.2830,17.4233,17.2649,0.1584,17.8995,2.3495,2.3495,0.0000,-0.6470,5557.2830,NA
ExperienceX.exe,49456,0x1E283BFA830,DXGI,1,0,0,Composed: Flip,5590.5264,NA,15.97850000000000,16.64280000000000,0.18880000000000,1.30080000000000,32.9121,5574.7063,16.0089,15.8201,0.1888,2.8257,14.2952,2.3299,11.9653,0.7805,5574.7063,NA
ExperienceX.exe,49456,0x1E283BFA830,DXGI,1,0,0,Composed: Flip,5607.9967,NA,17.47030000000000,16.67720000000000,0.15640000000000,1.42400000000000,32.1190,5590.7152,17.4379,17.2815,0.1564,16.9702,1.7353,1.5159,0.2194,-0.6683,5590.7152,NA
ExperienceX.exe,49456,0x1E283BFA830,DXGI,1,0,0,Composed: Flip,5623.7603,NA,15.76360000000000,16.73150000000000,0.15190000000000,1.26600000000000,33.0869,5608.1531,15.7591,15.6072,0.1519,1.2676,15.6056,3.6121,11.9935,0.7064,5608.1531,NA
ExperienceX.exe,49456,0x1E283BFA830,DXGI,1,0,0,Composed: Flip,5641.0506,NA,17.29030000000000,16.69920000000000,0.11370000000000,5.17060000000000,32.4958,5623.9122,17.2521,17.1384,0.1137,16.7352,5.5738,5.2896,0.2842,-0.9401,5623.9122,NA
ExperienceX.exe,49456,0x1E283BFA830,DXGI,1,0,0,Composed: Flip,5657.1230,NA,16.07240000000000,16.58090000000000,0.06430000000000,1.50770000000000,33.0043,5641.1643,16.0230,15.9587,0.0643,16.0390,1.4274,1.4220,0.0054,0.6712,5641.1643,NA
ExperienceX.exe,49456,0x1E283BFA830,DXGI,1,0,0,Composed: Flip,5674.4247,NA,17.30170000000000,16.76270000000000,0.07780000000000,5.29330000000000,32.4653,5657.1873,17.3152,17.2374,0.0778,16.9391,5.5916,5.5851,0.0065,-0.7397,5657.1873,NA
ExperienceX.exe,49456,0x1E283BFA830,DXGI,1,0,0,Composed: Flip,5690.3271,NA,15.90240000000000,16.55850000000000,0.06340000000000,1.37420000000000,33.1214,5674.5025,15.8880,15.8246,0.0634,15.9307,1.2681,1.2623,0.0058,0.7567,5674.5025,NA
ExperienceX.exe,49456,0x1E283BFA830,DXGI,1,0,0,Composed: Flip,5708.1220,NA,17.79490000000000,16.78450000000000,0.08860000000000,1.86520000000000,32.1110,5690.3905,17.8201,17.7315,0.0886,17.3487,2.2480,2.2480,0.0000,-0.8965,5690.3905,NA
ExperienceX.exe,49456,0x1E283BFA830,DXGI,1,0,0,Composed: Flip,5723.6658,NA,15.54380000000000,16.66130000000000,0.19420000000000,3.51980000000000,33.2285,5708.2106,15.6494,15.4552,0.1942,1.7766,17.1984,4.1176,13.0808,1.1588,5708.2106,NA
ExperienceX.exe,49456,0x1E283BFA830,DXGI,1,0,0,Composed: Flip,5741.6886,NA,18.02280000000000,16.66350000000000,0.14630000000000,5.79020000000000,31.8692,5723.8600,17.9749,17.8286,0.1463,17.3674,6.2514,6.2484,0.0030,-1.0141,5723.8600,NA
ExperienceX.exe,49456,0x1E283BFA830,DXGI,1,0,0,Composed: Flip,5757.4566,NA,15.76800000000000,16.55350000000000,0.29340000000000,1.42580000000000,32.6547,5741.8349,15.9151,15.6217,0.2934,15.9299,1.1176,1.1097,0.0079,1.4214,5741.8349,NA
ExperienceX.exe,49456,0x1E283BFA830,DXGI,1,0,0,Composed: Flip,5775.6344,NA,18.17780000000000,16.67200000000000,0.17570000000000,1.08160000000000,31.1489,5757.7500,18.0601,17.8844,0.1757,17.4441,1.5219,1.5067,0.0152,-0.7569,5757.7500,NA
ExperienceX.exe,49456,0x1E283BFA830,DXGI,1,0,0,Composed: Flip,5790.2432,NA,14.60880000000000,16.68160000000000,0.07040000000000,1.35680000000000,33.2217,5775.8101,14.5035,14.4331,0.0704,0.9059,14.8840,4.4093,10.4747,1.3785,5775.8101,NA
ExperienceX.exe,49456,0x1E283BFA830,DXGI,1,0,0,Composed: Flip,5807.6742,NA,17.43100000000000,16.63550000000000,0.09140000000000,1.29570000000000,32.4262,5790.3136,17.4520,17.3606,0.0914,16.9651,1.6912,1.6912,0.0000,-2.1320,5790.3136,NA
ExperienceX.exe,49456,0x1E283BFA830,DXGI,1,0,0,Composed: Flip,5823.7539,NA,16.07970000000000,16.88450000000000,0.10960000000000,1.44500000000000,33.2310,5807.7656,16.0979,15.9883,0.1096,1.2043,16.2290,4.6354,11.5936,0.5675,5807.7656,NA
ExperienceX.exe,49456,0x1E283BFA830,DXGI,1,0,0,Composed: Flip,5840.9715,NA,17.21760000000000,16.45770000000000,0.08010000000000,1.44400000000000,32.4711,5823.8635,17.1881,17.1080,0.0801,16.7437,1.8083,1.8083,0.0000,-0.3598,5823.8635,NA
ExperienceX.exe,49456,0x1E283BFA830,DXGI,1,0,0,Composed: Flip,5857.5376,NA,16.56610000000000,16.76680000000000,0.19360000000000,1.46490000000000,32.6718,5841.0516,16.6796,16.4860,0.1936,1.3639,16.5870,4.5404,12.0466,0.4213,5841.0516,NA
ExperienceX.exe,49456,0x1E283BFA830,DXGI,1,0,0,Composed: Flip,5873.8563,NA,16.31870000000000,16.81860000000000,0.09040000000000,2.08330000000000,33.1717,5857.7312,16.2155,16.1251,0.0904,16.3074,1.9010,1.6836,0.2174,-0.1390,5857.7312,NA
ExperienceX.exe,49456,0x1E283BFA830,DXGI,1,0,0,Composed: Flip,5890.5525,NA,16.69620000000000,16.50130000000000,0.07050000000000,2.93630000000000,32.9768,5873.9467,16.6763,16.6058,0.0705,1.9929,17.5492,6.3575,11.1917,-0.2858,5873.9467,NA
ExperienceX.exe,49456,0x1E283BFA830,DXGI,1,0,0,Composed: Flip,5908.7581,NA,18.20560000000000,16.59300000000000,0.12100000000000,1.94970000000000,31.3642,5890.6230,18.2561,18.1351,0.1210,17.6688,2.4160,1.9271,0.4889,0.0833,5890.6230,NA
ExperienceX.exe,49456,0x1E283BFA830,DXGI,1,0,0,Composed: Flip,5923.8229,NA,15.06480000000000,16.80550000000000,0.04680000000000,1.55640000000000,33.1049,5908.8791,14.9906,14.9438,0.0468,1.8287,14.6715,2.6441,12.0274,1.4506,5908.8791,NA
ExperienceX.exe,49456,0x1E283BFA830,DXGI,1,0,0,Composed: Flip,5941.0940,NA,17.27110000000000,16.72550000000000,0.18130000000000,2.13640000000000,32.5593,5923.8697,17.4056,17.2243,0.1813,17.0302,2.3305,2.0015,0.3290,-1.7349,5923.8697,NA
ExperienceX.exe,49456,0x1E283BFA830,DXGI,1,0,0,Composed: Flip,5957.1166,NA,16.02260000000000,16.48900000000000,0.10330000000000,1.45310000000000,33.0257,5941.2753,15.9446,15.8413,0.1033,1.9551,15.3393,3.6817,11.6576,0.9166,5941.2753,NA
ExperienceX.exe,49456,0x1E283BFA830,DXGI,1,0,0,Composed: Flip,5976.5004,NA,19.38380000000000,16.63770000000000,0.27310000000000,1.16240000000000,30.2796,5957.2199,19.5536,19.2805,0.2731,17.7884,2.6545,2.6346,0.0199,-0.6931,5957.2199,NA
ExperienceX.exe,49456,0x1E283BFA830,DXGI,1,0,0,Composed: Flip,5990.3915,NA,13.89110000000000,16.65590000000000,0.12440000000000,1.33000000000000,33.0444,5976.7735,13.7424,13.6180,0.1244,0.8893,14.0587,2.1975,11.8612,2.8977,5976.7735,NA
ExperienceX.exe,49456,0x1E283BFA830,DXGI,1,0,0,Composed: Flip,6008.2226,NA,17.83110000000000,16.67380000000000,0.10340000000000,1.09320000000000,31.8871,5990.5159,17.8101,17.7067,0.1034,17.0990,1.7009,1.7009,0.0000,-2.9314,5990.5159,NA
ExperienceX.exe,49456,0x1E283BFA830,DXGI,1,0,0,Composed: Flip,6023.7143,NA,15.49170000000000,16.67580000000000,0.13970000000000,1.34080000000000,33.0712,6008.3260,15.5280,15.3883,0.1397,0.9898,15.7393,3.7411,11.9982,1.1343,6008.3260,NA
ExperienceX.exe,49456,0x1E283BFA830,DXGI,1,0,0,Composed: Flip,6041.4243,NA,17.71000000000000,16.67240000000000,0.16120000000000,1.02390000000000,32.0336,6023.8540,17.7315,17.5703,0.1612,16.9364,1.6578,1.6578,0.0000,-1.1444,6023.8540,NA
ExperienceX.exe,49456,0x1E283BFA830,DXGI,1,0,0,Composed: Flip,6057.1588,NA,15.73450000000000,16.65530000000000,0.20410000000000,1.35820000000000,32.9544,6041.5855,15.7774,15.5733,0.2041,0.8627,16.0688,3.7099,12.3589,1.0762,6041.5855,NA
ExperienceX.exe,49456,0x1E283BFA830,DXGI,1,0,0,Composed: Flip,6074.8904,NA,17.73160000000000,16.68080000000000,0.10990000000000,1.10130000000000,31.9036,6057.3629,17.6374,17.5275,0.1099,16.9493,1.6795,1.6686,0.0109,-0.9034,6057.3629,NA
ExperienceX.exe,49456,0x1E283BFA830,DXGI,1,0,0,Composed: Flip,6090.4666,NA,15.57620000000000,16.65670000000000,0.17350000000000,1.32120000000000,32.9841,6075.0003,15.6398,15.4663,0.1735,0.9914,15.7961,4.1006,11.6955,0.9807,6075.0003,NA
ExperienceX.exe,49456,0x1E283BFA830,DXGI,1,0,0,Composed: Flip,6108.3281,NA,17.86150000000000,16.86030000000000,0.79250000000000,2.76780000000000,31.9829,6090.6401,18.4805,17.6880,0.7925,17.2613,3.1945,2.7252,0.4693,-1.2205,6090.6401,NA
ExperienceX.exe,49456,0x1E283BFA830,DXGI,1,0,0,Composed: Flip,6123.7800,NA,15.45190000000000,16.47780000000000,0.20740000000000,6.47520000000000,33.0088,6109.1206,14.8668,14.6594,0.2074,1.9753,19.1593,7.1814,11.9779,2.0027,6109.1206,NA
ExperienceX.exe,49456,0x1E283BFA830,DXGI,1,0,0,Composed: Flip,6141.2482,NA,17.46820000000000,16.67060000000000,0.12810000000000,7.87820000000000,32.2112,6123.9874,17.3889,17.2608,0.1281,17.7981,7.3409,7.3371,0.0038,-1.8038,6123.9874,NA
ExperienceX.exe,49456,0x1E283BFA830,DXGI,1,0,0,Composed: Flip,6156.9938,NA,15.74560000000000,16.64450000000000,0.13680000000000,0.90740000000000,33.1101,6141.3763,15.7543,15.6175,0.1368,15.7528,0.7721,0.7660,0.0061,0.7444,6141.3763,NA
ExperienceX.exe,49456,0x1E283BFA830,DXGI,1,0,0,Composed: Flip,6174.4312,NA,17.43740000000000,16.67110000000000,0.09380000000000,4.96660000000000,32.3438,6157.1306,17.3944,17.3006,0.0938,16.9057,5.3615,5.3545,0.0070,-0.9168,6157.1306,NA
ExperienceX.exe,49456,0x1E283BFA830,DXGI,1,0,0,Composed: Flip,6190.4601,NA,16.02890000000000,16.73420000000000,0.07100000000000,2.02300000000000,33.0491,6174.5250,16.0061,15.9351,0.0710,16.0814,1.8767,1.5494,0.3273,0.6602,6174.5250,NA
ExperienceX.exe,49456,0x1E283BFA830,DXGI,1,0,0,Composed: Flip,6207.8963,NA,17.43620000000000,16.60150000000000,0.12990000000000,1.24720000000000,32.2144,6190.5311,17.4951,17.3652,0.1299,16.8501,1.7623,1.7563,0.0060,-0.5954,6190.5311,NA
ExperienceX.exe,49456,0x1E283BFA830,DXGI,1,0,0,Composed: Flip,6223.9742,NA,16.07790000000000,16.72590000000000,0.23540000000000,1.45980000000000,32.8624,6208.0262,16.1834,15.9480,0.2354,1.1173,16.2905,4.7000,11.5905,0.7692,6208.0262,NA
ExperienceX.exe,49456,0x1E283BFA830,DXGI,1,0,0,Composed: Flip,6241.0207,NA,17.04650000000000,16.64620000000000,0.40350000000000,1.84170000000000,32.4621,6224.2096,17.2146,16.8111,0.4035,16.5759,2.0769,1.7635,0.3134,-0.4628,6224.2096,NA
ExperienceX.exe,49456,0x1E283BFA830,DXGI,1,0,0,Composed: Flip,6257.1804,NA,16.15970000000000,16.85570000000000,0.09360000000000,1.42850000000000,33.1581,6241.4242,15.8498,15.7562,0.0936,1.4382,15.7465,4.7900,10.9565,0.3589,6241.4242,NA
ExperienceX.exe,49456,0x1E283BFA830,DXGI,1,0,0,Composed: Flip,6275.0778,NA,17.89740000000000,16.70010000000000,0.07960000000000,1.27230000000000,31.9608,6257.2740,17.8834,17.8038,0.0796,17.1076,1.9685,1.9560,0.0125,-0.8503,6257.2740,NA
ExperienceX.exe,49456,0x1E283BFA830,DXGI,1,0,0,Composed: Flip,6290.8239,NA,15.74610000000000,16.69150000000000,0.17220000000000,1.65980000000000,32.9062,6275.1574,15.8387,15.6665,0.1722,1.1927,16.1336,3.6753,12.4583,1.1919,6275.1574,NA
ExperienceX.exe,49456,0x1E283BFA830,DXGI,1,0,0,Composed: Flip,6308.9619,NA,18.13800000000000,16.53350000000000,0.74210000000000,1.65430000000000,31.3017,6290.9961,18.7079,17.9658,0.7421,17.5068,2.1133,2.0530,0.0603,-0.6948,6290.9961,NA
ExperienceX.exe,49456,0x1E283BFA830,DXGI,1,0,0,Composed: Flip,6324.2221,NA,15.26020000000000,16.65110000000000,0.21520000000000,3.03110000000000,32.6926,6309.7040,14.7333,14.5181,0.2152,0.9122,16.6370,4.0306,12.6064,2.0568,6309.7040,NA
ExperienceX.exe,49456,0x1E283BFA830,DXGI,1,0,0,Composed: Flip,6341.9255,NA,17.70340000000000,16.51670000000000,0.12800000000000,1.28300000000000,31.5059,6324.4373,17.6162,17.4882,0.1280,16.7882,1.9830,1.9750,0.0080,-1.7834,6324.4373,NA
ExperienceX.exe,49456,0x1E283BFA830,DXGI,1,0,0,Composed: Flip,6357.5275,NA,15.60200000000000,16.69640000000000,0.30900000000000,3.04350000000000,32.6003,6342.0535,15.7830,15.4740,0.3090,1.1550,17.3625,5.1289,12.2336,0.9198,6342.0535,NA
ExperienceX.exe,49456,0x1E283BFA830,DXGI,1,0,0,Composed: Flip,6374.7307,NA,17.20320000000000,16.67810000000000,0.10910000000000,7.23480000000000,32.0752,6357.8365,17.0033,16.8942,0.1091,16.3013,7.8277,7.4671,0.3606,-0.8951,6357.8365,NA
ExperienceX.exe,49456,0x1E283BFA830,DXGI,1,0,0,Composed: Flip,6390.3260,NA,15.59530000000000,16.63780000000000,0.05530000000000,2.24930000000000,33.1177,6374.8398,15.5415,15.4862,0.0553,15.5682,2.1673,2.1628,0.0045,0.3655,6374.8398,NA
ExperienceX.exe,49456,0x1E283BFA830,DXGI,1,0,0,Composed: Flip,6408.1135,NA,17.78750000000000,16.73300000000000,0.09230000000000,4.97290000000000,32.0632,6390.3813,17.8245,17.7322,0.0923,17.3172,5.3879,5.3839,0.0040,-1.1915,6390.3813,NA
ExperienceX.exe,49456,0x1E283BFA830,DXGI,1,0,0,Composed: Flip,6423.7042,NA,15.59070000000000,16.59220000000000,0.14680000000000,1.56900000000000,33.0647,6408.2058,15.6452,15.4984,0.1468,15.7279,1.3395,1.1338,0.2057,1.2323,6408.2058,NA
ExperienceX.exe,49456,0x1E283BFA830,DXGI,1,0,0,Composed: Flip,6441.3517,NA,17.64750000000000,16.66180000000000,0.09730000000000,5.02690000000000,32.0790,6423.8510,17.5980,17.5007,0.0973,17.0770,5.4506,5.4506,0.0000,-1.0166,6423.8510,NA
ExperienceX.exe,49456,0x1E283BFA830,DXGI,1,0,0,Composed: Flip,6457.0569,NA,15.70520000000000,16.68750000000000,0.06870000000000,1.23590000000000,33.0613,6441.4490,15.6766,15.6079,0.0687,4.9296,11.9142,1.5887,10.3255,0.9105,6441.4490,NA
ExperienceX.exe,49456,0x1E283BFA830,DXGI,1,0,0,Composed: Flip,6474.5051,NA,17.44820000000000,16.69440000000000,0.08730000000000,4.94910000000000,32.3075,6457.1256,17.4668,17.3795,0.0873,16.8328,5.4958,5.4889,0.0069,-1.0178,6457.1256,NA
ExperienceX.exe,49456,0x1E283BFA830,DXGI,1,0,0,Composed: Flip,6490.3886,NA,15.88350000000000,16.97200000000000,0.13390000000000,1.39180000000000,33.3960,6474.5924,15.9301,15.7962,0.1339,15.9392,1.2488,1.2408,0.0080,0.4948,6474.5924,NA
ExperienceX.exe,49456,0x1E283BFA830,DXGI,1,0,0,Composed: Flip,6507.9221,NA,17.53350000000000,16.34840000000000,0.46770000000000,1.32760000000000,32.2109,6490.5225,17.8673,17.3996,0.4677,17.0785,1.6487,1.6412,0.0075,-0.4183,6490.5225,NA
ExperienceX.exe,49456,0x1E283BFA830,DXGI,1,0,0,Composed: Flip,6524.2867,NA,16.36460000000000,16.67220000000000,0.31410000000000,2.80490000000000,32.5185,6508.3898,16.2110,15.8969,0.3141,0.8599,17.8419,3.6856,14.1563,1.1951,6508.3898,NA
ExperienceX.exe,49456,0x1E283BFA830,DXGI,1,0,0,Composed: Flip,6541.1858,NA,16.89910000000000,16.63930000000000,0.42960000000000,1.30850000000000,32.2587,6524.6008,17.0146,16.5850,0.4296,16.3323,1.5612,1.5612,0.0000,-0.4283,6524.6008,NA
ExperienceX.exe,49456,0x1E283BFA830,DXGI,1,0,0,Composed: Flip,6557.0731,NA,15.88730000000000,16.69050000000000,0.13970000000000,1.54950000000000,33.0619,6541.6154,15.5974,15.4577,0.1397,0.8789,16.1283,2.0711,14.0572,0.3241,6541.6154,NA
ExperienceX.exe,49456,0x1E283BFA830,DXGI,1,0,0,Composed: Flip,6574.7218,NA,17.64870000000000,16.62970000000000,0.11550000000000,1.11590000000000,32.0429,6557.2128,17.6245,17.5090,0.1155,16.9313,1.6936,1.6854,0.0082,-1.0323,6557.2128,NA
ExperienceX.exe,49456,0x1E283BFA830,DXGI,1,0,0,Composed: Flip,6590.3865,NA,15.66470000000000,16.68790000000000,0.10350000000000,1.34910000000000,33.0661,6574.8373,15.6527,15.5492,0.1035,1.0004,15.8979,2.6898,13.2081,0.9366,6574.8373,NA
ExperienceX.exe,49456,0x1E283BFA830,DXGI,1,0,0,Composed: Flip,6607.3326,NA,16.94610000000000,16.76140000000000,0.45050000000000,2.09630000000000,32.8814,6590.4900,17.2931,16.8426,0.4505,16.9816,1.9573,1.7684,0.1889,-1.1087,6590.4900,NA
ExperienceX.exe,49456,0x1E283BFA830,DXGI,1,0,0,Composed: Flip,6623.6600,NA,16.32740000000000,16.56580000000000,0.08990000000000,1.40460000000000,33.1198,6607.7831,15.9668,15.8769,0.0899,1.6458,15.6357,4.8821,10.7536,0.7273,6607.7831,NA
ExperienceX.exe,49456,0x1E283BFA830,DXGI,1,0,0,Composed: Flip,6640.7423,NA,17.08230000000000,16.92980000000000,0.63890000000000,1.70030000000000,32.9673,6623.7499,17.6313,16.9924,0.6389,17.2647,1.4280,1.4219,0.0061,-0.9630,6623.7499,NA
ExperienceX.exe,49456,0x1E283BFA830,DXGI,1,0,0,Composed: Flip,6657.0295,NA,16.28720000000000,16.39790000000000,0.12320000000000,1.72640000000000,33.0780,6641.3812,15.7715,15.6483,0.1232,1.0614,16.3133,3.0642,13.2491,1.2334,6641.3812,NA
ExperienceX.exe,49456,0x1E283BFA830,DXGI,1,0,0,Composed: Flip,6674.3225,NA,17.29300000000000,16.72900000000000,0.11580000000000,2.06490000000000,32.5140,6657.1527,17.2856,17.1698,0.1158,17.4928,1.7419,1.7323,0.0096,-0.9575,6657.1527,NA
ExperienceX.exe,49456,0x1E283BFA830,DXGI,1,0,0,Composed: Flip,6690.2804,NA,15.95790000000000,16.71750000000000,0.09010000000000,1.42440000000000,33.2736,6674.4383,15.9322,15.8421,0.0901,1.9491,15.3174,3.9761,11.3413,0.5681,6674.4383,NA
ExperienceX.exe,49456,0x1E283BFA830,DXGI,1,0,0,Composed: Flip,6708.4651,NA,18.18470000000000,16.77780000000000,0.14110000000000,0.96290000000000,31.8667,6690.3705,18.2357,18.0946,0.1411,17.4750,1.5825,1.5741,0.0084,-0.8456,6690.3705,NA
ExperienceX.exe,49456,0x1E283BFA830,DXGI,1,0,0,Composed: Flip,6723.7884,NA,15.32330000000000,16.43920000000000,0.21450000000000,6.36140000000000,32.9826,6708.6062,15.3967,15.1822,0.2145,0.8218,20.7218,8.8567,11.8651,1.7965,6708.6062,NA
ExperienceX.exe,49456,0x1E283BFA830,DXGI,1,0,0,Composed: Flip,6742.7417,NA,18.95330000000000,16.94930000000000,0.66710000000000,1.56800000000000,30.9786,6724.0029,19.4059,18.7388,0.6671,18.2093,2.0975,2.0606,0.0369,-1.5526,6724.0029,NA
ExperienceX.exe,49456,0x1E283BFA830,DXGI,1,0,0,Composed: Flip,6756.9358,NA,14.19410000000000,16.37910000000000,0.11640000000000,1.45240000000000,33.1636,6743.4088,13.6434,13.5270,0.1164,0.9009,14.0785,3.7424,10.3361,3.0268,6743.4088,NA
ExperienceX.exe,49456,0x1E283BFA830,DXGI,1,0,0,Composed: Flip,6774.9171,NA,17.98130000000000,16.77830000000000,0.07240000000000,1.69060000000000,31.9606,6757.0522,17.9373,17.8649,0.0724,17.4879,2.0676,2.0676,0.0000,-3.1349,6757.0522,NA
ExperienceX.exe,49456,0x1E283BFA830,DXGI,1,0,0,Composed: Flip,6790.4122,NA,15.49510000000000,16.58560000000000,0.13640000000000,1.32470000000000,33.0511,6774.9895,15.5591,15.4227,0.1364,1.6182,15.1292,2.0420,13.0872,1.3517,6774.9895,NA
ExperienceX.exe,49456,0x1E283BFA830,DXGI,1,0,0,Composed: Flip,6807.9795,NA,17.56730000000000,16.64060000000000,0.08790000000000,5.16050000000000,32.1244,6790.5486,17.5188,17.4309,0.0879,17.0549,5.5365,5.5294,0.0071,-1.0815,6790.5486,NA
ExperienceX.exe,49456,0x1E283BFA830,DXGI,1,0,0,Composed: Flip,6823.7458,NA,15.76630000000000,16.80090000000000,0.16110000000000,3.20190000000000,33.1590,6808.0674,15.8395,15.6784,0.1611,15.8808,2.9995,2.9956,0.0039,0.7179,6808.0674,NA
ExperienceX.exe,49456,0x1E283BFA830,DXGI,1,0,0,Composed: Flip,6841.0512,NA,17.30540000000000,16.54770000000000,0.10520000000000,4.46520000000000,32.4013,6823.9069,17.2495,17.1443,0.1052,16.7740,4.8355,4.8355,0.0000,-0.7082,6823.9069,NA
ExperienceX.exe,49456,0x1E283BFA830,DXGI,1,0,0,Composed: Flip,6857.2689,NA,16.21770000000000,16.70010000000000,0.25640000000000,1.66540000000000,32.8837,6841.1564,16.3689,16.1125,0.2564,4.3600,13.4179,1.4353,11.9826,0.5494,6841.1564,NA
ExperienceX.exe,49456,0x1E283BFA830,DXGI,1,0,0,Composed: Flip,6874.9551,NA,17.68620000000000,16.68990000000000,0.09520000000000,5.09580000000000,31.8874,6857.5253,17.5250,17.4298,0.0952,16.9100,5.6156,5.2769,0.3387,-0.3210,6857.5253,NA
ExperienceX.exe,49456,0x1E283BFA830,DXGI,1,0,0,Composed: Flip,6890.4414,NA,15.48630000000000,16.59730000000000,0.14160000000000,1.35690000000000,32.9984,6875.0503,15.5327,15.3911,0.1416,5.0006,11.7474,1.3147,10.4327,0.9277,6875.0503,NA
ExperienceX.exe,49456,0x1E283BFA830,DXGI,1,0,0,Composed: Flip,6908.1834,NA,17.74200000000000,16.66930000000000,0.81880000000000,1.82150000000000,31.9257,6890.5830,18.4192,17.6004,0.8188,17.3237,2.0982,1.7438,0.3544,-1.1366,6890.5830,NA
ExperienceX.exe,49456,0x1E283BFA830,DXGI,1,0,0,Composed: Flip,6923.7255,NA,15.54210000000000,16.82620000000000,0.22040000000000,1.65330000000000,33.2098,6909.0022,14.9437,14.7233,0.2204,1.0027,15.3739,2.7323,12.6416,1.5930,6909.0022,NA
ExperienceX.exe,49456,0x1E283BFA830,DXGI,1,0,0,Composed: Flip,6941.3182,NA,17.59270000000000,16.51440000000000,0.11950000000000,1.47090000000000,32.1315,6923.9459,17.4918,17.3723,0.1195,16.8344,2.0088,1.8781,0.1307,-1.5707,6923.9459,NA
ExperienceX.exe,49456,0x1E283BFA830,DXGI,1,0,0,Composed: Flip,6957.2999,NA,15.98170000000000,16.81610000000000,0.24720000000000,1.67380000000000,32.9659,6941.4377,16.1094,15.8622,0.2472,1.3514,16.1846,5.2442,10.9404,0.6757,6941.4377,NA
ExperienceX.exe,49456,0x1E283BFA830,DXGI,1,0,0,Composed: Flip,6974.8619,NA,17.56200000000000,16.49610000000000,0.12970000000000,1.49830000000000,31.9000,6957.5471,17.4445,17.3148,0.1297,16.7017,2.1114,1.6953,0.4161,-0.3867,6957.5471,NA
ExperienceX.exe,49456,0x1E283BFA830,DXGI,1,0,0,Composed: Flip,6990.6235,NA,15.76160000000000,16.68680000000000,0.13370000000000,1.44140000000000,32.8252,6974.9916,15.7656,15.6319,0.1337,1.3686,15.7047,4.7103,10.9944,0.7577,6974.9916,NA
ExperienceX.exe,49456,0x1E283BFA830,DXGI,1,0,0,Composed: Flip,7007.5115,NA,16.88800000000000,16.64450000000000,0.39230000000000,1.85460000000000,32.5817,6990.7572,17.1466,16.7543,0.3923,16.5892,2.0197,1.7626,0.2571,-0.8789,6990.7572,NA
ExperienceX.exe,49456,0x1E283BFA830,DXGI,1,0,0,Composed: Flip,7023.6925,NA,16.18100000000000,16.70390000000000,0.12970000000000,6.55180000000000,33.1046,7007.9038,15.9184,15.7887,0.1297,1.4623,20.8782,9.7711,11.1071,0.4427,7007.9038,NA
ExperienceX.exe,49456,0x1E283BFA830,DXGI,1,0,0,Composed: Flip,7040.9112,NA,17.21870000000000,16.62730000000000,0.32750000000000,5.73610000000000,32.5132,7023.8222,17.4165,17.0890,0.3275,16.9184,5.9067,5.7539,0.1528,-0.7089,7023.8222,NA
ExperienceX.exe,49456,0x1E283BFA830,DXGI,1,0,0,Composed: Flip,7057.0528,NA,16.14160000000000,16.67390000000000,0.12690000000000,2.11760000000000,33.0455,7041.2387,15.9410,15.8141,0.1269,15.9237,2.0080,2.0051,0.0029,0.7426,7041.2387,NA
ExperienceX.exe,49456,0x1E283BFA830,DXGI,1,0,0,Composed: Flip,7074.5916,NA,17.53880000000000,16.69620000000000,0.10130000000000,1.47630000000000,32.2029,7057.1797,17.5132,17.4119,0.1013,16.9245,1.9637,1.6465,0.3172,-0.7552,7057.1797,NA
ExperienceX.exe,49456,0x1E283BFA830,DXGI,1,0,0,Composed: Flip,7090.4056,NA,15.81400000000000,16.89560000000000,0.18840000000000,1.48110000000000,33.2845,7074.6929,15.9011,15.7127,0.1884,1.3750,15.8188,4.4429,11.3759,0.6176,7074.6929,NA
ExperienceX.exe,49456,0x1E283BFA830,DXGI,1,0,0,Composed: Flip,7108.3244,NA,17.91880000000000,16.41240000000000,0.80870000000000,1.75390000000000,31.7781,7090.5940,18.5391,17.7304,0.8087,17.3232,2.1611,2.1377,0.0234,-0.5113,7090.5940,NA
ExperienceX.exe,49456,0x1E283BFA830,DXGI,1,0,0,Composed: Flip,7124.0643,NA,15.73990000000000,16.70970000000000,0.09470000000000,7.08430000000000,32.7479,7109.1331,15.0259,14.9312,0.0947,0.9452,21.0703,7.7181,13.3522,1.8294,7109.1331,NA
ExperienceX.exe,49456,0x1E283BFA830,DXGI,1,0,0,Composed: Flip,7141.1997,NA,17.13540000000000,16.61000000000000,0.09330000000000,1.51810000000000,32.2225,7124.1590,17.1340,17.0407,0.0933,16.5999,1.9589,1.9589,0.0000,-1.5841,7124.1590,NA
ExperienceX.exe,49456,0x1E283BFA830,DXGI,1,0,0,Composed: Flip,7157.0764,NA,15.87670000000000,16.68220000000000,0.15300000000000,1.31360000000000,33.0280,7141.2930,15.9364,15.7834,0.1530,1.4248,15.6722,3.4454,12.2268,0.4518,7141.2930,NA
ExperienceX.exe,49456,0x1E283BFA830,DXGI,1,0,0,Composed: Flip,7174.3000,NA,17.22360000000000,16.66020000000000,0.18940000000000,2.33820000000000,32.4646,7157.2294,17.2600,17.0706,0.1894,16.8317,2.5771,2.2377,0.3394,-0.7238,7157.2294,NA
ExperienceX.exe,49456,0x1E283BFA830,DXGI,1,0,0,Composed: Flip,7190.3594,NA,16.05940000000000,16.66510000000000,0.10820000000000,1.30460000000000,33.0703,7174.4894,15.9782,15.8700,0.1082,2.1488,15.0258,3.4650,11.5608,0.5949,7174.4894,NA
ExperienceX.exe,49456,0x1E283BFA830,DXGI,1,0,0,Composed: Flip,7207.6955,NA,17.33610000000000,16.66420000000000,0.27660000000000,1.82770000000000,32.3984,7190.4676,17.5045,17.2279,0.2766,16.8687,2.1869,1.7297,0.4572,-0.6860,7190.4676,NA
ExperienceX.exe,49456,0x1E283BFA830,DXGI,1,0,0,Composed: Flip,7223.6584,NA,15.96290000000000,16.67160000000000,0.10100000000000,6.70880000000000,33.1071,7207.9721,15.7873,15.6863,0.1010,1.5511,20.8440,10.1414,10.7026,0.8329,7207.9721,NA
ExperienceX.exe,49456,0x1E283BFA830,DXGI,1,0,0,Composed: Flip,7240.9608,NA,17.30240000000000,16.66290000000000,0.12290000000000,4.79270000000000,32.4676,7223.7594,17.3243,17.2014,0.1229,16.8799,5.1142,5.1100,0.0042,-0.8756,7223.7594,NA
ExperienceX.exe,49456,0x1E283BFA830,DXGI,1,0,0,Composed: Flip,7256.9836,NA,16.02280000000000,16.70320000000000,0.13080000000000,1.35970000000000,33.1480,7241.0837,16.0307,15.8999,0.1308,16.1419,1.1177,1.1108,0.0069,0.6211,7241.0837,NA
ExperienceX.exe,49456,0x1E283BFA830,DXGI,1,0,0,Composed: Flip,7274.8434,NA,17.85980000000000,16.62980000000000,0.06140000000000,1.69200000000000,31.9180,7257.1144,17.7904,17.7290,0.0614,17.3904,2.0306,1.8786,0.1520,-0.5991,7257.1144,NA
ExperienceX.exe,49456,0x1E283BFA830,DXGI,1,0,0,Composed: Flip,7290.3715,NA,15.52810000000000,16.67020000000000,0.09530000000000,1.54090000000000,33.0601,7274.9048,15.5620,15.4667,0.0953,1.6306,15.3770,2.6592,12.7178,1.1202,7274.9048,NA
ExperienceX.exe,49456,0x1E283BFA830,DXGI,1,0,0,Composed: Flip,7307.7737,NA,17.40220000000000,16.67370000000000,0.22650000000000,2.02280000000000,32.3316,7290.4668,17.5334,17.3069,0.2265,17.1403,2.1894,1.7466,0.4428,-1.1117,7290.4668,NA
ExperienceX.exe,49456,0x1E283BFA830,DXGI,1,0,0,Composed: Flip,7323.6658,NA,15.89210000000000,16.87380000000000,0.12850000000000,1.53470000000000,33.3133,7308.0002,15.7941,15.6656,0.1285,1.7963,15.4040,2.6471,12.7569,0.6596,7308.0002,NA
ExperienceX.exe,49456,0x1E283BFA830,DXGI,1,0,0,Composed: Flip,7341.6047,NA,17.93890000000000,16.56110000000000,0.14410000000000,1.04800000000000,31.9355,7323.7943,17.9545,17.8104,0.1441,17.0404,1.8180,1.8046,0.0134,-0.7670,7323.7943,NA
ExperienceX.exe,49456,0x1E283BFA830,DXGI,1,0,0,Composed: Flip,7357.4282,NA,15.82350000000000,16.56360000000000,0.08430000000000,2.28390000000000,32.6756,7341.7488,15.7637,15.6794,0.0843,0.9039,17.0594,2.7154,14.3440,1.3909,7341.7488,NA
ExperienceX.exe,49456,0x1E283BFA830,DXGI,1,0,0,Composed: Flip,7374.1761,NA,16.74790000000000,16.65790000000000,0.08040000000000,2.72630000000000,32.5856,7357.5125,16.7440,16.6636,0.0804,17.0399,2.3500,1.6754,0.6746,-0.8942,7357.5125,NA
ExperienceX.exe,49456,0x1E283BFA830,DXGI,1,0,0,Composed: Flip,7390.2688,NA,16.09270000000000,16.66710000000000,0.08610000000000,1.36670000000000,33.1600,7374.2565,16.0984,16.0123,0.0861,2.6459,14.7331,3.6956,11.0375,0.0769,7374.2565,NA
ExperienceX.exe,49456,0x1E283BFA830,DXGI,1,0,0,Composed: Flip,7407.6660,NA,17.39720000000000,16.66880000000000,0.07020000000000,1.58890000000000,32.4316,7390.3549,17.3813,17.3111,0.0702,16.9236,1.9764,1.7812,0.1952,-0.5704,7390.3549,NA
ExperienceX.exe,49456,0x1E283BFA830,DXGI,1,0,0,Composed: Flip,7423.6847,NA,16.01870000000000,16.68070000000000,0.08250000000000,6.48940000000000,33.0936,7407.7362,16.0310,15.9485,0.0825,1.5187,20.9192,9.1904,11.7288,0.7006,7407.7362,NA
ExperienceX.exe,49456,0x1E283BFA830,DXGI,1,0,0,Composed: Flip,7441.1208,NA,17.43610000000000,16.64920000000000,0.06040000000000,1.60300000000000,32.3067,7423.7672,17.4140,17.3536,0.0604,17.0360,1.9206,1.6609,0.2597,-0.6182,7423.7672,NA
ExperienceX.exe,49456,0x1E283BFA830,DXGI,1,0,0,Composed: Flip,7457.0519,NA,15.93110000000000,16.65500000000000,0.16280000000000,1.31230000000000,33.0306,7441.1812,16.0335,15.8707,0.1628,1.5426,15.6404,4.0855,11.5549,0.7590,7441.1812,NA
ExperienceX.exe,49456,0x1E283BFA830,DXGI,1,0,0,Composed: Flip,7474.3476,NA,17.29570000000000,16.88690000000000,0.08980000000000,5.23720000000000,32.6218,7457.2147,17.2227,17.1329,0.0898,16.8184,5.5517,5.3474,0.2043,-0.8534,7457.2147,NA
ExperienceX.exe,49456,0x1E283BFA830,DXGI,1,0,0,Composed: Flip,7490.3645,NA,16.01690000000000,16.47980000000000,0.19150000000000,1.75810000000000,33.0847,7474.4374,16.1186,15.9271,0.1915,16.1693,1.5159,1.4054,0.1105,0.7429,7474.4374,NA
ExperienceX.exe,49456,0x1E283BFA830,DXGI,1,0,0,Composed: Flip,7508.8139,NA,18.44940000000000,16.85510000000000,0.15260000000000,4.44390000000000,31.4904,7490.5560,18.4105,18.2579,0.1526,17.5525,5.1493,5.1418,0.0075,-0.7365,7490.5560,NA
ExperienceX.exe,49456,0x1E283BFA830,DXGI,1,0,0,Composed: Flip,7523.8410,NA,15.02710000000000,16.45480000000000,0.12900000000000,5.62690000000000,32.9181,7508.9665,15.0035,14.8745,0.1290,14.9920,5.5094,5.5024,0.0070,1.9557,7508.9665,NA
ExperienceX.exe,49456,0x1E283BFA830,DXGI,1,0,0,Composed: Flip,7541.4166,NA,17.57560000000000,16.71510000000000,0.15590000000000,5.75390000000000,32.0576,7523.9700,17.6025,17.4466,0.1559,17.0200,6.1805,6.1730,0.0075,-1.7116,7523.9700,NA
ExperienceX.exe,49456,0x1E283BFA830,DXGI,1,0,0,Composed: Flip,7557.0265,NA,15.60990000000000,16.63400000000000,0.12300000000000,0.93270000000000,33.0817,7541.5725,15.5770,15.4540,0.1230,15.5555,0.8312,0.8230,0.0082,0.9685,7541.5725,NA
ExperienceX.exe,49456,0x1E283BFA830,DXGI,1,0,0,Composed: Flip,7574.8188,NA,17.79230000000000,16.66450000000000,0.14620000000000,1.49950000000000,31.9539,7557.1495,17.8155,17.6693,0.1462,17.1557,2.0131,2.0080,0.0051,-1.0875,7557.1495,NA
ExperienceX.exe,49456,0x1E283BFA830,DXGI,1,0,0,Composed: Flip,7590.4666,NA,15.64780000000000,16.71010000000000,0.11260000000000,1.34830000000000,33.0162,7574.9650,15.6142,15.5016,0.1126,1.3533,15.4966,4.6371,10.8595,1.1054,7574.9650,NA
ExperienceX.exe,49456,0x1E283BFA830,DXGI,1,0,0,Composed: Flip,7608.1908,NA,17.72420000000000,16.61740000000000,0.09880000000000,1.14080000000000,31.9094,7590.5792,17.7104,17.6116,0.0988,17.0079,1.7445,1.5694,0.1751,-1.0032,7590.5792,NA
ExperienceX.exe,49456,0x1E283BFA830,DXGI,1,0,0,Composed: Flip,7623.7502,NA,15.55940000000000,16.67810000000000,0.19890000000000,1.50160000000000,33.0281,7608.2896,15.6595,15.4606,0.1989,1.0420,15.9202,4.4443,11.4759,1.0323,7608.2896,NA
ExperienceX.exe,49456,0x1E283BFA830,DXGI,1,0,0,Composed: Flip,7640.9196,NA,17.16940000000000,16.63980000000000,0.36800000000000,1.67440000000000,32.4985,7623.9491,17.3385,16.9705,0.3680,16.7604,1.8845,1.6772,0.2073,-0.9803,7623.9491,NA
ExperienceX.exe,49456,0x1E283BFA830,DXGI,1,0,0,Composed: Flip,7657.0462,NA,16.12660000000000,16.79530000000000,0.11780000000000,1.41230000000000,33.1672,7641.2876,15.8764,15.7586,0.1178,1.3064,15.8645,3.7156,12.1489,0.5432,7641.2876,NA
ExperienceX.exe,49456,0x1E283BFA830,DXGI,1,0,0,Composed: Flip,7674.1950,NA,17.14880000000000,16.56980000000000,0.32560000000000,1.71340000000000,32.5882,7657.1640,17.3566,17.0310,0.3256,16.8089,1.9355,1.6534,0.2821,-0.6934,7657.1640,NA
ExperienceX.exe,49456,0x1E283BFA830,DXGI,1,0,0,Composed: Flip,7690.5364,NA,16.34140000000000,17.01780000000000,0.16420000000000,1.35040000000000,33.2646,7674.5206,16.1800,16.0158,0.1642,1.3878,15.9784,4.9560,11.0224,0.3388,7674.5206,NA
ExperienceX.exe,49456,0x1E283BFA830,DXGI,1,0,0,Composed: Flip,7708.2919,NA,17.75550000000000,16.32280000000000,0.16490000000000,2.30680000000000,31.8319,7690.7006,17.7562,17.5913,0.1649,16.8893,3.0088,1.5492,1.4596,-0.1428,7690.7006,NA
ExperienceX.exe,49456,0x1E283BFA830,DXGI,1,0,0,Composed: Flip,7724.3363,NA,16.04440000000000,16.77860000000000,0.24530000000000,2.36830000000000,32.5661,7708.4568,16.1248,15.8795,0.2453,2.1419,16.1059,3.9851,12.1208,0.9776,7708.4568,NA
ExperienceX.exe,49456,0x1E283BFA830,DXGI,1,0,0,Composed: Flip,7741.3580,NA,17.02170000000000,16.51570000000000,0.29210000000000,2.12860000000000,32.0601,7724.5816,17.0685,16.7764,0.2921,16.4461,2.4589,1.9715,0.4874,-0.3909,7724.5816,NA
ExperienceX.exe,49456,0x1E283BFA830,DXGI,1,0,0,Composed: Flip,7757.3477,NA,15.98970000000000,16.69680000000000,0.18700000000000,1.48420000000000,32.7672,7741.6501,15.8846,15.6976,0.1870,1.8365,15.3453,2.8930,12.4523,0.3717,7741.6501,NA
ExperienceX.exe,49456,0x1E283BFA830,DXGI,1,0,0,Composed: Flip,7774.6162,NA,17.26850000000000,16.63500000000000,0.07980000000000,1.54180000000000,32.1337,7757.5347,17.1613,17.0815,0.0798,16.6621,1.9612,1.7095,0.2517,-0.7504,7757.5347,NA
ExperienceX.exe,49456,0x1E283BFA830,DXGI,1,0,0,Composed: Flip,7790.3525,NA,15.73630000000000,16.68890000000000,0.11670000000000,1.47460000000000,33.0863,7774.6960,15.7732,15.6565,0.1167,1.4620,15.6691,4.6116,11.0575,0.4724,7774.6960,NA
ExperienceX.exe,49456,0x1E283BFA830,DXGI,1,0,0,Composed: Flip,7807.6833,NA,17.33080000000000,16.91800000000000,0.09130000000000,1.38110000000000,32.6735,7790.4692,17.3054,17.2141,0.0913,16.8290,1.7662,1.6240,0.1422,-1.1448,7790.4692,NA
ExperienceX.exe,49456,0x1E283BFA830,DXGI,1,0,0,Composed: Flip,7823.6473,NA,15.96400000000000,16.55480000000000,0.09830000000000,6.81880000000000,33.2643,7807.7746,15.9710,15.8727,0.0983,1.2898,21.4017,9.3395,12.0622,0.7506,7807.7746,NA
ExperienceX.exe,49456,0x1E283BFA830,DXGI,1,0,0,Composed: Flip,7841.0276,NA,17.38030000000000,16.53430000000000,0.08230000000000,1.96620000000000,32.4183,7823.7456,17.3643,17.2820,0.0823,17.4968,1.7514,1.7433,0.0081,-0.5633,7823.7456,NA
ExperienceX.exe,49456,0x1E283BFA830,DXGI,1,0,0,Composed: Flip,7857.3886,NA,16.36100000000000,16.64410000000000,0.20080000000000,1.42560000000000,32.7014,7841.1099,16.4795,16.2787,0.2008,1.8839,15.8204,3.5687,12.2517,0.7202,7841.1099,NA
ExperienceX.exe,49456,0x1E283BFA830,DXGI,1,0,0,Composed: Flip,7874.2756,NA,16.88700000000000,16.72420000000000,0.36670000000000,1.51070000000000,32.5386,7857.5894,17.0529,16.6862,0.3667,16.4307,1.7662,1.5978,0.1684,-0.2447,7857.5894,NA
ExperienceX.exe,49456,0x1E283BFA830,DXGI,1,0,0,Composed: Flip,7890.3050,NA,16.02940000000000,16.62860000000000,0.10020000000000,1.34570000000000,33.1378,7874.6423,15.7629,15.6627,0.1002,1.1440,15.8644,3.8939,11.9705,0.4243,7874.6423,NA
ExperienceX.exe,49456,0x1E283BFA830,DXGI,1,0,0,Composed: Flip,7908.4799,NA,18.17490000000000,16.64950000000000,0.13140000000000,0.99120000000000,31.6124,7890.4052,18.2061,18.0747,0.1314,17.4615,1.6044,1.6044,0.0000,-0.8866,7890.4052,NA
ExperienceX.exe,49456,0x1E283BFA830,DXGI,1,0,0,Composed: Flip,7923.7711,NA,15.29120000000000,17.00960000000000,0.17660000000000,2.85370000000000,33.3308,7908.6113,15.3364,15.1598,0.1766,0.8598,17.1537,5.0605,12.0932,1.1965,7908.6113,NA
ExperienceX.exe,49456,0x1E283BFA830,DXGI,1,0,0,Composed: Flip,7940.9661,NA,17.19500000000000,16.36220000000000,0.06400000000000,1.41430000000000,32.4980,7923.9477,17.0824,17.0184,0.0640,16.6720,1.7607,1.7607,0.0000,-1.0258,7923.9477,NA
ExperienceX.exe,49456,0x1E283BFA830,DXGI,1,0,0,Composed: Flip,7957.9802,NA,17.01410000000000,16.67490000000000,0.43280000000000,2.45060000000000,32.1588,7941.0301,17.3829,16.9501,0.4328,1.3503,18.0504,3.0976,14.9528,0.4075,7941.0301,NA
ExperienceX.exe,49456,0x1E283BFA830,DXGI,1,0,0,Composed: Flip,7974.8502,NA,16.87000000000000,16.61540000000000,0.13390000000000,1.46580000000000,31.9042,7958.4130,16.5711,16.4372,0.1339,15.9195,1.9835,1.9726,0.0109,0.7675,7958.4130,NA
ExperienceX.exe,49456,0x1E283BFA830,DXGI,1,0,0,Composed: Flip,7990.4138,NA,15.56360000000000,16.65790000000000,0.18890000000000,1.46790000000000,32.9985,7974.9841,15.6186,15.4297,0.1889,1.3319,15.5657,2.3124,13.2533,-0.0868,7974.9841,NA
ExperienceX.exe,49456,0x1E283BFA830,DXGI,1,0,0,Composed: Flip,8007.7563,NA,17.34250000000000,16.66410000000000,0.14530000000000,5.04870000000000,32.3201,7990.6027,17.2989,17.1536,0.1453,16.7121,5.4902,5.4839,0.0063,-1.0455,7990.6027,NA
ExperienceX.exe,49456,0x1E283BFA830,DXGI,1,0,0,Composed: Flip,8023.6758,NA,15.91950000000000,16.77160000000000,0.11590000000000,6.07320000000000,33.1722,8007.9016,15.8901,15.7742,0.1159,15.9468,5.9006,5.8936,0.0070,0.5273,8007.9016,NA
ExperienceX.exe,49456,0x1E283BFA830,DXGI,1,0,0,Composed: Flip,8040.8499,NA,17.17410000000000,16.59780000000000,0.06640000000000,5.12640000000000,32.5959,8023.7917,17.1246,17.0582,0.0664,16.7921,5.3925,5.3925,0.0000,-0.7077,8023.7917,NA
ExperienceX.exe,49456,0x1E283BFA830,DXGI,1,0,0,Composed: Flip,8057.1781,NA,16.32820000000000,16.66600000000000,0.14510000000000,1.27150000000000,32.9337,8040.9163,16.4069,16.2618,0.1451,5.0600,12.4733,1.2649,11.2084,0.4586,8040.9163,NA
ExperienceX.exe,49456,0x1E283BFA830,DXGI,1,0,0,Composed: Flip,8074.8781,NA,17.70000000000000,16.65710000000000,0.12930000000000,1.28130000000000,31.8908,8057.3232,17.6842,17.5549,0.1293,17.3725,1.4637,1.4537,0.0100,-0.2502,8057.3232,NA
ExperienceX.exe,49456,0x1E283BFA830,DXGI,1,0,0,Composed: Flip,8090.4030,NA,15.52490000000000,16.72660000000000,0.17330000000000,1.47640000000000,33.0925,8075.0074,15.5689,15.3956,0.1733,1.1520,15.7200,2.5571,13.1629,0.9576,8075.0074,NA
ExperienceX.exe,49456,0x1E283BFA830,DXGI,1,0,0,Composed: Flip,8107.9007,NA,17.49770000000000,16.60000000000000,0.21630000000000,1.78410000000000,32.1948,8090.5763,17.5407,17.3244,0.2163,17.1380,1.9705,1.7708,0.1997,-1.0311,8090.5763,NA
ExperienceX.exe,49456,0x1E283BFA830,DXGI,1,0,0,Composed: Flip,8123.8602,NA,15.95950000000000,16.67710000000000,0.24970000000000,3.10090000000000,32.9124,8108.1170,15.9929,15.7432,0.2497,1.5678,17.2763,4.1970,13.0793,0.8636,8108.1170,NA
ExperienceX.exe,49456,0x1E283BFA830,DXGI,1,0,0,Composed: Flip,8141.4427,NA,17.58250000000000,16.64020000000000,0.08100000000000,5.26630000000000,31.9701,8124.1099,17.4138,17.3328,0.0810,16.6771,5.9220,5.7178,0.2042,-0.6473,8124.1099,NA
ExperienceX.exe,49456,0x1E283BFA830,DXGI,1,0,0,Composed: Flip,8157.0566,NA,15.61390000000000,16.78390000000000,0.13690000000000,1.51430000000000,33.1401,8141.5237,15.6698,15.5329,0.1369,15.7730,1.2742,1.2634,0.0108,0.6299,8141.5237,NA
ExperienceX.exe,49456,0x1E283BFA830,DXGI,1,0,0,Composed: Flip,8174.2071,NA,17.15050000000000,16.56170000000000,0.38410000000000,1.84450000000000,32.5513,8157.1935,17.3977,17.0136,0.3841,16.8289,2.0292,1.8130,0.2162,-0.8919,8157.1935,NA
ExperienceX.exe,49456,0x1E283BFA830,DXGI,1,0,0,Composed: Flip,8190.5971,NA,16.39000000000000,16.68980000000000,0.12870000000000,1.71610000000000,32.8511,8174.5912,16.1346,16.0059,0.1287,1.4604,16.2616,4.8701,11.3915,0.7079,8174.5912,NA
ExperienceX.exe,49456,0x1E283BFA830,DXGI,1,0,0,Composed: Flip,8207.8928,NA,17.29570000000000,16.63550000000000,0.43890000000000,1.91700000000000,32.1909,8190.7258,17.6059,17.1670,0.4389,16.8333,2.2507,2.0052,0.2455,-0.5009,8190.7258,NA
ExperienceX.exe,49456,0x1E283BFA830,DXGI,1,0,0,Composed: Flip,8223.8032,NA,15.91040000000000,16.66380000000000,0.11310000000000,1.89120000000000,32.9443,8208.3317,15.5846,15.4715,0.1131,1.4781,15.8846,5.4397,10.4449,0.9421,8208.3317,NA
ExperienceX.exe,49456,0x1E283BFA830,DXGI,1,0,0,Composed: Flip,8240.5194,NA,16.71620000000000,16.66950000000000,0.43110000000000,2.00080000000000,32.8976,8223.9163,17.0342,16.6031,0.4311,16.7442,1.8597,1.8597,0.0000,-1.0849,8223.9163,NA
ExperienceX.exe,49456,0x1E283BFA830,DXGI,1,0,0,Composed: Flip,8256.9462,NA,16.42680000000000,16.68950000000000,0.10900000000000,1.51130000000000,33.1603,8240.9505,16.1047,15.9957,0.1090,1.5697,15.9373,4.6870,11.2503,0.3447,8240.9505,NA
ExperienceX.exe,49456,0x1E283BFA830,DXGI,1,0,0,Composed: Flip,8274.4176,NA,17.47140000000000,16.69920000000000,0.08670000000000,4.51740000000000,32.3881,8257.0552,17.4491,17.3624,0.0867,16.9603,4.9195,4.6212,0.2983,-0.5945,8257.0552,NA
ExperienceX.exe,49456,0x1E283BFA830,DXGI,1,0,0,Composed: Flip,8290.3864,NA,15.96880000000000,16.69330000000000,0.14430000000000,0.88290000000000,33.1126,8274.5043,16.0264,15.8821,0.1443,16.0557,0.7093,0.7032,0.0061,0.7558,8274.5043,NA
ExperienceX.exe,49456,0x1E283BFA830,DXGI,1,0,0,Composed: Flip,8309.5324,NA,19.14600000000000,16.68310000000000,0.17980000000000,1.04900000000000,30.6497,8290.5307,19.1815,19.0017,0.1798,18.4038,1.6469,1.6308,0.0161,-0.6567,8290.5307,NA
ExperienceX.exe,49456,0x1E283BFA830,DXGI,1,0,0,Composed: Flip,8323.7758,NA,14.24340000000000,16.58520000000000,0.15550000000000,1.38430000000000,32.9915,8309.7122,14.2191,14.0636,0.1555,0.8692,14.5787,4.1132,10.4655,2.5963,8309.7122,NA
ExperienceX.exe,49456,0x1E283BFA830,DXGI,1,0,0,Composed: Flip,8342.0178,NA,18.24200000000000,16.65060000000000,0.16890000000000,1.04060000000000,31.4001,8323.9313,18.2554,18.0865,0.1689,17.3201,1.8070,1.7984,0.0086,-2.4315,8323.9313,NA
ExperienceX.exe,49456,0x1E283BFA830,DXGI,1,0,0,Composed: Flip,8357.0116,NA,14.99380000000000,16.66670000000000,0.12060000000000,1.39540000000000,33.0730,8342.1867,14.9455,14.8249,0.1206,0.8717,15.3486,3.8191,11.5295,1.5887,8342.1867,NA
ExperienceX.exe,49456,0x1E283BFA830,DXGI,1,0,0,Composed: Flip,8375.1778,NA,18.16620000000000,16.65930000000000,0.13350000000000,1.22140000000000,31.5661,8357.1322,18.1791,18.0456,0.1335,17.0010,2.2660,1.7809,0.4851,-1.7138,8357.1322,NA
ExperienceX.exe,49456,0x1E283BFA830,DXGI,1,0,0,Composed: Flip,8390.3331,NA,15.15530000000000,16.70330000000000,0.11760000000000,1.26470000000000,33.1141,8375.3113,15.1394,15.0218,0.1176,1.0879,15.1986,3.5559,11.6427,1.4758,8375.3113,NA
ExperienceX.exe,49456,0x1E283BFA830,DXGI,1,0,0,Composed: Flip,8408.1304,NA,17.79730000000000,16.65060000000000,0.09970000000000,1.14010000000000,31.9674,8390.4507,17.7794,17.6797,0.0997,17.1305,1.6893,1.6893,0.0000,-1.5112,8390.4507,NA
ExperienceX.exe,49456,0x1E283BFA830,DXGI,1,0,0,Composed: Flip,8423.7383,NA,15.60790000000000,16.72460000000000,0.15250000000000,1.58300000000000,33.0841,8408.2301,15.6607,15.5082,0.1525,1.0404,16.0508,3.8651,12.1857,1.0548,8408.2301,NA
ExperienceX.exe,49456,0x1E283BFA830,DXGI,1,0,0,Composed: Flip,8441.2498,NA,17.51150000000000,16.60420000000000,0.10310000000000,10.74370000000000,32.1768,8423.8908,17.4621,17.3590,0.1031,16.9338,11.1689,11.1689,0.0000,-0.9435,8423.8908,NA
ExperienceX.exe,49456,0x1E283BFA830,DXGI,1,0,0,Composed: Flip,8457.1282,NA,15.87840000000000,16.74690000000000,0.07520000000000,2.81780000000000,33.0453,8441.3529,15.8505,15.7753,0.0752,10.6406,7.9525,3.7096,4.2429,0.7152,8441.3529,NA
ExperienceX.exe,49456,0x1E283BFA830,DXGI,1,0,0,Composed: Flip,8474.2220,NA,17.09380000000000,16.57740000000000,0.25990000000000,11.45600000000000,32.5289,8457.2034,17.2785,17.0186,0.2599,16.8413,11.6333,11.5377,0.0956,-0.7269,8457.2034,NA
ExperienceX.exe,49456,0x1E283BFA830,DXGI,1,0,0,Composed: Flip,8490.4162,NA,16.19420000000000,16.76940000000000,0.12630000000000,2.16130000000000,33.1041,8474.4819,16.0606,15.9343,0.1263,11.1961,6.8995,2.5401,4.3594,0.5091,8474.4819,NA
ExperienceX.exe,49456,0x1E283BFA830,DXGI,1,0,0,Composed: Flip,8507.7895,NA,17.37330000000000,16.69790000000000,0.19880000000000,11.78460000000000,32.4287,8490.5425,17.4458,17.2470,0.1988,17.0143,12.0173,11.6725,0.3448,-0.6373,8490.5425,NA
ExperienceX.exe,49456,0x1E283BFA830,DXGI,1,0,0,Composed: Flip,8523.7628,NA,15.97330000000000,16.63980000000000,0.17610000000000,3.69650000000000,33.0952,8507.9883,15.9506,15.7745,0.1761,11.5858,7.8852,3.9635,3.9217,0.8060,8507.9883,NA
ExperienceX.exe,49456,0x1E283BFA830,DXGI,1,0,0,Composed: Flip,8541.4975,NA,17.73470000000000,33.17820000000000,0.64550000000000,16.52470000000000,48.5387,8523.9389,18.2041,17.5586,0.6455,17.2413,16.8420,16.8285,0.0135,-17.2276,8523.9389,NA
ExperienceX.exe,49456,0x1E283BFA830,DXGI,1,0,0,Composed: Flip,8575.6148,NA,34.11730000000000,16.81030000000000,0.08420000000000,12.14260000000000,31.2317,8542.1430,33.5560,33.4718,0.0842,32.9782,12.6362,12.6362,0.0000,1.3938,8542.1430,NA
ExperienceX.exe,49456,0x1E283BFA830,DXGI,1,0,0,Composed: Flip,8590.3075,NA,14.69270000000000,16.59200000000000,0.10900000000000,2.08590000000000,33.1310,8575.6990,14.7175,14.6085,0.1090,12.0584,4.6360,2.4786,2.1574,16.9640,8575.6990,NA
ExperienceX.exe,49456,0x1E283BFA830,DXGI,1,0,0,Composed: Flip,8608.4191,NA,18.11160000000000,16.65310000000000,0.19830000000000,12.12650000000000,31.6725,8590.4165,18.2009,18.0026,0.1983,17.4414,12.6877,12.2755,0.4122,-1.9356,8590.4165,NA
ExperienceX.exe,49456,0x1E283BFA830,DXGI,1,0,0,Composed: Flip,8623.6164,NA,15.19730000000000,16.79460000000000,0.07410000000000,1.77390000000000,33.2698,8608.6174,15.0731,14.9990,0.0741,15.0894,1.6835,1.6747,0.0088,1.4063,8608.6174,NA
ExperienceX.exe,49456,0x1E283BFA830,DXGI,1,0,0,Composed: Flip,8640.8574,NA,17.24100000000000,16.55280000000000,0.07570000000000,1.78920000000000,32.5816,8623.6905,17.2426,17.1669,0.0757,16.8921,2.0640,1.9771,0.0869,-1.4797,8623.6905,NA
ExperienceX.exe,49456,0x1E283BFA830,DXGI,1,0,0,Composed: Flip,8657.5504,NA,16.69300000000000,16.74120000000000,0.36180000000000,1.54760000000000,32.6298,8640.9331,16.9791,16.6173,0.3618,1.7135,16.4514,3.7356,12.7158,0.5014,8640.9331,NA
ExperienceX.exe,49456,0x1E283BFA830,DXGI,1,0,0,Composed: Flip,8674.7001,NA,17.14970000000000,16.85150000000000,0.13790000000000,1.40960000000000,32.3316,8657.9122,16.9258,16.7879,0.1379,16.2104,1.9871,1.6701,0.3170,0.1276,8657.9122,NA
ExperienceX.exe,49456,0x1E283BFA830,DXGI,1,0,0,Composed: Flip,8690.4532,NA,15.75310000000000,16.40190000000000,0.20210000000000,1.59820000000000,32.9804,8674.8380,15.8173,15.6152,0.2021,1.2717,15.9417,4.9230,11.0187,0.5239,8674.8380,NA
ExperienceX.exe,49456,0x1E283BFA830,DXGI,1,0,0,Composed: Flip,8708.9460,NA,18.49280000000000,16.75550000000000,0.11560000000000,3.68420000000000,31.2431,8690.6553,18.4063,18.2907,0.1156,17.4870,4.4879,3.9459,0.5420,-0.9382,8690.6553,NA
ExperienceX.exe,49456,0x1E283BFA830,DXGI,1,0,0,Composed: Flip,8723.6375,NA,14.69150000000000,16.67420000000000,0.11020000000000,2.30960000000000,33.2258,8709.0616,14.6861,14.5759,0.1102,3.5686,13.3169,2.7380,10.5789,1.7321,8709.0616,NA
ExperienceX.exe,49456,0x1E283BFA830,DXGI,1,0,0,Composed: Flip,8741.7233,NA,18.08580000000000,16.55670000000000,0.28210000000000,5.39480000000000,31.6967,8723.7477,18.2577,17.9756,0.2821,17.3119,6.0585,6.0486,0.0099,-1.8706,8723.7477,NA
ExperienceX.exe,49456,0x1E283BFA830,DXGI,1,0,0,Composed: Flip,8757.1760,NA,15.45270000000000,16.66410000000000,0.15370000000000,0.94230000000000,32.9081,8742.0054,15.3243,15.1706,0.1537,15.3815,0.7314,0.7314,0.0000,1.5936,8742.0054,NA
ExperienceX.exe,49456,0x1E283BFA830,DXGI,1,0,0,Composed: Flip,8774.8690,NA,17.69300000000000,16.74250000000000,0.35920000000000,1.32340000000000,31.9576,8757.3297,17.8985,17.5393,0.3592,0.7886,18.0741,1.5836,16.4905,-1.4182,8757.3297,NA
ExperienceX.exe,49456,0x1E283BFA830,DXGI,1,0,0,Composed: Flip,8790.3666,NA,15.49760000000000,16.75940000000000,0.12220000000000,1.50830000000000,33.2194,8775.2282,15.2606,15.1384,0.1222,0.9642,15.6825,4.8787,10.8038,1.1391,8775.2282,NA
ExperienceX.exe,49456,0x1E283BFA830,DXGI,1,0,0,Composed: Flip,8807.8763,NA,17.50970000000000,16.51080000000000,0.15890000000000,2.68340000000000,32.2205,8790.4888,17.5464,17.3875,0.1589,18.3300,1.7409,1.6845,0.0564,-1.2502,8790.4888,NA
ExperienceX.exe,49456,0x1E283BFA830,DXGI,1,0,0,Composed: Flip,8823.9282,NA,16.05190000000000,16.69690000000000,0.26870000000000,3.00390000000000,32.8655,8808.0352,16.1617,15.8930,0.2687,2.6464,16.2505,4.8740,11.3765,0.8495,8808.0352,NA
ExperienceX.exe,49456,0x1E283BFA830,DXGI,1,0,0,Composed: Flip,8840.8475,NA,16.91930000000000,16.63350000000000,0.29380000000000,5.22360000000000,32.5797,8824.1969,16.9444,16.6506,0.2938,16.4661,5.4081,5.4081,0.0000,-0.4718,8824.1969,NA
ExperienceX.exe,49456,0x1E283BFA830,DXGI,1,0,0,Composed: Flip,8857.0624,NA,16.21490000000000,16.74350000000000,0.18000000000000,1.42320000000000,33.1083,8841.1413,16.1011,15.9211,0.1800,4.9298,12.4145,1.1944,11.2201,0.2009,8841.1413,NA
ExperienceX.exe,49456,0x1E283BFA830,DXGI,1,0,0,Composed: Flip,8874.5919,NA,17.52950000000000,16.59650000000000,0.11770000000000,5.42420000000000,32.1753,8857.2424,17.4672,17.3495,0.1177,16.8499,5.9238,5.5339,0.3899,-0.4954,8857.2424,NA
ExperienceX.exe,49456,0x1E283BFA830,DXGI,1,0,0,Composed: Flip,8890.3804,NA,15.78850000000000,16.96180000000000,0.05250000000000,1.00120000000000,33.3486,8874.7096,15.7233,15.6708,0.0525,15.7486,0.9234,0.8900,0.0334,0.5054,8874.7096,NA
ExperienceX.exe,49456,0x1E283BFA830,DXGI,1,0,0,Composed: Flip,8908.1512,NA,17.77080000000000,16.39340000000000,0.11770000000000,1.64730000000000,31.9712,8890.4329,17.8360,17.7183,0.1177,17.0839,2.2817,1.9382,0.3435,-0.6701,8890.4329,NA
ExperienceX.exe,49456,0x1E283BFA830,DXGI,1,0,0,Composed: Flip,8924.1017,NA,15.95050000000000,16.70060000000000,0.09290000000000,3.03430000000000,32.7213,8908.2689,15.9257,15.8328,0.0929,1.5296,17.3375,5.5329,11.8046,1.1354,8908.2689,NA
ExperienceX.exe,49456,0x1E283BFA830,DXGI,1,0,0,Composed: Flip,8941.6907,NA,17.58900000000000,16.71640000000000,0.09550000000000,1.51780000000000,31.8487,8924.1946,17.5916,17.4961,0.0955,16.8593,2.1546,1.8289,0.3257,-0.7907,8924.1946,NA
ExperienceX.exe,49456,0x1E283BFA830,DXGI,1,0,0,Composed: Flip,8957.0708,NA,15.38010000000000,16.58610000000000,0.14440000000000,2.55630000000000,33.0547,8941.7862,15.4290,15.2846,0.1444,1.4223,16.4186,5.2653,11.1533,1.0055,8941.7862,NA
ExperienceX.exe,49456,0x1E283BFA830,DXGI,1,0,0,Composed: Flip,8975.2753,NA,18.20450000000000,16.61970000000000,0.11610000000000,1.15250000000000,31.4699,8957.2152,18.1762,18.0601,0.1161,17.3438,1.8688,1.8602,0.0086,-1.1907,8957.2152,NA
ExperienceX.exe,49456,0x1E283BFA830,DXGI,1,0,0,Composed: Flip,8990.4486,NA,15.17330000000000,16.71550000000000,0.31170000000000,1.60240000000000,33.0121,8975.3914,15.3689,15.0572,0.3117,1.0364,15.6232,4.7140,10.9092,1.4607,8975.3914,NA
ExperienceX.exe,49456,0x1E283BFA830,DXGI,1,0,0,Composed: Flip,9007.4477,NA,16.99910000000000,16.62360000000000,0.25460000000000,5.57790000000000,32.6366,8990.7603,16.9420,16.6874,0.2546,16.5180,5.7473,5.7417,0.0056,-1.2547,8990.7603,NA
ExperienceX.exe,49456,0x1E283BFA830,DXGI,1,0,0,Composed: Flip,9023.6911,NA,16.24340000000000,16.67010000000000,0.10310000000000,1.43350000000000,33.0633,9007.7023,16.0919,15.9888,0.1031,16.1328,1.2895,1.2665,0.0230,0.2719,9007.7023,NA
ExperienceX.exe,49456,0x1E283BFA830,DXGI,1,0,0,Composed: Flip,9040.6097,NA,16.91860000000000,16.67430000000000,0.44980000000000,2.12960000000000,32.8190,9023.7942,17.2653,16.8155,0.4498,16.9883,1.9568,1.9568,0.0000,-0.5824,9023.7942,NA
ExperienceX.exe,49456,0x1E283BFA830,DXGI,1,0,0,Composed: Flip,9057.0390,NA,16.42930000000000,16.68890000000000,0.29870000000000,1.91400000000000,33.0786,9041.0595,16.2782,15.9795,0.2987,1.6798,16.2137,5.0650,11.1487,0.5764,9041.0595,NA
ExperienceX.exe,49456,0x1E283BFA830,DXGI,1,0,0,Composed: Flip,9074.5569,NA,17.51790000000000,16.63200000000000,0.10870000000000,1.32450000000000,32.1927,9057.3377,17.3279,17.2192,0.1087,16.8496,1.6941,1.6941,0.0000,-0.3538,9057.3377,NA
ExperienceX.exe,49456,0x1E283BFA830,DXGI,1,0,0,Composed: Flip,9090.4486,NA,15.89170000000000,16.72360000000000,0.13660000000000,1.39700000000000,33.0246,9074.6656,15.9196,15.7830,0.1366,1.2158,15.9642,3.5906,12.3736,0.6043,9074.6656,NA
ExperienceX.exe,49456,0x1E283BFA830,DXGI,1,0,0,Composed: Flip,9107.6457,NA,17.19710000000000,16.87790000000000,0.17630000000000,4.86240000000000,32.7054,9090.5852,17.2368,17.0605,0.1763,16.8156,5.1073,5.1027,0.0046,-0.9583,9090.5852,NA
ExperienceX.exe,49456,0x1E283BFA830,DXGI,1,0,0,Composed: Flip,9123.7417,NA,16.09600000000000,16.42750000000000,0.12870000000000,2.44530000000000,33.0369,9107.8220,16.0484,15.9197,0.1287,16.0552,2.3098,2.3045,0.0053,0.8093,9107.8220,NA
ExperienceX.exe,49456,0x1E283BFA830,DXGI,1,0,0,Composed: Flip,9142.8678,NA,19.12610000000000,16.68970000000000,0.19710000000000,7.57590000000000,30.6005,9123.8704,19.1945,18.9974,0.1971,18.0772,8.4961,7.9819,0.5142,-0.6413,9123.8704,NA
ExperienceX.exe,49456,0x1E283BFA830,DXGI,1,0,0,Composed: Flip,9157.0286,NA,14.16080000000000,16.64140000000000,0.14070000000000,0.97490000000000,33.0811,9143.0649,14.1044,13.9637,0.1407,14.1589,0.7797,0.7722,0.0075,2.5531,9143.0649,NA
ExperienceX.exe,49456,0x1E283BFA830,DXGI,1,0,0,Composed: Flip,9174.5221,NA,17.49350000000000,16.73400000000000,0.28210000000000,2.32380000000000,32.3216,9157.1693,17.6349,17.3528,0.2821,17.1226,2.5540,2.5399,0.0141,-2.6296,9157.1693,NA
ExperienceX.exe,49456,0x1E283BFA830,DXGI,1,0,0,Composed: Flip,9190.4649,NA,15.94280000000000,16.59660000000000,0.19160000000000,1.43900000000000,32.9754,9174.8042,15.8523,15.6607,0.1916,2.0417,15.0580,3.4957,11.5623,1.0383,9174.8042,NA
ExperienceX.exe,49456,0x1E283BFA830,DXGI,1,0,0,Composed: Flip,9207.9639,NA,17.49900000000000,16.68210000000000,0.29360000000000,3.42680000000000,32.1585,9190.6565,17.6010,17.3074,0.2936,17.7612,2.9730,2.9643,0.0087,-0.8298,9190.6565,NA
ExperienceX.exe,49456,0x1E283BFA830,DXGI,1,0,0,Composed: Flip,9223.6101,NA,15.64620000000000,16.73780000000000,0.13960000000000,2.42040000000000,33.2501,9208.2575,15.4922,15.3526,0.1396,3.1332,14.6398,5.6313,9.0085,0.8632,9208.2575,NA
ExperienceX.exe,49456,0x1E283BFA830,DXGI,1,0,0,Composed: Flip,9241.2397,NA,17.62960000000000,16.56650000000000,0.11290000000000,7.00170000000000,32.1870,9223.7497,17.6029,17.4900,0.1129,17.0777,7.4140,7.4072,0.0068,-1.0743,9223.7497,NA
ExperienceX.exe,49456,0x1E283BFA830,DXGI,1,0,0,Composed: Flip,9257.2658,NA,16.02610000000000,16.72780000000000,0.20000000000000,1.04540000000000,32.8887,9241.3526,16.1132,15.9132,0.2000,16.1648,0.7938,0.7851,0.0087,0.8751,9241.3526,NA
ExperienceX.exe,49456,0x1E283BFA830,DXGI,1,0,0,Composed: Flip,9274.4949,NA,17.22910000000000,16.78970000000000,0.09220000000000,1.39880000000000,32.4493,9257.4658,17.1213,17.0291,0.0922,16.6274,1.8005,1.8005,0.0000,-0.6765,9257.4658,NA
ExperienceX.exe,49456,0x1E283BFA830,DXGI,1,0,0,Composed: Flip,9290.4704,NA,15.97550000000000,17.12600000000000,0.18420000000000,1.50170000000000,33.5998,9274.5871,16.0675,15.8833,0.1842,1.3066,16.0784,4.7621,11.3163,-0.0047,9274.5871,NA
ExperienceX.exe,49456,0x1E283BFA830,DXGI,1,0,0,Composed: Flip,9308.4630,NA,17.99260000000000,16.06040000000000,0.54090000000000,1.46950000000000,31.6676,9290.6546,18.3493,17.8084,0.5409,17.4790,1.7989,1.7593,0.0396,0.0071,9290.6546,NA
ExperienceX.exe,49456,0x1E283BFA830,DXGI,1,0,0,Composed: Flip,9324.5224,NA,16.05940000000000,16.69800000000000,0.10640000000000,1.78730000000000,32.3062,9309.0039,15.6249,15.5185,0.1064,0.9286,16.3772,3.3451,13.0321,1.6513,9309.0039,NA
ExperienceX.exe,49456,0x1E283BFA830,DXGI,1,0,0,Composed: Flip,9341.5446,NA,17.02220000000000,16.65450000000000,0.19360000000000,1.64680000000000,31.9385,9324.6288,17.1094,16.9158,0.1936,16.6328,1.9298,1.9179,0.0119,-1.0296,9324.6288,NA
ExperienceX.exe,49456,0x1E283BFA830,DXGI,1,0,0,Composed: Flip,9357.2308,NA,15.68620000000000,16.59640000000000,0.18430000000000,1.57620000000000,32.8487,9341.7382,15.6769,15.4926,0.1843,1.4532,15.6156,5.2635,10.3521,0.5130,9341.7382,NA
ExperienceX.exe,49456,0x1E283BFA830,DXGI,1,0,0,Composed: Flip,9374.4130,NA,17.18220000000000,16.76590000000000,0.07230000000000,4.26990000000000,32.4324,9357.4151,17.0702,16.9979,0.0723,16.6947,4.5731,4.5731,0.0000,-1.0890,9357.4151,NA
ExperienceX.exe,49456,0x1E283BFA830,DXGI,1,0,0,Composed: Flip,9390.3362,NA,15.92320000000000,16.62900000000000,0.14180000000000,0.82830000000000,33.1382,9374.4853,15.9927,15.8509,0.1418,4.1976,12.4816,0.8967,11.5849,0.4412,9374.4853,NA
ExperienceX.exe,49456,0x1E283BFA830,DXGI,1,0,0,Composed: Flip,9407.9206,NA,17.58440000000000,16.59410000000000,0.22550000000000,4.32670000000000,32.1479,9390.4780,17.6681,17.4426,0.2255,17.0961,4.6732,4.3345,0.3387,-0.6014,9390.4780,NA
ExperienceX.exe,49456,0x1E283BFA830,DXGI,1,0,0,Composed: Flip,9423.9383,NA,16.01770000000000,16.68680000000000,0.19510000000000,3.41330000000000,32.8170,9408.1461,15.9873,15.7922,0.1951,4.1012,15.1043,3.8718,11.2325,0.9813,9408.1461,NA
ExperienceX.exe,49456,0x1E283BFA830,DXGI,1,0,0,Composed: Flip,9440.9966,NA,17.05830000000000,16.65110000000000,0.05800000000000,1.51900000000000,32.4098,9424.1334,16.9212,16.8632,0.0580,16.6812,1.7010,1.6893,0.0117,-0.6638,9424.1334,NA
ExperienceX.exe,49456,0x1E283BFA830,DXGI,1,0,0,Composed: Flip,9457.0180,NA,16.02140000000000,16.67880000000000,0.10630000000000,1.46500000000000,33.0672,9441.0546,16.0697,15.9634,0.1063,1.4610,15.9674,4.9607,11.0067,0.2424,9441.0546,NA
ExperienceX.exe,49456,0x1E283BFA830,DXGI,1,0,0,Composed: Flip,9474.5911,NA,17.57310000000000,16.71060000000000,0.08130000000000,1.22640000000000,32.2047,9457.1243,17.5481,17.4668,0.0813,17.0116,1.6816,1.6816,0.0000,-0.6409,9457.1243,NA
ExperienceX.exe,49456,0x1E283BFA830,DXGI,1,0,0,Composed: Flip,9490.2761,NA,15.68500000000000,16.86220000000000,0.05590000000000,1.35190000000000,33.3819,9474.6724,15.6596,15.6037,0.0559,1.1451,15.8105,3.9354,11.8751,0.6859,9474.6724,NA
ExperienceX.exe,49456,0x1E283BFA830,DXGI,1,0,0,Composed: Flip,9508.2074,NA,17.93130000000000,16.45500000000000,0.46980000000000,1.64310000000000,31.9056,9490.3320,18.3452,17.8754,0.4698,17.4930,2.0255,2.0161,0.0094,-0.7954,9490.3320,NA
ExperienceX.exe,49456,0x1E283BFA830,DXGI,1,0,0,Composed: Flip,9524.1581,NA,15.95070000000000,16.72170000000000,0.16800000000000,2.01440000000000,32.6766,9508.6772,15.6489,15.4809,0.1680,1.1733,16.3220,4.9970,11.3250,1.6235,9508.6772,NA
ExperienceX.exe,49456,0x1E283BFA830,DXGI,1,0,0,Composed: Flip,9540.5243,NA,16.36620000000000,16.60810000000000,0.04180000000000,2.25720000000000,32.9185,9524.3261,16.2400,16.1982,0.0418,16.4149,2.0405,2.0302,0.0103,-0.9592,9524.3261,NA
ExperienceX.exe,49456,0x1E283BFA830,DXGI,1,0,0,Composed: Flip,9557.1158,NA,16.59150000000000,16.64540000000000,0.19000000000000,1.46780000000000,32.9724,9540.5661,16.7397,16.5497,0.1900,2.2154,15.8021,5.0671,10.7350,-0.4054,9540.5661,NA
ExperienceX.exe,49456,0x1E283BFA830,DXGI,1,0,0,Composed: Flip,9573.7586,NA,16.64280000000000,16.66240000000000,0.06210000000000,2.06900000000000,32.9920,9557.3058,16.5149,16.4528,0.0621,16.7975,1.7243,1.7094,0.0149,0.0773,9557.3058,NA
ExperienceX.exe,49456,0x1E283BFA830,DXGI,1,0,0,Composed: Flip,9590.3619,NA,16.60330000000000,16.66110000000000,0.24930000000000,1.81230000000000,33.0498,9573.8207,16.7905,16.5412,0.2493,2.0069,16.3466,3.2664,13.0802,-0.1462,9573.8207,NA
ExperienceX.exe,49456,0x1E283BFA830,DXGI,1,0,0,Composed: Flip,9608.3435,NA,17.98160000000000,16.66960000000000,0.13240000000000,5.35650000000000,31.7378,9590.6112,17.8647,17.7323,0.1324,17.1573,5.9315,5.9256,0.0059,0.1209,9590.6112,NA
ExperienceX.exe,49456,0x1E283BFA830,DXGI,1,0,0,Composed: Flip,9623.7110,NA,15.36750000000000,16.69720000000000,0.23280000000000,2.27810000000000,33.0675,9608.4759,15.4679,15.2351,0.2328,15.4934,2.0198,2.0135,0.0063,1.1675,9608.4759,NA
ExperienceX.exe,49456,0x1E283BFA830,DXGI,1,0,0,Composed: Flip,9641.0872,NA,17.37620000000000,16.65210000000000,0.34770000000000,1.44600000000000,32.3434,9623.9438,17.4911,17.1434,0.3477,16.9529,1.6365,1.6312,0.0053,-1.1842,9623.9438,NA
ExperienceX.exe,49456,0x1E283BFA830,DXGI,1,0,0,Composed: Flip,9657.0447,NA,15.95750000000000,16.68910000000000,0.14890000000000,1.57410000000000,33.0750,9641.4349,15.7587,15.6098,0.1489,1.0983,16.0856,4.1175,11.9681,0.8020,9641.4349,NA
ExperienceX.exe,49456,0x1E283BFA830,DXGI,1,0,0,Composed: Flip,9674.0957,NA,17.05100000000000,16.64270000000000,0.24760000000000,2.11330000000000,32.6667,9657.1936,17.1497,16.9021,0.2476,17.4506,1.5648,1.5528,0.0120,-0.8840,9657.1936,NA
ExperienceX.exe,49456,0x1E283BFA830,DXGI,1,0,0,Composed: Flip,9690.5257,NA,16.43000000000000,16.80660000000000,0.19700000000000,1.48280000000000,33.0433,9674.3433,16.3794,16.1824,0.1970,1.8657,15.7995,4.2643,11.5352,0.3431,9674.3433,NA
ExperienceX.exe,49456,0x1E283BFA830,DXGI,1,0,0,Composed: Flip,9708.0077,NA,17.48200000000000,16.58550000000000,0.13130000000000,1.12170000000000,32.1468,9690.7227,17.4163,17.2850,0.1313,16.7069,1.6998,1.6906,0.0092,-0.2061,9690.7227,NA
ExperienceX.exe,49456,0x1E283BFA830,DXGI,1,0,0,Composed: Flip,9723.9351,NA,15.92740000000000,16.61130000000000,0.23670000000000,1.49060000000000,32.8307,9708.1390,16.0328,15.7961,0.2367,0.9904,16.2963,3.7688,12.5275,0.8050,9708.1390,NA
ExperienceX.exe,49456,0x1E283BFA830,DXGI,1,0,0,Composed: Flip,9742.0392,NA,18.10410000000000,16.65330000000000,0.34980000000000,1.44130000000000,31.3799,9724.1718,18.2172,17.8674,0.3498,17.2605,2.0482,2.0019,0.0463,-0.6205,9724.1718,NA
ExperienceX.exe,49456,0x1E283BFA830,DXGI,1,0,0,Composed: Flip,9757.0194,NA,14.98020000000000,16.65730000000000,0.12610000000000,1.42740000000000,33.0570,9742.3890,14.7565,14.6304,0.1261,1.0915,14.9663,3.0149,11.9514,1.5599,9742.3890,NA
ExperienceX.exe,49456,0x1E283BFA830,DXGI,1,0,0,Composed: Flip,9775.3301,NA,18.31070000000000,16.67420000000000,0.09210000000000,0.98970000000000,31.4205,9757.1455,18.2767,18.1846,0.0921,17.6032,1.5711,1.5624,0.0087,-1.9177,9757.1455,NA
ExperienceX.exe,49456,0x1E283BFA830,DXGI,1,0,0,Composed: Flip,9790.2878,NA,14.95770000000000,16.65820000000000,0.11270000000000,1.38040000000000,33.1210,9775.4222,14.9783,14.8656,0.1127,0.8976,15.3484,4.3537,10.9947,1.6185,9775.4222,NA
ExperienceX.exe,49456,0x1E283BFA830,DXGI,1,0,0,Composed: Flip,9807.9201,NA,17.63230000000000,16.70410000000000,0.09410000000000,1.42780000000000,32.1928,9790.4005,17.6137,17.5196,0.0941,16.9600,1.9874,1.8093,0.1781,-1.7258,9790.4005,NA
ExperienceX.exe,49456,0x1E283BFA830,DXGI,1,0,0,Composed: Flip,9823.6266,NA,15.70650000000000,16.64460000000000,0.12740000000000,5.85990000000000,33.1309,9808.0142,15.7398,15.6124,0.1274,1.3337,20.1386,8.7833,11.3553,0.9691,9808.0142,NA
ExperienceX.exe,49456,0x1E283BFA830,DXGI,1,0,0,Composed: Flip,9840.8175,NA,17.19090000000000,16.64770000000000,0.31070000000000,4.91850000000000,32.5877,9823.7540,17.3742,17.0635,0.3107,16.9144,5.0676,5.0619,0.0057,-0.9079,9823.7540,NA
ExperienceX.exe,49456,0x1E283BFA830,DXGI,1,0,0,Composed: Flip,9857.0644,NA,16.24690000000000,16.66750000000000,0.08280000000000,1.14440000000000,33.0083,9841.1282,16.0190,15.9362,0.0828,4.6078,12.4728,1.3993,11.0735,0.7067,9841.1282,NA
ExperienceX.exe,49456,0x1E283BFA830,DXGI,1,0,0,Composed: Flip,9874.4499,NA,17.38550000000000,16.72020000000000,0.45280000000000,5.39270000000000,32.3430,9857.1472,17.7555,17.3027,0.4528,16.9958,5.6996,5.2456,0.4540,-0.7012,9857.1472,NA
ExperienceX.exe,49456,0x1E283BFA830,DXGI,1,0,0,Composed: Flip,9890.3861,NA,15.93620000000000,16.70000000000000,0.15900000000000,0.99660000000000,33.1068,9874.9027,15.6424,15.4834,0.1590,4.9399,11.5401,0.9514,10.5887,1.0555,9874.9027,NA
ExperienceX.exe,49456,0x1E283BFA830,DXGI,1,0,0,Composed: Flip,9909.1132,NA,18.72710000000000,16.70540000000000,0.17490000000000,1.49190000000000,31.0851,9890.5451,18.7430,18.5681,0.1749,17.7713,2.2887,1.7777,0.5110,-1.0630,9890.5451,NA
ExperienceX.exe,49456,0x1E283BFA830,DXGI,1,0,0,Composed: Flip,9923.7642,NA,14.65100000000000,16.59000000000000,0.14020000000000,2.39730000000000,33.0241,9909.2881,14.6163,14.4761,0.1402,1.3170,15.5564,4.4410,11.1154,2.1530,9909.2881,NA
ExperienceX.exe,49456,0x1E283BFA830,DXGI,1,0,0,Composed: Flip,9941.8785,NA,18.11430000000000,16.62770000000000,0.52690000000000,1.20750000000000,31.5375,9923.9044,18.5010,17.9741,0.5269,17.4589,1.7227,1.7035,0.0192,-2.0114,9923.9044,NA
