Application,ProcessID,SwapChainAddress,PresentRuntime,SyncInterval,PresentFlags,AllowsTearing,PresentMode,TimeInMs,MsBetweenSimulationStart,MsBetweenPresents,MsBetweenDisplayChange,MsInPresentAPI,MsRenderPresentLatency,MsUntilDisplayed,CPUStartTimeInMs,MsBetweenAppStart,MsCPUBusy,MsCPUWait,MsGPULatency,MsGPUTime,MsGPUBusy,MsGPUWait,MsAnimationError,AnimationTime,MsFlipDelay
ExperienceX.exe,49456,0x1E283BFA830,DXGI,1,0,0,Composed: Flip,42.5927,NA,15.88340000000000,16.50990000000000,0.12550000000000,5.19580000000000,31.9009,26.8191,15.8991,15.7736,0.1255,0.7694,20.2000,6.6119,13.5881,NA,26.8191,NA
ExperienceX.exe,49456,0x1E283BFA830,DXGI,1,0,0,Composed: Flip,59.6583,NA,17.06560000000000,16.70270000000000,0.88840000000000,1.81530000000000,31.5380,42.7182,17.8285,16.9401,0.8884,5.0703,13.6851,2.4554,11.2297,-0.8036,42.7182,NA
ExperienceX.exe,49456,0x1E283BFA830,DXGI,1,0,0,Composed: Flip,74.8656,NA,15.20730000000000,16.68880000000000,0.23970000000000,1.57730000000000,33.0195,60.5467,14.5586,14.3189,0.2397,0.9269,14.9693,2.9693,12.0000,1.1397,60.5467,NA
ExperienceX.exe,49456,0x1E283BFA830,DXGI,1,0,0,Composed: Flip,92.1779,NA,17.31230000000000,16.60940000000000,0.30360000000000,4.85580000000000,32.3166,75.1053,17.3762,17.0726,0.3036,16.7807,5.1477,5.1338,0.0139,-2.0508,75.1053,NA
ExperienceX.exe,49456,0x1E283BFA830,DXGI,1,0,0,Composed: Flip,108.4000,NA,16.22210000000000,16.63510000000000,0.28300000000000,6.18210000000000,32.7296,92.4815,16.2015,15.9185,0.2830,16.2953,5.8053,5.1733,0.6320,0.7411,92.4815,NA
ExperienceX.exe,49456,0x1E283BFA830,DXGI,1,0,0,Composed: Flip,125.4306,NA,17.03060000000000,16.67420000000000,0.09490000000000,5.41440000000000,32.3732,108.6830,16.8425,16.7476,0.0949,16.4098,5.7522,5.7450,0.0072,-0.4727,108.6830,NA
ExperienceX.exe,49456,0x1E283BFA830,DXGI,1,0,0,Composed: Flip,141.3640,NA,15.93340000000000,16.71250000000000,0.13590000000000,1.27470000000000,33.1523,125.5255,15.9744,15.8385,0.1359,16.0037,1.1095,1.1013,0.0082,0.1300,125.5255,NA
ExperienceX.exe,49456,0x1E283BFA830,DXGI,1,0,0,Composed: Flip,159.8187,NA,18.45470000000000,16.68610000000000,0.12870000000000,0.99050000000000,31.3837,141.4999,18.4475,18.3188,0.1287,17.4653,1.8440,1.8178,0.0262,-0.7117,141.4999,NA
ExperienceX.exe,49456,0x1E283BFA830,DXGI,1,0,0,Composed: Flip,174.7580,NA,14.93930000000000,16.72090000000000,0.10230000000000,1.45630000000000,33.1653,159.9474,14.9129,14.8106,0.1023,0.8618,15.4051,3.8721,11.5330,1.7266,159.9474,NA
ExperienceX.exe,49456,0x1E283BFA830,DXGI,1,0,0,Composed: Flip,191.9523,NA,17.19430000000000,16.58500000000000,1.05760000000000,4.20810000000000,32.5560,174.8603,18.1496,17.0920,1.0576,17.4776,3.8225,3.8225,0.0000,-1.6721,174.8603,NA
ExperienceX.exe,49456,0x1E283BFA830,DXGI,1,0,0,Composed: Flip,208.1618,NA,16.20950000000000,16.87740000000000,0.15900000000000,1.50630000000000,33.2239,193.0099,15.3109,15.1519,0.1590,3.1505,13.5077,3.0300,10.4777,1.2722,193.0099,NA
ExperienceX.exe,49456,0x1E283BFA830,DXGI,1,0,0,Composed: Flip,226.4981,NA,18.33630000000000,16.52110000000000,0.12440000000000,1.47610000000000,31.4087,208.3208,18.3017,18.1773,0.1244,17.3426,2.3108,1.9052,0.4056,-1.2102,208.3208,NA
ExperienceX.exe,49456,0x1E283BFA830,DXGI,1,0,0,Composed: Flip,241.9682,NA,15.47010000000000,16.72910000000000,0.20220000000000,1.95030000000000,32.6677,226.6225,15.5479,15.3457,0.2022,1.3517,15.9443,5.1550,10.7893,1.5726,226.6225,NA
ExperienceX.exe,49456,0x1E283BFA830,DXGI,1,0,0,Composed: Flip,260.0450,NA,18.07680000000000,16.57580000000000,0.13310000000000,1.28580000000000,31.1667,242.1704,18.0077,17.8746,0.1331,16.8827,2.2777,1.8949,0.3828,-1.0279,242.1704,NA
ExperienceX.exe,49456,0x1E283BFA830,DXGI,1,0,0,Composed: Flip,275.0091,NA,14.96410000000000,16.65320000000000,0.20430000000000,1.63220000000000,32.8558,260.1781,15.0353,14.8310,0.2043,1.1527,15.3105,4.6503,10.6602,1.3545,260.1781,NA
ExperienceX.exe,49456,0x1E283BFA830,DXGI,1,0,0,Composed: Flip,293.3323,NA,18.32320000000000,16.84550000000000,0.21590000000000,6.65460000000000,31.3781,275.2134,18.3348,18.1189,0.2159,17.0231,7.7504,7.7368,0.0136,-1.8102,275.2134,NA
ExperienceX.exe,49456,0x1E283BFA830,DXGI,1,0,0,Composed: Flip,308.1989,NA,14.86660000000000,16.41650000000000,0.19480000000000,1.10910000000000,32.9280,293.5482,14.8455,14.6507,0.1948,14.8999,0.8599,0.8599,0.0000,1.9183,293.5482,NA
ExperienceX.exe,49456,0x1E283BFA830,DXGI,1,0,0,Composed: Flip,326.9524,NA,18.75350000000000,16.69980000000000,0.18710000000000,1.00440000000000,30.8743,308.3937,18.7458,18.5587,0.1871,0.9143,18.6488,1.8985,16.7503,-1.8543,308.3937,NA
ExperienceX.exe,49456,0x1E283BFA830,DXGI,1,0,0,Composed: Flip,341.2866,NA,14.33420000000000,16.66220000000000,0.07940000000000,1.18680000000000,33.2023,327.1395,14.2265,14.1471,0.0794,0.8173,14.5166,2.5399,11.9767,2.0836,327.1395,NA
ExperienceX.exe,49456,0x1E283BFA830,DXGI,1,0,0,Composed: Flip,358.9222,NA,17.63560000000000,16.83840000000000,0.08520000000000,1.53060000000000,32.4051,341.3660,17.6414,17.5562,0.0852,17.1583,1.9285,1.6116,0.3169,-2.6119,341.3660,NA
ExperienceX.exe,49456,0x1E283BFA830,DXGI,1,0,0,Composed: Flip,374.8275,NA,15.90530000000000,16.47450000000000,0.16790000000000,1.42990000000000,32.9743,359.0074,15.9880,15.8201,0.1679,1.4454,15.8046,4.1699,11.6347,1.1669,359.0074,NA
ExperienceX.exe,49456,0x1E283BFA830,DXGI,1,0,0,Composed: Flip,393.3284,NA,18.50090000000000,16.74270000000000,0.58230000000000,4.57040000000000,31.2161,374.9954,18.9153,18.3330,0.5823,17.8464,5.0570,5.0493,0.0077,-0.7547,374.9954,NA
ExperienceX.exe,49456,0x1E283BFA830,DXGI,1,0,0,Composed: Flip,408.0084,NA,14.68000000000000,16.88440000000000,0.11990000000000,0.85960000000000,33.4205,393.9107,14.2176,14.0977,0.1199,14.2485,0.7088,0.6997,0.0091,2.0309,393.9107,NA
ExperienceX.exe,49456,0x1E283BFA830,DXGI,1,0,0,Composed: Flip,426.2165,NA,18.20810000000000,16.40770000000000,0.48230000000000,2.18170000000000,31.6201,408.1283,18.5705,18.0882,0.4823,17.4876,2.7823,2.2727,0.5096,-2.1901,408.1283,NA
ExperienceX.exe,49456,0x1E283BFA830,DXGI,1,0,0,Composed: Flip,442.3329,NA,16.11640000000000,16.69830000000000,0.40590000000000,2.45550000000000,32.2020,426.6988,16.0400,15.6341,0.4059,1.6994,16.3902,3.9381,12.4521,1.8722,426.6988,NA
ExperienceX.exe,49456,0x1E283BFA830,DXGI,1,0,0,Composed: Flip,458.9298,NA,16.59690000000000,16.90010000000000,0.47940000000000,1.71010000000000,32.5052,442.7388,16.6704,16.1910,0.4794,15.8299,2.0712,1.8547,0.2165,-0.8601,442.7388,NA
ExperienceX.exe,49456,0x1E283BFA830,DXGI,1,0,0,Composed: Flip,474.8353,NA,15.90550000000000,16.57820000000000,0.14670000000000,1.68720000000000,33.1779,459.4092,15.5728,15.4261,0.1467,1.2307,15.8826,4.8299,11.0527,0.0922,459.4092,NA
ExperienceX.exe,49456,0x1E283BFA830,DXGI,1,0,0,Composed: Flip,493.6454,NA,18.81010000000000,16.61720000000000,0.14470000000000,6.24950000000000,30.9850,474.9820,18.8081,18.6634,0.1447,17.6719,7.2410,7.2313,0.0097,-1.0444,474.9820,NA
ExperienceX.exe,49456,0x1E283BFA830,DXGI,1,0,0,Composed: Flip,508.6505,NA,15.00510000000000,16.58300000000000,0.33170000000000,1.53240000000000,32.5629,493.7901,15.1921,14.8604,0.3317,15.3265,1.0663,1.0584,0.0079,2.2251,493.7901,NA
ExperienceX.exe,49456,0x1E283BFA830,DXGI,1,0,0,Composed: Flip,526.4307,NA,17.78020000000000,16.62300000000000,0.47960000000000,1.53770000000000,31.4057,508.9822,17.9281,17.4485,0.4796,16.7322,2.2540,1.8681,0.3859,-1.4309,508.9822,NA
ExperienceX.exe,49456,0x1E283BFA830,DXGI,1,0,0,Composed: Flip,541.4760,NA,15.04530000000000,16.75390000000000,0.12280000000000,1.18870000000000,33.1143,526.9103,14.6885,14.5657,0.1228,1.0581,14.6963,4.1118,10.5845,1.1742,526.9103,NA
ExperienceX.exe,49456,0x1E283BFA830,DXGI,1,0,0,Composed: Flip,559.3955,NA,17.91950000000000,16.64690000000000,0.12730000000000,2.73090000000000,31.8417,541.5988,17.9240,17.7967,0.1273,17.0438,3.4838,3.4641,0.0197,-1.9584,541.5988,NA
ExperienceX.exe,49456,0x1E283BFA830,DXGI,1,0,0,Composed: Flip,574.8860,NA,15.49050000000000,16.67300000000000,0.13180000000000,2.11730000000000,33.0242,559.5228,15.4950,15.3632,0.1318,2.6036,14.8769,4.0238,10.8531,1.2510,559.5228,NA
ExperienceX.exe,49456,0x1E283BFA830,DXGI,1,0,0,Composed: Flip,592.1537,NA,17.26770000000000,16.65150000000000,0.45220000000000,6.51130000000000,32.4080,575.0178,17.5881,17.1359,0.4522,16.8925,6.7547,6.7301,0.0246,-1.1565,575.0178,NA
ExperienceX.exe,49456,0x1E283BFA830,DXGI,1,0,0,Composed: Flip,608.1822,NA,16.02850000000000,16.70470000000000,0.19380000000000,1.06570000000000,33.0842,592.6059,15.7701,15.5763,0.1938,15.8258,0.8162,0.8092,0.0070,0.8834,592.6059,NA
ExperienceX.exe,49456,0x1E283BFA830,DXGI,1,0,0,Composed: Flip,626.0970,NA,17.91480000000000,16.71420000000000,0.26830000000000,5.68410000000000,31.8836,608.3760,17.9893,17.7210,0.2683,17.0835,6.3216,6.3004,0.0212,-0.9441,608.3760,NA
ExperienceX.exe,49456,0x1E283BFA830,DXGI,1,0,0,Composed: Flip,641.5573,NA,15.46030000000000,16.62430000000000,0.36380000000000,2.05600000000000,33.0476,626.3653,15.5558,15.1920,0.3638,15.5184,1.7296,1.3469,0.3827,1.3650,626.3653,NA
ExperienceX.exe,49456,0x1E283BFA830,DXGI,1,0,0,Composed: Flip,660.5361,NA,18.97880000000000,16.77850000000000,0.58330000000000,1.25940000000000,30.8473,641.9211,19.1983,18.6150,0.5833,18.0229,1.8515,1.8394,0.0121,-1.2227,641.9211,NA
ExperienceX.exe,49456,0x1E283BFA830,DXGI,1,0,0,Composed: Flip,674.9669,NA,14.43080000000000,16.62520000000000,0.17220000000000,1.54810000000000,33.0417,661.1194,14.0197,13.8475,0.1722,0.6761,14.7195,3.4277,11.2918,2.5731,661.1194,NA
ExperienceX.exe,49456,0x1E283BFA830,DXGI,1,0,0,Composed: Flip,692.9698,NA,18.00290000000000,16.56940000000000,0.17740000000000,6.71910000000000,31.6082,675.1391,18.0081,17.8307,0.1774,17.5017,7.0481,7.0377,0.0104,-2.5497,675.1391,NA
ExperienceX.exe,49456,0x1E283BFA830,DXGI,1,0,0,Composed: Flip,708.3433,NA,15.37350000000000,16.72960000000000,0.17500000000000,1.00330000000000,32.9643,693.1472,15.3711,15.1961,0.1750,15.3863,0.8131,0.8131,0.0000,1.2785,693.1472,NA
ExperienceX.exe,49456,0x1E283BFA830,DXGI,1,0,0,Composed: Flip,726.2608,NA,17.91750000000000,16.55450000000000,0.13350000000000,1.70740000000000,31.6013,708.5183,17.8760,17.7425,0.1335,0.8283,18.6216,2.3021,16.3195,-1.1834,708.5183,NA
ExperienceX.exe,49456,0x1E283BFA830,DXGI,1,0,0,Composed: Flip,741.6706,NA,15.40980000000000,16.68160000000000,0.15610000000000,1.49550000000000,32.8731,726.3943,15.4324,15.2763,0.1561,1.5739,15.1979,3.5159,11.6820,1.1944,726.3943,NA
ExperienceX.exe,49456,0x1E283BFA830,DXGI,1,0,0,Composed: Flip,759.9532,NA,18.28260000000000,16.84880000000000,0.12980000000000,2.89330000000000,31.4393,741.8267,18.2563,18.1265,0.1298,17.3059,3.7139,2.9464,0.7675,-1.4164,741.8267,NA
ExperienceX.exe,49456,0x1E283BFA830,DXGI,1,0,0,Composed: Flip,774.8157,NA,14.86250000000000,16.54560000000000,0.11890000000000,1.29920000000000,33.1224,760.0830,14.8516,14.7327,0.1189,2.7635,13.2684,2.9595,10.3089,1.7107,760.0830,NA
ExperienceX.exe,49456,0x1E283BFA830,DXGI,1,0,0,Composed: Flip,792.5525,NA,17.73680000000000,16.59220000000000,0.14580000000000,1.79340000000000,31.9778,774.9346,17.7637,17.6179,0.1458,17.2962,2.1151,2.1151,0.0000,-1.7406,774.9346,NA
ExperienceX.exe,49456,0x1E283BFA830,DXGI,1,0,0,Composed: Flip,808.3014,NA,15.74890000000000,16.64070000000000,0.21510000000000,1.35360000000000,32.8696,792.6983,15.8182,15.6031,0.2151,1.6476,15.3091,3.4864,11.8227,1.1230,792.6983,NA
ExperienceX.exe,49456,0x1E283BFA830,DXGI,1,0,0,Composed: Flip,825.7951,NA,17.49370000000000,16.70970000000000,0.70610000000000,2.02940000000000,32.0856,808.5165,17.9847,17.2786,0.7061,16.9315,2.3765,1.9306,0.4459,-0.8915,808.5165,NA
ExperienceX.exe,49456,0x1E283BFA830,DXGI,1,0,0,Composed: Flip,841.4995,NA,15.70440000000000,16.66040000000000,0.11090000000000,1.51820000000000,33.0416,826.5012,15.1092,14.9983,0.1109,1.3233,15.1932,2.8029,12.3903,1.3243,826.5012,NA
ExperienceX.exe,49456,0x1E283BFA830,DXGI,1,0,0,Composed: Flip,859.3725,NA,17.87300000000000,16.68600000000000,1.23490000000000,2.03710000000000,31.8546,841.6104,18.9970,17.7621,1.2349,17.2701,2.5291,1.8536,0.6755,-1.5768,841.6104,NA
ExperienceX.exe,49456,0x1E283BFA830,DXGI,1,0,0,Composed: Flip,874.7494,NA,15.37690000000000,16.90030000000000,0.07840000000000,1.21170000000000,33.3780,860.6074,14.2204,14.1420,0.0784,0.8022,14.5515,2.3336,12.2179,2.0967,860.6074,NA
ExperienceX.exe,49456,0x1E283BFA830,DXGI,1,0,0,Composed: Flip,894.4986,NA,19.74920000000000,16.50490000000000,0.27730000000000,1.93420000000000,30.1337,874.8278,19.9481,19.6708,0.2773,18.1384,3.4666,3.4666,0.0000,-2.2845,874.8278,NA
ExperienceX.exe,49456,0x1E283BFA830,DXGI,1,0,0,Composed: Flip,908.7423,NA,14.24370000000000,16.60570000000000,0.35450000000000,2.11070000000000,32.4957,894.7759,14.3209,13.9664,0.3545,1.6569,14.4202,2.7860,11.6342,3.3424,894.7759,NA
ExperienceX.exe,49456,0x1E283BFA830,DXGI,1,0,0,Composed: Flip,926.7390,NA,17.99670000000000,16.68500000000000,0.24070000000000,1.34310000000000,31.1840,909.0968,17.8829,17.6422,0.2407,16.5605,2.4248,1.9529,0.4719,-2.3641,909.0968,NA
ExperienceX.exe,49456,0x1E283BFA830,DXGI,1,0,0,Composed: Flip,941.5575,NA,14.81850000000000,16.63720000000000,0.10530000000000,2.72360000000000,33.0027,926.9797,14.6831,14.5778,0.1053,1.1024,16.1990,5.7049,10.4941,1.2457,926.9797,NA
ExperienceX.exe,49456,0x1E283BFA830,DXGI,1,0,0,Composed: Flip,959.0518,NA,17.49430000000000,16.68300000000000,0.41740000000000,13.00190000000000,32.1914,941.6628,17.8064,17.3890,0.4174,17.1408,13.2501,13.0220,0.2281,-1.9999,941.6628,NA
ExperienceX.exe,49456,0x1E283BFA830,DXGI,1,0,0,Composed: Flip,974.8613,NA,15.80950000000000,16.64250000000000,0.13380000000000,3.13590000000000,33.0244,959.4692,15.5259,15.3921,0.1338,12.5845,5.9435,3.4663,2.4772,1.1639,959.4692,NA
ExperienceX.exe,49456,0x1E283BFA830,DXGI,1,0,0,Composed: Flip,993.1870,NA,18.32570000000000,16.68400000000000,0.10230000000000,12.46630000000000,31.3827,974.9951,18.2942,18.1919,0.1023,17.0808,13.5774,13.5651,0.0123,-1.1581,974.9951,NA
ExperienceX.exe,49456,0x1E283BFA830,DXGI,1,0,0,Composed: Flip,1008.3762,NA,15.18920000000000,16.77100000000000,0.40480000000000,12.08130000000000,32.9645,993.2893,15.4917,15.0869,0.4048,15.4413,11.7269,11.7197,0.0072,1.5232,993.2893,NA
ExperienceX.exe,49456,0x1E283BFA830,DXGI,1,0,0,Composed: Flip,1026.1336,NA,17.75740000000000,33.40350000000000,0.97540000000000,17.62780000000000,48.6106,1008.7810,18.3280,17.3526,0.9754,16.8132,18.1672,18.1548,0.0124,-17.9118,1008.7810,NA
ExperienceX.exe,49456,0x1E283BFA830,DXGI,1,0,0,Composed: Flip,1060.3178,NA,34.18420000000000,16.54510000000000,0.19290000000000,3.52310000000000,30.9715,1027.1090,33.4017,33.2088,0.1929,32.2939,4.4380,4.3843,0.0537,1.7829,1027.1090,NA
ExperienceX.exe,49456,0x1E283BFA830,DXGI,1,0,0,Composed: Flip,1075.2161,NA,14.89830000000000,16.65280000000000,0.20270000000000,3.88990000000000,32.7260,1060.5107,14.9081,14.7054,0.2027,3.3302,15.2651,11.1143,4.1508,16.7489,1060.5107,NA
ExperienceX.exe,49456,0x1E283BFA830,DXGI,1,0,0,Composed: Flip,1092.8800,NA,17.66390000000000,17.05750000000000,0.39660000000000,14.54090000000000,32.1196,1075.4188,17.8578,17.4612,0.3966,17.0527,14.9494,14.9386,0.0108,-2.1494,1075.4188,NA
ExperienceX.exe,49456,0x1E283BFA830,DXGI,1,0,0,Composed: Flip,1108.2501,NA,15.37010000000000,16.26970000000000,0.16360000000000,3.93450000000000,33.0192,1093.2766,15.1371,14.9735,0.1636,15.2871,3.6209,3.6146,0.0063,1.5881,1093.2766,NA
ExperienceX.exe,49456,0x1E283BFA830,DXGI,1,0,0,Composed: Flip,1128.3601,NA,20.11000000000000,16.58730000000000,0.42800000000000,1.92120000000000,29.4965,1108.4137,20.3744,19.9464,0.4280,18.8046,3.0630,3.0149,0.0481,-1.4502,1108.4137,NA
ExperienceX.exe,49456,0x1E283BFA830,DXGI,1,0,0,Composed: Flip,1141.7259,NA,13.36580000000000,16.63040000000000,0.20190000000000,2.80930000000000,32.7611,1128.7881,13.1397,12.9378,0.2019,1.4932,14.2539,10.2029,4.0510,3.7440,1128.7881,NA
ExperienceX.exe,49456,0x1E283BFA830,DXGI,1,0,0,Composed: Flip,1159.1442,NA,17.41830000000000,16.87380000000000,0.97560000000000,10.77510000000000,32.2166,1141.9278,18.1920,17.2164,0.9756,16.9067,11.0848,10.8924,0.1924,-3.7341,1141.9278,NA
ExperienceX.exe,49456,0x1E283BFA830,DXGI,1,0,0,Composed: Flip,1174.7414,NA,15.59720000000000,16.50990000000000,0.12700000000000,0.59990000000000,33.1293,1160.1198,14.7486,14.6216,0.1270,9.7995,5.4220,1.4354,3.9866,1.6821,1160.1198,NA
ExperienceX.exe,49456,0x1E283BFA830,DXGI,1,0,0,Composed: Flip,1193.4077,NA,18.66630000000000,16.82700000000000,0.14510000000000,0.58510000000000,31.2900,1174.8684,18.6844,18.5393,0.1451,17.8073,1.3171,0.7326,0.5845,-2.0784,1174.8684,NA
ExperienceX.exe,49456,0x1E283BFA830,DXGI,1,0,0,Composed: Flip,1208.1124,NA,14.70470000000000,16.74830000000000,0.12530000000000,0.89200000000000,33.3336,1193.5528,14.6849,14.5596,0.1253,0.4400,15.0116,1.2496,13.7620,1.9361,1193.5528,NA
ExperienceX.exe,49456,0x1E283BFA830,DXGI,1,0,0,Composed: Flip,1225.9322,NA,17.81980000000000,16.74490000000000,0.26280000000000,3.50500000000000,32.2587,1208.2377,17.9573,17.6945,0.2628,18.4019,2.7976,2.0538,0.7438,-2.0600,1208.2377,NA
ExperienceX.exe,49456,0x1E283BFA830,DXGI,1,0,0,Composed: Flip,1241.9037,NA,15.97150000000000,16.46310000000000,0.16200000000000,1.51970000000000,32.7503,1226.1950,15.8707,15.7087,0.1620,3.2734,13.9550,1.7218,12.2332,1.4942,1226.1950,NA
ExperienceX.exe,49456,0x1E283BFA830,DXGI,1,0,0,Composed: Flip,1261.3399,NA,19.43620000000000,16.64690000000000,0.37120000000000,0.98060000000000,29.9610,1242.0657,19.6454,19.2742,0.3712,18.2592,1.9956,0.8465,1.1491,-0.7762,1242.0657,NA
ExperienceX.exe,49456,0x1E283BFA830,DXGI,1,0,0,Composed: Flip,1275.0663,NA,13.72640000000000,16.54460000000000,0.23970000000000,0.81140000000000,32.7792,1261.7111,13.5949,13.3552,0.2397,0.7160,13.4506,1.7573,11.6933,3.1008,1261.7111,NA
ExperienceX.exe,49456,0x1E283BFA830,DXGI,1,0,0,Composed: Flip,1293.2927,NA,18.22640000000000,16.69680000000000,0.15040000000000,0.53360000000000,31.2496,1275.3060,18.1371,17.9867,0.1504,17.2118,1.3085,1.3085,0.0000,-3.1019,1275.3060,NA
ExperienceX.exe,49456,0x1E283BFA830,DXGI,1,0,0,Composed: Flip,1308.0716,NA,14.77890000000000,16.65300000000000,0.10560000000000,0.41920000000000,33.1237,1293.4431,14.7341,14.6285,0.1056,0.3832,14.6645,0.7679,13.8966,1.4841,1293.4431,NA
ExperienceX.exe,49456,0x1E283BFA830,DXGI,1,0,0,Composed: Flip,1325.8233,NA,17.75170000000000,16.79850000000000,0.17800000000000,0.81200000000000,32.1705,1308.1772,17.8241,17.6461,0.1780,17.1106,1.3475,0.6491,0.6984,-2.0644,1308.1772,NA
ExperienceX.exe,49456,0x1E283BFA830,DXGI,1,0,0,Composed: Flip,1341.6194,NA,15.79610000000000,16.60820000000000,0.20720000000000,1.15070000000000,32.9826,1326.0013,15.8253,15.6181,0.2072,0.6340,16.1348,1.2674,14.8674,1.2159,1326.0013,NA
ExperienceX.exe,49456,0x1E283BFA830,DXGI,1,0,0,Composed: Flip,1360.8020,NA,19.18260000000000,16.66690000000000,0.14430000000000,0.53510000000000,30.4669,1341.8266,19.1197,18.9754,0.1443,18.2387,1.2718,0.9989,0.2729,-0.8416,1341.8266,NA
ExperienceX.exe,49456,0x1E283BFA830,DXGI,1,0,0,Composed: Flip,1374.9406,NA,14.13860000000000,16.62710000000000,0.14130000000000,0.67980000000000,32.9554,1360.9463,14.1356,13.9943,0.1413,0.3908,14.2833,0.8622,13.4211,2.4926,1360.9463,NA
ExperienceX.exe,49456,0x1E283BFA830,DXGI,1,0,0,Composed: Flip,1392.5597,NA,17.61910000000000,16.65580000000000,0.16950000000000,0.87190000000000,31.9921,1375.0819,17.6473,17.4778,0.1695,17.1764,1.1733,0.6736,0.4997,-2.5202,1375.0819,NA
ExperienceX.exe,49456,0x1E283BFA830,DXGI,1,0,0,Composed: Flip,1408.2001,NA,15.64040000000000,16.77650000000000,0.15280000000000,0.91690000000000,33.1282,1392.7292,15.6237,15.4709,0.1528,0.7897,15.5981,1.5275,14.0706,0.8708,1392.7292,NA
ExperienceX.exe,49456,0x1E283BFA830,DXGI,1,0,0,Composed: Flip,1426.1791,NA,17.97900000000000,16.63950000000000,0.12060000000000,0.62500000000000,31.7887,1408.3529,17.9468,17.8262,0.1206,17.3221,1.1291,0.6427,0.4864,-1.0158,1408.3529,NA
ExperienceX.exe,49456,0x1E283BFA830,DXGI,1,0,0,Composed: Flip,1441.7626,NA,15.58350000000000,16.74880000000000,0.25680000000000,1.39310000000000,32.9540,1426.2997,15.7197,15.4629,0.2568,0.5044,16.3516,1.2699,15.0817,1.1980,1426.2997,NA
ExperienceX.exe,49456,0x1E283BFA830,DXGI,1,0,0,Composed: Flip,1458.8890,NA,17.12640000000000,16.58490000000000,1.79890000000000,2.10920000000000,32.4125,1442.0194,18.6685,16.8696,1.7989,17.2322,1.7466,0.7725,0.9741,-0.8652,1442.0194,NA
ExperienceX.exe,49456,0x1E283BFA830,DXGI,1,0,0,Composed: Flip,1475.3963,NA,16.50730000000000,16.61870000000000,0.20990000000000,1.48070000000000,32.5239,1460.6879,14.9183,14.7084,0.2099,0.4692,15.7199,2.2038,13.5161,2.0498,1460.6879,NA
ExperienceX.exe,49456,0x1E283BFA830,DXGI,1,0,0,Composed: Flip,1493.2273,NA,17.83100000000000,16.65240000000000,0.51170000000000,1.03210000000000,31.3453,1475.6062,18.1328,17.6211,0.5117,16.9973,1.6559,1.0251,0.6308,-1.7341,1475.6062,NA
ExperienceX.exe,49456,0x1E283BFA830,DXGI,1,0,0,Composed: Flip,1508.2633,NA,15.03600000000000,16.61910000000000,0.16060000000000,0.73260000000000,32.9284,1493.7390,14.6849,14.5243,0.1606,0.5204,14.7365,0.8687,13.8678,1.5137,1493.7390,NA
ExperienceX.exe,49456,0x1E283BFA830,DXGI,1,0,0,Composed: Flip,1526.2200,NA,17.95670000000000,16.97850000000000,0.37970000000000,0.94170000000000,31.9502,1508.4239,18.1758,17.7961,0.3797,17.0604,1.6774,0.6970,0.9804,-2.2936,1508.4239,NA
ExperienceX.exe,49456,0x1E283BFA830,DXGI,1,0,0,Composed: Flip,1541.4704,NA,15.25040000000000,16.44310000000000,0.16830000000000,0.92590000000000,33.1429,1526.5997,15.0390,14.8707,0.1683,0.5620,15.2346,1.4040,13.8306,1.7327,1526.5997,NA
ExperienceX.exe,49456,0x1E283BFA830,DXGI,1,0,0,Composed: Flip,1559.8788,NA,18.40840000000000,16.79260000000000,0.16320000000000,0.48420000000000,31.5271,1541.6387,18.4033,18.2401,0.1632,17.5737,1.1506,1.0067,0.1439,-1.7536,1541.6387,NA
ExperienceX.exe,49456,0x1E283BFA830,DXGI,1,0,0,Composed: Flip,1575.1296,NA,15.25080000000000,16.62200000000000,0.23340000000000,1.19010000000000,32.8983,1560.0420,15.3210,15.0876,0.2334,0.3210,15.9567,1.0752,14.8815,1.7813,1560.0420,NA
ExperienceX.exe,49456,0x1E283BFA830,DXGI,1,0,0,Composed: Flip,1594.7009,NA,19.57130000000000,16.93140000000000,0.28270000000000,1.23920000000000,30.2584,1575.3630,19.6206,19.3379,0.2827,18.1885,2.3886,0.8682,1.5204,-1.6104,1575.3630,NA
ExperienceX.exe,49456,0x1E283BFA830,DXGI,1,0,0,Composed: Flip,1608.5107,NA,13.80980000000000,16.38430000000000,0.22170000000000,0.86880000000000,32.8329,1594.9836,13.7488,13.5271,0.2217,1.5875,12.8084,1.7452,11.0632,3.2363,1594.9836,NA
ExperienceX.exe,49456,0x1E283BFA830,DXGI,1,0,0,Composed: Flip,1626.9061,NA,18.39540000000000,16.76380000000000,0.42510000000000,3.33910000000000,31.2013,1608.7324,18.5988,18.1737,0.4251,19.2852,2.2276,0.9844,1.2432,-3.0150,1608.7324,NA
ExperienceX.exe,49456,0x1E283BFA830,DXGI,1,0,0,Composed: Flip,1641.8982,NA,14.99210000000000,16.81740000000000,0.32170000000000,2.29890000000000,33.0266,1627.3312,14.8887,14.5670,0.3217,3.6315,13.2344,1.8774,11.3570,1.7814,1627.3312,NA
ExperienceX.exe,49456,0x1E283BFA830,DXGI,1,0,0,Composed: Flip,1661.6389,NA,19.74070000000000,16.41360000000000,0.29930000000000,3.17740000000000,29.6995,1642.2199,19.7183,19.4190,0.2993,18.2099,4.3865,1.0489,3.3376,-1.5249,1642.2199,NA
ExperienceX.exe,49456,0x1E283BFA830,DXGI,1,0,0,Composed: Flip,1675.8834,NA,14.24450000000000,16.65410000000000,0.40110000000000,2.83060000000000,32.1091,1661.9382,14.3463,13.9452,0.4011,2.8781,13.8977,1.9054,11.9923,3.0642,1661.9382,NA
ExperienceX.exe,49456,0x1E283BFA830,DXGI,1,0,0,Composed: Flip,1696.8824,NA,20.99900000000000,16.61830000000000,0.40770000000000,1.48330000000000,27.7284,1676.2845,21.0056,20.5979,0.4077,17.6535,4.4277,1.9767,2.4510,-2.2720,1676.2845,NA
ExperienceX.exe,49456,0x1E283BFA830,DXGI,1,0,0,Composed: Flip,1708.5386,NA,11.65620000000000,16.81090000000000,0.30810000000000,2.02060000000000,32.8831,1697.2901,11.5566,11.2485,0.3081,11.8098,1.4593,0.5631,0.8962,4.1947,1697.2901,NA
ExperienceX.exe,49456,0x1E283BFA830,DXGI,1,0,0,Composed: Flip,1729.0320,NA,20.49340000000000,16.60590000000000,0.29350000000000,0.87330000000000,28.9956,1708.8467,20.4788,20.1853,0.2935,17.7811,3.2775,1.6598,1.6177,-5.0493,1708.8467,NA
ExperienceX.exe,49456,0x1E283BFA830,DXGI,1,0,0,Composed: Flip,1742.0237,NA,12.99170000000000,16.67710000000000,0.23380000000000,1.39930000000000,32.6810,1729.3255,12.9320,12.6982,0.2338,0.5798,13.5177,0.7083,12.8094,3.8017,1729.3255,NA
ExperienceX.exe,49456,0x1E283BFA830,DXGI,1,0,0,Composed: Flip,1761.2414,NA,19.21770000000000,16.69720000000000,0.71240000000000,1.07140000000000,30.1605,1742.2575,19.6963,18.9839,0.7124,18.2053,1.8500,1.0635,0.7865,-3.7652,1742.2575,NA
ExperienceX.exe,49456,0x1E283BFA830,DXGI,1,0,0,Composed: Flip,1775.1946,NA,13.95320000000000,16.68160000000000,0.27530000000000,2.40510000000000,32.8889,1761.9538,13.5161,13.2408,0.2753,0.3590,15.2869,1.2381,14.0488,3.0147,1761.9538,NA
ExperienceX.exe,49456,0x1E283BFA830,DXGI,1,0,0,Composed: Flip,1795.0152,NA,19.82060000000000,16.54170000000000,0.72140000000000,1.23960000000000,29.6100,1775.4699,20.2667,19.5453,0.7214,18.7726,2.0123,0.6989,1.3134,-3.0256,1775.4699,NA
ExperienceX.exe,49456,0x1E283BFA830,DXGI,1,0,0,Composed: Flip,1808.6057,NA,13.59050000000000,16.70210000000000,0.26780000000000,1.00040000000000,32.7216,1795.7366,13.1369,12.8691,0.2678,0.6433,13.2262,1.8032,11.4230,3.5646,1795.7366,NA
ExperienceX.exe,49456,0x1E283BFA830,DXGI,1,0,0,Composed: Flip,1828.2312,NA,19.62550000000000,17.34400000000000,1.17120000000000,1.77200000000000,30.4401,1808.8735,20.5289,19.3577,1.1712,17.7278,3.4019,1.6131,1.7888,-4.2071,1808.8735,NA
ExperienceX.exe,49456,0x1E283BFA830,DXGI,1,0,0,Composed: Flip,1842.0444,NA,13.81320000000000,16.13990000000000,0.38280000000000,1.76130000000000,32.7668,1829.4024,13.0248,12.6420,0.3828,0.6008,13.8025,0.5401,13.2624,4.3890,1829.4024,NA
ExperienceX.exe,49456,0x1E283BFA830,DXGI,1,0,0,Composed: Flip,1862.6993,NA,20.65490000000000,16.67970000000000,1.00970000000000,1.44780000000000,28.7916,1842.4272,21.2818,20.2721,1.0097,18.9797,2.7402,0.9714,1.7688,-3.6549,1842.4272,NA
ExperienceX.exe,49456,0x1E283BFA830,DXGI,1,0,0,Composed: Flip,1875.8523,NA,13.15300000000000,16.70480000000000,0.42180000000000,1.94760000000000,32.3434,1863.7090,12.5651,12.1433,0.4218,1.3535,12.7374,1.7123,11.0251,4.5770,1863.7090,NA
ExperienceX.exe,49456,0x1E283BFA830,DXGI,1,0,0,Composed: Flip,1894.8393,NA,18.98700000000000,17.07170000000000,0.62110000000000,0.94750000000000,30.4281,1876.2741,19.1863,18.5652,0.6211,17.6592,1.8535,1.4378,0.4157,-4.5066,1876.2741,NA
ExperienceX.exe,49456,0x1E283BFA830,DXGI,1,0,0,Composed: Flip,1908.9849,NA,14.14560000000000,16.03990000000000,0.34780000000000,1.82530000000000,32.3224,1895.4604,13.8723,13.5245,0.3478,0.9027,14.4471,1.8545,12.5926,3.1464,1895.4604,NA
ExperienceX.exe,49456,0x1E283BFA830,DXGI,1,0,0,Composed: Flip,1928.9705,NA,19.98560000000000,16.89980000000000,0.31620000000000,0.99770000000000,29.2366,1909.3327,19.9540,19.6378,0.3162,18.2837,2.3518,0.9213,1.4305,-3.0275,1909.3327,NA
ExperienceX.exe,49456,0x1E283BFA830,DXGI,1,0,0,Composed: Flip,1941.7653,NA,12.79480000000000,16.28260000000000,0.31120000000000,1.13610000000000,32.7244,1929.2867,12.7898,12.4786,0.3112,0.9040,12.7107,2.2785,10.4322,3.6714,1929.2867,NA
ExperienceX.exe,49456,0x1E283BFA830,DXGI,1,0,0,Composed: Flip,1960.0614,NA,18.29610000000000,16.95260000000000,0.54890000000000,0.82390000000000,31.3809,1942.0765,18.5338,17.9849,0.5489,17.6922,1.1166,0.8591,0.2575,-4.1628,1942.0765,NA
ExperienceX.exe,49456,0x1E283BFA830,DXGI,1,0,0,Composed: Flip,1974.8050,NA,14.74360000000000,16.53460000000000,0.19700000000000,0.61220000000000,33.1719,1960.6103,14.3917,14.1947,0.1970,0.2750,14.5319,0.9240,13.6079,1.9992,1960.6103,NA
ExperienceX.exe,49456,0x1E283BFA830,DXGI,1,0,0,Composed: Flip,1994.1814,NA,19.37640000000000,17.20520000000000,0.21630000000000,1.13680000000000,31.0007,1975.0020,19.3957,19.1794,0.2163,17.7238,2.5924,1.8724,0.7200,-2.8135,1975.0020,NA
ExperienceX.exe,49456,0x1E283BFA830,DXGI,1,0,0,Composed: Flip,2008.7317,NA,14.55030000000000,16.30270000000000,0.45300000000000,1.69330000000000,32.7531,1994.3977,14.7870,14.3340,0.4530,15.0919,0.9354,0.4578,0.4776,3.0930,1994.3977,NA
ExperienceX.exe,49456,0x1E283BFA830,DXGI,1,0,0,Composed: Flip,2030.6146,NA,21.88290000000000,16.71330000000000,1.07140000000000,1.88380000000000,27.5835,2009.1847,22.5013,21.4299,1.0714,19.4400,3.8737,2.2995,1.5742,-1.9263,2009.1847,NA
ExperienceX.exe,49456,0x1E283BFA830,DXGI,1,0,0,Composed: Flip,2042.2766,NA,11.66200000000000,16.55750000000000,0.39520000000000,1.76130000000000,32.4790,2031.6860,10.9858,10.5906,0.3952,11.2977,1.0542,0.9226,0.1316,5.9438,2031.6860,NA
ExperienceX.exe,49456,0x1E283BFA830,DXGI,1,0,0,Composed: Flip,2062.7593,NA,20.48270000000000,17.27240000000000,1.78060000000000,3.31360000000000,29.2687,2042.6718,21.8681,20.0875,1.7806,18.7344,4.6667,2.0541,2.6126,-6.2866,2042.6718,NA
ExperienceX.exe,49456,0x1E283BFA830,DXGI,1,0,0,Composed: Flip,2075.7045,NA,12.94520000000000,16.19120000000000,0.34900000000000,1.44660000000000,32.5147,2064.5399,11.5136,11.1646,0.3490,1.7788,10.8324,0.9634,9.8690,5.6769,2064.5399,NA
ExperienceX.exe,49456,0x1E283BFA830,DXGI,1,0,0,Composed: Flip,2096.9456,NA,21.24110000000000,16.60850000000000,0.33450000000000,1.31360000000000,27.8821,2076.0535,21.2266,20.8921,0.3345,18.8766,3.3291,2.4414,0.8877,-5.0949,2076.0535,NA
ExperienceX.exe,49456,0x1E283BFA830,DXGI,1,0,0,Composed: Flip,2108.9879,NA,12.04230000000000,16.53310000000000,0.45590000000000,1.97770000000000,32.3729,2097.2801,12.1637,11.7078,0.4559,12.5208,1.1647,0.8201,0.3446,4.6935,2097.2801,NA
ExperienceX.exe,49456,0x1E283BFA830,DXGI,1,0,0,Composed: Flip,2129.4950,NA,20.50710000000000,17.60590000000000,0.32160000000000,1.31090000000000,29.4717,2109.4438,20.3728,20.0512,0.3216,18.1526,3.2095,1.8313,1.3782,-5.4422,2109.4438,NA
ExperienceX.exe,49456,0x1E283BFA830,DXGI,1,0,0,Composed: Flip,2141.9791,NA,12.48410000000000,15.76100000000000,0.37940000000000,2.35470000000000,32.7486,2129.8166,12.5419,12.1625,0.3794,12.8246,1.6926,0.5443,1.1483,4.6118,2129.8166,NA
ExperienceX.exe,49456,0x1E283BFA830,DXGI,1,0,0,Composed: Flip,2163.5762,NA,21.59710000000000,17.15230000000000,0.88290000000000,1.26370000000000,28.3038,2142.3585,22.1006,21.2177,0.8829,19.2434,3.2380,1.4821,1.7559,-4.6104,2142.3585,NA
ExperienceX.exe,49456,0x1E283BFA830,DXGI,1,0,0,Composed: Flip,2175.5490,NA,11.97280000000000,16.07350000000000,0.30050000000000,1.73510000000000,32.4045,2164.4591,11.3904,11.0899,0.3005,0.3808,12.4442,1.4642,10.9800,6.0271,2164.4591,NA
ExperienceX.exe,49456,0x1E283BFA830,DXGI,1,0,0,Composed: Flip,2195.7802,NA,20.23120000000000,17.63180000000000,0.71030000000000,1.80200000000000,29.8051,2175.8495,20.6410,19.9307,0.7103,18.6320,3.1007,1.4402,1.6605,-6.2414,2175.8495,NA
ExperienceX.exe,49456,0x1E283BFA830,DXGI,1,0,0,Composed: Flip,2208.6717,NA,12.89150000000000,15.71610000000000,0.36370000000000,1.65170000000000,32.6297,2196.4905,12.5449,12.1812,0.3637,1.3279,12.5050,1.9694,10.5356,4.9249,2196.4905,NA
ExperienceX.exe,49456,0x1E283BFA830,DXGI,1,0,0,Composed: Flip,2227.7512,NA,19.07950000000000,16.62170000000000,0.61140000000000,3.58540000000000,30.1719,2209.0354,19.3272,18.7158,0.6114,20.3058,1.9954,1.0174,0.9780,-4.0768,2209.0354,NA
ExperienceX.exe,49456,0x1E283BFA830,DXGI,1,0,0,Composed: Flip,2242.0960,NA,14.34480000000000,17.07600000000000,0.51110000000000,2.15790000000000,32.9031,2228.3626,14.2445,13.7334,0.5111,4.0532,11.8381,1.7640,10.0741,2.2512,2228.3626,NA
ExperienceX.exe,49456,0x1E283BFA830,DXGI,1,0,0,Composed: Flip,2260.8632,NA,18.76720000000000,16.45150000000000,1.77000000000000,5.01390000000000,30.5874,2242.6071,20.0261,18.2561,1.7700,17.6790,5.5910,1.2378,4.3532,-2.2070,2242.6071,NA
ExperienceX.exe,49456,0x1E283BFA830,DXGI,1,0,0,Composed: Flip,2276.0010,NA,15.13780000000000,16.54080000000000,0.33910000000000,1.73470000000000,31.9904,2262.6332,13.7069,13.3678,0.3391,6.2049,8.8976,1.7171,7.1805,3.4853,2262.6332,NA
ExperienceX.exe,49456,0x1E283BFA830,DXGI,1,0,0,Composed: Flip,2298.9070,NA,22.90600000000000,16.82790000000000,1.44590000000000,3.85120000000000,25.9123,2276.3401,24.0128,22.5669,1.4459,20.3338,6.0843,2.7855,3.2988,-3.1210,2276.3401,NA
ExperienceX.exe,49456,0x1E283BFA830,DXGI,1,0,0,Composed: Flip,2308.7479,NA,9.84090000000000,16.82200000000000,0.33350000000000,0.92950000000000,32.8934,2300.3529,8.7285,8.3950,0.3335,8.7112,0.6133,0.4386,0.1747,7.1908,2300.3529,NA
ExperienceX.exe,49456,0x1E283BFA830,DXGI,1,0,0,Composed: Flip,2328.8597,NA,20.11180000000000,16.30950000000000,0.26790000000000,1.03820000000000,29.0911,2309.0814,20.0462,19.7783,0.2679,18.1944,2.6221,1.7357,0.8864,-7.5810,2309.0814,NA
ExperienceX.exe,49456,0x1E283BFA830,DXGI,1,0,0,Composed: Flip,2342.7331,NA,13.87340000000000,16.73090000000000,0.45510000000000,3.10770000000000,31.9486,2329.1276,14.0606,13.6055,0.4551,0.8984,15.8148,1.5448,14.2700,3.3153,2329.1276,NA
ExperienceX.exe,49456,0x1E283BFA830,DXGI,1,0,0,Composed: Flip,2361.6128,NA,18.87970000000000,16.61670000000000,0.32610000000000,7.26860000000000,29.6856,2343.1882,18.7507,18.4246,0.3261,17.1938,8.4994,1.6405,6.8589,-2.5561,2343.1882,NA
ExperienceX.exe,49456,0x1E283BFA830,DXGI,1,0,0,Composed: Flip,2375.5548,NA,13.94200000000000,17.34990000000000,0.20760000000000,3.45050000000000,33.0935,2361.9389,13.8235,13.6159,0.2076,6.9425,10.1239,1.7041,8.4198,1.4008,2361.9389,NA
ExperienceX.exe,49456,0x1E283BFA830,DXGI,1,0,0,Composed: Flip,2395.2893,NA,19.73450000000000,16.39600000000000,0.24150000000000,0.72470000000000,29.7550,2375.7624,19.7684,19.5269,0.2415,17.6552,2.5964,1.7954,0.8010,-2.5725,2375.7624,NA
ExperienceX.exe,49456,0x1E283BFA830,DXGI,1,0,0,Composed: Flip,2409.9445,NA,14.65520000000000,16.57460000000000,0.43460000000000,2.17640000000000,31.6744,2395.5308,14.8483,14.4137,0.4346,0.4832,16.1069,0.9636,15.1433,3.1938,2395.5308,NA
ExperienceX.exe,49456,0x1E283BFA830,DXGI,1,0,0,Composed: Flip,2430.9598,NA,21.01530000000000,16.48270000000000,0.40480000000000,1.02850000000000,27.1418,2410.3791,20.9855,20.5807,0.4048,18.4761,3.1331,2.7217,0.4114,-1.6344,2410.3791,NA
ExperienceX.exe,49456,0x1E283BFA830,DXGI,1,0,0,Composed: Flip,2442.6546,NA,11.69480000000000,33.33690000000000,0.52770000000000,3.37430000000000,48.7839,2431.3646,11.8177,11.2900,0.5277,12.0512,2.6131,1.2802,1.3329,-12.3514,2431.3646,NA
ExperienceX.exe,49456,0x1E283BFA830,DXGI,1,0,0,Composed: Flip,2465.9430,NA,23.28840000000000,0.07550000000000,0.39610000000000,1.84900000000000,25.5710,2443.1823,23.1568,22.7607,0.3961,20.4826,4.1271,3.1294,0.9977,11.7422,2443.1823,NA
ExperienceX.exe,49456,0x1E283BFA830,DXGI,1,0,0,Composed: Flip,2477.5402,NA,11.59720000000000,16.56600000000000,0.52340000000000,2.43340000000000,30.5398,2466.3391,11.7245,11.2011,0.5234,1.4529,12.1816,0.9887,11.1929,6.5908,2466.3391,NA
ExperienceX.exe,49456,0x1E283BFA830,DXGI,1,0,0,Composed: Flip,2493.4893,NA,15.94910000000000,16.67910000000000,0.38690000000000,4.37230000000000,31.2698,2478.0636,15.8126,15.4257,0.3869,16.9794,2.8186,1.2031,1.6155,-4.9546,2478.0636,NA
ExperienceX.exe,49456,0x1E283BFA830,DXGI,1,0,0,Composed: Flip,2510.1146,NA,16.62530000000000,16.54700000000000,0.56980000000000,1.87890000000000,31.1915,2493.8762,16.8082,16.2384,0.5698,6.0244,12.0929,1.7630,10.3299,-0.7344,2493.8762,NA
ExperienceX.exe,49456,0x1E283BFA830,DXGI,1,0,0,Composed: Flip,2530.5040,NA,20.38940000000000,16.80370000000000,0.44810000000000,1.39980000000000,27.6058,2510.6844,20.2677,19.8196,0.4481,16.9288,4.2906,2.3383,1.9523,0.0045,2510.6844,NA
ExperienceX.exe,49456,0x1E283BFA830,DXGI,1,0,0,Composed: Flip,2541.9449,NA,11.44090000000000,16.78270000000000,0.40010000000000,1.64900000000000,32.9476,2530.9521,11.3929,10.9928,0.4001,11.6378,1.0040,0.5023,0.5017,3.4850,2530.9521,NA
ExperienceX.exe,49456,0x1E283BFA830,DXGI,1,0,0,Composed: Flip,2562.3816,NA,20.43670000000000,17.59010000000000,0.35720000000000,1.40160000000000,30.1010,2542.3450,20.3938,20.0366,0.3572,18.2697,3.1685,1.8921,1.2764,-6.1972,2542.3450,NA
ExperienceX.exe,49456,0x1E283BFA830,DXGI,1,0,0,Composed: Flip,2575.7676,NA,13.38600000000000,15.55210000000000,0.37610000000000,1.41220000000000,32.2671,2562.7388,13.4049,13.0288,0.3761,13.6485,0.7925,0.7803,0.0122,4.8417,2562.7388,NA
ExperienceX.exe,49456,0x1E283BFA830,DXGI,1,0,0,Composed: Flip,2595.3902,NA,19.62260000000000,16.53000000000000,0.39030000000000,0.85400000000000,29.1745,2576.1437,19.6368,19.2465,0.3903,18.3692,1.7313,1.1967,0.5346,-3.1251,2576.1437,NA
ExperienceX.exe,49456,0x1E283BFA830,DXGI,1,0,0,Composed: Flip,2608.9046,NA,13.51440000000000,16.85950000000000,0.50890000000000,1.74380000000000,32.5196,2595.7805,13.6330,13.1241,0.5089,0.5202,14.3477,1.9760,12.3717,2.7773,2595.7805,NA
ExperienceX.exe,49456,0x1E283BFA830,DXGI,1,0,0,Composed: Flip,2628.1864,NA,19.28180000000000,16.75610000000000,1.29570000000000,2.59790000000000,29.9939,2609.4135,20.0686,18.7729,1.2957,17.3721,3.9987,1.7724,2.2263,-3.1231,2609.4135,NA
ExperienceX.exe,49456,0x1E283BFA830,DXGI,1,0,0,Composed: Flip,2642.2130,NA,14.02660000000000,16.47810000000000,0.40930000000000,2.65920000000000,32.4454,2629.4821,13.1402,12.7309,0.4093,13.3766,2.0135,0.7670,1.2465,3.5905,2629.4821,NA
ExperienceX.exe,49456,0x1E283BFA830,DXGI,1,0,0,Composed: Flip,2664.9812,NA,22.76820000000000,16.62510000000000,0.14100000000000,1.69060000000000,26.3023,2642.6223,22.4999,22.3589,0.1410,18.5457,5.5038,2.8728,2.6310,-3.4849,2642.6223,NA
ExperienceX.exe,49456,0x1E283BFA830,DXGI,1,0,0,Composed: Flip,2675.4442,NA,10.46300000000000,17.18480000000000,0.32280000000000,4.46270000000000,33.0241,2665.1222,10.6448,10.3220,0.3228,10.8891,3.8956,0.4817,3.4139,5.3151,2665.1222,NA
ExperienceX.exe,49456,0x1E283BFA830,DXGI,1,0,0,Composed: Flip,2695.7698,NA,20.32560000000000,16.17790000000000,0.25510000000000,1.03850000000000,28.8764,2675.7670,20.2579,20.0028,0.2551,17.6855,3.3558,1.9747,1.3811,-5.5331,2675.7670,NA
ExperienceX.exe,49456,0x1E283BFA830,DXGI,1,0,0,Composed: Flip,2709.2594,NA,13.48960000000000,16.70750000000000,0.35460000000000,3.09140000000000,32.0943,2696.0249,13.5891,13.2345,0.3546,13.8290,2.4969,0.6414,1.8555,3.5504,2696.0249,NA
ExperienceX.exe,49456,0x1E283BFA830,DXGI,1,0,0,Composed: Flip,2727.4107,NA,18.15130000000000,16.64050000000000,0.32170000000000,0.92490000000000,30.5835,2709.6140,18.1184,17.7967,0.3217,16.7187,2.0029,1.4394,0.5635,-3.0514,2709.6140,NA
ExperienceX.exe,49456,0x1E283BFA830,DXGI,1,0,0,Composed: Flip,2741.9665,NA,14.55580000000000,16.62520000000000,0.42390000000000,1.50340000000000,32.6529,2727.7324,14.6580,14.2341,0.4239,0.6032,15.1343,1.1086,14.0257,1.4932,2727.7324,NA
ExperienceX.exe,49456,0x1E283BFA830,DXGI,1,0,0,Composed: Flip,2760.2295,NA,18.26300000000000,16.63250000000000,0.52960000000000,0.80300000000000,31.0224,2742.3904,18.3687,17.8391,0.5296,17.3098,1.3323,0.8758,0.4565,-1.9745,2742.3904,NA
ExperienceX.exe,49456,0x1E283BFA830,DXGI,1,0,0,Composed: Flip,2775.0395,NA,14.81000000000000,16.60310000000000,0.23210000000000,0.79360000000000,32.8155,2760.7591,14.5125,14.2804,0.2321,0.2734,14.8006,1.0009,13.7997,1.7656,2760.7591,NA
ExperienceX.exe,49456,0x1E283BFA830,DXGI,1,0,0,Composed: Flip,2793.2848,NA,18.24530000000000,16.72320000000000,0.60460000000000,0.99490000000000,31.2934,2775.2716,18.6178,18.0132,0.6046,17.3585,1.6496,1.0751,0.5745,-2.2107,2775.2716,NA
ExperienceX.exe,49456,0x1E283BFA830,DXGI,1,0,0,Composed: Flip,2808.1773,NA,14.89250000000000,16.57120000000000,0.23790000000000,0.80500000000000,32.9721,2793.8894,14.5258,14.2879,0.2379,0.3903,14.7026,0.8894,13.8132,2.0466,2793.8894,NA
ExperienceX.exe,49456,0x1E283BFA830,DXGI,1,0,0,Composed: Flip,2826.0124,NA,17.83510000000000,16.74770000000000,0.14070000000000,0.50210000000000,31.8847,2808.4152,17.7379,17.5972,0.1407,17.1354,0.9639,0.7283,0.2356,-2.2219,2808.4152,NA
ExperienceX.exe,49456,0x1E283BFA830,DXGI,1,0,0,Composed: Flip,2841.3273,NA,15.31490000000000,16.68360000000000,0.11890000000000,0.40990000000000,33.2534,2826.1531,15.2931,15.1742,0.1189,0.9075,14.6766,1.4043,13.2723,1.0543,2826.1531,NA
ExperienceX.exe,49456,0x1E283BFA830,DXGI,1,0,0,Composed: Flip,2858.4933,NA,17.16600000000000,16.72470000000000,0.11970000000000,1.64930000000000,32.8121,2841.4462,17.1668,17.0471,0.1197,17.5877,1.1087,0.8187,0.2900,-1.4316,2841.4462,NA
ExperienceX.exe,49456,0x1E283BFA830,DXGI,1,0,0,Composed: Flip,2875.0242,NA,16.53090000000000,16.67570000000000,0.27460000000000,0.76510000000000,32.9569,2858.6130,16.6858,16.4112,0.2746,1.5296,15.6467,1.5500,14.0967,0.4911,2858.6130,NA
ExperienceX.exe,49456,0x1E283BFA830,DXGI,1,0,0,Composed: Flip,2894.0461,NA,19.02190000000000,16.57950000000000,0.41560000000000,0.69270000000000,30.5145,2875.2988,19.1629,18.7473,0.4156,17.5095,1.9305,0.8746,1.0559,0.1063,2875.2988,NA
ExperienceX.exe,49456,0x1E283BFA830,DXGI,1,0,0,Composed: Flip,2908.5355,NA,14.48940000000000,16.57860000000000,0.19220000000000,0.71110000000000,32.6037,2894.4617,14.2660,14.0738,0.1922,0.5896,14.1953,1.5307,12.6646,2.5843,2894.4617,NA
ExperienceX.exe,49456,0x1E283BFA830,DXGI,1,0,0,Composed: Flip,2926.2913,NA,17.75580000000000,16.77690000000000,0.16890000000000,1.02850000000000,31.6248,2908.7277,17.7325,17.5636,0.1689,16.7592,1.8329,1.2634,0.5695,-2.5109,2908.7277,NA
ExperienceX.exe,49456,0x1E283BFA830,DXGI,1,0,0,Composed: Flip,2941.3769,NA,15.08560000000000,16.54670000000000,0.15500000000000,0.88360000000000,33.0859,2926.4602,15.0717,14.9167,0.1550,0.8596,14.9407,0.7127,14.2280,1.1858,2926.4602,NA
ExperienceX.exe,49456,0x1E283BFA830,DXGI,1,0,0,Composed: Flip,2958.9418,NA,17.56490000000000,16.69270000000000,0.09390000000000,0.48170000000000,32.2137,2941.5319,17.5038,17.4099,0.0939,16.9922,0.8994,0.8875,0.0119,-1.6210,2941.5319,NA
ExperienceX.exe,49456,0x1E283BFA830,DXGI,1,0,0,Composed: Flip,2974.6528,NA,15.71100000000000,16.69320000000000,0.13680000000000,0.64540000000000,33.1959,2959.0357,15.7539,15.6171,0.1368,0.3878,15.8747,1.1628,14.7119,0.8106,2959.0357,NA
ExperienceX.exe,49456,0x1E283BFA830,DXGI,1,0,0,Composed: Flip,2992.5237,NA,17.87090000000000,16.67380000000000,0.10570000000000,0.50080000000000,31.9988,2974.7896,17.8398,17.7341,0.1057,17.1878,1.0471,1.0356,0.0115,-0.9199,2974.7896,NA
ExperienceX.exe,49456,0x1E283BFA830,DXGI,1,0,0,Composed: Flip,3008.0965,NA,15.57280000000000,16.77160000000000,0.13010000000000,0.55260000000000,33.1976,2992.6294,15.5972,15.4671,0.1301,0.3951,15.6246,1.0998,14.5248,1.0682,2992.6294,NA
ExperienceX.exe,49456,0x1E283BFA830,DXGI,1,0,0,Composed: Flip,3025.5881,NA,17.49160000000000,17.09380000000000,0.66010000000000,1.08380000000000,32.7998,3008.2266,18.0216,17.3615,0.6601,17.0648,1.3805,0.8958,0.4847,-1.4966,3008.2266,NA
ExperienceX.exe,49456,0x1E283BFA830,DXGI,1,0,0,Composed: Flip,3042.0689,NA,16.48080000000000,16.26200000000000,0.35180000000000,1.11810000000000,32.5810,3026.2482,16.1725,15.8207,0.3518,0.4237,16.5151,1.2517,15.2634,1.7596,3026.2482,NA
ExperienceX.exe,49456,0x1E283BFA830,DXGI,1,0,0,Composed: Flip,3063.7288,NA,21.65990000000000,16.65180000000000,0.23440000000000,1.10580000000000,27.5729,3042.4207,21.5425,21.3081,0.2344,18.6888,3.7251,2.1854,1.5397,-0.4793,3042.4207,NA
ExperienceX.exe,49456,0x1E283BFA830,DXGI,1,0,0,Composed: Flip,3075.2966,NA,11.56780000000000,16.65950000000000,0.26150000000000,1.10360000000000,32.6646,3063.9632,11.5949,11.3334,0.2615,11.6677,0.7693,0.5714,0.1979,4.8830,3063.9632,NA
ExperienceX.exe,49456,0x1E283BFA830,DXGI,1,0,0,Composed: Flip,3092.3252,NA,17.02860000000000,16.61670000000000,1.21810000000000,1.60110000000000,32.2527,3075.5581,17.9852,16.7671,1.2181,17.2219,1.1463,0.9375,0.2088,-5.0218,3075.5581,NA
ExperienceX.exe,49456,0x1E283BFA830,DXGI,1,0,0,Composed: Flip,3108.4958,NA,16.17060000000000,16.58080000000000,0.26360000000000,0.90470000000000,32.6629,3093.5433,15.2161,14.9525,0.2636,0.5938,15.2634,1.7082,13.5552,1.4044,3093.5433,NA
ExperienceX.exe,49456,0x1E283BFA830,DXGI,1,0,0,Composed: Flip,3125.3946,NA,16.89880000000000,16.73430000000000,0.71090000000000,1.35310000000000,32.4984,3108.7594,17.3461,16.6352,0.7109,16.8430,1.1453,1.1025,0.0428,-1.5182,3108.7594,NA
ExperienceX.exe,49456,0x1E283BFA830,DXGI,1,0,0,Composed: Flip,3141.3846,NA,15.99000000000000,16.61550000000000,0.10100000000000,0.55880000000000,33.1239,3126.1055,15.3801,15.2791,0.1010,1.1703,14.6676,1.6995,12.9681,0.7306,3126.1055,NA
ExperienceX.exe,49456,0x1E283BFA830,DXGI,1,0,0,Composed: Flip,3159.2260,NA,17.84140000000000,16.82860000000000,0.06790000000000,1.30760000000000,32.1111,3141.4856,17.8083,17.7404,0.0679,17.2934,1.7546,1.2716,0.4830,-1.4485,3141.4856,NA
ExperienceX.exe,49456,0x1E283BFA830,DXGI,1,0,0,Composed: Flip,3174.7596,NA,15.53360000000000,16.51390000000000,0.11090000000000,0.58290000000000,33.0914,3159.2939,15.5766,15.4657,0.1109,1.2397,14.8089,1.0432,13.7657,1.2944,3159.2939,NA
ExperienceX.exe,49456,0x1E283BFA830,DXGI,1,0,0,Composed: Flip,3192.7844,NA,18.02480000000000,16.67580000000000,0.13130000000000,0.65350000000000,31.7424,3174.8705,18.0452,17.9139,0.1313,17.5822,0.9852,0.8643,0.1209,-1.0992,3174.8705,NA
ExperienceX.exe,49456,0x1E283BFA830,DXGI,1,0,0,Composed: Flip,3208.0986,NA,15.31420000000000,16.61460000000000,0.10090000000000,0.85440000000000,33.0428,3192.9157,15.2838,15.1829,0.1009,0.5545,15.4828,1.7935,13.6893,1.4306,3192.9157,NA
ExperienceX.exe,49456,0x1E283BFA830,DXGI,1,0,0,Composed: Flip,3226.3366,NA,18.23800000000000,16.73680000000000,0.18460000000000,0.76270000000000,31.5416,3208.1995,18.3217,18.1371,0.1846,17.3502,1.5496,0.9454,0.6042,-1.4530,3208.1995,NA
ExperienceX.exe,49456,0x1E283BFA830,DXGI,1,0,0,Composed: Flip,3241.3581,NA,15.02150000000000,16.65180000000000,0.11570000000000,0.50140000000000,33.1719,3226.5212,14.9526,14.8369,0.1157,0.5781,14.7602,1.1198,13.6404,1.6699,3226.5212,NA
ExperienceX.exe,49456,0x1E283BFA830,DXGI,1,0,0,Composed: Flip,3258.8926,NA,17.53450000000000,17.10660000000000,1.22130000000000,1.77710000000000,32.7440,3241.4738,18.6401,17.4188,1.2213,17.8892,1.3067,0.9682,0.3385,-2.1540,3241.4738,NA
ExperienceX.exe,49456,0x1E283BFA830,DXGI,1,0,0,Composed: Flip,3275.1131,NA,16.22050000000000,16.34860000000000,0.20280000000000,0.77790000000000,32.8721,3260.1139,15.2020,14.9992,0.2028,0.5617,15.2154,1.9768,13.2386,2.2915,3260.1139,NA
ExperienceX.exe,49456,0x1E283BFA830,DXGI,1,0,0,Composed: Flip,3293.7465,NA,18.63340000000000,16.49460000000000,0.31910000000000,0.85360000000000,30.7333,3275.3159,18.7497,18.4306,0.3191,17.9686,1.3156,1.0213,0.2943,-1.2926,3275.3159,NA
ExperienceX.exe,49456,0x1E283BFA830,DXGI,1,0,0,Composed: Flip,3308.5885,NA,14.84200000000000,16.64640000000000,0.35120000000000,1.03130000000000,32.5377,3294.0656,14.8741,14.5229,0.3512,0.7451,14.8091,1.7715,13.0376,2.1033,3294.0656,NA
ExperienceX.exe,49456,0x1E283BFA830,DXGI,1,0,0,Composed: Flip,3325.6873,NA,17.09880000000000,16.66940000000000,0.14240000000000,0.64320000000000,32.1083,3308.9397,16.8900,16.7476,0.1424,16.1858,1.2050,1.1932,0.0118,-1.7953,3308.9397,NA
ExperienceX.exe,49456,0x1E283BFA830,DXGI,1,0,0,Composed: Flip,3341.3208,NA,15.63350000000000,16.67850000000000,0.06990000000000,0.41150000000000,33.1533,3325.8297,15.5610,15.4911,0.0699,0.5008,15.4018,0.8067,14.5951,0.2115,3325.8297,NA
ExperienceX.exe,49456,0x1E283BFA830,DXGI,1,0,0,Composed: Flip,3358.6778,NA,17.35700000000000,16.73930000000000,0.09000000000000,0.89080000000000,32.5356,3341.3907,17.3771,17.2871,0.0900,17.0854,1.0925,1.0522,0.0403,-1.1783,3341.3907,NA
ExperienceX.exe,49456,0x1E283BFA830,DXGI,1,0,0,Composed: Flip,3374.6921,NA,16.01430000000000,16.69950000000000,0.10020000000000,1.09040000000000,33.2208,3358.7678,16.0245,15.9243,0.1002,0.8008,16.2139,1.9979,14.2160,0.6776,3358.7678,NA
ExperienceX.exe,49456,0x1E283BFA830,DXGI,1,0,0,Composed: Flip,3392.7224,NA,18.03030000000000,16.59330000000000,0.42140000000000,1.15240000000000,31.7838,3374.7923,18.3515,17.9301,0.4214,17.3952,1.6873,1.0849,0.6024,-0.5688,3374.7923,NA
ExperienceX.exe,49456,0x1E283BFA830,DXGI,1,0,0,Composed: Flip,3408.2131,NA,15.49070000000000,16.77170000000000,0.14570000000000,1.12530000000000,33.0648,3393.1438,15.2150,15.0693,0.1457,0.7310,15.4636,1.4921,13.9715,1.5798,3393.1438,NA
ExperienceX.exe,49456,0x1E283BFA830,DXGI,1,0,0,Composed: Flip,3425.6660,NA,17.45290000000000,16.55100000000000,0.12480000000000,0.81440000000000,32.1629,3408.3588,17.4320,17.3072,0.1248,16.7542,1.3674,0.8736,0.4938,-1.3360,3408.3588,NA
ExperienceX.exe,49456,0x1E283BFA830,DXGI,1,0,0,Composed: Flip,3441.7074,NA,16.04140000000000,16.64730000000000,0.34390000000000,1.46980000000000,32.7688,3425.7908,16.2605,15.9166,0.3439,0.6896,16.6968,1.3555,15.3413,0.7847,3425.7908,NA
ExperienceX.exe,49456,0x1E283BFA830,DXGI,1,0,0,Composed: Flip,3459.7296,NA,18.02220000000000,16.66690000000000,0.12040000000000,0.73980000000000,31.4135,3442.0513,17.7987,17.6783,0.1204,16.9888,1.4293,0.9332,0.4961,-0.4064,3442.0513,NA
ExperienceX.exe,49456,0x1E283BFA830,DXGI,1,0,0,Composed: Flip,3474.7138,NA,14.98420000000000,16.82870000000000,0.10220000000000,0.65210000000000,33.2580,3459.8500,14.9660,14.8638,0.1022,0.6194,14.8965,1.1873,13.7092,0.9700,3459.8500,NA
ExperienceX.exe,49456,0x1E283BFA830,DXGI,1,0,0,Composed: Flip,3492.6707,NA,17.95690000000000,16.51930000000000,0.34510000000000,0.74670000000000,31.8204,3474.8160,18.1998,17.8547,0.3451,17.4842,1.1172,0.8786,0.2386,-1.5533,3474.8160,NA
ExperienceX.exe,49456,0x1E283BFA830,DXGI,1,0,0,Composed: Flip,3508.2336,NA,15.56290000000000,16.74920000000000,0.16180000000000,0.70680000000000,33.0067,3493.0158,15.3796,15.2178,0.1618,0.4599,15.4647,1.7559,13.7088,1.4506,3493.0158,NA
ExperienceX.exe,49456,0x1E283BFA830,DXGI,1,0,0,Composed: Flip,3525.2539,NA,17.02030000000000,16.57490000000000,0.21000000000000,0.69290000000000,32.5613,3508.3954,17.0685,16.8585,0.2100,16.7004,0.8510,0.8430,0.0080,-1.1953,3508.3954,NA
ExperienceX.exe,49456,0x1E283BFA830,DXGI,1,0,0,Composed: Flip,3541.6951,NA,16.44120000000000,16.64530000000000,0.12200000000000,1.10780000000000,32.7654,3525.4639,16.3532,16.2312,0.1220,0.4829,16.8561,1.9449,14.9112,0.4232,3525.4639,NA
ExperienceX.exe,49456,0x1E283BFA830,DXGI,1,0,0,Composed: Flip,3558.3166,NA,16.62150000000000,16.69600000000000,0.07810000000000,1.40690000000000,32.8399,3541.8171,16.5776,16.4995,0.0781,16.6945,1.2119,1.1939,0.0180,-0.3428,3541.8171,NA
ExperienceX.exe,49456,0x1E283BFA830,DXGI,1,0,0,Composed: Flip,3574.6720,NA,16.35540000000000,16.63950000000000,0.10560000000000,0.46120000000000,33.1240,3558.3947,16.3829,16.2773,0.1056,1.3288,15.4097,1.1067,14.3030,-0.0619,3558.3947,NA
ExperienceX.exe,49456,0x1E283BFA830,DXGI,1,0,0,Composed: Flip,3592.5528,NA,17.88080000000000,16.87190000000000,0.11340000000000,0.70760000000000,32.1151,3574.7776,17.8886,17.7752,0.1134,17.5161,0.9667,0.8746,0.0921,-0.4890,3574.7776,NA
ExperienceX.exe,49456,0x1E283BFA830,DXGI,1,0,0,Composed: Flip,3608.0503,NA,15.49750000000000,16.55610000000000,0.14530000000000,0.52420000000000,33.1737,3592.6662,15.5294,15.3841,0.1453,0.6380,15.2703,1.6938,13.5765,1.3325,3592.6662,NA
ExperienceX.exe,49456,0x1E283BFA830,DXGI,1,0,0,Composed: Flip,3627.3766,NA,19.32630000000000,16.73110000000000,0.18450000000000,0.60760000000000,30.5785,3608.1956,19.3655,19.1810,0.1845,18.2095,1.5791,1.2982,0.2809,-1.2017,3608.1956,NA
ExperienceX.exe,49456,0x1E283BFA830,DXGI,1,0,0,Composed: Flip,3641.5549,NA,14.17830000000000,16.51080000000000,0.17710000000000,0.66550000000000,32.9110,3627.5611,14.1709,13.9938,0.1771,0.4231,14.2362,1.0372,13.1990,2.8547,3627.5611,NA
ExperienceX.exe,49456,0x1E283BFA830,DXGI,1,0,0,Composed: Flip,3660.3056,NA,18.75070000000000,16.66510000000000,0.28740000000000,1.07620000000000,30.8254,3641.7320,18.8610,18.5736,0.2874,17.6742,1.9756,1.9395,0.0361,-2.4942,3641.7320,NA
ExperienceX.exe,49456,0x1E283BFA830,DXGI,1,0,0,Composed: Flip,3674.7095,NA,14.40390000000000,16.65500000000000,0.08340000000000,0.47570000000000,33.0765,3660.5930,14.1999,14.1165,0.0834,0.7888,13.8034,0.5158,13.2876,2.2060,3660.5930,NA
ExperienceX.exe,49456,0x1E283BFA830,DXGI,1,0,0,Composed: Flip,3691.7093,NA,16.99980000000000,16.67200000000000,0.06320000000000,1.61890000000000,32.7487,3674.7929,16.9796,16.9164,0.0632,17.1921,1.3432,0.8613,0.4819,-2.4721,3674.7929,NA
ExperienceX.exe,49456,0x1E283BFA830,DXGI,1,0,0,Composed: Flip,3708.0244,NA,16.31510000000000,16.74180000000000,0.12010000000000,0.50110000000000,33.1754,3691.7725,16.3720,16.2519,0.1201,1.5557,15.1973,1.1009,14.0964,0.2378,3691.7725,NA
ExperienceX.exe,49456,0x1E283BFA830,DXGI,1,0,0,Composed: Flip,3725.7971,NA,17.77270000000000,16.59990000000000,0.09990000000000,0.76030000000000,32.0026,3708.1445,17.7525,17.6526,0.0999,16.9363,1.4766,0.8863,0.5903,-0.2279,3708.1445,NA
ExperienceX.exe,49456,0x1E283BFA830,DXGI,1,0,0,Composed: Flip,3741.4290,NA,15.63190000000000,16.74790000000000,0.11110000000000,0.50860000000000,33.1186,3725.8970,15.6431,15.5320,0.1111,0.6604,15.3802,1.0333,14.3469,1.0046,3725.8970,NA
ExperienceX.exe,49456,0x1E283BFA830,DXGI,1,0,0,Composed: Flip,3759.1091,NA,17.68010000000000,16.79200000000000,0.56080000000000,0.90950000000000,32.2305,3741.5401,18.1298,17.5690,0.5608,17.2279,1.2506,1.2172,0.0334,-1.1489,3741.5401,NA
ExperienceX.exe,49456,0x1E283BFA830,DXGI,1,0,0,Composed: Flip,3774.9693,NA,15.86020000000000,16.53600000000000,0.15090000000000,1.15500000000000,32.9063,3759.6699,15.4503,15.2994,0.1509,0.3487,16.1057,1.0799,15.0258,1.5938,3759.6699,NA
ExperienceX.exe,49456,0x1E283BFA830,DXGI,1,0,0,Composed: Flip,3792.8446,NA,17.87530000000000,16.69280000000000,0.59730000000000,0.98640000000000,31.7238,3775.1202,18.3217,17.7244,0.5973,17.3677,1.3431,1.1511,0.1920,-1.2425,3775.1202,NA
ExperienceX.exe,49456,0x1E283BFA830,DXGI,1,0,0,Composed: Flip,3808.1822,NA,15.33760000000000,16.64330000000000,0.13920000000000,0.81170000000000,33.0295,3793.4419,14.8795,14.7403,0.1392,0.3891,15.1629,1.2890,13.8739,1.6784,3793.4419,NA
ExperienceX.exe,49456,0x1E283BFA830,DXGI,1,0,0,Composed: Flip,3826.5819,NA,18.39970000000000,16.77650000000000,0.15170000000000,0.69150000000000,31.4063,3808.3214,18.4122,18.2605,0.1517,17.4892,1.4628,1.4398,0.0230,-1.8970,3808.3214,NA
ExperienceX.exe,49456,0x1E283BFA830,DXGI,1,0,0,Composed: Flip,3841.6760,NA,15.09410000000000,16.51920000000000,0.17780000000000,0.77970000000000,32.8314,3826.7336,15.1202,14.9424,0.1778,0.5398,15.1823,0.9238,14.2585,1.8930,3826.7336,NA
ExperienceX.exe,49456,0x1E283BFA830,DXGI,1,0,0,Composed: Flip,3860.5636,NA,18.88760000000000,16.76080000000000,0.32230000000000,2.55500000000000,30.7046,3841.8538,19.0321,18.7098,0.3223,17.5406,3.7242,3.3136,0.4106,-1.6406,3841.8538,NA
ExperienceX.exe,49456,0x1E283BFA830,DXGI,1,0,0,Composed: Flip,3874.7695,NA,14.20590000000000,16.51400000000000,0.25680000000000,0.65470000000000,33.0127,3860.8859,14.1404,13.8836,0.2568,14.1828,0.3555,0.3472,0.0083,2.5181,3860.8859,NA
ExperienceX.exe,49456,0x1E283BFA830,DXGI,1,0,0,Composed: Flip,3892.8335,NA,18.06400000000000,16.67120000000000,0.59840000000000,1.45890000000000,31.6199,3875.0263,18.4056,17.8072,0.5984,17.3844,1.8817,1.0915,0.7902,-2.5308,3875.0263,NA
ExperienceX.exe,49456,0x1E283BFA830,DXGI,1,0,0,Composed: Flip,3907.9951,NA,15.16160000000000,16.78290000000000,0.11800000000000,0.50700000000000,33.2412,3893.4319,14.6812,14.5632,0.1180,0.8605,14.2097,1.2545,12.9552,1.6227,3893.4319,NA
ExperienceX.exe,49456,0x1E283BFA830,DXGI,1,0,0,Composed: Flip,3926.1201,NA,18.12500000000000,16.55400000000000,0.10340000000000,0.67090000000000,31.6702,3908.1131,18.1104,18.0070,0.1034,17.4825,1.1954,1.1954,0.0000,-1.8728,3908.1131,NA
ExperienceX.exe,49456,0x1E283BFA830,DXGI,1,0,0,Composed: Flip,3941.6494,NA,15.52930000000000,16.66670000000000,0.21590000000000,1.10090000000000,32.8076,3926.2235,15.6418,15.4259,0.2159,0.5675,15.9593,0.9157,15.0436,1.4437,3926.2235,NA
ExperienceX.exe,49456,0x1E283BFA830,DXGI,1,0,0,Composed: Flip,3958.5506,NA,16.90120000000000,16.96760000000000,0.08220000000000,1.03260000000000,32.8740,3941.8653,16.7675,16.6853,0.0822,16.5319,1.1860,1.1772,0.0088,-1.3258,3941.8653,NA
ExperienceX.exe,49456,0x1E283BFA830,DXGI,1,0,0,Composed: Flip,3974.6413,NA,16.09070000000000,16.37120000000000,0.07000000000000,0.42020000000000,33.1545,3958.6328,16.0785,16.0085,0.0700,0.9504,15.4783,1.0472,14.4311,0.3963,3958.6328,NA
ExperienceX.exe,49456,0x1E283BFA830,DXGI,1,0,0,Composed: Flip,3993.5326,NA,18.89130000000000,16.78490000000000,0.14820000000000,0.69590000000000,31.0481,3974.7113,18.9695,18.8213,0.1482,18.0005,1.5167,1.4984,0.0183,-0.7064,3974.7113,NA
ExperienceX.exe,49456,0x1E283BFA830,DXGI,1,0,0,Composed: Flip,4008.0510,NA,14.51840000000000,16.60890000000000,0.10580000000000,0.54200000000000,33.1386,3993.6808,14.4760,14.3702,0.1058,0.5477,14.3645,0.7878,13.5767,2.3606,3993.6808,NA
ExperienceX.exe,49456,0x1E283BFA830,DXGI,1,0,0,Composed: Flip,4026.4190,NA,18.36800000000000,16.82130000000000,0.75850000000000,0.95790000000000,31.5919,4008.1568,19.0207,18.2622,0.7585,17.4316,1.7885,1.7608,0.0277,-2.3453,4008.1568,NA
ExperienceX.exe,49456,0x1E283BFA830,DXGI,1,0,0,Composed: Flip,4041.5513,NA,15.13230000000000,16.54140000000000,0.23860000000000,0.77490000000000,33.0010,4027.1775,14.6124,14.3738,0.2386,0.1994,14.9493,0.6092,14.3401,2.4793,4027.1775,NA
ExperienceX.exe,49456,0x1E283BFA830,DXGI,1,0,0,Composed: Flip,4060.3694,NA,18.81810000000000,16.63110000000000,0.15530000000000,0.65550000000000,30.8140,4041.7899,18.7348,18.5795,0.1553,17.7659,1.4691,1.3288,0.1403,-2.0187,4041.7899,NA
ExperienceX.exe,49456,0x1E283BFA830,DXGI,1,0,0,Composed: Flip,4075.0525,NA,14.68310000000000,16.63610000000000,0.21060000000000,0.85520000000000,32.7670,4060.5247,14.7384,14.5278,0.2106,0.5002,14.8828,1.0260,13.8568,2.0987,4060.5247,NA
ExperienceX.exe,49456,0x1E283BFA830,DXGI,1,0,0,Composed: Flip,4092.2889,NA,17.23640000000000,16.66620000000000,0.49850000000000,0.93830000000000,32.1968,4075.2631,17.5243,17.0258,0.4985,16.7170,1.2471,1.2329,0.0142,-1.9278,4075.2631,NA
ExperienceX.exe,49456,0x1E283BFA830,DXGI,1,0,0,Composed: Flip,4108.1109,NA,15.82200000000000,16.64370000000000,0.13340000000000,0.76810000000000,33.0185,4092.7874,15.4569,15.3235,0.1334,0.4398,15.6518,1.1019,14.5499,0.8806,4092.7874,NA
ExperienceX.exe,49456,0x1E283BFA830,DXGI,1,0,0,Composed: Flip,4125.5623,NA,17.45140000000000,16.75220000000000,0.12700000000000,1.32020000000000,32.3193,4108.2443,17.4450,17.3180,0.1270,17.0151,1.6231,0.9700,0.6531,-1.2953,4108.2443,NA
ExperienceX.exe,49456,0x1E283BFA830,DXGI,1,0,0,Composed: Flip,4141.6076,NA,16.04530000000000,16.66360000000000,0.10080000000000,1.46060000000000,32.9376,4125.6893,16.0191,15.9183,0.1008,1.1932,16.1857,2.3009,13.8848,0.7814,4125.6893,NA
ExperienceX.exe,49456,0x1E283BFA830,DXGI,1,0,0,Composed: Flip,4160.1381,NA,18.53050000000000,16.70070000000000,0.19500000000000,0.77250000000000,31.1078,4141.7084,18.6247,18.4297,0.1950,17.3505,1.8517,1.2386,0.6131,-0.6816,4141.7084,NA
ExperienceX.exe,49456,0x1E283BFA830,DXGI,1,0,0,Composed: Flip,4174.8363,NA,14.69820000000000,16.65930000000000,0.13130000000000,0.96660000000000,33.0689,4160.3331,14.6345,14.5032,0.1313,0.5775,14.8923,0.9172,13.9751,1.9654,4160.3331,NA
ExperienceX.exe,49456,0x1E283BFA830,DXGI,1,0,0,Composed: Flip,4192.7047,NA,17.86840000000000,16.67310000000000,0.16970000000000,0.87120000000000,31.8736,4174.9676,17.9068,17.7371,0.1697,17.1568,1.4515,1.0463,0.4052,-2.0386,4174.9676,NA
ExperienceX.exe,49456,0x1E283BFA830,DXGI,1,0,0,Composed: Flip,4208.1680,NA,15.46330000000000,16.79730000000000,0.13560000000000,0.69390000000000,33.2076,4192.8744,15.4292,15.2936,0.1356,0.7015,15.2860,1.1324,14.1536,1.1095,4192.8744,NA
ExperienceX.exe,49456,0x1E283BFA830,DXGI,1,0,0,Composed: Flip,4226.3857,NA,18.21770000000000,16.65990000000000,0.21170000000000,0.75240000000000,31.6498,4208.3036,18.2938,18.0821,0.2117,17.2539,1.5806,1.1460,0.4346,-1.2307,4208.3036,NA
ExperienceX.exe,49456,0x1E283BFA830,DXGI,1,0,0,Composed: Flip,4241.8279,NA,15.44220000000000,16.51180000000000,0.24290000000000,1.30540000000000,32.7194,4226.5974,15.4734,15.2305,0.2429,0.5407,15.9952,1.4403,14.5549,1.7820,4226.5974,NA
ExperienceX.exe,49456,0x1E283BFA830,DXGI,1,0,0,Composed: Flip,4260.2451,NA,18.41720000000000,16.83310000000000,0.15660000000000,0.77890000000000,31.1353,4242.0708,18.3309,18.1743,0.1566,17.1588,1.7944,1.1774,0.6170,-1.3597,4242.0708,NA
ExperienceX.exe,49456,0x1E283BFA830,DXGI,1,0,0,Composed: Flip,4274.8604,NA,14.61530000000000,16.42040000000000,0.12200000000000,0.62900000000000,32.9404,4260.4017,14.5807,14.4587,0.1220,0.6223,14.4654,0.9897,13.4757,1.9105,4260.4017,NA
ExperienceX.exe,49456,0x1E283BFA830,DXGI,1,0,0,Composed: Flip,4293.2084,NA,18.34800000000000,16.73880000000000,0.11700000000000,0.55550000000000,31.3312,4274.9824,18.3430,18.2260,0.1170,17.5571,1.2244,1.2023,0.0221,-2.1581,4274.9824,NA
ExperienceX.exe,49456,0x1E283BFA830,DXGI,1,0,0,Composed: Flip,4308.0700,NA,14.86160000000000,16.66860000000000,0.18220000000000,0.75760000000000,33.1382,4293.3254,14.9268,14.7446,0.1822,0.4385,15.0637,1.1087,13.9550,1.6744,4293.3254,NA
ExperienceX.exe,49456,0x1E283BFA830,DXGI,1,0,0,Composed: Flip,4326.1373,NA,18.06730000000000,16.66230000000000,0.13950000000000,0.69140000000000,31.7332,4308.2522,18.0246,17.8851,0.1395,17.2760,1.3005,1.2907,0.0098,-1.7355,4308.2522,NA
ExperienceX.exe,49456,0x1E283BFA830,DXGI,1,0,0,Composed: Flip,4341.6005,NA,15.46320000000000,16.61360000000000,0.13550000000000,0.81360000000000,32.8836,4326.2768,15.4592,15.3237,0.1355,0.5519,15.5854,1.1031,14.4823,1.4110,4326.2768,NA
ExperienceX.exe,49456,0x1E283BFA830,DXGI,1,0,0,Composed: Flip,4359.4128,NA,17.81230000000000,16.90180000000000,0.48460000000000,1.48550000000000,31.9731,4341.7360,18.1614,17.6768,0.4846,17.1164,2.0459,1.0743,0.9716,-1.4426,4341.7360,NA
ExperienceX.exe,49456,0x1E283BFA830,DXGI,1,0,0,Composed: Flip,4374.6771,NA,15.26430000000000,16.54740000000000,0.07270000000000,0.52500000000000,33.2562,4359.8974,14.8524,14.7797,0.0727,1.0009,14.3038,1.3798,12.9240,1.6140,4359.8974,NA
ExperienceX.exe,49456,0x1E283BFA830,DXGI,1,0,0,Composed: Flip,4392.1083,NA,17.43120000000000,16.60860000000000,0.11870000000000,1.48790000000000,32.4336,4374.7498,17.4772,17.3585,0.1187,17.6979,1.1485,1.0891,0.0594,-1.7562,4374.7498,NA
ExperienceX.exe,49456,0x1E283BFA830,DXGI,1,0,0,Composed: Flip,4408.2025,NA,16.09420000000000,16.61160000000000,0.11730000000000,0.63220000000000,32.9510,4392.2270,16.0928,15.9755,0.1173,1.5595,15.0482,1.6476,13.4006,0.8656,4392.2270,NA
ExperienceX.exe,49456,0x1E283BFA830,DXGI,1,0,0,Composed: Flip,4426.3160,NA,18.11350000000000,16.69400000000000,0.14370000000000,0.63460000000000,31.5315,4408.3198,18.1399,17.9962,0.1437,17.0978,1.5330,1.0529,0.4801,-0.6012,4408.3198,NA
ExperienceX.exe,49456,0x1E283BFA830,DXGI,1,0,0,Composed: Flip,4441.4535,NA,15.13750000000000,16.59910000000000,0.06910000000000,0.54400000000000,32.9931,4426.4597,15.0629,14.9938,0.0691,0.4909,15.0469,1.0453,14.0016,1.5408,4426.4597,NA
ExperienceX.exe,49456,0x1E283BFA830,DXGI,1,0,0,Composed: Flip,4458.8814,NA,17.42790000000000,17.04270000000000,0.65880000000000,1.16410000000000,32.6079,4441.5226,18.0176,17.3588,0.6588,17.0965,1.4264,1.0759,0.3505,-1.9798,4441.5226,NA
ExperienceX.exe,49456,0x1E283BFA830,DXGI,1,0,0,Composed: Flip,4474.6592,NA,15.77780000000000,16.35370000000000,0.10480000000000,0.52640000000000,33.1838,4459.5402,15.2238,15.1190,0.1048,0.5053,15.1401,1.0456,14.0945,1.6639,4459.5402,NA
ExperienceX.exe,49456,0x1E283BFA830,DXGI,1,0,0,Composed: Flip,4494.3398,NA,19.68060000000000,16.60640000000000,0.18280000000000,0.65630000000000,30.1096,4474.7640,19.7586,19.5758,0.1828,18.8136,1.4185,1.4075,0.0110,-1.3826,4474.7640,NA
ExperienceX.exe,49456,0x1E283BFA830,DXGI,1,0,0,Composed: Flip,4508.0642,NA,13.72440000000000,16.65770000000000,0.17790000000000,0.63020000000000,33.0429,4494.5226,13.7195,13.5416,0.1779,0.4735,13.6983,0.8819,12.8164,3.1009,4494.5226,NA
ExperienceX.exe,49456,0x1E283BFA830,DXGI,1,0,0,Composed: Flip,4525.3015,NA,17.23730000000000,16.73090000000000,0.08240000000000,0.61990000000000,32.5365,4508.2421,17.1418,17.0594,0.0824,16.7477,0.9316,0.9192,0.0124,-3.0114,4508.2421,NA
ExperienceX.exe,49456,0x1E283BFA830,DXGI,1,0,0,Composed: Flip,4541.3070,NA,16.00550000000000,16.67490000000000,0.06320000000000,0.47030000000000,33.2059,4525.3839,15.9863,15.9231,0.0632,0.5375,15.8559,1.5523,14.3036,0.4669,4525.3839,NA
ExperienceX.exe,49456,0x1E283BFA830,DXGI,1,0,0,Composed: Flip,4559.3251,NA,18.01810000000000,16.63680000000000,0.15280000000000,0.56430000000000,31.8246,4541.3702,18.1077,17.9549,0.1528,17.3395,1.1797,1.1655,0.0142,-0.6505,4541.3702,NA
ExperienceX.exe,49456,0x1E283BFA830,DXGI,1,0,0,Composed: Flip,4574.7834,NA,15.45830000000000,16.72890000000000,0.14360000000000,0.63950000000000,33.0952,4559.4779,15.4491,15.3055,0.1436,0.4115,15.5335,1.0096,14.5239,1.3788,4559.4779,NA
ExperienceX.exe,49456,0x1E283BFA830,DXGI,1,0,0,Composed: Flip,4592.7305,NA,17.94710000000000,16.75500000000000,0.12540000000000,1.17650000000000,31.9031,4574.9270,17.9289,17.8035,0.1254,17.3781,1.6019,1.5291,0.0728,-1.3059,4574.9270,NA
ExperienceX.exe,49456,0x1E283BFA830,DXGI,1,0,0,Composed: Flip,4608.2725,NA,15.54200000000000,16.78560000000000,0.16590000000000,1.19660000000000,33.1467,4592.8559,15.5825,15.4166,0.1659,1.0511,15.5621,2.4542,13.1079,1.1433,4592.8559,NA
ExperienceX.exe,49456,0x1E283BFA830,DXGI,1,0,0,Composed: Flip,4626.6991,NA,18.42660000000000,16.49940000000000,0.10860000000000,0.98170000000000,31.2195,4608.4384,18.3693,18.2607,0.1086,17.4191,1.8233,1.7559,0.0674,-0.9169,4608.4384,NA
ExperienceX.exe,49456,0x1E283BFA830,DXGI,1,0,0,Composed: Flip,4641.8960,NA,15.19690000000000,16.52920000000000,0.21830000000000,1.32280000000000,32.5518,4626.8077,15.3066,15.0883,0.2183,0.8731,15.5380,1.0319,14.5061,1.8401,4626.8077,NA
ExperienceX.exe,49456,0x1E283BFA830,DXGI,1,0,0,Composed: Flip,4659.8301,NA,17.93410000000000,16.68240000000000,0.20080000000000,0.80210000000000,31.3001,4642.1143,17.9166,17.7158,0.2008,16.9050,1.6129,1.1124,0.5005,-1.3758,4642.1143,NA
ExperienceX.exe,49456,0x1E283BFA830,DXGI,1,0,0,Composed: Flip,4674.6453,NA,14.81520000000000,16.65610000000000,0.10490000000000,0.82470000000000,33.1410,4660.0309,14.7193,14.6144,0.1049,0.6013,14.8378,0.9883,13.8495,1.2605,4660.0309,NA
ExperienceX.exe,49456,0x1E283BFA830,DXGI,1,0,0,Composed: Flip,4692.7463,NA,18.10100000000000,16.74630000000000,0.20160000000000,0.88180000000000,31.7863,4674.7502,18.1977,17.9961,0.2016,17.5237,1.3542,1.0537,0.3005,-2.0270,4674.7502,NA
ExperienceX.exe,49456,0x1E283BFA830,DXGI,1,0,0,Composed: Flip,4708.0012,NA,15.25490000000000,16.60120000000000,0.10120000000000,0.68290000000000,33.1326,4692.9479,15.1545,15.0533,0.1012,0.6802,15.0560,1.1765,13.8795,1.5965,4692.9479,NA
ExperienceX.exe,49456,0x1E283BFA830,DXGI,1,0,0,Composed: Flip,4726.1100,NA,18.10880000000000,16.65110000000000,0.17940000000000,1.11240000000000,31.6749,4708.1024,18.1870,18.0076,0.1794,17.4586,1.6614,1.0323,0.6291,-1.4966,4708.1024,NA
ExperienceX.exe,49456,0x1E283BFA830,DXGI,1,0,0,Composed: Flip,4741.4321,NA,15.32210000000000,16.85230000000000,0.13230000000000,0.90460000000000,33.2051,4726.2894,15.2750,15.1427,0.1323,0.9330,15.1143,1.2936,13.8207,1.3347,4726.2894,NA
ExperienceX.exe,49456,0x1E283BFA830,DXGI,1,0,0,Composed: Flip,4759.0259,NA,17.59380000000000,16.50510000000000,0.53540000000000,0.95390000000000,32.1164,4741.5644,17.9969,17.4615,0.5354,17.1440,1.2714,1.2714,0.0000,-1.2301,4741.5644,NA
ExperienceX.exe,49456,0x1E283BFA830,DXGI,1,0,0,Composed: Flip,4775.1838,NA,16.15790000000000,16.63830000000000,0.23040000000000,0.61120000000000,32.5968,4759.5613,15.8529,15.6225,0.2304,0.4185,15.8152,0.8261,14.9891,1.3586,4759.5613,NA
ExperienceX.exe,49456,0x1E283BFA830,DXGI,1,0,0,Composed: Flip,4791.9515,NA,16.76770000000000,16.72580000000000,0.74980000000000,1.30070000000000,32.5549,4775.4142,17.2871,16.5373,0.7498,16.8486,0.9894,0.9735,0.0159,-0.8729,4775.4142,NA
ExperienceX.exe,49456,0x1E283BFA830,DXGI,1,0,0,Composed: Flip,4808.0518,NA,16.10030000000000,16.66120000000000,0.15370000000000,0.61980000000000,33.1158,4792.7013,15.5042,15.3505,0.1537,0.5509,15.4194,1.3886,14.0308,0.6259,4792.7013,NA
ExperienceX.exe,49456,0x1E283BFA830,DXGI,1,0,0,Composed: Flip,4825.9443,NA,17.89250000000000,16.75870000000000,0.17160000000000,0.60010000000000,31.9820,4808.2055,17.9104,17.7388,0.1716,17.0968,1.2421,1.2286,0.0135,-1.2545,4808.2055,NA
ExperienceX.exe,49456,0x1E283BFA830,DXGI,1,0,0,Composed: Flip,4841.4812,NA,15.53690000000000,16.51800000000000,0.24380000000000,0.77690000000000,32.9631,4826.1159,15.6091,15.3653,0.2438,0.4285,15.7137,1.1838,14.5299,1.3924,4826.1159,NA
ExperienceX.exe,49456,0x1E283BFA830,DXGI,1,0,0,Composed: Flip,4859.5773,NA,18.09610000000000,16.76830000000000,0.16210000000000,0.86280000000000,31.6353,4841.7250,18.0144,17.8523,0.1621,17.3556,1.3595,1.1066,0.2529,-1.1592,4841.7250,NA
ExperienceX.exe,49456,0x1E283BFA830,DXGI,1,0,0,Composed: Flip,4874.6809,NA,15.10360000000000,16.56650000000000,0.12560000000000,0.49560000000000,33.0982,4859.7394,15.0671,14.9415,0.1256,0.7007,14.7364,1.7157,13.0207,1.4479,4859.7394,NA
ExperienceX.exe,49456,0x1E283BFA830,DXGI,1,0,0,Composed: Flip,4892.9885,NA,18.30760000000000,16.71950000000000,0.18360000000000,1.01820000000000,31.5101,4874.8065,18.3656,18.1820,0.1836,17.5421,1.6581,1.0523,0.6058,-1.6524,4874.8065,NA
ExperienceX.exe,49456,0x1E283BFA830,DXGI,1,0,0,Composed: Flip,4907.9822,NA,14.99370000000000,16.65170000000000,0.11570000000000,0.51320000000000,33.1681,4893.1721,14.9258,14.8101,0.1157,0.8346,14.4887,1.0133,13.4754,1.7139,4893.1721,NA
ExperienceX.exe,49456,0x1E283BFA830,DXGI,1,0,0,Composed: Flip,4925.8357,NA,17.85350000000000,16.91320000000000,0.20600000000000,1.18410000000000,32.2278,4908.0979,17.9438,17.7378,0.2060,17.2537,1.6682,1.0896,0.5786,-1.9874,4908.0979,NA
ExperienceX.exe,49456,0x1E283BFA830,DXGI,1,0,0,Composed: Flip,4941.4936,NA,15.65790000000000,16.39340000000000,0.17430000000000,0.79270000000000,32.9633,4926.0417,15.6262,15.4519,0.1743,0.9781,15.2665,1.3237,13.9428,1.5504,4926.0417,NA
ExperienceX.exe,49456,0x1E283BFA830,DXGI,1,0,0,Composed: Flip,4959.5139,NA,18.02030000000000,16.70710000000000,0.15830000000000,1.52280000000000,31.6501,4941.6679,18.0043,17.8460,0.1583,17.2475,2.1213,2.1119,0.0094,-1.0809,4941.6679,NA
ExperienceX.exe,49456,0x1E283BFA830,DXGI,1,0,0,Composed: Flip,4974.6731,NA,15.15920000000000,16.63130000000000,0.09830000000000,1.15310000000000,33.1222,4959.6722,15.0992,15.0009,0.0983,1.3645,14.7895,3.6086,11.1809,1.3730,4959.6722,NA
ExperienceX.exe,49456,0x1E283BFA830,DXGI,1,0,0,Composed: Flip,4992.9752,NA,18.30210000000000,16.65930000000000,0.18770000000000,1.54890000000000,31.4794,4974.7714,18.3915,18.2038,0.1877,17.4768,2.2759,2.2694,0.0065,-1.5601,4974.7714,NA
ExperienceX.exe,49456,0x1E283BFA830,DXGI,1,0,0,Composed: Flip,5008.1791,NA,15.20390000000000,16.65660000000000,0.15260000000000,1.36550000000000,32.9321,4993.1629,15.1688,15.0162,0.1526,1.3612,15.0205,3.6256,11.3949,1.7349,4993.1629,NA
ExperienceX.exe,49456,0x1E283BFA830,DXGI,1,0,0,Composed: Flip,5025.5252,NA,17.34610000000000,16.68860000000000,0.09400000000000,1.42130000000000,32.2746,5008.3317,17.2875,17.1935,0.0940,16.8481,1.7667,1.7609,0.0058,-1.5198,5008.3317,NA
ExperienceX.exe,49456,0x1E283BFA830,DXGI,1,0,0,Composed: Flip,5041.4095,NA,15.88430000000000,16.67800000000000,0.36620000000000,1.82360000000000,33.0683,5025.6192,16.1565,15.7903,0.3662,1.3273,16.2866,4.7607,11.5259,0.6095,5025.6192,NA
ExperienceX.exe,49456,0x1E283BFA830,DXGI,1,0,0,Composed: Flip,5059.0010,NA,17.59150000000000,16.65310000000000,0.09230000000000,5.24350000000000,32.1299,5041.7757,17.3176,17.2253,0.0923,16.6771,5.7917,5.7759,0.0158,-0.4966,5041.7757,NA
ExperienceX.exe,49456,0x1E283BFA830,DXGI,1,0,0,Composed: Flip,5074.7389,NA,15.73790000000000,16.65460000000000,0.12950000000000,1.29010000000000,33.0466,5059.0933,15.7751,15.6456,0.1295,15.8717,1.0640,0.9479,0.1161,0.6630,5059.0933,NA
ExperienceX.exe,49456,0x1E283BFA830,DXGI,1,0,0,Composed: Flip,5092.1130,NA,17.37410000000000,16.73810000000000,0.44560000000000,1.56060000000000,32.4106,5074.8684,17.6902,17.2446,0.4456,17.0056,1.7996,1.7908,0.0088,-0.9630,5074.8684,NA
ExperienceX.exe,49456,0x1E283BFA830,DXGI,1,0,0,Composed: Flip,5107.9731,NA,15.86010000000000,16.60090000000000,0.05070000000000,1.37020000000000,33.1514,5092.5586,15.4652,15.4145,0.0507,1.1150,15.6697,3.3335,12.3362,1.0893,5092.5586,NA
ExperienceX.exe,49456,0x1E283BFA830,DXGI,1,0,0,Composed: Flip,5125.6303,NA,17.65720000000000,16.66250000000000,0.46710000000000,1.51310000000000,32.1567,5108.0238,18.0736,17.6065,0.4671,17.4202,1.6994,1.6913,0.0081,-1.1973,5108.0238,NA
ExperienceX.exe,49456,0x1E283BFA830,DXGI,1,0,0,Composed: Flip,5141.3498,NA,15.71950000000000,16.73200000000000,0.04400000000000,1.48590000000000,33.1692,5126.0974,15.2964,15.2524,0.0440,1.0460,15.6923,3.6710,12.0213,1.3416,5126.0974,NA
ExperienceX.exe,49456,0x1E283BFA830,DXGI,1,0,0,Composed: Flip,5159.0277,NA,17.67790000000000,16.59850000000000,0.12840000000000,1.40700000000000,32.0898,5141.3938,17.7623,17.6339,0.1284,17.0678,1.9731,1.7222,0.2509,-1.3021,5141.3938,NA
ExperienceX.exe,49456,0x1E283BFA830,DXGI,1,0,0,Composed: Flip,5174.7605,NA,15.73280000000000,16.79620000000000,0.11350000000000,1.69500000000000,33.1532,5159.1561,15.7179,15.6044,0.1135,1.2786,16.0208,5.0265,10.9943,0.9661,5159.1561,NA
ExperienceX.exe,49456,0x1E283BFA830,DXGI,1,0,0,Composed: Flip,5192.8752,NA,18.11470000000000,16.58190000000000,0.14970000000000,1.53360000000000,31.6204,5174.8740,18.1509,18.0012,0.1497,17.0944,2.4404,1.6824,0.7580,-0.8640,5174.8740,NA
ExperienceX.exe,49456,0x1E283BFA830,DXGI,1,0,0,Composed: Flip,5208.1268,NA,15.25160000000000,16.75810000000000,0.09790000000000,2.35240000000000,33.1269,5193.0249,15.1998,15.1019,0.0979,1.3839,16.0704,5.3581,10.7123,1.3928,5193.0249,NA
ExperienceX.exe,49456,0x1E283BFA830,DXGI,1,0,0,Composed: Flip,5225.4092,NA,17.28240000000000,16.59360000000000,0.86010000000000,1.84000000000000,32.4381,5208.2247,18.0446,17.1845,0.8601,17.4700,1.5545,1.5470,0.0075,-1.3938,5208.2247,NA
ExperienceX.exe,49456,0x1E283BFA830,DXGI,1,0,0,Composed: Flip,5241.6099,NA,16.20070000000000,16.61470000000000,0.17020000000000,1.46130000000000,32.8521,5226.2693,15.5108,15.3406,0.1702,0.9799,15.8220,2.8241,12.9979,1.4299,5226.2693,NA
ExperienceX.exe,49456,0x1E283BFA830,DXGI,1,0,0,Composed: Flip,5259.4621,NA,17.85220000000000,16.71850000000000,0.21450000000000,2.63690000000000,31.7184,5241.7801,17.8965,17.6820,0.2145,16.8447,3.4742,3.4613,0.0129,-1.2077,5241.7801,NA
ExperienceX.exe,49456,0x1E283BFA830,DXGI,1,0,0,Composed: Flip,5274.7939,NA,15.33180000000000,16.61550000000000,0.20570000000000,1.41680000000000,33.0021,5259.6766,15.3230,15.1173,0.2057,15.3752,1.1589,1.1550,0.0039,1.2810,5259.6766,NA
ExperienceX.exe,49456,0x1E283BFA830,DXGI,1,0,0,Composed: Flip,5291.8314,NA,17.03750000000000,16.74830000000000,0.57230000000000,1.86420000000000,32.7129,5274.9996,17.4041,16.8318,0.5723,17.0327,1.6633,1.6552,0.0081,-1.4253,5274.9996,NA
ExperienceX.exe,49456,0x1E283BFA830,DXGI,1,0,0,Composed: Flip,5308.0114,NA,16.18000000000000,16.58730000000000,0.12180000000000,1.30000000000000,33.1202,5292.4037,15.7295,15.6077,0.1218,1.2919,15.6158,2.5121,13.1037,0.8168,5292.4037,NA
ExperienceX.exe,49456,0x1E283BFA830,DXGI,1,0,0,Composed: Flip,5326.4787,NA,18.46730000000000,16.66120000000000,0.14190000000000,0.93910000000000,31.3141,5308.1332,18.4874,18.3455,0.1419,17.5927,1.6919,1.6779,0.0140,-0.9317,5308.1332,NA
ExperienceX.exe,49456,0x1E283BFA830,DXGI,1,0,0,Composed: Flip,5341.3784,NA,14.89970000000000,16.65790000000000,0.13060000000000,1.28380000000000,33.0723,5326.6206,14.8884,14.7578,0.1306,0.7972,15.2444,3.7156,11.5288,1.8295,5326.6206,NA
ExperienceX.exe,49456,0x1E283BFA830,DXGI,1,0,0,Composed: Flip,5358.8158,NA,17.43740000000000,16.74760000000000,0.34610000000000,1.44850000000000,32.3825,5341.5090,17.6529,17.3068,0.3461,17.0220,1.7333,1.7333,0.0000,-1.8592,5341.5090,NA
ExperienceX.exe,49456,0x1E283BFA830,DXGI,1,0,0,Composed: Flip,5374.6899,NA,15.87410000000000,16.60220000000000,0.09870000000000,1.32960000000000,33.1106,5359.1619,15.6267,15.5280,0.0987,1.1024,15.7552,3.9738,11.7814,1.0507,5359.1619,NA
ExperienceX.exe,49456,0x1E283BFA830,DXGI,1,0,0,Composed: Flip,5393.1254,NA,18.43550000000000,16.74360000000000,0.13000000000000,5.13470000000000,31.4187,5374.7886,18.4668,18.3368,0.1300,17.5236,5.9479,5.9417,0.0062,-1.1169,5374.7886,NA
ExperienceX.exe,49456,0x1E283BFA830,DXGI,1,0,0,Composed: Flip,5407.9959,NA,14.87050000000000,16.58310000000000,0.09010000000000,0.77330000000000,33.1313,5393.2554,14.8306,14.7405,0.0901,14.8711,0.6427,0.5682,0.0745,1.8837,5393.2554,NA
ExperienceX.exe,49456,0x1E283BFA830,DXGI,1,0,0,Composed: Flip,5425.5421,NA,17.54620000000000,17.09520000000000,0.23220000000000,1.90590000000000,32.6803,5408.0860,17.6883,17.4561,0.2322,17.2158,2.1462,2.1391,0.0071,-2.2646,5408.0860,NA
ExperienceX.exe,49456,0x1E283BFA830,DXGI,1,0,0,Composed: Flip,5441.3733,NA,15.83120000000000,16.25250000000000,0.11920000000000,1.05420000000000,33.1016,5425.7743,15.7182,15.5990,0.1192,1.6737,14.9795,3.5604,11.4191,1.4358,5425.7743,NA
ExperienceX.exe,49456,0x1E283BFA830,DXGI,1,0,0,Composed: Flip,5460.7732,NA,19.39990000000000,16.64610000000000,0.22970000000000,1.96100000000000,30.3478,5441.4925,19.5104,19.2807,0.2297,18.2542,2.9875,2.9711,0.0164,-0.9279,5441.4925,NA
ExperienceX.exe,49456,0x1E283BFA830,DXGI,1,0,0,Composed: Flip,5474.8113,NA,14.03810000000000,17.37720000000000,0.15820000000000,1.39540000000000,33.6869,5461.0029,13.9666,13.8084,0.1582,1.7313,13.4725,1.6869,11.7856,2.1332,5461.0029,NA
ExperienceX.exe,49456,0x1E283BFA830,DXGI,1,0,0,Composed: Flip,5492.4785,NA,17.66720000000000,15.90270000000000,0.10160000000000,1.63760000000000,31.9224,5474.9695,17.6106,17.5090,0.1016,16.9642,2.1824,2.1758,0.0066,-1.9361,5474.9695,NA
ExperienceX.exe,49456,0x1E283BFA830,DXGI,1,0,0,Composed: Flip,5508.7941,NA,16.31560000000000,16.75140000000000,0.14720000000000,1.37630000000000,32.3582,5492.5801,16.3612,16.2140,0.1472,1.5360,16.0543,4.4147,11.6396,0.8592,5492.5801,NA
ExperienceX.exe,49456,0x1E283BFA830,DXGI,1,0,0,Composed: Flip,5525.9336,NA,17.13950000000000,16.65160000000000,0.18340000000000,1.16750000000000,31.8703,5508.9413,17.1757,16.9923,0.1834,16.4585,1.7013,1.6908,0.0105,-0.2904,5508.9413,NA
ExperienceX.exe,49456,0x1E283BFA830,DXGI,1,0,0,Composed: Flip,5541.4305,NA,15.49690000000000,16.64620000000000,0.13600000000000,1.33490000000000,33.0196,5526.1170,15.4495,15.3135,0.1360,0.9841,15.6643,3.8843,11.7800,0.5295,5526.1170,NA
ExperienceX.exe,49456,0x1E283BFA830,DXGI,1,0,0,Composed: Flip,5558.7537,NA,17.32320000000000,16.72360000000000,0.31800000000000,1.73160000000000,32.4200,5541.5665,17.5052,17.1872,0.3180,17.0024,1.9164,1.9059,0.0105,-1.2741,5541.5665,NA
ExperienceX.exe,49456,0x1E283BFA830,DXGI,1,0,0,Composed: Flip,5574.6434,NA,15.88970000000000,16.63740000000000,0.10140000000000,1.36550000000000,33.1677,5559.0717,15.6731,15.5717,0.1014,1.4136,15.5236,4.5499,10.9737,0.8678,5559.0717,NA
ExperienceX.exe,49456,0x1E283BFA830,DXGI,1,0,0,Composed: Flip,5592.7374,NA,18.09400000000000,16.63730000000000,0.13470000000000,1.34080000000000,31.7110,5574.7448,18.1273,17.9926,0.1347,17.3130,2.0204,2.0051,0.0153,-0.9642,5574.7448,NA
ExperienceX.exe,49456,0x1E283BFA830,DXGI,1,0,0,Composed: Flip,5608.1429,NA,15.40550000000000,16.67830000000000,0.17750000000000,1.50210000000000,32.9838,5592.8721,15.4483,15.2708,0.1775,1.2061,15.5668,2.1470,13.4198,1.4490,5592.8721,NA
ExperienceX.exe,49456,0x1E283BFA830,DXGI,1,0,0,Composed: Flip,5626.1188,NA,17.97590000000000,16.69350000000000,0.13870000000000,1.10800000000000,31.7014,5608.3204,17.9371,17.7984,0.1387,17.1893,1.7171,1.7092,0.0079,-1.2452,5608.3204,NA
ExperienceX.exe,49456,0x1E283BFA830,DXGI,1,0,0,Composed: Flip,5641.3781,NA,15.25930000000000,16.68910000000000,0.12510000000000,1.42980000000000,33.1312,5626.2575,15.2457,15.1206,0.1251,0.9693,15.5811,4.9170,10.6641,1.2480,5626.2575,NA
ExperienceX.exe,49456,0x1E283BFA830,DXGI,1,0,0,Composed: Flip,5659.9675,NA,18.58940000000000,16.62760000000000,0.16310000000000,1.47130000000000,31.1694,5641.5032,18.6274,18.4643,0.1631,17.5436,2.3920,1.7560,0.6360,-1.3819,5641.5032,NA
ExperienceX.exe,49456,0x1E283BFA830,DXGI,1,0,0,Composed: Flip,5674.7797,NA,14.81220000000000,16.66140000000000,0.17160000000000,1.80000000000000,33.0186,5660.1306,14.8207,14.6491,0.1716,1.3082,15.1409,3.8531,11.2878,1.9660,5660.1306,NA
ExperienceX.exe,49456,0x1E283BFA830,DXGI,1,0,0,Composed: Flip,5692.3575,NA,17.57780000000000,16.65000000000000,0.41410000000000,2.08830000000000,32.0908,5674.9513,17.8203,17.4062,0.4141,17.1390,2.3555,1.8545,0.5010,-1.8293,5674.9513,NA
ExperienceX.exe,49456,0x1E283BFA830,DXGI,1,0,0,Composed: Flip,5708.0450,NA,15.68750000000000,16.66050000000000,0.12780000000000,1.61820000000000,33.0638,5692.7716,15.4012,15.2734,0.1278,1.6742,15.2174,4.7716,10.4458,1.1598,5692.7716,NA
ExperienceX.exe,49456,0x1E283BFA830,DXGI,1,0,0,Composed: Flip,5725.4838,NA,17.43880000000000,16.66410000000000,0.31320000000000,1.85280000000000,32.2891,5708.1728,17.6242,17.3110,0.3132,17.0443,2.1195,1.7466,0.3729,-1.2629,5708.1728,NA
ExperienceX.exe,49456,0x1E283BFA830,DXGI,1,0,0,Composed: Flip,5741.2933,NA,15.80950000000000,16.69440000000000,0.10440000000000,1.43020000000000,33.1740,5725.7970,15.6007,15.4963,0.1044,1.5396,15.3869,3.8060,11.5809,0.9298,5725.7970,NA
ExperienceX.exe,49456,0x1E283BFA830,DXGI,1,0,0,Composed: Flip,5759.2141,NA,17.92080000000000,16.71790000000000,0.15970000000000,1.26670000000000,31.9711,5741.3977,17.9761,17.8164,0.1597,17.4265,1.6566,1.6566,0.0000,-1.1172,5741.3977,NA
ExperienceX.exe,49456,0x1E283BFA830,DXGI,1,0,0,Composed: Flip,5774.6356,NA,15.42150000000000,16.60400000000000,0.09700000000000,1.34830000000000,33.1536,5759.3738,15.3588,15.2618,0.0970,1.1070,15.5031,3.7942,11.7089,1.3721,5759.3738,NA
ExperienceX.exe,49456,0x1E283BFA830,DXGI,1,0,0,Composed: Flip,5792.2428,NA,17.60720000000000,16.69770000000000,0.07840000000000,2.58230000000000,32.2441,5774.7326,17.5886,17.5102,0.0784,17.2724,2.8201,2.8201,0.0000,-1.3389,5774.7326,NA
ExperienceX.exe,49456,0x1E283BFA830,DXGI,1,0,0,Composed: Flip,5808.0426,NA,15.79980000000000,16.71090000000000,0.33950000000000,1.49600000000000,33.1552,5792.3212,16.0609,15.7214,0.3395,2.5039,14.7135,3.0219,11.6916,0.8777,5792.3212,NA
ExperienceX.exe,49456,0x1E283BFA830,DXGI,1,0,0,Composed: Flip,5825.4773,NA,17.43470000000000,16.76490000000000,0.39150000000000,1.46650000000000,32.4854,5808.3821,17.4867,17.0952,0.3915,16.8910,1.6707,1.6707,0.0000,-0.7040,5808.3821,NA
ExperienceX.exe,49456,0x1E283BFA830,DXGI,1,0,0,Composed: Flip,5841.6510,NA,16.17370000000000,16.48150000000000,0.24180000000000,1.56560000000000,32.7932,5825.8688,16.0240,15.7822,0.2418,1.0750,16.2728,2.7567,13.5161,1.0052,5825.8688,NA
ExperienceX.exe,49456,0x1E283BFA830,DXGI,1,0,0,Composed: Flip,5860.1876,NA,18.53660000000000,16.71100000000000,0.26520000000000,5.35090000000000,30.9676,5841.8928,18.5600,18.2948,0.2652,17.3341,6.3116,6.2861,0.0255,-0.6870,5841.8928,NA
ExperienceX.exe,49456,0x1E283BFA830,DXGI,1,0,0,Composed: Flip,5874.6482,NA,14.46060000000000,16.62510000000000,0.10550000000000,1.38440000000000,33.1321,5860.4528,14.3009,14.1954,0.1055,14.3239,1.2559,1.2502,0.0057,1.9349,5860.4528,NA
ExperienceX.exe,49456,0x1E283BFA830,DXGI,1,0,0,Composed: Flip,5893.4964,NA,18.84820000000000,16.71060000000000,0.16070000000000,1.87240000000000,30.9945,5874.7537,18.9034,18.7427,0.1607,17.7792,2.8359,2.3306,0.5053,-2.4097,5874.7537,NA
ExperienceX.exe,49456,0x1E283BFA830,DXGI,1,0,0,Composed: Flip,5907.9891,NA,14.49270000000000,16.62670000000000,0.13790000000000,1.21900000000000,33.1285,5893.6571,14.4699,14.3320,0.1379,1.7117,13.8393,3.6166,10.2227,2.2767,5893.6571,NA
ExperienceX.exe,49456,0x1E283BFA830,DXGI,1,0,0,Composed: Flip,5926.2326,NA,18.24350000000000,16.65260000000000,0.19700000000000,6.15380000000000,31.5376,5908.1270,18.3026,18.1056,0.1970,17.3516,6.9078,6.4401,0.4677,-2.1827,5908.1270,NA
ExperienceX.exe,49456,0x1E283BFA830,DXGI,1,0,0,Composed: Flip,5941.3749,NA,15.14230000000000,16.76090000000000,0.13010000000000,1.27630000000000,33.1562,5926.4296,15.0754,14.9453,0.1301,15.0971,1.1245,1.1177,0.0068,1.5417,5926.4296,NA
ExperienceX.exe,49456,0x1E283BFA830,DXGI,1,0,0,Composed: Flip,5958.3488,NA,16.97390000000000,16.59960000000000,0.20610000000000,2.11610000000000,32.7819,5941.5050,17.0499,16.8438,0.2061,17.2346,1.7253,1.7253,0.0000,-1.5242,5941.5050,NA
ExperienceX.exe,49456,0x1E283BFA830,DXGI,1,0,0,Composed: Flip,5974.7974,NA,16.44860000000000,16.65230000000000,0.11480000000000,1.39450000000000,32.9856,5958.5549,16.3573,16.2425,0.1148,1.9100,15.7270,3.7612,11.9658,0.3976,5958.5549,NA
ExperienceX.exe,49456,0x1E283BFA830,DXGI,1,0,0,Composed: Flip,5991.8375,NA,17.04010000000000,16.68940000000000,0.78370000000000,2.35740000000000,32.6349,5974.9122,17.7090,16.9253,0.7837,16.7649,2.5178,2.5178,0.0000,-0.3321,5974.9122,NA
ExperienceX.exe,49456,0x1E283BFA830,DXGI,1,0,0,Composed: Flip,6008.0441,NA,16.20660000000000,16.89160000000000,0.10410000000000,1.46920000000000,33.3199,5992.6212,15.5270,15.4229,0.1041,1.5737,15.3184,4.3527,10.9657,0.8174,5992.6212,NA
ExperienceX.exe,49456,0x1E283BFA830,DXGI,1,0,0,Composed: Flip,6026.0584,NA,18.01430000000000,16.42220000000000,0.57260000000000,2.01540000000000,31.7278,6008.1482,18.4828,17.9102,0.5726,17.2967,2.6289,1.9294,0.6995,-0.8952,6008.1482,NA
ExperienceX.exe,49456,0x1E283BFA830,DXGI,1,0,0,Composed: Flip,6042.0790,NA,16.02060000000000,16.67000000000000,0.27510000000000,1.81030000000000,32.3772,6026.6310,15.7231,15.4480,0.2751,1.4428,15.8155,2.9457,12.8698,1.8128,6026.6310,NA
ExperienceX.exe,49456,0x1E283BFA830,DXGI,1,0,0,Composed: Flip,6059.5320,NA,17.45300000000000,16.64750000000000,0.12170000000000,1.26010000000000,31.5717,6042.3541,17.2996,17.1779,0.1217,16.4487,1.9893,1.9812,0.0081,-0.9244,6042.3541,NA
ExperienceX.exe,49456,0x1E283BFA830,DXGI,1,0,0,Composed: Flip,6074.6708,NA,15.13880000000000,16.66720000000000,0.07790000000000,1.48380000000000,33.1001,6059.6537,15.0950,15.0171,0.0779,1.1384,15.3625,3.8193,11.5432,0.6324,6059.6537,NA
ExperienceX.exe,49456,0x1E283BFA830,DXGI,1,0,0,Composed: Flip,6092.8540,NA,18.18320000000000,16.67600000000000,0.16370000000000,1.32800000000000,31.5929,6074.7487,18.2690,18.1053,0.1637,17.5797,1.8536,1.8536,0.0000,-1.5810,6074.7487,NA
ExperienceX.exe,49456,0x1E283BFA830,DXGI,1,0,0,Composed: Flip,6107.9782,NA,15.12420000000000,16.67170000000000,0.10500000000000,1.56260000000000,33.1404,6093.0177,15.0655,14.9605,0.1050,1.1643,15.3588,4.7569,10.6019,1.5973,6093.0177,NA
ExperienceX.exe,49456,0x1E283BFA830,DXGI,1,0,0,Composed: Flip,6125.8614,NA,17.88320000000000,16.69490000000000,0.23020000000000,1.91620000000000,31.9521,6108.0832,18.0084,17.7782,0.2302,17.5220,2.1724,1.7817,0.3907,-1.6294,6108.0832,NA
ExperienceX.exe,49456,0x1E283BFA830,DXGI,1,0,0,Composed: Flip,6141.3502,NA,15.48880000000000,16.69980000000000,0.10710000000000,1.50930000000000,33.1631,6126.0916,15.3657,15.2586,0.1071,1.6860,15.0819,3.4468,11.6351,1.3086,6126.0916,NA
ExperienceX.exe,49456,0x1E283BFA830,DXGI,1,0,0,Composed: Flip,6159.6174,NA,18.26720000000000,16.66460000000000,0.39180000000000,1.26090000000000,31.5605,6141.4573,18.5519,18.1601,0.3918,17.5183,1.9027,1.9027,0.0000,-1.2989,6141.4573,NA
ExperienceX.exe,49456,0x1E283BFA830,DXGI,1,0,0,Composed: Flip,6174.8059,NA,15.18850000000000,16.63130000000000,0.15210000000000,1.43380000000000,33.0033,6160.0092,14.9488,14.7967,0.1521,0.8691,15.3614,3.4458,11.9156,1.9206,6160.0092,NA
ExperienceX.exe,49456,0x1E283BFA830,DXGI,1,0,0,Composed: Flip,6192.9187,NA,18.11280000000000,16.79660000000000,0.89580000000000,1.86380000000000,31.6871,6174.9580,18.8565,17.9607,0.8958,17.2604,2.5641,2.5264,0.0377,-1.8478,6174.9580,NA
ExperienceX.exe,49456,0x1E283BFA830,DXGI,1,0,0,Composed: Flip,6208.1336,NA,15.21490000000000,16.56210000000000,0.11070000000000,1.57570000000000,33.0343,6193.8145,14.4298,14.3191,0.1107,0.9680,14.9268,3.7086,11.2182,2.2944,6193.8145,NA
ExperienceX.exe,49456,0x1E283BFA830,DXGI,1,0,0,Composed: Flip,6226.3377,NA,18.20410000000000,16.75540000000000,0.13840000000000,1.02320000000000,31.5856,6208.2443,18.2318,18.0934,0.1384,17.3516,1.7650,1.7455,0.0195,-2.3256,6208.2443,NA
ExperienceX.exe,49456,0x1E283BFA830,DXGI,1,0,0,Composed: Flip,6241.5907,NA,15.25300000000000,16.99450000000000,0.23100000000000,1.41880000000000,33.3271,6226.4761,15.3456,15.1146,0.2310,0.8848,15.6486,3.4986,12.1500,1.2373,6226.4761,NA
ExperienceX.exe,49456,0x1E283BFA830,DXGI,1,0,0,Composed: Flip,6259.8282,NA,18.23750000000000,16.20000000000000,0.13900000000000,1.23410000000000,31.2896,6241.8217,18.1455,18.0065,0.1390,17.2997,1.9409,1.9249,0.0160,-0.8544,6241.8217,NA
ExperienceX.exe,49456,0x1E283BFA830,DXGI,1,0,0,Composed: Flip,6275.3824,NA,15.55420000000000,16.71500000000000,0.28700000000000,1.58020000000000,32.4504,6259.9672,15.7022,15.4152,0.2870,1.0951,15.9003,2.2949,13.6054,1.4305,6259.9672,NA
ExperienceX.exe,49456,0x1E283BFA830,DXGI,1,0,0,Composed: Flip,6291.9244,NA,16.54200000000000,16.64880000000000,0.29770000000000,4.43510000000000,32.5572,6275.6694,16.5527,16.2550,0.2977,16.0516,4.6385,4.6385,0.0000,-0.9466,6275.6694,NA
ExperienceX.exe,49456,0x1E283BFA830,DXGI,1,0,0,Composed: Flip,6308.0604,NA,16.13600000000000,16.62730000000000,0.15390000000000,1.25110000000000,33.0485,6292.2221,15.9922,15.8383,0.1539,4.1374,12.9520,1.1136,11.8384,-0.0746,6292.2221,NA
ExperienceX.exe,49456,0x1E283BFA830,DXGI,1,0,0,Composed: Flip,6326.7349,NA,18.67450000000000,16.66050000000000,0.07640000000000,1.52900000000000,31.0345,6308.2143,18.5970,18.5206,0.0764,17.6594,2.3902,1.8433,0.5469,-0.6683,6308.2143,NA
ExperienceX.exe,49456,0x1E283BFA830,DXGI,1,0,0,Composed: Flip,6341.3011,NA,14.56620000000000,16.73500000000000,0.10460000000000,1.40100000000000,33.2033,6326.8113,14.5944,14.4898,0.1046,1.4526,14.4382,3.5503,10.8879,1.8620,6326.8113,NA
ExperienceX.exe,49456,0x1E283BFA830,DXGI,1,0,0,Composed: Flip,6358.9577,NA,17.65660000000000,16.62550000000000,0.07970000000000,1.35740000000000,32.1722,6341.4057,17.6317,17.5520,0.0797,17.1197,1.7897,1.7825,0.0072,-2.0311,6341.4057,NA
ExperienceX.exe,49456,0x1E283BFA830,DXGI,1,0,0,Composed: Flip,6374.7270,NA,15.76930000000000,16.65040000000000,0.11650000000000,1.43280000000000,33.0533,6359.0374,15.8061,15.6896,0.1165,1.2777,15.8447,4.8726,10.9721,0.9813,6359.0374,NA
ExperienceX.exe,49456,0x1E283BFA830,DXGI,1,0,0,Composed: Flip,6392.4085,NA,17.68150000000000,16.69550000000000,0.61240000000000,1.48180000000000,32.0673,6374.8435,18.1774,17.5650,0.6124,17.2175,1.8293,1.8140,0.0153,-0.8894,6374.8435,NA
ExperienceX.exe,49456,0x1E283BFA830,DXGI,1,0,0,Composed: Flip,6408.0213,NA,15.61280000000000,16.92890000000000,0.06640000000000,1.62280000000000,33.3834,6393.0209,15.0668,15.0004,0.0664,0.8694,15.7538,4.9296,10.8242,1.2485,6393.0209,NA
ExperienceX.exe,49456,0x1E283BFA830,DXGI,1,0,0,Composed: Flip,6425.2116,NA,17.19030000000000,16.44610000000000,0.71730000000000,2.52850000000000,32.6392,6408.0877,17.8412,17.1239,0.7173,17.3689,2.2835,1.8384,0.4451,-1.3793,6408.0877,NA
ExperienceX.exe,49456,0x1E283BFA830,DXGI,1,0,0,Composed: Flip,6441.8925,NA,16.68090000000000,16.60490000000000,0.29340000000000,1.61320000000000,32.5632,6425.9289,16.2570,15.9636,0.2934,1.8112,15.7656,3.5753,12.1903,1.2363,6425.9289,NA
ExperienceX.exe,49456,0x1E283BFA830,DXGI,1,0,0,Composed: Flip,6459.2535,NA,17.36100000000000,16.68520000000000,0.12340000000000,1.56060000000000,31.8874,6442.1859,17.1910,17.0676,0.1234,16.5225,2.1057,2.0953,0.0104,-0.4282,6442.1859,NA
ExperienceX.exe,49456,0x1E283BFA830,DXGI,1,0,0,Composed: Flip,6474.6780,NA,15.42450000000000,16.63950000000000,0.13010000000000,1.37780000000000,33.1024,6459.3769,15.4312,15.3011,0.1301,1.4372,15.2417,4.7460,10.4957,0.5515,6459.3769,NA
ExperienceX.exe,49456,0x1E283BFA830,DXGI,1,0,0,Composed: Flip,6492.9745,NA,18.29650000000000,16.71120000000000,0.24450000000000,2.73560000000000,31.5171,6474.8081,18.4109,18.1664,0.2445,17.5539,3.3481,3.3481,0.0000,-1.2800,6474.8081,NA
ExperienceX.exe,49456,0x1E283BFA830,DXGI,1,0,0,Composed: Flip,6507.9873,NA,15.01280000000000,16.61230000000000,0.09960000000000,1.48850000000000,33.1166,6493.2190,14.8679,14.7683,0.0996,2.4911,13.7657,1.4693,12.2964,1.7986,6493.2190,NA
ExperienceX.exe,49456,0x1E283BFA830,DXGI,1,0,0,Composed: Flip,6525.0393,NA,17.05200000000000,16.73060000000000,0.73890000000000,4.93600000000000,32.7952,6508.0869,17.6913,16.9524,0.7389,17.3435,4.5449,4.5376,0.0073,-1.8627,6508.0869,NA
ExperienceX.exe,49456,0x1E283BFA830,DXGI,1,0,0,Composed: Flip,6541.3119,NA,16.27260000000000,16.60450000000000,0.11280000000000,1.10770000000000,33.1271,6525.7782,15.6465,15.5337,0.1128,4.1971,12.4443,1.3845,11.0598,1.0868,6525.7782,NA
ExperienceX.exe,49456,0x1E283BFA830,DXGI,1,0,0,Composed: Flip,6559.2804,NA,17.96850000000000,16.67850000000000,0.15240000000000,1.33780000000000,31.8371,6541.4247,18.0081,17.8557,0.1524,17.2919,1.9016,1.6769,0.2247,-1.0320,6541.4247,NA
ExperienceX.exe,49456,0x1E283BFA830,DXGI,1,0,0,Composed: Flip,6574.6284,NA,15.34800000000000,16.75420000000000,0.10720000000000,1.40990000000000,33.2433,6559.4328,15.3028,15.1956,0.1072,1.1854,15.4201,3.7065,11.7136,1.2539,6559.4328,NA
ExperienceX.exe,49456,0x1E283BFA830,DXGI,1,0,0,Composed: Flip,6592.8073,NA,18.17890000000000,16.58550000000000,0.26180000000000,2.28590000000000,31.6499,6574.7356,18.3335,18.0717,0.2618,17.1314,3.2262,3.0117,0.2145,-1.2827,6574.7356,NA
ExperienceX.exe,49456,0x1E283BFA830,DXGI,1,0,0,Composed: Flip,6608.2915,NA,15.48420000000000,16.68390000000000,0.12470000000000,1.50040000000000,32.8496,6593.0691,15.3471,15.2224,0.1247,2.0241,14.6987,3.5785,11.1202,1.6496,6593.0691,NA
ExperienceX.exe,49456,0x1E283BFA830,DXGI,1,0,0,Composed: Flip,6625.4230,NA,17.13150000000000,16.71670000000000,0.35000000000000,1.55650000000000,32.4348,6608.4162,17.3568,17.0068,0.3500,16.8082,1.7551,1.7464,0.0087,-1.3696,6608.4162,NA
ExperienceX.exe,49456,0x1E283BFA830,DXGI,1,0,0,Composed: Flip,6641.4580,NA,16.03500000000000,16.74700000000000,0.16260000000000,1.40250000000000,33.1468,6625.7730,15.8476,15.6850,0.1626,1.2065,15.8810,3.7366,12.1444,0.6098,6625.7730,NA
ExperienceX.exe,49456,0x1E283BFA830,DXGI,1,0,0,Composed: Flip,6660.3281,NA,18.87010000000000,16.50580000000000,0.22250000000000,1.46610000000000,30.7825,6641.6206,18.9300,18.7075,0.2225,17.8240,2.3496,2.2912,0.0584,-0.6582,6641.6206,NA
ExperienceX.exe,49456,0x1E283BFA830,DXGI,1,0,0,Composed: Flip,6674.9800,NA,14.65190000000000,16.67430000000000,0.24720000000000,2.55650000000000,32.8049,6660.5506,14.6766,14.4294,0.2472,1.2436,15.7423,2.9753,12.7670,2.2557,6660.5506,NA
ExperienceX.exe,49456,0x1E283BFA830,DXGI,1,0,0,Composed: Flip,6692.1890,NA,17.20900000000000,16.66090000000000,0.42990000000000,1.92680000000000,32.2568,6675.2272,17.3917,16.9618,0.4299,16.5821,2.3065,2.2071,0.0994,-1.9843,6675.2272,NA
ExperienceX.exe,49456,0x1E283BFA830,DXGI,1,0,0,Composed: Flip,6708.1886,NA,15.99960000000000,16.69930000000000,0.21650000000000,2.56130000000000,32.9565,6692.6189,15.7862,15.5697,0.2165,1.4969,16.6341,4.5485,12.0856,0.6924,6692.6189,NA
ExperienceX.exe,49456,0x1E283BFA830,DXGI,1,0,0,Composed: Flip,6725.4319,NA,17.24330000000000,16.62600000000000,0.61100000000000,1.84010000000000,32.3392,6708.4051,17.6378,17.0268,0.6110,16.7190,2.1479,1.8693,0.2786,-0.8398,6708.4051,NA
ExperienceX.exe,49456,0x1E283BFA830,DXGI,1,0,0,Composed: Flip,6741.3753,NA,15.94340000000000,16.67370000000000,0.09470000000000,2.31560000000000,33.0695,6726.0429,15.4271,15.3324,0.0947,1.2291,16.4189,5.5396,10.8793,0.9641,6726.0429,NA
ExperienceX.exe,49456,0x1E283BFA830,DXGI,1,0,0,Composed: Flip,6759.3052,NA,17.92990000000000,16.65690000000000,0.62960000000000,1.99230000000000,31.7965,6741.4700,18.4648,17.8352,0.6296,17.5395,2.2880,1.8331,0.4549,-1.2298,6741.4700,NA
ExperienceX.exe,49456,0x1E283BFA830,DXGI,1,0,0,Composed: Flip,6774.6240,NA,15.31880000000000,16.69990000000000,0.09970000000000,1.54920000000000,33.1776,6759.9348,14.7889,14.6892,0.0997,1.3627,14.8757,3.4241,11.4516,1.7649,6759.9348,NA
ExperienceX.exe,49456,0x1E283BFA830,DXGI,1,0,0,Composed: Flip,6792.5011,NA,17.87710000000000,16.64090000000000,0.18160000000000,1.41360000000000,31.9414,6774.7237,17.9590,17.7774,0.1816,17.0915,2.0995,2.0371,0.0624,-1.8520,6774.7237,NA
ExperienceX.exe,49456,0x1E283BFA830,DXGI,1,0,0,Composed: Flip,6808.0872,NA,15.58610000000000,16.65790000000000,0.21680000000000,1.39530000000000,33.0132,6792.6827,15.6213,15.4045,0.2168,1.2320,15.5678,3.6340,11.9338,1.3011,6792.6827,NA
ExperienceX.exe,49456,0x1E283BFA830,DXGI,1,0,0,Composed: Flip,6826.5466,NA,18.45940000000000,16.71900000000000,0.16250000000000,1.54420000000000,31.2728,6808.3040,18.4051,18.2426,0.1625,17.3152,2.4716,1.7815,0.6901,-1.0977,6808.3040,NA
ExperienceX.exe,49456,0x1E283BFA830,DXGI,1,0,0,Composed: Flip,6841.2856,NA,14.73900000000000,16.71450000000000,0.10880000000000,1.38300000000000,33.2483,6826.7091,14.6853,14.5765,0.1088,1.3817,14.5778,3.5563,11.0215,1.6906,6826.7091,NA
ExperienceX.exe,49456,0x1E283BFA830,DXGI,1,0,0,Composed: Flip,6860.2394,NA,18.95380000000000,16.60370000000000,0.40650000000000,1.65200000000000,30.8982,6841.3944,19.2515,18.8450,0.4065,17.8516,2.6454,1.9717,0.6737,-1.9184,6841.3944,NA
ExperienceX.exe,49456,0x1E283BFA830,DXGI,1,0,0,Composed: Flip,6875.0032,NA,14.76380000000000,16.64690000000000,0.27430000000000,2.56710000000000,32.7813,6860.6459,14.6316,14.3573,0.2743,1.2455,15.6789,3.2499,12.4290,2.6046,6860.6459,NA
ExperienceX.exe,49456,0x1E283BFA830,DXGI,1,0,0,Composed: Flip,6892.9301,NA,17.92690000000000,16.65110000000000,0.15850000000000,1.01690000000000,31.5055,6875.2775,17.8111,17.6526,0.1585,16.8602,1.8093,1.7968,0.0125,-2.0195,6875.2775,NA
ExperienceX.exe,49456,0x1E283BFA830,DXGI,1,0,0,Composed: Flip,6908.0540,NA,15.12390000000000,16.66520000000000,0.13490000000000,1.45380000000000,33.0468,6893.0886,15.1003,14.9654,0.1349,0.8584,15.5608,3.7865,11.7743,1.1459,6893.0886,NA
ExperienceX.exe,49456,0x1E283BFA830,DXGI,1,0,0,Composed: Flip,6925.7552,NA,17.70120000000000,16.88520000000000,0.11310000000000,1.31360000000000,32.2308,6908.1889,17.6794,17.5663,0.1131,17.0270,1.8529,1.6945,0.1584,-1.7849,6908.1889,NA
ExperienceX.exe,49456,0x1E283BFA830,DXGI,1,0,0,Composed: Flip,6941.2688,NA,15.51360000000000,16.46010000000000,0.09220000000000,1.36480000000000,33.1773,6925.8683,15.4927,15.4005,0.0922,1.2005,15.5648,3.7531,11.8117,1.2193,6925.8683,NA
ExperienceX.exe,49456,0x1E283BFA830,DXGI,1,0,0,Composed: Flip,6960.1395,NA,18.87070000000000,16.68490000000000,0.34490000000000,2.28310000000000,30.9915,6941.3610,19.1234,18.7785,0.3449,17.8218,3.2398,2.4874,0.7524,-1.1922,6941.3610,NA
ExperienceX.exe,49456,0x1E283BFA830,DXGI,1,0,0,Composed: Flip,6974.6470,NA,14.50750000000000,16.64340000000000,0.10080000000000,1.41940000000000,33.1274,6960.4844,14.2634,14.1626,0.1008,1.9382,13.6438,3.1814,10.4624,2.4800,6960.4844,NA
ExperienceX.exe,49456,0x1E283BFA830,DXGI,1,0,0,Composed: Flip,6992.1862,NA,17.53920000000000,16.78370000000000,0.27880000000000,7.21880000000000,32.3719,6974.7478,17.7172,17.4384,0.2788,17.2313,7.4259,7.4192,0.0067,-2.5203,6974.7478,NA
ExperienceX.exe,49456,0x1E283BFA830,DXGI,1,0,0,Composed: Flip,7008.0088,NA,15.82260000000000,16.55200000000000,0.10320000000000,0.94520000000000,33.1013,6992.4650,15.6470,15.5438,0.1032,15.6513,0.8377,0.8310,0.0067,1.1652,6992.4650,NA
ExperienceX.exe,49456,0x1E283BFA830,DXGI,1,0,0,Composed: Flip,7026.2228,NA,18.21400000000000,16.67620000000000,0.54400000000000,1.80910000000000,31.5635,7008.1120,18.6548,18.1108,0.5440,17.7084,2.2115,2.2002,0.0113,-1.0292,7008.1120,NA
ExperienceX.exe,49456,0x1E283BFA830,DXGI,1,0,0,Composed: Flip,7041.3425,NA,15.11970000000000,16.68150000000000,0.13660000000000,1.50550000000000,33.1253,7026.7668,14.7123,14.5757,0.1366,1.2651,14.8161,2.3480,12.4681,1.9733,7026.7668,NA
ExperienceX.exe,49456,0x1E283BFA830,DXGI,1,0,0,Composed: Flip,7059.4899,NA,18.14740000000000,16.64670000000000,0.27230000000000,1.38950000000000,31.6246,7041.4791,18.2831,18.0108,0.2723,17.2457,2.1546,2.1438,0.0108,-1.9344,7041.4791,NA
ExperienceX.exe,49456,0x1E283BFA830,DXGI,1,0,0,Composed: Flip,7074.7695,NA,15.27960000000000,16.66970000000000,0.19880000000000,1.51310000000000,33.0147,7059.7622,15.2061,15.0073,0.1988,1.1172,15.4032,3.7458,11.6574,1.6134,7059.7622,NA
ExperienceX.exe,49456,0x1E283BFA830,DXGI,1,0,0,Composed: Flip,7092.2915,NA,17.52200000000000,16.65020000000000,0.09760000000000,1.31120000000000,32.1429,7074.9683,17.4208,17.3232,0.0976,16.8071,1.8273,1.8273,0.0000,-1.4441,7074.9683,NA
ExperienceX.exe,49456,0x1E283BFA830,DXGI,1,0,0,Composed: Flip,7108.1656,NA,15.87410000000000,16.67980000000000,0.15300000000000,1.50820000000000,32.9486,7092.3891,15.9295,15.7765,0.1530,1.2136,16.0711,3.5524,12.5187,0.7410,7092.3891,NA
ExperienceX.exe,49456,0x1E283BFA830,DXGI,1,0,0,Composed: Flip,7125.6430,NA,17.47740000000000,16.67760000000000,0.11310000000000,1.43950000000000,32.1488,7108.3186,17.4375,17.3244,0.1131,16.7682,1.9957,1.9853,0.0104,-0.7481,7108.3186,NA
ExperienceX.exe,49456,0x1E283BFA830,DXGI,1,0,0,Composed: Flip,7141.3322,NA,15.68920000000000,16.73230000000000,0.09840000000000,1.37140000000000,33.1919,7125.7561,15.6745,15.5761,0.0984,1.3264,15.6211,4.0000,11.6211,0.7052,7125.7561,NA
ExperienceX.exe,49456,0x1E283BFA830,DXGI,1,0,0,Composed: Flip,7159.6910,NA,18.35880000000000,16.59920000000000,0.16170000000000,1.42100000000000,31.4323,7141.4306,18.4221,18.2604,0.1617,17.4054,2.2760,1.9596,0.3164,-0.9247,7141.4306,NA
ExperienceX.exe,49456,0x1E283BFA830,DXGI,1,0,0,Composed: Flip,7174.7510,NA,15.06000000000000,16.64030000000000,0.09350000000000,1.49730000000000,33.0126,7159.8527,14.9918,14.8983,0.0935,1.2593,15.1363,4.8182,10.3181,1.7818,7159.8527,NA
ExperienceX.exe,49456,0x1E283BFA830,DXGI,1,0,0,Composed: Flip,7191.9759,NA,17.22490000000000,16.81050000000000,0.43100000000000,5.31360000000000,32.5982,7174.8445,17.5624,17.1314,0.4310,16.8995,5.5455,5.5394,0.0061,-1.8187,7174.8445,NA
ExperienceX.exe,49456,0x1E283BFA830,DXGI,1,0,0,Composed: Flip,7207.9998,NA,16.02390000000000,16.71330000000000,0.09950000000000,1.72650000000000,33.2876,7192.4069,15.6924,15.5929,0.0995,15.7150,1.6044,1.5985,0.0059,0.8491,7192.4069,NA
ExperienceX.exe,49456,0x1E283BFA830,DXGI,1,0,0,Composed: Flip,7226.1275,NA,18.12770000000000,16.50710000000000,0.16550000000000,1.82850000000000,31.6670,7208.0993,18.1937,18.0282,0.1655,17.3144,2.5423,2.0914,0.4509,-0.8147,7208.0993,NA
ExperienceX.exe,49456,0x1E283BFA830,DXGI,1,0,0,Composed: Flip,7241.6532,NA,15.52570000000000,16.68010000000000,0.21990000000000,1.84180000000000,32.8214,7226.2930,15.5801,15.3602,0.2199,1.6630,15.5390,2.5425,12.9965,1.5136,7226.2930,NA
ExperienceX.exe,49456,0x1E283BFA830,DXGI,1,0,0,Composed: Flip,7259.8058,NA,18.15260000000000,16.66670000000000,0.62030000000000,1.41800000000000,31.3355,7241.8731,18.5530,17.9327,0.6203,17.4176,1.9331,1.8936,0.0395,-1.0866,7241.8731,NA
ExperienceX.exe,49456,0x1E283BFA830,DXGI,1,0,0,Composed: Flip,7274.7427,NA,14.93690000000000,16.63420000000000,0.14240000000000,1.47170000000000,33.0328,7260.4261,14.4590,14.3166,0.1424,0.7977,14.9906,1.9449,13.0457,1.9188,7260.4261,NA
ExperienceX.exe,49456,0x1E283BFA830,DXGI,1,0,0,Composed: Flip,7292.9118,NA,18.16910000000000,16.68630000000000,0.25500000000000,1.13650000000000,31.5500,7274.8851,18.2817,18.0267,0.2550,17.2643,1.8989,1.8929,0.0060,-2.2273,7274.8851,NA
ExperienceX.exe,49456,0x1E283BFA830,DXGI,1,0,0,Composed: Flip,7307.9624,NA,15.05060000000000,16.65230000000000,0.10790000000000,1.34390000000000,33.1517,7293.1668,14.9035,14.7956,0.1079,0.8815,15.2580,2.1818,13.0762,1.6294,7293.1668,NA
ExperienceX.exe,49456,0x1E283BFA830,DXGI,1,0,0,Composed: Flip,7326.0068,NA,18.04440000000000,16.78060000000000,0.18530000000000,1.42330000000000,31.8879,7308.0703,18.1218,17.9365,0.1853,17.4983,1.8615,1.8615,0.0000,-1.8771,7308.0703,NA
ExperienceX.exe,49456,0x1E283BFA830,DXGI,1,0,0,Composed: Flip,7341.3415,NA,15.33470000000000,16.55360000000000,0.09510000000000,1.30970000000000,33.1068,7326.1921,15.2445,15.1494,0.0951,1.2380,15.2211,3.7213,11.4998,1.5682,7326.1921,NA
ExperienceX.exe,49456,0x1E283BFA830,DXGI,1,0,0,Composed: Flip,7359.0869,NA,17.74540000000000,16.77450000000000,0.08870000000000,4.69720000000000,32.1359,7341.4366,17.7390,17.6503,0.0887,17.4201,4.9274,4.9142,0.0132,-1.5300,7341.4366,NA
ExperienceX.exe,49456,0x1E283BFA830,DXGI,1,0,0,Composed: Flip,7374.7455,NA,15.65860000000000,16.56490000000000,0.15320000000000,0.93110000000000,33.0422,7359.1756,15.7231,15.5699,0.1532,4.6085,11.8925,0.8713,11.0212,1.1741,7359.1756,NA
ExperienceX.exe,49456,0x1E283BFA830,DXGI,1,0,0,Composed: Flip,7392.3008,NA,17.55530000000000,16.66300000000000,0.60490000000000,1.89550000000000,32.1499,7374.8987,18.0070,17.4021,0.6049,17.0552,2.2424,2.2062,0.0362,-0.9399,7374.8987,NA
ExperienceX.exe,49456,0x1E283BFA830,DXGI,1,0,0,Composed: Flip,7408.0365,NA,15.73570000000000,16.67780000000000,0.12210000000000,1.28570000000000,33.0920,7392.9057,15.2529,15.1308,0.1221,1.2906,15.1259,3.4939,11.6320,1.3292,7392.9057,NA
ExperienceX.exe,49456,0x1E283BFA830,DXGI,1,0,0,Composed: Flip,7425.7358,NA,17.69930000000000,16.76350000000000,0.45620000000000,5.96150000000000,32.1562,7408.1586,18.0334,17.5772,0.4562,17.3331,6.2056,5.8685,0.3371,-1.5106,7408.1586,NA
ExperienceX.exe,49456,0x1E283BFA830,DXGI,1,0,0,Composed: Flip,7441.3927,NA,15.65690000000000,16.68890000000000,0.14910000000000,1.51080000000000,33.1882,7426.1920,15.3498,15.2007,0.1491,15.3712,1.3403,1.3110,0.0293,1.3445,7426.1920,NA
ExperienceX.exe,49456,0x1E283BFA830,DXGI,1,0,0,Composed: Flip,7459.8383,NA,18.44560000000000,16.56330000000000,0.15440000000000,1.49530000000000,31.3059,7441.5418,18.4509,18.2965,0.1544,17.5997,2.1921,2.1921,0.0000,-1.2135,7441.5418,NA
ExperienceX.exe,49456,0x1E283BFA830,DXGI,1,0,0,Composed: Flip,7475.0359,NA,15.19760000000000,16.66620000000000,0.20130000000000,1.68280000000000,32.7745,7459.9927,15.2445,15.0432,0.2013,1.3409,15.3851,2.2096,13.1755,1.7847,7459.9927,NA
ExperienceX.exe,49456,0x1E283BFA830,DXGI,1,0,0,Composed: Flip,7492.1624,NA,17.12650000000000,16.69850000000000,0.07420000000000,1.64490000000000,32.3465,7475.2372,16.9994,16.9252,0.0742,16.7197,1.8504,1.8386,0.0118,-1.4540,7475.2372,NA
ExperienceX.exe,49456,0x1E283BFA830,DXGI,1,0,0,Composed: Flip,7508.0846,NA,15.92220000000000,16.59240000000000,0.10590000000000,1.35570000000000,33.0167,7492.2366,15.9539,15.8480,0.1059,1.5707,15.6330,2.5963,13.0367,0.4070,7492.2366,NA
ExperienceX.exe,49456,0x1E283BFA830,DXGI,1,0,0,Composed: Flip,7525.3124,NA,17.22780000000000,16.68460000000000,0.12820000000000,2.23950000000000,32.4735,7508.1905,17.2501,17.1219,0.1282,17.6127,1.7487,1.7378,0.0109,-0.7307,7508.1905,NA
ExperienceX.exe,49456,0x1E283BFA830,DXGI,1,0,0,Composed: Flip,7541.2905,NA,15.97810000000000,16.65390000000000,0.08200000000000,1.34060000000000,33.1493,7525.4406,15.9319,15.8499,0.0820,2.1113,15.0792,3.7749,11.3043,0.5962,7525.4406,NA
ExperienceX.exe,49456,0x1E283BFA830,DXGI,1,0,0,Composed: Flip,7559.7474,NA,18.45690000000000,16.74200000000000,0.13470000000000,5.40570000000000,31.4344,7541.3725,18.5096,18.3749,0.1347,17.3806,6.4000,6.3777,0.0223,-0.8101,7541.3725,NA
ExperienceX.exe,49456,0x1E283BFA830,DXGI,1,0,0,Composed: Flip,7574.6433,NA,14.89590000000000,16.58880000000000,0.11940000000000,1.28930000000000,33.1273,7559.8821,14.8806,14.7612,0.1194,14.9126,1.1379,1.1311,0.0068,1.9208,7559.8821,NA
ExperienceX.exe,49456,0x1E283BFA830,DXGI,1,0,0,Composed: Flip,7592.7100,NA,18.06670000000000,16.71130000000000,0.16050000000000,6.34110000000000,31.7719,7574.7627,18.1078,17.9473,0.1605,17.4322,6.8562,6.8505,0.0057,-1.8307,7574.7627,NA
ExperienceX.exe,49456,0x1E283BFA830,DXGI,1,0,0,Composed: Flip,7610.7076,NA,17.99760000000000,16.64960000000000,0.10510000000000,4.95020000000000,30.4239,7592.8705,17.9422,17.8371,0.1051,17.9637,4.8236,4.8164,0.0072,1.4582,7592.8705,NA
ExperienceX.exe,49456,0x1E283BFA830,DXGI,1,0,0,Composed: Flip,7626.4982,NA,15.79060000000000,16.72690000000000,0.13770000000000,1.51870000000000,31.3602,7610.8127,15.8232,15.6855,0.1377,14.8143,2.3899,2.3809,0.0090,1.2153,7610.8127,NA
ExperienceX.exe,49456,0x1E283BFA830,DXGI,1,0,0,Composed: Flip,7641.4143,NA,14.91610000000000,16.59110000000000,0.16420000000000,1.44590000000000,33.0352,7626.6359,14.9426,14.7784,0.1642,1.3810,14.8433,2.5187,12.3246,-0.7679,7626.6359,NA
ExperienceX.exe,49456,0x1E283BFA830,DXGI,1,0,0,Composed: Flip,7660.0229,NA,18.60860000000000,16.68790000000000,0.16920000000000,1.38170000000000,31.1145,7641.5785,18.6136,18.4444,0.1692,17.3192,2.5069,2.0969,0.4100,-1.7453,7641.5785,NA
ExperienceX.exe,49456,0x1E283BFA830,DXGI,1,0,0,Composed: Flip,7674.7051,NA,14.68220000000000,16.72230000000000,0.17190000000000,1.54080000000000,33.1546,7660.1921,14.6849,14.5130,0.1719,1.2125,14.8413,3.8641,10.9772,1.8913,7660.1921,NA
ExperienceX.exe,49456,0x1E283BFA830,DXGI,1,0,0,Composed: Flip,7692.7329,NA,18.02780000000000,16.56620000000000,0.59840000000000,1.52750000000000,31.6930,7674.8770,18.4543,17.8559,0.5984,17.4832,1.9002,1.8877,0.0125,-1.8813,7674.8770,NA
ExperienceX.exe,49456,0x1E283BFA830,DXGI,1,0,0,Composed: Flip,7708.3272,NA,15.59430000000000,16.67530000000000,0.23920000000000,1.51480000000000,32.7740,7693.3313,15.2351,14.9959,0.2392,0.9291,15.5816,3.8396,11.7420,1.7790,7693.3313,NA
ExperienceX.exe,49456,0x1E283BFA830,DXGI,1,0,0,Composed: Flip,7725.4028,NA,17.07560000000000,16.67160000000000,0.09110000000000,5.06680000000000,32.3700,7708.5664,16.9275,16.8364,0.0911,16.4527,5.4505,5.4421,0.0084,-1.4365,7708.5664,NA
ExperienceX.exe,49456,0x1E283BFA830,DXGI,1,0,0,Composed: Flip,7741.3409,NA,15.93810000000000,16.70530000000000,0.13770000000000,1.41490000000000,33.1372,7725.4939,15.9847,15.8470,0.1377,16.0191,1.2428,1.2345,0.0083,0.2222,7725.4939,NA
ExperienceX.exe,49456,0x1E283BFA830,DXGI,1,0,0,Composed: Flip,7758.8047,NA,17.46380000000000,16.62450000000000,0.36670000000000,5.57760000000000,32.2979,7741.4786,17.6928,17.3261,0.3667,16.9784,5.9253,5.9113,0.0140,-0.6398,7741.4786,NA
ExperienceX.exe,49456,0x1E283BFA830,DXGI,1,0,0,Composed: Flip,7774.8533,NA,16.04860000000000,16.65490000000000,0.12540000000000,1.51770000000000,32.9042,7759.1714,15.8073,15.6819,0.1254,15.8969,1.3027,1.2991,0.0036,1.0379,7759.1714,NA
ExperienceX.exe,49456,0x1E283BFA830,DXGI,1,0,0,Composed: Flip,7792.0472,NA,17.19390000000000,16.66680000000000,0.12960000000000,1.63750000000000,32.3771,7774.9787,17.1981,17.0685,0.1296,16.8535,1.8525,1.8438,0.0087,-0.8595,7774.9787,NA
ExperienceX.exe,49456,0x1E283BFA830,DXGI,1,0,0,Composed: Flip,7807.9277,NA,15.88050000000000,16.68170000000000,0.10000000000000,1.54360000000000,33.1783,7792.1768,15.8509,15.7509,0.1000,1.5079,15.7866,5.2204,10.5662,0.5164,7792.1768,NA
ExperienceX.exe,49456,0x1E283BFA830,DXGI,1,0,0,Composed: Flip,7826.4806,NA,18.55290000000000,16.78840000000000,0.17740000000000,1.26100000000000,31.4138,7808.0277,18.6303,18.4529,0.1774,17.5119,2.2020,2.2020,0.0000,-0.9375,7808.0277,NA
ExperienceX.exe,49456,0x1E283BFA830,DXGI,1,0,0,Composed: Flip,7841.3594,NA,14.87880000000000,16.73600000000000,0.13290000000000,1.40070000000000,33.2710,7826.6580,14.8343,14.7014,0.1329,1.0836,15.0185,2.4614,12.5571,1.8943,7826.6580,NA
ExperienceX.exe,49456,0x1E283BFA830,DXGI,1,0,0,Composed: Flip,7860.4558,NA,19.09640000000000,16.49140000000000,0.17450000000000,1.19840000000000,30.6660,7841.4923,19.1380,18.9635,0.1745,18.1493,2.0126,1.9985,0.0141,-1.6571,7841.4923,NA
ExperienceX.exe,49456,0x1E283BFA830,DXGI,1,0,0,Composed: Flip,7875.0348,NA,14.57900000000000,16.64580000000000,0.20060000000000,1.48720000000000,32.7328,7860.6303,14.6051,14.4045,0.2006,1.0239,14.8678,2.6499,12.2179,2.4922,7860.6303,NA
ExperienceX.exe,49456,0x1E283BFA830,DXGI,1,0,0,Composed: Flip,7891.9994,NA,16.96460000000000,16.66530000000000,0.09550000000000,5.84050000000000,32.4335,7875.2354,16.8595,16.7640,0.0955,16.5161,6.0884,6.0827,0.0057,-2.0602,7875.2354,NA
ExperienceX.exe,49456,0x1E283BFA830,DXGI,1,0,0,Composed: Flip,7907.9996,NA,16.00020000000000,16.75290000000000,0.11010000000000,1.33870000000000,33.1862,7892.0949,16.0148,15.9047,0.1101,16.0136,1.2298,1.2234,0.0064,0.1066,7892.0949,NA
ExperienceX.exe,49456,0x1E283BFA830,DXGI,1,0,0,Composed: Flip,7925.3454,NA,17.34580000000000,16.62990000000000,0.11590000000000,1.78130000000000,32.4703,7908.1097,17.3516,17.2357,0.1159,17.0194,1.9976,1.9224,0.0752,-0.6151,7908.1097,NA
ExperienceX.exe,49456,0x1E283BFA830,DXGI,1,0,0,Composed: Flip,7941.6602,NA,16.31480000000000,16.62500000000000,0.17830000000000,1.39460000000000,32.7805,7925.4613,16.3772,16.1989,0.1783,1.6654,15.9281,4.6306,11.2975,0.7266,7925.4613,NA
ExperienceX.exe,49456,0x1E283BFA830,DXGI,1,0,0,Composed: Flip,7959.2579,NA,17.59770000000000,16.65610000000000,0.24390000000000,1.46350000000000,31.8389,7941.8385,17.6633,17.4194,0.2439,16.9434,1.9395,1.8104,0.1291,-0.2789,7941.8385,NA
ExperienceX.exe,49456,0x1E283BFA830,DXGI,1,0,0,Composed: Flip,7974.6724,NA,15.41450000000000,16.66880000000000,0.11540000000000,1.92640000000000,33.0932,7959.5018,15.2860,15.1706,0.1154,1.2196,15.8774,5.5616,10.3158,0.9945,7959.5018,NA
ExperienceX.exe,49456,0x1E283BFA830,DXGI,1,0,0,Composed: Flip,7992.6959,NA,18.02350000000000,16.67330000000000,0.08940000000000,1.74930000000000,31.7430,7974.7878,17.9975,17.9081,0.0894,17.1907,2.4667,1.9451,0.5216,-1.3873,7974.7878,NA
ExperienceX.exe,49456,0x1E283BFA830,DXGI,1,0,0,Composed: Flip,8007.9456,NA,15.24970000000000,16.68110000000000,0.09610000000000,1.54930000000000,33.1744,7992.7853,15.2564,15.1603,0.0961,1.6599,15.0497,3.5993,11.4504,1.3164,7992.7853,NA
ExperienceX.exe,49456,0x1E283BFA830,DXGI,1,0,0,Composed: Flip,8026.1134,NA,18.16780000000000,16.65080000000000,0.18650000000000,1.68820000000000,31.6574,8008.0417,18.2582,18.0717,0.1865,17.3432,2.4167,1.8740,0.5427,-1.3944,8008.0417,NA
ExperienceX.exe,49456,0x1E283BFA830,DXGI,1,0,0,Composed: Flip,8041.3108,NA,15.19740000000000,16.68820000000000,0.10730000000000,1.39440000000000,33.1482,8026.2999,15.1182,15.0109,0.1073,1.5017,14.9036,3.6415,11.2621,1.5700,8026.2999,NA
ExperienceX.exe,49456,0x1E283BFA830,DXGI,1,0,0,Composed: Flip,8059.8729,NA,18.56210000000000,16.70310000000000,0.21750000000000,1.82600000000000,31.2892,8041.4181,18.6723,18.4548,0.2175,17.6843,2.5965,1.8921,0.7044,-1.5849,8041.4181,NA
ExperienceX.exe,49456,0x1E283BFA830,DXGI,1,0,0,Composed: Flip,8074.9895,NA,15.11660000000000,16.62300000000000,0.17460000000000,1.44990000000000,32.7956,8060.0904,15.0737,14.8991,0.1746,1.6085,14.7405,2.5541,12.1864,2.0493,8060.0904,NA
ExperienceX.exe,49456,0x1E283BFA830,DXGI,1,0,0,Composed: Flip,8093.1755,NA,18.18600000000000,16.65020000000000,0.17560000000000,1.05540000000000,31.2598,8075.1641,18.1870,18.0114,0.1756,17.1501,1.9167,1.8984,0.0183,-1.5765,8075.1641,NA
ExperienceX.exe,49456,0x1E283BFA830,DXGI,1,0,0,Composed: Flip,8108.0413,NA,14.86580000000000,16.66750000000000,0.14040000000000,1.56350000000000,33.0615,8093.3511,14.8306,14.6902,0.1404,0.8798,15.3739,2.3645,13.0094,1.5195,8093.3511,NA
ExperienceX.exe,49456,0x1E283BFA830,DXGI,1,0,0,Composed: Flip,8125.1963,NA,17.15500000000000,16.66050000000000,0.22960000000000,1.68750000000000,32.5670,8108.1817,17.2442,17.0146,0.2296,16.8600,1.8421,1.8343,0.0078,-1.8299,8108.1817,NA
ExperienceX.exe,49456,0x1E283BFA830,DXGI,1,0,0,Composed: Flip,8141.3298,NA,16.13350000000000,16.67860000000000,0.10260000000000,1.38430000000000,33.1121,8125.4259,16.0065,15.9039,0.1026,1.4579,15.8303,3.8498,11.9805,0.5656,8125.4259,NA
ExperienceX.exe,49456,0x1E283BFA830,DXGI,1,0,0,Composed: Flip,8159.0514,NA,17.72160000000000,16.84960000000000,0.09880000000000,1.36000000000000,32.2401,8141.4324,17.7178,17.6190,0.0988,17.0672,1.9118,1.8973,0.0145,-0.8431,8141.4324,NA
ExperienceX.exe,49456,0x1E283BFA830,DXGI,1,0,0,Composed: Flip,8174.6341,NA,15.58270000000000,16.48830000000000,0.10220000000000,1.40390000000000,33.1457,8159.1502,15.5861,15.4839,0.1022,1.2612,15.6266,3.5366,12.0900,1.2295,8159.1502,NA
ExperienceX.exe,49456,0x1E283BFA830,DXGI,1,0,0,Composed: Flip,8192.5435,NA,17.90940000000000,16.73200000000000,0.16260000000000,1.83160000000000,31.9683,8174.7363,17.9698,17.8072,0.1626,17.6437,1.9951,1.9753,0.0198,-1.1459,8174.7363,NA
ExperienceX.exe,49456,0x1E283BFA830,DXGI,1,0,0,Composed: Flip,8208.0892,NA,15.54570000000000,16.75640000000000,0.14820000000000,1.59730000000000,33.1790,8192.7061,15.5313,15.3831,0.1482,1.6690,15.3114,2.4970,12.8144,1.2134,8192.7061,NA
ExperienceX.exe,49456,0x1E283BFA830,DXGI,1,0,0,Composed: Flip,8226.1744,NA,18.08520000000000,16.63270000000000,0.46220000000000,6.15730000000000,31.7265,8208.2374,18.3992,17.9370,0.4622,17.5329,6.5614,6.1102,0.4512,-1.1014,8208.2374,NA
ExperienceX.exe,49456,0x1E283BFA830,DXGI,1,0,0,Composed: Flip,8241.6687,NA,15.49430000000000,16.52700000000000,0.06870000000000,1.50330000000000,32.7592,8226.6366,15.1008,15.0321,0.0687,15.2730,1.2624,1.0837,0.1787,1.8722,8226.6366,NA
ExperienceX.exe,49456,0x1E283BFA830,DXGI,1,0,0,Composed: Flip,8260.7758,NA,19.10710000000000,16.67240000000000,0.19890000000000,5.49130000000000,30.3245,8241.7374,19.2373,19.0384,0.1989,18.1870,6.3427,6.3228,0.0199,-1.5716,8241.7374,NA
ExperienceX.exe,49456,0x1E283BFA830,DXGI,1,0,0,Composed: Flip,8274.6244,NA,13.84860000000000,16.66020000000000,0.11370000000000,0.95070000000000,33.1361,8260.9747,13.7634,13.6497,0.1137,13.7847,0.8157,0.8085,0.0072,2.5771,8260.9747,NA
ExperienceX.exe,49456,0x1E283BFA830,DXGI,1,0,0,Composed: Flip,8292.7631,NA,18.13870000000000,16.72180000000000,0.15630000000000,1.44980000000000,31.7192,8274.7381,18.1813,18.0250,0.1563,17.1734,2.3014,2.2919,0.0095,-2.9584,8274.7381,NA
ExperienceX.exe,49456,0x1E283BFA830,DXGI,1,0,0,Composed: Flip,8307.9847,NA,15.22160000000000,16.61550000000000,0.15260000000000,1.62030000000000,33.1131,8292.9194,15.2179,15.0653,0.1526,1.2935,15.3921,3.8072,11.5849,1.5658,8292.9194,NA
ExperienceX.exe,49456,0x1E283BFA830,DXGI,1,0,0,Composed: Flip,8326.3403,NA,18.35560000000000,16.95860000000000,0.18430000000000,1.30310000000000,31.7161,8308.1373,18.3873,18.2030,0.1843,17.4491,2.0570,2.0570,0.0000,-1.7407,8308.1373,NA
ExperienceX.exe,49456,0x1E283BFA830,DXGI,1,0,0,Composed: Flip,8341.3313,NA,14.99100000000000,16.37220000000000,0.10030000000000,1.39020000000000,33.0973,8326.5246,14.9070,14.8067,0.1003,1.1188,15.0781,3.7372,11.3409,2.0151,8326.5246,NA
ExperienceX.exe,49456,0x1E283BFA830,DXGI,1,0,0,Composed: Flip,8359.4143,NA,18.08300000000000,16.68190000000000,0.09680000000000,1.69550000000000,31.6962,8341.4316,18.0795,17.9827,0.0968,17.7656,1.9126,1.9014,0.0112,-1.7749,8341.4316,NA
ExperienceX.exe,49456,0x1E283BFA830,DXGI,1,0,0,Composed: Flip,8374.6692,NA,15.25490000000000,16.64990000000000,0.13120000000000,1.42340000000000,33.0912,8359.5111,15.2893,15.1581,0.1312,1.5987,14.9828,3.6320,11.3508,1.4296,8359.5111,NA
ExperienceX.exe,49456,0x1E283BFA830,DXGI,1,0,0,Composed: Flip,8391.9150,NA,17.24580000000000,16.67770000000000,0.18810000000000,5.87780000000000,32.5231,8374.8004,17.3027,17.1146,0.1881,16.8815,6.1109,6.1045,0.0064,-1.3884,8374.8004,NA
ExperienceX.exe,49456,0x1E283BFA830,DXGI,1,0,0,Composed: Flip,8407.9643,NA,16.04930000000000,16.90020000000000,0.11200000000000,1.42650000000000,33.3740,8392.1031,15.9732,15.8612,0.1120,15.9543,1.3334,1.3264,0.0070,0.4025,8392.1031,NA
ExperienceX.exe,49456,0x1E283BFA830,DXGI,1,0,0,Composed: Flip,8426.9135,NA,18.94920000000000,16.49300000000000,0.17030000000000,1.14720000000000,30.9178,8408.0763,19.0075,18.8372,0.1703,17.8141,2.1703,2.0706,0.0997,-0.5198,8408.0763,NA
ExperienceX.exe,49456,0x1E283BFA830,DXGI,1,0,0,Composed: Flip,8441.8273,NA,14.91380000000000,16.64420000000000,0.09300000000000,1.66550000000000,32.6482,8427.0838,14.8365,14.7435,0.0930,0.9769,15.4321,2.6070,12.8251,2.3633,8427.0838,NA
ExperienceX.exe,49456,0x1E283BFA830,DXGI,1,0,0,Composed: Flip,8458.8099,NA,16.98260000000000,16.61690000000000,0.45030000000000,1.98220000000000,32.2825,8441.9203,17.3399,16.8896,0.4503,16.6331,2.2387,2.0216,0.2171,-1.7804,8441.9203,NA
ExperienceX.exe,49456,0x1E283BFA830,DXGI,1,0,0,Composed: Flip,8474.7420,NA,15.93210000000000,16.65670000000000,0.42640000000000,2.89280000000000,33.0071,8459.2602,15.9082,15.4818,0.4264,1.5319,16.8427,4.8498,11.9929,0.6832,8459.2602,NA
ExperienceX.exe,49456,0x1E283BFA830,DXGI,1,0,0,Composed: Flip,8492.0955,NA,17.35350000000000,16.70440000000000,0.10970000000000,1.56020000000000,32.3580,8475.1684,17.0368,16.9271,0.1097,16.5619,1.9254,1.7514,0.1740,-0.7962,8475.1684,NA
ExperienceX.exe,49456,0x1E283BFA830,DXGI,1,0,0,Composed: Flip,8507.9246,NA,15.82910000000000,16.64460000000000,0.09530000000000,1.58750000000000,33.1735,8492.2052,15.8147,15.7194,0.0953,1.4505,15.8564,4.9309,10.9255,0.3922,8492.2052,NA
ExperienceX.exe,49456,0x1E283BFA830,DXGI,1,0,0,Composed: Flip,8525.4927,NA,17.56810000000000,16.85170000000000,0.68320000000000,2.03500000000000,32.4571,8508.0199,18.1560,17.4728,0.6832,17.2673,2.2405,1.8985,0.3420,-1.0370,8508.0199,NA
ExperienceX.exe,49456,0x1E283BFA830,DXGI,1,0,0,Composed: Flip,8541.2985,NA,15.80580000000000,16.49350000000000,0.10090000000000,1.40060000000000,33.1448,8526.1759,15.2235,15.1226,0.1009,1.3518,15.1714,3.4875,11.6839,1.6625,8526.1759,NA
ExperienceX.exe,49456,0x1E283BFA830,DXGI,1,0,0,Composed: Flip,8559.4779,NA,18.17940000000000,17.06590000000000,0.11360000000000,8.08970000000000,32.0313,8541.3994,18.1921,18.0785,0.1136,17.7193,8.4489,8.4489,0.0000,-1.8424,8541.3994,NA
ExperienceX.exe,49456,0x1E283BFA830,DXGI,1,0,0,Composed: Flip,8574.6160,NA,15.13810000000000,16.30290000000000,0.09850000000000,2.01930000000000,33.1961,8559.5915,15.1230,15.0245,0.0985,7.9761,9.0677,3.5144,5.5533,1.8892,8559.5915,NA
ExperienceX.exe,49456,0x1E283BFA830,DXGI,1,0,0,Composed: Flip,8593.0301,NA,18.41410000000000,16.65080000000000,0.30870000000000,2.51300000000000,31.4328,8574.7145,18.6243,18.3156,0.3087,17.9470,2.8816,2.8610,0.0206,-1.5278,8574.7145,NA
ExperienceX.exe,49456,0x1E283BFA830,DXGI,1,0,0,Composed: Flip,8608.1068,NA,15.07670000000000,16.70200000000000,0.12350000000000,9.95910000000000,33.0581,8593.3388,14.8915,14.7680,0.1235,2.2043,22.5228,15.6265,6.8963,1.9223,8593.3388,NA
ExperienceX.exe,49456,0x1E283BFA830,DXGI,1,0,0,Composed: Flip,8625.6303,NA,17.52350000000000,16.76970000000000,0.11180000000000,11.36510000000000,32.3043,8608.2303,17.5118,17.4000,0.1118,17.0949,11.6702,11.6466,0.0236,-1.8782,8608.2303,NA
ExperienceX.exe,49456,0x1E283BFA830,DXGI,1,0,0,Composed: Flip,8641.5621,NA,15.93180000000000,16.54290000000000,0.21170000000000,1.55520000000000,32.9154,8625.7421,16.0317,15.8200,0.2117,16.0471,1.3281,1.3207,0.0074,0.9689,8625.7421,NA
ExperienceX.exe,49456,0x1E283BFA830,DXGI,1,0,0,Composed: Flip,8660.3902,NA,18.82810000000000,16.70060000000000,0.14420000000000,2.28440000000000,30.7879,8641.7738,18.7606,18.6164,0.1442,17.7825,3.1183,3.1183,0.0000,-0.6689,8641.7738,NA
ExperienceX.exe,49456,0x1E283BFA830,DXGI,1,0,0,Composed: Flip,8674.6750,NA,14.28480000000000,16.62710000000000,0.13550000000000,7.69600000000000,33.1302,8660.5344,14.2761,14.1406,0.1355,2.1402,19.6964,14.4150,5.2814,2.1335,8660.5344,NA
ExperienceX.exe,49456,0x1E283BFA830,DXGI,1,0,0,Composed: Flip,8692.7209,NA,18.04590000000000,16.75420000000000,0.09480000000000,10.84010000000000,31.8385,8674.8105,18.0052,17.9104,0.0948,17.5816,11.1689,10.7373,0.4316,-2.4781,8674.8105,NA
ExperienceX.exe,49456,0x1E283BFA830,DXGI,1,0,0,Composed: Flip,8708.0390,NA,15.31810000000000,16.54810000000000,0.12490000000000,7.51600000000000,33.0685,8692.8157,15.3482,15.2233,0.1249,10.7453,11.9940,8.0013,3.9927,1.4571,8692.8157,NA
ExperienceX.exe,49456,0x1E283BFA830,DXGI,1,0,0,Composed: Flip,8726.5100,NA,18.47100000000000,16.69410000000000,0.17900000000000,14.26420000000000,31.2916,8708.1639,18.5251,18.3461,0.1790,17.3750,15.2353,15.2292,0.0061,-1.3459,8708.1639,NA
ExperienceX.exe,49456,0x1E283BFA830,DXGI,1,0,0,Composed: Flip,8741.2724,NA,14.76240000000000,16.62340000000000,0.04260000000000,1.90670000000000,33.1526,8726.6890,14.6260,14.5834,0.0426,14.7010,1.7891,1.7831,0.0060,1.9017,8726.6890,NA
ExperienceX.exe,49456,0x1E283BFA830,DXGI,1,0,0,Composed: Flip,8758.4645,NA,17.19210000000000,16.72530000000000,0.16310000000000,9.16150000000000,32.6858,8741.3150,17.3126,17.1495,0.1631,17.0383,9.2727,9.2727,0.0000,-2.0993,8741.3150,NA
ExperienceX.exe,49456,0x1E283BFA830,DXGI,1,0,0,Composed: Flip,8774.5505,NA,16.08600000000000,16.85600000000000,0.07290000000000,0.78050000000000,33.4558,8758.6276,15.9958,15.9229,0.0729,8.9984,7.7050,1.1290,6.5760,0.4566,8758.6276,NA
ExperienceX.exe,49456,0x1E283BFA830,DXGI,1,0,0,Composed: Flip,8792.5299,NA,17.97940000000000,16.44880000000000,0.65560000000000,1.82210000000000,31.9252,8774.6234,18.5621,17.9065,0.6556,17.5683,2.1603,2.1513,0.0090,-0.4530,8774.6234,NA
ExperienceX.exe,49456,0x1E283BFA830,DXGI,1,0,0,Composed: Flip,8808.3776,NA,15.84770000000000,16.65170000000000,0.06980000000000,1.41980000000000,32.7292,8793.1855,15.2619,15.1921,0.0698,1.1665,15.4454,3.8730,11.5724,1.9104,8793.1855,NA
ExperienceX.exe,49456,0x1E283BFA830,DXGI,1,0,0,Composed: Flip,8825.9890,NA,17.61140000000000,16.71270000000000,0.52060000000000,1.39900000000000,31.8305,8808.4474,18.0622,17.5416,0.5206,17.1560,1.7846,1.7743,0.0103,-1.4508,8808.4474,NA
ExperienceX.exe,49456,0x1E283BFA830,DXGI,1,0,0,Composed: Flip,8841.3548,NA,15.36580000000000,16.61150000000000,0.09620000000000,1.40490000000000,33.0762,8826.5096,14.9414,14.8452,0.0962,0.8784,15.3717,4.7312,10.6405,1.4507,8826.5096,NA
ExperienceX.exe,49456,0x1E283BFA830,DXGI,1,0,0,Composed: Flip,8859.4549,NA,18.10010000000000,16.66250000000000,0.22860000000000,1.28280000000000,31.6386,8841.4510,18.2325,18.0039,0.2286,17.3647,1.9220,1.9148,0.0072,-1.7211,8841.4510,NA
ExperienceX.exe,49456,0x1E283BFA830,DXGI,1,0,0,Composed: Flip,8874.6785,NA,15.22360000000000,16.86180000000000,0.12540000000000,1.48290000000000,33.2768,8859.6835,15.1204,14.9950,0.1254,1.0542,15.4237,2.8746,12.5491,1.3707,8859.6835,NA
ExperienceX.exe,49456,0x1E283BFA830,DXGI,1,0,0,Composed: Flip,8893.0849,NA,18.40640000000000,16.49700000000000,0.11300000000000,1.47840000000000,31.3674,8874.8039,18.3940,18.2810,0.1130,17.5537,2.2057,1.7849,0.4208,-1.3766,8874.8039,NA
ExperienceX.exe,49456,0x1E283BFA830,DXGI,1,0,0,Composed: Flip,8908.4415,NA,15.35660000000000,16.64710000000000,0.26960000000000,2.79830000000000,32.6579,8893.1979,15.5132,15.2436,0.2696,1.3654,16.6765,4.8474,11.8291,1.7469,8893.1979,NA
ExperienceX.exe,49456,0x1E283BFA830,DXGI,1,0,0,Composed: Flip,8925.3648,NA,16.92330000000000,16.66970000000000,0.05430000000000,1.83470000000000,32.4043,8908.7111,16.7080,16.6537,0.0543,16.3566,2.1318,1.9190,0.2128,-1.1565,8908.7111,NA
ExperienceX.exe,49456,0x1E283BFA830,DXGI,1,0,0,Composed: Flip,8941.3295,NA,15.96470000000000,16.65710000000000,0.14690000000000,1.39330000000000,33.0967,8925.4191,16.0573,15.9104,0.1469,1.7804,15.5233,4.7647,10.7586,0.0509,8925.4191,NA
ExperienceX.exe,49456,0x1E283BFA830,DXGI,1,0,0,Composed: Flip,8959.7523,NA,18.42280000000000,16.71100000000000,0.20350000000000,1.66970000000000,31.3849,8941.4764,18.4794,18.2759,0.2035,17.0185,2.9271,2.4337,0.4934,-0.6537,8941.4764,NA
ExperienceX.exe,49456,0x1E283BFA830,DXGI,1,0,0,Composed: Flip,8974.6674,NA,14.91510000000000,16.61660000000000,0.11500000000000,1.38420000000000,33.0864,8959.9558,14.8266,14.7116,0.1150,1.4662,14.6296,2.9377,11.6919,1.8628,8959.9558,NA
ExperienceX.exe,49456,0x1E283BFA830,DXGI,1,0,0,Composed: Flip,8991.9114,NA,17.24400000000000,16.90770000000000,0.53700000000000,2.90590000000000,32.7501,8974.7824,17.6660,17.1290,0.5370,17.2849,2.7500,2.7425,0.0075,-2.0811,8974.7824,NA
ExperienceX.exe,49456,0x1E283BFA830,DXGI,1,0,0,Composed: Flip,9007.9690,NA,16.05760000000000,16.53980000000000,0.12140000000000,1.45650000000000,33.2323,8992.4484,15.6420,15.5206,0.1214,2.3689,14.6082,4.3623,10.2459,1.1262,8992.4484,NA
ExperienceX.exe,49456,0x1E283BFA830,DXGI,1,0,0,Composed: Flip,9026.2138,NA,18.24480000000000,16.58180000000000,0.22340000000000,1.17170000000000,31.5693,9008.0904,18.3468,18.1234,0.2234,17.4645,1.8306,1.8160,0.0146,-0.9398,9008.0904,NA
ExperienceX.exe,49456,0x1E283BFA830,DXGI,1,0,0,Composed: Flip,9041.7895,NA,15.57570000000000,16.66250000000000,0.37140000000000,1.75580000000000,32.6561,9026.4372,15.7237,15.3523,0.3714,0.9483,16.1598,2.5944,13.5654,1.6843,9026.4372,NA
ExperienceX.exe,49456,0x1E283BFA830,DXGI,1,0,0,Composed: Flip,9059.5498,NA,17.76030000000000,16.65620000000000,0.14720000000000,2.90400000000000,31.5520,9042.1609,17.5361,17.3889,0.1472,16.8128,3.4801,3.4700,0.0101,-0.9325,9042.1609,NA
ExperienceX.exe,49456,0x1E283BFA830,DXGI,1,0,0,Composed: Flip,9074.7316,NA,15.18180000000000,16.65380000000000,0.12710000000000,1.50300000000000,33.0240,9059.6970,15.1617,15.0346,0.1271,15.2028,1.3348,1.3275,0.0073,0.8823,9059.6970,NA
ExperienceX.exe,49456,0x1E283BFA830,DXGI,1,0,0,Composed: Flip,9092.5459,NA,17.81430000000000,16.68980000000000,0.12380000000000,1.30470000000000,31.8995,9074.8587,17.8110,17.6872,0.1238,17.2139,1.7780,1.7729,0.0051,-1.5281,9074.8587,NA
ExperienceX.exe,49456,0x1E283BFA830,DXGI,1,0,0,Composed: Flip,9108.0240,NA,15.47810000000000,16.66640000000000,0.14370000000000,1.62490000000000,33.0878,9092.6697,15.4980,15.3543,0.1437,1.1809,15.7983,5.0214,10.7769,1.1446,9092.6697,NA
ExperienceX.exe,49456,0x1E283BFA830,DXGI,1,0,0,Composed: Flip,9126.1762,NA,18.15220000000000,16.66900000000000,0.20290000000000,0.99190000000000,31.6046,9108.1677,18.2114,18.0085,0.2029,17.1513,1.8491,1.8296,0.0195,-1.1710,9108.1677,NA
ExperienceX.exe,49456,0x1E283BFA830,DXGI,1,0,0,Composed: Flip,9141.3685,NA,15.19230000000000,16.64800000000000,0.12600000000000,1.32010000000000,33.0603,9126.3791,15.1154,14.9894,0.1260,0.7890,15.5205,2.2626,13.2579,1.5634,9126.3791,NA
ExperienceX.exe,49456,0x1E283BFA830,DXGI,1,0,0,Composed: Flip,9159.5047,NA,18.13620000000000,16.77650000000000,0.16660000000000,2.30170000000000,31.7006,9141.4945,18.1768,18.0102,0.1666,17.5044,2.8075,2.5455,0.2620,-1.6611,9141.4945,NA
ExperienceX.exe,49456,0x1E283BFA830,DXGI,1,0,0,Composed: Flip,9174.6159,NA,15.11120000000000,16.59200000000000,0.07650000000000,1.37320000000000,33.1814,9159.6713,15.0211,14.9446,0.0765,2.1351,14.1827,3.6196,10.5631,1.5848,9159.6713,NA
ExperienceX.exe,49456,0x1E283BFA830,DXGI,1,0,0,Composed: Flip,9192.2434,NA,17.62750000000000,16.71450000000000,0.10330000000000,2.27750000000000,32.2684,9174.6924,17.6543,17.5510,0.1033,17.3700,2.4585,2.4546,0.0039,-1.6934,9174.6924,NA
ExperienceX.exe,49456,0x1E283BFA830,DXGI,1,0,0,Composed: Flip,9208.1961,NA,15.95270000000000,16.57810000000000,0.30910000000000,1.37810000000000,32.8938,9192.3467,16.1585,15.8494,0.3091,2.1742,15.0533,3.4107,11.6426,1.0762,9192.3467,NA
ExperienceX.exe,49456,0x1E283BFA830,DXGI,1,0,0,Composed: Flip,9225.9817,NA,17.78560000000000,16.77890000000000,0.11050000000000,1.87010000000000,31.8871,9208.5052,17.5870,17.4765,0.1105,16.8370,2.5096,2.5022,0.0074,-0.6204,9208.5052,NA
ExperienceX.exe,49456,0x1E283BFA830,DXGI,1,0,0,Composed: Flip,9241.3791,NA,15.39740000000000,17.04100000000000,0.15340000000000,1.44540000000000,33.5307,9226.0922,15.4403,15.2869,0.1534,1.7596,14.9727,4.6105,10.3622,0.5460,9226.0922,NA
ExperienceX.exe,49456,0x1E283BFA830,DXGI,1,0,0,Composed: Flip,9260.5927,NA,19.21360000000000,16.71110000000000,0.22270000000000,1.60530000000000,31.0282,9241.5325,19.2829,19.0602,0.2227,18.0034,2.6621,2.6435,0.0186,-1.2708,9241.5325,NA
ExperienceX.exe,49456,0x1E283BFA830,DXGI,1,0,0,Composed: Flip,9275.5316,NA,14.93890000000000,16.21200000000000,0.27720000000000,1.34100000000000,32.3013,9260.8154,14.9934,14.7162,0.2772,1.3826,14.6746,1.7660,12.9086,3.0709,9260.8154,NA
ExperienceX.exe,49456,0x1E283BFA830,DXGI,1,0,0,Composed: Flip,9293.6850,NA,18.15340000000000,16.59630000000000,0.18050000000000,8.04640000000000,30.7442,9275.8088,18.0567,17.8762,0.1805,16.9892,8.9334,5.3220,3.6114,-1.6029,9275.8088,NA
ExperienceX.exe,49456,0x1E283BFA830,DXGI,1,0,0,Composed: Flip,9308.1426,NA,14.45760000000000,16.68710000000000,0.17830000000000,8.31610000000000,32.9737,9293.8655,14.4554,14.2771,0.1783,7.8659,14.7273,1.8968,12.8305,1.3696,9293.8655,NA
ExperienceX.exe,49456,0x1E283BFA830,DXGI,1,0,0,Composed: Flip,9325.2855,NA,17.14290000000000,16.75700000000000,0.29510000000000,1.57830000000000,32.5878,9308.3209,17.2597,16.9646,0.2951,16.7183,1.8246,1.8054,0.0192,-2.3016,9308.3209,NA
ExperienceX.exe,49456,0x1E283BFA830,DXGI,1,0,0,Composed: Flip,9341.4366,NA,16.15110000000000,16.55930000000000,0.20770000000000,2.59960000000000,32.9960,9325.5806,16.0637,15.8560,0.2077,1.2832,17.1724,4.3895,12.7829,0.7004,9325.5806,NA
ExperienceX.exe,49456,0x1E283BFA830,DXGI,1,0,0,Composed: Flip,9359.6255,NA,18.18890000000000,16.65890000000000,0.52350000000000,1.33210000000000,31.4660,9341.6443,18.5047,17.9812,0.5235,17.3547,1.9586,1.7108,0.2478,-0.5952,9341.6443,NA
ExperienceX.exe,49456,0x1E283BFA830,DXGI,1,0,0,Composed: Flip,9374.7189,NA,15.09340000000000,16.67660000000000,0.14230000000000,1.87600000000000,33.0492,9360.1490,14.7122,14.5699,0.1423,0.8086,15.6373,5.0426,10.5947,1.8281,9360.1490,NA
ExperienceX.exe,49456,0x1E283BFA830,DXGI,1,0,0,Composed: Flip,9392.1261,NA,17.40720000000000,16.65630000000000,0.56660000000000,2.21660000000000,32.2983,9374.8612,17.8315,17.2649,0.5666,17.0081,2.4734,1.5592,0.9142,-1.9441,9374.8612,NA
ExperienceX.exe,49456,0x1E283BFA830,DXGI,1,0,0,Composed: Flip,9408.0223,NA,15.89620000000000,16.69790000000000,0.12840000000000,4.84590000000000,33.1000,9392.6927,15.4580,15.3296,0.1284,1.6500,18.5255,7.1533,11.3722,1.1336,9392.6927,NA
ExperienceX.exe,49456,0x1E283BFA830,DXGI,1,0,0,Composed: Flip,9425.4861,NA,17.46380000000000,16.67870000000000,0.82150000000000,2.83430000000000,32.3149,9408.1507,18.1569,17.3354,0.8215,17.0162,3.1535,1.6794,1.4741,-1.2207,9408.1507,NA
ExperienceX.exe,49456,0x1E283BFA830,DXGI,1,0,0,Composed: Flip,9441.5826,NA,16.09650000000000,16.66920000000000,0.25350000000000,2.15450000000000,32.8876,9426.3076,15.5285,15.2750,0.2535,2.0128,15.4167,4.8791,10.5376,1.4877,9426.3076,NA
ExperienceX.exe,49456,0x1E283BFA830,DXGI,1,0,0,Composed: Flip,9460.5455,NA,18.96290000000000,16.62060000000000,0.23910000000000,1.34360000000000,30.5453,9441.8361,18.9485,18.7094,0.2391,17.1798,2.8732,2.2326,0.6406,-1.0921,9441.8361,NA
ExperienceX.exe,49456,0x1E283BFA830,DXGI,1,0,0,Composed: Flip,9474.6746,NA,14.12910000000000,16.73620000000000,0.09370000000000,1.45620000000000,33.1524,9460.7846,13.9837,13.8900,0.0937,1.1045,14.2417,2.3343,11.9074,2.2123,9460.7846,NA
ExperienceX.exe,49456,0x1E283BFA830,DXGI,1,0,0,Composed: Flip,9492.4886,NA,17.81400000000000,16.59220000000000,0.22260000000000,5.69610000000000,31.9306,9474.7683,17.9429,17.7203,0.2226,17.0317,6.3847,5.0435,1.3412,-2.6085,9474.7683,NA
ExperienceX.exe,49456,0x1E283BFA830,DXGI,1,0,0,Composed: Flip,9508.1504,NA,15.66180000000000,16.69700000000000,0.16160000000000,2.19160000000000,32.9658,9492.7112,15.6008,15.4392,0.1616,15.6553,1.9755,1.9692,0.0063,1.2459,9492.7112,NA
ExperienceX.exe,49456,0x1E283BFA830,DXGI,1,0,0,Composed: Flip,9525.9860,NA,17.83560000000000,16.62650000000000,0.13800000000000,1.62890000000000,31.7567,9508.3120,17.8120,17.6740,0.1380,17.2084,2.0945,2.0945,0.0000,-1.0257,9508.3120,NA
ExperienceX.exe,49456,0x1E283BFA830,DXGI,1,0,0,Composed: Flip,9541.3261,NA,15.34010000000000,16.68020000000000,0.10700000000000,1.29470000000000,33.0968,9526.1240,15.3091,15.2021,0.1070,1.4909,15.0059,3.2916,11.7143,1.1318,9526.1240,NA
ExperienceX.exe,49456,0x1E283BFA830,DXGI,1,0,0,Composed: Flip,9559.1258,NA,17.79970000000000,16.68640000000000,0.16580000000000,1.52680000000000,31.9835,9541.4331,17.8585,17.6927,0.1658,17.0369,2.1826,2.1826,0.0000,-1.3773,9541.4331,NA
ExperienceX.exe,49456,0x1E283BFA830,DXGI,1,0,0,Composed: Flip,9574.5926,NA,15.46680000000000,16.65260000000000,0.08390000000000,1.32400000000000,33.1693,9559.2916,15.3849,15.3010,0.0839,1.3610,15.2640,2.3260,12.9380,1.2059,9559.2916,NA
ExperienceX.exe,49456,0x1E283BFA830,DXGI,1,0,0,Composed: Flip,9592.8541,NA,18.26150000000000,16.69650000000000,0.11470000000000,1.02390000000000,31.6043,9574.6765,18.2923,18.1776,0.1147,17.3589,1.8426,1.8260,0.0166,-1.3116,9574.6765,NA
ExperienceX.exe,49456,0x1E283BFA830,DXGI,1,0,0,Composed: Flip,9607.9585,NA,15.10440000000000,16.64220000000000,0.10860000000000,1.48940000000000,33.1421,9592.9688,15.0983,14.9897,0.1086,0.9092,15.5699,4.1026,11.4673,1.6501,9592.9688,NA
ExperienceX.exe,49456,0x1E283BFA830,DXGI,1,0,0,Composed: Flip,9626.1432,NA,18.18470000000000,16.99630000000000,0.15430000000000,1.22670000000000,31.9537,9608.0671,18.2304,18.0761,0.1543,17.4332,1.8696,1.8560,0.0136,-1.8980,9608.0671,NA
ExperienceX.exe,49456,0x1E283BFA830,DXGI,1,0,0,Composed: Flip,9641.3594,NA,15.21620000000000,16.34830000000000,0.18460000000000,1.42360000000000,33.0858,9626.2975,15.2465,15.0619,0.1846,1.0724,15.4131,2.4307,12.9824,1.8821,9626.2975,NA
ExperienceX.exe,49456,0x1E283BFA830,DXGI,1,0,0,Composed: Flip,9661.4561,NA,20.09670000000000,16.76230000000000,0.28670000000000,7.47780000000000,29.7514,9641.5440,20.1988,19.9121,0.2867,18.4933,8.8966,8.8903,0.0063,-1.5158,9641.5440,NA
ExperienceX.exe,49456,0x1E283BFA830,DXGI,1,0,0,Composed: Flip,9674.7482,NA,13.29210000000000,16.55610000000000,0.36180000000000,1.18080000000000,33.0154,9661.7428,13.3672,13.0054,0.3618,13.3338,0.8524,0.8455,0.0069,3.6427,9661.7428,NA
ExperienceX.exe,49456,0x1E283BFA830,DXGI,1,0,0,Composed: Flip,9692.8025,NA,18.05430000000000,16.65810000000000,0.09900000000000,4.78190000000000,31.6192,9675.1100,17.7915,17.6925,0.0990,17.1271,5.3473,5.3416,0.0057,-3.2909,9675.1100,NA
ExperienceX.exe,49456,0x1E283BFA830,DXGI,1,0,0,Composed: Flip,9708.0475,NA,15.24500000000000,16.66110000000000,0.15130000000000,1.70180000000000,33.0353,9692.9015,15.2973,15.1460,0.1513,15.3307,1.5171,1.0902,0.4269,1.1304,9692.9015,NA
ExperienceX.exe,49456,0x1E283BFA830,DXGI,1,0,0,Composed: Flip,9725.5410,NA,17.49350000000000,16.67430000000000,0.10730000000000,5.50280000000000,32.2161,9708.1988,17.4495,17.3422,0.1073,16.8798,5.9652,5.9592,0.0060,-1.3770,9708.1988,NA
ExperienceX.exe,49456,0x1E283BFA830,DXGI,1,0,0,Composed: Flip,9741.2807,NA,15.73970000000000,16.69480000000000,0.12650000000000,1.45140000000000,33.1712,9725.6483,15.7589,15.6324,0.1265,15.7785,1.3053,1.2981,0.0072,0.7547,9725.6483,NA
ExperienceX.exe,49456,0x1E283BFA830,DXGI,1,0,0,Composed: Flip,9758.9306,NA,17.64990000000000,18.09520000000000,0.66430000000000,1.53070000000000,33.6165,9741.4072,18.1877,17.5234,0.6643,17.1886,1.8655,1.7090,0.1565,-2.3363,9741.4072,NA
ExperienceX.exe,49456,0x1E283BFA830,DXGI,1,0,0,Composed: Flip,9774.7052,NA,15.77460000000000,15.20670000000000,0.10320000000000,1.35910000000000,33.0486,9759.5949,15.2135,15.1103,0.1032,0.8664,15.6030,4.4612,11.1418,2.9810,9759.5949,NA
ExperienceX.exe,49456,0x1E283BFA830,DXGI,1,0,0,Composed: Flip,9794.3567,NA,19.65150000000000,16.72030000000000,0.14370000000000,2.01260000000000,30.1174,9774.8084,19.6920,19.5483,0.1437,18.8690,2.6919,2.6820,0.0099,-1.5068,9774.8084,NA
ExperienceX.exe,49456,0x1E283BFA830,DXGI,1,0,0,Composed: Flip,9807.9741,NA,13.61740000000000,16.63910000000000,0.09280000000000,1.43560000000000,33.1391,9794.5004,13.5665,13.4737,0.0928,1.8689,13.0404,4.2840,8.7564,3.0529,9794.5004,NA
ExperienceX.exe,49456,0x1E283BFA830,DXGI,1,0,0,Composed: Flip,9826.1995,NA,18.22540000000000,16.68320000000000,0.26470000000000,1.16510000000000,31.5969,9808.0669,18.3973,18.1326,0.2647,17.2324,2.0653,2.0451,0.0202,-3.1167,9808.0669,NA
ExperienceX.exe,49456,0x1E283BFA830,DXGI,1,0,0,Composed: Flip,9841.4155,NA,15.21600000000000,16.63680000000000,0.16940000000000,1.60760000000000,33.0177,9826.4642,15.1207,14.9513,0.1694,0.9004,15.6585,2.8708,12.7877,1.7605,9826.4642,NA
ExperienceX.exe,49456,0x1E283BFA830,DXGI,1,0,0,Composed: Flip,9859.9972,NA,18.58170000000000,16.75830000000000,0.22370000000000,1.07040000000000,31.1943,9841.5849,18.6360,18.4123,0.2237,17.5601,1.9226,1.8963,0.0263,-1.6376,9841.5849,NA
ExperienceX.exe,49456,0x1E283BFA830,DXGI,1,0,0,Composed: Flip,9874.7145,NA,14.71730000000000,16.57720000000000,0.18170000000000,1.49970000000000,33.0542,9860.2209,14.6753,14.4936,0.1817,0.8467,15.1466,2.3802,12.7664,2.0588,9860.2209,NA
ExperienceX.exe,49456,0x1E283BFA830,DXGI,1,0,0,Composed: Flip,9893.4980,NA,18.78350000000000,16.82980000000000,0.90590000000000,1.78330000000000,31.1005,9874.8962,19.5077,18.6018,0.9059,17.7904,2.5947,2.4573,0.1374,-2.1545,9874.8962,NA
ExperienceX.exe,49456,0x1E283BFA830,DXGI,1,0,0,Composed: Flip,9908.0569,NA,14.55890000000000,16.50240000000000,0.08050000000000,1.52340000000000,33.0440,9894.4039,13.7335,13.6530,0.0805,0.8774,14.2990,3.9569,10.3421,3.0053,9894.4039,NA
ExperienceX.exe,49456,0x1E283BFA830,DXGI,1,0,0,Composed: Flip,9925.9302,NA,17.87330000000000,16.66120000000000,0.38150000000000,5.23930000000000,31.8319,9908.1374,18.1743,17.7928,0.3815,17.4088,5.6233,5.5972,0.0261,-2.9277,9908.1374,NA
ExperienceX.exe,49456,0x1E283BFA830,DXGI,1,0,0,Composed: Flip,9941.4252,NA,15.49500000000000,16.64870000000000,0.13830000000000,1.19220000000000,32.9856,9926.3117,15.2518,15.1135,0.1383,15.2590,1.0467,1.0385,0.0082,1.5256,9926.3117,NA
